0 0.013216 1.5708 0
7.68732e-14 0.013216 1.5708 0.001
1.53746e-13 0.013216 1.5708 0.002
2.3062e-13 0.013216 1.5708 0.003
3.07493e-13 0.013216 1.5708 0.004
3.84366e-13 0.013216 1.5708 0.005
4.61239e-13 0.013216 1.5708 0.006
5.38112e-13 0.013216 1.5708 0.007
6.14985e-13 0.013216 1.5708 0.008
6.91859e-13 0.013216 1.5708 0.009
7.68732e-13 0.013216 1.5708 0.01
8.45605e-13 0.013216 1.5708 0.011
9.22478e-13 0.013216 1.5708 0.012
9.99351e-13 0.013216 1.5708 0.013
1.07622e-12 0.013216 1.5708 0.014
1.1531e-12 0.013216 1.5708 0.015
1.22997e-12 0.013216 1.5708 0.016
1.30684e-12 0.013216 1.5708 0.017
1.38372e-12 0.013216 1.5708 0.018
1.46059e-12 0.013216 1.5708 0.019
1.53746e-12 0.013216 1.5708 0.02
1.61434e-12 0.013216 1.5708 0.021
1.69121e-12 0.013216 1.5708 0.022
1.76808e-12 0.013216 1.5708 0.023
1.84496e-12 0.013216 1.5708 0.024
1.92183e-12 0.013216 1.5708 0.025
1.99871e-12 0.013216 1.5708 0.026
2.07558e-12 0.013216 1.5708 0.027
2.15245e-12 0.013216 1.5708 0.028
2.22933e-12 0.013216 1.5708 0.029
2.3062e-12 0.013216 1.5708 0.0300001
2.38307e-12 0.013216 1.5708 0.0310001
2.45995e-12 0.013216 1.5708 0.0320001
2.53682e-12 0.013216 1.5708 0.0330001
2.61369e-12 0.013216 1.5708 0.0340001
2.69057e-12 0.013216 1.5708 0.0350001
2.76744e-12 0.013216 1.5708 0.0360001
2.84432e-12 0.013216 1.5708 0.0370001
2.92119e-12 0.0132159 1.5708 0.0380001
2.99806e-12 0.0132159 1.5708 0.0390001
3.07494e-12 0.0132159 1.5708 0.0400001
3.15181e-12 0.0132159 1.5708 0.0410001
3.22869e-12 0.0132159 1.5708 0.0420002
3.30556e-12 0.0132159 1.5708 0.0430002
3.38243e-12 0.0132159 1.5708 0.0440002
3.45931e-12 0.0132159 1.5708 0.0450002
3.53618e-12 0.0132159 1.5708 0.0460002
3.61306e-12 0.0132159 1.5708 0.0470002
3.68993e-12 0.0132159 1.5708 0.0480002
3.7668e-12 0.0132159 1.5708 0.0490002
3.84368e-12 0.0132159 1.5708 0.0500003
3.92055e-12 0.0132159 1.5708 0.0510003
3.99743e-12 0.0132159 1.5708 0.0520003
4.0743e-12 0.0132159 1.5708 0.0530003
4.15118e-12 0.0132159 1.5708 0.0540003
4.22805e-12 0.0132159 1.5708 0.0550004
4.30493e-12 0.0132159 1.5708 0.0560004
4.3818e-12 0.0132159 1.5708 0.0570004
4.45868e-12 0.0132159 1.5708 0.0580004
4.53555e-12 0.0132159 1.5708 0.0590004
4.61243e-12 0.0132159 1.5708 0.0600005
4.6893e-12 0.0132158 1.5708 0.0610005
4.76618e-12 0.0132158 1.5708 0.0620005
4.84305e-12 0.0132158 1.5708 0.0630005
4.91993e-12 0.0132158 1.5708 0.0640006
4.9968e-12 0.0132158 1.5708 0.0650006
5.07368e-12 0.0132158 1.5708 0.0660006
5.15055e-12 0.0132158 1.5708 0.0670006
5.22743e-12 0.0132158 1.5708 0.0680007
5.3043e-12 0.0132158 1.5708 0.0690007
5.38118e-12 0.0132158 1.5708 0.0700007
5.45806e-12 0.0132158 1.5708 0.0710008
5.53493e-12 0.0132158 1.5708 0.0720008
5.61181e-12 0.0132158 1.5708 0.0730008
5.68868e-12 0.0132158 1.5708 0.0740009
5.76556e-12 0.0132158 1.5708 0.0750009
5.84243e-12 0.0132158 1.5708 0.0760009
5.91931e-12 0.0132158 1.5708 0.077001
5.99619e-12 0.0132157 1.5708 0.078001
6.07306e-12 0.0132157 1.5708 0.0790011
6.14994e-12 0.0132157 1.5708 0.0800011
6.22682e-12 0.0132157 1.5708 0.0810011
6.30369e-12 0.0132157 1.5708 0.0820012
6.38057e-12 0.0132157 1.5708 0.0830012
6.45745e-12 0.0132157 1.5708 0.0840013
6.53432e-12 0.0132157 1.5708 0.0850013
6.6112e-12 0.0132157 1.5708 0.0860014
6.68808e-12 0.0132157 1.5708 0.0870014
6.76495e-12 0.0132157 1.5708 0.0880015
6.84183e-12 0.0132157 1.5708 0.0890015
6.91871e-12 0.0132157 1.5708 0.0900016
6.99559e-12 0.0132156 1.5708 0.0910016
7.07246e-12 0.0132156 1.5708 0.0920017
7.14934e-12 0.0132156 1.5708 0.0930017
7.22622e-12 0.0132156 1.5708 0.0940018
7.3031e-12 0.0132156 1.5708 0.0950019
7.37997e-12 0.0132156 1.5708 0.0960019
7.45685e-12 0.0132156 1.5708 0.097002
7.53373e-12 0.0132156 1.5708 0.098002
7.61061e-12 0.0132156 1.5708 0.0990021
7.68749e-12 0.0132156 1.5708 0.100002
7.76437e-12 0.0132156 1.5708 0.101002
7.84124e-12 0.0132156 1.5708 0.102002
7.91812e-12 0.0132155 1.5708 0.103002
7.995e-12 0.0132155 1.5708 0.104002
8.07188e-12 0.0132155 1.5708 0.105003
8.14876e-12 0.0132155 1.5708 0.106003
8.22564e-12 0.0132155 1.5708 0.107003
8.30252e-12 0.0132155 1.5708 0.108003
8.3794e-12 0.0132155 1.5708 0.109003
8.45628e-12 0.0132155 1.5708 0.110003
8.53316e-12 0.0132155 1.5708 0.111003
8.61003e-12 0.0132155 1.5708 0.112003
8.68691e-12 0.0132154 1.5708 0.113003
8.76379e-12 0.0132154 1.5708 0.114003
8.84067e-12 0.0132154 1.5708 0.115003
8.91755e-12 0.0132154 1.5708 0.116003
8.99443e-12 0.0132154 1.5708 0.117003
9.07131e-12 0.0132154 1.5708 0.118004
9.1482e-12 0.0132154 1.5708 0.119004
9.22508e-12 0.0132154 1.5708 0.120004
9.30196e-12 0.0132154 1.5708 0.121004
9.37884e-12 0.0132154 1.5708 0.122004
9.45572e-12 0.0132153 1.5708 0.123004
9.5326e-12 0.0132153 1.5708 0.124004
9.60948e-12 0.0132153 1.5708 0.125004
9.68636e-12 0.0132153 1.5708 0.126004
9.76324e-12 0.0132153 1.5708 0.127004
9.84013e-12 0.0132153 1.5708 0.128005
9.91701e-12 0.0132153 1.5708 0.129005
9.99389e-12 0.0132153 1.5708 0.130005
1.00708e-11 0.0132153 1.5708 0.131005
1.01477e-11 0.0132152 1.5708 0.132005
1.02245e-11 0.0132152 1.5708 0.133005
1.03014e-11 0.0132152 1.5708 0.134005
1.03783e-11 0.0132152 1.5708 0.135005
1.04552e-11 0.0132152 1.5708 0.136006
1.05321e-11 0.0132152 1.5708 0.137006
1.06089e-11 0.0132152 1.5708 0.138006
1.06858e-11 0.0132152 1.5708 0.139006
1.07627e-11 0.0132151 1.5708 0.140006
1.08396e-11 0.0132151 1.5708 0.141006
1.09165e-11 0.0132151 1.5708 0.142006
1.09934e-11 0.0132151 1.5708 0.143006
1.10702e-11 0.0132151 1.5708 0.144007
1.11471e-11 0.0132151 1.5708 0.145007
1.1224e-11 0.0132151 1.5708 0.146007
1.13009e-11 0.0132151 1.5708 0.147007
1.13778e-11 0.013215 1.5708 0.148007
1.14547e-11 0.013215 1.5708 0.149007
1.15316e-11 0.013215 1.5708 0.150007
1.16084e-11 0.013215 1.5708 0.151008
1.16853e-11 0.013215 1.5708 0.152008
1.17622e-11 0.013215 1.5708 0.153008
1.18391e-11 0.013215 1.5708 0.154008
1.1916e-11 0.0132149 1.5708 0.155008
1.19929e-11 0.0132149 1.5708 0.156008
1.20698e-11 0.0132149 1.5708 0.157009
1.21466e-11 0.0132149 1.5708 0.158009
1.22235e-11 0.0132149 1.5708 0.159009
1.23004e-11 0.0132149 1.5708 0.160009
1.23773e-11 0.0132149 1.5708 0.161009
1.24542e-11 0.0132149 1.5708 0.162009
1.25311e-11 0.0132148 1.5708 0.16301
1.2608e-11 0.0132148 1.5708 0.16401
1.26848e-11 0.0132148 1.5708 0.16501
1.27617e-11 0.0132148 1.5708 0.16601
1.28386e-11 0.0132148 1.5708 0.16701
1.29155e-11 0.0132148 1.5708 0.16801
1.29924e-11 0.0132147 1.5708 0.169011
1.30693e-11 0.0132147 1.5708 0.170011
1.31462e-11 0.0132147 1.5708 0.171011
1.32231e-11 0.0132147 1.5708 0.172011
1.33e-11 0.0132147 1.5708 0.173011
1.33768e-11 0.0132147 1.5708 0.174012
1.34537e-11 0.0132147 1.5708 0.175012
1.35306e-11 0.0132146 1.5708 0.176012
1.36075e-11 0.0132146 1.5708 0.177012
1.36844e-11 0.0132146 1.5708 0.178012
1.37613e-11 0.0132146 1.5708 0.179013
1.38382e-11 0.0132146 1.5708 0.180013
1.39151e-11 0.0132146 1.5708 0.181013
1.3992e-11 0.0132145 1.5708 0.182013
1.40688e-11 0.0132145 1.5708 0.183014
1.41457e-11 0.0132145 1.5708 0.184014
1.42226e-11 0.0132145 1.5708 0.185014
1.42995e-11 0.0132145 1.5708 0.186014
1.43764e-11 0.0132145 1.5708 0.187014
1.44533e-11 0.0132144 1.5708 0.188015
1.45302e-11 0.0132144 1.5708 0.189015
1.46071e-11 0.0132144 1.5708 0.190015
1.4684e-11 0.0132144 1.5708 0.191015
1.47609e-11 0.0132144 1.5708 0.192016
1.48378e-11 0.0132144 1.5708 0.193016
1.49147e-11 0.0132143 1.5708 0.194016
1.49916e-11 0.0132143 1.5708 0.195016
1.50684e-11 0.0132143 1.5708 0.196017
1.51453e-11 0.0132143 1.5708 0.197017
1.52222e-11 0.0132143 1.5708 0.198017
1.52991e-11 0.0132143 1.5708 0.199017
1.5376e-11 0.0132142 1.5708 0.200018
1.54529e-11 0.0132142 1.5708 0.201018
1.55298e-11 0.0132142 1.5708 0.202018
1.56067e-11 0.0132142 1.5708 0.203018
1.56836e-11 0.0132142 1.5708 0.204019
1.57605e-11 0.0132141 1.5708 0.205019
1.58374e-11 0.0132141 1.5708 0.206019
1.59143e-11 0.0132141 1.5708 0.20702
1.59912e-11 0.0132141 1.5708 0.20802
1.60681e-11 0.0132141 1.5708 0.20902
1.6145e-11 0.0132141 1.5708 0.21002
1.62219e-11 0.013214 1.5708 0.211021
1.62988e-11 0.013214 1.5708 0.212021
1.63757e-11 0.013214 1.5708 0.213021
1.64526e-11 0.013214 1.5708 0.214022
1.65295e-11 0.013214 1.5708 0.215022
1.66064e-11 0.0132139 1.5708 0.216022
1.66833e-11 0.0132139 1.5708 0.217023
1.67601e-11 0.0132139 1.5708 0.218023
1.6837e-11 0.0132139 1.5708 0.219023
1.69139e-11 0.0132139 1.5708 0.220024
1.69908e-11 0.0132138 1.5708 0.221024
1.70677e-11 0.0132138 1.5708 0.222024
1.71446e-11 0.0132138 1.5708 0.223025
1.72215e-11 0.0132138 1.5708 0.224025
1.72984e-11 0.0132138 1.5708 0.225025
1.73753e-11 0.0132137 1.5708 0.226026
1.74522e-11 0.0132137 1.5708 0.227026
1.75291e-11 0.0132137 1.5708 0.228026
1.7606e-11 0.0132137 1.5708 0.229027
1.76829e-11 0.0132137 1.5708 0.230027
1.77598e-11 0.0132136 1.5708 0.231027
1.78367e-11 0.0132136 1.5708 0.232028
1.79136e-11 0.0132136 1.5708 0.233028
1.79905e-11 0.0132136 1.5708 0.234028
1.80674e-11 0.0132136 1.5708 0.235029
1.81444e-11 0.0132135 1.5708 0.236029
1.82213e-11 0.0132135 1.5708 0.237029
1.82982e-11 0.0132135 1.5708 0.23803
1.83751e-11 0.0132135 1.5708 0.23903
1.8452e-11 0.0132135 1.5708 0.240031
1.85289e-11 0.0132134 1.5708 0.241031
1.86058e-11 0.0132134 1.5708 0.242031
1.86827e-11 0.0132134 1.5708 0.243032
1.87596e-11 0.0132134 1.5708 0.244032
1.88365e-11 0.0132133 1.5708 0.245033
1.89134e-11 0.0132133 1.5708 0.246033
1.89903e-11 0.0132133 1.5708 0.247033
1.90672e-11 0.0132133 1.5708 0.248034
1.91441e-11 0.0132133 1.5708 0.249034
1.9221e-11 0.0132132 1.5708 0.250035
1.92979e-11 0.0132132 1.5708 0.251035
1.93748e-11 0.0132132 1.5708 0.252035
1.94517e-11 0.0132132 1.5708 0.253036
1.95286e-11 0.0132131 1.5708 0.254036
1.96055e-11 0.0132131 1.5708 0.255037
1.96825e-11 0.0132131 1.5708 0.256037
1.97594e-11 0.0132131 1.5708 0.257038
1.98363e-11 0.0132131 1.5708 0.258038
1.99132e-11 0.013213 1.5708 0.259039
1.99901e-11 0.013213 1.5708 0.260039
2.0067e-11 0.013213 1.5708 0.261039
2.01439e-11 0.013213 1.5708 0.26204
2.02208e-11 0.0132129 1.5708 0.26304
2.02977e-11 0.0132129 1.5708 0.264041
2.03746e-11 0.0132129 1.5708 0.265041
2.04515e-11 0.0132129 1.5708 0.266042
2.05285e-11 0.0132128 1.5708 0.267042
2.06054e-11 0.0132128 1.5708 0.268043
2.06823e-11 0.0132128 1.5708 0.269043
2.07592e-11 0.0132128 1.5708 0.270044
2.08361e-11 0.0132127 1.5708 0.271044
2.0913e-11 0.0132127 1.5708 0.272045
2.09899e-11 0.0132127 1.5708 0.273045
2.10668e-11 0.0132127 1.5708 0.274046
2.11437e-11 0.0132126 1.5708 0.275046
2.12207e-11 0.0132126 1.5708 0.276047
2.12976e-11 0.0132126 1.5708 0.277047
2.13745e-11 0.0132126 1.5708 0.278048
2.14514e-11 0.0132125 1.5708 0.279048
2.15283e-11 0.0132125 1.5708 0.280049
2.16052e-11 0.0132125 1.5708 0.281049
2.16821e-11 0.0132125 1.5708 0.28205
2.17591e-11 0.0132124 1.5708 0.28305
2.1836e-11 0.0132124 1.5708 0.284051
2.19129e-11 0.0132124 1.5708 0.285051
2.19898e-11 0.0132124 1.5708 0.286052
2.20667e-11 0.0132123 1.5708 0.287053
2.21436e-11 0.0132123 1.5708 0.288053
2.22206e-11 0.0132123 1.5708 0.289054
2.22975e-11 0.0132123 1.5708 0.290054
2.23744e-11 0.0132122 1.5708 0.291055
2.24513e-11 0.0132122 1.5708 0.292055
2.25282e-11 0.0132122 1.5708 0.293056
2.26051e-11 0.0132122 1.5708 0.294057
2.26821e-11 0.0132121 1.5708 0.295057
2.2759e-11 0.0132121 1.5708 0.296058
2.28359e-11 0.0132121 1.5708 0.297058
2.29128e-11 0.0132121 1.5708 0.298059
2.29897e-11 0.013212 1.5708 0.299059
2.30667e-11 0.013212 1.5708 0.30006
2.31436e-11 0.013212 1.5708 0.301061
2.32205e-11 0.0132119 1.5708 0.302061
2.32974e-11 0.0132119 1.5708 0.303062
2.33743e-11 0.0132119 1.5708 0.304063
2.34513e-11 0.0132119 1.5708 0.305063
2.35282e-11 0.0132118 1.5708 0.306064
2.36051e-11 0.0132118 1.5708 0.307064
2.3682e-11 0.0132118 1.5708 0.308065
2.3759e-11 0.0132118 1.5708 0.309066
2.38359e-11 0.0132117 1.5708 0.310066
2.39128e-11 0.0132117 1.5708 0.311067
2.39897e-11 0.0132117 1.5708 0.312068
2.40667e-11 0.0132116 1.5708 0.313068
2.41436e-11 0.0132116 1.5708 0.314069
2.42205e-11 0.0132116 1.5708 0.31507
2.42974e-11 0.0132116 1.5708 0.31607
2.43744e-11 0.0132115 1.5708 0.317071
2.44513e-11 0.0132115 1.5708 0.318072
2.45282e-11 0.0132115 1.5708 0.319072
2.46051e-11 0.0132114 1.5708 0.320073
2.46821e-11 0.0132114 1.5708 0.321074
2.4759e-11 0.0132114 1.5708 0.322074
2.48359e-11 0.0132114 1.5708 0.323075
2.49129e-11 0.0132113 1.5708 0.324076
2.49898e-11 0.0132113 1.5708 0.325077
2.50667e-11 0.0132113 1.5708 0.326077
2.51436e-11 0.0132112 1.5708 0.327078
2.52206e-11 0.0132112 1.5708 0.328079
2.52975e-11 0.0132112 1.5708 0.329079
2.53744e-11 0.0132112 1.5708 0.33008
2.54514e-11 0.0132111 1.5708 0.331081
2.55283e-11 0.0132111 1.5708 0.332082
2.56052e-11 0.0132111 1.5708 0.333082
2.56822e-11 0.013211 1.5708 0.334083
2.57591e-11 0.013211 1.5708 0.335084
2.5836e-11 0.013211 1.5708 0.336085
2.5913e-11 0.0132109 1.5708 0.337085
2.59899e-11 0.0132109 1.5708 0.338086
2.60668e-11 0.0132109 1.5708 0.339087
2.61438e-11 0.0132108 1.5708 0.340088
2.62207e-11 0.0132108 1.5708 0.341088
2.62976e-11 0.0132108 1.5708 0.342089
2.63746e-11 0.0132108 1.5708 0.34309
2.64515e-11 0.0132107 1.5708 0.344091
2.65284e-11 0.0132107 1.5708 0.345092
2.66054e-11 0.0132107 1.5708 0.346092
2.66823e-11 0.0132106 1.5708 0.347093
2.67592e-11 0.0132106 1.5708 0.348094
2.68362e-11 0.0132106 1.5708 0.349095
2.69131e-11 0.0132105 1.5708 0.350096
2.69901e-11 0.0132105 1.5708 0.351097
2.7067e-11 0.0132105 1.5708 0.352097
2.71439e-11 0.0132104 1.5708 0.353098
2.72209e-11 0.0132104 1.5708 0.354099
2.72978e-11 0.0132104 1.5708 0.3551
2.73748e-11 0.0132103 1.5708 0.356101
2.74517e-11 0.0132103 1.5708 0.357102
2.75286e-11 0.0132103 1.5708 0.358102
2.76056e-11 0.0132102 1.5708 0.359103
2.76825e-11 0.0132102 1.5708 0.360104
2.77595e-11 0.0132102 1.5708 0.361105
2.78364e-11 0.0132102 1.5708 0.362106
2.79133e-11 0.0132101 1.5708 0.363107
2.79903e-11 0.0132101 1.5708 0.364108
2.80672e-11 0.0132101 1.5708 0.365109
2.81442e-11 0.01321 1.5708 0.36611
2.82211e-11 0.01321 1.5708 0.36711
2.82981e-11 0.01321 1.5708 0.368111
2.8375e-11 0.0132099 1.5708 0.369112
2.8452e-11 0.0132099 1.5708 0.370113
2.85289e-11 0.0132099 1.5708 0.371114
2.86058e-11 0.0132098 1.5708 0.372115
2.86828e-11 0.0132098 1.5708 0.373116
2.87597e-11 0.0132098 1.5708 0.374117
2.88367e-11 0.0132097 1.5708 0.375118
2.89136e-11 0.0132097 1.5708 0.376119
2.89906e-11 0.0132096 1.5708 0.37712
2.90675e-11 0.0132096 1.5708 0.378121
2.91445e-11 0.0132096 1.5708 0.379122
2.92214e-11 0.0132095 1.5708 0.380123
2.92984e-11 0.0132095 1.5708 0.381124
2.93753e-11 0.0132095 1.5708 0.382125
2.94523e-11 0.0132094 1.5708 0.383126
2.95292e-11 0.0132094 1.5708 0.384127
2.96062e-11 0.0132094 1.5708 0.385128
2.96831e-11 0.0132093 1.5708 0.386129
2.97601e-11 0.0132093 1.5708 0.38713
2.9837e-11 0.0132093 1.5708 0.388131
2.9914e-11 0.0132092 1.5708 0.389132
2.9991e-11 0.0132092 1.5708 0.390133
3.00679e-11 0.0132092 1.5708 0.391134
3.01449e-11 0.0132091 1.5708 0.392135
3.02218e-11 0.0132091 1.5708 0.393136
3.02988e-11 0.0132091 1.5708 0.394137
3.03757e-11 0.013209 1.5708 0.395138
3.04527e-11 0.013209 1.5708 0.396139
3.05296e-11 0.0132089 1.5708 0.39714
3.06066e-11 0.0132089 1.5708 0.398141
3.06836e-11 0.0132089 1.5708 0.399142
3.07605e-11 0.0132088 1.5708 0.400143
3.08375e-11 0.0132088 1.5708 0.401144
3.09144e-11 0.0132088 1.5708 0.402146
3.09914e-11 0.0132087 1.5708 0.403147
3.10684e-11 0.0132087 1.5708 0.404148
3.11453e-11 0.0132087 1.5708 0.405149
3.12223e-11 0.0132086 1.5708 0.40615
3.12992e-11 0.0132086 1.5708 0.407151
3.13762e-11 0.0132085 1.5708 0.408152
3.14532e-11 0.0132085 1.5708 0.409153
3.15301e-11 0.0132085 1.5708 0.410154
3.16071e-11 0.0132084 1.5708 0.411156
3.1684e-11 0.0132084 1.5708 0.412157
3.1761e-11 0.0132084 1.5708 0.413158
3.1838e-11 0.0132083 1.5708 0.414159
3.19149e-11 0.0132083 1.5708 0.41516
3.19919e-11 0.0132082 1.5708 0.416161
3.20689e-11 0.0132082 1.5708 0.417163
3.21458e-11 0.0132082 1.5708 0.418164
3.22228e-11 0.0132081 1.5708 0.419165
3.22998e-11 0.0132081 1.5708 0.420166
3.23767e-11 0.0132081 1.5708 0.421167
3.24537e-11 0.013208 1.5708 0.422169
3.25307e-11 0.013208 1.5708 0.42317
3.26076e-11 0.0132079 1.5708 0.424171
3.26846e-11 0.0132079 1.5708 0.425172
3.27616e-11 0.0132079 1.5708 0.426173
3.28385e-11 0.0132078 1.5708 0.427175
3.29155e-11 0.0132078 1.5708 0.428176
3.29925e-11 0.0132077 1.5708 0.429177
3.30695e-11 0.0132077 1.5708 0.430178
3.31464e-11 0.0132077 1.5708 0.43118
3.32234e-11 0.0132076 1.5708 0.432181
3.33004e-11 0.0132076 1.5708 0.433182
3.33774e-11 0.0132075 1.5708 0.434183
3.34543e-11 0.0132075 1.5708 0.435185
3.35313e-11 0.0132075 1.5708 0.436186
3.36083e-11 0.0132074 1.5708 0.437187
3.36853e-11 0.0132074 1.5708 0.438189
3.37622e-11 0.0132073 1.5708 0.43919
3.38392e-11 0.0132073 1.5708 0.440191
3.39162e-11 0.0132073 1.5708 0.441193
3.39932e-11 0.0132072 1.5708 0.442194
3.40701e-11 0.0132072 1.5708 0.443195
3.41471e-11 0.0132071 1.5708 0.444197
3.42241e-11 0.0132071 1.5708 0.445198
3.43011e-11 0.0132071 1.5708 0.446199
3.43781e-11 0.013207 1.5708 0.447201
3.4455e-11 0.013207 1.5708 0.448202
3.4532e-11 0.0132069 1.5708 0.449203
3.4609e-11 0.0132069 1.5708 0.450205
3.4686e-11 0.0132069 1.5708 0.451206
3.4763e-11 0.0132068 1.5708 0.452207
3.48399e-11 0.0132068 1.5708 0.453209
3.49169e-11 0.0132067 1.5708 0.45421
3.49939e-11 0.0132067 1.5708 0.455212
3.50709e-11 0.0132066 1.5708 0.456213
3.51479e-11 0.0132066 1.5708 0.457215
3.52249e-11 0.0132066 1.5708 0.458216
3.53018e-11 0.0132065 1.5708 0.459217
3.53788e-11 0.0132065 1.5708 0.460219
3.54558e-11 0.0132064 1.5708 0.46122
3.55328e-11 0.0132064 1.5708 0.462222
3.56098e-11 0.0132064 1.5708 0.463223
3.56868e-11 0.0132063 1.5708 0.464225
3.57638e-11 0.0132063 1.5708 0.465226
3.58408e-11 0.0132062 1.5708 0.466228
3.59177e-11 0.0132062 1.5708 0.467229
3.59947e-11 0.0132061 1.5708 0.468231
3.60717e-11 0.0132061 1.5708 0.469232
3.61487e-11 0.0132061 1.5708 0.470234
3.62257e-11 0.013206 1.5708 0.471235
3.63027e-11 0.013206 1.5708 0.472237
3.63797e-11 0.0132059 1.5708 0.473238
3.64567e-11 0.0132059 1.5708 0.47424
3.65337e-11 0.0132058 1.5708 0.475241
3.66107e-11 0.0132058 1.5708 0.476243
3.66877e-11 0.0132057 1.5708 0.477244
3.67647e-11 0.0132057 1.5708 0.478246
3.68417e-11 0.0132057 1.5708 0.479247
3.69187e-11 0.0132056 1.5708 0.480249
3.69957e-11 0.0132056 1.5708 0.48125
3.70727e-11 0.0132055 1.5708 0.482252
3.71497e-11 0.0132055 1.5708 0.483254
3.72267e-11 0.0132054 1.5708 0.484255
3.73037e-11 0.0132054 1.5708 0.485257
3.73806e-11 0.0132053 1.5708 0.486258
3.74576e-11 0.0132053 1.5708 0.48726
3.75347e-11 0.0132053 1.5708 0.488262
3.76117e-11 0.0132052 1.5708 0.489263
3.76887e-11 0.0132052 1.5708 0.490265
3.77657e-11 0.0132051 1.5708 0.491267
3.78427e-11 0.0132051 1.5708 0.492268
3.79197e-11 0.013205 1.5708 0.49327
3.79967e-11 0.013205 1.5708 0.494272
3.80737e-11 0.0132049 1.5708 0.495273
3.81507e-11 0.0132049 1.5708 0.496275
3.82277e-11 0.0132048 1.5708 0.497277
3.83047e-11 0.0132048 1.5708 0.498278
3.83817e-11 0.0132048 1.5708 0.49928
3.84587e-11 0.0132047 1.5708 0.500282
3.85357e-11 0.0132047 1.5708 0.501283
3.86127e-11 0.0132046 1.5708 0.502285
3.86897e-11 0.0132046 1.5708 0.503287
3.87667e-11 0.0132045 1.5708 0.504289
3.88437e-11 0.0132045 1.5708 0.50529
3.89208e-11 0.0132044 1.5708 0.506292
3.89978e-11 0.0132044 1.5708 0.507294
3.90748e-11 0.0132043 1.5708 0.508296
3.91518e-11 0.0132043 1.5708 0.509297
3.92288e-11 0.0132042 1.5708 0.510299
3.93058e-11 0.0132042 1.5708 0.511301
3.93828e-11 0.0132041 1.5708 0.512303
3.94598e-11 0.0132041 1.5708 0.513305
3.95369e-11 0.0132041 1.5708 0.514306
3.96139e-11 0.013204 1.5708 0.515308
3.96909e-11 0.013204 1.5708 0.51631
3.97679e-11 0.0132039 1.5708 0.517312
3.98449e-11 0.0132039 1.5708 0.518314
3.99219e-11 0.0132038 1.5708 0.519315
3.9999e-11 0.0132038 1.5708 0.520317
4.0076e-11 0.0132037 1.5708 0.521319
4.0153e-11 0.0132037 1.5708 0.522321
4.023e-11 0.0132036 1.5708 0.523323
4.0307e-11 0.0132036 1.5708 0.524325
4.03841e-11 0.0132035 1.5708 0.525327
4.04611e-11 0.0132035 1.5708 0.526329
4.05381e-11 0.0132034 1.5708 0.52733
4.06151e-11 0.0132034 1.5708 0.528332
4.06922e-11 0.0132033 1.5708 0.529334
4.07692e-11 0.0132033 1.5708 0.530336
4.08462e-11 0.0132032 1.5708 0.531338
4.09232e-11 0.0132032 1.5708 0.53234
4.10003e-11 0.0132031 1.5708 0.533342
4.10773e-11 0.0132031 1.5708 0.534344
4.11543e-11 0.013203 1.5708 0.535346
4.12313e-11 0.013203 1.5708 0.536348
4.13084e-11 0.0132029 1.5708 0.53735
4.13854e-11 0.0132029 1.5708 0.538352
4.14624e-11 0.0132028 1.5708 0.539354
4.15394e-11 0.0132028 1.5708 0.540356
4.16165e-11 0.0132027 1.5708 0.541358
4.16935e-11 0.0132027 1.5708 0.54236
4.17705e-11 0.0132026 1.5708 0.543362
4.18476e-11 0.0132026 1.5708 0.544364
4.19246e-11 0.0132025 1.5708 0.545366
4.20016e-11 0.0132025 1.5708 0.546368
4.20787e-11 0.0132024 1.5708 0.54737
4.21557e-11 0.0132024 1.5708 0.548372
4.22327e-11 0.0132023 1.5708 0.549374
4.23098e-11 0.0132023 1.5708 0.550376
4.23868e-11 0.0132022 1.5708 0.551378
4.24639e-11 0.0132022 1.5708 0.55238
4.25409e-11 0.0132021 1.5708 0.553383
4.26179e-11 0.0132021 1.5708 0.554385
4.2695e-11 0.013202 1.5708 0.555387
4.2772e-11 0.013202 1.5708 0.556389
4.28491e-11 0.0132019 1.5708 0.557391
4.29261e-11 0.0132019 1.5708 0.558393
4.30031e-11 0.0132018 1.5708 0.559395
4.30802e-11 0.0132018 1.5708 0.560397
4.31572e-11 0.0132017 1.5708 0.5614
4.32343e-11 0.0132016 1.5708 0.562402
4.33113e-11 0.0132016 1.5708 0.563404
4.33884e-11 0.0132015 1.5708 0.564406
4.34654e-11 0.0132015 1.5708 0.565408
4.35424e-11 0.0132014 1.5708 0.566411
4.36195e-11 0.0132014 1.5708 0.567413
4.36965e-11 0.0132013 1.5708 0.568415
4.37736e-11 0.0132013 1.5708 0.569417
4.38506e-11 0.0132012 1.5708 0.570419
4.39277e-11 0.0132012 1.5708 0.571422
4.40047e-11 0.0132011 1.5708 0.572424
4.40818e-11 0.0132011 1.5708 0.573426
4.41588e-11 0.013201 1.5708 0.574428
4.42359e-11 0.013201 1.5708 0.575431
4.43129e-11 0.0132009 1.5708 0.576433
4.439e-11 0.0132008 1.5708 0.577435
4.4467e-11 0.0132008 1.5708 0.578438
4.45441e-11 0.0132007 1.5708 0.57944
4.46212e-11 0.0132007 1.5708 0.580442
4.46982e-11 0.0132006 1.5708 0.581444
4.47753e-11 0.0132006 1.5708 0.582447
4.48523e-11 0.0132005 1.5708 0.583449
4.49294e-11 0.0132005 1.5708 0.584452
4.50064e-11 0.0132004 1.5708 0.585454
4.50835e-11 0.0132004 1.5708 0.586456
4.51606e-11 0.0132003 1.5708 0.587459
4.52376e-11 0.0132002 1.5708 0.588461
4.53147e-11 0.0132002 1.5708 0.589463
4.53917e-11 0.0132001 1.5708 0.590466
4.54688e-11 0.0132001 1.5708 0.591468
4.55459e-11 0.0132 1.5708 0.592471
4.56229e-11 0.0132 1.5708 0.593473
4.57e-11 0.0131999 1.5708 0.594475
4.57771e-11 0.0131999 1.5708 0.595478
4.58541e-11 0.0131998 1.5708 0.59648
4.59312e-11 0.0131997 1.5708 0.597483
4.60083e-11 0.0131997 1.5708 0.598485
4.60853e-11 0.0131996 1.5708 0.599488
4.61624e-11 0.0131996 1.5708 0.60049
4.62395e-11 0.0131995 1.5708 0.601493
4.63165e-11 0.0131995 1.5708 0.602495
4.63936e-11 0.0131994 1.5708 0.603498
4.64707e-11 0.0131994 1.5708 0.6045
4.65477e-11 0.0131993 1.5708 0.605503
4.66248e-11 0.0131992 1.5708 0.606505
4.67019e-11 0.0131992 1.5708 0.607508
4.6779e-11 0.0131991 1.5708 0.60851
4.6856e-11 0.0131991 1.5708 0.609513
4.69331e-11 0.013199 1.5708 0.610516
4.70102e-11 0.0131989 1.5708 0.611518
4.70873e-11 0.0131989 1.5708 0.612521
4.71643e-11 0.0131988 1.5708 0.613523
4.72414e-11 0.0131988 1.5708 0.614526
4.73185e-11 0.0131987 1.5708 0.615529
4.73956e-11 0.0131987 1.5708 0.616531
4.74727e-11 0.0131986 1.5708 0.617534
4.75497e-11 0.0131985 1.5708 0.618536
4.76268e-11 0.0131985 1.5708 0.619539
4.77039e-11 0.0131984 1.5708 0.620542
4.7781e-11 0.0131984 1.5708 0.621544
4.78581e-11 0.0131983 1.5708 0.622547
4.79352e-11 0.0131983 1.5708 0.62355
4.80122e-11 0.0131982 1.5708 0.624552
4.80893e-11 0.0131981 1.5708 0.625555
4.81664e-11 0.0131981 1.5708 0.626558
4.82435e-11 0.013198 1.5708 0.627561
4.83206e-11 0.013198 1.5708 0.628563
4.83977e-11 0.0131979 1.5708 0.629566
4.84748e-11 0.0131978 1.5708 0.630569
4.85519e-11 0.0131978 1.5708 0.631572
4.86289e-11 0.0131977 1.5708 0.632574
4.8706e-11 0.0131977 1.5708 0.633577
4.87831e-11 0.0131976 1.5708 0.63458
4.88602e-11 0.0131975 1.5708 0.635583
4.89373e-11 0.0131975 1.5708 0.636585
4.90144e-11 0.0131974 1.5708 0.637588
4.90915e-11 0.0131974 1.5708 0.638591
4.91686e-11 0.0131973 1.5708 0.639594
4.92457e-11 0.0131972 1.5708 0.640597
4.93228e-11 0.0131972 1.5708 0.6416
4.93999e-11 0.0131971 1.5708 0.642602
4.9477e-11 0.013197 1.5708 0.643605
4.95541e-11 0.013197 1.5708 0.644608
4.96312e-11 0.0131969 1.5708 0.645611
4.97083e-11 0.0131969 1.5708 0.646614
4.97854e-11 0.0131968 1.5708 0.647617
4.98625e-11 0.0131967 1.5708 0.64862
4.99396e-11 0.0131967 1.5708 0.649623
5.00167e-11 0.0131966 1.5708 0.650626
5.00938e-11 0.0131966 1.5708 0.651629
5.01709e-11 0.0131965 1.5708 0.652632
5.0248e-11 0.0131964 1.5708 0.653634
5.03251e-11 0.0131964 1.5708 0.654637
5.04022e-11 0.0131963 1.5708 0.65564
5.04793e-11 0.0131962 1.5708 0.656643
5.05564e-11 0.0131962 1.5708 0.657646
5.06336e-11 0.0131961 1.5708 0.658649
5.07107e-11 0.0131961 1.5708 0.659652
5.07878e-11 0.013196 1.5708 0.660655
5.08649e-11 0.0131959 1.5708 0.661659
5.0942e-11 0.0131959 1.5708 0.662662
5.10191e-11 0.0131958 1.5708 0.663665
5.10962e-11 0.0131957 1.5708 0.664668
5.11733e-11 0.0131957 1.5708 0.665671
5.12505e-11 0.0131956 1.5708 0.666674
5.13276e-11 0.0131956 1.5708 0.667677
5.14047e-11 0.0131955 1.5708 0.66868
5.14818e-11 0.0131954 1.5708 0.669683
5.15589e-11 0.0131954 1.5708 0.670686
5.16361e-11 0.0131953 1.5708 0.671689
5.17132e-11 0.0131952 1.5708 0.672693
5.17903e-11 0.0131952 1.5708 0.673696
5.18674e-11 0.0131951 1.5708 0.674699
5.19445e-11 0.013195 1.5708 0.675702
5.20217e-11 0.013195 1.5708 0.676705
5.20988e-11 0.0131949 1.5708 0.677708
5.21759e-11 0.0131948 1.5708 0.678712
5.2253e-11 0.0131948 1.5708 0.679715
5.23302e-11 0.0131947 1.5708 0.680718
5.24073e-11 0.0131946 1.5708 0.681721
5.24844e-11 0.0131946 1.5708 0.682724
5.25615e-11 0.0131945 1.5708 0.683728
5.26387e-11 0.0131945 1.5708 0.684731
5.27158e-11 0.0131944 1.5708 0.685734
5.27929e-11 0.0131943 1.5708 0.686738
5.28701e-11 0.0131943 1.5708 0.687741
5.29472e-11 0.0131942 1.5708 0.688744
5.30243e-11 0.0131941 1.5708 0.689747
5.31015e-11 0.0131941 1.5708 0.690751
5.31786e-11 0.013194 1.5708 0.691754
5.32557e-11 0.0131939 1.5708 0.692757
5.33329e-11 0.0131939 1.5708 0.693761
5.341e-11 0.0131938 1.5708 0.694764
5.34872e-11 0.0131937 1.5708 0.695768
5.35643e-11 0.0131937 1.5708 0.696771
5.36414e-11 0.0131936 1.5708 0.697774
5.37186e-11 0.0131935 1.5708 0.698778
5.37957e-11 0.0131935 1.5708 0.699781
5.38729e-11 0.0131934 1.5708 0.700785
5.395e-11 0.0131933 1.5708 0.701788
5.40271e-11 0.0131933 1.5708 0.702791
5.41043e-11 0.0131932 1.5708 0.703795
5.41814e-11 0.0131931 1.5708 0.704798
5.42586e-11 0.0131931 1.5708 0.705802
5.43357e-11 0.013193 1.5708 0.706805
5.44129e-11 0.0131929 1.5708 0.707809
5.449e-11 0.0131928 1.5708 0.708812
5.45672e-11 0.0131928 1.5708 0.709816
5.46443e-11 0.0131927 1.5708 0.710819
5.47215e-11 0.0131926 1.5708 0.711823
5.47986e-11 0.0131926 1.5708 0.712826
5.48758e-11 0.0131925 1.5708 0.71383
5.49529e-11 0.0131924 1.5708 0.714834
5.50301e-11 0.0131924 1.5708 0.715837
5.51072e-11 0.0131923 1.5708 0.716841
5.51844e-11 0.0131922 1.5708 0.717844
5.52616e-11 0.0131922 1.5708 0.718848
5.53387e-11 0.0131921 1.5708 0.719852
5.54159e-11 0.013192 1.5708 0.720855
5.5493e-11 0.013192 1.5708 0.721859
5.55702e-11 0.0131919 1.5708 0.722862
5.56474e-11 0.0131918 1.5708 0.723866
5.57245e-11 0.0131917 1.5708 0.72487
5.58017e-11 0.0131917 1.5708 0.725873
5.58788e-11 0.0131916 1.5708 0.726877
5.5956e-11 0.0131915 1.5708 0.727881
5.60332e-11 0.0131915 1.5708 0.728885
5.61103e-11 0.0131914 1.5708 0.729888
5.61875e-11 0.0131913 1.5708 0.730892
5.62647e-11 0.0131912 1.5708 0.731896
5.63418e-11 0.0131912 1.5708 0.7329
5.6419e-11 0.0131911 1.5708 0.733903
5.64962e-11 0.013191 1.5708 0.734907
5.65734e-11 0.013191 1.5708 0.735911
5.66505e-11 0.0131909 1.5708 0.736915
5.67277e-11 0.0131908 1.5708 0.737918
5.68049e-11 0.0131907 1.5708 0.738922
5.6882e-11 0.0131907 1.5708 0.739926
5.69592e-11 0.0131906 1.5708 0.74093
5.70364e-11 0.0131905 1.5708 0.741934
5.71136e-11 0.0131905 1.5708 0.742938
5.71908e-11 0.0131904 1.5708 0.743942
5.72679e-11 0.0131903 1.5708 0.744945
5.73451e-11 0.0131902 1.5708 0.745949
5.74223e-11 0.0131902 1.5708 0.746953
5.74995e-11 0.0131901 1.5708 0.747957
5.75767e-11 0.01319 1.5708 0.748961
5.76538e-11 0.01319 1.5708 0.749965
5.7731e-11 0.0131899 1.5708 0.750969
5.78082e-11 0.0131898 1.5708 0.751973
5.78854e-11 0.0131897 1.5708 0.752977
5.79626e-11 0.0131897 1.5708 0.753981
5.80398e-11 0.0131896 1.5708 0.754985
5.8117e-11 0.0131895 1.5708 0.755989
5.81942e-11 0.0131894 1.5708 0.756993
5.82713e-11 0.0131894 1.5708 0.757997
5.83485e-11 0.0131893 1.5708 0.759001
5.84257e-11 0.0131892 1.5708 0.760005
5.85029e-11 0.0131891 1.5708 0.761009
5.85801e-11 0.0131891 1.5708 0.762013
5.86573e-11 0.013189 1.5708 0.763017
5.87345e-11 0.0131889 1.5708 0.764021
5.88117e-11 0.0131888 1.5708 0.765026
5.88889e-11 0.0131888 1.5708 0.76603
5.89661e-11 0.0131887 1.5708 0.767034
5.90433e-11 0.0131886 1.5708 0.768038
5.91205e-11 0.0131885 1.5708 0.769042
5.91977e-11 0.0131885 1.5708 0.770046
5.92749e-11 0.0131884 1.5708 0.771051
5.93521e-11 0.0131883 1.5708 0.772055
5.94293e-11 0.0131882 1.5708 0.773059
5.95065e-11 0.0131882 1.5708 0.774063
5.95837e-11 0.0131881 1.5708 0.775067
5.96609e-11 0.013188 1.5708 0.776072
5.97381e-11 0.0131879 1.5708 0.777076
5.98153e-11 0.0131879 1.5708 0.77808
5.98926e-11 0.0131878 1.5708 0.779084
5.99698e-11 0.0131877 1.5708 0.780089
6.0047e-11 0.0131876 1.5708 0.781093
6.01242e-11 0.0131876 1.5708 0.782097
6.02014e-11 0.0131875 1.5708 0.783102
6.02786e-11 0.0131874 1.5708 0.784106
6.03558e-11 0.0131873 1.5708 0.78511
6.0433e-11 0.0131873 1.5708 0.786115
6.05103e-11 0.0131872 1.5708 0.787119
6.05875e-11 0.0131871 1.5708 0.788123
6.06647e-11 0.013187 1.5708 0.789128
6.07419e-11 0.0131869 1.5708 0.790132
6.08191e-11 0.0131869 1.5708 0.791137
6.08964e-11 0.0131868 1.5708 0.792141
6.09736e-11 0.0131867 1.5708 0.793145
6.10508e-11 0.0131866 1.5708 0.79415
6.1128e-11 0.0131866 1.5708 0.795154
6.12053e-11 0.0131865 1.5708 0.796159
6.12825e-11 0.0131864 1.5708 0.797163
6.13597e-11 0.0131863 1.5708 0.798168
6.14369e-11 0.0131862 1.5708 0.799172
6.15142e-11 0.0131862 1.5708 0.800177
6.15914e-11 0.0131861 1.5708 0.801181
6.16686e-11 0.013186 1.5708 0.802186
6.17459e-11 0.0131859 1.5708 0.80319
6.18231e-11 0.0131858 1.5708 0.804195
6.19003e-11 0.0131858 1.5708 0.8052
6.19776e-11 0.0131857 1.5708 0.806204
6.20548e-11 0.0131856 1.5708 0.807209
6.2132e-11 0.0131855 1.5708 0.808213
6.22093e-11 0.0131854 1.5708 0.809218
6.22865e-11 0.0131854 1.5708 0.810223
6.23637e-11 0.0131853 1.5708 0.811227
6.2441e-11 0.0131852 1.5708 0.812232
6.25182e-11 0.0131851 1.5708 0.813237
6.25955e-11 0.013185 1.5708 0.814241
6.26727e-11 0.013185 1.5708 0.815246
6.275e-11 0.0131849 1.5708 0.816251
6.28272e-11 0.0131848 1.5708 0.817256
6.29044e-11 0.0131847 1.5708 0.81826
6.29817e-11 0.0131846 1.5708 0.819265
6.30589e-11 0.0131846 1.5708 0.82027
6.31362e-11 0.0131845 1.5708 0.821275
6.32134e-11 0.0131844 1.5708 0.822279
6.32907e-11 0.0131843 1.5708 0.823284
6.33679e-11 0.0131842 1.5708 0.824289
6.34452e-11 0.0131842 1.5708 0.825294
6.35225e-11 0.0131841 1.5708 0.826299
6.35997e-11 0.013184 1.5708 0.827303
6.3677e-11 0.0131839 1.5708 0.828308
6.37542e-11 0.0131838 1.5708 0.829313
6.38315e-11 0.0131837 1.5708 0.830318
6.39087e-11 0.0131837 1.5708 0.831323
6.3986e-11 0.0131836 1.5708 0.832328
6.40633e-11 0.0131835 1.5708 0.833333
6.41405e-11 0.0131834 1.5708 0.834338
6.42178e-11 0.0131833 1.5708 0.835343
6.42951e-11 0.0131832 1.5708 0.836348
6.43723e-11 0.0131832 1.5708 0.837353
6.44496e-11 0.0131831 1.5708 0.838358
6.45268e-11 0.013183 1.5708 0.839363
6.46041e-11 0.0131829 1.5708 0.840368
6.46814e-11 0.0131828 1.5708 0.841373
6.47587e-11 0.0131827 1.5708 0.842378
6.48359e-11 0.0131827 1.5708 0.843383
6.49132e-11 0.0131826 1.5708 0.844388
6.49905e-11 0.0131825 1.5708 0.845393
6.50677e-11 0.0131824 1.5708 0.846398
6.5145e-11 0.0131823 1.5708 0.847403
6.52223e-11 0.0131822 1.5708 0.848408
6.52996e-11 0.0131822 1.5708 0.849413
6.53769e-11 0.0131821 1.5708 0.850419
6.54541e-11 0.013182 1.5708 0.851424
6.55314e-11 0.0131819 1.5708 0.852429
6.56087e-11 0.0131818 1.5708 0.853434
6.5686e-11 0.0131817 1.5708 0.854439
6.57633e-11 0.0131816 1.5708 0.855444
6.58405e-11 0.0131816 1.5708 0.85645
6.59178e-11 0.0131815 1.5708 0.857455
6.59951e-11 0.0131814 1.5708 0.85846
6.60724e-11 0.0131813 1.5708 0.859465
6.61497e-11 0.0131812 1.5708 0.860471
6.6227e-11 0.0131811 1.5708 0.861476
6.63043e-11 0.013181 1.5708 0.862481
6.63816e-11 0.013181 1.5708 0.863487
6.64589e-11 0.0131809 1.5708 0.864492
6.65362e-11 0.0131808 1.5708 0.865497
6.66134e-11 0.0131807 1.5708 0.866503
6.66907e-11 0.0131806 1.5708 0.867508
6.6768e-11 0.0131805 1.5708 0.868513
6.68453e-11 0.0131804 1.5708 0.869519
6.69226e-11 0.0131803 1.5708 0.870524
6.69999e-11 0.0131803 1.5708 0.87153
6.70772e-11 0.0131802 1.5708 0.872535
6.71545e-11 0.0131801 1.5708 0.87354
6.72318e-11 0.01318 1.5708 0.874546
6.73091e-11 0.0131799 1.5708 0.875551
6.73865e-11 0.0131798 1.5708 0.876557
6.74638e-11 0.0131797 1.5708 0.877562
6.75411e-11 0.0131796 1.5708 0.878568
6.76184e-11 0.0131796 1.5708 0.879573
6.76957e-11 0.0131795 1.5708 0.880579
6.7773e-11 0.0131794 1.5708 0.881584
6.78503e-11 0.0131793 1.5708 0.88259
6.79276e-11 0.0131792 1.5708 0.883596
6.80049e-11 0.0131791 1.5708 0.884601
6.80822e-11 0.013179 1.5708 0.885607
6.81596e-11 0.0131789 1.5708 0.886612
6.82369e-11 0.0131788 1.5708 0.887618
6.83142e-11 0.0131788 1.5708 0.888624
6.83915e-11 0.0131787 1.5708 0.889629
6.84688e-11 0.0131786 1.5708 0.890635
6.85462e-11 0.0131785 1.5708 0.891641
6.86235e-11 0.0131784 1.5708 0.892646
6.87008e-11 0.0131783 1.5708 0.893652
6.87781e-11 0.0131782 1.5708 0.894658
6.88555e-11 0.0131781 1.5708 0.895664
6.89328e-11 0.013178 1.5708 0.896669
6.90101e-11 0.0131779 1.5708 0.897675
6.90874e-11 0.0131778 1.5708 0.898681
6.91648e-11 0.0131778 1.5708 0.899687
6.92421e-11 0.0131777 1.5708 0.900693
6.93194e-11 0.0131776 1.5708 0.901698
6.93968e-11 0.0131775 1.5708 0.902704
6.94741e-11 0.0131774 1.5708 0.90371
6.95514e-11 0.0131773 1.5708 0.904716
6.96288e-11 0.0131772 1.5708 0.905722
6.97061e-11 0.0131771 1.5708 0.906728
6.97835e-11 0.013177 1.5708 0.907734
6.98608e-11 0.0131769 1.5708 0.90874
6.99381e-11 0.0131768 1.5708 0.909746
7.00155e-11 0.0131767 1.5708 0.910752
7.00928e-11 0.0131767 1.5708 0.911757
7.01702e-11 0.0131766 1.5708 0.912763
7.02475e-11 0.0131765 1.5708 0.913769
7.03249e-11 0.0131764 1.5708 0.914775
7.04022e-11 0.0131763 1.5708 0.915782
7.04796e-11 0.0131762 1.5708 0.916788
7.05569e-11 0.0131761 1.5708 0.917794
7.06343e-11 0.013176 1.5708 0.9188
7.07116e-11 0.0131759 1.5708 0.919806
7.0789e-11 0.0131758 1.5708 0.920812
7.08663e-11 0.0131757 1.5708 0.921818
7.09437e-11 0.0131756 1.5708 0.922824
7.1021e-11 0.0131755 1.5708 0.92383
7.10984e-11 0.0131754 1.5708 0.924836
7.11757e-11 0.0131753 1.5708 0.925843
7.12531e-11 0.0131753 1.5708 0.926849
7.13305e-11 0.0131752 1.5708 0.927855
7.14078e-11 0.0131751 1.5708 0.928861
7.14852e-11 0.013175 1.5708 0.929867
7.15626e-11 0.0131749 1.5708 0.930874
7.16399e-11 0.0131748 1.5708 0.93188
7.17173e-11 0.0131747 1.5708 0.932886
7.17947e-11 0.0131746 1.5708 0.933892
7.1872e-11 0.0131745 1.5708 0.934899
7.19494e-11 0.0131744 1.5708 0.935905
7.20268e-11 0.0131743 1.5708 0.936911
7.21041e-11 0.0131742 1.5708 0.937918
7.21815e-11 0.0131741 1.5708 0.938924
7.22589e-11 0.013174 1.5708 0.93993
7.23363e-11 0.0131739 1.5708 0.940937
7.24137e-11 0.0131738 1.5708 0.941943
7.2491e-11 0.0131737 1.5708 0.94295
7.25684e-11 0.0131736 1.5708 0.943956
7.26458e-11 0.0131735 1.5708 0.944962
7.27232e-11 0.0131734 1.5708 0.945969
7.28006e-11 0.0131733 1.5708 0.946975
7.28779e-11 0.0131732 1.5708 0.947982
7.29553e-11 0.0131731 1.5708 0.948988
7.30327e-11 0.013173 1.5708 0.949995
7.31101e-11 0.0131729 1.5708 0.951001
7.31875e-11 0.0131728 1.5708 0.952008
7.32649e-11 0.0131727 1.5708 0.953015
7.33423e-11 0.0131726 1.5708 0.954021
7.34197e-11 0.0131726 1.5708 0.955028
7.34971e-11 0.0131725 1.5708 0.956034
7.35745e-11 0.0131724 1.5708 0.957041
7.36519e-11 0.0131723 1.5708 0.958048
7.37293e-11 0.0131722 1.5708 0.959054
7.38067e-11 0.0131721 1.5708 0.960061
7.38841e-11 0.013172 1.5708 0.961068
7.39615e-11 0.0131719 1.5708 0.962074
7.40389e-11 0.0131718 1.5708 0.963081
7.41163e-11 0.0131717 1.5708 0.964088
7.41937e-11 0.0131716 1.5708 0.965095
7.42711e-11 0.0131715 1.5708 0.966101
7.43485e-11 0.0131714 1.5708 0.967108
7.44259e-11 0.0131713 1.5708 0.968115
7.45033e-11 0.0131712 1.5708 0.969122
7.45807e-11 0.0131711 1.5708 0.970129
7.46581e-11 0.013171 1.5708 0.971135
7.47355e-11 0.0131709 1.5708 0.972142
7.4813e-11 0.0131708 1.5708 0.973149
7.48904e-11 0.0131707 1.5708 0.974156
7.49678e-11 0.0131706 1.5708 0.975163
7.50452e-11 0.0131705 1.5708 0.97617
7.51226e-11 0.0131704 1.5708 0.977177
7.52e-11 0.0131703 1.5708 0.978184
7.52775e-11 0.0131702 1.5708 0.979191
7.53549e-11 0.0131701 1.5708 0.980198
7.54323e-11 0.0131699 1.5708 0.981205
7.55097e-11 0.0131698 1.5708 0.982212
7.55872e-11 0.0131697 1.5708 0.983219
7.56646e-11 0.0131696 1.5708 0.984226
7.5742e-11 0.0131695 1.5708 0.985233
7.58195e-11 0.0131694 1.5708 0.98624
7.58969e-11 0.0131693 1.5708 0.987247
7.59743e-11 0.0131692 1.5708 0.988254
7.60518e-11 0.0131691 1.5708 0.989261
7.61292e-11 0.013169 1.5708 0.990268
7.62066e-11 0.0131689 1.5708 0.991275
7.62841e-11 0.0131688 1.5708 0.992282
7.63615e-11 0.0131687 1.5708 0.99329
7.64389e-11 0.0131686 1.5708 0.994297
7.65164e-11 0.0131685 1.5708 0.995304
7.65938e-11 0.0131684 1.5708 0.996311
7.66713e-11 0.0131683 1.5708 0.997319
7.67487e-11 0.0131682 1.5708 0.998326
7.68262e-11 0.0131681 1.5708 0.999333
7.69036e-11 0.013168 1.5708 1.00034
7.69811e-11 0.0131679 1.5708 1.00135
7.70585e-11 0.0131678 1.5708 1.00236
7.7136e-11 0.0131677 1.5708 1.00336
7.72134e-11 0.0131676 1.5708 1.00437
7.72909e-11 0.0131675 1.5708 1.00538
7.73683e-11 0.0131674 1.5708 1.00638
7.74458e-11 0.0131673 1.5708 1.00739
7.75232e-11 0.0131672 1.5708 1.0084
7.76007e-11 0.013167 1.5708 1.00941
7.76782e-11 0.0131669 1.5708 1.01041
7.77556e-11 0.0131668 1.5708 1.01142
7.78331e-11 0.0131667 1.5708 1.01243
7.79106e-11 0.0131666 1.5708 1.01344
7.7988e-11 0.0131665 1.5708 1.01444
7.80655e-11 0.0131664 1.5708 1.01545
7.8143e-11 0.0131663 1.5708 1.01646
7.82204e-11 0.0131662 1.5708 1.01747
7.82979e-11 0.0131661 1.5708 1.01847
7.83754e-11 0.013166 1.5708 1.01948
7.84529e-11 0.0131659 1.5708 1.02049
7.85303e-11 0.0131658 1.5708 1.0215
7.86078e-11 0.0131657 1.5708 1.0225
7.86853e-11 0.0131656 1.5708 1.02351
7.87628e-11 0.0131654 1.5708 1.02452
7.88402e-11 0.0131653 1.5708 1.02553
7.89177e-11 0.0131652 1.5708 1.02654
7.89952e-11 0.0131651 1.5708 1.02754
7.90727e-11 0.013165 1.5708 1.02855
7.91502e-11 0.0131649 1.5708 1.02956
7.92277e-11 0.0131648 1.5708 1.03057
7.93052e-11 0.0131647 1.5708 1.03157
7.93826e-11 0.0131646 1.5708 1.03258
7.94601e-11 0.0131645 1.5708 1.03359
7.95376e-11 0.0131644 1.5708 1.0346
7.96151e-11 0.0131643 1.5708 1.03561
7.96926e-11 0.0131641 1.5708 1.03661
7.97701e-11 0.013164 1.5708 1.03762
7.98476e-11 0.0131639 1.5708 1.03863
7.99251e-11 0.0131638 1.5708 1.03964
8.00026e-11 0.0131637 1.5708 1.04065
8.00801e-11 0.0131636 1.5708 1.04165
8.01576e-11 0.0131635 1.5708 1.04266
8.02351e-11 0.0131634 1.5708 1.04367
8.03126e-11 0.0131633 1.5708 1.04468
8.03901e-11 0.0131631 1.5708 1.04569
8.04676e-11 0.013163 1.5708 1.04669
8.05451e-11 0.0131629 1.5708 1.0477
8.06227e-11 0.0131628 1.5708 1.04871
8.07002e-11 0.0131627 1.5708 1.04972
8.07777e-11 0.0131626 1.5708 1.05073
8.08552e-11 0.0131625 1.5708 1.05173
8.09327e-11 0.0131624 1.5708 1.05274
8.10102e-11 0.0131623 1.5708 1.05375
8.10878e-11 0.0131621 1.5708 1.05476
8.11653e-11 0.013162 1.5708 1.05577
8.12428e-11 0.0131619 1.5708 1.05677
8.13203e-11 0.0131618 1.5708 1.05778
8.13978e-11 0.0131617 1.5708 1.05879
8.14754e-11 0.0131616 1.5708 1.0598
8.15529e-11 0.0131615 1.5708 1.06081
8.16304e-11 0.0131614 1.5708 1.06182
8.1708e-11 0.0131612 1.5708 1.06282
8.17855e-11 0.0131611 1.5708 1.06383
8.1863e-11 0.013161 1.5708 1.06484
8.19406e-11 0.0131609 1.5708 1.06585
8.20181e-11 0.0131608 1.5708 1.06686
8.20956e-11 0.0131607 1.5708 1.06787
8.21732e-11 0.0131606 1.5708 1.06887
8.22507e-11 0.0131604 1.5708 1.06988
8.23282e-11 0.0131603 1.5708 1.07089
8.24058e-11 0.0131602 1.5708 1.0719
8.24833e-11 0.0131601 1.5708 1.07291
8.25609e-11 0.01316 1.5708 1.07392
8.26384e-11 0.0131599 1.5708 1.07493
8.2716e-11 0.0131598 1.5708 1.07593
8.27935e-11 0.0131596 1.5708 1.07694
8.28711e-11 0.0131595 1.5708 1.07795
8.29486e-11 0.0131594 1.5708 1.07896
8.30262e-11 0.0131593 1.5708 1.07997
8.31037e-11 0.0131592 1.5708 1.08098
8.31813e-11 0.0131591 1.5708 1.08199
8.32588e-11 0.013159 1.5708 1.08299
8.33364e-11 0.0131588 1.5708 1.084
8.3414e-11 0.0131587 1.5708 1.08501
8.34915e-11 0.0131586 1.5708 1.08602
8.35691e-11 0.0131585 1.5708 1.08703
8.36467e-11 0.0131584 1.5708 1.08804
8.37242e-11 0.0131583 1.5708 1.08905
8.38018e-11 0.0131581 1.5708 1.09006
8.38794e-11 0.013158 1.5708 1.09106
8.39569e-11 0.0131579 1.5708 1.09207
8.40345e-11 0.0131578 1.5708 1.09308
8.41121e-11 0.0131577 1.5708 1.09409
8.41897e-11 0.0131575 1.5708 1.0951
8.42672e-11 0.0131574 1.5708 1.09611
8.43448e-11 0.0131573 1.5708 1.09712
8.44224e-11 0.0131572 1.5708 1.09813
8.45e-11 0.0131571 1.5708 1.09914
8.45776e-11 0.013157 1.5708 1.10014
8.46551e-11 0.0131568 1.5708 1.10115
8.47327e-11 0.0131567 1.5708 1.10216
8.48103e-11 0.0131566 1.5708 1.10317
8.48879e-11 0.0131565 1.5708 1.10418
8.49655e-11 0.0131564 1.5708 1.10519
8.50431e-11 0.0131562 1.5708 1.1062
8.51207e-11 0.0131561 1.5708 1.10721
8.51983e-11 0.013156 1.5708 1.10822
8.52759e-11 0.0131559 1.5708 1.10923
8.53535e-11 0.0131558 1.5708 1.11024
8.54311e-11 0.0131556 1.5708 1.11124
8.55087e-11 0.0131555 1.5708 1.11225
8.55863e-11 0.0131554 1.5708 1.11326
8.56639e-11 0.0131553 1.5708 1.11427
8.57415e-11 0.0131552 1.5708 1.11528
8.58191e-11 0.013155 1.5708 1.11629
8.58967e-11 0.0131549 1.5708 1.1173
8.59743e-11 0.0131548 1.5708 1.11831
8.60519e-11 0.0131547 1.5708 1.11932
8.61295e-11 0.0131546 1.5708 1.12033
8.62071e-11 0.0131544 1.5708 1.12134
8.62847e-11 0.0131543 1.5708 1.12235
8.63624e-11 0.0131542 1.5708 1.12336
8.644e-11 0.0131541 1.5708 1.12437
8.65176e-11 0.0131539 1.5708 1.12538
8.65952e-11 0.0131538 1.5708 1.12638
8.66728e-11 0.0131537 1.5708 1.12739
8.67505e-11 0.0131536 1.5708 1.1284
8.68281e-11 0.0131534 1.5708 1.12941
8.69057e-11 0.0131533 1.5708 1.13042
8.69833e-11 0.0131532 1.5708 1.13143
8.7061e-11 0.0131531 1.5708 1.13244
8.71386e-11 0.013153 1.5708 1.13345
8.72162e-11 0.0131528 1.5708 1.13446
8.72939e-11 0.0131527 1.5708 1.13547
8.73715e-11 0.0131526 1.5708 1.13648
8.74491e-11 0.0131525 1.5708 1.13749
8.75268e-11 0.0131523 1.5708 1.1385
8.76044e-11 0.0131522 1.5708 1.13951
8.76821e-11 0.0131521 1.5708 1.14052
8.77597e-11 0.013152 1.5708 1.14153
8.78373e-11 0.0131518 1.5708 1.14254
8.7915e-11 0.0131517 1.5708 1.14355
8.79926e-11 0.0131516 1.5708 1.14456
8.80703e-11 0.0131515 1.5708 1.14557
8.81479e-11 0.0131513 1.5708 1.14658
8.82256e-11 0.0131512 1.5708 1.14759
8.83032e-11 0.0131511 1.5708 1.1486
8.83809e-11 0.013151 1.5708 1.14961
8.84586e-11 0.0131508 1.5708 1.15062
8.85362e-11 0.0131507 1.5708 1.15163
8.86139e-11 0.0131506 1.5708 1.15264
8.86915e-11 0.0131504 1.5708 1.15365
8.87692e-11 0.0131503 1.5708 1.15466
8.88469e-11 0.0131502 1.5708 1.15567
8.89245e-11 0.0131501 1.5708 1.15668
8.90022e-11 0.0131499 1.5708 1.15769
8.90799e-11 0.0131498 1.5708 1.1587
8.91575e-11 0.0131497 1.5708 1.15971
8.92352e-11 0.0131496 1.5708 1.16072
8.93129e-11 0.0131494 1.5708 1.16173
8.93906e-11 0.0131493 1.5708 1.16274
8.94682e-11 0.0131492 1.5708 1.16375
8.95459e-11 0.013149 1.5708 1.16476
8.96236e-11 0.0131489 1.5708 1.16577
8.97013e-11 0.0131488 1.5708 1.16678
8.9779e-11 0.0131487 1.5708 1.16779
8.98567e-11 0.0131485 1.5708 1.1688
8.99343e-11 0.0131484 1.5708 1.16981
9.0012e-11 0.0131483 1.5708 1.17082
9.00897e-11 0.0131481 1.5708 1.17183
9.01674e-11 0.013148 1.5708 1.17284
9.02451e-11 0.0131479 1.5708 1.17385
9.03228e-11 0.0131478 1.5708 1.17486
9.04005e-11 0.0131476 1.5708 1.17587
9.04782e-11 0.0131475 1.5708 1.17688
9.05559e-11 0.0131474 1.5708 1.17789
9.06336e-11 0.0131472 1.5708 1.1789
9.07113e-11 0.0131471 1.5708 1.17991
9.0789e-11 0.013147 1.5708 1.18092
9.08667e-11 0.0131468 1.5708 1.18193
9.09444e-11 0.0131467 1.5708 1.18295
9.10221e-11 0.0131466 1.5708 1.18396
9.10998e-11 0.0131464 1.5708 1.18497
9.11775e-11 0.0131463 1.5708 1.18598
9.12553e-11 0.0131462 1.5708 1.18699
9.1333e-11 0.013146 1.5708 1.188
9.14107e-11 0.0131459 1.5708 1.18901
9.14884e-11 0.0131458 1.5708 1.19002
9.15661e-11 0.0131456 1.5708 1.19103
9.16439e-11 0.0131455 1.5708 1.19204
9.17216e-11 0.0131454 1.5708 1.19305
9.17993e-11 0.0131452 1.5708 1.19406
9.1877e-11 0.0131451 1.5708 1.19507
9.19548e-11 0.013145 1.5708 1.19608
9.20325e-11 0.0131448 1.5708 1.19709
9.21102e-11 0.0131447 1.5708 1.19811
9.2188e-11 0.0131446 1.5708 1.19912
9.22657e-11 0.0131444 1.5708 1.20013
9.23434e-11 0.0131443 1.5708 1.20114
9.24212e-11 0.0131442 1.5708 1.20215
9.24989e-11 0.013144 1.5708 1.20316
9.25766e-11 0.0131439 1.5708 1.20417
9.26544e-11 0.0131438 1.5708 1.20518
9.27321e-11 0.0131436 1.5708 1.20619
9.28099e-11 0.0131435 1.5708 1.2072
9.28876e-11 0.0131434 1.5708 1.20822
9.29654e-11 0.0131432 1.5708 1.20923
9.30431e-11 0.0131431 1.5708 1.21024
9.31209e-11 0.013143 1.5708 1.21125
9.31986e-11 0.0131428 1.5708 1.21226
9.32764e-11 0.0131427 1.5708 1.21327
9.33542e-11 0.0131426 1.5708 1.21428
9.34319e-11 0.0131424 1.5708 1.21529
9.35097e-11 0.0131423 1.5708 1.2163
9.35874e-11 0.0131421 1.5708 1.21732
9.36652e-11 0.013142 1.5708 1.21833
9.3743e-11 0.0131419 1.5708 1.21934
9.38207e-11 0.0131417 1.5708 1.22035
9.38985e-11 0.0131416 1.5708 1.22136
9.39763e-11 0.0131415 1.5708 1.22237
9.40541e-11 0.0131413 1.5708 1.22338
9.41318e-11 0.0131412 1.5708 1.2244
9.42096e-11 0.013141 1.5708 1.22541
9.42874e-11 0.0131409 1.5708 1.22642
9.43652e-11 0.0131408 1.5708 1.22743
9.4443e-11 0.0131406 1.5708 1.22844
9.45207e-11 0.0131405 1.5708 1.22945
9.45985e-11 0.0131403 1.5708 1.23046
9.46763e-11 0.0131402 1.5708 1.23148
9.47541e-11 0.0131401 1.5708 1.23249
9.48319e-11 0.0131399 1.5708 1.2335
9.49097e-11 0.0131398 1.5708 1.23451
9.49875e-11 0.0131396 1.5708 1.23552
9.50653e-11 0.0131395 1.5708 1.23653
9.51431e-11 0.0131394 1.5708 1.23755
9.52209e-11 0.0131392 1.5708 1.23856
9.52987e-11 0.0131391 1.5708 1.23957
9.53765e-11 0.0131389 1.5708 1.24058
9.54543e-11 0.0131388 1.5708 1.24159
9.55321e-11 0.0131387 1.5708 1.2426
9.56099e-11 0.0131385 1.5708 1.24362
9.56877e-11 0.0131384 1.5708 1.24463
9.57655e-11 0.0131382 1.5708 1.24564
9.58433e-11 0.0131381 1.5708 1.24665
9.59211e-11 0.013138 1.5708 1.24766
9.5999e-11 0.0131378 1.5708 1.24868
9.60768e-11 0.0131377 1.5708 1.24969
9.61546e-11 0.0131375 1.5708 1.2507
9.62324e-11 0.0131374 1.5708 1.25171
9.63102e-11 0.0131372 1.5708 1.25272
9.63881e-11 0.0131371 1.5708 1.25374
9.64659e-11 0.013137 1.5708 1.25475
9.65437e-11 0.0131368 1.5708 1.25576
9.66216e-11 0.0131367 1.5708 1.25677
9.66994e-11 0.0131365 1.5708 1.25778
9.67772e-11 0.0131364 1.5708 1.2588
9.68551e-11 0.0131362 1.5708 1.25981
9.69329e-11 0.0131361 1.5708 1.26082
9.70107e-11 0.0131359 1.5708 1.26183
9.70886e-11 0.0131358 1.5708 1.26284
9.71664e-11 0.0131357 1.5708 1.26386
9.72443e-11 0.0131355 1.5708 1.26487
9.73221e-11 0.0131354 1.5708 1.26588
9.74e-11 0.0131352 1.5708 1.26689
9.74778e-11 0.0131351 1.5708 1.26791
9.75557e-11 0.0131349 1.5708 1.26892
9.76335e-11 0.0131348 1.5708 1.26993
9.77114e-11 0.0131346 1.5708 1.27094
9.77892e-11 0.0131345 1.5708 1.27196
9.78671e-11 0.0131343 1.5708 1.27297
9.7945e-11 0.0131342 1.5708 1.27398
9.80228e-11 0.0131341 1.5708 1.27499
9.81007e-11 0.0131339 1.5708 1.27601
9.81785e-11 0.0131338 1.5708 1.27702
9.82564e-11 0.0131336 1.5708 1.27803
9.83343e-11 0.0131335 1.5708 1.27904
9.84122e-11 0.0131333 1.5708 1.28006
9.849e-11 0.0131332 1.5708 1.28107
9.85679e-11 0.013133 1.5708 1.28208
9.86458e-11 0.0131329 1.5708 1.28309
9.87237e-11 0.0131327 1.5708 1.28411
9.88015e-11 0.0131326 1.5708 1.28512
9.88794e-11 0.0131324 1.5708 1.28613
9.89573e-11 0.0131323 1.5708 1.28714
9.90352e-11 0.0131321 1.5708 1.28816
9.91131e-11 0.013132 1.5708 1.28917
9.9191e-11 0.0131318 1.5708 1.29018
9.92689e-11 0.0131317 1.5708 1.2912
9.93468e-11 0.0131315 1.5708 1.29221
9.94247e-11 0.0131314 1.5708 1.29322
9.95026e-11 0.0131312 1.5708 1.29423
9.95805e-11 0.0131311 1.5708 1.29525
9.96584e-11 0.0131309 1.5708 1.29626
9.97363e-11 0.0131308 1.5708 1.29727
9.98142e-11 0.0131306 1.5708 1.29829
9.98921e-11 0.0131305 1.5708 1.2993
9.997e-11 0.0131303 1.5708 1.30031
1.00048e-10 0.0131302 1.5708 1.30133
1.00126e-10 0.01313 1.5708 1.30234
1.00204e-10 0.0131299 1.5708 1.30335
1.00282e-10 0.0131297 1.5708 1.30437
1.0036e-10 0.0131296 1.5708 1.30538
1.00437e-10 0.0131294 1.5708 1.30639
1.00515e-10 0.0131293 1.5708 1.30741
1.00593e-10 0.0131291 1.5708 1.30842
1.00671e-10 0.013129 1.5708 1.30943
1.00749e-10 0.0131288 1.5708 1.31044
1.00827e-10 0.0131287 1.5708 1.31146
1.00905e-10 0.0131285 1.5708 1.31247
1.00983e-10 0.0131284 1.5708 1.31348
1.01061e-10 0.0131282 1.5708 1.3145
1.01139e-10 0.013128 1.5708 1.31551
1.01217e-10 0.0131279 1.5708 1.31653
1.01295e-10 0.0131277 1.5708 1.31754
1.01373e-10 0.0131276 1.5708 1.31855
1.01451e-10 0.0131274 1.5708 1.31957
1.01529e-10 0.0131273 1.5708 1.32058
1.01607e-10 0.0131271 1.5708 1.32159
1.01684e-10 0.013127 1.5708 1.32261
1.01762e-10 0.0131268 1.5708 1.32362
1.0184e-10 0.0131267 1.5708 1.32463
1.01918e-10 0.0131265 1.5708 1.32565
1.01996e-10 0.0131263 1.5708 1.32666
1.02074e-10 0.0131262 1.5708 1.32767
1.02152e-10 0.013126 1.5708 1.32869
1.0223e-10 0.0131259 1.5708 1.3297
1.02308e-10 0.0131257 1.5708 1.33072
1.02386e-10 0.0131256 1.5708 1.33173
1.02464e-10 0.0131254 1.5708 1.33274
1.02542e-10 0.0131252 1.5708 1.33376
1.0262e-10 0.0131251 1.5708 1.33477
1.02698e-10 0.0131249 1.5708 1.33579
1.02776e-10 0.0131248 1.5708 1.3368
1.02854e-10 0.0131246 1.5708 1.33781
1.02932e-10 0.0131245 1.5708 1.33883
1.0301e-10 0.0131243 1.5708 1.33984
1.03088e-10 0.0131241 1.5708 1.34086
1.03166e-10 0.013124 1.5708 1.34187
1.03244e-10 0.0131238 1.5708 1.34288
1.03322e-10 0.0131237 1.5708 1.3439
1.034e-10 0.0131235 1.5708 1.34491
1.03478e-10 0.0131233 1.5708 1.34593
1.03556e-10 0.0131232 1.5708 1.34694
1.03634e-10 0.013123 1.5708 1.34795
1.03712e-10 0.0131229 1.5708 1.34897
1.0379e-10 0.0131227 1.5708 1.34998
1.03868e-10 0.0131225 1.5708 1.351
1.03946e-10 0.0131224 1.5708 1.35201
1.04024e-10 0.0131222 1.5708 1.35303
1.04102e-10 0.0131221 1.5708 1.35404
1.0418e-10 0.0131219 1.5708 1.35505
1.04258e-10 0.0131217 1.5708 1.35607
1.04336e-10 0.0131216 1.5708 1.35708
1.04414e-10 0.0131214 1.5708 1.3581
1.04492e-10 0.0131213 1.5708 1.35911
1.0457e-10 0.0131211 1.5708 1.36013
1.04648e-10 0.0131209 1.5708 1.36114
1.04726e-10 0.0131208 1.5708 1.36216
1.04804e-10 0.0131206 1.5708 1.36317
1.04882e-10 0.0131204 1.5708 1.36418
1.0496e-10 0.0131203 1.5708 1.3652
1.05038e-10 0.0131201 1.5708 1.36621
1.05116e-10 0.01312 1.5708 1.36723
1.05194e-10 0.0131198 1.5708 1.36824
1.05272e-10 0.0131196 1.5708 1.36926
1.0535e-10 0.0131195 1.5708 1.37027
1.05428e-10 0.0131193 1.5708 1.37129
1.05506e-10 0.0131191 1.5708 1.3723
1.05584e-10 0.013119 1.5708 1.37332
1.05663e-10 0.0131188 1.5708 1.37433
1.05741e-10 0.0131186 1.5708 1.37535
1.05819e-10 0.0131185 1.5708 1.37636
1.05897e-10 0.0131183 1.5708 1.37738
1.05975e-10 0.0131181 1.5708 1.37839
1.06053e-10 0.013118 1.5708 1.37941
1.06131e-10 0.0131178 1.5708 1.38042
1.06209e-10 0.0131177 1.5708 1.38144
1.06287e-10 0.0131175 1.5708 1.38245
1.06365e-10 0.0131173 1.5708 1.38347
1.06443e-10 0.0131172 1.5708 1.38448
1.06521e-10 0.013117 1.5708 1.3855
1.06599e-10 0.0131168 1.5708 1.38651
1.06677e-10 0.0131167 1.5708 1.38753
1.06755e-10 0.0131165 1.5708 1.38854
1.06834e-10 0.0131163 1.5708 1.38956
1.06912e-10 0.0131162 1.5708 1.39057
1.0699e-10 0.013116 1.5708 1.39159
1.07068e-10 0.0131158 1.5708 1.3926
1.07146e-10 0.0131156 1.5708 1.39362
1.07224e-10 0.0131155 1.5708 1.39463
1.07302e-10 0.0131153 1.5708 1.39565
1.0738e-10 0.0131151 1.5708 1.39666
1.07458e-10 0.013115 1.5708 1.39768
1.07536e-10 0.0131148 1.5708 1.3987
1.07614e-10 0.0131146 1.5708 1.39971
1.07693e-10 0.0131145 1.5708 1.40073
1.07771e-10 0.0131143 1.5708 1.40174
1.07849e-10 0.0131141 1.5708 1.40276
1.07927e-10 0.013114 1.5708 1.40377
1.08005e-10 0.0131138 1.5708 1.40479
1.08083e-10 0.0131136 1.5708 1.4058
1.08161e-10 0.0131134 1.5708 1.40682
1.08239e-10 0.0131133 1.5708 1.40784
1.08317e-10 0.0131131 1.5708 1.40885
1.08396e-10 0.0131129 1.5708 1.40987
1.08474e-10 0.0131128 1.5708 1.41088
1.08552e-10 0.0131126 1.5708 1.4119
1.0863e-10 0.0131124 1.5708 1.41292
1.08708e-10 0.0131122 1.5708 1.41393
1.08786e-10 0.0131121 1.5708 1.41495
1.08864e-10 0.0131119 1.5708 1.41596
1.08943e-10 0.0131117 1.5708 1.41698
1.09021e-10 0.0131115 1.5708 1.41799
1.09099e-10 0.0131114 1.5708 1.41901
1.09177e-10 0.0131112 1.5708 1.42003
1.09255e-10 0.013111 1.5708 1.42104
1.09333e-10 0.0131109 1.5708 1.42206
1.09411e-10 0.0131107 1.5708 1.42308
1.0949e-10 0.0131105 1.5708 1.42409
1.09568e-10 0.0131103 1.5708 1.42511
1.09646e-10 0.0131102 1.5708 1.42612
1.09724e-10 0.01311 1.5708 1.42714
1.09802e-10 0.0131098 1.5708 1.42816
1.0988e-10 0.0131096 1.5708 1.42917
1.09959e-10 0.0131095 1.5708 1.43019
1.10037e-10 0.0131093 1.5708 1.4312
1.10115e-10 0.0131091 1.5708 1.43222
1.10193e-10 0.0131089 1.5708 1.43324
1.10271e-10 0.0131088 1.5708 1.43425
1.10349e-10 0.0131086 1.5708 1.43527
1.10428e-10 0.0131084 1.5708 1.43629
1.10506e-10 0.0131082 1.5708 1.4373
1.10584e-10 0.013108 1.5708 1.43832
1.10662e-10 0.0131079 1.5708 1.43934
1.1074e-10 0.0131077 1.5708 1.44035
1.10819e-10 0.0131075 1.5708 1.44137
1.10897e-10 0.0131073 1.5708 1.44239
1.10975e-10 0.0131072 1.5708 1.4434
1.11053e-10 0.013107 1.5708 1.44442
1.11131e-10 0.0131068 1.5708 1.44544
1.1121e-10 0.0131066 1.5708 1.44645
1.11288e-10 0.0131064 1.5708 1.44747
1.11366e-10 0.0131063 1.5708 1.44849
1.11444e-10 0.0131061 1.5708 1.4495
1.11522e-10 0.0131059 1.5708 1.45052
1.11601e-10 0.0131057 1.5708 1.45154
1.11679e-10 0.0131055 1.5708 1.45255
1.11757e-10 0.0131054 1.5708 1.45357
1.11835e-10 0.0131052 1.5708 1.45459
1.11913e-10 0.013105 1.5708 1.4556
1.11992e-10 0.0131048 1.5708 1.45662
1.1207e-10 0.0131046 1.5708 1.45764
1.12148e-10 0.0131045 1.5708 1.45866
1.12226e-10 0.0131043 1.5708 1.45967
1.12305e-10 0.0131041 1.5708 1.46069
1.12383e-10 0.0131039 1.5708 1.46171
1.12461e-10 0.0131037 1.5708 1.46272
1.12539e-10 0.0131036 1.5708 1.46374
1.12618e-10 0.0131034 1.5708 1.46476
1.12696e-10 0.0131032 1.5708 1.46578
1.12774e-10 0.013103 1.5708 1.46679
1.12852e-10 0.0131028 1.5708 1.46781
1.12931e-10 0.0131026 1.5708 1.46883
1.13009e-10 0.0131025 1.5708 1.46985
1.13087e-10 0.0131023 1.5708 1.47086
1.13165e-10 0.0131021 1.5708 1.47188
1.13244e-10 0.0131019 1.5708 1.4729
1.13322e-10 0.0131017 1.5708 1.47392
1.134e-10 0.0131015 1.5708 1.47493
1.13478e-10 0.0131014 1.5708 1.47595
1.13557e-10 0.0131012 1.5708 1.47697
1.13635e-10 0.013101 1.5708 1.47799
1.13713e-10 0.0131008 1.5708 1.479
1.13792e-10 0.0131006 1.5708 1.48002
1.1387e-10 0.0131004 1.5708 1.48104
1.13948e-10 0.0131002 1.5708 1.48206
1.14026e-10 0.0131001 1.5708 1.48307
1.14105e-10 0.0130999 1.5708 1.48409
1.14183e-10 0.0130997 1.5708 1.48511
1.14261e-10 0.0130995 1.5708 1.48613
1.1434e-10 0.0130993 1.5708 1.48715
1.14418e-10 0.0130991 1.5708 1.48816
1.14496e-10 0.0130989 1.5708 1.48918
1.14574e-10 0.0130987 1.5708 1.4902
1.14653e-10 0.0130986 1.5708 1.49122
1.14731e-10 0.0130984 1.5708 1.49224
1.14809e-10 0.0130982 1.5708 1.49325
1.14888e-10 0.013098 1.5708 1.49427
1.14966e-10 0.0130978 1.5708 1.49529
1.15044e-10 0.0130976 1.5708 1.49631
1.15123e-10 0.0130974 1.5708 1.49733
1.15201e-10 0.0130972 1.5708 1.49834
1.15279e-10 0.0130971 1.5708 1.49936
1.15358e-10 0.0130969 1.5708 1.50038
1.15436e-10 0.0130967 1.5708 1.5014
1.15514e-10 0.0130965 1.5708 1.50242
1.15593e-10 0.0130963 1.5708 1.50344
1.15671e-10 0.0130961 1.5708 1.50445
1.15749e-10 0.0130959 1.5708 1.50547
1.15828e-10 0.0130957 1.5708 1.50649
1.15906e-10 0.0130955 1.5708 1.50751
1.15984e-10 0.0130953 1.5708 1.50853
1.16063e-10 0.0130951 1.5708 1.50955
1.16141e-10 0.013095 1.5708 1.51056
1.16219e-10 0.0130948 1.5708 1.51158
1.16298e-10 0.0130946 1.5708 1.5126
1.16376e-10 0.0130944 1.5708 1.51362
1.16454e-10 0.0130942 1.5708 1.51464
1.16533e-10 0.013094 1.5708 1.51566
1.16611e-10 0.0130938 1.5708 1.51668
1.16689e-10 0.0130936 1.5708 1.5177
1.16768e-10 0.0130934 1.5708 1.51871
1.16846e-10 0.0130932 1.5708 1.51973
1.16925e-10 0.013093 1.5708 1.52075
1.17003e-10 0.0130928 1.5708 1.52177
1.17081e-10 0.0130926 1.5708 1.52279
1.1716e-10 0.0130924 1.5708 1.52381
1.17238e-10 0.0130922 1.5708 1.52483
1.17316e-10 0.013092 1.5708 1.52585
1.17395e-10 0.0130919 1.5708 1.52687
1.17473e-10 0.0130917 1.5708 1.52788
1.17552e-10 0.0130915 1.5708 1.5289
1.1763e-10 0.0130913 1.5708 1.52992
1.17708e-10 0.0130911 1.5708 1.53094
1.17787e-10 0.0130909 1.5708 1.53196
1.17865e-10 0.0130907 1.5708 1.53298
1.17944e-10 0.0130905 1.5708 1.534
1.18022e-10 0.0130903 1.5708 1.53502
1.181e-10 0.0130901 1.5708 1.53604
1.18179e-10 0.0130899 1.5708 1.53706
1.18257e-10 0.0130897 1.5708 1.53808
1.18336e-10 0.0130895 1.5708 1.5391
1.18414e-10 0.0130893 1.5708 1.54012
1.18493e-10 0.0130891 1.5708 1.54113
1.18571e-10 0.0130889 1.5708 1.54215
1.18649e-10 0.0130887 1.5708 1.54317
1.18728e-10 0.0130885 1.5708 1.54419
1.18806e-10 0.0130883 1.5708 1.54521
1.18885e-10 0.0130881 1.5708 1.54623
1.18963e-10 0.0130879 1.5708 1.54725
1.19042e-10 0.0130877 1.5708 1.54827
1.1912e-10 0.0130875 1.5708 1.54929
1.19198e-10 0.0130873 1.5708 1.55031
1.19277e-10 0.0130871 1.5708 1.55133
1.19355e-10 0.0130869 1.5708 1.55235
1.19434e-10 0.0130867 1.5708 1.55337
1.19512e-10 0.0130865 1.5708 1.55439
1.19591e-10 0.0130863 1.5708 1.55541
1.19669e-10 0.0130861 1.5708 1.55643
1.19748e-10 0.0130859 1.5708 1.55745
1.19826e-10 0.0130857 1.5708 1.55847
1.19905e-10 0.0130855 1.5708 1.55949
1.19983e-10 0.0130853 1.5708 1.56051
1.20062e-10 0.0130851 1.5708 1.56153
1.2014e-10 0.0130849 1.5708 1.56255
1.20218e-10 0.0130847 1.5708 1.56357
1.20297e-10 0.0130845 1.5708 1.56459
1.20375e-10 0.0130843 1.5708 1.56561
1.20454e-10 0.0130841 1.5708 1.56663
1.20532e-10 0.0130839 1.5708 1.56765
1.20611e-10 0.0130836 1.5708 1.56867
1.20689e-10 0.0130834 1.5708 1.56969
1.20768e-10 0.0130832 1.5708 1.57071
1.20846e-10 0.013083 1.5708 1.57173
1.20925e-10 0.0130828 1.5708 1.57275
1.21003e-10 0.0130826 1.5708 1.57377
1.21082e-10 0.0130824 1.5708 1.57479
1.2116e-10 0.0130822 1.5708 1.57581
1.21239e-10 0.013082 1.5708 1.57684
1.21317e-10 0.0130818 1.5708 1.57786
1.21396e-10 0.0130816 1.5708 1.57888
1.21474e-10 0.0130814 1.5708 1.5799
1.21553e-10 0.0130812 1.5708 1.58092
1.21632e-10 0.013081 1.5708 1.58194
1.2171e-10 0.0130808 1.5708 1.58296
1.21789e-10 0.0130806 1.5708 1.58398
1.21867e-10 0.0130803 1.5708 1.585
1.21946e-10 0.0130801 1.5708 1.58602
1.22024e-10 0.0130799 1.5708 1.58704
1.22103e-10 0.0130797 1.5708 1.58806
1.22181e-10 0.0130795 1.5708 1.58908
1.2226e-10 0.0130793 1.5708 1.59011
1.22338e-10 0.0130791 1.5708 1.59113
1.22417e-10 0.0130789 1.5708 1.59215
1.22495e-10 0.0130787 1.5708 1.59317
1.22574e-10 0.0130785 1.5708 1.59419
1.22653e-10 0.0130782 1.5708 1.59521
1.22731e-10 0.013078 1.5708 1.59623
1.2281e-10 0.0130778 1.5708 1.59725
1.22888e-10 0.0130776 1.5708 1.59827
1.22967e-10 0.0130774 1.5708 1.5993
1.23045e-10 0.0130772 1.5708 1.60032
1.23124e-10 0.013077 1.5708 1.60134
1.23203e-10 0.0130768 1.5708 1.60236
1.23281e-10 0.0130766 1.5708 1.60338
1.2336e-10 0.0130763 1.5708 1.6044
1.23438e-10 0.0130761 1.5708 1.60542
1.23517e-10 0.0130759 1.5708 1.60645
1.23596e-10 0.0130757 1.5708 1.60747
1.23674e-10 0.0130755 1.5708 1.60849
1.23753e-10 0.0130753 1.5708 1.60951
1.23831e-10 0.0130751 1.5708 1.61053
1.2391e-10 0.0130748 1.5708 1.61155
1.23989e-10 0.0130746 1.5708 1.61258
1.24067e-10 0.0130744 1.5708 1.6136
1.24146e-10 0.0130742 1.5708 1.61462
1.24224e-10 0.013074 1.5708 1.61564
1.24303e-10 0.0130738 1.5708 1.61666
1.24382e-10 0.0130736 1.5708 1.61768
1.2446e-10 0.0130733 1.5708 1.61871
1.24539e-10 0.0130731 1.5708 1.61973
1.24617e-10 0.0130729 1.5708 1.62075
1.24696e-10 0.0130727 1.5708 1.62177
1.24775e-10 0.0130725 1.5708 1.62279
1.24853e-10 0.0130723 1.5708 1.62382
1.24932e-10 0.013072 1.5708 1.62484
1.25011e-10 0.0130718 1.5708 1.62586
1.25089e-10 0.0130716 1.5708 1.62688
1.25168e-10 0.0130714 1.5708 1.62791
1.25247e-10 0.0130712 1.5708 1.62893
1.25325e-10 0.0130709 1.5708 1.62995
1.25404e-10 0.0130707 1.5708 1.63097
1.25483e-10 0.0130705 1.5708 1.63199
1.25561e-10 0.0130703 1.5708 1.63302
1.2564e-10 0.0130701 1.5708 1.63404
1.25719e-10 0.0130698 1.5708 1.63506
1.25797e-10 0.0130696 1.5708 1.63608
1.25876e-10 0.0130694 1.5708 1.63711
1.25955e-10 0.0130692 1.5708 1.63813
1.26033e-10 0.013069 1.5708 1.63915
1.26112e-10 0.0130687 1.5708 1.64017
1.26191e-10 0.0130685 1.5708 1.6412
1.26269e-10 0.0130683 1.5708 1.64222
1.26348e-10 0.0130681 1.5708 1.64324
1.26427e-10 0.0130679 1.5708 1.64427
1.26505e-10 0.0130676 1.5708 1.64529
1.26584e-10 0.0130674 1.5708 1.64631
1.26663e-10 0.0130672 1.5708 1.64733
1.26741e-10 0.013067 1.5708 1.64836
1.2682e-10 0.0130667 1.5708 1.64938
1.26899e-10 0.0130665 1.5708 1.6504
1.26978e-10 0.0130663 1.5708 1.65143
1.27056e-10 0.0130661 1.5708 1.65245
1.27135e-10 0.0130658 1.5708 1.65347
1.27214e-10 0.0130656 1.5708 1.6545
1.27292e-10 0.0130654 1.5708 1.65552
1.27371e-10 0.0130652 1.5708 1.65654
1.2745e-10 0.0130649 1.5708 1.65756
1.27529e-10 0.0130647 1.5708 1.65859
1.27607e-10 0.0130645 1.5708 1.65961
1.27686e-10 0.0130643 1.5708 1.66063
1.27765e-10 0.013064 1.5708 1.66166
1.27844e-10 0.0130638 1.5708 1.66268
1.27922e-10 0.0130636 1.5708 1.6637
1.28001e-10 0.0130634 1.5708 1.66473
1.2808e-10 0.0130631 1.5708 1.66575
1.28159e-10 0.0130629 1.5708 1.66678
1.28237e-10 0.0130627 1.5708 1.6678
1.28316e-10 0.0130624 1.5708 1.66882
1.28395e-10 0.0130622 1.5708 1.66985
1.28474e-10 0.013062 1.5708 1.67087
1.28552e-10 0.0130618 1.5708 1.67189
1.28631e-10 0.0130615 1.5708 1.67292
1.2871e-10 0.0130613 1.5708 1.67394
1.28789e-10 0.0130611 1.5708 1.67496
1.28867e-10 0.0130608 1.5708 1.67599
1.28946e-10 0.0130606 1.5708 1.67701
1.29025e-10 0.0130604 1.5708 1.67804
1.29104e-10 0.0130601 1.5708 1.67906
1.29183e-10 0.0130599 1.5708 1.68008
1.29261e-10 0.0130597 1.5708 1.68111
1.2934e-10 0.0130595 1.5708 1.68213
1.29419e-10 0.0130592 1.5708 1.68316
1.29498e-10 0.013059 1.5708 1.68418
1.29577e-10 0.0130588 1.5708 1.68521
1.29655e-10 0.0130585 1.5708 1.68623
1.29734e-10 0.0130583 1.5708 1.68725
1.29813e-10 0.0130581 1.5708 1.68828
1.29892e-10 0.0130578 1.5708 1.6893
1.29971e-10 0.0130576 1.5708 1.69033
1.3005e-10 0.0130574 1.5708 1.69135
1.30128e-10 0.0130571 1.5708 1.69238
1.30207e-10 0.0130569 1.5708 1.6934
1.30286e-10 0.0130567 1.5708 1.69442
1.30365e-10 0.0130564 1.5708 1.69545
1.30444e-10 0.0130562 1.5708 1.69647
1.30523e-10 0.0130559 1.5708 1.6975
1.30601e-10 0.0130557 1.5708 1.69852
1.3068e-10 0.0130555 1.5708 1.69955
1.30759e-10 0.0130552 1.5708 1.70057
1.30838e-10 0.013055 1.5708 1.7016
1.30917e-10 0.0130548 1.5708 1.70262
1.30996e-10 0.0130545 1.5708 1.70365
1.31075e-10 0.0130543 1.5708 1.70467
1.31153e-10 0.0130541 1.5708 1.7057
1.31232e-10 0.0130538 1.5708 1.70672
1.31311e-10 0.0130536 1.5708 1.70775
1.3139e-10 0.0130533 1.5708 1.70877
1.31469e-10 0.0130531 1.5708 1.7098
1.31548e-10 0.0130529 1.5708 1.71082
1.31627e-10 0.0130526 1.5708 1.71185
1.31706e-10 0.0130524 1.5708 1.71287
1.31784e-10 0.0130521 1.5708 1.7139
1.31863e-10 0.0130519 1.5708 1.71492
1.31942e-10 0.0130517 1.5708 1.71595
1.32021e-10 0.0130514 1.5708 1.71697
1.321e-10 0.0130512 1.5708 1.718
1.32179e-10 0.0130509 1.5708 1.71902
1.32258e-10 0.0130507 1.5708 1.72005
1.32337e-10 0.0130505 1.5708 1.72108
1.32416e-10 0.0130502 1.5708 1.7221
1.32495e-10 0.01305 1.5708 1.72313
1.32574e-10 0.0130497 1.5708 1.72415
1.32652e-10 0.0130495 1.5708 1.72518
1.32731e-10 0.0130492 1.5708 1.7262
1.3281e-10 0.013049 1.5708 1.72723
1.32889e-10 0.0130488 1.5708 1.72825
1.32968e-10 0.0130485 1.5708 1.72928
1.33047e-10 0.0130483 1.5708 1.73031
1.33126e-10 0.013048 1.5708 1.73133
1.33205e-10 0.0130478 1.5708 1.73236
1.33284e-10 0.0130475 1.5708 1.73338
1.33363e-10 0.0130473 1.5708 1.73441
1.33442e-10 0.013047 1.5708 1.73544
1.33521e-10 0.0130468 1.5708 1.73646
1.336e-10 0.0130466 1.5708 1.73749
1.33679e-10 0.0130463 1.5708 1.73851
1.33758e-10 0.0130461 1.5708 1.73954
1.33837e-10 0.0130458 1.5708 1.74057
1.33916e-10 0.0130456 1.5708 1.74159
1.33995e-10 0.0130453 1.5708 1.74262
1.34074e-10 0.0130451 1.5708 1.74365
1.34153e-10 0.0130448 1.5708 1.74467
1.34232e-10 0.0130446 1.5708 1.7457
1.34311e-10 0.0130443 1.5708 1.74673
1.3439e-10 0.0130441 1.5708 1.74775
1.34469e-10 0.0130438 1.5708 1.74878
1.34548e-10 0.0130436 1.5708 1.7498
1.34627e-10 0.0130433 1.5708 1.75083
1.34706e-10 0.0130431 1.5708 1.75186
1.34785e-10 0.0130428 1.5708 1.75288
1.34864e-10 0.0130426 1.5708 1.75391
1.34943e-10 0.0130423 1.5708 1.75494
1.35022e-10 0.0130421 1.5708 1.75596
1.35101e-10 0.0130418 1.5708 1.75699
1.3518e-10 0.0130416 1.5708 1.75802
1.35259e-10 0.0130413 1.5708 1.75905
1.35338e-10 0.0130411 1.5708 1.76007
1.35417e-10 0.0130408 1.5708 1.7611
1.35496e-10 0.0130406 1.5708 1.76213
1.35575e-10 0.0130403 1.5708 1.76315
1.35654e-10 0.0130401 1.5708 1.76418
1.35733e-10 0.0130398 1.5708 1.76521
1.35812e-10 0.0130396 1.5708 1.76624
1.35891e-10 0.0130393 1.5708 1.76726
1.3597e-10 0.0130391 1.5708 1.76829
1.36049e-10 0.0130388 1.5708 1.76932
1.36128e-10 0.0130385 1.5708 1.77034
1.36207e-10 0.0130383 1.5708 1.77137
1.36286e-10 0.013038 1.5708 1.7724
1.36366e-10 0.0130378 1.5708 1.77343
1.36445e-10 0.0130375 1.5708 1.77445
1.36524e-10 0.0130373 1.5708 1.77548
1.36603e-10 0.013037 1.5708 1.77651
1.36682e-10 0.0130368 1.5708 1.77754
1.36761e-10 0.0130365 1.5708 1.77856
1.3684e-10 0.0130362 1.5708 1.77959
1.36919e-10 0.013036 1.5708 1.78062
1.36998e-10 0.0130357 1.5708 1.78165
1.37077e-10 0.0130355 1.5708 1.78268
1.37156e-10 0.0130352 1.5708 1.7837
1.37236e-10 0.0130349 1.5708 1.78473
1.37315e-10 0.0130347 1.5708 1.78576
1.37394e-10 0.0130344 1.5708 1.78679
1.37473e-10 0.0130342 1.5708 1.78782
1.37552e-10 0.0130339 1.5708 1.78884
1.37631e-10 0.0130337 1.5708 1.78987
1.3771e-10 0.0130334 1.5708 1.7909
1.37789e-10 0.0130331 1.5708 1.79193
1.37869e-10 0.0130329 1.5708 1.79296
1.37948e-10 0.0130326 1.5708 1.79399
1.38027e-10 0.0130323 1.5708 1.79501
1.38106e-10 0.0130321 1.5708 1.79604
1.38185e-10 0.0130318 1.5708 1.79707
1.38264e-10 0.0130316 1.5708 1.7981
1.38344e-10 0.0130313 1.5708 1.79913
1.38423e-10 0.013031 1.5708 1.80016
1.38502e-10 0.0130308 1.5708 1.80118
1.38581e-10 0.0130305 1.5708 1.80221
1.3866e-10 0.0130302 1.5708 1.80324
1.38739e-10 0.01303 1.5708 1.80427
1.38819e-10 0.0130297 1.5708 1.8053
1.38898e-10 0.0130295 1.5708 1.80633
1.38977e-10 0.0130292 1.5708 1.80736
1.39056e-10 0.0130289 1.5708 1.80839
1.39135e-10 0.0130287 1.5708 1.80941
1.39215e-10 0.0130284 1.5708 1.81044
1.39294e-10 0.0130281 1.5708 1.81147
1.39373e-10 0.0130279 1.5708 1.8125
1.39452e-10 0.0130276 1.5708 1.81353
1.39531e-10 0.0130273 1.5708 1.81456
1.39611e-10 0.0130271 1.5708 1.81559
1.3969e-10 0.0130268 1.5708 1.81662
1.39769e-10 0.0130265 1.5708 1.81765
1.39848e-10 0.0130263 1.5708 1.81868
1.39927e-10 0.013026 1.5708 1.81971
1.40007e-10 0.0130257 1.5708 1.82074
1.40086e-10 0.0130254 1.5708 1.82176
1.40165e-10 0.0130252 1.5708 1.82279
1.40244e-10 0.0130249 1.5708 1.82382
1.40324e-10 0.0130246 1.5708 1.82485
1.40403e-10 0.0130244 1.5708 1.82588
1.40482e-10 0.0130241 1.5708 1.82691
1.40561e-10 0.0130238 1.5708 1.82794
1.40641e-10 0.0130236 1.5708 1.82897
1.4072e-10 0.0130233 1.5708 1.83
1.40799e-10 0.013023 1.5708 1.83103
1.40878e-10 0.0130227 1.5708 1.83206
1.40958e-10 0.0130225 1.5708 1.83309
1.41037e-10 0.0130222 1.5708 1.83412
1.41116e-10 0.0130219 1.5708 1.83515
1.41196e-10 0.0130216 1.5708 1.83618
1.41275e-10 0.0130214 1.5708 1.83721
1.41354e-10 0.0130211 1.5708 1.83824
1.41433e-10 0.0130208 1.5708 1.83927
1.41513e-10 0.0130206 1.5708 1.8403
1.41592e-10 0.0130203 1.5708 1.84133
1.41671e-10 0.01302 1.5708 1.84236
1.41751e-10 0.0130197 1.5708 1.84339
1.4183e-10 0.0130195 1.5708 1.84442
1.41909e-10 0.0130192 1.5708 1.84545
1.41989e-10 0.0130189 1.5708 1.84648
1.42068e-10 0.0130186 1.5708 1.84751
1.42147e-10 0.0130183 1.5708 1.84855
1.42227e-10 0.0130181 1.5708 1.84958
1.42306e-10 0.0130178 1.5708 1.85061
1.42385e-10 0.0130175 1.5708 1.85164
1.42465e-10 0.0130172 1.5708 1.85267
1.42544e-10 0.013017 1.5708 1.8537
1.42623e-10 0.0130167 1.5708 1.85473
1.42703e-10 0.0130164 1.5708 1.85576
1.42782e-10 0.0130161 1.5708 1.85679
1.42861e-10 0.0130158 1.5708 1.85782
1.42941e-10 0.0130156 1.5708 1.85885
1.4302e-10 0.0130153 1.5708 1.85988
1.43099e-10 0.013015 1.5708 1.86092
1.43179e-10 0.0130147 1.5708 1.86195
1.43258e-10 0.0130144 1.5708 1.86298
1.43338e-10 0.0130142 1.5708 1.86401
1.43417e-10 0.0130139 1.5708 1.86504
1.43496e-10 0.0130136 1.5708 1.86607
1.43576e-10 0.0130133 1.5708 1.8671
1.43655e-10 0.013013 1.5708 1.86813
1.43735e-10 0.0130127 1.5708 1.86917
1.43814e-10 0.0130125 1.5708 1.8702
1.43893e-10 0.0130122 1.5708 1.87123
1.43973e-10 0.0130119 1.5708 1.87226
1.44052e-10 0.0130116 1.5708 1.87329
1.44132e-10 0.0130113 1.5708 1.87432
1.44211e-10 0.013011 1.5708 1.87536
1.4429e-10 0.0130108 1.5708 1.87639
1.4437e-10 0.0130105 1.5708 1.87742
1.44449e-10 0.0130102 1.5708 1.87845
1.44529e-10 0.0130099 1.5708 1.87948
1.44608e-10 0.0130096 1.5708 1.88051
1.44688e-10 0.0130093 1.5708 1.88155
1.44767e-10 0.013009 1.5708 1.88258
1.44847e-10 0.0130087 1.5708 1.88361
1.44926e-10 0.0130085 1.5708 1.88464
1.45005e-10 0.0130082 1.5708 1.88567
1.45085e-10 0.0130079 1.5708 1.88671
1.45164e-10 0.0130076 1.5708 1.88774
1.45244e-10 0.0130073 1.5708 1.88877
1.45323e-10 0.013007 1.5708 1.8898
1.45403e-10 0.0130067 1.5708 1.89084
1.45482e-10 0.0130064 1.5708 1.89187
1.45562e-10 0.0130061 1.5708 1.8929
1.45641e-10 0.0130059 1.5708 1.89393
1.45721e-10 0.0130056 1.5708 1.89497
1.458e-10 0.0130053 1.5708 1.896
1.4588e-10 0.013005 1.5708 1.89703
1.45959e-10 0.0130047 1.5708 1.89806
1.46039e-10 0.0130044 1.5708 1.8991
1.46118e-10 0.0130041 1.5708 1.90013
1.46198e-10 0.0130038 1.5708 1.90116
1.46277e-10 0.0130035 1.5708 1.9022
1.46357e-10 0.0130032 1.5708 1.90323
1.46436e-10 0.0130029 1.5708 1.90426
1.46516e-10 0.0130026 1.5708 1.90529
1.46596e-10 0.0130023 1.5708 1.90633
1.46675e-10 0.0130021 1.5708 1.90736
1.46755e-10 0.0130018 1.5708 1.90839
1.46834e-10 0.0130015 1.5708 1.90943
1.46914e-10 0.0130012 1.5708 1.91046
1.46993e-10 0.0130009 1.5708 1.91149
1.47073e-10 0.0130006 1.5708 1.91253
1.47152e-10 0.0130003 1.5708 1.91356
1.47232e-10 0.013 1.5708 1.91459
1.47312e-10 0.0129997 1.5708 1.91563
1.47391e-10 0.0129994 1.5708 1.91666
1.47471e-10 0.0129991 1.5708 1.91769
1.4755e-10 0.0129988 1.5708 1.91873
1.4763e-10 0.0129985 1.5708 1.91976
1.47709e-10 0.0129982 1.5708 1.9208
1.47789e-10 0.0129979 1.5708 1.92183
1.47869e-10 0.0129976 1.5708 1.92286
1.47948e-10 0.0129973 1.5708 1.9239
1.48028e-10 0.012997 1.5708 1.92493
1.48107e-10 0.0129967 1.5708 1.92597
1.48187e-10 0.0129964 1.5708 1.927
1.48267e-10 0.0129961 1.5708 1.92803
1.48346e-10 0.0129958 1.5708 1.92907
1.48426e-10 0.0129955 1.5708 1.9301
1.48506e-10 0.0129952 1.5708 1.93114
1.48585e-10 0.0129949 1.5708 1.93217
1.48665e-10 0.0129946 1.5708 1.9332
1.48744e-10 0.0129943 1.5708 1.93424
1.48824e-10 0.012994 1.5708 1.93527
1.48904e-10 0.0129937 1.5708 1.93631
1.48983e-10 0.0129934 1.5708 1.93734
1.49063e-10 0.0129931 1.5708 1.93838
1.49143e-10 0.0129928 1.5708 1.93941
1.49222e-10 0.0129924 1.5708 1.94045
1.49302e-10 0.0129921 1.5708 1.94148
1.49382e-10 0.0129918 1.5708 1.94252
1.49461e-10 0.0129915 1.5708 1.94355
1.49541e-10 0.0129912 1.5708 1.94459
1.49621e-10 0.0129909 1.5708 1.94562
1.497e-10 0.0129906 1.5708 1.94666
1.4978e-10 0.0129903 1.5708 1.94769
1.4986e-10 0.01299 1.5708 1.94873
1.4994e-10 0.0129897 1.5708 1.94976
1.50019e-10 0.0129894 1.5708 1.9508
1.50099e-10 0.0129891 1.5708 1.95183
1.50179e-10 0.0129888 1.5708 1.95287
1.50258e-10 0.0129884 1.5708 1.9539
1.50338e-10 0.0129881 1.5708 1.95494
1.50418e-10 0.0129878 1.5708 1.95597
1.50498e-10 0.0129875 1.5708 1.95701
1.50577e-10 0.0129872 1.5708 1.95804
1.50657e-10 0.0129869 1.5708 1.95908
1.50737e-10 0.0129866 1.5708 1.96011
1.50817e-10 0.0129863 1.5708 1.96115
1.50896e-10 0.012986 1.5708 1.96219
1.50976e-10 0.0129856 1.5708 1.96322
1.51056e-10 0.0129853 1.5708 1.96426
1.51136e-10 0.012985 1.5708 1.96529
1.51215e-10 0.0129847 1.5708 1.96633
1.51295e-10 0.0129844 1.5708 1.96736
1.51375e-10 0.0129841 1.5708 1.9684
1.51455e-10 0.0129838 1.5708 1.96944
1.51535e-10 0.0129834 1.5708 1.97047
1.51614e-10 0.0129831 1.5708 1.97151
1.51694e-10 0.0129828 1.5708 1.97255
1.51774e-10 0.0129825 1.5708 1.97358
1.51854e-10 0.0129822 1.5708 1.97462
1.51934e-10 0.0129819 1.5708 1.97565
1.52013e-10 0.0129816 1.5708 1.97669
1.52093e-10 0.0129812 1.5708 1.97773
1.52173e-10 0.0129809 1.5708 1.97876
1.52253e-10 0.0129806 1.5708 1.9798
1.52333e-10 0.0129803 1.5708 1.98084
1.52412e-10 0.01298 1.5708 1.98187
1.52492e-10 0.0129796 1.5708 1.98291
1.52572e-10 0.0129793 1.5708 1.98395
1.52652e-10 0.012979 1.5708 1.98498
1.52732e-10 0.0129787 1.5708 1.98602
1.52812e-10 0.0129784 1.5708 1.98706
1.52892e-10 0.012978 1.5708 1.98809
1.52971e-10 0.0129777 1.5708 1.98913
1.53051e-10 0.0129774 1.5708 1.99017
1.53131e-10 0.0129771 1.5708 1.99121
1.53211e-10 0.0129768 1.5708 1.99224
1.53291e-10 0.0129764 1.5708 1.99328
1.53371e-10 0.0129761 1.5708 1.99432
1.53451e-10 0.0129758 1.5708 1.99535
1.53531e-10 0.0129755 1.5708 1.99639
1.5361e-10 0.0129751 1.5708 1.99743
1.5369e-10 0.0129748 1.5708 1.99847
1.5377e-10 0.0129745 1.5708 1.9995
1.5385e-10 0.0129742 1.5708 2.00054
1.5393e-10 0.0129738 1.5708 2.00158
1.5401e-10 0.0129735 1.5708 2.00262
1.5409e-10 0.0129732 1.5708 2.00365
1.5417e-10 0.0129729 1.5708 2.00469
1.5425e-10 0.0129725 1.5708 2.00573
1.5433e-10 0.0129722 1.5708 2.00677
1.5441e-10 0.0129719 1.5708 2.00781
1.5449e-10 0.0129715 1.5708 2.00884
1.5457e-10 0.0129712 1.5708 2.00988
1.54649e-10 0.0129709 1.5708 2.01092
1.54729e-10 0.0129706 1.5708 2.01196
1.54809e-10 0.0129702 1.5708 2.013
1.54889e-10 0.0129699 1.5708 2.01403
1.54969e-10 0.0129696 1.5708 2.01507
1.55049e-10 0.0129692 1.5708 2.01611
1.55129e-10 0.0129689 1.5708 2.01715
1.55209e-10 0.0129686 1.5708 2.01819
1.55289e-10 0.0129682 1.5708 2.01923
1.55369e-10 0.0129679 1.5708 2.02027
1.55449e-10 0.0129676 1.5708 2.0213
1.55529e-10 0.0129672 1.5708 2.02234
1.55609e-10 0.0129669 1.5708 2.02338
1.55689e-10 0.0129666 1.5708 2.02442
1.55769e-10 0.0129662 1.5708 2.02546
1.55849e-10 0.0129659 1.5708 2.0265
1.55929e-10 0.0129656 1.5708 2.02754
1.56009e-10 0.0129652 1.5708 2.02858
1.56089e-10 0.0129649 1.5708 2.02961
1.56169e-10 0.0129646 1.5708 2.03065
1.56249e-10 0.0129642 1.5708 2.03169
1.56329e-10 0.0129639 1.5708 2.03273
1.5641e-10 0.0129636 1.5708 2.03377
1.5649e-10 0.0129632 1.5708 2.03481
1.5657e-10 0.0129629 1.5708 2.03585
1.5665e-10 0.0129626 1.5708 2.03689
1.5673e-10 0.0129622 1.5708 2.03793
1.5681e-10 0.0129619 1.5708 2.03897
1.5689e-10 0.0129615 1.5708 2.04001
1.5697e-10 0.0129612 1.5708 2.04105
1.5705e-10 0.0129609 1.5708 2.04209
1.5713e-10 0.0129605 1.5708 2.04313
1.5721e-10 0.0129602 1.5708 2.04417
1.5729e-10 0.0129598 1.5708 2.04521
1.5737e-10 0.0129595 1.5708 2.04625
1.57451e-10 0.0129592 1.5708 2.04729
1.57531e-10 0.0129588 1.5708 2.04833
1.57611e-10 0.0129585 1.5708 2.04937
1.57691e-10 0.0129581 1.5708 2.05041
1.57771e-10 0.0129578 1.5708 2.05145
1.57851e-10 0.0129574 1.5708 2.05249
1.57931e-10 0.0129571 1.5708 2.05353
1.58011e-10 0.0129568 1.5708 2.05457
1.58092e-10 0.0129564 1.5708 2.05561
1.58172e-10 0.0129561 1.5708 2.05665
1.58252e-10 0.0129557 1.5708 2.05769
1.58332e-10 0.0129554 1.5708 2.05873
1.58412e-10 0.012955 1.5708 2.05977
1.58492e-10 0.0129547 1.5708 2.06081
1.58573e-10 0.0129543 1.5708 2.06185
1.58653e-10 0.012954 1.5708 2.06289
1.58733e-10 0.0129536 1.5708 2.06393
1.58813e-10 0.0129533 1.5708 2.06498
1.58893e-10 0.0129529 1.5708 2.06602
1.58974e-10 0.0129526 1.5708 2.06706
1.59054e-10 0.0129522 1.5708 2.0681
1.59134e-10 0.0129519 1.5708 2.06914
1.59214e-10 0.0129515 1.5708 2.07018
1.59294e-10 0.0129512 1.5708 2.07122
1.59375e-10 0.0129508 1.5708 2.07226
1.59455e-10 0.0129505 1.5708 2.0733
1.59535e-10 0.0129501 1.5708 2.07435
1.59615e-10 0.0129498 1.5708 2.07539
1.59696e-10 0.0129494 1.5708 2.07643
1.59776e-10 0.0129491 1.5708 2.07747
1.59856e-10 0.0129487 1.5708 2.07851
1.59936e-10 0.0129484 1.5708 2.07955
1.60017e-10 0.012948 1.5708 2.0806
1.60097e-10 0.0129477 1.5708 2.08164
1.60177e-10 0.0129473 1.5708 2.08268
1.60257e-10 0.012947 1.5708 2.08372
1.60338e-10 0.0129466 1.5708 2.08476
1.60418e-10 0.0129462 1.5708 2.08581
1.60498e-10 0.0129459 1.5708 2.08685
1.60578e-10 0.0129455 1.5708 2.08789
1.60659e-10 0.0129452 1.5708 2.08893
1.60739e-10 0.0129448 1.5708 2.08997
1.60819e-10 0.0129445 1.5708 2.09102
1.609e-10 0.0129441 1.5708 2.09206
1.6098e-10 0.0129437 1.5708 2.0931
1.6106e-10 0.0129434 1.5708 2.09414
1.61141e-10 0.012943 1.5708 2.09519
1.61221e-10 0.0129427 1.5708 2.09623
1.61301e-10 0.0129423 1.5708 2.09727
1.61382e-10 0.012942 1.5708 2.09831
1.61462e-10 0.0129416 1.5708 2.09936
1.61542e-10 0.0129412 1.5708 2.1004
1.61623e-10 0.0129409 1.5708 2.10144
1.61703e-10 0.0129405 1.5708 2.10249
1.61783e-10 0.0129401 1.5708 2.10353
1.61864e-10 0.0129398 1.5708 2.10457
1.61944e-10 0.0129394 1.5708 2.10562
1.62025e-10 0.0129391 1.5708 2.10666
1.62105e-10 0.0129387 1.5708 2.1077
1.62185e-10 0.0129383 1.5708 2.10875
1.62266e-10 0.012938 1.5708 2.10979
1.62346e-10 0.0129376 1.5708 2.11083
1.62427e-10 0.0129372 1.5708 2.11188
1.62507e-10 0.0129369 1.5708 2.11292
1.62587e-10 0.0129365 1.5708 2.11396
1.62668e-10 0.0129361 1.5708 2.11501
1.62748e-10 0.0129358 1.5708 2.11605
1.62829e-10 0.0129354 1.5708 2.11709
1.62909e-10 0.012935 1.5708 2.11814
1.6299e-10 0.0129347 1.5708 2.11918
1.6307e-10 0.0129343 1.5708 2.12023
1.6315e-10 0.0129339 1.5708 2.12127
1.63231e-10 0.0129336 1.5708 2.12231
1.63311e-10 0.0129332 1.5708 2.12336
1.63392e-10 0.0129328 1.5708 2.1244
1.63472e-10 0.0129324 1.5708 2.12545
1.63553e-10 0.0129321 1.5708 2.12649
1.63633e-10 0.0129317 1.5708 2.12754
1.63714e-10 0.0129313 1.5708 2.12858
1.63794e-10 0.012931 1.5708 2.12962
1.63875e-10 0.0129306 1.5708 2.13067
1.63955e-10 0.0129302 1.5708 2.13171
1.64036e-10 0.0129298 1.5708 2.13276
1.64116e-10 0.0129295 1.5708 2.1338
1.64197e-10 0.0129291 1.5708 2.13485
1.64277e-10 0.0129287 1.5708 2.13589
1.64358e-10 0.0129283 1.5708 2.13694
1.64438e-10 0.012928 1.5708 2.13798
1.64519e-10 0.0129276 1.5708 2.13903
1.64599e-10 0.0129272 1.5708 2.14007
1.6468e-10 0.0129268 1.5708 2.14112
1.6476e-10 0.0129265 1.5708 2.14216
1.64841e-10 0.0129261 1.5708 2.14321
1.64922e-10 0.0129257 1.5708 2.14425
1.65002e-10 0.0129253 1.5708 2.1453
1.65083e-10 0.0129249 1.5708 2.14634
1.65163e-10 0.0129246 1.5708 2.14739
1.65244e-10 0.0129242 1.5708 2.14844
1.65324e-10 0.0129238 1.5708 2.14948
1.65405e-10 0.0129234 1.5708 2.15053
1.65486e-10 0.012923 1.5708 2.15157
1.65566e-10 0.0129227 1.5708 2.15262
1.65647e-10 0.0129223 1.5708 2.15366
1.65727e-10 0.0129219 1.5708 2.15471
1.65808e-10 0.0129215 1.5708 2.15576
1.65889e-10 0.0129211 1.5708 2.1568
1.65969e-10 0.0129207 1.5708 2.15785
1.6605e-10 0.0129204 1.5708 2.1589
1.66131e-10 0.01292 1.5708 2.15994
1.66211e-10 0.0129196 1.5708 2.16099
1.66292e-10 0.0129192 1.5708 2.16203
1.66373e-10 0.0129188 1.5708 2.16308
1.66453e-10 0.0129184 1.5708 2.16413
1.66534e-10 0.012918 1.5708 2.16517
1.66615e-10 0.0129177 1.5708 2.16622
1.66695e-10 0.0129173 1.5708 2.16727
1.66776e-10 0.0129169 1.5708 2.16831
1.66857e-10 0.0129165 1.5708 2.16936
1.66937e-10 0.0129161 1.5708 2.17041
1.67018e-10 0.0129157 1.5708 2.17145
1.67099e-10 0.0129153 1.5708 2.1725
1.67179e-10 0.0129149 1.5708 2.17355
1.6726e-10 0.0129146 1.5708 2.1746
1.67341e-10 0.0129142 1.5708 2.17564
1.67422e-10 0.0129138 1.5708 2.17669
1.67502e-10 0.0129134 1.5708 2.17774
1.67583e-10 0.012913 1.5708 2.17879
1.67664e-10 0.0129126 1.5708 2.17983
1.67744e-10 0.0129122 1.5708 2.18088
1.67825e-10 0.0129118 1.5708 2.18193
1.67906e-10 0.0129114 1.5708 2.18298
1.67987e-10 0.012911 1.5708 2.18402
1.68068e-10 0.0129106 1.5708 2.18507
1.68148e-10 0.0129102 1.5708 2.18612
1.68229e-10 0.0129098 1.5708 2.18717
1.6831e-10 0.0129094 1.5708 2.18822
1.68391e-10 0.012909 1.5708 2.18926
1.68471e-10 0.0129086 1.5708 2.19031
1.68552e-10 0.0129082 1.5708 2.19136
1.68633e-10 0.0129079 1.5708 2.19241
1.68714e-10 0.0129075 1.5708 2.19346
1.68795e-10 0.0129071 1.5708 2.1945
1.68875e-10 0.0129067 1.5708 2.19555
1.68956e-10 0.0129063 1.5708 2.1966
1.69037e-10 0.0129059 1.5708 2.19765
1.69118e-10 0.0129055 1.5708 2.1987
1.69199e-10 0.0129051 1.5708 2.19975
1.6928e-10 0.0129047 1.5708 2.2008
1.69361e-10 0.0129043 1.5708 2.20184
1.69441e-10 0.0129039 1.5708 2.20289
1.69522e-10 0.0129034 1.5708 2.20394
1.69603e-10 0.012903 1.5708 2.20499
1.69684e-10 0.0129026 1.5708 2.20604
1.69765e-10 0.0129022 1.5708 2.20709
1.69846e-10 0.0129018 1.5708 2.20814
1.69927e-10 0.0129014 1.5708 2.20919
1.70008e-10 0.012901 1.5708 2.21024
1.70088e-10 0.0129006 1.5708 2.21129
1.70169e-10 0.0129002 1.5708 2.21234
1.7025e-10 0.0128998 1.5708 2.21339
1.70331e-10 0.0128994 1.5708 2.21444
1.70412e-10 0.012899 1.5708 2.21549
1.70493e-10 0.0128986 1.5708 2.21654
1.70574e-10 0.0128982 1.5708 2.21759
1.70655e-10 0.0128978 1.5708 2.21864
1.70736e-10 0.0128974 1.5708 2.21969
1.70817e-10 0.0128969 1.5708 2.22074
1.70898e-10 0.0128965 1.5708 2.22179
1.70979e-10 0.0128961 1.5708 2.22284
1.7106e-10 0.0128957 1.5708 2.22389
1.71141e-10 0.0128953 1.5708 2.22494
1.71222e-10 0.0128949 1.5708 2.22599
1.71303e-10 0.0128945 1.5708 2.22704
1.71384e-10 0.0128941 1.5708 2.22809
1.71465e-10 0.0128937 1.5708 2.22914
1.71546e-10 0.0128932 1.5708 2.23019
1.71627e-10 0.0128928 1.5708 2.23124
1.71708e-10 0.0128924 1.5708 2.23229
1.71789e-10 0.012892 1.5708 2.23334
1.7187e-10 0.0128916 1.5708 2.23439
1.71951e-10 0.0128912 1.5708 2.23544
1.72032e-10 0.0128908 1.5708 2.23649
1.72113e-10 0.0128903 1.5708 2.23754
1.72194e-10 0.0128899 1.5708 2.2386
1.72275e-10 0.0128895 1.5708 2.23965
1.72356e-10 0.0128891 1.5708 2.2407
1.72437e-10 0.0128887 1.5708 2.24175
1.72518e-10 0.0128882 1.5708 2.2428
1.72599e-10 0.0128878 1.5708 2.24385
1.7268e-10 0.0128874 1.5708 2.2449
1.72761e-10 0.012887 1.5708 2.24596
1.72843e-10 0.0128866 1.5708 2.24701
1.72924e-10 0.0128861 1.5708 2.24806
1.73005e-10 0.0128857 1.5708 2.24911
1.73086e-10 0.0128853 1.5708 2.25016
1.73167e-10 0.0128849 1.5708 2.25122
1.73248e-10 0.0128844 1.5708 2.25227
1.73329e-10 0.012884 1.5708 2.25332
1.7341e-10 0.0128836 1.5708 2.25437
1.73492e-10 0.0128832 1.5708 2.25542
1.73573e-10 0.0128828 1.5708 2.25648
1.73654e-10 0.0128823 1.5708 2.25753
1.73735e-10 0.0128819 1.5708 2.25858
1.73816e-10 0.0128815 1.5708 2.25963
1.73897e-10 0.012881 1.5708 2.26069
1.73979e-10 0.0128806 1.5708 2.26174
1.7406e-10 0.0128802 1.5708 2.26279
1.74141e-10 0.0128798 1.5708 2.26384
1.74222e-10 0.0128793 1.5708 2.2649
1.74303e-10 0.0128789 1.5708 2.26595
1.74385e-10 0.0128785 1.5708 2.267
1.74466e-10 0.012878 1.5708 2.26806
1.74547e-10 0.0128776 1.5708 2.26911
1.74628e-10 0.0128772 1.5708 2.27016
1.74709e-10 0.0128768 1.5708 2.27122
1.74791e-10 0.0128763 1.5708 2.27227
1.74872e-10 0.0128759 1.5708 2.27332
1.74953e-10 0.0128755 1.5708 2.27438
1.75034e-10 0.012875 1.5708 2.27543
1.75116e-10 0.0128746 1.5708 2.27648
1.75197e-10 0.0128742 1.5708 2.27754
1.75278e-10 0.0128737 1.5708 2.27859
1.7536e-10 0.0128733 1.5708 2.27965
1.75441e-10 0.0128728 1.5708 2.2807
1.75522e-10 0.0128724 1.5708 2.28175
1.75603e-10 0.012872 1.5708 2.28281
1.75685e-10 0.0128715 1.5708 2.28386
1.75766e-10 0.0128711 1.5708 2.28492
1.75847e-10 0.0128707 1.5708 2.28597
1.75929e-10 0.0128702 1.5708 2.28702
1.7601e-10 0.0128698 1.5708 2.28808
1.76091e-10 0.0128693 1.5708 2.28913
1.76173e-10 0.0128689 1.5708 2.29019
1.76254e-10 0.0128685 1.5708 2.29124
1.76335e-10 0.012868 1.5708 2.2923
1.76417e-10 0.0128676 1.5708 2.29335
1.76498e-10 0.0128671 1.5708 2.29441
1.7658e-10 0.0128667 1.5708 2.29546
1.76661e-10 0.0128662 1.5708 2.29652
1.76742e-10 0.0128658 1.5708 2.29757
1.76824e-10 0.0128654 1.5708 2.29863
1.76905e-10 0.0128649 1.5708 2.29968
1.76987e-10 0.0128645 1.5708 2.30074
1.77068e-10 0.012864 1.5708 2.30179
1.77149e-10 0.0128636 1.5708 2.30285
1.77231e-10 0.0128631 1.5708 2.3039
1.77312e-10 0.0128627 1.5708 2.30496
1.77394e-10 0.0128622 1.5708 2.30602
1.77475e-10 0.0128618 1.5708 2.30707
1.77557e-10 0.0128613 1.5708 2.30813
1.77638e-10 0.0128609 1.5708 2.30918
1.77719e-10 0.0128604 1.5708 2.31024
1.77801e-10 0.01286 1.5708 2.3113
1.77882e-10 0.0128595 1.5708 2.31235
1.77964e-10 0.0128591 1.5708 2.31341
1.78045e-10 0.0128586 1.5708 2.31446
1.78127e-10 0.0128582 1.5708 2.31552
1.78208e-10 0.0128577 1.5708 2.31658
1.7829e-10 0.0128573 1.5708 2.31763
1.78371e-10 0.0128568 1.5708 2.31869
1.78453e-10 0.0128564 1.5708 2.31975
1.78534e-10 0.0128559 1.5708 2.3208
1.78616e-10 0.0128555 1.5708 2.32186
1.78698e-10 0.012855 1.5708 2.32292
1.78779e-10 0.0128545 1.5708 2.32397
1.78861e-10 0.0128541 1.5708 2.32503
1.78942e-10 0.0128536 1.5708 2.32609
1.79024e-10 0.0128532 1.5708 2.32715
1.79105e-10 0.0128527 1.5708 2.3282
1.79187e-10 0.0128523 1.5708 2.32926
1.79268e-10 0.0128518 1.5708 2.33032
1.7935e-10 0.0128513 1.5708 2.33137
1.79432e-10 0.0128509 1.5708 2.33243
1.79513e-10 0.0128504 1.5708 2.33349
1.79595e-10 0.01285 1.5708 2.33455
1.79677e-10 0.0128495 1.5708 2.33561
1.79758e-10 0.012849 1.5708 2.33666
1.7984e-10 0.0128486 1.5708 2.33772
1.79921e-10 0.0128481 1.5708 2.33878
1.80003e-10 0.0128476 1.5708 2.33984
1.80085e-10 0.0128472 1.5708 2.3409
1.80166e-10 0.0128467 1.5708 2.34195
1.80248e-10 0.0128463 1.5708 2.34301
1.8033e-10 0.0128458 1.5708 2.34407
1.80411e-10 0.0128453 1.5708 2.34513
1.80493e-10 0.0128449 1.5708 2.34619
1.80575e-10 0.0128444 1.5708 2.34725
1.80656e-10 0.0128439 1.5708 2.3483
1.80738e-10 0.0128435 1.5708 2.34936
1.8082e-10 0.012843 1.5708 2.35042
1.80902e-10 0.0128425 1.5708 2.35148
1.80983e-10 0.012842 1.5708 2.35254
1.81065e-10 0.0128416 1.5708 2.3536
1.81147e-10 0.0128411 1.5708 2.35466
1.81229e-10 0.0128406 1.5708 2.35572
1.8131e-10 0.0128402 1.5708 2.35678
1.81392e-10 0.0128397 1.5708 2.35784
1.81474e-10 0.0128392 1.5708 2.3589
1.81556e-10 0.0128387 1.5708 2.35996
1.81637e-10 0.0128383 1.5708 2.36101
1.81719e-10 0.0128378 1.5708 2.36207
1.81801e-10 0.0128373 1.5708 2.36313
1.81883e-10 0.0128368 1.5708 2.36419
1.81965e-10 0.0128364 1.5708 2.36525
1.82046e-10 0.0128359 1.5708 2.36631
1.82128e-10 0.0128354 1.5708 2.36737
1.8221e-10 0.0128349 1.5708 2.36843
1.82292e-10 0.0128345 1.5708 2.36949
1.82374e-10 0.012834 1.5708 2.37056
1.82455e-10 0.0128335 1.5708 2.37162
1.82537e-10 0.012833 1.5708 2.37268
1.82619e-10 0.0128325 1.5708 2.37374
1.82701e-10 0.0128321 1.5708 2.3748
1.82783e-10 0.0128316 1.5708 2.37586
1.82865e-10 0.0128311 1.5708 2.37692
1.82947e-10 0.0128306 1.5708 2.37798
1.83029e-10 0.0128301 1.5708 2.37904
1.8311e-10 0.0128296 1.5708 2.3801
1.83192e-10 0.0128292 1.5708 2.38116
1.83274e-10 0.0128287 1.5708 2.38222
1.83356e-10 0.0128282 1.5708 2.38329
1.83438e-10 0.0128277 1.5708 2.38435
1.8352e-10 0.0128272 1.5708 2.38541
1.83602e-10 0.0128267 1.5708 2.38647
1.83684e-10 0.0128262 1.5708 2.38753
1.83766e-10 0.0128258 1.5708 2.38859
1.83848e-10 0.0128253 1.5708 2.38965
1.8393e-10 0.0128248 1.5708 2.39072
1.84012e-10 0.0128243 1.5708 2.39178
1.84094e-10 0.0128238 1.5708 2.39284
1.84176e-10 0.0128233 1.5708 2.3939
1.84258e-10 0.0128228 1.5708 2.39497
1.8434e-10 0.0128223 1.5708 2.39603
1.84422e-10 0.0128218 1.5708 2.39709
1.84504e-10 0.0128213 1.5708 2.39815
1.84586e-10 0.0128208 1.5708 2.39921
1.84668e-10 0.0128204 1.5708 2.40028
1.8475e-10 0.0128199 1.5708 2.40134
1.84832e-10 0.0128194 1.5708 2.4024
1.84914e-10 0.0128189 1.5708 2.40347
1.84996e-10 0.0128184 1.5708 2.40453
1.85078e-10 0.0128179 1.5708 2.40559
1.8516e-10 0.0128174 1.5708 2.40665
1.85242e-10 0.0128169 1.5708 2.40772
1.85324e-10 0.0128164 1.5708 2.40878
1.85407e-10 0.0128159 1.5708 2.40984
1.85489e-10 0.0128154 1.5708 2.41091
1.85571e-10 0.0128149 1.5708 2.41197
1.85653e-10 0.0128144 1.5708 2.41303
1.85735e-10 0.0128139 1.5708 2.4141
1.85817e-10 0.0128134 1.5708 2.41516
1.85899e-10 0.0128129 1.5708 2.41623
1.85981e-10 0.0128124 1.5708 2.41729
1.86064e-10 0.0128119 1.5708 2.41835
1.86146e-10 0.0128114 1.5708 2.41942
1.86228e-10 0.0128109 1.5708 2.42048
1.8631e-10 0.0128104 1.5708 2.42155
1.86392e-10 0.0128099 1.5708 2.42261
1.86474e-10 0.0128093 1.5708 2.42368
1.86557e-10 0.0128088 1.5708 2.42474
1.86639e-10 0.0128083 1.5708 2.4258
1.86721e-10 0.0128078 1.5708 2.42687
1.86803e-10 0.0128073 1.5708 2.42793
1.86886e-10 0.0128068 1.5708 2.429
1.86968e-10 0.0128063 1.5708 2.43006
1.8705e-10 0.0128058 1.5708 2.43113
1.87132e-10 0.0128053 1.5708 2.43219
1.87214e-10 0.0128048 1.5708 2.43326
1.87297e-10 0.0128043 1.5708 2.43432
1.87379e-10 0.0128037 1.5708 2.43539
1.87461e-10 0.0128032 1.5708 2.43645
1.87544e-10 0.0128027 1.5708 2.43752
1.87626e-10 0.0128022 1.5708 2.43859
1.87708e-10 0.0128017 1.5708 2.43965
1.8779e-10 0.0128012 1.5708 2.44072
1.87873e-10 0.0128007 1.5708 2.44178
1.87955e-10 0.0128001 1.5708 2.44285
1.88037e-10 0.0127996 1.5708 2.44392
1.8812e-10 0.0127991 1.5708 2.44498
1.88202e-10 0.0127986 1.5708 2.44605
1.88285e-10 0.0127981 1.5708 2.44711
1.88367e-10 0.0127976 1.5708 2.44818
1.88449e-10 0.012797 1.5708 2.44925
1.88532e-10 0.0127965 1.5708 2.45031
1.88614e-10 0.012796 1.5708 2.45138
1.88696e-10 0.0127955 1.5708 2.45245
1.88779e-10 0.012795 1.5708 2.45351
1.88861e-10 0.0127944 1.5708 2.45458
1.88944e-10 0.0127939 1.5708 2.45565
1.89026e-10 0.0127934 1.5708 2.45671
1.89108e-10 0.0127929 1.5708 2.45778
1.89191e-10 0.0127923 1.5708 2.45885
1.89273e-10 0.0127918 1.5708 2.45992
1.89356e-10 0.0127913 1.5708 2.46098
1.89438e-10 0.0127908 1.5708 2.46205
1.89521e-10 0.0127902 1.5708 2.46312
1.89603e-10 0.0127897 1.5708 2.46419
1.89686e-10 0.0127892 1.5708 2.46525
1.89768e-10 0.0127886 1.5708 2.46632
1.89851e-10 0.0127881 1.5708 2.46739
1.89933e-10 0.0127876 1.5708 2.46846
1.90016e-10 0.0127871 1.5708 2.46953
1.90098e-10 0.0127865 1.5708 2.47059
1.90181e-10 0.012786 1.5708 2.47166
1.90263e-10 0.0127855 1.5708 2.47273
1.90346e-10 0.0127849 1.5708 2.4738
1.90428e-10 0.0127844 1.5708 2.47487
1.90511e-10 0.0127839 1.5708 2.47594
1.90594e-10 0.0127833 1.5708 2.47701
1.90676e-10 0.0127828 1.5708 2.47807
1.90759e-10 0.0127822 1.5708 2.47914
1.90841e-10 0.0127817 1.5708 2.48021
1.90924e-10 0.0127812 1.5708 2.48128
1.91006e-10 0.0127806 1.5708 2.48235
1.91089e-10 0.0127801 1.5708 2.48342
1.91172e-10 0.0127796 1.5708 2.48449
1.91254e-10 0.012779 1.5708 2.48556
1.91337e-10 0.0127785 1.5708 2.48663
1.9142e-10 0.0127779 1.5708 2.4877
1.91502e-10 0.0127774 1.5708 2.48877
1.91585e-10 0.0127769 1.5708 2.48984
1.91668e-10 0.0127763 1.5708 2.49091
1.9175e-10 0.0127758 1.5708 2.49198
1.91833e-10 0.0127752 1.5708 2.49305
1.91916e-10 0.0127747 1.5708 2.49412
1.91998e-10 0.0127741 1.5708 2.49519
1.92081e-10 0.0127736 1.5708 2.49626
1.92164e-10 0.012773 1.5708 2.49733
1.92247e-10 0.0127725 1.5708 2.4984
1.92329e-10 0.0127719 1.5708 2.49947
1.92412e-10 0.0127714 1.5708 2.50054
1.92495e-10 0.0127709 1.5708 2.50161
1.92578e-10 0.0127703 1.5708 2.50268
1.9266e-10 0.0127698 1.5708 2.50375
1.92743e-10 0.0127692 1.5708 2.50482
1.92826e-10 0.0127687 1.5708 2.5059
1.92909e-10 0.0127681 1.5708 2.50697
1.92991e-10 0.0127675 1.5708 2.50804
1.93074e-10 0.012767 1.5708 2.50911
1.93157e-10 0.0127664 1.5708 2.51018
1.9324e-10 0.0127659 1.5708 2.51125
1.93323e-10 0.0127653 1.5708 2.51232
1.93406e-10 0.0127648 1.5708 2.5134
1.93488e-10 0.0127642 1.5708 2.51447
1.93571e-10 0.0127637 1.5708 2.51554
1.93654e-10 0.0127631 1.5708 2.51661
1.93737e-10 0.0127625 1.5708 2.51769
1.9382e-10 0.012762 1.5708 2.51876
1.93903e-10 0.0127614 1.5708 2.51983
1.93986e-10 0.0127609 1.5708 2.5209
1.94069e-10 0.0127603 1.5708 2.52197
1.94152e-10 0.0127597 1.5708 2.52305
1.94234e-10 0.0127592 1.5708 2.52412
1.94317e-10 0.0127586 1.5708 2.52519
1.944e-10 0.0127581 1.5708 2.52627
1.94483e-10 0.0127575 1.5708 2.52734
1.94566e-10 0.0127569 1.5708 2.52841
1.94649e-10 0.0127564 1.5708 2.52949
1.94732e-10 0.0127558 1.5708 2.53056
1.94815e-10 0.0127552 1.5708 2.53163
1.94898e-10 0.0127547 1.5708 2.53271
1.94981e-10 0.0127541 1.5708 2.53378
1.95064e-10 0.0127535 1.5708 2.53485
1.95147e-10 0.012753 1.5708 2.53593
1.9523e-10 0.0127524 1.5708 2.537
1.95313e-10 0.0127518 1.5708 2.53808
1.95396e-10 0.0127513 1.5708 2.53915
1.95479e-10 0.0127507 1.5708 2.54022
1.95562e-10 0.0127501 1.5708 2.5413
1.95645e-10 0.0127495 1.5708 2.54237
1.95729e-10 0.012749 1.5708 2.54345
1.95812e-10 0.0127484 1.5708 2.54452
1.95895e-10 0.0127478 1.5708 2.5456
1.95978e-10 0.0127472 1.5708 2.54667
1.96061e-10 0.0127467 1.5708 2.54775
1.96144e-10 0.0127461 1.5708 2.54882
1.96227e-10 0.0127455 1.5708 2.5499
1.9631e-10 0.0127449 1.5708 2.55097
1.96393e-10 0.0127444 1.5708 2.55205
1.96477e-10 0.0127438 1.5708 2.55312
1.9656e-10 0.0127432 1.5708 2.5542
1.96643e-10 0.0127426 1.5708 2.55527
1.96726e-10 0.012742 1.5708 2.55635
1.96809e-10 0.0127415 1.5708 2.55742
1.96893e-10 0.0127409 1.5708 2.5585
1.96976e-10 0.0127403 1.5708 2.55958
1.97059e-10 0.0127397 1.5708 2.56065
1.97142e-10 0.0127391 1.5708 2.56173
1.97225e-10 0.0127385 1.5708 2.5628
1.97309e-10 0.012738 1.5708 2.56388
1.97392e-10 0.0127374 1.5708 2.56496
1.97475e-10 0.0127368 1.5708 2.56603
1.97558e-10 0.0127362 1.5708 2.56711
1.97642e-10 0.0127356 1.5708 2.56819
1.97725e-10 0.012735 1.5708 2.56926
1.97808e-10 0.0127344 1.5708 2.57034
1.97892e-10 0.0127338 1.5708 2.57142
1.97975e-10 0.0127333 1.5708 2.5725
1.98058e-10 0.0127327 1.5708 2.57357
1.98142e-10 0.0127321 1.5708 2.57465
1.98225e-10 0.0127315 1.5708 2.57573
1.98308e-10 0.0127309 1.5708 2.57681
1.98392e-10 0.0127303 1.5708 2.57788
1.98475e-10 0.0127297 1.5708 2.57896
1.98558e-10 0.0127291 1.5708 2.58004
1.98642e-10 0.0127285 1.5708 2.58112
1.98725e-10 0.0127279 1.5708 2.58219
1.98808e-10 0.0127273 1.5708 2.58327
1.98892e-10 0.0127267 1.5708 2.58435
1.98975e-10 0.0127261 1.5708 2.58543
1.99059e-10 0.0127255 1.5708 2.58651
1.99142e-10 0.0127249 1.5708 2.58759
1.99226e-10 0.0127243 1.5708 2.58867
1.99309e-10 0.0127237 1.5708 2.58974
1.99393e-10 0.0127231 1.5708 2.59082
1.99476e-10 0.0127225 1.5708 2.5919
1.99559e-10 0.0127219 1.5708 2.59298
1.99643e-10 0.0127213 1.5708 2.59406
1.99726e-10 0.0127207 1.5708 2.59514
1.9981e-10 0.0127201 1.5708 2.59622
1.99893e-10 0.0127195 1.5708 2.5973
1.99977e-10 0.0127189 1.5708 2.59838
2.00061e-10 0.0127183 1.5708 2.59946
2.00144e-10 0.0127177 1.5708 2.60054
2.00228e-10 0.012717 1.5708 2.60162
2.00311e-10 0.0127164 1.5708 2.6027
2.00395e-10 0.0127158 1.5708 2.60378
2.00478e-10 0.0127152 1.5708 2.60486
2.00562e-10 0.0127146 1.5708 2.60594
2.00646e-10 0.012714 1.5708 2.60702
2.00729e-10 0.0127134 1.5708 2.6081
2.00813e-10 0.0127128 1.5708 2.60918
2.00896e-10 0.0127122 1.5708 2.61026
2.0098e-10 0.0127115 1.5708 2.61134
2.01064e-10 0.0127109 1.5708 2.61242
2.01147e-10 0.0127103 1.5708 2.6135
2.01231e-10 0.0127097 1.5708 2.61458
2.01315e-10 0.0127091 1.5708 2.61567
2.01398e-10 0.0127085 1.5708 2.61675
2.01482e-10 0.0127078 1.5708 2.61783
2.01566e-10 0.0127072 1.5708 2.61891
2.01649e-10 0.0127066 1.5708 2.61999
2.01733e-10 0.012706 1.5708 2.62107
2.01817e-10 0.0127053 1.5708 2.62216
2.01901e-10 0.0127047 1.5708 2.62324
2.01984e-10 0.0127041 1.5708 2.62432
2.02068e-10 0.0127035 1.5708 2.6254
2.02152e-10 0.0127029 1.5708 2.62648
2.02236e-10 0.0127022 1.5708 2.62757
2.0232e-10 0.0127016 1.5708 2.62865
2.02403e-10 0.012701 1.5708 2.62973
2.02487e-10 0.0127003 1.5708 2.63081
2.02571e-10 0.0126997 1.5708 2.6319
2.02655e-10 0.0126991 1.5708 2.63298
2.02739e-10 0.0126985 1.5708 2.63406
2.02822e-10 0.0126978 1.5708 2.63515
2.02906e-10 0.0126972 1.5708 2.63623
2.0299e-10 0.0126966 1.5708 2.63731
2.03074e-10 0.0126959 1.5708 2.6384
2.03158e-10 0.0126953 1.5708 2.63948
2.03242e-10 0.0126947 1.5708 2.64056
2.03326e-10 0.012694 1.5708 2.64165
2.0341e-10 0.0126934 1.5708 2.64273
2.03494e-10 0.0126928 1.5708 2.64382
2.03578e-10 0.0126921 1.5708 2.6449
2.03661e-10 0.0126915 1.5708 2.64598
2.03745e-10 0.0126908 1.5708 2.64707
2.03829e-10 0.0126902 1.5708 2.64815
2.03913e-10 0.0126896 1.5708 2.64924
2.03997e-10 0.0126889 1.5708 2.65032
2.04081e-10 0.0126883 1.5708 2.65141
2.04165e-10 0.0126876 1.5708 2.65249
2.04249e-10 0.012687 1.5708 2.65358
2.04333e-10 0.0126864 1.5708 2.65466
2.04417e-10 0.0126857 1.5708 2.65575
2.04501e-10 0.0126851 1.5708 2.65683
2.04586e-10 0.0126844 1.5708 2.65792
2.0467e-10 0.0126838 1.5708 2.659
2.04754e-10 0.0126831 1.5708 2.66009
2.04838e-10 0.0126825 1.5708 2.66117
2.04922e-10 0.0126818 1.5708 2.66226
2.05006e-10 0.0126812 1.5708 2.66335
2.0509e-10 0.0126805 1.5708 2.66443
2.05174e-10 0.0126799 1.5708 2.66552
2.05258e-10 0.0126792 1.5708 2.66661
2.05342e-10 0.0126786 1.5708 2.66769
2.05427e-10 0.0126779 1.5708 2.66878
2.05511e-10 0.0126773 1.5708 2.66987
2.05595e-10 0.0126766 1.5708 2.67095
2.05679e-10 0.012676 1.5708 2.67204
2.05763e-10 0.0126753 1.5708 2.67313
2.05847e-10 0.0126747 1.5708 2.67421
2.05932e-10 0.012674 1.5708 2.6753
2.06016e-10 0.0126733 1.5708 2.67639
2.061e-10 0.0126727 1.5708 2.67748
2.06184e-10 0.012672 1.5708 2.67856
2.06269e-10 0.0126714 1.5708 2.67965
2.06353e-10 0.0126707 1.5708 2.68074
2.06437e-10 0.01267 1.5708 2.68183
2.06521e-10 0.0126694 1.5708 2.68291
2.06606e-10 0.0126687 1.5708 2.684
2.0669e-10 0.012668 1.5708 2.68509
2.06774e-10 0.0126674 1.5708 2.68618
2.06859e-10 0.0126667 1.5708 2.68727
2.06943e-10 0.012666 1.5708 2.68836
2.07027e-10 0.0126654 1.5708 2.68944
2.07112e-10 0.0126647 1.5708 2.69053
2.07196e-10 0.012664 1.5708 2.69162
2.07281e-10 0.0126634 1.5708 2.69271
2.07365e-10 0.0126627 1.5708 2.6938
2.07449e-10 0.012662 1.5708 2.69489
2.07534e-10 0.0126614 1.5708 2.69598
2.07618e-10 0.0126607 1.5708 2.69707
2.07703e-10 0.01266 1.5708 2.69816
2.07787e-10 0.0126593 1.5708 2.69925
2.07871e-10 0.0126587 1.5708 2.70034
2.07956e-10 0.012658 1.5708 2.70143
2.0804e-10 0.0126573 1.5708 2.70252
2.08125e-10 0.0126566 1.5708 2.70361
2.08209e-10 0.012656 1.5708 2.7047
2.08294e-10 0.0126553 1.5708 2.70579
2.08378e-10 0.0126546 1.5708 2.70688
2.08463e-10 0.0126539 1.5708 2.70797
2.08547e-10 0.0126532 1.5708 2.70906
2.08632e-10 0.0126526 1.5708 2.71015
2.08717e-10 0.0126519 1.5708 2.71124
2.08801e-10 0.0126512 1.5708 2.71233
2.08886e-10 0.0126505 1.5708 2.71343
2.0897e-10 0.0126498 1.5708 2.71452
2.09055e-10 0.0126491 1.5708 2.71561
2.09139e-10 0.0126485 1.5708 2.7167
2.09224e-10 0.0126478 1.5708 2.71779
2.09309e-10 0.0126471 1.5708 2.71888
2.09393e-10 0.0126464 1.5708 2.71998
2.09478e-10 0.0126457 1.5708 2.72107
2.09563e-10 0.012645 1.5708 2.72216
2.09647e-10 0.0126443 1.5708 2.72325
2.09732e-10 0.0126436 1.5708 2.72435
2.09817e-10 0.0126429 1.5708 2.72544
2.09901e-10 0.0126422 1.5708 2.72653
2.09986e-10 0.0126415 1.5708 2.72762
2.10071e-10 0.0126409 1.5708 2.72872
2.10156e-10 0.0126402 1.5708 2.72981
2.1024e-10 0.0126395 1.5708 2.7309
2.10325e-10 0.0126388 1.5708 2.732
2.1041e-10 0.0126381 1.5708 2.73309
2.10495e-10 0.0126374 1.5708 2.73418
2.1058e-10 0.0126367 1.5708 2.73528
2.10664e-10 0.012636 1.5708 2.73637
2.10749e-10 0.0126353 1.5708 2.73746
2.10834e-10 0.0126346 1.5708 2.73856
2.10919e-10 0.0126339 1.5708 2.73965
2.11004e-10 0.0126332 1.5708 2.74075
2.11089e-10 0.0126324 1.5708 2.74184
2.11173e-10 0.0126317 1.5708 2.74294
2.11258e-10 0.012631 1.5708 2.74403
2.11343e-10 0.0126303 1.5708 2.74513
2.11428e-10 0.0126296 1.5708 2.74622
2.11513e-10 0.0126289 1.5708 2.74731
2.11598e-10 0.0126282 1.5708 2.74841
2.11683e-10 0.0126275 1.5708 2.74951
2.11768e-10 0.0126268 1.5708 2.7506
2.11853e-10 0.0126261 1.5708 2.7517
2.11938e-10 0.0126254 1.5708 2.75279
2.12023e-10 0.0126246 1.5708 2.75389
2.12108e-10 0.0126239 1.5708 2.75498
2.12193e-10 0.0126232 1.5708 2.75608
2.12278e-10 0.0126225 1.5708 2.75718
2.12363e-10 0.0126218 1.5708 2.75827
2.12448e-10 0.0126211 1.5708 2.75937
2.12533e-10 0.0126203 1.5708 2.76046
2.12618e-10 0.0126196 1.5708 2.76156
2.12703e-10 0.0126189 1.5708 2.76266
2.12788e-10 0.0126182 1.5708 2.76375
2.12873e-10 0.0126175 1.5708 2.76485
2.12958e-10 0.0126167 1.5708 2.76595
2.13044e-10 0.012616 1.5708 2.76705
2.13129e-10 0.0126153 1.5708 2.76814
2.13214e-10 0.0126146 1.5708 2.76924
2.13299e-10 0.0126138 1.5708 2.77034
2.13384e-10 0.0126131 1.5708 2.77144
2.13469e-10 0.0126124 1.5708 2.77253
2.13554e-10 0.0126117 1.5708 2.77363
2.1364e-10 0.0126109 1.5708 2.77473
2.13725e-10 0.0126102 1.5708 2.77583
2.1381e-10 0.0126095 1.5708 2.77693
2.13895e-10 0.0126087 1.5708 2.77803
2.13981e-10 0.012608 1.5708 2.77912
2.14066e-10 0.0126073 1.5708 2.78022
2.14151e-10 0.0126065 1.5708 2.78132
2.14236e-10 0.0126058 1.5708 2.78242
2.14322e-10 0.0126051 1.5708 2.78352
2.14407e-10 0.0126043 1.5708 2.78462
2.14492e-10 0.0126036 1.5708 2.78572
2.14578e-10 0.0126029 1.5708 2.78682
2.14663e-10 0.0126021 1.5708 2.78792
2.14748e-10 0.0126014 1.5708 2.78902
2.14834e-10 0.0126006 1.5708 2.79012
2.14919e-10 0.0125999 1.5708 2.79122
2.15005e-10 0.0125992 1.5708 2.79232
2.1509e-10 0.0125984 1.5708 2.79342
2.15175e-10 0.0125977 1.5708 2.79452
2.15261e-10 0.0125969 1.5708 2.79562
2.15346e-10 0.0125962 1.5708 2.79672
2.15432e-10 0.0125954 1.5708 2.79782
2.15517e-10 0.0125947 1.5708 2.79892
2.15603e-10 0.0125939 1.5708 2.80002
2.15688e-10 0.0125932 1.5708 2.80112
2.15774e-10 0.0125924 1.5708 2.80223
2.15859e-10 0.0125917 1.5708 2.80333
2.15945e-10 0.0125909 1.5708 2.80443
2.1603e-10 0.0125902 1.5708 2.80553
2.16116e-10 0.0125894 1.5708 2.80663
2.16201e-10 0.0125887 1.5708 2.80773
2.16287e-10 0.0125879 1.5708 2.80884
2.16373e-10 0.0125872 1.5708 2.80994
2.16458e-10 0.0125864 1.5708 2.81104
2.16544e-10 0.0125856 1.5708 2.81214
2.16629e-10 0.0125849 1.5708 2.81325
2.16715e-10 0.0125841 1.5708 2.81435
2.16801e-10 0.0125834 1.5708 2.81545
2.16886e-10 0.0125826 1.5708 2.81656
2.16972e-10 0.0125818 1.5708 2.81766
2.17058e-10 0.0125811 1.5708 2.81876
2.17143e-10 0.0125803 1.5708 2.81987
2.17229e-10 0.0125795 1.5708 2.82097
2.17315e-10 0.0125788 1.5708 2.82207
2.17401e-10 0.012578 1.5708 2.82318
2.17486e-10 0.0125772 1.5708 2.82428
2.17572e-10 0.0125765 1.5708 2.82538
2.17658e-10 0.0125757 1.5708 2.82649
2.17744e-10 0.0125749 1.5708 2.82759
2.17829e-10 0.0125742 1.5708 2.8287
2.17915e-10 0.0125734 1.5708 2.8298
2.18001e-10 0.0125726 1.5708 2.83091
2.18087e-10 0.0125718 1.5708 2.83201
2.18173e-10 0.0125711 1.5708 2.83312
2.18259e-10 0.0125703 1.5708 2.83422
2.18344e-10 0.0125695 1.5708 2.83533
2.1843e-10 0.0125687 1.5708 2.83643
2.18516e-10 0.012568 1.5708 2.83754
2.18602e-10 0.0125672 1.5708 2.83865
2.18688e-10 0.0125664 1.5708 2.83975
2.18774e-10 0.0125656 1.5708 2.84086
2.1886e-10 0.0125648 1.5708 2.84196
2.18946e-10 0.012564 1.5708 2.84307
2.19032e-10 0.0125633 1.5708 2.84418
2.19118e-10 0.0125625 1.5708 2.84528
2.19204e-10 0.0125617 1.5708 2.84639
2.1929e-10 0.0125609 1.5708 2.8475
2.19376e-10 0.0125601 1.5708 2.8486
2.19462e-10 0.0125593 1.5708 2.84971
2.19548e-10 0.0125585 1.5708 2.85082
2.19634e-10 0.0125578 1.5708 2.85193
2.1972e-10 0.012557 1.5708 2.85303
2.19806e-10 0.0125562 1.5708 2.85414
2.19892e-10 0.0125554 1.5708 2.85525
2.19979e-10 0.0125546 1.5708 2.85636
2.20065e-10 0.0125538 1.5708 2.85746
2.20151e-10 0.012553 1.5708 2.85857
2.20237e-10 0.0125522 1.5708 2.85968
2.20323e-10 0.0125514 1.5708 2.86079
2.20409e-10 0.0125506 1.5708 2.8619
2.20496e-10 0.0125498 1.5708 2.86301
2.20582e-10 0.012549 1.5708 2.86412
2.20668e-10 0.0125482 1.5708 2.86523
2.20754e-10 0.0125474 1.5708 2.86633
2.2084e-10 0.0125466 1.5708 2.86744
2.20927e-10 0.0125458 1.5708 2.86855
2.21013e-10 0.012545 1.5708 2.86966
2.21099e-10 0.0125442 1.5708 2.87077
2.21186e-10 0.0125434 1.5708 2.87188
2.21272e-10 0.0125426 1.5708 2.87299
2.21358e-10 0.0125418 1.5708 2.8741
2.21445e-10 0.0125409 1.5708 2.87521
2.21531e-10 0.0125401 1.5708 2.87632
2.21617e-10 0.0125393 1.5708 2.87744
2.21704e-10 0.0125385 1.5708 2.87855
2.2179e-10 0.0125377 1.5708 2.87966
2.21877e-10 0.0125369 1.5708 2.88077
2.21963e-10 0.0125361 1.5708 2.88188
2.22049e-10 0.0125352 1.5708 2.88299
2.22136e-10 0.0125344 1.5708 2.8841
2.22222e-10 0.0125336 1.5708 2.88521
2.22309e-10 0.0125328 1.5708 2.88633
2.22395e-10 0.012532 1.5708 2.88744
2.22482e-10 0.0125311 1.5708 2.88855
2.22568e-10 0.0125303 1.5708 2.88966
2.22655e-10 0.0125295 1.5708 2.89077
2.22741e-10 0.0125287 1.5708 2.89189
2.22828e-10 0.0125279 1.5708 2.893
2.22915e-10 0.012527 1.5708 2.89411
2.23001e-10 0.0125262 1.5708 2.89523
2.23088e-10 0.0125254 1.5708 2.89634
2.23174e-10 0.0125245 1.5708 2.89745
2.23261e-10 0.0125237 1.5708 2.89857
2.23348e-10 0.0125229 1.5708 2.89968
2.23434e-10 0.0125221 1.5708 2.90079
2.23521e-10 0.0125212 1.5708 2.90191
2.23608e-10 0.0125204 1.5708 2.90302
2.23694e-10 0.0125196 1.5708 2.90414
2.23781e-10 0.0125187 1.5708 2.90525
2.23868e-10 0.0125179 1.5708 2.90636
2.23955e-10 0.012517 1.5708 2.90748
2.24041e-10 0.0125162 1.5708 2.90859
2.24128e-10 0.0125154 1.5708 2.90971
2.24215e-10 0.0125145 1.5708 2.91082
2.24302e-10 0.0125137 1.5708 2.91194
2.24389e-10 0.0125128 1.5708 2.91305
2.24475e-10 0.012512 1.5708 2.91417
2.24562e-10 0.0125112 1.5708 2.91529
2.24649e-10 0.0125103 1.5708 2.9164
2.24736e-10 0.0125095 1.5708 2.91752
2.24823e-10 0.0125086 1.5708 2.91863
2.2491e-10 0.0125078 1.5708 2.91975
2.24997e-10 0.0125069 1.5708 2.92087
2.25084e-10 0.0125061 1.5708 2.92198
2.2517e-10 0.0125052 1.5708 2.9231
2.25257e-10 0.0125044 1.5708 2.92422
2.25344e-10 0.0125035 1.5708 2.92533
2.25431e-10 0.0125027 1.5708 2.92645
2.25518e-10 0.0125018 1.5708 2.92757
2.25605e-10 0.0125009 1.5708 2.92869
2.25692e-10 0.0125001 1.5708 2.9298
2.2578e-10 0.0124992 1.5708 2.93092
2.25867e-10 0.0124984 1.5708 2.93204
2.25954e-10 0.0124975 1.5708 2.93316
2.26041e-10 0.0124966 1.5708 2.93428
2.26128e-10 0.0124958 1.5708 2.93539
2.26215e-10 0.0124949 1.5708 2.93651
2.26302e-10 0.0124941 1.5708 2.93763
2.26389e-10 0.0124932 1.5708 2.93875
2.26476e-10 0.0124923 1.5708 2.93987
2.26564e-10 0.0124915 1.5708 2.94099
2.26651e-10 0.0124906 1.5708 2.94211
2.26738e-10 0.0124897 1.5708 2.94323
2.26825e-10 0.0124888 1.5708 2.94435
2.26912e-10 0.012488 1.5708 2.94547
2.27e-10 0.0124871 1.5708 2.94659
2.27087e-10 0.0124862 1.5708 2.94771
2.27174e-10 0.0124854 1.5708 2.94883
2.27262e-10 0.0124845 1.5708 2.94995
2.27349e-10 0.0124836 1.5708 2.95107
2.27436e-10 0.0124827 1.5708 2.95219
2.27524e-10 0.0124818 1.5708 2.95331
2.27611e-10 0.012481 1.5708 2.95443
2.27698e-10 0.0124801 1.5708 2.95555
2.27786e-10 0.0124792 1.5708 2.95667
2.27873e-10 0.0124783 1.5708 2.9578
2.2796e-10 0.0124774 1.5708 2.95892
2.28048e-10 0.0124765 1.5708 2.96004
2.28135e-10 0.0124757 1.5708 2.96116
2.28223e-10 0.0124748 1.5708 2.96228
2.2831e-10 0.0124739 1.5708 2.96341
2.28398e-10 0.012473 1.5708 2.96453
2.28485e-10 0.0124721 1.5708 2.96565
2.28573e-10 0.0124712 1.5708 2.96677
2.2866e-10 0.0124703 1.5708 2.9679
2.28748e-10 0.0124694 1.5708 2.96902
2.28836e-10 0.0124685 1.5708 2.97014
2.28923e-10 0.0124676 1.5708 2.97127
2.29011e-10 0.0124667 1.5708 2.97239
2.29098e-10 0.0124658 1.5708 2.97351
2.29186e-10 0.0124649 1.5708 2.97464
2.29274e-10 0.012464 1.5708 2.97576
2.29361e-10 0.0124631 1.5708 2.97689
2.29449e-10 0.0124622 1.5708 2.97801
2.29537e-10 0.0124613 1.5708 2.97914
2.29624e-10 0.0124604 1.5708 2.98026
2.29712e-10 0.0124595 1.5708 2.98139
2.298e-10 0.0124586 1.5708 2.98251
2.29888e-10 0.0124577 1.5708 2.98364
2.29975e-10 0.0124568 1.5708 2.98476
2.30063e-10 0.0124559 1.5708 2.98589
2.30151e-10 0.012455 1.5708 2.98701
2.30239e-10 0.0124541 1.5708 2.98814
2.30327e-10 0.0124532 1.5708 2.98926
2.30414e-10 0.0124523 1.5708 2.99039
2.30502e-10 0.0124513 1.5708 2.99152
2.3059e-10 0.0124504 1.5708 2.99264
2.30678e-10 0.0124495 1.5708 2.99377
2.30766e-10 0.0124486 1.5708 2.9949
2.30854e-10 0.0124477 1.5708 2.99602
2.30942e-10 0.0124468 1.5708 2.99715
2.3103e-10 0.0124458 1.5708 2.99828
2.31118e-10 0.0124449 1.5708 2.99941
2.31206e-10 0.012444 1.5708 3.00053
2.31294e-10 0.0124431 1.5708 3.00166
2.31382e-10 0.0124421 1.5708 3.00279
2.3147e-10 0.0124412 1.5708 3.00392
2.31558e-10 0.0124403 1.5708 3.00505
2.31646e-10 0.0124394 1.5708 3.00618
2.31734e-10 0.0124384 1.5708 3.0073
2.31822e-10 0.0124375 1.5708 3.00843
2.3191e-10 0.0124366 1.5708 3.00956
2.31999e-10 0.0124356 1.5708 3.01069
2.32087e-10 0.0124347 1.5708 3.01182
2.32175e-10 0.0124338 1.5708 3.01295
2.32263e-10 0.0124328 1.5708 3.01408
2.32351e-10 0.0124319 1.5708 3.01521
2.3244e-10 0.0124309 1.5708 3.01634
2.32528e-10 0.01243 1.5708 3.01747
2.32616e-10 0.0124291 1.5708 3.0186
2.32704e-10 0.0124281 1.5708 3.01973
2.32793e-10 0.0124272 1.5708 3.02086
2.32881e-10 0.0124262 1.5708 3.02199
2.32969e-10 0.0124253 1.5708 3.02313
2.33058e-10 0.0124243 1.5708 3.02426
2.33146e-10 0.0124234 1.5708 3.02539
2.33234e-10 0.0124224 1.5708 3.02652
2.33323e-10 0.0124215 1.5708 3.02765
2.33411e-10 0.0124205 1.5708 3.02878
2.335e-10 0.0124196 1.5708 3.02992
2.33588e-10 0.0124186 1.5708 3.03105
2.33677e-10 0.0124177 1.5708 3.03218
2.33765e-10 0.0124167 1.5708 3.03331
2.33854e-10 0.0124158 1.5708 3.03445
2.33942e-10 0.0124148 1.5708 3.03558
2.34031e-10 0.0124139 1.5708 3.03671
2.34119e-10 0.0124129 1.5708 3.03785
2.34208e-10 0.0124119 1.5708 3.03898
2.34296e-10 0.012411 1.5708 3.04011
2.34385e-10 0.01241 1.5708 3.04125
2.34474e-10 0.012409 1.5708 3.04238
2.34562e-10 0.0124081 1.5708 3.04352
2.34651e-10 0.0124071 1.5708 3.04465
2.34739e-10 0.0124061 1.5708 3.04578
2.34828e-10 0.0124052 1.5708 3.04692
2.34917e-10 0.0124042 1.5708 3.04805
2.35006e-10 0.0124032 1.5708 3.04919
2.35094e-10 0.0124023 1.5708 3.05032
2.35183e-10 0.0124013 1.5708 3.05146
2.35272e-10 0.0124003 1.5708 3.0526
2.35361e-10 0.0123993 1.5708 3.05373
2.35449e-10 0.0123983 1.5708 3.05487
2.35538e-10 0.0123974 1.5708 3.056
2.35627e-10 0.0123964 1.5708 3.05714
2.35716e-10 0.0123954 1.5708 3.05828
2.35805e-10 0.0123944 1.5708 3.05941
2.35894e-10 0.0123934 1.5708 3.06055
2.35983e-10 0.0123925 1.5708 3.06169
2.36072e-10 0.0123915 1.5708 3.06283
2.36161e-10 0.0123905 1.5708 3.06396
2.3625e-10 0.0123895 1.5708 3.0651
2.36339e-10 0.0123885 1.5708 3.06624
2.36428e-10 0.0123875 1.5708 3.06738
2.36517e-10 0.0123865 1.5708 3.06851
2.36606e-10 0.0123855 1.5708 3.06965
2.36695e-10 0.0123845 1.5708 3.07079
2.36784e-10 0.0123835 1.5708 3.07193
2.36873e-10 0.0123825 1.5708 3.07307
2.36962e-10 0.0123815 1.5708 3.07421
2.37051e-10 0.0123806 1.5708 3.07535
2.3714e-10 0.0123796 1.5708 3.07649
2.37229e-10 0.0123785 1.5708 3.07763
2.37319e-10 0.0123775 1.5708 3.07877
2.37408e-10 0.0123765 1.5708 3.07991
2.37497e-10 0.0123755 1.5708 3.08105
2.37586e-10 0.0123745 1.5708 3.08219
2.37675e-10 0.0123735 1.5708 3.08333
2.37765e-10 0.0123725 1.5708 3.08447
2.37854e-10 0.0123715 1.5708 3.08561
2.37943e-10 0.0123705 1.5708 3.08675
2.38033e-10 0.0123695 1.5708 3.08789
2.38122e-10 0.0123685 1.5708 3.08903
2.38211e-10 0.0123675 1.5708 3.09018
2.38301e-10 0.0123664 1.5708 3.09132
2.3839e-10 0.0123654 1.5708 3.09246
2.3848e-10 0.0123644 1.5708 3.0936
2.38569e-10 0.0123634 1.5708 3.09474
2.38659e-10 0.0123624 1.5708 3.09589
2.38748e-10 0.0123613 1.5708 3.09703
2.38838e-10 0.0123603 1.5708 3.09817
2.38927e-10 0.0123593 1.5708 3.09932
2.39017e-10 0.0123583 1.5708 3.10046
2.39106e-10 0.0123572 1.5708 3.1016
2.39196e-10 0.0123562 1.5708 3.10275
2.39285e-10 0.0123552 1.5708 3.10389
2.39375e-10 0.0123542 1.5708 3.10504
2.39465e-10 0.0123531 1.5708 3.10618
2.39554e-10 0.0123521 1.5708 3.10732
2.39644e-10 0.0123511 1.5708 3.10847
2.39734e-10 0.01235 1.5708 3.10961
2.39823e-10 0.012349 1.5708 3.11076
2.39913e-10 0.0123479 1.5708 3.1119
2.40003e-10 0.0123469 1.5708 3.11305
2.40093e-10 0.0123459 1.5708 3.1142
2.40182e-10 0.0123448 1.5708 3.11534
2.40272e-10 0.0123438 1.5708 3.11649
2.40362e-10 0.0123427 1.5708 3.11763
2.40452e-10 0.0123417 1.5708 3.11878
2.40542e-10 0.0123406 1.5708 3.11993
2.40632e-10 0.0123396 1.5708 3.12107
2.40721e-10 0.0123385 1.5708 3.12222
2.40811e-10 0.0123375 1.5708 3.12337
2.40901e-10 0.0123364 1.5708 3.12452
2.40991e-10 0.0123354 1.5708 3.12566
2.41081e-10 0.0123343 1.5708 3.12681
2.41171e-10 0.0123333 1.5708 3.12796
2.41261e-10 0.0123322 1.5708 3.12911
2.41351e-10 0.0123312 1.5708 3.13026
2.41441e-10 0.0123301 1.5708 3.13141
2.41531e-10 0.012329 1.5708 3.13255
2.41622e-10 0.012328 1.5708 3.1337
2.41712e-10 0.0123269 1.5708 3.13485
2.41802e-10 0.0123259 1.5708 3.136
2.41892e-10 0.0123248 1.5708 3.13715
2.41982e-10 0.0123237 1.5708 3.1383
2.42072e-10 0.0123227 1.5708 3.13945
2.42163e-10 0.0123216 1.5708 3.1406
2.42253e-10 0.0123205 1.5708 3.14175
2.42343e-10 0.0123194 1.5708 3.1429
2.42433e-10 0.0123184 1.5708 3.14405
2.42524e-10 0.0123173 1.5708 3.1452
2.42614e-10 0.0123162 1.5708 3.14636
2.42704e-10 0.0123151 1.5708 3.14751
2.42795e-10 0.0123141 1.5708 3.14866
2.42885e-10 0.012313 1.5708 3.14981
2.42975e-10 0.0123119 1.5708 3.15096
2.43066e-10 0.0123108 1.5708 3.15212
2.43156e-10 0.0123097 1.5708 3.15327
2.43247e-10 0.0123086 1.5708 3.15442
2.43337e-10 0.0123076 1.5708 3.15557
2.43428e-10 0.0123065 1.5708 3.15673
2.43518e-10 0.0123054 1.5708 3.15788
2.43609e-10 0.0123043 1.5708 3.15903
2.43699e-10 0.0123032 1.5708 3.16019
2.4379e-10 0.0123021 1.5708 3.16134
2.43881e-10 0.012301 1.5708 3.16249
2.43971e-10 0.0122999 1.5708 3.16365
2.44062e-10 0.0122988 1.5708 3.1648
2.44153e-10 0.0122977 1.5708 3.16596
2.44243e-10 0.0122966 1.5708 3.16711
2.44334e-10 0.0122955 1.5708 3.16827
2.44425e-10 0.0122944 1.5708 3.16942
2.44515e-10 0.0122933 1.5708 3.17058
2.44606e-10 0.0122922 1.5708 3.17173
2.44697e-10 0.0122911 1.5708 3.17289
2.44788e-10 0.01229 1.5708 3.17405
2.44879e-10 0.0122889 1.5708 3.1752
2.4497e-10 0.0122878 1.5708 3.17636
2.4506e-10 0.0122866 1.5708 3.17752
2.45151e-10 0.0122855 1.5708 3.17867
2.45242e-10 0.0122844 1.5708 3.17983
2.45333e-10 0.0122833 1.5708 3.18099
2.45424e-10 0.0122822 1.5708 3.18215
2.45515e-10 0.0122811 1.5708 3.1833
2.45606e-10 0.0122799 1.5708 3.18446
2.45697e-10 0.0122788 1.5708 3.18562
2.45788e-10 0.0122777 1.5708 3.18678
2.45879e-10 0.0122766 1.5708 3.18794
2.4597e-10 0.0122754 1.5708 3.1891
2.46062e-10 0.0122743 1.5708 3.19025
2.46153e-10 0.0122732 1.5708 3.19141
2.46244e-10 0.0122721 1.5708 3.19257
2.46335e-10 0.0122709 1.5708 3.19373
2.46426e-10 0.0122698 1.5708 3.19489
2.46517e-10 0.0122687 1.5708 3.19605
2.46609e-10 0.0122675 1.5708 3.19721
2.467e-10 0.0122664 1.5708 3.19837
2.46791e-10 0.0122652 1.5708 3.19954
2.46883e-10 0.0122641 1.5708 3.2007
2.46974e-10 0.012263 1.5708 3.20186
2.47065e-10 0.0122618 1.5708 3.20302
2.47157e-10 0.0122607 1.5708 3.20418
2.47248e-10 0.0122595 1.5708 3.20534
2.4734e-10 0.0122584 1.5708 3.2065
2.47431e-10 0.0122572 1.5708 3.20767
2.47522e-10 0.0122561 1.5708 3.20883
2.47614e-10 0.0122549 1.5708 3.20999
2.47705e-10 0.0122538 1.5708 3.21116
2.47797e-10 0.0122526 1.5708 3.21232
2.47889e-10 0.0122515 1.5708 3.21348
2.4798e-10 0.0122503 1.5708 3.21465
2.48072e-10 0.0122492 1.5708 3.21581
2.48163e-10 0.012248 1.5708 3.21697
2.48255e-10 0.0122468 1.5708 3.21814
2.48347e-10 0.0122457 1.5708 3.2193
2.48438e-10 0.0122445 1.5708 3.22047
2.4853e-10 0.0122433 1.5708 3.22163
2.48622e-10 0.0122422 1.5708 3.2228
2.48714e-10 0.012241 1.5708 3.22396
2.48805e-10 0.0122398 1.5708 3.22513
2.48897e-10 0.0122387 1.5708 3.22629
2.48989e-10 0.0122375 1.5708 3.22746
2.49081e-10 0.0122363 1.5708 3.22863
2.49173e-10 0.0122351 1.5708 3.22979
2.49265e-10 0.012234 1.5708 3.23096
2.49357e-10 0.0122328 1.5708 3.23213
2.49449e-10 0.0122316 1.5708 3.23329
2.49541e-10 0.0122304 1.5708 3.23446
2.49633e-10 0.0122292 1.5708 3.23563
2.49725e-10 0.0122281 1.5708 3.2368
2.49817e-10 0.0122269 1.5708 3.23797
2.49909e-10 0.0122257 1.5708 3.23913
2.50001e-10 0.0122245 1.5708 3.2403
2.50093e-10 0.0122233 1.5708 3.24147
2.50185e-10 0.0122221 1.5708 3.24264
2.50277e-10 0.0122209 1.5708 3.24381
2.50369e-10 0.0122197 1.5708 3.24498
2.50462e-10 0.0122185 1.5708 3.24615
2.50554e-10 0.0122173 1.5708 3.24732
2.50646e-10 0.0122161 1.5708 3.24849
2.50738e-10 0.0122149 1.5708 3.24966
2.50831e-10 0.0122137 1.5708 3.25083
2.50923e-10 0.0122125 1.5708 3.252
2.51015e-10 0.0122113 1.5708 3.25317
2.51108e-10 0.0122101 1.5708 3.25434
2.512e-10 0.0122089 1.5708 3.25551
2.51293e-10 0.0122077 1.5708 3.25669
2.51385e-10 0.0122065 1.5708 3.25786
2.51478e-10 0.0122053 1.5708 3.25903
2.5157e-10 0.0122041 1.5708 3.2602
2.51663e-10 0.0122028 1.5708 3.26138
2.51755e-10 0.0122016 1.5708 3.26255
2.51848e-10 0.0122004 1.5708 3.26372
2.5194e-10 0.0121992 1.5708 3.26489
2.52033e-10 0.012198 1.5708 3.26607
2.52126e-10 0.0121967 1.5708 3.26724
2.52218e-10 0.0121955 1.5708 3.26842
2.52311e-10 0.0121943 1.5708 3.26959
2.52404e-10 0.0121931 1.5708 3.27077
2.52497e-10 0.0121918 1.5708 3.27194
2.52589e-10 0.0121906 1.5708 3.27312
2.52682e-10 0.0121894 1.5708 3.27429
2.52775e-10 0.0121881 1.5708 3.27547
2.52868e-10 0.0121869 1.5708 3.27664
2.52961e-10 0.0121857 1.5708 3.27782
2.53054e-10 0.0121844 1.5708 3.27899
2.53146e-10 0.0121832 1.5708 3.28017
2.53239e-10 0.0121819 1.5708 3.28135
2.53332e-10 0.0121807 1.5708 3.28252
2.53425e-10 0.0121795 1.5708 3.2837
2.53518e-10 0.0121782 1.5708 3.28488
2.53611e-10 0.012177 1.5708 3.28606
2.53705e-10 0.0121757 1.5708 3.28723
2.53798e-10 0.0121745 1.5708 3.28841
2.53891e-10 0.0121732 1.5708 3.28959
2.53984e-10 0.012172 1.5708 3.29077
2.54077e-10 0.0121707 1.5708 3.29195
2.5417e-10 0.0121694 1.5708 3.29313
2.54264e-10 0.0121682 1.5708 3.29431
2.54357e-10 0.0121669 1.5708 3.29549
2.5445e-10 0.0121657 1.5708 3.29667
2.54543e-10 0.0121644 1.5708 3.29785
2.54637e-10 0.0121631 1.5708 3.29903
2.5473e-10 0.0121619 1.5708 3.30021
2.54824e-10 0.0121606 1.5708 3.30139
2.54917e-10 0.0121593 1.5708 3.30257
2.5501e-10 0.0121581 1.5708 3.30375
2.55104e-10 0.0121568 1.5708 3.30493
2.55197e-10 0.0121555 1.5708 3.30611
2.55291e-10 0.0121542 1.5708 3.3073
2.55384e-10 0.0121529 1.5708 3.30848
2.55478e-10 0.0121517 1.5708 3.30966
2.55572e-10 0.0121504 1.5708 3.31084
2.55665e-10 0.0121491 1.5708 3.31203
2.55759e-10 0.0121478 1.5708 3.31321
2.55853e-10 0.0121465 1.5708 3.31439
2.55946e-10 0.0121452 1.5708 3.31558
2.5604e-10 0.012144 1.5708 3.31676
2.56134e-10 0.0121427 1.5708 3.31795
2.56228e-10 0.0121414 1.5708 3.31913
2.56321e-10 0.0121401 1.5708 3.32032
2.56415e-10 0.0121388 1.5708 3.3215
2.56509e-10 0.0121375 1.5708 3.32269
2.56603e-10 0.0121362 1.5708 3.32387
2.56697e-10 0.0121349 1.5708 3.32506
2.56791e-10 0.0121336 1.5708 3.32624
2.56885e-10 0.0121323 1.5708 3.32743
2.56979e-10 0.012131 1.5708 3.32862
2.57073e-10 0.0121297 1.5708 3.3298
2.57167e-10 0.0121284 1.5708 3.33099
2.57261e-10 0.012127 1.5708 3.33218
2.57355e-10 0.0121257 1.5708 3.33337
2.57449e-10 0.0121244 1.5708 3.33455
2.57543e-10 0.0121231 1.5708 3.33574
2.57638e-10 0.0121218 1.5708 3.33693
2.57732e-10 0.0121205 1.5708 3.33812
2.57826e-10 0.0121191 1.5708 3.33931
2.5792e-10 0.0121178 1.5708 3.3405
2.58015e-10 0.0121165 1.5708 3.34169
2.58109e-10 0.0121152 1.5708 3.34288
2.58203e-10 0.0121138 1.5708 3.34407
2.58298e-10 0.0121125 1.5708 3.34526
2.58392e-10 0.0121112 1.5708 3.34645
2.58487e-10 0.0121099 1.5708 3.34764
2.58581e-10 0.0121085 1.5708 3.34883
2.58676e-10 0.0121072 1.5708 3.35002
2.5877e-10 0.0121058 1.5708 3.35121
2.58865e-10 0.0121045 1.5708 3.3524
2.58959e-10 0.0121032 1.5708 3.3536
2.59054e-10 0.0121018 1.5708 3.35479
2.59149e-10 0.0121005 1.5708 3.35598
2.59243e-10 0.0120991 1.5708 3.35717
2.59338e-10 0.0120978 1.5708 3.35837
2.59433e-10 0.0120964 1.5708 3.35956
2.59528e-10 0.0120951 1.5708 3.36075
2.59622e-10 0.0120937 1.5708 3.36195
2.59717e-10 0.0120924 1.5708 3.36314
2.59812e-10 0.012091 1.5708 3.36434
2.59907e-10 0.0120897 1.5708 3.36553
2.60002e-10 0.0120883 1.5708 3.36673
2.60097e-10 0.0120869 1.5708 3.36792
2.60192e-10 0.0120856 1.5708 3.36912
2.60287e-10 0.0120842 1.5708 3.37031
2.60382e-10 0.0120828 1.5708 3.37151
2.60477e-10 0.0120815 1.5708 3.3727
2.60572e-10 0.0120801 1.5708 3.3739
2.60667e-10 0.0120787 1.5708 3.3751
2.60762e-10 0.0120774 1.5708 3.3763
2.60858e-10 0.012076 1.5708 3.37749
2.60953e-10 0.0120746 1.5708 3.37869
2.61048e-10 0.0120732 1.5708 3.37989
2.61143e-10 0.0120718 1.5708 3.38109
2.61239e-10 0.0120705 1.5708 3.38229
2.61334e-10 0.0120691 1.5708 3.38348
2.61429e-10 0.0120677 1.5708 3.38468
2.61525e-10 0.0120663 1.5708 3.38588
2.6162e-10 0.0120649 1.5708 3.38708
2.61716e-10 0.0120635 1.5708 3.38828
2.61811e-10 0.0120621 1.5708 3.38948
2.61907e-10 0.0120607 1.5708 3.39068
2.62002e-10 0.0120593 1.5708 3.39188
2.62098e-10 0.0120579 1.5708 3.39308
2.62193e-10 0.0120565 1.5708 3.39429
2.62289e-10 0.0120551 1.5708 3.39549
2.62385e-10 0.0120537 1.5708 3.39669
2.6248e-10 0.0120523 1.5708 3.39789
2.62576e-10 0.0120509 1.5708 3.39909
2.62672e-10 0.0120495 1.5708 3.4003
2.62768e-10 0.0120481 1.5708 3.4015
2.62863e-10 0.0120467 1.5708 3.4027
2.62959e-10 0.0120453 1.5708 3.40391
2.63055e-10 0.0120439 1.5708 3.40511
2.63151e-10 0.0120424 1.5708 3.40631
2.63247e-10 0.012041 1.5708 3.40752
2.63343e-10 0.0120396 1.5708 3.40872
2.63439e-10 0.0120382 1.5708 3.40993
2.63535e-10 0.0120367 1.5708 3.41113
2.63631e-10 0.0120353 1.5708 3.41234
2.63727e-10 0.0120339 1.5708 3.41354
2.63823e-10 0.0120325 1.5708 3.41475
2.6392e-10 0.012031 1.5708 3.41596
2.64016e-10 0.0120296 1.5708 3.41716
2.64112e-10 0.0120282 1.5708 3.41837
2.64208e-10 0.0120267 1.5708 3.41958
2.64305e-10 0.0120253 1.5708 3.42079
2.64401e-10 0.0120238 1.5708 3.42199
2.64497e-10 0.0120224 1.5708 3.4232
2.64594e-10 0.0120209 1.5708 3.42441
2.6469e-10 0.0120195 1.5708 3.42562
2.64787e-10 0.012018 1.5708 3.42683
2.64883e-10 0.0120166 1.5708 3.42804
2.6498e-10 0.0120151 1.5708 3.42925
2.65076e-10 0.0120137 1.5708 3.43046
2.65173e-10 0.0120122 1.5708 3.43167
2.65269e-10 0.0120108 1.5708 3.43288
2.65366e-10 0.0120093 1.5708 3.43409
2.65463e-10 0.0120078 1.5708 3.4353
2.6556e-10 0.0120064 1.5708 3.43651
2.65656e-10 0.0120049 1.5708 3.43772
2.65753e-10 0.0120034 1.5708 3.43893
2.6585e-10 0.012002 1.5708 3.44015
2.65947e-10 0.0120005 1.5708 3.44136
2.66044e-10 0.011999 1.5708 3.44257
2.66141e-10 0.0119975 1.5708 3.44378
2.66238e-10 0.0119961 1.5708 3.445
2.66335e-10 0.0119946 1.5708 3.44621
2.66432e-10 0.0119931 1.5708 3.44743
2.66529e-10 0.0119916 1.5708 3.44864
2.66626e-10 0.0119901 1.5708 3.44985
2.66723e-10 0.0119886 1.5708 3.45107
2.6682e-10 0.0119872 1.5708 3.45228
2.66917e-10 0.0119857 1.5708 3.4535
2.67015e-10 0.0119842 1.5708 3.45472
2.67112e-10 0.0119827 1.5708 3.45593
2.67209e-10 0.0119812 1.5708 3.45715
2.67307e-10 0.0119797 1.5708 3.45836
2.67404e-10 0.0119782 1.5708 3.45958
2.67501e-10 0.0119767 1.5708 3.4608
2.67599e-10 0.0119752 1.5708 3.46202
2.67696e-10 0.0119737 1.5708 3.46323
2.67794e-10 0.0119721 1.5708 3.46445
2.67891e-10 0.0119706 1.5708 3.46567
2.67989e-10 0.0119691 1.5708 3.46689
2.68087e-10 0.0119676 1.5708 3.46811
2.68184e-10 0.0119661 1.5708 3.46933
2.68282e-10 0.0119646 1.5708 3.47055
2.6838e-10 0.011963 1.5708 3.47177
2.68477e-10 0.0119615 1.5708 3.47299
2.68575e-10 0.01196 1.5708 3.47421
2.68673e-10 0.0119585 1.5708 3.47543
2.68771e-10 0.0119569 1.5708 3.47665
2.68869e-10 0.0119554 1.5708 3.47787
2.68967e-10 0.0119539 1.5708 3.4791
2.69065e-10 0.0119523 1.5708 3.48032
2.69163e-10 0.0119508 1.5708 3.48154
2.69261e-10 0.0119493 1.5708 3.48276
2.69359e-10 0.0119477 1.5708 3.48399
2.69457e-10 0.0119462 1.5708 3.48521
2.69555e-10 0.0119446 1.5708 3.48643
2.69653e-10 0.0119431 1.5708 3.48766
2.69752e-10 0.0119415 1.5708 3.48888
2.6985e-10 0.01194 1.5708 3.49011
2.69948e-10 0.0119384 1.5708 3.49133
2.70047e-10 0.0119369 1.5708 3.49256
2.70145e-10 0.0119353 1.5708 3.49378
2.70243e-10 0.0119337 1.5708 3.49501
2.70342e-10 0.0119322 1.5708 3.49624
2.7044e-10 0.0119306 1.5708 3.49746
2.70539e-10 0.0119291 1.5708 3.49869
2.70637e-10 0.0119275 1.5708 3.49992
2.70736e-10 0.0119259 1.5708 3.50115
2.70835e-10 0.0119243 1.5708 3.50237
2.70933e-10 0.0119228 1.5708 3.5036
2.71032e-10 0.0119212 1.5708 3.50483
2.71131e-10 0.0119196 1.5708 3.50606
2.7123e-10 0.011918 1.5708 3.50729
2.71328e-10 0.0119165 1.5708 3.50852
2.71427e-10 0.0119149 1.5708 3.50975
2.71526e-10 0.0119133 1.5708 3.51098
2.71625e-10 0.0119117 1.5708 3.51221
2.71724e-10 0.0119101 1.5708 3.51344
2.71823e-10 0.0119085 1.5708 3.51467
2.71922e-10 0.0119069 1.5708 3.5159
2.72021e-10 0.0119053 1.5708 3.51714
2.72121e-10 0.0119037 1.5708 3.51837
2.7222e-10 0.0119021 1.5708 3.5196
2.72319e-10 0.0119005 1.5708 3.52083
2.72418e-10 0.0118989 1.5708 3.52207
2.72518e-10 0.0118973 1.5708 3.5233
2.72617e-10 0.0118957 1.5708 3.52453
2.72716e-10 0.0118941 1.5708 3.52577
2.72816e-10 0.0118925 1.5708 3.527
2.72915e-10 0.0118908 1.5708 3.52824
2.73015e-10 0.0118892 1.5708 3.52947
2.73114e-10 0.0118876 1.5708 3.53071
2.73214e-10 0.011886 1.5708 3.53195
2.73313e-10 0.0118843 1.5708 3.53318
2.73413e-10 0.0118827 1.5708 3.53442
2.73513e-10 0.0118811 1.5708 3.53566
2.73612e-10 0.0118795 1.5708 3.53689
2.73712e-10 0.0118778 1.5708 3.53813
2.73812e-10 0.0118762 1.5708 3.53937
2.73912e-10 0.0118745 1.5708 3.54061
2.74012e-10 0.0118729 1.5708 3.54185
2.74112e-10 0.0118713 1.5708 3.54308
2.74212e-10 0.0118696 1.5708 3.54432
2.74312e-10 0.011868 1.5708 3.54556
2.74412e-10 0.0118663 1.5708 3.5468
2.74512e-10 0.0118647 1.5708 3.54804
2.74612e-10 0.011863 1.5708 3.54928
2.74712e-10 0.0118614 1.5708 3.55053
2.74812e-10 0.0118597 1.5708 3.55177
2.74913e-10 0.011858 1.5708 3.55301
2.75013e-10 0.0118564 1.5708 3.55425
2.75113e-10 0.0118547 1.5708 3.55549
2.75214e-10 0.011853 1.5708 3.55674
2.75314e-10 0.0118514 1.5708 3.55798
2.75415e-10 0.0118497 1.5708 3.55922
2.75515e-10 0.011848 1.5708 3.56047
2.75616e-10 0.0118464 1.5708 3.56171
2.75716e-10 0.0118447 1.5708 3.56296
2.75817e-10 0.011843 1.5708 3.5642
2.75918e-10 0.0118413 1.5708 3.56545
2.76018e-10 0.0118396 1.5708 3.56669
2.76119e-10 0.0118379 1.5708 3.56794
2.7622e-10 0.0118362 1.5708 3.56918
2.76321e-10 0.0118346 1.5708 3.57043
2.76422e-10 0.0118329 1.5708 3.57168
2.76523e-10 0.0118312 1.5708 3.57292
2.76624e-10 0.0118295 1.5708 3.57417
2.76725e-10 0.0118278 1.5708 3.57542
2.76826e-10 0.0118261 1.5708 3.57667
2.76927e-10 0.0118244 1.5708 3.57792
2.77028e-10 0.0118226 1.5708 3.57917
2.77129e-10 0.0118209 1.5708 3.58042
2.77231e-10 0.0118192 1.5708 3.58167
2.77332e-10 0.0118175 1.5708 3.58292
2.77433e-10 0.0118158 1.5708 3.58417
2.77535e-10 0.0118141 1.5708 3.58542
2.77636e-10 0.0118124 1.5708 3.58667
2.77738e-10 0.0118106 1.5708 3.58792
2.77839e-10 0.0118089 1.5708 3.58917
2.77941e-10 0.0118072 1.5708 3.59043
2.78042e-10 0.0118054 1.5708 3.59168
2.78144e-10 0.0118037 1.5708 3.59293
2.78246e-10 0.011802 1.5708 3.59419
2.78347e-10 0.0118002 1.5708 3.59544
2.78449e-10 0.0117985 1.5708 3.59669
2.78551e-10 0.0117967 1.5708 3.59795
2.78653e-10 0.011795 1.5708 3.5992
2.78755e-10 0.0117933 1.5708 3.60046
2.78857e-10 0.0117915 1.5708 3.60172
2.78959e-10 0.0117897 1.5708 3.60297
2.79061e-10 0.011788 1.5708 3.60423
2.79163e-10 0.0117862 1.5708 3.60548
2.79265e-10 0.0117845 1.5708 3.60674
2.79367e-10 0.0117827 1.5708 3.608
2.7947e-10 0.0117809 1.5708 3.60926
2.79572e-10 0.0117792 1.5708 3.61052
2.79674e-10 0.0117774 1.5708 3.61178
2.79777e-10 0.0117756 1.5708 3.61303
2.79879e-10 0.0117739 1.5708 3.61429
2.79982e-10 0.0117721 1.5708 3.61555
2.80084e-10 0.0117703 1.5708 3.61681
2.80187e-10 0.0117685 1.5708 3.61807
2.80289e-10 0.0117667 1.5708 3.61934
2.80392e-10 0.011765 1.5708 3.6206
2.80495e-10 0.0117632 1.5708 3.62186
2.80597e-10 0.0117614 1.5708 3.62312
2.807e-10 0.0117596 1.5708 3.62438
2.80803e-10 0.0117578 1.5708 3.62565
2.80906e-10 0.011756 1.5708 3.62691
2.81009e-10 0.0117542 1.5708 3.62817
2.81112e-10 0.0117524 1.5708 3.62944
2.81215e-10 0.0117506 1.5708 3.6307
2.81318e-10 0.0117488 1.5708 3.63197
2.81421e-10 0.011747 1.5708 3.63323
2.81525e-10 0.0117451 1.5708 3.6345
2.81628e-10 0.0117433 1.5708 3.63577
2.81731e-10 0.0117415 1.5708 3.63703
2.81834e-10 0.0117397 1.5708 3.6383
2.81938e-10 0.0117379 1.5708 3.63957
2.82041e-10 0.011736 1.5708 3.64083
2.82145e-10 0.0117342 1.5708 3.6421
2.82248e-10 0.0117324 1.5708 3.64337
2.82352e-10 0.0117305 1.5708 3.64464
2.82456e-10 0.0117287 1.5708 3.64591
2.82559e-10 0.0117269 1.5708 3.64718
2.82663e-10 0.011725 1.5708 3.64845
2.82767e-10 0.0117232 1.5708 3.64972
2.82871e-10 0.0117213 1.5708 3.65099
2.82975e-10 0.0117195 1.5708 3.65226
2.83079e-10 0.0117176 1.5708 3.65353
2.83183e-10 0.0117158 1.5708 3.6548
2.83287e-10 0.0117139 1.5708 3.65608
2.83391e-10 0.0117121 1.5708 3.65735
2.83495e-10 0.0117102 1.5708 3.65862
2.83599e-10 0.0117083 1.5708 3.6599
2.83703e-10 0.0117065 1.5708 3.66117
2.83808e-10 0.0117046 1.5708 3.66245
2.83912e-10 0.0117027 1.5708 3.66372
2.84017e-10 0.0117009 1.5708 3.665
2.84121e-10 0.011699 1.5708 3.66627
2.84226e-10 0.0116971 1.5708 3.66755
2.8433e-10 0.0116952 1.5708 3.66882
2.84435e-10 0.0116933 1.5708 3.6701
2.84539e-10 0.0116914 1.5708 3.67138
2.84644e-10 0.0116895 1.5708 3.67266
2.84749e-10 0.0116877 1.5708 3.67393
2.84854e-10 0.0116858 1.5708 3.67521
2.84959e-10 0.0116839 1.5708 3.67649
2.85064e-10 0.011682 1.5708 3.67777
2.85169e-10 0.0116801 1.5708 3.67905
2.85274e-10 0.0116781 1.5708 3.68033
2.85379e-10 0.0116762 1.5708 3.68161
2.85484e-10 0.0116743 1.5708 3.68289
2.85589e-10 0.0116724 1.5708 3.68417
2.85695e-10 0.0116705 1.5708 3.68546
2.858e-10 0.0116686 1.5708 3.68674
2.85905e-10 0.0116667 1.5708 3.68802
2.86011e-10 0.0116647 1.5708 3.6893
2.86116e-10 0.0116628 1.5708 3.69059
2.86222e-10 0.0116609 1.5708 3.69187
2.86327e-10 0.0116589 1.5708 3.69316
2.86433e-10 0.011657 1.5708 3.69444
2.86539e-10 0.0116551 1.5708 3.69573
2.86645e-10 0.0116531 1.5708 3.69701
2.8675e-10 0.0116512 1.5708 3.6983
2.86856e-10 0.0116492 1.5708 3.69959
2.86962e-10 0.0116473 1.5708 3.70087
2.87068e-10 0.0116453 1.5708 3.70216
2.87174e-10 0.0116434 1.5708 3.70345
2.8728e-10 0.0116414 1.5708 3.70474
2.87387e-10 0.0116395 1.5708 3.70603
2.87493e-10 0.0116375 1.5708 3.70731
2.87599e-10 0.0116355 1.5708 3.7086
2.87705e-10 0.0116336 1.5708 3.70989
2.87812e-10 0.0116316 1.5708 3.71118
2.87918e-10 0.0116296 1.5708 3.71248
2.88025e-10 0.0116276 1.5708 3.71377
2.88131e-10 0.0116257 1.5708 3.71506
2.88238e-10 0.0116237 1.5708 3.71635
2.88345e-10 0.0116217 1.5708 3.71764
2.88451e-10 0.0116197 1.5708 3.71894
2.88558e-10 0.0116177 1.5708 3.72023
2.88665e-10 0.0116157 1.5708 3.72152
2.88772e-10 0.0116137 1.5708 3.72282
2.88879e-10 0.0116117 1.5708 3.72411
2.88986e-10 0.0116097 1.5708 3.72541
2.89093e-10 0.0116077 1.5708 3.72671
2.892e-10 0.0116057 1.5708 3.728
2.89308e-10 0.0116037 1.5708 3.7293
2.89415e-10 0.0116017 1.5708 3.7306
2.89522e-10 0.0115997 1.5708 3.73189
2.8963e-10 0.0115976 1.5708 3.73319
2.89737e-10 0.0115956 1.5708 3.73449
2.89845e-10 0.0115936 1.5708 3.73579
2.89952e-10 0.0115916 1.5708 3.73709
2.9006e-10 0.0115895 1.5708 3.73839
2.90168e-10 0.0115875 1.5708 3.73969
2.90275e-10 0.0115855 1.5708 3.74099
2.90383e-10 0.0115834 1.5708 3.74229
2.90491e-10 0.0115814 1.5708 3.74359
2.90599e-10 0.0115793 1.5708 3.74489
2.90707e-10 0.0115773 1.5708 3.7462
2.90815e-10 0.0115752 1.5708 3.7475
2.90923e-10 0.0115732 1.5708 3.7488
2.91032e-10 0.0115711 1.5708 3.75011
2.9114e-10 0.0115691 1.5708 3.75141
2.91248e-10 0.011567 1.5708 3.75272
2.91357e-10 0.0115649 1.5708 3.75402
2.91465e-10 0.0115629 1.5708 3.75533
2.91574e-10 0.0115608 1.5708 3.75663
2.91682e-10 0.0115587 1.5708 3.75794
2.91791e-10 0.0115566 1.5708 3.75925
2.919e-10 0.0115545 1.5708 3.76056
2.92008e-10 0.0115525 1.5708 3.76186
2.92117e-10 0.0115504 1.5708 3.76317
2.92226e-10 0.0115483 1.5708 3.76448
2.92335e-10 0.0115462 1.5708 3.76579
2.92444e-10 0.0115441 1.5708 3.7671
2.92553e-10 0.011542 1.5708 3.76841
2.92662e-10 0.0115399 1.5708 3.76972
2.92772e-10 0.0115378 1.5708 3.77104
2.92881e-10 0.0115357 1.5708 3.77235
2.9299e-10 0.0115336 1.5708 3.77366
2.931e-10 0.0115315 1.5708 3.77497
2.93209e-10 0.0115293 1.5708 3.77629
2.93319e-10 0.0115272 1.5708 3.7776
2.93429e-10 0.0115251 1.5708 3.77891
2.93538e-10 0.011523 1.5708 3.78023
2.93648e-10 0.0115208 1.5708 3.78154
2.93758e-10 0.0115187 1.5708 3.78286
2.93868e-10 0.0115166 1.5708 3.78418
2.93978e-10 0.0115144 1.5708 3.78549
2.94088e-10 0.0115123 1.5708 3.78681
2.94198e-10 0.0115101 1.5708 3.78813
2.94308e-10 0.011508 1.5708 3.78945
2.94418e-10 0.0115058 1.5708 3.79077
2.94529e-10 0.0115037 1.5708 3.79209
2.94639e-10 0.0115015 1.5708 3.79341
2.9475e-10 0.0114994 1.5708 3.79473
2.9486e-10 0.0114972 1.5708 3.79605
2.94971e-10 0.011495 1.5708 3.79737
2.95081e-10 0.0114929 1.5708 3.79869
2.95192e-10 0.0114907 1.5708 3.80001
2.95303e-10 0.0114885 1.5708 3.80133
2.95414e-10 0.0114863 1.5708 3.80266
2.95525e-10 0.0114842 1.5708 3.80398
2.95636e-10 0.011482 1.5708 3.80531
2.95747e-10 0.0114798 1.5708 3.80663
2.95858e-10 0.0114776 1.5708 3.80796
2.95969e-10 0.0114754 1.5708 3.80928
2.96081e-10 0.0114732 1.5708 3.81061
2.96192e-10 0.011471 1.5708 3.81194
2.96304e-10 0.0114688 1.5708 3.81326
2.96415e-10 0.0114666 1.5708 3.81459
2.96527e-10 0.0114644 1.5708 3.81592
2.96639e-10 0.0114622 1.5708 3.81725
2.9675e-10 0.0114599 1.5708 3.81858
2.96862e-10 0.0114577 1.5708 3.81991
2.96974e-10 0.0114555 1.5708 3.82124
2.97086e-10 0.0114533 1.5708 3.82257
2.97198e-10 0.011451 1.5708 3.8239
2.9731e-10 0.0114488 1.5708 3.82523
2.97422e-10 0.0114466 1.5708 3.82656
2.97535e-10 0.0114443 1.5708 3.8279
2.97647e-10 0.0114421 1.5708 3.82923
2.97759e-10 0.0114398 1.5708 3.83056
2.97872e-10 0.0114376 1.5708 3.8319
2.97985e-10 0.0114353 1.5708 3.83323
2.98097e-10 0.0114331 1.5708 3.83457
2.9821e-10 0.0114308 1.5708 3.83591
2.98323e-10 0.0114285 1.5708 3.83724
2.98436e-10 0.0114263 1.5708 3.83858
2.98549e-10 0.011424 1.5708 3.83992
2.98662e-10 0.0114217 1.5708 3.84126
2.98775e-10 0.0114194 1.5708 3.84259
2.98888e-10 0.0114172 1.5708 3.84393
2.99001e-10 0.0114149 1.5708 3.84527
2.99115e-10 0.0114126 1.5708 3.84661
2.99228e-10 0.0114103 1.5708 3.84796
2.99342e-10 0.011408 1.5708 3.8493
2.99455e-10 0.0114057 1.5708 3.85064
2.99569e-10 0.0114034 1.5708 3.85198
2.99683e-10 0.0114011 1.5708 3.85332
2.99797e-10 0.0113988 1.5708 3.85467
2.99911e-10 0.0113965 1.5708 3.85601
3.00025e-10 0.0113942 1.5708 3.85736
3.00139e-10 0.0113918 1.5708 3.8587
3.00253e-10 0.0113895 1.5708 3.86005
3.00367e-10 0.0113872 1.5708 3.86139
3.00481e-10 0.0113849 1.5708 3.86274
3.00596e-10 0.0113825 1.5708 3.86409
3.0071e-10 0.0113802 1.5708 3.86544
3.00825e-10 0.0113779 1.5708 3.86679
3.0094e-10 0.0113755 1.5708 3.86814
3.01054e-10 0.0113732 1.5708 3.86948
3.01169e-10 0.0113708 1.5708 3.87083
3.01284e-10 0.0113685 1.5708 3.87219
3.01399e-10 0.0113661 1.5708 3.87354
3.01514e-10 0.0113637 1.5708 3.87489
3.01629e-10 0.0113614 1.5708 3.87624
3.01745e-10 0.011359 1.5708 3.87759
3.0186e-10 0.0113566 1.5708 3.87895
3.01975e-10 0.0113543 1.5708 3.8803
3.02091e-10 0.0113519 1.5708 3.88166
3.02206e-10 0.0113495 1.5708 3.88301
3.02322e-10 0.0113471 1.5708 3.88437
3.02438e-10 0.0113447 1.5708 3.88572
3.02554e-10 0.0113423 1.5708 3.88708
3.0267e-10 0.0113399 1.5708 3.88844
3.02786e-10 0.0113375 1.5708 3.8898
3.02902e-10 0.0113351 1.5708 3.89116
3.03018e-10 0.0113327 1.5708 3.89252
3.03134e-10 0.0113303 1.5708 3.89388
3.03251e-10 0.0113279 1.5708 3.89524
3.03367e-10 0.0113255 1.5708 3.8966
3.03484e-10 0.0113231 1.5708 3.89796
3.03601e-10 0.0113206 1.5708 3.89932
3.03717e-10 0.0113182 1.5708 3.90068
3.03834e-10 0.0113158 1.5708 3.90205
3.03951e-10 0.0113133 1.5708 3.90341
3.04068e-10 0.0113109 1.5708 3.90478
3.04185e-10 0.0113085 1.5708 3.90614
3.04302e-10 0.011306 1.5708 3.90751
3.0442e-10 0.0113036 1.5708 3.90887
3.04537e-10 0.0113011 1.5708 3.91024
3.04655e-10 0.0112986 1.5708 3.91161
3.04772e-10 0.0112962 1.5708 3.91298
3.0489e-10 0.0112937 1.5708 3.91434
3.05008e-10 0.0112912 1.5708 3.91571
3.05125e-10 0.0112888 1.5708 3.91708
3.05243e-10 0.0112863 1.5708 3.91845
3.05361e-10 0.0112838 1.5708 3.91983
3.0548e-10 0.0112813 1.5708 3.9212
3.05598e-10 0.0112788 1.5708 3.92257
3.05716e-10 0.0112763 1.5708 3.92394
3.05835e-10 0.0112738 1.5708 3.92532
3.05953e-10 0.0112713 1.5708 3.92669
3.06072e-10 0.0112688 1.5708 3.92807
3.0619e-10 0.0112663 1.5708 3.92944
3.06309e-10 0.0112638 1.5708 3.93082
3.06428e-10 0.0112613 1.5708 3.93219
3.06547e-10 0.0112588 1.5708 3.93357
3.06666e-10 0.0112563 1.5708 3.93495
3.06786e-10 0.0112537 1.5708 3.93633
3.06905e-10 0.0112512 1.5708 3.93771
3.07024e-10 0.0112487 1.5708 3.93909
3.07144e-10 0.0112461 1.5708 3.94047
3.07263e-10 0.0112436 1.5708 3.94185
3.07383e-10 0.011241 1.5708 3.94323
3.07503e-10 0.0112385 1.5708 3.94461
3.07623e-10 0.0112359 1.5708 3.94599
3.07743e-10 0.0112334 1.5708 3.94738
3.07863e-10 0.0112308 1.5708 3.94876
3.07983e-10 0.0112282 1.5708 3.95015
3.08104e-10 0.0112257 1.5708 3.95153
3.08224e-10 0.0112231 1.5708 3.95292
3.08345e-10 0.0112205 1.5708 3.9543
3.08465e-10 0.0112179 1.5708 3.95569
3.08586e-10 0.0112154 1.5708 3.95708
3.08707e-10 0.0112128 1.5708 3.95847
3.08828e-10 0.0112102 1.5708 3.95986
3.08949e-10 0.0112076 1.5708 3.96125
3.0907e-10 0.011205 1.5708 3.96264
3.09191e-10 0.0112024 1.5708 3.96403
3.09313e-10 0.0111997 1.5708 3.96542
3.09434e-10 0.0111971 1.5708 3.96681
3.09556e-10 0.0111945 1.5708 3.9682
3.09677e-10 0.0111919 1.5708 3.9696
3.09799e-10 0.0111893 1.5708 3.97099
3.09921e-10 0.0111866 1.5708 3.97239
3.10043e-10 0.011184 1.5708 3.97378
3.10165e-10 0.0111814 1.5708 3.97518
3.10288e-10 0.0111787 1.5708 3.97658
3.1041e-10 0.0111761 1.5708 3.97797
3.10533e-10 0.0111734 1.5708 3.97937
3.10655e-10 0.0111708 1.5708 3.98077
3.10778e-10 0.0111681 1.5708 3.98217
3.10901e-10 0.0111654 1.5708 3.98357
3.11024e-10 0.0111628 1.5708 3.98497
3.11147e-10 0.0111601 1.5708 3.98637
3.1127e-10 0.0111574 1.5708 3.98778
3.11393e-10 0.0111547 1.5708 3.98918
3.11516e-10 0.011152 1.5708 3.99058
3.1164e-10 0.0111494 1.5708 3.99199
3.11764e-10 0.0111467 1.5708 3.99339
3.11887e-10 0.011144 1.5708 3.9948
3.12011e-10 0.0111413 1.5708 3.9962
3.12135e-10 0.0111385 1.5708 3.99761
3.12259e-10 0.0111358 1.5708 3.99902
3.12383e-10 0.0111331 1.5708 4.00043
3.12508e-10 0.0111304 1.5708 4.00184
3.12632e-10 0.0111277 1.5708 4.00325
3.12757e-10 0.011125 1.5708 4.00466
3.12881e-10 0.0111222 1.5708 4.00607
3.13006e-10 0.0111195 1.5708 4.00748
3.13131e-10 0.0111167 1.5708 4.00889
3.13256e-10 0.011114 1.5708 4.01031
3.13381e-10 0.0111112 1.5708 4.01172
3.13507e-10 0.0111085 1.5708 4.01313
3.13632e-10 0.0111057 1.5708 4.01455
3.13758e-10 0.011103 1.5708 4.01597
3.13883e-10 0.0111002 1.5708 4.01738
3.14009e-10 0.0110974 1.5708 4.0188
3.14135e-10 0.0110947 1.5708 4.02022
3.14261e-10 0.0110919 1.5708 4.02164
3.14387e-10 0.0110891 1.5708 4.02306
3.14513e-10 0.0110863 1.5708 4.02448
3.1464e-10 0.0110835 1.5708 4.0259
3.14766e-10 0.0110807 1.5708 4.02732
3.14893e-10 0.0110779 1.5708 4.02874
3.1502e-10 0.0110751 1.5708 4.03017
3.15147e-10 0.0110723 1.5708 4.03159
3.15274e-10 0.0110695 1.5708 4.03301
3.15401e-10 0.0110666 1.5708 4.03444
3.15528e-10 0.0110638 1.5708 4.03587
3.15656e-10 0.011061 1.5708 4.03729
3.15783e-10 0.0110581 1.5708 4.03872
3.15911e-10 0.0110553 1.5708 4.04015
3.16039e-10 0.0110525 1.5708 4.04158
3.16167e-10 0.0110496 1.5708 4.04301
3.16295e-10 0.0110468 1.5708 4.04444
3.16423e-10 0.0110439 1.5708 4.04587
3.16552e-10 0.011041 1.5708 4.0473
3.1668e-10 0.0110382 1.5708 4.04873
3.16809e-10 0.0110353 1.5708 4.05017
3.16937e-10 0.0110324 1.5708 4.0516
3.17066e-10 0.0110295 1.5708 4.05304
3.17195e-10 0.0110267 1.5708 4.05447
3.17325e-10 0.0110238 1.5708 4.05591
3.17454e-10 0.0110209 1.5708 4.05734
3.17584e-10 0.011018 1.5708 4.05878
3.17713e-10 0.0110151 1.5708 4.06022
3.17843e-10 0.0110122 1.5708 4.06166
3.17973e-10 0.0110092 1.5708 4.0631
3.18103e-10 0.0110063 1.5708 4.06454
3.18233e-10 0.0110034 1.5708 4.06598
3.18363e-10 0.0110005 1.5708 4.06743
3.18494e-10 0.0109975 1.5708 4.06887
3.18624e-10 0.0109946 1.5708 4.07031
3.18755e-10 0.0109917 1.5708 4.07176
3.18886e-10 0.0109887 1.5708 4.0732
3.19017e-10 0.0109858 1.5708 4.07465
3.19148e-10 0.0109828 1.5708 4.0761
3.1928e-10 0.0109798 1.5708 4.07755
3.19411e-10 0.0109769 1.5708 4.07899
3.19543e-10 0.0109739 1.5708 4.08044
3.19675e-10 0.0109709 1.5708 4.08189
3.19807e-10 0.0109679 1.5708 4.08334
3.19939e-10 0.010965 1.5708 4.0848
3.20071e-10 0.010962 1.5708 4.08625
3.20204e-10 0.010959 1.5708 4.0877
3.20336e-10 0.010956 1.5708 4.08916
3.20469e-10 0.010953 1.5708 4.09061
3.20602e-10 0.0109499 1.5708 4.09207
3.20735e-10 0.0109469 1.5708 4.09352
3.20868e-10 0.0109439 1.5708 4.09498
3.21001e-10 0.0109409 1.5708 4.09644
3.21135e-10 0.0109379 1.5708 4.0979
3.21268e-10 0.0109348 1.5708 4.09936
3.21402e-10 0.0109318 1.5708 4.10082
3.21536e-10 0.0109287 1.5708 4.10228
3.2167e-10 0.0109257 1.5708 4.10374
3.21805e-10 0.0109226 1.5708 4.10521
3.21939e-10 0.0109196 1.5708 4.10667
3.22074e-10 0.0109165 1.5708 4.10813
3.22209e-10 0.0109134 1.5708 4.1096
3.22343e-10 0.0109103 1.5708 4.11107
3.22479e-10 0.0109073 1.5708 4.11253
3.22614e-10 0.0109042 1.5708 4.114
3.22749e-10 0.0109011 1.5708 4.11547
3.22885e-10 0.010898 1.5708 4.11694
3.23021e-10 0.0108949 1.5708 4.11841
3.23157e-10 0.0108918 1.5708 4.11988
3.23293e-10 0.0108887 1.5708 4.12135
3.23429e-10 0.0108855 1.5708 4.12283
3.23566e-10 0.0108824 1.5708 4.1243
3.23702e-10 0.0108793 1.5708 4.12578
3.23839e-10 0.0108762 1.5708 4.12725
3.23976e-10 0.010873 1.5708 4.12873
3.24113e-10 0.0108699 1.5708 4.13021
3.24251e-10 0.0108667 1.5708 4.13168
3.24388e-10 0.0108636 1.5708 4.13316
3.24526e-10 0.0108604 1.5708 4.13464
3.24664e-10 0.0108572 1.5708 4.13612
3.24802e-10 0.0108541 1.5708 4.13761
3.2494e-10 0.0108509 1.5708 4.13909
3.25078e-10 0.0108477 1.5708 4.14057
3.25217e-10 0.0108445 1.5708 4.14206
3.25356e-10 0.0108413 1.5708 4.14354
3.25495e-10 0.0108381 1.5708 4.14503
3.25634e-10 0.0108349 1.5708 4.14651
3.25773e-10 0.0108317 1.5708 4.148
3.25913e-10 0.0108285 1.5708 4.14949
3.26052e-10 0.0108253 1.5708 4.15098
3.26192e-10 0.0108221 1.5708 4.15247
3.26332e-10 0.0108188 1.5708 4.15396
3.26473e-10 0.0108156 1.5708 4.15545
3.26613e-10 0.0108123 1.5708 4.15695
3.26754e-10 0.0108091 1.5708 4.15844
3.26895e-10 0.0108058 1.5708 4.15993
3.27036e-10 0.0108026 1.5708 4.16143
3.27177e-10 0.0107993 1.5708 4.16293
3.27318e-10 0.0107961 1.5708 4.16442
3.2746e-10 0.0107928 1.5708 4.16592
3.27602e-10 0.0107895 1.5708 4.16742
3.27744e-10 0.0107862 1.5708 4.16892
3.27886e-10 0.0107829 1.5708 4.17042
3.28028e-10 0.0107796 1.5708 4.17193
3.28171e-10 0.0107763 1.5708 4.17343
3.28314e-10 0.010773 1.5708 4.17493
3.28457e-10 0.0107697 1.5708 4.17644
3.286e-10 0.0107664 1.5708 4.17794
3.28744e-10 0.010763 1.5708 4.17945
3.28887e-10 0.0107597 1.5708 4.18096
3.29031e-10 0.0107564 1.5708 4.18247
3.29175e-10 0.010753 1.5708 4.18398
3.29319e-10 0.0107497 1.5708 4.18549
3.29464e-10 0.0107463 1.5708 4.187
3.29609e-10 0.010743 1.5708 4.18851
3.29753e-10 0.0107396 1.5708 4.19002
3.29899e-10 0.0107362 1.5708 4.19154
3.30044e-10 0.0107328 1.5708 4.19305
3.3019e-10 0.0107295 1.5708 4.19457
3.30335e-10 0.0107261 1.5708 4.19609
3.30481e-10 0.0107227 1.5708 4.1976
3.30628e-10 0.0107193 1.5708 4.19912
3.30774e-10 0.0107159 1.5708 4.20064
3.30921e-10 0.0107124 1.5708 4.20216
3.31068e-10 0.010709 1.5708 4.20368
3.31215e-10 0.0107056 1.5708 4.20521
3.31362e-10 0.0107022 1.5708 4.20673
3.3151e-10 0.0106987 1.5708 4.20826
3.31657e-10 0.0106953 1.5708 4.20978
3.31805e-10 0.0106918 1.5708 4.21131
3.31954e-10 0.0106884 1.5708 4.21284
3.32102e-10 0.0106849 1.5708 4.21437
3.32251e-10 0.0106814 1.5708 4.2159
3.324e-10 0.010678 1.5708 4.21743
3.32549e-10 0.0106745 1.5708 4.21896
3.32699e-10 0.010671 1.5708 4.22049
3.32848e-10 0.0106675 1.5708 4.22202
3.32998e-10 0.010664 1.5708 4.22356
3.33148e-10 0.0106605 1.5708 4.22509
3.33299e-10 0.010657 1.5708 4.22663
3.33449e-10 0.0106535 1.5708 4.22817
3.336e-10 0.0106499 1.5708 4.22971
3.33752e-10 0.0106464 1.5708 4.23125
3.33903e-10 0.0106429 1.5708 4.23279
3.34055e-10 0.0106393 1.5708 4.23433
3.34207e-10 0.0106358 1.5708 4.23587
3.34359e-10 0.0106322 1.5708 4.23742
3.34511e-10 0.0106287 1.5708 4.23896
3.34664e-10 0.0106251 1.5708 4.24051
3.34817e-10 0.0106215 1.5708 4.24206
3.3497e-10 0.0106179 1.5708 4.2436
3.35123e-10 0.0106143 1.5708 4.24515
3.35277e-10 0.0106108 1.5708 4.2467
3.35431e-10 0.0106072 1.5708 4.24825
3.35585e-10 0.0106035 1.5708 4.24981
3.3574e-10 0.0105999 1.5708 4.25136
3.35895e-10 0.0105963 1.5708 4.25291
3.3605e-10 0.0105927 1.5708 4.25447
3.36205e-10 0.0105891 1.5708 4.25603
3.36361e-10 0.0105854 1.5708 4.25758
3.36517e-10 0.0105818 1.5708 4.25914
3.36673e-10 0.0105781 1.5708 4.2607
3.36829e-10 0.0105745 1.5708 4.26226
3.36986e-10 0.0105708 1.5708 4.26382
3.37143e-10 0.0105671 1.5708 4.26539
3.373e-10 0.0105634 1.5708 4.26695
3.37458e-10 0.0105597 1.5708 4.26852
3.37616e-10 0.0105561 1.5708 4.27008
3.37774e-10 0.0105524 1.5708 4.27165
3.37932e-10 0.0105486 1.5708 4.27322
3.38091e-10 0.0105449 1.5708 4.27479
3.3825e-10 0.0105412 1.5708 4.27636
3.38409e-10 0.0105375 1.5708 4.27793
3.38569e-10 0.0105338 1.5708 4.2795
3.38729e-10 0.01053 1.5708 4.28108
3.38889e-10 0.0105263 1.5708 4.28265
3.3905e-10 0.0105225 1.5708 4.28423
3.39211e-10 0.0105187 1.5708 4.2858
3.39372e-10 0.010515 1.5708 4.28738
3.39533e-10 0.0105112 1.5708 4.28896
3.39695e-10 0.0105074 1.5708 4.29054
3.39857e-10 0.0105036 1.5708 4.29213
3.40019e-10 0.0104998 1.5708 4.29371
3.40182e-10 0.010496 1.5708 4.29529
3.40345e-10 0.0104922 1.5708 4.29688
3.40509e-10 0.0104884 1.5708 4.29846
3.40672e-10 0.0104846 1.5708 4.30005
3.40836e-10 0.0104808 1.5708 4.30164
3.41001e-10 0.0104769 1.5708 4.30323
3.41165e-10 0.0104731 1.5708 4.30482
3.4133e-10 0.0104692 1.5708 4.30641
3.41496e-10 0.0104654 1.5708 4.30801
3.41661e-10 0.0104615 1.5708 4.3096
3.41827e-10 0.0104576 1.5708 4.3112
3.41994e-10 0.0104537 1.5708 4.31279
3.4216e-10 0.0104498 1.5708 4.31439
3.42328e-10 0.0104459 1.5708 4.31599
3.42495e-10 0.010442 1.5708 4.31759
3.42663e-10 0.0104381 1.5708 4.31919
3.42831e-10 0.0104342 1.5708 4.3208
3.42999e-10 0.0104303 1.5708 4.3224
3.43168e-10 0.0104264 1.5708 4.32401
3.43337e-10 0.0104224 1.5708 4.32561
3.43507e-10 0.0104185 1.5708 4.32722
3.43677e-10 0.0104145 1.5708 4.32883
3.43847e-10 0.0104106 1.5708 4.33044
3.44018e-10 0.0104066 1.5708 4.33205
3.44189e-10 0.0104026 1.5708 4.33366
3.4436e-10 0.0103986 1.5708 4.33528
3.44532e-10 0.0103946 1.5708 4.33689
3.44704e-10 0.0103906 1.5708 4.33851
3.44877e-10 0.0103866 1.5708 4.34013
3.4505e-10 0.0103826 1.5708 4.34175
3.45223e-10 0.0103786 1.5708 4.34337
3.45397e-10 0.0103746 1.5708 4.34499
3.45571e-10 0.0103705 1.5708 4.34661
3.45746e-10 0.0103665 1.5708 4.34823
3.45921e-10 0.0103624 1.5708 4.34986
3.46096e-10 0.0103584 1.5708 4.35148
3.46272e-10 0.0103543 1.5708 4.35311
3.46448e-10 0.0103502 1.5708 4.35474
3.46624e-10 0.0103461 1.5708 4.35637
3.46801e-10 0.010342 1.5708 4.358
3.46979e-10 0.0103379 1.5708 4.35964
3.47157e-10 0.0103338 1.5708 4.36127
3.47335e-10 0.0103297 1.5708 4.36291
3.47514e-10 0.0103256 1.5708 4.36454
3.47693e-10 0.0103215 1.5708 4.36618
3.47872e-10 0.0103173 1.5708 4.36782
3.48052e-10 0.0103132 1.5708 4.36946
3.48233e-10 0.010309 1.5708 4.3711
3.48414e-10 0.0103048 1.5708 4.37274
3.48595e-10 0.0103007 1.5708 4.37439
3.48777e-10 0.0102965 1.5708 4.37604
3.48959e-10 0.0102923 1.5708 4.37768
3.49142e-10 0.0102881 1.5708 4.37933
3.49325e-10 0.0102839 1.5708 4.38098
3.49509e-10 0.0102797 1.5708 4.38263
3.49693e-10 0.0102755 1.5708 4.38429
3.49877e-10 0.0102712 1.5708 4.38594
3.50063e-10 0.010267 1.5708 4.38759
3.50248e-10 0.0102628 1.5708 4.38925
3.50434e-10 0.0102585 1.5708 4.39091
3.50621e-10 0.0102542 1.5708 4.39257
3.50808e-10 0.01025 1.5708 4.39423
3.50995e-10 0.0102457 1.5708 4.39589
3.51183e-10 0.0102414 1.5708 4.39756
3.51372e-10 0.0102371 1.5708 4.39922
3.51561e-10 0.0102328 1.5708 4.40089
3.51751e-10 0.0102285 1.5708 4.40255
3.51941e-10 0.0102242 1.5708 4.40422
3.52131e-10 0.0102198 1.5708 4.40589
3.52322e-10 0.0102155 1.5708 4.40757
3.52514e-10 0.0102112 1.5708 4.40924
3.52706e-10 0.0102068 1.5708 4.41092
3.52899e-10 0.0102024 1.5708 4.41259
3.53092e-10 0.0101981 1.5708 4.41427
3.53286e-10 0.0101937 1.5708 4.41595
3.53481e-10 0.0101893 1.5708 4.41763
3.53676e-10 0.0101849 1.5708 4.41931
3.53871e-10 0.0101805 1.5708 4.42099
3.54067e-10 0.0101761 1.5708 4.42268
3.54264e-10 0.0101716 1.5708 4.42437
3.54461e-10 0.0101672 1.5708 4.42605
3.54659e-10 0.0101628 1.5708 4.42774
3.54858e-10 0.0101583 1.5708 4.42943
3.55057e-10 0.0101539 1.5708 4.43113
3.55256e-10 0.0101494 1.5708 4.43282
3.55457e-10 0.0101449 1.5708 4.43452
3.55657e-10 0.0101404 1.5708 4.43621
3.55859e-10 0.0101359 1.5708 4.43791
3.56061e-10 0.0101314 1.5708 4.43961
3.56264e-10 0.0101269 1.5708 4.44131
3.56467e-10 0.0101224 1.5708 4.44302
3.56671e-10 0.0101178 1.5708 4.44472
3.56876e-10 0.0101133 1.5708 4.44643
3.57081e-10 0.0101087 1.5708 4.44813
3.57287e-10 0.0101042 1.5708 4.44984
3.57494e-10 0.0100996 1.5708 4.45155
3.57701e-10 0.010095 1.5708 4.45326
3.57909e-10 0.0100904 1.5708 4.45498
3.58118e-10 0.0100858 1.5708 4.45669
3.58327e-10 0.0100812 1.5708 4.45841
3.58537e-10 0.0100766 1.5708 4.46013
3.58748e-10 0.010072 1.5708 4.46185
3.58959e-10 0.0100674 1.5708 4.46357
3.59172e-10 0.0100627 1.5708 4.46529
3.59384e-10 0.0100581 1.5708 4.46702
3.59598e-10 0.0100534 1.5708 4.46874
3.59813e-10 0.0100487 1.5708 4.47047
3.60028e-10 0.010044 1.5708 4.4722
3.60244e-10 0.0100393 1.5708 4.47393
3.6046e-10 0.0100346 1.5708 4.47566
3.60678e-10 0.0100299 1.5708 4.4774
3.60896e-10 0.0100252 1.5708 4.47913
3.61115e-10 0.0100205 1.5708 4.48087
3.61335e-10 0.0100157 1.5708 4.48261
3.61555e-10 0.010011 1.5708 4.48435
3.61777e-10 0.0100062 1.5708 4.4861
3.61999e-10 0.0100014 1.5708 4.48784
3.62222e-10 0.00999664 1.5708 4.48959
3.62446e-10 0.00999185 1.5708 4.49133
3.6267e-10 0.00998705 1.5708 4.49308
3.62896e-10 0.00998223 1.5708 4.49483
3.63123e-10 0.00997741 1.5708 4.49659
3.6335e-10 0.00997258 1.5708 4.49834
3.63578e-10 0.00996773 1.5708 4.5001
3.63807e-10 0.00996288 1.5708 4.50185
3.64037e-10 0.00995801 1.5708 4.50361
3.64268e-10 0.00995314 1.5708 4.50537
3.645e-10 0.00994825 1.5708 4.50714
3.64733e-10 0.00994336 1.5708 4.5089
3.64966e-10 0.00993845 1.5708 4.51067
3.65201e-10 0.00993354 1.5708 4.51244
3.65437e-10 0.00992861 1.5708 4.5142
3.65673e-10 0.00992367 1.5708 4.51598
3.65911e-10 0.00991873 1.5708 4.51775
3.66149e-10 0.00991377 1.5708 4.51952
3.66389e-10 0.0099088 1.5708 4.5213
3.66629e-10 0.00990382 1.5708 4.52308
3.66871e-10 0.00989883 1.5708 4.52486
3.67114e-10 0.00989383 1.5708 4.52664
3.67357e-10 0.00988882 1.5708 4.52843
3.67602e-10 0.0098838 1.5708 4.53021
3.67848e-10 0.00987876 1.5708 4.532
3.68095e-10 0.00987372 1.5708 4.53379
3.68343e-10 0.00986867 1.5708 4.53558
3.68592e-10 0.0098636 1.5708 4.53737
3.68843e-10 0.00985852 1.5708 4.53917
3.69094e-10 0.00985344 1.5708 4.54097
3.69347e-10 0.00984834 1.5708 4.54276
3.69601e-10 0.00984323 1.5708 4.54456
3.69856e-10 0.00983811 1.5708 4.54637
3.70112e-10 0.00983297 1.5708 4.54817
3.70369e-10 0.00982783 1.5708 4.54998
3.70628e-10 0.00982268 1.5708 4.55179
3.70888e-10 0.00981751 1.5708 4.5536
3.71149e-10 0.00981233 1.5708 4.55541
3.71412e-10 0.00980715 1.5708 4.55722
3.71676e-10 0.00980195 1.5708 4.55904
3.71941e-10 0.00979673 1.5708 4.56085
3.72207e-10 0.00979151 1.5708 4.56267
3.72475e-10 0.00978628 1.5708 4.56449
3.72744e-10 0.00978103 1.5708 4.56632
3.73015e-10 0.00977577 1.5708 4.56814
3.73287e-10 0.00977051 1.5708 4.56997
3.73561e-10 0.00976522 1.5708 4.5718
3.73836e-10 0.00975993 1.5708 4.57363
3.74112e-10 0.00975463 1.5708 4.57546
3.7439e-10 0.00974931 1.5708 4.5773
3.74669e-10 0.00974398 1.5708 4.57914
3.7495e-10 0.00973864 1.5708 4.58098
3.75233e-10 0.00973329 1.5708 4.58282
3.75517e-10 0.00972793 1.5708 4.58466
3.75803e-10 0.00972255 1.5708 4.58651
3.7609e-10 0.00971717 1.5708 4.58835
3.76379e-10 0.00971177 1.5708 4.5902
3.7667e-10 0.00970635 1.5708 4.59205
3.76962e-10 0.00970093 1.5708 4.59391
3.77256e-10 0.00969549 1.5708 4.59576
3.77552e-10 0.00969004 1.5708 4.59762
3.7785e-10 0.00968458 1.5708 4.59948
3.78149e-10 0.00967911 1.5708 4.60134
3.78451e-10 0.00967362 1.5708 4.60321
3.78754e-10 0.00966813 1.5708 4.60507
3.79059e-10 0.00966262 1.5708 4.60694
3.79366e-10 0.00965709 1.5708 4.60881
3.79675e-10 0.00965156 1.5708 4.61068
3.79986e-10 0.00964601 1.5708 4.61256
3.80299e-10 0.00964045 1.5708 4.61443
3.80614e-10 0.00963487 1.5708 4.61631
3.80931e-10 0.00962929 1.5708 4.61819
3.81251e-10 0.00962369 1.5708 4.62008
3.81572e-10 0.00961808 1.5708 4.62196
3.81896e-10 0.00961245 1.5708 4.62385
3.82222e-10 0.00960681 1.5708 4.62574
3.8255e-10 0.00960116 1.5708 4.62763
3.8288e-10 0.0095955 1.5708 4.62953
3.83213e-10 0.00958982 1.5708 4.63142
3.83549e-10 0.00958413 1.5708 4.63332
3.83886e-10 0.00957842 1.5708 4.63522
3.84227e-10 0.00957271 1.5708 4.63713
3.84569e-10 0.00956698 1.5708 4.63903
3.84915e-10 0.00956123 1.5708 4.64094
3.85263e-10 0.00955548 1.5708 4.64285
3.85614e-10 0.00954971 1.5708 4.64476
3.85967e-10 0.00954392 1.5708 4.64668
3.86323e-10 0.00953813 1.5708 4.64859
3.86682e-10 0.00953232 1.5708 4.65051
3.87044e-10 0.00952649 1.5708 4.65244
3.87409e-10 0.00952065 1.5708 4.65436
3.87777e-10 0.0095148 1.5708 4.65629
3.88148e-10 0.00950893 1.5708 4.65822
3.88523e-10 0.00950305 1.5708 4.66015
3.889e-10 0.00949716 1.5708 4.66208
3.89281e-10 0.00949125 1.5708 4.66402
3.89665e-10 0.00948533 1.5708 4.66595
3.90052e-10 0.0094794 1.5708 4.6679
3.90443e-10 0.00947345 1.5708 4.66984
3.90838e-10 0.00946748 1.5708 4.67178
3.91236e-10 0.00946151 1.5708 4.67373
3.91638e-10 0.00945551 1.5708 4.67568
3.92044e-10 0.00944951 1.5708 4.67764
3.92453e-10 0.00944349 1.5708 4.67959
3.92867e-10 0.00943745 1.5708 4.68155
3.93285e-10 0.0094314 1.5708 4.68351
3.93706e-10 0.00942534 1.5708 4.68547
3.94133e-10 0.00941926 1.5708 4.68744
3.94563e-10 0.00941317 1.5708 4.68941
3.94998e-10 0.00940706 1.5708 4.69138
3.95438e-10 0.00940094 1.5708 4.69335
3.95882e-10 0.0093948 1.5708 4.69533
3.96332e-10 0.00938865 1.5708 4.6973
3.96786e-10 0.00938248 1.5708 4.69929
3.97245e-10 0.0093763 1.5708 4.70127
3.9771e-10 0.0093701 1.5708 4.70326
3.9818e-10 0.00936389 1.5708 4.70524
3.98655e-10 0.00935766 1.5708 4.70724
3.99136e-10 0.00935142 1.5708 4.70923
3.99623e-10 0.00934516 1.5708 4.71123
4.00116e-10 0.00933889 1.5708 4.71323
4.00615e-10 0.00933261 1.5708 4.71523
4.01121e-10 0.0093263 1.5708 4.71723
4.01633e-10 0.00931998 1.5708 4.71924
4.02152e-10 0.00931365 1.5708 4.72125
4.02677e-10 0.0093073 1.5708 4.72326
4.0321e-10 0.00930094 1.5708 4.72528
4.0375e-10 0.00929456 1.5708 4.7273
4.04298e-10 0.00928816 1.5708 4.72932
4.04854e-10 0.00928175 1.5708 4.73134
4.05418e-10 0.00927533 1.5708 4.73337
4.0599e-10 0.00926888 1.5708 4.7354
4.06571e-10 0.00926242 1.5708 4.73743
4.07161e-10 0.00925595 1.5708 4.73947
4.07761e-10 0.00924946 1.5708 4.74151
4.08369e-10 0.00924296 1.5708 4.74355
4.08988e-10 0.00923643 1.5708 4.74559
4.09618e-10 0.0092299 1.5708 4.74764
4.10258e-10 0.00922334 1.5708 4.74969
4.10909e-10 0.00921677 1.5708 4.75174
4.11572e-10 0.00921019 1.5708 4.75379
4.12247e-10 0.00920359 1.5708 4.75585
4.12935e-10 0.00919697 1.5708 4.75791
4.13636e-10 0.00919034 1.5708 4.75998
4.1435e-10 0.00918369 1.5708 4.76205
4.15079e-10 0.00917702 1.5708 4.76412
4.15823e-10 0.00917034 1.5708 4.76619
4.16582e-10 0.00916364 1.5708 4.76827
4.17358e-10 0.00915693 1.5708 4.77034
4.18151e-10 0.0091502 1.5708 4.77243
4.18962e-10 0.00914345 1.5708 4.77451
4.19792e-10 0.00913669 1.5708 4.7766
4.20642e-10 0.00912991 1.5708 4.77869
4.21512e-10 0.00912312 1.5708 4.78079
4.22405e-10 0.00911631 1.5708 4.78288
4.23321e-10 0.00910948 1.5708 4.78499
4.24262e-10 0.00910264 1.5708 4.78709
4.25229e-10 0.00909578 1.5708 4.7892
4.26224e-10 0.00908891 1.5708 4.79131
4.27248e-10 0.00908202 1.5708 4.79342
4.28303e-10 0.00907512 1.5708 4.79554
4.29393e-10 0.0090682 1.5708 4.79766
4.30518e-10 0.00906126 1.5708 4.79978
4.31681e-10 0.00905432 1.5708 4.80191
4.32886e-10 0.00904735 1.5708 4.80404
4.34135e-10 0.00904037 1.5708 4.80617
4.35433e-10 0.00903338 1.5708 4.80831
4.36783e-10 0.00902638 1.5708 4.81045
4.38189e-10 0.00901936 1.5708 4.81259
4.39658e-10 0.00901233 1.5708 4.81474
4.41194e-10 0.00900528 1.5708 4.81689
4.42805e-10 0.00899823 1.5708 4.81904
4.44499e-10 0.00899117 1.5708 4.8212
4.46284e-10 0.00898409 1.5708 4.82335
4.48172e-10 0.00897701 1.5708 4.82552
4.50176e-10 0.00896992 1.5708 4.82768
4.52311e-10 0.00896283 1.5708 4.82985
4.54595e-10 0.00895573 1.5708 4.83203
4.57051e-10 0.00894863 1.5708 4.8342
4.59709e-10 0.00894154 1.5708 4.83639
4.62604e-10 0.00893445 1.5708 4.83857
4.65782e-10 0.00892738 1.5708 4.84076
4.69305e-10 0.00892032 1.5708 4.84295
4.73258e-10 0.0089133 1.5708 4.84514
4.77757e-10 0.00890631 1.5708 4.84734
4.82976e-10 0.00889939 1.5708 4.84954
4.89179e-10 0.00889257 1.5708 4.85174
4.96809e-10 0.00888588 1.5708 4.85395
5.06675e-10 0.00887942 1.5708 4.85616
5.20497e-10 0.00887337 1.5708 4.85838
