0.0000000000e+00 1.5610858253e+04 1.5707963268e+00 0.0000000000e+00
2.2511941509e-07 1.5610858253e+04 1.5707963268e+00 -2.8409090909e-03
4.5023883017e-07 1.5610876865e+04 1.5707963268e+00 -5.6818181818e-03
6.7535789210e-07 1.5610914090e+04 1.5707963268e+00 -8.5227204985e-03
9.0047624770e-07 1.5610969927e+04 1.5707963268e+00 -1.1363609267e-02
1.1255935438e-06 1.5611044377e+04 1.5707963268e+00 -1.4204477712e-02
1.3507094274e-06 1.5611137440e+04 1.5707963268e+00 -1.7045319061e-02
1.5758235451e-06 1.5611249116e+04 1.5707963268e+00 -1.9886126539e-02
1.8009355441e-06 1.5611379405e+04 1.5707963268e+00 -2.2726893374e-02
2.0260450712e-06 1.5611528308e+04 1.5707963268e+00 -2.5567612791e-02
2.2511517733e-06 1.5611695825e+04 1.5707963268e+00 -2.8408278018e-02
2.4762552975e-06 1.5611881957e+04 1.5707963268e+00 -3.1248882282e-02
2.7013552908e-06 1.5612086704e+04 1.5707963268e+00 -3.4089418812e-02
2.9264514002e-06 1.5612310067e+04 1.5707963268e+00 -3.6929880835e-02
3.1515432730e-06 1.5612552047e+04 1.5707963268e+00 -3.9770261581e-02
3.3766305563e-06 1.5612812644e+04 1.5707963268e+00 -4.2610554280e-02
3.6017128974e-06 1.5613091859e+04 1.5707963268e+00 -4.5450752160e-02
3.8267899435e-06 1.5613389694e+04 1.5707963268e+00 -4.8290848454e-02
4.0518613421e-06 1.5613706148e+04 1.5707963268e+00 -5.1130836393e-02
4.2769267406e-06 1.5614041224e+04 1.5707963268e+00 -5.3970709209e-02
4.5019857865e-06 1.5614394921e+04 1.5707963268e+00 -5.6810460136e-02
4.7270381276e-06 1.5614767242e+04 1.5707963268e+00 -5.9650082409e-02
4.9520834113e-06 1.5615158186e+04 1.5707963268e+00 -6.2489569261e-02
5.1771212857e-06 1.5615567757e+04 1.5707963268e+00 -6.5328913929e-02
5.4021513985e-06 1.5615995954e+04 1.5707963268e+00 -6.8168109651e-02
5.6271733978e-06 1.5616442780e+04 1.5707963268e+00 -7.1007149665e-02
5.8521869317e-06 1.5616908235e+04 1.5707963268e+00 -7.3846027210e-02
6.0771916484e-06 1.5617392322e+04 1.5707963268e+00 -7.6684735527e-02
6.3021871961e-06 1.5617895041e+04 1.5707963268e+00 -7.9523267857e-02
6.5271732235e-06 1.5618416394e+04 1.5707963268e+00 -8.2361617445e-02
6.7521493790e-06 1.5618956384e+04 1.5707963268e+00 -8.5199777534e-02
6.9771153113e-06 1.5619515011e+04 1.5707963268e+00 -8.8037741371e-02
7.2020706694e-06 1.5620092277e+04 1.5707963268e+00 -9.0875502203e-02
7.4270151021e-06 1.5620688185e+04 1.5707963268e+00 -9.3713053278e-02
7.6519482587e-06 1.5621302736e+04 1.5707963268e+00 -9.6550387848e-02
7.8768697883e-06 1.5621935933e+04 1.5707963268e+00 -9.9387499165e-02
8.1017793404e-06 1.5622587776e+04 1.5707963268e+00 -1.0222438048e-01
8.3266765646e-06 1.5623258269e+04 1.5707963268e+00 -1.0506102505e-01
8.5515611106e-06 1.5623947413e+04 1.5707963268e+00 -1.0789742614e-01
8.7764326283e-06 1.5624655211e+04 1.5707963268e+00 -1.1073357700e-01
9.0012907679e-06 1.5625381665e+04 1.5707963268e+00 -1.1356947088e-01
9.2261351796e-06 1.5626126777e+04 1.5707963268e+00 -1.1640510107e-01
9.4509655137e-06 1.5626890550e+04 1.5707963268e+00 -1.1924046081e-01
9.6757814211e-06 1.5627672986e+04 1.5707963268e+00 -1.2207554339e-01
9.9005825524e-06 1.5628474088e+04 1.5707963268e+00 -1.2491034205e-01
1.0125368559e-05 1.5629293857e+04 1.5707963268e+00 -1.2774485009e-01
1.0350139091e-05 1.5630132298e+04 1.5707963268e+00 -1.3057906076e-01
1.0574893801e-05 1.5630989412e+04 1.5707963268e+00 -1.3341296735e-01
1.0799632340e-05 1.5631865202e+04 1.5707963268e+00 -1.3624656313e-01
1.1024354361e-05 1.5632759671e+04 1.5707963268e+00 -1.3907984139e-01
1.1249059514e-05 1.5633672822e+04 1.5707963268e+00 -1.4191279540e-01
1.1473747453e-05 1.5634604658e+04 1.5707963268e+00 -1.4474541845e-01
1.1698417829e-05 1.5635555181e+04 1.5707963268e+00 -1.4757770382e-01
1.1923070297e-05 1.5636524396e+04 1.5707963268e+00 -1.5040964481e-01
1.2147704507e-05 1.5637512304e+04 1.5707963268e+00 -1.5324123471e-01
1.2372320115e-05 1.5638518909e+04 1.5707963268e+00 -1.5607246681e-01
1.2596916773e-05 1.5639544215e+04 1.5707963268e+00 -1.5890333441e-01
1.2821494135e-05 1.5640588224e+04 1.5707963268e+00 -1.6173383082e-01
1.3046051854e-05 1.5641650940e+04 1.5707963268e+00 -1.6456394932e-01
1.3270589586e-05 1.5642732366e+04 1.5707963268e+00 -1.6739368324e-01
1.3495106984e-05 1.5643832505e+04 1.5707963268e+00 -1.7022302587e-01
1.3719603704e-05 1.5644951362e+04 1.5707963268e+00 -1.7305197053e-01
1.3944079400e-05 1.5646088940e+04 1.5707963268e+00 -1.7588051054e-01
1.4168533727e-05 1.5647245242e+04 1.5707963268e+00 -1.7870863921e-01
1.4392966342e-05 1.5648420272e+04 1.5707963268e+00 -1.8153634986e-01
1.4617376900e-05 1.5649614034e+04 1.5707963268e+00 -1.8436363582e-01
1.4841765057e-05 1.5650826531e+04 1.5707963268e+00 -1.8719049041e-01
1.5066130469e-05 1.5652057767e+04 1.5707963268e+00 -1.9001690696e-01
1.5290472794e-05 1.5653307747e+04 1.5707963268e+00 -1.9284287881e-01
1.5514791689e-05 1.5654576474e+04 1.5707963268e+00 -1.9566839930e-01
1.5739086810e-05 1.5655863952e+04 1.5707963268e+00 -1.9849346176e-01
1.5963357815e-05 1.5657170185e+04 1.5707963268e+00 -2.0131805953e-01
1.6187604363e-05 1.5658495178e+04 1.5707963268e+00 -2.0414218597e-01
1.6411826112e-05 1.5659838934e+04 1.5707963268e+00 -2.0696583442e-01
1.6636022720e-05 1.5661201458e+04 1.5707963268e+00 -2.0978899825e-01
1.6860193847e-05 1.5662582754e+04 1.5707963268e+00 -2.1261167080e-01
1.7084339151e-05 1.5663982826e+04 1.5707963268e+00 -2.1543384544e-01
1.7308458292e-05 1.5665401679e+04 1.5707963268e+00 -2.1825551553e-01
1.7532550931e-05 1.5666839318e+04 1.5707963268e+00 -2.2107667444e-01
1.7756616727e-05 1.5668295746e+04 1.5707963268e+00 -2.2389731555e-01
1.7980655341e-05 1.5669770968e+04 1.5707963268e+00 -2.2671743224e-01
1.8204666435e-05 1.5671264990e+04 1.5707963268e+00 -2.2953701787e-01
1.8428649669e-05 1.5672777814e+04 1.5707963268e+00 -2.3235606585e-01
1.8652604705e-05 1.5674309447e+04 1.5707963268e+00 -2.3517456955e-01
1.8876531207e-05 1.5675859894e+04 1.5707963268e+00 -2.3799252237e-01
1.9100428835e-05 1.5677429158e+04 1.5707963268e+00 -2.4080991771e-01
1.9324297253e-05 1.5679017244e+04 1.5707963268e+00 -2.4362674896e-01
1.9548136124e-05 1.5680624159e+04 1.5707963268e+00 -2.4644300954e-01
1.9771945112e-05 1.5682249906e+04 1.5707963268e+00 -2.4925869285e-01
1.9995723881e-05 1.5683894491e+04 1.5707963268e+00 -2.5207379231e-01
2.0219472095e-05 1.5685557918e+04 1.5707963268e+00 -2.5488830133e-01
2.0443189420e-05 1.5687240193e+04 1.5707963268e+00 -2.5770221335e-01
2.0666875519e-05 1.5688941322e+04 1.5707963268e+00 -2.6051552178e-01
2.0890530060e-05 1.5690661309e+04 1.5707963268e+00 -2.6332822005e-01
2.1114152708e-05 1.5692400159e+04 1.5707963268e+00 -2.6614030161e-01
2.1337743130e-05 1.5694157879e+04 1.5707963268e+00 -2.6895175990e-01
2.1561300992e-05 1.5695934473e+04 1.5707963268e+00 -2.7176258836e-01
2.1784825961e-05 1.5697729946e+04 1.5707963268e+00 -2.7457278044e-01
2.2008317707e-05 1.5699544305e+04 1.5707963268e+00 -2.7738232961e-01
2.2231775896e-05 1.5701377555e+04 1.5707963268e+00 -2.8019122931e-01
2.2455200197e-05 1.5703229702e+04 1.5707963268e+00 -2.8299947301e-01
2.2678590280e-05 1.5705100750e+04 1.5707963268e+00 -2.8580705419e-01
2.2901945814e-05 1.5706990707e+04 1.5707963268e+00 -2.8861396632e-01
2.3125266469e-05 1.5708899576e+04 1.5707963268e+00 -2.9142020288e-01
2.3348551915e-05 1.5710827366e+04 1.5707963268e+00 -2.9422575736e-01
2.3571801824e-05 1.5712774080e+04 1.5707963268e+00 -2.9703062325e-01
2.3795015866e-05 1.5714739725e+04 1.5707963268e+00 -2.9983479403e-01
2.4018193714e-05 1.5716724308e+04 1.5707963268e+00 -3.0263826323e-01
2.4241335039e-05 1.5718727833e+04 1.5707963268e+00 -3.0544102433e-01
2.4464439515e-05 1.5720750308e+04 1.5707963268e+00 -3.0824307086e-01
2.4687506814e-05 1.5722791738e+04 1.5707963268e+00 -3.1104439632e-01
2.4910536611e-05 1.5724852129e+04 1.5707963268e+00 -3.1384499426e-01
2.5133528580e-05 1.5726931487e+04 1.5707963268e+00 -3.1664485818e-01
2.5356482395e-05 1.5729029819e+04 1.5707963268e+00 -3.1944398163e-01
2.5579397732e-05 1.5731147131e+04 1.5707963268e+00 -3.2224235814e-01
2.5802274265e-05 1.5733283430e+04 1.5707963268e+00 -3.2503998127e-01
2.6025111673e-05 1.5735438720e+04 1.5707963268e+00 -3.2783684456e-01
2.6247909631e-05 1.5737613010e+04 1.5707963268e+00 -3.3063294157e-01
2.6470667816e-05 1.5739806306e+04 1.5707963268e+00 -3.3342826586e-01
2.6693385906e-05 1.5742018613e+04 1.5707963268e+00 -3.3622281100e-01
2.6916063580e-05 1.5744249939e+04 1.5707963268e+00 -3.3901657057e-01
2.7138700516e-05 1.5746500291e+04 1.5707963268e+00 -3.4180953814e-01
2.7361296393e-05 1.5748769673e+04 1.5707963268e+00 -3.4460170731e-01
2.7583850893e-05 1.5751058095e+04 1.5707963268e+00 -3.4739307167e-01
2.7806363693e-05 1.5753365561e+04 1.5707963268e+00 -3.5018362480e-01
2.8028834477e-05 1.5755692080e+04 1.5707963268e+00 -3.5297336033e-01
2.8251262925e-05 1.5758037657e+04 1.5707963268e+00 -3.5576227187e-01
2.8473648719e-05 1.5760402300e+04 1.5707963268e+00 -3.5855035302e-01
2.8695991543e-05 1.5762786015e+04 1.5707963268e+00 -3.6133759741e-01
2.8918291078e-05 1.5765188810e+04 1.5707963268e+00 -3.6412399868e-01
2.9140547009e-05 1.5767610691e+04 1.5707963268e+00 -3.6690955046e-01
2.9362759019e-05 1.5770051666e+04 1.5707963268e+00 -3.6969424640e-01
2.9584926795e-05 1.5772511741e+04 1.5707963268e+00 -3.7247808014e-01
2.9807050021e-05 1.5774990923e+04 1.5707963268e+00 -3.7526104535e-01
3.0029128383e-05 1.5777489221e+04 1.5707963268e+00 -3.7804313568e-01
3.0251161567e-05 1.5780006640e+04 1.5707963268e+00 -3.8082434481e-01
3.0473149262e-05 1.5782543189e+04 1.5707963268e+00 -3.8360466641e-01
3.0695091154e-05 1.5785098874e+04 1.5707963268e+00 -3.8638409417e-01
3.0916986932e-05 1.5787673703e+04 1.5707963268e+00 -3.8916262178e-01
3.1138836285e-05 1.5790267682e+04 1.5707963268e+00 -3.9194024293e-01
3.1360638902e-05 1.5792880821e+04 1.5707963268e+00 -3.9471695133e-01
3.1582394474e-05 1.5795513125e+04 1.5707963268e+00 -3.9749274070e-01
3.1804102691e-05 1.5798164603e+04 1.5707963268e+00 -4.0026760475e-01
3.2025763244e-05 1.5800835261e+04 1.5707963268e+00 -4.0304153720e-01
3.2247375826e-05 1.5803525108e+04 1.5707963268e+00 -4.0581453180e-01
3.2468940128e-05 1.5806234151e+04 1.5707963268e+00 -4.0858658228e-01
3.2690455845e-05 1.5808962397e+04 1.5707963268e+00 -4.1135768238e-01
3.2911922670e-05 1.5811709855e+04 1.5707963268e+00 -4.1412782588e-01
3.3133340297e-05 1.5814476532e+04 1.5707963268e+00 -4.1689700652e-01
3.3354708422e-05 1.5817262435e+04 1.5707963268e+00 -4.1966521807e-01
3.3576026740e-05 1.5820067573e+04 1.5707963268e+00 -4.2243245432e-01
3.3797294947e-05 1.5822891953e+04 1.5707963268e+00 -4.2519870905e-01
3.4018512741e-05 1.5825735583e+04 1.5707963268e+00 -4.2796397606e-01
3.4239679820e-05 1.5828598471e+04 1.5707963268e+00 -4.3072824914e-01
3.4460795880e-05 1.5831480625e+04 1.5707963268e+00 -4.3349152210e-01
3.4681860622e-05 1.5834382053e+04 1.5707963268e+00 -4.3625378875e-01
3.4902873745e-05 1.5837302762e+04 1.5707963268e+00 -4.3901504293e-01
3.5123834949e-05 1.5840242761e+04 1.5707963268e+00 -4.4177527846e-01
3.5344743935e-05 1.5843202058e+04 1.5707963268e+00 -4.4453448919e-01
3.5565600405e-05 1.5846180661e+04 1.5707963268e+00 -4.4729266895e-01
3.5786404061e-05 1.5849178577e+04 1.5707963268e+00 -4.5004981161e-01
3.6007154605e-05 1.5852195816e+04 1.5707963268e+00 -4.5280591104e-01
3.6227851743e-05 1.5855232385e+04 1.5707963268e+00 -4.5556096109e-01
3.6448495176e-05 1.5858288292e+04 1.5707963268e+00 -4.5831495566e-01
3.6669084612e-05 1.5861363547e+04 1.5707963268e+00 -4.6106788862e-01
3.6889619755e-05 1.5864458156e+04 1.5707963268e+00 -4.6381975389e-01
3.7110100312e-05 1.5867572128e+04 1.5707963268e+00 -4.6657054535e-01
3.7330525989e-05 1.5870705472e+04 1.5707963268e+00 -4.6932025693e-01
3.7550896496e-05 1.5873858196e+04 1.5707963268e+00 -4.7206888255e-01
3.7771211539e-05 1.5877030308e+04 1.5707963268e+00 -4.7481641614e-01
3.7991470828e-05 1.5880221817e+04 1.5707963268e+00 -4.7756285164e-01
3.8211674073e-05 1.5883432731e+04 1.5707963268e+00 -4.8030818299e-01
3.8431820985e-05 1.5886663058e+04 1.5707963268e+00 -4.8305240415e-01
3.8651911275e-05 1.5889912808e+04 1.5707963268e+00 -4.8579550908e-01
3.8871944654e-05 1.5893181989e+04 1.5707963268e+00 -4.8853749177e-01
3.9091920837e-05 1.5896470608e+04 1.5707963268e+00 -4.9127834619e-01
3.9311839535e-05 1.5899778675e+04 1.5707963268e+00 -4.9401806634e-01
3.9531700463e-05 1.5903106199e+04 1.5707963268e+00 -4.9675664620e-01
3.9751503337e-05 1.5906453188e+04 1.5707963268e+00 -4.9949407981e-01
3.9971247871e-05 1.5909819650e+04 1.5707963268e+00 -5.0223036116e-01
4.0190933783e-05 1.5913205595e+04 1.5707963268e+00 -5.0496548429e-01
4.0410560789e-05 1.5916611031e+04 1.5707963268e+00 -5.0769944324e-01
4.0630128607e-05 1.5920035966e+04 1.5707963268e+00 -5.1043223206e-01
4.0849636955e-05 1.5923480411e+04 1.5707963268e+00 -5.1316384479e-01
4.1069085554e-05 1.5926944372e+04 1.5707963268e+00 -5.1589427550e-01
4.1288474123e-05 1.5930427860e+04 1.5707963268e+00 -5.1862351826e-01
4.1507802384e-05 1.5933930882e+04 1.5707963268e+00 -5.2135156717e-01
4.1727070057e-05 1.5937453449e+04 1.5707963268e+00 -5.2407841630e-01
4.1946276865e-05 1.5940995568e+04 1.5707963268e+00 -5.2680405977e-01
4.2165422531e-05 1.5944557249e+04 1.5707963268e+00 -5.2952849169e-01
4.2384506780e-05 1.5948138500e+04 1.5707963268e+00 -5.3225170617e-01
4.2603529335e-05 1.5951739331e+04 1.5707963268e+00 -5.3497369734e-01
4.2822489923e-05 1.5955359750e+04 1.5707963268e+00 -5.3769445936e-01
4.3041388270e-05 1.5958999766e+04 1.5707963268e+00 -5.4041398636e-01
4.3260224102e-05 1.5962659389e+04 1.5707963268e+00 -5.4313227250e-01
4.3478997148e-05 1.5966338628e+04 1.5707963268e+00 -5.4584931197e-01
4.3697707136e-05 1.5970037491e+04 1.5707963268e+00 -5.4856509893e-01
4.3916353795e-05 1.5973755987e+04 1.5707963268e+00 -5.5127962758e-01
4.4134936856e-05 1.5977494126e+04 1.5707963268e+00 -5.5399289212e-01
4.4353456050e-05 1.5981251917e+04 1.5707963268e+00 -5.5670488676e-01
4.4571911108e-05 1.5985029368e+04 1.5707963268e+00 -5.5941560571e-01
4.4790301763e-05 1.5988826490e+04 1.5707963268e+00 -5.6212504321e-01
4.5008627748e-05 1.5992643290e+04 1.5707963268e+00 -5.6483319349e-01
4.5226888798e-05 1.5996479779e+04 1.5707963268e+00 -5.6754005082e-01
4.5445084647e-05 1.6000335966e+04 1.5707963268e+00 -5.7024560944e-01
4.5663215032e-05 1.6004211859e+04 1.5707963268e+00 -5.7294986364e-01
4.5881279688e-05 1.6008107468e+04 1.5707963268e+00 -5.7565280769e-01
4.6099278354e-05 1.6012022802e+04 1.5707963268e+00 -5.7835443588e-01
4.6317210767e-05 1.6015957870e+04 1.5707963268e+00 -5.8105474252e-01
4.6535076667e-05 1.6019912682e+04 1.5707963268e+00 -5.8375372192e-01
4.6752875794e-05 1.6023887247e+04 1.5707963268e+00 -5.8645136840e-01
4.6970607887e-05 1.6027881575e+04 1.5707963268e+00 -5.8914767631e-01
4.7188272690e-05 1.6031895673e+04 1.5707963268e+00 -5.9184263998e-01
4.7405869943e-05 1.6035929553e+04 1.5707963268e+00 -5.9453625377e-01
4.7623399391e-05 1.6039983223e+04 1.5707963268e+00 -5.9722851205e-01
4.7840860778e-05 1.6044056692e+04 1.5707963268e+00 -5.9991940919e-01
4.8058253847e-05 1.6048149970e+04 1.5707963268e+00 -6.0260893959e-01
4.8275578346e-05 1.6052263066e+04 1.5707963268e+00 -6.0529709765e-01
4.8492834020e-05 1.6056395990e+04 1.5707963268e+00 -6.0798387777e-01
4.8710020618e-05 1.6060548750e+04 1.5707963268e+00 -6.1066927437e-01
4.8927137886e-05 1.6064721357e+04 1.5707963268e+00 -6.1335328190e-01
4.9144185575e-05 1.6068913820e+04 1.5707963268e+00 -6.1603589479e-01
4.9361163435e-05 1.6073126148e+04 1.5707963268e+00 -6.1871710750e-01
4.9578071215e-05 1.6077358351e+04 1.5707963268e+00 -6.2139691449e-01
4.9794908669e-05 1.6081610437e+04 1.5707963268e+00 -6.2407531025e-01
5.0011675548e-05 1.6085882417e+04 1.5707963268e+00 -6.2675228927e-01
5.0228371606e-05 1.6090174300e+04 1.5707963268e+00 -6.2942784603e-01
5.0444996597e-05 1.6094486096e+04 1.5707963268e+00 -6.3210197507e-01
5.0661550276e-05 1.6098817813e+04 1.5707963268e+00 -6.3477467089e-01
5.0878032400e-05 1.6103169461e+04 1.5707963268e+00 -6.3744592804e-01
5.1094442725e-05 1.6107541050e+04 1.5707963268e+00 -6.4011574107e-01
5.1310781009e-05 1.6111932590e+04 1.5707963268e+00 -6.4278410452e-01
5.1527047011e-05 1.6116344089e+04 1.5707963268e+00 -6.4545101298e-01
5.1743240489e-05 1.6120775557e+04 1.5707963268e+00 -6.4811646101e-01
5.1959361206e-05 1.6125227004e+04 1.5707963268e+00 -6.5078044323e-01
5.2175408921e-05 1.6129698439e+04 1.5707963268e+00 -6.5344295423e-01
5.2391383397e-05 1.6134189872e+04 1.5707963268e+00 -6.5610398863e-01
5.2607284397e-05 1.6138701312e+04 1.5707963268e+00 -6.5876354107e-01
5.2823111686e-05 1.6143232769e+04 1.5707963268e+00 -6.6142160617e-01
5.3038865027e-05 1.6147784252e+04 1.5707963268e+00 -6.6407817860e-01
5.3254544187e-05 1.6152355771e+04 1.5707963268e+00 -6.6673325303e-01
5.3470148932e-05 1.6156947335e+04 1.5707963268e+00 -6.6938682412e-01
5.3685679030e-05 1.6161558953e+04 1.5707963268e+00 -6.7203888657e-01
5.3901134249e-05 1.6166190636e+04 1.5707963268e+00 -6.7468943509e-01
5.4116514358e-05 1.6170842393e+04 1.5707963268e+00 -6.7733846439e-01
5.4331819128e-05 1.6175514233e+04 1.5707963268e+00 -6.7998596919e-01
5.4547048331e-05 1.6180206165e+04 1.5707963268e+00 -6.8263194423e-01
5.4762201737e-05 1.6184918200e+04 1.5707963268e+00 -6.8527638427e-01
5.4977279120e-05 1.6189650347e+04 1.5707963268e+00 -6.8791928407e-01
5.5192280253e-05 1.6194402615e+04 1.5707963268e+00 -6.9056063841e-01
5.5407204913e-05 1.6199175014e+04 1.5707963268e+00 -6.9320044208e-01
5.5622052873e-05 1.6203967553e+04 1.5707963268e+00 -6.9583868987e-01
5.5836823912e-05 1.6208780242e+04 1.5707963268e+00 -6.9847537661e-01
5.6051517805e-05 1.6213613090e+04 1.5707963268e+00 -7.0111049713e-01
5.6266134333e-05 1.6218466107e+04 1.5707963268e+00 -7.0374404625e-01
5.6480673273e-05 1.6223339303e+04 1.5707963268e+00 -7.0637601884e-01
5.6695134408e-05 1.6228232686e+04 1.5707963268e+00 -7.0900640977e-01
5.6909517516e-05 1.6233146266e+04 1.5707963268e+00 -7.1163521390e-01
5.7123822382e-05 1.6238080053e+04 1.5707963268e+00 -7.1426242614e-01
5.7338048788e-05 1.6243034056e+04 1.5707963268e+00 -7.1688804138e-01
5.7552196517e-05 1.6248008285e+04 1.5707963268e+00 -7.1951205455e-01
5.7766265355e-05 1.6253002749e+04 1.5707963268e+00 -7.2213446057e-01
5.7980255088e-05 1.6258017457e+04 1.5707963268e+00 -7.2475525440e-01
5.8194165502e-05 1.6263052419e+04 1.5707963268e+00 -7.2737443099e-01
5.8407996386e-05 1.6268107645e+04 1.5707963268e+00 -7.2999198530e-01
5.8621747527e-05 1.6273183144e+04 1.5707963268e+00 -7.3260791233e-01
5.8835418716e-05 1.6278278924e+04 1.5707963268e+00 -7.3522220706e-01
5.9049009743e-05 1.6283394996e+04 1.5707963268e+00 -7.3783486452e-01
5.9262520399e-05 1.6288531370e+04 1.5707963268e+00 -7.4044587972e-01
5.9475950478e-05 1.6293688053e+04 1.5707963268e+00 -7.4305524771e-01
5.9689299771e-05 1.6298865057e+04 1.5707963268e+00 -7.4566296353e-01
5.9902568075e-05 1.6304062389e+04 1.5707963268e+00 -7.4826902224e-01
6.0115755183e-05 1.6309280060e+04 1.5707963268e+00 -7.5087341893e-01
6.0328860892e-05 1.6314518079e+04 1.5707963268e+00 -7.5347614869e-01
6.0541885000e-05 1.6319776454e+04 1.5707963268e+00 -7.5607720663e-01
6.0754827304e-05 1.6325055196e+04 1.5707963268e+00 -7.5867658785e-01
6.0967687604e-05 1.6330354314e+04 1.5707963268e+00 -7.6127428750e-01
6.1180465699e-05 1.6335673817e+04 1.5707963268e+00 -7.6387030072e-01
6.1393161390e-05 1.6341013714e+04 1.5707963268e+00 -7.6646462268e-01
6.1605774480e-05 1.6346374015e+04 1.5707963268e+00 -7.6905724854e-01
6.1818304772e-05 1.6351754728e+04 1.5707963268e+00 -7.7164817349e-01
6.2030752068e-05 1.6357155863e+04 1.5707963268e+00 -7.7423739275e-01
6.2243116175e-05 1.6362577429e+04 1.5707963268e+00 -7.7682490151e-01
6.2455396897e-05 1.6368019436e+04 1.5707963268e+00 -7.7941069503e-01
6.2667594041e-05 1.6373481892e+04 1.5707963268e+00 -7.8199476853e-01
6.2879707416e-05 1.6378964807e+04 1.5707963268e+00 -7.8457711728e-01
6.3091736830e-05 1.6384468190e+04 1.5707963268e+00 -7.8715773655e-01
6.3303682092e-05 1.6389992049e+04 1.5707963268e+00 -7.8973662163e-01
6.3515543013e-05 1.6395536395e+04 1.5707963268e+00 -7.9231376781e-01
6.3727319405e-05 1.6401101236e+04 1.5707963268e+00 -7.9488917043e-01
6.3939011080e-05 1.6406686581e+04 1.5707963268e+00 -7.9746282479e-01
6.4150617851e-05 1.6412292439e+04 1.5707963268e+00 -8.0003472626e-01
6.4362139533e-05 1.6417918819e+04 1.5707963268e+00 -8.0260487019e-01
6.4573575942e-05 1.6423565731e+04 1.5707963268e+00 -8.0517325195e-01
6.4784926894e-05 1.6429233183e+04 1.5707963268e+00 -8.0773986692e-01
6.4996192206e-05 1.6434921184e+04 1.5707963268e+00 -8.1030471052e-01
6.5207371696e-05 1.6440629743e+04 1.5707963268e+00 -8.1286777817e-01
6.5418465185e-05 1.6446358870e+04 1.5707963268e+00 -8.1542906528e-01
6.5629472491e-05 1.6452108572e+04 1.5707963268e+00 -8.1798856731e-01
6.5840393437e-05 1.6457878859e+04 1.5707963268e+00 -8.2054627972e-01
6.6051227845e-05 1.6463669740e+04 1.5707963268e+00 -8.2310219798e-01
6.6261975537e-05 1.6469481224e+04 1.5707963268e+00 -8.2565631759e-01
6.6472636339e-05 1.6475313318e+04 1.5707963268e+00 -8.2820863405e-01
6.6683210074e-05 1.6481166033e+04 1.5707963268e+00 -8.3075914288e-01
6.6893696571e-05 1.6487039377e+04 1.5707963268e+00 -8.3330783962e-01
6.7104095654e-05 1.6492933358e+04 1.5707963268e+00 -8.3585471981e-01
6.7314407153e-05 1.6498847986e+04 1.5707963268e+00 -8.3839977903e-01
6.7524630897e-05 1.6504783268e+04 1.5707963268e+00 -8.4094301285e-01
6.7734766716e-05 1.6510739214e+04 1.5707963268e+00 -8.4348441687e-01
6.7944814440e-05 1.6516715833e+04 1.5707963268e+00 -8.4602398670e-01
6.8154773903e-05 1.6522713132e+04 1.5707963268e+00 -8.4856171796e-01
6.8364644936e-05 1.6528731121e+04 1.5707963268e+00 -8.5109760630e-01
6.8574427374e-05 1.6534769807e+04 1.5707963268e+00 -8.5363164737e-01
6.8784121051e-05 1.6540829200e+04 1.5707963268e+00 -8.5616383684e-01
6.8993725805e-05 1.6546909308e+04 1.5707963268e+00 -8.5869417040e-01
6.9203241471e-05 1.6553010140e+04 1.5707963268e+00 -8.6122264375e-01
6.9412667887e-05 1.6559131703e+04 1.5707963268e+00 -8.6374925261e-01
6.9622004894e-05 1.6565274006e+04 1.5707963268e+00 -8.6627399271e-01
6.9831252329e-05 1.6571437058e+04 1.5707963268e+00 -8.6879685980e-01
7.0040410035e-05 1.6577620867e+04 1.5707963268e+00 -8.7131784964e-01
7.0249477853e-05 1.6583825441e+04 1.5707963268e+00 -8.7383695801e-01
7.0458455626e-05 1.6590050789e+04 1.5707963268e+00 -8.7635418071e-01
7.0667343197e-05 1.6596296918e+04 1.5707963268e+00 -8.7886951354e-01
7.0876140413e-05 1.6602563838e+04 1.5707963268e+00 -8.8138295233e-01
7.1084847117e-05 1.6608851555e+04 1.5707963268e+00 -8.8389449293e-01
7.1293463158e-05 1.6615160079e+04 1.5707963268e+00 -8.8640413119e-01
7.1501988383e-05 1.6621489417e+04 1.5707963268e+00 -8.8891186298e-01
7.1710422640e-05 1.6627839578e+04 1.5707963268e+00 -8.9141768420e-01
7.1918765780e-05 1.6634210569e+04 1.5707963268e+00 -8.9392159074e-01
7.2127017654e-05 1.6640602398e+04 1.5707963268e+00 -8.9642357852e-01
7.2335178112e-05 1.6647015074e+04 1.5707963268e+00 -8.9892364349e-01
7.2543247008e-05 1.6653448604e+04 1.5707963268e+00 -9.0142178159e-01
7.2751224195e-05 1.6659902997e+04 1.5707963268e+00 -9.0391798880e-01
7.2959109528e-05 1.6666378260e+04 1.5707963268e+00 -9.0641226109e-01
7.3166902862e-05 1.6672874400e+04 1.5707963268e+00 -9.0890459446e-01
7.3374604055e-05 1.6679391427e+04 1.5707963268e+00 -9.1139498494e-01
7.3582212964e-05 1.6685929347e+04 1.5707963268e+00 -9.1388342854e-01
7.3789729448e-05 1.6692488168e+04 1.5707963268e+00 -9.1636992133e-01
7.3997153366e-05 1.6699067898e+04 1.5707963268e+00 -9.1885445936e-01
7.4204484578e-05 1.6705668545e+04 1.5707963268e+00 -9.2133703871e-01
7.4411722947e-05 1.6712290116e+04 1.5707963268e+00 -9.2381765549e-01
7.4618868335e-05 1.6718932618e+04 1.5707963268e+00 -9.2629630579e-01
7.4825920605e-05 1.6725596060e+04 1.5707963268e+00 -9.2877298576e-01
7.5032879622e-05 1.6732280448e+04 1.5707963268e+00 -9.3124769153e-01
7.5239745252e-05 1.6738985791e+04 1.5707963268e+00 -9.3372041927e-01
7.5446517360e-05 1.6745712095e+04 1.5707963268e+00 -9.3619116516e-01
7.5653195816e-05 1.6752459368e+04 1.5707963268e+00 -9.3865992538e-01
7.5859780486e-05 1.6759227617e+04 1.5707963268e+00 -9.4112669614e-01
7.6066271241e-05 1.6766016850e+04 1.5707963268e+00 -9.4359147369e-01
7.6272667950e-05 1.6772827074e+04 1.5707963268e+00 -9.4605425425e-01
7.6478970486e-05 1.6779658295e+04 1.5707963268e+00 -9.4851503408e-01
7.6685178721e-05 1.6786510521e+04 1.5707963268e+00 -9.5097380947e-01
7.6891292527e-05 1.6793383760e+04 1.5707963268e+00 -9.5343057670e-01
7.7097311780e-05 1.6800278018e+04 1.5707963268e+00 -9.5588533208e-01
7.7303236355e-05 1.6807193302e+04 1.5707963268e+00 -9.5833807194e-01
7.7509066128e-05 1.6814129619e+04 1.5707963268e+00 -9.6078879262e-01
7.7714800977e-05 1.6821086976e+04 1.5707963268e+00 -9.6323749048e-01
7.7920440779e-05 1.6828065381e+04 1.5707963268e+00 -9.6568416190e-01
7.8125985415e-05 1.6835064839e+04 1.5707963268e+00 -9.6812880325e-01
7.8331434763e-05 1.6842085358e+04 1.5707963268e+00 -9.7057141097e-01
7.8536788707e-05 1.6849126945e+04 1.5707963268e+00 -9.7301198146e-01
7.8742047126e-05 1.6856189605e+04 1.5707963268e+00 -9.7545051117e-01
7.8947209906e-05 1.6863273347e+04 1.5707963268e+00 -9.7788699656e-01
7.9152276930e-05 1.6870378175e+04 1.5707963268e+00 -9.8032143411e-01
7.9357248083e-05 1.6877504098e+04 1.5707963268e+00 -9.8275382030e-01
7.9562123251e-05 1.6884651121e+04 1.5707963268e+00 -9.8518415165e-01
7.9766902322e-05 1.6891819251e+04 1.5707963268e+00 -9.8761242469e-01
7.9971585183e-05 1.6899008494e+04 1.5707963268e+00 -9.9003863594e-01
8.0176171723e-05 1.6906218857e+04 1.5707963268e+00 -9.9246278199e-01
8.0380661833e-05 1.6913450346e+04 1.5707963268e+00 -9.9488485939e-01
8.0585055404e-05 1.6920702968e+04 1.5707963268e+00 -9.9730486475e-01
8.0789352326e-05 1.6927976728e+04 1.5707963268e+00 -9.9972279467e-01
8.0993552494e-05 1.6935271632e+04 1.5707963268e+00 -1.0021386458e+00
8.1197655801e-05 1.6942587688e+04 1.5707963268e+00 -1.0045524147e+00
8.1401662142e-05 1.6949924900e+04 1.5707963268e+00 -1.0069640982e+00
8.1605571413e-05 1.6957283275e+04 1.5707963268e+00 -1.0093736928e+00
8.1809383511e-05 1.6964662819e+04 1.5707963268e+00 -1.0117811953e+00
8.2013098333e-05 1.6972063538e+04 1.5707963268e+00 -1.0141866024e+00
8.2216715777e-05 1.6979485437e+04 1.5707963268e+00 -1.0165899108e+00
8.2420235745e-05 1.6986928523e+04 1.5707963268e+00 -1.0189911173e+00
8.2623658136e-05 1.6994392801e+04 1.5707963268e+00 -1.0213902186e+00
8.2826982852e-05 1.7001878277e+04 1.5707963268e+00 -1.0237872114e+00
8.3030209795e-05 1.7009384957e+04 1.5707963268e+00 -1.0261820928e+00
8.3233338869e-05 1.7016912846e+04 1.5707963268e+00 -1.0285748593e+00
8.3436369979e-05 1.7024461950e+04 1.5707963268e+00 -1.0309655078e+00
8.3639303030e-05 1.7032032273e+04 1.5707963268e+00 -1.0333540353e+00
8.3842137928e-05 1.7039623823e+04 1.5707963268e+00 -1.0357404386e+00
8.4044874580e-05 1.7047236604e+04 1.5707963268e+00 -1.0381247145e+00
8.4247512896e-05 1.7054870620e+04 1.5707963268e+00 -1.0405068600e+00
8.4450052784e-05 1.7062525879e+04 1.5707963268e+00 -1.0428868719e+00
8.4652494154e-05 1.7070202385e+04 1.5707963268e+00 -1.0452647472e+00
8.4854836917e-05 1.7077900142e+04 1.5707963268e+00 -1.0476404830e+00
8.5057080987e-05 1.7085619157e+04 1.5707963268e+00 -1.0500140760e+00
8.5259226274e-05 1.7093359434e+04 1.5707963268e+00 -1.0523855234e+00
8.5461272695e-05 1.7101120978e+04 1.5707963268e+00 -1.0547548221e+00
8.5663220163e-05 1.7108903795e+04 1.5707963268e+00 -1.0571219692e+00
8.5865068594e-05 1.7116707888e+04 1.5707963268e+00 -1.0594869617e+00
8.6066817906e-05 1.7124533263e+04 1.5707963268e+00 -1.0618497966e+00
8.6268468016e-05 1.7132379925e+04 1.5707963268e+00 -1.0642104710e+00
8.6470018842e-05 1.7140247879e+04 1.5707963268e+00 -1.0665689821e+00
8.6671470305e-05 1.7148137128e+04 1.5707963268e+00 -1.0689253269e+00
8.6872822325e-05 1.7156047678e+04 1.5707963268e+00 -1.0712795026e+00
8.7074074823e-05 1.7163979533e+04 1.5707963268e+00 -1.0736315063e+00
8.7275227723e-05 1.7171932698e+04 1.5707963268e+00 -1.0759813351e+00
8.7476280946e-05 1.7179907176e+04 1.5707963268e+00 -1.0783289863e+00
8.7677234418e-05 1.7187902973e+04 1.5707963268e+00 -1.0806744571e+00
8.7878088065e-05 1.7195920093e+04 1.5707963268e+00 -1.0830177446e+00
8.8078841811e-05 1.7203958540e+04 1.5707963268e+00 -1.0853588461e+00
8.8279495584e-05 1.7212018317e+04 1.5707963268e+00 -1.0876977588e+00
8.8480049312e-05 1.7220099430e+04 1.5707963268e+00 -1.0900344801e+00
8.8680502925e-05 1.7228201883e+04 1.5707963268e+00 -1.0923690071e+00
8.8880856351e-05 1.7236325678e+04 1.5707963268e+00 -1.0947013373e+00
8.9081109523e-05 1.7244470821e+04 1.5707963268e+00 -1.0970314679e+00
8.9281262370e-05 1.7252637314e+04 1.5707963268e+00 -1.0993593962e+00
8.9481314827e-05 1.7260825163e+04 1.5707963268e+00 -1.1016851197e+00
8.9681266827e-05 1.7269034370e+04 1.5707963268e+00 -1.1040086356e+00
8.9881118304e-05 1.7277264940e+04 1.5707963268e+00 -1.1063299415e+00
9.0080869193e-05 1.7285516876e+04 1.5707963268e+00 -1.1086490346e+00
9.0280519431e-05 1.7293790181e+04 1.5707963268e+00 -1.1109659125e+00
9.0480068955e-05 1.7302084859e+04 1.5707963268e+00 -1.1132805725e+00
9.0679517703e-05 1.7310400913e+04 1.5707963268e+00 -1.1155930121e+00
9.0878865615e-05 1.7318738348e+04 1.5707963268e+00 -1.1179032288e+00
9.1078112629e-05 1.7327097165e+04 1.5707963268e+00 -1.1202112202e+00
9.1277258687e-05 1.7335477369e+04 1.5707963268e+00 -1.1225169836e+00
9.1476303731e-05 1.7343878963e+04 1.5707963268e+00 -1.1248205167e+00
9.1675247703e-05 1.7352301949e+04 1.5707963268e+00 -1.1271218170e+00
9.1874090547e-05 1.7360746331e+04 1.5707963268e+00 -1.1294208821e+00
9.2072832207e-05 1.7369212111e+04 1.5707963268e+00 -1.1317177095e+00
9.2271472628e-05 1.7377699293e+04 1.5707963268e+00 -1.1340122969e+00
9.2470011758e-05 1.7386207880e+04 1.5707963268e+00 -1.1363046418e+00
9.2668449541e-05 1.7394737874e+04 1.5707963268e+00 -1.1385947420e+00
9.2866785928e-05 1.7403289278e+04 1.5707963268e+00 -1.1408825950e+00
9.3065020866e-05 1.7411862095e+04 1.5707963268e+00 -1.1431681986e+00
9.3263154306e-05 1.7420456327e+04 1.5707963268e+00 -1.1454515504e+00
9.3461186198e-05 1.7429071977e+04 1.5707963268e+00 -1.1477326481e+00
9.3659116493e-05 1.7437709047e+04 1.5707963268e+00 -1.1500114895e+00
9.3856945144e-05 1.7446367539e+04 1.5707963268e+00 -1.1522880724e+00
9.4054672104e-05 1.7455047457e+04 1.5707963268e+00 -1.1545623944e+00
9.4252297328e-05 1.7463748802e+04 1.5707963268e+00 -1.1568344533e+00
9.4449820770e-05 1.7472471577e+04 1.5707963268e+00 -1.1591042471e+00
9.4647242386e-05 1.7481215783e+04 1.5707963268e+00 -1.1613717734e+00
9.4844562134e-05 1.7489981422e+04 1.5707963268e+00 -1.1636370301e+00
9.5041779970e-05 1.7498768498e+04 1.5707963268e+00 -1.1659000150e+00
9.5238895853e-05 1.7507577011e+04 1.5707963268e+00 -1.1681607261e+00
9.5435909743e-05 1.7516406963e+04 1.5707963268e+00 -1.1704191612e+00
9.5632821599e-05 1.7525258357e+04 1.5707963268e+00 -1.1726753182e+00
9.5829631384e-05 1.7534131193e+04 1.5707963268e+00 -1.1749291951e+00
9.6026339058e-05 1.7543025474e+04 1.5707963268e+00 -1.1771807897e+00
9.6222944585e-05 1.7551941202e+04 1.5707963268e+00 -1.1794301000e+00
9.6419447928e-05 1.7560878377e+04 1.5707963268e+00 -1.1816771241e+00
9.6615849052e-05 1.7569837001e+04 1.5707963268e+00 -1.1839218599e+00
9.6812147922e-05 1.7578817075e+04 1.5707963268e+00 -1.1861643054e+00
9.7008344505e-05 1.7587818602e+04 1.5707963268e+00 -1.1884044586e+00
9.7204438767e-05 1.7596841582e+04 1.5707963268e+00 -1.1906423176e+00
9.7400430676e-05 1.7605886015e+04 1.5707963268e+00 -1.1928778804e+00
9.7596320201e-05 1.7614951905e+04 1.5707963268e+00 -1.1951111452e+00
9.7792107311e-05 1.7624039250e+04 1.5707963268e+00 -1.1973421100e+00
9.7987791978e-05 1.7633148053e+04 1.5707963268e+00 -1.1995707729e+00
9.8183374171e-05 1.7642278314e+04 1.5707963268e+00 -1.2017971322e+00
9.8378853864e-05 1.7651430034e+04 1.5707963268e+00 -1.2040211858e+00
9.8574231029e-05 1.7660603214e+04 1.5707963268e+00 -1.2062429321e+00
9.8769505640e-05 1.7669797855e+04 1.5707963268e+00 -1.2084623691e+00
9.8964677672e-05 1.7679013956e+04 1.5707963268e+00 -1.2106794951e+00
9.9159747099e-05 1.7688251519e+04 1.5707963268e+00 -1.2128943083e+00
9.9354713898e-05 1.7697510544e+04 1.5707963268e+00 -1.2151068070e+00
9.9549578047e-05 1.7706791032e+04 1.5707963268e+00 -1.2173169894e+00
9.9744339522e-05 1.7716092982e+04 1.5707963268e+00 -1.2195248538e+00
9.9938998303e-05 1.7725416396e+04 1.5707963268e+00 -1.2217303984e+00
1.0013355437e-04 1.7734761273e+04 1.5707963268e+00 -1.2239336217e+00
1.0032800770e-04 1.7744127613e+04 1.5707963268e+00 -1.2261345218e+00
1.0052235828e-04 1.7753515416e+04 1.5707963268e+00 -1.2283330972e+00
1.0071660608e-04 1.7762924683e+04 1.5707963268e+00 -1.2305293462e+00
1.0091075110e-04 1.7772355413e+04 1.5707963268e+00 -1.2327232673e+00
1.0110479331e-04 1.7781807606e+04 1.5707963268e+00 -1.2349148587e+00
1.0129873270e-04 1.7791281262e+04 1.5707963268e+00 -1.2371041189e+00
1.0149256925e-04 1.7800776380e+04 1.5707963268e+00 -1.2392910464e+00
1.0168630295e-04 1.7810292960e+04 1.5707963268e+00 -1.2414756396e+00
1.0187993379e-04 1.7819831002e+04 1.5707963268e+00 -1.2436578969e+00
1.0207346175e-04 1.7829390505e+04 1.5707963268e+00 -1.2458378169e+00
1.0226688683e-04 1.7838971469e+04 1.5707963268e+00 -1.2480153980e+00
1.0246020900e-04 1.7848573892e+04 1.5707963268e+00 -1.2501906388e+00
1.0265342827e-04 1.7858197774e+04 1.5707963268e+00 -1.2523635378e+00
1.0284654461e-04 1.7867843115e+04 1.5707963268e+00 -1.2545340936e+00
1.0303955803e-04 1.7877509912e+04 1.5707963268e+00 -1.2567023047e+00
1.0323246852e-04 1.7887198166e+04 1.5707963268e+00 -1.2588681698e+00
1.0342527606e-04 1.7896907876e+04 1.5707963268e+00 -1.2610316873e+00
1.0361798065e-04 1.7906639039e+04 1.5707963268e+00 -1.2631928560e+00
1.0381058229e-04 1.7916391655e+04 1.5707963268e+00 -1.2653516746e+00
1.0400308097e-04 1.7926165723e+04 1.5707963268e+00 -1.2675081415e+00
1.0419547668e-04 1.7935961241e+04 1.5707963268e+00 -1.2696622556e+00
1.0438776943e-04 1.7945778208e+04 1.5707963268e+00 -1.2718140156e+00
1.0457995922e-04 1.7955616622e+04 1.5707963268e+00 -1.2739634200e+00
1.0477204603e-04 1.7965476482e+04 1.5707963268e+00 -1.2761104678e+00
1.0496402986e-04 1.7975357787e+04 1.5707963268e+00 -1.2782551575e+00
1.0515591073e-04 1.7985260533e+04 1.5707963268e+00 -1.2803974880e+00
1.0534768862e-04 1.7995184721e+04 1.5707963268e+00 -1.2825374581e+00
1.0553936355e-04 1.8005130347e+04 1.5707963268e+00 -1.2846750665e+00
1.0573093550e-04 1.8015097410e+04 1.5707963268e+00 -1.2868103120e+00
1.0592240449e-04 1.8025085908e+04 1.5707963268e+00 -1.2889431936e+00
1.0611377052e-04 1.8035095838e+04 1.5707963268e+00 -1.2910737100e+00
1.0630503359e-04 1.8045127200e+04 1.5707963268e+00 -1.2932018601e+00
1.0649619370e-04 1.8055179989e+04 1.5707963268e+00 -1.2953276428e+00
1.0668725087e-04 1.8065254205e+04 1.5707963268e+00 -1.2974510570e+00
1.0687820510e-04 1.8075349844e+04 1.5707963268e+00 -1.2995721016e+00
1.0706905639e-04 1.8085466904e+04 1.5707963268e+00 -1.3016907755e+00
1.0725980476e-04 1.8095605383e+04 1.5707963268e+00 -1.3038070778e+00
1.0745045020e-04 1.8105765279e+04 1.5707963268e+00 -1.3059210072e+00
1.0764099274e-04 1.8115946587e+04 1.5707963268e+00 -1.3080325630e+00
1.0783143238e-04 1.8126149306e+04 1.5707963268e+00 -1.3101417439e+00
1.0802176913e-04 1.8136373433e+04 1.5707963268e+00 -1.3122485491e+00
1.0821200301e-04 1.8146618965e+04 1.5707963268e+00 -1.3143529777e+00
1.0840213402e-04 1.8156885899e+04 1.5707963268e+00 -1.3164550285e+00
1.0859216218e-04 1.8167174231e+04 1.5707963268e+00 -1.3185547008e+00
1.0878208750e-04 1.8177483959e+04 1.5707963268e+00 -1.3206519936e+00
1.0897190999e-04 1.8187815080e+04 1.5707963268e+00 -1.3227469060e+00
1.0916162968e-04 1.8198167590e+04 1.5707963268e+00 -1.3248394371e+00
1.0935124657e-04 1.8208541486e+04 1.5707963268e+00 -1.3269295861e+00
1.0954076068e-04 1.8218936764e+04 1.5707963268e+00 -1.3290173521e+00
1.0973017203e-04 1.8229353421e+04 1.5707963268e+00 -1.3311027343e+00
1.0991948064e-04 1.8239791454e+04 1.5707963268e+00 -1.3331857318e+00
1.1010868652e-04 1.8250250858e+04 1.5707963268e+00 -1.3352663439e+00
1.1029778970e-04 1.8260731630e+04 1.5707963268e+00 -1.3373445698e+00
1.1048679019e-04 1.8271233767e+04 1.5707963268e+00 -1.3394204088e+00
1.1067568801e-04 1.8281757264e+04 1.5707963268e+00 -1.3414938600e+00
1.1086448319e-04 1.8292302117e+04 1.5707963268e+00 -1.3435649228e+00
1.1105317574e-04 1.8302868322e+04 1.5707963268e+00 -1.3456335964e+00
1.1124176570e-04 1.8313455875e+04 1.5707963268e+00 -1.3476998801e+00
1.1143025307e-04 1.8324064773e+04 1.5707963268e+00 -1.3497637733e+00
1.1161863789e-04 1.8334695010e+04 1.5707963268e+00 -1.3518252753e+00
1.1180692018e-04 1.8345346583e+04 1.5707963268e+00 -1.3538843855e+00
1.1199509996e-04 1.8356019487e+04 1.5707963268e+00 -1.3559411032e+00
1.1218317727e-04 1.8366713718e+04 1.5707963268e+00 -1.3579954277e+00
1.1237115212e-04 1.8377429270e+04 1.5707963268e+00 -1.3600473586e+00
1.1255902454e-04 1.8388166140e+04 1.5707963268e+00 -1.3620968951e+00
1.1274679456e-04 1.8398924322e+04 1.5707963268e+00 -1.3641440368e+00
1.1293446221e-04 1.8409703813e+04 1.5707963268e+00 -1.3661887832e+00
1.1312202752e-04 1.8420504606e+04 1.5707963268e+00 -1.3682311335e+00
1.1330949052e-04 1.8431326698e+04 1.5707963268e+00 -1.3702710875e+00
1.1349685123e-04 1.8442170083e+04 1.5707963268e+00 -1.3723086444e+00
1.1368410969e-04 1.8453034756e+04 1.5707963268e+00 -1.3743438040e+00
1.1387126593e-04 1.8463920711e+04 1.5707963268e+00 -1.3763765656e+00
1.1405831998e-04 1.8474827945e+04 1.5707963268e+00 -1.3784069288e+00
1.1424527187e-04 1.8485756451e+04 1.5707963268e+00 -1.3804348933e+00
1.1443212164e-04 1.8496706223e+04 1.5707963268e+00 -1.3824604585e+00
1.1461886932e-04 1.8507677258e+04 1.5707963268e+00 -1.3844836241e+00
1.1480551494e-04 1.8518669548e+04 1.5707963268e+00 -1.3865043897e+00
1.1499205854e-04 1.8529683089e+04 1.5707963268e+00 -1.3885227549e+00
1.1517850016e-04 1.8540717875e+04 1.5707963268e+00 -1.3905387193e+00
1.1536483983e-04 1.8551773900e+04 1.5707963268e+00 -1.3925522826e+00
1.1555107759e-04 1.8562851158e+04 1.5707963268e+00 -1.3945634446e+00
1.1573721347e-04 1.8573949643e+04 1.5707963268e+00 -1.3965722048e+00
1.1592324752e-04 1.8585069350e+04 1.5707963268e+00 -1.3985785629e+00
1.1610917977e-04 1.8596210272e+04 1.5707963268e+00 -1.4005825188e+00
1.1629501026e-04 1.8607372403e+04 1.5707963268e+00 -1.4025840721e+00
1.1648073903e-04 1.8618555738e+04 1.5707963268e+00 -1.4045832226e+00
1.1666636613e-04 1.8629760269e+04 1.5707963268e+00 -1.4065799701e+00
1.1685189158e-04 1.8640985990e+04 1.5707963268e+00 -1.4085743143e+00
1.1703731544e-04 1.8652232896e+04 1.5707963268e+00 -1.4105662550e+00
1.1722263775e-04 1.8663500979e+04 1.5707963268e+00 -1.4125557921e+00
1.1740785854e-04 1.8674790233e+04 1.5707963268e+00 -1.4145429253e+00
1.1759297787e-04 1.8686100651e+04 1.5707963268e+00 -1.4165276546e+00
1.1777799577e-04 1.8697432227e+04 1.5707963268e+00 -1.4185099798e+00
1.1796291229e-04 1.8708784954e+04 1.5707963268e+00 -1.4204899008e+00
1.1814772748e-04 1.8720158825e+04 1.5707963268e+00 -1.4224674174e+00
1.1833244138e-04 1.8731553834e+04 1.5707963268e+00 -1.4244425296e+00
1.1851705403e-04 1.8742969972e+04 1.5707963268e+00 -1.4264152373e+00
1.1870156549e-04 1.8754407233e+04 1.5707963268e+00 -1.4283855403e+00
1.1888597580e-04 1.8765865611e+04 1.5707963268e+00 -1.4303534388e+00
1.1907028500e-04 1.8777345097e+04 1.5707963268e+00 -1.4323189326e+00
1.1925449316e-04 1.8788845684e+04 1.5707963268e+00 -1.4342820218e+00
1.1943860030e-04 1.8800367365e+04 1.5707963268e+00 -1.4362427063e+00
1.1962260649e-04 1.8811910133e+04 1.5707963268e+00 -1.4382009861e+00
1.1980651178e-04 1.8823473981e+04 1.5707963268e+00 -1.4401568613e+00
1.1999031621e-04 1.8835058899e+04 1.5707963268e+00 -1.4421103319e+00
1.2017401983e-04 1.8846664882e+04 1.5707963268e+00 -1.4440613980e+00
1.2035762271e-04 1.8858291921e+04 1.5707963268e+00 -1.4460100596e+00
1.2054112488e-04 1.8869940008e+04 1.5707963268e+00 -1.4479563168e+00
1.2072452640e-04 1.8881609136e+04 1.5707963268e+00 -1.4499001698e+00
1.2090782733e-04 1.8893299296e+04 1.5707963268e+00 -1.4518416186e+00
1.2109102771e-04 1.8905010481e+04 1.5707963268e+00 -1.4537806634e+00
1.2127412761e-04 1.8916742683e+04 1.5707963268e+00 -1.4557173044e+00
1.2145712707e-04 1.8928495893e+04 1.5707963268e+00 -1.4576515416e+00
1.2164002616e-04 1.8940270103e+04 1.5707963268e+00 -1.4595833753e+00
1.2182282492e-04 1.8952065305e+04 1.5707963268e+00 -1.4615128057e+00
1.2200552341e-04 1.8963881490e+04 1.5707963268e+00 -1.4634398329e+00
1.2218812170e-04 1.8975718651e+04 1.5707963268e+00 -1.4653644573e+00
1.2237061983e-04 1.8987576778e+04 1.5707963268e+00 -1.4672866789e+00
1.2255301787e-04 1.8999455863e+04 1.5707963268e+00 -1.4692064981e+00
1.2273531586e-04 1.9011355897e+04 1.5707963268e+00 -1.4711239151e+00
1.2291751388e-04 1.9023276872e+04 1.5707963268e+00 -1.4730389302e+00
1.2309961198e-04 1.9035218779e+04 1.5707963268e+00 -1.4749515438e+00
1.2328161022e-04 1.9047181609e+04 1.5707963268e+00 -1.4768617560e+00
1.2346350866e-04 1.9059165353e+04 1.5707963268e+00 -1.4787695673e+00
1.2364530736e-04 1.9071170002e+04 1.5707963268e+00 -1.4806749779e+00
1.2382700638e-04 1.9083195547e+04 1.5707963268e+00 -1.4825779882e+00
1.2400860578e-04 1.9095241979e+04 1.5707963268e+00 -1.4844785986e+00
1.2419010563e-04 1.9107309288e+04 1.5707963268e+00 -1.4863768095e+00
1.2437150598e-04 1.9119397466e+04 1.5707963268e+00 -1.4882726212e+00
1.2455280691e-04 1.9131506503e+04 1.5707963268e+00 -1.4901660341e+00
1.2473400846e-04 1.9143636389e+04 1.5707963268e+00 -1.4920570487e+00
1.2491511072e-04 1.9155787116e+04 1.5707963268e+00 -1.4939456654e+00
1.2509611373e-04 1.9167958673e+04 1.5707963268e+00 -1.4958318846e+00
1.2527701757e-04 1.9180151052e+04 1.5707963268e+00 -1.4977157068e+00
1.2545782230e-04 1.9192364241e+04 1.5707963268e+00 -1.4995971325e+00
1.2563852798e-04 1.9204598233e+04 1.5707963268e+00 -1.5014761621e+00
1.2581913469e-04 1.9216853015e+04 1.5707963268e+00 -1.5033527962e+00
1.2599964248e-04 1.9229128580e+04 1.5707963268e+00 -1.5052270353e+00
1.2618005144e-04 1.9241424917e+04 1.5707963268e+00 -1.5070988799e+00
1.2636036161e-04 1.9253742015e+04 1.5707963268e+00 -1.5089683305e+00
1.2654057307e-04 1.9266079865e+04 1.5707963268e+00 -1.5108353878e+00
1.2672068590e-04 1.9278438457e+04 1.5707963268e+00 -1.5127000522e+00
1.2690070015e-04 1.9290817780e+04 1.5707963268e+00 -1.5145623243e+00
1.2708061590e-04 1.9303217824e+04 1.5707963268e+00 -1.5164222048e+00
1.2726043321e-04 1.9315638579e+04 1.5707963268e+00 -1.5182796943e+00
1.2744015216e-04 1.9328080034e+04 1.5707963268e+00 -1.5201347933e+00
1.2761977281e-04 1.9340542179e+04 1.5707963268e+00 -1.5219875026e+00
1.2779929524e-04 1.9353025003e+04 1.5707963268e+00 -1.5238378227e+00
1.2797871952e-04 1.9365528496e+04 1.5707963268e+00 -1.5256857543e+00
1.2815804572e-04 1.9378052646e+04 1.5707963268e+00 -1.5275312981e+00
1.2833727391e-04 1.9390597444e+04 1.5707963268e+00 -1.5293744549e+00
1.2851640416e-04 1.9403162878e+04 1.5707963268e+00 -1.5312152252e+00
1.2869543655e-04 1.9415748937e+04 1.5707963268e+00 -1.5330536098e+00
1.2887437115e-04 1.9428355611e+04 1.5707963268e+00 -1.5348896094e+00
1.2905320803e-04 1.9440982889e+04 1.5707963268e+00 -1.5367232248e+00
1.2923194727e-04 1.9453630758e+04 1.5707963268e+00 -1.5385544567e+00
1.2941058895e-04 1.9466299209e+04 1.5707963268e+00 -1.5403833059e+00
1.2958913312e-04 1.9478988230e+04 1.5707963268e+00 -1.5422097731e+00
1.2976757988e-04 1.9491697809e+04 1.5707963268e+00 -1.5440338592e+00
1.2994592930e-04 1.9504427936e+04 1.5707963268e+00 -1.5458555650e+00
1.3012418145e-04 1.9517178599e+04 1.5707963268e+00 -1.5476748912e+00
1.3030233640e-04 1.9529949786e+04 1.5707963268e+00 -1.5494918387e+00
1.3048039424e-04 1.9542741486e+04 1.5707963268e+00 -1.5513064084e+00
1.3065835505e-04 1.9555553687e+04 1.5707963268e+00 -1.5531186011e+00
1.3083621890e-04 1.9568386378e+04 1.5707963268e+00 -1.5549284176e+00
1.3101398586e-04 1.9581239547e+04 1.5707963268e+00 -1.5567358588e+00
1.3119165602e-04 1.9594113182e+04 1.5707963268e+00 -1.5585409257e+00
1.3136922945e-04 1.9607007272e+04 1.5707963268e+00 -1.5603436191e+00
1.3154670624e-04 1.9619921804e+04 1.5707963268e+00 -1.5621439399e+00
1.3172408645e-04 1.9632856766e+04 1.5707963268e+00 -1.5639418891e+00
1.3190137018e-04 1.9645812146e+04 1.5707963268e+00 -1.5657374676e+00
1.3207855751e-04 1.9658787933e+04 1.5707963268e+00 -1.5675306764e+00
1.3225564850e-04 1.9671784114e+04 1.5707963268e+00 -1.5693215164e+00
1.3243264325e-04 1.9684800676e+04 1.5707963268e+00 -1.5711099886e+00
1.3260954183e-04 1.9697837608e+04 1.5707963268e+00 -1.5728960940e+00
1.3278634432e-04 1.9710894898e+04 1.5707963268e+00 -1.5746798335e+00
1.3296305081e-04 1.9723972532e+04 1.5707963268e+00 -1.5764612083e+00
1.3313966138e-04 1.9737070498e+04 1.5707963268e+00 -1.5782402192e+00
1.3331617611e-04 1.9750188785e+04 1.5707963268e+00 -1.5800168674e+00
1.3349259509e-04 1.9763327378e+04 1.5707963268e+00 -1.5817911539e+00
1.3366891839e-04 1.9776486266e+04 1.5707963268e+00 -1.5835630798e+00
1.3384514609e-04 1.9789665436e+04 1.5707963268e+00 -1.5853326460e+00
1.3402127830e-04 1.9802864875e+04 1.5707963268e+00 -1.5870998538e+00
1.3419731508e-04 1.9816084570e+04 1.5707963268e+00 -1.5888647042e+00
1.3437325652e-04 1.9829324509e+04 1.5707963268e+00 -1.5906271982e+00
1.3454910270e-04 1.9842584678e+04 1.5707963268e+00 -1.5923873371e+00
1.3472485372e-04 1.9855865064e+04 1.5707963268e+00 -1.5941451219e+00
1.3490050965e-04 1.9869165654e+04 1.5707963268e+00 -1.5959005538e+00
1.3507607059e-04 1.9882486436e+04 1.5707963268e+00 -1.5976536339e+00
1.3525153661e-04 1.9895827396e+04 1.5707963268e+00 -1.5994043634e+00
1.3542690781e-04 1.9909188520e+04 1.5707963268e+00 -1.6011527434e+00
1.3560218426e-04 1.9922569796e+04 1.5707963268e+00 -1.6028987752e+00
1.3577736606e-04 1.9935971210e+04 1.5707963268e+00 -1.6046424599e+00
1.3595245330e-04 1.9949392749e+04 1.5707963268e+00 -1.6063837988e+00
1.3612744605e-04 1.9962834399e+04 1.5707963268e+00 -1.6081227930e+00
1.3630234442e-04 1.9976296146e+04 1.5707963268e+00 -1.6098594437e+00
1.3647714848e-04 1.9989777978e+04 1.5707963268e+00 -1.6115937523e+00
1.3665185832e-04 2.0003279880e+04 1.5707963268e+00 -1.6133257200e+00
1.3682647404e-04 2.0016801839e+04 1.5707963268e+00 -1.6150553479e+00
1.3700099572e-04 2.0030343841e+04 1.5707963268e+00 -1.6167826375e+00
1.3717542345e-04 2.0043905872e+04 1.5707963268e+00 -1.6185075899e+00
1.3734975732e-04 2.0057487918e+04 1.5707963268e+00 -1.6202302065e+00
1.3752399742e-04 2.0071089966e+04 1.5707963268e+00 -1.6219504885e+00
1.3769814384e-04 2.0084712001e+04 1.5707963268e+00 -1.6236684373e+00
1.3787219666e-04 2.0098354009e+04 1.5707963268e+00 -1.6253840542e+00
1.3804615599e-04 2.0112015976e+04 1.5707963268e+00 -1.6270973405e+00
1.3822002191e-04 2.0125697889e+04 1.5707963268e+00 -1.6288082976e+00
1.3839379451e-04 2.0139399733e+04 1.5707963268e+00 -1.6305169268e+00
1.3856747388e-04 2.0153121493e+04 1.5707963268e+00 -1.6322232295e+00
1.3874106012e-04 2.0166863156e+04 1.5707963268e+00 -1.6339272071e+00
1.3891455331e-04 2.0180624707e+04 1.5707963268e+00 -1.6356288609e+00
1.3908795355e-04 2.0194406131e+04 1.5707963268e+00 -1.6373281923e+00
1.3926126093e-04 2.0208207414e+04 1.5707963268e+00 -1.6390252028e+00
1.3943447554e-04 2.0222028542e+04 1.5707963268e+00 -1.6407198937e+00
1.3960759748e-04 2.0235869500e+04 1.5707963268e+00 -1.6424122665e+00
1.3978062684e-04 2.0249730274e+04 1.5707963268e+00 -1.6441023226e+00
1.3995356370e-04 2.0263610848e+04 1.5707963268e+00 -1.6457900635e+00
1.4012640817e-04 2.0277511208e+04 1.5707963268e+00 -1.6474754906e+00
1.4029916034e-04 2.0291431339e+04 1.5707963268e+00 -1.6491586053e+00
1.4047182030e-04 2.0305371227e+04 1.5707963268e+00 -1.6508394092e+00
1.4064438815e-04 2.0319330856e+04 1.5707963268e+00 -1.6525179038e+00
1.4081686398e-04 2.0333310212e+04 1.5707963268e+00 -1.6541940904e+00
1.4098924788e-04 2.0347309279e+04 1.5707963268e+00 -1.6558679707e+00
1.4116153995e-04 2.0361328043e+04 1.5707963268e+00 -1.6575395461e+00
1.4133374029e-04 2.0375366488e+04 1.5707963268e+00 -1.6592088182e+00
1.4150584899e-04 2.0389424600e+04 1.5707963268e+00 -1.6608757884e+00
1.4167786615e-04 2.0403502363e+04 1.5707963268e+00 -1.6625404584e+00
1.4184979185e-04 2.0417599761e+04 1.5707963268e+00 -1.6642028297e+00
1.4202162621e-04 2.0431716781e+04 1.5707963268e+00 -1.6658629038e+00
1.4219336930e-04 2.0445853405e+04 1.5707963268e+00 -1.6675206823e+00
1.4236502124e-04 2.0460009619e+04 1.5707963268e+00 -1.6691761668e+00
1.4253658211e-04 2.0474185408e+04 1.5707963268e+00 -1.6708293588e+00
1.4270805202e-04 2.0488380756e+04 1.5707963268e+00 -1.6724802600e+00
1.4287943106e-04 2.0502595647e+04 1.5707963268e+00 -1.6741288720e+00
1.4305071932e-04 2.0516830066e+04 1.5707963268e+00 -1.6757751963e+00
1.4322191691e-04 2.0531083997e+04 1.5707963268e+00 -1.6774192347e+00
1.4339302392e-04 2.0545357425e+04 1.5707963268e+00 -1.6790609886e+00
1.4356404045e-04 2.0559650334e+04 1.5707963268e+00 -1.6807004599e+00
1.4373496660e-04 2.0573962707e+04 1.5707963268e+00 -1.6823376501e+00
1.4390580247e-04 2.0588294530e+04 1.5707963268e+00 -1.6839725608e+00
1.4407654815e-04 2.0602645786e+04 1.5707963268e+00 -1.6856051938e+00
1.4424720374e-04 2.0617016460e+04 1.5707963268e+00 -1.6872355507e+00
1.4441776935e-04 2.0631406535e+04 1.5707963268e+00 -1.6888636332e+00
1.4458824506e-04 2.0645815996e+04 1.5707963268e+00 -1.6904894430e+00
1.4475863099e-04 2.0660244826e+04 1.5707963268e+00 -1.6921129818e+00
1.4492892723e-04 2.0674693010e+04 1.5707963268e+00 -1.6937342512e+00
1.4509913387e-04 2.0689160530e+04 1.5707963268e+00 -1.6953532531e+00
1.4526925102e-04 2.0703647372e+04 1.5707963268e+00 -1.6969699892e+00
1.4543927878e-04 2.0718153519e+04 1.5707963268e+00 -1.6985844611e+00
1.4560921725e-04 2.0732678954e+04 1.5707963268e+00 -1.7001966707e+00
1.4577906652e-04 2.0747223661e+04 1.5707963268e+00 -1.7018066196e+00
1.4594882670e-04 2.0761787625e+04 1.5707963268e+00 -1.7034143096e+00
1.4611849790e-04 2.0776370827e+04 1.5707963268e+00 -1.7050197425e+00
1.4628808020e-04 2.0790973253e+04 1.5707963268e+00 -1.7066229202e+00
1.4645757371e-04 2.0805594885e+04 1.5707963268e+00 -1.7082238442e+00
1.4662697853e-04 2.0820235708e+04 1.5707963268e+00 -1.7098225165e+00
1.4679629476e-04 2.0834895704e+04 1.5707963268e+00 -1.7114189388e+00
1.4696552251e-04 2.0849574856e+04 1.5707963268e+00 -1.7130131130e+00
1.4713466188e-04 2.0864273149e+04 1.5707963268e+00 -1.7146050409e+00
1.4730371295e-04 2.0878990565e+04 1.5707963268e+00 -1.7161947242e+00
1.4747267585e-04 2.0893727088e+04 1.5707963268e+00 -1.7177821648e+00
1.4764155067e-04 2.0908482701e+04 1.5707963268e+00 -1.7193673646e+00
1.4781033751e-04 2.0923257387e+04 1.5707963268e+00 -1.7209503254e+00
1.4797903647e-04 2.0938051129e+04 1.5707963268e+00 -1.7225310490e+00
1.4814764766e-04 2.0952863910e+04 1.5707963268e+00 -1.7241095374e+00
1.4831617118e-04 2.0967695714e+04 1.5707963268e+00 -1.7256857923e+00
1.4848460713e-04 2.0982546524e+04 1.5707963268e+00 -1.7272598156e+00
1.4865295561e-04 2.0997416321e+04 1.5707963268e+00 -1.7288316093e+00
1.4882121674e-04 2.1012305090e+04 1.5707963268e+00 -1.7304011752e+00
1.4898939060e-04 2.1027212813e+04 1.5707963268e+00 -1.7319685152e+00
1.4915747730e-04 2.1042139474e+04 1.5707963268e+00 -1.7335336313e+00
1.4932547695e-04 2.1057085054e+04 1.5707963268e+00 -1.7350965252e+00
1.4949338965e-04 2.1072049536e+04 1.5707963268e+00 -1.7366571990e+00
1.4966121550e-04 2.1087032904e+04 1.5707963268e+00 -1.7382156546e+00
1.4982895461e-04 2.1102035140e+04 1.5707963268e+00 -1.7397718939e+00
1.4999660708e-04 2.1117056227e+04 1.5707963268e+00 -1.7413259189e+00
1.5016417302e-04 2.1132096148e+04 1.5707963268e+00 -1.7428777314e+00
1.5033165252e-04 2.1147154884e+04 1.5707963268e+00 -1.7444273335e+00
1.5049904570e-04 2.1162232418e+04 1.5707963268e+00 -1.7459747271e+00
1.5066635265e-04 2.1177328734e+04 1.5707963268e+00 -1.7475199142e+00
1.5083357348e-04 2.1192443813e+04 1.5707963268e+00 -1.7490628967e+00
1.5100070830e-04 2.1207577638e+04 1.5707963268e+00 -1.7506036766e+00
1.5116775720e-04 2.1222730192e+04 1.5707963268e+00 -1.7521422560e+00
1.5133472031e-04 2.1237901456e+04 1.5707963268e+00 -1.7536786368e+00
1.5150159771e-04 2.1253091413e+04 1.5707963268e+00 -1.7552128209e+00
1.5166838951e-04 2.1268300046e+04 1.5707963268e+00 -1.7567448105e+00
1.5183509582e-04 2.1283527336e+04 1.5707963268e+00 -1.7582746075e+00
1.5200171675e-04 2.1298773266e+04 1.5707963268e+00 -1.7598022140e+00
1.5216825240e-04 2.1314037817e+04 1.5707963268e+00 -1.7613276319e+00
1.5233470287e-04 2.1329320973e+04 1.5707963268e+00 -1.7628508634e+00
1.5250106827e-04 2.1344622716e+04 1.5707963268e+00 -1.7643719104e+00
1.5266734871e-04 2.1359943026e+04 1.5707963268e+00 -1.7658907749e+00
1.5283354428e-04 2.1375281888e+04 1.5707963268e+00 -1.7674074592e+00
1.5299965510e-04 2.1390639281e+04 1.5707963268e+00 -1.7689219651e+00
1.5316568128e-04 2.1406015189e+04 1.5707963268e+00 -1.7704342947e+00
1.5333162291e-04 2.1421409593e+04 1.5707963268e+00 -1.7719444503e+00
1.5349748010e-04 2.1436822476e+04 1.5707963268e+00 -1.7734524337e+00
1.5366325297e-04 2.1452253819e+04 1.5707963268e+00 -1.7749582471e+00
1.5382894161e-04 2.1467703604e+04 1.5707963268e+00 -1.7764618925e+00
1.5399454613e-04 2.1483171813e+04 1.5707963268e+00 -1.7779633722e+00
1.5416006664e-04 2.1498658427e+04 1.5707963268e+00 -1.7794626881e+00
1.5432550324e-04 2.1514163429e+04 1.5707963268e+00 -1.7809598423e+00
1.5449085605e-04 2.1529686800e+04 1.5707963268e+00 -1.7824548371e+00
1.5465612516e-04 2.1545228522e+04 1.5707963268e+00 -1.7839476745e+00
1.5482131068e-04 2.1560788577e+04 1.5707963268e+00 -1.7854383565e+00
1.5498641272e-04 2.1576366946e+04 1.5707963268e+00 -1.7869268854e+00
1.5515143139e-04 2.1591963610e+04 1.5707963268e+00 -1.7884132633e+00
1.5531636680e-04 2.1607578552e+04 1.5707963268e+00 -1.7898974924e+00
1.5548121904e-04 2.1623211753e+04 1.5707963268e+00 -1.7913795746e+00
1.5564598823e-04 2.1638863194e+04 1.5707963268e+00 -1.7928595123e+00
1.5581067447e-04 2.1654532857e+04 1.5707963268e+00 -1.7943373076e+00
1.5597527788e-04 2.1670220724e+04 1.5707963268e+00 -1.7958129626e+00
1.5613979855e-04 2.1685926775e+04 1.5707963268e+00 -1.7972864794e+00
1.5630423659e-04 2.1701650993e+04 1.5707963268e+00 -1.7987578604e+00
1.5646859212e-04 2.1717393358e+04 1.5707963268e+00 -1.8002271075e+00
1.5663286523e-04 2.1733153852e+04 1.5707963268e+00 -1.8016942231e+00
1.5679705604e-04 2.1748932456e+04 1.5707963268e+00 -1.8031592093e+00
1.5696116466e-04 2.1764729152e+04 1.5707963268e+00 -1.8046220683e+00
1.5712519118e-04 2.1780543921e+04 1.5707963268e+00 -1.8060828023e+00
1.5728913573e-04 2.1796376744e+04 1.5707963268e+00 -1.8075414134e+00
1.5745299840e-04 2.1812227602e+04 1.5707963268e+00 -1.8089979040e+00
1.5761677930e-04 2.1828096477e+04 1.5707963268e+00 -1.8104522762e+00
1.5778047854e-04 2.1843983349e+04 1.5707963268e+00 -1.8119045322e+00
1.5794409623e-04 2.1859888200e+04 1.5707963268e+00 -1.8133546742e+00
1.5810763247e-04 2.1875811011e+04 1.5707963268e+00 -1.8148027045e+00
1.5827108738e-04 2.1891751762e+04 1.5707963268e+00 -1.8162486253e+00
1.5843446106e-04 2.1907710436e+04 1.5707963268e+00 -1.8176924389e+00
1.5859775362e-04 2.1923687013e+04 1.5707963268e+00 -1.8191341474e+00
1.5876096516e-04 2.1939681474e+04 1.5707963268e+00 -1.8205737532e+00
1.5892409579e-04 2.1955693799e+04 1.5707963268e+00 -1.8220112584e+00
1.5908714563e-04 2.1971723971e+04 1.5707963268e+00 -1.8234466653e+00
1.5925011478e-04 2.1987771970e+04 1.5707963268e+00 -1.8248799762e+00
1.5941300335e-04 2.2003837776e+04 1.5707963268e+00 -1.8263111933e+00
1.5957581144e-04 2.2019921371e+04 1.5707963268e+00 -1.8277403190e+00
1.5973853916e-04 2.2036022736e+04 1.5707963268e+00 -1.8291673554e+00
1.5990118663e-04 2.2052141851e+04 1.5707963268e+00 -1.8305923049e+00
1.6006375394e-04 2.2068278697e+04 1.5707963268e+00 -1.8320151697e+00
1.6022624121e-04 2.2084433255e+04 1.5707963268e+00 -1.8334359521e+00
1.6038864855e-04 2.2100605506e+04 1.5707963268e+00 -1.8348546544e+00
1.6055097606e-04 2.2116795430e+04 1.5707963268e+00 -1.8362712789e+00
1.6071322385e-04 2.2133003009e+04 1.5707963268e+00 -1.8376858279e+00
1.6087539203e-04 2.2149228222e+04 1.5707963268e+00 -1.8390983037e+00
1.6103748070e-04 2.2165471051e+04 1.5707963268e+00 -1.8405087086e+00
1.6119948999e-04 2.2181731477e+04 1.5707963268e+00 -1.8419170449e+00
1.6136141998e-04 2.2198009479e+04 1.5707963268e+00 -1.8433233148e+00
1.6152327080e-04 2.2214305039e+04 1.5707963268e+00 -1.8447275209e+00
1.6168504255e-04 2.2230618137e+04 1.5707963268e+00 -1.8461296652e+00
1.6184673533e-04 2.2246948753e+04 1.5707963268e+00 -1.8475297502e+00
1.6200834927e-04 2.2263296869e+04 1.5707963268e+00 -1.8489277782e+00
1.6216988445e-04 2.2279662465e+04 1.5707963268e+00 -1.8503237516e+00
1.6233134100e-04 2.2296045521e+04 1.5707963268e+00 -1.8517176726e+00
1.6249271902e-04 2.2312446017e+04 1.5707963268e+00 -1.8531095436e+00
1.6265401862e-04 2.2328863935e+04 1.5707963268e+00 -1.8544993669e+00
1.6281523990e-04 2.2345299255e+04 1.5707963268e+00 -1.8558871449e+00
1.6297638298e-04 2.2361751957e+04 1.5707963268e+00 -1.8572728800e+00
1.6313744797e-04 2.2378222021e+04 1.5707963268e+00 -1.8586565744e+00
1.6329843496e-04 2.2394709429e+04 1.5707963268e+00 -1.8600382306e+00
1.6345934408e-04 2.2411214159e+04 1.5707963268e+00 -1.8614178509e+00
1.6362017542e-04 2.2427736194e+04 1.5707963268e+00 -1.8627954376e+00
1.6378092910e-04 2.2444275513e+04 1.5707963268e+00 -1.8641709932e+00
1.6394160522e-04 2.2460832096e+04 1.5707963268e+00 -1.8655445199e+00
1.6410220390e-04 2.2477405923e+04 1.5707963268e+00 -1.8669160202e+00
1.6426272524e-04 2.2493996976e+04 1.5707963268e+00 -1.8682854965e+00
1.6442316934e-04 2.2510605234e+04 1.5707963268e+00 -1.8696529511e+00
1.6458353632e-04 2.2527230678e+04 1.5707963268e+00 -1.8710183864e+00
1.6474382629e-04 2.2543873287e+04 1.5707963268e+00 -1.8723818047e+00
1.6490403935e-04 2.2560533043e+04 1.5707963268e+00 -1.8737432086e+00
1.6506417561e-04 2.2577209925e+04 1.5707963268e+00 -1.8751026003e+00
1.6522423518e-04 2.2593903913e+04 1.5707963268e+00 -1.8764599823e+00
1.6538421817e-04 2.2610614988e+04 1.5707963268e+00 -1.8778153569e+00
1.6554412469e-04 2.2627343129e+04 1.5707963268e+00 -1.8791687266e+00
1.6570395483e-04 2.2644088318e+04 1.5707963268e+00 -1.8805200937e+00
1.6586370872e-04 2.2660850534e+04 1.5707963268e+00 -1.8818694607e+00
1.6602338646e-04 2.2677629756e+04 1.5707963268e+00 -1.8832168300e+00
1.6618298815e-04 2.2694425967e+04 1.5707963268e+00 -1.8845622040e+00
1.6634251391e-04 2.2711239144e+04 1.5707963268e+00 -1.8859055850e+00
1.6650196385e-04 2.2728069270e+04 1.5707963268e+00 -1.8872469756e+00
1.6666133806e-04 2.2744916322e+04 1.5707963268e+00 -1.8885863781e+00
1.6682063667e-04 2.2761780283e+04 1.5707963268e+00 -1.8899237949e+00
1.6697985977e-04 2.2778661131e+04 1.5707963268e+00 -1.8912592285e+00
1.6713900747e-04 2.2795558846e+04 1.5707963268e+00 -1.8925926813e+00
1.6729807989e-04 2.2812473410e+04 1.5707963268e+00 -1.8939241558e+00
1.6745707713e-04 2.2829404801e+04 1.5707963268e+00 -1.8952536543e+00
1.6761599930e-04 2.2846353000e+04 1.5707963268e+00 -1.8965811793e+00
1.6777484650e-04 2.2863317986e+04 1.5707963268e+00 -1.8979067332e+00
1.6793361884e-04 2.2880299741e+04 1.5707963268e+00 -1.8992303185e+00
1.6809231644e-04 2.2897298242e+04 1.5707963268e+00 -1.9005519377e+00
1.6825093940e-04 2.2914313472e+04 1.5707963268e+00 -1.9018715930e+00
1.6840948782e-04 2.2931345408e+04 1.5707963268e+00 -1.9031892871e+00
1.6856796181e-04 2.2948394032e+04 1.5707963268e+00 -1.9045050223e+00
1.6872636149e-04 2.2965459324e+04 1.5707963268e+00 -1.9058188011e+00
1.6888468695e-04 2.2982541262e+04 1.5707963268e+00 -1.9071306260e+00
1.6904293831e-04 2.2999639828e+04 1.5707963268e+00 -1.9084404994e+00
1.6920111568e-04 2.3016755001e+04 1.5707963268e+00 -1.9097484237e+00
1.6935921915e-04 2.3033886760e+04 1.5707963268e+00 -1.9110544014e+00
1.6951724884e-04 2.3051035086e+04 1.5707963268e+00 -1.9123584351e+00
1.6967520486e-04 2.3068199958e+04 1.5707963268e+00 -1.9136605270e+00
1.6983308731e-04 2.3085381357e+04 1.5707963268e+00 -1.9149606798e+00
1.6999089630e-04 2.3102579262e+04 1.5707963268e+00 -1.9162588958e+00
1.7014863194e-04 2.3119793653e+04 1.5707963268e+00 -1.9175551776e+00
1.7030629433e-04 2.3137024510e+04 1.5707963268e+00 -1.9188495276e+00
1.7046388358e-04 2.3154271813e+04 1.5707963268e+00 -1.9201419482e+00
1.7062139980e-04 2.3171535541e+04 1.5707963268e+00 -1.9214324421e+00
1.7077884309e-04 2.3188815674e+04 1.5707963268e+00 -1.9227210115e+00
1.7093621356e-04 2.3206112191e+04 1.5707963268e+00 -1.9240076590e+00
1.7109351133e-04 2.3223425074e+04 1.5707963268e+00 -1.9252923871e+00
1.7125073648e-04 2.3240754301e+04 1.5707963268e+00 -1.9265751983e+00
1.7140788914e-04 2.3258099852e+04 1.5707963268e+00 -1.9278560951e+00
1.7156496941e-04 2.3275461708e+04 1.5707963268e+00 -1.9291350798e+00
1.7172197739e-04 2.3292839847e+04 1.5707963268e+00 -1.9304121551e+00
1.7187891320e-04 2.3310234249e+04 1.5707963268e+00 -1.9316873233e+00
1.7203577693e-04 2.3327644895e+04 1.5707963268e+00 -1.9329605871e+00
1.7219256870e-04 2.3345071763e+04 1.5707963268e+00 -1.9342319488e+00
1.7234928860e-04 2.3362514834e+04 1.5707963268e+00 -1.9355014110e+00
1.7250593676e-04 2.3379974087e+04 1.5707963268e+00 -1.9367689761e+00
1.7266251327e-04 2.3397449502e+04 1.5707963268e+00 -1.9380346467e+00
1.7281901823e-04 2.3414941059e+04 1.5707963268e+00 -1.9392984252e+00
1.7297545177e-04 2.3432448737e+04 1.5707963268e+00 -1.9405603142e+00
1.7313181397e-04 2.3449972517e+04 1.5707963268e+00 -1.9418203161e+00
1.7328810496e-04 2.3467512377e+04 1.5707963268e+00 -1.9430784334e+00
1.7344432482e-04 2.3485068297e+04 1.5707963268e+00 -1.9443346687e+00
1.7360047368e-04 2.3502640257e+04 1.5707963268e+00 -1.9455890244e+00
1.7375655163e-04 2.3520228237e+04 1.5707963268e+00 -1.9468415030e+00
1.7391255878e-04 2.3537832217e+04 1.5707963268e+00 -1.9480921071e+00
1.7406849524e-04 2.3555452175e+04 1.5707963268e+00 -1.9493408391e+00
1.7422436111e-04 2.3573088092e+04 1.5707963268e+00 -1.9505877016e+00
1.7438015650e-04 2.3590739948e+04 1.5707963268e+00 -1.9518326970e+00
1.7453588151e-04 2.3608407721e+04 1.5707963268e+00 -1.9530758279e+00
1.7469153626e-04 2.3626091392e+04 1.5707963268e+00 -1.9543170967e+00
1.7484712083e-04 2.3643790940e+04 1.5707963268e+00 -1.9555565061e+00
1.7500263535e-04 2.3661506345e+04 1.5707963268e+00 -1.9567940584e+00
1.7515807991e-04 2.3679237586e+04 1.5707963268e+00 -1.9580297562e+00
1.7531345462e-04 2.3696984644e+04 1.5707963268e+00 -1.9592636020e+00
1.7546875958e-04 2.3714747497e+04 1.5707963268e+00 -1.9604955983e+00
1.7562399490e-04 2.3732526125e+04 1.5707963268e+00 -1.9617257477e+00
1.7577916069e-04 2.3750320508e+04 1.5707963268e+00 -1.9629540526e+00
1.7593425705e-04 2.3768130626e+04 1.5707963268e+00 -1.9641805156e+00
1.7608928408e-04 2.3785956458e+04 1.5707963268e+00 -1.9654051392e+00
1.7624424189e-04 2.3803797984e+04 1.5707963268e+00 -1.9666279258e+00
1.7639913059e-04 2.3821655183e+04 1.5707963268e+00 -1.9678488781e+00
1.7655395027e-04 2.3839528036e+04 1.5707963268e+00 -1.9690679985e+00
1.7670870104e-04 2.3857416520e+04 1.5707963268e+00 -1.9702852895e+00
1.7686338302e-04 2.3875320617e+04 1.5707963268e+00 -1.9715007537e+00
1.7701799629e-04 2.3893240306e+04 1.5707963268e+00 -1.9727143936e+00
1.7717254097e-04 2.3911175566e+04 1.5707963268e+00 -1.9739262116e+00
1.7732701715e-04 2.3929126377e+04 1.5707963268e+00 -1.9751362104e+00
1.7748142495e-04 2.3947092719e+04 1.5707963268e+00 -1.9763443924e+00
1.7763576447e-04 2.3965074570e+04 1.5707963268e+00 -1.9775507602e+00
1.7779003581e-04 2.3983071912e+04 1.5707963268e+00 -1.9787553163e+00
1.7794423907e-04 2.4001084723e+04 1.5707963268e+00 -1.9799580631e+00
1.7809837437e-04 2.4019112983e+04 1.5707963268e+00 -1.9811590033e+00
1.7825244179e-04 2.4037156672e+04 1.5707963268e+00 -1.9823581393e+00
1.7840644145e-04 2.4055215768e+04 1.5707963268e+00 -1.9835554737e+00
1.7856037345e-04 2.4073290253e+04 1.5707963268e+00 -1.9847510090e+00
1.7871423789e-04 2.4091380105e+04 1.5707963268e+00 -1.9859447477e+00
1.7886803488e-04 2.4109485304e+04 1.5707963268e+00 -1.9871366923e+00
1.7902176452e-04 2.4127605829e+04 1.5707963268e+00 -1.9883268454e+00
1.7917542690e-04 2.4145741661e+04 1.5707963268e+00 -1.9895152094e+00
1.7932902215e-04 2.4163892779e+04 1.5707963268e+00 -1.9907017870e+00
1.7948255035e-04 2.4182059162e+04 1.5707963268e+00 -1.9918865805e+00
1.7963601161e-04 2.4200240790e+04 1.5707963268e+00 -1.9930695926e+00
1.7978940604e-04 2.4218437642e+04 1.5707963268e+00 -1.9942508258e+00
1.7994273373e-04 2.4236649699e+04 1.5707963268e+00 -1.9954302826e+00
1.8009599479e-04 2.4254876940e+04 1.5707963268e+00 -1.9966079655e+00
1.8024918933e-04 2.4273119344e+04 1.5707963268e+00 -1.9977838771e+00
1.8040231743e-04 2.4291376892e+04 1.5707963268e+00 -1.9989580198e+00
1.8055537922e-04 2.4309649562e+04 1.5707963268e+00 -2.0001303962e+00
1.8070837478e-04 2.4327937334e+04 1.5707963268e+00 -2.0013010088e+00
1.8086130422e-04 2.4346240189e+04 1.5707963268e+00 -2.0024698601e+00
1.8101416764e-04 2.4364558105e+04 1.5707963268e+00 -2.0036369527e+00
1.8116696514e-04 2.4382891062e+04 1.5707963268e+00 -2.0048022891e+00
1.8131969684e-04 2.4401239041e+04 1.5707963268e+00 -2.0059658718e+00
1.8147236282e-04 2.4419602020e+04 1.5707963268e+00 -2.0071277033e+00
1.8162496318e-04 2.4437979979e+04 1.5707963268e+00 -2.0082877861e+00
1.8177749804e-04 2.4456372898e+04 1.5707963268e+00 -2.0094461228e+00
1.8192996749e-04 2.4474780756e+04 1.5707963268e+00 -2.0106027159e+00
1.8208237164e-04 2.4493203534e+04 1.5707963268e+00 -2.0117575679e+00
1.8223471058e-04 2.4511641211e+04 1.5707963268e+00 -2.0129106813e+00
1.8238698441e-04 2.4530093766e+04 1.5707963268e+00 -2.0140620587e+00
1.8253919324e-04 2.4548561179e+04 1.5707963268e+00 -2.0152117025e+00
1.8269133717e-04 2.4567043430e+04 1.5707963268e+00 -2.0163596153e+00
1.8284341630e-04 2.4585540499e+04 1.5707963268e+00 -2.0175057997e+00
1.8299543073e-04 2.4604052365e+04 1.5707963268e+00 -2.0186502580e+00
1.8314738055e-04 2.4622579008e+04 1.5707963268e+00 -2.0197929929e+00
1.8329926588e-04 2.4641120407e+04 1.5707963268e+00 -2.0209340069e+00
1.8345108681e-04 2.4659676543e+04 1.5707963268e+00 -2.0220733025e+00
1.8360284343e-04 2.4678247395e+04 1.5707963268e+00 -2.0232108821e+00
1.8375453586e-04 2.4696832943e+04 1.5707963268e+00 -2.0243467483e+00
1.8390616419e-04 2.4715433166e+04 1.5707963268e+00 -2.0254809037e+00
1.8405772852e-04 2.4734048044e+04 1.5707963268e+00 -2.0266133507e+00
1.8420922895e-04 2.4752677558e+04 1.5707963268e+00 -2.0277440919e+00
1.8436066559e-04 2.4771321686e+04 1.5707963268e+00 -2.0288731297e+00
1.8451203852e-04 2.4789980408e+04 1.5707963268e+00 -2.0300004667e+00
1.8466334785e-04 2.4808653705e+04 1.5707963268e+00 -2.0311261054e+00
1.8481459369e-04 2.4827341556e+04 1.5707963268e+00 -2.0322500483e+00
1.8496577612e-04 2.4846043940e+04 1.5707963268e+00 -2.0333722980e+00
1.8511689525e-04 2.4864760838e+04 1.5707963268e+00 -2.0344928568e+00
1.8526795118e-04 2.4883492230e+04 1.5707963268e+00 -2.0356117274e+00
1.8541894400e-04 2.4902238094e+04 1.5707963268e+00 -2.0367289122e+00
1.8556987382e-04 2.4920998411e+04 1.5707963268e+00 -2.0378444138e+00
1.8572074073e-04 2.4939773162e+04 1.5707963268e+00 -2.0389582346e+00
1.8587154484e-04 2.4958562324e+04 1.5707963268e+00 -2.0400703772e+00
1.8602228624e-04 2.4977365879e+04 1.5707963268e+00 -2.0411808440e+00
1.8617296502e-04 2.4996183806e+04 1.5707963268e+00 -2.0422896376e+00
1.8632358130e-04 2.5015016085e+04 1.5707963268e+00 -2.0433967605e+00
1.8647413516e-04 2.5033862696e+04 1.5707963268e+00 -2.0445022152e+00
1.8662462671e-04 2.5052723619e+04 1.5707963268e+00 -2.0456060041e+00
1.8677505604e-04 2.5071598833e+04 1.5707963268e+00 -2.0467081298e+00
1.8692542325e-04 2.5090488318e+04 1.5707963268e+00 -2.0478085948e+00
1.8707572844e-04 2.5109392055e+04 1.5707963268e+00 -2.0489074015e+00
1.8722597170e-04 2.5128310023e+04 1.5707963268e+00 -2.0500045526e+00
1.8737615314e-04 2.5147242203e+04 1.5707963268e+00 -2.0511000503e+00
1.8752627285e-04 2.5166188573e+04 1.5707963268e+00 -2.0521938974e+00
1.8767633093e-04 2.5185149114e+04 1.5707963268e+00 -2.0532860962e+00
1.8782632747e-04 2.5204123806e+04 1.5707963268e+00 -2.0543766492e+00
1.8797626258e-04 2.5223112629e+04 1.5707963268e+00 -2.0554655590e+00
1.8812613635e-04 2.5242115563e+04 1.5707963268e+00 -2.0565528280e+00
1.8827594887e-04 2.5261132587e+04 1.5707963268e+00 -2.0576384587e+00
1.8842570025e-04 2.5280163682e+04 1.5707963268e+00 -2.0587224537e+00
1.8857539058e-04 2.5299208827e+04 1.5707963268e+00 -2.0598048153e+00
1.8872501996e-04 2.5318268003e+04 1.5707963268e+00 -2.0608855461e+00
1.8887458848e-04 2.5337341190e+04 1.5707963268e+00 -2.0619646486e+00
1.8902409624e-04 2.5356428368e+04 1.5707963268e+00 -2.0630421252e+00
1.8917354333e-04 2.5375529516e+04 1.5707963268e+00 -2.0641179784e+00
1.8932292986e-04 2.5394644614e+04 1.5707963268e+00 -2.0651922107e+00
1.8947225592e-04 2.5413773644e+04 1.5707963268e+00 -2.0662648247e+00
1.8962152160e-04 2.5432916584e+04 1.5707963268e+00 -2.0673358226e+00
1.8977072700e-04 2.5452073415e+04 1.5707963268e+00 -2.0684052072e+00
1.8991987221e-04 2.5471244116e+04 1.5707963268e+00 -2.0694729807e+00
1.9006895734e-04 2.5490428669e+04 1.5707963268e+00 -2.0705391457e+00
1.9021798247e-04 2.5509627053e+04 1.5707963268e+00 -2.0716037047e+00
1.9036694771e-04 2.5528839248e+04 1.5707963268e+00 -2.0726666602e+00
1.9051585314e-04 2.5548065234e+04 1.5707963268e+00 -2.0737280145e+00
1.9066469887e-04 2.5567304991e+04 1.5707963268e+00 -2.0747877702e+00
1.9081348498e-04 2.5586558500e+04 1.5707963268e+00 -2.0758459297e+00
1.9096221157e-04 2.5605825741e+04 1.5707963268e+00 -2.0769024956e+00
1.9111087874e-04 2.5625106694e+04 1.5707963268e+00 -2.0779574702e+00
1.9125948658e-04 2.5644401338e+04 1.5707963268e+00 -2.0790108560e+00
1.9140803519e-04 2.5663709655e+04 1.5707963268e+00 -2.0800626555e+00
1.9155652465e-04 2.5683031624e+04 1.5707963268e+00 -2.0811128712e+00
1.9170495507e-04 2.5702367225e+04 1.5707963268e+00 -2.0821615055e+00
1.9185332654e-04 2.5721716440e+04 1.5707963268e+00 -2.0832085608e+00
1.9200163915e-04 2.5741079247e+04 1.5707963268e+00 -2.0842540396e+00
1.9214989300e-04 2.5760455628e+04 1.5707963268e+00 -2.0852979444e+00
1.9229808817e-04 2.5779845563e+04 1.5707963268e+00 -2.0863402777e+00
1.9244622477e-04 2.5799249031e+04 1.5707963268e+00 -2.0873810418e+00
1.9259430289e-04 2.5818666013e+04 1.5707963268e+00 -2.0884202392e+00
1.9274232262e-04 2.5838096490e+04 1.5707963268e+00 -2.0894578724e+00
1.9289028405e-04 2.5857540441e+04 1.5707963268e+00 -2.0904939438e+00
1.9303818727e-04 2.5876997848e+04 1.5707963268e+00 -2.0915284558e+00
1.9318603239e-04 2.5896468689e+04 1.5707963268e+00 -2.0925614109e+00
1.9333381949e-04 2.5915952947e+04 1.5707963268e+00 -2.0935928116e+00
1.9348154866e-04 2.5935450601e+04 1.5707963268e+00 -2.0946226602e+00
1.9362922000e-04 2.5954961631e+04 1.5707963268e+00 -2.0956509592e+00
1.9377683361e-04 2.5974486018e+04 1.5707963268e+00 -2.0966777111e+00
1.9392438956e-04 2.5994023742e+04 1.5707963268e+00 -2.0977029182e+00
1.9407188796e-04 2.6013574784e+04 1.5707963268e+00 -2.0987265831e+00
1.9421932890e-04 2.6033139124e+04 1.5707963268e+00 -2.0997487080e+00
1.9436671246e-04 2.6052716743e+04 1.5707963268e+00 -2.1007692956e+00
1.9451403875e-04 2.6072307620e+04 1.5707963268e+00 -2.1017883481e+00
1.9466130785e-04 2.6091911737e+04 1.5707963268e+00 -2.1028058680e+00
1.9480851985e-04 2.6111529075e+04 1.5707963268e+00 -2.1038218577e+00
1.9495567485e-04 2.6131159612e+04 1.5707963268e+00 -2.1048363197e+00
1.9510277294e-04 2.6150803331e+04 1.5707963268e+00 -2.1058492564e+00
1.9524981421e-04 2.6170460211e+04 1.5707963268e+00 -2.1068606701e+00
1.9539679875e-04 2.6190130233e+04 1.5707963268e+00 -2.1078705633e+00
1.9554372664e-04 2.6209813378e+04 1.5707963268e+00 -2.1088789384e+00
1.9569059799e-04 2.6229509626e+04 1.5707963268e+00 -2.1098857979e+00
1.9583741288e-04 2.6249218958e+04 1.5707963268e+00 -2.1108911440e+00
1.9598417141e-04 2.6268941355e+04 1.5707963268e+00 -2.1118949793e+00
1.9613087366e-04 2.6288676796e+04 1.5707963268e+00 -2.1128973061e+00
1.9627751972e-04 2.6308425264e+04 1.5707963268e+00 -2.1138981269e+00
1.9642410969e-04 2.6328186737e+04 1.5707963268e+00 -2.1148974440e+00
1.9657064365e-04 2.6347961198e+04 1.5707963268e+00 -2.1158952598e+00
1.9671712169e-04 2.6367748626e+04 1.5707963268e+00 -2.1168915768e+00
1.9686354391e-04 2.6387549003e+04 1.5707963268e+00 -2.1178863973e+00
1.9700991040e-04 2.6407362308e+04 1.5707963268e+00 -2.1188797237e+00
1.9715622124e-04 2.6427188524e+04 1.5707963268e+00 -2.1198715584e+00
1.9730247652e-04 2.6447027630e+04 1.5707963268e+00 -2.1208619038e+00
1.9744867633e-04 2.6466879607e+04 1.5707963268e+00 -2.1218507622e+00
1.9759482077e-04 2.6486744437e+04 1.5707963268e+00 -2.1228381362e+00
1.9774090991e-04 2.6506622100e+04 1.5707963268e+00 -2.1238240279e+00
1.9788694386e-04 2.6526512576e+04 1.5707963268e+00 -2.1248084400e+00
1.9803292270e-04 2.6546415847e+04 1.5707963268e+00 -2.1257913746e+00
1.9817884651e-04 2.6566331893e+04 1.5707963268e+00 -2.1267728341e+00
1.9832471539e-04 2.6586260695e+04 1.5707963268e+00 -2.1277528211e+00
1.9847052943e-04 2.6606202235e+04 1.5707963268e+00 -2.1287313377e+00
1.9861628871e-04 2.6626156492e+04 1.5707963268e+00 -2.1297083865e+00
1.9876199332e-04 2.6646123449e+04 1.5707963268e+00 -2.1306839697e+00
1.9890764335e-04 2.6666103085e+04 1.5707963268e+00 -2.1316580897e+00
1.9905323888e-04 2.6686095382e+04 1.5707963268e+00 -2.1326307489e+00
1.9919878001e-04 2.6706100321e+04 1.5707963268e+00 -2.1336019496e+00
1.9934426683e-04 2.6726117882e+04 1.5707963268e+00 -2.1345716943e+00
1.9948969942e-04 2.6746148048e+04 1.5707963268e+00 -2.1355399852e+00
1.9963507786e-04 2.6766190798e+04 1.5707963268e+00 -2.1365068247e+00
1.9978040225e-04 2.6786246113e+04 1.5707963268e+00 -2.1374722152e+00
1.9992567267e-04 2.6806313976e+04 1.5707963268e+00 -2.1384361589e+00
2.0007088922e-04 2.6826394366e+04 1.5707963268e+00 -2.1393986584e+00
2.0021605196e-04 2.6846487265e+04 1.5707963268e+00 -2.1403597158e+00
2.0036116101e-04 2.6866592654e+04 1.5707963268e+00 -2.1413193336e+00
2.0050621643e-04 2.6886710515e+04 1.5707963268e+00 -2.1422775140e+00
2.0065121832e-04 2.6906840827e+04 1.5707963268e+00 -2.1432342595e+00
2.0079616676e-04 2.6926983573e+04 1.5707963268e+00 -2.1441895723e+00
2.0094106185e-04 2.6947138733e+04 1.5707963268e+00 -2.1451434548e+00
2.0108590366e-04 2.6967306290e+04 1.5707963268e+00 -2.1460959094e+00
2.0123069228e-04 2.6987486223e+04 1.5707963268e+00 -2.1470469382e+00
2.0137542780e-04 2.7007678514e+04 1.5707963268e+00 -2.1479965438e+00
2.0152011030e-04 2.7027883144e+04 1.5707963268e+00 -2.1489447283e+00
2.0166473987e-04 2.7048100096e+04 1.5707963268e+00 -2.1498914941e+00
2.0180931660e-04 2.7068329349e+04 1.5707963268e+00 -2.1508368436e+00
2.0195384056e-04 2.7088570885e+04 1.5707963268e+00 -2.1517807790e+00
2.0209831186e-04 2.7108824686e+04 1.5707963268e+00 -2.1527233027e+00
2.0224273056e-04 2.7129090732e+04 1.5707963268e+00 -2.1536644170e+00
2.0238709676e-04 2.7149369006e+04 1.5707963268e+00 -2.1546041241e+00
2.0253141054e-04 2.7169659488e+04 1.5707963268e+00 -2.1555424264e+00
2.0267567198e-04 2.7189962160e+04 1.5707963268e+00 -2.1564793263e+00
2.0281988118e-04 2.7210277004e+04 1.5707963268e+00 -2.1574148259e+00
2.0296403821e-04 2.7230604000e+04 1.5707963268e+00 -2.1583489276e+00
2.0310814316e-04 2.7250943130e+04 1.5707963268e+00 -2.1592816337e+00
2.0325219611e-04 2.7271294376e+04 1.5707963268e+00 -2.1602129464e+00
2.0339619715e-04 2.7291657718e+04 1.5707963268e+00 -2.1611428682e+00
2.0354014636e-04 2.7312033140e+04 1.5707963268e+00 -2.1620714012e+00
2.0368404383e-04 2.7332420621e+04 1.5707963268e+00 -2.1629985478e+00
2.0382788963e-04 2.7352820144e+04 1.5707963268e+00 -2.1639243102e+00
2.0397168386e-04 2.7373231690e+04 1.5707963268e+00 -2.1648486907e+00
2.0411542659e-04 2.7393655241e+04 1.5707963268e+00 -2.1657716916e+00
2.0425911791e-04 2.7414090778e+04 1.5707963268e+00 -2.1666933152e+00
2.0440275791e-04 2.7434538282e+04 1.5707963268e+00 -2.1676135637e+00
2.0454634666e-04 2.7454997737e+04 1.5707963268e+00 -2.1685324395e+00
2.0468988425e-04 2.7475469122e+04 1.5707963268e+00 -2.1694499447e+00
2.0483337076e-04 2.7495952420e+04 1.5707963268e+00 -2.1703660817e+00
2.0497680627e-04 2.7516447613e+04 1.5707963268e+00 -2.1712808527e+00
2.0512019088e-04 2.7536954682e+04 1.5707963268e+00 -2.1721942600e+00
2.0526352465e-04 2.7557473608e+04 1.5707963268e+00 -2.1731063058e+00
2.0540680767e-04 2.7578004374e+04 1.5707963268e+00 -2.1740169924e+00
2.0555004003e-04 2.7598546962e+04 1.5707963268e+00 -2.1749263221e+00
2.0569322180e-04 2.7619101353e+04 1.5707963268e+00 -2.1758342970e+00
2.0583635307e-04 2.7639667528e+04 1.5707963268e+00 -2.1767409195e+00
2.0597943392e-04 2.7660245471e+04 1.5707963268e+00 -2.1776461918e+00
2.0612246443e-04 2.7680835161e+04 1.5707963268e+00 -2.1785501162e+00
2.0626544468e-04 2.7701436583e+04 1.5707963268e+00 -2.1794526948e+00
2.0640837475e-04 2.7722049716e+04 1.5707963268e+00 -2.1803539299e+00
2.0655125474e-04 2.7742674544e+04 1.5707963268e+00 -2.1812538238e+00
2.0669408471e-04 2.7763311048e+04 1.5707963268e+00 -2.1821523787e+00
2.0683686474e-04 2.7783959210e+04 1.5707963268e+00 -2.1830495967e+00
2.0697959493e-04 2.7804619012e+04 1.5707963268e+00 -2.1839454802e+00
2.0712227534e-04 2.7825290435e+04 1.5707963268e+00 -2.1848400314e+00
2.0726490606e-04 2.7845973463e+04 1.5707963268e+00 -2.1857332525e+00
2.0740748718e-04 2.7866668077e+04 1.5707963268e+00 -2.1866251456e+00
2.0755001876e-04 2.7887374258e+04 1.5707963268e+00 -2.1875157131e+00
2.0769250090e-04 2.7908091990e+04 1.5707963268e+00 -2.1884049572e+00
2.0783493366e-04 2.7928821253e+04 1.5707963268e+00 -2.1892928799e+00
2.0797731714e-04 2.7949562031e+04 1.5707963268e+00 -2.1901794837e+00
2.0811965141e-04 2.7970314305e+04 1.5707963268e+00 -2.1910647706e+00
2.0826193655e-04 2.7991078058e+04 1.5707963268e+00 -2.1919487428e+00
2.0840417263e-04 2.8011853271e+04 1.5707963268e+00 -2.1928314027e+00
2.0854635975e-04 2.8032639926e+04 1.5707963268e+00 -2.1937127523e+00
2.0868849798e-04 2.8053438007e+04 1.5707963268e+00 -2.1945927938e+00
2.0883058740e-04 2.8074247495e+04 1.5707963268e+00 -2.1954715295e+00
2.0897262808e-04 2.8095068372e+04 1.5707963268e+00 -2.1963489616e+00
2.0911462011e-04 2.8115900621e+04 1.5707963268e+00 -2.1972250922e+00
2.0925656356e-04 2.8136744223e+04 1.5707963268e+00 -2.1980999235e+00
2.0939845852e-04 2.8157599162e+04 1.5707963268e+00 -2.1989734576e+00
2.0954030506e-04 2.8178465420e+04 1.5707963268e+00 -2.1998456969e+00
2.0968210326e-04 2.8199342978e+04 1.5707963268e+00 -2.2007166434e+00
2.0982385320e-04 2.8220231819e+04 1.5707963268e+00 -2.2015862994e+00
2.0996555496e-04 2.8241131926e+04 1.5707963268e+00 -2.2024546669e+00
2.1010720862e-04 2.8262043281e+04 1.5707963268e+00 -2.2033217482e+00
2.1024881424e-04 2.8282965866e+04 1.5707963268e+00 -2.2041875454e+00
2.1039037192e-04 2.8303899664e+04 1.5707963268e+00 -2.2050520607e+00
2.1053188173e-04 2.8324844657e+04 1.5707963268e+00 -2.2059152963e+00
2.1067334374e-04 2.8345800828e+04 1.5707963268e+00 -2.2067772542e+00
2.1081475804e-04 2.8366768159e+04 1.5707963268e+00 -2.2076379367e+00
2.1095612469e-04 2.8387746633e+04 1.5707963268e+00 -2.2084973460e+00
2.1109744379e-04 2.8408736233e+04 1.5707963268e+00 -2.2093554841e+00
2.1123871540e-04 2.8429736940e+04 1.5707963268e+00 -2.2102123531e+00
2.1137993960e-04 2.8450748737e+04 1.5707963268e+00 -2.2110679554e+00
2.1152111648e-04 2.8471771608e+04 1.5707963268e+00 -2.2119222929e+00
2.1166224609e-04 2.8492805534e+04 1.5707963268e+00 -2.2127753678e+00
2.1180332853e-04 2.8513850499e+04 1.5707963268e+00 -2.2136271823e+00
2.1194436387e-04 2.8534906484e+04 1.5707963268e+00 -2.2144777385e+00
2.1208535219e-04 2.8555973473e+04 1.5707963268e+00 -2.2153270385e+00
2.1222629355e-04 2.8577051449e+04 1.5707963268e+00 -2.2161750845e+00
2.1236718804e-04 2.8598140394e+04 1.5707963268e+00 -2.2170218785e+00
2.1250803574e-04 2.8619240290e+04 1.5707963268e+00 -2.2178674227e+00
2.1264883671e-04 2.8640351121e+04 1.5707963268e+00 -2.2187117192e+00
2.1278959103e-04 2.8661472870e+04 1.5707963268e+00 -2.2195547702e+00
2.1293029879e-04 2.8682605519e+04 1.5707963268e+00 -2.2203965776e+00
2.1307096005e-04 2.8703749051e+04 1.5707963268e+00 -2.2212371437e+00
2.1321157489e-04 2.8724903448e+04 1.5707963268e+00 -2.2220764706e+00
2.1335214339e-04 2.8746068695e+04 1.5707963268e+00 -2.2229145602e+00
2.1349266562e-04 2.8767244773e+04 1.5707963268e+00 -2.2237514149e+00
2.1363314165e-04 2.8788431666e+04 1.5707963268e+00 -2.2245870366e+00
2.1377357157e-04 2.8809629357e+04 1.5707963268e+00 -2.2254214274e+00
2.1391395543e-04 2.8830837828e+04 1.5707963268e+00 -2.2262545894e+00
2.1405429333e-04 2.8852057062e+04 1.5707963268e+00 -2.2270865248e+00
2.1419458533e-04 2.8873287043e+04 1.5707963268e+00 -2.2279172356e+00
2.1433483151e-04 2.8894527754e+04 1.5707963268e+00 -2.2287467239e+00
2.1447503194e-04 2.8915779177e+04 1.5707963268e+00 -2.2295749917e+00
2.1461518670e-04 2.8937041296e+04 1.5707963268e+00 -2.2304020412e+00
2.1475529586e-04 2.8958314094e+04 1.5707963268e+00 -2.2312278744e+00
2.1489535949e-04 2.8979597553e+04 1.5707963268e+00 -2.2320524934e+00
2.1503537766e-04 2.9000891658e+04 1.5707963268e+00 -2.2328759003e+00
2.1517535046e-04 2.9022196390e+04 1.5707963268e+00 -2.2336980970e+00
2.1531527795e-04 2.9043511734e+04 1.5707963268e+00 -2.2345190858e+00
2.1545516021e-04 2.9064837673e+04 1.5707963268e+00 -2.2353388687e+00
2.1559499731e-04 2.9086174189e+04 1.5707963268e+00 -2.2361574476e+00
2.1573478933e-04 2.9107521267e+04 1.5707963268e+00 -2.2369748247e+00
2.1587453633e-04 2.9128878888e+04 1.5707963268e+00 -2.2377910020e+00
2.1601423838e-04 2.9150247038e+04 1.5707963268e+00 -2.2386059816e+00
2.1615389557e-04 2.9171625698e+04 1.5707963268e+00 -2.2394197654e+00
2.1629350797e-04 2.9193014852e+04 1.5707963268e+00 -2.2402323557e+00
2.1643307564e-04 2.9214414484e+04 1.5707963268e+00 -2.2410437543e+00
2.1657259866e-04 2.9235824577e+04 1.5707963268e+00 -2.2418539633e+00
2.1671207710e-04 2.9257245114e+04 1.5707963268e+00 -2.2426629848e+00
2.1685151103e-04 2.9278676079e+04 1.5707963268e+00 -2.2434708208e+00
2.1699090053e-04 2.9300117455e+04 1.5707963268e+00 -2.2442774733e+00
2.1713024566e-04 2.9321569226e+04 1.5707963268e+00 -2.2450829444e+00
2.1726954651e-04 2.9343031374e+04 1.5707963268e+00 -2.2458872360e+00
2.1740880313e-04 2.9364503885e+04 1.5707963268e+00 -2.2466903502e+00
2.1754801560e-04 2.9385986741e+04 1.5707963268e+00 -2.2474922890e+00
2.1768718400e-04 2.9407479925e+04 1.5707963268e+00 -2.2482930544e+00
2.1782630838e-04 2.9428983422e+04 1.5707963268e+00 -2.2490926485e+00
2.1796538884e-04 2.9450497214e+04 1.5707963268e+00 -2.2498910731e+00
2.1810442542e-04 2.9472021286e+04 1.5707963268e+00 -2.2506883305e+00
2.1824341822e-04 2.9493555621e+04 1.5707963268e+00 -2.2514844224e+00
2.1838236729e-04 2.9515100203e+04 1.5707963268e+00 -2.2522793510e+00
2.1852127270e-04 2.9536655016e+04 1.5707963268e+00 -2.2530731182e+00
2.1866013454e-04 2.9558220042e+04 1.5707963268e+00 -2.2538657261e+00
2.1879895286e-04 2.9579795267e+04 1.5707963268e+00 -2.2546571766e+00
2.1893772774e-04 2.9601380673e+04 1.5707963268e+00 -2.2554474716e+00
2.1907645925e-04 2.9622976245e+04 1.5707963268e+00 -2.2562366133e+00
2.1921514746e-04 2.9644581965e+04 1.5707963268e+00 -2.2570246035e+00
2.1935379243e-04 2.9666197819e+04 1.5707963268e+00 -2.2578114443e+00
2.1949239424e-04 2.9687823790e+04 1.5707963268e+00 -2.2585971376e+00
2.1963095296e-04 2.9709459861e+04 1.5707963268e+00 -2.2593816854e+00
2.1976946865e-04 2.9731106017e+04 1.5707963268e+00 -2.2601650897e+00
2.1990794139e-04 2.9752762242e+04 1.5707963268e+00 -2.2609473524e+00
2.2004637125e-04 2.9774428518e+04 1.5707963268e+00 -2.2617284755e+00
2.2018475829e-04 2.9796104832e+04 1.5707963268e+00 -2.2625084609e+00
2.2032310258e-04 2.9817791165e+04 1.5707963268e+00 -2.2632873107e+00
2.2046140419e-04 2.9839487503e+04 1.5707963268e+00 -2.2640650267e+00
2.2059966319e-04 2.9861193829e+04 1.5707963268e+00 -2.2648416110e+00
2.2073787965e-04 2.9882910128e+04 1.5707963268e+00 -2.2656170654e+00
2.2087605364e-04 2.9904636383e+04 1.5707963268e+00 -2.2663913919e+00
2.2101418522e-04 2.9926372578e+04 1.5707963268e+00 -2.2671645925e+00
2.2115227447e-04 2.9948118698e+04 1.5707963268e+00 -2.2679366691e+00
2.2129032145e-04 2.9969874727e+04 1.5707963268e+00 -2.2687076236e+00
2.2142832623e-04 2.9991640649e+04 1.5707963268e+00 -2.2694774580e+00
2.2156628888e-04 3.0013416447e+04 1.5707963268e+00 -2.2702461742e+00
2.2170420946e-04 3.0035202107e+04 1.5707963268e+00 -2.2710137741e+00
2.2184208804e-04 3.0056997612e+04 1.5707963268e+00 -2.2717802597e+00
2.2197992470e-04 3.0078802947e+04 1.5707963268e+00 -2.2725456329e+00
2.2211771949e-04 3.0100618096e+04 1.5707963268e+00 -2.2733098955e+00
2.2225547249e-04 3.0122443043e+04 1.5707963268e+00 -2.2740730496e+00
2.2239318376e-04 3.0144277773e+04 1.5707963268e+00 -2.2748350969e+00
2.2253085337e-04 3.0166122269e+04 1.5707963268e+00 -2.2755960396e+00
2.2266848138e-04 3.0187976517e+04 1.5707963268e+00 -2.2763558793e+00
2.2280606787e-04 3.0209840500e+04 1.5707963268e+00 -2.2771146181e+00
2.2294361290e-04 3.0231714203e+04 1.5707963268e+00 -2.2778722579e+00
2.2308111653e-04 3.0253597610e+04 1.5707963268e+00 -2.2786288005e+00
2.2321857883e-04 3.0275490706e+04 1.5707963268e+00 -2.2793842479e+00
2.2335599988e-04 3.0297393476e+04 1.5707963268e+00 -2.2801386018e+00
2.2349337973e-04 3.0319305903e+04 1.5707963268e+00 -2.2808918644e+00
2.2363071845e-04 3.0341227972e+04 1.5707963268e+00 -2.2816440373e+00
2.2376801610e-04 3.0363159668e+04 1.5707963268e+00 -2.2823951225e+00
2.2390527276e-04 3.0385100975e+04 1.5707963268e+00 -2.2831451219e+00
2.2404248849e-04 3.0407051878e+04 1.5707963268e+00 -2.2838940374e+00
2.2417966335e-04 3.0429012361e+04 1.5707963268e+00 -2.2846418708e+00
2.2431679741e-04 3.0450982410e+04 1.5707963268e+00 -2.2853886240e+00
2.2445389074e-04 3.0472962008e+04 1.5707963268e+00 -2.2861342989e+00
2.2459094340e-04 3.0494951140e+04 1.5707963268e+00 -2.2868788973e+00
2.2472795545e-04 3.0516949792e+04 1.5707963268e+00 -2.2876224211e+00
2.2486492696e-04 3.0538957947e+04 1.5707963268e+00 -2.2883648722e+00
2.2500185800e-04 3.0560975590e+04 1.5707963268e+00 -2.2891062524e+00
2.2513874862e-04 3.0583002707e+04 1.5707963268e+00 -2.2898465636e+00
2.2527559890e-04 3.0605039282e+04 1.5707963268e+00 -2.2905858076e+00
2.2541240890e-04 3.0627085299e+04 1.5707963268e+00 -2.2913239862e+00
2.2554917869e-04 3.0649140744e+04 1.5707963268e+00 -2.2920611014e+00
2.2568590832e-04 3.0671205601e+04 1.5707963268e+00 -2.2927971550e+00
2.2582259786e-04 3.0693279855e+04 1.5707963268e+00 -2.2935321488e+00
2.2595924738e-04 3.0715363492e+04 1.5707963268e+00 -2.2942660846e+00
2.2609585694e-04 3.0737456496e+04 1.5707963268e+00 -2.2949989643e+00
2.2623242660e-04 3.0759558851e+04 1.5707963268e+00 -2.2957307897e+00
2.2636895643e-04 3.0781670543e+04 1.5707963268e+00 -2.2964615626e+00
2.2650544649e-04 3.0803791557e+04 1.5707963268e+00 -2.2971912849e+00
2.2664189685e-04 3.0825921878e+04 1.5707963268e+00 -2.2979199584e+00
2.2677830756e-04 3.0848061491e+04 1.5707963268e+00 -2.2986475848e+00
2.2691467870e-04 3.0870210381e+04 1.5707963268e+00 -2.2993741661e+00
2.2705101032e-04 3.0892368532e+04 1.5707963268e+00 -2.3000997040e+00
2.2718730249e-04 3.0914535931e+04 1.5707963268e+00 -2.3008242004e+00
2.2732355527e-04 3.0936712561e+04 1.5707963268e+00 -2.3015476570e+00
2.2745976872e-04 3.0958898409e+04 1.5707963268e+00 -2.3022700756e+00
2.2759594290e-04 3.0981093459e+04 1.5707963268e+00 -2.3029914581e+00
2.2773207789e-04 3.1003297697e+04 1.5707963268e+00 -2.3037118063e+00
2.2786817374e-04 3.1025511107e+04 1.5707963268e+00 -2.3044311219e+00
2.2800423051e-04 3.1047733676e+04 1.5707963268e+00 -2.3051494068e+00
2.2814024826e-04 3.1069965387e+04 1.5707963268e+00 -2.3058666627e+00
2.2827622707e-04 3.1092206227e+04 1.5707963268e+00 -2.3065828914e+00
2.2841216698e-04 3.1114456181e+04 1.5707963268e+00 -2.3072980947e+00
2.2854806807e-04 3.1136715233e+04 1.5707963268e+00 -2.3080122744e+00
2.2868393039e-04 3.1158983370e+04 1.5707963268e+00 -2.3087254322e+00
2.2881975400e-04 3.1181260577e+04 1.5707963268e+00 -2.3094375700e+00
2.2895553897e-04 3.1203546838e+04 1.5707963268e+00 -2.3101486895e+00
2.2909128536e-04 3.1225842140e+04 1.5707963268e+00 -2.3108587925e+00
2.2922699323e-04 3.1248146468e+04 1.5707963268e+00 -2.3115678807e+00
2.2936266264e-04 3.1270459807e+04 1.5707963268e+00 -2.3122759559e+00
2.2949829365e-04 3.1292782143e+04 1.5707963268e+00 -2.3129830199e+00
2.2963388633e-04 3.1315113460e+04 1.5707963268e+00 -2.3136890745e+00
2.2976944073e-04 3.1337453746e+04 1.5707963268e+00 -2.3143941213e+00
2.2990495691e-04 3.1359802985e+04 1.5707963268e+00 -2.3150981622e+00
2.3004043494e-04 3.1382161162e+04 1.5707963268e+00 -2.3158011988e+00
2.3017587488e-04 3.1404528264e+04 1.5707963268e+00 -2.3165032330e+00
2.3031127678e-04 3.1426904276e+04 1.5707963268e+00 -2.3172042664e+00
2.3044664071e-04 3.1449289183e+04 1.5707963268e+00 -2.3179043009e+00
2.3058196672e-04 3.1471682971e+04 1.5707963268e+00 -2.3186033381e+00
2.3071725489e-04 3.1494085626e+04 1.5707963268e+00 -2.3193013798e+00
2.3085250526e-04 3.1516497134e+04 1.5707963268e+00 -2.3199984277e+00
2.3098771789e-04 3.1538917479e+04 1.5707963268e+00 -2.3206944835e+00
2.3112289286e-04 3.1561346649e+04 1.5707963268e+00 -2.3213895491e+00
2.3125803021e-04 3.1583784628e+04 1.5707963268e+00 -2.3220836260e+00
2.3139313000e-04 3.1606231402e+04 1.5707963268e+00 -2.3227767161e+00
2.3152819231e-04 3.1628686958e+04 1.5707963268e+00 -2.3234688209e+00
2.3166321717e-04 3.1651151281e+04 1.5707963268e+00 -2.3241599424e+00
2.3179820467e-04 3.1673624356e+04 1.5707963268e+00 -2.3248500821e+00
2.3193315484e-04 3.1696106170e+04 1.5707963268e+00 -2.3255392417e+00
2.3206806776e-04 3.1718596709e+04 1.5707963268e+00 -2.3262274231e+00
2.3220294348e-04 3.1741095958e+04 1.5707963268e+00 -2.3269146278e+00
2.3233778206e-04 3.1763603903e+04 1.5707963268e+00 -2.3276008576e+00
2.3247258356e-04 3.1786120530e+04 1.5707963268e+00 -2.3282861141e+00
2.3260734803e-04 3.1808645826e+04 1.5707963268e+00 -2.3289703992e+00
2.3274207555e-04 3.1831179776e+04 1.5707963268e+00 -2.3296537144e+00
2.3287676615e-04 3.1853722366e+04 1.5707963268e+00 -2.3303360614e+00
2.3301141991e-04 3.1876273582e+04 1.5707963268e+00 -2.3310174420e+00
2.3314603688e-04 3.1898833411e+04 1.5707963268e+00 -2.3316978578e+00
2.3328061712e-04 3.1921401838e+04 1.5707963268e+00 -2.3323773105e+00
2.3341516069e-04 3.1943978849e+04 1.5707963268e+00 -2.3330558017e+00
2.3354966764e-04 3.1966564431e+04 1.5707963268e+00 -2.3337333332e+00
2.3368413804e-04 3.1989158570e+04 1.5707963268e+00 -2.3344099067e+00
2.3381857193e-04 3.2011761251e+04 1.5707963268e+00 -2.3350855237e+00
2.3395296938e-04 3.2034372462e+04 1.5707963268e+00 -2.3357601860e+00
2.3408733045e-04 3.2056992187e+04 1.5707963268e+00 -2.3364338952e+00
2.3422165519e-04 3.2079620414e+04 1.5707963268e+00 -2.3371066529e+00
2.3435594366e-04 3.2102257129e+04 1.5707963268e+00 -2.3377784609e+00
2.3449019592e-04 3.2124902318e+04 1.5707963268e+00 -2.3384493208e+00
2.3462441202e-04 3.2147555967e+04 1.5707963268e+00 -2.3391192343e+00
2.3475859202e-04 3.2170218062e+04 1.5707963268e+00 -2.3397882029e+00
2.3489273598e-04 3.2192888590e+04 1.5707963268e+00 -2.3404562283e+00
2.3502684395e-04 3.2215567538e+04 1.5707963268e+00 -2.3411233123e+00
2.3516091600e-04 3.2238254891e+04 1.5707963268e+00 -2.3417894563e+00
2.3529495217e-04 3.2260950636e+04 1.5707963268e+00 -2.3424546621e+00
2.3542895252e-04 3.2283654759e+04 1.5707963268e+00 -2.3431189313e+00
2.3556291712e-04 3.2306367247e+04 1.5707963268e+00 -2.3437822655e+00
2.3569684601e-04 3.2329088087e+04 1.5707963268e+00 -2.3444446664e+00
2.3583073926e-04 3.2351817264e+04 1.5707963268e+00 -2.3451061356e+00
2.3596459691e-04 3.2374554766e+04 1.5707963268e+00 -2.3457666746e+00
2.3609841903e-04 3.2397300578e+04 1.5707963268e+00 -2.3464262852e+00
2.3623220567e-04 3.2420054688e+04 1.5707963268e+00 -2.3470849689e+00
2.3636595688e-04 3.2442817081e+04 1.5707963268e+00 -2.3477427273e+00
2.3649967272e-04 3.2465587745e+04 1.5707963268e+00 -2.3483995621e+00
2.3663335325e-04 3.2488366666e+04 1.5707963268e+00 -2.3490554749e+00
2.3676699853e-04 3.2511153831e+04 1.5707963268e+00 -2.3497104673e+00
2.3690060860e-04 3.2533949227e+04 1.5707963268e+00 -2.3503645409e+00
2.3703418352e-04 3.2556752839e+04 1.5707963268e+00 -2.3510176972e+00
2.3716772335e-04 3.2579564655e+04 1.5707963268e+00 -2.3516699379e+00
2.3730122814e-04 3.2602384661e+04 1.5707963268e+00 -2.3523212646e+00
2.3743469795e-04 3.2625212845e+04 1.5707963268e+00 -2.3529716789e+00
2.3756813283e-04 3.2648049193e+04 1.5707963268e+00 -2.3536211823e+00
2.3770153284e-04 3.2670893691e+04 1.5707963268e+00 -2.3542697765e+00
2.3783489803e-04 3.2693746327e+04 1.5707963268e+00 -2.3549174630e+00
2.3796822845e-04 3.2716607087e+04 1.5707963268e+00 -2.3555642434e+00
2.3810152417e-04 3.2739475959e+04 1.5707963268e+00 -2.3562101194e+00
2.3823478522e-04 3.2762352929e+04 1.5707963268e+00 -2.3568550923e+00
2.3836801168e-04 3.2785237983e+04 1.5707963268e+00 -2.3574991640e+00
2.3850120359e-04 3.2808131110e+04 1.5707963268e+00 -2.3581423358e+00
2.3863436101e-04 3.2831032295e+04 1.5707963268e+00 -2.3587846094e+00
2.3876748398e-04 3.2853941526e+04 1.5707963268e+00 -2.3594259864e+00
2.3890057257e-04 3.2876858789e+04 1.5707963268e+00 -2.3600664682e+00
2.3903362683e-04 3.2899784073e+04 1.5707963268e+00 -2.3607060565e+00
2.3916664680e-04 3.2922717363e+04 1.5707963268e+00 -2.3613447529e+00
2.3929963256e-04 3.2945658647e+04 1.5707963268e+00 -2.3619825588e+00
2.3943258414e-04 3.2968607911e+04 1.5707963268e+00 -2.3626194758e+00
2.3956550160e-04 3.2991565144e+04 1.5707963268e+00 -2.3632555055e+00
2.3969838499e-04 3.3014530331e+04 1.5707963268e+00 -2.3638906495e+00
2.3983123437e-04 3.3037503461e+04 1.5707963268e+00 -2.3645249092e+00
2.3996404980e-04 3.3060484520e+04 1.5707963268e+00 -2.3651582862e+00
2.4009683131e-04 3.3083473495e+04 1.5707963268e+00 -2.3657907820e+00
2.4022957897e-04 3.3106470374e+04 1.5707963268e+00 -2.3664223982e+00
2.4036229283e-04 3.3129475144e+04 1.5707963268e+00 -2.3670531363e+00
2.4049497294e-04 3.3152487791e+04 1.5707963268e+00 -2.3676829979e+00
2.4062761936e-04 3.3175508304e+04 1.5707963268e+00 -2.3683119844e+00
2.4076023212e-04 3.3198536670e+04 1.5707963268e+00 -2.3689400974e+00
2.4089281130e-04 3.3221572875e+04 1.5707963268e+00 -2.3695673384e+00
2.4102535694e-04 3.3244616908e+04 1.5707963268e+00 -2.3701937089e+00
2.4115786909e-04 3.3267668754e+04 1.5707963268e+00 -2.3708192105e+00
2.4129034780e-04 3.3290728403e+04 1.5707963268e+00 -2.3714438446e+00
2.4142279313e-04 3.3313795841e+04 1.5707963268e+00 -2.3720676128e+00
2.4155520513e-04 3.3336871055e+04 1.5707963268e+00 -2.3726905166e+00
2.4168758384e-04 3.3359954033e+04 1.5707963268e+00 -2.3733125574e+00
2.4181992933e-04 3.3383044763e+04 1.5707963268e+00 -2.3739337368e+00
2.4195224164e-04 3.3406143231e+04 1.5707963268e+00 -2.3745540563e+00
2.4208452082e-04 3.3429249426e+04 1.5707963268e+00 -2.3751735173e+00
2.4221676693e-04 3.3452363335e+04 1.5707963268e+00 -2.3757921215e+00
2.4234898002e-04 3.3475484945e+04 1.5707963268e+00 -2.3764098702e+00
2.4248116013e-04 3.3498614244e+04 1.5707963268e+00 -2.3770267649e+00
2.4261330732e-04 3.3521751219e+04 1.5707963268e+00 -2.3776428072e+00
2.4274542164e-04 3.3544895858e+04 1.5707963268e+00 -2.3782579985e+00
2.4287750314e-04 3.3568048149e+04 1.5707963268e+00 -2.3788723403e+00
2.4300955187e-04 3.3591208079e+04 1.5707963268e+00 -2.3794858340e+00
2.4314156789e-04 3.3614375636e+04 1.5707963268e+00 -2.3800984813e+00
2.4327355123e-04 3.3637550808e+04 1.5707963268e+00 -2.3807102834e+00
2.4340550196e-04 3.3660733581e+04 1.5707963268e+00 -2.3813212420e+00
2.4353742012e-04 3.3683923945e+04 1.5707963268e+00 -2.3819313584e+00
2.4366930576e-04 3.3707121886e+04 1.5707963268e+00 -2.3825406341e+00
2.4380115894e-04 3.3730327392e+04 1.5707963268e+00 -2.3831490706e+00
2.4393297970e-04 3.3753540452e+04 1.5707963268e+00 -2.3837566694e+00
2.4406476809e-04 3.3776761052e+04 1.5707963268e+00 -2.3843634319e+00
2.4419652417e-04 3.3799989181e+04 1.5707963268e+00 -2.3849693595e+00
2.4432824798e-04 3.3823224827e+04 1.5707963268e+00 -2.3855744538e+00
2.4445993957e-04 3.3846467977e+04 1.5707963268e+00 -2.3861787161e+00
2.4459159899e-04 3.3869718619e+04 1.5707963268e+00 -2.3867821479e+00
2.4472322630e-04 3.3892976741e+04 1.5707963268e+00 -2.3873847507e+00
2.4485482153e-04 3.3916242332e+04 1.5707963268e+00 -2.3879865258e+00
2.4498638475e-04 3.3939515378e+04 1.5707963268e+00 -2.3885874748e+00
2.4511791600e-04 3.3962795868e+04 1.5707963268e+00 -2.3891875991e+00
2.4524941532e-04 3.3986083790e+04 1.5707963268e+00 -2.3897869001e+00
2.4538088278e-04 3.4009379132e+04 1.5707963268e+00 -2.3903853792e+00
2.4551231840e-04 3.4032681881e+04 1.5707963268e+00 -2.3909830378e+00
2.4564372226e-04 3.4055992027e+04 1.5707963268e+00 -2.3915798775e+00
2.4577509439e-04 3.4079309556e+04 1.5707963268e+00 -2.3921758995e+00
2.4590643484e-04 3.4102634457e+04 1.5707963268e+00 -2.3927711054e+00
2.4603774367e-04 3.4125966719e+04 1.5707963268e+00 -2.3933654965e+00
2.4616902091e-04 3.4149306328e+04 1.5707963268e+00 -2.3939590743e+00
2.4630026662e-04 3.4172653274e+04 1.5707963268e+00 -2.3945518402e+00
2.4643148085e-04 3.4196007544e+04 1.5707963268e+00 -2.3951437955e+00
2.4656266365e-04 3.4219369126e+04 1.5707963268e+00 -2.3957349418e+00
2.4669381505e-04 3.4242738010e+04 1.5707963268e+00 -2.3963252803e+00
2.4682493512e-04 3.4266114182e+04 1.5707963268e+00 -2.3969148126e+00
2.4695602390e-04 3.4289497632e+04 1.5707963268e+00 -2.3975035399e+00
2.4708708143e-04 3.4312888347e+04 1.5707963268e+00 -2.3980914637e+00
2.4721810777e-04 3.4336286315e+04 1.5707963268e+00 -2.3986785854e+00
2.4734910297e-04 3.4359691526e+04 1.5707963268e+00 -2.3992649064e+00
2.4748006706e-04 3.4383103967e+04 1.5707963268e+00 -2.3998504281e+00
2.4761100010e-04 3.4406523627e+04 1.5707963268e+00 -2.4004351519e+00
2.4774190213e-04 3.4429950493e+04 1.5707963268e+00 -2.4010190790e+00
2.4787277321e-04 3.4453384555e+04 1.5707963268e+00 -2.4016022110e+00
2.4800361338e-04 3.4476825800e+04 1.5707963268e+00 -2.4021845493e+00
2.4813442268e-04 3.4500274218e+04 1.5707963268e+00 -2.4027660951e+00
2.4826520117e-04 3.4523729796e+04 1.5707963268e+00 -2.4033468498e+00
2.4839594888e-04 3.4547192523e+04 1.5707963268e+00 -2.4039268149e+00
2.4852666588e-04 3.4570662388e+04 1.5707963268e+00 -2.4045059917e+00
2.4865735220e-04 3.4594139378e+04 1.5707963268e+00 -2.4050843815e+00
2.4878800789e-04 3.4617623483e+04 1.5707963268e+00 -2.4056619858e+00
2.4891863300e-04 3.4641114691e+04 1.5707963268e+00 -2.4062388059e+00
2.4904922757e-04 3.4664612990e+04 1.5707963268e+00 -2.4068148431e+00
2.4917979165e-04 3.4688118369e+04 1.5707963268e+00 -2.4073900988e+00
2.4931032529e-04 3.4711630817e+04 1.5707963268e+00 -2.4079645744e+00
2.4944082854e-04 3.4735150322e+04 1.5707963268e+00 -2.4085382712e+00
2.4957130143e-04 3.4758676872e+04 1.5707963268e+00 -2.4091111905e+00
2.4970174402e-04 3.4782210458e+04 1.5707963268e+00 -2.4096833338e+00
2.4983215635e-04 3.4805751066e+04 1.5707963268e+00 -2.4102547023e+00
2.4996253847e-04 3.4829298686e+04 1.5707963268e+00 -2.4108252974e+00
2.5009289042e-04 3.4852853306e+04 1.5707963268e+00 -2.4113951205e+00
2.5022321225e-04 3.4876414916e+04 1.5707963268e+00 -2.4119641728e+00
2.5035350401e-04 3.4899983504e+04 1.5707963268e+00 -2.4125324557e+00
2.5048376573e-04 3.4923559058e+04 1.5707963268e+00 -2.4130999706e+00
2.5061399747e-04 3.4947141568e+04 1.5707963268e+00 -2.4136667187e+00
2.5074419928e-04 3.4970731022e+04 1.5707963268e+00 -2.4142327015e+00
2.5087437119e-04 3.4994327409e+04 1.5707963268e+00 -2.4147979201e+00
2.5100451325e-04 3.5017930718e+04 1.5707963268e+00 -2.4153623760e+00
2.5113462551e-04 3.5041540938e+04 1.5707963268e+00 -2.4159260704e+00
2.5126470801e-04 3.5065158057e+04 1.5707963268e+00 -2.4164890048e+00
2.5139476080e-04 3.5088782064e+04 1.5707963268e+00 -2.4170511803e+00
2.5152478392e-04 3.5112412949e+04 1.5707963268e+00 -2.4176125983e+00
2.5165477741e-04 3.5136050701e+04 1.5707963268e+00 -2.4181732601e+00
2.5178474133e-04 3.5159695307e+04 1.5707963268e+00 -2.4187331671e+00
2.5191467572e-04 3.5183346758e+04 1.5707963268e+00 -2.4192923205e+00
2.5204458061e-04 3.5207005042e+04 1.5707963268e+00 -2.4198507216e+00
2.5217445607e-04 3.5230670148e+04 1.5707963268e+00 -2.4204083718e+00
2.5230430212e-04 3.5254342066e+04 1.5707963268e+00 -2.4209652722e+00
2.5243411881e-04 3.5278020784e+04 1.5707963268e+00 -2.4215214243e+00
2.5256390620e-04 3.5301706291e+04 1.5707963268e+00 -2.4220768294e+00
2.5269366431e-04 3.5325398576e+04 1.5707963268e+00 -2.4226314886e+00
2.5282339320e-04 3.5349097629e+04 1.5707963268e+00 -2.4231854033e+00
2.5295309292e-04 3.5372803438e+04 1.5707963268e+00 -2.4237385748e+00
2.5308276350e-04 3.5396515993e+04 1.5707963268e+00 -2.4242910044e+00
2.5321240498e-04 3.5420235283e+04 1.5707963268e+00 -2.4248426933e+00
2.5334201742e-04 3.5443961297e+04 1.5707963268e+00 -2.4253936428e+00
2.5347160085e-04 3.5467694025e+04 1.5707963268e+00 -2.4259438543e+00
