0.0000000000e+00 1.4901273787e+04 1.5707963268e+00 0.0000000000e+00
2.3252175833e-07 1.4901273787e+04 1.5707963268e+00 -2.9761904762e-03
4.6504351666e-07 1.4901287929e+04 1.5707963268e+00 -5.9523809524e-03
6.9756495048e-07 1.4901316212e+04 1.5707963268e+00 -8.9285657795e-03
9.3008573526e-07 1.4901358638e+04 1.5707963268e+00 -1.1904739309e-02
1.1626055465e-06 1.4901415206e+04 1.5707963268e+00 -1.4880895891e-02
1.3951240597e-06 1.4901485917e+04 1.5707963268e+00 -1.7857029877e-02
1.6276409503e-06 1.4901570770e+04 1.5707963268e+00 -2.0833135618e-02
1.8601558940e-06 1.4901669766e+04 1.5707963268e+00 -2.3809207466e-02
2.0926685662e-06 1.4901782905e+04 1.5707963268e+00 -2.6785239772e-02
2.3251786424e-06 1.4901910189e+04 1.5707963268e+00 -2.9761226887e-02
2.5576857984e-06 1.4902051617e+04 1.5707963268e+00 -3.2737163163e-02
2.7901897096e-06 1.4902207190e+04 1.5707963268e+00 -3.5713042953e-02
3.0226900518e-06 1.4902376910e+04 1.5707963268e+00 -3.8688860608e-02
3.2551865006e-06 1.4902560776e+04 1.5707963268e+00 -4.1664610480e-02
3.4876787317e-06 1.4902758789e+04 1.5707963268e+00 -4.4640286923e-02
3.7201664209e-06 1.4902970952e+04 1.5707963268e+00 -4.7615884289e-02
3.9526492439e-06 1.4903197263e+04 1.5707963268e+00 -5.0591396930e-02
4.1851268766e-06 1.4903437726e+04 1.5707963268e+00 -5.3566819202e-02
4.4175989949e-06 1.4903692340e+04 1.5707963268e+00 -5.6542145457e-02
4.6500652746e-06 1.4903961108e+04 1.5707963268e+00 -5.9517370049e-02
4.8825253918e-06 1.4904244029e+04 1.5707963268e+00 -6.2492487333e-02
5.1149790225e-06 1.4904541107e+04 1.5707963268e+00 -6.5467491664e-02
5.3474258428e-06 1.4904852341e+04 1.5707963268e+00 -6.8442377397e-02
5.5798655288e-06 1.4905177734e+04 1.5707963268e+00 -7.1417138888e-02
5.8122977568e-06 1.4905517287e+04 1.5707963268e+00 -7.4391770493e-02
6.0447222031e-06 1.4905871003e+04 1.5707963268e+00 -7.7366266568e-02
6.2771385440e-06 1.4906238881e+04 1.5707963268e+00 -8.0340621471e-02
6.5095464559e-06 1.4906620926e+04 1.5707963268e+00 -8.3314829558e-02
6.7419456153e-06 1.4907017137e+04 1.5707963268e+00 -8.6288885189e-02
6.9743356988e-06 1.4907427518e+04 1.5707963268e+00 -8.9262782722e-02
7.2067163832e-06 1.4907852070e+04 1.5707963268e+00 -9.2236516515e-02
7.4390873451e-06 1.4908290795e+04 1.5707963268e+00 -9.5210080930e-02
7.6714482613e-06 1.4908743696e+04 1.5707963268e+00 -9.8183470325e-02
7.9037988089e-06 1.4909210774e+04 1.5707963268e+00 -1.0115667906e-01
8.1361386647e-06 1.4909692032e+04 1.5707963268e+00 -1.0412970150e-01
8.3684675061e-06 1.4910187473e+04 1.5707963268e+00 -1.0710253201e-01
8.6007850100e-06 1.4910697098e+04 1.5707963268e+00 -1.1007516495e-01
8.8330908540e-06 1.4911220910e+04 1.5707963268e+00 -1.1304759468e-01
9.0653847153e-06 1.4911758913e+04 1.5707963268e+00 -1.1601981557e-01
9.2976662716e-06 1.4912311107e+04 1.5707963268e+00 -1.1899182197e-01
9.5299352004e-06 1.4912877497e+04 1.5707963268e+00 -1.2196360827e-01
9.7621911796e-06 1.4913458085e+04 1.5707963268e+00 -1.2493516882e-01
9.9944338870e-06 1.4914052874e+04 1.5707963268e+00 -1.2790649800e-01
1.0226663001e-05 1.4914661867e+04 1.5707963268e+00 -1.3087759016e-01
1.0458878198e-05 1.4915285066e+04 1.5707963268e+00 -1.3384843969e-01
1.0691079159e-05 1.4915922475e+04 1.5707963268e+00 -1.3681904095e-01
1.0923265560e-05 1.4916574097e+04 1.5707963268e+00 -1.3978938830e-01
1.1155437081e-05 1.4917239935e+04 1.5707963268e+00 -1.4275947613e-01
1.1387593400e-05 1.4917919992e+04 1.5707963268e+00 -1.4572929881e-01
1.1619734195e-05 1.4918614272e+04 1.5707963268e+00 -1.4869885070e-01
1.1851859147e-05 1.4919322779e+04 1.5707963268e+00 -1.5166812619e-01
1.2083967933e-05 1.4920045515e+04 1.5707963268e+00 -1.5463711965e-01
1.2316060233e-05 1.4920782484e+04 1.5707963268e+00 -1.5760582545e-01
1.2548135726e-05 1.4921533690e+04 1.5707963268e+00 -1.6057423798e-01
1.2780194093e-05 1.4922299137e+04 1.5707963268e+00 -1.6354235161e-01
1.3012235012e-05 1.4923078827e+04 1.5707963268e+00 -1.6651016073e-01
1.3244258163e-05 1.4923872766e+04 1.5707963268e+00 -1.6947765971e-01
1.3476263226e-05 1.4924680957e+04 1.5707963268e+00 -1.7244484293e-01
1.3708249882e-05 1.4925503404e+04 1.5707963268e+00 -1.7541170478e-01
1.3940217810e-05 1.4926340111e+04 1.5707963268e+00 -1.7837823965e-01
1.4172166692e-05 1.4927191082e+04 1.5707963268e+00 -1.8134444191e-01
1.4404096208e-05 1.4928056322e+04 1.5707963268e+00 -1.8431030596e-01
1.4636006038e-05 1.4928935833e+04 1.5707963268e+00 -1.8727582619e-01
1.4867895864e-05 1.4929829622e+04 1.5707963268e+00 -1.9024099697e-01
1.5099765366e-05 1.4930737692e+04 1.5707963268e+00 -1.9320581271e-01
1.5331614227e-05 1.4931660047e+04 1.5707963268e+00 -1.9617026780e-01
1.5563442128e-05 1.4932596693e+04 1.5707963268e+00 -1.9913435662e-01
1.5795248750e-05 1.4933547634e+04 1.5707963268e+00 -2.0209807357e-01
1.6027033775e-05 1.4934512874e+04 1.5707963268e+00 -2.0506141306e-01
1.6258796886e-05 1.4935492418e+04 1.5707963268e+00 -2.0802436946e-01
1.6490537765e-05 1.4936486270e+04 1.5707963268e+00 -2.1098693720e-01
1.6722256095e-05 1.4937494437e+04 1.5707963268e+00 -2.1394911065e-01
1.6953951557e-05 1.4938516923e+04 1.5707963268e+00 -2.1691088423e-01
1.7185623835e-05 1.4939553732e+04 1.5707963268e+00 -2.1987225234e-01
1.7417272613e-05 1.4940604869e+04 1.5707963268e+00 -2.2283320938e-01
1.7648897573e-05 1.4941670341e+04 1.5707963268e+00 -2.2579374975e-01
1.7880498399e-05 1.4942750152e+04 1.5707963268e+00 -2.2875386788e-01
1.8112074775e-05 1.4943844307e+04 1.5707963268e+00 -2.3171355815e-01
1.8343626385e-05 1.4944952811e+04 1.5707963268e+00 -2.3467281499e-01
1.8575152913e-05 1.4946075671e+04 1.5707963268e+00 -2.3763163281e-01
1.8806654044e-05 1.4947212891e+04 1.5707963268e+00 -2.4059000602e-01
1.9038129462e-05 1.4948364477e+04 1.5707963268e+00 -2.4354792903e-01
1.9269578852e-05 1.4949530435e+04 1.5707963268e+00 -2.4650539627e-01
1.9501001900e-05 1.4950710769e+04 1.5707963268e+00 -2.4946240214e-01
1.9732398291e-05 1.4951905487e+04 1.5707963268e+00 -2.5241894108e-01
1.9963767710e-05 1.4953114594e+04 1.5707963268e+00 -2.5537500750e-01
2.0195109843e-05 1.4954338095e+04 1.5707963268e+00 -2.5833059583e-01
2.0426424377e-05 1.4955575997e+04 1.5707963268e+00 -2.6128570049e-01
2.0657710997e-05 1.4956828305e+04 1.5707963268e+00 -2.6424031591e-01
2.0888969391e-05 1.4958095025e+04 1.5707963268e+00 -2.6719443652e-01
2.1120199246e-05 1.4959376165e+04 1.5707963268e+00 -2.7014805675e-01
2.1351400248e-05 1.4960671729e+04 1.5707963268e+00 -2.7310117103e-01
2.1582572085e-05 1.4961981724e+04 1.5707963268e+00 -2.7605377380e-01
2.1813714445e-05 1.4963306157e+04 1.5707963268e+00 -2.7900585950e-01
2.2044827015e-05 1.4964645033e+04 1.5707963268e+00 -2.8195742256e-01
2.2275909484e-05 1.4965998359e+04 1.5707963268e+00 -2.8490845743e-01
2.2506961540e-05 1.4967366143e+04 1.5707963268e+00 -2.8785895854e-01
2.2737982873e-05 1.4968748389e+04 1.5707963268e+00 -2.9080892034e-01
2.2968973170e-05 1.4970145105e+04 1.5707963268e+00 -2.9375833728e-01
2.3199932122e-05 1.4971556298e+04 1.5707963268e+00 -2.9670720381e-01
2.3430859418e-05 1.4972981974e+04 1.5707963268e+00 -2.9965551437e-01
2.3661754748e-05 1.4974422140e+04 1.5707963268e+00 -3.0260326343e-01
2.3892617802e-05 1.4975876803e+04 1.5707963268e+00 -3.0555044543e-01
2.4123448271e-05 1.4977345971e+04 1.5707963268e+00 -3.0849705484e-01
2.4354245845e-05 1.4978829649e+04 1.5707963268e+00 -3.1144308610e-01
2.4585010216e-05 1.4980327845e+04 1.5707963268e+00 -3.1438853369e-01
2.4815741074e-05 1.4981840566e+04 1.5707963268e+00 -3.1733339207e-01
2.5046438112e-05 1.4983367820e+04 1.5707963268e+00 -3.2027765570e-01
2.5277101022e-05 1.4984909613e+04 1.5707963268e+00 -3.2322131905e-01
2.5507729496e-05 1.4986465953e+04 1.5707963268e+00 -3.2616437659e-01
2.5738323226e-05 1.4988036847e+04 1.5707963268e+00 -3.2910682280e-01
2.5968881905e-05 1.4989622303e+04 1.5707963268e+00 -3.3204865215e-01
2.6199405228e-05 1.4991222329e+04 1.5707963268e+00 -3.3498985912e-01
2.6429892886e-05 1.4992836931e+04 1.5707963268e+00 -3.3793043819e-01
2.6660344575e-05 1.4994466117e+04 1.5707963268e+00 -3.4087038383e-01
2.6890759988e-05 1.4996109896e+04 1.5707963268e+00 -3.4380969055e-01
2.7121138820e-05 1.4997768275e+04 1.5707963268e+00 -3.4674835281e-01
2.7351480766e-05 1.4999441261e+04 1.5707963268e+00 -3.4968636512e-01
2.7581785521e-05 1.5001128862e+04 1.5707963268e+00 -3.5262372196e-01
2.7812052780e-05 1.5002831087e+04 1.5707963268e+00 -3.5556041784e-01
2.8042282241e-05 1.5004547944e+04 1.5707963268e+00 -3.5849644724e-01
2.8272473598e-05 1.5006279440e+04 1.5707963268e+00 -3.6143180467e-01
2.8502626548e-05 1.5008025583e+04 1.5707963268e+00 -3.6436648463e-01
2.8732740789e-05 1.5009786382e+04 1.5707963268e+00 -3.6730048162e-01
2.8962816018e-05 1.5011561846e+04 1.5707963268e+00 -3.7023379016e-01
2.9192851932e-05 1.5013351981e+04 1.5707963268e+00 -3.7316640476e-01
2.9422848229e-05 1.5015156797e+04 1.5707963268e+00 -3.7609831993e-01
2.9652804608e-05 1.5016976302e+04 1.5707963268e+00 -3.7902953018e-01
2.9882720768e-05 1.5018810504e+04 1.5707963268e+00 -3.8196003003e-01
3.0112596407e-05 1.5020659412e+04 1.5707963268e+00 -3.8488981401e-01
3.0342431226e-05 1.5022523035e+04 1.5707963268e+00 -3.8781887664e-01
3.0572224924e-05 1.5024401381e+04 1.5707963268e+00 -3.9074721245e-01
3.0801977200e-05 1.5026294459e+04 1.5707963268e+00 -3.9367481597e-01
3.1031687757e-05 1.5028202277e+04 1.5707963268e+00 -3.9660168174e-01
3.1261356294e-05 1.5030124844e+04 1.5707963268e+00 -3.9952780428e-01
3.1490982514e-05 1.5032062170e+04 1.5707963268e+00 -4.0245317814e-01
3.1720566118e-05 1.5034014263e+04 1.5707963268e+00 -4.0537779786e-01
3.1950106808e-05 1.5035981132e+04 1.5707963268e+00 -4.0830165799e-01
3.2179604287e-05 1.5037962786e+04 1.5707963268e+00 -4.1122475307e-01
3.2409058257e-05 1.5039959235e+04 1.5707963268e+00 -4.1414707766e-01
3.2638468423e-05 1.5041970486e+04 1.5707963268e+00 -4.1706862631e-01
3.2867834487e-05 1.5043996551e+04 1.5707963268e+00 -4.1998939358e-01
3.3097156154e-05 1.5046037436e+04 1.5707963268e+00 -4.2290937402e-01
3.3326433129e-05 1.5048093154e+04 1.5707963268e+00 -4.2582856222e-01
3.3555665116e-05 1.5050163711e+04 1.5707963268e+00 -4.2874695272e-01
3.3784851821e-05 1.5052249118e+04 1.5707963268e+00 -4.3166454011e-01
3.4013992949e-05 1.5054349385e+04 1.5707963268e+00 -4.3458131895e-01
3.4243088208e-05 1.5056464520e+04 1.5707963268e+00 -4.3749728383e-01
3.4472137303e-05 1.5058594534e+04 1.5707963268e+00 -4.4041242932e-01
3.4701139941e-05 1.5060739436e+04 1.5707963268e+00 -4.4332675001e-01
3.4930095831e-05 1.5062899235e+04 1.5707963268e+00 -4.4624024048e-01
3.5159004680e-05 1.5065073942e+04 1.5707963268e+00 -4.4915289533e-01
3.5387866195e-05 1.5067263567e+04 1.5707963268e+00 -4.5206470915e-01
3.5616680087e-05 1.5069468118e+04 1.5707963268e+00 -4.5497567654e-01
3.5845446065e-05 1.5071687606e+04 1.5707963268e+00 -4.5788579210e-01
3.6074163837e-05 1.5073922041e+04 1.5707963268e+00 -4.6079505043e-01
3.6302833114e-05 1.5076171433e+04 1.5707963268e+00 -4.6370344615e-01
3.6531453607e-05 1.5078435791e+04 1.5707963268e+00 -4.6661097386e-01
3.6760025026e-05 1.5080715127e+04 1.5707963268e+00 -4.6951762818e-01
3.6988547084e-05 1.5083009450e+04 1.5707963268e+00 -4.7242340373e-01
3.7217019492e-05 1.5085318770e+04 1.5707963268e+00 -4.7532829514e-01
3.7445441961e-05 1.5087643098e+04 1.5707963268e+00 -4.7823229702e-01
3.7673814206e-05 1.5089982444e+04 1.5707963268e+00 -4.8113540401e-01
3.7902135940e-05 1.5092336818e+04 1.5707963268e+00 -4.8403761075e-01
3.8130406875e-05 1.5094706230e+04 1.5707963268e+00 -4.8693891187e-01
3.8358626727e-05 1.5097090692e+04 1.5707963268e+00 -4.8983930201e-01
3.8586795210e-05 1.5099490213e+04 1.5707963268e+00 -4.9273877582e-01
3.8814912039e-05 1.5101904805e+04 1.5707963268e+00 -4.9563732795e-01
3.9042976930e-05 1.5104334477e+04 1.5707963268e+00 -4.9853495306e-01
3.9270989599e-05 1.5106779240e+04 1.5707963268e+00 -5.0143164579e-01
3.9498949762e-05 1.5109239105e+04 1.5707963268e+00 -5.0432740082e-01
3.9726857137e-05 1.5111714084e+04 1.5707963268e+00 -5.0722221280e-01
3.9954711441e-05 1.5114204185e+04 1.5707963268e+00 -5.1011607641e-01
4.0182512392e-05 1.5116709421e+04 1.5707963268e+00 -5.1300898632e-01
4.0410259709e-05 1.5119229803e+04 1.5707963268e+00 -5.1590093721e-01
4.0637953111e-05 1.5121765340e+04 1.5707963268e+00 -5.1879192376e-01
4.0865592317e-05 1.5124316045e+04 1.5707963268e+00 -5.2168194066e-01
4.1093177047e-05 1.5126881927e+04 1.5707963268e+00 -5.2457098260e-01
4.1320707022e-05 1.5129462999e+04 1.5707963268e+00 -5.2745904426e-01
4.1548181963e-05 1.5132059272e+04 1.5707963268e+00 -5.3034612036e-01
4.1775601592e-05 1.5134670756e+04 1.5707963268e+00 -5.3323220559e-01
4.2002965630e-05 1.5137297462e+04 1.5707963268e+00 -5.3611729467e-01
4.2230273800e-05 1.5139939402e+04 1.5707963268e+00 -5.3900138229e-01
4.2457525825e-05 1.5142596588e+04 1.5707963268e+00 -5.4188446319e-01
4.2684721429e-05 1.5145269030e+04 1.5707963268e+00 -5.4476653208e-01
4.2911860335e-05 1.5147956740e+04 1.5707963268e+00 -5.4764758368e-01
4.3138942270e-05 1.5150659730e+04 1.5707963268e+00 -5.5052761273e-01
4.3365966957e-05 1.5153378010e+04 1.5707963268e+00 -5.5340661395e-01
4.3592934122e-05 1.5156111592e+04 1.5707963268e+00 -5.5628458210e-01
4.3819843492e-05 1.5158860488e+04 1.5707963268e+00 -5.5916151191e-01
4.4046694793e-05 1.5161624710e+04 1.5707963268e+00 -5.6203739813e-01
4.4273487753e-05 1.5164404269e+04 1.5707963268e+00 -5.6491223551e-01
4.4500222099e-05 1.5167199176e+04 1.5707963268e+00 -5.6778601881e-01
4.4726897561e-05 1.5170009444e+04 1.5707963268e+00 -5.7065874280e-01
4.4953513866e-05 1.5172835084e+04 1.5707963268e+00 -5.7353040223e-01
4.5180070744e-05 1.5175676109e+04 1.5707963268e+00 -5.7640099189e-01
4.5406567926e-05 1.5178532528e+04 1.5707963268e+00 -5.7927050654e-01
4.5633005142e-05 1.5181404356e+04 1.5707963268e+00 -5.8213894097e-01
4.5859382122e-05 1.5184291603e+04 1.5707963268e+00 -5.8500628997e-01
4.6085698600e-05 1.5187194282e+04 1.5707963268e+00 -5.8787254833e-01
4.6311954306e-05 1.5190112405e+04 1.5707963268e+00 -5.9073771084e-01
4.6538148974e-05 1.5193045982e+04 1.5707963268e+00 -5.9360177230e-01
4.6764282337e-05 1.5195995028e+04 1.5707963268e+00 -5.9646472753e-01
4.6990354129e-05 1.5198959554e+04 1.5707963268e+00 -5.9932657132e-01
4.7216364085e-05 1.5201939571e+04 1.5707963268e+00 -6.0218729851e-01
4.7442311940e-05 1.5204935092e+04 1.5707963268e+00 -6.0504690391e-01
4.7668197428e-05 1.5207946130e+04 1.5707963268e+00 -6.0790538234e-01
4.7894020288e-05 1.5210972696e+04 1.5707963268e+00 -6.1076272865e-01
4.8119780255e-05 1.5214014804e+04 1.5707963268e+00 -6.1361893766e-01
4.8345477066e-05 1.5217072464e+04 1.5707963268e+00 -6.1647400421e-01
4.8571110460e-05 1.5220145690e+04 1.5707963268e+00 -6.1932792317e-01
4.8796680176e-05 1.5223234494e+04 1.5707963268e+00 -6.2218068938e-01
4.9022185952e-05 1.5226338889e+04 1.5707963268e+00 -6.2503229769e-01
4.9247627528e-05 1.5229458886e+04 1.5707963268e+00 -6.2788274298e-01
4.9473004645e-05 1.5232594499e+04 1.5707963268e+00 -6.3073202011e-01
4.9698317043e-05 1.5235745740e+04 1.5707963268e+00 -6.3358012396e-01
4.9923564464e-05 1.5238912621e+04 1.5707963268e+00 -6.3642704940e-01
5.0148746651e-05 1.5242095156e+04 1.5707963268e+00 -6.3927279133e-01
5.0373863345e-05 1.5245293356e+04 1.5707963268e+00 -6.4211734464e-01
5.0598914291e-05 1.5248507235e+04 1.5707963268e+00 -6.4496070422e-01
5.0823899232e-05 1.5251736805e+04 1.5707963268e+00 -6.4780286497e-01
5.1048817912e-05 1.5254982079e+04 1.5707963268e+00 -6.5064382181e-01
5.1273670078e-05 1.5258243070e+04 1.5707963268e+00 -6.5348356965e-01
5.1498455475e-05 1.5261519790e+04 1.5707963268e+00 -6.5632210340e-01
5.1723173848e-05 1.5264812252e+04 1.5707963268e+00 -6.5915941801e-01
5.1947824946e-05 1.5268120470e+04 1.5707963268e+00 -6.6199550838e-01
5.2172408516e-05 1.5271444456e+04 1.5707963268e+00 -6.6483036948e-01
5.2396924306e-05 1.5274784223e+04 1.5707963268e+00 -6.6766399623e-01
5.2621372066e-05 1.5278139784e+04 1.5707963268e+00 -6.7049638359e-01
5.2845751544e-05 1.5281511152e+04 1.5707963268e+00 -6.7332752651e-01
5.3070062491e-05 1.5284898340e+04 1.5707963268e+00 -6.7615741996e-01
5.3294304657e-05 1.5288301361e+04 1.5707963268e+00 -6.7898605890e-01
5.3518477795e-05 1.5291720229e+04 1.5707963268e+00 -6.8181343831e-01
5.3742581656e-05 1.5295154955e+04 1.5707963268e+00 -6.8463955316e-01
5.3966615993e-05 1.5298605554e+04 1.5707963268e+00 -6.8746439845e-01
5.4190580560e-05 1.5302072039e+04 1.5707963268e+00 -6.9028796917e-01
5.4414475109e-05 1.5305554422e+04 1.5707963268e+00 -6.9311026030e-01
5.4638299397e-05 1.5309052718e+04 1.5707963268e+00 -6.9593126687e-01
5.4862053179e-05 1.5312566938e+04 1.5707963268e+00 -6.9875098388e-01
5.5085736209e-05 1.5316097097e+04 1.5707963268e+00 -7.0156940634e-01
5.5309348246e-05 1.5319643208e+04 1.5707963268e+00 -7.0438652929e-01
5.5532889046e-05 1.5323205284e+04 1.5707963268e+00 -7.0720234775e-01
5.5756358368e-05 1.5326783338e+04 1.5707963268e+00 -7.1001685675e-01
5.5979755969e-05 1.5330377384e+04 1.5707963268e+00 -7.1283005135e-01
5.6203081609e-05 1.5333987436e+04 1.5707963268e+00 -7.1564192660e-01
5.6426335049e-05 1.5337613506e+04 1.5707963268e+00 -7.1845247754e-01
5.6649516049e-05 1.5341255608e+04 1.5707963268e+00 -7.2126169924e-01
5.6872624369e-05 1.5344913756e+04 1.5707963268e+00 -7.2406958678e-01
5.7095659773e-05 1.5348587962e+04 1.5707963268e+00 -7.2687613523e-01
5.7318622022e-05 1.5352278242e+04 1.5707963268e+00 -7.2968133967e-01
5.7541510880e-05 1.5355984607e+04 1.5707963268e+00 -7.3248519519e-01
5.7764326111e-05 1.5359707072e+04 1.5707963268e+00 -7.3528769689e-01
5.7987067480e-05 1.5363445650e+04 1.5707963268e+00 -7.3808883988e-01
5.8209734752e-05 1.5367200355e+04 1.5707963268e+00 -7.4088861926e-01
5.8432327693e-05 1.5370971201e+04 1.5707963268e+00 -7.4368703015e-01
5.8654846070e-05 1.5374758200e+04 1.5707963268e+00 -7.4648406768e-01
5.8877289650e-05 1.5378561368e+04 1.5707963268e+00 -7.4927972697e-01
5.9099658201e-05 1.5382380716e+04 1.5707963268e+00 -7.5207400318e-01
5.9321951493e-05 1.5386216260e+04 1.5707963268e+00 -7.5486689143e-01
5.9544169294e-05 1.5390068013e+04 1.5707963268e+00 -7.5765838690e-01
5.9766311375e-05 1.5393935988e+04 1.5707963268e+00 -7.6044848473e-01
5.9988377507e-05 1.5397820200e+04 1.5707963268e+00 -7.6323718009e-01
6.0210367462e-05 1.5401720661e+04 1.5707963268e+00 -7.6602446816e-01
6.0432281011e-05 1.5405637387e+04 1.5707963268e+00 -7.6881034412e-01
6.0654117928e-05 1.5409570390e+04 1.5707963268e+00 -7.7159480315e-01
6.0875877987e-05 1.5413519685e+04 1.5707963268e+00 -7.7437784047e-01
6.1097560961e-05 1.5417485285e+04 1.5707963268e+00 -7.7715945126e-01
6.1319166627e-05 1.5421467205e+04 1.5707963268e+00 -7.7993963074e-01
6.1540694760e-05 1.5425465457e+04 1.5707963268e+00 -7.8271837414e-01
6.1762145136e-05 1.5429480057e+04 1.5707963268e+00 -7.8549567666e-01
6.1983517533e-05 1.5433511017e+04 1.5707963268e+00 -7.8827153356e-01
6.2204811729e-05 1.5437558352e+04 1.5707963268e+00 -7.9104594008e-01
6.2426027503e-05 1.5441622076e+04 1.5707963268e+00 -7.9381889145e-01
6.2647164635e-05 1.5445702203e+04 1.5707963268e+00 -7.9659038294e-01
6.2868222903e-05 1.5449798746e+04 1.5707963268e+00 -7.9936040981e-01
6.3089202090e-05 1.5453911720e+04 1.5707963268e+00 -8.0212896733e-01
6.3310101977e-05 1.5458041139e+04 1.5707963268e+00 -8.0489605080e-01
6.3530922346e-05 1.5462187016e+04 1.5707963268e+00 -8.0766165548e-01
6.3751662981e-05 1.5466349366e+04 1.5707963268e+00 -8.1042577668e-01
6.3972323665e-05 1.5470528202e+04 1.5707963268e+00 -8.1318840971e-01
6.4192904183e-05 1.5474723539e+04 1.5707963268e+00 -8.1594954987e-01
6.4413404321e-05 1.5478935391e+04 1.5707963268e+00 -8.1870919248e-01
6.4633823864e-05 1.5483163772e+04 1.5707963268e+00 -8.2146733288e-01
6.4854162599e-05 1.5487408695e+04 1.5707963268e+00 -8.2422396639e-01
6.5074420314e-05 1.5491670175e+04 1.5707963268e+00 -8.2697908837e-01
6.5294596797e-05 1.5495948227e+04 1.5707963268e+00 -8.2973269415e-01
6.5514691838e-05 1.5500242863e+04 1.5707963268e+00 -8.3248477912e-01
6.5734705225e-05 1.5504554098e+04 1.5707963268e+00 -8.3523533862e-01
6.5954636750e-05 1.5508881947e+04 1.5707963268e+00 -8.3798436805e-01
6.6174486204e-05 1.5513226423e+04 1.5707963268e+00 -8.4073186278e-01
6.6394253380e-05 1.5517587541e+04 1.5707963268e+00 -8.4347781820e-01
6.6613938069e-05 1.5521965314e+04 1.5707963268e+00 -8.4622222973e-01
6.6833540065e-05 1.5526359757e+04 1.5707963268e+00 -8.4896509277e-01
6.7053059164e-05 1.5530770884e+04 1.5707963268e+00 -8.5170640274e-01
6.7272495159e-05 1.5535198710e+04 1.5707963268e+00 -8.5444615506e-01
6.7491847847e-05 1.5539643247e+04 1.5707963268e+00 -8.5718434518e-01
6.7711117025e-05 1.5544104510e+04 1.5707963268e+00 -8.5992096853e-01
6.7930302489e-05 1.5548582515e+04 1.5707963268e+00 -8.6265602057e-01
6.8149404039e-05 1.5553077274e+04 1.5707963268e+00 -8.6538949677e-01
6.8368421473e-05 1.5557588801e+04 1.5707963268e+00 -8.6812139258e-01
6.8587354591e-05 1.5562117112e+04 1.5707963268e+00 -8.7085170350e-01
6.8806203192e-05 1.5566662220e+04 1.5707963268e+00 -8.7358042501e-01
6.9024967080e-05 1.5571224140e+04 1.5707963268e+00 -8.7630755261e-01
6.9243646055e-05 1.5575802885e+04 1.5707963268e+00 -8.7903308179e-01
6.9462239921e-05 1.5580398469e+04 1.5707963268e+00 -8.8175700809e-01
6.9680748480e-05 1.5585010908e+04 1.5707963268e+00 -8.8447932701e-01
6.9899171539e-05 1.5589640215e+04 1.5707963268e+00 -8.8720003410e-01
7.0117508901e-05 1.5594286404e+04 1.5707963268e+00 -8.8991912489e-01
7.0335760372e-05 1.5598949490e+04 1.5707963268e+00 -8.9263659494e-01
7.0553925760e-05 1.5603629486e+04 1.5707963268e+00 -8.9535243981e-01
7.0772004872e-05 1.5608326407e+04 1.5707963268e+00 -8.9806665506e-01
7.0989997516e-05 1.5613040268e+04 1.5707963268e+00 -9.0077923627e-01
7.1207903502e-05 1.5617771081e+04 1.5707963268e+00 -9.0349017903e-01
7.1425722639e-05 1.5622518862e+04 1.5707963268e+00 -9.0619947894e-01
7.1643454737e-05 1.5627283625e+04 1.5707963268e+00 -9.0890713160e-01
7.1861099610e-05 1.5632065383e+04 1.5707963268e+00 -9.1161313263e-01
7.2078657068e-05 1.5636864151e+04 1.5707963268e+00 -9.1431747766e-01
7.2296126925e-05 1.5641679944e+04 1.5707963268e+00 -9.1702016231e-01
7.2513508995e-05 1.5646512774e+04 1.5707963268e+00 -9.1972118223e-01
7.2730803092e-05 1.5651362657e+04 1.5707963268e+00 -9.2242053308e-01
7.2948009032e-05 1.5656229607e+04 1.5707963268e+00 -9.2511821051e-01
7.3165126631e-05 1.5661113638e+04 1.5707963268e+00 -9.2781421021e-01
7.3382155707e-05 1.5666014763e+04 1.5707963268e+00 -9.3050852784e-01
7.3599096077e-05 1.5670932997e+04 1.5707963268e+00 -9.3320115911e-01
7.3815947560e-05 1.5675868355e+04 1.5707963268e+00 -9.3589209972e-01
7.4032709976e-05 1.5680820850e+04 1.5707963268e+00 -9.3858134537e-01
7.4249383144e-05 1.5685790496e+04 1.5707963268e+00 -9.4126889179e-01
7.4465966886e-05 1.5690777308e+04 1.5707963268e+00 -9.4395473470e-01
7.4682461024e-05 1.5695781300e+04 1.5707963268e+00 -9.4663886986e-01
7.4898865381e-05 1.5700802485e+04 1.5707963268e+00 -9.4932129300e-01
7.5115179780e-05 1.5705840878e+04 1.5707963268e+00 -9.5200199990e-01
7.5331404045e-05 1.5710896493e+04 1.5707963268e+00 -9.5468098631e-01
7.5547538003e-05 1.5715969345e+04 1.5707963268e+00 -9.5735824803e-01
7.5763581478e-05 1.5721059446e+04 1.5707963268e+00 -9.6003378083e-01
7.5979534298e-05 1.5726166811e+04 1.5707963268e+00 -9.6270758053e-01
7.6195396290e-05 1.5731291455e+04 1.5707963268e+00 -9.6537964294e-01
7.6411167283e-05 1.5736433390e+04 1.5707963268e+00 -9.6804996386e-01
7.6626847106e-05 1.5741592632e+04 1.5707963268e+00 -9.7071853915e-01
7.6842435590e-05 1.5746769194e+04 1.5707963268e+00 -9.7338536463e-01
7.7057932565e-05 1.5751963091e+04 1.5707963268e+00 -9.7605043616e-01
7.7273337862e-05 1.5757174335e+04 1.5707963268e+00 -9.7871374960e-01
7.7488651316e-05 1.5762402942e+04 1.5707963268e+00 -9.8137530082e-01
7.7703872758e-05 1.5767648925e+04 1.5707963268e+00 -9.8403508572e-01
7.7919002024e-05 1.5772912298e+04 1.5707963268e+00 -9.8669310017e-01
7.8134038948e-05 1.5778193075e+04 1.5707963268e+00 -9.8934934009e-01
7.8348983366e-05 1.5783491270e+04 1.5707963268e+00 -9.9200380139e-01
7.8563835115e-05 1.5788806897e+04 1.5707963268e+00 -9.9465647999e-01
7.8778594033e-05 1.5794139970e+04 1.5707963268e+00 -9.9730737184e-01
7.8993259958e-05 1.5799490502e+04 1.5707963268e+00 -9.9995647287e-01
7.9207832730e-05 1.5804858507e+04 1.5707963268e+00 -1.0026037790e+00
7.9422312187e-05 1.5810244000e+04 1.5707963268e+00 -1.0052492863e+00
7.9636698172e-05 1.5815646994e+04 1.5707963268e+00 -1.0078929907e+00
7.9850990526e-05 1.5821067503e+04 1.5707963268e+00 -1.0105348882e+00
8.0065189092e-05 1.5826505541e+04 1.5707963268e+00 -1.0131749747e+00
8.0279293712e-05 1.5831961121e+04 1.5707963268e+00 -1.0158132464e+00
8.0493304232e-05 1.5837434258e+04 1.5707963268e+00 -1.0184496991e+00
8.0707220497e-05 1.5842924964e+04 1.5707963268e+00 -1.0210843290e+00
8.0921042351e-05 1.5848433254e+04 1.5707963268e+00 -1.0237171321e+00
8.1134769643e-05 1.5853959142e+04 1.5707963268e+00 -1.0263481044e+00
8.1348402220e-05 1.5859502640e+04 1.5707963268e+00 -1.0289772421e+00
8.1561939930e-05 1.5865063763e+04 1.5707963268e+00 -1.0316045411e+00
8.1775382622e-05 1.5870642525e+04 1.5707963268e+00 -1.0342299976e+00
8.1988730147e-05 1.5876238939e+04 1.5707963268e+00 -1.0368536077e+00
8.2201982356e-05 1.5881853018e+04 1.5707963268e+00 -1.0394753675e+00
8.2415139101e-05 1.5887484776e+04 1.5707963268e+00 -1.0420952731e+00
8.2628200234e-05 1.5893134227e+04 1.5707963268e+00 -1.0447133206e+00
8.2841165608e-05 1.5898801384e+04 1.5707963268e+00 -1.0473295063e+00
8.3054035079e-05 1.5904486261e+04 1.5707963268e+00 -1.0499438261e+00
8.3266808501e-05 1.5910188871e+04 1.5707963268e+00 -1.0525562764e+00
8.3479485731e-05 1.5915909227e+04 1.5707963268e+00 -1.0551668533e+00
8.3692066625e-05 1.5921647344e+04 1.5707963268e+00 -1.0577755530e+00
8.3904551041e-05 1.5927403234e+04 1.5707963268e+00 -1.0603823716e+00
8.4116938839e-05 1.5933176911e+04 1.5707963268e+00 -1.0629873055e+00
8.4329229876e-05 1.5938968389e+04 1.5707963268e+00 -1.0655903508e+00
8.4541424014e-05 1.5944777680e+04 1.5707963268e+00 -1.0681915037e+00
8.4753521114e-05 1.5950604797e+04 1.5707963268e+00 -1.0707907606e+00
8.4965521038e-05 1.5956449755e+04 1.5707963268e+00 -1.0733881176e+00
8.5177423649e-05 1.5962312566e+04 1.5707963268e+00 -1.0759835711e+00
8.5389228811e-05 1.5968193244e+04 1.5707963268e+00 -1.0785771173e+00
8.5600936387e-05 1.5974091802e+04 1.5707963268e+00 -1.0811687525e+00
8.5812546244e-05 1.5980008253e+04 1.5707963268e+00 -1.0837584730e+00
8.6024058248e-05 1.5985942609e+04 1.5707963268e+00 -1.0863462752e+00
8.6235472266e-05 1.5991894885e+04 1.5707963268e+00 -1.0889321554e+00
8.6446788166e-05 1.5997865094e+04 1.5707963268e+00 -1.0915161099e+00
8.6658005817e-05 1.6003853248e+04 1.5707963268e+00 -1.0940981351e+00
8.6869125089e-05 1.6009859360e+04 1.5707963268e+00 -1.0966782273e+00
8.7080145852e-05 1.6015883443e+04 1.5707963268e+00 -1.0992563830e+00
8.7291067977e-05 1.6021925511e+04 1.5707963268e+00 -1.1018325984e+00
8.7501891338e-05 1.6027985577e+04 1.5707963268e+00 -1.1044068701e+00
8.7712615807e-05 1.6034063652e+04 1.5707963268e+00 -1.1069791945e+00
8.7923241257e-05 1.6040159751e+04 1.5707963268e+00 -1.1095495678e+00
8.8133767565e-05 1.6046273885e+04 1.5707963268e+00 -1.1121179867e+00
8.8344194605e-05 1.6052406068e+04 1.5707963268e+00 -1.1146844476e+00
8.8554522255e-05 1.6058556313e+04 1.5707963268e+00 -1.1172489469e+00
8.8764750392e-05 1.6064724632e+04 1.5707963268e+00 -1.1198114811e+00
8.8974878893e-05 1.6070911038e+04 1.5707963268e+00 -1.1223720466e+00
8.9184907639e-05 1.6077115544e+04 1.5707963268e+00 -1.1249306401e+00
8.9394836508e-05 1.6083338162e+04 1.5707963268e+00 -1.1274872579e+00
8.9604665383e-05 1.6089578904e+04 1.5707963268e+00 -1.1300418967e+00
8.9814394145e-05 1.6095837784e+04 1.5707963268e+00 -1.1325945530e+00
9.0024022676e-05 1.6102114815e+04 1.5707963268e+00 -1.1351452233e+00
9.0233550860e-05 1.6108410007e+04 1.5707963268e+00 -1.1376939041e+00
9.0442978581e-05 1.6114723375e+04 1.5707963268e+00 -1.1402405922e+00
9.0652305724e-05 1.6121054930e+04 1.5707963268e+00 -1.1427852840e+00
9.0861532175e-05 1.6127404685e+04 1.5707963268e+00 -1.1453279761e+00
9.1070657822e-05 1.6133772652e+04 1.5707963268e+00 -1.1478686652e+00
9.1279682551e-05 1.6140158843e+04 1.5707963268e+00 -1.1504073479e+00
9.1488606252e-05 1.6146563271e+04 1.5707963268e+00 -1.1529440209e+00
9.1697428814e-05 1.6152985948e+04 1.5707963268e+00 -1.1554786807e+00
9.1906150127e-05 1.6159426886e+04 1.5707963268e+00 -1.1580113242e+00
9.2114770083e-05 1.6165886098e+04 1.5707963268e+00 -1.1605419478e+00
9.2323288573e-05 1.6172363595e+04 1.5707963268e+00 -1.1630705484e+00
9.2531705490e-05 1.6178859389e+04 1.5707963268e+00 -1.1655971226e+00
9.2740020729e-05 1.6185373493e+04 1.5707963268e+00 -1.1681216671e+00
9.2948234183e-05 1.6191905919e+04 1.5707963268e+00 -1.1706441788e+00
9.3156345748e-05 1.6198456678e+04 1.5707963268e+00 -1.1731646542e+00
9.3364355321e-05 1.6205025783e+04 1.5707963268e+00 -1.1756830903e+00
9.3572262799e-05 1.6211613245e+04 1.5707963268e+00 -1.1781994837e+00
9.3780068079e-05 1.6218219077e+04 1.5707963268e+00 -1.1807138312e+00
9.3987771061e-05 1.6224843289e+04 1.5707963268e+00 -1.1832261297e+00
9.4195371644e-05 1.6231485894e+04 1.5707963268e+00 -1.1857363759e+00
9.4402869729e-05 1.6238146904e+04 1.5707963268e+00 -1.1882445667e+00
9.4610265217e-05 1.6244826329e+04 1.5707963268e+00 -1.1907506988e+00
9.4817558011e-05 1.6251524183e+04 1.5707963268e+00 -1.1932547692e+00
9.5024748014e-05 1.6258240476e+04 1.5707963268e+00 -1.1957567748e+00
9.5231835130e-05 1.6264975220e+04 1.5707963268e+00 -1.1982567123e+00
9.5438819264e-05 1.6271728426e+04 1.5707963268e+00 -1.2007545786e+00
9.5645700321e-05 1.6278500106e+04 1.5707963268e+00 -1.2032503708e+00
9.5852478208e-05 1.6285290271e+04 1.5707963268e+00 -1.2057440856e+00
9.6059152833e-05 1.6292098933e+04 1.5707963268e+00 -1.2082357201e+00
9.6265724104e-05 1.6298926103e+04 1.5707963268e+00 -1.2107252711e+00
9.6472191929e-05 1.6305771793e+04 1.5707963268e+00 -1.2132127357e+00
9.6678556220e-05 1.6312636012e+04 1.5707963268e+00 -1.2156981107e+00
9.6884816886e-05 1.6319518773e+04 1.5707963268e+00 -1.2181813932e+00
9.7090973840e-05 1.6326420087e+04 1.5707963268e+00 -1.2206625802e+00
9.7297026994e-05 1.6333339965e+04 1.5707963268e+00 -1.2231416686e+00
9.7502976261e-05 1.6340278418e+04 1.5707963268e+00 -1.2256186556e+00
9.7708821556e-05 1.6347235457e+04 1.5707963268e+00 -1.2280935381e+00
9.7914562795e-05 1.6354211092e+04 1.5707963268e+00 -1.2305663131e+00
9.8120199891e-05 1.6361205335e+04 1.5707963268e+00 -1.2330369779e+00
9.8325732764e-05 1.6368218197e+04 1.5707963268e+00 -1.2355055293e+00
9.8531161329e-05 1.6375249688e+04 1.5707963268e+00 -1.2379719646e+00
9.8736485507e-05 1.6382299819e+04 1.5707963268e+00 -1.2404362808e+00
9.8941705215e-05 1.6389368601e+04 1.5707963268e+00 -1.2428984750e+00
9.9146820375e-05 1.6396456044e+04 1.5707963268e+00 -1.2453585445e+00
9.9351830907e-05 1.6403562159e+04 1.5707963268e+00 -1.2478164862e+00
9.9556736734e-05 1.6410686957e+04 1.5707963268e+00 -1.2502722975e+00
9.9761537777e-05 1.6417830448e+04 1.5707963268e+00 -1.2527259754e+00
9.9966233960e-05 1.6424992642e+04 1.5707963268e+00 -1.2551775171e+00
1.0017082521e-04 1.6432173551e+04 1.5707963268e+00 -1.2576269199e+00
1.0037531145e-04 1.6439373183e+04 1.5707963268e+00 -1.2600741810e+00
1.0057969260e-04 1.6446591550e+04 1.5707963268e+00 -1.2625192976e+00
1.0078396860e-04 1.6453828662e+04 1.5707963268e+00 -1.2649622670e+00
1.0098813937e-04 1.6461084529e+04 1.5707963268e+00 -1.2674030863e+00
1.0119220484e-04 1.6468359161e+04 1.5707963268e+00 -1.2698417529e+00
1.0139616494e-04 1.6475652568e+04 1.5707963268e+00 -1.2722782641e+00
1.0160001959e-04 1.6482964760e+04 1.5707963268e+00 -1.2747126172e+00
1.0180376874e-04 1.6490295747e+04 1.5707963268e+00 -1.2771448094e+00
1.0200741231e-04 1.6497645539e+04 1.5707963268e+00 -1.2795748381e+00
1.0221095023e-04 1.6505014147e+04 1.5707963268e+00 -1.2820027007e+00
1.0241438245e-04 1.6512401579e+04 1.5707963268e+00 -1.2844283945e+00
1.0261770888e-04 1.6519807845e+04 1.5707963268e+00 -1.2868519169e+00
1.0282092948e-04 1.6527232956e+04 1.5707963268e+00 -1.2892732653e+00
1.0302404417e-04 1.6534676920e+04 1.5707963268e+00 -1.2916924370e+00
1.0322705289e-04 1.6542139748e+04 1.5707963268e+00 -1.2941094295e+00
1.0342995558e-04 1.6549621449e+04 1.5707963268e+00 -1.2965242402e+00
1.0363275217e-04 1.6557122032e+04 1.5707963268e+00 -1.2989368665e+00
1.0383544262e-04 1.6564641506e+04 1.5707963268e+00 -1.3013473060e+00
1.0403802685e-04 1.6572179883e+04 1.5707963268e+00 -1.3037555561e+00
1.0424050481e-04 1.6579737169e+04 1.5707963268e+00 -1.3061616142e+00
1.0444287645e-04 1.6587313375e+04 1.5707963268e+00 -1.3085654779e+00
1.0464514169e-04 1.6594908510e+04 1.5707963268e+00 -1.3109671446e+00
1.0484730049e-04 1.6602522583e+04 1.5707963268e+00 -1.3133666120e+00
1.0504935280e-04 1.6610155603e+04 1.5707963268e+00 -1.3157638775e+00
1.0525129855e-04 1.6617807580e+04 1.5707963268e+00 -1.3181589388e+00
1.0545313769e-04 1.6625478521e+04 1.5707963268e+00 -1.3205517933e+00
1.0565487017e-04 1.6633168436e+04 1.5707963268e+00 -1.3229424387e+00
1.0585649594e-04 1.6640877334e+04 1.5707963268e+00 -1.3253308726e+00
1.0605801494e-04 1.6648605223e+04 1.5707963268e+00 -1.3277170925e+00
1.0625942713e-04 1.6656352113e+04 1.5707963268e+00 -1.3301010962e+00
1.0646073245e-04 1.6664118012e+04 1.5707963268e+00 -1.3324828812e+00
1.0666193086e-04 1.6671902928e+04 1.5707963268e+00 -1.3348624453e+00
1.0686302231e-04 1.6679706870e+04 1.5707963268e+00 -1.3372397860e+00
1.0706400674e-04 1.6687529847e+04 1.5707963268e+00 -1.3396149012e+00
1.0726488412e-04 1.6695371866e+04 1.5707963268e+00 -1.3419877884e+00
1.0746565440e-04 1.6703232937e+04 1.5707963268e+00 -1.3443584454e+00
1.0766631753e-04 1.6711113067e+04 1.5707963268e+00 -1.3467268700e+00
1.0786687346e-04 1.6719012265e+04 1.5707963268e+00 -1.3490930598e+00
1.0806732216e-04 1.6726930539e+04 1.5707963268e+00 -1.3514570127e+00
1.0826766359e-04 1.6734867898e+04 1.5707963268e+00 -1.3538187264e+00
1.0846789769e-04 1.6742824348e+04 1.5707963268e+00 -1.3561781987e+00
1.0866802443e-04 1.6750799898e+04 1.5707963268e+00 -1.3585354275e+00
1.0886804377e-04 1.6758794556e+04 1.5707963268e+00 -1.3608904105e+00
1.0906795567e-04 1.6766808330e+04 1.5707963268e+00 -1.3632431455e+00
1.0926776009e-04 1.6774841228e+04 1.5707963268e+00 -1.3655936305e+00
1.0946745699e-04 1.6782893257e+04 1.5707963268e+00 -1.3679418633e+00
1.0966704634e-04 1.6790964424e+04 1.5707963268e+00 -1.3702878417e+00
1.0986652809e-04 1.6799054739e+04 1.5707963268e+00 -1.3726315637e+00
1.1006590222e-04 1.6807164208e+04 1.5707963268e+00 -1.3749730271e+00
1.1026516869e-04 1.6815292838e+04 1.5707963268e+00 -1.3773122300e+00
1.1046432747e-04 1.6823440637e+04 1.5707963268e+00 -1.3796491702e+00
1.1066337851e-04 1.6831607612e+04 1.5707963268e+00 -1.3819838457e+00
1.1086232180e-04 1.6839793771e+04 1.5707963268e+00 -1.3843162544e+00
1.1106115729e-04 1.6847999121e+04 1.5707963268e+00 -1.3866463944e+00
1.1125988496e-04 1.6856223669e+04 1.5707963268e+00 -1.3889742636e+00
1.1145850478e-04 1.6864467422e+04 1.5707963268e+00 -1.3912998600e+00
1.1165701672e-04 1.6872730386e+04 1.5707963268e+00 -1.3936231817e+00
1.1185542074e-04 1.6881012570e+04 1.5707963268e+00 -1.3959442268e+00
1.1205371683e-04 1.6889313980e+04 1.5707963268e+00 -1.3982629932e+00
1.1225190495e-04 1.6897634622e+04 1.5707963268e+00 -1.4005794790e+00
1.1244998508e-04 1.6905974503e+04 1.5707963268e+00 -1.4028936824e+00
1.1264795720e-04 1.6914333631e+04 1.5707963268e+00 -1.4052056014e+00
1.1284582127e-04 1.6922712011e+04 1.5707963268e+00 -1.4075152342e+00
1.1304357728e-04 1.6931109651e+04 1.5707963268e+00 -1.4098225789e+00
1.1324122520e-04 1.6939526556e+04 1.5707963268e+00 -1.4121276336e+00
1.1343876501e-04 1.6947962733e+04 1.5707963268e+00 -1.4144303964e+00
1.1363619668e-04 1.6956418189e+04 1.5707963268e+00 -1.4167308657e+00
1.1383352021e-04 1.6964892929e+04 1.5707963268e+00 -1.4190290395e+00
1.1403073556e-04 1.6973386961e+04 1.5707963268e+00 -1.4213249161e+00
1.1422784272e-04 1.6981900289e+04 1.5707963268e+00 -1.4236184937e+00
1.1442484167e-04 1.6990432920e+04 1.5707963268e+00 -1.4259097704e+00
1.1462173239e-04 1.6998984861e+04 1.5707963268e+00 -1.4281987447e+00
1.1481851486e-04 1.7007556116e+04 1.5707963268e+00 -1.4304854147e+00
1.1501518907e-04 1.7016146693e+04 1.5707963268e+00 -1.4327697787e+00
1.1521175501e-04 1.7024756596e+04 1.5707963268e+00 -1.4350518351e+00
1.1540821265e-04 1.7033385831e+04 1.5707963268e+00 -1.4373315821e+00
1.1560456199e-04 1.7042034405e+04 1.5707963268e+00 -1.4396090180e+00
1.1580080300e-04 1.7050702322e+04 1.5707963268e+00 -1.4418841413e+00
1.1599693569e-04 1.7059389588e+04 1.5707963268e+00 -1.4441569501e+00
1.1619296003e-04 1.7068096208e+04 1.5707963268e+00 -1.4464274431e+00
1.1638887602e-04 1.7076822189e+04 1.5707963268e+00 -1.4486956184e+00
1.1658468364e-04 1.7085567535e+04 1.5707963268e+00 -1.4509614745e+00
1.1678038288e-04 1.7094332251e+04 1.5707963268e+00 -1.4532250099e+00
1.1697597375e-04 1.7103116343e+04 1.5707963268e+00 -1.4554862229e+00
1.1717145622e-04 1.7111919816e+04 1.5707963268e+00 -1.4577451121e+00
1.1736683029e-04 1.7120742674e+04 1.5707963268e+00 -1.4600016758e+00
1.1756209595e-04 1.7129584923e+04 1.5707963268e+00 -1.4622559125e+00
1.1775725321e-04 1.7138446567e+04 1.5707963268e+00 -1.4645078208e+00
1.1795230204e-04 1.7147327612e+04 1.5707963268e+00 -1.4667573991e+00
1.1814724246e-04 1.7156228062e+04 1.5707963268e+00 -1.4690046460e+00
1.1834207445e-04 1.7165147922e+04 1.5707963268e+00 -1.4712495600e+00
1.1853679801e-04 1.7174087195e+04 1.5707963268e+00 -1.4734921396e+00
1.1873141314e-04 1.7183045888e+04 1.5707963268e+00 -1.4757323835e+00
1.1892591984e-04 1.7192024004e+04 1.5707963268e+00 -1.4779702901e+00
1.1912031810e-04 1.7201021547e+04 1.5707963268e+00 -1.4802058582e+00
1.1931460793e-04 1.7210038523e+04 1.5707963268e+00 -1.4824390862e+00
1.1950878933e-04 1.7219074934e+04 1.5707963268e+00 -1.4846699729e+00
1.1970286230e-04 1.7228130786e+04 1.5707963268e+00 -1.4868985169e+00
1.1989682683e-04 1.7237206082e+04 1.5707963268e+00 -1.4891247168e+00
1.2009068294e-04 1.7246300827e+04 1.5707963268e+00 -1.4913485712e+00
1.2028443062e-04 1.7255415023e+04 1.5707963268e+00 -1.4935700790e+00
1.2047806988e-04 1.7264548676e+04 1.5707963268e+00 -1.4957892388e+00
1.2067160073e-04 1.7273701789e+04 1.5707963268e+00 -1.4980060492e+00
1.2086502317e-04 1.7282874366e+04 1.5707963268e+00 -1.5002205091e+00
1.2105833720e-04 1.7292066410e+04 1.5707963268e+00 -1.5024326172e+00
1.2125154284e-04 1.7301277925e+04 1.5707963268e+00 -1.5046423722e+00
1.2144464008e-04 1.7310508914e+04 1.5707963268e+00 -1.5068497730e+00
1.2163762894e-04 1.7319759380e+04 1.5707963268e+00 -1.5090548182e+00
1.2183050943e-04 1.7329029328e+04 1.5707963268e+00 -1.5112575068e+00
1.2202328156e-04 1.7338318761e+04 1.5707963268e+00 -1.5134578375e+00
1.2221594533e-04 1.7347627681e+04 1.5707963268e+00 -1.5156558092e+00
1.2240850076e-04 1.7356956091e+04 1.5707963268e+00 -1.5178514207e+00
1.2260094786e-04 1.7366303996e+04 1.5707963268e+00 -1.5200446709e+00
1.2279328664e-04 1.7375671397e+04 1.5707963268e+00 -1.5222355587e+00
1.2298551712e-04 1.7385058298e+04 1.5707963268e+00 -1.5244240829e+00
1.2317763930e-04 1.7394464701e+04 1.5707963268e+00 -1.5266102425e+00
1.2336965320e-04 1.7403890609e+04 1.5707963268e+00 -1.5287940364e+00
1.2356155884e-04 1.7413336025e+04 1.5707963268e+00 -1.5309754636e+00
1.2375335624e-04 1.7422800952e+04 1.5707963268e+00 -1.5331545229e+00
1.2394504540e-04 1.7432285392e+04 1.5707963268e+00 -1.5353312134e+00
1.2413662634e-04 1.7441789347e+04 1.5707963268e+00 -1.5375055341e+00
1.2432809909e-04 1.7451312820e+04 1.5707963268e+00 -1.5396774839e+00
1.2451946366e-04 1.7460855813e+04 1.5707963268e+00 -1.5418470619e+00
1.2471072007e-04 1.7470418328e+04 1.5707963268e+00 -1.5440142671e+00
1.2490186833e-04 1.7480000368e+04 1.5707963268e+00 -1.5461790985e+00
1.2509290848e-04 1.7489601935e+04 1.5707963268e+00 -1.5483415553e+00
1.2528384053e-04 1.7499223030e+04 1.5707963268e+00 -1.5505016364e+00
1.2547466449e-04 1.7508863655e+04 1.5707963268e+00 -1.5526593409e+00
1.2566538040e-04 1.7518523813e+04 1.5707963268e+00 -1.5548146681e+00
1.2585598828e-04 1.7528203505e+04 1.5707963268e+00 -1.5569676169e+00
1.2604648815e-04 1.7537902733e+04 1.5707963268e+00 -1.5591181865e+00
1.2623688002e-04 1.7547621499e+04 1.5707963268e+00 -1.5612663761e+00
1.2642716394e-04 1.7557359803e+04 1.5707963268e+00 -1.5634121848e+00
1.2661733992e-04 1.7567117647e+04 1.5707963268e+00 -1.5655556119e+00
1.2680740799e-04 1.7576895034e+04 1.5707963268e+00 -1.5676966564e+00
1.2699736817e-04 1.7586691964e+04 1.5707963268e+00 -1.5698353176e+00
1.2718722050e-04 1.7596508438e+04 1.5707963268e+00 -1.5719715948e+00
1.2737696499e-04 1.7606344457e+04 1.5707963268e+00 -1.5741054871e+00
1.2756660168e-04 1.7616200024e+04 1.5707963268e+00 -1.5762369938e+00
1.2775613060e-04 1.7626075138e+04 1.5707963268e+00 -1.5783661143e+00
1.2794555178e-04 1.7635969800e+04 1.5707963268e+00 -1.5804928476e+00
1.2813486525e-04 1.7645884013e+04 1.5707963268e+00 -1.5826171932e+00
1.2832407103e-04 1.7655817775e+04 1.5707963268e+00 -1.5847391504e+00
1.2851316916e-04 1.7665771088e+04 1.5707963268e+00 -1.5868587185e+00
1.2870215967e-04 1.7675743953e+04 1.5707963268e+00 -1.5889758968e+00
1.2889104259e-04 1.7685736370e+04 1.5707963268e+00 -1.5910906846e+00
1.2907981796e-04 1.7695748340e+04 1.5707963268e+00 -1.5932030815e+00
1.2926848582e-04 1.7705779863e+04 1.5707963268e+00 -1.5953130866e+00
1.2945704618e-04 1.7715830939e+04 1.5707963268e+00 -1.5974206995e+00
1.2964549910e-04 1.7725901569e+04 1.5707963268e+00 -1.5995259195e+00
1.2983384460e-04 1.7735991753e+04 1.5707963268e+00 -1.6016287460e+00
1.3002208272e-04 1.7746101491e+04 1.5707963268e+00 -1.6037291786e+00
1.3021021350e-04 1.7756230782e+04 1.5707963268e+00 -1.6058272166e+00
1.3039823698e-04 1.7766379628e+04 1.5707963268e+00 -1.6079228595e+00
1.3058615319e-04 1.7776548027e+04 1.5707963268e+00 -1.6100161069e+00
1.3077396217e-04 1.7786735980e+04 1.5707963268e+00 -1.6121069581e+00
1.3096166396e-04 1.7796943486e+04 1.5707963268e+00 -1.6141954128e+00
1.3114925861e-04 1.7807170545e+04 1.5707963268e+00 -1.6162814704e+00
1.3133674614e-04 1.7817417156e+04 1.5707963268e+00 -1.6183651304e+00
1.3152412660e-04 1.7827683320e+04 1.5707963268e+00 -1.6204463926e+00
1.3171140004e-04 1.7837969034e+04 1.5707963268e+00 -1.6225252563e+00
1.3189856649e-04 1.7848274300e+04 1.5707963268e+00 -1.6246017212e+00
1.3208562600e-04 1.7858599116e+04 1.5707963268e+00 -1.6266757869e+00
1.3227257861e-04 1.7868943480e+04 1.5707963268e+00 -1.6287474531e+00
1.3245942436e-04 1.7879307393e+04 1.5707963268e+00 -1.6308167192e+00
1.3264616330e-04 1.7889690854e+04 1.5707963268e+00 -1.6328835850e+00
1.3283279548e-04 1.7900093860e+04 1.5707963268e+00 -1.6349480501e+00
1.3301932093e-04 1.7910516412e+04 1.5707963268e+00 -1.6370101143e+00
1.3320573970e-04 1.7920958508e+04 1.5707963268e+00 -1.6390697771e+00
1.3339205184e-04 1.7931420146e+04 1.5707963268e+00 -1.6411270382e+00
1.3357825740e-04 1.7941901326e+04 1.5707963268e+00 -1.6431818975e+00
1.3376435642e-04 1.7952402046e+04 1.5707963268e+00 -1.6452343546e+00
1.3395034896e-04 1.7962922304e+04 1.5707963268e+00 -1.6472844092e+00
1.3413623506e-04 1.7973462099e+04 1.5707963268e+00 -1.6493320611e+00
1.3432201476e-04 1.7984021429e+04 1.5707963268e+00 -1.6513773101e+00
1.3450768812e-04 1.7994600293e+04 1.5707963268e+00 -1.6534201559e+00
1.3469325520e-04 1.8005198688e+04 1.5707963268e+00 -1.6554605984e+00
1.3487871603e-04 1.8015816613e+04 1.5707963268e+00 -1.6574986373e+00
1.3506407067e-04 1.8026454066e+04 1.5707963268e+00 -1.6595342725e+00
1.3524931918e-04 1.8037111045e+04 1.5707963268e+00 -1.6615675039e+00
1.3543446160e-04 1.8047787547e+04 1.5707963268e+00 -1.6635983312e+00
1.3561949798e-04 1.8058483571e+04 1.5707963268e+00 -1.6656267543e+00
1.3580442839e-04 1.8069199114e+04 1.5707963268e+00 -1.6676527731e+00
1.3598925287e-04 1.8079934174e+04 1.5707963268e+00 -1.6696763876e+00
1.3617397148e-04 1.8090688749e+04 1.5707963268e+00 -1.6716975975e+00
1.3635858428e-04 1.8101462835e+04 1.5707963268e+00 -1.6737164029e+00
1.3654309131e-04 1.8112256431e+04 1.5707963268e+00 -1.6757328036e+00
1.3672749263e-04 1.8123069534e+04 1.5707963268e+00 -1.6777467997e+00
1.3691178831e-04 1.8133902141e+04 1.5707963268e+00 -1.6797583910e+00
1.3709597839e-04 1.8144754249e+04 1.5707963268e+00 -1.6817675775e+00
1.3728006294e-04 1.8155625856e+04 1.5707963268e+00 -1.6837743593e+00
1.3746404200e-04 1.8166516958e+04 1.5707963268e+00 -1.6857787364e+00
1.3764791565e-04 1.8177427553e+04 1.5707963268e+00 -1.6877807086e+00
1.3783168394e-04 1.8188357637e+04 1.5707963268e+00 -1.6897802762e+00
1.3801534692e-04 1.8199307207e+04 1.5707963268e+00 -1.6917774391e+00
1.3819890466e-04 1.8210276260e+04 1.5707963268e+00 -1.6937721973e+00
1.3838235722e-04 1.8221264793e+04 1.5707963268e+00 -1.6957645510e+00
1.3856570466e-04 1.8232272802e+04 1.5707963268e+00 -1.6977545002e+00
1.3874894704e-04 1.8243300284e+04 1.5707963268e+00 -1.6997420451e+00
1.3893208442e-04 1.8254347236e+04 1.5707963268e+00 -1.7017271857e+00
1.3911511686e-04 1.8265413653e+04 1.5707963268e+00 -1.7037099221e+00
1.3929804443e-04 1.8276499532e+04 1.5707963268e+00 -1.7056902545e+00
1.3948086718e-04 1.8287604869e+04 1.5707963268e+00 -1.7076681831e+00
1.3966358519e-04 1.8298729661e+04 1.5707963268e+00 -1.7096437080e+00
1.3984619851e-04 1.8309873903e+04 1.5707963268e+00 -1.7116168293e+00
1.4002870722e-04 1.8321037592e+04 1.5707963268e+00 -1.7135875474e+00
1.4021111137e-04 1.8332220723e+04 1.5707963268e+00 -1.7155558623e+00
1.4039341102e-04 1.8343423293e+04 1.5707963268e+00 -1.7175217743e+00
1.4057560626e-04 1.8354645296e+04 1.5707963268e+00 -1.7194852836e+00
1.4075769713e-04 1.8365886730e+04 1.5707963268e+00 -1.7214463904e+00
1.4093968372e-04 1.8377147589e+04 1.5707963268e+00 -1.7234050951e+00
1.4112156608e-04 1.8388427868e+04 1.5707963268e+00 -1.7253613979e+00
1.4130334429e-04 1.8399727565e+04 1.5707963268e+00 -1.7273152990e+00
1.4148501840e-04 1.8411046673e+04 1.5707963268e+00 -1.7292667988e+00
1.4166658850e-04 1.8422385189e+04 1.5707963268e+00 -1.7312158975e+00
1.4184805464e-04 1.8433743108e+04 1.5707963268e+00 -1.7331625955e+00
1.4202941690e-04 1.8445120424e+04 1.5707963268e+00 -1.7351068931e+00
1.4221067535e-04 1.8456517133e+04 1.5707963268e+00 -1.7370487907e+00
1.4239183006e-04 1.8467933230e+04 1.5707963268e+00 -1.7389882886e+00
1.4257288109e-04 1.8479368710e+04 1.5707963268e+00 -1.7409253872e+00
1.4275382852e-04 1.8490823568e+04 1.5707963268e+00 -1.7428600868e+00
1.4293467242e-04 1.8502297799e+04 1.5707963268e+00 -1.7447923880e+00
1.4311541287e-04 1.8513791398e+04 1.5707963268e+00 -1.7467222909e+00
1.4329604993e-04 1.8525304358e+04 1.5707963268e+00 -1.7486497962e+00
1.4347658367e-04 1.8536836676e+04 1.5707963268e+00 -1.7505749042e+00
1.4365701418e-04 1.8548388344e+04 1.5707963268e+00 -1.7524976154e+00
1.4383734152e-04 1.8559959359e+04 1.5707963268e+00 -1.7544179302e+00
1.4401756576e-04 1.8571549714e+04 1.5707963268e+00 -1.7563358492e+00
1.4419768699e-04 1.8583159404e+04 1.5707963268e+00 -1.7582513727e+00
1.4437770527e-04 1.8594788422e+04 1.5707963268e+00 -1.7601645013e+00
1.4455762068e-04 1.8606436764e+04 1.5707963268e+00 -1.7620752355e+00
1.4473743330e-04 1.8618104422e+04 1.5707963268e+00 -1.7639835758e+00
1.4491714321e-04 1.8629791392e+04 1.5707963268e+00 -1.7658895227e+00
1.4509675047e-04 1.8641497667e+04 1.5707963268e+00 -1.7677930769e+00
1.4527625516e-04 1.8653223242e+04 1.5707963268e+00 -1.7696942388e+00
1.4545565737e-04 1.8664968109e+04 1.5707963268e+00 -1.7715930090e+00
1.4563495716e-04 1.8676732263e+04 1.5707963268e+00 -1.7734893882e+00
1.4581415463e-04 1.8688515698e+04 1.5707963268e+00 -1.7753833768e+00
1.4599324984e-04 1.8700318406e+04 1.5707963268e+00 -1.7772749756e+00
1.4617224287e-04 1.8712140383e+04 1.5707963268e+00 -1.7791641850e+00
1.4635113380e-04 1.8723981620e+04 1.5707963268e+00 -1.7810510059e+00
1.4652992272e-04 1.8735842112e+04 1.5707963268e+00 -1.7829354387e+00
1.4670860970e-04 1.8747721852e+04 1.5707963268e+00 -1.7848174842e+00
1.4688719481e-04 1.8759620833e+04 1.5707963268e+00 -1.7866971430e+00
1.4706567815e-04 1.8771539048e+04 1.5707963268e+00 -1.7885744158e+00
1.4724405980e-04 1.8783476491e+04 1.5707963268e+00 -1.7904493033e+00
1.4742233982e-04 1.8795433154e+04 1.5707963268e+00 -1.7923218062e+00
1.4760051831e-04 1.8807409031e+04 1.5707963268e+00 -1.7941919252e+00
1.4777859535e-04 1.8819404114e+04 1.5707963268e+00 -1.7960596610e+00
1.4795657102e-04 1.8831418397e+04 1.5707963268e+00 -1.7979250144e+00
1.4813444540e-04 1.8843451872e+04 1.5707963268e+00 -1.7997879862e+00
1.4831221857e-04 1.8855504531e+04 1.5707963268e+00 -1.8016485770e+00
1.4848989062e-04 1.8867576369e+04 1.5707963268e+00 -1.8035067877e+00
1.4866746163e-04 1.8879667376e+04 1.5707963268e+00 -1.8053626190e+00
1.4884493168e-04 1.8891777546e+04 1.5707963268e+00 -1.8072160717e+00
1.4902230087e-04 1.8903906871e+04 1.5707963268e+00 -1.8090671467e+00
1.4919956926e-04 1.8916055343e+04 1.5707963268e+00 -1.8109158447e+00
1.4937673696e-04 1.8928222956e+04 1.5707963268e+00 -1.8127621667e+00
1.4955380404e-04 1.8940409700e+04 1.5707963268e+00 -1.8146061134e+00
1.4973077058e-04 1.8952615569e+04 1.5707963268e+00 -1.8164476856e+00
1.4990763669e-04 1.8964840553e+04 1.5707963268e+00 -1.8182868843e+00
1.5008440243e-04 1.8977084647e+04 1.5707963268e+00 -1.8201237104e+00
1.5026106790e-04 1.8989347840e+04 1.5707963268e+00 -1.8219581646e+00
1.5043763318e-04 1.9001630126e+04 1.5707963268e+00 -1.8237902480e+00
1.5061409837e-04 1.9013931496e+04 1.5707963268e+00 -1.8256199614e+00
1.5079046355e-04 1.9026251942e+04 1.5707963268e+00 -1.8274473057e+00
1.5096672880e-04 1.9038591455e+04 1.5707963268e+00 -1.8292722819e+00
1.5114289422e-04 1.9050950027e+04 1.5707963268e+00 -1.8310948910e+00
1.5131895989e-04 1.9063327651e+04 1.5707963268e+00 -1.8329151338e+00
1.5149492590e-04 1.9075724317e+04 1.5707963268e+00 -1.8347330113e+00
1.5167079234e-04 1.9088140016e+04 1.5707963268e+00 -1.8365485245e+00
1.5184655930e-04 1.9100574741e+04 1.5707963268e+00 -1.8383616745e+00
1.5202222688e-04 1.9113028482e+04 1.5707963268e+00 -1.8401724621e+00
1.5219779515e-04 1.9125501231e+04 1.5707963268e+00 -1.8419808884e+00
1.5237326421e-04 1.9137992979e+04 1.5707963268e+00 -1.8437869545e+00
1.5254863415e-04 1.9150503717e+04 1.5707963268e+00 -1.8455906613e+00
1.5272390507e-04 1.9163033436e+04 1.5707963268e+00 -1.8473920098e+00
1.5289907704e-04 1.9175582127e+04 1.5707963268e+00 -1.8491910013e+00
1.5307415017e-04 1.9188149782e+04 1.5707963268e+00 -1.8509876366e+00
1.5324912455e-04 1.9200736390e+04 1.5707963268e+00 -1.8527819169e+00
1.5342400026e-04 1.9213341943e+04 1.5707963268e+00 -1.8545738433e+00
1.5359877740e-04 1.9225966432e+04 1.5707963268e+00 -1.8563634168e+00
1.5377345606e-04 1.9238609846e+04 1.5707963268e+00 -1.8581506386e+00
1.5394803634e-04 1.9251272178e+04 1.5707963268e+00 -1.8599355097e+00
1.5412251832e-04 1.9263953416e+04 1.5707963268e+00 -1.8617180313e+00
1.5429690210e-04 1.9276653553e+04 1.5707963268e+00 -1.8634982046e+00
1.5447118778e-04 1.9289372578e+04 1.5707963268e+00 -1.8652760306e+00
1.5464537545e-04 1.9302110481e+04 1.5707963268e+00 -1.8670515106e+00
1.5481946520e-04 1.9314867254e+04 1.5707963268e+00 -1.8688246456e+00
1.5499345713e-04 1.9327642885e+04 1.5707963268e+00 -1.8705954369e+00
1.5516735132e-04 1.9340437366e+04 1.5707963268e+00 -1.8723638857e+00
1.5534114789e-04 1.9353250687e+04 1.5707963268e+00 -1.8741299931e+00
1.5551484691e-04 1.9366082837e+04 1.5707963268e+00 -1.8758937604e+00
1.5568844849e-04 1.9378933806e+04 1.5707963268e+00 -1.8776551887e+00
1.5586195272e-04 1.9391803585e+04 1.5707963268e+00 -1.8794142794e+00
1.5603535970e-04 1.9404692163e+04 1.5707963268e+00 -1.8811710336e+00
1.5620866953e-04 1.9417599531e+04 1.5707963268e+00 -1.8829254525e+00
1.5638188229e-04 1.9430525677e+04 1.5707963268e+00 -1.8846775375e+00
1.5655499810e-04 1.9443470592e+04 1.5707963268e+00 -1.8864272898e+00
1.5672801703e-04 1.9456434265e+04 1.5707963268e+00 -1.8881747107e+00
1.5690093920e-04 1.9469416686e+04 1.5707963268e+00 -1.8899198014e+00
1.5707376470e-04 1.9482417844e+04 1.5707963268e+00 -1.8916625633e+00
1.5724649362e-04 1.9495437729e+04 1.5707963268e+00 -1.8934029977e+00
1.5741912606e-04 1.9508476330e+04 1.5707963268e+00 -1.8951411058e+00
1.5759166213e-04 1.9521533637e+04 1.5707963268e+00 -1.8968768890e+00
1.5776410191e-04 1.9534609639e+04 1.5707963268e+00 -1.8986103487e+00
1.5793644552e-04 1.9547704324e+04 1.5707963268e+00 -1.9003414861e+00
1.5810869304e-04 1.9560817683e+04 1.5707963268e+00 -1.9020703027e+00
1.5828084458e-04 1.9573949704e+04 1.5707963268e+00 -1.9037967997e+00
1.5845290023e-04 1.9587100376e+04 1.5707963268e+00 -1.9055209786e+00
1.5862486009e-04 1.9600269689e+04 1.5707963268e+00 -1.9072428407e+00
1.5879672427e-04 1.9613457631e+04 1.5707963268e+00 -1.9089623875e+00
1.5896849287e-04 1.9626664191e+04 1.5707963268e+00 -1.9106796202e+00
1.5914016598e-04 1.9639889357e+04 1.5707963268e+00 -1.9123945405e+00
1.5931174370e-04 1.9653133120e+04 1.5707963268e+00 -1.9141071495e+00
1.5948322613e-04 1.9666395467e+04 1.5707963268e+00 -1.9158174488e+00
1.5965461338e-04 1.9679676387e+04 1.5707963268e+00 -1.9175254399e+00
1.5982590555e-04 1.9692975869e+04 1.5707963268e+00 -1.9192311241e+00
1.5999710273e-04 1.9706293901e+04 1.5707963268e+00 -1.9209345029e+00
1.6016820503e-04 1.9719630471e+04 1.5707963268e+00 -1.9226355777e+00
1.6033921255e-04 1.9732985569e+04 1.5707963268e+00 -1.9243343501e+00
1.6051012539e-04 1.9746359182e+04 1.5707963268e+00 -1.9260308215e+00
1.6068094365e-04 1.9759751298e+04 1.5707963268e+00 -1.9277249934e+00
1.6085166744e-04 1.9773161907e+04 1.5707963268e+00 -1.9294168674e+00
1.6102229685e-04 1.9786590996e+04 1.5707963268e+00 -1.9311064448e+00
1.6119283200e-04 1.9800038554e+04 1.5707963268e+00 -1.9327937272e+00
1.6136327297e-04 1.9813504567e+04 1.5707963268e+00 -1.9344787162e+00
1.6153361988e-04 1.9826989026e+04 1.5707963268e+00 -1.9361614133e+00
1.6170387283e-04 1.9840491917e+04 1.5707963268e+00 -1.9378418200e+00
1.6187403191e-04 1.9854013228e+04 1.5707963268e+00 -1.9395199379e+00
1.6204409724e-04 1.9867552947e+04 1.5707963268e+00 -1.9411957684e+00
1.6221406892e-04 1.9881111063e+04 1.5707963268e+00 -1.9428693133e+00
1.6238394704e-04 1.9894687563e+04 1.5707963268e+00 -1.9445405740e+00
1.6255373172e-04 1.9908282434e+04 1.5707963268e+00 -1.9462095522e+00
1.6272342306e-04 1.9921895665e+04 1.5707963268e+00 -1.9478762494e+00
1.6289302116e-04 1.9935527242e+04 1.5707963268e+00 -1.9495406672e+00
1.6306252613e-04 1.9949177154e+04 1.5707963268e+00 -1.9512028073e+00
1.6323193807e-04 1.9962845388e+04 1.5707963268e+00 -1.9528626713e+00
1.6340125708e-04 1.9976531932e+04 1.5707963268e+00 -1.9545202607e+00
1.6357048327e-04 1.9990236772e+04 1.5707963268e+00 -1.9561755772e+00
1.6373961675e-04 2.0003959897e+04 1.5707963268e+00 -1.9578286225e+00
1.6390865762e-04 2.0017701293e+04 1.5707963268e+00 -1.9594793982e+00
1.6407760599e-04 2.0031460948e+04 1.5707963268e+00 -1.9611279059e+00
1.6424646195e-04 2.0045238849e+04 1.5707963268e+00 -1.9627741473e+00
1.6441522562e-04 2.0059034983e+04 1.5707963268e+00 -1.9644181242e+00
1.6458389711e-04 2.0072849337e+04 1.5707963268e+00 -1.9660598380e+00
1.6475247651e-04 2.0086681899e+04 1.5707963268e+00 -1.9676992907e+00
1.6492096393e-04 2.0100532655e+04 1.5707963268e+00 -1.9693364838e+00
1.6508935949e-04 2.0114401593e+04 1.5707963268e+00 -1.9709714190e+00
1.6525766328e-04 2.0128288698e+04 1.5707963268e+00 -1.9726040981e+00
1.6542587541e-04 2.0142193959e+04 1.5707963268e+00 -1.9742345228e+00
1.6559399599e-04 2.0156117362e+04 1.5707963268e+00 -1.9758626948e+00
1.6576202513e-04 2.0170058893e+04 1.5707963268e+00 -1.9774886158e+00
1.6592996293e-04 2.0184018540e+04 1.5707963268e+00 -1.9791122876e+00
1.6609780949e-04 2.0197996289e+04 1.5707963268e+00 -1.9807337119e+00
1.6626556494e-04 2.0211992126e+04 1.5707963268e+00 -1.9823528905e+00
1.6643322937e-04 2.0226006039e+04 1.5707963268e+00 -1.9839698252e+00
1.6660080288e-04 2.0240038013e+04 1.5707963268e+00 -1.9855845176e+00
1.6676828560e-04 2.0254088036e+04 1.5707963268e+00 -1.9871969696e+00
1.6693567762e-04 2.0268156093e+04 1.5707963268e+00 -1.9888071830e+00
1.6710297906e-04 2.0282242172e+04 1.5707963268e+00 -1.9904151596e+00
1.6727019002e-04 2.0296346258e+04 1.5707963268e+00 -1.9920209011e+00
1.6743731060e-04 2.0310468338e+04 1.5707963268e+00 -1.9936244093e+00
1.6760434092e-04 2.0324608397e+04 1.5707963268e+00 -1.9952256862e+00
1.6777128109e-04 2.0338766423e+04 1.5707963268e+00 -1.9968247334e+00
1.6793813121e-04 2.0352942401e+04 1.5707963268e+00 -1.9984215529e+00
1.6810489139e-04 2.0367136318e+04 1.5707963268e+00 -2.0000161464e+00
1.6827156175e-04 2.0381348159e+04 1.5707963268e+00 -2.0016085159e+00
1.6843814238e-04 2.0395577911e+04 1.5707963268e+00 -2.0031986630e+00
1.6860463339e-04 2.0409825559e+04 1.5707963268e+00 -2.0047865898e+00
1.6877103491e-04 2.0424091090e+04 1.5707963268e+00 -2.0063722980e+00
1.6893734703e-04 2.0438374489e+04 1.5707963268e+00 -2.0079557896e+00
1.6910356986e-04 2.0452675742e+04 1.5707963268e+00 -2.0095370663e+00
1.6926970352e-04 2.0466994835e+04 1.5707963268e+00 -2.0111161301e+00
1.6943574811e-04 2.0481331754e+04 1.5707963268e+00 -2.0126929829e+00
1.6960170374e-04 2.0495686485e+04 1.5707963268e+00 -2.0142676266e+00
1.6976757052e-04 2.0510059012e+04 1.5707963268e+00 -2.0158400630e+00
1.6993334856e-04 2.0524449323e+04 1.5707963268e+00 -2.0174102941e+00
1.7009903797e-04 2.0538857402e+04 1.5707963268e+00 -2.0189783218e+00
1.7026463886e-04 2.0553283235e+04 1.5707963268e+00 -2.0205441479e+00
1.7043015134e-04 2.0567726807e+04 1.5707963268e+00 -2.0221077745e+00
1.7059557552e-04 2.0582188104e+04 1.5707963268e+00 -2.0236692035e+00
1.7076091150e-04 2.0596667112e+04 1.5707963268e+00 -2.0252284368e+00
1.7092615941e-04 2.0611163815e+04 1.5707963268e+00 -2.0267854763e+00
1.7109131934e-04 2.0625678199e+04 1.5707963268e+00 -2.0283403240e+00
1.7125639141e-04 2.0640210250e+04 1.5707963268e+00 -2.0298929818e+00
1.7142137574e-04 2.0654759952e+04 1.5707963268e+00 -2.0314434518e+00
1.7158627242e-04 2.0669327292e+04 1.5707963268e+00 -2.0329917358e+00
1.7175108157e-04 2.0683912253e+04 1.5707963268e+00 -2.0345378359e+00
1.7191580330e-04 2.0698514822e+04 1.5707963268e+00 -2.0360817541e+00
1.7208043772e-04 2.0713134982e+04 1.5707963268e+00 -2.0376234923e+00
1.7224498495e-04 2.0727772721e+04 1.5707963268e+00 -2.0391630525e+00
1.7240944508e-04 2.0742428021e+04 1.5707963268e+00 -2.0407004367e+00
1.7257381824e-04 2.0757100869e+04 1.5707963268e+00 -2.0422356469e+00
1.7273810453e-04 2.0771791249e+04 1.5707963268e+00 -2.0437686852e+00
1.7290230407e-04 2.0786499147e+04 1.5707963268e+00 -2.0452995536e+00
1.7306641696e-04 2.0801224547e+04 1.5707963268e+00 -2.0468282540e+00
1.7323044331e-04 2.0815967433e+04 1.5707963268e+00 -2.0483547885e+00
1.7339438325e-04 2.0830727792e+04 1.5707963268e+00 -2.0498791591e+00
1.7355823687e-04 2.0845505607e+04 1.5707963268e+00 -2.0514013679e+00
1.7372200429e-04 2.0860300863e+04 1.5707963268e+00 -2.0529214170e+00
1.7388568562e-04 2.0875113545e+04 1.5707963268e+00 -2.0544393083e+00
1.7404928097e-04 2.0889943637e+04 1.5707963268e+00 -2.0559550439e+00
1.7421279046e-04 2.0904791125e+04 1.5707963268e+00 -2.0574686259e+00
1.7437621419e-04 2.0919655993e+04 1.5707963268e+00 -2.0589800564e+00
1.7453955227e-04 2.0934538225e+04 1.5707963268e+00 -2.0604893373e+00
1.7470280483e-04 2.0949437805e+04 1.5707963268e+00 -2.0619964709e+00
1.7486597196e-04 2.0964354719e+04 1.5707963268e+00 -2.0635014592e+00
1.7502905378e-04 2.0979288951e+04 1.5707963268e+00 -2.0650043042e+00
1.7519205040e-04 2.0994240485e+04 1.5707963268e+00 -2.0665050081e+00
1.7535496194e-04 2.1009209305e+04 1.5707963268e+00 -2.0680035729e+00
1.7551778850e-04 2.1024195397e+04 1.5707963268e+00 -2.0695000008e+00
1.7568053020e-04 2.1039198743e+04 1.5707963268e+00 -2.0709942938e+00
1.7584318714e-04 2.1054219329e+04 1.5707963268e+00 -2.0724864542e+00
1.7600575945e-04 2.1069257138e+04 1.5707963268e+00 -2.0739764839e+00
1.7616824722e-04 2.1084312155e+04 1.5707963268e+00 -2.0754643851e+00
1.7633065058e-04 2.1099384364e+04 1.5707963268e+00 -2.0769501600e+00
1.7649296964e-04 2.1114473750e+04 1.5707963268e+00 -2.0784338107e+00
1.7665520451e-04 2.1129580295e+04 1.5707963268e+00 -2.0799153392e+00
1.7681735529e-04 2.1144703985e+04 1.5707963268e+00 -2.0813947478e+00
1.7697942210e-04 2.1159844803e+04 1.5707963268e+00 -2.0828720387e+00
1.7714140506e-04 2.1175002734e+04 1.5707963268e+00 -2.0843472138e+00
1.7730330427e-04 2.1190177760e+04 1.5707963268e+00 -2.0858202755e+00
1.7746511985e-04 2.1205369867e+04 1.5707963268e+00 -2.0872912259e+00
1.7762685191e-04 2.1220579038e+04 1.5707963268e+00 -2.0887600670e+00
1.7778850057e-04 2.1235805257e+04 1.5707963268e+00 -2.0902268012e+00
1.7795006592e-04 2.1251048508e+04 1.5707963268e+00 -2.0916914306e+00
1.7811154809e-04 2.1266308775e+04 1.5707963268e+00 -2.0931539573e+00
1.7827294719e-04 2.1281586041e+04 1.5707963268e+00 -2.0946143835e+00
1.7843426333e-04 2.1296880290e+04 1.5707963268e+00 -2.0960727115e+00
1.7859549662e-04 2.1312191507e+04 1.5707963268e+00 -2.0975289433e+00
1.7875664717e-04 2.1327519673e+04 1.5707963268e+00 -2.0989830813e+00
1.7891771510e-04 2.1342864775e+04 1.5707963268e+00 -2.1004351276e+00
1.7907870052e-04 2.1358226794e+04 1.5707963268e+00 -2.1018850844e+00
1.7923960354e-04 2.1373605714e+04 1.5707963268e+00 -2.1033329539e+00
1.7940042427e-04 2.1389001520e+04 1.5707963268e+00 -2.1047787383e+00
1.7956116283e-04 2.1404414195e+04 1.5707963268e+00 -2.1062224399e+00
1.7972181932e-04 2.1419843721e+04 1.5707963268e+00 -2.1076640609e+00
1.7988239387e-04 2.1435290083e+04 1.5707963268e+00 -2.1091036035e+00
1.8004288657e-04 2.1450753265e+04 1.5707963268e+00 -2.1105410699e+00
1.8020329755e-04 2.1466233249e+04 1.5707963268e+00 -2.1119764623e+00
1.8036362692e-04 2.1481730019e+04 1.5707963268e+00 -2.1134097830e+00
1.8052387479e-04 2.1497243558e+04 1.5707963268e+00 -2.1148410343e+00
1.8068404126e-04 2.1512773850e+04 1.5707963268e+00 -2.1162702183e+00
1.8084412646e-04 2.1528320878e+04 1.5707963268e+00 -2.1176973374e+00
1.8100413050e-04 2.1543884626e+04 1.5707963268e+00 -2.1191223938e+00
1.8116405348e-04 2.1559465076e+04 1.5707963268e+00 -2.1205453896e+00
1.8132389552e-04 2.1575062212e+04 1.5707963268e+00 -2.1219663273e+00
1.8148365674e-04 2.1590676017e+04 1.5707963268e+00 -2.1233852090e+00
1.8164333723e-04 2.1606306475e+04 1.5707963268e+00 -2.1248020370e+00
1.8180293713e-04 2.1621953568e+04 1.5707963268e+00 -2.1262168137e+00
1.8196245653e-04 2.1637617279e+04 1.5707963268e+00 -2.1276295411e+00
1.8212189556e-04 2.1653297592e+04 1.5707963268e+00 -2.1290402218e+00
1.8228125431e-04 2.1668994491e+04 1.5707963268e+00 -2.1304488578e+00
1.8244053291e-04 2.1684707957e+04 1.5707963268e+00 -2.1318554516e+00
1.8259973147e-04 2.1700437974e+04 1.5707963268e+00 -2.1332600053e+00
1.8275885010e-04 2.1716184525e+04 1.5707963268e+00 -2.1346625213e+00
1.8291788891e-04 2.1731947593e+04 1.5707963268e+00 -2.1360630019e+00
1.8307684801e-04 2.1747727161e+04 1.5707963268e+00 -2.1374614494e+00
1.8323572752e-04 2.1763523212e+04 1.5707963268e+00 -2.1388578661e+00
1.8339452755e-04 2.1779335729e+04 1.5707963268e+00 -2.1402522542e+00
1.8355324821e-04 2.1795164694e+04 1.5707963268e+00 -2.1416446161e+00
1.8371188960e-04 2.1811010091e+04 1.5707963268e+00 -2.1430349541e+00
1.8387045185e-04 2.1826871903e+04 1.5707963268e+00 -2.1444232706e+00
1.8402893507e-04 2.1842750112e+04 1.5707963268e+00 -2.1458095677e+00
1.8418733937e-04 2.1858644702e+04 1.5707963268e+00 -2.1471938479e+00
1.8434566485e-04 2.1874555654e+04 1.5707963268e+00 -2.1485761134e+00
1.8450391163e-04 2.1890482952e+04 1.5707963268e+00 -2.1499563667e+00
1.8466207983e-04 2.1906426578e+04 1.5707963268e+00 -2.1513346100e+00
1.8482016956e-04 2.1922386516e+04 1.5707963268e+00 -2.1527108456e+00
1.8497818092e-04 2.1938362748e+04 1.5707963268e+00 -2.1540850759e+00
1.8513611402e-04 2.1954355256e+04 1.5707963268e+00 -2.1554573032e+00
1.8529396899e-04 2.1970364024e+04 1.5707963268e+00 -2.1568275299e+00
1.8545174593e-04 2.1986389034e+04 1.5707963268e+00 -2.1581957583e+00
1.8560944496e-04 2.2002430268e+04 1.5707963268e+00 -2.1595619907e+00
1.8576706618e-04 2.2018487709e+04 1.5707963268e+00 -2.1609262296e+00
1.8592460970e-04 2.2034561340e+04 1.5707963268e+00 -2.1622884772e+00
1.8608207565e-04 2.2050651144e+04 1.5707963268e+00 -2.1636487359e+00
1.8623946412e-04 2.2066757103e+04 1.5707963268e+00 -2.1650070080e+00
1.8639677524e-04 2.2082879198e+04 1.5707963268e+00 -2.1663632960e+00
1.8655400911e-04 2.2099017414e+04 1.5707963268e+00 -2.1677176021e+00
1.8671116584e-04 2.2115171733e+04 1.5707963268e+00 -2.1690699288e+00
1.8686824555e-04 2.2131342136e+04 1.5707963268e+00 -2.1704202784e+00
1.8702524834e-04 2.2147528607e+04 1.5707963268e+00 -2.1717686533e+00
1.8718217434e-04 2.2163731127e+04 1.5707963268e+00 -2.1731150558e+00
1.8733902364e-04 2.2179949680e+04 1.5707963268e+00 -2.1744594883e+00
1.8749579636e-04 2.2196184247e+04 1.5707963268e+00 -2.1758019532e+00
1.8765249262e-04 2.2212434812e+04 1.5707963268e+00 -2.1771424529e+00
1.8780911252e-04 2.2228701356e+04 1.5707963268e+00 -2.1784809898e+00
1.8796565617e-04 2.2244983861e+04 1.5707963268e+00 -2.1798175661e+00
1.8812212368e-04 2.2261282311e+04 1.5707963268e+00 -2.1811521844e+00
1.8827851517e-04 2.2277596687e+04 1.5707963268e+00 -2.1824848470e+00
1.8843483075e-04 2.2293926972e+04 1.5707963268e+00 -2.1838155563e+00
1.8859107053e-04 2.2310273148e+04 1.5707963268e+00 -2.1851443147e+00
1.8874723461e-04 2.2326635197e+04 1.5707963268e+00 -2.1864711246e+00
1.8890332311e-04 2.2343013102e+04 1.5707963268e+00 -2.1877959883e+00
1.8905933614e-04 2.2359406845e+04 1.5707963268e+00 -2.1891189083e+00
1.8921527381e-04 2.2375816407e+04 1.5707963268e+00 -2.1904398869e+00
1.8937113624e-04 2.2392241772e+04 1.5707963268e+00 -2.1917589267e+00
1.8952692352e-04 2.2408682921e+04 1.5707963268e+00 -2.1930760299e+00
1.8968263578e-04 2.2425139837e+04 1.5707963268e+00 -2.1943911989e+00
1.8983827311e-04 2.2441612502e+04 1.5707963268e+00 -2.1957044363e+00
1.8999383564e-04 2.2458100897e+04 1.5707963268e+00 -2.1970157443e+00
1.9014932347e-04 2.2474605006e+04 1.5707963268e+00 -2.1983251255e+00
1.9030473672e-04 2.2491124809e+04 1.5707963268e+00 -2.1996325822e+00
1.9046007548e-04 2.2507660290e+04 1.5707963268e+00 -2.2009381167e+00
1.9061533989e-04 2.2524211431e+04 1.5707963268e+00 -2.2022417317e+00
1.9077053003e-04 2.2540778212e+04 1.5707963268e+00 -2.2035434294e+00
1.9092564602e-04 2.2557360618e+04 1.5707963268e+00 -2.2048432122e+00
1.9108068798e-04 2.2573958629e+04 1.5707963268e+00 -2.2061410827e+00
1.9123565602e-04 2.2590572227e+04 1.5707963268e+00 -2.2074370432e+00
1.9139055023e-04 2.2607201395e+04 1.5707963268e+00 -2.2087310961e+00
1.9154537074e-04 2.2623846115e+04 1.5707963268e+00 -2.2100232439e+00
1.9170011764e-04 2.2640506369e+04 1.5707963268e+00 -2.2113134890e+00
1.9185479106e-04 2.2657182138e+04 1.5707963268e+00 -2.2126018338e+00
1.9200939110e-04 2.2673873405e+04 1.5707963268e+00 -2.2138882807e+00
1.9216391787e-04 2.2690580152e+04 1.5707963268e+00 -2.2151728322e+00
1.9231837148e-04 2.2707302360e+04 1.5707963268e+00 -2.2164554908e+00
1.9247275204e-04 2.2724040012e+04 1.5707963268e+00 -2.2177362588e+00
1.9262705966e-04 2.2740793089e+04 1.5707963268e+00 -2.2190151387e+00
1.9278129444e-04 2.2757561574e+04 1.5707963268e+00 -2.2202921328e+00
1.9293545650e-04 2.2774345447e+04 1.5707963268e+00 -2.2215672438e+00
1.9308954594e-04 2.2791144693e+04 1.5707963268e+00 -2.2228404739e+00
1.9324356288e-04 2.2807959291e+04 1.5707963268e+00 -2.2241118257e+00
1.9339750742e-04 2.2824789224e+04 1.5707963268e+00 -2.2253813015e+00
1.9355137967e-04 2.2841634475e+04 1.5707963268e+00 -2.2266489039e+00
1.9370517975e-04 2.2858495024e+04 1.5707963268e+00 -2.2279146352e+00
1.9385890775e-04 2.2875370853e+04 1.5707963268e+00 -2.2291784979e+00
1.9401256379e-04 2.2892261945e+04 1.5707963268e+00 -2.2304404945e+00
1.9416614797e-04 2.2909168282e+04 1.5707963268e+00 -2.2317006273e+00
1.9431966041e-04 2.2926089844e+04 1.5707963268e+00 -2.2329588989e+00
1.9447310121e-04 2.2943026615e+04 1.5707963268e+00 -2.2342153117e+00
1.9462647048e-04 2.2959978575e+04 1.5707963268e+00 -2.2354698681e+00
1.9477976833e-04 2.2976945707e+04 1.5707963268e+00 -2.2367225706e+00
1.9493299487e-04 2.2993927992e+04 1.5707963268e+00 -2.2379734216e+00
1.9508615020e-04 2.3010925412e+04 1.5707963268e+00 -2.2392224237e+00
1.9523923443e-04 2.3027937949e+04 1.5707963268e+00 -2.2404695791e+00
1.9539224768e-04 2.3044965585e+04 1.5707963268e+00 -2.2417148905e+00
1.9554519004e-04 2.3062008301e+04 1.5707963268e+00 -2.2429583602e+00
1.9569806162e-04 2.3079066080e+04 1.5707963268e+00 -2.2441999907e+00
1.9585086254e-04 2.3096138903e+04 1.5707963268e+00 -2.2454397845e+00
1.9600359291e-04 2.3113226751e+04 1.5707963268e+00 -2.2466777440e+00
1.9615625281e-04 2.3130329607e+04 1.5707963268e+00 -2.2479138717e+00
1.9630884238e-04 2.3147447451e+04 1.5707963268e+00 -2.2491481700e+00
1.9646136170e-04 2.3164580267e+04 1.5707963268e+00 -2.2503806413e+00
1.9661381090e-04 2.3181728036e+04 1.5707963268e+00 -2.2516112883e+00
1.9676619007e-04 2.3198890738e+04 1.5707963268e+00 -2.2528401132e+00
1.9691849932e-04 2.3216068357e+04 1.5707963268e+00 -2.2540671186e+00
1.9707073877e-04 2.3233260874e+04 1.5707963268e+00 -2.2552923070e+00
1.9722290851e-04 2.3250468270e+04 1.5707963268e+00 -2.2565156807e+00
1.9737500866e-04 2.3267690527e+04 1.5707963268e+00 -2.2577372423e+00
1.9752703931e-04 2.3284927626e+04 1.5707963268e+00 -2.2589569942e+00
1.9767900058e-04 2.3302179551e+04 1.5707963268e+00 -2.2601749388e+00
1.9783089257e-04 2.3319446281e+04 1.5707963268e+00 -2.2613910787e+00
1.9798271540e-04 2.3336727799e+04 1.5707963268e+00 -2.2626054163e+00
1.9813446915e-04 2.3354024087e+04 1.5707963268e+00 -2.2638179541e+00
1.9828615395e-04 2.3371335126e+04 1.5707963268e+00 -2.2650286945e+00
1.9843776990e-04 2.3388660897e+04 1.5707963268e+00 -2.2662376400e+00
1.9858931710e-04 2.3406001384e+04 1.5707963268e+00 -2.2674447930e+00
1.9874079565e-04 2.3423356566e+04 1.5707963268e+00 -2.2686501560e+00
1.9889220567e-04 2.3440726426e+04 1.5707963268e+00 -2.2698537316e+00
1.9904354727e-04 2.3458110945e+04 1.5707963268e+00 -2.2710555221e+00
1.9919482053e-04 2.3475510105e+04 1.5707963268e+00 -2.2722555300e+00
1.9934602558e-04 2.3492923888e+04 1.5707963268e+00 -2.2734537578e+00
1.9949716251e-04 2.3510352275e+04 1.5707963268e+00 -2.2746502079e+00
1.9964823144e-04 2.3527795248e+04 1.5707963268e+00 -2.2758448828e+00
1.9979923246e-04 2.3545252788e+04 1.5707963268e+00 -2.2770377850e+00
1.9995016568e-04 2.3562724878e+04 1.5707963268e+00 -2.2782289170e+00
2.0010103121e-04 2.3580211498e+04 1.5707963268e+00 -2.2794182812e+00
2.0025182915e-04 2.3597712631e+04 1.5707963268e+00 -2.2806058800e+00
2.0040255961e-04 2.3615228258e+04 1.5707963268e+00 -2.2817917160e+00
2.0055322268e-04 2.3632758360e+04 1.5707963268e+00 -2.2829757916e+00
2.0070381848e-04 2.3650302919e+04 1.5707963268e+00 -2.2841581092e+00
2.0085434711e-04 2.3667861918e+04 1.5707963268e+00 -2.2853386714e+00
2.0100480867e-04 2.3685435336e+04 1.5707963268e+00 -2.2865174806e+00
2.0115520327e-04 2.3703023157e+04 1.5707963268e+00 -2.2876945392e+00
2.0130553101e-04 2.3720625361e+04 1.5707963268e+00 -2.2888698498e+00
2.0145579200e-04 2.3738241931e+04 1.5707963268e+00 -2.2900434148e+00
2.0160598634e-04 2.3755872847e+04 1.5707963268e+00 -2.2912152366e+00
2.0175611412e-04 2.3773518092e+04 1.5707963268e+00 -2.2923853178e+00
2.0190617547e-04 2.3791177647e+04 1.5707963268e+00 -2.2935536607e+00
2.0205617048e-04 2.3808851494e+04 1.5707963268e+00 -2.2947202679e+00
2.0220609924e-04 2.3826539613e+04 1.5707963268e+00 -2.2958851418e+00
2.0235596188e-04 2.3844241988e+04 1.5707963268e+00 -2.2970482849e+00
2.0250575849e-04 2.3861958599e+04 1.5707963268e+00 -2.2982096997e+00
2.0265548916e-04 2.3879689428e+04 1.5707963268e+00 -2.2993693885e+00
2.0280515402e-04 2.3897434457e+04 1.5707963268e+00 -2.3005273539e+00
2.0295475315e-04 2.3915193666e+04 1.5707963268e+00 -2.3016835983e+00
2.0310428667e-04 2.3932967039e+04 1.5707963268e+00 -2.3028381243e+00
2.0325375467e-04 2.3950754556e+04 1.5707963268e+00 -2.3039909341e+00
2.0340315726e-04 2.3968556199e+04 1.5707963268e+00 -2.3051420304e+00
2.0355249453e-04 2.3986371950e+04 1.5707963268e+00 -2.3062914156e+00
2.0370176660e-04 2.4004201790e+04 1.5707963268e+00 -2.3074390921e+00
2.0385097356e-04 2.4022045701e+04 1.5707963268e+00 -2.3085850624e+00
2.0400011552e-04 2.4039903665e+04 1.5707963268e+00 -2.3097293289e+00
2.0414919257e-04 2.4057775662e+04 1.5707963268e+00 -2.3108718941e+00
2.0429820483e-04 2.4075661675e+04 1.5707963268e+00 -2.3120127605e+00
2.0444715238e-04 2.4093561686e+04 1.5707963268e+00 -2.3131519306e+00
2.0459603534e-04 2.4111475675e+04 1.5707963268e+00 -2.3142894067e+00
2.0474485381e-04 2.4129403625e+04 1.5707963268e+00 -2.3154251913e+00
2.0489360788e-04 2.4147345517e+04 1.5707963268e+00 -2.3165592869e+00
2.0504229766e-04 2.4165301333e+04 1.5707963268e+00 -2.3176916960e+00
2.0519092324e-04 2.4183271054e+04 1.5707963268e+00 -2.3188224209e+00
2.0533948474e-04 2.4201254662e+04 1.5707963268e+00 -2.3199514642e+00
2.0548798224e-04 2.4219252139e+04 1.5707963268e+00 -2.3210788283e+00
2.0563641586e-04 2.4237263466e+04 1.5707963268e+00 -2.3222045157e+00
2.0578478569e-04 2.4255288626e+04 1.5707963268e+00 -2.3233285288e+00
2.0593309183e-04 2.4273327598e+04 1.5707963268e+00 -2.3244508700e+00
2.0608133439e-04 2.4291380366e+04 1.5707963268e+00 -2.3255715418e+00
2.0622951345e-04 2.4309446911e+04 1.5707963268e+00 -2.3266905467e+00
2.0637762914e-04 2.4327527214e+04 1.5707963268e+00 -2.3278078870e+00
2.0652568153e-04 2.4345621257e+04 1.5707963268e+00 -2.3289235653e+00
2.0667367074e-04 2.4363729023e+04 1.5707963268e+00 -2.3300375840e+00
2.0682159687e-04 2.4381850491e+04 1.5707963268e+00 -2.3311499455e+00
2.0696946000e-04 2.4399985645e+04 1.5707963268e+00 -2.3322606523e+00
2.0711726025e-04 2.4418134466e+04 1.5707963268e+00 -2.3333697068e+00
2.0726499772e-04 2.4436296935e+04 1.5707963268e+00 -2.3344771115e+00
2.0741267249e-04 2.4454473034e+04 1.5707963268e+00 -2.3355828688e+00
2.0756028468e-04 2.4472662745e+04 1.5707963268e+00 -2.3366869811e+00
2.0770783438e-04 2.4490866050e+04 1.5707963268e+00 -2.3377894509e+00
2.0785532169e-04 2.4509082929e+04 1.5707963268e+00 -2.3388902806e+00
2.0800274670e-04 2.4527313366e+04 1.5707963268e+00 -2.3399894727e+00
2.0815010952e-04 2.4545557342e+04 1.5707963268e+00 -2.3410870295e+00
2.0829741025e-04 2.4563814837e+04 1.5707963268e+00 -2.3421829536e+00
2.0844464899e-04 2.4582085835e+04 1.5707963268e+00 -2.3432772473e+00
2.0859182582e-04 2.4600370317e+04 1.5707963268e+00 -2.3443699132e+00
2.0873894086e-04 2.4618668264e+04 1.5707963268e+00 -2.3454609535e+00
2.0888599420e-04 2.4636979658e+04 1.5707963268e+00 -2.3465503708e+00
2.0903298594e-04 2.4655304481e+04 1.5707963268e+00 -2.3476381675e+00
2.0917991617e-04 2.4673642715e+04 1.5707963268e+00 -2.3487243460e+00
2.0932678499e-04 2.4691994342e+04 1.5707963268e+00 -2.3498089087e+00
2.0947359251e-04 2.4710359342e+04 1.5707963268e+00 -2.3508918581e+00
2.0962033881e-04 2.4728737699e+04 1.5707963268e+00 -2.3519731966e+00
2.0976702401e-04 2.4747129393e+04 1.5707963268e+00 -2.3530529266e+00
2.0991364818e-04 2.4765534407e+04 1.5707963268e+00 -2.3541310505e+00
2.1006021144e-04 2.4783952722e+04 1.5707963268e+00 -2.3552075707e+00
2.1020671387e-04 2.4802384320e+04 1.5707963268e+00 -2.3562824897e+00
2.1035315558e-04 2.4820829183e+04 1.5707963268e+00 -2.3573558099e+00
2.1049953666e-04 2.4839287293e+04 1.5707963268e+00 -2.3584275337e+00
2.1064585721e-04 2.4857758631e+04 1.5707963268e+00 -2.3594976636e+00
2.1079211732e-04 2.4876243180e+04 1.5707963268e+00 -2.3605662018e+00
2.1093831710e-04 2.4894740920e+04 1.5707963268e+00 -2.3616331509e+00
2.1108445663e-04 2.4913251835e+04 1.5707963268e+00 -2.3626985133e+00
2.1123053602e-04 2.4931775906e+04 1.5707963268e+00 -2.3637622913e+00
2.1137655536e-04 2.4950313114e+04 1.5707963268e+00 -2.3648244874e+00
2.1152251474e-04 2.4968863441e+04 1.5707963268e+00 -2.3658851039e+00
2.1166841427e-04 2.4987426870e+04 1.5707963268e+00 -2.3669441434e+00
2.1181425403e-04 2.5006003382e+04 1.5707963268e+00 -2.3680016081e+00
2.1196003413e-04 2.5024592960e+04 1.5707963268e+00 -2.3690575005e+00
2.1210575466e-04 2.5043195584e+04 1.5707963268e+00 -2.3701118230e+00
2.1225141571e-04 2.5061811237e+04 1.5707963268e+00 -2.3711645780e+00
2.1239701738e-04 2.5080439901e+04 1.5707963268e+00 -2.3722157679e+00
2.1254255976e-04 2.5099081558e+04 1.5707963268e+00 -2.3732653951e+00
2.1268804296e-04 2.5117736189e+04 1.5707963268e+00 -2.3743134619e+00
2.1283346705e-04 2.5136403777e+04 1.5707963268e+00 -2.3753599708e+00
2.1297883215e-04 2.5155084303e+04 1.5707963268e+00 -2.3764049242e+00
2.1312413834e-04 2.5173777750e+04 1.5707963268e+00 -2.3774483244e+00
2.1326938572e-04 2.5192484100e+04 1.5707963268e+00 -2.3784901739e+00
2.1341457438e-04 2.5211203333e+04 1.5707963268e+00 -2.3795304750e+00
2.1355970441e-04 2.5229935433e+04 1.5707963268e+00 -2.3805692301e+00
2.1370477592e-04 2.5248680381e+04 1.5707963268e+00 -2.3816064416e+00
2.1384978899e-04 2.5267438160e+04 1.5707963268e+00 -2.3826421119e+00
2.1399474372e-04 2.5286208751e+04 1.5707963268e+00 -2.3836762433e+00
2.1413964020e-04 2.5304992136e+04 1.5707963268e+00 -2.3847088383e+00
2.1428447853e-04 2.5323788298e+04 1.5707963268e+00 -2.3857398992e+00
2.1442925880e-04 2.5342597218e+04 1.5707963268e+00 -2.3867694283e+00
2.1457398109e-04 2.5361418878e+04 1.5707963268e+00 -2.3877974282e+00
2.1471864552e-04 2.5380253261e+04 1.5707963268e+00 -2.3888239010e+00
2.1486325216e-04 2.5399100349e+04 1.5707963268e+00 -2.3898488493e+00
2.1500780111e-04 2.5417960123e+04 1.5707963268e+00 -2.3908722753e+00
2.1515229247e-04 2.5436832566e+04 1.5707963268e+00 -2.3918941815e+00
2.1529672632e-04 2.5455717659e+04 1.5707963268e+00 -2.3929145702e+00
2.1544110276e-04 2.5474615386e+04 1.5707963268e+00 -2.3939334437e+00
2.1558542188e-04 2.5493525728e+04 1.5707963268e+00 -2.3949508045e+00
2.1572968378e-04 2.5512448666e+04 1.5707963268e+00 -2.3959666548e+00
2.1587388854e-04 2.5531384184e+04 1.5707963268e+00 -2.3969809971e+00
2.1601803627e-04 2.5550332264e+04 1.5707963268e+00 -2.3979938337e+00
2.1616212704e-04 2.5569292887e+04 1.5707963268e+00 -2.3990051669e+00
2.1630616095e-04 2.5588266036e+04 1.5707963268e+00 -2.4000149992e+00
2.1645013809e-04 2.5607251693e+04 1.5707963268e+00 -2.4010233327e+00
2.1659405856e-04 2.5626249839e+04 1.5707963268e+00 -2.4020301700e+00
2.1673792245e-04 2.5645260459e+04 1.5707963268e+00 -2.4030355134e+00
2.1688172984e-04 2.5664283533e+04 1.5707963268e+00 -2.4040393651e+00
2.1702548083e-04 2.5683319043e+04 1.5707963268e+00 -2.4050417275e+00
2.1716917550e-04 2.5702366973e+04 1.5707963268e+00 -2.4060426030e+00
2.1731281396e-04 2.5721427304e+04 1.5707963268e+00 -2.4070419940e+00
2.1745639629e-04 2.5740500018e+04 1.5707963268e+00 -2.4080399026e+00
2.1759992258e-04 2.5759585098e+04 1.5707963268e+00 -2.4090363314e+00
2.1774339292e-04 2.5778682527e+04 1.5707963268e+00 -2.4100312826e+00
2.1788680740e-04 2.5797792285e+04 1.5707963268e+00 -2.4110247585e+00
2.1803016612e-04 2.5816914357e+04 1.5707963268e+00 -2.4120167615e+00
2.1817346915e-04 2.5836048723e+04 1.5707963268e+00 -2.4130072938e+00
2.1831671660e-04 2.5855195367e+04 1.5707963268e+00 -2.4139963579e+00
2.1845990855e-04 2.5874354271e+04 1.5707963268e+00 -2.4149839561e+00
2.1860304509e-04 2.5893525416e+04 1.5707963268e+00 -2.4159700906e+00
2.1874612631e-04 2.5912708786e+04 1.5707963268e+00 -2.4169547638e+00
2.1888915230e-04 2.5931904363e+04 1.5707963268e+00 -2.4179379780e+00
2.1903212315e-04 2.5951112129e+04 1.5707963268e+00 -2.4189197355e+00
2.1917503895e-04 2.5970332067e+04 1.5707963268e+00 -2.4199000386e+00
2.1931789979e-04 2.5989564158e+04 1.5707963268e+00 -2.4208788896e+00
2.1946070575e-04 2.6008808387e+04 1.5707963268e+00 -2.4218562909e+00
2.1960345692e-04 2.6028064734e+04 1.5707963268e+00 -2.4228322448e+00
2.1974615340e-04 2.6047333182e+04 1.5707963268e+00 -2.4238067535e+00
2.1988879527e-04 2.6066613715e+04 1.5707963268e+00 -2.4247798193e+00
2.2003138262e-04 2.6085906313e+04 1.5707963268e+00 -2.4257514446e+00
2.2017391554e-04 2.6105210961e+04 1.5707963268e+00 -2.4267216317e+00
2.2031639412e-04 2.6124527640e+04 1.5707963268e+00 -2.4276903828e+00
2.2045881843e-04 2.6143856333e+04 1.5707963268e+00 -2.4286577002e+00
2.2060118858e-04 2.6163197022e+04 1.5707963268e+00 -2.4296235863e+00
2.2074350465e-04 2.6182549690e+04 1.5707963268e+00 -2.4305880432e+00
2.2088576673e-04 2.6201914320e+04 1.5707963268e+00 -2.4315510734e+00
2.2102797490e-04 2.6221290894e+04 1.5707963268e+00 -2.4325126790e+00
2.2117012926e-04 2.6240679395e+04 1.5707963268e+00 -2.4334728625e+00
2.2131222988e-04 2.6260079805e+04 1.5707963268e+00 -2.4344316259e+00
2.2145427685e-04 2.6279492107e+04 1.5707963268e+00 -2.4353889717e+00
2.2159627027e-04 2.6298916283e+04 1.5707963268e+00 -2.4363449021e+00
2.2173821022e-04 2.6318352317e+04 1.5707963268e+00 -2.4372994194e+00
2.2188009679e-04 2.6337800191e+04 1.5707963268e+00 -2.4382525258e+00
2.2202193005e-04 2.6357259887e+04 1.5707963268e+00 -2.4392042236e+00
2.2216371011e-04 2.6376731389e+04 1.5707963268e+00 -2.4401545151e+00
2.2230543704e-04 2.6396214679e+04 1.5707963268e+00 -2.4411034025e+00
2.2244711093e-04 2.6415709739e+04 1.5707963268e+00 -2.4420508881e+00
2.2258873187e-04 2.6435216553e+04 1.5707963268e+00 -2.4429969742e+00
2.2273029994e-04 2.6454735103e+04 1.5707963268e+00 -2.4439416630e+00
2.2287181522e-04 2.6474265372e+04 1.5707963268e+00 -2.4448849567e+00
2.2301327781e-04 2.6493807343e+04 1.5707963268e+00 -2.4458268577e+00
2.2315468779e-04 2.6513360999e+04 1.5707963268e+00 -2.4467673682e+00
2.2329604525e-04 2.6532926321e+04 1.5707963268e+00 -2.4477064904e+00
2.2343735026e-04 2.6552503294e+04 1.5707963268e+00 -2.4486442265e+00
2.2357860292e-04 2.6572091900e+04 1.5707963268e+00 -2.4495805789e+00
2.2371980330e-04 2.6591692122e+04 1.5707963268e+00 -2.4505155497e+00
2.2386095150e-04 2.6611303943e+04 1.5707963268e+00 -2.4514491412e+00
2.2400204760e-04 2.6630927345e+04 1.5707963268e+00 -2.4523813556e+00
2.2414309168e-04 2.6650562312e+04 1.5707963268e+00 -2.4533121951e+00
2.2428408383e-04 2.6670208827e+04 1.5707963268e+00 -2.4542416621e+00
2.2442502413e-04 2.6689866872e+04 1.5707963268e+00 -2.4551697586e+00
2.2456591267e-04 2.6709536430e+04 1.5707963268e+00 -2.4560964870e+00
2.2470674952e-04 2.6729217484e+04 1.5707963268e+00 -2.4570218495e+00
2.2484753478e-04 2.6748910018e+04 1.5707963268e+00 -2.4579458483e+00
2.2498826852e-04 2.6768614014e+04 1.5707963268e+00 -2.4588684855e+00
2.2512895084e-04 2.6788329455e+04 1.5707963268e+00 -2.4597897635e+00
2.2526958180e-04 2.6808056325e+04 1.5707963268e+00 -2.4607096844e+00
2.2541016151e-04 2.6827794606e+04 1.5707963268e+00 -2.4616282504e+00
2.2555069003e-04 2.6847544281e+04 1.5707963268e+00 -2.4625454638e+00
2.2569116746e-04 2.6867305334e+04 1.5707963268e+00 -2.4634613268e+00
2.2583159388e-04 2.6887077748e+04 1.5707963268e+00 -2.4643758415e+00
2.2597196936e-04 2.6906861505e+04 1.5707963268e+00 -2.4652890102e+00
2.2611229399e-04 2.6926656589e+04 1.5707963268e+00 -2.4662008350e+00
2.2625256786e-04 2.6946462982e+04 1.5707963268e+00 -2.4671113183e+00
2.2639279104e-04 2.6966280669e+04 1.5707963268e+00 -2.4680204620e+00
2.2653296362e-04 2.6986109632e+04 1.5707963268e+00 -2.4689282685e+00
2.2667308568e-04 2.7005949855e+04 1.5707963268e+00 -2.4698347400e+00
2.2681315730e-04 2.7025801320e+04 1.5707963268e+00 -2.4707398786e+00
2.2695317857e-04 2.7045664011e+04 1.5707963268e+00 -2.4716436864e+00
2.2709314956e-04 2.7065537911e+04 1.5707963268e+00 -2.4725461658e+00
2.2723307036e-04 2.7085423004e+04 1.5707963268e+00 -2.4734473188e+00
2.2737294105e-04 2.7105319272e+04 1.5707963268e+00 -2.4743471477e+00
2.2751276171e-04 2.7125226698e+04 1.5707963268e+00 -2.4752456546e+00
2.2765253241e-04 2.7145145267e+04 1.5707963268e+00 -2.4761428417e+00
2.2779225325e-04 2.7165074962e+04 1.5707963268e+00 -2.4770387111e+00
2.2793192431e-04 2.7185015765e+04 1.5707963268e+00 -2.4779332651e+00
2.2807154565e-04 2.7204967661e+04 1.5707963268e+00 -2.4788265057e+00
2.2821111737e-04 2.7224930632e+04 1.5707963268e+00 -2.4797184352e+00
2.2835063955e-04 2.7244904662e+04 1.5707963268e+00 -2.4806090557e+00
2.2849011226e-04 2.7264889734e+04 1.5707963268e+00 -2.4814983694e+00
2.2862953558e-04 2.7284885832e+04 1.5707963268e+00 -2.4823863784e+00
2.2876890960e-04 2.7304892939e+04 1.5707963268e+00 -2.4832730848e+00
2.2890823440e-04 2.7324911038e+04 1.5707963268e+00 -2.4841584909e+00
2.2904751005e-04 2.7344940114e+04 1.5707963268e+00 -2.4850425987e+00
2.2918673663e-04 2.7364980149e+04 1.5707963268e+00 -2.4859254104e+00
2.2932591423e-04 2.7385031127e+04 1.5707963268e+00 -2.4868069282e+00
2.2946504292e-04 2.7405093032e+04 1.5707963268e+00 -2.4876871542e+00
2.2960412279e-04 2.7425165847e+04 1.5707963268e+00 -2.4885660904e+00
2.2974315391e-04 2.7445249556e+04 1.5707963268e+00 -2.4894437391e+00
2.2988213636e-04 2.7465344141e+04 1.5707963268e+00 -2.4903201024e+00
2.3002107022e-04 2.7485449588e+04 1.5707963268e+00 -2.4911951824e+00
2.3015995556e-04 2.7505565879e+04 1.5707963268e+00 -2.4920689813e+00
2.3029879248e-04 2.7525692998e+04 1.5707963268e+00 -2.4929415011e+00
2.3043758104e-04 2.7545830929e+04 1.5707963268e+00 -2.4938127439e+00
2.3057632132e-04 2.7565979654e+04 1.5707963268e+00 -2.4946827120e+00
2.3071501341e-04 2.7586139159e+04 1.5707963268e+00 -2.4955514073e+00
2.3085365738e-04 2.7606309427e+04 1.5707963268e+00 -2.4964188321e+00
2.3099225331e-04 2.7626490441e+04 1.5707963268e+00 -2.4972849884e+00
2.3113080127e-04 2.7646682185e+04 1.5707963268e+00 -2.4981498783e+00
2.3126930135e-04 2.7666884643e+04 1.5707963268e+00 -2.4990135039e+00
2.3140775362e-04 2.7687097798e+04 1.5707963268e+00 -2.4998758674e+00
2.3154615816e-04 2.7707321635e+04 1.5707963268e+00 -2.5007369708e+00
2.3168451504e-04 2.7727556137e+04 1.5707963268e+00 -2.5015968163e+00
2.3182282435e-04 2.7747801288e+04 1.5707963268e+00 -2.5024554058e+00
2.3196108616e-04 2.7768057072e+04 1.5707963268e+00 -2.5033127416e+00
2.3209930055e-04 2.7788323473e+04 1.5707963268e+00 -2.5041688257e+00
2.3223746760e-04 2.7808600474e+04 1.5707963268e+00 -2.5050236601e+00
2.3237558737e-04 2.7828888059e+04 1.5707963268e+00 -2.5058772470e+00
2.3251365995e-04 2.7849186213e+04 1.5707963268e+00 -2.5067295885e+00
2.3265168542e-04 2.7869494919e+04 1.5707963268e+00 -2.5075806866e+00
2.3278966385e-04 2.7889814161e+04 1.5707963268e+00 -2.5084305433e+00
2.3292759531e-04 2.7910143923e+04 1.5707963268e+00 -2.5092791608e+00
2.3306547989e-04 2.7930484190e+04 1.5707963268e+00 -2.5101265412e+00
2.3320331765e-04 2.7950834944e+04 1.5707963268e+00 -2.5109726865e+00
2.3334110869e-04 2.7971196171e+04 1.5707963268e+00 -2.5118175987e+00
2.3347885306e-04 2.7991567854e+04 1.5707963268e+00 -2.5126612799e+00
2.3361655084e-04 2.8011949977e+04 1.5707963268e+00 -2.5135037322e+00
2.3375420212e-04 2.8032342524e+04 1.5707963268e+00 -2.5143449577e+00
2.3389180696e-04 2.8052745480e+04 1.5707963268e+00 -2.5151849583e+00
2.3402936545e-04 2.8073158828e+04 1.5707963268e+00 -2.5160237362e+00
2.3416687765e-04 2.8093582552e+04 1.5707963268e+00 -2.5168612933e+00
2.3430434365e-04 2.8114016637e+04 1.5707963268e+00 -2.5176976318e+00
2.3444176351e-04 2.8134461067e+04 1.5707963268e+00 -2.5185327537e+00
2.3457913731e-04 2.8154915827e+04 1.5707963268e+00 -2.5193666609e+00
2.3471646513e-04 2.8175380899e+04 1.5707963268e+00 -2.5201993556e+00
2.3485374703e-04 2.8195856269e+04 1.5707963268e+00 -2.5210308397e+00
2.3499098310e-04 2.8216341920e+04 1.5707963268e+00 -2.5218611154e+00
2.3512817341e-04 2.8236837837e+04 1.5707963268e+00 -2.5226901846e+00
2.3526531803e-04 2.8257344005e+04 1.5707963268e+00 -2.5235180493e+00
2.3540241704e-04 2.8277860407e+04 1.5707963268e+00 -2.5243447116e+00
2.3553947050e-04 2.8298387028e+04 1.5707963268e+00 -2.5251701735e+00
2.3567647850e-04 2.8318923851e+04 1.5707963268e+00 -2.5259944371e+00
2.3581344111e-04 2.8339470863e+04 1.5707963268e+00 -2.5268175042e+00
2.3595035840e-04 2.8360028046e+04 1.5707963268e+00 -2.5276393770e+00
2.3608723044e-04 2.8380595385e+04 1.5707963268e+00 -2.5284600574e+00
2.3622405730e-04 2.8401172865e+04 1.5707963268e+00 -2.5292795475e+00
2.3636083907e-04 2.8421760469e+04 1.5707963268e+00 -2.5300978492e+00
2.3649757581e-04 2.8442358184e+04 1.5707963268e+00 -2.5309149646e+00
2.3663426759e-04 2.8462965992e+04 1.5707963268e+00 -2.5317308956e+00
2.3677091449e-04 2.8483583878e+04 1.5707963268e+00 -2.5325456442e+00
2.3690751658e-04 2.8504211827e+04 1.5707963268e+00 -2.5333592125e+00
2.3704407394e-04 2.8524849824e+04 1.5707963268e+00 -2.5341716024e+00
2.3718058663e-04 2.8545497852e+04 1.5707963268e+00 -2.5349828159e+00
2.3731705472e-04 2.8566155897e+04 1.5707963268e+00 -2.5357928550e+00
2.3745347829e-04 2.8586823943e+04 1.5707963268e+00 -2.5366017217e+00
2.3758985742e-04 2.8607501974e+04 1.5707963268e+00 -2.5374094179e+00
2.3772619217e-04 2.8628189976e+04 1.5707963268e+00 -2.5382159457e+00
2.3786248261e-04 2.8648887932e+04 1.5707963268e+00 -2.5390213069e+00
2.3799872881e-04 2.8669595828e+04 1.5707963268e+00 -2.5398255036e+00
2.3813493086e-04 2.8690313648e+04 1.5707963268e+00 -2.5406285377e+00
2.3827108881e-04 2.8711041377e+04 1.5707963268e+00 -2.5414304112e+00
2.3840720274e-04 2.8731778999e+04 1.5707963268e+00 -2.5422311260e+00
2.3854327272e-04 2.8752526499e+04 1.5707963268e+00 -2.5430306842e+00
2.3867929882e-04 2.8773283863e+04 1.5707963268e+00 -2.5438290876e+00
2.3881528112e-04 2.8794051074e+04 1.5707963268e+00 -2.5446263383e+00
2.3895121967e-04 2.8814828117e+04 1.5707963268e+00 -2.5454224381e+00
2.3908711456e-04 2.8835614978e+04 1.5707963268e+00 -2.5462173890e+00
2.3922296585e-04 2.8856411641e+04 1.5707963268e+00 -2.5470111929e+00
2.3935877362e-04 2.8877218091e+04 1.5707963268e+00 -2.5478038519e+00
2.3949453792e-04 2.8898034312e+04 1.5707963268e+00 -2.5485953678e+00
2.3963025885e-04 2.8918860290e+04 1.5707963268e+00 -2.5493857425e+00
2.3976593645e-04 2.8939696010e+04 1.5707963268e+00 -2.5501749781e+00
2.3990157081e-04 2.8960541456e+04 1.5707963268e+00 -2.5509630764e+00
2.4003716199e-04 2.8981396614e+04 1.5707963268e+00 -2.5517500393e+00
2.4017271006e-04 2.9002261468e+04 1.5707963268e+00 -2.5525358688e+00
2.4030821510e-04 2.9023136003e+04 1.5707963268e+00 -2.5533205669e+00
2.4044367716e-04 2.9044020204e+04 1.5707963268e+00 -2.5541041353e+00
2.4057909633e-04 2.9064914057e+04 1.5707963268e+00 -2.5548865761e+00
2.4071447266e-04 2.9085817546e+04 1.5707963268e+00 -2.5556678911e+00
2.4084980623e-04 2.9106730656e+04 1.5707963268e+00 -2.5564480823e+00
2.4098509711e-04 2.9127653373e+04 1.5707963268e+00 -2.5572271515e+00
2.4112034536e-04 2.9148585682e+04 1.5707963268e+00 -2.5580051007e+00
2.4125555106e-04 2.9169527566e+04 1.5707963268e+00 -2.5587819318e+00
2.4139071427e-04 2.9190479013e+04 1.5707963268e+00 -2.5595576466e+00
2.4152583506e-04 2.9211440007e+04 1.5707963268e+00 -2.5603322471e+00
2.4166091349e-04 2.9232410532e+04 1.5707963268e+00 -2.5611057352e+00
2.4179594965e-04 2.9253390575e+04 1.5707963268e+00 -2.5618781127e+00
2.4193094359e-04 2.9274380120e+04 1.5707963268e+00 -2.5626493815e+00
2.4206589538e-04 2.9295379153e+04 1.5707963268e+00 -2.5634195436e+00
2.4220080509e-04 2.9316387658e+04 1.5707963268e+00 -2.5641886007e+00
2.4233567279e-04 2.9337405622e+04 1.5707963268e+00 -2.5649565549e+00
2.4247049854e-04 2.9358433029e+04 1.5707963268e+00 -2.5657234079e+00
2.4260528242e-04 2.9379469865e+04 1.5707963268e+00 -2.5664891616e+00
2.4274002448e-04 2.9400516115e+04 1.5707963268e+00 -2.5672538179e+00
2.4287472480e-04 2.9421571764e+04 1.5707963268e+00 -2.5680173786e+00
2.4300938345e-04 2.9442636798e+04 1.5707963268e+00 -2.5687798457e+00
2.4314400048e-04 2.9463711202e+04 1.5707963268e+00 -2.5695412210e+00
2.4327857597e-04 2.9484794962e+04 1.5707963268e+00 -2.5703015063e+00
2.4341310999e-04 2.9505888062e+04 1.5707963268e+00 -2.5710607036e+00
2.4354760259e-04 2.9526990489e+04 1.5707963268e+00 -2.5718188146e+00
2.4368205385e-04 2.9548102227e+04 1.5707963268e+00 -2.5725758412e+00
2.4381646384e-04 2.9569223263e+04 1.5707963268e+00 -2.5733317852e+00
2.4395083261e-04 2.9590353582e+04 1.5707963268e+00 -2.5740866486e+00
2.4408516024e-04 2.9611493168e+04 1.5707963268e+00 -2.5748404331e+00
2.4421944679e-04 2.9632642009e+04 1.5707963268e+00 -2.5755931405e+00
2.4435369232e-04 2.9653800089e+04 1.5707963268e+00 -2.5763447728e+00
2.4448789691e-04 2.9674967394e+04 1.5707963268e+00 -2.5770953318e+00
2.4462206061e-04 2.9696143909e+04 1.5707963268e+00 -2.5778448192e+00
2.4475618350e-04 2.9717329621e+04 1.5707963268e+00 -2.5785932369e+00
2.4489026563e-04 2.9738524514e+04 1.5707963268e+00 -2.5793405868e+00
2.4502430708e-04 2.9759728574e+04 1.5707963268e+00 -2.5800868706e+00
2.4515830791e-04 2.9780941788e+04 1.5707963268e+00 -2.5808320902e+00
2.4529226818e-04 2.9802164140e+04 1.5707963268e+00 -2.5815762474e+00
2.4542618795e-04 2.9823395617e+04 1.5707963268e+00 -2.5823193440e+00
2.4556006730e-04 2.9844636204e+04 1.5707963268e+00 -2.5830613818e+00
2.4569390629e-04 2.9865885887e+04 1.5707963268e+00 -2.5838023626e+00
2.4582770498e-04 2.9887144652e+04 1.5707963268e+00 -2.5845422883e+00
2.4596146344e-04 2.9908412484e+04 1.5707963268e+00 -2.5852811606e+00
2.4609518173e-04 2.9929689370e+04 1.5707963268e+00 -2.5860189813e+00
2.4622885991e-04 2.9950975294e+04 1.5707963268e+00 -2.5867557522e+00
2.4636249805e-04 2.9972270244e+04 1.5707963268e+00 -2.5874914752e+00
2.4649609621e-04 2.9993574204e+04 1.5707963268e+00 -2.5882261520e+00
2.4662965446e-04 3.0014887161e+04 1.5707963268e+00 -2.5889597844e+00
2.4676317286e-04 3.0036209101e+04 1.5707963268e+00 -2.5896923741e+00
2.4689665147e-04 3.0057540009e+04 1.5707963268e+00 -2.5904239231e+00
2.4703009036e-04 3.0078879872e+04 1.5707963268e+00 -2.5911544329e+00
2.4716348959e-04 3.0100228675e+04 1.5707963268e+00 -2.5918839055e+00
2.4729684922e-04 3.0121586405e+04 1.5707963268e+00 -2.5926123426e+00
2.4743016932e-04 3.0142953047e+04 1.5707963268e+00 -2.5933397460e+00
2.4756344995e-04 3.0164328588e+04 1.5707963268e+00 -2.5940661174e+00
2.4769669117e-04 3.0185713013e+04 1.5707963268e+00 -2.5947914586e+00
2.4782989305e-04 3.0207106308e+04 1.5707963268e+00 -2.5955157714e+00
2.4796305564e-04 3.0228508461e+04 1.5707963268e+00 -2.5962390575e+00
2.4809617902e-04 3.0249919456e+04 1.5707963268e+00 -2.5969613187e+00
2.4822926323e-04 3.0271339280e+04 1.5707963268e+00 -2.5976825567e+00
2.4836230836e-04 3.0292767919e+04 1.5707963268e+00 -2.5984027733e+00
2.4849531445e-04 3.0314205359e+04 1.5707963268e+00 -2.5991219703e+00
2.4862828156e-04 3.0335651586e+04 1.5707963268e+00 -2.5998401493e+00
2.4876120977e-04 3.0357106587e+04 1.5707963268e+00 -2.6005573122e+00
2.4889409913e-04 3.0378570348e+04 1.5707963268e+00 -2.6012734606e+00
2.4902694971e-04 3.0400042855e+04 1.5707963268e+00 -2.6019885963e+00
2.4915976156e-04 3.0421524094e+04 1.5707963268e+00 -2.6027027211e+00
2.4929253475e-04 3.0443014051e+04 1.5707963268e+00 -2.6034158367e+00
2.4942526934e-04 3.0464512714e+04 1.5707963268e+00 -2.6041279447e+00
2.4955796539e-04 3.0486020067e+04 1.5707963268e+00 -2.6048390470e+00
2.4969062297e-04 3.0507536098e+04 1.5707963268e+00 -2.6055491452e+00
2.4982324212e-04 3.0529060793e+04 1.5707963268e+00 -2.6062582411e+00
2.4995582292e-04 3.0550594138e+04 1.5707963268e+00 -2.6069663364e+00
2.5008836542e-04 3.0572136120e+04 1.5707963268e+00 -2.6076734328e+00
2.5022086969e-04 3.0593686725e+04 1.5707963268e+00 -2.6083795320e+00
2.5035333578e-04 3.0615245939e+04 1.5707963268e+00 -2.6090846358e+00
2.5048576376e-04 3.0636813750e+04 1.5707963268e+00 -2.6097887458e+00
2.5061815369e-04 3.0658390142e+04 1.5707963268e+00 -2.6104918637e+00
2.5075050562e-04 3.0679975104e+04 1.5707963268e+00 -2.6111939912e+00
2.5088281962e-04 3.0701568621e+04 1.5707963268e+00 -2.6118951301e+00
2.5101509574e-04 3.0723170680e+04 1.5707963268e+00 -2.6125952820e+00
2.5114733406e-04 3.0744781267e+04 1.5707963268e+00 -2.6132944487e+00
2.5127953462e-04 3.0766400370e+04 1.5707963268e+00 -2.6139926318e+00
2.5141169748e-04 3.0788027974e+04 1.5707963268e+00 -2.6146898329e+00
2.5154382272e-04 3.0809664066e+04 1.5707963268e+00 -2.6153860539e+00
2.5167591038e-04 3.0831308634e+04 1.5707963268e+00 -2.6160812963e+00
2.5180796052e-04 3.0852961663e+04 1.5707963268e+00 -2.6167755619e+00
2.5193997321e-04 3.0874623140e+04 1.5707963268e+00 -2.6174688523e+00
2.5207194850e-04 3.0896293052e+04 1.5707963268e+00 -2.6181611692e+00
2.5220388645e-04 3.0917971386e+04 1.5707963268e+00 -2.6188525143e+00
2.5233578713e-04 3.0939658128e+04 1.5707963268e+00 -2.6195428892e+00
2.5246765059e-04 3.0961353265e+04 1.5707963268e+00 -2.6202322956e+00
2.5259947688e-04 3.0983056784e+04 1.5707963268e+00 -2.6209207352e+00
2.5273126607e-04 3.1004768672e+04 1.5707963268e+00 -2.6216082096e+00
2.5286301822e-04 3.1026488916e+04 1.5707963268e+00 -2.6222947205e+00
2.5299473339e-04 3.1048217501e+04 1.5707963268e+00 -2.6229802695e+00
2.5312641162e-04 3.1069954416e+04 1.5707963268e+00 -2.6236648583e+00
2.5325805299e-04 3.1091699647e+04 1.5707963268e+00 -2.6243484885e+00
2.5338965755e-04 3.1113453180e+04 1.5707963268e+00 -2.6250311619e+00
2.5352122535e-04 3.1135215004e+04 1.5707963268e+00 -2.6257128799e+00
2.5365275646e-04 3.1156985104e+04 1.5707963268e+00 -2.6263936443e+00
2.5378425094e-04 3.1178763468e+04 1.5707963268e+00 -2.6270734568e+00
2.5391570883e-04 3.1200550083e+04 1.5707963268e+00 -2.6277523188e+00
2.5404713020e-04 3.1222344935e+04 1.5707963268e+00 -2.6284302322e+00
2.5417851511e-04 3.1244148012e+04 1.5707963268e+00 -2.6291071984e+00
2.5430986361e-04 3.1265959301e+04 1.5707963268e+00 -2.6297832192e+00
2.5444117576e-04 3.1287778788e+04 1.5707963268e+00 -2.6304582961e+00
2.5457245162e-04 3.1309606461e+04 1.5707963268e+00 -2.6311324307e+00
2.5470369124e-04 3.1331442307e+04 1.5707963268e+00 -2.6318056248e+00
2.5483489468e-04 3.1353286312e+04 1.5707963268e+00 -2.6324778799e+00
2.5496606200e-04 3.1375138465e+04 1.5707963268e+00 -2.6331491976e+00
2.5509719326e-04 3.1396998752e+04 1.5707963268e+00 -2.6338195795e+00
2.5522828851e-04 3.1418867161e+04 1.5707963268e+00 -2.6344890273e+00
2.5535934780e-04 3.1440743678e+04 1.5707963268e+00 -2.6351575425e+00
2.5549037121e-04 3.1462628291e+04 1.5707963268e+00 -2.6358251267e+00
2.5562135877e-04 3.1484520986e+04 1.5707963268e+00 -2.6364917816e+00
2.5575231054e-04 3.1506421752e+04 1.5707963268e+00 -2.6371575088e+00
2.5588322660e-04 3.1528330575e+04 1.5707963268e+00 -2.6378223097e+00
2.5601410698e-04 3.1550247443e+04 1.5707963268e+00 -2.6384861861e+00
2.5614495174e-04 3.1572172344e+04 1.5707963268e+00 -2.6391491395e+00
2.5627576095e-04 3.1594105263e+04 1.5707963268e+00 -2.6398111716e+00
2.5640653465e-04 3.1616046189e+04 1.5707963268e+00 -2.6404722837e+00
2.5653727290e-04 3.1637995109e+04 1.5707963268e+00 -2.6411324777e+00
2.5666797576e-04 3.1659952011e+04 1.5707963268e+00 -2.6417917550e+00
2.5679864329e-04 3.1681916881e+04 1.5707963268e+00 -2.6424501172e+00
2.5692927553e-04 3.1703889707e+04 1.5707963268e+00 -2.6431075659e+00
2.5705987254e-04 3.1725870477e+04 1.5707963268e+00 -2.6437641027e+00
2.5719043439e-04 3.1747859179e+04 1.5707963268e+00 -2.6444197291e+00
2.5732096111e-04 3.1769855798e+04 1.5707963268e+00 -2.6450744467e+00
2.5745145278e-04 3.1791860324e+04 1.5707963268e+00 -2.6457282570e+00
2.5758190944e-04 3.1813872743e+04 1.5707963268e+00 -2.6463811617e+00
2.5771233114e-04 3.1835893044e+04 1.5707963268e+00 -2.6470331622e+00
2.5784271795e-04 3.1857921212e+04 1.5707963268e+00 -2.6476842602e+00
2.5797306991e-04 3.1879957238e+04 1.5707963268e+00 -2.6483344571e+00
2.5810338709e-04 3.1902001106e+04 1.5707963268e+00 -2.6489837545e+00
2.5823366953e-04 3.1924052807e+04 1.5707963268e+00 -2.6496321540e+00
2.5836391728e-04 3.1946112326e+04 1.5707963268e+00 -2.6502796571e+00
2.5849413042e-04 3.1968179651e+04 1.5707963268e+00 -2.6509262654e+00
2.5862430897e-04 3.1990254772e+04 1.5707963268e+00 -2.6515719804e+00
2.5875445302e-04 3.2012337674e+04 1.5707963268e+00 -2.6522168035e+00
2.5888456259e-04 3.2034428345e+04 1.5707963268e+00 -2.6528607365e+00
2.5901463775e-04 3.2056526774e+04 1.5707963268e+00 -2.6535037807e+00
2.5914467856e-04 3.2078632948e+04 1.5707963268e+00 -2.6541459377e+00
2.5927468506e-04 3.2100746855e+04 1.5707963268e+00 -2.6547872091e+00
2.5940465731e-04 3.2122868483e+04 1.5707963268e+00 -2.6554275963e+00
2.5953459536e-04 3.2144997819e+04 1.5707963268e+00 -2.6560671009e+00
2.5966449927e-04 3.2167134851e+04 1.5707963268e+00 -2.6567057244e+00
2.5979436908e-04 3.2189279568e+04 1.5707963268e+00 -2.6573434684e+00
2.5992420486e-04 3.2211431956e+04 1.5707963268e+00 -2.6579803342e+00
2.6005400665e-04 3.2233592004e+04 1.5707963268e+00 -2.6586163235e+00
2.6018377451e-04 3.2255759700e+04 1.5707963268e+00 -2.6592514376e+00
2.6031350848e-04 3.2277935032e+04 1.5707963268e+00 -2.6598856783e+00
2.6044320863e-04 3.2300117986e+04 1.5707963268e+00 -2.6605190469e+00
2.6057287501e-04 3.2322308553e+04 1.5707963268e+00 -2.6611515449e+00
2.6070250766e-04 3.2344506719e+04 1.5707963268e+00 -2.6617831738e+00
2.6083210664e-04 3.2366712472e+04 1.5707963268e+00 -2.6624139352e+00
2.6096167200e-04 3.2388925801e+04 1.5707963268e+00 -2.6630438305e+00
2.6109120379e-04 3.2411146693e+04 1.5707963268e+00 -2.6636728611e+00
2.6122070207e-04 3.2433375136e+04 1.5707963268e+00 -2.6643010287e+00
2.6135016689e-04 3.2455611119e+04 1.5707963268e+00 -2.6649283347e+00
2.6147959829e-04 3.2477854630e+04 1.5707963268e+00 -2.6655547805e+00
2.6160899634e-04 3.2500105656e+04 1.5707963268e+00 -2.6661803676e+00
2.6173836108e-04 3.2522364187e+04 1.5707963268e+00 -2.6668050975e+00
2.6186769256e-04 3.2544630209e+04 1.5707963268e+00 -2.6674289717e+00
2.6199699084e-04 3.2566903711e+04 1.5707963268e+00 -2.6680519917e+00
2.6212625596e-04 3.2589184682e+04 1.5707963268e+00 -2.6686741588e+00
2.6225548799e-04 3.2611473109e+04 1.5707963268e+00 -2.6692954747e+00
2.6238468696e-04 3.2633768981e+04 1.5707963268e+00 -2.6699159407e+00
2.6251385293e-04 3.2656072285e+04 1.5707963268e+00 -2.6705355582e+00
2.6264298595e-04 3.2678383011e+04 1.5707963268e+00 -2.6711543289e+00
2.6277208607e-04 3.2700701146e+04 1.5707963268e+00 -2.6717722540e+00
2.6290115335e-04 3.2723026679e+04 1.5707963268e+00 -2.6723893351e+00
2.6303018783e-04 3.2745359598e+04 1.5707963268e+00 -2.6730055736e+00
2.6315918956e-04 3.2767699891e+04 1.5707963268e+00 -2.6736209710e+00
2.6328815860e-04 3.2790047547e+04 1.5707963268e+00 -2.6742355286e+00
2.6341709499e-04 3.2812402554e+04 1.5707963268e+00 -2.6748492480e+00
2.6354599878e-04 3.2834764901e+04 1.5707963268e+00 -2.6754621306e+00
2.6367487003e-04 3.2857134575e+04 1.5707963268e+00 -2.6760741778e+00
2.6380370878e-04 3.2879511565e+04 1.5707963268e+00 -2.6766853910e+00
2.6393251509e-04 3.2901895860e+04 1.5707963268e+00 -2.6772957718e+00
2.6406128901e-04 3.2924287448e+04 1.5707963268e+00 -2.6779053214e+00
2.6419003057e-04 3.2946686318e+04 1.5707963268e+00 -2.6785140414e+00
2.6431873985e-04 3.2969092458e+04 1.5707963268e+00 -2.6791219331e+00
2.6444741687e-04 3.2991505856e+04 1.5707963268e+00 -2.6797289980e+00
2.6457606170e-04 3.3013926501e+04 1.5707963268e+00 -2.6803352375e+00
2.6470467438e-04 3.3036354382e+04 1.5707963268e+00 -2.6809406530e+00
2.6483325497e-04 3.3058789487e+04 1.5707963268e+00 -2.6815452459e+00
2.6496180350e-04 3.3081231805e+04 1.5707963268e+00 -2.6821490177e+00
2.6509032004e-04 3.3103681325e+04 1.5707963268e+00 -2.6827519697e+00
2.6521880463e-04 3.3126138034e+04 1.5707963268e+00 -2.6833541034e+00
2.6534725731e-04 3.3148601922e+04 1.5707963268e+00 -2.6839554201e+00
2.6547567814e-04 3.3171072977e+04 1.5707963268e+00 -2.6845559213e+00
2.6560406717e-04 3.3193551188e+04 1.5707963268e+00 -2.6851556084e+00
2.6573242444e-04 3.3216036544e+04 1.5707963268e+00 -2.6857544827e+00
2.6586075000e-04 3.3238529033e+04 1.5707963268e+00 -2.6863525456e+00
2.6598904391e-04 3.3261028644e+04 1.5707963268e+00 -2.6869497986e+00
2.6611730621e-04 3.3283535366e+04 1.5707963268e+00 -2.6875462429e+00
2.6624553694e-04 3.3306049188e+04 1.5707963268e+00 -2.6881418801e+00
2.6637373617e-04 3.3328570098e+04 1.5707963268e+00 -2.6887367115e+00
2.6650190393e-04 3.3351098085e+04 1.5707963268e+00 -2.6893307385e+00
2.6663004027e-04 3.3373633138e+04 1.5707963268e+00 -2.6899239624e+00
2.6675814524e-04 3.3396175246e+04 1.5707963268e+00 -2.6905163847e+00
2.6688621889e-04 3.3418724398e+04 1.5707963268e+00 -2.6911080066e+00
2.6701426127e-04 3.3441280582e+04 1.5707963268e+00 -2.6916988296e+00
2.6714227242e-04 3.3463843787e+04 1.5707963268e+00 -2.6922888551e+00
2.6727025239e-04 3.3486414003e+04 1.5707963268e+00 -2.6928780843e+00
2.6739820124e-04 3.3508991218e+04 1.5707963268e+00 -2.6934665188e+00
2.6752611900e-04 3.3531575422e+04 1.5707963268e+00 -2.6940541597e+00
2.6765400572e-04 3.3554166602e+04 1.5707963268e+00 -2.6946410086e+00
2.6778186146e-04 3.3576764749e+04 1.5707963268e+00 -2.6952270667e+00
2.6790968625e-04 3.3599369850e+04 1.5707963268e+00 -2.6958123354e+00
2.6803748015e-04 3.3621981896e+04 1.5707963268e+00 -2.6963968160e+00
2.6816524320e-04 3.3644600876e+04 1.5707963268e+00 -2.6969805100e+00
2.6829297546e-04 3.3667226777e+04 1.5707963268e+00 -2.6975634186e+00
2.6842067696e-04 3.3689859590e+04 1.5707963268e+00 -2.6981455432e+00
2.6854834775e-04 3.3712499303e+04 1.5707963268e+00 -2.6987268851e+00
2.6867598788e-04 3.3735145906e+04 1.5707963268e+00 -2.6993074457e+00
2.6880359740e-04 3.3757799387e+04 1.5707963268e+00 -2.6998872263e+00
2.6893117635e-04 3.3780459736e+04 1.5707963268e+00 -2.7004662283e+00
2.6905872478e-04 3.3803126942e+04 1.5707963268e+00 -2.7010444529e+00
2.6918624274e-04 3.3825800994e+04 1.5707963268e+00 -2.7016219015e+00
2.6931373027e-04 3.3848481882e+04 1.5707963268e+00 -2.7021985755e+00
2.6944118741e-04 3.3871169594e+04 1.5707963268e+00 -2.7027744761e+00
2.6956861422e-04 3.3893864119e+04 1.5707963268e+00 -2.7033496047e+00
2.6969601074e-04 3.3916565448e+04 1.5707963268e+00 -2.7039239626e+00
2.6982337702e-04 3.3939273569e+04 1.5707963268e+00 -2.7044975511e+00
2.6995071309e-04 3.3961988472e+04 1.5707963268e+00 -2.7050703715e+00
2.7007801902e-04 3.3984710145e+04 1.5707963268e+00 -2.7056424252e+00
2.7020529483e-04 3.4007438578e+04 1.5707963268e+00 -2.7062137135e+00
2.7033254059e-04 3.4030173762e+04 1.5707963268e+00 -2.7067842376e+00
2.7045975632e-04 3.4052915683e+04 1.5707963268e+00 -2.7073539988e+00
2.7058694209e-04 3.4075664334e+04 1.5707963268e+00 -2.7079229986e+00
2.7071409793e-04 3.4098419701e+04 1.5707963268e+00 -2.7084912381e+00
2.7084122389e-04 3.4121181776e+04 1.5707963268e+00 -2.7090587187e+00
2.7096832002e-04 3.4143950548e+04 1.5707963268e+00 -2.7096254417e+00
2.7109538635e-04 3.4166726005e+04 1.5707963268e+00 -2.7101914083e+00
2.7122242294e-04 3.4189508137e+04 1.5707963268e+00 -2.7107566199e+00
2.7134942983e-04 3.4212296935e+04 1.5707963268e+00 -2.7113210777e+00
2.7147640707e-04 3.4235092386e+04 1.5707963268e+00 -2.7118847830e+00
2.7160335469e-04 3.4257894482e+04 1.5707963268e+00 -2.7124477372e+00
2.7173027274e-04 3.4280703211e+04 1.5707963268e+00 -2.7130099414e+00
2.7185716128e-04 3.4303518562e+04 1.5707963268e+00 -2.7135713970e+00
2.7198402033e-04 3.4326340527e+04 1.5707963268e+00 -2.7141321053e+00
2.7211084995e-04 3.4349169093e+04 1.5707963268e+00 -2.7146920675e+00
2.7223765019e-04 3.4372004251e+04 1.5707963268e+00 -2.7152512849e+00
2.7236442107e-04 3.4394845990e+04 1.5707963268e+00 -2.7158097588e+00
2.7249116266e-04 3.4417694300e+04 1.5707963268e+00 -2.7163674904e+00
2.7261787499e-04 3.4440549171e+04 1.5707963268e+00 -2.7169244810e+00
2.7274455811e-04 3.4463410592e+04 1.5707963268e+00 -2.7174807319e+00
2.7287121206e-04 3.4486278553e+04 1.5707963268e+00 -2.7180362443e+00
2.7299783688e-04 3.4509153043e+04 1.5707963268e+00 -2.7185910195e+00
2.7312443262e-04 3.4532034053e+04 1.5707963268e+00 -2.7191450588e+00
2.7325099932e-04 3.4554921571e+04 1.5707963268e+00 -2.7196983633e+00
2.7337753703e-04 3.4577815589e+04 1.5707963268e+00 -2.7202509344e+00
2.7350404579e-04 3.4600716095e+04 1.5707963268e+00 -2.7208027733e+00
2.7363052564e-04 3.4623623080e+04 1.5707963268e+00 -2.7213538812e+00
2.7375697662e-04 3.4646536532e+04 1.5707963268e+00 -2.7219042594e+00
2.7388339879e-04 3.4669456443e+04 1.5707963268e+00 -2.7224539092e+00
2.7400979217e-04 3.4692382801e+04 1.5707963268e+00 -2.7230028317e+00
2.7413615682e-04 3.4715315598e+04 1.5707963268e+00 -2.7235510283e+00
2.7426249278e-04 3.4738254821e+04 1.5707963268e+00 -2.7240985001e+00
2.7438880009e-04 3.4761200463e+04 1.5707963268e+00 -2.7246452483e+00
2.7451507880e-04 3.4784152511e+04 1.5707963268e+00 -2.7251912743e+00
2.7464132893e-04 3.4807110957e+04 1.5707963268e+00 -2.7257365793e+00
2.7476755055e-04 3.4830075790e+04 1.5707963268e+00 -2.7262811644e+00
2.7489374369e-04 3.4853047000e+04 1.5707963268e+00 -2.7268250309e+00
2.7501990840e-04 3.4876024578e+04 1.5707963268e+00 -2.7273681800e+00
2.7514604471e-04 3.4899008512e+04 1.5707963268e+00 -2.7279106129e+00
2.7527215266e-04 3.4921998794e+04 1.5707963268e+00 -2.7284523309e+00
2.7539823231e-04 3.4944995413e+04 1.5707963268e+00 -2.7289933352e+00
2.7552428370e-04 3.4967998359e+04 1.5707963268e+00 -2.7295336270e+00
2.7565030685e-04 3.4991007622e+04 1.5707963268e+00 -2.7300732074e+00
2.7577630183e-04 3.5014023192e+04 1.5707963268e+00 -2.7306120777e+00
2.7590226866e-04 3.5037045060e+04 1.5707963268e+00 -2.7311502392e+00
2.7602820739e-04 3.5060073216e+04 1.5707963268e+00 -2.7316876930e+00
2.7615411807e-04 3.5083107649e+04 1.5707963268e+00 -2.7322244403e+00
2.7628000073e-04 3.5106148350e+04 1.5707963268e+00 -2.7327604823e+00
2.7640585542e-04 3.5129195309e+04 1.5707963268e+00 -2.7332958202e+00
2.7653168217e-04 3.5152248517e+04 1.5707963268e+00 -2.7338304552e+00
2.7665748104e-04 3.5175307962e+04 1.5707963268e+00 -2.7343643885e+00
2.7678325205e-04 3.5198373636e+04 1.5707963268e+00 -2.7348976213e+00
2.7690899526e-04 3.5221445529e+04 1.5707963268e+00 -2.7354301548e+00
2.7703471069e-04 3.5244523630e+04 1.5707963268e+00 -2.7359619902e+00
2.7716039841e-04 3.5267607931e+04 1.5707963268e+00 -2.7364931286e+00
2.7728605843e-04 3.5290698422e+04 1.5707963268e+00 -2.7370235713e+00
2.7741169082e-04 3.5313795092e+04 1.5707963268e+00 -2.7375533193e+00
2.7753729560e-04 3.5336897933e+04 1.5707963268e+00 -2.7380823740e+00
2.7766287281e-04 3.5360006934e+04 1.5707963268e+00 -2.7386107364e+00
2.7778842251e-04 3.5383122085e+04 1.5707963268e+00 -2.7391384078e+00
2.7791394472e-04 3.5406243378e+04 1.5707963268e+00 -2.7396653893e+00
2.7803943950e-04 3.5429370803e+04 1.5707963268e+00 -2.7401916820e+00
2.7816490688e-04 3.5452504349e+04 1.5707963268e+00 -2.7407172873e+00
2.7829034689e-04 3.5475644007e+04 1.5707963268e+00 -2.7412422061e+00
