0.0000000000e+00 1.3748199029e+04 1.5707963268e+00 0.0000000000e+00
2.4834070991e-07 1.3748199029e+04 1.5707963268e+00 3.2258064516e-03
4.9668141982e-07 1.3748203644e+04 1.5707963268e+00 6.4516129032e-03
7.4502197816e-07 1.3748212874e+04 1.5707963268e+00 9.6774171892e-03
9.9336223338e-07 1.3748226719e+04 1.5707963268e+00 1.2903217144e-02
1.2417020339e-06 1.3748245178e+04 1.5707963268e+00 1.6129010602e-02
1.4900412282e-06 1.3748268253e+04 1.5707963268e+00 1.9354795397e-02
1.7383796646e-06 1.3748295943e+04 1.5707963268e+00 2.2580569364e-02
1.9867171916e-06 1.3748328249e+04 1.5707963268e+00 2.5806330337e-02
2.2350536577e-06 1.3748365171e+04 1.5707963268e+00 2.9032076151e-02
2.4833889112e-06 1.3748406708e+04 1.5707963268e+00 3.2257804639e-02
2.7317228006e-06 1.3748452862e+04 1.5707963268e+00 3.5483513635e-02
2.9800551744e-06 1.3748503633e+04 1.5707963268e+00 3.8709200973e-02
3.2283858808e-06 1.3748559021e+04 1.5707963268e+00 4.1934864488e-02
3.4767147684e-06 1.3748619026e+04 1.5707963268e+00 4.5160502013e-02
3.7250416855e-06 1.3748683650e+04 1.5707963268e+00 4.8386111381e-02
3.9733664806e-06 1.3748752892e+04 1.5707963268e+00 5.1611690425e-02
4.2216890020e-06 1.3748826754e+04 1.5707963268e+00 5.4837236980e-02
4.4700090982e-06 1.3748905236e+04 1.5707963268e+00 5.8062748878e-02
4.7183266175e-06 1.3748988338e+04 1.5707963268e+00 6.1288223952e-02
4.9666414082e-06 1.3749076062e+04 1.5707963268e+00 6.4513660035e-02
5.2149533188e-06 1.3749168407e+04 1.5707963268e+00 6.7739054959e-02
5.4632621976e-06 1.3749265376e+04 1.5707963268e+00 7.0964406556e-02
5.7115678929e-06 1.3749366968e+04 1.5707963268e+00 7.4189712658e-02
5.9598702532e-06 1.3749473185e+04 1.5707963268e+00 7.7414971097e-02
6.2081691267e-06 1.3749584027e+04 1.5707963268e+00 8.0640179705e-02
6.4564643617e-06 1.3749699495e+04 1.5707963268e+00 8.3865336312e-02
6.7047558065e-06 1.3749819592e+04 1.5707963268e+00 8.7090438750e-02
6.9530433095e-06 1.3749944316e+04 1.5707963268e+00 9.0315484848e-02
7.2013267189e-06 1.3750073671e+04 1.5707963268e+00 9.3540472438e-02
7.4496058830e-06 1.3750207656e+04 1.5707963268e+00 9.6765399349e-02
7.6978806501e-06 1.3750346273e+04 1.5707963268e+00 9.9990263411e-02
7.9461508683e-06 1.3750489523e+04 1.5707963268e+00 1.0321506245e-01
8.1944163859e-06 1.3750637407e+04 1.5707963268e+00 1.0643979430e-01
8.4426770512e-06 1.3750789927e+04 1.5707963268e+00 1.0966445679e-01
8.6909327123e-06 1.3750947084e+04 1.5707963268e+00 1.1288904774e-01
8.9391832174e-06 1.3751108880e+04 1.5707963268e+00 1.1611356498e-01
9.1874284147e-06 1.3751275315e+04 1.5707963268e+00 1.1933800635e-01
9.4356681523e-06 1.3751446392e+04 1.5707963268e+00 1.2256236966e-01
9.6839022783e-06 1.3751622111e+04 1.5707963268e+00 1.2578665274e-01
9.9321306409e-06 1.3751802475e+04 1.5707963268e+00 1.2901085343e-01
1.0180353088e-05 1.3751987484e+04 1.5707963268e+00 1.3223496953e-01
1.0428569468e-05 1.3752177142e+04 1.5707963268e+00 1.3545899889e-01
1.0676779629e-05 1.3752371448e+04 1.5707963268e+00 1.3868293931e-01
1.0924983419e-05 1.3752570405e+04 1.5707963268e+00 1.4190678864e-01
1.1173180685e-05 1.3752774016e+04 1.5707963268e+00 1.4513054469e-01
1.1421371277e-05 1.3752982280e+04 1.5707963268e+00 1.4835420527e-01
1.1669555041e-05 1.3753195201e+04 1.5707963268e+00 1.5157776823e-01
1.1917731826e-05 1.3753412780e+04 1.5707963268e+00 1.5480123137e-01
1.2165901480e-05 1.3753635020e+04 1.5707963268e+00 1.5802459252e-01
1.2414063850e-05 1.3753861921e+04 1.5707963268e+00 1.6124784949e-01
1.2662218785e-05 1.3754093487e+04 1.5707963268e+00 1.6447100012e-01
1.2910366132e-05 1.3754329719e+04 1.5707963268e+00 1.6769404221e-01
1.3158505739e-05 1.3754570619e+04 1.5707963268e+00 1.7091697359e-01
1.3406637455e-05 1.3754816189e+04 1.5707963268e+00 1.7413979207e-01
1.3654761126e-05 1.3755066432e+04 1.5707963268e+00 1.7736249548e-01
1.3902876601e-05 1.3755321350e+04 1.5707963268e+00 1.8058508162e-01
1.4150983727e-05 1.3755580945e+04 1.5707963268e+00 1.8380754831e-01
1.4399082352e-05 1.3755845220e+04 1.5707963268e+00 1.8702989338e-01
1.4647172324e-05 1.3756114176e+04 1.5707963268e+00 1.9025211463e-01
1.4895253491e-05 1.3756387816e+04 1.5707963268e+00 1.9347420987e-01
1.5143325699e-05 1.3756666143e+04 1.5707963268e+00 1.9669617693e-01
1.5391388797e-05 1.3756949159e+04 1.5707963268e+00 1.9991801361e-01
1.5639442632e-05 1.3757236866e+04 1.5707963268e+00 2.0313971772e-01
1.5887487052e-05 1.3757529267e+04 1.5707963268e+00 2.0636128708e-01
1.6135521904e-05 1.3757826365e+04 1.5707963268e+00 2.0958271949e-01
1.6383547035e-05 1.3758128162e+04 1.5707963268e+00 2.1280401277e-01
1.6631562294e-05 1.3758434662e+04 1.5707963268e+00 2.1602516472e-01
1.6879567528e-05 1.3758745865e+04 1.5707963268e+00 2.1924617315e-01
1.7127562583e-05 1.3759061777e+04 1.5707963268e+00 2.2246703587e-01
1.7375547308e-05 1.3759382398e+04 1.5707963268e+00 2.2568775068e-01
1.7623521549e-05 1.3759707733e+04 1.5707963268e+00 2.2890831539e-01
1.7871485154e-05 1.3760037784e+04 1.5707963268e+00 2.3212872780e-01
1.8119437971e-05 1.3760372554e+04 1.5707963268e+00 2.3534898572e-01
1.8367379846e-05 1.3760712045e+04 1.5707963268e+00 2.3856908694e-01
1.8615310626e-05 1.3761056262e+04 1.5707963268e+00 2.4178902928e-01
1.8863230160e-05 1.3761405206e+04 1.5707963268e+00 2.4500881052e-01
1.9111138293e-05 1.3761758881e+04 1.5707963268e+00 2.4822842848e-01
1.9359034873e-05 1.3762117291e+04 1.5707963268e+00 2.5144788094e-01
1.9606919747e-05 1.3762480438e+04 1.5707963268e+00 2.5466716571e-01
1.9854792762e-05 1.3762848326e+04 1.5707963268e+00 2.5788628058e-01
2.0102653765e-05 1.3763220957e+04 1.5707963268e+00 2.6110522335e-01
2.0350502603e-05 1.3763598336e+04 1.5707963268e+00 2.6432399181e-01
2.0598339123e-05 1.3763980465e+04 1.5707963268e+00 2.6754258376e-01
2.0846163172e-05 1.3764367348e+04 1.5707963268e+00 2.7076099699e-01
2.1093974596e-05 1.3764758989e+04 1.5707963268e+00 2.7397922929e-01
2.1341773242e-05 1.3765155390e+04 1.5707963268e+00 2.7719727845e-01
2.1589558958e-05 1.3765556556e+04 1.5707963268e+00 2.8041514226e-01
2.1837331589e-05 1.3765962489e+04 1.5707963268e+00 2.8363281851e-01
2.2085090983e-05 1.3766373194e+04 1.5707963268e+00 2.8685030500e-01
2.2332836985e-05 1.3766788674e+04 1.5707963268e+00 2.9006759949e-01
2.2580569443e-05 1.3767208933e+04 1.5707963268e+00 2.9328469978e-01
2.2828288204e-05 1.3767633975e+04 1.5707963268e+00 2.9650160366e-01
2.3075993113e-05 1.3768063802e+04 1.5707963268e+00 2.9971830890e-01
2.3323684017e-05 1.3768498420e+04 1.5707963268e+00 3.0293481329e-01
2.3571360762e-05 1.3768937832e+04 1.5707963268e+00 3.0615111461e-01
2.3819023196e-05 1.3769382042e+04 1.5707963268e+00 3.0936721064e-01
2.4066671163e-05 1.3769831053e+04 1.5707963268e+00 3.1258309915e-01
2.4314304511e-05 1.3770284871e+04 1.5707963268e+00 3.1579877793e-01
2.4561923086e-05 1.3770743498e+04 1.5707963268e+00 3.1901424475e-01
2.4809526734e-05 1.3771206938e+04 1.5707963268e+00 3.2222949738e-01
2.5057115301e-05 1.3771675197e+04 1.5707963268e+00 3.2544453359e-01
2.5304688632e-05 1.3772148278e+04 1.5707963268e+00 3.2865935117e-01
2.5552246576e-05 1.3772626185e+04 1.5707963268e+00 3.3187394788e-01
2.5799788976e-05 1.3773108923e+04 1.5707963268e+00 3.3508832149e-01
2.6047315679e-05 1.3773596495e+04 1.5707963268e+00 3.3830246977e-01
2.6294826532e-05 1.3774088907e+04 1.5707963268e+00 3.4151639048e-01
2.6542321379e-05 1.3774586162e+04 1.5707963268e+00 3.4473008140e-01
2.6789800067e-05 1.3775088265e+04 1.5707963268e+00 3.4794354029e-01
2.7037262442e-05 1.3775595220e+04 1.5707963268e+00 3.5115676490e-01
2.7284708349e-05 1.3776107031e+04 1.5707963268e+00 3.5436975301e-01
2.7532137634e-05 1.3776623704e+04 1.5707963268e+00 3.5758250236e-01
2.7779550143e-05 1.3777145243e+04 1.5707963268e+00 3.6079501073e-01
2.8026945720e-05 1.3777671653e+04 1.5707963268e+00 3.6400727587e-01
2.8274324212e-05 1.3778202937e+04 1.5707963268e+00 3.6721929554e-01
2.8521685465e-05 1.3778739101e+04 1.5707963268e+00 3.7043106748e-01
2.8769029322e-05 1.3779280150e+04 1.5707963268e+00 3.7364258946e-01
2.9016355631e-05 1.3779826087e+04 1.5707963268e+00 3.7685385923e-01
2.9263664236e-05 1.3780376919e+04 1.5707963268e+00 3.8006487454e-01
2.9510954983e-05 1.3780932650e+04 1.5707963268e+00 3.8327563313e-01
2.9758227716e-05 1.3781493285e+04 1.5707963268e+00 3.8648613276e-01
3.0005482281e-05 1.3782058828e+04 1.5707963268e+00 3.8969637116e-01
3.0252718523e-05 1.3782629286e+04 1.5707963268e+00 3.9290634610e-01
3.0499936287e-05 1.3783204662e+04 1.5707963268e+00 3.9611605530e-01
3.0747135418e-05 1.3783784961e+04 1.5707963268e+00 3.9932549652e-01
3.0994315761e-05 1.3784370190e+04 1.5707963268e+00 4.0253466749e-01
3.1241477160e-05 1.3784960353e+04 1.5707963268e+00 4.0574356595e-01
3.1488619462e-05 1.3785555455e+04 1.5707963268e+00 4.0895218964e-01
3.1735742510e-05 1.3786155502e+04 1.5707963268e+00 4.1216053630e-01
3.1982846149e-05 1.3786760498e+04 1.5707963268e+00 4.1536860365e-01
3.2229930224e-05 1.3787370450e+04 1.5707963268e+00 4.1857638944e-01
3.2476994580e-05 1.3787985362e+04 1.5707963268e+00 4.2178389139e-01
3.2724039061e-05 1.3788605239e+04 1.5707963268e+00 4.2499110723e-01
3.2971063511e-05 1.3789230088e+04 1.5707963268e+00 4.2819803470e-01
3.3218067775e-05 1.3789859914e+04 1.5707963268e+00 4.3140467151e-01
3.3465051698e-05 1.3790494723e+04 1.5707963268e+00 4.3461101539e-01
3.3712015123e-05 1.3791134519e+04 1.5707963268e+00 4.3781706407e-01
3.3958957896e-05 1.3791779308e+04 1.5707963268e+00 4.4102281527e-01
3.4205879860e-05 1.3792429097e+04 1.5707963268e+00 4.4422826670e-01
3.4452780859e-05 1.3793083890e+04 1.5707963268e+00 4.4743341609e-01
3.4699660737e-05 1.3793743694e+04 1.5707963268e+00 4.5063826115e-01
3.4946519340e-05 1.3794408515e+04 1.5707963268e+00 4.5384279960e-01
3.5193356509e-05 1.3795078357e+04 1.5707963268e+00 4.5704702915e-01
3.5440172090e-05 1.3795753228e+04 1.5707963268e+00 4.6025094751e-01
3.5686965927e-05 1.3796433132e+04 1.5707963268e+00 4.6345455239e-01
3.5933737863e-05 1.3797118076e+04 1.5707963268e+00 4.6665784150e-01
3.6180487741e-05 1.3797808067e+04 1.5707963268e+00 4.6986081255e-01
3.6427215407e-05 1.3798503109e+04 1.5707963268e+00 4.7306346324e-01
3.6673920702e-05 1.3799203208e+04 1.5707963268e+00 4.7626579127e-01
3.6920603471e-05 1.3799908372e+04 1.5707963268e+00 4.7946779435e-01
3.7167263557e-05 1.3800618607e+04 1.5707963268e+00 4.8266947017e-01
3.7413900805e-05 1.3801333917e+04 1.5707963268e+00 4.8587081643e-01
3.7660515056e-05 1.3802054310e+04 1.5707963268e+00 4.8907183083e-01
3.7907106155e-05 1.3802779792e+04 1.5707963268e+00 4.9227251106e-01
3.8153673944e-05 1.3803510370e+04 1.5707963268e+00 4.9547285481e-01
3.8400218267e-05 1.3804246049e+04 1.5707963268e+00 4.9867285978e-01
3.8646738967e-05 1.3804986835e+04 1.5707963268e+00 5.0187252364e-01
3.8893235888e-05 1.3805732737e+04 1.5707963268e+00 5.0507184410e-01
3.9139708871e-05 1.3806483759e+04 1.5707963268e+00 5.0827081883e-01
3.9386157761e-05 1.3807239909e+04 1.5707963268e+00 5.1146944551e-01
3.9632582399e-05 1.3808001192e+04 1.5707963268e+00 5.1466772184e-01
3.9878982629e-05 1.3808767617e+04 1.5707963268e+00 5.1786564547e-01
4.0125358294e-05 1.3809539188e+04 1.5707963268e+00 5.2106321411e-01
4.0371709236e-05 1.3810315914e+04 1.5707963268e+00 5.2426042541e-01
4.0618035298e-05 1.3811097800e+04 1.5707963268e+00 5.2745727705e-01
4.0864336322e-05 1.3811884854e+04 1.5707963268e+00 5.3065376670e-01
4.1110612151e-05 1.3812677082e+04 1.5707963268e+00 5.3384989204e-01
4.1356862627e-05 1.3813474491e+04 1.5707963268e+00 5.3704565073e-01
4.1603087593e-05 1.3814277088e+04 1.5707963268e+00 5.4024104044e-01
4.1849286891e-05 1.3815084881e+04 1.5707963268e+00 5.4343605882e-01
4.2095460364e-05 1.3815897875e+04 1.5707963268e+00 5.4663070355e-01
4.2341607853e-05 1.3816716078e+04 1.5707963268e+00 5.4982497228e-01
4.2587729200e-05 1.3817539498e+04 1.5707963268e+00 5.5301886266e-01
4.2833824248e-05 1.3818368141e+04 1.5707963268e+00 5.5621237237e-01
4.3079892839e-05 1.3819202014e+04 1.5707963268e+00 5.5940549903e-01
4.3325934814e-05 1.3820041125e+04 1.5707963268e+00 5.6259824032e-01
4.3571950015e-05 1.3820885480e+04 1.5707963268e+00 5.6579059388e-01
4.3817938285e-05 1.3821735088e+04 1.5707963268e+00 5.6898255736e-01
4.4063899464e-05 1.3822589955e+04 1.5707963268e+00 5.7217412840e-01
4.4309833395e-05 1.3823450089e+04 1.5707963268e+00 5.7536530464e-01
4.4555739919e-05 1.3824315497e+04 1.5707963268e+00 5.7855608373e-01
4.4801618878e-05 1.3825186186e+04 1.5707963268e+00 5.8174646331e-01
4.5047470113e-05 1.3826062165e+04 1.5707963268e+00 5.8493644101e-01
4.5293293465e-05 1.3826943441e+04 1.5707963268e+00 5.8812601447e-01
4.5539088776e-05 1.3827830020e+04 1.5707963268e+00 5.9131518133e-01
4.5784855888e-05 1.3828721912e+04 1.5707963268e+00 5.9450393920e-01
4.6030594640e-05 1.3829619123e+04 1.5707963268e+00 5.9769228573e-01
4.6276304875e-05 1.3830521661e+04 1.5707963268e+00 6.0088021854e-01
4.6521986433e-05 1.3831429534e+04 1.5707963268e+00 6.0406773525e-01
4.6767639156e-05 1.3832342750e+04 1.5707963268e+00 6.0725483348e-01
4.7013262883e-05 1.3833261316e+04 1.5707963268e+00 6.1044151086e-01
4.7258857458e-05 1.3834185241e+04 1.5707963268e+00 6.1362776501e-01
4.7504422719e-05 1.3835114532e+04 1.5707963268e+00 6.1681359353e-01
4.7749958507e-05 1.3836049197e+04 1.5707963268e+00 6.1999899405e-01
4.7995464664e-05 1.3836989245e+04 1.5707963268e+00 6.2318396417e-01
4.8240941030e-05 1.3837934682e+04 1.5707963268e+00 6.2636850151e-01
4.8486387446e-05 1.3838885518e+04 1.5707963268e+00 6.2955260367e-01
4.8731803751e-05 1.3839841761e+04 1.5707963268e+00 6.3273626825e-01
4.8977189787e-05 1.3840803418e+04 1.5707963268e+00 6.3591949287e-01
4.9222545393e-05 1.3841770498e+04 1.5707963268e+00 6.3910227511e-01
4.9467870410e-05 1.3842743009e+04 1.5707963268e+00 6.4228461258e-01
4.9713164678e-05 1.3843720959e+04 1.5707963268e+00 6.4546650287e-01
4.9958428037e-05 1.3844704357e+04 1.5707963268e+00 6.4864794358e-01
5.0203660328e-05 1.3845693210e+04 1.5707963268e+00 6.5182893230e-01
5.0448861389e-05 1.3846687529e+04 1.5707963268e+00 6.5500946662e-01
5.0694031062e-05 1.3847687320e+04 1.5707963268e+00 6.5818954412e-01
5.0939169185e-05 1.3848692592e+04 1.5707963268e+00 6.6136916239e-01
5.1184275600e-05 1.3849703354e+04 1.5707963268e+00 6.6454831901e-01
5.1429350144e-05 1.3850719615e+04 1.5707963268e+00 6.6772701156e-01
5.1674392659e-05 1.3851741382e+04 1.5707963268e+00 6.7090523763e-01
5.1919402983e-05 1.3852768666e+04 1.5707963268e+00 6.7408299477e-01
5.2164380956e-05 1.3853801473e+04 1.5707963268e+00 6.7726028058e-01
5.2409326418e-05 1.3854839814e+04 1.5707963268e+00 6.8043709261e-01
5.2654239208e-05 1.3855883697e+04 1.5707963268e+00 6.8361342844e-01
5.2899119165e-05 1.3856933130e+04 1.5707963268e+00 6.8678928563e-01
5.3143966128e-05 1.3857988123e+04 1.5707963268e+00 6.8996466175e-01
5.3388779937e-05 1.3859048684e+04 1.5707963268e+00 6.9313955436e-01
5.3633560431e-05 1.3860114823e+04 1.5707963268e+00 6.9631396101e-01
5.3878307449e-05 1.3861186548e+04 1.5707963268e+00 6.9948787926e-01
5.4123020829e-05 1.3862263869e+04 1.5707963268e+00 7.0266130668e-01
5.4367700411e-05 1.3863346794e+04 1.5707963268e+00 7.0583424080e-01
5.4612346033e-05 1.3864435332e+04 1.5707963268e+00 7.0900667918e-01
5.4856957535e-05 1.3865529494e+04 1.5707963268e+00 7.1217861937e-01
5.5101534755e-05 1.3866629287e+04 1.5707963268e+00 7.1535005890e-01
5.5346077531e-05 1.3867734721e+04 1.5707963268e+00 7.1852099533e-01
5.5590585702e-05 1.3868845806e+04 1.5707963268e+00 7.2169142619e-01
5.5835059107e-05 1.3869962550e+04 1.5707963268e+00 7.2486134902e-01
5.6079497584e-05 1.3871084964e+04 1.5707963268e+00 7.2803076135e-01
5.6323900972e-05 1.3872213056e+04 1.5707963268e+00 7.3119966072e-01
5.6568269108e-05 1.3873346836e+04 1.5707963268e+00 7.3436804466e-01
5.6812601831e-05 1.3874486313e+04 1.5707963268e+00 7.3753591069e-01
5.7056898980e-05 1.3875631497e+04 1.5707963268e+00 7.4070325634e-01
5.7301160392e-05 1.3876782398e+04 1.5707963268e+00 7.4387007914e-01
5.7545385905e-05 1.3877939025e+04 1.5707963268e+00 7.4703637659e-01
5.7789575357e-05 1.3879101387e+04 1.5707963268e+00 7.5020214622e-01
5.8033728587e-05 1.3880269495e+04 1.5707963268e+00 7.5336738555e-01
5.8277845432e-05 1.3881443358e+04 1.5707963268e+00 7.5653209209e-01
5.8521925729e-05 1.3882622985e+04 1.5707963268e+00 7.5969626334e-01
5.8765969317e-05 1.3883808388e+04 1.5707963268e+00 7.6285989682e-01
5.9009976034e-05 1.3884999575e+04 1.5707963268e+00 7.6602299003e-01
5.9253945716e-05 1.3886196556e+04 1.5707963268e+00 7.6918554048e-01
5.9497878202e-05 1.3887399342e+04 1.5707963268e+00 7.7234754565e-01
5.9741773328e-05 1.3888607942e+04 1.5707963268e+00 7.7550900306e-01
5.9985630933e-05 1.3889822366e+04 1.5707963268e+00 7.7866991019e-01
6.0229450853e-05 1.3891042625e+04 1.5707963268e+00 7.8183026455e-01
6.0473232926e-05 1.3892268728e+04 1.5707963268e+00 7.8499006361e-01
6.0716976989e-05 1.3893500686e+04 1.5707963268e+00 7.8814930486e-01
6.0960682879e-05 1.3894738508e+04 1.5707963268e+00 7.9130798580e-01
6.1204350434e-05 1.3895982206e+04 1.5707963268e+00 7.9446610390e-01
6.1447979489e-05 1.3897231789e+04 1.5707963268e+00 7.9762365664e-01
6.1691569884e-05 1.3898487267e+04 1.5707963268e+00 8.0078064151e-01
6.1935121453e-05 1.3899748651e+04 1.5707963268e+00 8.0393705597e-01
6.2178634034e-05 1.3901015951e+04 1.5707963268e+00 8.0709289749e-01
6.2422107464e-05 1.3902289178e+04 1.5707963268e+00 8.1024816355e-01
6.2665541580e-05 1.3903568342e+04 1.5707963268e+00 8.1340285162e-01
6.2908936218e-05 1.3904853454e+04 1.5707963268e+00 8.1655695915e-01
6.3152291214e-05 1.3906144524e+04 1.5707963268e+00 8.1971048362e-01
6.3395606406e-05 1.3907441563e+04 1.5707963268e+00 8.2286342247e-01
6.3638881630e-05 1.3908744581e+04 1.5707963268e+00 8.2601577316e-01
6.3882116722e-05 1.3910053589e+04 1.5707963268e+00 8.2916753316e-01
6.4125311518e-05 1.3911368598e+04 1.5707963268e+00 8.3231869990e-01
6.4368465856e-05 1.3912689618e+04 1.5707963268e+00 8.3546927085e-01
6.4611579570e-05 1.3914016660e+04 1.5707963268e+00 8.3861924344e-01
6.4854652498e-05 1.3915349736e+04 1.5707963268e+00 8.4176861512e-01
6.5097684476e-05 1.3916688856e+04 1.5707963268e+00 8.4491738332e-01
6.5340675338e-05 1.3918034030e+04 1.5707963268e+00 8.4806554550e-01
6.5583624923e-05 1.3919385270e+04 1.5707963268e+00 8.5121309908e-01
6.5826533065e-05 1.3920742587e+04 1.5707963268e+00 8.5436004149e-01
6.6069399600e-05 1.3922105992e+04 1.5707963268e+00 8.5750637017e-01
6.6312224364e-05 1.3923475495e+04 1.5707963268e+00 8.6065208255e-01
6.6555007194e-05 1.3924851109e+04 1.5707963268e+00 8.6379717604e-01
6.6797747924e-05 1.3926232843e+04 1.5707963268e+00 8.6694164807e-01
6.7040446391e-05 1.3927620710e+04 1.5707963268e+00 8.7008549607e-01
6.7283102430e-05 1.3929014721e+04 1.5707963268e+00 8.7322871744e-01
6.7525715877e-05 1.3930414886e+04 1.5707963268e+00 8.7637130961e-01
6.7768286567e-05 1.3931821217e+04 1.5707963268e+00 8.7951326998e-01
6.8010814335e-05 1.3933233726e+04 1.5707963268e+00 8.8265459596e-01
6.8253299018e-05 1.3934652424e+04 1.5707963268e+00 8.8579528496e-01
6.8495740450e-05 1.3936077321e+04 1.5707963268e+00 8.8893533439e-01
6.8738138466e-05 1.3937508431e+04 1.5707963268e+00 8.9207474164e-01
6.8980492903e-05 1.3938945764e+04 1.5707963268e+00 8.9521350411e-01
6.9222803595e-05 1.3940389331e+04 1.5707963268e+00 8.9835161920e-01
6.9465070377e-05 1.3941839145e+04 1.5707963268e+00 9.0148908430e-01
6.9707293085e-05 1.3943295217e+04 1.5707963268e+00 9.0462589680e-01
6.9949471554e-05 1.3944757559e+04 1.5707963268e+00 9.0776205409e-01
7.0191605618e-05 1.3946226182e+04 1.5707963268e+00 9.1089755355e-01
7.0433695112e-05 1.3947701098e+04 1.5707963268e+00 9.1403239257e-01
7.0675739872e-05 1.3949182319e+04 1.5707963268e+00 9.1716656852e-01
7.0917739732e-05 1.3950669856e+04 1.5707963268e+00 9.2030007879e-01
7.1159694528e-05 1.3952163723e+04 1.5707963268e+00 9.2343292075e-01
7.1401604093e-05 1.3953663929e+04 1.5707963268e+00 9.2656509176e-01
7.1643468263e-05 1.3955170488e+04 1.5707963268e+00 9.2969658919e-01
7.1885286873e-05 1.3956683412e+04 1.5707963268e+00 9.3282741042e-01
7.2127059756e-05 1.3958202712e+04 1.5707963268e+00 9.3595755281e-01
7.2368786748e-05 1.3959728400e+04 1.5707963268e+00 9.3908701371e-01
7.2610467683e-05 1.3961260489e+04 1.5707963268e+00 9.4221579049e-01
7.2852102395e-05 1.3962798991e+04 1.5707963268e+00 9.4534388050e-01
7.3093690720e-05 1.3964343918e+04 1.5707963268e+00 9.4847128109e-01
7.3335232491e-05 1.3965895281e+04 1.5707963268e+00 9.5159798961e-01
7.3576727543e-05 1.3967453095e+04 1.5707963268e+00 9.5472400340e-01
7.3818175710e-05 1.3969017370e+04 1.5707963268e+00 9.5784931983e-01
7.4059576827e-05 1.3970588118e+04 1.5707963268e+00 9.6097393621e-01
7.4300930727e-05 1.3972165354e+04 1.5707963268e+00 9.6409784991e-01
7.4542237246e-05 1.3973749088e+04 1.5707963268e+00 9.6722105824e-01
7.4783496217e-05 1.3975339333e+04 1.5707963268e+00 9.7034355854e-01
7.5024707474e-05 1.3976936102e+04 1.5707963268e+00 9.7346534815e-01
7.5265870851e-05 1.3978539408e+04 1.5707963268e+00 9.7658642439e-01
7.5506986183e-05 1.3980149262e+04 1.5707963268e+00 9.7970678459e-01
7.5748053303e-05 1.3981765678e+04 1.5707963268e+00 9.8282642607e-01
7.5989072046e-05 1.3983388668e+04 1.5707963268e+00 9.8594534615e-01
7.6230042246e-05 1.3985018245e+04 1.5707963268e+00 9.8906354215e-01
7.6470963736e-05 1.3986654421e+04 1.5707963268e+00 9.9218101138e-01
7.6711836350e-05 1.3988297209e+04 1.5707963268e+00 9.9529775115e-01
7.6952659922e-05 1.3989946623e+04 1.5707963268e+00 9.9841375877e-01
7.7193434286e-05 1.3991602675e+04 1.5707963268e+00 1.0015290316e+00
7.7434159276e-05 1.3993265377e+04 1.5707963268e+00 1.0046435668e+00
7.7674834726e-05 1.3994934743e+04 1.5707963268e+00 1.0077573618e+00
7.7915460469e-05 1.3996610786e+04 1.5707963268e+00 1.0108704139e+00
7.8156036339e-05 1.3998293519e+04 1.5707963268e+00 1.0139827203e+00
7.8396562169e-05 1.3999982954e+04 1.5707963268e+00 1.0170942784e+00
7.8637037794e-05 1.4001679105e+04 1.5707963268e+00 1.0202050854e+00
7.8877463047e-05 1.4003381985e+04 1.5707963268e+00 1.0233151387e+00
7.9117837761e-05 1.4005091607e+04 1.5707963268e+00 1.0264244354e+00
7.9358161770e-05 1.4006807985e+04 1.5707963268e+00 1.0295329730e+00
7.9598434908e-05 1.4008531131e+04 1.5707963268e+00 1.0326407486e+00
7.9838657008e-05 1.4010261058e+04 1.5707963268e+00 1.0357477596e+00
8.0078827904e-05 1.4011997781e+04 1.5707963268e+00 1.0388540032e+00
8.0318947429e-05 1.4013741312e+04 1.5707963268e+00 1.0419594767e+00
8.0559015416e-05 1.4015491665e+04 1.5707963268e+00 1.0450641774e+00
8.0799031700e-05 1.4017248853e+04 1.5707963268e+00 1.0481681025e+00
8.1038996112e-05 1.4019012889e+04 1.5707963268e+00 1.0512712493e+00
8.1278908488e-05 1.4020783788e+04 1.5707963268e+00 1.0543736150e+00
8.1518768659e-05 1.4022561563e+04 1.5707963268e+00 1.0574751969e+00
8.1758576461e-05 1.4024346226e+04 1.5707963268e+00 1.0605759924e+00
8.1998331725e-05 1.4026137793e+04 1.5707963268e+00 1.0636759985e+00
8.2238034285e-05 1.4027936275e+04 1.5707963268e+00 1.0667752126e+00
8.2477683974e-05 1.4029741688e+04 1.5707963268e+00 1.0698736319e+00
8.2717280626e-05 1.4031554045e+04 1.5707963268e+00 1.0729712537e+00
8.2956824074e-05 1.4033373360e+04 1.5707963268e+00 1.0760680752e+00
8.3196314152e-05 1.4035199646e+04 1.5707963268e+00 1.0791640936e+00
8.3435750691e-05 1.4037032917e+04 1.5707963268e+00 1.0822593062e+00
8.3675133527e-05 1.4038873187e+04 1.5707963268e+00 1.0853537102e+00
8.3914462491e-05 1.4040720470e+04 1.5707963268e+00 1.0884473028e+00
8.4153737418e-05 1.4042574780e+04 1.5707963268e+00 1.0915400813e+00
8.4392958139e-05 1.4044436131e+04 1.5707963268e+00 1.0946320429e+00
8.4632124490e-05 1.4046304537e+04 1.5707963268e+00 1.0977231849e+00
8.4871236302e-05 1.4048180012e+04 1.5707963268e+00 1.1008135043e+00
8.5110293408e-05 1.4050062570e+04 1.5707963268e+00 1.1039029985e+00
8.5349295643e-05 1.4051952225e+04 1.5707963268e+00 1.1069916647e+00
8.5588242839e-05 1.4053848992e+04 1.5707963268e+00 1.1100795001e+00
8.5827134829e-05 1.4055752884e+04 1.5707963268e+00 1.1131665019e+00
8.6065971447e-05 1.4057663915e+04 1.5707963268e+00 1.1162526672e+00
8.6304752526e-05 1.4059582101e+04 1.5707963268e+00 1.1193379934e+00
8.6543477898e-05 1.4061507455e+04 1.5707963268e+00 1.1224224776e+00
8.6782147397e-05 1.4063439992e+04 1.5707963268e+00 1.1255061170e+00
8.7020760857e-05 1.4065379726e+04 1.5707963268e+00 1.1285889087e+00
8.7259318109e-05 1.4067326672e+04 1.5707963268e+00 1.1316708501e+00
8.7497818988e-05 1.4069280843e+04 1.5707963268e+00 1.1347519383e+00
8.7736263327e-05 1.4071242255e+04 1.5707963268e+00 1.1378321704e+00
8.7974650959e-05 1.4073210921e+04 1.5707963268e+00 1.1409115438e+00
8.8212981716e-05 1.4075186857e+04 1.5707963268e+00 1.1439900554e+00
8.8451255432e-05 1.4077170078e+04 1.5707963268e+00 1.1470677026e+00
8.8689471941e-05 1.4079160597e+04 1.5707963268e+00 1.1501444825e+00
8.8927631075e-05 1.4081158429e+04 1.5707963268e+00 1.1532203923e+00
8.9165732668e-05 1.4083163589e+04 1.5707963268e+00 1.1562954291e+00
8.9403776553e-05 1.4085176093e+04 1.5707963268e+00 1.1593695902e+00
8.9641762563e-05 1.4087195954e+04 1.5707963268e+00 1.1624428726e+00
8.9879690532e-05 1.4089223187e+04 1.5707963268e+00 1.1655152737e+00
9.0117560292e-05 1.4091257807e+04 1.5707963268e+00 1.1685867904e+00
9.0355371677e-05 1.4093299830e+04 1.5707963268e+00 1.1716574200e+00
9.0593124520e-05 1.4095349270e+04 1.5707963268e+00 1.1747271597e+00
9.0830818654e-05 1.4097406141e+04 1.5707963268e+00 1.1777960066e+00
9.1068453914e-05 1.4099470460e+04 1.5707963268e+00 1.1808639578e+00
9.1306030131e-05 1.4101542241e+04 1.5707963268e+00 1.1839310106e+00
9.1543547140e-05 1.4103621498e+04 1.5707963268e+00 1.1869971620e+00
9.1781004774e-05 1.4105708248e+04 1.5707963268e+00 1.1900624092e+00
9.2018402866e-05 1.4107802505e+04 1.5707963268e+00 1.1931267493e+00
9.2255741250e-05 1.4109904284e+04 1.5707963268e+00 1.1961901795e+00
9.2493019759e-05 1.4112013602e+04 1.5707963268e+00 1.1992526969e+00
9.2730238226e-05 1.4114130471e+04 1.5707963268e+00 1.2023142987e+00
9.2967396486e-05 1.4116254909e+04 1.5707963268e+00 1.2053749820e+00
9.3204494371e-05 1.4118386931e+04 1.5707963268e+00 1.2084347439e+00
9.3441531715e-05 1.4120526551e+04 1.5707963268e+00 1.2114935816e+00
9.3678508352e-05 1.4122673785e+04 1.5707963268e+00 1.2145514921e+00
9.3915424116e-05 1.4124828648e+04 1.5707963268e+00 1.2176084726e+00
9.4152278839e-05 1.4126991157e+04 1.5707963268e+00 1.2206645203e+00
9.4389072356e-05 1.4129161326e+04 1.5707963268e+00 1.2237196321e+00
9.4625804501e-05 1.4131339171e+04 1.5707963268e+00 1.2267738054e+00
9.4862475107e-05 1.4133524707e+04 1.5707963268e+00 1.2298270371e+00
9.5099084007e-05 1.4135717950e+04 1.5707963268e+00 1.2328793244e+00
9.5335631037e-05 1.4137918915e+04 1.5707963268e+00 1.2359306644e+00
9.5572116029e-05 1.4140127619e+04 1.5707963268e+00 1.2389810542e+00
9.5808538817e-05 1.4142344077e+04 1.5707963268e+00 1.2420304908e+00
9.6044899236e-05 1.4144568304e+04 1.5707963268e+00 1.2450789715e+00
9.6281197120e-05 1.4146800317e+04 1.5707963268e+00 1.2481264933e+00
9.6517432302e-05 1.4149040130e+04 1.5707963268e+00 1.2511730533e+00
9.6753604616e-05 1.4151287761e+04 1.5707963268e+00 1.2542186486e+00
9.6989713898e-05 1.4153543224e+04 1.5707963268e+00 1.2572632763e+00
9.7225759980e-05 1.4155806536e+04 1.5707963268e+00 1.2603069335e+00
9.7461742697e-05 1.4158077712e+04 1.5707963268e+00 1.2633496172e+00
9.7697661884e-05 1.4160356769e+04 1.5707963268e+00 1.2663913246e+00
9.7933517374e-05 1.4162643721e+04 1.5707963268e+00 1.2694320527e+00
9.8169309002e-05 1.4164938587e+04 1.5707963268e+00 1.2724717987e+00
9.8405036603e-05 1.4167241380e+04 1.5707963268e+00 1.2755105595e+00
9.8640700011e-05 1.4169552118e+04 1.5707963268e+00 1.2785483324e+00
9.8876299060e-05 1.4171870817e+04 1.5707963268e+00 1.2815851142e+00
9.9111833585e-05 1.4174197492e+04 1.5707963268e+00 1.2846209022e+00
9.9347303421e-05 1.4176532160e+04 1.5707963268e+00 1.2876556934e+00
9.9582708402e-05 1.4178874837e+04 1.5707963268e+00 1.2906894849e+00
9.9818048364e-05 1.4181225539e+04 1.5707963268e+00 1.2937222737e+00
1.0005332314e-04 1.4183584282e+04 1.5707963268e+00 1.2967540569e+00
1.0028853257e-04 1.4185951083e+04 1.5707963268e+00 1.2997848315e+00
1.0052367648e-04 1.4188325959e+04 1.5707963268e+00 1.3028145947e+00
1.0075875471e-04 1.4190708924e+04 1.5707963268e+00 1.3058433434e+00
1.0099376710e-04 1.4193099997e+04 1.5707963268e+00 1.3088710748e+00
1.0122871347e-04 1.4195499192e+04 1.5707963268e+00 1.3118977858e+00
1.0146359368e-04 1.4197906527e+04 1.5707963268e+00 1.3149234736e+00
1.0169840754e-04 1.4200322018e+04 1.5707963268e+00 1.3179481352e+00
1.0193315490e-04 1.4202745682e+04 1.5707963268e+00 1.3209717675e+00
1.0216783559e-04 1.4205177535e+04 1.5707963268e+00 1.3239943678e+00
1.0240244945e-04 1.4207617593e+04 1.5707963268e+00 1.3270159330e+00
1.0263699631e-04 1.4210065874e+04 1.5707963268e+00 1.3300364601e+00
1.0287147601e-04 1.4212522393e+04 1.5707963268e+00 1.3330559462e+00
1.0310588838e-04 1.4214987168e+04 1.5707963268e+00 1.3360743884e+00
1.0334023327e-04 1.4217460215e+04 1.5707963268e+00 1.3390917836e+00
1.0357451050e-04 1.4219941551e+04 1.5707963268e+00 1.3421081289e+00
1.0380871991e-04 1.4222431193e+04 1.5707963268e+00 1.3451234214e+00
1.0404286134e-04 1.4224929157e+04 1.5707963268e+00 1.3481376580e+00
1.0427693462e-04 1.4227435460e+04 1.5707963268e+00 1.3511508358e+00
1.0451093960e-04 1.4229950119e+04 1.5707963268e+00 1.3541629518e+00
1.0474487610e-04 1.4232473151e+04 1.5707963268e+00 1.3571740030e+00
1.0497874397e-04 1.4235004573e+04 1.5707963268e+00 1.3601839865e+00
1.0521254303e-04 1.4237544402e+04 1.5707963268e+00 1.3631928993e+00
1.0544627314e-04 1.4240092654e+04 1.5707963268e+00 1.3662007384e+00
1.0567993411e-04 1.4242649346e+04 1.5707963268e+00 1.3692075007e+00
1.0591352580e-04 1.4245214497e+04 1.5707963268e+00 1.3722131834e+00
1.0614704803e-04 1.4247788122e+04 1.5707963268e+00 1.3752177834e+00
1.0638050065e-04 1.4250370238e+04 1.5707963268e+00 1.3782212978e+00
1.0661388349e-04 1.4252960864e+04 1.5707963268e+00 1.3812237235e+00
1.0684719639e-04 1.4255560015e+04 1.5707963268e+00 1.3842250576e+00
1.0708043918e-04 1.4258167709e+04 1.5707963268e+00 1.3872252970e+00
1.0731361171e-04 1.4260783964e+04 1.5707963268e+00 1.3902244388e+00
1.0754671381e-04 1.4263408796e+04 1.5707963268e+00 1.3932224800e+00
1.0777974532e-04 1.4266042222e+04 1.5707963268e+00 1.3962194175e+00
1.0801270607e-04 1.4268684260e+04 1.5707963268e+00 1.3992152484e+00
1.0824559591e-04 1.4271334928e+04 1.5707963268e+00 1.4022099697e+00
1.0847841467e-04 1.4273994242e+04 1.5707963268e+00 1.4052035783e+00
1.0871116219e-04 1.4276662220e+04 1.5707963268e+00 1.4081960712e+00
1.0894383831e-04 1.4279338879e+04 1.5707963268e+00 1.4111874455e+00
1.0917644287e-04 1.4282024236e+04 1.5707963268e+00 1.4141776981e+00
1.0940897570e-04 1.4284718310e+04 1.5707963268e+00 1.4171668260e+00
1.0964143665e-04 1.4287421117e+04 1.5707963268e+00 1.4201548262e+00
1.0987382555e-04 1.4290132675e+04 1.5707963268e+00 1.4231416957e+00
1.1010614225e-04 1.4292853001e+04 1.5707963268e+00 1.4261274315e+00
1.1033838657e-04 1.4295582113e+04 1.5707963268e+00 1.4291120305e+00
1.1057055836e-04 1.4298320029e+04 1.5707963268e+00 1.4320954897e+00
1.1080265746e-04 1.4301066765e+04 1.5707963268e+00 1.4350778062e+00
1.1103468371e-04 1.4303822341e+04 1.5707963268e+00 1.4380589768e+00
1.1126663695e-04 1.4306586772e+04 1.5707963268e+00 1.4410389986e+00
1.1149851702e-04 1.4309360078e+04 1.5707963268e+00 1.4440178685e+00
1.1173032375e-04 1.4312142275e+04 1.5707963268e+00 1.4469955835e+00
1.1196205699e-04 1.4314933381e+04 1.5707963268e+00 1.4499721406e+00
1.1219371658e-04 1.4317733414e+04 1.5707963268e+00 1.4529475367e+00
1.1242530236e-04 1.4320542393e+04 1.5707963268e+00 1.4559217689e+00
1.1265681416e-04 1.4323360333e+04 1.5707963268e+00 1.4588948340e+00
1.1288825183e-04 1.4326187254e+04 1.5707963268e+00 1.4618667291e+00
1.1311961521e-04 1.4329023174e+04 1.5707963268e+00 1.4648374510e+00
1.1335090414e-04 1.4331868109e+04 1.5707963268e+00 1.4678069969e+00
1.1358211846e-04 1.4334722078e+04 1.5707963268e+00 1.4707753636e+00
1.1381325802e-04 1.4337585099e+04 1.5707963268e+00 1.4737425480e+00
1.1404432264e-04 1.4340457190e+04 1.5707963268e+00 1.4767085472e+00
1.1427531218e-04 1.4343338369e+04 1.5707963268e+00 1.4796733582e+00
1.1450622647e-04 1.4346228653e+04 1.5707963268e+00 1.4826369778e+00
1.1473706536e-04 1.4349128061e+04 1.5707963268e+00 1.4855994030e+00
1.1496782869e-04 1.4352036610e+04 1.5707963268e+00 1.4885606308e+00
1.1519851631e-04 1.4354954320e+04 1.5707963268e+00 1.4915206581e+00
1.1542912804e-04 1.4357881207e+04 1.5707963268e+00 1.4944794818e+00
1.1565966374e-04 1.4360817289e+04 1.5707963268e+00 1.4974370991e+00
1.1589012325e-04 1.4363762586e+04 1.5707963268e+00 1.5003935067e+00
1.1612050641e-04 1.4366717115e+04 1.5707963268e+00 1.5033487016e+00
1.1635081306e-04 1.4369680895e+04 1.5707963268e+00 1.5063026808e+00
1.1658104305e-04 1.4372653942e+04 1.5707963268e+00 1.5092554412e+00
1.1681119621e-04 1.4375636277e+04 1.5707963268e+00 1.5122069797e+00
1.1704127240e-04 1.4378627916e+04 1.5707963268e+00 1.5151572934e+00
1.1727127146e-04 1.4381628879e+04 1.5707963268e+00 1.5181063792e+00
1.1750119322e-04 1.4384639182e+04 1.5707963268e+00 1.5210542339e+00
1.1773103754e-04 1.4387658846e+04 1.5707963268e+00 1.5240008545e+00
1.1796080426e-04 1.4390687887e+04 1.5707963268e+00 1.5269462381e+00
1.1819049322e-04 1.4393726325e+04 1.5707963268e+00 1.5298903814e+00
1.1842010426e-04 1.4396774177e+04 1.5707963268e+00 1.5328332815e+00
1.1864963724e-04 1.4399831463e+04 1.5707963268e+00 1.5357749353e+00
1.1887909199e-04 1.4402898200e+04 1.5707963268e+00 1.5387153397e+00
1.1910846836e-04 1.4405974407e+04 1.5707963268e+00 1.5416544917e+00
1.1933776620e-04 1.4409060102e+04 1.5707963268e+00 1.5445923882e+00
1.1956698535e-04 1.4412155303e+04 1.5707963268e+00 1.5475290261e+00
1.1979612565e-04 1.4415260030e+04 1.5707963268e+00 1.5504644023e+00
1.2002518696e-04 1.4418374301e+04 1.5707963268e+00 1.5533985139e+00
1.2025416911e-04 1.4421498134e+04 1.5707963268e+00 1.5563313577e+00
1.2048307196e-04 1.4424631547e+04 1.5707963268e+00 1.5592629307e+00
1.2071189535e-04 1.4427774560e+04 1.5707963268e+00 1.5621932297e+00
1.2094063912e-04 1.4430927191e+04 1.5707963268e+00 1.5651222518e+00
1.2116930313e-04 1.4434089458e+04 1.5707963268e+00 1.5680499938e+00
1.2139788722e-04 1.4437261381e+04 1.5707963268e+00 1.5709764527e+00
1.2162639123e-04 1.4440442977e+04 1.5707963268e+00 1.5739016254e+00
1.2185481502e-04 1.4443634265e+04 1.5707963268e+00 1.5768255089e+00
1.2208315844e-04 1.4446835264e+04 1.5707963268e+00 1.5797481000e+00
1.2231142132e-04 1.4450045994e+04 1.5707963268e+00 1.5826693957e+00
1.2253960352e-04 1.4453266471e+04 1.5707963268e+00 1.5855893929e+00
1.2276770489e-04 1.4456496716e+04 1.5707963268e+00 1.5885080886e+00
1.2299572527e-04 1.4459736746e+04 1.5707963268e+00 1.5914254796e+00
1.2322366451e-04 1.4462986581e+04 1.5707963268e+00 1.5943415630e+00
1.2345152247e-04 1.4466246239e+04 1.5707963268e+00 1.5972563355e+00
1.2367929898e-04 1.4469515740e+04 1.5707963268e+00 1.6001697942e+00
1.2390699391e-04 1.4472795101e+04 1.5707963268e+00 1.6030819359e+00
1.2413460709e-04 1.4476084343e+04 1.5707963268e+00 1.6059927577e+00
1.2436213839e-04 1.4479383483e+04 1.5707963268e+00 1.6089022563e+00
1.2458958764e-04 1.4482692540e+04 1.5707963268e+00 1.6118104288e+00
1.2481695471e-04 1.4486011534e+04 1.5707963268e+00 1.6147172720e+00
1.2504423943e-04 1.4489340483e+04 1.5707963268e+00 1.6176227829e+00
1.2527144166e-04 1.4492679406e+04 1.5707963268e+00 1.6205269585e+00
1.2549856126e-04 1.4496028322e+04 1.5707963268e+00 1.6234297955e+00
1.2572559807e-04 1.4499387250e+04 1.5707963268e+00 1.6263312910e+00
1.2595255194e-04 1.4502756209e+04 1.5707963268e+00 1.6292314418e+00
1.2617942272e-04 1.4506135218e+04 1.5707963268e+00 1.6321302450e+00
1.2640621028e-04 1.4509524296e+04 1.5707963268e+00 1.6350276973e+00
1.2663291445e-04 1.4512923462e+04 1.5707963268e+00 1.6379237958e+00
1.2685953509e-04 1.4516332735e+04 1.5707963268e+00 1.6408185374e+00
1.2708607206e-04 1.4519752133e+04 1.5707963268e+00 1.6437119189e+00
1.2731252520e-04 1.4523181677e+04 1.5707963268e+00 1.6466039373e+00
1.2753889438e-04 1.4526621384e+04 1.5707963268e+00 1.6494945895e+00
1.2776517943e-04 1.4530071275e+04 1.5707963268e+00 1.6523838725e+00
1.2799138023e-04 1.4533531368e+04 1.5707963268e+00 1.6552717832e+00
1.2821749661e-04 1.4537001682e+04 1.5707963268e+00 1.6581583184e+00
1.2844352844e-04 1.4540482236e+04 1.5707963268e+00 1.6610434751e+00
1.2866947557e-04 1.4543973050e+04 1.5707963268e+00 1.6639272503e+00
1.2889533785e-04 1.4547474142e+04 1.5707963268e+00 1.6668096408e+00
1.2912111514e-04 1.4550985532e+04 1.5707963268e+00 1.6696906436e+00
1.2934680729e-04 1.4554507239e+04 1.5707963268e+00 1.6725702556e+00
1.2957241416e-04 1.4558039281e+04 1.5707963268e+00 1.6754484737e+00
1.2979793561e-04 1.4561581680e+04 1.5707963268e+00 1.6783252948e+00
1.3002337148e-04 1.4565134452e+04 1.5707963268e+00 1.6812007159e+00
1.3024872165e-04 1.4568697618e+04 1.5707963268e+00 1.6840747340e+00
1.3047398595e-04 1.4572271197e+04 1.5707963268e+00 1.6869473458e+00
1.3069916426e-04 1.4575855208e+04 1.5707963268e+00 1.6898185484e+00
1.3092425642e-04 1.4579449670e+04 1.5707963268e+00 1.6926883386e+00
1.3114926230e-04 1.4583054603e+04 1.5707963268e+00 1.6955567135e+00
1.3137418175e-04 1.4586670025e+04 1.5707963268e+00 1.6984236699e+00
1.3159901463e-04 1.4590295957e+04 1.5707963268e+00 1.7012892047e+00
1.3182376080e-04 1.4593932417e+04 1.5707963268e+00 1.7041533149e+00
1.3204842011e-04 1.4597579424e+04 1.5707963268e+00 1.7070159974e+00
1.3227299243e-04 1.4601236999e+04 1.5707963268e+00 1.7098772492e+00
1.3249747761e-04 1.4604905159e+04 1.5707963268e+00 1.7127370671e+00
1.3272187552e-04 1.4608583925e+04 1.5707963268e+00 1.7155954481e+00
1.3294618601e-04 1.4612273316e+04 1.5707963268e+00 1.7184523892e+00
1.3317040894e-04 1.4615973351e+04 1.5707963268e+00 1.7213078872e+00
1.3339454418e-04 1.4619684050e+04 1.5707963268e+00 1.7241619391e+00
1.3361859158e-04 1.4623405431e+04 1.5707963268e+00 1.7270145418e+00
1.3384255100e-04 1.4627137515e+04 1.5707963268e+00 1.7298656923e+00
1.3406642231e-04 1.4630880320e+04 1.5707963268e+00 1.7327153875e+00
1.3429020537e-04 1.4634633866e+04 1.5707963268e+00 1.7355636244e+00
1.3451390003e-04 1.4638398173e+04 1.5707963268e+00 1.7384103998e+00
1.3473750617e-04 1.4642173259e+04 1.5707963268e+00 1.7412557107e+00
1.3496102364e-04 1.4645959144e+04 1.5707963268e+00 1.7440995540e+00
1.3518445230e-04 1.4649755848e+04 1.5707963268e+00 1.7469419268e+00
1.3540779203e-04 1.4653563390e+04 1.5707963268e+00 1.7497828259e+00
1.3563104267e-04 1.4657381789e+04 1.5707963268e+00 1.7526222482e+00
1.3585420411e-04 1.4661211065e+04 1.5707963268e+00 1.7554601908e+00
1.3607727619e-04 1.4665051237e+04 1.5707963268e+00 1.7582966505e+00
1.3630025878e-04 1.4668902325e+04 1.5707963268e+00 1.7611316244e+00
1.3652315176e-04 1.4672764348e+04 1.5707963268e+00 1.7639651093e+00
1.3674595497e-04 1.4676637325e+04 1.5707963268e+00 1.7667971022e+00
1.3696866830e-04 1.4680521276e+04 1.5707963268e+00 1.7696276000e+00
1.3719129160e-04 1.4684416221e+04 1.5707963268e+00 1.7724565998e+00
1.3741382474e-04 1.4688322179e+04 1.5707963268e+00 1.7752840984e+00
1.3763626758e-04 1.4692239169e+04 1.5707963268e+00 1.7781100928e+00
1.3785862000e-04 1.4696167210e+04 1.5707963268e+00 1.7809345800e+00
1.3808088185e-04 1.4700106323e+04 1.5707963268e+00 1.7837575569e+00
1.3830305302e-04 1.4704056527e+04 1.5707963268e+00 1.7865790205e+00
1.3852513335e-04 1.4708017841e+04 1.5707963268e+00 1.7893989677e+00
1.3874712273e-04 1.4711990284e+04 1.5707963268e+00 1.7922173955e+00
1.3896902102e-04 1.4715973877e+04 1.5707963268e+00 1.7950343008e+00
1.3919082809e-04 1.4719968639e+04 1.5707963268e+00 1.7978496807e+00
1.3941254381e-04 1.4723974588e+04 1.5707963268e+00 1.8006635321e+00
1.3963416804e-04 1.4727991745e+04 1.5707963268e+00 1.8034758519e+00
1.3985570066e-04 1.4732020130e+04 1.5707963268e+00 1.8062866372e+00
1.4007714153e-04 1.4736059761e+04 1.5707963268e+00 1.8090958848e+00
1.4029849053e-04 1.4740110658e+04 1.5707963268e+00 1.8119035919e+00
1.4051974753e-04 1.4744172841e+04 1.5707963268e+00 1.8147097552e+00
1.4074091240e-04 1.4748246329e+04 1.5707963268e+00 1.8175143719e+00
1.4096198501e-04 1.4752331142e+04 1.5707963268e+00 1.8203174389e+00
1.4118296523e-04 1.4756427299e+04 1.5707963268e+00 1.8231189531e+00
1.4140385293e-04 1.4760534819e+04 1.5707963268e+00 1.8259189116e+00
1.4162464798e-04 1.4764653723e+04 1.5707963268e+00 1.8287173113e+00
1.4184535027e-04 1.4768784029e+04 1.5707963268e+00 1.8315141493e+00
1.4206595966e-04 1.4772925757e+04 1.5707963268e+00 1.8343094224e+00
1.4228647602e-04 1.4777078928e+04 1.5707963268e+00 1.8371031278e+00
1.4250689923e-04 1.4781243559e+04 1.5707963268e+00 1.8398952623e+00
1.4272722917e-04 1.4785419671e+04 1.5707963268e+00 1.8426858231e+00
1.4294746570e-04 1.4789607283e+04 1.5707963268e+00 1.8454748070e+00
1.4316760871e-04 1.4793806415e+04 1.5707963268e+00 1.8482622111e+00
1.4338765807e-04 1.4798017086e+04 1.5707963268e+00 1.8510480323e+00
1.4360761365e-04 1.4802239316e+04 1.5707963268e+00 1.8538322678e+00
1.4382747533e-04 1.4806473123e+04 1.5707963268e+00 1.8566149144e+00
1.4404724298e-04 1.4810718529e+04 1.5707963268e+00 1.8593959692e+00
1.4426691650e-04 1.4814975552e+04 1.5707963268e+00 1.8621754292e+00
1.4448649574e-04 1.4819244211e+04 1.5707963268e+00 1.8649532914e+00
1.4470598059e-04 1.4823524526e+04 1.5707963268e+00 1.8677295528e+00
1.4492537093e-04 1.4827816517e+04 1.5707963268e+00 1.8705042105e+00
1.4514466663e-04 1.4832120203e+04 1.5707963268e+00 1.8732772614e+00
1.4536386758e-04 1.4836435604e+04 1.5707963268e+00 1.8760487026e+00
1.4558297365e-04 1.4840762738e+04 1.5707963268e+00 1.8788185311e+00
1.4580198472e-04 1.4845101626e+04 1.5707963268e+00 1.8815867440e+00
1.4602090068e-04 1.4849452287e+04 1.5707963268e+00 1.8843533382e+00
1.4623972140e-04 1.4853814741e+04 1.5707963268e+00 1.8871183107e+00
1.4645844676e-04 1.4858189006e+04 1.5707963268e+00 1.8898816587e+00
1.4667707665e-04 1.4862575102e+04 1.5707963268e+00 1.8926433792e+00
1.4689561094e-04 1.4866973050e+04 1.5707963268e+00 1.8954034691e+00
1.4711404953e-04 1.4871382867e+04 1.5707963268e+00 1.8981619256e+00
1.4733239229e-04 1.4875804574e+04 1.5707963268e+00 1.9009187456e+00
1.4755063910e-04 1.4880238190e+04 1.5707963268e+00 1.9036739263e+00
1.4776878984e-04 1.4884683734e+04 1.5707963268e+00 1.9064274647e+00
1.4798684441e-04 1.4889141226e+04 1.5707963268e+00 1.9091793578e+00
1.4820480269e-04 1.4893610686e+04 1.5707963268e+00 1.9119296027e+00
1.4842266455e-04 1.4898092132e+04 1.5707963268e+00 1.9146781965e+00
1.4864042989e-04 1.4902585584e+04 1.5707963268e+00 1.9174251361e+00
1.4885809858e-04 1.4907091061e+04 1.5707963268e+00 1.9201704187e+00
1.4907567053e-04 1.4911608583e+04 1.5707963268e+00 1.9229140414e+00
1.4929314560e-04 1.4916138170e+04 1.5707963268e+00 1.9256560012e+00
1.4951052369e-04 1.4920679839e+04 1.5707963268e+00 1.9283962952e+00
1.4972780469e-04 1.4925233612e+04 1.5707963268e+00 1.9311349205e+00
1.4994498848e-04 1.4929799507e+04 1.5707963268e+00 1.9338718741e+00
1.5016207495e-04 1.4934377543e+04 1.5707963268e+00 1.9366071531e+00
1.5037906399e-04 1.4938967740e+04 1.5707963268e+00 1.9393407547e+00
1.5059595548e-04 1.4943570117e+04 1.5707963268e+00 1.9420726758e+00
1.5081274932e-04 1.4948184693e+04 1.5707963268e+00 1.9448029137e+00
1.5102944540e-04 1.4952811488e+04 1.5707963268e+00 1.9475314654e+00
1.5124604360e-04 1.4957450521e+04 1.5707963268e+00 1.9502583280e+00
1.5146254382e-04 1.4962101812e+04 1.5707963268e+00 1.9529834986e+00
1.5167894595e-04 1.4966765379e+04 1.5707963268e+00 1.9557069743e+00
1.5189524987e-04 1.4971441241e+04 1.5707963268e+00 1.9584287523e+00
1.5211145548e-04 1.4976129419e+04 1.5707963268e+00 1.9611488296e+00
1.5232756268e-04 1.4980829930e+04 1.5707963268e+00 1.9638672033e+00
1.5254357135e-04 1.4985542795e+04 1.5707963268e+00 1.9665838706e+00
1.5275948138e-04 1.4990268033e+04 1.5707963268e+00 1.9692988287e+00
1.5297529268e-04 1.4995005662e+04 1.5707963268e+00 1.9720120746e+00
1.5319100513e-04 1.4999755703e+04 1.5707963268e+00 1.9747236054e+00
1.5340661864e-04 1.5004518173e+04 1.5707963268e+00 1.9774334184e+00
1.5362213308e-04 1.5009293093e+04 1.5707963268e+00 1.9801415106e+00
1.5383754836e-04 1.5014080480e+04 1.5707963268e+00 1.9828478793e+00
1.5405286438e-04 1.5018880356e+04 1.5707963268e+00 1.9855525214e+00
1.5426808103e-04 1.5023692738e+04 1.5707963268e+00 1.9882554343e+00
1.5448319821e-04 1.5028517646e+04 1.5707963268e+00 1.9909566150e+00
1.5469821581e-04 1.5033355098e+04 1.5707963268e+00 1.9936560607e+00
1.5491313374e-04 1.5038205114e+04 1.5707963268e+00 1.9963537687e+00
1.5512795188e-04 1.5043067713e+04 1.5707963268e+00 1.9990497359e+00
1.5534267015e-04 1.5047942914e+04 1.5707963268e+00 2.0017439597e+00
1.5555728843e-04 1.5052830736e+04 1.5707963268e+00 2.0044364372e+00
1.5577180662e-04 1.5057731198e+04 1.5707963268e+00 2.0071271655e+00
1.5598622464e-04 1.5062644319e+04 1.5707963268e+00 2.0098161419e+00
1.5620054237e-04 1.5067570117e+04 1.5707963268e+00 2.0125033636e+00
1.5641475972e-04 1.5072508612e+04 1.5707963268e+00 2.0151888277e+00
1.5662887658e-04 1.5077459823e+04 1.5707963268e+00 2.0178725314e+00
1.5684289287e-04 1.5082423768e+04 1.5707963268e+00 2.0205544720e+00
1.5705680848e-04 1.5087400467e+04 1.5707963268e+00 2.0232346467e+00
1.5727062331e-04 1.5092389939e+04 1.5707963268e+00 2.0259130526e+00
1.5748433728e-04 1.5097392201e+04 1.5707963268e+00 2.0285896870e+00
1.5769795027e-04 1.5102407274e+04 1.5707963268e+00 2.0312645471e+00
1.5791146220e-04 1.5107435175e+04 1.5707963268e+00 2.0339376301e+00
1.5812487297e-04 1.5112475925e+04 1.5707963268e+00 2.0366089332e+00
1.5833818249e-04 1.5117529540e+04 1.5707963268e+00 2.0392784538e+00
1.5855139066e-04 1.5122596041e+04 1.5707963268e+00 2.0419461890e+00
1.5876449738e-04 1.5127675446e+04 1.5707963268e+00 2.0446121360e+00
1.5897750257e-04 1.5132767774e+04 1.5707963268e+00 2.0472762921e+00
1.5919040612e-04 1.5137873043e+04 1.5707963268e+00 2.0499386547e+00
1.5940320796e-04 1.5142991273e+04 1.5707963268e+00 2.0525992208e+00
1.5961590798e-04 1.5148122481e+04 1.5707963268e+00 2.0552579878e+00
1.5982850609e-04 1.5153266686e+04 1.5707963268e+00 2.0579149530e+00
1.6004100220e-04 1.5158423908e+04 1.5707963268e+00 2.0605701136e+00
1.6025339623e-04 1.5163594164e+04 1.5707963268e+00 2.0632234669e+00
1.6046568808e-04 1.5168777473e+04 1.5707963268e+00 2.0658750102e+00
1.6067787766e-04 1.5173973854e+04 1.5707963268e+00 2.0685247407e+00
1.6088996488e-04 1.5179183326e+04 1.5707963268e+00 2.0711726558e+00
1.6110194966e-04 1.5184405906e+04 1.5707963268e+00 2.0738187528e+00
1.6131383190e-04 1.5189641613e+04 1.5707963268e+00 2.0764630289e+00
1.6152561153e-04 1.5194890467e+04 1.5707963268e+00 2.0791054815e+00
1.6173728844e-04 1.5200152484e+04 1.5707963268e+00 2.0817461079e+00
1.6194886255e-04 1.5205427685e+04 1.5707963268e+00 2.0843849053e+00
1.6216033379e-04 1.5210716086e+04 1.5707963268e+00 2.0870218712e+00
1.6237170205e-04 1.5216017707e+04 1.5707963268e+00 2.0896570028e+00
1.6258296727e-04 1.5221332565e+04 1.5707963268e+00 2.0922902975e+00
1.6279412934e-04 1.5226660680e+04 1.5707963268e+00 2.0949217526e+00
1.6300518819e-04 1.5232002068e+04 1.5707963268e+00 2.0975513654e+00
1.6321614374e-04 1.5237356750e+04 1.5707963268e+00 2.1001791334e+00
1.6342699590e-04 1.5242724742e+04 1.5707963268e+00 2.1028050538e+00
1.6363774458e-04 1.5248106064e+04 1.5707963268e+00 2.1054291240e+00
1.6384838971e-04 1.5253500733e+04 1.5707963268e+00 2.1080513415e+00
1.6405893121e-04 1.5258908767e+04 1.5707963268e+00 2.1106717035e+00
1.6426936899e-04 1.5264330185e+04 1.5707963268e+00 2.1132902074e+00
1.6447970297e-04 1.5269765005e+04 1.5707963268e+00 2.1159068506e+00
1.6468993308e-04 1.5275213244e+04 1.5707963268e+00 2.1185216306e+00
1.6490005922e-04 1.5280674922e+04 1.5707963268e+00 2.1211345446e+00
1.6511008133e-04 1.5286150055e+04 1.5707963268e+00 2.1237455901e+00
1.6531999933e-04 1.5291638662e+04 1.5707963268e+00 2.1263547646e+00
1.6552981313e-04 1.5297140761e+04 1.5707963268e+00 2.1289620653e+00
1.6573952266e-04 1.5302656370e+04 1.5707963268e+00 2.1315674898e+00
1.6594912784e-04 1.5308185507e+04 1.5707963268e+00 2.1341710354e+00
1.6615862860e-04 1.5313728190e+04 1.5707963268e+00 2.1367726996e+00
1.6636802485e-04 1.5319284436e+04 1.5707963268e+00 2.1393724799e+00
1.6657731653e-04 1.5324854263e+04 1.5707963268e+00 2.1419703735e+00
1.6678650356e-04 1.5330437690e+04 1.5707963268e+00 2.1445663781e+00
1.6699558587e-04 1.5336034733e+04 1.5707963268e+00 2.1471604911e+00
1.6720456337e-04 1.5341645411e+04 1.5707963268e+00 2.1497527098e+00
1.6741343600e-04 1.5347269742e+04 1.5707963268e+00 2.1523430318e+00
1.6762220368e-04 1.5352907743e+04 1.5707963268e+00 2.1549314546e+00
1.6783086635e-04 1.5358559431e+04 1.5707963268e+00 2.1575179756e+00
1.6803942392e-04 1.5364224825e+04 1.5707963268e+00 2.1601025923e+00
1.6824787633e-04 1.5369903942e+04 1.5707963268e+00 2.1626853022e+00
1.6845622351e-04 1.5375596799e+04 1.5707963268e+00 2.1652661028e+00
1.6866446539e-04 1.5381303415e+04 1.5707963268e+00 2.1678449916e+00
1.6887260190e-04 1.5387023806e+04 1.5707963268e+00 2.1704219661e+00
1.6908063296e-04 1.5392757989e+04 1.5707963268e+00 2.1729970238e+00
1.6928855851e-04 1.5398505984e+04 1.5707963268e+00 2.1755701622e+00
1.6949637848e-04 1.5404267806e+04 1.5707963268e+00 2.1781413790e+00
1.6970409281e-04 1.5410043473e+04 1.5707963268e+00 2.1807106715e+00
1.6991170142e-04 1.5415833003e+04 1.5707963268e+00 2.1832780373e+00
1.7011920425e-04 1.5421636413e+04 1.5707963268e+00 2.1858434741e+00
1.7032660123e-04 1.5427453720e+04 1.5707963268e+00 2.1884069793e+00
1.7053389231e-04 1.5433284941e+04 1.5707963268e+00 2.1909685505e+00
1.7074107740e-04 1.5439130093e+04 1.5707963268e+00 2.1935281852e+00
1.7094815646e-04 1.5444989195e+04 1.5707963268e+00 2.1960858812e+00
1.7115512940e-04 1.5450862262e+04 1.5707963268e+00 2.1986416358e+00
1.7136199618e-04 1.5456749312e+04 1.5707963268e+00 2.2011954467e+00
1.7156875673e-04 1.5462650362e+04 1.5707963268e+00 2.2037473116e+00
1.7177541099e-04 1.5468565428e+04 1.5707963268e+00 2.2062972280e+00
1.7198195888e-04 1.5474494529e+04 1.5707963268e+00 2.2088451934e+00
1.7218840036e-04 1.5480437681e+04 1.5707963268e+00 2.2113912056e+00
1.7239473537e-04 1.5486394900e+04 1.5707963268e+00 2.2139352622e+00
1.7260096383e-04 1.5492366204e+04 1.5707963268e+00 2.2164773607e+00
1.7280708570e-04 1.5498351609e+04 1.5707963268e+00 2.2190174989e+00
1.7301310091e-04 1.5504351133e+04 1.5707963268e+00 2.2215556743e+00
1.7321900941e-04 1.5510364792e+04 1.5707963268e+00 2.2240918846e+00
1.7342481113e-04 1.5516392602e+04 1.5707963268e+00 2.2266261275e+00
1.7363050602e-04 1.5522434581e+04 1.5707963268e+00 2.2291584006e+00
1.7383609402e-04 1.5528490745e+04 1.5707963268e+00 2.2316887016e+00
1.7404157508e-04 1.5534561111e+04 1.5707963268e+00 2.2342170282e+00
1.7424694914e-04 1.5540645695e+04 1.5707963268e+00 2.2367433781e+00
1.7445221615e-04 1.5546744514e+04 1.5707963268e+00 2.2392677489e+00
1.7465737605e-04 1.5552857584e+04 1.5707963268e+00 2.2417901384e+00
1.7486242878e-04 1.5558984922e+04 1.5707963268e+00 2.2443105442e+00
1.7506737429e-04 1.5565126544e+04 1.5707963268e+00 2.2468289641e+00
1.7527221253e-04 1.5571282466e+04 1.5707963268e+00 2.2493453958e+00
1.7547694345e-04 1.5577452706e+04 1.5707963268e+00 2.2518598370e+00
1.7568156700e-04 1.5583637278e+04 1.5707963268e+00 2.2543722856e+00
1.7588608311e-04 1.5589836200e+04 1.5707963268e+00 2.2568827391e+00
1.7609049175e-04 1.5596049487e+04 1.5707963268e+00 2.2593911954e+00
1.7629479286e-04 1.5602277156e+04 1.5707963268e+00 2.2618976522e+00
1.7649898640e-04 1.5608519223e+04 1.5707963268e+00 2.2644021073e+00
1.7670307230e-04 1.5614775704e+04 1.5707963268e+00 2.2669045584e+00
1.7690705053e-04 1.5621046615e+04 1.5707963268e+00 2.2694050034e+00
1.7711092104e-04 1.5627331972e+04 1.5707963268e+00 2.2719034401e+00
1.7731468378e-04 1.5633631791e+04 1.5707963268e+00 2.2743998661e+00
1.7751833869e-04 1.5639946088e+04 1.5707963268e+00 2.2768942795e+00
1.7772188574e-04 1.5646274878e+04 1.5707963268e+00 2.2793866778e+00
1.7792532488e-04 1.5652618178e+04 1.5707963268e+00 2.2818770591e+00
1.7812865606e-04 1.5658976004e+04 1.5707963268e+00 2.2843654210e+00
1.7833187924e-04 1.5665348370e+04 1.5707963268e+00 2.2868517615e+00
1.7853499438e-04 1.5671735294e+04 1.5707963268e+00 2.2893360784e+00
1.7873800142e-04 1.5678136789e+04 1.5707963268e+00 2.2918183695e+00
1.7894090034e-04 1.5684552873e+04 1.5707963268e+00 2.2942986327e+00
1.7914369108e-04 1.5690983561e+04 1.5707963268e+00 2.2967768659e+00
1.7934637359e-04 1.5697428867e+04 1.5707963268e+00 2.2992530669e+00
1.7954894786e-04 1.5703888808e+04 1.5707963268e+00 2.3017272337e+00
1.7975141382e-04 1.5710363399e+04 1.5707963268e+00 2.3041993640e+00
1.7995377144e-04 1.5716852656e+04 1.5707963268e+00 2.3066694559e+00
1.8015602068e-04 1.5723356593e+04 1.5707963268e+00 2.3091375072e+00
1.8035816150e-04 1.5729875227e+04 1.5707963268e+00 2.3116035159e+00
1.8056019386e-04 1.5736408571e+04 1.5707963268e+00 2.3140674798e+00
1.8076211772e-04 1.5742956643e+04 1.5707963268e+00 2.3165293969e+00
1.8096393305e-04 1.5749519455e+04 1.5707963268e+00 2.3189892652e+00
1.8116563981e-04 1.5756097025e+04 1.5707963268e+00 2.3214470826e+00
1.8136723796e-04 1.5762689366e+04 1.5707963268e+00 2.3239028470e+00
1.8156872747e-04 1.5769296494e+04 1.5707963268e+00 2.3263565564e+00
1.8177010829e-04 1.5775918424e+04 1.5707963268e+00 2.3288082089e+00
1.8197138040e-04 1.5782555171e+04 1.5707963268e+00 2.3312578023e+00
1.8217254377e-04 1.5789206749e+04 1.5707963268e+00 2.3337053347e+00
1.8237359835e-04 1.5795873173e+04 1.5707963268e+00 2.3361508040e+00
1.8257454411e-04 1.5802554459e+04 1.5707963268e+00 2.3385942084e+00
1.8277538103e-04 1.5809250620e+04 1.5707963268e+00 2.3410355457e+00
1.8297610907e-04 1.5815961672e+04 1.5707963268e+00 2.3434748140e+00
1.8317672819e-04 1.5822687630e+04 1.5707963268e+00 2.3459120114e+00
1.8337723837e-04 1.5829428506e+04 1.5707963268e+00 2.3483471359e+00
1.8357763957e-04 1.5836184318e+04 1.5707963268e+00 2.3507801855e+00
1.8377793178e-04 1.5842955077e+04 1.5707963268e+00 2.3532111584e+00
1.8397811495e-04 1.5849740800e+04 1.5707963268e+00 2.3556400525e+00
1.8417818905e-04 1.5856541501e+04 1.5707963268e+00 2.3580668660e+00
1.8437815407e-04 1.5863357193e+04 1.5707963268e+00 2.3604915969e+00
1.8457800997e-04 1.5870187892e+04 1.5707963268e+00 2.3629142433e+00
1.8477775673e-04 1.5877033611e+04 1.5707963268e+00 2.3653348034e+00
1.8497739431e-04 1.5883894364e+04 1.5707963268e+00 2.3677532753e+00
1.8517692270e-04 1.5890770166e+04 1.5707963268e+00 2.3701696570e+00
1.8537634186e-04 1.5897661031e+04 1.5707963268e+00 2.3725839467e+00
1.8557565178e-04 1.5904566972e+04 1.5707963268e+00 2.3749961425e+00
1.8577485242e-04 1.5911488004e+04 1.5707963268e+00 2.3774062426e+00
1.8597394377e-04 1.5918424141e+04 1.5707963268e+00 2.3798142452e+00
1.8617292579e-04 1.5925375396e+04 1.5707963268e+00 2.3822201483e+00
1.8637179848e-04 1.5932341784e+04 1.5707963268e+00 2.3846239503e+00
1.8657056180e-04 1.5939323317e+04 1.5707963268e+00 2.3870256492e+00
1.8676921574e-04 1.5946320010e+04 1.5707963268e+00 2.3894252433e+00
1.8696776027e-04 1.5953331877e+04 1.5707963268e+00 2.3918227307e+00
1.8716619537e-04 1.5960358930e+04 1.5707963268e+00 2.3942181097e+00
1.8736452102e-04 1.5967401184e+04 1.5707963268e+00 2.3966113785e+00
1.8756273721e-04 1.5974458652e+04 1.5707963268e+00 2.3990025353e+00
1.8776084391e-04 1.5981531347e+04 1.5707963268e+00 2.4013915783e+00
1.8795884111e-04 1.5988619283e+04 1.5707963268e+00 2.4037785059e+00
1.8815672879e-04 1.5995722474e+04 1.5707963268e+00 2.4061633162e+00
1.8835450693e-04 1.6002840931e+04 1.5707963268e+00 2.4085460075e+00
1.8855217551e-04 1.6009974670e+04 1.5707963268e+00 2.4109265782e+00
1.8874973452e-04 1.6017123702e+04 1.5707963268e+00 2.4133050264e+00
1.8894718394e-04 1.6024288041e+04 1.5707963268e+00 2.4156813505e+00
1.8914452377e-04 1.6031467699e+04 1.5707963268e+00 2.4180555488e+00
1.8934175397e-04 1.6038662691e+04 1.5707963268e+00 2.4204276195e+00
1.8953887455e-04 1.6045873029e+04 1.5707963268e+00 2.4227975611e+00
1.8973588548e-04 1.6053098725e+04 1.5707963268e+00 2.4251653718e+00
1.8993278675e-04 1.6060339793e+04 1.5707963268e+00 2.4275310499e+00
1.9012957836e-04 1.6067596245e+04 1.5707963268e+00 2.4298945940e+00
1.9032626029e-04 1.6074868095e+04 1.5707963268e+00 2.4322560021e+00
1.9052283252e-04 1.6082155354e+04 1.5707963268e+00 2.4346152729e+00
1.9071929505e-04 1.6089458035e+04 1.5707963268e+00 2.4369724046e+00
1.9091564787e-04 1.6096776151e+04 1.5707963268e+00 2.4393273956e+00
1.9111189097e-04 1.6104109715e+04 1.5707963268e+00 2.4416802443e+00
1.9130802434e-04 1.6111458738e+04 1.5707963268e+00 2.4440309491e+00
1.9150404797e-04 1.6118823234e+04 1.5707963268e+00 2.4463795085e+00
1.9169996185e-04 1.6126203214e+04 1.5707963268e+00 2.4487259208e+00
1.9189576598e-04 1.6133598691e+04 1.5707963268e+00 2.4510701846e+00
1.9209146034e-04 1.6141009676e+04 1.5707963268e+00 2.4534122982e+00
1.9228704494e-04 1.6148436183e+04 1.5707963268e+00 2.4557522600e+00
1.9248251976e-04 1.6155878222e+04 1.5707963268e+00 2.4580900687e+00
1.9267788481e-04 1.6163335807e+04 1.5707963268e+00 2.4604257225e+00
1.9287314007e-04 1.6170808949e+04 1.5707963268e+00 2.4627592201e+00
1.9306828555e-04 1.6178297660e+04 1.5707963268e+00 2.4650905599e+00
1.9326332124e-04 1.6185801952e+04 1.5707963268e+00 2.4674197404e+00
1.9345824713e-04 1.6193321837e+04 1.5707963268e+00 2.4697467601e+00
1.9365306322e-04 1.6200857326e+04 1.5707963268e+00 2.4720716176e+00
1.9384776952e-04 1.6208408431e+04 1.5707963268e+00 2.4743943113e+00
1.9404236602e-04 1.6215975164e+04 1.5707963268e+00 2.4767148399e+00
1.9423685272e-04 1.6223557535e+04 1.5707963268e+00 2.4790332018e+00
1.9443122962e-04 1.6231155558e+04 1.5707963268e+00 2.4813493956e+00
1.9462549671e-04 1.6238769243e+04 1.5707963268e+00 2.4836634200e+00
1.9481965401e-04 1.6246398601e+04 1.5707963268e+00 2.4859752734e+00
1.9501370151e-04 1.6254043644e+04 1.5707963268e+00 2.4882849545e+00
1.9520763921e-04 1.6261704383e+04 1.5707963268e+00 2.4905924619e+00
1.9540146712e-04 1.6269380829e+04 1.5707963268e+00 2.4928977942e+00
1.9559518523e-04 1.6277072993e+04 1.5707963268e+00 2.4952009500e+00
1.9578879356e-04 1.6284780887e+04 1.5707963268e+00 2.4975019279e+00
1.9598229210e-04 1.6292504522e+04 1.5707963268e+00 2.4998007266e+00
1.9617568087e-04 1.6300243907e+04 1.5707963268e+00 2.5020973447e+00
1.9636895986e-04 1.6307999055e+04 1.5707963268e+00 2.5043917809e+00
1.9656212908e-04 1.6315769976e+04 1.5707963268e+00 2.5066840338e+00
1.9675518854e-04 1.6323556681e+04 1.5707963268e+00 2.5089741022e+00
1.9694813824e-04 1.6331359180e+04 1.5707963268e+00 2.5112619848e+00
1.9714097819e-04 1.6339177484e+04 1.5707963268e+00 2.5135476801e+00
1.9733370840e-04 1.6347011604e+04 1.5707963268e+00 2.5158311870e+00
1.9752632887e-04 1.6354861551e+04 1.5707963268e+00 2.5181125042e+00
1.9771883962e-04 1.6362727333e+04 1.5707963268e+00 2.5203916303e+00
1.9791124066e-04 1.6370608963e+04 1.5707963268e+00 2.5226685642e+00
1.9810353199e-04 1.6378506450e+04 1.5707963268e+00 2.5249433046e+00
1.9829571362e-04 1.6386419805e+04 1.5707963268e+00 2.5272158502e+00
1.9848778557e-04 1.6394349037e+04 1.5707963268e+00 2.5294861998e+00
1.9867974784e-04 1.6402294158e+04 1.5707963268e+00 2.5317543522e+00
1.9887160046e-04 1.6410255176e+04 1.5707963268e+00 2.5340203063e+00
1.9906334342e-04 1.6418232102e+04 1.5707963268e+00 2.5362840607e+00
1.9925497674e-04 1.6426224946e+04 1.5707963268e+00 2.5385456143e+00
1.9944650045e-04 1.6434233718e+04 1.5707963268e+00 2.5408049659e+00
1.9963791454e-04 1.6442258428e+04 1.5707963268e+00 2.5430621144e+00
1.9982921904e-04 1.6450299084e+04 1.5707963268e+00 2.5453170586e+00
2.0002041395e-04 1.6458355698e+04 1.5707963268e+00 2.5475697974e+00
2.0021149931e-04 1.6466428278e+04 1.5707963268e+00 2.5498203296e+00
2.0040247511e-04 1.6474516835e+04 1.5707963268e+00 2.5520686541e+00
2.0059334138e-04 1.6482621377e+04 1.5707963268e+00 2.5543147697e+00
2.0078409813e-04 1.6490741914e+04 1.5707963268e+00 2.5565586755e+00
2.0097474539e-04 1.6498878455e+04 1.5707963268e+00 2.5588003702e+00
2.0116528317e-04 1.6507031010e+04 1.5707963268e+00 2.5610398528e+00
2.0135571148e-04 1.6515199589e+04 1.5707963268e+00 2.5632771222e+00
2.0154603035e-04 1.6523384199e+04 1.5707963268e+00 2.5655121774e+00
2.0173623980e-04 1.6531584850e+04 1.5707963268e+00 2.5677450172e+00
2.0192633984e-04 1.6539801552e+04 1.5707963268e+00 2.5699756408e+00
2.0211633051e-04 1.6548034312e+04 1.5707963268e+00 2.5722040469e+00
2.0230621180e-04 1.6556283141e+04 1.5707963268e+00 2.5744302347e+00
2.0249598376e-04 1.6564548047e+04 1.5707963268e+00 2.5766542030e+00
2.0268564640e-04 1.6572829038e+04 1.5707963268e+00 2.5788759510e+00
2.0287519975e-04 1.6581126124e+04 1.5707963268e+00 2.5810954775e+00
2.0306464382e-04 1.6589439313e+04 1.5707963268e+00 2.5833127817e+00
2.0325397864e-04 1.6597768613e+04 1.5707963268e+00 2.5855278624e+00
2.0344320424e-04 1.6606114033e+04 1.5707963268e+00 2.5877407189e+00
2.0363232063e-04 1.6614475582e+04 1.5707963268e+00 2.5899513501e+00
2.0382132785e-04 1.6622853268e+04 1.5707963268e+00 2.5921597551e+00
2.0401022592e-04 1.6631247099e+04 1.5707963268e+00 2.5943659330e+00
2.0419901486e-04 1.6639657083e+04 1.5707963268e+00 2.5965698828e+00
2.0438769470e-04 1.6648083229e+04 1.5707963268e+00 2.5987716037e+00
2.0457626548e-04 1.6656525545e+04 1.5707963268e+00 2.6009710947e+00
2.0476472721e-04 1.6664984038e+04 1.5707963268e+00 2.6031683550e+00
2.0495307992e-04 1.6673458717e+04 1.5707963268e+00 2.6053633836e+00
2.0514132364e-04 1.6681949589e+04 1.5707963268e+00 2.6075561798e+00
2.0532945841e-04 1.6690456663e+04 1.5707963268e+00 2.6097467426e+00
2.0551748424e-04 1.6698979946e+04 1.5707963268e+00 2.6119350712e+00
2.0570540118e-04 1.6707519446e+04 1.5707963268e+00 2.6141211649e+00
2.0589320924e-04 1.6716075171e+04 1.5707963268e+00 2.6163050226e+00
2.0608090847e-04 1.6724647127e+04 1.5707963268e+00 2.6184866437e+00
2.0626849889e-04 1.6733235324e+04 1.5707963268e+00 2.6206660274e+00
2.0645598054e-04 1.6741839767e+04 1.5707963268e+00 2.6228431728e+00
2.0664335344e-04 1.6750460464e+04 1.5707963268e+00 2.6250180792e+00
2.0683061763e-04 1.6759097423e+04 1.5707963268e+00 2.6271907458e+00
2.0701777314e-04 1.6767750651e+04 1.5707963268e+00 2.6293611718e+00
2.0720482000e-04 1.6776420155e+04 1.5707963268e+00 2.6315293565e+00
2.0739175826e-04 1.6785105943e+04 1.5707963268e+00 2.6336952991e+00
2.0757858794e-04 1.6793808020e+04 1.5707963268e+00 2.6358589990e+00
2.0776530909e-04 1.6802526394e+04 1.5707963268e+00 2.6380204554e+00
2.0795192172e-04 1.6811261072e+04 1.5707963268e+00 2.6401796675e+00
2.0813842589e-04 1.6820012062e+04 1.5707963268e+00 2.6423366348e+00
2.0832482163e-04 1.6828779368e+04 1.5707963268e+00 2.6444913564e+00
2.0851110897e-04 1.6837562999e+04 1.5707963268e+00 2.6466438318e+00
2.0869728795e-04 1.6846362961e+04 1.5707963268e+00 2.6487940603e+00
2.0888335861e-04 1.6855179260e+04 1.5707963268e+00 2.6509420412e+00
2.0906932099e-04 1.6864011902e+04 1.5707963268e+00 2.6530877739e+00
2.0925517512e-04 1.6872860895e+04 1.5707963268e+00 2.6552312577e+00
2.0944092105e-04 1.6881726245e+04 1.5707963268e+00 2.6573724920e+00
2.0962655882e-04 1.6890607958e+04 1.5707963268e+00 2.6595114762e+00
2.0981208846e-04 1.6899506039e+04 1.5707963268e+00 2.6616482097e+00
2.0999751002e-04 1.6908420496e+04 1.5707963268e+00 2.6637826919e+00
2.1018282354e-04 1.6917351333e+04 1.5707963268e+00 2.6659149223e+00
2.1036802905e-04 1.6926298558e+04 1.5707963268e+00 2.6680449002e+00
2.1055312661e-04 1.6935262177e+04 1.5707963268e+00 2.6701726251e+00
2.1073811625e-04 1.6944242194e+04 1.5707963268e+00 2.6722980965e+00
2.1092299801e-04 1.6953238615e+04 1.5707963268e+00 2.6744213137e+00
2.1110777194e-04 1.6962251448e+04 1.5707963268e+00 2.6765422764e+00
2.1129243809e-04 1.6971280696e+04 1.5707963268e+00 2.6786609839e+00
2.1147699649e-04 1.6980326366e+04 1.5707963268e+00 2.6807774358e+00
2.1166144720e-04 1.6989388464e+04 1.5707963268e+00 2.6828916316e+00
2.1184579025e-04 1.6998466993e+04 1.5707963268e+00 2.6850035707e+00
2.1203002569e-04 1.7007561961e+04 1.5707963268e+00 2.6871132528e+00
2.1221415357e-04 1.7016673372e+04 1.5707963268e+00 2.6892206773e+00
2.1239817393e-04 1.7025801232e+04 1.5707963268e+00 2.6913258438e+00
2.1258208683e-04 1.7034945545e+04 1.5707963268e+00 2.6934287518e+00
2.1276589230e-04 1.7044106317e+04 1.5707963268e+00 2.6955294010e+00
2.1294959040e-04 1.7053283553e+04 1.5707963268e+00 2.6976277908e+00
2.1313318117e-04 1.7062477258e+04 1.5707963268e+00 2.6997239210e+00
2.1331666467e-04 1.7071687436e+04 1.5707963268e+00 2.7018177910e+00
2.1350004093e-04 1.7080914092e+04 1.5707963268e+00 2.7039094005e+00
2.1368331002e-04 1.7090157232e+04 1.5707963268e+00 2.7059987492e+00
2.1386647198e-04 1.7099416859e+04 1.5707963268e+00 2.7080858365e+00
2.1404952685e-04 1.7108692979e+04 1.5707963268e+00 2.7101706623e+00
2.1423247470e-04 1.7117985596e+04 1.5707963268e+00 2.7122532261e+00
2.1441531557e-04 1.7127294714e+04 1.5707963268e+00 2.7143335276e+00
2.1459804952e-04 1.7136620338e+04 1.5707963268e+00 2.7164115665e+00
2.1478067659e-04 1.7145962472e+04 1.5707963268e+00 2.7184873424e+00
2.1496319683e-04 1.7155321120e+04 1.5707963268e+00 2.7205608551e+00
2.1514561031e-04 1.7164696287e+04 1.5707963268e+00 2.7226321043e+00
2.1532791707e-04 1.7174087977e+04 1.5707963268e+00 2.7247010897e+00
2.1551011717e-04 1.7183496193e+04 1.5707963268e+00 2.7267678109e+00
2.1569221066e-04 1.7192920940e+04 1.5707963268e+00 2.7288322678e+00
2.1587419759e-04 1.7202362221e+04 1.5707963268e+00 2.7308944601e+00
2.1605607803e-04 1.7211820041e+04 1.5707963268e+00 2.7329543875e+00
2.1623785202e-04 1.7221294403e+04 1.5707963268e+00 2.7350120498e+00
2.1641951962e-04 1.7230785311e+04 1.5707963268e+00 2.7370674468e+00
2.1660108088e-04 1.7240292768e+04 1.5707963268e+00 2.7391205783e+00
2.1678253587e-04 1.7249816778e+04 1.5707963268e+00 2.7411714441e+00
2.1696388464e-04 1.7259357345e+04 1.5707963268e+00 2.7432200440e+00
2.1714512725e-04 1.7268914472e+04 1.5707963268e+00 2.7452663778e+00
2.1732626375e-04 1.7278488162e+04 1.5707963268e+00 2.7473104453e+00
2.1750729420e-04 1.7288078418e+04 1.5707963268e+00 2.7493522464e+00
2.1768821866e-04 1.7297685244e+04 1.5707963268e+00 2.7513917810e+00
2.1786903720e-04 1.7307308643e+04 1.5707963268e+00 2.7534290488e+00
2.1804974986e-04 1.7316948618e+04 1.5707963268e+00 2.7554640498e+00
2.1823035671e-04 1.7326605171e+04 1.5707963268e+00 2.7574967839e+00
2.1841085780e-04 1.7336278307e+04 1.5707963268e+00 2.7595272509e+00
2.1859125321e-04 1.7345968027e+04 1.5707963268e+00 2.7615554508e+00
2.1877154298e-04 1.7355674334e+04 1.5707963268e+00 2.7635813834e+00
2.1895172719e-04 1.7365397232e+04 1.5707963268e+00 2.7656050488e+00
2.1913180588e-04 1.7375136722e+04 1.5707963268e+00 2.7676264467e+00
2.1931177913e-04 1.7384892808e+04 1.5707963268e+00 2.7696455773e+00
2.1949164699e-04 1.7394665492e+04 1.5707963268e+00 2.7716624403e+00
2.1967140953e-04 1.7404454776e+04 1.5707963268e+00 2.7736770359e+00
2.1985106681e-04 1.7414260663e+04 1.5707963268e+00 2.7756893639e+00
2.2003061890e-04 1.7424083154e+04 1.5707963268e+00 2.7776994244e+00
2.2021006585e-04 1.7433922253e+04 1.5707963268e+00 2.7797072174e+00
2.2038940773e-04 1.7443777961e+04 1.5707963268e+00 2.7817127428e+00
2.2056864461e-04 1.7453650281e+04 1.5707963268e+00 2.7837160007e+00
2.2074777655e-04 1.7463539214e+04 1.5707963268e+00 2.7857169911e+00
2.2092680362e-04 1.7473444762e+04 1.5707963268e+00 2.7877157140e+00
2.2110572588e-04 1.7483366928e+04 1.5707963268e+00 2.7897121696e+00
2.2128454339e-04 1.7493305713e+04 1.5707963268e+00 2.7917063578e+00
2.2146325623e-04 1.7503261118e+04 1.5707963268e+00 2.7936982787e+00
2.2164186446e-04 1.7513233146e+04 1.5707963268e+00 2.7956879324e+00
2.2182036815e-04 1.7523221798e+04 1.5707963268e+00 2.7976753190e+00
2.2199876736e-04 1.7533227076e+04 1.5707963268e+00 2.7996604387e+00
2.2217706216e-04 1.7543248980e+04 1.5707963268e+00 2.8016432914e+00
2.2235525262e-04 1.7553287513e+04 1.5707963268e+00 2.8036238773e+00
2.2253333881e-04 1.7563342676e+04 1.5707963268e+00 2.8056021966e+00
2.2271132079e-04 1.7573414470e+04 1.5707963268e+00 2.8075782494e+00
2.2288919865e-04 1.7583502896e+04 1.5707963268e+00 2.8095520358e+00
2.2306697243e-04 1.7593607956e+04 1.5707963268e+00 2.8115235560e+00
2.2324464222e-04 1.7603729649e+04 1.5707963268e+00 2.8134928103e+00
2.2342220809e-04 1.7613867978e+04 1.5707963268e+00 2.8154597986e+00
2.2359967010e-04 1.7624022944e+04 1.5707963268e+00 2.8174245213e+00
2.2377702833e-04 1.7634194546e+04 1.5707963268e+00 2.8193869786e+00
2.2395428285e-04 1.7644382786e+04 1.5707963268e+00 2.8213471706e+00
2.2413143372e-04 1.7654587665e+04 1.5707963268e+00 2.8233050976e+00
2.2430848103e-04 1.7664809183e+04 1.5707963268e+00 2.8252607598e+00
2.2448542483e-04 1.7675047340e+04 1.5707963268e+00 2.8272141575e+00
2.2466226521e-04 1.7685302138e+04 1.5707963268e+00 2.8291652908e+00
2.2483900224e-04 1.7695573576e+04 1.5707963268e+00 2.8311141601e+00
2.2501563599e-04 1.7705861656e+04 1.5707963268e+00 2.8330607657e+00
2.2519216654e-04 1.7716166377e+04 1.5707963268e+00 2.8350051078e+00
2.2536859395e-04 1.7726487739e+04 1.5707963268e+00 2.8369471866e+00
2.2554491830e-04 1.7736825743e+04 1.5707963268e+00 2.8388870026e+00
2.2572113967e-04 1.7747180389e+04 1.5707963268e+00 2.8408245560e+00
2.2589725813e-04 1.7757551676e+04 1.5707963268e+00 2.8427598472e+00
2.2607327376e-04 1.7767939605e+04 1.5707963268e+00 2.8446928764e+00
2.2624918662e-04 1.7778344176e+04 1.5707963268e+00 2.8466236440e+00
2.2642499681e-04 1.7788765388e+04 1.5707963268e+00 2.8485521503e+00
2.2660070438e-04 1.7799203241e+04 1.5707963268e+00 2.8504783958e+00
2.2677630943e-04 1.7809657735e+04 1.5707963268e+00 2.8524023808e+00
2.2695181202e-04 1.7820128870e+04 1.5707963268e+00 2.8543241057e+00
2.2712721223e-04 1.7830616645e+04 1.5707963268e+00 2.8562435708e+00
2.2730251014e-04 1.7841121059e+04 1.5707963268e+00 2.8581607765e+00
2.2747770583e-04 1.7851642111e+04 1.5707963268e+00 2.8600757233e+00
2.2765279938e-04 1.7862179802e+04 1.5707963268e+00 2.8619884116e+00
2.2782779085e-04 1.7872734131e+04 1.5707963268e+00 2.8638988418e+00
2.2800268034e-04 1.7883305096e+04 1.5707963268e+00 2.8658070144e+00
2.2817746792e-04 1.7893892697e+04 1.5707963268e+00 2.8677129297e+00
2.2835215367e-04 1.7904496933e+04 1.5707963268e+00 2.8696165883e+00
2.2852673766e-04 1.7915117802e+04 1.5707963268e+00 2.8715179906e+00
2.2870121998e-04 1.7925755305e+04 1.5707963268e+00 2.8734171371e+00
2.2887560071e-04 1.7936409439e+04 1.5707963268e+00 2.8753140283e+00
2.2904987993e-04 1.7947080203e+04 1.5707963268e+00 2.8772086647e+00
2.2922405771e-04 1.7957767597e+04 1.5707963268e+00 2.8791010467e+00
2.2939813415e-04 1.7968471619e+04 1.5707963268e+00 2.8809911749e+00
2.2957210931e-04 1.7979192267e+04 1.5707963268e+00 2.8828790499e+00
2.2974598328e-04 1.7989929540e+04 1.5707963268e+00 2.8847646720e+00
2.2991975615e-04 1.8000683437e+04 1.5707963268e+00 2.8866480420e+00
2.3009342799e-04 1.8011453955e+04 1.5707963268e+00 2.8885291604e+00
2.3026699889e-04 1.8022241094e+04 1.5707963268e+00 2.8904080276e+00
2.3044046892e-04 1.8033044851e+04 1.5707963268e+00 2.8922846443e+00
2.3061383818e-04 1.8043865225e+04 1.5707963268e+00 2.8941590111e+00
2.3078710674e-04 1.8054702214e+04 1.5707963268e+00 2.8960311285e+00
2.3096027469e-04 1.8065555815e+04 1.5707963268e+00 2.8979009971e+00
2.3113334211e-04 1.8076426028e+04 1.5707963268e+00 2.8997686177e+00
2.3130630909e-04 1.8087312849e+04 1.5707963268e+00 2.9016339906e+00
2.3147917570e-04 1.8098216277e+04 1.5707963268e+00 2.9034971167e+00
2.3165194204e-04 1.8109136310e+04 1.5707963268e+00 2.9053579965e+00
2.3182460819e-04 1.8120072945e+04 1.5707963268e+00 2.9072166307e+00
2.3199717422e-04 1.8131026180e+04 1.5707963268e+00 2.9090730199e+00
2.3216964024e-04 1.8141996012e+04 1.5707963268e+00 2.9109271649e+00
2.3234200632e-04 1.8152982440e+04 1.5707963268e+00 2.9127790662e+00
2.3251427254e-04 1.8163985460e+04 1.5707963268e+00 2.9146287245e+00
2.3268643901e-04 1.8175005071e+04 1.5707963268e+00 2.9164761406e+00
2.3285850579e-04 1.8186041268e+04 1.5707963268e+00 2.9183213151e+00
2.3303047297e-04 1.8197094051e+04 1.5707963268e+00 2.9201642488e+00
2.3320234065e-04 1.8208163415e+04 1.5707963268e+00 2.9220049423e+00
2.3337410892e-04 1.8219249359e+04 1.5707963268e+00 2.9238433965e+00
2.3354577784e-04 1.8230351878e+04 1.5707963268e+00 2.9256796120e+00
2.3371734753e-04 1.8241470971e+04 1.5707963268e+00 2.9275135895e+00
2.3388881805e-04 1.8252606634e+04 1.5707963268e+00 2.9293453299e+00
2.3406018950e-04 1.8263758865e+04 1.5707963268e+00 2.9311748339e+00
2.3423146198e-04 1.8274927659e+04 1.5707963268e+00 2.9330021023e+00
2.3440263556e-04 1.8286113014e+04 1.5707963268e+00 2.9348271358e+00
2.3457371033e-04 1.8297314926e+04 1.5707963268e+00 2.9366499353e+00
2.3474468638e-04 1.8308533393e+04 1.5707963268e+00 2.9384705014e+00
2.3491556381e-04 1.8319768410e+04 1.5707963268e+00 2.9402888352e+00
2.3508634270e-04 1.8331019974e+04 1.5707963268e+00 2.9421049373e+00
2.3525702314e-04 1.8342288082e+04 1.5707963268e+00 2.9439188086e+00
2.3542760523e-04 1.8353572731e+04 1.5707963268e+00 2.9457304499e+00
2.3559808904e-04 1.8364873915e+04 1.5707963268e+00 2.9475398620e+00
2.3576847467e-04 1.8376191633e+04 1.5707963268e+00 2.9493470459e+00
2.3593876222e-04 1.8387525879e+04 1.5707963268e+00 2.9511520024e+00
2.3610895176e-04 1.8398876651e+04 1.5707963268e+00 2.9529547323e+00
2.3627904340e-04 1.8410243943e+04 1.5707963268e+00 2.9547552365e+00
2.3644903722e-04 1.8421627753e+04 1.5707963268e+00 2.9565535159e+00
2.3661893332e-04 1.8433028076e+04 1.5707963268e+00 2.9583495714e+00
2.3678873178e-04 1.8444444909e+04 1.5707963268e+00 2.9601434039e+00
2.3695843270e-04 1.8455878246e+04 1.5707963268e+00 2.9619350144e+00
2.3712803617e-04 1.8467328084e+04 1.5707963268e+00 2.9637244037e+00
2.3729754229e-04 1.8478794418e+04 1.5707963268e+00 2.9655115727e+00
2.3746695113e-04 1.8490277245e+04 1.5707963268e+00 2.9672965224e+00
2.3763626280e-04 1.8501776559e+04 1.5707963268e+00 2.9690792538e+00
2.3780547740e-04 1.8513292356e+04 1.5707963268e+00 2.9708597678e+00
2.3797459500e-04 1.8524824632e+04 1.5707963268e+00 2.9726380653e+00
2.3814361571e-04 1.8536373383e+04 1.5707963268e+00 2.9744141474e+00
2.3831253962e-04 1.8547938602e+04 1.5707963268e+00 2.9761880150e+00
2.3848136682e-04 1.8559520287e+04 1.5707963268e+00 2.9779596691e+00
2.3865009740e-04 1.8571118432e+04 1.5707963268e+00 2.9797291106e+00
2.3881873147e-04 1.8582733032e+04 1.5707963268e+00 2.9814963407e+00
2.3898726911e-04 1.8594364082e+04 1.5707963268e+00 2.9832613602e+00
2.3915571041e-04 1.8606011578e+04 1.5707963268e+00 2.9850241703e+00
2.3932405548e-04 1.8617675514e+04 1.5707963268e+00 2.9867847720e+00
2.3949230441e-04 1.8629355885e+04 1.5707963268e+00 2.9885431662e+00
2.3966045729e-04 1.8641052687e+04 1.5707963268e+00 2.9902993541e+00
2.3982851422e-04 1.8652765913e+04 1.5707963268e+00 2.9920533367e+00
2.3999647529e-04 1.8664495560e+04 1.5707963268e+00 2.9938051150e+00
2.4016434059e-04 1.8676241621e+04 1.5707963268e+00 2.9955546901e+00
2.4033211023e-04 1.8688004091e+04 1.5707963268e+00 2.9973020631e+00
2.4049978430e-04 1.8699782965e+04 1.5707963268e+00 2.9990472351e+00
2.4066736290e-04 1.8711578237e+04 1.5707963268e+00 3.0007902071e+00
2.4083484611e-04 1.8723389902e+04 1.5707963268e+00 3.0025309804e+00
2.4100223404e-04 1.8735217954e+04 1.5707963268e+00 3.0042695559e+00
2.4116952679e-04 1.8747062387e+04 1.5707963268e+00 3.0060059348e+00
2.4133672445e-04 1.8758923196e+04 1.5707963268e+00 3.0077401182e+00
2.4150382711e-04 1.8770800376e+04 1.5707963268e+00 3.0094721073e+00
2.4167083488e-04 1.8782693919e+04 1.5707963268e+00 3.0112019031e+00
2.4183774786e-04 1.8794603821e+04 1.5707963268e+00 3.0129295069e+00
2.4200456613e-04 1.8806530075e+04 1.5707963268e+00 3.0146549198e+00
2.4217128979e-04 1.8818472676e+04 1.5707963268e+00 3.0163781429e+00
2.4233791895e-04 1.8830431617e+04 1.5707963268e+00 3.0180991775e+00
2.4250445371e-04 1.8842406892e+04 1.5707963268e+00 3.0198180246e+00
2.4267089415e-04 1.8854398495e+04 1.5707963268e+00 3.0215346856e+00
2.4283724038e-04 1.8866406421e+04 1.5707963268e+00 3.0232491615e+00
2.4300349250e-04 1.8878430662e+04 1.5707963268e+00 3.0249614536e+00
2.4316965060e-04 1.8890471212e+04 1.5707963268e+00 3.0266715631e+00
2.4333571479e-04 1.8902528065e+04 1.5707963268e+00 3.0283794912e+00
2.4350168516e-04 1.8914601214e+04 1.5707963268e+00 3.0300852391e+00
2.4366756181e-04 1.8926690654e+04 1.5707963268e+00 3.0317888081e+00
2.4383334484e-04 1.8938796377e+04 1.5707963268e+00 3.0334901994e+00
2.4399903435e-04 1.8950918376e+04 1.5707963268e+00 3.0351894142e+00
2.4416463044e-04 1.8963056646e+04 1.5707963268e+00 3.0368864538e+00
2.4433013321e-04 1.8975211179e+04 1.5707963268e+00 3.0385813195e+00
2.4449554275e-04 1.8987381969e+04 1.5707963268e+00 3.0402740125e+00
2.4466085918e-04 1.8999569009e+04 1.5707963268e+00 3.0419645341e+00
2.4482608258e-04 1.9011772292e+04 1.5707963268e+00 3.0436528856e+00
2.4499121306e-04 1.9023991810e+04 1.5707963268e+00 3.0453390682e+00
2.4515625071e-04 1.9036227558e+04 1.5707963268e+00 3.0470230833e+00
2.4532119565e-04 1.9048479528e+04 1.5707963268e+00 3.0487049322e+00
2.4548604796e-04 1.9060747712e+04 1.5707963268e+00 3.0503846162e+00
2.4565080776e-04 1.9073032104e+04 1.5707963268e+00 3.0520621365e+00
2.4581547513e-04 1.9085332697e+04 1.5707963268e+00 3.0537374946e+00
2.4598005018e-04 1.9097649483e+04 1.5707963268e+00 3.0554106917e+00
2.4614453302e-04 1.9109982456e+04 1.5707963268e+00 3.0570817292e+00
2.4630892374e-04 1.9122331606e+04 1.5707963268e+00 3.0587506085e+00
2.4647322245e-04 1.9134696928e+04 1.5707963268e+00 3.0604173308e+00
2.4663742924e-04 1.9147078414e+04 1.5707963268e+00 3.0620818976e+00
2.4680154422e-04 1.9159476056e+04 1.5707963268e+00 3.0637443103e+00
2.4696556748e-04 1.9171889846e+04 1.5707963268e+00 3.0654045701e+00
2.4712949914e-04 1.9184319778e+04 1.5707963268e+00 3.0670626785e+00
2.4729333929e-04 1.9196765843e+04 1.5707963268e+00 3.0687186368e+00
2.4745708804e-04 1.9209228033e+04 1.5707963268e+00 3.0703724465e+00
2.4762074548e-04 1.9221706341e+04 1.5707963268e+00 3.0720241090e+00
2.4778431172e-04 1.9234200760e+04 1.5707963268e+00 3.0736736256e+00
2.4794778687e-04 1.9246711280e+04 1.5707963268e+00 3.0753209978e+00
2.4811117101e-04 1.9259237895e+04 1.5707963268e+00 3.0769662269e+00
2.4827446427e-04 1.9271780596e+04 1.5707963268e+00 3.0786093145e+00
2.4843766673e-04 1.9284339375e+04 1.5707963268e+00 3.0802502620e+00
2.4860077850e-04 1.9296914224e+04 1.5707963268e+00 3.0818890708e+00
2.4876379969e-04 1.9309505136e+04 1.5707963268e+00 3.0835257423e+00
2.4892673040e-04 1.9322112101e+04 1.5707963268e+00 3.0851602780e+00
2.4908957072e-04 1.9334735111e+04 1.5707963268e+00 3.0867926794e+00
2.4925232078e-04 1.9347374159e+04 1.5707963268e+00 3.0884229478e+00
2.4941498065e-04 1.9360029236e+04 1.5707963268e+00 3.0900510849e+00
2.4957755046e-04 1.9372700333e+04 1.5707963268e+00 3.0916770921e+00
2.4974003031e-04 1.9385387443e+04 1.5707963268e+00 3.0933009708e+00
2.4990242029e-04 1.9398090556e+04 1.5707963268e+00 3.0949227226e+00
2.5006472051e-04 1.9410809665e+04 1.5707963268e+00 3.0965423490e+00
2.5022693108e-04 1.9423544760e+04 1.5707963268e+00 3.0981598514e+00
2.5038905210e-04 1.9436295833e+04 1.5707963268e+00 3.0997752313e+00
2.5055108367e-04 1.9449062875e+04 1.5707963268e+00 3.1013884904e+00
2.5071302589e-04 1.9461845878e+04 1.5707963268e+00 3.1029996301e+00
2.5087487888e-04 1.9474644832e+04 1.5707963268e+00 3.1046086519e+00
2.5103664274e-04 1.9487459730e+04 1.5707963268e+00 3.1062155573e+00
2.5119831756e-04 1.9500290561e+04 1.5707963268e+00 3.1078203480e+00
2.5135990346e-04 1.9513137318e+04 1.5707963268e+00 3.1094230255e+00
2.5152140054e-04 1.9525999991e+04 1.5707963268e+00 3.1110235913e+00
2.5168280890e-04 1.9538878572e+04 1.5707963268e+00 3.1126220469e+00
2.5184412864e-04 1.9551773050e+04 1.5707963268e+00 3.1142183940e+00
2.5200535989e-04 1.9564683418e+04 1.5707963268e+00 3.1158126341e+00
2.5216650272e-04 1.9577609666e+04 1.5707963268e+00 3.1174047688e+00
2.5232755726e-04 1.9590551784e+04 1.5707963268e+00 3.1189947997e+00
2.5248852361e-04 1.9603509764e+04 1.5707963268e+00 3.1205827284e+00
2.5264940187e-04 1.9616483597e+04 1.5707963268e+00 3.1221685564e+00
2.5281019215e-04 1.9629473272e+04 1.5707963268e+00 3.1237522854e+00
2.5297089455e-04 1.9642478781e+04 1.5707963268e+00 3.1253339169e+00
2.5313150918e-04 1.9655500113e+04 1.5707963268e+00 3.1269134526e+00
2.5329203614e-04 1.9668537261e+04 1.5707963268e+00 3.1284908941e+00
2.5345247554e-04 1.9681590214e+04 1.5707963268e+00 3.1300662431e+00
2.5361282749e-04 1.9694658962e+04 1.5707963268e+00 3.1316395010e+00
2.5377309208e-04 1.9707743497e+04 1.5707963268e+00 3.1332106697e+00
2.5393326943e-04 1.9720843808e+04 1.5707963268e+00 3.1347797507e+00
2.5409335964e-04 1.9733959885e+04 1.5707963268e+00 3.1363467457e+00
2.5425336282e-04 1.9747091720e+04 1.5707963268e+00 3.1379116563e+00
2.5441327907e-04 1.9760239302e+04 1.5707963268e+00 3.1394744841e+00
2.5457310850e-04 1.9773402621e+04 1.5707963268e+00 3.1410352310e+00
2.5473285121e-04 1.9786581668e+04 1.5707963268e+00 3.1425938984e+00
2.5489250731e-04 1.9799776432e+04 1.5707963268e+00 3.1441504881e+00
2.5505207691e-04 1.9812986904e+04 1.5707963268e+00 3.1457050018e+00
2.5521156011e-04 1.9826213074e+04 1.5707963268e+00 3.1472574411e+00
2.5537095701e-04 1.9839454932e+04 1.5707963268e+00 3.1488078078e+00
2.5553026774e-04 1.9852712467e+04 1.5707963268e+00 3.1503561035e+00
2.5568949238e-04 1.9865985670e+04 1.5707963268e+00 3.1519023299e+00
2.5584863105e-04 1.9879274530e+04 1.5707963268e+00 3.1534464888e+00
2.5600768385e-04 1.9892579037e+04 1.5707963268e+00 3.1549885818e+00
2.5616665089e-04 1.9905899182e+04 1.5707963268e+00 3.1565286106e+00
2.5632553228e-04 1.9919234953e+04 1.5707963268e+00 3.1580665771e+00
2.5648432812e-04 1.9932586340e+04 1.5707963268e+00 3.1596024828e+00
2.5664303852e-04 1.9945953333e+04 1.5707963268e+00 3.1611363296e+00
2.5680166359e-04 1.9959335922e+04 1.5707963268e+00 3.1626681192e+00
2.5696020342e-04 1.9972734096e+04 1.5707963268e+00 3.1641978533e+00
2.5711865814e-04 1.9986147845e+04 1.5707963268e+00 3.1657255336e+00
2.5727702784e-04 1.9999577157e+04 1.5707963268e+00 3.1672511620e+00
2.5743531263e-04 2.0013022024e+04 1.5707963268e+00 3.1687747401e+00
2.5759351262e-04 2.0026482433e+04 1.5707963268e+00 3.1702962697e+00
2.5775162792e-04 2.0039958375e+04 1.5707963268e+00 3.1718157527e+00
2.5790965863e-04 2.0053449838e+04 1.5707963268e+00 3.1733331907e+00
2.5806760486e-04 2.0066956812e+04 1.5707963268e+00 3.1748485855e+00
2.5822546671e-04 2.0080479286e+04 1.5707963268e+00 3.1763619390e+00
2.5838324430e-04 2.0094017250e+04 1.5707963268e+00 3.1778732528e+00
2.5854093772e-04 2.0107570692e+04 1.5707963268e+00 3.1793825289e+00
2.5869854709e-04 2.0121139602e+04 1.5707963268e+00 3.1808897689e+00
2.5885607252e-04 2.0134723969e+04 1.5707963268e+00 3.1823949747e+00
2.5901351411e-04 2.0148323782e+04 1.5707963268e+00 3.1838981481e+00
2.5917087196e-04 2.0161939029e+04 1.5707963268e+00 3.1853992908e+00
2.5932814619e-04 2.0175569700e+04 1.5707963268e+00 3.1868984048e+00
2.5948533691e-04 2.0189215784e+04 1.5707963268e+00 3.1883954918e+00
2.5964244421e-04 2.0202877269e+04 1.5707963268e+00 3.1898905537e+00
2.5979946820e-04 2.0216554145e+04 1.5707963268e+00 3.1913835922e+00
2.5995640900e-04 2.0230246401e+04 1.5707963268e+00 3.1928746092e+00
2.6011326671e-04 2.0243954024e+04 1.5707963268e+00 3.1943636065e+00
2.6027004144e-04 2.0257677004e+04 1.5707963268e+00 3.1958505860e+00
2.6042673330e-04 2.0271415330e+04 1.5707963268e+00 3.1973355495e+00
2.6058334238e-04 2.0285168990e+04 1.5707963268e+00 3.1988184989e+00
2.6073986881e-04 2.0298937973e+04 1.5707963268e+00 3.2002994360e+00
2.6089631268e-04 2.0312722267e+04 1.5707963268e+00 3.2017783626e+00
2.6105267410e-04 2.0326521862e+04 1.5707963268e+00 3.2032552807e+00
2.6120895319e-04 2.0340336745e+04 1.5707963268e+00 3.2047301920e+00
2.6136515004e-04 2.0354166905e+04 1.5707963268e+00 3.2062030986e+00
2.6152126477e-04 2.0368012331e+04 1.5707963268e+00 3.2076740021e+00
2.6167729748e-04 2.0381873010e+04 1.5707963268e+00 3.2091429046e+00
2.6183324829e-04 2.0395748932e+04 1.5707963268e+00 3.2106098078e+00
2.6198911729e-04 2.0409640085e+04 1.5707963268e+00 3.2120747137e+00
2.6214490459e-04 2.0423546457e+04 1.5707963268e+00 3.2135376242e+00
2.6230061031e-04 2.0437468037e+04 1.5707963268e+00 3.2149985412e+00
2.6245623455e-04 2.0451404812e+04 1.5707963268e+00 3.2164574664e+00
2.6261177741e-04 2.0465356771e+04 1.5707963268e+00 3.2179144020e+00
2.6276723901e-04 2.0479323902e+04 1.5707963268e+00 3.2193693497e+00
2.6292261945e-04 2.0493306193e+04 1.5707963268e+00 3.2208223114e+00
2.6307791884e-04 2.0507303633e+04 1.5707963268e+00 3.2222732892e+00
2.6323313729e-04 2.0521316209e+04 1.5707963268e+00 3.2237222848e+00
2.6338827489e-04 2.0535343909e+04 1.5707963268e+00 3.2251693002e+00
2.6354333177e-04 2.0549386723e+04 1.5707963268e+00 3.2266143374e+00
2.6369830803e-04 2.0563444636e+04 1.5707963268e+00 3.2280573982e+00
2.6385320378e-04 2.0577517639e+04 1.5707963268e+00 3.2294984847e+00
2.6400801911e-04 2.0591605717e+04 1.5707963268e+00 3.2309375986e+00
2.6416275415e-04 2.0605708860e+04 1.5707963268e+00 3.2323747420e+00
2.6431740899e-04 2.0619827056e+04 1.5707963268e+00 3.2338099169e+00
2.6447198375e-04 2.0633960291e+04 1.5707963268e+00 3.2352431250e+00
2.6462647853e-04 2.0648108554e+04 1.5707963268e+00 3.2366743685e+00
2.6478089344e-04 2.0662271833e+04 1.5707963268e+00 3.2381036493e+00
2.6493522859e-04 2.0676450116e+04 1.5707963268e+00 3.2395309692e+00
2.6508948408e-04 2.0690643389e+04 1.5707963268e+00 3.2409563303e+00
2.6524366002e-04 2.0704851641e+04 1.5707963268e+00 3.2423797346e+00
2.6539775652e-04 2.0719074860e+04 1.5707963268e+00 3.2438011839e+00
2.6555177368e-04 2.0733313033e+04 1.5707963268e+00 3.2452206803e+00
2.6570571162e-04 2.0747566148e+04 1.5707963268e+00 3.2466382258e+00
2.6585957043e-04 2.0761834191e+04 1.5707963268e+00 3.2480538223e+00
2.6601335024e-04 2.0776117152e+04 1.5707963268e+00 3.2494674717e+00
2.6616705113e-04 2.0790415017e+04 1.5707963268e+00 3.2508791762e+00
2.6632067323e-04 2.0804727774e+04 1.5707963268e+00 3.2522889376e+00
2.6647421664e-04 2.0819055409e+04 1.5707963268e+00 3.2536967580e+00
2.6662768146e-04 2.0833397912e+04 1.5707963268e+00 3.2551026393e+00
2.6678106781e-04 2.0847755269e+04 1.5707963268e+00 3.2565065835e+00
2.6693437578e-04 2.0862127467e+04 1.5707963268e+00 3.2579085927e+00
2.6708760549e-04 2.0876514493e+04 1.5707963268e+00 3.2593086689e+00
2.6724075704e-04 2.0890916336e+04 1.5707963268e+00 3.2607068140e+00
2.6739383055e-04 2.0905332982e+04 1.5707963268e+00 3.2621030300e+00
2.6754682611e-04 2.0919764419e+04 1.5707963268e+00 3.2634973190e+00
2.6769974383e-04 2.0934210634e+04 1.5707963268e+00 3.2648896830e+00
2.6785258383e-04 2.0948671613e+04 1.5707963268e+00 3.2662801240e+00
2.6800534620e-04 2.0963147345e+04 1.5707963268e+00 3.2676686440e+00
2.6815803106e-04 2.0977637817e+04 1.5707963268e+00 3.2690552450e+00
2.6831063851e-04 2.0992143014e+04 1.5707963268e+00 3.2704399291e+00
2.6846316866e-04 2.1006662925e+04 1.5707963268e+00 3.2718226983e+00
2.6861562161e-04 2.1021197537e+04 1.5707963268e+00 3.2732035547e+00
2.6876799747e-04 2.1035746837e+04 1.5707963268e+00 3.2745825001e+00
2.6892029635e-04 2.1050310811e+04 1.5707963268e+00 3.2759595368e+00
2.6907251836e-04 2.1064889447e+04 1.5707963268e+00 3.2773346667e+00
2.6922466360e-04 2.1079482732e+04 1.5707963268e+00 3.2787078919e+00
2.6937673217e-04 2.1094090652e+04 1.5707963268e+00 3.2800792144e+00
2.6952872419e-04 2.1108713194e+04 1.5707963268e+00 3.2814486363e+00
2.6968063976e-04 2.1123350346e+04 1.5707963268e+00 3.2828161596e+00
2.6983247899e-04 2.1138002094e+04 1.5707963268e+00 3.2841817863e+00
2.6998424198e-04 2.1152668426e+04 1.5707963268e+00 3.2855455186e+00
2.7013592884e-04 2.1167349327e+04 1.5707963268e+00 3.2869073585e+00
2.7028753968e-04 2.1182044785e+04 1.5707963268e+00 3.2882673080e+00
2.7043907460e-04 2.1196754786e+04 1.5707963268e+00 3.2896253692e+00
2.7059053370e-04 2.1211479318e+04 1.5707963268e+00 3.2909815442e+00
2.7074191711e-04 2.1226218367e+04 1.5707963268e+00 3.2923358350e+00
2.7089322491e-04 2.1240971919e+04 1.5707963268e+00 3.2936882438e+00
2.7104445722e-04 2.1255739961e+04 1.5707963268e+00 3.2950387725e+00
2.7119561414e-04 2.1270522481e+04 1.5707963268e+00 3.2963874233e+00
2.7134669578e-04 2.1285319464e+04 1.5707963268e+00 3.2977341982e+00
2.7149770225e-04 2.1300130897e+04 1.5707963268e+00 3.2990790993e+00
2.7164863365e-04 2.1314956767e+04 1.5707963268e+00 3.3004221287e+00
2.7179949008e-04 2.1329797060e+04 1.5707963268e+00 3.3017632886e+00
2.7195027166e-04 2.1344651763e+04 1.5707963268e+00 3.3031025808e+00
2.7210097849e-04 2.1359520863e+04 1.5707963268e+00 3.3044400076e+00
2.7225161066e-04 2.1374404345e+04 1.5707963268e+00 3.3057755711e+00
2.7240216830e-04 2.1389302197e+04 1.5707963268e+00 3.3071092733e+00
2.7255265151e-04 2.1404214404e+04 1.5707963268e+00 3.3084411164e+00
2.7270306038e-04 2.1419140954e+04 1.5707963268e+00 3.3097711023e+00
2.7285339503e-04 2.1434081833e+04 1.5707963268e+00 3.3110992333e+00
2.7300365556e-04 2.1449037026e+04 1.5707963268e+00 3.3124255115e+00
2.7315384208e-04 2.1464006521e+04 1.5707963268e+00 3.3137499388e+00
2.7330395469e-04 2.1478990303e+04 1.5707963268e+00 3.3150725175e+00
2.7345399350e-04 2.1493988360e+04 1.5707963268e+00 3.3163932497e+00
2.7360395861e-04 2.1509000677e+04 1.5707963268e+00 3.3177121374e+00
2.7375385013e-04 2.1524027241e+04 1.5707963268e+00 3.3190291827e+00
2.7390366816e-04 2.1539068037e+04 1.5707963268e+00 3.3203443879e+00
2.7405341281e-04 2.1554123053e+04 1.5707963268e+00 3.3216577549e+00
2.7420308418e-04 2.1569192274e+04 1.5707963268e+00 3.3229692860e+00
2.7435268238e-04 2.1584275687e+04 1.5707963268e+00 3.3242789831e+00
2.7450220751e-04 2.1599373277e+04 1.5707963268e+00 3.3255868486e+00
2.7465165968e-04 2.1614485032e+04 1.5707963268e+00 3.3268928843e+00
2.7480103900e-04 2.1629610937e+04 1.5707963268e+00 3.3281970926e+00
2.7495034555e-04 2.1644750977e+04 1.5707963268e+00 3.3294994755e+00
2.7509957946e-04 2.1659905141e+04 1.5707963268e+00 3.3308000352e+00
2.7524874083e-04 2.1675073412e+04 1.5707963268e+00 3.3320987737e+00
2.7539782976e-04 2.1690255778e+04 1.5707963268e+00 3.3333956932e+00
2.7554684635e-04 2.1705452225e+04 1.5707963268e+00 3.3346907959e+00
2.7569579071e-04 2.1720662739e+04 1.5707963268e+00 3.3359840839e+00
2.7584466294e-04 2.1735887305e+04 1.5707963268e+00 3.3372755592e+00
2.7599346315e-04 2.1751125910e+04 1.5707963268e+00 3.3385652241e+00
2.7614219145e-04 2.1766378539e+04 1.5707963268e+00 3.3398530807e+00
2.7629084793e-04 2.1781645179e+04 1.5707963268e+00 3.3411391311e+00
2.7643943270e-04 2.1796925816e+04 1.5707963268e+00 3.3424233774e+00
2.7658794586e-04 2.1812220435e+04 1.5707963268e+00 3.3437058219e+00
2.7673638752e-04 2.1827529022e+04 1.5707963268e+00 3.3449864666e+00
2.7688475778e-04 2.1842851564e+04 1.5707963268e+00 3.3462653137e+00
2.7703305675e-04 2.1858188046e+04 1.5707963268e+00 3.3475423654e+00
2.7718128452e-04 2.1873538454e+04 1.5707963268e+00 3.3488176238e+00
2.7732944121e-04 2.1888902775e+04 1.5707963268e+00 3.3500910910e+00
2.7747752691e-04 2.1904280993e+04 1.5707963268e+00 3.3513627691e+00
2.7762554174e-04 2.1919673094e+04 1.5707963268e+00 3.3526326605e+00
2.7777348578e-04 2.1935079065e+04 1.5707963268e+00 3.3539007671e+00
2.7792135915e-04 2.1950498892e+04 1.5707963268e+00 3.3551670912e+00
2.7806916195e-04 2.1965932559e+04 1.5707963268e+00 3.3564316349e+00
2.7821689429e-04 2.1981380053e+04 1.5707963268e+00 3.3576944003e+00
2.7836455625e-04 2.1996841360e+04 1.5707963268e+00 3.3589553897e+00
2.7851214796e-04 2.2012316465e+04 1.5707963268e+00 3.3602146052e+00
2.7865966951e-04 2.2027805353e+04 1.5707963268e+00 3.3614720489e+00
2.7880712100e-04 2.2043308012e+04 1.5707963268e+00 3.3627277231e+00
2.7895450254e-04 2.2058824426e+04 1.5707963268e+00 3.3639816298e+00
2.7910181422e-04 2.2074354581e+04 1.5707963268e+00 3.3652337712e+00
2.7924905616e-04 2.2089898463e+04 1.5707963268e+00 3.3664841495e+00
2.7939622845e-04 2.2105456057e+04 1.5707963268e+00 3.3677327669e+00
2.7954333121e-04 2.2121027349e+04 1.5707963268e+00 3.3689796256e+00
2.7969036451e-04 2.2136612325e+04 1.5707963268e+00 3.3702247276e+00
2.7983732849e-04 2.2152210970e+04 1.5707963268e+00 3.3714680752e+00
2.7998422322e-04 2.2167823270e+04 1.5707963268e+00 3.3727096706e+00
2.8013104882e-04 2.2183449210e+04 1.5707963268e+00 3.3739495158e+00
2.8027780539e-04 2.2199088776e+04 1.5707963268e+00 3.3751876132e+00
2.8042449303e-04 2.2214741954e+04 1.5707963268e+00 3.3764239648e+00
2.8057111183e-04 2.2230408729e+04 1.5707963268e+00 3.3776585728e+00
2.8071766192e-04 2.2246089087e+04 1.5707963268e+00 3.3788914395e+00
2.8086414337e-04 2.2261783012e+04 1.5707963268e+00 3.3801225669e+00
2.8101055631e-04 2.2277490492e+04 1.5707963268e+00 3.3813519572e+00
2.8115690082e-04 2.2293211511e+04 1.5707963268e+00 3.3825796127e+00
2.8130317701e-04 2.2308946054e+04 1.5707963268e+00 3.3838055356e+00
2.8144938498e-04 2.2324694107e+04 1.5707963268e+00 3.3850297279e+00
2.8159552484e-04 2.2340455656e+04 1.5707963268e+00 3.3862521918e+00
2.8174159668e-04 2.2356230687e+04 1.5707963268e+00 3.3874729297e+00
2.8188760060e-04 2.2372019183e+04 1.5707963268e+00 3.3886919435e+00
2.8203353670e-04 2.2387821132e+04 1.5707963268e+00 3.3899092355e+00
2.8217940510e-04 2.2403636518e+04 1.5707963268e+00 3.3911248080e+00
2.8232520588e-04 2.2419465327e+04 1.5707963268e+00 3.3923386630e+00
2.8247093915e-04 2.2435307544e+04 1.5707963268e+00 3.3935508028e+00
2.8261660500e-04 2.2451163154e+04 1.5707963268e+00 3.3947612295e+00
2.8276220355e-04 2.2467032144e+04 1.5707963268e+00 3.3959699453e+00
2.8290773488e-04 2.2482914497e+04 1.5707963268e+00 3.3971769524e+00
2.8305319911e-04 2.2498810201e+04 1.5707963268e+00 3.3983822530e+00
2.8319859632e-04 2.2514719239e+04 1.5707963268e+00 3.3995858493e+00
2.8334392662e-04 2.2530641598e+04 1.5707963268e+00 3.4007877435e+00
2.8348919012e-04 2.2546577262e+04 1.5707963268e+00 3.4019879377e+00
2.8363438690e-04 2.2562526218e+04 1.5707963268e+00 3.4031864341e+00
2.8377951708e-04 2.2578488450e+04 1.5707963268e+00 3.4043832349e+00
2.8392458074e-04 2.2594463943e+04 1.5707963268e+00 3.4055783424e+00
2.8406957799e-04 2.2610452684e+04 1.5707963268e+00 3.4067717586e+00
2.8421450894e-04 2.2626454657e+04 1.5707963268e+00 3.4079634859e+00
2.8435937367e-04 2.2642469847e+04 1.5707963268e+00 3.4091535263e+00
2.8450417229e-04 2.2658498240e+04 1.5707963268e+00 3.4103418820e+00
2.8464890490e-04 2.2674539821e+04 1.5707963268e+00 3.4115285553e+00
2.8479357159e-04 2.2690594575e+04 1.5707963268e+00 3.4127135484e+00
2.8493817247e-04 2.2706662488e+04 1.5707963268e+00 3.4138968634e+00
2.8508270763e-04 2.2722743544e+04 1.5707963268e+00 3.4150785025e+00
2.8522717718e-04 2.2738837730e+04 1.5707963268e+00 3.4162584679e+00
2.8537158121e-04 2.2754945030e+04 1.5707963268e+00 3.4174367617e+00
2.8551591982e-04 2.2771065429e+04 1.5707963268e+00 3.4186133863e+00
2.8566019312e-04 2.2787198913e+04 1.5707963268e+00 3.4197883438e+00
2.8580440119e-04 2.2803345467e+04 1.5707963268e+00 3.4209616363e+00
2.8594854413e-04 2.2819505075e+04 1.5707963268e+00 3.4221332661e+00
2.8609262206e-04 2.2835677724e+04 1.5707963268e+00 3.4233032353e+00
2.8623663505e-04 2.2851863399e+04 1.5707963268e+00 3.4244715462e+00
2.8638058322e-04 2.2868062084e+04 1.5707963268e+00 3.4256382009e+00
2.8652446666e-04 2.2884273765e+04 1.5707963268e+00 3.4268032016e+00
2.8666828546e-04 2.2900498426e+04 1.5707963268e+00 3.4279665505e+00
2.8681203974e-04 2.2916736054e+04 1.5707963268e+00 3.4291282498e+00
2.8695572957e-04 2.2932986633e+04 1.5707963268e+00 3.4302883017e+00
2.8709935507e-04 2.2949250149e+04 1.5707963268e+00 3.4314467084e+00
2.8724291632e-04 2.2965526586e+04 1.5707963268e+00 3.4326034721e+00
2.8738641343e-04 2.2981815929e+04 1.5707963268e+00 3.4337585949e+00
2.8752984649e-04 2.2998118165e+04 1.5707963268e+00 3.4349120791e+00
2.8767321560e-04 2.3014433277e+04 1.5707963268e+00 3.4360639268e+00
2.8781652087e-04 2.3030761251e+04 1.5707963268e+00 3.4372141403e+00
2.8795976237e-04 2.3047102073e+04 1.5707963268e+00 3.4383627216e+00
2.8810294022e-04 2.3063455726e+04 1.5707963268e+00 3.4395096731e+00
2.8824605450e-04 2.3079822197e+04 1.5707963268e+00 3.4406549969e+00
2.8838910532e-04 2.3096201471e+04 1.5707963268e+00 3.4417986952e+00
2.8853209278e-04 2.3112593531e+04 1.5707963268e+00 3.4429407702e+00
2.8867501696e-04 2.3128998365e+04 1.5707963268e+00 3.4440812240e+00
2.8881787796e-04 2.3145415956e+04 1.5707963268e+00 3.4452200590e+00
2.8896067589e-04 2.3161846290e+04 1.5707963268e+00 3.4463572771e+00
2.8910341083e-04 2.3178289352e+04 1.5707963268e+00 3.4474928807e+00
2.8924608289e-04 2.3194745127e+04 1.5707963268e+00 3.4486268719e+00
2.8938869215e-04 2.3211213600e+04 1.5707963268e+00 3.4497592529e+00
2.8953123872e-04 2.3227694756e+04 1.5707963268e+00 3.4508900260e+00
2.8967372269e-04 2.3244188580e+04 1.5707963268e+00 3.4520191932e+00
2.8981614416e-04 2.3260695057e+04 1.5707963268e+00 3.4531467567e+00
2.8995850322e-04 2.3277214172e+04 1.5707963268e+00 3.4542727189e+00
2.9010079997e-04 2.3293745911e+04 1.5707963268e+00 3.4553970818e+00
2.9024303450e-04 2.3310290258e+04 1.5707963268e+00 3.4565198476e+00
2.9038520690e-04 2.3326847199e+04 1.5707963268e+00 3.4576410185e+00
2.9052731729e-04 2.3343416718e+04 1.5707963268e+00 3.4587605967e+00
2.9066936573e-04 2.3359998800e+04 1.5707963268e+00 3.4598785845e+00
2.9081135235e-04 2.3376593431e+04 1.5707963268e+00 3.4609949838e+00
2.9095327722e-04 2.3393200595e+04 1.5707963268e+00 3.4621097971e+00
2.9109514044e-04 2.3409820278e+04 1.5707963268e+00 3.4632230263e+00
2.9123694211e-04 2.3426452465e+04 1.5707963268e+00 3.4643346738e+00
2.9137868232e-04 2.3443097140e+04 1.5707963268e+00 3.4654447417e+00
2.9152036116e-04 2.3459754289e+04 1.5707963268e+00 3.4665532321e+00
2.9166197874e-04 2.3476423897e+04 1.5707963268e+00 3.4676601473e+00
2.9180353514e-04 2.3493105948e+04 1.5707963268e+00 3.4687654894e+00
2.9194503046e-04 2.3509800428e+04 1.5707963268e+00 3.4698692607e+00
2.9208646479e-04 2.3526507322e+04 1.5707963268e+00 3.4709714632e+00
2.9222783823e-04 2.3543226615e+04 1.5707963268e+00 3.4720720993e+00
2.9236915087e-04 2.3559958291e+04 1.5707963268e+00 3.4731711709e+00
2.9251040280e-04 2.3576702337e+04 1.5707963268e+00 3.4742686804e+00
2.9265159411e-04 2.3593458736e+04 1.5707963268e+00 3.4753646299e+00
2.9279272491e-04 2.3610227474e+04 1.5707963268e+00 3.4764590216e+00
2.9293379528e-04 2.3627008536e+04 1.5707963268e+00 3.4775518576e+00
2.9307480532e-04 2.3643801906e+04 1.5707963268e+00 3.4786431402e+00
2.9321575511e-04 2.3660607571e+04 1.5707963268e+00 3.4797328714e+00
2.9335664476e-04 2.3677425515e+04 1.5707963268e+00 3.4808210535e+00
2.9349747436e-04 2.3694255722e+04 1.5707963268e+00 3.4819076887e+00
2.9363824399e-04 2.3711098179e+04 1.5707963268e+00 3.4829927791e+00
2.9377895375e-04 2.3727952869e+04 1.5707963268e+00 3.4840763268e+00
2.9391960373e-04 2.3744819778e+04 1.5707963268e+00 3.4851583341e+00
2.9406019403e-04 2.3761698892e+04 1.5707963268e+00 3.4862388032e+00
2.9420072474e-04 2.3778590194e+04 1.5707963268e+00 3.4873177361e+00
2.9434119594e-04 2.3795493670e+04 1.5707963268e+00 3.4883951350e+00
2.9448160774e-04 2.3812409306e+04 1.5707963268e+00 3.4894710022e+00
2.9462196022e-04 2.3829337085e+04 1.5707963268e+00 3.4905453398e+00
2.9476225348e-04 2.3846276994e+04 1.5707963268e+00 3.4916181499e+00
2.9490248760e-04 2.3863229016e+04 1.5707963268e+00 3.4926894348e+00
2.9504266268e-04 2.3880193138e+04 1.5707963268e+00 3.4937591965e+00
2.9518277881e-04 2.3897169344e+04 1.5707963268e+00 3.4948274372e+00
2.9532283608e-04 2.3914157619e+04 1.5707963268e+00 3.4958941591e+00
2.9546283459e-04 2.3931157948e+04 1.5707963268e+00 3.4969593644e+00
2.9560277442e-04 2.3948170316e+04 1.5707963268e+00 3.4980230552e+00
2.9574265566e-04 2.3965194709e+04 1.5707963268e+00 3.4990852337e+00
2.9588247840e-04 2.3982231110e+04 1.5707963268e+00 3.5001459020e+00
2.9602224274e-04 2.3999279506e+04 1.5707963268e+00 3.5012050623e+00
2.9616194877e-04 2.4016339881e+04 1.5707963268e+00 3.5022627167e+00
2.9630159658e-04 2.4033412221e+04 1.5707963268e+00 3.5033188674e+00
2.9644118625e-04 2.4050496510e+04 1.5707963268e+00 3.5043735166e+00
2.9658071788e-04 2.4067592733e+04 1.5707963268e+00 3.5054266663e+00
2.9672019156e-04 2.4084700876e+04 1.5707963268e+00 3.5064783188e+00
2.9685960737e-04 2.4101820923e+04 1.5707963268e+00 3.5075284762e+00
2.9699896541e-04 2.4118952860e+04 1.5707963268e+00 3.5085771406e+00
2.9713826577e-04 2.4136096671e+04 1.5707963268e+00 3.5096243142e+00
2.9727750854e-04 2.4153252342e+04 1.5707963268e+00 3.5106699992e+00
2.9741669380e-04 2.4170419857e+04 1.5707963268e+00 3.5117141976e+00
2.9755582165e-04 2.4187599202e+04 1.5707963268e+00 3.5127569116e+00
2.9769489218e-04 2.4204790362e+04 1.5707963268e+00 3.5137981434e+00
2.9783390547e-04 2.4221993322e+04 1.5707963268e+00 3.5148378951e+00
2.9797286161e-04 2.4239208067e+04 1.5707963268e+00 3.5158761689e+00
2.9811176069e-04 2.4256434581e+04 1.5707963268e+00 3.5169129668e+00
2.9825060281e-04 2.4273672851e+04 1.5707963268e+00 3.5179482911e+00
2.9838938805e-04 2.4290922860e+04 1.5707963268e+00 3.5189821438e+00
2.9852811649e-04 2.4308184595e+04 1.5707963268e+00 3.5200145271e+00
2.9866678824e-04 2.4325458040e+04 1.5707963268e+00 3.5210454431e+00
2.9880540336e-04 2.4342743180e+04 1.5707963268e+00 3.5220748940e+00
2.9894396197e-04 2.4360040001e+04 1.5707963268e+00 3.5231028819e+00
2.9908246413e-04 2.4377348487e+04 1.5707963268e+00 3.5241294089e+00
2.9922090995e-04 2.4394668624e+04 1.5707963268e+00 3.5251544771e+00
2.9935929950e-04 2.4412000397e+04 1.5707963268e+00 3.5261780887e+00
2.9949763288e-04 2.4429343790e+04 1.5707963268e+00 3.5272002458e+00
2.9963591017e-04 2.4446698789e+04 1.5707963268e+00 3.5282209506e+00
2.9977413146e-04 2.4464065379e+04 1.5707963268e+00 3.5292402051e+00
2.9991229684e-04 2.4481443546e+04 1.5707963268e+00 3.5302580114e+00
3.0005040640e-04 2.4498833273e+04 1.5707963268e+00 3.5312743718e+00
3.0018846021e-04 2.4516234547e+04 1.5707963268e+00 3.5322892883e+00
3.0032645838e-04 2.4533647352e+04 1.5707963268e+00 3.5333027630e+00
3.0046440099e-04 2.4551071674e+04 1.5707963268e+00 3.5343147980e+00
3.0060228812e-04 2.4568507498e+04 1.5707963268e+00 3.5353253955e+00
3.0074011986e-04 2.4585954809e+04 1.5707963268e+00 3.5363345576e+00
3.0087789629e-04 2.4603413591e+04 1.5707963268e+00 3.5373422864e+00
3.0101561751e-04 2.4620883831e+04 1.5707963268e+00 3.5383485840e+00
3.0115328360e-04 2.4638365513e+04 1.5707963268e+00 3.5393534524e+00
3.0129089465e-04 2.4655858623e+04 1.5707963268e+00 3.5403568939e+00
3.0142845074e-04 2.4673363146e+04 1.5707963268e+00 3.5413589106e+00
3.0156595195e-04 2.4690879066e+04 1.5707963268e+00 3.5423595044e+00
3.0170339838e-04 2.4708406369e+04 1.5707963268e+00 3.5433586776e+00
3.0184079011e-04 2.4725945041e+04 1.5707963268e+00 3.5443564322e+00
3.0197812722e-04 2.4743495066e+04 1.5707963268e+00 3.5453527704e+00
3.0211540981e-04 2.4761056429e+04 1.5707963268e+00 3.5463476942e+00
3.0225263795e-04 2.4778629117e+04 1.5707963268e+00 3.5473412057e+00
3.0238981173e-04 2.4796213113e+04 1.5707963268e+00 3.5483333070e+00
3.0252693124e-04 2.4813808404e+04 1.5707963268e+00 3.5493240003e+00
3.0266399656e-04 2.4831414974e+04 1.5707963268e+00 3.5503132876e+00
3.0280100778e-04 2.4849032809e+04 1.5707963268e+00 3.5513011710e+00
3.0293796498e-04 2.4866661894e+04 1.5707963268e+00 3.5522876526e+00
3.0307486824e-04 2.4884302214e+04 1.5707963268e+00 3.5532727345e+00
3.0321171766e-04 2.4901953754e+04 1.5707963268e+00 3.5542564187e+00
3.0334851331e-04 2.4919616500e+04 1.5707963268e+00 3.5552387074e+00
3.0348525528e-04 2.4937290437e+04 1.5707963268e+00 3.5562196027e+00
3.0362194365e-04 2.4954975550e+04 1.5707963268e+00 3.5571991066e+00
3.0375857851e-04 2.4972671825e+04 1.5707963268e+00 3.5581772212e+00
3.0389515994e-04 2.4990379246e+04 1.5707963268e+00 3.5591539485e+00
3.0403168803e-04 2.5008097800e+04 1.5707963268e+00 3.5601292908e+00
3.0416816285e-04 2.5025827470e+04 1.5707963268e+00 3.5611032499e+00
3.0430458450e-04 2.5043568244e+04 1.5707963268e+00 3.5620758281e+00
3.0444095305e-04 2.5061320105e+04 1.5707963268e+00 3.5630470273e+00
3.0457726859e-04 2.5079083039e+04 1.5707963268e+00 3.5640168497e+00
3.0471353121e-04 2.5096857032e+04 1.5707963268e+00 3.5649852974e+00
3.0484974098e-04 2.5114642069e+04 1.5707963268e+00 3.5659523723e+00
3.0498589798e-04 2.5132438135e+04 1.5707963268e+00 3.5669180765e+00
3.0512200231e-04 2.5150245216e+04 1.5707963268e+00 3.5678824122e+00
3.0525805405e-04 2.5168063297e+04 1.5707963268e+00 3.5688453814e+00
3.0539405327e-04 2.5185892363e+04 1.5707963268e+00 3.5698069861e+00
3.0553000005e-04 2.5203732399e+04 1.5707963268e+00 3.5707672284e+00
3.0566589449e-04 2.5221583392e+04 1.5707963268e+00 3.5717261103e+00
3.0580173667e-04 2.5239445326e+04 1.5707963268e+00 3.5726836340e+00
3.0593752666e-04 2.5257318186e+04 1.5707963268e+00 3.5736398014e+00
3.0607326454e-04 2.5275201959e+04 1.5707963268e+00 3.5745946147e+00
3.0620895041e-04 2.5293096630e+04 1.5707963268e+00 3.5755480758e+00
3.0634458434e-04 2.5311002184e+04 1.5707963268e+00 3.5765001868e+00
3.0648016641e-04 2.5328918606e+04 1.5707963268e+00 3.5774509498e+00
3.0661569671e-04 2.5346845881e+04 1.5707963268e+00 3.5784003667e+00
3.0675117531e-04 2.5364783997e+04 1.5707963268e+00 3.5793484398e+00
3.0688660229e-04 2.5382732936e+04 1.5707963268e+00 3.5802951709e+00
3.0702197775e-04 2.5400692687e+04 1.5707963268e+00 3.5812405621e+00
3.0715730176e-04 2.5418663232e+04 1.5707963268e+00 3.5821846155e+00
3.0729257439e-04 2.5436644559e+04 1.5707963268e+00 3.5831273331e+00
3.0742779574e-04 2.5454636653e+04 1.5707963268e+00 3.5840687169e+00
3.0756296588e-04 2.5472639499e+04 1.5707963268e+00 3.5850087690e+00
3.0769808489e-04 2.5490653082e+04 1.5707963268e+00 3.5859474914e+00
3.0783315285e-04 2.5508677388e+04 1.5707963268e+00 3.5868848861e+00
3.0796816984e-04 2.5526712403e+04 1.5707963268e+00 3.5878209551e+00
3.0810313595e-04 2.5544758113e+04 1.5707963268e+00 3.5887557005e+00
3.0823805125e-04 2.5562814501e+04 1.5707963268e+00 3.5896891243e+00
3.0837291583e-04 2.5580881556e+04 1.5707963268e+00 3.5906212286e+00
3.0850772976e-04 2.5598959261e+04 1.5707963268e+00 3.5915520152e+00
3.0864249312e-04 2.5617047602e+04 1.5707963268e+00 3.5924814863e+00
3.0877720599e-04 2.5635146565e+04 1.5707963268e+00 3.5934096439e+00
3.0891186845e-04 2.5653256136e+04 1.5707963268e+00 3.5943364899e+00
3.0904648058e-04 2.5671376300e+04 1.5707963268e+00 3.5952620265e+00
3.0918104247e-04 2.5689507042e+04 1.5707963268e+00 3.5961862555e+00
3.0931555418e-04 2.5707648349e+04 1.5707963268e+00 3.5971091790e+00
3.0945001580e-04 2.5725800206e+04 1.5707963268e+00 3.5980307990e+00
3.0958442741e-04 2.5743962599e+04 1.5707963268e+00 3.5989511176e+00
3.0971878908e-04 2.5762135512e+04 1.5707963268e+00 3.5998701366e+00
3.0985310090e-04 2.5780318933e+04 1.5707963268e+00 3.6007878582e+00
3.0998736294e-04 2.5798512846e+04 1.5707963268e+00 3.6017042843e+00
3.1012157528e-04 2.5816717237e+04 1.5707963268e+00 3.6026194168e+00
3.1025573800e-04 2.5834932092e+04 1.5707963268e+00 3.6035332579e+00
3.1038985117e-04 2.5853157396e+04 1.5707963268e+00 3.6044458095e+00
3.1052391489e-04 2.5871393136e+04 1.5707963268e+00 3.6053570735e+00
3.1065792921e-04 2.5889639297e+04 1.5707963268e+00 3.6062670520e+00
3.1079189423e-04 2.5907895864e+04 1.5707963268e+00 3.6071757470e+00
3.1092581001e-04 2.5926162824e+04 1.5707963268e+00 3.6080831604e+00
3.1105967664e-04 2.5944440162e+04 1.5707963268e+00 3.6089892942e+00
3.1119349420e-04 2.5962727863e+04 1.5707963268e+00 3.6098941504e+00
3.1132726275e-04 2.5981025915e+04 1.5707963268e+00 3.6107977309e+00
3.1146098238e-04 2.5999334302e+04 1.5707963268e+00 3.6117000378e+00
3.1159465317e-04 2.6017653010e+04 1.5707963268e+00 3.6126010731e+00
3.1172827519e-04 2.6035982025e+04 1.5707963268e+00 3.6135008386e+00
3.1186184851e-04 2.6054321333e+04 1.5707963268e+00 3.6143993364e+00
3.1199537323e-04 2.6072670919e+04 1.5707963268e+00 3.6152965684e+00
3.1212884940e-04 2.6091030770e+04 1.5707963268e+00 3.6161925366e+00
3.1226227711e-04 2.6109400871e+04 1.5707963268e+00 3.6170872429e+00
3.1239565644e-04 2.6127781208e+04 1.5707963268e+00 3.6179806894e+00
3.1252898745e-04 2.6146171767e+04 1.5707963268e+00 3.6188728780e+00
3.1266227024e-04 2.6164572534e+04 1.5707963268e+00 3.6197638105e+00
3.1279550486e-04 2.6182983495e+04 1.5707963268e+00 3.6206534891e+00
3.1292869141e-04 2.6201404635e+04 1.5707963268e+00 3.6215419156e+00
3.1306182995e-04 2.6219835941e+04 1.5707963268e+00 3.6224290920e+00
3.1319492055e-04 2.6238277398e+04 1.5707963268e+00 3.6233150202e+00
3.1332796331e-04 2.6256728992e+04 1.5707963268e+00 3.6241997022e+00
3.1346095828e-04 2.6275190710e+04 1.5707963268e+00 3.6250831399e+00
3.1359390555e-04 2.6293662537e+04 1.5707963268e+00 3.6259653353e+00
3.1372680519e-04 2.6312144459e+04 1.5707963268e+00 3.6268462903e+00
3.1385965728e-04 2.6330636462e+04 1.5707963268e+00 3.6277260069e+00
3.1399246188e-04 2.6349138532e+04 1.5707963268e+00 3.6286044869e+00
3.1412521908e-04 2.6367650655e+04 1.5707963268e+00 3.6294817324e+00
3.1425792895e-04 2.6386172818e+04 1.5707963268e+00 3.6303577452e+00
3.1439059157e-04 2.6404705005e+04 1.5707963268e+00 3.6312325273e+00
3.1452320701e-04 2.6423247204e+04 1.5707963268e+00 3.6321060805e+00
3.1465577533e-04 2.6441799400e+04 1.5707963268e+00 3.6329784069e+00
3.1478829663e-04 2.6460361579e+04 1.5707963268e+00 3.6338495084e+00
3.1492077096e-04 2.6478933727e+04 1.5707963268e+00 3.6347193868e+00
3.1505319842e-04 2.6497515830e+04 1.5707963268e+00 3.6355880442e+00
3.1518557906e-04 2.6516107875e+04 1.5707963268e+00 3.6364554823e+00
3.1531791296e-04 2.6534709848e+04 1.5707963268e+00 3.6373217031e+00
3.1545020020e-04 2.6553321734e+04 1.5707963268e+00 3.6381867086e+00
3.1558244085e-04 2.6571943520e+04 1.5707963268e+00 3.6390505006e+00
3.1571463498e-04 2.6590575192e+04 1.5707963268e+00 3.6399130811e+00
3.1584678266e-04 2.6609216735e+04 1.5707963268e+00 3.6407744519e+00
3.1597888398e-04 2.6627868137e+04 1.5707963268e+00 3.6416346150e+00
3.1611093900e-04 2.6646529384e+04 1.5707963268e+00 3.6424935722e+00
3.1624294779e-04 2.6665200460e+04 1.5707963268e+00 3.6433513255e+00
3.1637491043e-04 2.6683881354e+04 1.5707963268e+00 3.6442078768e+00
3.1650682699e-04 2.6702572050e+04 1.5707963268e+00 3.6450632278e+00
3.1663869755e-04 2.6721272536e+04 1.5707963268e+00 3.6459173807e+00
3.1677052217e-04 2.6739982796e+04 1.5707963268e+00 3.6467703372e+00
3.1690230092e-04 2.6758702819e+04 1.5707963268e+00 3.6476220991e+00
3.1703403389e-04 2.6777432589e+04 1.5707963268e+00 3.6484726685e+00
3.1716572114e-04 2.6796172094e+04 1.5707963268e+00 3.6493220472e+00
3.1729736274e-04 2.6814921318e+04 1.5707963268e+00 3.6501702370e+00
3.1742895876e-04 2.6833680250e+04 1.5707963268e+00 3.6510172399e+00
3.1756050929e-04 2.6852448874e+04 1.5707963268e+00 3.6518630577e+00
3.1769201438e-04 2.6871227178e+04 1.5707963268e+00 3.6527076924e+00
3.1782347411e-04 2.6890015147e+04 1.5707963268e+00 3.6535511456e+00
3.1795488855e-04 2.6908812768e+04 1.5707963268e+00 3.6543934195e+00
3.1808625777e-04 2.6927620028e+04 1.5707963268e+00 3.6552345157e+00
3.1821758185e-04 2.6946436912e+04 1.5707963268e+00 3.6560744362e+00
3.1834886085e-04 2.6965263407e+04 1.5707963268e+00 3.6569131828e+00
3.1848009485e-04 2.6984099500e+04 1.5707963268e+00 3.6577507575e+00
3.1861128391e-04 2.7002945177e+04 1.5707963268e+00 3.6585871619e+00
3.1874242811e-04 2.7021800424e+04 1.5707963268e+00 3.6594223981e+00
3.1887352752e-04 2.7040665227e+04 1.5707963268e+00 3.6602564679e+00
3.1900458220e-04 2.7059539574e+04 1.5707963268e+00 3.6610893731e+00
3.1913559223e-04 2.7078423450e+04 1.5707963268e+00 3.6619211155e+00
3.1926655768e-04 2.7097316843e+04 1.5707963268e+00 3.6627516971e+00
3.1939747861e-04 2.7116219737e+04 1.5707963268e+00 3.6635811196e+00
3.1952835511e-04 2.7135132121e+04 1.5707963268e+00 3.6644093849e+00
3.1965918723e-04 2.7154053981e+04 1.5707963268e+00 3.6652364949e+00
3.1978997504e-04 2.7172985302e+04 1.5707963268e+00 3.6660624514e+00
3.1992071863e-04 2.7191926073e+04 1.5707963268e+00 3.6668872561e+00
3.2005141805e-04 2.7210876278e+04 1.5707963268e+00 3.6677109110e+00
3.2018207337e-04 2.7229835905e+04 1.5707963268e+00 3.6685334179e+00
3.2031268467e-04 2.7248804940e+04 1.5707963268e+00 3.6693547786e+00
3.2044325202e-04 2.7267783370e+04 1.5707963268e+00 3.6701749949e+00
3.2057377547e-04 2.7286771182e+04 1.5707963268e+00 3.6709940687e+00
3.2070425511e-04 2.7305768362e+04 1.5707963268e+00 3.6718120018e+00
3.2083469100e-04 2.7324774896e+04 1.5707963268e+00 3.6726287960e+00
3.2096508321e-04 2.7343790772e+04 1.5707963268e+00 3.6734444531e+00
3.2109543180e-04 2.7362815976e+04 1.5707963268e+00 3.6742589749e+00
3.2122573685e-04 2.7381850494e+04 1.5707963268e+00 3.6750723633e+00
3.2135599842e-04 2.7400894314e+04 1.5707963268e+00 3.6758846201e+00
3.2148621659e-04 2.7419947422e+04 1.5707963268e+00 3.6766957470e+00
3.2161639142e-04 2.7439009804e+04 1.5707963268e+00 3.6775057458e+00
3.2174652297e-04 2.7458081448e+04 1.5707963268e+00 3.6783146185e+00
3.2187661132e-04 2.7477162341e+04 1.5707963268e+00 3.6791223667e+00
3.2200665654e-04 2.7496252468e+04 1.5707963268e+00 3.6799289923e+00
3.2213665868e-04 2.7515351817e+04 1.5707963268e+00 3.6807344971e+00
3.2226661783e-04 2.7534460374e+04 1.5707963268e+00 3.6815388829e+00
3.2239653404e-04 2.7553578127e+04 1.5707963268e+00 3.6823421514e+00
3.2252640739e-04 2.7572705062e+04 1.5707963268e+00 3.6831443044e+00
3.2265623793e-04 2.7591841166e+04 1.5707963268e+00 3.6839453438e+00
3.2278602575e-04 2.7610986425e+04 1.5707963268e+00 3.6847452713e+00
3.2291577089e-04 2.7630140827e+04 1.5707963268e+00 3.6855440887e+00
3.2304547344e-04 2.7649304359e+04 1.5707963268e+00 3.6863417978e+00
3.2317513346e-04 2.7668477006e+04 1.5707963268e+00 3.6871384004e+00
3.2330475101e-04 2.7687658757e+04 1.5707963268e+00 3.6879338981e+00
3.2343432617e-04 2.7706849599e+04 1.5707963268e+00 3.6887282929e+00
3.2356385899e-04 2.7726049517e+04 1.5707963268e+00 3.6895215865e+00
3.2369334954e-04 2.7745258499e+04 1.5707963268e+00 3.6903137806e+00
3.2382279790e-04 2.7764476532e+04 1.5707963268e+00 3.6911048771e+00
3.2395220412e-04 2.7783703602e+04 1.5707963268e+00 3.6918948776e+00
3.2408156827e-04 2.7802939698e+04 1.5707963268e+00 3.6926837839e+00
3.2421089042e-04 2.7822184805e+04 1.5707963268e+00 3.6934715979e+00
3.2434017063e-04 2.7841438912e+04 1.5707963268e+00 3.6942583212e+00
3.2446940897e-04 2.7860702004e+04 1.5707963268e+00 3.6950439556e+00
3.2459860551e-04 2.7879974068e+04 1.5707963268e+00 3.6958285029e+00
3.2472776031e-04 2.7899255093e+04 1.5707963268e+00 3.6966119648e+00
3.2485687343e-04 2.7918545065e+04 1.5707963268e+00 3.6973943431e+00
3.2498594494e-04 2.7937843970e+04 1.5707963268e+00 3.6981756394e+00
3.2511497490e-04 2.7957151797e+04 1.5707963268e+00 3.6989558556e+00
3.2524396339e-04 2.7976468532e+04 1.5707963268e+00 3.6997349934e+00
3.2537291046e-04 2.7995794162e+04 1.5707963268e+00 3.7005130545e+00
3.2550181618e-04 2.8015128675e+04 1.5707963268e+00 3.7012900407e+00
3.2563068062e-04 2.8034472057e+04 1.5707963268e+00 3.7020659536e+00
3.2575950383e-04 2.8053824296e+04 1.5707963268e+00 3.7028407951e+00
3.2588828588e-04 2.8073185378e+04 1.5707963268e+00 3.7036145669e+00
3.2601702685e-04 2.8092555292e+04 1.5707963268e+00 3.7043872706e+00
3.2614572678e-04 2.8111934024e+04 1.5707963268e+00 3.7051589080e+00
3.2627438575e-04 2.8131321562e+04 1.5707963268e+00 3.7059294808e+00
3.2640300382e-04 2.8150717892e+04 1.5707963268e+00 3.7066989908e+00
3.2653158105e-04 2.8170123002e+04 1.5707963268e+00 3.7074674396e+00
3.2666011751e-04 2.8189536879e+04 1.5707963268e+00 3.7082348290e+00
3.2678861325e-04 2.8208959511e+04 1.5707963268e+00 3.7090011607e+00
3.2691706836e-04 2.8228390884e+04 1.5707963268e+00 3.7097664364e+00
3.2704548287e-04 2.8247830987e+04 1.5707963268e+00 3.7105306578e+00
3.2717385687e-04 2.8267279806e+04 1.5707963268e+00 3.7112938266e+00
3.2730219041e-04 2.8286737328e+04 1.5707963268e+00 3.7120559445e+00
3.2743048356e-04 2.8306203542e+04 1.5707963268e+00 3.7128170132e+00
3.2755873638e-04 2.8325678434e+04 1.5707963268e+00 3.7135770344e+00
3.2768694893e-04 2.8345161992e+04 1.5707963268e+00 3.7143360098e+00
3.2781512127e-04 2.8364654203e+04 1.5707963268e+00 3.7150939411e+00
3.2794325348e-04 2.8384155054e+04 1.5707963268e+00 3.7158508300e+00
3.2807134560e-04 2.8403664534e+04 1.5707963268e+00 3.7166066781e+00
3.2819939770e-04 2.8423182628e+04 1.5707963268e+00 3.7173614872e+00
3.2832740985e-04 2.8442709326e+04 1.5707963268e+00 3.7181152590e+00
3.2845538211e-04 2.8462244614e+04 1.5707963268e+00 3.7188679950e+00
3.2858331453e-04 2.8481788480e+04 1.5707963268e+00 3.7196196971e+00
3.2871120719e-04 2.8501340910e+04 1.5707963268e+00 3.7203703668e+00
3.2883906013e-04 2.8520901894e+04 1.5707963268e+00 3.7211200059e+00
3.2896687343e-04 2.8540471418e+04 1.5707963268e+00 3.7218686160e+00
3.2909464715e-04 2.8560049470e+04 1.5707963268e+00 3.7226161988e+00
3.2922238135e-04 2.8579636037e+04 1.5707963268e+00 3.7233627559e+00
3.2935007608e-04 2.8599231107e+04 1.5707963268e+00 3.7241082890e+00
3.2947773142e-04 2.8618834667e+04 1.5707963268e+00 3.7248527999e+00
3.2960534741e-04 2.8638446706e+04 1.5707963268e+00 3.7255962900e+00
3.2973292413e-04 2.8658067210e+04 1.5707963268e+00 3.7263387612e+00
3.2986046163e-04 2.8677696168e+04 1.5707963268e+00 3.7270802150e+00
3.2998795998e-04 2.8697333566e+04 1.5707963268e+00 3.7278206532e+00
3.3011541923e-04 2.8716979393e+04 1.5707963268e+00 3.7285600772e+00
3.3024283945e-04 2.8736633637e+04 1.5707963268e+00 3.7292984889e+00
3.3037022069e-04 2.8756296284e+04 1.5707963268e+00 3.7300358898e+00
3.3049756302e-04 2.8775967323e+04 1.5707963268e+00 3.7307722816e+00
3.3062486649e-04 2.8795646741e+04 1.5707963268e+00 3.7315076660e+00
3.3075213118e-04 2.8815334526e+04 1.5707963268e+00 3.7322420444e+00
3.3087935713e-04 2.8835030667e+04 1.5707963268e+00 3.7329754187e+00
3.3100654441e-04 2.8854735149e+04 1.5707963268e+00 3.7337077905e+00
3.3113369308e-04 2.8874447962e+04 1.5707963268e+00 3.7344391613e+00
3.3126080319e-04 2.8894169094e+04 1.5707963268e+00 3.7351695328e+00
3.3138787481e-04 2.8913898531e+04 1.5707963268e+00 3.7358989066e+00
3.3151490800e-04 2.8933636261e+04 1.5707963268e+00 3.7366272843e+00
3.3164190281e-04 2.8953382274e+04 1.5707963268e+00 3.7373546676e+00
3.3176885931e-04 2.8973136556e+04 1.5707963268e+00 3.7380810581e+00
3.3189577756e-04 2.8992899095e+04 1.5707963268e+00 3.7388064574e+00
3.3202265761e-04 2.9012669879e+04 1.5707963268e+00 3.7395308671e+00
3.3214949952e-04 2.9032448896e+04 1.5707963268e+00 3.7402542888e+00
3.3227630335e-04 2.9052236134e+04 1.5707963268e+00 3.7409767242e+00
3.3240306917e-04 2.9072031581e+04 1.5707963268e+00 3.7416981748e+00
3.3252979702e-04 2.9091835225e+04 1.5707963268e+00 3.7424186422e+00
3.3265648697e-04 2.9111647054e+04 1.5707963268e+00 3.7431381281e+00
3.3278313908e-04 2.9131467055e+04 1.5707963268e+00 3.7438566341e+00
3.3290975341e-04 2.9151295217e+04 1.5707963268e+00 3.7445741616e+00
3.3303633001e-04 2.9171131528e+04 1.5707963268e+00 3.7452907125e+00
3.3316286894e-04 2.9190975975e+04 1.5707963268e+00 3.7460062881e+00
3.3328937026e-04 2.9210828547e+04 1.5707963268e+00 3.7467208902e+00
3.3341583403e-04 2.9230689232e+04 1.5707963268e+00 3.7474345203e+00
3.3354226031e-04 2.9250558017e+04 1.5707963268e+00 3.7481471799e+00
3.3366864915e-04 2.9270434892e+04 1.5707963268e+00 3.7488588708e+00
3.3379500061e-04 2.9290319843e+04 1.5707963268e+00 3.7495695944e+00
3.3392131476e-04 2.9310212860e+04 1.5707963268e+00 3.7502793523e+00
3.3404759163e-04 2.9330113930e+04 1.5707963268e+00 3.7509881462e+00
3.3417383131e-04 2.9350023041e+04 1.5707963268e+00 3.7516959775e+00
3.3430003383e-04 2.9369940181e+04 1.5707963268e+00 3.7524028479e+00
3.3442619927e-04 2.9389865339e+04 1.5707963268e+00 3.7531087589e+00
3.3455232767e-04 2.9409798503e+04 1.5707963268e+00 3.7538137121e+00
3.3467841910e-04 2.9429739661e+04 1.5707963268e+00 3.7545177091e+00
3.3480447360e-04 2.9449688801e+04 1.5707963268e+00 3.7552207514e+00
3.3493049124e-04 2.9469645912e+04 1.5707963268e+00 3.7559228405e+00
3.3505647208e-04 2.9489610981e+04 1.5707963268e+00 3.7566239781e+00
3.3518241617e-04 2.9509583997e+04 1.5707963268e+00 3.7573241657e+00
3.3530832356e-04 2.9529564948e+04 1.5707963268e+00 3.7580234048e+00
3.3543419432e-04 2.9549553823e+04 1.5707963268e+00 3.7587216971e+00
3.3556002850e-04 2.9569550609e+04 1.5707963268e+00 3.7594190439e+00
3.3568582615e-04 2.9589555295e+04 1.5707963268e+00 3.7601154469e+00
3.3581158734e-04 2.9609567870e+04 1.5707963268e+00 3.7608109077e+00
3.3593731211e-04 2.9629588322e+04 1.5707963268e+00 3.7615054277e+00
3.3606300053e-04 2.9649616638e+04 1.5707963268e+00 3.7621990085e+00
3.3618865265e-04 2.9669652809e+04 1.5707963268e+00 3.7628916517e+00
3.3631426852e-04 2.9689696820e+04 1.5707963268e+00 3.7635833587e+00
3.3643984821e-04 2.9709748663e+04 1.5707963268e+00 3.7642741312e+00
3.3656539176e-04 2.9729808324e+04 1.5707963268e+00 3.7649639706e+00
3.3669089924e-04 2.9749875792e+04 1.5707963268e+00 3.7656528784e+00
3.3681637069e-04 2.9769951055e+04 1.5707963268e+00 3.7663408562e+00
3.3694180618e-04 2.9790034103e+04 1.5707963268e+00 3.7670279055e+00
3.3706720575e-04 2.9810124923e+04 1.5707963268e+00 3.7677140278e+00
3.3719256947e-04 2.9830223504e+04 1.5707963268e+00 3.7683992247e+00
3.3731789739e-04 2.9850329834e+04 1.5707963268e+00 3.7690834976e+00
3.3744318956e-04 2.9870443903e+04 1.5707963268e+00 3.7697668481e+00
3.3756844603e-04 2.9890565698e+04 1.5707963268e+00 3.7704492777e+00
3.3769366687e-04 2.9910695208e+04 1.5707963268e+00 3.7711307878e+00
3.3781885213e-04 2.9930832422e+04 1.5707963268e+00 3.7718113801e+00
3.3794400186e-04 2.9950977328e+04 1.5707963268e+00 3.7724910559e+00
3.3806911611e-04 2.9971129915e+04 1.5707963268e+00 3.7731698168e+00
3.3819419495e-04 2.9991290172e+04 1.5707963268e+00 3.7738476643e+00
3.3831923842e-04 3.0011458087e+04 1.5707963268e+00 3.7745245999e+00
3.3844424657e-04 3.0031633648e+04 1.5707963268e+00 3.7752006251e+00
3.3856921947e-04 3.0051816845e+04 1.5707963268e+00 3.7758757413e+00
3.3869415717e-04 3.0072007666e+04 1.5707963268e+00 3.7765499501e+00
3.3881905972e-04 3.0092206100e+04 1.5707963268e+00 3.7772232529e+00
3.3894392717e-04 3.0112412135e+04 1.5707963268e+00 3.7778956513e+00
3.3906875957e-04 3.0132625761e+04 1.5707963268e+00 3.7785671467e+00
3.3919355699e-04 3.0152846965e+04 1.5707963268e+00 3.7792377405e+00
3.3931831948e-04 3.0173075737e+04 1.5707963268e+00 3.7799074343e+00
3.3944304708e-04 3.0193312066e+04 1.5707963268e+00 3.7805762296e+00
3.3956773985e-04 3.0213555940e+04 1.5707963268e+00 3.7812441278e+00
3.3969239784e-04 3.0233807348e+04 1.5707963268e+00 3.7819111303e+00
3.3981702112e-04 3.0254066279e+04 1.5707963268e+00 3.7825772387e+00
3.3994160972e-04 3.0274332722e+04 1.5707963268e+00 3.7832424544e+00
3.4006616370e-04 3.0294606665e+04 1.5707963268e+00 3.7839067789e+00
3.4019068312e-04 3.0314888098e+04 1.5707963268e+00 3.7845702137e+00
3.4031516803e-04 3.0335177008e+04 1.5707963268e+00 3.7852327601e+00
3.4043961848e-04 3.0355473387e+04 1.5707963268e+00 3.7858944197e+00
3.4056403453e-04 3.0375777221e+04 1.5707963268e+00 3.7865551939e+00
3.4068841621e-04 3.0396088500e+04 1.5707963268e+00 3.7872150841e+00
3.4081276360e-04 3.0416407213e+04 1.5707963268e+00 3.7878740919e+00
3.4093707674e-04 3.0436733349e+04 1.5707963268e+00 3.7885322186e+00
3.4106135568e-04 3.0457066897e+04 1.5707963268e+00 3.7891894657e+00
3.4118560047e-04 3.0477407846e+04 1.5707963268e+00 3.7898458346e+00
3.4130981117e-04 3.0497756184e+04 1.5707963268e+00 3.7905013268e+00
3.4143398782e-04 3.0518111902e+04 1.5707963268e+00 3.7911559438e+00
3.4155813049e-04 3.0538474987e+04 1.5707963268e+00 3.7918096868e+00
3.4168223922e-04 3.0558845429e+04 1.5707963268e+00 3.7924625575e+00
3.4180631406e-04 3.0579223218e+04 1.5707963268e+00 3.7931145572e+00
3.4193035506e-04 3.0599608341e+04 1.5707963268e+00 3.7937656873e+00
3.4205436228e-04 3.0620000788e+04 1.5707963268e+00 3.7944159493e+00
3.4217833576e-04 3.0640400549e+04 1.5707963268e+00 3.7950653446e+00
3.4230227557e-04 3.0660807612e+04 1.5707963268e+00 3.7957138747e+00
3.4242618174e-04 3.0681221966e+04 1.5707963268e+00 3.7963615408e+00
3.4255005433e-04 3.0701643601e+04 1.5707963268e+00 3.7970083445e+00
3.4267389340e-04 3.0722072506e+04 1.5707963268e+00 3.7976542872e+00
3.4279769898e-04 3.0742508670e+04 1.5707963268e+00 3.7982993702e+00
3.4292147114e-04 3.0762952082e+04 1.5707963268e+00 3.7989435950e+00
3.4304520992e-04 3.0783402731e+04 1.5707963268e+00 3.7995869631e+00
3.4316891537e-04 3.0803860607e+04 1.5707963268e+00 3.8002294757e+00
3.4329258755e-04 3.0824325699e+04 1.5707963268e+00 3.8008711343e+00
3.4341622650e-04 3.0844797996e+04 1.5707963268e+00 3.8015119404e+00
3.4353983228e-04 3.0865277487e+04 1.5707963268e+00 3.8021518952e+00
3.4366340493e-04 3.0885764162e+04 1.5707963268e+00 3.8027910002e+00
3.4378694451e-04 3.0906258010e+04 1.5707963268e+00 3.8034292569e+00
3.4391045106e-04 3.0926759020e+04 1.5707963268e+00 3.8040666665e+00
3.4403392463e-04 3.0947267181e+04 1.5707963268e+00 3.8047032305e+00
3.4415736528e-04 3.0967782484e+04 1.5707963268e+00 3.8053389503e+00
3.4428077305e-04 3.0988304917e+04 1.5707963268e+00 3.8059738272e+00
3.4440414800e-04 3.1008834469e+04 1.5707963268e+00 3.8066078626e+00
3.4452749017e-04 3.1029371131e+04 1.5707963268e+00 3.8072410580e+00
3.4465079961e-04 3.1049914891e+04 1.5707963268e+00 3.8078734146e+00
3.4477407637e-04 3.1070465739e+04 1.5707963268e+00 3.8085049339e+00
3.4489732051e-04 3.1091023664e+04 1.5707963268e+00 3.8091356173e+00
3.4502053206e-04 3.1111588656e+04 1.5707963268e+00 3.8097654660e+00
3.4514371109e-04 3.1132160704e+04 1.5707963268e+00 3.8103944815e+00
3.4526685763e-04 3.1152739798e+04 1.5707963268e+00 3.8110226652e+00
3.4538997174e-04 3.1173325927e+04 1.5707963268e+00 3.8116500184e+00
3.4551305347e-04 3.1193919081e+04 1.5707963268e+00 3.8122765425e+00
3.4563610286e-04 3.1214519249e+04 1.5707963268e+00 3.8129022388e+00
3.4575911997e-04 3.1235126420e+04 1.5707963268e+00 3.8135271087e+00
3.4588210484e-04 3.1255740586e+04 1.5707963268e+00 3.8141511535e+00
3.4600505752e-04 3.1276361734e+04 1.5707963268e+00 3.8147743747e+00
3.4612797805e-04 3.1296989854e+04 1.5707963268e+00 3.8153967735e+00
3.4625086650e-04 3.1317624936e+04 1.5707963268e+00 3.8160183513e+00
3.4637372290e-04 3.1338266971e+04 1.5707963268e+00 3.8166391094e+00
3.4649654730e-04 3.1358915946e+04 1.5707963268e+00 3.8172590493e+00
3.4661933976e-04 3.1379571853e+04 1.5707963268e+00 3.8178781721e+00
3.4674210031e-04 3.1400234680e+04 1.5707963268e+00 3.8184964794e+00
3.4686482901e-04 3.1420904417e+04 1.5707963268e+00 3.8191139724e+00
3.4698752591e-04 3.1441581055e+04 1.5707963268e+00 3.8197306524e+00
3.4711019105e-04 3.1462264582e+04 1.5707963268e+00 3.8203465208e+00
3.4723282448e-04 3.1482954988e+04 1.5707963268e+00 3.8209615789e+00
3.4735542625e-04 3.1503652264e+04 1.5707963268e+00 3.8215758280e+00
3.4747799640e-04 3.1524356398e+04 1.5707963268e+00 3.8221892696e+00
3.4760053499e-04 3.1545067381e+04 1.5707963268e+00 3.8228019048e+00
3.4772304206e-04 3.1565785203e+04 1.5707963268e+00 3.8234137350e+00
3.4784551765e-04 3.1586509853e+04 1.5707963268e+00 3.8240247616e+00
3.4796796182e-04 3.1607241321e+04 1.5707963268e+00 3.8246349858e+00
3.4809037461e-04 3.1627979596e+04 1.5707963268e+00 3.8252444090e+00
3.4821275607e-04 3.1648724670e+04 1.5707963268e+00 3.8258530325e+00
3.4833510624e-04 3.1669476531e+04 1.5707963268e+00 3.8264608576e+00
3.4845742517e-04 3.1690235169e+04 1.5707963268e+00 3.8270678856e+00
3.4857971292e-04 3.1711000575e+04 1.5707963268e+00 3.8276741178e+00
3.4870196952e-04 3.1731772738e+04 1.5707963268e+00 3.8282795555e+00
3.4882419502e-04 3.1752551648e+04 1.5707963268e+00 3.8288842001e+00
3.4894638946e-04 3.1773337295e+04 1.5707963268e+00 3.8294880528e+00
3.4906855290e-04 3.1794129669e+04 1.5707963268e+00 3.8300911148e+00
3.4919068539e-04 3.1814928760e+04 1.5707963268e+00 3.8306933876e+00
3.4931278696e-04 3.1835734557e+04 1.5707963268e+00 3.8312948725e+00
3.4943485766e-04 3.1856547052e+04 1.5707963268e+00 3.8318955706e+00
3.4955689754e-04 3.1877366234e+04 1.5707963268e+00 3.8324954833e+00
3.4967890664e-04 3.1898192092e+04 1.5707963268e+00 3.8330946119e+00
3.4980088502e-04 3.1919024618e+04 1.5707963268e+00 3.8336929576e+00
3.4992283271e-04 3.1939863800e+04 1.5707963268e+00 3.8342905218e+00
3.5004474976e-04 3.1960709630e+04 1.5707963268e+00 3.8348873057e+00
3.5016663622e-04 3.1981562096e+04 1.5707963268e+00 3.8354833107e+00
3.5028849214e-04 3.2002421190e+04 1.5707963268e+00 3.8360785379e+00
3.5041031755e-04 3.2023286901e+04 1.5707963268e+00 3.8366729887e+00
3.5053211250e-04 3.2044159220e+04 1.5707963268e+00 3.8372666643e+00
3.5065387705e-04 3.2065038136e+04 1.5707963268e+00 3.8378595660e+00
3.5077561123e-04 3.2085923639e+04 1.5707963268e+00 3.8384516951e+00
3.5089731509e-04 3.2106815721e+04 1.5707963268e+00 3.8390430528e+00
3.5101898867e-04 3.2127714371e+04 1.5707963268e+00 3.8396336404e+00
3.5114063202e-04 3.2148619578e+04 1.5707963268e+00 3.8402234592e+00
3.5126224518e-04 3.2169531335e+04 1.5707963268e+00 3.8408125104e+00
3.5138382821e-04 3.2190449630e+04 1.5707963268e+00 3.8414007952e+00
3.5150538113e-04 3.2211374454e+04 1.5707963268e+00 3.8419883150e+00
3.5162690401e-04 3.2232305797e+04 1.5707963268e+00 3.8425750710e+00
3.5174839688e-04 3.2253243649e+04 1.5707963268e+00 3.8431610645e+00
3.5186985978e-04 3.2274188001e+04 1.5707963268e+00 3.8437462966e+00
3.5199129277e-04 3.2295138843e+04 1.5707963268e+00 3.8443307686e+00
3.5211269588e-04 3.2316096166e+04 1.5707963268e+00 3.8449144819e+00
3.5223406916e-04 3.2337059959e+04 1.5707963268e+00 3.8454974375e+00
3.5235541265e-04 3.2358030213e+04 1.5707963268e+00 3.8460796368e+00
3.5247672641e-04 3.2379006918e+04 1.5707963268e+00 3.8466610811e+00
3.5259801046e-04 3.2399990065e+04 1.5707963268e+00 3.8472417714e+00
3.5271926486e-04 3.2420979644e+04 1.5707963268e+00 3.8478217091e+00
3.5284048965e-04 3.2441975645e+04 1.5707963268e+00 3.8484008954e+00
3.5296168488e-04 3.2462978059e+04 1.5707963268e+00 3.8489793316e+00
3.5308285058e-04 3.2483986877e+04 1.5707963268e+00 3.8495570188e+00
3.5320398680e-04 3.2505002088e+04 1.5707963268e+00 3.8501339583e+00
3.5332509358e-04 3.2526023683e+04 1.5707963268e+00 3.8507101513e+00
3.5344617097e-04 3.2547051653e+04 1.5707963268e+00 3.8512855990e+00
3.5356721902e-04 3.2568085988e+04 1.5707963268e+00 3.8518603027e+00
3.5368823775e-04 3.2589126679e+04 1.5707963268e+00 3.8524342636e+00
3.5380922723e-04 3.2610173716e+04 1.5707963268e+00 3.8530074828e+00
3.5393018748e-04 3.2631227089e+04 1.5707963268e+00 3.8535799616e+00
3.5405111856e-04 3.2652286790e+04 1.5707963268e+00 3.8541517013e+00
3.5417202050e-04 3.2673352808e+04 1.5707963268e+00 3.8547227029e+00
3.5429289335e-04 3.2694425135e+04 1.5707963268e+00 3.8552929678e+00
3.5441373716e-04 3.2715503760e+04 1.5707963268e+00 3.8558624971e+00
3.5453455195e-04 3.2736588675e+04 1.5707963268e+00 3.8564312920e+00
3.5465533779e-04 3.2757679870e+04 1.5707963268e+00 3.8569993538e+00
3.5477609471e-04 3.2778777336e+04 1.5707963268e+00 3.8575666836e+00
3.5489682274e-04 3.2799881063e+04 1.5707963268e+00 3.8581332826e+00
3.5501752194e-04 3.2820991042e+04 1.5707963268e+00 3.8586991520e+00
3.5513819235e-04 3.2842107264e+04 1.5707963268e+00 3.8592642931e+00
3.5525883401e-04 3.2863229719e+04 1.5707963268e+00 3.8598287069e+00
3.5537944696e-04 3.2884358398e+04 1.5707963268e+00 3.8603923948e+00
3.5550003124e-04 3.2905493292e+04 1.5707963268e+00 3.8609553578e+00
3.5562058690e-04 3.2926634391e+04 1.5707963268e+00 3.8615175972e+00
3.5574111397e-04 3.2947781687e+04 1.5707963268e+00 3.8620791142e+00
3.5586161250e-04 3.2968935170e+04 1.5707963268e+00 3.8626399098e+00
3.5598208254e-04 3.2990094830e+04 1.5707963268e+00 3.8631999854e+00
3.5610252412e-04 3.3011260659e+04 1.5707963268e+00 3.8637593420e+00
3.5622293728e-04 3.3032432647e+04 1.5707963268e+00 3.8643179809e+00
3.5634332206e-04 3.3053610785e+04 1.5707963268e+00 3.8648759033e+00
3.5646367852e-04 3.3074795064e+04 1.5707963268e+00 3.8654331102e+00
3.5658400668e-04 3.3095985475e+04 1.5707963268e+00 3.8659896029e+00
3.5670430659e-04 3.3117182008e+04 1.5707963268e+00 3.8665453825e+00
3.5682457830e-04 3.3138384655e+04 1.5707963268e+00 3.8671004502e+00
3.5694482183e-04 3.3159593407e+04 1.5707963268e+00 3.8676548072e+00
3.5706503724e-04 3.3180808254e+04 1.5707963268e+00 3.8682084546e+00
3.5718522457e-04 3.3202029186e+04 1.5707963268e+00 3.8687613936e+00
3.5730538385e-04 3.3223256196e+04 1.5707963268e+00 3.8693136253e+00
3.5742551512e-04 3.3244489274e+04 1.5707963268e+00 3.8698651508e+00
3.5754561844e-04 3.3265728411e+04 1.5707963268e+00 3.8704159715e+00
3.5766569383e-04 3.3286973598e+04 1.5707963268e+00 3.8709660883e+00
3.5778574134e-04 3.3308224825e+04 1.5707963268e+00 3.8715155024e+00
3.5790576101e-04 3.3329482085e+04 1.5707963268e+00 3.8720642150e+00
3.5802575288e-04 3.3350745368e+04 1.5707963268e+00 3.8726122273e+00
3.5814571699e-04 3.3372014664e+04 1.5707963268e+00 3.8731595403e+00
3.5826565338e-04 3.3393289965e+04 1.5707963268e+00 3.8737061552e+00
3.5838556209e-04 3.3414571263e+04 1.5707963268e+00 3.8742520732e+00
3.5850544316e-04 3.3435858547e+04 1.5707963268e+00 3.8747972953e+00
3.5862529663e-04 3.3457151810e+04 1.5707963268e+00 3.8753418228e+00
3.5874512255e-04 3.3478451042e+04 1.5707963268e+00 3.8758856567e+00
3.5886492094e-04 3.3499756234e+04 1.5707963268e+00 3.8764287982e+00
3.5898469186e-04 3.3521067377e+04 1.5707963268e+00 3.8769712484e+00
3.5910443534e-04 3.3542384463e+04 1.5707963268e+00 3.8775130084e+00
3.5922415142e-04 3.3563707483e+04 1.5707963268e+00 3.8780540794e+00
3.5934384013e-04 3.3585036428e+04 1.5707963268e+00 3.8785944624e+00
3.5946350153e-04 3.3606371288e+04 1.5707963268e+00 3.8791341587e+00
3.5958313565e-04 3.3627712056e+04 1.5707963268e+00 3.8796731692e+00
3.5970274253e-04 3.3649058723e+04 1.5707963268e+00 3.8802114953e+00
3.5982232221e-04 3.3670411279e+04 1.5707963268e+00 3.8807491378e+00
3.5994187472e-04 3.3691769715e+04 1.5707963268e+00 3.8812860980e+00
3.6006140012e-04 3.3713134024e+04 1.5707963268e+00 3.8818223770e+00
3.6018089843e-04 3.3734504197e+04 1.5707963268e+00 3.8823579759e+00
3.6030036969e-04 3.3755880223e+04 1.5707963268e+00 3.8828928957e+00
3.6041981395e-04 3.3777262096e+04 1.5707963268e+00 3.8834271377e+00
3.6053923124e-04 3.3798649806e+04 1.5707963268e+00 3.8839607028e+00
3.6065862161e-04 3.3820043345e+04 1.5707963268e+00 3.8844935922e+00
3.6077798509e-04 3.3841442703e+04 1.5707963268e+00 3.8850258071e+00
3.6089732172e-04 3.3862847872e+04 1.5707963268e+00 3.8855573484e+00
3.6101663154e-04 3.3884258844e+04 1.5707963268e+00 3.8860882173e+00
3.6113591458e-04 3.3905675610e+04 1.5707963268e+00 3.8866184149e+00
3.6125517089e-04 3.3927098160e+04 1.5707963268e+00 3.8871479422e+00
3.6137440051e-04 3.3948526488e+04 1.5707963268e+00 3.8876768004e+00
3.6149360347e-04 3.3969960583e+04 1.5707963268e+00 3.8882049906e+00
3.6161277981e-04 3.3991400438e+04 1.5707963268e+00 3.8887325138e+00
3.6173192957e-04 3.4012846044e+04 1.5707963268e+00 3.8892593711e+00
3.6185105279e-04 3.4034297392e+04 1.5707963268e+00 3.8897855636e+00
3.6197014951e-04 3.4055754474e+04 1.5707963268e+00 3.8903110924e+00
3.6208921976e-04 3.4077217281e+04 1.5707963268e+00 3.8908359585e+00
3.6220826358e-04 3.4098685805e+04 1.5707963268e+00 3.8913601631e+00
3.6232728102e-04 3.4120160037e+04 1.5707963268e+00 3.8918837071e+00
3.6244627210e-04 3.4141639969e+04 1.5707963268e+00 3.8924065918e+00
3.6256523687e-04 3.4163125591e+04 1.5707963268e+00 3.8929288181e+00
3.6268417536e-04 3.4184616897e+04 1.5707963268e+00 3.8934503871e+00
3.6280308762e-04 3.4206113877e+04 1.5707963268e+00 3.8939712999e+00
3.6292197367e-04 3.4227616523e+04 1.5707963268e+00 3.8944915576e+00
3.6304083356e-04 3.4249124826e+04 1.5707963268e+00 3.8950111611e+00
3.6315966733e-04 3.4270638779e+04 1.5707963268e+00 3.8955301117e+00
3.6327847500e-04 3.4292158372e+04 1.5707963268e+00 3.8960484102e+00
3.6339725663e-04 3.4313683597e+04 1.5707963268e+00 3.8965660579e+00
3.6351601224e-04 3.4335214446e+04 1.5707963268e+00 3.8970830557e+00
3.6363474188e-04 3.4356750910e+04 1.5707963268e+00 3.8975994047e+00
3.6375344557e-04 3.4378292982e+04 1.5707963268e+00 3.8981151059e+00
3.6387212337e-04 3.4399840653e+04 1.5707963268e+00 3.8986301605e+00
3.6399077530e-04 3.4421393914e+04 1.5707963268e+00 3.8991445694e+00
3.6410940140e-04 3.4442952758e+04 1.5707963268e+00 3.8996583337e+00
3.6422800171e-04 3.4464517175e+04 1.5707963268e+00 3.9001714544e+00
3.6434657626e-04 3.4486087158e+04 1.5707963268e+00 3.9006839326e+00
3.6446512510e-04 3.4507662698e+04 1.5707963268e+00 3.9011957693e+00
3.6458364826e-04 3.4529243788e+04 1.5707963268e+00 3.9017069656e+00
3.6470214577e-04 3.4550830418e+04 1.5707963268e+00 3.9022175225e+00
3.6482061767e-04 3.4572422581e+04 1.5707963268e+00 3.9027274410e+00
3.6493906401e-04 3.4594020269e+04 1.5707963268e+00 3.9032367222e+00
3.6505748481e-04 3.4615623472e+04 1.5707963268e+00 3.9037453670e+00
3.6517588010e-04 3.4637232184e+04 1.5707963268e+00 3.9042533766e+00
3.6529424994e-04 3.4658846396e+04 1.5707963268e+00 3.9047607520e+00
3.6541259435e-04 3.4680466099e+04 1.5707963268e+00 3.9052674941e+00
3.6553091337e-04 3.4702091286e+04 1.5707963268e+00 3.9057736040e+00
3.6564920704e-04 3.4723721949e+04 1.5707963268e+00 3.9062790828e+00
3.6576747539e-04 3.4745358078e+04 1.5707963268e+00 3.9067839314e+00
3.6588571845e-04 3.4766999667e+04 1.5707963268e+00 3.9072881508e+00
3.6600393628e-04 3.4788646707e+04 1.5707963268e+00 3.9077917422e+00
3.6612212889e-04 3.4810299190e+04 1.5707963268e+00 3.9082947064e+00
3.6624029632e-04 3.4831957108e+04 1.5707963268e+00 3.9087970446e+00
3.6635843862e-04 3.4853620453e+04 1.5707963268e+00 3.9092987576e+00
3.6647655582e-04 3.4875289217e+04 1.5707963268e+00 3.9097998466e+00
3.6659464794e-04 3.4896963392e+04 1.5707963268e+00 3.9103003126e+00
3.6671271504e-04 3.4918642969e+04 1.5707963268e+00 3.9108001564e+00
3.6683075714e-04 3.4940327941e+04 1.5707963268e+00 3.9112993793e+00
3.6694877427e-04 3.4962018300e+04 1.5707963268e+00 3.9117979820e+00
3.6706676649e-04 3.4983714038e+04 1.5707963268e+00 3.9122959658e+00
3.6718473381e-04 3.5005415146e+04 1.5707963268e+00 3.9127933315e+00
3.6730267627e-04 3.5027121618e+04 1.5707963268e+00 3.9132900801e+00
3.6742059392e-04 3.5048833444e+04 1.5707963268e+00 3.9137862127e+00
3.6753848678e-04 3.5070550617e+04 1.5707963268e+00 3.9142817302e+00
3.6765635489e-04 3.5092273130e+04 1.5707963268e+00 3.9147766336e+00
3.6777419829e-04 3.5114000974e+04 1.5707963268e+00 3.9152709240e+00
3.6789201700e-04 3.5135734140e+04 1.5707963268e+00 3.9157646022e+00
3.6800981107e-04 3.5157472623e+04 1.5707963268e+00 3.9162576694e+00
3.6812758053e-04 3.5179216413e+04 1.5707963268e+00 3.9167501264e+00
3.6824532541e-04 3.5200965502e+04 1.5707963268e+00 3.9172419743e+00
3.6836304575e-04 3.5222719884e+04 1.5707963268e+00 3.9177332141e+00
3.6848074159e-04 3.5244479549e+04 1.5707963268e+00 3.9182238467e+00
3.6859841295e-04 3.5266244491e+04 1.5707963268e+00 3.9187138730e+00
3.6871605987e-04 3.5288014701e+04 1.5707963268e+00 3.9192032942e+00
3.6883368239e-04 3.5309790171e+04 1.5707963268e+00 3.9196921111e+00
3.6895128054e-04 3.5331570895e+04 1.5707963268e+00 3.9201803247e+00
3.6906885436e-04 3.5353356863e+04 1.5707963268e+00 3.9206679360e+00
3.6918640387e-04 3.5375148069e+04 1.5707963268e+00 3.9211549460e+00
3.6930392912e-04 3.5396944504e+04 1.5707963268e+00 3.9216413556e+00
3.6942143014e-04 3.5418746161e+04 1.5707963268e+00 3.9221271658e+00
3.6953890696e-04 3.5440553033e+04 1.5707963268e+00 3.9226123775e+00
3.6965635961e-04 3.5462365110e+04 1.5707963268e+00 3.9230969918e+00
