0.0000000000e+00 1.5433462136e+04 1.5707963268e+00 0.0000000000e+00
2.2684132648e-07 1.5433462136e+04 1.5707963268e+00 -2.8735632184e-03
4.5368265296e-07 1.5433479714e+04 1.5707963268e+00 -5.7471264368e-03
6.8052363030e-07 1.5433514870e+04 1.5707963268e+00 -8.6206831095e-03
9.0736390937e-07 1.5433567604e+04 1.5707963268e+00 -1.1494226691e-02
1.1342031411e-06 1.5433637916e+04 1.5707963268e+00 -1.4367750635e-02
1.3610409762e-06 1.5433725806e+04 1.5707963268e+00 -1.7241248398e-02
1.5878770658e-06 1.5433831275e+04 1.5707963268e+00 -2.0114713432e-02
1.8147110607e-06 1.5433954323e+04 1.5707963268e+00 -2.2988139195e-02
2.0415426119e-06 1.5434094950e+04 1.5707963268e+00 -2.5861519139e-02
2.2683713703e-06 1.5434253157e+04 1.5707963268e+00 -2.8734846722e-02
2.4951969870e-06 1.5434428944e+04 1.5707963268e+00 -3.1608115399e-02
2.7220191131e-06 1.5434622313e+04 1.5707963268e+00 -3.4481318626e-02
2.9488373995e-06 1.5434833262e+04 1.5707963268e+00 -3.7354449860e-02
3.1756514975e-06 1.5435061795e+04 1.5707963268e+00 -4.0227502558e-02
3.4024610582e-06 1.5435307910e+04 1.5707963268e+00 -4.3100470178e-02
3.6292657330e-06 1.5435571610e+04 1.5707963268e+00 -4.5973346177e-02
3.8560651730e-06 1.5435852894e+04 1.5707963268e+00 -4.8846124015e-02
4.0828590297e-06 1.5436151764e+04 1.5707963268e+00 -5.1718797151e-02
4.3096469545e-06 1.5436468222e+04 1.5707963268e+00 -5.4591359045e-02
4.5364285989e-06 1.5436802267e+04 1.5707963268e+00 -5.7463803158e-02
4.7632036145e-06 1.5437153901e+04 1.5707963268e+00 -6.0336122952e-02
4.9899716530e-06 1.5437523127e+04 1.5707963268e+00 -6.3208311889e-02
5.2167323661e-06 1.5437909943e+04 1.5707963268e+00 -6.6080363431e-02
5.4434854056e-06 1.5438314354e+04 1.5707963268e+00 -6.8952271045e-02
5.6702304236e-06 1.5438736358e+04 1.5707963268e+00 -7.1824028194e-02
5.8969670720e-06 1.5439175959e+04 1.5707963268e+00 -7.4695628344e-02
6.1236950030e-06 1.5439633158e+04 1.5707963268e+00 -7.7567064963e-02
6.3504138689e-06 1.5440107956e+04 1.5707963268e+00 -8.0438331519e-02
6.5771233219e-06 1.5440600355e+04 1.5707963268e+00 -8.3309421481e-02
6.8038230145e-06 1.5441110357e+04 1.5707963268e+00 -8.6180328320e-02
7.0305125994e-06 1.5441637963e+04 1.5707963268e+00 -8.9051045508e-02
7.2571917293e-06 1.5442183176e+04 1.5707963268e+00 -9.1921566516e-02
7.4838600569e-06 1.5442745998e+04 1.5707963268e+00 -9.4791884820e-02
7.7105172354e-06 1.5443326430e+04 1.5707963268e+00 -9.7661993895e-02
7.9371629177e-06 1.5443924474e+04 1.5707963268e+00 -1.0053188722e-01
8.1637967572e-06 1.5444540134e+04 1.5707963268e+00 -1.0340155827e-01
8.3904184073e-06 1.5445173410e+04 1.5707963268e+00 -1.0627100052e-01
8.6170275214e-06 1.5445824305e+04 1.5707963268e+00 -1.0914020746e-01
8.8436237534e-06 1.5446492822e+04 1.5707963268e+00 -1.1200917257e-01
9.0702067570e-06 1.5447178963e+04 1.5707963268e+00 -1.1487788934e-01
9.2967761863e-06 1.5447882731e+04 1.5707963268e+00 -1.1774635125e-01
9.5233316955e-06 1.5448604127e+04 1.5707963268e+00 -1.2061455178e-01
9.7498729389e-06 1.5449343155e+04 1.5707963268e+00 -1.2348248443e-01
9.9763995711e-06 1.5450099817e+04 1.5707963268e+00 -1.2635014269e-01
1.0202911247e-05 1.5450874116e+04 1.5707963268e+00 -1.2921752005e-01
1.0429407621e-05 1.5451666055e+04 1.5707963268e+00 -1.3208461001e-01
1.0655888349e-05 1.5452475636e+04 1.5707963268e+00 -1.3495140606e-01
1.0882353085e-05 1.5453302862e+04 1.5707963268e+00 -1.3781790171e-01
1.1108801486e-05 1.5454147737e+04 1.5707963268e+00 -1.4068409044e-01
1.1335233206e-05 1.5455010264e+04 1.5707963268e+00 -1.4354996577e-01
1.1561647902e-05 1.5455890445e+04 1.5707963268e+00 -1.4641552120e-01
1.1788045231e-05 1.5456788283e+04 1.5707963268e+00 -1.4928075024e-01
1.2014424847e-05 1.5457703783e+04 1.5707963268e+00 -1.5214564639e-01
1.2240786408e-05 1.5458636947e+04 1.5707963268e+00 -1.5501020317e-01
1.2467129571e-05 1.5459587778e+04 1.5707963268e+00 -1.5787441409e-01
1.2693453992e-05 1.5460556280e+04 1.5707963268e+00 -1.6073827266e-01
1.2919759329e-05 1.5461542456e+04 1.5707963268e+00 -1.6360177241e-01
1.3146045239e-05 1.5462546311e+04 1.5707963268e+00 -1.6646490686e-01
1.3372311380e-05 1.5463567847e+04 1.5707963268e+00 -1.6932766951e-01
1.3598557409e-05 1.5464607068e+04 1.5707963268e+00 -1.7219005392e-01
1.3824782986e-05 1.5465663978e+04 1.5707963268e+00 -1.7505205359e-01
1.4050987767e-05 1.5466738580e+04 1.5707963268e+00 -1.7791366206e-01
1.4277171413e-05 1.5467830879e+04 1.5707963268e+00 -1.8077487286e-01
1.4503333581e-05 1.5468940879e+04 1.5707963268e+00 -1.8363567954e-01
1.4729473931e-05 1.5470068582e+04 1.5707963268e+00 -1.8649607562e-01
1.4955592123e-05 1.5471213994e+04 1.5707963268e+00 -1.8935605464e-01
1.5181687817e-05 1.5472377119e+04 1.5707963268e+00 -1.9221561016e-01
1.5407760671e-05 1.5473557959e+04 1.5707963268e+00 -1.9507473572e-01
1.5633810347e-05 1.5474756521e+04 1.5707963268e+00 -1.9793342486e-01
1.5859836505e-05 1.5475972808e+04 1.5707963268e+00 -2.0079167115e-01
1.6085838807e-05 1.5477206824e+04 1.5707963268e+00 -2.0364946812e-01
1.6311816912e-05 1.5478458573e+04 1.5707963268e+00 -2.0650680935e-01
1.6537770483e-05 1.5479728061e+04 1.5707963268e+00 -2.0936368840e-01
1.6763699182e-05 1.5481015291e+04 1.5707963268e+00 -2.1222009882e-01
1.6989602670e-05 1.5482320268e+04 1.5707963268e+00 -2.1507603419e-01
1.7215480610e-05 1.5483642997e+04 1.5707963268e+00 -2.1793148807e-01
1.7441332664e-05 1.5484983483e+04 1.5707963268e+00 -2.2078645404e-01
1.7667158496e-05 1.5486341730e+04 1.5707963268e+00 -2.2364092568e-01
1.7892957769e-05 1.5487717742e+04 1.5707963268e+00 -2.2649489657e-01
1.8118730146e-05 1.5489111526e+04 1.5707963268e+00 -2.2934836029e-01
1.8344475292e-05 1.5490523085e+04 1.5707963268e+00 -2.3220131042e-01
1.8570192870e-05 1.5491952425e+04 1.5707963268e+00 -2.3505374056e-01
1.8795882546e-05 1.5493399550e+04 1.5707963268e+00 -2.3790564431e-01
1.9021543985e-05 1.5494864466e+04 1.5707963268e+00 -2.4075701525e-01
1.9247176851e-05 1.5496347178e+04 1.5707963268e+00 -2.4360784700e-01
1.9472780811e-05 1.5497847691e+04 1.5707963268e+00 -2.4645813314e-01
1.9698355530e-05 1.5499366010e+04 1.5707963268e+00 -2.4930786731e-01
1.9923900675e-05 1.5500902141e+04 1.5707963268e+00 -2.5215704309e-01
2.0149415913e-05 1.5502456089e+04 1.5707963268e+00 -2.5500565412e-01
2.0374900911e-05 1.5504027859e+04 1.5707963268e+00 -2.5785369401e-01
2.0600355336e-05 1.5505617457e+04 1.5707963268e+00 -2.6070115638e-01
2.0825778856e-05 1.5507224889e+04 1.5707963268e+00 -2.6354803486e-01
2.1051171140e-05 1.5508850159e+04 1.5707963268e+00 -2.6639432308e-01
2.1276531856e-05 1.5510493274e+04 1.5707963268e+00 -2.6924001468e-01
2.1501860673e-05 1.5512154240e+04 1.5707963268e+00 -2.7208510329e-01
2.1727157260e-05 1.5513833061e+04 1.5707963268e+00 -2.7492958256e-01
2.1952421288e-05 1.5515529744e+04 1.5707963268e+00 -2.7777344614e-01
2.2177652427e-05 1.5517244295e+04 1.5707963268e+00 -2.8061668767e-01
2.2402850347e-05 1.5518976720e+04 1.5707963268e+00 -2.8345930082e-01
2.2628014718e-05 1.5520727024e+04 1.5707963268e+00 -2.8630127924e-01
2.2853145214e-05 1.5522495214e+04 1.5707963268e+00 -2.8914261660e-01
2.3078241505e-05 1.5524281295e+04 1.5707963268e+00 -2.9198330656e-01
2.3303303264e-05 1.5526085275e+04 1.5707963268e+00 -2.9482334279e-01
2.3528330163e-05 1.5527907158e+04 1.5707963268e+00 -2.9766271899e-01
2.3753321876e-05 1.5529746952e+04 1.5707963268e+00 -3.0050142881e-01
2.3978278076e-05 1.5531604662e+04 1.5707963268e+00 -3.0333946596e-01
2.4203198437e-05 1.5533480295e+04 1.5707963268e+00 -3.0617682413e-01
2.4428082633e-05 1.5535373857e+04 1.5707963268e+00 -3.0901349700e-01
2.4652930340e-05 1.5537285355e+04 1.5707963268e+00 -3.1184947828e-01
2.4877741232e-05 1.5539214795e+04 1.5707963268e+00 -3.1468476167e-01
2.5102514986e-05 1.5541162184e+04 1.5707963268e+00 -3.1751934088e-01
2.5327251277e-05 1.5543127528e+04 1.5707963268e+00 -3.2035320963e-01
2.5551949782e-05 1.5545110835e+04 1.5707963268e+00 -3.2318636163e-01
2.5776610179e-05 1.5547112110e+04 1.5707963268e+00 -3.2601879061e-01
2.6001232145e-05 1.5549131360e+04 1.5707963268e+00 -3.2885049030e-01
2.6225815357e-05 1.5551168593e+04 1.5707963268e+00 -3.3168145443e-01
2.6450359496e-05 1.5553223815e+04 1.5707963268e+00 -3.3451167674e-01
2.6674864238e-05 1.5555297033e+04 1.5707963268e+00 -3.3734115097e-01
2.6899329265e-05 1.5557388254e+04 1.5707963268e+00 -3.4016987087e-01
2.7123754256e-05 1.5559497485e+04 1.5707963268e+00 -3.4299783020e-01
2.7348138891e-05 1.5561624733e+04 1.5707963268e+00 -3.4582502272e-01
2.7572482851e-05 1.5563770005e+04 1.5707963268e+00 -3.4865144218e-01
2.7796785819e-05 1.5565933309e+04 1.5707963268e+00 -3.5147708237e-01
2.8021047475e-05 1.5568114651e+04 1.5707963268e+00 -3.5430193704e-01
2.8245267502e-05 1.5570314039e+04 1.5707963268e+00 -3.5712599999e-01
2.8469445583e-05 1.5572531480e+04 1.5707963268e+00 -3.5994926501e-01
2.8693581402e-05 1.5574766981e+04 1.5707963268e+00 -3.6277172587e-01
2.8917674643e-05 1.5577020550e+04 1.5707963268e+00 -3.6559337638e-01
2.9141724989e-05 1.5579292194e+04 1.5707963268e+00 -3.6841421034e-01
2.9365732127e-05 1.5581581921e+04 1.5707963268e+00 -3.7123422156e-01
2.9589695741e-05 1.5583889739e+04 1.5707963268e+00 -3.7405340385e-01
2.9813615518e-05 1.5586215654e+04 1.5707963268e+00 -3.7687175104e-01
3.0037491144e-05 1.5588559674e+04 1.5707963268e+00 -3.7968925693e-01
3.0261322307e-05 1.5590921808e+04 1.5707963268e+00 -3.8250591538e-01
3.0485108693e-05 1.5593302063e+04 1.5707963268e+00 -3.8532172021e-01
3.0708849992e-05 1.5595700446e+04 1.5707963268e+00 -3.8813666527e-01
3.0932545893e-05 1.5598116966e+04 1.5707963268e+00 -3.9095074440e-01
3.1156196083e-05 1.5600551629e+04 1.5707963268e+00 -3.9376395146e-01
3.1379800254e-05 1.5603004445e+04 1.5707963268e+00 -3.9657628031e-01
3.1603358095e-05 1.5605475422e+04 1.5707963268e+00 -3.9938772482e-01
3.1826869298e-05 1.5607964566e+04 1.5707963268e+00 -4.0219827885e-01
3.2050333555e-05 1.5610471886e+04 1.5707963268e+00 -4.0500793629e-01
3.2273750556e-05 1.5612997391e+04 1.5707963268e+00 -4.0781669103e-01
3.2497119996e-05 1.5615541087e+04 1.5707963268e+00 -4.1062453695e-01
3.2720441567e-05 1.5618102984e+04 1.5707963268e+00 -4.1343146795e-01
3.2943714963e-05 1.5620683090e+04 1.5707963268e+00 -4.1623747794e-01
3.3166939879e-05 1.5623281413e+04 1.5707963268e+00 -4.1904256082e-01
3.3390116010e-05 1.5625897961e+04 1.5707963268e+00 -4.2184671052e-01
3.3613243050e-05 1.5628532742e+04 1.5707963268e+00 -4.2464992095e-01
3.3836320698e-05 1.5631185765e+04 1.5707963268e+00 -4.2745218605e-01
3.4059348648e-05 1.5633857039e+04 1.5707963268e+00 -4.3025349975e-01
3.4282326599e-05 1.5636546571e+04 1.5707963268e+00 -4.3305385599e-01
3.4505254249e-05 1.5639254370e+04 1.5707963268e+00 -4.3585324874e-01
3.4728131296e-05 1.5641980445e+04 1.5707963268e+00 -4.3865167193e-01
3.4950957439e-05 1.5644724804e+04 1.5707963268e+00 -4.4144911954e-01
3.5173732379e-05 1.5647487456e+04 1.5707963268e+00 -4.4424558553e-01
3.5396455815e-05 1.5650268409e+04 1.5707963268e+00 -4.4704106388e-01
3.5619127449e-05 1.5653067673e+04 1.5707963268e+00 -4.4983554859e-01
3.5841746983e-05 1.5655885256e+04 1.5707963268e+00 -4.5262903362e-01
3.6064314119e-05 1.5658721166e+04 1.5707963268e+00 -4.5542151299e-01
3.6286828559e-05 1.5661575412e+04 1.5707963268e+00 -4.5821298071e-01
3.6509290008e-05 1.5664448004e+04 1.5707963268e+00 -4.6100343077e-01
3.6731698170e-05 1.5667338950e+04 1.5707963268e+00 -4.6379285720e-01
3.6954052749e-05 1.5670248259e+04 1.5707963268e+00 -4.6658125403e-01
3.7176353450e-05 1.5673175940e+04 1.5707963268e+00 -4.6936861530e-01
3.7398599982e-05 1.5676122002e+04 1.5707963268e+00 -4.7215493503e-01
3.7620792049e-05 1.5679086454e+04 1.5707963268e+00 -4.7494020728e-01
3.7842929359e-05 1.5682069305e+04 1.5707963268e+00 -4.7772442611e-01
3.8065011621e-05 1.5685070563e+04 1.5707963268e+00 -4.8050758558e-01
3.8287038543e-05 1.5688090240e+04 1.5707963268e+00 -4.8328967975e-01
3.8509009835e-05 1.5691128342e+04 1.5707963268e+00 -4.8607070272e-01
3.8730925207e-05 1.5694184880e+04 1.5707963268e+00 -4.8885064855e-01
3.8952784370e-05 1.5697259862e+04 1.5707963268e+00 -4.9162951136e-01
3.9174587035e-05 1.5700353299e+04 1.5707963268e+00 -4.9440728523e-01
3.9396332914e-05 1.5703465199e+04 1.5707963268e+00 -4.9718396427e-01
3.9618021720e-05 1.5706595571e+04 1.5707963268e+00 -4.9995954261e-01
3.9839653166e-05 1.5709744426e+04 1.5707963268e+00 -5.0273401437e-01
4.0061226967e-05 1.5712911771e+04 1.5707963268e+00 -5.0550737367e-01
4.0282742838e-05 1.5716097618e+04 1.5707963268e+00 -5.0827961467e-01
4.0504200494e-05 1.5719301974e+04 1.5707963268e+00 -5.1105073150e-01
4.0725599652e-05 1.5722524850e+04 1.5707963268e+00 -5.1382071833e-01
4.0946940027e-05 1.5725766255e+04 1.5707963268e+00 -5.1658956931e-01
4.1168221339e-05 1.5729026199e+04 1.5707963268e+00 -5.1935727862e-01
4.1389443305e-05 1.5732304691e+04 1.5707963268e+00 -5.2212384045e-01
4.1610605645e-05 1.5735601741e+04 1.5707963268e+00 -5.2488924897e-01
4.1831708077e-05 1.5738917358e+04 1.5707963268e+00 -5.2765349839e-01
4.2052750324e-05 1.5742251552e+04 1.5707963268e+00 -5.3041658291e-01
4.2273732105e-05 1.5745604333e+04 1.5707963268e+00 -5.3317849674e-01
4.2494653143e-05 1.5748975710e+04 1.5707963268e+00 -5.3593923411e-01
4.2715513161e-05 1.5752365694e+04 1.5707963268e+00 -5.3869878925e-01
4.2936311881e-05 1.5755774293e+04 1.5707963268e+00 -5.4145715639e-01
4.3157049028e-05 1.5759201518e+04 1.5707963268e+00 -5.4421432979e-01
4.3377724327e-05 1.5762647379e+04 1.5707963268e+00 -5.4697030369e-01
4.3598337504e-05 1.5766111885e+04 1.5707963268e+00 -5.4972507237e-01
4.3818888284e-05 1.5769595046e+04 1.5707963268e+00 -5.5247863010e-01
4.4039376394e-05 1.5773096872e+04 1.5707963268e+00 -5.5523097116e-01
4.4259801563e-05 1.5776617373e+04 1.5707963268e+00 -5.5798208983e-01
4.4480163519e-05 1.5780156559e+04 1.5707963268e+00 -5.6073198043e-01
4.4700461992e-05 1.5783714440e+04 1.5707963268e+00 -5.6348063725e-01
4.4920696710e-05 1.5787291025e+04 1.5707963268e+00 -5.6622805462e-01
4.5140867406e-05 1.5790886326e+04 1.5707963268e+00 -5.6897422686e-01
4.5360973810e-05 1.5794500351e+04 1.5707963268e+00 -5.7171914830e-01
4.5581015655e-05 1.5798133112e+04 1.5707963268e+00 -5.7446281330e-01
4.5800992674e-05 1.5801784617e+04 1.5707963268e+00 -5.7720521621e-01
4.6020904601e-05 1.5805454878e+04 1.5707963268e+00 -5.7994635138e-01
4.6240751170e-05 1.5809143903e+04 1.5707963268e+00 -5.8268621319e-01
4.6460532117e-05 1.5812851704e+04 1.5707963268e+00 -5.8542479603e-01
4.6680247178e-05 1.5816578291e+04 1.5707963268e+00 -5.8816209427e-01
4.6899896089e-05 1.5820323673e+04 1.5707963268e+00 -5.9089810233e-01
4.7119478589e-05 1.5824087861e+04 1.5707963268e+00 -5.9363281461e-01
4.7338994416e-05 1.5827870865e+04 1.5707963268e+00 -5.9636622552e-01
4.7558443309e-05 1.5831672696e+04 1.5707963268e+00 -5.9909832951e-01
4.7777825008e-05 1.5835493363e+04 1.5707963268e+00 -6.0182912100e-01
4.7997139254e-05 1.5839332877e+04 1.5707963268e+00 -6.0455859445e-01
4.8216385789e-05 1.5843191248e+04 1.5707963268e+00 -6.0728674430e-01
4.8435564354e-05 1.5847068486e+04 1.5707963268e+00 -6.1001356503e-01
4.8654674694e-05 1.5850964603e+04 1.5707963268e+00 -6.1273905111e-01
4.8873716553e-05 1.5854879607e+04 1.5707963268e+00 -6.1546319703e-01
4.9092689674e-05 1.5858813510e+04 1.5707963268e+00 -6.1818599729e-01
4.9311593804e-05 1.5862766322e+04 1.5707963268e+00 -6.2090744639e-01
4.9530428689e-05 1.5866738052e+04 1.5707963268e+00 -6.2362753885e-01
4.9749194076e-05 1.5870728713e+04 1.5707963268e+00 -6.2634626918e-01
4.9967889714e-05 1.5874738314e+04 1.5707963268e+00 -6.2906363194e-01
5.0186515351e-05 1.5878766865e+04 1.5707963268e+00 -6.3177962166e-01
5.0405070737e-05 1.5882814377e+04 1.5707963268e+00 -6.3449423290e-01
5.0623555622e-05 1.5886880860e+04 1.5707963268e+00 -6.3720746023e-01
5.0841969757e-05 1.5890966325e+04 1.5707963268e+00 -6.3991929822e-01
5.1060312895e-05 1.5895070783e+04 1.5707963268e+00 -6.4262974146e-01
5.1278584790e-05 1.5899194243e+04 1.5707963268e+00 -6.4533878454e-01
5.1496785193e-05 1.5903336717e+04 1.5707963268e+00 -6.4804642208e-01
5.1714913861e-05 1.5907498214e+04 1.5707963268e+00 -6.5075264869e-01
5.1932970548e-05 1.5911678746e+04 1.5707963268e+00 -6.5345745900e-01
5.2150955010e-05 1.5915878323e+04 1.5707963268e+00 -6.5616084764e-01
5.2368867006e-05 1.5920096955e+04 1.5707963268e+00 -6.5886280927e-01
5.2586706293e-05 1.5924334654e+04 1.5707963268e+00 -6.6156333855e-01
5.2804472629e-05 1.5928591429e+04 1.5707963268e+00 -6.6426243015e-01
5.3022165774e-05 1.5932867291e+04 1.5707963268e+00 -6.6696007874e-01
5.3239785489e-05 1.5937162251e+04 1.5707963268e+00 -6.6965627903e-01
5.3457331535e-05 1.5941476319e+04 1.5707963268e+00 -6.7235102570e-01
5.3674803675e-05 1.5945809507e+04 1.5707963268e+00 -6.7504431348e-01
5.3892201670e-05 1.5950161824e+04 1.5707963268e+00 -6.7773613709e-01
5.4109525286e-05 1.5954533281e+04 1.5707963268e+00 -6.8042649126e-01
5.4326774287e-05 1.5958923889e+04 1.5707963268e+00 -6.8311537075e-01
5.4543948437e-05 1.5963333658e+04 1.5707963268e+00 -6.8580277030e-01
5.4761047505e-05 1.5967762600e+04 1.5707963268e+00 -6.8848868469e-01
5.4978071257e-05 1.5972210724e+04 1.5707963268e+00 -6.9117310869e-01
5.5195019462e-05 1.5976678042e+04 1.5707963268e+00 -6.9385603710e-01
5.5411891888e-05 1.5981164563e+04 1.5707963268e+00 -6.9653746471e-01
5.5628688305e-05 1.5985670300e+04 1.5707963268e+00 -6.9921738635e-01
5.5845408484e-05 1.5990195262e+04 1.5707963268e+00 -7.0189579682e-01
5.6062052197e-05 1.5994739459e+04 1.5707963268e+00 -7.0457269098e-01
5.6278619216e-05 1.5999302904e+04 1.5707963268e+00 -7.0724806366e-01
5.6495109315e-05 1.6003885606e+04 1.5707963268e+00 -7.0992190973e-01
5.6711522268e-05 1.6008487575e+04 1.5707963268e+00 -7.1259422404e-01
5.6927857849e-05 1.6013108824e+04 1.5707963268e+00 -7.1526500150e-01
5.7144115836e-05 1.6017749362e+04 1.5707963268e+00 -7.1793423698e-01
5.7360296006e-05 1.6022409200e+04 1.5707963268e+00 -7.2060192539e-01
5.7576398134e-05 1.6027088348e+04 1.5707963268e+00 -7.2326806165e-01
5.7792422002e-05 1.6031786818e+04 1.5707963268e+00 -7.2593264068e-01
5.8008367387e-05 1.6036504620e+04 1.5707963268e+00 -7.2859565743e-01
5.8224234071e-05 1.6041241765e+04 1.5707963268e+00 -7.3125710685e-01
5.8440021835e-05 1.6045998263e+04 1.5707963268e+00 -7.3391698389e-01
5.8655730461e-05 1.6050774125e+04 1.5707963268e+00 -7.3657528354e-01
5.8871359733e-05 1.6055569362e+04 1.5707963268e+00 -7.3923200077e-01
5.9086909434e-05 1.6060383985e+04 1.5707963268e+00 -7.4188713060e-01
5.9302379349e-05 1.6065218003e+04 1.5707963268e+00 -7.4454066802e-01
5.9517769264e-05 1.6070071428e+04 1.5707963268e+00 -7.4719260807e-01
5.9733078966e-05 1.6074944270e+04 1.5707963268e+00 -7.4984294577e-01
5.9948308243e-05 1.6079836541e+04 1.5707963268e+00 -7.5249167618e-01
6.0163456882e-05 1.6084748250e+04 1.5707963268e+00 -7.5513879436e-01
6.0378524674e-05 1.6089679408e+04 1.5707963268e+00 -7.5778429536e-01
6.0593511409e-05 1.6094630026e+04 1.5707963268e+00 -7.6042817429e-01
6.0808416878e-05 1.6099600115e+04 1.5707963268e+00 -7.6307042623e-01
6.1023240874e-05 1.6104589685e+04 1.5707963268e+00 -7.6571104630e-01
6.1237983189e-05 1.6109598747e+04 1.5707963268e+00 -7.6835002960e-01
6.1452643617e-05 1.6114627311e+04 1.5707963268e+00 -7.7098737129e-01
6.1667221953e-05 1.6119675388e+04 1.5707963268e+00 -7.7362306650e-01
6.1881717994e-05 1.6124742988e+04 1.5707963268e+00 -7.7625711039e-01
6.2096131535e-05 1.6129830123e+04 1.5707963268e+00 -7.7888949813e-01
6.2310462376e-05 1.6134936802e+04 1.5707963268e+00 -7.8152022491e-01
6.2524710313e-05 1.6140063037e+04 1.5707963268e+00 -7.8414928592e-01
6.2738875147e-05 1.6145208838e+04 1.5707963268e+00 -7.8677667637e-01
6.2952956678e-05 1.6150374215e+04 1.5707963268e+00 -7.8940239148e-01
6.3166954707e-05 1.6155559179e+04 1.5707963268e+00 -7.9202642649e-01
6.3380869037e-05 1.6160763740e+04 1.5707963268e+00 -7.9464877665e-01
6.3594699471e-05 1.6165987909e+04 1.5707963268e+00 -7.9726943720e-01
6.3808445813e-05 1.6171231697e+04 1.5707963268e+00 -7.9988840344e-01
6.4022107868e-05 1.6176495114e+04 1.5707963268e+00 -8.0250567064e-01
6.4235685442e-05 1.6181778170e+04 1.5707963268e+00 -8.0512123410e-01
6.4449178343e-05 1.6187080876e+04 1.5707963268e+00 -8.0773508914e-01
6.4662586377e-05 1.6192403242e+04 1.5707963268e+00 -8.1034723107e-01
6.4875909354e-05 1.6197745279e+04 1.5707963268e+00 -8.1295765524e-01
6.5089147083e-05 1.6203106997e+04 1.5707963268e+00 -8.1556635701e-01
6.5302299376e-05 1.6208488407e+04 1.5707963268e+00 -8.1817333172e-01
6.5515366043e-05 1.6213889518e+04 1.5707963268e+00 -8.2077857477e-01
6.5728346897e-05 1.6219310342e+04 1.5707963268e+00 -8.2338208155e-01
6.5941241752e-05 1.6224750889e+04 1.5707963268e+00 -8.2598384745e-01
6.6154050421e-05 1.6230211169e+04 1.5707963268e+00 -8.2858386790e-01
6.6366772722e-05 1.6235691192e+04 1.5707963268e+00 -8.3118213832e-01
6.6579408469e-05 1.6241190968e+04 1.5707963268e+00 -8.3377865417e-01
6.6791957480e-05 1.6246710509e+04 1.5707963268e+00 -8.3637341090e-01
6.7004419573e-05 1.6252249824e+04 1.5707963268e+00 -8.3896640398e-01
6.7216794567e-05 1.6257808923e+04 1.5707963268e+00 -8.4155762890e-01
6.7429082283e-05 1.6263387817e+04 1.5707963268e+00 -8.4414708115e-01
6.7641282540e-05 1.6268986516e+04 1.5707963268e+00 -8.4673475626e-01
6.7853395163e-05 1.6274605030e+04 1.5707963268e+00 -8.4932064974e-01
6.8065419972e-05 1.6280243370e+04 1.5707963268e+00 -8.5190475715e-01
6.8277356792e-05 1.6285901545e+04 1.5707963268e+00 -8.5448707402e-01
6.8489205448e-05 1.6291579565e+04 1.5707963268e+00 -8.5706759593e-01
6.8700965766e-05 1.6297277441e+04 1.5707963268e+00 -8.5964631846e-01
6.8912637572e-05 1.6302995183e+04 1.5707963268e+00 -8.6222323721e-01
6.9124220694e-05 1.6308732801e+04 1.5707963268e+00 -8.6479834779e-01
6.9335714961e-05 1.6314490304e+04 1.5707963268e+00 -8.6737164581e-01
6.9547120201e-05 1.6320267704e+04 1.5707963268e+00 -8.6994312692e-01
6.9758436246e-05 1.6326065009e+04 1.5707963268e+00 -8.7251278677e-01
6.9969662928e-05 1.6331882231e+04 1.5707963268e+00 -8.7508062103e-01
7.0180800077e-05 1.6337719378e+04 1.5707963268e+00 -8.7764662537e-01
7.0391847529e-05 1.6343576461e+04 1.5707963268e+00 -8.8021079548e-01
7.0602805117e-05 1.6349453489e+04 1.5707963268e+00 -8.8277312709e-01
7.0813672676e-05 1.6355350474e+04 1.5707963268e+00 -8.8533361590e-01
7.1024450043e-05 1.6361267423e+04 1.5707963268e+00 -8.8789225766e-01
7.1235137055e-05 1.6367204348e+04 1.5707963268e+00 -8.9044904812e-01
7.1445733550e-05 1.6373161258e+04 1.5707963268e+00 -8.9300398304e-01
7.1656239367e-05 1.6379138162e+04 1.5707963268e+00 -8.9555705820e-01
7.1866654346e-05 1.6385135071e+04 1.5707963268e+00 -8.9810826940e-01
7.2076978328e-05 1.6391151995e+04 1.5707963268e+00 -9.0065761244e-01
7.2287211156e-05 1.6397188942e+04 1.5707963268e+00 -9.0320508316e-01
7.2497352672e-05 1.6403245923e+04 1.5707963268e+00 -9.0575067737e-01
7.2707402720e-05 1.6409322947e+04 1.5707963268e+00 -9.0829439095e-01
7.2917361145e-05 1.6415420024e+04 1.5707963268e+00 -9.1083621976e-01
7.3127227793e-05 1.6421537163e+04 1.5707963268e+00 -9.1337615967e-01
7.3337002510e-05 1.6427674374e+04 1.5707963268e+00 -9.1591420658e-01
7.3546685145e-05 1.6433831667e+04 1.5707963268e+00 -9.1845035641e-01
7.3756275545e-05 1.6440009050e+04 1.5707963268e+00 -9.2098460508e-01
7.3965773562e-05 1.6446206534e+04 1.5707963268e+00 -9.2351694853e-01
7.4175179044e-05 1.6452424128e+04 1.5707963268e+00 -9.2604738271e-01
7.4384491845e-05 1.6458661840e+04 1.5707963268e+00 -9.2857590360e-01
7.4593711816e-05 1.6464919682e+04 1.5707963268e+00 -9.3110250719e-01
7.4802838811e-05 1.6471197661e+04 1.5707963268e+00 -9.3362718946e-01
7.5011872684e-05 1.6477495787e+04 1.5707963268e+00 -9.3614994644e-01
7.5220813292e-05 1.6483814070e+04 1.5707963268e+00 -9.3867077416e-01
7.5429660489e-05 1.6490152518e+04 1.5707963268e+00 -9.4118966866e-01
7.5638414135e-05 1.6496511141e+04 1.5707963268e+00 -9.4370662600e-01
7.5847074086e-05 1.6502889948e+04 1.5707963268e+00 -9.4622164225e-01
7.6055640203e-05 1.6509288948e+04 1.5707963268e+00 -9.4873471352e-01
7.6264112345e-05 1.6515708150e+04 1.5707963268e+00 -9.5124583589e-01
7.6472490374e-05 1.6522147563e+04 1.5707963268e+00 -9.5375500550e-01
7.6680774151e-05 1.6528607196e+04 1.5707963268e+00 -9.5626221847e-01
7.6888963541e-05 1.6535087059e+04 1.5707963268e+00 -9.5876747097e-01
7.7097058407e-05 1.6541587159e+04 1.5707963268e+00 -9.6127075915e-01
7.7305058614e-05 1.6548107507e+04 1.5707963268e+00 -9.6377207919e-01
7.7512964029e-05 1.6554648110e+04 1.5707963268e+00 -9.6627142731e-01
7.7720774517e-05 1.6561208978e+04 1.5707963268e+00 -9.6876879969e-01
7.7928489948e-05 1.6567790119e+04 1.5707963268e+00 -9.7126419258e-01
7.8136110190e-05 1.6574391542e+04 1.5707963268e+00 -9.7375760222e-01
7.8343635112e-05 1.6581013257e+04 1.5707963268e+00 -9.7624902487e-01
7.8551064587e-05 1.6587655270e+04 1.5707963268e+00 -9.7873845679e-01
7.8758398485e-05 1.6594317592e+04 1.5707963268e+00 -9.8122589428e-01
7.8965636679e-05 1.6601000231e+04 1.5707963268e+00 -9.8371133365e-01
7.9172779044e-05 1.6607703194e+04 1.5707963268e+00 -9.8619477121e-01
7.9379825453e-05 1.6614426492e+04 1.5707963268e+00 -9.8867620331e-01
7.9586775782e-05 1.6621170132e+04 1.5707963268e+00 -9.9115562628e-01
7.9793629908e-05 1.6627934122e+04 1.5707963268e+00 -9.9363303651e-01
8.0000387709e-05 1.6634718471e+04 1.5707963268e+00 -9.9610843037e-01
8.0207049062e-05 1.6641523188e+04 1.5707963268e+00 -9.9858180427e-01
8.0413613848e-05 1.6648348280e+04 1.5707963268e+00 -1.0010531546e+00
8.0620081947e-05 1.6655193757e+04 1.5707963268e+00 -1.0035224778e+00
8.0826453240e-05 1.6662059625e+04 1.5707963268e+00 -1.0059897704e+00
8.1032727610e-05 1.6668945893e+04 1.5707963268e+00 -1.0084550287e+00
8.1238904939e-05 1.6675852570e+04 1.5707963268e+00 -1.0109182493e+00
8.1444985113e-05 1.6682779663e+04 1.5707963268e+00 -1.0133794287e+00
8.1650968016e-05 1.6689727181e+04 1.5707963268e+00 -1.0158385633e+00
8.1856853534e-05 1.6696695131e+04 1.5707963268e+00 -1.0182956497e+00
8.2062641555e-05 1.6703683521e+04 1.5707963268e+00 -1.0207506845e+00
8.2268331966e-05 1.6710692360e+04 1.5707963268e+00 -1.0232036641e+00
8.2473924657e-05 1.6717721654e+04 1.5707963268e+00 -1.0256545853e+00
8.2679419517e-05 1.6724771413e+04 1.5707963268e+00 -1.0281034444e+00
8.2884816438e-05 1.6731841643e+04 1.5707963268e+00 -1.0305502383e+00
8.3090115312e-05 1.6738932353e+04 1.5707963268e+00 -1.0329949634e+00
8.3295316030e-05 1.6746043549e+04 1.5707963268e+00 -1.0354376164e+00
8.3500418488e-05 1.6753175240e+04 1.5707963268e+00 -1.0378781941e+00
8.3705422579e-05 1.6760327433e+04 1.5707963268e+00 -1.0403166929e+00
8.3910328200e-05 1.6767500136e+04 1.5707963268e+00 -1.0427531097e+00
8.4115135246e-05 1.6774693356e+04 1.5707963268e+00 -1.0451874412e+00
8.4319843616e-05 1.6781907100e+04 1.5707963268e+00 -1.0476196840e+00
8.4524453208e-05 1.6789141376e+04 1.5707963268e+00 -1.0500498348e+00
8.4728963922e-05 1.6796396192e+04 1.5707963268e+00 -1.0524778906e+00
8.4933375657e-05 1.6803671554e+04 1.5707963268e+00 -1.0549038479e+00
8.5137688316e-05 1.6810967469e+04 1.5707963268e+00 -1.0573277036e+00
8.5341901799e-05 1.6818283946e+04 1.5707963268e+00 -1.0597494545e+00
8.5546016012e-05 1.6825620990e+04 1.5707963268e+00 -1.0621690975e+00
8.5750030858e-05 1.6832978609e+04 1.5707963268e+00 -1.0645866292e+00
8.5953946241e-05 1.6840356810e+04 1.5707963268e+00 -1.0670020467e+00
8.6157762069e-05 1.6847755600e+04 1.5707963268e+00 -1.0694153467e+00
8.6361478247e-05 1.6855174986e+04 1.5707963268e+00 -1.0718265262e+00
8.6565094684e-05 1.6862614975e+04 1.5707963268e+00 -1.0742355820e+00
8.6768611289e-05 1.6870075573e+04 1.5707963268e+00 -1.0766425110e+00
8.6972027972e-05 1.6877556787e+04 1.5707963268e+00 -1.0790473102e+00
8.7175344643e-05 1.6885058624e+04 1.5707963268e+00 -1.0814499766e+00
8.7378561213e-05 1.6892581091e+04 1.5707963268e+00 -1.0838505071e+00
8.7581677597e-05 1.6900124194e+04 1.5707963268e+00 -1.0862488986e+00
8.7784693706e-05 1.6907687939e+04 1.5707963268e+00 -1.0886451482e+00
8.7987609455e-05 1.6915272334e+04 1.5707963268e+00 -1.0910392529e+00
8.8190424760e-05 1.6922877384e+04 1.5707963268e+00 -1.0934312097e+00
8.8393139538e-05 1.6930503096e+04 1.5707963268e+00 -1.0958210157e+00
8.8595753704e-05 1.6938149476e+04 1.5707963268e+00 -1.0982086680e+00
8.8798267179e-05 1.6945816530e+04 1.5707963268e+00 -1.1005941635e+00
8.9000679879e-05 1.6953504266e+04 1.5707963268e+00 -1.1029774994e+00
8.9202991726e-05 1.6961212688e+04 1.5707963268e+00 -1.1053586729e+00
8.9405202641e-05 1.6968941802e+04 1.5707963268e+00 -1.1077376811e+00
8.9607312545e-05 1.6976691616e+04 1.5707963268e+00 -1.1101145210e+00
8.9809321361e-05 1.6984462134e+04 1.5707963268e+00 -1.1124891899e+00
9.0011229012e-05 1.6992253363e+04 1.5707963268e+00 -1.1148616849e+00
9.0213035424e-05 1.7000065309e+04 1.5707963268e+00 -1.1172320033e+00
9.0414740522e-05 1.7007897977e+04 1.5707963268e+00 -1.1196001423e+00
9.0616344232e-05 1.7015751373e+04 1.5707963268e+00 -1.1219660990e+00
9.0817846481e-05 1.7023625503e+04 1.5707963268e+00 -1.1243298708e+00
9.1019247198e-05 1.7031520372e+04 1.5707963268e+00 -1.1266914549e+00
9.1220546312e-05 1.7039435986e+04 1.5707963268e+00 -1.1290508486e+00
9.1421743753e-05 1.7047372351e+04 1.5707963268e+00 -1.1314080491e+00
9.1622839452e-05 1.7055329471e+04 1.5707963268e+00 -1.1337630539e+00
9.1823833341e-05 1.7063307353e+04 1.5707963268e+00 -1.1361158602e+00
9.2024725352e-05 1.7071306001e+04 1.5707963268e+00 -1.1384664653e+00
9.2225515420e-05 1.7079325421e+04 1.5707963268e+00 -1.1408148667e+00
9.2426203478e-05 1.7087365618e+04 1.5707963268e+00 -1.1431610618e+00
9.2626789463e-05 1.7095426597e+04 1.5707963268e+00 -1.1455050479e+00
9.2827273310e-05 1.7103508364e+04 1.5707963268e+00 -1.1478468224e+00
9.3027654958e-05 1.7111610922e+04 1.5707963268e+00 -1.1501863828e+00
9.3227934343e-05 1.7119734278e+04 1.5707963268e+00 -1.1525237265e+00
9.3428111406e-05 1.7127878436e+04 1.5707963268e+00 -1.1548588510e+00
9.3628186085e-05 1.7136043400e+04 1.5707963268e+00 -1.1571917538e+00
9.3828158323e-05 1.7144229176e+04 1.5707963268e+00 -1.1595224324e+00
9.4028028060e-05 1.7152435769e+04 1.5707963268e+00 -1.1618508843e+00
9.4227795240e-05 1.7160663182e+04 1.5707963268e+00 -1.1641771070e+00
9.4427459805e-05 1.7168911421e+04 1.5707963268e+00 -1.1665010981e+00
9.4627021700e-05 1.7177180490e+04 1.5707963268e+00 -1.1688228552e+00
9.4826480871e-05 1.7185470394e+04 1.5707963268e+00 -1.1711423758e+00
9.5025837264e-05 1.7193781136e+04 1.5707963268e+00 -1.1734596575e+00
9.5225090825e-05 1.7202112721e+04 1.5707963268e+00 -1.1757746980e+00
9.5424241503e-05 1.7210465154e+04 1.5707963268e+00 -1.1780874950e+00
9.5623289246e-05 1.7218838439e+04 1.5707963268e+00 -1.1803980459e+00
9.5822234004e-05 1.7227232579e+04 1.5707963268e+00 -1.1827063486e+00
9.6021075727e-05 1.7235647579e+04 1.5707963268e+00 -1.1850124008e+00
9.6219814367e-05 1.7244083442e+04 1.5707963268e+00 -1.1873162000e+00
9.6418449877e-05 1.7252540174e+04 1.5707963268e+00 -1.1896177441e+00
9.6616982208e-05 1.7261017777e+04 1.5707963268e+00 -1.1919170308e+00
9.6815411316e-05 1.7269516255e+04 1.5707963268e+00 -1.1942140578e+00
9.7013737155e-05 1.7278035613e+04 1.5707963268e+00 -1.1965088229e+00
9.7211959681e-05 1.7286575853e+04 1.5707963268e+00 -1.1988013239e+00
9.7410078850e-05 1.7295136980e+04 1.5707963268e+00 -1.2010915587e+00
9.7608094620e-05 1.7303718996e+04 1.5707963268e+00 -1.2033795249e+00
9.7806006949e-05 1.7312321906e+04 1.5707963268e+00 -1.2056652206e+00
9.8003815796e-05 1.7320945712e+04 1.5707963268e+00 -1.2079486435e+00
9.8201521122e-05 1.7329590419e+04 1.5707963268e+00 -1.2102297915e+00
9.8399122886e-05 1.7338256029e+04 1.5707963268e+00 -1.2125086625e+00
9.8596621052e-05 1.7346942545e+04 1.5707963268e+00 -1.2147852544e+00
9.8794015580e-05 1.7355649971e+04 1.5707963268e+00 -1.2170595652e+00
9.8991306436e-05 1.7364378310e+04 1.5707963268e+00 -1.2193315927e+00
9.9188493582e-05 1.7373127565e+04 1.5707963268e+00 -1.2216013350e+00
9.9385576985e-05 1.7381897738e+04 1.5707963268e+00 -1.2238687900e+00
9.9582556609e-05 1.7390688832e+04 1.5707963268e+00 -1.2261339558e+00
9.9779432422e-05 1.7399500851e+04 1.5707963268e+00 -1.2283968302e+00
9.9976204391e-05 1.7408333797e+04 1.5707963268e+00 -1.2306574115e+00
1.0017287248e-04 1.7417187672e+04 1.5707963268e+00 -1.2329156975e+00
1.0036943667e-04 1.7426062480e+04 1.5707963268e+00 -1.2351716864e+00
1.0056589692e-04 1.7434958222e+04 1.5707963268e+00 -1.2374253763e+00
1.0076225321e-04 1.7443874902e+04 1.5707963268e+00 -1.2396767652e+00
1.0095850550e-04 1.7452812521e+04 1.5707963268e+00 -1.2419258513e+00
1.0115465378e-04 1.7461771082e+04 1.5707963268e+00 -1.2441726327e+00
1.0135069800e-04 1.7470750586e+04 1.5707963268e+00 -1.2464171075e+00
1.0154663815e-04 1.7479751037e+04 1.5707963268e+00 -1.2486592740e+00
1.0174247420e-04 1.7488772437e+04 1.5707963268e+00 -1.2508991302e+00
1.0193820613e-04 1.7497814786e+04 1.5707963268e+00 -1.2531366744e+00
1.0213383392e-04 1.7506878088e+04 1.5707963268e+00 -1.2553719049e+00
1.0232935753e-04 1.7515962344e+04 1.5707963268e+00 -1.2576048197e+00
1.0252477696e-04 1.7525067556e+04 1.5707963268e+00 -1.2598354173e+00
1.0272009217e-04 1.7534193725e+04 1.5707963268e+00 -1.2620636959e+00
1.0291530315e-04 1.7543340854e+04 1.5707963268e+00 -1.2642896537e+00
1.0311040988e-04 1.7552508944e+04 1.5707963268e+00 -1.2665132890e+00
1.0330541235e-04 1.7561697996e+04 1.5707963268e+00 -1.2687346003e+00
1.0350031052e-04 1.7570908012e+04 1.5707963268e+00 -1.2709535857e+00
1.0369510439e-04 1.7580138994e+04 1.5707963268e+00 -1.2731702437e+00
1.0388979394e-04 1.7589390942e+04 1.5707963268e+00 -1.2753845726e+00
1.0408437916e-04 1.7598663858e+04 1.5707963268e+00 -1.2775965708e+00
1.0427886002e-04 1.7607957742e+04 1.5707963268e+00 -1.2798062368e+00
1.0447323652e-04 1.7617272597e+04 1.5707963268e+00 -1.2820135689e+00
1.0466750865e-04 1.7626608423e+04 1.5707963268e+00 -1.2842185656e+00
1.0486167638e-04 1.7635965221e+04 1.5707963268e+00 -1.2864212253e+00
1.0505573971e-04 1.7645342992e+04 1.5707963268e+00 -1.2886215466e+00
1.0524969864e-04 1.7654741736e+04 1.5707963268e+00 -1.2908195278e+00
1.0544355314e-04 1.7664161455e+04 1.5707963268e+00 -1.2930151675e+00
1.0563730320e-04 1.7673602149e+04 1.5707963268e+00 -1.2952084643e+00
1.0583094884e-04 1.7683063819e+04 1.5707963268e+00 -1.2973994166e+00
1.0602449002e-04 1.7692546465e+04 1.5707963268e+00 -1.2995880230e+00
1.0621792675e-04 1.7702050087e+04 1.5707963268e+00 -1.3017742822e+00
1.0641125902e-04 1.7711574686e+04 1.5707963268e+00 -1.3039581926e+00
1.0660448683e-04 1.7721120263e+04 1.5707963268e+00 -1.3061397529e+00
1.0679761016e-04 1.7730686817e+04 1.5707963268e+00 -1.3083189617e+00
1.0699062902e-04 1.7740274349e+04 1.5707963268e+00 -1.3104958177e+00
1.0718354341e-04 1.7749882858e+04 1.5707963268e+00 -1.3126703195e+00
1.0737635332e-04 1.7759512345e+04 1.5707963268e+00 -1.3148424658e+00
1.0756905875e-04 1.7769162809e+04 1.5707963268e+00 -1.3170122552e+00
1.0776165969e-04 1.7778834251e+04 1.5707963268e+00 -1.3191796866e+00
1.0795415616e-04 1.7788526671e+04 1.5707963268e+00 -1.3213447585e+00
1.0814654814e-04 1.7798240067e+04 1.5707963268e+00 -1.3235074698e+00
1.0833883565e-04 1.7807974439e+04 1.5707963268e+00 -1.3256678193e+00
1.0853101868e-04 1.7817729788e+04 1.5707963268e+00 -1.3278258056e+00
1.0872309723e-04 1.7827506112e+04 1.5707963268e+00 -1.3299814275e+00
1.0891507131e-04 1.7837303411e+04 1.5707963268e+00 -1.3321346840e+00
1.0910694093e-04 1.7847121685e+04 1.5707963268e+00 -1.3342855738e+00
1.0929870609e-04 1.7856960932e+04 1.5707963268e+00 -1.3364340957e+00
1.0949036679e-04 1.7866821151e+04 1.5707963268e+00 -1.3385802486e+00
1.0968192304e-04 1.7876702343e+04 1.5707963268e+00 -1.3407240315e+00
1.0987337485e-04 1.7886604505e+04 1.5707963268e+00 -1.3428654430e+00
1.1006472223e-04 1.7896527637e+04 1.5707963268e+00 -1.3450044823e+00
1.1025596518e-04 1.7906471738e+04 1.5707963268e+00 -1.3471411482e+00
1.1044710371e-04 1.7916436806e+04 1.5707963268e+00 -1.3492754396e+00
1.1063813784e-04 1.7926422841e+04 1.5707963268e+00 -1.3514073556e+00
1.1082906758e-04 1.7936429840e+04 1.5707963268e+00 -1.3535368950e+00
1.1101989293e-04 1.7946457803e+04 1.5707963268e+00 -1.3556640569e+00
1.1121061391e-04 1.7956506727e+04 1.5707963268e+00 -1.3577888402e+00
1.1140123053e-04 1.7966576612e+04 1.5707963268e+00 -1.3599112441e+00
1.1159174280e-04 1.7976667456e+04 1.5707963268e+00 -1.3620312675e+00
1.1178215075e-04 1.7986779256e+04 1.5707963268e+00 -1.3641489095e+00
1.1197245438e-04 1.7996912012e+04 1.5707963268e+00 -1.3662641692e+00
1.1216265371e-04 1.8007065721e+04 1.5707963268e+00 -1.3683770456e+00
1.1235274876e-04 1.8017240382e+04 1.5707963268e+00 -1.3704875379e+00
1.1254273954e-04 1.8027435992e+04 1.5707963268e+00 -1.3725956452e+00
1.1273262607e-04 1.8037652549e+04 1.5707963268e+00 -1.3747013666e+00
1.1292240837e-04 1.8047890051e+04 1.5707963268e+00 -1.3768047013e+00
1.1311208645e-04 1.8058148496e+04 1.5707963268e+00 -1.3789056484e+00
1.1330166035e-04 1.8068427882e+04 1.5707963268e+00 -1.3810042072e+00
1.1349113007e-04 1.8078728206e+04 1.5707963268e+00 -1.3831003768e+00
1.1368049565e-04 1.8089049465e+04 1.5707963268e+00 -1.3851941565e+00
1.1386975709e-04 1.8099391657e+04 1.5707963268e+00 -1.3872855455e+00
1.1405891443e-04 1.8109754780e+04 1.5707963268e+00 -1.3893745430e+00
1.1424796769e-04 1.8120138831e+04 1.5707963268e+00 -1.3914611483e+00
1.1443691688e-04 1.8130543807e+04 1.5707963268e+00 -1.3935453608e+00
1.1462576204e-04 1.8140969704e+04 1.5707963268e+00 -1.3956271796e+00
1.1481450319e-04 1.8151416521e+04 1.5707963268e+00 -1.3977066042e+00
1.1500314035e-04 1.8161884254e+04 1.5707963268e+00 -1.3997836338e+00
1.1519167356e-04 1.8172372901e+04 1.5707963268e+00 -1.4018582678e+00
1.1538010283e-04 1.8182882457e+04 1.5707963268e+00 -1.4039305055e+00
1.1556842820e-04 1.8193412920e+04 1.5707963268e+00 -1.4060003465e+00
1.1575664970e-04 1.8203964287e+04 1.5707963268e+00 -1.4080677899e+00
1.1594476735e-04 1.8214536553e+04 1.5707963268e+00 -1.4101328353e+00
1.1613278118e-04 1.8225129716e+04 1.5707963268e+00 -1.4121954821e+00
1.1632069122e-04 1.8235743772e+04 1.5707963268e+00 -1.4142557297e+00
1.1650849750e-04 1.8246378718e+04 1.5707963268e+00 -1.4163135775e+00
1.1669620006e-04 1.8257034550e+04 1.5707963268e+00 -1.4183690252e+00
1.1688379893e-04 1.8267711263e+04 1.5707963268e+00 -1.4204220721e+00
1.1707129414e-04 1.8278408855e+04 1.5707963268e+00 -1.4224727177e+00
1.1725868572e-04 1.8289127321e+04 1.5707963268e+00 -1.4245209616e+00
1.1744597370e-04 1.8299866657e+04 1.5707963268e+00 -1.4265668034e+00
1.1763315813e-04 1.8310626860e+04 1.5707963268e+00 -1.4286102425e+00
1.1782023903e-04 1.8321407924e+04 1.5707963268e+00 -1.4306512785e+00
1.1800721644e-04 1.8332209847e+04 1.5707963268e+00 -1.4326899111e+00
1.1819409040e-04 1.8343032623e+04 1.5707963268e+00 -1.4347261398e+00
1.1838086095e-04 1.8353876249e+04 1.5707963268e+00 -1.4367599643e+00
1.1856752812e-04 1.8364740719e+04 1.5707963268e+00 -1.4387913841e+00
1.1875409194e-04 1.8375626030e+04 1.5707963268e+00 -1.4408203990e+00
1.1894055247e-04 1.8386532176e+04 1.5707963268e+00 -1.4428470085e+00
1.1912690974e-04 1.8397459154e+04 1.5707963268e+00 -1.4448712124e+00
1.1931316378e-04 1.8408406958e+04 1.5707963268e+00 -1.4468930104e+00
1.1949931464e-04 1.8419375584e+04 1.5707963268e+00 -1.4489124021e+00
1.1968536236e-04 1.8430365026e+04 1.5707963268e+00 -1.4509293874e+00
1.1987130698e-04 1.8441375280e+04 1.5707963268e+00 -1.4529439659e+00
1.2005714854e-04 1.8452406340e+04 1.5707963268e+00 -1.4549561373e+00
1.2024288709e-04 1.8463458202e+04 1.5707963268e+00 -1.4569659016e+00
1.2042852267e-04 1.8474530861e+04 1.5707963268e+00 -1.4589732584e+00
1.2061405532e-04 1.8485624311e+04 1.5707963268e+00 -1.4609782075e+00
1.2079948509e-04 1.8496738546e+04 1.5707963268e+00 -1.4629807488e+00
1.2098481202e-04 1.8507873562e+04 1.5707963268e+00 -1.4649808821e+00
1.2117003615e-04 1.8519029353e+04 1.5707963268e+00 -1.4669786072e+00
1.2135515755e-04 1.8530205914e+04 1.5707963268e+00 -1.4689739241e+00
1.2154017624e-04 1.8541403238e+04 1.5707963268e+00 -1.4709668325e+00
1.2172509228e-04 1.8552621320e+04 1.5707963268e+00 -1.4729573324e+00
1.2190990571e-04 1.8563860154e+04 1.5707963268e+00 -1.4749454237e+00
1.2209461659e-04 1.8575119735e+04 1.5707963268e+00 -1.4769311063e+00
1.2227922496e-04 1.8586400057e+04 1.5707963268e+00 -1.4789143801e+00
1.2246373088e-04 1.8597701113e+04 1.5707963268e+00 -1.4808952451e+00
1.2264813438e-04 1.8609022897e+04 1.5707963268e+00 -1.4828737013e+00
1.2283243553e-04 1.8620365404e+04 1.5707963268e+00 -1.4848497486e+00
1.2301663437e-04 1.8631728626e+04 1.5707963268e+00 -1.4868233870e+00
1.2320073096e-04 1.8643112559e+04 1.5707963268e+00 -1.4887946166e+00
1.2338472534e-04 1.8654517195e+04 1.5707963268e+00 -1.4907634374e+00
1.2356861758e-04 1.8665942528e+04 1.5707963268e+00 -1.4927298493e+00
1.2375240771e-04 1.8677388552e+04 1.5707963268e+00 -1.4946938525e+00
1.2393609581e-04 1.8688855259e+04 1.5707963268e+00 -1.4966554471e+00
1.2411968191e-04 1.8700342644e+04 1.5707963268e+00 -1.4986146331e+00
1.2430316608e-04 1.8711850699e+04 1.5707963268e+00 -1.5005714106e+00
1.2448654836e-04 1.8723379418e+04 1.5707963268e+00 -1.5025257797e+00
1.2466982883e-04 1.8734928794e+04 1.5707963268e+00 -1.5044777405e+00
1.2485300752e-04 1.8746498820e+04 1.5707963268e+00 -1.5064272933e+00
1.2503608451e-04 1.8758089489e+04 1.5707963268e+00 -1.5083744381e+00
1.2521905984e-04 1.8769700793e+04 1.5707963268e+00 -1.5103191751e+00
1.2540193357e-04 1.8781332726e+04 1.5707963268e+00 -1.5122615046e+00
1.2558470577e-04 1.8792985281e+04 1.5707963268e+00 -1.5142014266e+00
1.2576737649e-04 1.8804658449e+04 1.5707963268e+00 -1.5161389415e+00
1.2594994578e-04 1.8816352225e+04 1.5707963268e+00 -1.5180740494e+00
1.2613241372e-04 1.8828066599e+04 1.5707963268e+00 -1.5200067506e+00
1.2631478035e-04 1.8839801566e+04 1.5707963268e+00 -1.5219370453e+00
1.2649704575e-04 1.8851557116e+04 1.5707963268e+00 -1.5238649339e+00
1.2667920996e-04 1.8863333243e+04 1.5707963268e+00 -1.5257904165e+00
1.2686127306e-04 1.8875129939e+04 1.5707963268e+00 -1.5277134935e+00
1.2704323511e-04 1.8886947196e+04 1.5707963268e+00 -1.5296341653e+00
1.2722509616e-04 1.8898785005e+04 1.5707963268e+00 -1.5315524320e+00
1.2740685628e-04 1.8910643360e+04 1.5707963268e+00 -1.5334682942e+00
1.2758851553e-04 1.8922522252e+04 1.5707963268e+00 -1.5353817520e+00
1.2777007398e-04 1.8934421673e+04 1.5707963268e+00 -1.5372928060e+00
1.2795153170e-04 1.8946341615e+04 1.5707963268e+00 -1.5392014564e+00
1.2813288874e-04 1.8958282069e+04 1.5707963268e+00 -1.5411077037e+00
1.2831414517e-04 1.8970243028e+04 1.5707963268e+00 -1.5430115482e+00
1.2849530106e-04 1.8982224482e+04 1.5707963268e+00 -1.5449129904e+00
1.2867635647e-04 1.8994226425e+04 1.5707963268e+00 -1.5468120308e+00
1.2885731148e-04 1.9006248846e+04 1.5707963268e+00 -1.5487086697e+00
1.2903816614e-04 1.9018291737e+04 1.5707963268e+00 -1.5506029077e+00
1.2921892052e-04 1.9030355090e+04 1.5707963268e+00 -1.5524947452e+00
1.2939957470e-04 1.9042438896e+04 1.5707963268e+00 -1.5543841827e+00
1.2958012875e-04 1.9054543147e+04 1.5707963268e+00 -1.5562712207e+00
1.2976058272e-04 1.9066667833e+04 1.5707963268e+00 -1.5581558598e+00
1.2994093669e-04 1.9078812945e+04 1.5707963268e+00 -1.5600381004e+00
1.3012119073e-04 1.9090978475e+04 1.5707963268e+00 -1.5619179431e+00
1.3030134491e-04 1.9103164413e+04 1.5707963268e+00 -1.5637953884e+00
1.3048139929e-04 1.9115370750e+04 1.5707963268e+00 -1.5656704369e+00
1.3066135396e-04 1.9127597477e+04 1.5707963268e+00 -1.5675430893e+00
1.3084120898e-04 1.9139844585e+04 1.5707963268e+00 -1.5694133461e+00
1.3102096443e-04 1.9152112065e+04 1.5707963268e+00 -1.5712812078e+00
1.3120062037e-04 1.9164399906e+04 1.5707963268e+00 -1.5731466752e+00
1.3138017688e-04 1.9176708100e+04 1.5707963268e+00 -1.5750097489e+00
1.3155963403e-04 1.9189036637e+04 1.5707963268e+00 -1.5768704294e+00
1.3173899189e-04 1.9201385508e+04 1.5707963268e+00 -1.5787287176e+00
1.3191825055e-04 1.9213754702e+04 1.5707963268e+00 -1.5805846139e+00
1.3209741006e-04 1.9226144210e+04 1.5707963268e+00 -1.5824381192e+00
1.3227647052e-04 1.9238554022e+04 1.5707963268e+00 -1.5842892342e+00
1.3245543199e-04 1.9250984129e+04 1.5707963268e+00 -1.5861379594e+00
1.3263429454e-04 1.9263434520e+04 1.5707963268e+00 -1.5879842958e+00
1.3281305826e-04 1.9275905185e+04 1.5707963268e+00 -1.5898282439e+00
1.3299172322e-04 1.9288396114e+04 1.5707963268e+00 -1.5916698046e+00
1.3317028949e-04 1.9300907298e+04 1.5707963268e+00 -1.5935089786e+00
1.3334875716e-04 1.9313438725e+04 1.5707963268e+00 -1.5953457667e+00
1.3352712630e-04 1.9325990386e+04 1.5707963268e+00 -1.5971801696e+00
1.3370539698e-04 1.9338562270e+04 1.5707963268e+00 -1.5990121882e+00
1.3388356929e-04 1.9351154367e+04 1.5707963268e+00 -1.6008418233e+00
1.3406164331e-04 1.9363766666e+04 1.5707963268e+00 -1.6026690757e+00
1.3423961911e-04 1.9376399158e+04 1.5707963268e+00 -1.6044939463e+00
1.3441749677e-04 1.9389051830e+04 1.5707963268e+00 -1.6063164358e+00
1.3459527638e-04 1.9401724673e+04 1.5707963268e+00 -1.6081365452e+00
1.3477295801e-04 1.9414417676e+04 1.5707963268e+00 -1.6099542753e+00
1.3495054174e-04 1.9427130828e+04 1.5707963268e+00 -1.6117696270e+00
1.3512802765e-04 1.9439864118e+04 1.5707963268e+00 -1.6135826012e+00
1.3530541582e-04 1.9452617536e+04 1.5707963268e+00 -1.6153931988e+00
1.3548270634e-04 1.9465391069e+04 1.5707963268e+00 -1.6172014208e+00
1.3565989929e-04 1.9478184708e+04 1.5707963268e+00 -1.6190072681e+00
1.3583699475e-04 1.9490998441e+04 1.5707963268e+00 -1.6208107415e+00
1.3601399279e-04 1.9503832257e+04 1.5707963268e+00 -1.6226118421e+00
1.3619089351e-04 1.9516686144e+04 1.5707963268e+00 -1.6244105709e+00
1.3636769699e-04 1.9529560092e+04 1.5707963268e+00 -1.6262069287e+00
1.3654440330e-04 1.9542454089e+04 1.5707963268e+00 -1.6280009167e+00
1.3672101254e-04 1.9555368124e+04 1.5707963268e+00 -1.6297925358e+00
1.3689752479e-04 1.9568302184e+04 1.5707963268e+00 -1.6315817870e+00
1.3707394013e-04 1.9581256260e+04 1.5707963268e+00 -1.6333686714e+00
1.3725025865e-04 1.9594230338e+04 1.5707963268e+00 -1.6351531899e+00
1.3742648042e-04 1.9607224407e+04 1.5707963268e+00 -1.6369353437e+00
1.3760260555e-04 1.9620238456e+04 1.5707963268e+00 -1.6387151338e+00
1.3777863410e-04 1.9633272472e+04 1.5707963268e+00 -1.6404925613e+00
1.3795456618e-04 1.9646326445e+04 1.5707963268e+00 -1.6422676272e+00
1.3813040185e-04 1.9659400361e+04 1.5707963268e+00 -1.6440403327e+00
1.3830614122e-04 1.9672494209e+04 1.5707963268e+00 -1.6458106789e+00
1.3848178437e-04 1.9685607978e+04 1.5707963268e+00 -1.6475786668e+00
1.3865733138e-04 1.9698741654e+04 1.5707963268e+00 -1.6493442976e+00
1.3883278235e-04 1.9711895225e+04 1.5707963268e+00 -1.6511075725e+00
1.3900813735e-04 1.9725068680e+04 1.5707963268e+00 -1.6528684925e+00
1.3918339649e-04 1.9738262006e+04 1.5707963268e+00 -1.6546270589e+00
1.3935855984e-04 1.9751475191e+04 1.5707963268e+00 -1.6563832729e+00
1.3953362749e-04 1.9764708222e+04 1.5707963268e+00 -1.6581371355e+00
1.3970859954e-04 1.9777961088e+04 1.5707963268e+00 -1.6598886481e+00
1.3988347607e-04 1.9791233774e+04 1.5707963268e+00 -1.6616378117e+00
1.4005825718e-04 1.9804526270e+04 1.5707963268e+00 -1.6633846277e+00
1.4023294295e-04 1.9817838561e+04 1.5707963268e+00 -1.6651290973e+00
1.4040753347e-04 1.9831170637e+04 1.5707963268e+00 -1.6668712216e+00
1.4058202883e-04 1.9844522482e+04 1.5707963268e+00 -1.6686110020e+00
1.4075642913e-04 1.9857894086e+04 1.5707963268e+00 -1.6703484396e+00
1.4093073445e-04 1.9871285435e+04 1.5707963268e+00 -1.6720835359e+00
1.4110494489e-04 1.9884696516e+04 1.5707963268e+00 -1.6738162919e+00
1.4127906054e-04 1.9898127316e+04 1.5707963268e+00 -1.6755467092e+00
1.4145308148e-04 1.9911577823e+04 1.5707963268e+00 -1.6772747888e+00
1.4162700782e-04 1.9925048022e+04 1.5707963268e+00 -1.6790005322e+00
1.4180083964e-04 1.9938537901e+04 1.5707963268e+00 -1.6807239406e+00
1.4197457703e-04 1.9952047447e+04 1.5707963268e+00 -1.6824450155e+00
1.4214822010e-04 1.9965576646e+04 1.5707963268e+00 -1.6841637581e+00
1.4232176892e-04 1.9979125486e+04 1.5707963268e+00 -1.6858801698e+00
1.4249522360e-04 1.9992693952e+04 1.5707963268e+00 -1.6875942519e+00
1.4266858423e-04 2.0006282031e+04 1.5707963268e+00 -1.6893060059e+00
1.4284185090e-04 2.0019889711e+04 1.5707963268e+00 -1.6910154330e+00
1.4301502370e-04 2.0033516976e+04 1.5707963268e+00 -1.6927225348e+00
1.4318810274e-04 2.0047163814e+04 1.5707963268e+00 -1.6944273126e+00
1.4336108810e-04 2.0060830211e+04 1.5707963268e+00 -1.6961297677e+00
1.4353397988e-04 2.0074516154e+04 1.5707963268e+00 -1.6978299017e+00
1.4370677817e-04 2.0088221628e+04 1.5707963268e+00 -1.6995277160e+00
1.4387948308e-04 2.0101946620e+04 1.5707963268e+00 -1.7012232120e+00
1.4405209469e-04 2.0115691115e+04 1.5707963268e+00 -1.7029163911e+00
1.4422461310e-04 2.0129455101e+04 1.5707963268e+00 -1.7046072548e+00
1.4439703840e-04 2.0143238562e+04 1.5707963268e+00 -1.7062958046e+00
1.4456937070e-04 2.0157041486e+04 1.5707963268e+00 -1.7079820420e+00
1.4474161009e-04 2.0170863857e+04 1.5707963268e+00 -1.7096659684e+00
1.4491375667e-04 2.0184705663e+04 1.5707963268e+00 -1.7113475854e+00
1.4508581052e-04 2.0198566887e+04 1.5707963268e+00 -1.7130268944e+00
1.4525777176e-04 2.0212447518e+04 1.5707963268e+00 -1.7147038970e+00
1.4542964047e-04 2.0226347539e+04 1.5707963268e+00 -1.7163785947e+00
1.4560141676e-04 2.0240266937e+04 1.5707963268e+00 -1.7180509890e+00
1.4577310072e-04 2.0254205697e+04 1.5707963268e+00 -1.7197210816e+00
1.4594469245e-04 2.0268163805e+04 1.5707963268e+00 -1.7213888738e+00
1.4611619204e-04 2.0282141247e+04 1.5707963268e+00 -1.7230543673e+00
1.4628759961e-04 2.0296138008e+04 1.5707963268e+00 -1.7247175638e+00
1.4645891523e-04 2.0310154073e+04 1.5707963268e+00 -1.7263784646e+00
1.4663013902e-04 2.0324189427e+04 1.5707963268e+00 -1.7280370715e+00
1.4680127108e-04 2.0338244057e+04 1.5707963268e+00 -1.7296933860e+00
1.4697231149e-04 2.0352317946e+04 1.5707963268e+00 -1.7313474098e+00
1.4714326036e-04 2.0366411082e+04 1.5707963268e+00 -1.7329991444e+00
1.4731411780e-04 2.0380523447e+04 1.5707963268e+00 -1.7346485915e+00
1.4748488389e-04 2.0394655029e+04 1.5707963268e+00 -1.7362957528e+00
1.4765555874e-04 2.0408805811e+04 1.5707963268e+00 -1.7379406298e+00
1.4782614245e-04 2.0422975779e+04 1.5707963268e+00 -1.7395832242e+00
1.4799663513e-04 2.0437164918e+04 1.5707963268e+00 -1.7412235376e+00
1.4816703686e-04 2.0451373213e+04 1.5707963268e+00 -1.7428615719e+00
1.4833734775e-04 2.0465600648e+04 1.5707963268e+00 -1.7444973285e+00
1.4850756790e-04 2.0479847209e+04 1.5707963268e+00 -1.7461308092e+00
1.4867769742e-04 2.0494112880e+04 1.5707963268e+00 -1.7477620158e+00
1.4884773639e-04 2.0508397646e+04 1.5707963268e+00 -1.7493909498e+00
1.4901768493e-04 2.0522701491e+04 1.5707963268e+00 -1.7510176130e+00
1.4918754314e-04 2.0537024401e+04 1.5707963268e+00 -1.7526420072e+00
1.4935731112e-04 2.0551366359e+04 1.5707963268e+00 -1.7542641340e+00
1.4952698896e-04 2.0565727351e+04 1.5707963268e+00 -1.7558839952e+00
1.4969657678e-04 2.0580107361e+04 1.5707963268e+00 -1.7575015925e+00
1.4986607467e-04 2.0594506373e+04 1.5707963268e+00 -1.7591169277e+00
1.5003548273e-04 2.0608924372e+04 1.5707963268e+00 -1.7607300026e+00
1.5020480107e-04 2.0623361342e+04 1.5707963268e+00 -1.7623408188e+00
1.5037402979e-04 2.0637817267e+04 1.5707963268e+00 -1.7639493783e+00
1.5054316900e-04 2.0652292133e+04 1.5707963268e+00 -1.7655556827e+00
1.5071221879e-04 2.0666785922e+04 1.5707963268e+00 -1.7671597338e+00
1.5088117927e-04 2.0681298619e+04 1.5707963268e+00 -1.7687615335e+00
1.5105005054e-04 2.0695830209e+04 1.5707963268e+00 -1.7703610836e+00
1.5121883271e-04 2.0710380675e+04 1.5707963268e+00 -1.7719583858e+00
1.5138752587e-04 2.0724950002e+04 1.5707963268e+00 -1.7735534421e+00
1.5155613014e-04 2.0739538173e+04 1.5707963268e+00 -1.7751462541e+00
1.5172464562e-04 2.0754145172e+04 1.5707963268e+00 -1.7767368238e+00
1.5189307240e-04 2.0768770984e+04 1.5707963268e+00 -1.7783251530e+00
1.5206141060e-04 2.0783415593e+04 1.5707963268e+00 -1.7799112436e+00
1.5222966032e-04 2.0798078981e+04 1.5707963268e+00 -1.7814950974e+00
1.5239782165e-04 2.0812761133e+04 1.5707963268e+00 -1.7830767162e+00
1.5256589472e-04 2.0827462033e+04 1.5707963268e+00 -1.7846561020e+00
1.5273387962e-04 2.0842181665e+04 1.5707963268e+00 -1.7862332567e+00
1.5290177645e-04 2.0856920011e+04 1.5707963268e+00 -1.7878081820e+00
1.5306958532e-04 2.0871677057e+04 1.5707963268e+00 -1.7893808800e+00
1.5323730634e-04 2.0886452785e+04 1.5707963268e+00 -1.7909513524e+00
1.5340493961e-04 2.0901247178e+04 1.5707963268e+00 -1.7925196014e+00
1.5357248524e-04 2.0916060221e+04 1.5707963268e+00 -1.7940856286e+00
1.5373994332e-04 2.0930891897e+04 1.5707963268e+00 -1.7956494361e+00
1.5390731398e-04 2.0945742190e+04 1.5707963268e+00 -1.7972110258e+00
1.5407459730e-04 2.0960611082e+04 1.5707963268e+00 -1.7987703996e+00
1.5424179340e-04 2.0975498557e+04 1.5707963268e+00 -1.8003275596e+00
1.5440890239e-04 2.0990404599e+04 1.5707963268e+00 -1.8018825075e+00
1.5457592436e-04 2.1005329190e+04 1.5707963268e+00 -1.8034352454e+00
1.5474285943e-04 2.1020272314e+04 1.5707963268e+00 -1.8049857753e+00
1.5490970770e-04 2.1035233955e+04 1.5707963268e+00 -1.8065340990e+00
1.5507646928e-04 2.1050214095e+04 1.5707963268e+00 -1.8080802187e+00
1.5524314427e-04 2.1065212717e+04 1.5707963268e+00 -1.8096241363e+00
1.5540973278e-04 2.1080229806e+04 1.5707963268e+00 -1.8111658537e+00
1.5557623491e-04 2.1095265342e+04 1.5707963268e+00 -1.8127053729e+00
1.5574265078e-04 2.1110319311e+04 1.5707963268e+00 -1.8142426961e+00
1.5590898049e-04 2.1125391694e+04 1.5707963268e+00 -1.8157778251e+00
1.5607522414e-04 2.1140482474e+04 1.5707963268e+00 -1.8173107620e+00
1.5624138185e-04 2.1155591636e+04 1.5707963268e+00 -1.8188415088e+00
1.5640745371e-04 2.1170719160e+04 1.5707963268e+00 -1.8203700676e+00
1.5657343985e-04 2.1185865031e+04 1.5707963268e+00 -1.8218964403e+00
1.5673934035e-04 2.1201029231e+04 1.5707963268e+00 -1.8234206291e+00
1.5690515534e-04 2.1216211743e+04 1.5707963268e+00 -1.8249426359e+00
1.5707088491e-04 2.1231412549e+04 1.5707963268e+00 -1.8264624629e+00
1.5723652919e-04 2.1246631633e+04 1.5707963268e+00 -1.8279801120e+00
1.5740208826e-04 2.1261868976e+04 1.5707963268e+00 -1.8294955853e+00
1.5756756224e-04 2.1277124562e+04 1.5707963268e+00 -1.8310088850e+00
1.5773295124e-04 2.1292398374e+04 1.5707963268e+00 -1.8325200131e+00
1.5789825537e-04 2.1307690393e+04 1.5707963268e+00 -1.8340289716e+00
1.5806347473e-04 2.1323000602e+04 1.5707963268e+00 -1.8355357627e+00
1.5822860943e-04 2.1338328984e+04 1.5707963268e+00 -1.8370403884e+00
1.5839365958e-04 2.1353675522e+04 1.5707963268e+00 -1.8385428509e+00
1.5855862529e-04 2.1369040197e+04 1.5707963268e+00 -1.8400431522e+00
1.5872350666e-04 2.1384422992e+04 1.5707963268e+00 -1.8415412945e+00
1.5888830381e-04 2.1399823889e+04 1.5707963268e+00 -1.8430372799e+00
1.5905301683e-04 2.1415242872e+04 1.5707963268e+00 -1.8445311105e+00
1.5921764584e-04 2.1430679921e+04 1.5707963268e+00 -1.8460227884e+00
1.5938219096e-04 2.1446135020e+04 1.5707963268e+00 -1.8475123158e+00
1.5954665227e-04 2.1461608151e+04 1.5707963268e+00 -1.8489996948e+00
1.5971102990e-04 2.1477099295e+04 1.5707963268e+00 -1.8504849276e+00
1.5987532396e-04 2.1492608435e+04 1.5707963268e+00 -1.8519680162e+00
1.6003953454e-04 2.1508135554e+04 1.5707963268e+00 -1.8534489629e+00
1.6020366177e-04 2.1523680633e+04 1.5707963268e+00 -1.8549277698e+00
1.6036770574e-04 2.1539243654e+04 1.5707963268e+00 -1.8564044391e+00
1.6053166656e-04 2.1554824599e+04 1.5707963268e+00 -1.8578789729e+00
1.6069554436e-04 2.1570423452e+04 1.5707963268e+00 -1.8593513735e+00
1.6085933922e-04 2.1586040192e+04 1.5707963268e+00 -1.8608216429e+00
1.6102305127e-04 2.1601674803e+04 1.5707963268e+00 -1.8622897834e+00
1.6118668062e-04 2.1617327267e+04 1.5707963268e+00 -1.8637557972e+00
1.6135022736e-04 2.1632997565e+04 1.5707963268e+00 -1.8652196865e+00
1.6151369161e-04 2.1648685679e+04 1.5707963268e+00 -1.8666814534e+00
1.6167707348e-04 2.1664391591e+04 1.5707963268e+00 -1.8681411002e+00
1.6184037307e-04 2.1680115283e+04 1.5707963268e+00 -1.8695986291e+00
1.6200359050e-04 2.1695856736e+04 1.5707963268e+00 -1.8710540423e+00
1.6216672588e-04 2.1711615934e+04 1.5707963268e+00 -1.8725073420e+00
1.6232977931e-04 2.1727392856e+04 1.5707963268e+00 -1.8739585304e+00
1.6249275091e-04 2.1743187486e+04 1.5707963268e+00 -1.8754076098e+00
1.6265564077e-04 2.1758999804e+04 1.5707963268e+00 -1.8768545824e+00
1.6281844902e-04 2.1774829792e+04 1.5707963268e+00 -1.8782994504e+00
1.6298117576e-04 2.1790677433e+04 1.5707963268e+00 -1.8797422161e+00
1.6314382110e-04 2.1806542707e+04 1.5707963268e+00 -1.8811828817e+00
1.6330638515e-04 2.1822425596e+04 1.5707963268e+00 -1.8826214495e+00
1.6346886802e-04 2.1838326082e+04 1.5707963268e+00 -1.8840579217e+00
1.6363126981e-04 2.1854244146e+04 1.5707963268e+00 -1.8854923006e+00
1.6379359065e-04 2.1870179771e+04 1.5707963268e+00 -1.8869245885e+00
1.6395583063e-04 2.1886132936e+04 1.5707963268e+00 -1.8883547875e+00
1.6411798986e-04 2.1902103624e+04 1.5707963268e+00 -1.8897829001e+00
1.6428006846e-04 2.1918091817e+04 1.5707963268e+00 -1.8912089284e+00
1.6444206654e-04 2.1934097495e+04 1.5707963268e+00 -1.8926328747e+00
1.6460398420e-04 2.1950120641e+04 1.5707963268e+00 -1.8940547414e+00
1.6476582155e-04 2.1966161234e+04 1.5707963268e+00 -1.8954745307e+00
1.6492757871e-04 2.1982219258e+04 1.5707963268e+00 -1.8968922449e+00
1.6508925577e-04 2.1998294693e+04 1.5707963268e+00 -1.8983078863e+00
1.6525085286e-04 2.2014387520e+04 1.5707963268e+00 -1.8997214573e+00
1.6541237009e-04 2.2030497721e+04 1.5707963268e+00 -1.9011329600e+00
1.6557380755e-04 2.2046625276e+04 1.5707963268e+00 -1.9025423968e+00
1.6573516536e-04 2.2062770168e+04 1.5707963268e+00 -1.9039497701e+00
1.6589644363e-04 2.2078932378e+04 1.5707963268e+00 -1.9053550821e+00
1.6605764248e-04 2.2095111886e+04 1.5707963268e+00 -1.9067583352e+00
1.6621876200e-04 2.2111308674e+04 1.5707963268e+00 -1.9081595316e+00
1.6637980231e-04 2.2127522723e+04 1.5707963268e+00 -1.9095586738e+00
1.6654076351e-04 2.2143754013e+04 1.5707963268e+00 -1.9109557640e+00
1.6670164573e-04 2.2160002527e+04 1.5707963268e+00 -1.9123508046e+00
1.6686244906e-04 2.2176268246e+04 1.5707963268e+00 -1.9137437979e+00
1.6702317361e-04 2.2192551149e+04 1.5707963268e+00 -1.9151347462e+00
1.6718381951e-04 2.2208851220e+04 1.5707963268e+00 -1.9165236519e+00
1.6734438685e-04 2.2225168437e+04 1.5707963268e+00 -1.9179105174e+00
1.6750487574e-04 2.2241502783e+04 1.5707963268e+00 -1.9192953450e+00
1.6766528630e-04 2.2257854238e+04 1.5707963268e+00 -1.9206781370e+00
1.6782561863e-04 2.2274222784e+04 1.5707963268e+00 -1.9220588958e+00
1.6798587284e-04 2.2290608401e+04 1.5707963268e+00 -1.9234376238e+00
1.6814604905e-04 2.2307011071e+04 1.5707963268e+00 -1.9248143233e+00
1.6830614736e-04 2.2323430773e+04 1.5707963268e+00 -1.9261889967e+00
1.6846616788e-04 2.2339867490e+04 1.5707963268e+00 -1.9275616464e+00
1.6862611072e-04 2.2356321202e+04 1.5707963268e+00 -1.9289322747e+00
1.6878597599e-04 2.2372791889e+04 1.5707963268e+00 -1.9303008840e+00
1.6894576380e-04 2.2389279533e+04 1.5707963268e+00 -1.9316674768e+00
1.6910547426e-04 2.2405784115e+04 1.5707963268e+00 -1.9330320553e+00
1.6926510748e-04 2.2422305615e+04 1.5707963268e+00 -1.9343946219e+00
1.6942466356e-04 2.2438844014e+04 1.5707963268e+00 -1.9357551792e+00
1.6958414263e-04 2.2455399293e+04 1.5707963268e+00 -1.9371137293e+00
1.6974354477e-04 2.2471971433e+04 1.5707963268e+00 -1.9384702748e+00
1.6990287012e-04 2.2488560414e+04 1.5707963268e+00 -1.9398248180e+00
1.7006211877e-04 2.2505166217e+04 1.5707963268e+00 -1.9411773614e+00
1.7022129083e-04 2.2521788823e+04 1.5707963268e+00 -1.9425279073e+00
1.7038038641e-04 2.2538428213e+04 1.5707963268e+00 -1.9438764581e+00
1.7053940563e-04 2.2555084366e+04 1.5707963268e+00 -1.9452230163e+00
1.7069834859e-04 2.2571757265e+04 1.5707963268e+00 -1.9465675842e+00
1.7085721540e-04 2.2588446889e+04 1.5707963268e+00 -1.9479101643e+00
1.7101600617e-04 2.2605153219e+04 1.5707963268e+00 -1.9492507590e+00
1.7117472100e-04 2.2621876236e+04 1.5707963268e+00 -1.9505893707e+00
1.7133336002e-04 2.2638615921e+04 1.5707963268e+00 -1.9519260018e+00
1.7149192332e-04 2.2655372253e+04 1.5707963268e+00 -1.9532606548e+00
1.7165041101e-04 2.2672145214e+04 1.5707963268e+00 -1.9545933320e+00
1.7180882321e-04 2.2688934784e+04 1.5707963268e+00 -1.9559240359e+00
1.7196716002e-04 2.2705740944e+04 1.5707963268e+00 -1.9572527690e+00
1.7212542156e-04 2.2722563674e+04 1.5707963268e+00 -1.9585795336e+00
1.7228360792e-04 2.2739402954e+04 1.5707963268e+00 -1.9599043322e+00
1.7244171922e-04 2.2756258766e+04 1.5707963268e+00 -1.9612271672e+00
1.7259975558e-04 2.2773131090e+04 1.5707963268e+00 -1.9625480412e+00
1.7275771708e-04 2.2790019905e+04 1.5707963268e+00 -1.9638669564e+00
1.7291560386e-04 2.2806925194e+04 1.5707963268e+00 -1.9651839154e+00
1.7307341600e-04 2.2823846935e+04 1.5707963268e+00 -1.9664989205e+00
1.7323115363e-04 2.2840785111e+04 1.5707963268e+00 -1.9678119744e+00
1.7338881685e-04 2.2857739700e+04 1.5707963268e+00 -1.9691230793e+00
1.7354640577e-04 2.2874710684e+04 1.5707963268e+00 -1.9704322377e+00
1.7370392050e-04 2.2891698042e+04 1.5707963268e+00 -1.9717394522e+00
1.7386136114e-04 2.2908701756e+04 1.5707963268e+00 -1.9730447251e+00
1.7401872781e-04 2.2925721806e+04 1.5707963268e+00 -1.9743480590e+00
1.7417602060e-04 2.2942758171e+04 1.5707963268e+00 -1.9756494562e+00
1.7433323964e-04 2.2959810833e+04 1.5707963268e+00 -1.9769489192e+00
1.7449038503e-04 2.2976879772e+04 1.5707963268e+00 -1.9782464506e+00
1.7464745688e-04 2.2993964968e+04 1.5707963268e+00 -1.9795420527e+00
1.7480445529e-04 2.3011066402e+04 1.5707963268e+00 -1.9808357280e+00
1.7496138037e-04 2.3028184053e+04 1.5707963268e+00 -1.9821274791e+00
1.7511823223e-04 2.3045317903e+04 1.5707963268e+00 -1.9834173082e+00
1.7527501098e-04 2.3062467931e+04 1.5707963268e+00 -1.9847052181e+00
1.7543171673e-04 2.3079634117e+04 1.5707963268e+00 -1.9859912110e+00
1.7558834958e-04 2.3096816443e+04 1.5707963268e+00 -1.9872752895e+00
1.7574490965e-04 2.3114014888e+04 1.5707963268e+00 -1.9885574561e+00
1.7590139703e-04 2.3131229433e+04 1.5707963268e+00 -1.9898377132e+00
1.7605781184e-04 2.3148460058e+04 1.5707963268e+00 -1.9911160633e+00
1.7621415418e-04 2.3165706743e+04 1.5707963268e+00 -1.9923925090e+00
1.7637042417e-04 2.3182969468e+04 1.5707963268e+00 -1.9936670526e+00
1.7652662190e-04 2.3200248214e+04 1.5707963268e+00 -1.9949396966e+00
1.7668274750e-04 2.3217542961e+04 1.5707963268e+00 -1.9962104436e+00
1.7683880105e-04 2.3234853689e+04 1.5707963268e+00 -1.9974792960e+00
1.7699478268e-04 2.3252180379e+04 1.5707963268e+00 -1.9987462564e+00
1.7715069249e-04 2.3269523010e+04 1.5707963268e+00 -2.0000113272e+00
1.7730653058e-04 2.3286881563e+04 1.5707963268e+00 -2.0012745108e+00
1.7746229706e-04 2.3304256018e+04 1.5707963268e+00 -2.0025358098e+00
1.7761799204e-04 2.3321646355e+04 1.5707963268e+00 -2.0037952267e+00
1.7777361563e-04 2.3339052554e+04 1.5707963268e+00 -2.0050527640e+00
1.7792916793e-04 2.3356474596e+04 1.5707963268e+00 -2.0063084242e+00
1.7808464905e-04 2.3373912461e+04 1.5707963268e+00 -2.0075622097e+00
1.7824005910e-04 2.3391366129e+04 1.5707963268e+00 -2.0088141230e+00
1.7839539818e-04 2.3408835580e+04 1.5707963268e+00 -2.0100641668e+00
1.7855066640e-04 2.3426320795e+04 1.5707963268e+00 -2.0113123433e+00
1.7870586386e-04 2.3443821752e+04 1.5707963268e+00 -2.0125586552e+00
1.7886099068e-04 2.3461338434e+04 1.5707963268e+00 -2.0138031050e+00
1.7901604696e-04 2.3478870819e+04 1.5707963268e+00 -2.0150456951e+00
1.7917103280e-04 2.3496418888e+04 1.5707963268e+00 -2.0162864281e+00
1.7932594831e-04 2.3513982621e+04 1.5707963268e+00 -2.0175253064e+00
1.7948079359e-04 2.3531561998e+04 1.5707963268e+00 -2.0187623326e+00
1.7963556877e-04 2.3549157000e+04 1.5707963268e+00 -2.0199975092e+00
1.7979027392e-04 2.3566767606e+04 1.5707963268e+00 -2.0212308386e+00
1.7994490918e-04 2.3584393796e+04 1.5707963268e+00 -2.0224623234e+00
1.8009947463e-04 2.3602035552e+04 1.5707963268e+00 -2.0236919661e+00
1.8025397039e-04 2.3619692852e+04 1.5707963268e+00 -2.0249197692e+00
1.8040839656e-04 2.3637365677e+04 1.5707963268e+00 -2.0261457351e+00
1.8056275325e-04 2.3655054007e+04 1.5707963268e+00 -2.0273698665e+00
1.8071704056e-04 2.3672757822e+04 1.5707963268e+00 -2.0285921658e+00
1.8087125860e-04 2.3690477103e+04 1.5707963268e+00 -2.0298126355e+00
1.8102540748e-04 2.3708211829e+04 1.5707963268e+00 -2.0310312782e+00
1.8117948729e-04 2.3725961980e+04 1.5707963268e+00 -2.0322480962e+00
1.8133349814e-04 2.3743727537e+04 1.5707963268e+00 -2.0334630923e+00
1.8148744014e-04 2.3761508480e+04 1.5707963268e+00 -2.0346762688e+00
1.8164131340e-04 2.3779304788e+04 1.5707963268e+00 -2.0358876283e+00
1.8179511801e-04 2.3797116443e+04 1.5707963268e+00 -2.0370971733e+00
1.8194885409e-04 2.3814943423e+04 1.5707963268e+00 -2.0383049063e+00
1.8210252173e-04 2.3832785709e+04 1.5707963268e+00 -2.0395108298e+00
1.8225612105e-04 2.3850643282e+04 1.5707963268e+00 -2.0407149463e+00
1.8240965214e-04 2.3868516121e+04 1.5707963268e+00 -2.0419172584e+00
1.8256311512e-04 2.3886404206e+04 1.5707963268e+00 -2.0431177685e+00
1.8271651008e-04 2.3904307518e+04 1.5707963268e+00 -2.0443164792e+00
1.8286983713e-04 2.3922226036e+04 1.5707963268e+00 -2.0455133930e+00
1.8302309637e-04 2.3940159741e+04 1.5707963268e+00 -2.0467085124e+00
1.8317628791e-04 2.3958108612e+04 1.5707963268e+00 -2.0479018400e+00
1.8332941185e-04 2.3976072630e+04 1.5707963268e+00 -2.0490933781e+00
1.8348246830e-04 2.3994051776e+04 1.5707963268e+00 -2.0502831294e+00
1.8363545736e-04 2.4012046028e+04 1.5707963268e+00 -2.0514710964e+00
1.8378837913e-04 2.4030055367e+04 1.5707963268e+00 -2.0526572815e+00
1.8394123372e-04 2.4048079774e+04 1.5707963268e+00 -2.0538416873e+00
1.8409402123e-04 2.4066119228e+04 1.5707963268e+00 -2.0550243164e+00
1.8424674176e-04 2.4084173709e+04 1.5707963268e+00 -2.0562051711e+00
1.8439939541e-04 2.4102243197e+04 1.5707963268e+00 -2.0573842541e+00
1.8455198230e-04 2.4120327674e+04 1.5707963268e+00 -2.0585615679e+00
1.8470450252e-04 2.4138427118e+04 1.5707963268e+00 -2.0597371149e+00
1.8485695618e-04 2.4156541509e+04 1.5707963268e+00 -2.0609108977e+00
1.8500934337e-04 2.4174670829e+04 1.5707963268e+00 -2.0620829188e+00
1.8516166421e-04 2.4192815056e+04 1.5707963268e+00 -2.0632531807e+00
1.8531391879e-04 2.4210974172e+04 1.5707963268e+00 -2.0644216859e+00
1.8546610722e-04 2.4229148156e+04 1.5707963268e+00 -2.0655884370e+00
1.8561822960e-04 2.4247336988e+04 1.5707963268e+00 -2.0667534364e+00
1.8577028603e-04 2.4265540648e+04 1.5707963268e+00 -2.0679166867e+00
1.8592227662e-04 2.4283759117e+04 1.5707963268e+00 -2.0690781904e+00
1.8607420146e-04 2.4301992375e+04 1.5707963268e+00 -2.0702379500e+00
1.8622606066e-04 2.4320240401e+04 1.5707963268e+00 -2.0713959680e+00
1.8637785432e-04 2.4338503177e+04 1.5707963268e+00 -2.0725522469e+00
1.8652958255e-04 2.4356780681e+04 1.5707963268e+00 -2.0737067892e+00
1.8668124543e-04 2.4375072895e+04 1.5707963268e+00 -2.0748595975e+00
1.8683284309e-04 2.4393379798e+04 1.5707963268e+00 -2.0760106743e+00
1.8698437561e-04 2.4411701370e+04 1.5707963268e+00 -2.0771600220e+00
1.8713584310e-04 2.4430037592e+04 1.5707963268e+00 -2.0783076432e+00
1.8728724566e-04 2.4448388444e+04 1.5707963268e+00 -2.0794535404e+00
1.8743858340e-04 2.4466753905e+04 1.5707963268e+00 -2.0805977160e+00
1.8758985640e-04 2.4485133957e+04 1.5707963268e+00 -2.0817401727e+00
1.8774106479e-04 2.4503528579e+04 1.5707963268e+00 -2.0828809129e+00
1.8789220864e-04 2.4521937751e+04 1.5707963268e+00 -2.0840199391e+00
1.8804328807e-04 2.4540361454e+04 1.5707963268e+00 -2.0851572539e+00
1.8819430318e-04 2.4558799668e+04 1.5707963268e+00 -2.0862928596e+00
1.8834525407e-04 2.4577252373e+04 1.5707963268e+00 -2.0874267590e+00
1.8849614083e-04 2.4595719548e+04 1.5707963268e+00 -2.0885589543e+00
1.8864696357e-04 2.4614201175e+04 1.5707963268e+00 -2.0896894483e+00
1.8879772240e-04 2.4632697234e+04 1.5707963268e+00 -2.0908182432e+00
1.8894841740e-04 2.4651207704e+04 1.5707963268e+00 -2.0919453418e+00
1.8909904868e-04 2.4669732566e+04 1.5707963268e+00 -2.0930707464e+00
1.8924961633e-04 2.4688271800e+04 1.5707963268e+00 -2.0941944596e+00
1.8940012047e-04 2.4706825387e+04 1.5707963268e+00 -2.0953164838e+00
1.8955056119e-04 2.4725393306e+04 1.5707963268e+00 -2.0964368216e+00
1.8970093858e-04 2.4743975538e+04 1.5707963268e+00 -2.0975554755e+00
1.8985125275e-04 2.4762572063e+04 1.5707963268e+00 -2.0986724479e+00
1.9000150380e-04 2.4781182862e+04 1.5707963268e+00 -2.0997877414e+00
1.9015169183e-04 2.4799807914e+04 1.5707963268e+00 -2.1009013584e+00
1.9030181693e-04 2.4818447200e+04 1.5707963268e+00 -2.1020133015e+00
1.9045187920e-04 2.4837100700e+04 1.5707963268e+00 -2.1031235732e+00
1.9060187876e-04 2.4855768394e+04 1.5707963268e+00 -2.1042321759e+00
1.9075181568e-04 2.4874450263e+04 1.5707963268e+00 -2.1053391121e+00
1.9090169007e-04 2.4893146287e+04 1.5707963268e+00 -2.1064443844e+00
1.9105150204e-04 2.4911856446e+04 1.5707963268e+00 -2.1075479952e+00
1.9120125167e-04 2.4930580720e+04 1.5707963268e+00 -2.1086499470e+00
1.9135093908e-04 2.4949319091e+04 1.5707963268e+00 -2.1097502422e+00
1.9150056434e-04 2.4968071537e+04 1.5707963268e+00 -2.1108488835e+00
1.9165012757e-04 2.4986838041e+04 1.5707963268e+00 -2.1119458733e+00
1.9179962887e-04 2.5005618581e+04 1.5707963268e+00 -2.1130412140e+00
1.9194906832e-04 2.5024413138e+04 1.5707963268e+00 -2.1141349082e+00
1.9209844603e-04 2.5043221693e+04 1.5707963268e+00 -2.1152269583e+00
1.9224776210e-04 2.5062044225e+04 1.5707963268e+00 -2.1163173668e+00
1.9239701661e-04 2.5080880716e+04 1.5707963268e+00 -2.1174061362e+00
1.9254620968e-04 2.5099731146e+04 1.5707963268e+00 -2.1184932689e+00
1.9269534140e-04 2.5118595494e+04 1.5707963268e+00 -2.1195787676e+00
1.9284441186e-04 2.5137473742e+04 1.5707963268e+00 -2.1206626345e+00
1.9299342117e-04 2.5156365870e+04 1.5707963268e+00 -2.1217448723e+00
1.9314236941e-04 2.5175271858e+04 1.5707963268e+00 -2.1228254833e+00
1.9329125669e-04 2.5194191687e+04 1.5707963268e+00 -2.1239044701e+00
1.9344008310e-04 2.5213125337e+04 1.5707963268e+00 -2.1249818352e+00
1.9358884875e-04 2.5232072789e+04 1.5707963268e+00 -2.1260575809e+00
1.9373755372e-04 2.5251034022e+04 1.5707963268e+00 -2.1271317098e+00
1.9388619811e-04 2.5270009018e+04 1.5707963268e+00 -2.1282042244e+00
1.9403478202e-04 2.5288997757e+04 1.5707963268e+00 -2.1292751270e+00
1.9418330555e-04 2.5308000219e+04 1.5707963268e+00 -2.1303444203e+00
1.9433176878e-04 2.5327016385e+04 1.5707963268e+00 -2.1314121066e+00
1.9448017183e-04 2.5346046236e+04 1.5707963268e+00 -2.1324781883e+00
1.9462851478e-04 2.5365089752e+04 1.5707963268e+00 -2.1335426681e+00
1.9477679772e-04 2.5384146913e+04 1.5707963268e+00 -2.1346055483e+00
1.9492502076e-04 2.5403217700e+04 1.5707963268e+00 -2.1356668313e+00
1.9507318400e-04 2.5422302093e+04 1.5707963268e+00 -2.1367265197e+00
1.9522128751e-04 2.5441400074e+04 1.5707963268e+00 -2.1377846159e+00
1.9536933141e-04 2.5460511622e+04 1.5707963268e+00 -2.1388411224e+00
1.9551731578e-04 2.5479636719e+04 1.5707963268e+00 -2.1398960415e+00
1.9566524072e-04 2.5498775344e+04 1.5707963268e+00 -2.1409493758e+00
1.9581310633e-04 2.5517927479e+04 1.5707963268e+00 -2.1420011278e+00
1.9596091270e-04 2.5537093104e+04 1.5707963268e+00 -2.1430512998e+00
1.9610865992e-04 2.5556272199e+04 1.5707963268e+00 -2.1440998942e+00
1.9625634810e-04 2.5575464746e+04 1.5707963268e+00 -2.1451469137e+00
1.9640397731e-04 2.5594670725e+04 1.5707963268e+00 -2.1461923605e+00
1.9655154767e-04 2.5613890116e+04 1.5707963268e+00 -2.1472362372e+00
1.9669905925e-04 2.5633122901e+04 1.5707963268e+00 -2.1482785461e+00
1.9684651217e-04 2.5652369059e+04 1.5707963268e+00 -2.1493192898e+00
1.9699390650e-04 2.5671628572e+04 1.5707963268e+00 -2.1503584706e+00
1.9714124234e-04 2.5690901421e+04 1.5707963268e+00 -2.1513960910e+00
1.9728851980e-04 2.5710187585e+04 1.5707963268e+00 -2.1524321535e+00
1.9743573895e-04 2.5729487047e+04 1.5707963268e+00 -2.1534666604e+00
1.9758289990e-04 2.5748799786e+04 1.5707963268e+00 -2.1544996141e+00
1.9773000273e-04 2.5768125783e+04 1.5707963268e+00 -2.1555310172e+00
1.9787704755e-04 2.5787465019e+04 1.5707963268e+00 -2.1565608720e+00
1.9802403444e-04 2.5806817475e+04 1.5707963268e+00 -2.1575891810e+00
1.9817096350e-04 2.5826183131e+04 1.5707963268e+00 -2.1586159466e+00
1.9831783481e-04 2.5845561970e+04 1.5707963268e+00 -2.1596411712e+00
1.9846464848e-04 2.5864953970e+04 1.5707963268e+00 -2.1606648573e+00
1.9861140459e-04 2.5884359113e+04 1.5707963268e+00 -2.1616870072e+00
1.9875810324e-04 2.5903777380e+04 1.5707963268e+00 -2.1627076233e+00
1.9890474451e-04 2.5923208752e+04 1.5707963268e+00 -2.1637267081e+00
1.9905132851e-04 2.5942653210e+04 1.5707963268e+00 -2.1647442641e+00
1.9919785532e-04 2.5962110734e+04 1.5707963268e+00 -2.1657602935e+00
1.9934432504e-04 2.5981581306e+04 1.5707963268e+00 -2.1667747988e+00
1.9949073775e-04 2.6001064906e+04 1.5707963268e+00 -2.1677877825e+00
1.9963709355e-04 2.6020561515e+04 1.5707963268e+00 -2.1687992469e+00
1.9978339253e-04 2.6040071115e+04 1.5707963268e+00 -2.1698091944e+00
1.9992963479e-04 2.6059593685e+04 1.5707963268e+00 -2.1708176275e+00
2.0007582040e-04 2.6079129208e+04 1.5707963268e+00 -2.1718245485e+00
2.0022194947e-04 2.6098677664e+04 1.5707963268e+00 -2.1728299598e+00
2.0036802208e-04 2.6118239033e+04 1.5707963268e+00 -2.1738338638e+00
2.0051403833e-04 2.6137813298e+04 1.5707963268e+00 -2.1748362630e+00
2.0065999830e-04 2.6157400440e+04 1.5707963268e+00 -2.1758371596e+00
2.0080590209e-04 2.6177000438e+04 1.5707963268e+00 -2.1768365562e+00
2.0095174979e-04 2.6196613274e+04 1.5707963268e+00 -2.1778344550e+00
2.0109754149e-04 2.6216238930e+04 1.5707963268e+00 -2.1788308585e+00
2.0124327727e-04 2.6235877386e+04 1.5707963268e+00 -2.1798257691e+00
2.0138895723e-04 2.6255528624e+04 1.5707963268e+00 -2.1808191891e+00
2.0153458146e-04 2.6275192624e+04 1.5707963268e+00 -2.1818111209e+00
2.0168015005e-04 2.6294869368e+04 1.5707963268e+00 -2.1828015669e+00
2.0182566308e-04 2.6314558836e+04 1.5707963268e+00 -2.1837905295e+00
2.0197112065e-04 2.6334261011e+04 1.5707963268e+00 -2.1847780110e+00
2.0211652285e-04 2.6353975873e+04 1.5707963268e+00 -2.1857640138e+00
2.0226186976e-04 2.6373703403e+04 1.5707963268e+00 -2.1867485403e+00
2.0240716147e-04 2.6393443583e+04 1.5707963268e+00 -2.1877315928e+00
2.0255239809e-04 2.6413196393e+04 1.5707963268e+00 -2.1887131738e+00
2.0269757968e-04 2.6432961816e+04 1.5707963268e+00 -2.1896932855e+00
2.0284270634e-04 2.6452739831e+04 1.5707963268e+00 -2.1906719304e+00
2.0298777817e-04 2.6472530422e+04 1.5707963268e+00 -2.1916491107e+00
2.0313279524e-04 2.6492333568e+04 1.5707963268e+00 -2.1926248289e+00
2.0327775765e-04 2.6512149251e+04 1.5707963268e+00 -2.1935990873e+00
2.0342266549e-04 2.6531977452e+04 1.5707963268e+00 -2.1945718883e+00
2.0356751884e-04 2.6551818153e+04 1.5707963268e+00 -2.1955432341e+00
2.0371231779e-04 2.6571671335e+04 1.5707963268e+00 -2.1965131272e+00
2.0385706243e-04 2.6591536980e+04 1.5707963268e+00 -2.1974815699e+00
2.0400175285e-04 2.6611415069e+04 1.5707963268e+00 -2.1984485646e+00
2.0414638914e-04 2.6631305582e+04 1.5707963268e+00 -2.1994141135e+00
2.0429097137e-04 2.6651208502e+04 1.5707963268e+00 -2.2003782190e+00
2.0443549965e-04 2.6671123810e+04 1.5707963268e+00 -2.2013408835e+00
2.0457997405e-04 2.6691051488e+04 1.5707963268e+00 -2.2023021092e+00
2.0472439467e-04 2.6710991516e+04 1.5707963268e+00 -2.2032618986e+00
2.0486876159e-04 2.6730943877e+04 1.5707963268e+00 -2.2042202539e+00
2.0501307489e-04 2.6750908552e+04 1.5707963268e+00 -2.2051771775e+00
2.0515733467e-04 2.6770885522e+04 1.5707963268e+00 -2.2061326717e+00
2.0530154101e-04 2.6790874769e+04 1.5707963268e+00 -2.2070867388e+00
2.0544569400e-04 2.6810876274e+04 1.5707963268e+00 -2.2080393811e+00
2.0558979373e-04 2.6830890020e+04 1.5707963268e+00 -2.2089906010e+00
2.0573384027e-04 2.6850915986e+04 1.5707963268e+00 -2.2099404008e+00
2.0587783372e-04 2.6870954156e+04 1.5707963268e+00 -2.2108887827e+00
2.0602177416e-04 2.6891004511e+04 1.5707963268e+00 -2.2118357492e+00
2.0616566168e-04 2.6911067032e+04 1.5707963268e+00 -2.2127813024e+00
2.0630949637e-04 2.6931141701e+04 1.5707963268e+00 -2.2137254447e+00
2.0645327830e-04 2.6951228500e+04 1.5707963268e+00 -2.2146681785e+00
2.0659700757e-04 2.6971327410e+04 1.5707963268e+00 -2.2156095059e+00
2.0674068426e-04 2.6991438413e+04 1.5707963268e+00 -2.2165494294e+00
2.0688430845e-04 2.7011561491e+04 1.5707963268e+00 -2.2174879512e+00
2.0702788024e-04 2.7031696625e+04 1.5707963268e+00 -2.2184250735e+00
2.0717139969e-04 2.7051843798e+04 1.5707963268e+00 -2.2193607988e+00
2.0731486691e-04 2.7072002990e+04 1.5707963268e+00 -2.2202951292e+00
2.0745828198e-04 2.7092174184e+04 1.5707963268e+00 -2.2212280671e+00
2.0760164497e-04 2.7112357362e+04 1.5707963268e+00 -2.2221596148e+00
2.0774495597e-04 2.7132552505e+04 1.5707963268e+00 -2.2230897745e+00
2.0788821508e-04 2.7152759595e+04 1.5707963268e+00 -2.2240185484e+00
2.0803142236e-04 2.7172978615e+04 1.5707963268e+00 -2.2249459390e+00
2.0817457791e-04 2.7193209545e+04 1.5707963268e+00 -2.2258719484e+00
2.0831768181e-04 2.7213452368e+04 1.5707963268e+00 -2.2267965790e+00
2.0846073414e-04 2.7233707066e+04 1.5707963268e+00 -2.2277198329e+00
2.0860373499e-04 2.7253973620e+04 1.5707963268e+00 -2.2286417125e+00
2.0874668444e-04 2.7274252013e+04 1.5707963268e+00 -2.2295622200e+00
2.0888958257e-04 2.7294542226e+04 1.5707963268e+00 -2.2304813578e+00
2.0903242948e-04 2.7314844242e+04 1.5707963268e+00 -2.2313991279e+00
2.0917522523e-04 2.7335158042e+04 1.5707963268e+00 -2.2323155328e+00
2.0931796991e-04 2.7355483609e+04 1.5707963268e+00 -2.2332305746e+00
2.0946066361e-04 2.7375820925e+04 1.5707963268e+00 -2.2341442556e+00
2.0960330640e-04 2.7396169970e+04 1.5707963268e+00 -2.2350565781e+00
2.0974589838e-04 2.7416530729e+04 1.5707963268e+00 -2.2359675443e+00
2.0988843962e-04 2.7436903182e+04 1.5707963268e+00 -2.2368771565e+00
2.1003093021e-04 2.7457287313e+04 1.5707963268e+00 -2.2377854168e+00
2.1017337022e-04 2.7477683102e+04 1.5707963268e+00 -2.2386923275e+00
2.1031575974e-04 2.7498090532e+04 1.5707963268e+00 -2.2395978909e+00
2.1045809886e-04 2.7518509585e+04 1.5707963268e+00 -2.2405021092e+00
2.1060038765e-04 2.7538940244e+04 1.5707963268e+00 -2.2414049846e+00
2.1074262619e-04 2.7559382491e+04 1.5707963268e+00 -2.2423065194e+00
2.1088481457e-04 2.7579836307e+04 1.5707963268e+00 -2.2432067157e+00
2.1102695287e-04 2.7600301676e+04 1.5707963268e+00 -2.2441055759e+00
2.1116904116e-04 2.7620778579e+04 1.5707963268e+00 -2.2450031020e+00
2.1131107954e-04 2.7641266998e+04 1.5707963268e+00 -2.2458992964e+00
2.1145306808e-04 2.7661766917e+04 1.5707963268e+00 -2.2467941613e+00
2.1159500686e-04 2.7682278316e+04 1.5707963268e+00 -2.2476876988e+00
2.1173689596e-04 2.7702801180e+04 1.5707963268e+00 -2.2485799112e+00
2.1187873546e-04 2.7723335489e+04 1.5707963268e+00 -2.2494708006e+00
2.1202052545e-04 2.7743881226e+04 1.5707963268e+00 -2.2503603693e+00
2.1216226601e-04 2.7764438374e+04 1.5707963268e+00 -2.2512486196e+00
2.1230395720e-04 2.7785006916e+04 1.5707963268e+00 -2.2521355535e+00
2.1244559912e-04 2.7805586832e+04 1.5707963268e+00 -2.2530211732e+00
2.1258719185e-04 2.7826178107e+04 1.5707963268e+00 -2.2539054811e+00
2.1272873546e-04 2.7846780722e+04 1.5707963268e+00 -2.2547884792e+00
2.1287023003e-04 2.7867394660e+04 1.5707963268e+00 -2.2556701698e+00
2.1301167565e-04 2.7888019904e+04 1.5707963268e+00 -2.2565505550e+00
2.1315307239e-04 2.7908656435e+04 1.5707963268e+00 -2.2574296370e+00
2.1329442033e-04 2.7929304237e+04 1.5707963268e+00 -2.2583074180e+00
2.1343571955e-04 2.7949963292e+04 1.5707963268e+00 -2.2591839001e+00
2.1357697013e-04 2.7970633583e+04 1.5707963268e+00 -2.2600590857e+00
2.1371817216e-04 2.7991315091e+04 1.5707963268e+00 -2.2609329767e+00
2.1385932569e-04 2.8012007801e+04 1.5707963268e+00 -2.2618055755e+00
2.1400043083e-04 2.8032711694e+04 1.5707963268e+00 -2.2626768841e+00
2.1414148764e-04 2.8053426754e+04 1.5707963268e+00 -2.2635469047e+00
2.1428249620e-04 2.8074152962e+04 1.5707963268e+00 -2.2644156395e+00
2.1442345660e-04 2.8094890302e+04 1.5707963268e+00 -2.2652830906e+00
2.1456436890e-04 2.8115638756e+04 1.5707963268e+00 -2.2661492602e+00
2.1470523320e-04 2.8136398307e+04 1.5707963268e+00 -2.2670141505e+00
2.1484604955e-04 2.8157168938e+04 1.5707963268e+00 -2.2678777635e+00
2.1498681805e-04 2.8177950631e+04 1.5707963268e+00 -2.2687401015e+00
2.1512753878e-04 2.8198743370e+04 1.5707963268e+00 -2.2696011666e+00
2.1526821180e-04 2.8219547137e+04 1.5707963268e+00 -2.2704609609e+00
2.1540883719e-04 2.8240361915e+04 1.5707963268e+00 -2.2713194866e+00
2.1554941504e-04 2.8261187687e+04 1.5707963268e+00 -2.2721767457e+00
2.1568994542e-04 2.8282024436e+04 1.5707963268e+00 -2.2730327405e+00
2.1583042840e-04 2.8302872145e+04 1.5707963268e+00 -2.2738874731e+00
2.1597086407e-04 2.8323730796e+04 1.5707963268e+00 -2.2747409456e+00
2.1611125250e-04 2.8344600372e+04 1.5707963268e+00 -2.2755931600e+00
2.1625159377e-04 2.8365480858e+04 1.5707963268e+00 -2.2764441187e+00
2.1639188795e-04 2.8386372234e+04 1.5707963268e+00 -2.2772938235e+00
2.1653213512e-04 2.8407274485e+04 1.5707963268e+00 -2.2781422768e+00
2.1667233536e-04 2.8428187594e+04 1.5707963268e+00 -2.2789894805e+00
2.1681248873e-04 2.8449111544e+04 1.5707963268e+00 -2.2798354368e+00
2.1695259533e-04 2.8470046316e+04 1.5707963268e+00 -2.2806801479e+00
2.1709265522e-04 2.8490991896e+04 1.5707963268e+00 -2.2815236157e+00
2.1723266848e-04 2.8511948266e+04 1.5707963268e+00 -2.2823658424e+00
2.1737263518e-04 2.8532915408e+04 1.5707963268e+00 -2.2832068302e+00
2.1751255541e-04 2.8553893307e+04 1.5707963268e+00 -2.2840465811e+00
2.1765242923e-04 2.8574881945e+04 1.5707963268e+00 -2.2848850971e+00
2.1779225672e-04 2.8595881305e+04 1.5707963268e+00 -2.2857223805e+00
2.1793203795e-04 2.8616891371e+04 1.5707963268e+00 -2.2865584332e+00
2.1807177301e-04 2.8637912126e+04 1.5707963268e+00 -2.2873932574e+00
2.1821146196e-04 2.8658943553e+04 1.5707963268e+00 -2.2882268552e+00
2.1835110489e-04 2.8679985636e+04 1.5707963268e+00 -2.2890592286e+00
2.1849070186e-04 2.8701038357e+04 1.5707963268e+00 -2.2898903797e+00
2.1863025294e-04 2.8722101701e+04 1.5707963268e+00 -2.2907203105e+00
2.1876975822e-04 2.8743175649e+04 1.5707963268e+00 -2.2915490232e+00
2.1890921777e-04 2.8764260187e+04 1.5707963268e+00 -2.2923765199e+00
2.1904863166e-04 2.8785355296e+04 1.5707963268e+00 -2.2932028025e+00
2.1918799997e-04 2.8806460961e+04 1.5707963268e+00 -2.2940278731e+00
2.1932732276e-04 2.8827577165e+04 1.5707963268e+00 -2.2948517339e+00
2.1946660012e-04 2.8848703892e+04 1.5707963268e+00 -2.2956743868e+00
2.1960583212e-04 2.8869841124e+04 1.5707963268e+00 -2.2964958339e+00
2.1974501882e-04 2.8890988846e+04 1.5707963268e+00 -2.2973160773e+00
2.1988416031e-04 2.8912147040e+04 1.5707963268e+00 -2.2981351190e+00
2.2002325665e-04 2.8933315691e+04 1.5707963268e+00 -2.2989529610e+00
2.2016230793e-04 2.8954494781e+04 1.5707963268e+00 -2.2997696055e+00
2.2030131420e-04 2.8975684295e+04 1.5707963268e+00 -2.3005850544e+00
2.2044027555e-04 2.8996884216e+04 1.5707963268e+00 -2.3013993097e+00
2.2057919205e-04 2.9018094527e+04 1.5707963268e+00 -2.3022123736e+00
2.2071806377e-04 2.9039315213e+04 1.5707963268e+00 -2.3030242480e+00
2.2085689078e-04 2.9060546257e+04 1.5707963268e+00 -2.3038349350e+00
2.2099567315e-04 2.9081787642e+04 1.5707963268e+00 -2.3046444365e+00
2.2113441097e-04 2.9103039353e+04 1.5707963268e+00 -2.3054527547e+00
2.2127310429e-04 2.9124301372e+04 1.5707963268e+00 -2.3062598915e+00
2.2141175319e-04 2.9145573685e+04 1.5707963268e+00 -2.3070658490e+00
2.2155035774e-04 2.9166856273e+04 1.5707963268e+00 -2.3078706291e+00
2.2168891802e-04 2.9188149122e+04 1.5707963268e+00 -2.3086742339e+00
2.2182743410e-04 2.9209452215e+04 1.5707963268e+00 -2.3094766654e+00
2.2196590604e-04 2.9230765536e+04 1.5707963268e+00 -2.3102779255e+00
2.2210433392e-04 2.9252089068e+04 1.5707963268e+00 -2.3110780164e+00
2.2224271781e-04 2.9273422796e+04 1.5707963268e+00 -2.3118769399e+00
2.2238105778e-04 2.9294766704e+04 1.5707963268e+00 -2.3126746981e+00
2.2251935390e-04 2.9316120775e+04 1.5707963268e+00 -2.3134712930e+00
2.2265760625e-04 2.9337484993e+04 1.5707963268e+00 -2.3142667266e+00
2.2279581488e-04 2.9358859342e+04 1.5707963268e+00 -2.3150610007e+00
2.2293397988e-04 2.9380243806e+04 1.5707963268e+00 -2.3158541176e+00
2.2307210132e-04 2.9401638370e+04 1.5707963268e+00 -2.3166460790e+00
2.2321017926e-04 2.9423043016e+04 1.5707963268e+00 -2.3174368871e+00
2.2334821377e-04 2.9444457730e+04 1.5707963268e+00 -2.3182265437e+00
2.2348620492e-04 2.9465882495e+04 1.5707963268e+00 -2.3190150508e+00
2.2362415280e-04 2.9487317296e+04 1.5707963268e+00 -2.3198024105e+00
2.2376205745e-04 2.9508762116e+04 1.5707963268e+00 -2.3205886246e+00
2.2389991896e-04 2.9530216939e+04 1.5707963268e+00 -2.3213736952e+00
2.2403773739e-04 2.9551681750e+04 1.5707963268e+00 -2.3221576242e+00
2.2417551282e-04 2.9573156533e+04 1.5707963268e+00 -2.3229404136e+00
2.2431324530e-04 2.9594641272e+04 1.5707963268e+00 -2.3237220652e+00
2.2445093492e-04 2.9616135951e+04 1.5707963268e+00 -2.3245025812e+00
2.2458858174e-04 2.9637640554e+04 1.5707963268e+00 -2.3252819633e+00
2.2472618582e-04 2.9659155066e+04 1.5707963268e+00 -2.3260602136e+00
2.2486374725e-04 2.9680679471e+04 1.5707963268e+00 -2.3268373341e+00
2.2500126608e-04 2.9702213754e+04 1.5707963268e+00 -2.3276133265e+00
2.2513874239e-04 2.9723757897e+04 1.5707963268e+00 -2.3283881930e+00
2.2527617624e-04 2.9745311887e+04 1.5707963268e+00 -2.3291619354e+00
2.2541356770e-04 2.9766875707e+04 1.5707963268e+00 -2.3299345556e+00
2.2555091684e-04 2.9788449341e+04 1.5707963268e+00 -2.3307060556e+00
2.2568822373e-04 2.9810032775e+04 1.5707963268e+00 -2.3314764373e+00
2.2582548844e-04 2.9831625992e+04 1.5707963268e+00 -2.3322457027e+00
2.2596271103e-04 2.9853228976e+04 1.5707963268e+00 -2.3330138536e+00
2.2609989157e-04 2.9874841713e+04 1.5707963268e+00 -2.3337808919e+00
2.2623703013e-04 2.9896464187e+04 1.5707963268e+00 -2.3345468197e+00
2.2637412678e-04 2.9918096382e+04 1.5707963268e+00 -2.3353116387e+00
2.2651118158e-04 2.9939738283e+04 1.5707963268e+00 -2.3360753509e+00
2.2664819461e-04 2.9961389874e+04 1.5707963268e+00 -2.3368379583e+00
2.2678516592e-04 2.9983051140e+04 1.5707963268e+00 -2.3375994626e+00
2.2692209559e-04 3.0004722065e+04 1.5707963268e+00 -2.3383598658e+00
2.2705898368e-04 3.0026402635e+04 1.5707963268e+00 -2.3391191699e+00
2.2719583026e-04 3.0048092834e+04 1.5707963268e+00 -2.3398773766e+00
2.2733263540e-04 3.0069792645e+04 1.5707963268e+00 -2.3406344880e+00
2.2746939916e-04 3.0091502055e+04 1.5707963268e+00 -2.3413905058e+00
2.2760612161e-04 3.0113221048e+04 1.5707963268e+00 -2.3421454320e+00
2.2774280281e-04 3.0134949608e+04 1.5707963268e+00 -2.3428992684e+00
2.2787944283e-04 3.0156687720e+04 1.5707963268e+00 -2.3436520169e+00
2.2801604174e-04 3.0178435370e+04 1.5707963268e+00 -2.3444036794e+00
2.2815259961e-04 3.0200192541e+04 1.5707963268e+00 -2.3451542578e+00
2.2828911649e-04 3.0221959218e+04 1.5707963268e+00 -2.3459037540e+00
2.2842559246e-04 3.0243735387e+04 1.5707963268e+00 -2.3466521697e+00
2.2856202758e-04 3.0265521033e+04 1.5707963268e+00 -2.3473995069e+00
2.2869842192e-04 3.0287316139e+04 1.5707963268e+00 -2.3481457675e+00
2.2883477553e-04 3.0309120692e+04 1.5707963268e+00 -2.3488909532e+00
2.2897108850e-04 3.0330934675e+04 1.5707963268e+00 -2.3496350660e+00
2.2910736087e-04 3.0352758074e+04 1.5707963268e+00 -2.3503781077e+00
2.2924359272e-04 3.0374590874e+04 1.5707963268e+00 -2.3511200801e+00
2.2937978412e-04 3.0396433060e+04 1.5707963268e+00 -2.3518609851e+00
2.2951593511e-04 3.0418284617e+04 1.5707963268e+00 -2.3526008246e+00
2.2965204578e-04 3.0440145529e+04 1.5707963268e+00 -2.3533396003e+00
2.2978811619e-04 3.0462015782e+04 1.5707963268e+00 -2.3540773142e+00
2.2992414639e-04 3.0483895361e+04 1.5707963268e+00 -2.3548139680e+00
2.3006013646e-04 3.0505784251e+04 1.5707963268e+00 -2.3555495636e+00
2.3019608646e-04 3.0527682438e+04 1.5707963268e+00 -2.3562841028e+00
2.3033199645e-04 3.0549589905e+04 1.5707963268e+00 -2.3570175875e+00
2.3046786650e-04 3.0571506639e+04 1.5707963268e+00 -2.3577500194e+00
2.3060369666e-04 3.0593432624e+04 1.5707963268e+00 -2.3584814004e+00
2.3073948701e-04 3.0615367846e+04 1.5707963268e+00 -2.3592117323e+00
2.3087523761e-04 3.0637312291e+04 1.5707963268e+00 -2.3599410170e+00
2.3101094852e-04 3.0659265942e+04 1.5707963268e+00 -2.3606692561e+00
2.3114661980e-04 3.0681228786e+04 1.5707963268e+00 -2.3613964516e+00
2.3128225152e-04 3.0703200807e+04 1.5707963268e+00 -2.3621226052e+00
2.3141784375e-04 3.0725181992e+04 1.5707963268e+00 -2.3628477188e+00
2.3155339653e-04 3.0747172324e+04 1.5707963268e+00 -2.3635717941e+00
2.3168890994e-04 3.0769171791e+04 1.5707963268e+00 -2.3642948330e+00
2.3182438404e-04 3.0791180377e+04 1.5707963268e+00 -2.3650168372e+00
2.3195981890e-04 3.0813198067e+04 1.5707963268e+00 -2.3657378086e+00
2.3209521457e-04 3.0835224847e+04 1.5707963268e+00 -2.3664577488e+00
2.3223057111e-04 3.0857260702e+04 1.5707963268e+00 -2.3671766598e+00
2.3236588860e-04 3.0879305618e+04 1.5707963268e+00 -2.3678945432e+00
2.3250116708e-04 3.0901359580e+04 1.5707963268e+00 -2.3686114009e+00
2.3263640664e-04 3.0923422574e+04 1.5707963268e+00 -2.3693272347e+00
2.3277160731e-04 3.0945494585e+04 1.5707963268e+00 -2.3700420463e+00
2.3290676918e-04 3.0967575599e+04 1.5707963268e+00 -2.3707558374e+00
2.3304189229e-04 3.0989665601e+04 1.5707963268e+00 -2.3714686099e+00
2.3317697672e-04 3.1011764578e+04 1.5707963268e+00 -2.3721803656e+00
2.3331202252e-04 3.1033872513e+04 1.5707963268e+00 -2.3728911061e+00
2.3344702975e-04 3.1055989394e+04 1.5707963268e+00 -2.3736008332e+00
2.3358199848e-04 3.1078115206e+04 1.5707963268e+00 -2.3743095488e+00
2.3371692877e-04 3.1100249934e+04 1.5707963268e+00 -2.3750172545e+00
2.3385182067e-04 3.1122393564e+04 1.5707963268e+00 -2.3757239521e+00
2.3398667425e-04 3.1144546082e+04 1.5707963268e+00 -2.3764296434e+00
2.3412148957e-04 3.1166707474e+04 1.5707963268e+00 -2.3771343300e+00
2.3425626670e-04 3.1188877725e+04 1.5707963268e+00 -2.3778380138e+00
2.3439100568e-04 3.1211056821e+04 1.5707963268e+00 -2.3785406965e+00
2.3452570659e-04 3.1233244748e+04 1.5707963268e+00 -2.3792423798e+00
2.3466036948e-04 3.1255441492e+04 1.5707963268e+00 -2.3799430654e+00
2.3479499441e-04 3.1277647038e+04 1.5707963268e+00 -2.3806427551e+00
2.3492958144e-04 3.1299861373e+04 1.5707963268e+00 -2.3813414506e+00
2.3506413064e-04 3.1322084482e+04 1.5707963268e+00 -2.3820391537e+00
2.3519864206e-04 3.1344316351e+04 1.5707963268e+00 -2.3827358660e+00
2.3533311576e-04 3.1366556966e+04 1.5707963268e+00 -2.3834315893e+00
2.3546755181e-04 3.1388806314e+04 1.5707963268e+00 -2.3841263252e+00
2.3560195026e-04 3.1411064379e+04 1.5707963268e+00 -2.3848200756e+00
2.3573631117e-04 3.1433331149e+04 1.5707963268e+00 -2.3855128421e+00
2.3587063460e-04 3.1455606609e+04 1.5707963268e+00 -2.3862046264e+00
2.3600492061e-04 3.1477890744e+04 1.5707963268e+00 -2.3868954302e+00
2.3613916927e-04 3.1500183542e+04 1.5707963268e+00 -2.3875852552e+00
2.3627338062e-04 3.1522484988e+04 1.5707963268e+00 -2.3882741032e+00
2.3640755473e-04 3.1544795069e+04 1.5707963268e+00 -2.3889619758e+00
2.3654169165e-04 3.1567113769e+04 1.5707963268e+00 -2.3896488747e+00
2.3667579146e-04 3.1589441077e+04 1.5707963268e+00 -2.3903348016e+00
2.3680985419e-04 3.1611776977e+04 1.5707963268e+00 -2.3910197582e+00
2.3694387992e-04 3.1634121456e+04 1.5707963268e+00 -2.3917037462e+00
2.3707786871e-04 3.1656474500e+04 1.5707963268e+00 -2.3923867672e+00
2.3721182060e-04 3.1678836096e+04 1.5707963268e+00 -2.3930688230e+00
2.3734573566e-04 3.1701206229e+04 1.5707963268e+00 -2.3937499152e+00
2.3747961395e-04 3.1723584885e+04 1.5707963268e+00 -2.3944300454e+00
2.3761345552e-04 3.1745972053e+04 1.5707963268e+00 -2.3951092155e+00
2.3774726043e-04 3.1768367716e+04 1.5707963268e+00 -2.3957874269e+00
2.3788102874e-04 3.1790771862e+04 1.5707963268e+00 -2.3964646815e+00
2.3801476051e-04 3.1813184478e+04 1.5707963268e+00 -2.3971409808e+00
2.3814845580e-04 3.1835605548e+04 1.5707963268e+00 -2.3978163265e+00
2.3828211466e-04 3.1858035061e+04 1.5707963268e+00 -2.3984907203e+00
2.3841573715e-04 3.1880473002e+04 1.5707963268e+00 -2.3991641638e+00
2.3854932333e-04 3.1902919358e+04 1.5707963268e+00 -2.3998366587e+00
2.3868287326e-04 3.1925374115e+04 1.5707963268e+00 -2.4005082066e+00
2.3881638698e-04 3.1947837260e+04 1.5707963268e+00 -2.4011788092e+00
2.3894986457e-04 3.1970308779e+04 1.5707963268e+00 -2.4018484681e+00
2.3908330607e-04 3.1992788658e+04 1.5707963268e+00 -2.4025171849e+00
2.3921671154e-04 3.2015276885e+04 1.5707963268e+00 -2.4031849614e+00
2.3935008104e-04 3.2037773445e+04 1.5707963268e+00 -2.4038517990e+00
2.3948341463e-04 3.2060278326e+04 1.5707963268e+00 -2.4045176995e+00
2.3961671237e-04 3.2082791514e+04 1.5707963268e+00 -2.4051826645e+00
2.3974997430e-04 3.2105312996e+04 1.5707963268e+00 -2.4058466955e+00
2.3988320048e-04 3.2127842758e+04 1.5707963268e+00 -2.4065097943e+00
2.4001639098e-04 3.2150380787e+04 1.5707963268e+00 -2.4071719625e+00
2.4014954584e-04 3.2172927069e+04 1.5707963268e+00 -2.4078332016e+00
2.4028266513e-04 3.2195481592e+04 1.5707963268e+00 -2.4084935133e+00
2.4041574890e-04 3.2218044342e+04 1.5707963268e+00 -2.4091528991e+00
2.4054879720e-04 3.2240615305e+04 1.5707963268e+00 -2.4098113608e+00
2.4068181009e-04 3.2263194469e+04 1.5707963268e+00 -2.4104688999e+00
2.4081478763e-04 3.2285781821e+04 1.5707963268e+00 -2.4111255180e+00
2.4094772987e-04 3.2308377347e+04 1.5707963268e+00 -2.4117812167e+00
2.4108063686e-04 3.2330981034e+04 1.5707963268e+00 -2.4124359976e+00
2.4121350867e-04 3.2353592868e+04 1.5707963268e+00 -2.4130898623e+00
2.4134634535e-04 3.2376212838e+04 1.5707963268e+00 -2.4137428124e+00
2.4147914694e-04 3.2398840929e+04 1.5707963268e+00 -2.4143948495e+00
2.4161191352e-04 3.2421477129e+04 1.5707963268e+00 -2.4150459751e+00
2.4174464512e-04 3.2444121424e+04 1.5707963268e+00 -2.4156961909e+00
2.4187734182e-04 3.2466773802e+04 1.5707963268e+00 -2.4163454984e+00
2.4201000365e-04 3.2489434249e+04 1.5707963268e+00 -2.4169938993e+00
2.4214263068e-04 3.2512102752e+04 1.5707963268e+00 -2.4176413950e+00
2.4227522296e-04 3.2534779300e+04 1.5707963268e+00 -2.4182879872e+00
2.4240778054e-04 3.2557463877e+04 1.5707963268e+00 -2.4189336774e+00
2.4254030349e-04 3.2580156473e+04 1.5707963268e+00 -2.4195784672e+00
2.4267279184e-04 3.2602857073e+04 1.5707963268e+00 -2.4202223582e+00
2.4280524566e-04 3.2625565664e+04 1.5707963268e+00 -2.4208653519e+00
2.4293766500e-04 3.2648282235e+04 1.5707963268e+00 -2.4215074498e+00
2.4307004992e-04 3.2671006772e+04 1.5707963268e+00 -2.4221486537e+00
2.4320240047e-04 3.2693739262e+04 1.5707963268e+00 -2.4227889649e+00
2.4333471669e-04 3.2716479692e+04 1.5707963268e+00 -2.4234283850e+00
2.4346699866e-04 3.2739228050e+04 1.5707963268e+00 -2.4240669157e+00
2.4359924641e-04 3.2761984323e+04 1.5707963268e+00 -2.4247045583e+00
2.4373146000e-04 3.2784748498e+04 1.5707963268e+00 -2.4253413146e+00
2.4386363949e-04 3.2807520563e+04 1.5707963268e+00 -2.4259771860e+00
2.4399578492e-04 3.2830300504e+04 1.5707963268e+00 -2.4266121740e+00
2.4412789636e-04 3.2853088309e+04 1.5707963268e+00 -2.4272462802e+00
2.4425997385e-04 3.2875883965e+04 1.5707963268e+00 -2.4278795062e+00
2.4439201745e-04 3.2898687461e+04 1.5707963268e+00 -2.4285118534e+00
2.4452402721e-04 3.2921498782e+04 1.5707963268e+00 -2.4291433234e+00
2.4465600318e-04 3.2944317916e+04 1.5707963268e+00 -2.4297739176e+00
2.4478794541e-04 3.2967144852e+04 1.5707963268e+00 -2.4304036377e+00
2.4491985397e-04 3.2989979576e+04 1.5707963268e+00 -2.4310324852e+00
2.4505172889e-04 3.3012822075e+04 1.5707963268e+00 -2.4316604615e+00
2.4518357023e-04 3.3035672338e+04 1.5707963268e+00 -2.4322875681e+00
2.4531537805e-04 3.3058530351e+04 1.5707963268e+00 -2.4329138067e+00
2.4544715239e-04 3.3081396103e+04 1.5707963268e+00 -2.4335391786e+00
2.4557889331e-04 3.3104269580e+04 1.5707963268e+00 -2.4341636854e+00
2.4571060087e-04 3.3127150771e+04 1.5707963268e+00 -2.4347873287e+00
2.4584227510e-04 3.3150039663e+04 1.5707963268e+00 -2.4354101098e+00
2.4597391606e-04 3.3172936243e+04 1.5707963268e+00 -2.4360320303e+00
2.4610552382e-04 3.3195840499e+04 1.5707963268e+00 -2.4366530917e+00
2.4623709840e-04 3.3218752419e+04 1.5707963268e+00 -2.4372732954e+00
2.4636863988e-04 3.3241671991e+04 1.5707963268e+00 -2.4378926431e+00
2.4650014829e-04 3.3264599202e+04 1.5707963268e+00 -2.4385111360e+00
2.4663162369e-04 3.3287534039e+04 1.5707963268e+00 -2.4391287758e+00
2.4676306614e-04 3.3310476491e+04 1.5707963268e+00 -2.4397455640e+00
2.4689447567e-04 3.3333426545e+04 1.5707963268e+00 -2.4403615019e+00
2.4702585235e-04 3.3356384189e+04 1.5707963268e+00 -2.4409765911e+00
2.4715719622e-04 3.3379349411e+04 1.5707963268e+00 -2.4415908330e+00
2.4728850734e-04 3.3402322199e+04 1.5707963268e+00 -2.4422042292e+00
2.4741978575e-04 3.3425302540e+04 1.5707963268e+00 -2.4428167810e+00
2.4755103150e-04 3.3448290422e+04 1.5707963268e+00 -2.4434284900e+00
2.4768224466e-04 3.3471285834e+04 1.5707963268e+00 -2.4440393576e+00
2.4781342525e-04 3.3494288762e+04 1.5707963268e+00 -2.4446493852e+00
2.4794457335e-04 3.3517299195e+04 1.5707963268e+00 -2.4452585744e+00
2.4807568899e-04 3.3540317122e+04 1.5707963268e+00 -2.4458669266e+00
2.4820677223e-04 3.3563342528e+04 1.5707963268e+00 -2.4464744431e+00
2.4833782311e-04 3.3586375404e+04 1.5707963268e+00 -2.4470811256e+00
2.4846884169e-04 3.3609415736e+04 1.5707963268e+00 -2.4476869754e+00
2.4859982802e-04 3.3632463513e+04 1.5707963268e+00 -2.4482919940e+00
2.4873078214e-04 3.3655518723e+04 1.5707963268e+00 -2.4488961827e+00
2.4886170410e-04 3.3678581353e+04 1.5707963268e+00 -2.4494995432e+00
2.4899259396e-04 3.3701651393e+04 1.5707963268e+00 -2.4501020767e+00
2.4912345177e-04 3.3724728829e+04 1.5707963268e+00 -2.4507037847e+00
2.4925427757e-04 3.3747813650e+04 1.5707963268e+00 -2.4513046687e+00
2.4938507141e-04 3.3770905844e+04 1.5707963268e+00 -2.4519047301e+00
2.4951583334e-04 3.3794005399e+04 1.5707963268e+00 -2.4525039703e+00
2.4964656341e-04 3.3817112304e+04 1.5707963268e+00 -2.4531023907e+00
2.4977726168e-04 3.3840226547e+04 1.5707963268e+00 -2.4536999927e+00
2.4990792818e-04 3.3863348115e+04 1.5707963268e+00 -2.4542967779e+00
2.5003856297e-04 3.3886476997e+04 1.5707963268e+00 -2.4548927475e+00
2.5016916609e-04 3.3909613181e+04 1.5707963268e+00 -2.4554879030e+00
2.5029973760e-04 3.3932756656e+04 1.5707963268e+00 -2.4560822458e+00
2.5043027754e-04 3.3955907410e+04 1.5707963268e+00 -2.4566757774e+00
2.5056078596e-04 3.3979065431e+04 1.5707963268e+00 -2.4572684990e+00
2.5069126291e-04 3.4002230707e+04 1.5707963268e+00 -2.4578604122e+00
2.5082170844e-04 3.4025403226e+04 1.5707963268e+00 -2.4584515183e+00
2.5095212259e-04 3.4048582978e+04 1.5707963268e+00 -2.4590418187e+00
2.5108250542e-04 3.4071769951e+04 1.5707963268e+00 -2.4596313149e+00
2.5121285697e-04 3.4094964132e+04 1.5707963268e+00 -2.4602200081e+00
2.5134317729e-04 3.4118165510e+04 1.5707963268e+00 -2.4608078999e+00
2.5147346642e-04 3.4141374074e+04 1.5707963268e+00 -2.4613949916e+00
2.5160372442e-04 3.4164589812e+04 1.5707963268e+00 -2.4619812845e+00
2.5173395134e-04 3.4187812713e+04 1.5707963268e+00 -2.4625667800e+00
2.5186414721e-04 3.4211042764e+04 1.5707963268e+00 -2.4631514797e+00
2.5199431209e-04 3.4234279956e+04 1.5707963268e+00 -2.4637353847e+00
2.5212444603e-04 3.4257524275e+04 1.5707963268e+00 -2.4643184965e+00
2.5225454906e-04 3.4280775711e+04 1.5707963268e+00 -2.4649008165e+00
2.5238462125e-04 3.4304034252e+04 1.5707963268e+00 -2.4654823460e+00
2.5251466263e-04 3.4327299888e+04 1.5707963268e+00 -2.4660630864e+00
2.5264467325e-04 3.4350572605e+04 1.5707963268e+00 -2.4666430390e+00
2.5277465316e-04 3.4373852394e+04 1.5707963268e+00 -2.4672222053e+00
2.5290460241e-04 3.4397139242e+04 1.5707963268e+00 -2.4678005866e+00
2.5303452105e-04 3.4420433139e+04 1.5707963268e+00 -2.4683781842e+00
2.5316440911e-04 3.4443734072e+04 1.5707963268e+00 -2.4689549995e+00
2.5329426665e-04 3.4467042031e+04 1.5707963268e+00 -2.4695310338e+00
2.5342409371e-04 3.4490357005e+04 1.5707963268e+00 -2.4701062886e+00
2.5355389034e-04 3.4513678982e+04 1.5707963268e+00 -2.4706807651e+00
2.5368365659e-04 3.4537007951e+04 1.5707963268e+00 -2.4712544647e+00
2.5381339249e-04 3.4560343901e+04 1.5707963268e+00 -2.4718273887e+00
2.5394309811e-04 3.4583686820e+04 1.5707963268e+00 -2.4723995385e+00
2.5407277348e-04 3.4607036697e+04 1.5707963268e+00 -2.4729709154e+00
2.5420241864e-04 3.4630393522e+04 1.5707963268e+00 -2.4735415208e+00
2.5433203365e-04 3.4653757283e+04 1.5707963268e+00 -2.4741113559e+00
2.5446161856e-04 3.4677127968e+04 1.5707963268e+00 -2.4746804222e+00
2.5459117340e-04 3.4700505568e+04 1.5707963268e+00 -2.4752487208e+00
2.5472069822e-04 3.4723890070e+04 1.5707963268e+00 -2.4758162533e+00
2.5485019307e-04 3.4747281463e+04 1.5707963268e+00 -2.4763830208e+00
2.5497965799e-04 3.4770679737e+04 1.5707963268e+00 -2.4769490248e+00
2.5510909303e-04 3.4794084881e+04 1.5707963268e+00 -2.4775142664e+00
2.5523849823e-04 3.4817496883e+04 1.5707963268e+00 -2.4780787471e+00
2.5536787364e-04 3.4840915733e+04 1.5707963268e+00 -2.4786424682e+00
2.5549721931e-04 3.4864341419e+04 1.5707963268e+00 -2.4792054309e+00
2.5562653527e-04 3.4887773931e+04 1.5707963268e+00 -2.4797676366e+00
2.5575582158e-04 3.4911213258e+04 1.5707963268e+00 -2.4803290865e+00
2.5588507827e-04 3.4934659388e+04 1.5707963268e+00 -2.4808897821e+00
2.5601430540e-04 3.4958112311e+04 1.5707963268e+00 -2.4814497245e+00
2.5614350301e-04 3.4981572016e+04 1.5707963268e+00 -2.4820089151e+00
2.5627267114e-04 3.5005038492e+04 1.5707963268e+00 -2.4825673552e+00
2.5640180983e-04 3.5028511728e+04 1.5707963268e+00 -2.4831250460e+00
2.5653091914e-04 3.5051991714e+04 1.5707963268e+00 -2.4836819890e+00
2.5665999910e-04 3.5075478438e+04 1.5707963268e+00 -2.4842381852e+00
2.5678904976e-04 3.5098971890e+04 1.5707963268e+00 -2.4847936361e+00
2.5691807116e-04 3.5122472059e+04 1.5707963268e+00 -2.4853483429e+00
2.5704706335e-04 3.5145978934e+04 1.5707963268e+00 -2.4859023070e+00
2.5717602637e-04 3.5169492505e+04 1.5707963268e+00 -2.4864555295e+00
2.5730496027e-04 3.5193012761e+04 1.5707963268e+00 -2.4870080117e+00
2.5743386509e-04 3.5216539690e+04 1.5707963268e+00 -2.4875597550e+00
2.5756274087e-04 3.5240073283e+04 1.5707963268e+00 -2.4881107607e+00
2.5769158765e-04 3.5263613529e+04 1.5707963268e+00 -2.4886610298e+00
2.5782040549e-04 3.5287160417e+04 1.5707963268e+00 -2.4892105639e+00
2.5794919442e-04 3.5310713937e+04 1.5707963268e+00 -2.4897593640e+00
2.5807795449e-04 3.5334274077e+04 1.5707963268e+00 -2.4903074315e+00
2.5820668573e-04 3.5357840827e+04 1.5707963268e+00 -2.4908547677e+00
2.5833538820e-04 3.5381414178e+04 1.5707963268e+00 -2.4914013737e+00
2.5846406194e-04 3.5404994117e+04 1.5707963268e+00 -2.4919472509e+00
2.5859270699e-04 3.5428580635e+04 1.5707963268e+00 -2.4924924005e+00
2.5872132339e-04 3.5452173721e+04 1.5707963268e+00 -2.4930368237e+00
2.5884991118e-04 3.5475773365e+04 1.5707963268e+00 -2.4935805218e+00
