0.0000000000e+00 1.4280387379e+04 1.5707963268e+00 0.0000000000e+00
2.4033190805e-07 1.4280387379e+04 1.5707963268e+00 3.1055900621e-03
4.8066381610e-07 1.4280396789e+04 1.5707963268e+00 6.2111801242e-03
7.2099546454e-07 1.4280415609e+04 1.5707963268e+00 9.3167660935e-03
9.6132659373e-07 1.4280443840e+04 1.5707963268e+00 1.2422343877e-02
1.2016569441e-06 1.4280481481e+04 1.5707963268e+00 1.5527909382e-02
1.4419862560e-06 1.4280528532e+04 1.5707963268e+00 1.8633458515e-02
1.6823142698e-06 1.4280584994e+04 1.5707963268e+00 2.1738987184e-02
1.9226407259e-06 1.4280650867e+04 1.5707963268e+00 2.4844491296e-02
2.1629653648e-06 1.4280726152e+04 1.5707963268e+00 2.7949966758e-02
2.4032879268e-06 1.4280810849e+04 1.5707963268e+00 3.1055409477e-02
2.6436081524e-06 1.4280904958e+04 1.5707963268e+00 3.4160815360e-02
2.8839257820e-06 1.4281008480e+04 1.5707963268e+00 3.7266180315e-02
3.1242405560e-06 1.4281121417e+04 1.5707963268e+00 4.0371500248e-02
3.3645522148e-06 1.4281243768e+04 1.5707963268e+00 4.3476771066e-02
3.6048604990e-06 1.4281375534e+04 1.5707963268e+00 4.6581988676e-02
3.8451651491e-06 1.4281516716e+04 1.5707963268e+00 4.9687148986e-02
4.0854659054e-06 1.4281667315e+04 1.5707963268e+00 5.2792247902e-02
4.3257625085e-06 1.4281827333e+04 1.5707963268e+00 5.5897281332e-02
4.5660546989e-06 1.4281996770e+04 1.5707963268e+00 5.9002245181e-02
4.8063422171e-06 1.4282175627e+04 1.5707963268e+00 6.2107135356e-02
5.0466248038e-06 1.4282363905e+04 1.5707963268e+00 6.5211947766e-02
5.2869021993e-06 1.4282561606e+04 1.5707963268e+00 6.8316678315e-02
5.5271741445e-06 1.4282768732e+04 1.5707963268e+00 7.1421322911e-02
5.7674403797e-06 1.4282985282e+04 1.5707963268e+00 7.4525877459e-02
6.0077006457e-06 1.4283211260e+04 1.5707963268e+00 7.7630337868e-02
6.2479546831e-06 1.4283446666e+04 1.5707963268e+00 8.0734700042e-02
6.4882022326e-06 1.4283691502e+04 1.5707963268e+00 8.3838959888e-02
6.7284430348e-06 1.4283945770e+04 1.5707963268e+00 8.6943113312e-02
6.9686768306e-06 1.4284209471e+04 1.5707963268e+00 9.0047156221e-02
7.2089033605e-06 1.4284482608e+04 1.5707963268e+00 9.3151084520e-02
7.4491223654e-06 1.4284765181e+04 1.5707963268e+00 9.6254894115e-02
7.6893335861e-06 1.4285057193e+04 1.5707963268e+00 9.9358580912e-02
7.9295367633e-06 1.4285358647e+04 1.5707963268e+00 1.0246214082e-01
8.1697316381e-06 1.4285669543e+04 1.5707963268e+00 1.0556556973e-01
8.4099179511e-06 1.4285989884e+04 1.5707963268e+00 1.0866886357e-01
8.6500954433e-06 1.4286319673e+04 1.5707963268e+00 1.1177201823e-01
8.8902638557e-06 1.4286658911e+04 1.5707963268e+00 1.1487502962e-01
9.1304229292e-06 1.4287007600e+04 1.5707963268e+00 1.1797789364e-01
9.3705724049e-06 1.4287365744e+04 1.5707963268e+00 1.2108060620e-01
9.6107120237e-06 1.4287733345e+04 1.5707963268e+00 1.2418316321e-01
9.8508415268e-06 1.4288110405e+04 1.5707963268e+00 1.2728556056e-01
1.0090960655e-05 1.4288496926e+04 1.5707963268e+00 1.3038779416e-01
1.0331069150e-05 1.4288892912e+04 1.5707963268e+00 1.3348985993e-01
1.0571166753e-05 1.4289298365e+04 1.5707963268e+00 1.3659175375e-01
1.0811253204e-05 1.4289713287e+04 1.5707963268e+00 1.3969347154e-01
1.1051328246e-05 1.4290137682e+04 1.5707963268e+00 1.4279500920e-01
1.1291391619e-05 1.4290571553e+04 1.5707963268e+00 1.4589636263e-01
1.1531443065e-05 1.4291014902e+04 1.5707963268e+00 1.4899752774e-01
1.1771482325e-05 1.4291467733e+04 1.5707963268e+00 1.5209850042e-01
1.2011509141e-05 1.4291930048e+04 1.5707963268e+00 1.5519927659e-01
1.2251523254e-05 1.4292401851e+04 1.5707963268e+00 1.5829985215e-01
1.2491524406e-05 1.4292883145e+04 1.5707963268e+00 1.6140022299e-01
1.2731512337e-05 1.4293373933e+04 1.5707963268e+00 1.6450038503e-01
1.2971486791e-05 1.4293874219e+04 1.5707963268e+00 1.6760033415e-01
1.3211447508e-05 1.4294384006e+04 1.5707963268e+00 1.7070006628e-01
1.3451394230e-05 1.4294903297e+04 1.5707963268e+00 1.7379957730e-01
1.3691326699e-05 1.4295432097e+04 1.5707963268e+00 1.7689886312e-01
1.3931244657e-05 1.4295970408e+04 1.5707963268e+00 1.7999791965e-01
1.4171147845e-05 1.4296518234e+04 1.5707963268e+00 1.8309674277e-01
1.4411036006e-05 1.4297075580e+04 1.5707963268e+00 1.8619532840e-01
1.4650908881e-05 1.4297642449e+04 1.5707963268e+00 1.8929367244e-01
1.4890766213e-05 1.4298218844e+04 1.5707963268e+00 1.9239177078e-01
1.5130607744e-05 1.4298804770e+04 1.5707963268e+00 1.9548961933e-01
1.5370433215e-05 1.4299400230e+04 1.5707963268e+00 1.9858721398e-01
1.5610242369e-05 1.4300005230e+04 1.5707963268e+00 2.0168455064e-01
1.5850034948e-05 1.4300619772e+04 1.5707963268e+00 2.0478162521e-01
1.6089810695e-05 1.4301243861e+04 1.5707963268e+00 2.0787843359e-01
1.6329569351e-05 1.4301877502e+04 1.5707963268e+00 2.1097497167e-01
1.6569310660e-05 1.4302520699e+04 1.5707963268e+00 2.1407123535e-01
1.6809034363e-05 1.4303173455e+04 1.5707963268e+00 2.1716722054e-01
1.7048740204e-05 1.4303835776e+04 1.5707963268e+00 2.2026292314e-01
1.7288427925e-05 1.4304507666e+04 1.5707963268e+00 2.2335833903e-01
1.7528097268e-05 1.4305189130e+04 1.5707963268e+00 2.2645346413e-01
1.7767747977e-05 1.4305880171e+04 1.5707963268e+00 2.2954829432e-01
1.8007379794e-05 1.4306580796e+04 1.5707963268e+00 2.3264282551e-01
1.8246992462e-05 1.4307291009e+04 1.5707963268e+00 2.3573705359e-01
1.8486585724e-05 1.4308010814e+04 1.5707963268e+00 2.3883097446e-01
1.8726159323e-05 1.4308740216e+04 1.5707963268e+00 2.4192458402e-01
1.8965713002e-05 1.4309479221e+04 1.5707963268e+00 2.4501787817e-01
1.9205246505e-05 1.4310227834e+04 1.5707963268e+00 2.4811085279e-01
1.9444759574e-05 1.4310986059e+04 1.5707963268e+00 2.5120350379e-01
1.9684251954e-05 1.4311753901e+04 1.5707963268e+00 2.5429582707e-01
1.9923723386e-05 1.4312531367e+04 1.5707963268e+00 2.5738781851e-01
2.0163173615e-05 1.4313318460e+04 1.5707963268e+00 2.6047947402e-01
2.0402602385e-05 1.4314115188e+04 1.5707963268e+00 2.6357078948e-01
2.0642009439e-05 1.4314921554e+04 1.5707963268e+00 2.6666176080e-01
2.0881394520e-05 1.4315737564e+04 1.5707963268e+00 2.6975238387e-01
2.1120757373e-05 1.4316563225e+04 1.5707963268e+00 2.7284265458e-01
2.1360097741e-05 1.4317398541e+04 1.5707963268e+00 2.7593256883e-01
2.1599415368e-05 1.4318243518e+04 1.5707963268e+00 2.7902212251e-01
2.1838709999e-05 1.4319098163e+04 1.5707963268e+00 2.8211131152e-01
2.2077981377e-05 1.4319962480e+04 1.5707963268e+00 2.8520013174e-01
2.2317229246e-05 1.4320836475e+04 1.5707963268e+00 2.8828857907e-01
2.2556453352e-05 1.4321720155e+04 1.5707963268e+00 2.9137664941e-01
2.2795653438e-05 1.4322613526e+04 1.5707963268e+00 2.9446433864e-01
2.3034829249e-05 1.4323516592e+04 1.5707963268e+00 2.9755164266e-01
2.3273980529e-05 1.4324429362e+04 1.5707963268e+00 3.0063855736e-01
2.3513107023e-05 1.4325351840e+04 1.5707963268e+00 3.0372507863e-01
2.3752208476e-05 1.4326284034e+04 1.5707963268e+00 3.0681120236e-01
2.3991284633e-05 1.4327225948e+04 1.5707963268e+00 3.0989692444e-01
2.4230335238e-05 1.4328177590e+04 1.5707963268e+00 3.1298224078e-01
2.4469360037e-05 1.4329138967e+04 1.5707963268e+00 3.1606714724e-01
2.4708358774e-05 1.4330110083e+04 1.5707963268e+00 3.1915163973e-01
2.4947331195e-05 1.4331090947e+04 1.5707963268e+00 3.2223571413e-01
2.5186277046e-05 1.4332081565e+04 1.5707963268e+00 3.2531936634e-01
2.5425196071e-05 1.4333081943e+04 1.5707963268e+00 3.2840259224e-01
2.5664088016e-05 1.4334092087e+04 1.5707963268e+00 3.3148538773e-01
2.5902952627e-05 1.4335112006e+04 1.5707963268e+00 3.3456774868e-01
2.6141789649e-05 1.4336141705e+04 1.5707963268e+00 3.3764967100e-01
2.6380598829e-05 1.4337181192e+04 1.5707963268e+00 3.4073115056e-01
2.6619379913e-05 1.4338230474e+04 1.5707963268e+00 3.4381218326e-01
2.6858132645e-05 1.4339289557e+04 1.5707963268e+00 3.4689276498e-01
2.7096856773e-05 1.4340358449e+04 1.5707963268e+00 3.4997289161e-01
2.7335552043e-05 1.4341437156e+04 1.5707963268e+00 3.5305255903e-01
2.7574218201e-05 1.4342525687e+04 1.5707963268e+00 3.5613176314e-01
2.7812854993e-05 1.4343624048e+04 1.5707963268e+00 3.5921049983e-01
2.8051462167e-05 1.4344732246e+04 1.5707963268e+00 3.6228876496e-01
2.8290039468e-05 1.4345850290e+04 1.5707963268e+00 3.6536655444e-01
2.8528586644e-05 1.4346978187e+04 1.5707963268e+00 3.6844386415e-01
2.8767103442e-05 1.4348115943e+04 1.5707963268e+00 3.7152068997e-01
2.9005589609e-05 1.4349263567e+04 1.5707963268e+00 3.7459702779e-01
2.9244044891e-05 1.4350421066e+04 1.5707963268e+00 3.7767287349e-01
2.9482469037e-05 1.4351588448e+04 1.5707963268e+00 3.8074822295e-01
2.9720861793e-05 1.4352765721e+04 1.5707963268e+00 3.8382307207e-01
2.9959222907e-05 1.4353952893e+04 1.5707963268e+00 3.8689741673e-01
3.0197552127e-05 1.4355149971e+04 1.5707963268e+00 3.8997125280e-01
3.0435849201e-05 1.4356356963e+04 1.5707963268e+00 3.9304457617e-01
3.0674113876e-05 1.4357573878e+04 1.5707963268e+00 3.9611738273e-01
3.0912345900e-05 1.4358800724e+04 1.5707963268e+00 3.9918966836e-01
3.1150545022e-05 1.4360037507e+04 1.5707963268e+00 4.0226142893e-01
3.1388710990e-05 1.4361284238e+04 1.5707963268e+00 4.0533266034e-01
3.1626843552e-05 1.4362540924e+04 1.5707963268e+00 4.0840335847e-01
3.1864942457e-05 1.4363807573e+04 1.5707963268e+00 4.1147351919e-01
3.2103007454e-05 1.4365084194e+04 1.5707963268e+00 4.1454313839e-01
3.2341038291e-05 1.4366370795e+04 1.5707963268e+00 4.1761221195e-01
3.2579034718e-05 1.4367667384e+04 1.5707963268e+00 4.2068073575e-01
3.2816996482e-05 1.4368973971e+04 1.5707963268e+00 4.2374870567e-01
3.3054923335e-05 1.4370290563e+04 1.5707963268e+00 4.2681611759e-01
3.3292815024e-05 1.4371617170e+04 1.5707963268e+00 4.2988296739e-01
3.3530671300e-05 1.4372953800e+04 1.5707963268e+00 4.3294925095e-01
3.3768491912e-05 1.4374300462e+04 1.5707963268e+00 4.3601496416e-01
3.4006276610e-05 1.4375657165e+04 1.5707963268e+00 4.3908010289e-01
3.4244025143e-05 1.4377023917e+04 1.5707963268e+00 4.4214466301e-01
3.4481737263e-05 1.4378400728e+04 1.5707963268e+00 4.4520864042e-01
3.4719412719e-05 1.4379787607e+04 1.5707963268e+00 4.4827203099e-01
3.4957051261e-05 1.4381184562e+04 1.5707963268e+00 4.5133483059e-01
3.5194652640e-05 1.4382591603e+04 1.5707963268e+00 4.5439703511e-01
3.5432216607e-05 1.4384008739e+04 1.5707963268e+00 4.5745864042e-01
3.5669742912e-05 1.4385435979e+04 1.5707963268e+00 4.6051964240e-01
3.5907231307e-05 1.4386873333e+04 1.5707963268e+00 4.6358003694e-01
3.6144681543e-05 1.4388320809e+04 1.5707963268e+00 4.6663981990e-01
3.6382093370e-05 1.4389778418e+04 1.5707963268e+00 4.6969898716e-01
3.6619466540e-05 1.4391246169e+04 1.5707963268e+00 4.7275753461e-01
3.6856800805e-05 1.4392724071e+04 1.5707963268e+00 4.7581545812e-01
3.7094095917e-05 1.4394212134e+04 1.5707963268e+00 4.7887275356e-01
3.7331351628e-05 1.4395710368e+04 1.5707963268e+00 4.8192941682e-01
3.7568567689e-05 1.4397218782e+04 1.5707963268e+00 4.8498544376e-01
3.7805743852e-05 1.4398737386e+04 1.5707963268e+00 4.8804083027e-01
3.8042879871e-05 1.4400266189e+04 1.5707963268e+00 4.9109557223e-01
3.8279975498e-05 1.4401805203e+04 1.5707963268e+00 4.9414966550e-01
3.8517030486e-05 1.4403354436e+04 1.5707963268e+00 4.9720310596e-01
3.8754044586e-05 1.4404913899e+04 1.5707963268e+00 5.0025588949e-01
3.8991017553e-05 1.4406483601e+04 1.5707963268e+00 5.0330801197e-01
3.9227949140e-05 1.4408063553e+04 1.5707963268e+00 5.0635946927e-01
3.9464839100e-05 1.4409653765e+04 1.5707963268e+00 5.0941025727e-01
3.9701687187e-05 1.4411254248e+04 1.5707963268e+00 5.1246037184e-01
3.9938493154e-05 1.4412865010e+04 1.5707963268e+00 5.1550980885e-01
4.0175256756e-05 1.4414486064e+04 1.5707963268e+00 5.1855856419e-01
4.0411977746e-05 1.4416117418e+04 1.5707963268e+00 5.2160663373e-01
4.0648655879e-05 1.4417759084e+04 1.5707963268e+00 5.2465401333e-01
4.0885290909e-05 1.4419411072e+04 1.5707963268e+00 5.2770069888e-01
4.1121882592e-05 1.4421073393e+04 1.5707963268e+00 5.3074668625e-01
4.1358430681e-05 1.4422746057e+04 1.5707963268e+00 5.3379197132e-01
4.1594934931e-05 1.4424429075e+04 1.5707963268e+00 5.3683654996e-01
4.1831395099e-05 1.4426122457e+04 1.5707963268e+00 5.3988041804e-01
4.2067810940e-05 1.4427826214e+04 1.5707963268e+00 5.4292357144e-01
4.2304182208e-05 1.4429540358e+04 1.5707963268e+00 5.4596600604e-01
4.2540508660e-05 1.4431264899e+04 1.5707963268e+00 5.4900771770e-01
4.2776790052e-05 1.4432999847e+04 1.5707963268e+00 5.5204870231e-01
4.3013026140e-05 1.4434745215e+04 1.5707963268e+00 5.5508895573e-01
4.3249216680e-05 1.4436501012e+04 1.5707963268e+00 5.5812847384e-01
4.3485361429e-05 1.4438267250e+04 1.5707963268e+00 5.6116725252e-01
4.3721460144e-05 1.4440043941e+04 1.5707963268e+00 5.6420528764e-01
4.3957512581e-05 1.4441831095e+04 1.5707963268e+00 5.6724257507e-01
4.4193518498e-05 1.4443628723e+04 1.5707963268e+00 5.7027911068e-01
4.4429477652e-05 1.4445436838e+04 1.5707963268e+00 5.7331489037e-01
4.4665389801e-05 1.4447255449e+04 1.5707963268e+00 5.7634990998e-01
4.4901254702e-05 1.4449084570e+04 1.5707963268e+00 5.7938416541e-01
4.5137072113e-05 1.4450924210e+04 1.5707963268e+00 5.8241765252e-01
4.5372841793e-05 1.4452774382e+04 1.5707963268e+00 5.8545036720e-01
4.5608563500e-05 1.4454635097e+04 1.5707963268e+00 5.8848230531e-01
4.5844236993e-05 1.4456506367e+04 1.5707963268e+00 5.9151346272e-01
4.6079862030e-05 1.4458388204e+04 1.5707963268e+00 5.9454383532e-01
4.6315438370e-05 1.4460280618e+04 1.5707963268e+00 5.9757341898e-01
4.6550965773e-05 1.4462183623e+04 1.5707963268e+00 6.0060220958e-01
4.6786443998e-05 1.4464097229e+04 1.5707963268e+00 6.0363020298e-01
4.7021872805e-05 1.4466021449e+04 1.5707963268e+00 6.0665739507e-01
4.7257251953e-05 1.4467956295e+04 1.5707963268e+00 6.0968378172e-01
4.7492581204e-05 1.4469901778e+04 1.5707963268e+00 6.1270935880e-01
4.7727860316e-05 1.4471857911e+04 1.5707963268e+00 6.1573412219e-01
4.7963089051e-05 1.4473824706e+04 1.5707963268e+00 6.1875806777e-01
4.8198267170e-05 1.4475802174e+04 1.5707963268e+00 6.2178119141e-01
4.8433394433e-05 1.4477790328e+04 1.5707963268e+00 6.2480348900e-01
4.8668470602e-05 1.4479789181e+04 1.5707963268e+00 6.2782495639e-01
4.8903495438e-05 1.4481798744e+04 1.5707963268e+00 6.3084558948e-01
4.9138468703e-05 1.4483819030e+04 1.5707963268e+00 6.3386538414e-01
4.9373390160e-05 1.4485850051e+04 1.5707963268e+00 6.3688433625e-01
4.9608259569e-05 1.4487891819e+04 1.5707963268e+00 6.3990244167e-01
4.9843076694e-05 1.4489944348e+04 1.5707963268e+00 6.4291969630e-01
5.0077841297e-05 1.4492007650e+04 1.5707963268e+00 6.4593609601e-01
5.0312553141e-05 1.4494081736e+04 1.5707963268e+00 6.4895163667e-01
5.0547211989e-05 1.4496166621e+04 1.5707963268e+00 6.5196631417e-01
5.0781817605e-05 1.4498262316e+04 1.5707963268e+00 6.5498012439e-01
5.1016369752e-05 1.4500368834e+04 1.5707963268e+00 6.5799306320e-01
5.1250868195e-05 1.4502486188e+04 1.5707963268e+00 6.6100512648e-01
5.1485312697e-05 1.4504614391e+04 1.5707963268e+00 6.6401631011e-01
5.1719703022e-05 1.4506753456e+04 1.5707963268e+00 6.6702660998e-01
5.1954038936e-05 1.4508903396e+04 1.5707963268e+00 6.7003602196e-01
5.2188320203e-05 1.4511064223e+04 1.5707963268e+00 6.7304454193e-01
5.2422546588e-05 1.4513235951e+04 1.5707963268e+00 6.7605216578e-01
5.2656717857e-05 1.4515418592e+04 1.5707963268e+00 6.7905888939e-01
5.2890833775e-05 1.4517612160e+04 1.5707963268e+00 6.8206470864e-01
5.3124894108e-05 1.4519816668e+04 1.5707963268e+00 6.8506961940e-01
5.3358898623e-05 1.4522032130e+04 1.5707963268e+00 6.8807361758e-01
5.3592847086e-05 1.4524258557e+04 1.5707963268e+00 6.9107669904e-01
5.3826739263e-05 1.4526495965e+04 1.5707963268e+00 6.9407885967e-01
5.4060574922e-05 1.4528744365e+04 1.5707963268e+00 6.9708009536e-01
5.4294353830e-05 1.4531003772e+04 1.5707963268e+00 7.0008040200e-01
5.4528075754e-05 1.4533274198e+04 1.5707963268e+00 7.0307977546e-01
5.4761740462e-05 1.4535555658e+04 1.5707963268e+00 7.0607821163e-01
5.4995347722e-05 1.4537848165e+04 1.5707963268e+00 7.0907570641e-01
5.5228897302e-05 1.4540151732e+04 1.5707963268e+00 7.1207225567e-01
5.5462388972e-05 1.4542466374e+04 1.5707963268e+00 7.1506785530e-01
5.5695822499e-05 1.4544792103e+04 1.5707963268e+00 7.1806250120e-01
5.5929197654e-05 1.4547128933e+04 1.5707963268e+00 7.2105618925e-01
5.6162514205e-05 1.4549476879e+04 1.5707963268e+00 7.2404891535e-01
5.6395771922e-05 1.4551835953e+04 1.5707963268e+00 7.2704067537e-01
5.6628970576e-05 1.4554206170e+04 1.5707963268e+00 7.3003146522e-01
5.6862109936e-05 1.4556587544e+04 1.5707963268e+00 7.3302128078e-01
5.7095189773e-05 1.4558980089e+04 1.5707963268e+00 7.3601011795e-01
5.7328209858e-05 1.4561383818e+04 1.5707963268e+00 7.3899797262e-01
5.7561169962e-05 1.4563798746e+04 1.5707963268e+00 7.4198484068e-01
5.7794069856e-05 1.4566224886e+04 1.5707963268e+00 7.4497071803e-01
5.8026909313e-05 1.4568662253e+04 1.5707963268e+00 7.4795560057e-01
5.8259688105e-05 1.4571110861e+04 1.5707963268e+00 7.5093948418e-01
5.8492406003e-05 1.4573570724e+04 1.5707963268e+00 7.5392236477e-01
5.8725062781e-05 1.4576041856e+04 1.5707963268e+00 7.5690423823e-01
5.8957658210e-05 1.4578524272e+04 1.5707963268e+00 7.5988510046e-01
5.9190192066e-05 1.4581017986e+04 1.5707963268e+00 7.6286494736e-01
5.9422664120e-05 1.4583523012e+04 1.5707963268e+00 7.6584377484e-01
5.9655074148e-05 1.4586039365e+04 1.5707963268e+00 7.6882157878e-01
5.9887421922e-05 1.4588567059e+04 1.5707963268e+00 7.7179835510e-01
6.0119707218e-05 1.4591106108e+04 1.5707963268e+00 7.7477409970e-01
6.0351929811e-05 1.4593656528e+04 1.5707963268e+00 7.7774880848e-01
6.0584089475e-05 1.4596218332e+04 1.5707963268e+00 7.8072247734e-01
6.0816185986e-05 1.4598791535e+04 1.5707963268e+00 7.8369510219e-01
6.1048219120e-05 1.4601376152e+04 1.5707963268e+00 7.8666667894e-01
6.1280188652e-05 1.4603972198e+04 1.5707963268e+00 7.8963720350e-01
6.1512094360e-05 1.4606579687e+04 1.5707963268e+00 7.9260667176e-01
6.1743936020e-05 1.4609198634e+04 1.5707963268e+00 7.9557507966e-01
6.1975713408e-05 1.4611829054e+04 1.5707963268e+00 7.9854242308e-01
6.2207426302e-05 1.4614470962e+04 1.5707963268e+00 8.0150869795e-01
6.2439074481e-05 1.4617124372e+04 1.5707963268e+00 8.0447390018e-01
6.2670657721e-05 1.4619789300e+04 1.5707963268e+00 8.0743802569e-01
6.2902175802e-05 1.4622465760e+04 1.5707963268e+00 8.1040107038e-01
6.3133628501e-05 1.4625153768e+04 1.5707963268e+00 8.1336303018e-01
6.3365015598e-05 1.4627853338e+04 1.5707963268e+00 8.1632390099e-01
6.3596336873e-05 1.4630564485e+04 1.5707963268e+00 8.1928367875e-01
6.3827592105e-05 1.4633287226e+04 1.5707963268e+00 8.2224235937e-01
6.4058781073e-05 1.4636021574e+04 1.5707963268e+00 8.2519993878e-01
6.4289903559e-05 1.4638767545e+04 1.5707963268e+00 8.2815641288e-01
6.4520959343e-05 1.4641525154e+04 1.5707963268e+00 8.3111177762e-01
6.4751948207e-05 1.4644294417e+04 1.5707963268e+00 8.3406602891e-01
6.4982869930e-05 1.4647075349e+04 1.5707963268e+00 8.3701916268e-01
6.5213724296e-05 1.4649867965e+04 1.5707963268e+00 8.3997117486e-01
6.5444511087e-05 1.4652672280e+04 1.5707963268e+00 8.4292206137e-01
6.5675230084e-05 1.4655488310e+04 1.5707963268e+00 8.4587181815e-01
6.5905881071e-05 1.4658316070e+04 1.5707963268e+00 8.4882044113e-01
6.6136463831e-05 1.4661155577e+04 1.5707963268e+00 8.5176792625e-01
6.6366978147e-05 1.4664006844e+04 1.5707963268e+00 8.5471426943e-01
6.6597423804e-05 1.4666869889e+04 1.5707963268e+00 8.5765946662e-01
6.6827800585e-05 1.4669744725e+04 1.5707963268e+00 8.6060351374e-01
6.7058108275e-05 1.4672631370e+04 1.5707963268e+00 8.6354640675e-01
6.7288346660e-05 1.4675529839e+04 1.5707963268e+00 8.6648814158e-01
6.7518515524e-05 1.4678440147e+04 1.5707963268e+00 8.6942871418e-01
6.7748614653e-05 1.4681362310e+04 1.5707963268e+00 8.7236812048e-01
6.7978643833e-05 1.4684296344e+04 1.5707963268e+00 8.7530635644e-01
6.8208602851e-05 1.4687242265e+04 1.5707963268e+00 8.7824341800e-01
6.8438491494e-05 1.4690200088e+04 1.5707963268e+00 8.8117930111e-01
6.8668309549e-05 1.4693169829e+04 1.5707963268e+00 8.8411400172e-01
6.8898056803e-05 1.4696151505e+04 1.5707963268e+00 8.8704751579e-01
6.9127733044e-05 1.4699145130e+04 1.5707963268e+00 8.8997983926e-01
6.9357338061e-05 1.4702150722e+04 1.5707963268e+00 8.9291096810e-01
6.9586871643e-05 1.4705168296e+04 1.5707963268e+00 8.9584089826e-01
6.9816333579e-05 1.4708197868e+04 1.5707963268e+00 8.9876962569e-01
7.0045723657e-05 1.4711239454e+04 1.5707963268e+00 9.0169714638e-01
7.0275041669e-05 1.4714293070e+04 1.5707963268e+00 9.0462345626e-01
7.0504287404e-05 1.4717358732e+04 1.5707963268e+00 9.0754855132e-01
7.0733460653e-05 1.4720436457e+04 1.5707963268e+00 9.1047242751e-01
7.0962561207e-05 1.4723526260e+04 1.5707963268e+00 9.1339508081e-01
7.1191588857e-05 1.4726628158e+04 1.5707963268e+00 9.1631650718e-01
7.1420543397e-05 1.4729742167e+04 1.5707963268e+00 9.1923670261e-01
7.1649424617e-05 1.4732868304e+04 1.5707963268e+00 9.2215566306e-01
7.1878232310e-05 1.4736006584e+04 1.5707963268e+00 9.2507338451e-01
7.2106966270e-05 1.4739157024e+04 1.5707963268e+00 9.2798986294e-01
7.2335626290e-05 1.4742319640e+04 1.5707963268e+00 9.3090509432e-01
7.2564212164e-05 1.4745494448e+04 1.5707963268e+00 9.3381907466e-01
7.2792723686e-05 1.4748681466e+04 1.5707963268e+00 9.3673179992e-01
7.3021160651e-05 1.4751880709e+04 1.5707963268e+00 9.3964326610e-01
7.3249522855e-05 1.4755092194e+04 1.5707963268e+00 9.4255346918e-01
7.3477810091e-05 1.4758315937e+04 1.5707963268e+00 9.4546240517e-01
7.3706022158e-05 1.4761551955e+04 1.5707963268e+00 9.4837007004e-01
7.3934158851e-05 1.4764800264e+04 1.5707963268e+00 9.5127645980e-01
7.4162219966e-05 1.4768060882e+04 1.5707963268e+00 9.5418157045e-01
7.4390205302e-05 1.4771333823e+04 1.5707963268e+00 9.5708539798e-01
7.4618114655e-05 1.4774619107e+04 1.5707963268e+00 9.5998793841e-01
7.4845947824e-05 1.4777916748e+04 1.5707963268e+00 9.6288918773e-01
7.5073704607e-05 1.4781226763e+04 1.5707963268e+00 9.6578914195e-01
7.5301384804e-05 1.4784549170e+04 1.5707963268e+00 9.6868779709e-01
7.5528988213e-05 1.4787883984e+04 1.5707963268e+00 9.7158514915e-01
7.5756514635e-05 1.4791231223e+04 1.5707963268e+00 9.7448119415e-01
7.5983963869e-05 1.4794590904e+04 1.5707963268e+00 9.7737592812e-01
7.6211335717e-05 1.4797963043e+04 1.5707963268e+00 9.8026934707e-01
7.6438629979e-05 1.4801347656e+04 1.5707963268e+00 9.8316144701e-01
7.6665846457e-05 1.4804744762e+04 1.5707963268e+00 9.8605222399e-01
7.6892984954e-05 1.4808154377e+04 1.5707963268e+00 9.8894167403e-01
7.7120045271e-05 1.4811576517e+04 1.5707963268e+00 9.9182979315e-01
7.7347027211e-05 1.4815011199e+04 1.5707963268e+00 9.9471657739e-01
7.7573930578e-05 1.4818458441e+04 1.5707963268e+00 9.9760202279e-01
7.7800755175e-05 1.4821918260e+04 1.5707963268e+00 1.0004861254e+00
7.8027500807e-05 1.4825390672e+04 1.5707963268e+00 1.0033688812e+00
7.8254167279e-05 1.4828875694e+04 1.5707963268e+00 1.0062502863e+00
7.8480754395e-05 1.4832373344e+04 1.5707963268e+00 1.0091303368e+00
7.8707261961e-05 1.4835883639e+04 1.5707963268e+00 1.0120090286e+00
7.8933689784e-05 1.4839406595e+04 1.5707963268e+00 1.0148863579e+00
7.9160037670e-05 1.4842942229e+04 1.5707963268e+00 1.0177623206e+00
7.9386305425e-05 1.4846490559e+04 1.5707963268e+00 1.0206369129e+00
7.9612492858e-05 1.4850051603e+04 1.5707963268e+00 1.0235101308e+00
7.9838599776e-05 1.4853625376e+04 1.5707963268e+00 1.0263819704e+00
8.0064625987e-05 1.4857211896e+04 1.5707963268e+00 1.0292524277e+00
8.0290571301e-05 1.4860811181e+04 1.5707963268e+00 1.0321214988e+00
8.0516435527e-05 1.4864423248e+04 1.5707963268e+00 1.0349891798e+00
8.0742218474e-05 1.4868048113e+04 1.5707963268e+00 1.0378554668e+00
8.0967919954e-05 1.4871685794e+04 1.5707963268e+00 1.0407203558e+00
8.1193539776e-05 1.4875336309e+04 1.5707963268e+00 1.0435838430e+00
8.1419077752e-05 1.4878999674e+04 1.5707963268e+00 1.0464459243e+00
8.1644533693e-05 1.4882675907e+04 1.5707963268e+00 1.0493065960e+00
8.1869907412e-05 1.4886365026e+04 1.5707963268e+00 1.0521658541e+00
8.2095198722e-05 1.4890067047e+04 1.5707963268e+00 1.0550236946e+00
8.2320407436e-05 1.4893781988e+04 1.5707963268e+00 1.0578801138e+00
8.2545533367e-05 1.4897509866e+04 1.5707963268e+00 1.0607351076e+00
8.2770576329e-05 1.4901250699e+04 1.5707963268e+00 1.0635886723e+00
8.2995536138e-05 1.4905004504e+04 1.5707963268e+00 1.0664408039e+00
8.3220412608e-05 1.4908771298e+04 1.5707963268e+00 1.0692914985e+00
8.3445205555e-05 1.4912551099e+04 1.5707963268e+00 1.0721407522e+00
8.3669914795e-05 1.4916343925e+04 1.5707963268e+00 1.0749885612e+00
8.3894540144e-05 1.4920149792e+04 1.5707963268e+00 1.0778349216e+00
8.4119081421e-05 1.4923968719e+04 1.5707963268e+00 1.0806798295e+00
8.4343538442e-05 1.4927800722e+04 1.5707963268e+00 1.0835232811e+00
8.4567911025e-05 1.4931645820e+04 1.5707963268e+00 1.0863652724e+00
8.4792198990e-05 1.4935504029e+04 1.5707963268e+00 1.0892057997e+00
8.5016402156e-05 1.4939375368e+04 1.5707963268e+00 1.0920448590e+00
8.5240520341e-05 1.4943259853e+04 1.5707963268e+00 1.0948824465e+00
8.5464553367e-05 1.4947157503e+04 1.5707963268e+00 1.0977185584e+00
8.5688501053e-05 1.4951068335e+04 1.5707963268e+00 1.1005531908e+00
8.5912363222e-05 1.4954992367e+04 1.5707963268e+00 1.1033863399e+00
8.6136139694e-05 1.4958929615e+04 1.5707963268e+00 1.1062180018e+00
8.6359830293e-05 1.4962880098e+04 1.5707963268e+00 1.1090481728e+00
8.6583434840e-05 1.4966843834e+04 1.5707963268e+00 1.1118768488e+00
8.6806953160e-05 1.4970820840e+04 1.5707963268e+00 1.1147040263e+00
8.7030385075e-05 1.4974811133e+04 1.5707963268e+00 1.1175297012e+00
8.7253730411e-05 1.4978814731e+04 1.5707963268e+00 1.1203538699e+00
8.7476988992e-05 1.4982831653e+04 1.5707963268e+00 1.1231765284e+00
8.7700160643e-05 1.4986861915e+04 1.5707963268e+00 1.1259976730e+00
8.7923245191e-05 1.4990905535e+04 1.5707963268e+00 1.1288172999e+00
8.8146242461e-05 1.4994962531e+04 1.5707963268e+00 1.1316354052e+00
8.8369152281e-05 1.4999032921e+04 1.5707963268e+00 1.1344519852e+00
8.8591974479e-05 1.5003116722e+04 1.5707963268e+00 1.1372670361e+00
8.8814708882e-05 1.5007213952e+04 1.5707963268e+00 1.1400805541e+00
8.9037355318e-05 1.5011324629e+04 1.5707963268e+00 1.1428925354e+00
8.9259913618e-05 1.5015448770e+04 1.5707963268e+00 1.1457029762e+00
8.9482383610e-05 1.5019586393e+04 1.5707963268e+00 1.1485118727e+00
8.9704765126e-05 1.5023737517e+04 1.5707963268e+00 1.1513192212e+00
8.9927057995e-05 1.5027902158e+04 1.5707963268e+00 1.1541250180e+00
9.0149262049e-05 1.5032080334e+04 1.5707963268e+00 1.1569292591e+00
9.0371377119e-05 1.5036272064e+04 1.5707963268e+00 1.1597319410e+00
9.0593403039e-05 1.5040477364e+04 1.5707963268e+00 1.1625330598e+00
9.0815339641e-05 1.5044696254e+04 1.5707963268e+00 1.1653326117e+00
9.1037186759e-05 1.5048928749e+04 1.5707963268e+00 1.1681305931e+00
9.1258944226e-05 1.5053174869e+04 1.5707963268e+00 1.1709270002e+00
9.1480611878e-05 1.5057434631e+04 1.5707963268e+00 1.1737218293e+00
9.1702189549e-05 1.5061708053e+04 1.5707963268e+00 1.1765150766e+00
9.1923677076e-05 1.5065995152e+04 1.5707963268e+00 1.1793067384e+00
9.2145074294e-05 1.5070295947e+04 1.5707963268e+00 1.1820968110e+00
9.2366381040e-05 1.5074610455e+04 1.5707963268e+00 1.1848852907e+00
9.2587597152e-05 1.5078938694e+04 1.5707963268e+00 1.1876721737e+00
9.2808722468e-05 1.5083280682e+04 1.5707963268e+00 1.1904574564e+00
9.3029756826e-05 1.5087636436e+04 1.5707963268e+00 1.1932411350e+00
9.3250700065e-05 1.5092005975e+04 1.5707963268e+00 1.1960232059e+00
9.3471552026e-05 1.5096389316e+04 1.5707963268e+00 1.1988036653e+00
9.3692312548e-05 1.5100786477e+04 1.5707963268e+00 1.2015825097e+00
9.3912981472e-05 1.5105197475e+04 1.5707963268e+00 1.2043597352e+00
9.4133558640e-05 1.5109622330e+04 1.5707963268e+00 1.2071353383e+00
9.4354043894e-05 1.5114061057e+04 1.5707963268e+00 1.2099093152e+00
9.4574437075e-05 1.5118513676e+04 1.5707963268e+00 1.2126816623e+00
9.4794738028e-05 1.5122980204e+04 1.5707963268e+00 1.2154523759e+00
9.5014946596e-05 1.5127460659e+04 1.5707963268e+00 1.2182214524e+00
9.5235062624e-05 1.5131955059e+04 1.5707963268e+00 1.2209888881e+00
9.5455085955e-05 1.5136463421e+04 1.5707963268e+00 1.2237546794e+00
9.5675016437e-05 1.5140985763e+04 1.5707963268e+00 1.2265188226e+00
9.5894853914e-05 1.5145522103e+04 1.5707963268e+00 1.2292813142e+00
9.6114598233e-05 1.5150072459e+04 1.5707963268e+00 1.2320421504e+00
9.6334249243e-05 1.5154636849e+04 1.5707963268e+00 1.2348013277e+00
9.6553806790e-05 1.5159215290e+04 1.5707963268e+00 1.2375588424e+00
9.6773270722e-05 1.5163807801e+04 1.5707963268e+00 1.2403146909e+00
9.6992640890e-05 1.5168414398e+04 1.5707963268e+00 1.2430688697e+00
9.7211917142e-05 1.5173035100e+04 1.5707963268e+00 1.2458213751e+00
9.7431099330e-05 1.5177669925e+04 1.5707963268e+00 1.2485722035e+00
9.7650187303e-05 1.5182318890e+04 1.5707963268e+00 1.2513213514e+00
9.7869180912e-05 1.5186982013e+04 1.5707963268e+00 1.2540688151e+00
9.8088080011e-05 1.5191659312e+04 1.5707963268e+00 1.2568145911e+00
9.8306884452e-05 1.5196350805e+04 1.5707963268e+00 1.2595586758e+00
9.8525594088e-05 1.5201056509e+04 1.5707963268e+00 1.2623010656e+00
9.8744208772e-05 1.5205776443e+04 1.5707963268e+00 1.2650417570e+00
9.8962728359e-05 1.5210510623e+04 1.5707963268e+00 1.2677807465e+00
9.9181152705e-05 1.5215259067e+04 1.5707963268e+00 1.2705180304e+00
9.9399481665e-05 1.5220021794e+04 1.5707963268e+00 1.2732536053e+00
9.9617715094e-05 1.5224798821e+04 1.5707963268e+00 1.2759874675e+00
9.9835852851e-05 1.5229590166e+04 1.5707963268e+00 1.2787196137e+00
1.0005389479e-04 1.5234395846e+04 1.5707963268e+00 1.2814500402e+00
1.0027184078e-04 1.5239215880e+04 1.5707963268e+00 1.2841787435e+00
1.0048969066e-04 1.5244050284e+04 1.5707963268e+00 1.2869057202e+00
1.0070744431e-04 1.5248899076e+04 1.5707963268e+00 1.2896309666e+00
1.0092510157e-04 1.5253762275e+04 1.5707963268e+00 1.2923544794e+00
1.0114266232e-04 1.5258639898e+04 1.5707963268e+00 1.2950762550e+00
1.0136012641e-04 1.5263531961e+04 1.5707963268e+00 1.2977962900e+00
1.0157749371e-04 1.5268438485e+04 1.5707963268e+00 1.3005145808e+00
1.0179476407e-04 1.5273359484e+04 1.5707963268e+00 1.3032311240e+00
1.0201193736e-04 1.5278294978e+04 1.5707963268e+00 1.3059459162e+00
1.0222901344e-04 1.5283244984e+04 1.5707963268e+00 1.3086589538e+00
1.0244599218e-04 1.5288209520e+04 1.5707963268e+00 1.3113702334e+00
1.0266287345e-04 1.5293188602e+04 1.5707963268e+00 1.3140797515e+00
1.0287965710e-04 1.5298182249e+04 1.5707963268e+00 1.3167875048e+00
1.0309634301e-04 1.5303190478e+04 1.5707963268e+00 1.3194934898e+00
1.0331293104e-04 1.5308213307e+04 1.5707963268e+00 1.3221977031e+00
1.0352942106e-04 1.5313250753e+04 1.5707963268e+00 1.3249001411e+00
1.0374581293e-04 1.5318302834e+04 1.5707963268e+00 1.3276008006e+00
1.0396210653e-04 1.5323369568e+04 1.5707963268e+00 1.3302996782e+00
1.0417830173e-04 1.5328450970e+04 1.5707963268e+00 1.3329967703e+00
1.0439439839e-04 1.5333547060e+04 1.5707963268e+00 1.3356920737e+00
1.0461039638e-04 1.5338657855e+04 1.5707963268e+00 1.3383855849e+00
1.0482629559e-04 1.5343783372e+04 1.5707963268e+00 1.3410773006e+00
1.0504209587e-04 1.5348923628e+04 1.5707963268e+00 1.3437672174e+00
1.0525779710e-04 1.5354078641e+04 1.5707963268e+00 1.3464553319e+00
1.0547339916e-04 1.5359248428e+04 1.5707963268e+00 1.3491416407e+00
1.0568890192e-04 1.5364433007e+04 1.5707963268e+00 1.3518261406e+00
1.0590430525e-04 1.5369632395e+04 1.5707963268e+00 1.3545088281e+00
1.0611960903e-04 1.5374846610e+04 1.5707963268e+00 1.3571897000e+00
1.0633481314e-04 1.5380075668e+04 1.5707963268e+00 1.3598687529e+00
1.0654991744e-04 1.5385319586e+04 1.5707963268e+00 1.3625459835e+00
1.0676492182e-04 1.5390578383e+04 1.5707963268e+00 1.3652213884e+00
1.0697982616e-04 1.5395852076e+04 1.5707963268e+00 1.3678949644e+00
1.0719463034e-04 1.5401140681e+04 1.5707963268e+00 1.3705667082e+00
1.0740933422e-04 1.5406444216e+04 1.5707963268e+00 1.3732366164e+00
1.0762393770e-04 1.5411762699e+04 1.5707963268e+00 1.3759046858e+00
1.0783844065e-04 1.5417096145e+04 1.5707963268e+00 1.3785709131e+00
1.0805284296e-04 1.5422444574e+04 1.5707963268e+00 1.3812352951e+00
1.0826714450e-04 1.5427808000e+04 1.5707963268e+00 1.3838978284e+00
1.0848134516e-04 1.5433186443e+04 1.5707963268e+00 1.3865585098e+00
1.0869544482e-04 1.5438579918e+04 1.5707963268e+00 1.3892173361e+00
1.0890944337e-04 1.5443988443e+04 1.5707963268e+00 1.3918743040e+00
1.0912334068e-04 1.5449412036e+04 1.5707963268e+00 1.3945294103e+00
1.0933713665e-04 1.5454850712e+04 1.5707963268e+00 1.3971826518e+00
1.0955083116e-04 1.5460304489e+04 1.5707963268e+00 1.3998340253e+00
1.0976442410e-04 1.5465773384e+04 1.5707963268e+00 1.4024835274e+00
1.0997791535e-04 1.5471257415e+04 1.5707963268e+00 1.4051311551e+00
1.1019130480e-04 1.5476756597e+04 1.5707963268e+00 1.4077769052e+00
1.1040459234e-04 1.5482270948e+04 1.5707963268e+00 1.4104207744e+00
1.1061777786e-04 1.5487800485e+04 1.5707963268e+00 1.4130627597e+00
1.1083086124e-04 1.5493345224e+04 1.5707963268e+00 1.4157028577e+00
1.1104384239e-04 1.5498905182e+04 1.5707963268e+00 1.4183410654e+00
1.1125672118e-04 1.5504480377e+04 1.5707963268e+00 1.4209773796e+00
1.1146949751e-04 1.5510070825e+04 1.5707963268e+00 1.4236117971e+00
1.1168217128e-04 1.5515676543e+04 1.5707963268e+00 1.4262443148e+00
1.1189474237e-04 1.5521297547e+04 1.5707963268e+00 1.4288749297e+00
1.1210721069e-04 1.5526933855e+04 1.5707963268e+00 1.4315036385e+00
1.1231957611e-04 1.5532585482e+04 1.5707963268e+00 1.4341304382e+00
1.1253183855e-04 1.5538252446e+04 1.5707963268e+00 1.4367553256e+00
1.1274399789e-04 1.5543934763e+04 1.5707963268e+00 1.4393782976e+00
1.1295605403e-04 1.5549632450e+04 1.5707963268e+00 1.4419993513e+00
1.1316800687e-04 1.5555345524e+04 1.5707963268e+00 1.4446184834e+00
1.1337985631e-04 1.5561074000e+04 1.5707963268e+00 1.4472356909e+00
1.1359160224e-04 1.5566817896e+04 1.5707963268e+00 1.4498509708e+00
1.1380324456e-04 1.5572577227e+04 1.5707963268e+00 1.4524643200e+00
1.1401478318e-04 1.5578352011e+04 1.5707963268e+00 1.4550757354e+00
1.1422621799e-04 1.5584142264e+04 1.5707963268e+00 1.4576852141e+00
1.1443754889e-04 1.5589948002e+04 1.5707963268e+00 1.4602927529e+00
1.1464877580e-04 1.5595769242e+04 1.5707963268e+00 1.4628983489e+00
1.1485989860e-04 1.5601605999e+04 1.5707963268e+00 1.4655019991e+00
1.1507091720e-04 1.5607458291e+04 1.5707963268e+00 1.4681037004e+00
1.1528183150e-04 1.5613326133e+04 1.5707963268e+00 1.4707034499e+00
1.1549264142e-04 1.5619209542e+04 1.5707963268e+00 1.4733012445e+00
1.1570334686e-04 1.5625108534e+04 1.5707963268e+00 1.4758970814e+00
1.1591394771e-04 1.5631023125e+04 1.5707963268e+00 1.4784909575e+00
1.1612444389e-04 1.5636953331e+04 1.5707963268e+00 1.4810828698e+00
1.1633483531e-04 1.5642899169e+04 1.5707963268e+00 1.4836728155e+00
1.1654512187e-04 1.5648860654e+04 1.5707963268e+00 1.4862607916e+00
1.1675530348e-04 1.5654837802e+04 1.5707963268e+00 1.4888467951e+00
1.1696538006e-04 1.5660830630e+04 1.5707963268e+00 1.4914308231e+00
1.1717535150e-04 1.5666839154e+04 1.5707963268e+00 1.4940128728e+00
1.1738521773e-04 1.5672863389e+04 1.5707963268e+00 1.4965929412e+00
1.1759497864e-04 1.5678903351e+04 1.5707963268e+00 1.4991710254e+00
1.1780463417e-04 1.5684959056e+04 1.5707963268e+00 1.5017471225e+00
1.1801418421e-04 1.5691030520e+04 1.5707963268e+00 1.5043212297e+00
1.1822362868e-04 1.5697117759e+04 1.5707963268e+00 1.5068933441e+00
1.1843296750e-04 1.5703220789e+04 1.5707963268e+00 1.5094634628e+00
1.1864220057e-04 1.5709339625e+04 1.5707963268e+00 1.5120315829e+00
1.1885132783e-04 1.5715474283e+04 1.5707963268e+00 1.5145977018e+00
1.1906034917e-04 1.5721624779e+04 1.5707963268e+00 1.5171618164e+00
1.1926926452e-04 1.5727791127e+04 1.5707963268e+00 1.5197239240e+00
1.1947807380e-04 1.5733973345e+04 1.5707963268e+00 1.5222840218e+00
1.1968677692e-04 1.5740171447e+04 1.5707963268e+00 1.5248421069e+00
1.1989537381e-04 1.5746385449e+04 1.5707963268e+00 1.5273981767e+00
1.2010386438e-04 1.5752615366e+04 1.5707963268e+00 1.5299522282e+00
1.2031224855e-04 1.5758861214e+04 1.5707963268e+00 1.5325042588e+00
1.2052052624e-04 1.5765123008e+04 1.5707963268e+00 1.5350542656e+00
1.2072869738e-04 1.5771400764e+04 1.5707963268e+00 1.5376022459e+00
1.2093676189e-04 1.5777694496e+04 1.5707963268e+00 1.5401481970e+00
1.2114471969e-04 1.5784004221e+04 1.5707963268e+00 1.5426921161e+00
1.2135257071e-04 1.5790329952e+04 1.5707963268e+00 1.5452340006e+00
1.2156031486e-04 1.5796671706e+04 1.5707963268e+00 1.5477738476e+00
1.2176795208e-04 1.5803029498e+04 1.5707963268e+00 1.5503116545e+00
1.2197548229e-04 1.5809403343e+04 1.5707963268e+00 1.5528474185e+00
1.2218290541e-04 1.5815793255e+04 1.5707963268e+00 1.5553811371e+00
1.2239022138e-04 1.5822199250e+04 1.5707963268e+00 1.5579128075e+00
1.2259743013e-04 1.5828621342e+04 1.5707963268e+00 1.5604424270e+00
1.2280453157e-04 1.5835059548e+04 1.5707963268e+00 1.5629699931e+00
1.2301152564e-04 1.5841513880e+04 1.5707963268e+00 1.5654955030e+00
1.2321841227e-04 1.5847984356e+04 1.5707963268e+00 1.5680189541e+00
1.2342519139e-04 1.5854470988e+04 1.5707963268e+00 1.5705403438e+00
1.2363186294e-04 1.5860973793e+04 1.5707963268e+00 1.5730596695e+00
1.2383842684e-04 1.5867492784e+04 1.5707963268e+00 1.5755769285e+00
1.2404488302e-04 1.5874027976e+04 1.5707963268e+00 1.5780921183e+00
1.2425123142e-04 1.5880579385e+04 1.5707963268e+00 1.5806052363e+00
1.2445747198e-04 1.5887147024e+04 1.5707963268e+00 1.5831162799e+00
1.2466360463e-04 1.5893730908e+04 1.5707963268e+00 1.5856252466e+00
1.2486962931e-04 1.5900331051e+04 1.5707963268e+00 1.5881321337e+00
1.2507554594e-04 1.5906947469e+04 1.5707963268e+00 1.5906369388e+00
1.2528135447e-04 1.5913580175e+04 1.5707963268e+00 1.5931396593e+00
1.2548705484e-04 1.5920229184e+04 1.5707963268e+00 1.5956402927e+00
1.2569264698e-04 1.5926894510e+04 1.5707963268e+00 1.5981388364e+00
1.2589813083e-04 1.5933576167e+04 1.5707963268e+00 1.6006352881e+00
1.2610350634e-04 1.5940274170e+04 1.5707963268e+00 1.6031296451e+00
1.2630877344e-04 1.5946988533e+04 1.5707963268e+00 1.6056219050e+00
1.2651393207e-04 1.5953719269e+04 1.5707963268e+00 1.6081120653e+00
1.2671898218e-04 1.5960466394e+04 1.5707963268e+00 1.6106001235e+00
1.2692392370e-04 1.5967229920e+04 1.5707963268e+00 1.6130860773e+00
1.2712875659e-04 1.5974009862e+04 1.5707963268e+00 1.6155699242e+00
1.2733348078e-04 1.5980806234e+04 1.5707963268e+00 1.6180516617e+00
1.2753809622e-04 1.5987619050e+04 1.5707963268e+00 1.6205312874e+00
1.2774260286e-04 1.5994448323e+04 1.5707963268e+00 1.6230087989e+00
1.2794700064e-04 1.6001294067e+04 1.5707963268e+00 1.6254841938e+00
1.2815128950e-04 1.6008156297e+04 1.5707963268e+00 1.6279574697e+00
1.2835546940e-04 1.6015035025e+04 1.5707963268e+00 1.6304286243e+00
1.2855954028e-04 1.6021930265e+04 1.5707963268e+00 1.6328976552e+00
1.2876350210e-04 1.6028842032e+04 1.5707963268e+00 1.6353645600e+00
1.2896735479e-04 1.6035770337e+04 1.5707963268e+00 1.6378293364e+00
1.2917109831e-04 1.6042715196e+04 1.5707963268e+00 1.6402919821e+00
1.2937473262e-04 1.6049676621e+04 1.5707963268e+00 1.6427524946e+00
1.2957825766e-04 1.6056654625e+04 1.5707963268e+00 1.6452108718e+00
1.2978167338e-04 1.6063649223e+04 1.5707963268e+00 1.6476671113e+00
1.2998497974e-04 1.6070660427e+04 1.5707963268e+00 1.6501212108e+00
1.3018817669e-04 1.6077688250e+04 1.5707963268e+00 1.6525731681e+00
1.3039126419e-04 1.6084732706e+04 1.5707963268e+00 1.6550229809e+00
1.3059424219e-04 1.6091793808e+04 1.5707963268e+00 1.6574706469e+00
1.3079711064e-04 1.6098871568e+04 1.5707963268e+00 1.6599161638e+00
1.3099986951e-04 1.6105966001e+04 1.5707963268e+00 1.6623595295e+00
1.3120251874e-04 1.6113077118e+04 1.5707963268e+00 1.6648007417e+00
1.3140505830e-04 1.6120204932e+04 1.5707963268e+00 1.6672397983e+00
1.3160748814e-04 1.6127349457e+04 1.5707963268e+00 1.6696766969e+00
1.3180980823e-04 1.6134510705e+04 1.5707963268e+00 1.6721114355e+00
1.3201201853e-04 1.6141688690e+04 1.5707963268e+00 1.6745440118e+00
1.3221411898e-04 1.6148883422e+04 1.5707963268e+00 1.6769744236e+00
1.3241610956e-04 1.6156094917e+04 1.5707963268e+00 1.6794026689e+00
1.3261799023e-04 1.6163323185e+04 1.5707963268e+00 1.6818287455e+00
1.3281976094e-04 1.6170568239e+04 1.5707963268e+00 1.6842526512e+00
1.3302142167e-04 1.6177830092e+04 1.5707963268e+00 1.6866743839e+00
1.3322297237e-04 1.6185108756e+04 1.5707963268e+00 1.6890939415e+00
1.3342441302e-04 1.6192404244e+04 1.5707963268e+00 1.6915113219e+00
1.3362574356e-04 1.6199716567e+04 1.5707963268e+00 1.6939265230e+00
1.3382696398e-04 1.6207045739e+04 1.5707963268e+00 1.6963395428e+00
1.3402807424e-04 1.6214391770e+04 1.5707963268e+00 1.6987503792e+00
1.3422907430e-04 1.6221754674e+04 1.5707963268e+00 1.7011590300e+00
1.3442996413e-04 1.6229134463e+04 1.5707963268e+00 1.7035654934e+00
1.3463074370e-04 1.6236531147e+04 1.5707963268e+00 1.7059697672e+00
1.3483141298e-04 1.6243944740e+04 1.5707963268e+00 1.7083718494e+00
1.3503197194e-04 1.6251375253e+04 1.5707963268e+00 1.7107717380e+00
1.3523242056e-04 1.6258822698e+04 1.5707963268e+00 1.7131694311e+00
1.3543275879e-04 1.6266287087e+04 1.5707963268e+00 1.7155649266e+00
1.3563298662e-04 1.6273768431e+04 1.5707963268e+00 1.7179582226e+00
1.3583310401e-04 1.6281266742e+04 1.5707963268e+00 1.7203493171e+00
1.3603311094e-04 1.6288782032e+04 1.5707963268e+00 1.7227382081e+00
1.3623300738e-04 1.6296314312e+04 1.5707963268e+00 1.7251248938e+00
1.3643279331e-04 1.6303863594e+04 1.5707963268e+00 1.7275093721e+00
1.3663246870e-04 1.6311429889e+04 1.5707963268e+00 1.7298916412e+00
1.3683203353e-04 1.6319013208e+04 1.5707963268e+00 1.7322716992e+00
1.3703148778e-04 1.6326613562e+04 1.5707963268e+00 1.7346495442e+00
1.3723083141e-04 1.6334230964e+04 1.5707963268e+00 1.7370251743e+00
1.3743006442e-04 1.6341865424e+04 1.5707963268e+00 1.7393985876e+00
1.3762918678e-04 1.6349516952e+04 1.5707963268e+00 1.7417697823e+00
1.3782819846e-04 1.6357185561e+04 1.5707963268e+00 1.7441387566e+00
1.3802709945e-04 1.6364871261e+04 1.5707963268e+00 1.7465055085e+00
1.3822588972e-04 1.6372574064e+04 1.5707963268e+00 1.7488700363e+00
1.3842456927e-04 1.6380293979e+04 1.5707963268e+00 1.7512323382e+00
1.3862313807e-04 1.6388031017e+04 1.5707963268e+00 1.7535924124e+00
1.3882159609e-04 1.6395785191e+04 1.5707963268e+00 1.7559502570e+00
1.3901994334e-04 1.6403556509e+04 1.5707963268e+00 1.7583058704e+00
1.3921817979e-04 1.6411344983e+04 1.5707963268e+00 1.7606592508e+00
1.3941630542e-04 1.6419150623e+04 1.5707963268e+00 1.7630103963e+00
1.3961432022e-04 1.6426973440e+04 1.5707963268e+00 1.7653593054e+00
1.3981222417e-04 1.6434813444e+04 1.5707963268e+00 1.7677059762e+00
1.4001001727e-04 1.6442670646e+04 1.5707963268e+00 1.7700504070e+00
1.4020769949e-04 1.6450545055e+04 1.5707963268e+00 1.7723925961e+00
1.4040527083e-04 1.6458436682e+04 1.5707963268e+00 1.7747325419e+00
1.4060273128e-04 1.6466345538e+04 1.5707963268e+00 1.7770702427e+00
1.4080008082e-04 1.6474271631e+04 1.5707963268e+00 1.7794056968e+00
1.4099731944e-04 1.6482214973e+04 1.5707963268e+00 1.7817389025e+00
1.4119444714e-04 1.6490175573e+04 1.5707963268e+00 1.7840698583e+00
1.4139146390e-04 1.6498153442e+04 1.5707963268e+00 1.7863985624e+00
1.4158836972e-04 1.6506148588e+04 1.5707963268e+00 1.7887250133e+00
1.4178516459e-04 1.6514161022e+04 1.5707963268e+00 1.7910492094e+00
1.4198184850e-04 1.6522190753e+04 1.5707963268e+00 1.7933711490e+00
1.4217842144e-04 1.6530237792e+04 1.5707963268e+00 1.7956908306e+00
1.4237488341e-04 1.6538302147e+04 1.5707963268e+00 1.7980082527e+00
1.4257123441e-04 1.6546383828e+04 1.5707963268e+00 1.8003234136e+00
1.4276747442e-04 1.6554482844e+04 1.5707963268e+00 1.8026363118e+00
1.4296360345e-04 1.6562599206e+04 1.5707963268e+00 1.8049469459e+00
1.4315962150e-04 1.6570732922e+04 1.5707963268e+00 1.8072553142e+00
1.4335552855e-04 1.6578884001e+04 1.5707963268e+00 1.8095614153e+00
1.4355132461e-04 1.6587052454e+04 1.5707963268e+00 1.8118652476e+00
1.4374700967e-04 1.6595238287e+04 1.5707963268e+00 1.8141668098e+00
1.4394258374e-04 1.6603441512e+04 1.5707963268e+00 1.8164661003e+00
1.4413804681e-04 1.6611662136e+04 1.5707963268e+00 1.8187631176e+00
1.4433339889e-04 1.6619900170e+04 1.5707963268e+00 1.8210578604e+00
1.4452863998e-04 1.6628155620e+04 1.5707963268e+00 1.8233503271e+00
1.4472377008e-04 1.6636428497e+04 1.5707963268e+00 1.8256405165e+00
1.4491878918e-04 1.6644718809e+04 1.5707963268e+00 1.8279284269e+00
1.4511369730e-04 1.6653026565e+04 1.5707963268e+00 1.8302140572e+00
1.4530849444e-04 1.6661351772e+04 1.5707963268e+00 1.8324974058e+00
1.4550318059e-04 1.6669694441e+04 1.5707963268e+00 1.8347784715e+00
1.4569775578e-04 1.6678054578e+04 1.5707963268e+00 1.8370572528e+00
1.4589221999e-04 1.6686432193e+04 1.5707963268e+00 1.8393337483e+00
1.4608657325e-04 1.6694827294e+04 1.5707963268e+00 1.8416079569e+00
1.4628081554e-04 1.6703239889e+04 1.5707963268e+00 1.8438798771e+00
1.4647494689e-04 1.6711669986e+04 1.5707963268e+00 1.8461495077e+00
1.4666896730e-04 1.6720117593e+04 1.5707963268e+00 1.8484168473e+00
1.4686287678e-04 1.6728582718e+04 1.5707963268e+00 1.8506818946e+00
1.4705667534e-04 1.6737065370e+04 1.5707963268e+00 1.8529446485e+00
1.4725036298e-04 1.6745565555e+04 1.5707963268e+00 1.8552051075e+00
1.4744393972e-04 1.6754083283e+04 1.5707963268e+00 1.8574632706e+00
1.4763740556e-04 1.6762618560e+04 1.5707963268e+00 1.8597191364e+00
1.4783076053e-04 1.6771171394e+04 1.5707963268e+00 1.8619727037e+00
1.4802400463e-04 1.6779741793e+04 1.5707963268e+00 1.8642239713e+00
1.4821713788e-04 1.6788329765e+04 1.5707963268e+00 1.8664729380e+00
1.4841016028e-04 1.6796935316e+04 1.5707963268e+00 1.8687196027e+00
1.4860307185e-04 1.6805558454e+04 1.5707963268e+00 1.8709639641e+00
1.4879587262e-04 1.6814199188e+04 1.5707963268e+00 1.8732060212e+00
1.4898856258e-04 1.6822857522e+04 1.5707963268e+00 1.8754457727e+00
1.4918114176e-04 1.6831533466e+04 1.5707963268e+00 1.8776832174e+00
1.4937361018e-04 1.6840227026e+04 1.5707963268e+00 1.8799183544e+00
1.4956596784e-04 1.6848938209e+04 1.5707963268e+00 1.8821511825e+00
1.4975821478e-04 1.6857667022e+04 1.5707963268e+00 1.8843817006e+00
1.4995035100e-04 1.6866413472e+04 1.5707963268e+00 1.8866099075e+00
1.5014237652e-04 1.6875177565e+04 1.5707963268e+00 1.8888358023e+00
1.5033429137e-04 1.6883959309e+04 1.5707963268e+00 1.8910593839e+00
1.5052609557e-04 1.6892758711e+04 1.5707963268e+00 1.8932806512e+00
1.5071778913e-04 1.6901575776e+04 1.5707963268e+00 1.8954996032e+00
1.5090937207e-04 1.6910410511e+04 1.5707963268e+00 1.8977162388e+00
1.5110084443e-04 1.6919262923e+04 1.5707963268e+00 1.8999305571e+00
1.5129220621e-04 1.6928133018e+04 1.5707963268e+00 1.9021425570e+00
1.5148345744e-04 1.6937020803e+04 1.5707963268e+00 1.9043522377e+00
1.5167459815e-04 1.6945926283e+04 1.5707963268e+00 1.9065595980e+00
1.5186562836e-04 1.6954849465e+04 1.5707963268e+00 1.9087646371e+00
1.5205654810e-04 1.6963790355e+04 1.5707963268e+00 1.9109673539e+00
1.5224735738e-04 1.6972748959e+04 1.5707963268e+00 1.9131677476e+00
1.5243805624e-04 1.6981725283e+04 1.5707963268e+00 1.9153658173e+00
1.5262864470e-04 1.6990719333e+04 1.5707963268e+00 1.9175615620e+00
1.5281912278e-04 1.6999731114e+04 1.5707963268e+00 1.9197549808e+00
1.5300949053e-04 1.7008760633e+04 1.5707963268e+00 1.9219460729e+00
1.5319974795e-04 1.7017807895e+04 1.5707963268e+00 1.9241348373e+00
1.5338989508e-04 1.7026872905e+04 1.5707963268e+00 1.9263212732e+00
1.5357993196e-04 1.7035955670e+04 1.5707963268e+00 1.9285053799e+00
1.5376985861e-04 1.7045056194e+04 1.5707963268e+00 1.9306871563e+00
1.5395967505e-04 1.7054174482e+04 1.5707963268e+00 1.9328666018e+00
1.5414938132e-04 1.7063310542e+04 1.5707963268e+00 1.9350437154e+00
1.5433897746e-04 1.7072464376e+04 1.5707963268e+00 1.9372184965e+00
1.5452846349e-04 1.7081635991e+04 1.5707963268e+00 1.9393909442e+00
1.5471783945e-04 1.7090825392e+04 1.5707963268e+00 1.9415610577e+00
1.5490710536e-04 1.7100032583e+04 1.5707963268e+00 1.9437288364e+00
1.5509626127e-04 1.7109257570e+04 1.5707963268e+00 1.9458942793e+00
1.5528530720e-04 1.7118500358e+04 1.5707963268e+00 1.9480573859e+00
1.5547424319e-04 1.7127760950e+04 1.5707963268e+00 1.9502181554e+00
1.5566306928e-04 1.7137039353e+04 1.5707963268e+00 1.9523765870e+00
1.5585178549e-04 1.7146335570e+04 1.5707963268e+00 1.9545326802e+00
1.5604039188e-04 1.7155649606e+04 1.5707963268e+00 1.9566864341e+00
1.5622888847e-04 1.7164981466e+04 1.5707963268e+00 1.9588378481e+00
1.5641727530e-04 1.7174331154e+04 1.5707963268e+00 1.9609869217e+00
1.5660555240e-04 1.7183698674e+04 1.5707963268e+00 1.9631336540e+00
1.5679371983e-04 1.7193084031e+04 1.5707963268e+00 1.9652780445e+00
1.5698177760e-04 1.7202487228e+04 1.5707963268e+00 1.9674200926e+00
1.5716972578e-04 1.7211908271e+04 1.5707963268e+00 1.9695597976e+00
1.5735756438e-04 1.7221347162e+04 1.5707963268e+00 1.9716971590e+00
1.5754529346e-04 1.7230803906e+04 1.5707963268e+00 1.9738321762e+00
1.5773291306e-04 1.7240278508e+04 1.5707963268e+00 1.9759648485e+00
1.5792042321e-04 1.7249770969e+04 1.5707963268e+00 1.9780951755e+00
1.5810782397e-04 1.7259281295e+04 1.5707963268e+00 1.9802231566e+00
1.5829511536e-04 1.7268809490e+04 1.5707963268e+00 1.9823487913e+00
1.5848229743e-04 1.7278355555e+04 1.5707963268e+00 1.9844720790e+00
1.5866937024e-04 1.7287919496e+04 1.5707963268e+00 1.9865930192e+00
1.5885633381e-04 1.7297501316e+04 1.5707963268e+00 1.9887116114e+00
1.5904318820e-04 1.7307101017e+04 1.5707963268e+00 1.9908278552e+00
1.5922993345e-04 1.7316718604e+04 1.5707963268e+00 1.9929417501e+00
1.5941656961e-04 1.7326354079e+04 1.5707963268e+00 1.9950532955e+00
1.5960309671e-04 1.7336007446e+04 1.5707963268e+00 1.9971624911e+00
1.5978951482e-04 1.7345678708e+04 1.5707963268e+00 1.9992693365e+00
1.5997582397e-04 1.7355367867e+04 1.5707963268e+00 2.0013738312e+00
1.6016202421e-04 1.7365074927e+04 1.5707963268e+00 2.0034759747e+00
1.6034811559e-04 1.7374799890e+04 1.5707963268e+00 2.0055757667e+00
1.6053409816e-04 1.7384542760e+04 1.5707963268e+00 2.0076732069e+00
1.6071997197e-04 1.7394303538e+04 1.5707963268e+00 2.0097682948e+00
1.6090573707e-04 1.7404082229e+04 1.5707963268e+00 2.0118610300e+00
1.6109139350e-04 1.7413878833e+04 1.5707963268e+00 2.0139514123e+00
1.6127694132e-04 1.7423693354e+04 1.5707963268e+00 2.0160394412e+00
1.6146238057e-04 1.7433525793e+04 1.5707963268e+00 2.0181251166e+00
1.6164771132e-04 1.7443376155e+04 1.5707963268e+00 2.0202084379e+00
1.6183293361e-04 1.7453244439e+04 1.5707963268e+00 2.0222894050e+00
1.6201804748e-04 1.7463130650e+04 1.5707963268e+00 2.0243680176e+00
1.6220305301e-04 1.7473034788e+04 1.5707963268e+00 2.0264442753e+00
1.6238795024e-04 1.7482956856e+04 1.5707963268e+00 2.0285181780e+00
1.6257273921e-04 1.7492896856e+04 1.5707963268e+00 2.0305897254e+00
1.6275742000e-04 1.7502854790e+04 1.5707963268e+00 2.0326589171e+00
1.6294199264e-04 1.7512830659e+04 1.5707963268e+00 2.0347257531e+00
1.6312645720e-04 1.7522824465e+04 1.5707963268e+00 2.0367902330e+00
1.6331081374e-04 1.7532836211e+04 1.5707963268e+00 2.0388523568e+00
1.6349506230e-04 1.7542865896e+04 1.5707963268e+00 2.0409121241e+00
1.6367920295e-04 1.7552913524e+04 1.5707963268e+00 2.0429695348e+00
1.6386323574e-04 1.7562979095e+04 1.5707963268e+00 2.0450245888e+00
1.6404716072e-04 1.7573062611e+04 1.5707963268e+00 2.0470772859e+00
1.6423097797e-04 1.7583164073e+04 1.5707963268e+00 2.0491276259e+00
1.6441468753e-04 1.7593283482e+04 1.5707963268e+00 2.0511756088e+00
1.6459828946e-04 1.7603420840e+04 1.5707963268e+00 2.0532212344e+00
1.6478178383e-04 1.7613576146e+04 1.5707963268e+00 2.0552645025e+00
1.6496517068e-04 1.7623749404e+04 1.5707963268e+00 2.0573054132e+00
1.6514845010e-04 1.7633940612e+04 1.5707963268e+00 2.0593439662e+00
1.6533162212e-04 1.7644149773e+04 1.5707963268e+00 2.0613801617e+00
1.6551468682e-04 1.7654376887e+04 1.5707963268e+00 2.0634139994e+00
1.6569764425e-04 1.7664621954e+04 1.5707963268e+00 2.0654454793e+00
1.6588049448e-04 1.7674884975e+04 1.5707963268e+00 2.0674746015e+00
1.6606323757e-04 1.7685165952e+04 1.5707963268e+00 2.0695013659e+00
1.6624587358e-04 1.7695464883e+04 1.5707963268e+00 2.0715257724e+00
1.6642840258e-04 1.7705781770e+04 1.5707963268e+00 2.0735478211e+00
1.6661082463e-04 1.7716116613e+04 1.5707963268e+00 2.0755675120e+00
1.6679313979e-04 1.7726469412e+04 1.5707963268e+00 2.0775848451e+00
1.6697534812e-04 1.7736840167e+04 1.5707963268e+00 2.0795998205e+00
1.6715744970e-04 1.7747228879e+04 1.5707963268e+00 2.0816124382e+00
1.6733944459e-04 1.7757635547e+04 1.5707963268e+00 2.0836226983e+00
1.6752133284e-04 1.7768060171e+04 1.5707963268e+00 2.0856306008e+00
1.6770311454e-04 1.7778502752e+04 1.5707963268e+00 2.0876361458e+00
1.6788478974e-04 1.7788963289e+04 1.5707963268e+00 2.0896393334e+00
1.6806635852e-04 1.7799441781e+04 1.5707963268e+00 2.0916401637e+00
1.6824782093e-04 1.7809938229e+04 1.5707963268e+00 2.0936386369e+00
1.6842917706e-04 1.7820452631e+04 1.5707963268e+00 2.0956347531e+00
1.6861042695e-04 1.7830984989e+04 1.5707963268e+00 2.0976285124e+00
1.6879157070e-04 1.7841535300e+04 1.5707963268e+00 2.0996199149e+00
1.6897260835e-04 1.7852103564e+04 1.5707963268e+00 2.1016089609e+00
1.6915353999e-04 1.7862689781e+04 1.5707963268e+00 2.1035956505e+00
1.6933436568e-04 1.7873293949e+04 1.5707963268e+00 2.1055799839e+00
1.6951508549e-04 1.7883916069e+04 1.5707963268e+00 2.1075619613e+00
1.6969569949e-04 1.7894556138e+04 1.5707963268e+00 2.1095415830e+00
1.6987620776e-04 1.7905214156e+04 1.5707963268e+00 2.1115188491e+00
1.7005661036e-04 1.7915890122e+04 1.5707963268e+00 2.1134937598e+00
1.7023690737e-04 1.7926584035e+04 1.5707963268e+00 2.1154663155e+00
1.7041709886e-04 1.7937295893e+04 1.5707963268e+00 2.1174365163e+00
1.7059718490e-04 1.7948025695e+04 1.5707963268e+00 2.1194043626e+00
1.7077716556e-04 1.7958773440e+04 1.5707963268e+00 2.1213698547e+00
1.7095704092e-04 1.7969539126e+04 1.5707963268e+00 2.1233329927e+00
1.7113681105e-04 1.7980322752e+04 1.5707963268e+00 2.1252937771e+00
1.7131647603e-04 1.7991124316e+04 1.5707963268e+00 2.1272522082e+00
1.7149603593e-04 1.8001943816e+04 1.5707963268e+00 2.1292082862e+00
1.7167549081e-04 1.8012781252e+04 1.5707963268e+00 2.1311620115e+00
1.7185484077e-04 1.8023636620e+04 1.5707963268e+00 2.1331133844e+00
1.7203408587e-04 1.8034509919e+04 1.5707963268e+00 2.1350624054e+00
1.7221322620e-04 1.8045401148e+04 1.5707963268e+00 2.1370090748e+00
1.7239226181e-04 1.8056310303e+04 1.5707963268e+00 2.1389533929e+00
1.7257119281e-04 1.8067237384e+04 1.5707963268e+00 2.1408953603e+00
1.7275001925e-04 1.8078182387e+04 1.5707963268e+00 2.1428349771e+00
1.7292874122e-04 1.8089145311e+04 1.5707963268e+00 2.1447722440e+00
1.7310735879e-04 1.8100126153e+04 1.5707963268e+00 2.1467071613e+00
1.7328587205e-04 1.8111124911e+04 1.5707963268e+00 2.1486397294e+00
1.7346428106e-04 1.8122141582e+04 1.5707963268e+00 2.1505699489e+00
1.7364258592e-04 1.8133176164e+04 1.5707963268e+00 2.1524978201e+00
1.7382078670e-04 1.8144228654e+04 1.5707963268e+00 2.1544233435e+00
1.7399888347e-04 1.8155299050e+04 1.5707963268e+00 2.1563465197e+00
1.7417687632e-04 1.8166387349e+04 1.5707963268e+00 2.1582673491e+00
1.7435476533e-04 1.8177493548e+04 1.5707963268e+00 2.1601858322e+00
1.7453255058e-04 1.8188617644e+04 1.5707963268e+00 2.1621019695e+00
1.7471023215e-04 1.8199759634e+04 1.5707963268e+00 2.1640157616e+00
1.7488781012e-04 1.8210919515e+04 1.5707963268e+00 2.1659272090e+00
1.7506528457e-04 1.8222097284e+04 1.5707963268e+00 2.1678363122e+00
1.7524265558e-04 1.8233292938e+04 1.5707963268e+00 2.1697430719e+00
1.7541992324e-04 1.8244506474e+04 1.5707963268e+00 2.1716474885e+00
1.7559708762e-04 1.8255737888e+04 1.5707963268e+00 2.1735495626e+00
1.7577414882e-04 1.8266987176e+04 1.5707963268e+00 2.1754492949e+00
1.7595110691e-04 1.8278254337e+04 1.5707963268e+00 2.1773466860e+00
1.7612796198e-04 1.8289539365e+04 1.5707963268e+00 2.1792417364e+00
1.7630471410e-04 1.8300842258e+04 1.5707963268e+00 2.1811344468e+00
1.7648136338e-04 1.8312163011e+04 1.5707963268e+00 2.1830248178e+00
1.7665790988e-04 1.8323501622e+04 1.5707963268e+00 2.1849128501e+00
1.7683435369e-04 1.8334858085e+04 1.5707963268e+00 2.1867985443e+00
1.7701069490e-04 1.8346232398e+04 1.5707963268e+00 2.1886819011e+00
1.7718693360e-04 1.8357624556e+04 1.5707963268e+00 2.1905629212e+00
1.7736306987e-04 1.8369034556e+04 1.5707963268e+00 2.1924416052e+00
1.7753910379e-04 1.8380462393e+04 1.5707963268e+00 2.1943179538e+00
1.7771503545e-04 1.8391908063e+04 1.5707963268e+00 2.1961919678e+00
1.7789086494e-04 1.8403371562e+04 1.5707963268e+00 2.1980636479e+00
1.7806659235e-04 1.8414852885e+04 1.5707963268e+00 2.1999329948e+00
1.7824221775e-04 1.8426352029e+04 1.5707963268e+00 2.2018000092e+00
1.7841774125e-04 1.8437868989e+04 1.5707963268e+00 2.2036646919e+00
1.7859316292e-04 1.8449403760e+04 1.5707963268e+00 2.2055270436e+00
1.7876848286e-04 1.8460956338e+04 1.5707963268e+00 2.2073870652e+00
1.7894370115e-04 1.8472526719e+04 1.5707963268e+00 2.2092447573e+00
1.7911881788e-04 1.8484114897e+04 1.5707963268e+00 2.2111001209e+00
1.7929383315e-04 1.8495720867e+04 1.5707963268e+00 2.2129531566e+00
1.7946874703e-04 1.8507344626e+04 1.5707963268e+00 2.2148038653e+00
1.7964355962e-04 1.8518986167e+04 1.5707963268e+00 2.2166522479e+00
1.7981827101e-04 1.8530645487e+04 1.5707963268e+00 2.2184983051e+00
1.7999288129e-04 1.8542322580e+04 1.5707963268e+00 2.2203420378e+00
1.8016739054e-04 1.8554017441e+04 1.5707963268e+00 2.2221834468e+00
1.8034179887e-04 1.8565730064e+04 1.5707963268e+00 2.2240225331e+00
1.8051610635e-04 1.8577460445e+04 1.5707963268e+00 2.2258592974e+00
1.8069031309e-04 1.8589208579e+04 1.5707963268e+00 2.2276937407e+00
1.8086441917e-04 1.8600974459e+04 1.5707963268e+00 2.2295258638e+00
1.8103842468e-04 1.8612758081e+04 1.5707963268e+00 2.2313556676e+00
1.8121232972e-04 1.8624559439e+04 1.5707963268e+00 2.2331831531e+00
1.8138613437e-04 1.8636378528e+04 1.5707963268e+00 2.2350083212e+00
1.8155983874e-04 1.8648215341e+04 1.5707963268e+00 2.2368311728e+00
1.8173344291e-04 1.8660069873e+04 1.5707963268e+00 2.2386517089e+00
1.8190694697e-04 1.8671942119e+04 1.5707963268e+00 2.2404699304e+00
1.8208035103e-04 1.8683832072e+04 1.5707963268e+00 2.2422858382e+00
1.8225365516e-04 1.8695739727e+04 1.5707963268e+00 2.2440994333e+00
1.8242685947e-04 1.8707665078e+04 1.5707963268e+00 2.2459107167e+00
1.8259996405e-04 1.8719608119e+04 1.5707963268e+00 2.2477196895e+00
1.8277296899e-04 1.8731568843e+04 1.5707963268e+00 2.2495263525e+00
1.8294587440e-04 1.8743547245e+04 1.5707963268e+00 2.2513307068e+00
1.8311868035e-04 1.8755543318e+04 1.5707963268e+00 2.2531327534e+00
1.8329138695e-04 1.8767557056e+04 1.5707963268e+00 2.2549324934e+00
1.8346399430e-04 1.8779588453e+04 1.5707963268e+00 2.2567299278e+00
1.8363650248e-04 1.8791637502e+04 1.5707963268e+00 2.2585250575e+00
1.8380891160e-04 1.8803704197e+04 1.5707963268e+00 2.2603178838e+00
1.8398122175e-04 1.8815788531e+04 1.5707963268e+00 2.2621084076e+00
1.8415343302e-04 1.8827890498e+04 1.5707963268e+00 2.2638966300e+00
1.8432554551e-04 1.8840010091e+04 1.5707963268e+00 2.2656825521e+00
1.8449755932e-04 1.8852147303e+04 1.5707963268e+00 2.2674661750e+00
1.8466947455e-04 1.8864302128e+04 1.5707963268e+00 2.2692474998e+00
1.8484129129e-04 1.8876474559e+04 1.5707963268e+00 2.2710265275e+00
1.8501300963e-04 1.8888664588e+04 1.5707963268e+00 2.2728032594e+00
1.8518462969e-04 1.8900872209e+04 1.5707963268e+00 2.2745776966e+00
1.8535615155e-04 1.8913097415e+04 1.5707963268e+00 2.2763498401e+00
1.8552757531e-04 1.8925340199e+04 1.5707963268e+00 2.2781196912e+00
1.8569890106e-04 1.8937600554e+04 1.5707963268e+00 2.2798872509e+00
1.8587012892e-04 1.8949878472e+04 1.5707963268e+00 2.2816525206e+00
1.8604125898e-04 1.8962173946e+04 1.5707963268e+00 2.2834155012e+00
1.8621229133e-04 1.8974486968e+04 1.5707963268e+00 2.2851761940e+00
1.8638322607e-04 1.8986817533e+04 1.5707963268e+00 2.2869346003e+00
1.8655406331e-04 1.8999165631e+04 1.5707963268e+00 2.2886907211e+00
1.8672480314e-04 1.9011531255e+04 1.5707963268e+00 2.2904445578e+00
1.8689544566e-04 1.9023914398e+04 1.5707963268e+00 2.2921961115e+00
1.8706599097e-04 1.9036315053e+04 1.5707963268e+00 2.2939453834e+00
1.8723643918e-04 1.9048733210e+04 1.5707963268e+00 2.2956923748e+00
1.8740679037e-04 1.9061168864e+04 1.5707963268e+00 2.2974370870e+00
1.8757704466e-04 1.9073622005e+04 1.5707963268e+00 2.2991795211e+00
1.8774720214e-04 1.9086092627e+04 1.5707963268e+00 2.3009196785e+00
1.8791726292e-04 1.9098580721e+04 1.5707963268e+00 2.3026575604e+00
1.8808722708e-04 1.9111086278e+04 1.5707963268e+00 2.3043931681e+00
1.8825709475e-04 1.9123609292e+04 1.5707963268e+00 2.3061265029e+00
1.8842686601e-04 1.9136149753e+04 1.5707963268e+00 2.3078575661e+00
1.8859654096e-04 1.9148707655e+04 1.5707963268e+00 2.3095863589e+00
1.8876611972e-04 1.9161282988e+04 1.5707963268e+00 2.3113128828e+00
1.8893560237e-04 1.9173875744e+04 1.5707963268e+00 2.3130371390e+00
1.8910498903e-04 1.9186485914e+04 1.5707963268e+00 2.3147591288e+00
1.8927427980e-04 1.9199113492e+04 1.5707963268e+00 2.3164788535e+00
1.8944347477e-04 1.9211758467e+04 1.5707963268e+00 2.3181963147e+00
1.8961257405e-04 1.9224420832e+04 1.5707963268e+00 2.3199115135e+00
1.8978157775e-04 1.9237100578e+04 1.5707963268e+00 2.3216244513e+00
1.8995048596e-04 1.9249797696e+04 1.5707963268e+00 2.3233351296e+00
1.9011929879e-04 1.9262512177e+04 1.5707963268e+00 2.3250435496e+00
1.9028801634e-04 1.9275244013e+04 1.5707963268e+00 2.3267497128e+00
1.9045663871e-04 1.9287993196e+04 1.5707963268e+00 2.3284536206e+00
1.9062516602e-04 1.9300759715e+04 1.5707963268e+00 2.3301552744e+00
1.9079359835e-04 1.9313543563e+04 1.5707963268e+00 2.3318546756e+00
1.9096193582e-04 1.9326344729e+04 1.5707963268e+00 2.3335518255e+00
1.9113017853e-04 1.9339163206e+04 1.5707963268e+00 2.3352467257e+00
1.9129832659e-04 1.9351998985e+04 1.5707963268e+00 2.3369393776e+00
1.9146638009e-04 1.9364852055e+04 1.5707963268e+00 2.3386297826e+00
1.9163433914e-04 1.9377722408e+04 1.5707963268e+00 2.3403179421e+00
1.9180220385e-04 1.9390610034e+04 1.5707963268e+00 2.3420038577e+00
1.9196997433e-04 1.9403514925e+04 1.5707963268e+00 2.3436875307e+00
1.9213765067e-04 1.9416437070e+04 1.5707963268e+00 2.3453689627e+00
1.9230523298e-04 1.9429376461e+04 1.5707963268e+00 2.3470481551e+00
1.9247272137e-04 1.9442333088e+04 1.5707963268e+00 2.3487251094e+00
1.9264011594e-04 1.9455306942e+04 1.5707963268e+00 2.3503998272e+00
1.9280741680e-04 1.9468298012e+04 1.5707963268e+00 2.3520723099e+00
1.9297462405e-04 1.9481306289e+04 1.5707963268e+00 2.3537425590e+00
1.9314173780e-04 1.9494331764e+04 1.5707963268e+00 2.3554105761e+00
1.9330875815e-04 1.9507374427e+04 1.5707963268e+00 2.3570763627e+00
1.9347568522e-04 1.9520434268e+04 1.5707963268e+00 2.3587399202e+00
1.9364251910e-04 1.9533511277e+04 1.5707963268e+00 2.3604012504e+00
1.9380925991e-04 1.9546605444e+04 1.5707963268e+00 2.3620603546e+00
1.9397590774e-04 1.9559716760e+04 1.5707963268e+00 2.3637172345e+00
1.9414246271e-04 1.9572845213e+04 1.5707963268e+00 2.3653718916e+00
1.9430892493e-04 1.9585990796e+04 1.5707963268e+00 2.3670243275e+00
1.9447529449e-04 1.9599153496e+04 1.5707963268e+00 2.3686745438e+00
1.9464157151e-04 1.9612333304e+04 1.5707963268e+00 2.3703225421e+00
1.9480775609e-04 1.9625530210e+04 1.5707963268e+00 2.3719683238e+00
1.9497384834e-04 1.9638744204e+04 1.5707963268e+00 2.3736118908e+00
1.9513984837e-04 1.9651975275e+04 1.5707963268e+00 2.3752532444e+00
1.9530575629e-04 1.9665223412e+04 1.5707963268e+00 2.3768923865e+00
1.9547157219e-04 1.9678488607e+04 1.5707963268e+00 2.3785293185e+00
1.9563729620e-04 1.9691770847e+04 1.5707963268e+00 2.3801640422e+00
1.9580292842e-04 1.9705070122e+04 1.5707963268e+00 2.3817965591e+00
1.9596846895e-04 1.9718386423e+04 1.5707963268e+00 2.3834268708e+00
1.9613391790e-04 1.9731719738e+04 1.5707963268e+00 2.3850549791e+00
1.9629927539e-04 1.9745070056e+04 1.5707963268e+00 2.3866808856e+00
1.9646454151e-04 1.9758437368e+04 1.5707963268e+00 2.3883045920e+00
1.9662971638e-04 1.9771821661e+04 1.5707963268e+00 2.3899260999e+00
1.9679480011e-04 1.9785222926e+04 1.5707963268e+00 2.3915454109e+00
1.9695979281e-04 1.9798641152e+04 1.5707963268e+00 2.3931625268e+00
1.9712469457e-04 1.9812076327e+04 1.5707963268e+00 2.3947774493e+00
1.9728950552e-04 1.9825528440e+04 1.5707963268e+00 2.3963901801e+00
1.9745422576e-04 1.9838997482e+04 1.5707963268e+00 2.3980007208e+00
1.9761885540e-04 1.9852483440e+04 1.5707963268e+00 2.3996090732e+00
1.9778339454e-04 1.9865986303e+04 1.5707963268e+00 2.4012152390e+00
1.9794784331e-04 1.9879506061e+04 1.5707963268e+00 2.4028192198e+00
1.9811220180e-04 1.9893042702e+04 1.5707963268e+00 2.4044210175e+00
1.9827647012e-04 1.9906596214e+04 1.5707963268e+00 2.4060206337e+00
1.9844064839e-04 1.9920166588e+04 1.5707963268e+00 2.4076180703e+00
1.9860473671e-04 1.9933753811e+04 1.5707963268e+00 2.4092133289e+00
1.9876873520e-04 1.9947357871e+04 1.5707963268e+00 2.4108064113e+00
1.9893264396e-04 1.9960978759e+04 1.5707963268e+00 2.4123973192e+00
1.9909646310e-04 1.9974616461e+04 1.5707963268e+00 2.4139860545e+00
1.9926019274e-04 1.9988270967e+04 1.5707963268e+00 2.4155726189e+00
1.9942383297e-04 2.0001942264e+04 1.5707963268e+00 2.4171570141e+00
1.9958738392e-04 2.0015630342e+04 1.5707963268e+00 2.4187392420e+00
1.9975084569e-04 2.0029335189e+04 1.5707963268e+00 2.4203193044e+00
1.9991421839e-04 2.0043056793e+04 1.5707963268e+00 2.4218972030e+00
2.0007750214e-04 2.0056795142e+04 1.5707963268e+00 2.4234729396e+00
2.0024069703e-04 2.0070550224e+04 1.5707963268e+00 2.4250465161e+00
2.0040380319e-04 2.0084322029e+04 1.5707963268e+00 2.4266179342e+00
2.0056682072e-04 2.0098110543e+04 1.5707963268e+00 2.4281871958e+00
2.0072974973e-04 2.0111915754e+04 1.5707963268e+00 2.4297543028e+00
2.0089259034e-04 2.0125737652e+04 1.5707963268e+00 2.4313192568e+00
2.0105534265e-04 2.0139576224e+04 1.5707963268e+00 2.4328820599e+00
2.0121800677e-04 2.0153431457e+04 1.5707963268e+00 2.4344427137e+00
2.0138058282e-04 2.0167303340e+04 1.5707963268e+00 2.4360012202e+00
2.0154307090e-04 2.0181191861e+04 1.5707963268e+00 2.4375575812e+00
2.0170547113e-04 2.0195097007e+04 1.5707963268e+00 2.4391117987e+00
2.0186778362e-04 2.0209018767e+04 1.5707963268e+00 2.4406638743e+00
2.0203000847e-04 2.0222957127e+04 1.5707963268e+00 2.4422138101e+00
2.0219214580e-04 2.0236912077e+04 1.5707963268e+00 2.4437616078e+00
2.0235419572e-04 2.0250883602e+04 1.5707963268e+00 2.4453072694e+00
2.0251615834e-04 2.0264871692e+04 1.5707963268e+00 2.4468507968e+00
2.0267803378e-04 2.0278876333e+04 1.5707963268e+00 2.4483921918e+00
2.0283982213e-04 2.0292897513e+04 1.5707963268e+00 2.4499314564e+00
2.0300152352e-04 2.0306935219e+04 1.5707963268e+00 2.4514685924e+00
2.0316313806e-04 2.0320989440e+04 1.5707963268e+00 2.4530036018e+00
2.0332466585e-04 2.0335060162e+04 1.5707963268e+00 2.4545364864e+00
2.0348610700e-04 2.0349147373e+04 1.5707963268e+00 2.4560672483e+00
2.0364746164e-04 2.0363251060e+04 1.5707963268e+00 2.4575958892e+00
2.0380872986e-04 2.0377371211e+04 1.5707963268e+00 2.4591224112e+00
2.0396991179e-04 2.0391507812e+04 1.5707963268e+00 2.4606468162e+00
2.0413100753e-04 2.0405660851e+04 1.5707963268e+00 2.4621691061e+00
2.0429201719e-04 2.0419830315e+04 1.5707963268e+00 2.4636892828e+00
2.0445294089e-04 2.0434016192e+04 1.5707963268e+00 2.4652073484e+00
2.0461377874e-04 2.0448218467e+04 1.5707963268e+00 2.4667233047e+00
2.0477453084e-04 2.0462437130e+04 1.5707963268e+00 2.4682371538e+00
2.0493519731e-04 2.0476672165e+04 1.5707963268e+00 2.4697488976e+00
2.0509577827e-04 2.0490923561e+04 1.5707963268e+00 2.4712585380e+00
2.0525627382e-04 2.0505191304e+04 1.5707963268e+00 2.4727660770e+00
2.0541668407e-04 2.0519475382e+04 1.5707963268e+00 2.4742715167e+00
2.0557700915e-04 2.0533775780e+04 1.5707963268e+00 2.4757748589e+00
2.0573724915e-04 2.0548092487e+04 1.5707963268e+00 2.4772761058e+00
2.0589740419e-04 2.0562425488e+04 1.5707963268e+00 2.4787752592e+00
2.0605747438e-04 2.0576774771e+04 1.5707963268e+00 2.4802723212e+00
2.0621745983e-04 2.0591140323e+04 1.5707963268e+00 2.4817672938e+00
2.0637736067e-04 2.0605522129e+04 1.5707963268e+00 2.4832601790e+00
2.0653717699e-04 2.0619920176e+04 1.5707963268e+00 2.4847509787e+00
2.0669690890e-04 2.0634334452e+04 1.5707963268e+00 2.4862396951e+00
2.0685655653e-04 2.0648764943e+04 1.5707963268e+00 2.4877263301e+00
2.0701611999e-04 2.0663211635e+04 1.5707963268e+00 2.4892108858e+00
2.0717559938e-04 2.0677674515e+04 1.5707963268e+00 2.4906933642e+00
2.0733499481e-04 2.0692153570e+04 1.5707963268e+00 2.4921737673e+00
2.0749430641e-04 2.0706648785e+04 1.5707963268e+00 2.4936520972e+00
2.0765353427e-04 2.0721160147e+04 1.5707963268e+00 2.4951283559e+00
2.0781267852e-04 2.0735687643e+04 1.5707963268e+00 2.4966025454e+00
2.0797173926e-04 2.0750231259e+04 1.5707963268e+00 2.4980746679e+00
2.0813071661e-04 2.0764790981e+04 1.5707963268e+00 2.4995447253e+00
2.0828961068e-04 2.0779366796e+04 1.5707963268e+00 2.5010127197e+00
2.0844842158e-04 2.0793958689e+04 1.5707963268e+00 2.5024786532e+00
2.0860714942e-04 2.0808566647e+04 1.5707963268e+00 2.5039425279e+00
2.0876579431e-04 2.0823190657e+04 1.5707963268e+00 2.5054043458e+00
2.0892435638e-04 2.0837830703e+04 1.5707963268e+00 2.5068641090e+00
2.0908283572e-04 2.0852486774e+04 1.5707963268e+00 2.5083218196e+00
2.0924123245e-04 2.0867158853e+04 1.5707963268e+00 2.5097774796e+00
2.0939954668e-04 2.0881846928e+04 1.5707963268e+00 2.5112310912e+00
2.0955777853e-04 2.0896550985e+04 1.5707963268e+00 2.5126826565e+00
2.0971592811e-04 2.0911271009e+04 1.5707963268e+00 2.5141321775e+00
2.0987399552e-04 2.0926006987e+04 1.5707963268e+00 2.5155796563e+00
2.1003198089e-04 2.0940758904e+04 1.5707963268e+00 2.5170250952e+00
2.1018988432e-04 2.0955526746e+04 1.5707963268e+00 2.5184684960e+00
2.1034770592e-04 2.0970310499e+04 1.5707963268e+00 2.5199098610e+00
2.1050544581e-04 2.0985110150e+04 1.5707963268e+00 2.5213491924e+00
2.1066310409e-04 2.0999925683e+04 1.5707963268e+00 2.5227864921e+00
2.1082068089e-04 2.1014757085e+04 1.5707963268e+00 2.5242217623e+00
2.1097817631e-04 2.1029604341e+04 1.5707963268e+00 2.5256550052e+00
2.1113559046e-04 2.1044467437e+04 1.5707963268e+00 2.5270862229e+00
2.1129292346e-04 2.1059346358e+04 1.5707963268e+00 2.5285154175e+00
2.1145017542e-04 2.1074241091e+04 1.5707963268e+00 2.5299425912e+00
2.1160734645e-04 2.1089151621e+04 1.5707963268e+00 2.5313677460e+00
2.1176443665e-04 2.1104077934e+04 1.5707963268e+00 2.5327908842e+00
2.1192144616e-04 2.1119020014e+04 1.5707963268e+00 2.5342120079e+00
2.1207837506e-04 2.1133977848e+04 1.5707963268e+00 2.5356311192e+00
2.1223522349e-04 2.1148951422e+04 1.5707963268e+00 2.5370482203e+00
2.1239199154e-04 2.1163940719e+04 1.5707963268e+00 2.5384633133e+00
2.1254867934e-04 2.1178945727e+04 1.5707963268e+00 2.5398764005e+00
2.1270528698e-04 2.1193966431e+04 1.5707963268e+00 2.5412874839e+00
2.1286181459e-04 2.1209002815e+04 1.5707963268e+00 2.5426965658e+00
2.1301826228e-04 2.1224054866e+04 1.5707963268e+00 2.5441036482e+00
2.1317463015e-04 2.1239122568e+04 1.5707963268e+00 2.5455087335e+00
2.1333091832e-04 2.1254205907e+04 1.5707963268e+00 2.5469118237e+00
2.1348712691e-04 2.1269304868e+04 1.5707963268e+00 2.5483129211e+00
2.1364325601e-04 2.1284419437e+04 1.5707963268e+00 2.5497120278e+00
2.1379930575e-04 2.1299549599e+04 1.5707963268e+00 2.5511091460e+00
2.1395527623e-04 2.1314695338e+04 1.5707963268e+00 2.5525042779e+00
2.1411116758e-04 2.1329856641e+04 1.5707963268e+00 2.5538974256e+00
2.1426697988e-04 2.1345033492e+04 1.5707963268e+00 2.5552885915e+00
2.1442271327e-04 2.1360225876e+04 1.5707963268e+00 2.5566777777e+00
2.1457836785e-04 2.1375433779e+04 1.5707963268e+00 2.5580649863e+00
2.1473394373e-04 2.1390657185e+04 1.5707963268e+00 2.5594502197e+00
2.1488944103e-04 2.1405896080e+04 1.5707963268e+00 2.5608334799e+00
2.1504485985e-04 2.1421150449e+04 1.5707963268e+00 2.5622147692e+00
2.1520020030e-04 2.1436420276e+04 1.5707963268e+00 2.5635940899e+00
2.1535546251e-04 2.1451705547e+04 1.5707963268e+00 2.5649714441e+00
2.1551064657e-04 2.1467006247e+04 1.5707963268e+00 2.5663468340e+00
2.1566575260e-04 2.1482322360e+04 1.5707963268e+00 2.5677202619e+00
2.1582078071e-04 2.1497653872e+04 1.5707963268e+00 2.5690917301e+00
2.1597573101e-04 2.1513000767e+04 1.5707963268e+00 2.5704612406e+00
2.1613060362e-04 2.1528363031e+04 1.5707963268e+00 2.5718287958e+00
2.1628539864e-04 2.1543740648e+04 1.5707963268e+00 2.5731943978e+00
2.1644011618e-04 2.1559133602e+04 1.5707963268e+00 2.5745580490e+00
2.1659475636e-04 2.1574541880e+04 1.5707963268e+00 2.5759197515e+00
2.1674931928e-04 2.1589965465e+04 1.5707963268e+00 2.5772795076e+00
2.1690380506e-04 2.1605404342e+04 1.5707963268e+00 2.5786373195e+00
2.1705821381e-04 2.1620858496e+04 1.5707963268e+00 2.5799931895e+00
2.1721254564e-04 2.1636327912e+04 1.5707963268e+00 2.5813471199e+00
2.1736680066e-04 2.1651812575e+04 1.5707963268e+00 2.5826991127e+00
2.1752097897e-04 2.1667312468e+04 1.5707963268e+00 2.5840491704e+00
2.1767508070e-04 2.1682827578e+04 1.5707963268e+00 2.5853972952e+00
2.1782910594e-04 2.1698357888e+04 1.5707963268e+00 2.5867434893e+00
2.1798305482e-04 2.1713903382e+04 1.5707963268e+00 2.5880877550e+00
2.1813692743e-04 2.1729464047e+04 1.5707963268e+00 2.5894300945e+00
2.1829072390e-04 2.1745039865e+04 1.5707963268e+00 2.5907705101e+00
2.1844444433e-04 2.1760630823e+04 1.5707963268e+00 2.5921090040e+00
2.1859808884e-04 2.1776236903e+04 1.5707963268e+00 2.5934455786e+00
2.1875165752e-04 2.1791858092e+04 1.5707963268e+00 2.5947802361e+00
2.1890515050e-04 2.1807494372e+04 1.5707963268e+00 2.5961129788e+00
2.1905856787e-04 2.1823145729e+04 1.5707963268e+00 2.5974438089e+00
2.1921190976e-04 2.1838812148e+04 1.5707963268e+00 2.5987727287e+00
2.1936517628e-04 2.1854493612e+04 1.5707963268e+00 2.6000997405e+00
2.1951836752e-04 2.1870190106e+04 1.5707963268e+00 2.6014248466e+00
2.1967148360e-04 2.1885901615e+04 1.5707963268e+00 2.6027480492e+00
2.1982452464e-04 2.1901628122e+04 1.5707963268e+00 2.6040693506e+00
2.1997749074e-04 2.1917369612e+04 1.5707963268e+00 2.6053887531e+00
2.2013038200e-04 2.1933126070e+04 1.5707963268e+00 2.6067062591e+00
2.2028319855e-04 2.1948897480e+04 1.5707963268e+00 2.6080218707e+00
2.2043594049e-04 2.1964683826e+04 1.5707963268e+00 2.6093355903e+00
2.2058860792e-04 2.1980485092e+04 1.5707963268e+00 2.6106474202e+00
2.2074120097e-04 2.1996301263e+04 1.5707963268e+00 2.6119573626e+00
2.2089371973e-04 2.2012132323e+04 1.5707963268e+00 2.6132654198e+00
2.2104616431e-04 2.2027978257e+04 1.5707963268e+00 2.6145715942e+00
2.2119853484e-04 2.2043839047e+04 1.5707963268e+00 2.6158758881e+00
2.2135083140e-04 2.2059714679e+04 1.5707963268e+00 2.6171783037e+00
2.2150305412e-04 2.2075605137e+04 1.5707963268e+00 2.6184788433e+00
2.2165520311e-04 2.2091510405e+04 1.5707963268e+00 2.6197775093e+00
2.2180727846e-04 2.2107430467e+04 1.5707963268e+00 2.6210743039e+00
2.2195928030e-04 2.2123365308e+04 1.5707963268e+00 2.6223692294e+00
2.2211120872e-04 2.2139314911e+04 1.5707963268e+00 2.6236622883e+00
2.2226306384e-04 2.2155279260e+04 1.5707963268e+00 2.6249534827e+00
2.2241484577e-04 2.2171258340e+04 1.5707963268e+00 2.6262428149e+00
2.2256655461e-04 2.2187252134e+04 1.5707963268e+00 2.6275302874e+00
2.2271819047e-04 2.2203260628e+04 1.5707963268e+00 2.6288159023e+00
2.2286975347e-04 2.2219283804e+04 1.5707963268e+00 2.6300996621e+00
2.2302124370e-04 2.2235321647e+04 1.5707963268e+00 2.6313815690e+00
2.2317266128e-04 2.2251374141e+04 1.5707963268e+00 2.6326616253e+00
2.2332400632e-04 2.2267441270e+04 1.5707963268e+00 2.6339398334e+00
2.2347527892e-04 2.2283523017e+04 1.5707963268e+00 2.6352161956e+00
2.2362647920e-04 2.2299619368e+04 1.5707963268e+00 2.6364907142e+00
2.2377760725e-04 2.2315730305e+04 1.5707963268e+00 2.6377633915e+00
2.2392866319e-04 2.2331855813e+04 1.5707963268e+00 2.6390342298e+00
2.2407964712e-04 2.2347995876e+04 1.5707963268e+00 2.6403032315e+00
2.2423055916e-04 2.2364150477e+04 1.5707963268e+00 2.6415703989e+00
2.2438139941e-04 2.2380319601e+04 1.5707963268e+00 2.6428357343e+00
2.2453216797e-04 2.2396503232e+04 1.5707963268e+00 2.6440992401e+00
2.2468286496e-04 2.2412701352e+04 1.5707963268e+00 2.6453609185e+00
2.2483349048e-04 2.2428913947e+04 1.5707963268e+00 2.6466207719e+00
2.2498404464e-04 2.2445141001e+04 1.5707963268e+00 2.6478788027e+00
2.2513452755e-04 2.2461382496e+04 1.5707963268e+00 2.6491350131e+00
2.2528493931e-04 2.2477638417e+04 1.5707963268e+00 2.6503894055e+00
2.2543528003e-04 2.2493908747e+04 1.5707963268e+00 2.6516419822e+00
2.2558554982e-04 2.2510193471e+04 1.5707963268e+00 2.6528927456e+00
2.2573574878e-04 2.2526492572e+04 1.5707963268e+00 2.6541416980e+00
2.2588587702e-04 2.2542806034e+04 1.5707963268e+00 2.6553888417e+00
2.2603593465e-04 2.2559133841e+04 1.5707963268e+00 2.6566341790e+00
2.2618592177e-04 2.2575475977e+04 1.5707963268e+00 2.6578777124e+00
2.2633583849e-04 2.2591832425e+04 1.5707963268e+00 2.6591194441e+00
2.2648568492e-04 2.2608203169e+04 1.5707963268e+00 2.6603593764e+00
2.2663546116e-04 2.2624588194e+04 1.5707963268e+00 2.6615975118e+00
2.2678516732e-04 2.2640987481e+04 1.5707963268e+00 2.6628338526e+00
2.2693480351e-04 2.2657401016e+04 1.5707963268e+00 2.6640684010e+00
2.2708436983e-04 2.2673828782e+04 1.5707963268e+00 2.6653011594e+00
2.2723386638e-04 2.2690270763e+04 1.5707963268e+00 2.6665321303e+00
2.2738329327e-04 2.2706726943e+04 1.5707963268e+00 2.6677613158e+00
2.2753265062e-04 2.2723197304e+04 1.5707963268e+00 2.6689887184e+00
2.2768193851e-04 2.2739681831e+04 1.5707963268e+00 2.6702143405e+00
2.2783115707e-04 2.2756180508e+04 1.5707963268e+00 2.6714381842e+00
2.2798030639e-04 2.2772693318e+04 1.5707963268e+00 2.6726602521e+00
2.2812938658e-04 2.2789220245e+04 1.5707963268e+00 2.6738805464e+00
2.2827839774e-04 2.2805761272e+04 1.5707963268e+00 2.6750990694e+00
2.2842733999e-04 2.2822316383e+04 1.5707963268e+00 2.6763158236e+00
2.2857621342e-04 2.2838885562e+04 1.5707963268e+00 2.6775308113e+00
2.2872501814e-04 2.2855468793e+04 1.5707963268e+00 2.6787440348e+00
2.2887375425e-04 2.2872066058e+04 1.5707963268e+00 2.6799554964e+00
2.2902242186e-04 2.2888677342e+04 1.5707963268e+00 2.6811651986e+00
2.2917102108e-04 2.2905302628e+04 1.5707963268e+00 2.6823731436e+00
2.2931955201e-04 2.2921941899e+04 1.5707963268e+00 2.6835793339e+00
2.2946801475e-04 2.2938595140e+04 1.5707963268e+00 2.6847837717e+00
2.2961640941e-04 2.2955262334e+04 1.5707963268e+00 2.6859864594e+00
2.2976473608e-04 2.2971943464e+04 1.5707963268e+00 2.6871873993e+00
2.2991299489e-04 2.2988638515e+04 1.5707963268e+00 2.6883865939e+00
2.3006118592e-04 2.3005347469e+04 1.5707963268e+00 2.6895840454e+00
2.3020930929e-04 2.3022070310e+04 1.5707963268e+00 2.6907797562e+00
2.3035736509e-04 2.3038807022e+04 1.5707963268e+00 2.6919737286e+00
2.3050535344e-04 2.3055557587e+04 1.5707963268e+00 2.6931659651e+00
2.3065327443e-04 2.3072321991e+04 1.5707963268e+00 2.6943564679e+00
2.3080112817e-04 2.3089100216e+04 1.5707963268e+00 2.6955452394e+00
2.3094891476e-04 2.3105892246e+04 1.5707963268e+00 2.6967322819e+00
2.3109663430e-04 2.3122698064e+04 1.5707963268e+00 2.6979175979e+00
2.3124428691e-04 2.3139517654e+04 1.5707963268e+00 2.6991011895e+00
2.3139187267e-04 2.3156350999e+04 1.5707963268e+00 2.7002830593e+00
2.3153939170e-04 2.3173198083e+04 1.5707963268e+00 2.7014632096e+00
2.3168684410e-04 2.3190058889e+04 1.5707963268e+00 2.7026416426e+00
2.3183422996e-04 2.3206933401e+04 1.5707963268e+00 2.7038183608e+00
2.3198154940e-04 2.3223821603e+04 1.5707963268e+00 2.7049933664e+00
2.3212880251e-04 2.3240723477e+04 1.5707963268e+00 2.7061666619e+00
2.3227598940e-04 2.3257639007e+04 1.5707963268e+00 2.7073382496e+00
2.3242311017e-04 2.3274568177e+04 1.5707963268e+00 2.7085081319e+00
2.3257016492e-04 2.3291510970e+04 1.5707963268e+00 2.7096763110e+00
2.3271715376e-04 2.3308467370e+04 1.5707963268e+00 2.7108427894e+00
2.3286407678e-04 2.3325437360e+04 1.5707963268e+00 2.7120075694e+00
2.3301093409e-04 2.3342420924e+04 1.5707963268e+00 2.7131706533e+00
2.3315772579e-04 2.3359418045e+04 1.5707963268e+00 2.7143320435e+00
2.3330445198e-04 2.3376428706e+04 1.5707963268e+00 2.7154917423e+00
2.3345111276e-04 2.3393452891e+04 1.5707963268e+00 2.7166497521e+00
2.3359770824e-04 2.3410490583e+04 1.5707963268e+00 2.7178060753e+00
2.3374423852e-04 2.3427541766e+04 1.5707963268e+00 2.7189607141e+00
2.3389070369e-04 2.3444606424e+04 1.5707963268e+00 2.7201136709e+00
2.3403710386e-04 2.3461684539e+04 1.5707963268e+00 2.7212649481e+00
2.3418343912e-04 2.3478776095e+04 1.5707963268e+00 2.7224145480e+00
2.3432970959e-04 2.3495881076e+04 1.5707963268e+00 2.7235624730e+00
2.3447591536e-04 2.3512999465e+04 1.5707963268e+00 2.7247087254e+00
2.3462205653e-04 2.3530131245e+04 1.5707963268e+00 2.7258533075e+00
2.3476813321e-04 2.3547276400e+04 1.5707963268e+00 2.7269962218e+00
2.3491414548e-04 2.3564434913e+04 1.5707963268e+00 2.7281374704e+00
2.3506009346e-04 2.3581606769e+04 1.5707963268e+00 2.7292770559e+00
2.3520597724e-04 2.3598791949e+04 1.5707963268e+00 2.7304149805e+00
2.3535179693e-04 2.3615990437e+04 1.5707963268e+00 2.7315512465e+00
2.3549755262e-04 2.3633202218e+04 1.5707963268e+00 2.7326858564e+00
2.3564324441e-04 2.3650427274e+04 1.5707963268e+00 2.7338188124e+00
2.3578887240e-04 2.3667665589e+04 1.5707963268e+00 2.7349501169e+00
2.3593443670e-04 2.3684917146e+04 1.5707963268e+00 2.7360797722e+00
2.3607993740e-04 2.3702181929e+04 1.5707963268e+00 2.7372077807e+00
2.3622537460e-04 2.3719459921e+04 1.5707963268e+00 2.7383341447e+00
2.3637074840e-04 2.3736751105e+04 1.5707963268e+00 2.7394588665e+00
2.3651605890e-04 2.3754055465e+04 1.5707963268e+00 2.7405819486e+00
2.3666130620e-04 2.3771372985e+04 1.5707963268e+00 2.7417033931e+00
2.3680649040e-04 2.3788703647e+04 1.5707963268e+00 2.7428232025e+00
2.3695161160e-04 2.3806047435e+04 1.5707963268e+00 2.7439413791e+00
2.3709666989e-04 2.3823404333e+04 1.5707963268e+00 2.7450579253e+00
2.3724166537e-04 2.3840774324e+04 1.5707963268e+00 2.7461728432e+00
2.3738659815e-04 2.3858157391e+04 1.5707963268e+00 2.7472861354e+00
2.3753146832e-04 2.3875553518e+04 1.5707963268e+00 2.7483978041e+00
2.3767627597e-04 2.3892962689e+04 1.5707963268e+00 2.7495078517e+00
2.3782102122e-04 2.3910384885e+04 1.5707963268e+00 2.7506162805e+00
2.3796570415e-04 2.3927820093e+04 1.5707963268e+00 2.7517230927e+00
2.3811032486e-04 2.3945268293e+04 1.5707963268e+00 2.7528282909e+00
2.3825488346e-04 2.3962729470e+04 1.5707963268e+00 2.7539318772e+00
2.3839938003e-04 2.3980203608e+04 1.5707963268e+00 2.7550338540e+00
2.3854381468e-04 2.3997690690e+04 1.5707963268e+00 2.7561342236e+00
2.3868818750e-04 2.4015190699e+04 1.5707963268e+00 2.7572329884e+00
2.3883249860e-04 2.4032703618e+04 1.5707963268e+00 2.7583301507e+00
2.3897674806e-04 2.4050229431e+04 1.5707963268e+00 2.7594257127e+00
2.3912093599e-04 2.4067768122e+04 1.5707963268e+00 2.7605196769e+00
2.3926506248e-04 2.4085319674e+04 1.5707963268e+00 2.7616120456e+00
2.3940912762e-04 2.4102884071e+04 1.5707963268e+00 2.7627028210e+00
2.3955313153e-04 2.4120461295e+04 1.5707963268e+00 2.7637920055e+00
2.3969707428e-04 2.4138051330e+04 1.5707963268e+00 2.7648796014e+00
2.3984095599e-04 2.4155654160e+04 1.5707963268e+00 2.7659656110e+00
2.3998477673e-04 2.4173269768e+04 1.5707963268e+00 2.7670500367e+00
2.4012853662e-04 2.4190898138e+04 1.5707963268e+00 2.7681328807e+00
2.4027223575e-04 2.4208539253e+04 1.5707963268e+00 2.7692141454e+00
2.4041587421e-04 2.4226193097e+04 1.5707963268e+00 2.7702938331e+00
2.4055945210e-04 2.4243859652e+04 1.5707963268e+00 2.7713719461e+00
2.4070296951e-04 2.4261538903e+04 1.5707963268e+00 2.7724484867e+00
2.4084642654e-04 2.4279230833e+04 1.5707963268e+00 2.7735234572e+00
2.4098982329e-04 2.4296935425e+04 1.5707963268e+00 2.7745968599e+00
2.4113315985e-04 2.4314652663e+04 1.5707963268e+00 2.7756686972e+00
2.4127643632e-04 2.4332382531e+04 1.5707963268e+00 2.7767389713e+00
2.4141965279e-04 2.4350125011e+04 1.5707963268e+00 2.7778076846e+00
2.4156280935e-04 2.4367880088e+04 1.5707963268e+00 2.7788748393e+00
2.4170590610e-04 2.4385647744e+04 1.5707963268e+00 2.7799404377e+00
2.4184894314e-04 2.4403427964e+04 1.5707963268e+00 2.7810044822e+00
2.4199192056e-04 2.4421220731e+04 1.5707963268e+00 2.7820669751e+00
2.4213483846e-04 2.4439026027e+04 1.5707963268e+00 2.7831279186e+00
2.4227769692e-04 2.4456843838e+04 1.5707963268e+00 2.7841873151e+00
2.4242049605e-04 2.4474674146e+04 1.5707963268e+00 2.7852451668e+00
2.4256323593e-04 2.4492516935e+04 1.5707963268e+00 2.7863014760e+00
2.4270591667e-04 2.4510372188e+04 1.5707963268e+00 2.7873562451e+00
2.4284853835e-04 2.4528239890e+04 1.5707963268e+00 2.7884094763e+00
2.4299110107e-04 2.4546120022e+04 1.5707963268e+00 2.7894611720e+00
2.4313360492e-04 2.4564012570e+04 1.5707963268e+00 2.7905113343e+00
2.4327605000e-04 2.4581917516e+04 1.5707963268e+00 2.7915599657e+00
2.4341843639e-04 2.4599834844e+04 1.5707963268e+00 2.7926070683e+00
2.4356076420e-04 2.4617764538e+04 1.5707963268e+00 2.7936526445e+00
2.4370303352e-04 2.4635706582e+04 1.5707963268e+00 2.7946966966e+00
2.4384524443e-04 2.4653660957e+04 1.5707963268e+00 2.7957392268e+00
2.4398739703e-04 2.4671627650e+04 1.5707963268e+00 2.7967802374e+00
2.4412949142e-04 2.4689606642e+04 1.5707963268e+00 2.7978197307e+00
2.4427152769e-04 2.4707597917e+04 1.5707963268e+00 2.7988577090e+00
2.4441350592e-04 2.4725601460e+04 1.5707963268e+00 2.7998941745e+00
2.4455542622e-04 2.4743617253e+04 1.5707963268e+00 2.8009291296e+00
2.4469728867e-04 2.4761645281e+04 1.5707963268e+00 2.8019625765e+00
2.4483909336e-04 2.4779685527e+04 1.5707963268e+00 2.8029945174e+00
2.4498084039e-04 2.4797737974e+04 1.5707963268e+00 2.8040249547e+00
2.4512252985e-04 2.4815802606e+04 1.5707963268e+00 2.8050538906e+00
2.4526416184e-04 2.4833879407e+04 1.5707963268e+00 2.8060813274e+00
2.4540573643e-04 2.4851968360e+04 1.5707963268e+00 2.8071072674e+00
2.4554725373e-04 2.4870069450e+04 1.5707963268e+00 2.8081317127e+00
2.4568871382e-04 2.4888182659e+04 1.5707963268e+00 2.8091546658e+00
2.4583011680e-04 2.4906307972e+04 1.5707963268e+00 2.8101761287e+00
2.4597146276e-04 2.4924445371e+04 1.5707963268e+00 2.8111961039e+00
2.4611275179e-04 2.4942594841e+04 1.5707963268e+00 2.8122145935e+00
2.4625398397e-04 2.4960756366e+04 1.5707963268e+00 2.8132315999e+00
2.4639515941e-04 2.4978929928e+04 1.5707963268e+00 2.8142471252e+00
2.4653627819e-04 2.4997115513e+04 1.5707963268e+00 2.8152611717e+00
2.4667734039e-04 2.5015313102e+04 1.5707963268e+00 2.8162737417e+00
2.4681834612e-04 2.5033522681e+04 1.5707963268e+00 2.8172848375e+00
2.4695929546e-04 2.5051744233e+04 1.5707963268e+00 2.8182944612e+00
2.4710018850e-04 2.5069977742e+04 1.5707963268e+00 2.8193026151e+00
2.4724102533e-04 2.5088223190e+04 1.5707963268e+00 2.8203093015e+00
2.4738180604e-04 2.5106480563e+04 1.5707963268e+00 2.8213145226e+00
2.4752253072e-04 2.5124749844e+04 1.5707963268e+00 2.8223182806e+00
2.4766319946e-04 2.5143031016e+04 1.5707963268e+00 2.8233205778e+00
2.4780381236e-04 2.5161324063e+04 1.5707963268e+00 2.8243214165e+00
2.4794436948e-04 2.5179628970e+04 1.5707963268e+00 2.8253207988e+00
2.4808487094e-04 2.5197945719e+04 1.5707963268e+00 2.8263187270e+00
2.4822531682e-04 2.5216274295e+04 1.5707963268e+00 2.8273152033e+00
2.4836570720e-04 2.5234614682e+04 1.5707963268e+00 2.8283102300e+00
2.4850604217e-04 2.5252966863e+04 1.5707963268e+00 2.8293038093e+00
2.4864632183e-04 2.5271330822e+04 1.5707963268e+00 2.8302959434e+00
2.4878654625e-04 2.5289706543e+04 1.5707963268e+00 2.8312866345e+00
2.4892671554e-04 2.5308094010e+04 1.5707963268e+00 2.8322758849e+00
2.4906682978e-04 2.5326493206e+04 1.5707963268e+00 2.8332636968e+00
2.4920688905e-04 2.5344904116e+04 1.5707963268e+00 2.8342500724e+00
2.4934689344e-04 2.5363326723e+04 1.5707963268e+00 2.8352350139e+00
2.4948684305e-04 2.5381761011e+04 1.5707963268e+00 2.8362185236e+00
2.4962673796e-04 2.5400206965e+04 1.5707963268e+00 2.8372006036e+00
2.4976657825e-04 2.5418664567e+04 1.5707963268e+00 2.8381812562e+00
2.4990636402e-04 2.5437133802e+04 1.5707963268e+00 2.8391604835e+00
2.5004609535e-04 2.5455614654e+04 1.5707963268e+00 2.8401382878e+00
2.5018577232e-04 2.5474107107e+04 1.5707963268e+00 2.8411146713e+00
2.5032539504e-04 2.5492611144e+04 1.5707963268e+00 2.8420896363e+00
2.5046496357e-04 2.5511126750e+04 1.5707963268e+00 2.8430631848e+00
2.5060447802e-04 2.5529653908e+04 1.5707963268e+00 2.8440353191e+00
2.5074393846e-04 2.5548192603e+04 1.5707963268e+00 2.8450060414e+00
2.5088334499e-04 2.5566742819e+04 1.5707963268e+00 2.8459753539e+00
2.5102269768e-04 2.5585304538e+04 1.5707963268e+00 2.8469432588e+00
2.5116199663e-04 2.5603877746e+04 1.5707963268e+00 2.8479097583e+00
2.5130124192e-04 2.5622462427e+04 1.5707963268e+00 2.8488748545e+00
2.5144043364e-04 2.5641058564e+04 1.5707963268e+00 2.8498385497e+00
2.5157957187e-04 2.5659666141e+04 1.5707963268e+00 2.8508008461e+00
2.5171865670e-04 2.5678285143e+04 1.5707963268e+00 2.8517617458e+00
2.5185768821e-04 2.5696915553e+04 1.5707963268e+00 2.8527212510e+00
2.5199666650e-04 2.5715557356e+04 1.5707963268e+00 2.8536793639e+00
2.5213559164e-04 2.5734210536e+04 1.5707963268e+00 2.8546360867e+00
2.5227446372e-04 2.5752875076e+04 1.5707963268e+00 2.8555914215e+00
2.5241328283e-04 2.5771550961e+04 1.5707963268e+00 2.8565453706e+00
2.5255204905e-04 2.5790238175e+04 1.5707963268e+00 2.8574979360e+00
2.5269076246e-04 2.5808936702e+04 1.5707963268e+00 2.8584491201e+00
2.5282942315e-04 2.5827646526e+04 1.5707963268e+00 2.8593989248e+00
2.5296803121e-04 2.5846367631e+04 1.5707963268e+00 2.8603473525e+00
2.5310658672e-04 2.5865100001e+04 1.5707963268e+00 2.8612944052e+00
2.5324508976e-04 2.5883843621e+04 1.5707963268e+00 2.8622400852e+00
2.5338354042e-04 2.5902598475e+04 1.5707963268e+00 2.8631843946e+00
2.5352193878e-04 2.5921364547e+04 1.5707963268e+00 2.8641273355e+00
2.5366028493e-04 2.5940141820e+04 1.5707963268e+00 2.8650689101e+00
2.5379857894e-04 2.5958930280e+04 1.5707963268e+00 2.8660091206e+00
2.5393682091e-04 2.5977729911e+04 1.5707963268e+00 2.8669479691e+00
2.5407501092e-04 2.5996540696e+04 1.5707963268e+00 2.8678854577e+00
2.5421314905e-04 2.6015362619e+04 1.5707963268e+00 2.8688215887e+00
2.5435123537e-04 2.6034195666e+04 1.5707963268e+00 2.8697563641e+00
2.5448926999e-04 2.6053039821e+04 1.5707963268e+00 2.8706897861e+00
2.5462725298e-04 2.6071895067e+04 1.5707963268e+00 2.8716218568e+00
2.5476518441e-04 2.6090761389e+04 1.5707963268e+00 2.8725525784e+00
2.5490306439e-04 2.6109638771e+04 1.5707963268e+00 2.8734819531e+00
2.5504089298e-04 2.6128527198e+04 1.5707963268e+00 2.8744099828e+00
2.5517867027e-04 2.6147426654e+04 1.5707963268e+00 2.8753366699e+00
2.5531639634e-04 2.6166337123e+04 1.5707963268e+00 2.8762620163e+00
2.5545407128e-04 2.6185258589e+04 1.5707963268e+00 2.8771860243e+00
2.5559169517e-04 2.6204191038e+04 1.5707963268e+00 2.8781086959e+00
2.5572926808e-04 2.6223134452e+04 1.5707963268e+00 2.8790300333e+00
2.5586679011e-04 2.6242088817e+04 1.5707963268e+00 2.8799500386e+00
2.5600426132e-04 2.6261054117e+04 1.5707963268e+00 2.8808687140e+00
2.5614168182e-04 2.6280030337e+04 1.5707963268e+00 2.8817860615e+00
2.5627905166e-04 2.6299017461e+04 1.5707963268e+00 2.8827020832e+00
2.5641637095e-04 2.6318015472e+04 1.5707963268e+00 2.8836167813e+00
2.5655363975e-04 2.6337024357e+04 1.5707963268e+00 2.8845301578e+00
2.5669085815e-04 2.6356044098e+04 1.5707963268e+00 2.8854422150e+00
2.5682802623e-04 2.6375074681e+04 1.5707963268e+00 2.8863529548e+00
2.5696514407e-04 2.6394116091e+04 1.5707963268e+00 2.8872623794e+00
2.5710221175e-04 2.6413168311e+04 1.5707963268e+00 2.8881704909e+00
2.5723922936e-04 2.6432231326e+04 1.5707963268e+00 2.8890772914e+00
2.5737619697e-04 2.6451305120e+04 1.5707963268e+00 2.8899827829e+00
2.5751311466e-04 2.6470389679e+04 1.5707963268e+00 2.8908869677e+00
2.5764998251e-04 2.6489484987e+04 1.5707963268e+00 2.8917898477e+00
2.5778680061e-04 2.6508591027e+04 1.5707963268e+00 2.8926914250e+00
2.5792356903e-04 2.6527707786e+04 1.5707963268e+00 2.8935917018e+00
2.5806028785e-04 2.6546835247e+04 1.5707963268e+00 2.8944906802e+00
2.5819695715e-04 2.6565973395e+04 1.5707963268e+00 2.8953883621e+00
2.5833357702e-04 2.6585122214e+04 1.5707963268e+00 2.8962847497e+00
2.5847014752e-04 2.6604281690e+04 1.5707963268e+00 2.8971798451e+00
2.5860666875e-04 2.6623451807e+04 1.5707963268e+00 2.8980736503e+00
2.5874314078e-04 2.6642632549e+04 1.5707963268e+00 2.8989661674e+00
2.5887956368e-04 2.6661823902e+04 1.5707963268e+00 2.8998573985e+00
2.5901593755e-04 2.6681025849e+04 1.5707963268e+00 2.9007473457e+00
2.5915226245e-04 2.6700238376e+04 1.5707963268e+00 2.9016360109e+00
2.5928853846e-04 2.6719461468e+04 1.5707963268e+00 2.9025233964e+00
2.5942476567e-04 2.6738695108e+04 1.5707963268e+00 2.9034095041e+00
2.5956094415e-04 2.6757939282e+04 1.5707963268e+00 2.9042943360e+00
2.5969707397e-04 2.6777193975e+04 1.5707963268e+00 2.9051778944e+00
2.5983315523e-04 2.6796459170e+04 1.5707963268e+00 2.9060601811e+00
2.5996918799e-04 2.6815734854e+04 1.5707963268e+00 2.9069411983e+00
2.6010517234e-04 2.6835021011e+04 1.5707963268e+00 2.9078209480e+00
2.6024110835e-04 2.6854317625e+04 1.5707963268e+00 2.9086994322e+00
2.6037699609e-04 2.6873624682e+04 1.5707963268e+00 2.9095766531e+00
2.6051283566e-04 2.6892942166e+04 1.5707963268e+00 2.9104526125e+00
2.6064862711e-04 2.6912270062e+04 1.5707963268e+00 2.9113273127e+00
2.6078437054e-04 2.6931608355e+04 1.5707963268e+00 2.9122007555e+00
2.6092006602e-04 2.6950957030e+04 1.5707963268e+00 2.9130729431e+00
2.6105571362e-04 2.6970316072e+04 1.5707963268e+00 2.9139438775e+00
2.6119131342e-04 2.6989685466e+04 1.5707963268e+00 2.9148135606e+00
2.6132686551e-04 2.7009065196e+04 1.5707963268e+00 2.9156819947e+00
2.6146236994e-04 2.7028455247e+04 1.5707963268e+00 2.9165491815e+00
2.6159782681e-04 2.7047855606e+04 1.5707963268e+00 2.9174151233e+00
2.6173323619e-04 2.7067266255e+04 1.5707963268e+00 2.9182798219e+00
2.6186859815e-04 2.7086687181e+04 1.5707963268e+00 2.9191432794e+00
2.6200391277e-04 2.7106118368e+04 1.5707963268e+00 2.9200054979e+00
2.6213918013e-04 2.7125559802e+04 1.5707963268e+00 2.9208664793e+00
2.6227440030e-04 2.7145011467e+04 1.5707963268e+00 2.9217262257e+00
2.6240957336e-04 2.7164473349e+04 1.5707963268e+00 2.9225847390e+00
2.6254469938e-04 2.7183945432e+04 1.5707963268e+00 2.9234420213e+00
2.6267977844e-04 2.7203427702e+04 1.5707963268e+00 2.9242980746e+00
2.6281481062e-04 2.7222920144e+04 1.5707963268e+00 2.9251529008e+00
2.6294979598e-04 2.7242422742e+04 1.5707963268e+00 2.9260065019e+00
2.6308473461e-04 2.7261935482e+04 1.5707963268e+00 2.9268588801e+00
2.6321962657e-04 2.7281458349e+04 1.5707963268e+00 2.9277100371e+00
2.6335447195e-04 2.7300991329e+04 1.5707963268e+00 2.9285599751e+00
2.6348927082e-04 2.7320534405e+04 1.5707963268e+00 2.9294086961e+00
2.6362402326e-04 2.7340087565e+04 1.5707963268e+00 2.9302562019e+00
2.6375872933e-04 2.7359650791e+04 1.5707963268e+00 2.9311024946e+00
2.6389338911e-04 2.7379224071e+04 1.5707963268e+00 2.9319475762e+00
2.6402800268e-04 2.7398807389e+04 1.5707963268e+00 2.9327914487e+00
2.6416257011e-04 2.7418400730e+04 1.5707963268e+00 2.9336341139e+00
2.6429709147e-04 2.7438004080e+04 1.5707963268e+00 2.9344755740e+00
2.6443156684e-04 2.7457617423e+04 1.5707963268e+00 2.9353158308e+00
2.6456599630e-04 2.7477240746e+04 1.5707963268e+00 2.9361548863e+00
2.6470037990e-04 2.7496874033e+04 1.5707963268e+00 2.9369927426e+00
2.6483471774e-04 2.7516517270e+04 1.5707963268e+00 2.9378294014e+00
2.6496900988e-04 2.7536170442e+04 1.5707963268e+00 2.9386648649e+00
2.6510325639e-04 2.7555833534e+04 1.5707963268e+00 2.9394991350e+00
2.6523745735e-04 2.7575506532e+04 1.5707963268e+00 2.9403322136e+00
2.6537161284e-04 2.7595189421e+04 1.5707963268e+00 2.9411641027e+00
2.6550572291e-04 2.7614882187e+04 1.5707963268e+00 2.9419948042e+00
2.6563978766e-04 2.7634584814e+04 1.5707963268e+00 2.9428243201e+00
2.6577380714e-04 2.7654297289e+04 1.5707963268e+00 2.9436526523e+00
2.6590778144e-04 2.7674019597e+04 1.5707963268e+00 2.9444798027e+00
2.6604171061e-04 2.7693751723e+04 1.5707963268e+00 2.9453057734e+00
2.6617559475e-04 2.7713493652e+04 1.5707963268e+00 2.9461305661e+00
2.6630943391e-04 2.7733245371e+04 1.5707963268e+00 2.9469541830e+00
2.6644322817e-04 2.7753006864e+04 1.5707963268e+00 2.9477766258e+00
2.6657697761e-04 2.7772778118e+04 1.5707963268e+00 2.9485978966e+00
2.6671068229e-04 2.7792559117e+04 1.5707963268e+00 2.9494179972e+00
2.6684434228e-04 2.7812349847e+04 1.5707963268e+00 2.9502369296e+00
2.6697795766e-04 2.7832150295e+04 1.5707963268e+00 2.9510546957e+00
2.6711152850e-04 2.7851960444e+04 1.5707963268e+00 2.9518712974e+00
2.6724505487e-04 2.7871780282e+04 1.5707963268e+00 2.9526867367e+00
2.6737853683e-04 2.7891609793e+04 1.5707963268e+00 2.9535010153e+00
2.6751197447e-04 2.7911448964e+04 1.5707963268e+00 2.9543141354e+00
2.6764536785e-04 2.7931297779e+04 1.5707963268e+00 2.9551260987e+00
2.6777871705e-04 2.7951156225e+04 1.5707963268e+00 2.9559369072e+00
2.6791202213e-04 2.7971024287e+04 1.5707963268e+00 2.9567465627e+00
2.6804528316e-04 2.7990901951e+04 1.5707963268e+00 2.9575550672e+00
2.6817850021e-04 2.8010789202e+04 1.5707963268e+00 2.9583624226e+00
2.6831167336e-04 2.8030686027e+04 1.5707963268e+00 2.9591686308e+00
2.6844480268e-04 2.8050592410e+04 1.5707963268e+00 2.9599736936e+00
2.6857788823e-04 2.8070508339e+04 1.5707963268e+00 2.9607776129e+00
2.6871093008e-04 2.8090433798e+04 1.5707963268e+00 2.9615803907e+00
2.6884392831e-04 2.8110368774e+04 1.5707963268e+00 2.9623820288e+00
2.6897688298e-04 2.8130313251e+04 1.5707963268e+00 2.9631825291e+00
2.6910979417e-04 2.8150267217e+04 1.5707963268e+00 2.9639818935e+00
2.6924266193e-04 2.8170230656e+04 1.5707963268e+00 2.9647801239e+00
2.6937548635e-04 2.8190203555e+04 1.5707963268e+00 2.9655772220e+00
2.6950826750e-04 2.8210185900e+04 1.5707963268e+00 2.9663731899e+00
2.6964100543e-04 2.8230177676e+04 1.5707963268e+00 2.9671680294e+00
2.6977370022e-04 2.8250178869e+04 1.5707963268e+00 2.9679617423e+00
2.6990635193e-04 2.8270189465e+04 1.5707963268e+00 2.9687543304e+00
2.7003896065e-04 2.8290209451e+04 1.5707963268e+00 2.9695457958e+00
2.7017152643e-04 2.8310238812e+04 1.5707963268e+00 2.9703361402e+00
2.7030404934e-04 2.8330277534e+04 1.5707963268e+00 2.9711253654e+00
2.7043652946e-04 2.8350325603e+04 1.5707963268e+00 2.9719134734e+00
2.7056896684e-04 2.8370383005e+04 1.5707963268e+00 2.9727004660e+00
2.7070136156e-04 2.8390449726e+04 1.5707963268e+00 2.9734863450e+00
2.7083371369e-04 2.8410525752e+04 1.5707963268e+00 2.9742711123e+00
2.7096602330e-04 2.8430611069e+04 1.5707963268e+00 2.9750547697e+00
2.7109829044e-04 2.8450705664e+04 1.5707963268e+00 2.9758373190e+00
2.7123051519e-04 2.8470809522e+04 1.5707963268e+00 2.9766187622e+00
2.7136269762e-04 2.8490922629e+04 1.5707963268e+00 2.9773991010e+00
2.7149483780e-04 2.8511044972e+04 1.5707963268e+00 2.9781783372e+00
2.7162693578e-04 2.8531176536e+04 1.5707963268e+00 2.9789564728e+00
2.7175899165e-04 2.8551317309e+04 1.5707963268e+00 2.9797335094e+00
2.7189100546e-04 2.8571467275e+04 1.5707963268e+00 2.9805094491e+00
2.7202297728e-04 2.8591626422e+04 1.5707963268e+00 2.9812842934e+00
2.7215490718e-04 2.8611794734e+04 1.5707963268e+00 2.9820580444e+00
2.7228679522e-04 2.8631972200e+04 1.5707963268e+00 2.9828307038e+00
2.7241864148e-04 2.8652158804e+04 1.5707963268e+00 2.9836022734e+00
2.7255044602e-04 2.8672354533e+04 1.5707963268e+00 2.9843727550e+00
2.7268220890e-04 2.8692559374e+04 1.5707963268e+00 2.9851421505e+00
2.7281393019e-04 2.8712773312e+04 1.5707963268e+00 2.9859104616e+00
2.7294560996e-04 2.8732996334e+04 1.5707963268e+00 2.9866776901e+00
2.7307724827e-04 2.8753228426e+04 1.5707963268e+00 2.9874438379e+00
2.7320884519e-04 2.8773469575e+04 1.5707963268e+00 2.9882089068e+00
2.7334040079e-04 2.8793719767e+04 1.5707963268e+00 2.9889728984e+00
2.7347191512e-04 2.8813978988e+04 1.5707963268e+00 2.9897358148e+00
2.7360338826e-04 2.8834247225e+04 1.5707963268e+00 2.9904976575e+00
2.7373482028e-04 2.8854524464e+04 1.5707963268e+00 2.9912584285e+00
2.7386621123e-04 2.8874810691e+04 1.5707963268e+00 2.9920181295e+00
2.7399756118e-04 2.8895105893e+04 1.5707963268e+00 2.9927767622e+00
2.7412887019e-04 2.8915410057e+04 1.5707963268e+00 2.9935343285e+00
2.7426013834e-04 2.8935723169e+04 1.5707963268e+00 2.9942908302e+00
2.7439136568e-04 2.8956045214e+04 1.5707963268e+00 2.9950462689e+00
2.7452255229e-04 2.8976376181e+04 1.5707963268e+00 2.9958006466e+00
2.7465369822e-04 2.8996716055e+04 1.5707963268e+00 2.9965539649e+00
2.7478480354e-04 2.9017064823e+04 1.5707963268e+00 2.9973062256e+00
2.7491586831e-04 2.9037422471e+04 1.5707963268e+00 2.9980574305e+00
2.7504689261e-04 2.9057788987e+04 1.5707963268e+00 2.9988075813e+00
2.7517787648e-04 2.9078164356e+04 1.5707963268e+00 2.9995566799e+00
2.7530882000e-04 2.9098548565e+04 1.5707963268e+00 3.0003047279e+00
2.7543972323e-04 2.9118941601e+04 1.5707963268e+00 3.0010517272e+00
2.7557058624e-04 2.9139343451e+04 1.5707963268e+00 3.0017976794e+00
2.7570140908e-04 2.9159754101e+04 1.5707963268e+00 3.0025425863e+00
2.7583219183e-04 2.9180173537e+04 1.5707963268e+00 3.0032864497e+00
2.7596293454e-04 2.9200601747e+04 1.5707963268e+00 3.0040292712e+00
2.7609363728e-04 2.9221038717e+04 1.5707963268e+00 3.0047710528e+00
2.7622430010e-04 2.9241484435e+04 1.5707963268e+00 3.0055117960e+00
2.7635492309e-04 2.9261938886e+04 1.5707963268e+00 3.0062515026e+00
2.7648550629e-04 2.9282402057e+04 1.5707963268e+00 3.0069901744e+00
2.7661604977e-04 2.9302873935e+04 1.5707963268e+00 3.0077278130e+00
2.7674655359e-04 2.9323354508e+04 1.5707963268e+00 3.0084644203e+00
2.7687701782e-04 2.9343843761e+04 1.5707963268e+00 3.0091999979e+00
2.7700744251e-04 2.9364341682e+04 1.5707963268e+00 3.0099345475e+00
2.7713782774e-04 2.9384848258e+04 1.5707963268e+00 3.0106680709e+00
2.7726817356e-04 2.9405363475e+04 1.5707963268e+00 3.0114005698e+00
2.7739848003e-04 2.9425887320e+04 1.5707963268e+00 3.0121320459e+00
2.7752874722e-04 2.9446419781e+04 1.5707963268e+00 3.0128625009e+00
2.7765897519e-04 2.9466960843e+04 1.5707963268e+00 3.0135919366e+00
2.7778916400e-04 2.9487510494e+04 1.5707963268e+00 3.0143203545e+00
2.7791931372e-04 2.9508068722e+04 1.5707963268e+00 3.0150477565e+00
2.7804942439e-04 2.9528635512e+04 1.5707963268e+00 3.0157741443e+00
2.7817949610e-04 2.9549210852e+04 1.5707963268e+00 3.0164995194e+00
2.7830952889e-04 2.9569794729e+04 1.5707963268e+00 3.0172238837e+00
2.7843952282e-04 2.9590387130e+04 1.5707963268e+00 3.0179472388e+00
2.7856947797e-04 2.9610988042e+04 1.5707963268e+00 3.0186695864e+00
2.7869939439e-04 2.9631597452e+04 1.5707963268e+00 3.0193909283e+00
2.7882927214e-04 2.9652215347e+04 1.5707963268e+00 3.0201112660e+00
2.7895911128e-04 2.9672841714e+04 1.5707963268e+00 3.0208306012e+00
2.7908891188e-04 2.9693476540e+04 1.5707963268e+00 3.0215489358e+00
2.7921867398e-04 2.9714119813e+04 1.5707963268e+00 3.0222662712e+00
2.7934839767e-04 2.9734771519e+04 1.5707963268e+00 3.0229826093e+00
2.7947808298e-04 2.9755431646e+04 1.5707963268e+00 3.0236979516e+00
2.7960773000e-04 2.9776100181e+04 1.5707963268e+00 3.0244122998e+00
2.7973733876e-04 2.9796777111e+04 1.5707963268e+00 3.0251256557e+00
2.7986690935e-04 2.9817462423e+04 1.5707963268e+00 3.0258380208e+00
2.7999644181e-04 2.9838156104e+04 1.5707963268e+00 3.0265493969e+00
2.8012593620e-04 2.9858858143e+04 1.5707963268e+00 3.0272597856e+00
2.8025539259e-04 2.9879568525e+04 1.5707963268e+00 3.0279691885e+00
2.8038481103e-04 2.9900287238e+04 1.5707963268e+00 3.0286776073e+00
2.8051419159e-04 2.9921014270e+04 1.5707963268e+00 3.0293850437e+00
2.8064353432e-04 2.9941749608e+04 1.5707963268e+00 3.0300914992e+00
2.8077283928e-04 2.9962493239e+04 1.5707963268e+00 3.0307969757e+00
2.8090210654e-04 2.9983245151e+04 1.5707963268e+00 3.0315014746e+00
2.8103133614e-04 3.0004005331e+04 1.5707963268e+00 3.0322049976e+00
2.8116052816e-04 3.0024773766e+04 1.5707963268e+00 3.0329075464e+00
2.8128968265e-04 3.0045550443e+04 1.5707963268e+00 3.0336091227e+00
2.8141879966e-04 3.0066335351e+04 1.5707963268e+00 3.0343097279e+00
2.8154787926e-04 3.0087128476e+04 1.5707963268e+00 3.0350093639e+00
2.8167692151e-04 3.0107929806e+04 1.5707963268e+00 3.0357080321e+00
2.8180592645e-04 3.0128739328e+04 1.5707963268e+00 3.0364057343e+00
2.8193489417e-04 3.0149557031e+04 1.5707963268e+00 3.0371024720e+00
2.8206382470e-04 3.0170382901e+04 1.5707963268e+00 3.0377982468e+00
2.8219271811e-04 3.0191216926e+04 1.5707963268e+00 3.0384930605e+00
2.8232157446e-04 3.0212059093e+04 1.5707963268e+00 3.0391869145e+00
2.8245039380e-04 3.0232909391e+04 1.5707963268e+00 3.0398798106e+00
2.8257917619e-04 3.0253767806e+04 1.5707963268e+00 3.0405717503e+00
2.8270792169e-04 3.0274634326e+04 1.5707963268e+00 3.0412627352e+00
2.8283663037e-04 3.0295508939e+04 1.5707963268e+00 3.0419527670e+00
2.8296530226e-04 3.0316391632e+04 1.5707963268e+00 3.0426418471e+00
2.8309393744e-04 3.0337282394e+04 1.5707963268e+00 3.0433299774e+00
2.8322253596e-04 3.0358181211e+04 1.5707963268e+00 3.0440171592e+00
2.8335109788e-04 3.0379088072e+04 1.5707963268e+00 3.0447033943e+00
2.8347962325e-04 3.0400002964e+04 1.5707963268e+00 3.0453886842e+00
2.8360811213e-04 3.0420925874e+04 1.5707963268e+00 3.0460730305e+00
2.8373656458e-04 3.0441856791e+04 1.5707963268e+00 3.0467564348e+00
2.8386498066e-04 3.0462795703e+04 1.5707963268e+00 3.0474388986e+00
2.8399336042e-04 3.0483742596e+04 1.5707963268e+00 3.0481204236e+00
2.8412170391e-04 3.0504697460e+04 1.5707963268e+00 3.0488010114e+00
2.8425001120e-04 3.0525660281e+04 1.5707963268e+00 3.0494806635e+00
2.8437828234e-04 3.0546631047e+04 1.5707963268e+00 3.0501593814e+00
2.8450651739e-04 3.0567609747e+04 1.5707963268e+00 3.0508371668e+00
2.8463471641e-04 3.0588596367e+04 1.5707963268e+00 3.0515140213e+00
2.8476287944e-04 3.0609590897e+04 1.5707963268e+00 3.0521899463e+00
2.8489100655e-04 3.0630593323e+04 1.5707963268e+00 3.0528649435e+00
2.8501909779e-04 3.0651603635e+04 1.5707963268e+00 3.0535390144e+00
2.8514715321e-04 3.0672621819e+04 1.5707963268e+00 3.0542121606e+00
2.8527517289e-04 3.0693647863e+04 1.5707963268e+00 3.0548843836e+00
2.8540315685e-04 3.0714681757e+04 1.5707963268e+00 3.0555556850e+00
2.8553110518e-04 3.0735723486e+04 1.5707963268e+00 3.0562260663e+00
2.8565901791e-04 3.0756773040e+04 1.5707963268e+00 3.0568955292e+00
2.8578689511e-04 3.0777830407e+04 1.5707963268e+00 3.0575640750e+00
2.8591473683e-04 3.0798895574e+04 1.5707963268e+00 3.0582317054e+00
2.8604254312e-04 3.0819968530e+04 1.5707963268e+00 3.0588984219e+00
2.8617031404e-04 3.0841049263e+04 1.5707963268e+00 3.0595642261e+00
2.8629804965e-04 3.0862137760e+04 1.5707963268e+00 3.0602291195e+00
2.8642574999e-04 3.0883234010e+04 1.5707963268e+00 3.0608931035e+00
2.8655341513e-04 3.0904338001e+04 1.5707963268e+00 3.0615561799e+00
2.8668104512e-04 3.0925449721e+04 1.5707963268e+00 3.0622183500e+00
2.8680864002e-04 3.0946569158e+04 1.5707963268e+00 3.0628796154e+00
2.8693619987e-04 3.0967696300e+04 1.5707963268e+00 3.0635399776e+00
2.8706372473e-04 3.0988831136e+04 1.5707963268e+00 3.0641994382e+00
2.8719121466e-04 3.1009973654e+04 1.5707963268e+00 3.0648579986e+00
2.8731866970e-04 3.1031123841e+04 1.5707963268e+00 3.0655156604e+00
2.8744608993e-04 3.1052281687e+04 1.5707963268e+00 3.0661724251e+00
2.8757347538e-04 3.1073447179e+04 1.5707963268e+00 3.0668282943e+00
2.8770082611e-04 3.1094620305e+04 1.5707963268e+00 3.0674832693e+00
2.8782814218e-04 3.1115801055e+04 1.5707963268e+00 3.0681373517e+00
2.8795542363e-04 3.1136989416e+04 1.5707963268e+00 3.0687905430e+00
2.8808267053e-04 3.1158185376e+04 1.5707963268e+00 3.0694428448e+00
2.8820988293e-04 3.1179388924e+04 1.5707963268e+00 3.0700942585e+00
2.8833706087e-04 3.1200600048e+04 1.5707963268e+00 3.0707447856e+00
2.8846420441e-04 3.1221818737e+04 1.5707963268e+00 3.0713944275e+00
2.8859131361e-04 3.1243044979e+04 1.5707963268e+00 3.0720431859e+00
2.8871838852e-04 3.1264278762e+04 1.5707963268e+00 3.0726910622e+00
2.8884542919e-04 3.1285520075e+04 1.5707963268e+00 3.0733380578e+00
2.8897243568e-04 3.1306768906e+04 1.5707963268e+00 3.0739841743e+00
2.8909940803e-04 3.1328025244e+04 1.5707963268e+00 3.0746294131e+00
2.8922634630e-04 3.1349289076e+04 1.5707963268e+00 3.0752737757e+00
2.8935325054e-04 3.1370560393e+04 1.5707963268e+00 3.0759172636e+00
2.8948012081e-04 3.1391839181e+04 1.5707963268e+00 3.0765598782e+00
2.8960695715e-04 3.1413125430e+04 1.5707963268e+00 3.0772016210e+00
2.8973375962e-04 3.1434419128e+04 1.5707963268e+00 3.0778424936e+00
2.8986052827e-04 3.1455720264e+04 1.5707963268e+00 3.0784824973e+00
2.8998726316e-04 3.1477028827e+04 1.5707963268e+00 3.0791216336e+00
2.9011396433e-04 3.1498344804e+04 1.5707963268e+00 3.0797599040e+00
2.9024063183e-04 3.1519668184e+04 1.5707963268e+00 3.0803973100e+00
2.9036726573e-04 3.1540998956e+04 1.5707963268e+00 3.0810338529e+00
2.9049386606e-04 3.1562337110e+04 1.5707963268e+00 3.0816695343e+00
2.9062043288e-04 3.1583682632e+04 1.5707963268e+00 3.0823043556e+00
2.9074696625e-04 3.1605035513e+04 1.5707963268e+00 3.0829383182e+00
2.9087346621e-04 3.1626395740e+04 1.5707963268e+00 3.0835714236e+00
2.9099993282e-04 3.1647763303e+04 1.5707963268e+00 3.0842036733e+00
2.9112636613e-04 3.1669138189e+04 1.5707963268e+00 3.0848350686e+00
2.9125276618e-04 3.1690520389e+04 1.5707963268e+00 3.0854656110e+00
2.9137913303e-04 3.1711909891e+04 1.5707963268e+00 3.0860953020e+00
2.9150546673e-04 3.1733306682e+04 1.5707963268e+00 3.0867241429e+00
2.9163176733e-04 3.1754710753e+04 1.5707963268e+00 3.0873521353e+00
2.9175803488e-04 3.1776122092e+04 1.5707963268e+00 3.0879792805e+00
2.9188426944e-04 3.1797540688e+04 1.5707963268e+00 3.0886055800e+00
2.9201047104e-04 3.1818966529e+04 1.5707963268e+00 3.0892310352e+00
2.9213663975e-04 3.1840399605e+04 1.5707963268e+00 3.0898556474e+00
2.9226277561e-04 3.1861839904e+04 1.5707963268e+00 3.0904794182e+00
2.9238887868e-04 3.1883287416e+04 1.5707963268e+00 3.0911023490e+00
2.9251494899e-04 3.1904742128e+04 1.5707963268e+00 3.0917244411e+00
2.9264098661e-04 3.1926204031e+04 1.5707963268e+00 3.0923456960e+00
2.9276699159e-04 3.1947673113e+04 1.5707963268e+00 3.0929661150e+00
2.9289296396e-04 3.1969149363e+04 1.5707963268e+00 3.0935856997e+00
2.9301890379e-04 3.1990632770e+04 1.5707963268e+00 3.0942044513e+00
2.9314481113e-04 3.2012123322e+04 1.5707963268e+00 3.0948223714e+00
2.9327068601e-04 3.2033621010e+04 1.5707963268e+00 3.0954394612e+00
2.9339652850e-04 3.2055125822e+04 1.5707963268e+00 3.0960557222e+00
2.9352233863e-04 3.2076637747e+04 1.5707963268e+00 3.0966711558e+00
2.9364811647e-04 3.2098156774e+04 1.5707963268e+00 3.0972857634e+00
2.9377386206e-04 3.2119682892e+04 1.5707963268e+00 3.0978995463e+00
2.9389957544e-04 3.2141216090e+04 1.5707963268e+00 3.0985125060e+00
2.9402525668e-04 3.2162756357e+04 1.5707963268e+00 3.0991246438e+00
2.9415090581e-04 3.2184303684e+04 1.5707963268e+00 3.0997359611e+00
2.9427652288e-04 3.2205858057e+04 1.5707963268e+00 3.1003464594e+00
2.9440210795e-04 3.2227419468e+04 1.5707963268e+00 3.1009561399e+00
2.9452766106e-04 3.2248987904e+04 1.5707963268e+00 3.1015650041e+00
2.9465318227e-04 3.2270563356e+04 1.5707963268e+00 3.1021730533e+00
2.9477867161e-04 3.2292145812e+04 1.5707963268e+00 3.1027802889e+00
2.9490412914e-04 3.2313735261e+04 1.5707963268e+00 3.1033867123e+00
2.9502955491e-04 3.2335331694e+04 1.5707963268e+00 3.1039923248e+00
2.9515494897e-04 3.2356935098e+04 1.5707963268e+00 3.1045971277e+00
2.9528031135e-04 3.2378545464e+04 1.5707963268e+00 3.1052011226e+00
2.9540564212e-04 3.2400162780e+04 1.5707963268e+00 3.1058043107e+00
2.9553094132e-04 3.2421787037e+04 1.5707963268e+00 3.1064066933e+00
2.9565620899e-04 3.2443418222e+04 1.5707963268e+00 3.1070082718e+00
2.9578144519e-04 3.2465056327e+04 1.5707963268e+00 3.1076090477e+00
2.9590664996e-04 3.2486701339e+04 1.5707963268e+00 3.1082090221e+00
2.9603182336e-04 3.2508353248e+04 1.5707963268e+00 3.1088081966e+00
2.9615696541e-04 3.2530012044e+04 1.5707963268e+00 3.1094065723e+00
2.9628207619e-04 3.2551677717e+04 1.5707963268e+00 3.1100041507e+00
2.9640715573e-04 3.2573350255e+04 1.5707963268e+00 3.1106009332e+00
2.9653220407e-04 3.2595029648e+04 1.5707963268e+00 3.1111969209e+00
2.9665722127e-04 3.2616715885e+04 1.5707963268e+00 3.1117921153e+00
2.9678220738e-04 3.2638408956e+04 1.5707963268e+00 3.1123865178e+00
2.9690716244e-04 3.2660108851e+04 1.5707963268e+00 3.1129801295e+00
2.9703208649e-04 3.2681815558e+04 1.5707963268e+00 3.1135729520e+00
2.9715697959e-04 3.2703529068e+04 1.5707963268e+00 3.1141649864e+00
2.9728184179e-04 3.2725249370e+04 1.5707963268e+00 3.1147562341e+00
2.9740667312e-04 3.2746976453e+04 1.5707963268e+00 3.1153466965e+00
2.9753147363e-04 3.2768710308e+04 1.5707963268e+00 3.1159363748e+00
2.9765624337e-04 3.2790450923e+04 1.5707963268e+00 3.1165252704e+00
2.9778098240e-04 3.2812198288e+04 1.5707963268e+00 3.1171133846e+00
2.9790569074e-04 3.2833952393e+04 1.5707963268e+00 3.1177007187e+00
2.9803036846e-04 3.2855713228e+04 1.5707963268e+00 3.1182872740e+00
2.9815501559e-04 3.2877480782e+04 1.5707963268e+00 3.1188730518e+00
2.9827963218e-04 3.2899255044e+04 1.5707963268e+00 3.1194580535e+00
2.9840421829e-04 3.2921036006e+04 1.5707963268e+00 3.1200422802e+00
2.9852877394e-04 3.2942823655e+04 1.5707963268e+00 3.1206257334e+00
2.9865329920e-04 3.2964617982e+04 1.5707963268e+00 3.1212084143e+00
2.9877779410e-04 3.2986418977e+04 1.5707963268e+00 3.1217903243e+00
2.9890225869e-04 3.3008226630e+04 1.5707963268e+00 3.1223714645e+00
2.9902669302e-04 3.3030040929e+04 1.5707963268e+00 3.1229518364e+00
2.9915109713e-04 3.3051861866e+04 1.5707963268e+00 3.1235314411e+00
2.9927547107e-04 3.3073689429e+04 1.5707963268e+00 3.1241102800e+00
2.9939981488e-04 3.3095523608e+04 1.5707963268e+00 3.1246883544e+00
2.9952412861e-04 3.3117364395e+04 1.5707963268e+00 3.1252656655e+00
2.9964841231e-04 3.3139211777e+04 1.5707963268e+00 3.1258422147e+00
2.9977266601e-04 3.3161065745e+04 1.5707963268e+00 3.1264180032e+00
2.9989688976e-04 3.3182926289e+04 1.5707963268e+00 3.1269930322e+00
3.0002108361e-04 3.3204793400e+04 1.5707963268e+00 3.1275673031e+00
3.0014524760e-04 3.3226667065e+04 1.5707963268e+00 3.1281408172e+00
3.0026938179e-04 3.3248547277e+04 1.5707963268e+00 3.1287135756e+00
3.0039348620e-04 3.3270434024e+04 1.5707963268e+00 3.1292855797e+00
3.0051756089e-04 3.3292327297e+04 1.5707963268e+00 3.1298568307e+00
3.0064160590e-04 3.3314227085e+04 1.5707963268e+00 3.1304273299e+00
3.0076562128e-04 3.3336133379e+04 1.5707963268e+00 3.1309970785e+00
3.0088960707e-04 3.3358046168e+04 1.5707963268e+00 3.1315660779e+00
3.0101356331e-04 3.3379965443e+04 1.5707963268e+00 3.1321343292e+00
3.0113749004e-04 3.3401891193e+04 1.5707963268e+00 3.1327018338e+00
3.0126138732e-04 3.3423823409e+04 1.5707963268e+00 3.1332685928e+00
3.0138525519e-04 3.3445762081e+04 1.5707963268e+00 3.1338346075e+00
3.0150909369e-04 3.3467707198e+04 1.5707963268e+00 3.1343998791e+00
3.0163290286e-04 3.3489658751e+04 1.5707963268e+00 3.1349644090e+00
3.0175668275e-04 3.3511616731e+04 1.5707963268e+00 3.1355281983e+00
3.0188043340e-04 3.3533581126e+04 1.5707963268e+00 3.1360912483e+00
3.0200415485e-04 3.3555551928e+04 1.5707963268e+00 3.1366535603e+00
3.0212784715e-04 3.3577529126e+04 1.5707963268e+00 3.1372151354e+00
3.0225151034e-04 3.3599512710e+04 1.5707963268e+00 3.1377759749e+00
3.0237514447e-04 3.3621502672e+04 1.5707963268e+00 3.1383360800e+00
3.0249874958e-04 3.3643499000e+04 1.5707963268e+00 3.1388954519e+00
3.0262232571e-04 3.3665501686e+04 1.5707963268e+00 3.1394540920e+00
3.0274587290e-04 3.3687510719e+04 1.5707963268e+00 3.1400120013e+00
3.0286939120e-04 3.3709526090e+04 1.5707963268e+00 3.1405691812e+00
3.0299288065e-04 3.3731547788e+04 1.5707963268e+00 3.1411256328e+00
3.0311634129e-04 3.3753575805e+04 1.5707963268e+00 3.1416813574e+00
3.0323977317e-04 3.3775610131e+04 1.5707963268e+00 3.1422363562e+00
3.0336317633e-04 3.3797650755e+04 1.5707963268e+00 3.1427906303e+00
3.0348655081e-04 3.3819697669e+04 1.5707963268e+00 3.1433441811e+00
3.0360989665e-04 3.3841750862e+04 1.5707963268e+00 3.1438970097e+00
3.0373321390e-04 3.3863810325e+04 1.5707963268e+00 3.1444491173e+00
3.0385650260e-04 3.3885876049e+04 1.5707963268e+00 3.1450005051e+00
3.0397976279e-04 3.3907948023e+04 1.5707963268e+00 3.1455511744e+00
3.0410299451e-04 3.3930026238e+04 1.5707963268e+00 3.1461011263e+00
3.0422619781e-04 3.3952110685e+04 1.5707963268e+00 3.1466503620e+00
3.0434937272e-04 3.3974201353e+04 1.5707963268e+00 3.1471988827e+00
3.0447251929e-04 3.3996298234e+04 1.5707963268e+00 3.1477466897e+00
3.0459563757e-04 3.4018401318e+04 1.5707963268e+00 3.1482937840e+00
3.0471872758e-04 3.4040510596e+04 1.5707963268e+00 3.1488401670e+00
3.0484178939e-04 3.4062626057e+04 1.5707963268e+00 3.1493858398e+00
3.0496482302e-04 3.4084747693e+04 1.5707963268e+00 3.1499308035e+00
3.0508782851e-04 3.4106875493e+04 1.5707963268e+00 3.1504750594e+00
3.0521080592e-04 3.4129009450e+04 1.5707963268e+00 3.1510186086e+00
3.0533375528e-04 3.4151149552e+04 1.5707963268e+00 3.1515614524e+00
3.0545667663e-04 3.4173295790e+04 1.5707963268e+00 3.1521035918e+00
3.0557957001e-04 3.4195448156e+04 1.5707963268e+00 3.1526450281e+00
3.0570243547e-04 3.4217606640e+04 1.5707963268e+00 3.1531857625e+00
3.0582527304e-04 3.4239771232e+04 1.5707963268e+00 3.1537257960e+00
3.0594808277e-04 3.4261941924e+04 1.5707963268e+00 3.1542651300e+00
3.0607086470e-04 3.4284118705e+04 1.5707963268e+00 3.1548037655e+00
3.0619361887e-04 3.4306301566e+04 1.5707963268e+00 3.1553417037e+00
3.0631634532e-04 3.4328490499e+04 1.5707963268e+00 3.1558789458e+00
3.0643904409e-04 3.4350685493e+04 1.5707963268e+00 3.1564154929e+00
3.0656171522e-04 3.4372886540e+04 1.5707963268e+00 3.1569513462e+00
3.0668435875e-04 3.4395093630e+04 1.5707963268e+00 3.1574865069e+00
3.0680697472e-04 3.4417306754e+04 1.5707963268e+00 3.1580209761e+00
3.0692956318e-04 3.4439525903e+04 1.5707963268e+00 3.1585547549e+00
3.0705212416e-04 3.4461751067e+04 1.5707963268e+00 3.1590878445e+00
3.0717465770e-04 3.4483982238e+04 1.5707963268e+00 3.1596202461e+00
3.0729716385e-04 3.4506219406e+04 1.5707963268e+00 3.1601519608e+00
3.0741964264e-04 3.4528462562e+04 1.5707963268e+00 3.1606829897e+00
3.0754209411e-04 3.4550711696e+04 1.5707963268e+00 3.1612133340e+00
3.0766451831e-04 3.4572966800e+04 1.5707963268e+00 3.1617429949e+00
3.0778691528e-04 3.4595227865e+04 1.5707963268e+00 3.1622719734e+00
3.0790928504e-04 3.4617494881e+04 1.5707963268e+00 3.1628002707e+00
3.0803162765e-04 3.4639767839e+04 1.5707963268e+00 3.1633278879e+00
3.0815394315e-04 3.4662046730e+04 1.5707963268e+00 3.1638548261e+00
3.0827623157e-04 3.4684331546e+04 1.5707963268e+00 3.1643810866e+00
3.0839849295e-04 3.4706622276e+04 1.5707963268e+00 3.1649066704e+00
3.0852072733e-04 3.4728918913e+04 1.5707963268e+00 3.1654315786e+00
3.0864293475e-04 3.4751221446e+04 1.5707963268e+00 3.1659558124e+00
3.0876511526e-04 3.4773529868e+04 1.5707963268e+00 3.1664793729e+00
3.0888726888e-04 3.4795844168e+04 1.5707963268e+00 3.1670022612e+00
3.0900939566e-04 3.4818164338e+04 1.5707963268e+00 3.1675244784e+00
3.0913149565e-04 3.4840490370e+04 1.5707963268e+00 3.1680460256e+00
3.0925356886e-04 3.4862822253e+04 1.5707963268e+00 3.1685669040e+00
3.0937561536e-04 3.4885159979e+04 1.5707963268e+00 3.1690871146e+00
3.0949763517e-04 3.4907503540e+04 1.5707963268e+00 3.1696066587e+00
3.0961962834e-04 3.4929852925e+04 1.5707963268e+00 3.1701255372e+00
3.0974159490e-04 3.4952208127e+04 1.5707963268e+00 3.1706437512e+00
3.0986353489e-04 3.4974569137e+04 1.5707963268e+00 3.1711613020e+00
3.0998544835e-04 3.4996935945e+04 1.5707963268e+00 3.1716781905e+00
3.1010733532e-04 3.5019308543e+04 1.5707963268e+00 3.1721944179e+00
3.1022919584e-04 3.5041686922e+04 1.5707963268e+00 3.1727099853e+00
3.1035102994e-04 3.5064071072e+04 1.5707963268e+00 3.1732248938e+00
3.1047283767e-04 3.5086460986e+04 1.5707963268e+00 3.1737391445e+00
3.1059461906e-04 3.5108856655e+04 1.5707963268e+00 3.1742527384e+00
3.1071637416e-04 3.5131258069e+04 1.5707963268e+00 3.1747656766e+00
3.1083810299e-04 3.5153665220e+04 1.5707963268e+00 3.1752779603e+00
3.1095980559e-04 3.5176078099e+04 1.5707963268e+00 3.1757895905e+00
3.1108148202e-04 3.5198496698e+04 1.5707963268e+00 3.1763005683e+00
3.1120313229e-04 3.5220921007e+04 1.5707963268e+00 3.1768108948e+00
3.1132475646e-04 3.5243351018e+04 1.5707963268e+00 3.1773205710e+00
3.1144635456e-04 3.5265786722e+04 1.5707963268e+00 3.1778295981e+00
3.1156792662e-04 3.5288228112e+04 1.5707963268e+00 3.1783379771e+00
3.1168947268e-04 3.5310675177e+04 1.5707963268e+00 3.1788457091e+00
3.1181099279e-04 3.5333127909e+04 1.5707963268e+00 3.1793527951e+00
3.1193248698e-04 3.5355586300e+04 1.5707963268e+00 3.1798592363e+00
3.1205395528e-04 3.5378050341e+04 1.5707963268e+00 3.1803650336e+00
3.1217539774e-04 3.5400520023e+04 1.5707963268e+00 3.1808701882e+00
3.1229681439e-04 3.5422995338e+04 1.5707963268e+00 3.1813747012e+00
3.1241820526e-04 3.5445476277e+04 1.5707963268e+00 3.1818785735e+00
3.1253957040e-04 3.5467962832e+04 1.5707963268e+00 3.1823818062e+00
