0.0000000000e+00 1.5522160195e+04 1.5707963268e+00 0.0000000000e+00
2.2597053122e-07 1.5522160195e+04 1.5707963268e+00 -2.8571428571e-03
4.5194106245e-07 1.5522178296e+04 1.5707963268e+00 -5.7142857143e-03
6.7791124231e-07 1.5522214499e+04 1.5707963268e+00 -8.5714219075e-03
9.0388071944e-07 1.5522268804e+04 1.5707963268e+00 -1.1428544773e-02
1.1298491425e-06 1.5522341211e+04 1.5707963268e+00 -1.4285647647e-02
1.3558161602e-06 1.5522431720e+04 1.5707963268e+00 -1.7142723866e-02
1.5817814211e-06 1.5522540332e+04 1.5707963268e+00 -1.9999766766e-02
1.8077445739e-06 1.5522667046e+04 1.5707963268e+00 -2.2856769685e-02
2.0337052675e-06 1.5522811863e+04 1.5707963268e+00 -2.5713725959e-02
2.2596631505e-06 1.5522974784e+04 1.5707963268e+00 -2.8570628925e-02
2.4856178718e-06 1.5523155808e+04 1.5707963268e+00 -3.1427471922e-02
2.7115690801e-06 1.5523354937e+04 1.5707963268e+00 -3.4284248287e-02
2.9375164243e-06 1.5523572172e+04 1.5707963268e+00 -3.7140951360e-02
3.1634595535e-06 1.5523807513e+04 1.5707963268e+00 -3.9997574479e-02
3.3893981164e-06 1.5524060960e+04 1.5707963268e+00 -4.2854110984e-02
3.6153317623e-06 1.5524332515e+04 1.5707963268e+00 -4.5710554215e-02
3.8412601401e-06 1.5524622178e+04 1.5707963268e+00 -4.8566897513e-02
4.0671828990e-06 1.5524929951e+04 1.5707963268e+00 -5.1423134221e-02
4.2930996884e-06 1.5525255835e+04 1.5707963268e+00 -5.4279257679e-02
4.5190101574e-06 1.5525599830e+04 1.5707963268e+00 -5.7135261232e-02
4.7449139554e-06 1.5525961937e+04 1.5707963268e+00 -5.9991138223e-02
4.9708107321e-06 1.5526342159e+04 1.5707963268e+00 -6.2846881998e-02
5.1967001368e-06 1.5526740496e+04 1.5707963268e+00 -6.5702485901e-02
5.4225818193e-06 1.5527156949e+04 1.5707963268e+00 -6.8557943280e-02
5.6484554293e-06 1.5527591521e+04 1.5707963268e+00 -7.1413247483e-02
5.8743206167e-06 1.5528044212e+04 1.5707963268e+00 -7.4268391859e-02
6.1001770314e-06 1.5528515023e+04 1.5707963268e+00 -7.7123369757e-02
6.3260243235e-06 1.5529003958e+04 1.5707963268e+00 -7.9978174528e-02
6.5518621433e-06 1.5529511016e+04 1.5707963268e+00 -8.2832799525e-02
6.7776901410e-06 1.5530036201e+04 1.5707963268e+00 -8.5687238102e-02
7.0035079670e-06 1.5530579513e+04 1.5707963268e+00 -8.8541483614e-02
7.2293152720e-06 1.5531140954e+04 1.5707963268e+00 -9.1395529416e-02
7.4551117066e-06 1.5531720528e+04 1.5707963268e+00 -9.4249368866e-02
7.6808969217e-06 1.5532318234e+04 1.5707963268e+00 -9.7102995324e-02
7.9066705682e-06 1.5532934076e+04 1.5707963268e+00 -9.9956402150e-02
8.1324322973e-06 1.5533568056e+04 1.5707963268e+00 -1.0280958271e-01
8.3581817602e-06 1.5534220175e+04 1.5707963268e+00 -1.0566253036e-01
8.5839186085e-06 1.5534890436e+04 1.5707963268e+00 -1.0851523847e-01
8.8096424936e-06 1.5535578841e+04 1.5707963268e+00 -1.1136770040e-01
9.0353530674e-06 1.5536285393e+04 1.5707963268e+00 -1.1421990953e-01
9.2610499818e-06 1.5537010093e+04 1.5707963268e+00 -1.1707185923e-01
9.4867328888e-06 1.5537752945e+04 1.5707963268e+00 -1.1992354286e-01
9.7124014409e-06 1.5538513951e+04 1.5707963268e+00 -1.2277495381e-01
9.9380552904e-06 1.5539293113e+04 1.5707963268e+00 -1.2562608544e-01
1.0163694090e-05 1.5540090434e+04 1.5707963268e+00 -1.2847693114e-01
1.0389317493e-05 1.5540905918e+04 1.5707963268e+00 -1.3132748428e-01
1.0614925151e-05 1.5541739565e+04 1.5707963268e+00 -1.3417773826e-01
1.0840516719e-05 1.5542591380e+04 1.5707963268e+00 -1.3702768644e-01
1.1066091849e-05 1.5543461366e+04 1.5707963268e+00 -1.3987732223e-01
1.1291650196e-05 1.5544349524e+04 1.5707963268e+00 -1.4272663900e-01
1.1517191413e-05 1.5545255859e+04 1.5707963268e+00 -1.4557563015e-01
1.1742715154e-05 1.5546180374e+04 1.5707963268e+00 -1.4842428907e-01
1.1968221074e-05 1.5547123070e+04 1.5707963268e+00 -1.5127260916e-01
1.2193708827e-05 1.5548083952e+04 1.5707963268e+00 -1.5412058382e-01
1.2419178068e-05 1.5549063023e+04 1.5707963268e+00 -1.5696820643e-01
1.2644628452e-05 1.5550060287e+04 1.5707963268e+00 -1.5981547042e-01
1.2870059634e-05 1.5551075746e+04 1.5707963268e+00 -1.6266236918e-01
1.3095471270e-05 1.5552109403e+04 1.5707963268e+00 -1.6550889611e-01
1.3320863015e-05 1.5553161264e+04 1.5707963268e+00 -1.6835504464e-01
1.3546234526e-05 1.5554231330e+04 1.5707963268e+00 -1.7120080818e-01
1.3771585458e-05 1.5555319606e+04 1.5707963268e+00 -1.7404618013e-01
1.3996915469e-05 1.5556426095e+04 1.5707963268e+00 -1.7689115392e-01
1.4222224214e-05 1.5557550802e+04 1.5707963268e+00 -1.7973572297e-01
1.4447511351e-05 1.5558693729e+04 1.5707963268e+00 -1.8257988070e-01
1.4672776538e-05 1.5559854880e+04 1.5707963268e+00 -1.8542362055e-01
1.4898019431e-05 1.5561034261e+04 1.5707963268e+00 -1.8826693594e-01
1.5123239690e-05 1.5562231873e+04 1.5707963268e+00 -1.9110982030e-01
1.5348436971e-05 1.5563447723e+04 1.5707963268e+00 -1.9395226707e-01
1.5573610934e-05 1.5564681813e+04 1.5707963268e+00 -1.9679426969e-01
1.5798761237e-05 1.5565934147e+04 1.5707963268e+00 -1.9963582160e-01
1.6023887539e-05 1.5567204731e+04 1.5707963268e+00 -2.0247691625e-01
1.6248989500e-05 1.5568493568e+04 1.5707963268e+00 -2.0531754708e-01
1.6474066779e-05 1.5569800662e+04 1.5707963268e+00 -2.0815770756e-01
1.6699119037e-05 1.5571126018e+04 1.5707963268e+00 -2.1099739112e-01
1.6924145933e-05 1.5572469640e+04 1.5707963268e+00 -2.1383659124e-01
1.7149147128e-05 1.5573831533e+04 1.5707963268e+00 -2.1667530138e-01
1.7374122284e-05 1.5575211702e+04 1.5707963268e+00 -2.1951351499e-01
1.7599071061e-05 1.5576610150e+04 1.5707963268e+00 -2.2235122555e-01
1.7823993122e-05 1.5578026883e+04 1.5707963268e+00 -2.2518842654e-01
1.8048888127e-05 1.5579461905e+04 1.5707963268e+00 -2.2802511142e-01
1.8273755740e-05 1.5580915221e+04 1.5707963268e+00 -2.3086127369e-01
1.8498595623e-05 1.5582386836e+04 1.5707963268e+00 -2.3369690681e-01
1.8723407440e-05 1.5583876755e+04 1.5707963268e+00 -2.3653200429e-01
1.8948190852e-05 1.5585384982e+04 1.5707963268e+00 -2.3936655960e-01
1.9172945525e-05 1.5586911522e+04 1.5707963268e+00 -2.4220056625e-01
1.9397671122e-05 1.5588456382e+04 1.5707963268e+00 -2.4503401774e-01
1.9622367308e-05 1.5590019565e+04 1.5707963268e+00 -2.4786690757e-01
1.9847033748e-05 1.5591601077e+04 1.5707963268e+00 -2.5069922924e-01
2.0071670106e-05 1.5593200923e+04 1.5707963268e+00 -2.5353097627e-01
2.0296276049e-05 1.5594819109e+04 1.5707963268e+00 -2.5636214217e-01
2.0520851242e-05 1.5596455639e+04 1.5707963268e+00 -2.5919272046e-01
2.0745395351e-05 1.5598110519e+04 1.5707963268e+00 -2.6202270467e-01
2.0969908045e-05 1.5599783754e+04 1.5707963268e+00 -2.6485208832e-01
2.1194388989e-05 1.5601475351e+04 1.5707963268e+00 -2.6768086494e-01
2.1418837851e-05 1.5603185314e+04 1.5707963268e+00 -2.7050902807e-01
2.1643254300e-05 1.5604913649e+04 1.5707963268e+00 -2.7333657126e-01
2.1867638003e-05 1.5606660361e+04 1.5707963268e+00 -2.7616348804e-01
2.2091988629e-05 1.5608425457e+04 1.5707963268e+00 -2.7898977197e-01
2.2316305848e-05 1.5610208942e+04 1.5707963268e+00 -2.8181541660e-01
2.2540589330e-05 1.5612010822e+04 1.5707963268e+00 -2.8464041549e-01
2.2764838743e-05 1.5613831102e+04 1.5707963268e+00 -2.8746476220e-01
2.2989053760e-05 1.5615669789e+04 1.5707963268e+00 -2.9028845031e-01
2.3213234050e-05 1.5617526889e+04 1.5707963268e+00 -2.9311147338e-01
2.3437379285e-05 1.5619402407e+04 1.5707963268e+00 -2.9593382499e-01
2.3661489138e-05 1.5621296350e+04 1.5707963268e+00 -2.9875549872e-01
2.3885563279e-05 1.5623208723e+04 1.5707963268e+00 -3.0157648817e-01
2.4109601382e-05 1.5625139533e+04 1.5707963268e+00 -3.0439678692e-01
2.4333603121e-05 1.5627088787e+04 1.5707963268e+00 -3.0721638857e-01
2.4557568168e-05 1.5629056489e+04 1.5707963268e+00 -3.1003528672e-01
2.4781496198e-05 1.5631042647e+04 1.5707963268e+00 -3.1285347498e-01
2.5005386885e-05 1.5633047267e+04 1.5707963268e+00 -3.1567094697e-01
2.5229239905e-05 1.5635070355e+04 1.5707963268e+00 -3.1848769630e-01
2.5453054932e-05 1.5637111918e+04 1.5707963268e+00 -3.2130371659e-01
2.5676831644e-05 1.5639171963e+04 1.5707963268e+00 -3.2411900147e-01
2.5900569716e-05 1.5641250495e+04 1.5707963268e+00 -3.2693354458e-01
2.6124268825e-05 1.5643347521e+04 1.5707963268e+00 -3.2974733955e-01
2.6347928648e-05 1.5645463049e+04 1.5707963268e+00 -3.3256038003e-01
2.6571548865e-05 1.5647597084e+04 1.5707963268e+00 -3.3537265967e-01
2.6795129153e-05 1.5649749633e+04 1.5707963268e+00 -3.3818417211e-01
2.7018669191e-05 1.5651920704e+04 1.5707963268e+00 -3.4099491103e-01
2.7242168658e-05 1.5654110303e+04 1.5707963268e+00 -3.4380487009e-01
2.7465627235e-05 1.5656318437e+04 1.5707963268e+00 -3.4661404296e-01
2.7689044601e-05 1.5658545113e+04 1.5707963268e+00 -3.4942242332e-01
2.7912420439e-05 1.5660790337e+04 1.5707963268e+00 -3.5223000486e-01
2.8135754430e-05 1.5663054118e+04 1.5707963268e+00 -3.5503678125e-01
2.8359046254e-05 1.5665336461e+04 1.5707963268e+00 -3.5784274620e-01
2.8582295596e-05 1.5667637375e+04 1.5707963268e+00 -3.6064789340e-01
2.8805502138e-05 1.5669956865e+04 1.5707963268e+00 -3.6345221657e-01
2.9028665564e-05 1.5672294940e+04 1.5707963268e+00 -3.6625570942e-01
2.9251785559e-05 1.5674651606e+04 1.5707963268e+00 -3.6905836566e-01
2.9474861805e-05 1.5677026872e+04 1.5707963268e+00 -3.7186017903e-01
2.9697893990e-05 1.5679420743e+04 1.5707963268e+00 -3.7466114324e-01
2.9920881799e-05 1.5681833229e+04 1.5707963268e+00 -3.7746125205e-01
3.0143824919e-05 1.5684264335e+04 1.5707963268e+00 -3.8026049919e-01
3.0366723035e-05 1.5686714069e+04 1.5707963268e+00 -3.8305887841e-01
3.0589575836e-05 1.5689182440e+04 1.5707963268e+00 -3.8585638347e-01
3.0812383010e-05 1.5691669454e+04 1.5707963268e+00 -3.8865300813e-01
3.1035144246e-05 1.5694175119e+04 1.5707963268e+00 -3.9144874616e-01
3.1257859233e-05 1.5696699443e+04 1.5707963268e+00 -3.9424359134e-01
3.1480527660e-05 1.5699242434e+04 1.5707963268e+00 -3.9703753744e-01
3.1703149218e-05 1.5701804098e+04 1.5707963268e+00 -3.9983057826e-01
3.1925723597e-05 1.5704384444e+04 1.5707963268e+00 -4.0262270760e-01
3.2148250491e-05 1.5706983480e+04 1.5707963268e+00 -4.0541391925e-01
3.2370729590e-05 1.5709601214e+04 1.5707963268e+00 -4.0820420702e-01
3.2593160588e-05 1.5712237653e+04 1.5707963268e+00 -4.1099356473e-01
3.2815543177e-05 1.5714892805e+04 1.5707963268e+00 -4.1378198620e-01
3.3037877052e-05 1.5717566678e+04 1.5707963268e+00 -4.1656946527e-01
3.3260161908e-05 1.5720259281e+04 1.5707963268e+00 -4.1935599575e-01
3.3482397439e-05 1.5722970621e+04 1.5707963268e+00 -4.2214157151e-01
3.3704583341e-05 1.5725700706e+04 1.5707963268e+00 -4.2492618639e-01
3.3926719311e-05 1.5728449544e+04 1.5707963268e+00 -4.2770983425e-01
3.4148805046e-05 1.5731217144e+04 1.5707963268e+00 -4.3049250894e-01
3.4370840244e-05 1.5734003514e+04 1.5707963268e+00 -4.3327420435e-01
3.4592824602e-05 1.5736808662e+04 1.5707963268e+00 -4.3605491436e-01
3.4814757820e-05 1.5739632597e+04 1.5707963268e+00 -4.3883463284e-01
3.5036639597e-05 1.5742475325e+04 1.5707963268e+00 -4.4161335369e-01
3.5258469633e-05 1.5745336857e+04 1.5707963268e+00 -4.4439107081e-01
3.5480247630e-05 1.5748217200e+04 1.5707963268e+00 -4.4716777812e-01
3.5701973289e-05 1.5751116362e+04 1.5707963268e+00 -4.4994346952e-01
3.5923646312e-05 1.5754034353e+04 1.5707963268e+00 -4.5271813895e-01
3.6145266402e-05 1.5756971180e+04 1.5707963268e+00 -4.5549178032e-01
3.6366833261e-05 1.5759926852e+04 1.5707963268e+00 -4.5826438758e-01
3.6588346596e-05 1.5762901377e+04 1.5707963268e+00 -4.6103595468e-01
3.6809806109e-05 1.5765894765e+04 1.5707963268e+00 -4.6380647557e-01
3.7031211507e-05 1.5768907024e+04 1.5707963268e+00 -4.6657594421e-01
3.7252562495e-05 1.5771938162e+04 1.5707963268e+00 -4.6934435458e-01
3.7473858781e-05 1.5774988188e+04 1.5707963268e+00 -4.7211170064e-01
3.7695100072e-05 1.5778057111e+04 1.5707963268e+00 -4.7487797638e-01
3.7916286077e-05 1.5781144940e+04 1.5707963268e+00 -4.7764317581e-01
3.8137416503e-05 1.5784251682e+04 1.5707963268e+00 -4.8040729291e-01
3.8358491060e-05 1.5787377348e+04 1.5707963268e+00 -4.8317032170e-01
3.8579509460e-05 1.5790521946e+04 1.5707963268e+00 -4.8593225619e-01
3.8800471412e-05 1.5793685485e+04 1.5707963268e+00 -4.8869309042e-01
3.9021376628e-05 1.5796867973e+04 1.5707963268e+00 -4.9145281842e-01
3.9242224820e-05 1.5800069420e+04 1.5707963268e+00 -4.9421143422e-01
3.9463015702e-05 1.5803289835e+04 1.5707963268e+00 -4.9696893188e-01
3.9683748988e-05 1.5806529226e+04 1.5707963268e+00 -4.9972530546e-01
3.9904424390e-05 1.5809787603e+04 1.5707963268e+00 -5.0248054903e-01
4.0125041626e-05 1.5813064974e+04 1.5707963268e+00 -5.0523465665e-01
4.0345600410e-05 1.5816361350e+04 1.5707963268e+00 -5.0798762243e-01
4.0566100460e-05 1.5819676737e+04 1.5707963268e+00 -5.1073944044e-01
4.0786541492e-05 1.5823011147e+04 1.5707963268e+00 -5.1349010479e-01
4.1006923224e-05 1.5826364588e+04 1.5707963268e+00 -5.1623960960e-01
4.1227245376e-05 1.5829737069e+04 1.5707963268e+00 -5.1898794897e-01
4.1447507666e-05 1.5833128600e+04 1.5707963268e+00 -5.2173511705e-01
4.1667709815e-05 1.5836539189e+04 1.5707963268e+00 -5.2448110796e-01
4.1887851544e-05 1.5839968847e+04 1.5707963268e+00 -5.2722591585e-01
4.2107932575e-05 1.5843417581e+04 1.5707963268e+00 -5.2996953487e-01
4.2327952629e-05 1.5846885402e+04 1.5707963268e+00 -5.3271195920e-01
4.2547911431e-05 1.5850372319e+04 1.5707963268e+00 -5.3545318299e-01
4.2767808704e-05 1.5853878341e+04 1.5707963268e+00 -5.3819320044e-01
4.2987644172e-05 1.5857403478e+04 1.5707963268e+00 -5.4093200573e-01
4.3207417562e-05 1.5860947739e+04 1.5707963268e+00 -5.4366959307e-01
4.3427128599e-05 1.5864511133e+04 1.5707963268e+00 -5.4640595666e-01
4.3646777010e-05 1.5868093670e+04 1.5707963268e+00 -5.4914109072e-01
4.3866362523e-05 1.5871695360e+04 1.5707963268e+00 -5.5187498948e-01
4.4085884867e-05 1.5875316211e+04 1.5707963268e+00 -5.5460764718e-01
4.4305343771e-05 1.5878956234e+04 1.5707963268e+00 -5.5733905806e-01
4.4524738964e-05 1.5882615437e+04 1.5707963268e+00 -5.6006921638e-01
4.4744070178e-05 1.5886293832e+04 1.5707963268e+00 -5.6279811641e-01
4.4963337144e-05 1.5889991426e+04 1.5707963268e+00 -5.6552575242e-01
4.5182539594e-05 1.5893708230e+04 1.5707963268e+00 -5.6825211869e-01
4.5401677262e-05 1.5897444253e+04 1.5707963268e+00 -5.7097720952e-01
4.5620749882e-05 1.5901199505e+04 1.5707963268e+00 -5.7370101921e-01
4.5839757188e-05 1.5904973995e+04 1.5707963268e+00 -5.7642354208e-01
4.6058698915e-05 1.5908767734e+04 1.5707963268e+00 -5.7914477246e-01
4.6277574801e-05 1.5912580731e+04 1.5707963268e+00 -5.8186470467e-01
4.6496384582e-05 1.5916412995e+04 1.5707963268e+00 -5.8458333306e-01
4.6715127996e-05 1.5920264537e+04 1.5707963268e+00 -5.8730065198e-01
4.6933804781e-05 1.5924135366e+04 1.5707963268e+00 -5.9001665579e-01
4.7152414678e-05 1.5928025492e+04 1.5707963268e+00 -5.9273133888e-01
4.7370957427e-05 1.5931934924e+04 1.5707963268e+00 -5.9544469562e-01
4.7589432768e-05 1.5935863673e+04 1.5707963268e+00 -5.9815672041e-01
4.7807840443e-05 1.5939811749e+04 1.5707963268e+00 -6.0086740765e-01
4.8026180196e-05 1.5943779160e+04 1.5707963268e+00 -6.0357675176e-01
4.8244451770e-05 1.5947765917e+04 1.5707963268e+00 -6.0628474715e-01
4.8462654909e-05 1.5951772030e+04 1.5707963268e+00 -6.0899138828e-01
4.8680789359e-05 1.5955797509e+04 1.5707963268e+00 -6.1169666958e-01
4.8898854865e-05 1.5959842363e+04 1.5707963268e+00 -6.1440058550e-01
4.9116851175e-05 1.5963906602e+04 1.5707963268e+00 -6.1710313052e-01
4.9334778036e-05 1.5967990237e+04 1.5707963268e+00 -6.1980429911e-01
4.9552635196e-05 1.5972093277e+04 1.5707963268e+00 -6.2250408576e-01
4.9770422406e-05 1.5976215732e+04 1.5707963268e+00 -6.2520248496e-01
4.9988139414e-05 1.5980357613e+04 1.5707963268e+00 -6.2789949124e-01
5.0205785973e-05 1.5984518928e+04 1.5707963268e+00 -6.3059509910e-01
5.0423361833e-05 1.5988699688e+04 1.5707963268e+00 -6.3328930308e-01
5.0640866749e-05 1.5992899904e+04 1.5707963268e+00 -6.3598209771e-01
5.0858300473e-05 1.5997119584e+04 1.5707963268e+00 -6.3867347756e-01
5.1075662759e-05 1.6001358739e+04 1.5707963268e+00 -6.4136343718e-01
5.1292953364e-05 1.6005617380e+04 1.5707963268e+00 -6.4405197115e-01
5.1510172043e-05 1.6009895515e+04 1.5707963268e+00 -6.4673907406e-01
5.1727318553e-05 1.6014193155e+04 1.5707963268e+00 -6.4942474049e-01
5.1944392652e-05 1.6018510310e+04 1.5707963268e+00 -6.5210896507e-01
5.2161394098e-05 1.6022846990e+04 1.5707963268e+00 -6.5479174240e-01
5.2378322652e-05 1.6027203206e+04 1.5707963268e+00 -6.5747306712e-01
5.2595178073e-05 1.6031578966e+04 1.5707963268e+00 -6.6015293386e-01
5.2811960123e-05 1.6035974281e+04 1.5707963268e+00 -6.6283133729e-01
5.3028668564e-05 1.6040389162e+04 1.5707963268e+00 -6.6550827206e-01
5.3245303160e-05 1.6044823618e+04 1.5707963268e+00 -6.6818373286e-01
5.3461863673e-05 1.6049277660e+04 1.5707963268e+00 -6.7085771436e-01
5.3678349869e-05 1.6053751296e+04 1.5707963268e+00 -6.7353021127e-01
5.3894761513e-05 1.6058244539e+04 1.5707963268e+00 -6.7620121829e-01
5.4111098373e-05 1.6062757396e+04 1.5707963268e+00 -6.7887073015e-01
5.4327360214e-05 1.6067289880e+04 1.5707963268e+00 -6.8153874158e-01
5.4543546807e-05 1.6071841999e+04 1.5707963268e+00 -6.8420524733e-01
5.4759657919e-05 1.6076413764e+04 1.5707963268e+00 -6.8687024215e-01
5.4975693320e-05 1.6081005185e+04 1.5707963268e+00 -6.8953372081e-01
5.5191652783e-05 1.6085616271e+04 1.5707963268e+00 -6.9219567810e-01
5.5407536078e-05 1.6090247034e+04 1.5707963268e+00 -6.9485610879e-01
5.5623342979e-05 1.6094897483e+04 1.5707963268e+00 -6.9751500771e-01
5.5839073259e-05 1.6099567629e+04 1.5707963268e+00 -7.0017236966e-01
5.6054726692e-05 1.6104257480e+04 1.5707963268e+00 -7.0282818948e-01
5.6270303054e-05 1.6108967048e+04 1.5707963268e+00 -7.0548246200e-01
5.6485802121e-05 1.6113696343e+04 1.5707963268e+00 -7.0813518207e-01
5.6701223671e-05 1.6118445374e+04 1.5707963268e+00 -7.1078634457e-01
5.6916567481e-05 1.6123214152e+04 1.5707963268e+00 -7.1343594436e-01
5.7131833331e-05 1.6128002686e+04 1.5707963268e+00 -7.1608397634e-01
5.7347021001e-05 1.6132810988e+04 1.5707963268e+00 -7.1873043541e-01
5.7562130271e-05 1.6137639066e+04 1.5707963268e+00 -7.2137531649e-01
5.7777160923e-05 1.6142486932e+04 1.5707963268e+00 -7.2401861449e-01
5.7992112740e-05 1.6147354594e+04 1.5707963268e+00 -7.2666032436e-01
5.8206985505e-05 1.6152242064e+04 1.5707963268e+00 -7.2930044105e-01
5.8421779003e-05 1.6157149350e+04 1.5707963268e+00 -7.3193895952e-01
5.8636493020e-05 1.6162076464e+04 1.5707963268e+00 -7.3457587475e-01
5.8851127341e-05 1.6167023415e+04 1.5707963268e+00 -7.3721118173e-01
5.9065681754e-05 1.6171990214e+04 1.5707963268e+00 -7.3984487546e-01
5.9280156047e-05 1.6176976870e+04 1.5707963268e+00 -7.4247695095e-01
5.9494550009e-05 1.6181983393e+04 1.5707963268e+00 -7.4510740323e-01
5.9708863430e-05 1.6187009794e+04 1.5707963268e+00 -7.4773622735e-01
5.9923096102e-05 1.6192056082e+04 1.5707963268e+00 -7.5036341835e-01
6.0137247815e-05 1.6197122267e+04 1.5707963268e+00 -7.5298897130e-01
6.0351318363e-05 1.6202208360e+04 1.5707963268e+00 -7.5561288128e-01
6.0565307540e-05 1.6207314371e+04 1.5707963268e+00 -7.5823514338e-01
6.0779215139e-05 1.6212440308e+04 1.5707963268e+00 -7.6085575271e-01
6.0993040958e-05 1.6217586183e+04 1.5707963268e+00 -7.6347470438e-01
6.1206784791e-05 1.6222752006e+04 1.5707963268e+00 -7.6609199353e-01
6.1420446438e-05 1.6227937785e+04 1.5707963268e+00 -7.6870761529e-01
6.1634025695e-05 1.6233143532e+04 1.5707963268e+00 -7.7132156483e-01
6.1847522363e-05 1.6238369256e+04 1.5707963268e+00 -7.7393383731e-01
6.2060936241e-05 1.6243614967e+04 1.5707963268e+00 -7.7654442793e-01
6.2274267131e-05 1.6248880675e+04 1.5707963268e+00 -7.7915333187e-01
6.2487514836e-05 1.6254166390e+04 1.5707963268e+00 -7.8176054436e-01
6.2700679157e-05 1.6259472121e+04 1.5707963268e+00 -7.8436606060e-01
6.2913759900e-05 1.6264797879e+04 1.5707963268e+00 -7.8696987585e-01
6.3126756869e-05 1.6270143674e+04 1.5707963268e+00 -7.8957198534e-01
6.3339669869e-05 1.6275509514e+04 1.5707963268e+00 -7.9217238435e-01
6.3552498709e-05 1.6280895411e+04 1.5707963268e+00 -7.9477106816e-01
6.3765243196e-05 1.6286301373e+04 1.5707963268e+00 -7.9736803205e-01
6.3977903138e-05 1.6291727411e+04 1.5707963268e+00 -7.9996327133e-01
6.4190478346e-05 1.6297173535e+04 1.5707963268e+00 -8.0255678132e-01
6.4402968629e-05 1.6302639753e+04 1.5707963268e+00 -8.0514855736e-01
6.4615373800e-05 1.6308126077e+04 1.5707963268e+00 -8.0773859478e-01
6.4827693671e-05 1.6313632515e+04 1.5707963268e+00 -8.1032688896e-01
6.5039928056e-05 1.6319159077e+04 1.5707963268e+00 -8.1291343526e-01
6.5252076769e-05 1.6324705774e+04 1.5707963268e+00 -8.1549822907e-01
6.5464139625e-05 1.6330272614e+04 1.5707963268e+00 -8.1808126580e-01
6.5676116442e-05 1.6335859607e+04 1.5707963268e+00 -8.2066254086e-01
6.5888007036e-05 1.6341466763e+04 1.5707963268e+00 -8.2324204969e-01
6.6099811226e-05 1.6347094092e+04 1.5707963268e+00 -8.2581978772e-01
6.6311528830e-05 1.6352741603e+04 1.5707963268e+00 -8.2839575042e-01
6.6523159670e-05 1.6358409305e+04 1.5707963268e+00 -8.3096993326e-01
6.6734703567e-05 1.6364097209e+04 1.5707963268e+00 -8.3354233172e-01
6.6946160341e-05 1.6369805324e+04 1.5707963268e+00 -8.3611294132e-01
6.7157529818e-05 1.6375533658e+04 1.5707963268e+00 -8.3868175755e-01
6.7368811820e-05 1.6381282223e+04 1.5707963268e+00 -8.4124877596e-01
6.7580006174e-05 1.6387051026e+04 1.5707963268e+00 -8.4381399208e-01
6.7791112704e-05 1.6392840078e+04 1.5707963268e+00 -8.4637740148e-01
6.8002131238e-05 1.6398649389e+04 1.5707963268e+00 -8.4893899973e-01
6.8213061603e-05 1.6404478966e+04 1.5707963268e+00 -8.5149878242e-01
6.8423903630e-05 1.6410328820e+04 1.5707963268e+00 -8.5405674515e-01
6.8634657147e-05 1.6416198961e+04 1.5707963268e+00 -8.5661288353e-01
6.8845321985e-05 1.6422089396e+04 1.5707963268e+00 -8.5916719320e-01
6.9055897977e-05 1.6428000137e+04 1.5707963268e+00 -8.6171966980e-01
6.9266384955e-05 1.6433931191e+04 1.5707963268e+00 -8.6427030899e-01
6.9476782752e-05 1.6439882569e+04 1.5707963268e+00 -8.6681910646e-01
6.9687091204e-05 1.6445854279e+04 1.5707963268e+00 -8.6936605788e-01
6.9897310147e-05 1.6451846330e+04 1.5707963268e+00 -8.7191115897e-01
7.0107439416e-05 1.6457858732e+04 1.5707963268e+00 -8.7445440544e-01
7.0317478849e-05 1.6463891494e+04 1.5707963268e+00 -8.7699579303e-01
7.0527428286e-05 1.6469944625e+04 1.5707963268e+00 -8.7953531748e-01
7.0737287565e-05 1.6476018134e+04 1.5707963268e+00 -8.8207297457e-01
7.0947056528e-05 1.6482112029e+04 1.5707963268e+00 -8.8460876007e-01
7.1156735016e-05 1.6488226321e+04 1.5707963268e+00 -8.8714266977e-01
7.1366322870e-05 1.6494361018e+04 1.5707963268e+00 -8.8967469949e-01
7.1575819936e-05 1.6500516129e+04 1.5707963268e+00 -8.9220484505e-01
7.1785226057e-05 1.6506691662e+04 1.5707963268e+00 -8.9473310229e-01
7.1994541078e-05 1.6512887628e+04 1.5707963268e+00 -8.9725946706e-01
7.2203764846e-05 1.6519104033e+04 1.5707963268e+00 -8.9978393523e-01
7.2412897209e-05 1.6525340889e+04 1.5707963268e+00 -9.0230650269e-01
7.2621938014e-05 1.6531598202e+04 1.5707963268e+00 -9.0482716534e-01
7.2830887112e-05 1.6537875983e+04 1.5707963268e+00 -9.0734591910e-01
7.3039744351e-05 1.6544174239e+04 1.5707963268e+00 -9.0986275989e-01
7.3248509585e-05 1.6550492979e+04 1.5707963268e+00 -9.1237768366e-01
7.3457182664e-05 1.6556832213e+04 1.5707963268e+00 -9.1489068637e-01
7.3665763442e-05 1.6563191948e+04 1.5707963268e+00 -9.1740176401e-01
7.3874251773e-05 1.6569572193e+04 1.5707963268e+00 -9.1991091255e-01
7.4082647513e-05 1.6575972957e+04 1.5707963268e+00 -9.2241812802e-01
7.4290950517e-05 1.6582394249e+04 1.5707963268e+00 -9.2492340643e-01
7.4499160643e-05 1.6588836076e+04 1.5707963268e+00 -9.2742674383e-01
7.4707277749e-05 1.6595298447e+04 1.5707963268e+00 -9.2992813626e-01
7.4915301693e-05 1.6601781371e+04 1.5707963268e+00 -9.3242757980e-01
7.5123232336e-05 1.6608284856e+04 1.5707963268e+00 -9.3492507053e-01
7.5331069539e-05 1.6614808911e+04 1.5707963268e+00 -9.3742060456e-01
7.5538813164e-05 1.6621353542e+04 1.5707963268e+00 -9.3991417800e-01
7.5746463074e-05 1.6627918760e+04 1.5707963268e+00 -9.4240578699e-01
7.5954019132e-05 1.6634504572e+04 1.5707963268e+00 -9.4489542767e-01
7.6161481204e-05 1.6641110986e+04 1.5707963268e+00 -9.4738309621e-01
7.6368849155e-05 1.6647738011e+04 1.5707963268e+00 -9.4986878878e-01
7.6576122853e-05 1.6654385654e+04 1.5707963268e+00 -9.5235250160e-01
7.6783302165e-05 1.6661053924e+04 1.5707963268e+00 -9.5483423085e-01
7.6990386961e-05 1.6667742828e+04 1.5707963268e+00 -9.5731397279e-01
7.7197377109e-05 1.6674452375e+04 1.5707963268e+00 -9.5979172364e-01
7.7404272480e-05 1.6681182573e+04 1.5707963268e+00 -9.6226747967e-01
7.7611072947e-05 1.6687933428e+04 1.5707963268e+00 -9.6474123716e-01
7.7817778381e-05 1.6694704951e+04 1.5707963268e+00 -9.6721299239e-01
7.8024388658e-05 1.6701497147e+04 1.5707963268e+00 -9.6968274167e-01
7.8230903650e-05 1.6708310025e+04 1.5707963268e+00 -9.7215048134e-01
7.8437323235e-05 1.6715143593e+04 1.5707963268e+00 -9.7461620772e-01
7.8643647288e-05 1.6721997858e+04 1.5707963268e+00 -9.7707991717e-01
7.8849875687e-05 1.6728872828e+04 1.5707963268e+00 -9.7954160608e-01
7.9056008310e-05 1.6735768510e+04 1.5707963268e+00 -9.8200127082e-01
7.9262045037e-05 1.6742684913e+04 1.5707963268e+00 -9.8445890780e-01
7.9467985749e-05 1.6749622043e+04 1.5707963268e+00 -9.8691451344e-01
7.9673830327e-05 1.6756579909e+04 1.5707963268e+00 -9.8936808418e-01
7.9879578653e-05 1.6763558517e+04 1.5707963268e+00 -9.9181961647e-01
8.0085230611e-05 1.6770557874e+04 1.5707963268e+00 -9.9426910678e-01
8.0290786085e-05 1.6777577989e+04 1.5707963268e+00 -9.9671655160e-01
8.0496244960e-05 1.6784618869e+04 1.5707963268e+00 -9.9916194744e-01
8.0701607122e-05 1.6791680520e+04 1.5707963268e+00 -1.0016052908e+00
8.0906872460e-05 1.6798762950e+04 1.5707963268e+00 -1.0040465782e+00
8.1112040860e-05 1.6805866166e+04 1.5707963268e+00 -1.0064858063e+00
8.1317112212e-05 1.6812990175e+04 1.5707963268e+00 -1.0089229715e+00
8.1522086406e-05 1.6820134985e+04 1.5707963268e+00 -1.0113580705e+00
8.1726963334e-05 1.6827300601e+04 1.5707963268e+00 -1.0137910999e+00
8.1931742887e-05 1.6834487032e+04 1.5707963268e+00 -1.0162220562e+00
8.2136424958e-05 1.6841694284e+04 1.5707963268e+00 -1.0186509362e+00
8.2341009442e-05 1.6848922364e+04 1.5707963268e+00 -1.0210777365e+00
8.2545496233e-05 1.6856171279e+04 1.5707963268e+00 -1.0235024537e+00
8.2749885226e-05 1.6863441035e+04 1.5707963268e+00 -1.0259250845e+00
8.2954176320e-05 1.6870731639e+04 1.5707963268e+00 -1.0283456257e+00
8.3158369411e-05 1.6878043098e+04 1.5707963268e+00 -1.0307640739e+00
8.3362464399e-05 1.6885375419e+04 1.5707963268e+00 -1.0331804259e+00
8.3566461183e-05 1.6892728608e+04 1.5707963268e+00 -1.0355946784e+00
8.3770359663e-05 1.6900102671e+04 1.5707963268e+00 -1.0380068282e+00
8.3974159742e-05 1.6907497615e+04 1.5707963268e+00 -1.0404168721e+00
8.4177861321e-05 1.6914913446e+04 1.5707963268e+00 -1.0428248069e+00
8.4381464305e-05 1.6922350171e+04 1.5707963268e+00 -1.0452306294e+00
8.4584968598e-05 1.6929807797e+04 1.5707963268e+00 -1.0476343364e+00
8.4788374105e-05 1.6937286328e+04 1.5707963268e+00 -1.0500359248e+00
8.4991680732e-05 1.6944785772e+04 1.5707963268e+00 -1.0524353915e+00
8.5194888388e-05 1.6952306134e+04 1.5707963268e+00 -1.0548327333e+00
8.5397996979e-05 1.6959847421e+04 1.5707963268e+00 -1.0572279471e+00
8.5601006416e-05 1.6967409639e+04 1.5707963268e+00 -1.0596210299e+00
8.5803916608e-05 1.6974992793e+04 1.5707963268e+00 -1.0620119787e+00
8.6006727467e-05 1.6982596890e+04 1.5707963268e+00 -1.0644007902e+00
8.6209438904e-05 1.6990221935e+04 1.5707963268e+00 -1.0667874616e+00
8.6412050833e-05 1.6997867934e+04 1.5707963268e+00 -1.0691719898e+00
8.6614563167e-05 1.7005534894e+04 1.5707963268e+00 -1.0715543718e+00
8.6816975821e-05 1.7013222819e+04 1.5707963268e+00 -1.0739346047e+00
8.7019288711e-05 1.7020931715e+04 1.5707963268e+00 -1.0763126854e+00
8.7221501754e-05 1.7028661588e+04 1.5707963268e+00 -1.0786886110e+00
8.7423614867e-05 1.7036412444e+04 1.5707963268e+00 -1.0810623786e+00
8.7625627968e-05 1.7044184287e+04 1.5707963268e+00 -1.0834339854e+00
8.7827540979e-05 1.7051977124e+04 1.5707963268e+00 -1.0858034283e+00
8.8029353817e-05 1.7059790960e+04 1.5707963268e+00 -1.0881707045e+00
8.8231066407e-05 1.7067625799e+04 1.5707963268e+00 -1.0905358112e+00
8.8432678668e-05 1.7075481648e+04 1.5707963268e+00 -1.0928987455e+00
8.8634190525e-05 1.7083358510e+04 1.5707963268e+00 -1.0952595046e+00
8.8835601902e-05 1.7091256393e+04 1.5707963268e+00 -1.0976180856e+00
8.9036912723e-05 1.7099175300e+04 1.5707963268e+00 -1.0999744859e+00
8.9238122916e-05 1.7107115236e+04 1.5707963268e+00 -1.1023287026e+00
8.9439232406e-05 1.7115076207e+04 1.5707963268e+00 -1.1046807329e+00
8.9640241122e-05 1.7123058217e+04 1.5707963268e+00 -1.1070305741e+00
8.9841148992e-05 1.7131061272e+04 1.5707963268e+00 -1.1093782236e+00
9.0041955945e-05 1.7139085375e+04 1.5707963268e+00 -1.1117236785e+00
9.0242661914e-05 1.7147130532e+04 1.5707963268e+00 -1.1140669362e+00
9.0443266828e-05 1.7155196748e+04 1.5707963268e+00 -1.1164079941e+00
9.0643770621e-05 1.7163284026e+04 1.5707963268e+00 -1.1187468494e+00
9.0844173225e-05 1.7171392372e+04 1.5707963268e+00 -1.1210834996e+00
9.1044474575e-05 1.7179521789e+04 1.5707963268e+00 -1.1234179420e+00
9.1244674607e-05 1.7187672283e+04 1.5707963268e+00 -1.1257501740e+00
9.1444773255e-05 1.7195843857e+04 1.5707963268e+00 -1.1280801931e+00
9.1644770457e-05 1.7204036516e+04 1.5707963268e+00 -1.1304079966e+00
9.1844666151e-05 1.7212250265e+04 1.5707963268e+00 -1.1327335820e+00
9.2044460276e-05 1.7220485106e+04 1.5707963268e+00 -1.1350569469e+00
9.2244152771e-05 1.7228741045e+04 1.5707963268e+00 -1.1373780886e+00
9.2443743577e-05 1.7237018085e+04 1.5707963268e+00 -1.1396970046e+00
9.2643232634e-05 1.7245316231e+04 1.5707963268e+00 -1.1420136926e+00
9.2842619887e-05 1.7253635485e+04 1.5707963268e+00 -1.1443281499e+00
9.3041905277e-05 1.7261975853e+04 1.5707963268e+00 -1.1466403743e+00
9.3241088748e-05 1.7270337337e+04 1.5707963268e+00 -1.1489503632e+00
9.3440170247e-05 1.7278719942e+04 1.5707963268e+00 -1.1512581143e+00
9.3639149718e-05 1.7287123671e+04 1.5707963268e+00 -1.1535636251e+00
9.3838027109e-05 1.7295548528e+04 1.5707963268e+00 -1.1558668932e+00
9.4036802367e-05 1.7303994516e+04 1.5707963268e+00 -1.1581679164e+00
9.4235475440e-05 1.7312461638e+04 1.5707963268e+00 -1.1604666923e+00
9.4434046279e-05 1.7320949899e+04 1.5707963268e+00 -1.1627632185e+00
9.4632514833e-05 1.7329459301e+04 1.5707963268e+00 -1.1650574927e+00
9.4830881053e-05 1.7337989847e+04 1.5707963268e+00 -1.1673495127e+00
9.5029144892e-05 1.7346541542e+04 1.5707963268e+00 -1.1696392761e+00
9.5227306303e-05 1.7355114387e+04 1.5707963268e+00 -1.1719267808e+00
9.5425365239e-05 1.7363708386e+04 1.5707963268e+00 -1.1742120245e+00
9.5623321655e-05 1.7372323542e+04 1.5707963268e+00 -1.1764950049e+00
9.5821175506e-05 1.7380959858e+04 1.5707963268e+00 -1.1787757198e+00
9.6018926749e-05 1.7389617336e+04 1.5707963268e+00 -1.1810541672e+00
9.6216575342e-05 1.7398295980e+04 1.5707963268e+00 -1.1833303447e+00
9.6414121242e-05 1.7406995792e+04 1.5707963268e+00 -1.1856042503e+00
9.6611564407e-05 1.7415716775e+04 1.5707963268e+00 -1.1878758819e+00
9.6808904800e-05 1.7424458932e+04 1.5707963268e+00 -1.1901452372e+00
9.7006142378e-05 1.7433222264e+04 1.5707963268e+00 -1.1924123142e+00
9.7203277105e-05 1.7442006775e+04 1.5707963268e+00 -1.1946771109e+00
9.7400308943e-05 1.7450812466e+04 1.5707963268e+00 -1.1969396251e+00
9.7597237855e-05 1.7459639341e+04 1.5707963268e+00 -1.1991998549e+00
9.7794063805e-05 1.7468487401e+04 1.5707963268e+00 -1.2014577981e+00
9.7990786758e-05 1.7477356648e+04 1.5707963268e+00 -1.2037134528e+00
9.8187406680e-05 1.7486247084e+04 1.5707963268e+00 -1.2059668170e+00
9.8383923537e-05 1.7495158713e+04 1.5707963268e+00 -1.2082178886e+00
9.8580337297e-05 1.7504091535e+04 1.5707963268e+00 -1.2104666659e+00
9.8776647928e-05 1.7513045552e+04 1.5707963268e+00 -1.2127131467e+00
9.8972855400e-05 1.7522020767e+04 1.5707963268e+00 -1.2149573292e+00
9.9168959682e-05 1.7531017180e+04 1.5707963268e+00 -1.2171992115e+00
9.9364960745e-05 1.7540034794e+04 1.5707963268e+00 -1.2194387916e+00
9.9560858561e-05 1.7549073611e+04 1.5707963268e+00 -1.2216760678e+00
9.9756653102e-05 1.7558133631e+04 1.5707963268e+00 -1.2239110381e+00
9.9952344341e-05 1.7567214857e+04 1.5707963268e+00 -1.2261437007e+00
1.0014793225e-04 1.7576317290e+04 1.5707963268e+00 -1.2283740538e+00
1.0034341681e-04 1.7585440930e+04 1.5707963268e+00 -1.2306020957e+00
1.0053879800e-04 1.7594585780e+04 1.5707963268e+00 -1.2328278244e+00
1.0073407578e-04 1.7603751841e+04 1.5707963268e+00 -1.2350512382e+00
1.0092925014e-04 1.7612939113e+04 1.5707963268e+00 -1.2372723355e+00
1.0112432105e-04 1.7622147597e+04 1.5707963268e+00 -1.2394911143e+00
1.0131928850e-04 1.7631377296e+04 1.5707963268e+00 -1.2417075732e+00
1.0151415247e-04 1.7640628209e+04 1.5707963268e+00 -1.2439217102e+00
1.0170891293e-04 1.7649900337e+04 1.5707963268e+00 -1.2461335238e+00
1.0190356986e-04 1.7659193682e+04 1.5707963268e+00 -1.2483430123e+00
1.0209812326e-04 1.7668508243e+04 1.5707963268e+00 -1.2505501740e+00
1.0229257309e-04 1.7677844022e+04 1.5707963268e+00 -1.2527550074e+00
1.0248691935e-04 1.7687201019e+04 1.5707963268e+00 -1.2549575107e+00
1.0268116202e-04 1.7696579235e+04 1.5707963268e+00 -1.2571576825e+00
1.0287530109e-04 1.7705978669e+04 1.5707963268e+00 -1.2593555210e+00
1.0306933654e-04 1.7715399322e+04 1.5707963268e+00 -1.2615510249e+00
1.0326326835e-04 1.7724841195e+04 1.5707963268e+00 -1.2637441924e+00
1.0345709652e-04 1.7734304288e+04 1.5707963268e+00 -1.2659350222e+00
1.0365082104e-04 1.7743788601e+04 1.5707963268e+00 -1.2681235126e+00
1.0384444189e-04 1.7753294133e+04 1.5707963268e+00 -1.2703096622e+00
1.0403795907e-04 1.7762820885e+04 1.5707963268e+00 -1.2724934695e+00
1.0423137255e-04 1.7772368857e+04 1.5707963268e+00 -1.2746749331e+00
1.0442468235e-04 1.7781938048e+04 1.5707963268e+00 -1.2768540515e+00
1.0461788845e-04 1.7791528459e+04 1.5707963268e+00 -1.2790308232e+00
1.0481099083e-04 1.7801140089e+04 1.5707963268e+00 -1.2812052470e+00
1.0500398951e-04 1.7810772937e+04 1.5707963268e+00 -1.2833773214e+00
1.0519688446e-04 1.7820427003e+04 1.5707963268e+00 -1.2855470450e+00
1.0538967569e-04 1.7830102286e+04 1.5707963268e+00 -1.2877144164e+00
1.0558236320e-04 1.7839798787e+04 1.5707963268e+00 -1.2898794344e+00
1.0577494697e-04 1.7849516504e+04 1.5707963268e+00 -1.2920420976e+00
1.0596742701e-04 1.7859255436e+04 1.5707963268e+00 -1.2942024047e+00
1.0615980331e-04 1.7869015583e+04 1.5707963268e+00 -1.2963603544e+00
1.0635207588e-04 1.7878796943e+04 1.5707963268e+00 -1.2985159454e+00
1.0654424472e-04 1.7888599516e+04 1.5707963268e+00 -1.3006691766e+00
1.0673630982e-04 1.7898423301e+04 1.5707963268e+00 -1.3028200466e+00
1.0692827119e-04 1.7908268296e+04 1.5707963268e+00 -1.3049685542e+00
1.0712012883e-04 1.7918134501e+04 1.5707963268e+00 -1.3071146983e+00
1.0731188274e-04 1.7928021913e+04 1.5707963268e+00 -1.3092584776e+00
1.0750353292e-04 1.7937930532e+04 1.5707963268e+00 -1.3113998910e+00
1.0769507939e-04 1.7947860356e+04 1.5707963268e+00 -1.3135389373e+00
1.0788652214e-04 1.7957811384e+04 1.5707963268e+00 -1.3156756154e+00
1.0807786118e-04 1.7967783615e+04 1.5707963268e+00 -1.3178099242e+00
1.0826909652e-04 1.7977777045e+04 1.5707963268e+00 -1.3199418626e+00
1.0846022817e-04 1.7987791674e+04 1.5707963268e+00 -1.3220714295e+00
1.0865125613e-04 1.7997827500e+04 1.5707963268e+00 -1.3241986238e+00
1.0884218041e-04 1.8007884522e+04 1.5707963268e+00 -1.3263234444e+00
1.0903300102e-04 1.8017962736e+04 1.5707963268e+00 -1.3284458904e+00
1.0922371797e-04 1.8028062141e+04 1.5707963268e+00 -1.3305659608e+00
1.0941433128e-04 1.8038182735e+04 1.5707963268e+00 -1.3326836544e+00
1.0960484094e-04 1.8048324516e+04 1.5707963268e+00 -1.3347989704e+00
1.0979524699e-04 1.8058487482e+04 1.5707963268e+00 -1.3369119078e+00
1.0998554942e-04 1.8068671629e+04 1.5707963268e+00 -1.3390224655e+00
1.1017574826e-04 1.8078876957e+04 1.5707963268e+00 -1.3411306428e+00
1.1036584351e-04 1.8089103461e+04 1.5707963268e+00 -1.3432364386e+00
1.1055583520e-04 1.8099351140e+04 1.5707963268e+00 -1.3453398521e+00
1.1074572333e-04 1.8109619992e+04 1.5707963268e+00 -1.3474408824e+00
1.1093550793e-04 1.8119910013e+04 1.5707963268e+00 -1.3495395286e+00
1.1112518901e-04 1.8130221200e+04 1.5707963268e+00 -1.3516357899e+00
1.1131476659e-04 1.8140553551e+04 1.5707963268e+00 -1.3537296654e+00
1.1150424068e-04 1.8150907063e+04 1.5707963268e+00 -1.3558211543e+00
1.1169361132e-04 1.8161281733e+04 1.5707963268e+00 -1.3579102559e+00
1.1188287850e-04 1.8171677557e+04 1.5707963268e+00 -1.3599969692e+00
1.1207204227e-04 1.8182094533e+04 1.5707963268e+00 -1.3620812937e+00
1.1226110263e-04 1.8192532657e+04 1.5707963268e+00 -1.3641632284e+00
1.1245005962e-04 1.8202991927e+04 1.5707963268e+00 -1.3662427727e+00
1.1263891324e-04 1.8213472338e+04 1.5707963268e+00 -1.3683199259e+00
1.1282766354e-04 1.8223973887e+04 1.5707963268e+00 -1.3703946872e+00
1.1301631052e-04 1.8234496570e+04 1.5707963268e+00 -1.3724670559e+00
1.1320485421e-04 1.8245040385e+04 1.5707963268e+00 -1.3745370315e+00
1.1339329465e-04 1.8255605328e+04 1.5707963268e+00 -1.3766046132e+00
1.1358163185e-04 1.8266191393e+04 1.5707963268e+00 -1.3786698004e+00
1.1376986583e-04 1.8276798579e+04 1.5707963268e+00 -1.3807325925e+00
1.1395799664e-04 1.8287426880e+04 1.5707963268e+00 -1.3827929888e+00
1.1414602430e-04 1.8298076294e+04 1.5707963268e+00 -1.3848509888e+00
1.1433394882e-04 1.8308746815e+04 1.5707963268e+00 -1.3869065920e+00
1.1452177026e-04 1.8319438439e+04 1.5707963268e+00 -1.3889597977e+00
1.1470948862e-04 1.8330151164e+04 1.5707963268e+00 -1.3910106054e+00
1.1489710395e-04 1.8340884983e+04 1.5707963268e+00 -1.3930590145e+00
1.1508461627e-04 1.8351639893e+04 1.5707963268e+00 -1.3951050247e+00
1.1527202561e-04 1.8362415890e+04 1.5707963268e+00 -1.3971486353e+00
1.1545933201e-04 1.8373212969e+04 1.5707963268e+00 -1.3991898460e+00
1.1564653551e-04 1.8384031125e+04 1.5707963268e+00 -1.4012286561e+00
1.1583363612e-04 1.8394870353e+04 1.5707963268e+00 -1.4032650654e+00
1.1602063389e-04 1.8405730650e+04 1.5707963268e+00 -1.4052990733e+00
1.1620752886e-04 1.8416612009e+04 1.5707963268e+00 -1.4073306795e+00
1.1639432105e-04 1.8427514427e+04 1.5707963268e+00 -1.4093598836e+00
1.1658101051e-04 1.8438437898e+04 1.5707963268e+00 -1.4113866851e+00
1.1676759726e-04 1.8449382417e+04 1.5707963268e+00 -1.4134110837e+00
1.1695408135e-04 1.8460347980e+04 1.5707963268e+00 -1.4154330791e+00
1.1714046281e-04 1.8471334580e+04 1.5707963268e+00 -1.4174526709e+00
1.1732674169e-04 1.8482342213e+04 1.5707963268e+00 -1.4194698587e+00
1.1751291802e-04 1.8493370874e+04 1.5707963268e+00 -1.4214846424e+00
1.1769899183e-04 1.8504420556e+04 1.5707963268e+00 -1.4234970216e+00
1.1788496318e-04 1.8515491255e+04 1.5707963268e+00 -1.4255069960e+00
1.1807083210e-04 1.8526582965e+04 1.5707963268e+00 -1.4275145654e+00
1.1825659862e-04 1.8537695680e+04 1.5707963268e+00 -1.4295197295e+00
1.1844226281e-04 1.8548829395e+04 1.5707963268e+00 -1.4315224881e+00
1.1862782468e-04 1.8559984104e+04 1.5707963268e+00 -1.4335228410e+00
1.1881328430e-04 1.8571159800e+04 1.5707963268e+00 -1.4355207880e+00
1.1899864169e-04 1.8582356479e+04 1.5707963268e+00 -1.4375163289e+00
1.1918389692e-04 1.8593574133e+04 1.5707963268e+00 -1.4395094636e+00
1.1936905001e-04 1.8604812758e+04 1.5707963268e+00 -1.4415001918e+00
1.1955410102e-04 1.8616072347e+04 1.5707963268e+00 -1.4434885136e+00
1.1973904999e-04 1.8627352893e+04 1.5707963268e+00 -1.4454744286e+00
1.1992389696e-04 1.8638654390e+04 1.5707963268e+00 -1.4474579369e+00
1.2010864199e-04 1.8649976833e+04 1.5707963268e+00 -1.4494390384e+00
1.2029328512e-04 1.8661320214e+04 1.5707963268e+00 -1.4514177329e+00
1.2047782640e-04 1.8672684527e+04 1.5707963268e+00 -1.4533940205e+00
1.2066226588e-04 1.8684069765e+04 1.5707963268e+00 -1.4553679010e+00
1.2084660361e-04 1.8695475922e+04 1.5707963268e+00 -1.4573393745e+00
1.2103083963e-04 1.8706902992e+04 1.5707963268e+00 -1.4593084409e+00
1.2121497399e-04 1.8718350966e+04 1.5707963268e+00 -1.4612751003e+00
1.2139900675e-04 1.8729819839e+04 1.5707963268e+00 -1.4632393525e+00
1.2158293796e-04 1.8741309603e+04 1.5707963268e+00 -1.4652011978e+00
1.2176676767e-04 1.8752820252e+04 1.5707963268e+00 -1.4671606361e+00
1.2195049593e-04 1.8764351778e+04 1.5707963268e+00 -1.4691176674e+00
1.2213412280e-04 1.8775904174e+04 1.5707963268e+00 -1.4710722919e+00
1.2231764832e-04 1.8787477433e+04 1.5707963268e+00 -1.4730245097e+00
1.2250107255e-04 1.8799071547e+04 1.5707963268e+00 -1.4749743208e+00
1.2268439555e-04 1.8810686510e+04 1.5707963268e+00 -1.4769217254e+00
1.2286761737e-04 1.8822322313e+04 1.5707963268e+00 -1.4788667236e+00
1.2305073806e-04 1.8833978950e+04 1.5707963268e+00 -1.4808093155e+00
1.2323375768e-04 1.8845656412e+04 1.5707963268e+00 -1.4827495013e+00
1.2341667629e-04 1.8857354692e+04 1.5707963268e+00 -1.4846872813e+00
1.2359949395e-04 1.8869073783e+04 1.5707963268e+00 -1.4866226555e+00
1.2378221070e-04 1.8880813675e+04 1.5707963268e+00 -1.4885556241e+00
1.2396482662e-04 1.8892574363e+04 1.5707963268e+00 -1.4904861875e+00
1.2414734175e-04 1.8904355836e+04 1.5707963268e+00 -1.4924143459e+00
1.2432975616e-04 1.8916158088e+04 1.5707963268e+00 -1.4943400994e+00
1.2451206990e-04 1.8927981111e+04 1.5707963268e+00 -1.4962634484e+00
1.2469428303e-04 1.8939824896e+04 1.5707963268e+00 -1.4981843931e+00
1.2487639563e-04 1.8951689434e+04 1.5707963268e+00 -1.5001029338e+00
1.2505840773e-04 1.8963574719e+04 1.5707963268e+00 -1.5020190708e+00
1.2524031942e-04 1.8975480740e+04 1.5707963268e+00 -1.5039328045e+00
1.2542213074e-04 1.8987407491e+04 1.5707963268e+00 -1.5058441352e+00
1.2560384176e-04 1.8999354961e+04 1.5707963268e+00 -1.5077530632e+00
1.2578545255e-04 1.9011323144e+04 1.5707963268e+00 -1.5096595888e+00
1.2596696316e-04 1.9023312029e+04 1.5707963268e+00 -1.5115637126e+00
1.2614837366e-04 1.9035321609e+04 1.5707963268e+00 -1.5134654348e+00
1.2632968412e-04 1.9047351874e+04 1.5707963268e+00 -1.5153647558e+00
1.2651089459e-04 1.9059402816e+04 1.5707963268e+00 -1.5172616761e+00
1.2669200515e-04 1.9071474425e+04 1.5707963268e+00 -1.5191561961e+00
1.2687301585e-04 1.9083566693e+04 1.5707963268e+00 -1.5210483163e+00
1.2705392677e-04 1.9095679611e+04 1.5707963268e+00 -1.5229380370e+00
1.2723473796e-04 1.9107813169e+04 1.5707963268e+00 -1.5248253589e+00
1.2741544951e-04 1.9119967358e+04 1.5707963268e+00 -1.5267102822e+00
1.2759606146e-04 1.9132142169e+04 1.5707963268e+00 -1.5285928077e+00
1.2777657390e-04 1.9144337593e+04 1.5707963268e+00 -1.5304729357e+00
1.2795698689e-04 1.9156553620e+04 1.5707963268e+00 -1.5323506668e+00
1.2813730050e-04 1.9168790240e+04 1.5707963268e+00 -1.5342260016e+00
1.2831751479e-04 1.9181047445e+04 1.5707963268e+00 -1.5360989405e+00
1.2849762984e-04 1.9193325224e+04 1.5707963268e+00 -1.5379694842e+00
1.2867764571e-04 1.9205623567e+04 1.5707963268e+00 -1.5398376332e+00
1.2885756248e-04 1.9217942466e+04 1.5707963268e+00 -1.5417033881e+00
1.2903738021e-04 1.9230281910e+04 1.5707963268e+00 -1.5435667496e+00
1.2921709898e-04 1.9242641889e+04 1.5707963268e+00 -1.5454277182e+00
1.2939671886e-04 1.9255022393e+04 1.5707963268e+00 -1.5472862946e+00
1.2957623992e-04 1.9267423412e+04 1.5707963268e+00 -1.5491424795e+00
1.2975566223e-04 1.9279844937e+04 1.5707963268e+00 -1.5509962734e+00
1.2993498587e-04 1.9292286957e+04 1.5707963268e+00 -1.5528476770e+00
1.3011421090e-04 1.9304749461e+04 1.5707963268e+00 -1.5546966911e+00
1.3029333741e-04 1.9317232439e+04 1.5707963268e+00 -1.5565433164e+00
1.3047236546e-04 1.9329735882e+04 1.5707963268e+00 -1.5583875534e+00
1.3065129513e-04 1.9342259778e+04 1.5707963268e+00 -1.5602294031e+00
1.3083012649e-04 1.9354804118e+04 1.5707963268e+00 -1.5620688660e+00
1.3100885963e-04 1.9367368889e+04 1.5707963268e+00 -1.5639059430e+00
1.3118749460e-04 1.9379954083e+04 1.5707963268e+00 -1.5657406348e+00
1.3136603150e-04 1.9392559688e+04 1.5707963268e+00 -1.5675729422e+00
1.3154447039e-04 1.9405185693e+04 1.5707963268e+00 -1.5694028659e+00
1.3172281135e-04 1.9417832088e+04 1.5707963268e+00 -1.5712304068e+00
1.3190105447e-04 1.9430498862e+04 1.5707963268e+00 -1.5730555657e+00
1.3207919981e-04 1.9443186004e+04 1.5707963268e+00 -1.5748783434e+00
1.3225724745e-04 1.9455893502e+04 1.5707963268e+00 -1.5766987407e+00
1.3243519748e-04 1.9468621346e+04 1.5707963268e+00 -1.5785167586e+00
1.3261304997e-04 1.9481369524e+04 1.5707963268e+00 -1.5803323977e+00
1.3279080499e-04 1.9494138026e+04 1.5707963268e+00 -1.5821456591e+00
1.3296846264e-04 1.9506926839e+04 1.5707963268e+00 -1.5839565435e+00
1.3314602298e-04 1.9519735953e+04 1.5707963268e+00 -1.5857650520e+00
1.3332348610e-04 1.9532565357e+04 1.5707963268e+00 -1.5875711854e+00
1.3350085208e-04 1.9545415038e+04 1.5707963268e+00 -1.5893749446e+00
1.3367812099e-04 1.9558284986e+04 1.5707963268e+00 -1.5911763305e+00
1.3385529293e-04 1.9571175188e+04 1.5707963268e+00 -1.5929753442e+00
1.3403236797e-04 1.9584085633e+04 1.5707963268e+00 -1.5947719865e+00
1.3420934618e-04 1.9597016310e+04 1.5707963268e+00 -1.5965662585e+00
1.3438622767e-04 1.9609967206e+04 1.5707963268e+00 -1.5983581610e+00
1.3456301249e-04 1.9622938309e+04 1.5707963268e+00 -1.6001476952e+00
1.3473970075e-04 1.9635929609e+04 1.5707963268e+00 -1.6019348620e+00
1.3491629252e-04 1.9648941092e+04 1.5707963268e+00 -1.6037196624e+00
1.3509278788e-04 1.9661972747e+04 1.5707963268e+00 -1.6055020975e+00
1.3526918692e-04 1.9675024562e+04 1.5707963268e+00 -1.6072821682e+00
1.3544548972e-04 1.9688096524e+04 1.5707963268e+00 -1.6090598757e+00
1.3562169637e-04 1.9701188621e+04 1.5707963268e+00 -1.6108352210e+00
1.3579780695e-04 1.9714300842e+04 1.5707963268e+00 -1.6126082052e+00
1.3597382155e-04 1.9727433173e+04 1.5707963268e+00 -1.6143788293e+00
1.3614974025e-04 1.9740585602e+04 1.5707963268e+00 -1.6161470945e+00
1.3632556313e-04 1.9753758118e+04 1.5707963268e+00 -1.6179130019e+00
1.3650129029e-04 1.9766950706e+04 1.5707963268e+00 -1.6196765525e+00
1.3667692180e-04 1.9780163356e+04 1.5707963268e+00 -1.6214377476e+00
1.3685245776e-04 1.9793396053e+04 1.5707963268e+00 -1.6231965882e+00
1.3702789825e-04 1.9806648786e+04 1.5707963268e+00 -1.6249530756e+00
1.3720324336e-04 1.9819921542e+04 1.5707963268e+00 -1.6267072108e+00
1.3737849318e-04 1.9833214308e+04 1.5707963268e+00 -1.6284589951e+00
1.3755364779e-04 1.9846527071e+04 1.5707963268e+00 -1.6302084296e+00
1.3772870728e-04 1.9859859817e+04 1.5707963268e+00 -1.6319555155e+00
1.3790367174e-04 1.9873212535e+04 1.5707963268e+00 -1.6337002541e+00
1.3807854126e-04 1.9886585211e+04 1.5707963268e+00 -1.6354426466e+00
1.3825331592e-04 1.9899977832e+04 1.5707963268e+00 -1.6371826941e+00
1.3842799583e-04 1.9913390385e+04 1.5707963268e+00 -1.6389203980e+00
1.3860258105e-04 1.9926822856e+04 1.5707963268e+00 -1.6406557594e+00
1.3877707169e-04 1.9940275233e+04 1.5707963268e+00 -1.6423887797e+00
1.3895146784e-04 1.9953747502e+04 1.5707963268e+00 -1.6441194601e+00
1.3912576958e-04 1.9967239649e+04 1.5707963268e+00 -1.6458478019e+00
1.3929997701e-04 1.9980751662e+04 1.5707963268e+00 -1.6475738064e+00
1.3947409021e-04 1.9994283526e+04 1.5707963268e+00 -1.6492974749e+00
1.3964810929e-04 2.0007835228e+04 1.5707963268e+00 -1.6510188087e+00
1.3982203432e-04 2.0021406755e+04 1.5707963268e+00 -1.6527378091e+00
1.3999586540e-04 2.0034998093e+04 1.5707963268e+00 -1.6544544775e+00
1.4016960262e-04 2.0048609228e+04 1.5707963268e+00 -1.6561688152e+00
1.4034324607e-04 2.0062240146e+04 1.5707963268e+00 -1.6578808236e+00
1.4051679585e-04 2.0075890834e+04 1.5707963268e+00 -1.6595905040e+00
1.4069025205e-04 2.0089561277e+04 1.5707963268e+00 -1.6612978578e+00
1.4086361477e-04 2.0103251462e+04 1.5707963268e+00 -1.6630028864e+00
1.4103688408e-04 2.0116961375e+04 1.5707963268e+00 -1.6647055912e+00
1.4121006010e-04 2.0130691002e+04 1.5707963268e+00 -1.6664059736e+00
1.4138314290e-04 2.0144440328e+04 1.5707963268e+00 -1.6681040350e+00
1.4155613260e-04 2.0158209340e+04 1.5707963268e+00 -1.6697997769e+00
1.4172902927e-04 2.0171998023e+04 1.5707963268e+00 -1.6714932006e+00
1.4190183301e-04 2.0185806362e+04 1.5707963268e+00 -1.6731843076e+00
1.4207454392e-04 2.0199634345e+04 1.5707963268e+00 -1.6748730995e+00
1.4224716210e-04 2.0213481956e+04 1.5707963268e+00 -1.6765595775e+00
1.4241968763e-04 2.0227349180e+04 1.5707963268e+00 -1.6782437433e+00
1.4259212062e-04 2.0241236005e+04 1.5707963268e+00 -1.6799255982e+00
1.4276446115e-04 2.0255142414e+04 1.5707963268e+00 -1.6816051439e+00
1.4293670933e-04 2.0269068393e+04 1.5707963268e+00 -1.6832823817e+00
1.4310886525e-04 2.0283013928e+04 1.5707963268e+00 -1.6849573132e+00
1.4328092901e-04 2.0296979004e+04 1.5707963268e+00 -1.6866299400e+00
1.4345290069e-04 2.0310963606e+04 1.5707963268e+00 -1.6883002635e+00
1.4362478041e-04 2.0324967720e+04 1.5707963268e+00 -1.6899682853e+00
1.4379656825e-04 2.0338991331e+04 1.5707963268e+00 -1.6916340070e+00
1.4396826432e-04 2.0353034423e+04 1.5707963268e+00 -1.6932974301e+00
1.4413986870e-04 2.0367096982e+04 1.5707963268e+00 -1.6949585561e+00
1.4431138150e-04 2.0381178994e+04 1.5707963268e+00 -1.6966173867e+00
1.4448280282e-04 2.0395280442e+04 1.5707963268e+00 -1.6982739234e+00
1.4465413275e-04 2.0409401312e+04 1.5707963268e+00 -1.6999281679e+00
1.4482537139e-04 2.0423541588e+04 1.5707963268e+00 -1.7015801217e+00
1.4499651884e-04 2.0437701256e+04 1.5707963268e+00 -1.7032297864e+00
1.4516757520e-04 2.0451880301e+04 1.5707963268e+00 -1.7048771637e+00
1.4533854056e-04 2.0466078706e+04 1.5707963268e+00 -1.7065222553e+00
1.4550941502e-04 2.0480296457e+04 1.5707963268e+00 -1.7081650626e+00
1.4568019869e-04 2.0494533539e+04 1.5707963268e+00 -1.7098055875e+00
1.4585089167e-04 2.0508789935e+04 1.5707963268e+00 -1.7114438315e+00
1.4602149404e-04 2.0523065631e+04 1.5707963268e+00 -1.7130797963e+00
1.4619200592e-04 2.0537360611e+04 1.5707963268e+00 -1.7147134835e+00
1.4636242739e-04 2.0551674860e+04 1.5707963268e+00 -1.7163448950e+00
1.4653275857e-04 2.0566008361e+04 1.5707963268e+00 -1.7179740323e+00
1.4670299955e-04 2.0580361099e+04 1.5707963268e+00 -1.7196008972e+00
1.4687315043e-04 2.0594733059e+04 1.5707963268e+00 -1.7212254913e+00
1.4704321132e-04 2.0609124225e+04 1.5707963268e+00 -1.7228478164e+00
1.4721318230e-04 2.0623534581e+04 1.5707963268e+00 -1.7244678743e+00
1.4738306349e-04 2.0637964110e+04 1.5707963268e+00 -1.7260856665e+00
1.4755285498e-04 2.0652412798e+04 1.5707963268e+00 -1.7277011950e+00
1.4772255688e-04 2.0666880629e+04 1.5707963268e+00 -1.7293144614e+00
1.4789216928e-04 2.0681367586e+04 1.5707963268e+00 -1.7309254674e+00
1.4806169229e-04 2.0695873653e+04 1.5707963268e+00 -1.7325342149e+00
1.4823112602e-04 2.0710398814e+04 1.5707963268e+00 -1.7341407057e+00
1.4840047055e-04 2.0724943054e+04 1.5707963268e+00 -1.7357449414e+00
1.4856972599e-04 2.0739506356e+04 1.5707963268e+00 -1.7373469240e+00
1.4873889245e-04 2.0754088703e+04 1.5707963268e+00 -1.7389466551e+00
1.4890797003e-04 2.0768690081e+04 1.5707963268e+00 -1.7405441366e+00
1.4907695883e-04 2.0783310471e+04 1.5707963268e+00 -1.7421393704e+00
1.4924585895e-04 2.0797949859e+04 1.5707963268e+00 -1.7437323581e+00
1.4941467049e-04 2.0812608228e+04 1.5707963268e+00 -1.7453231018e+00
1.4958339356e-04 2.0827285561e+04 1.5707963268e+00 -1.7469116031e+00
1.4975202826e-04 2.0841981842e+04 1.5707963268e+00 -1.7484978639e+00
1.4992057470e-04 2.0856697054e+04 1.5707963268e+00 -1.7500818862e+00
1.5008903297e-04 2.0871431181e+04 1.5707963268e+00 -1.7516636716e+00
1.5025740318e-04 2.0886184207e+04 1.5707963268e+00 -1.7532432222e+00
1.5042568543e-04 2.0900956114e+04 1.5707963268e+00 -1.7548205398e+00
1.5059387984e-04 2.0915746887e+04 1.5707963268e+00 -1.7563956262e+00
1.5076198649e-04 2.0930556507e+04 1.5707963268e+00 -1.7579684834e+00
1.5093000550e-04 2.0945384960e+04 1.5707963268e+00 -1.7595391132e+00
1.5109793696e-04 2.0960232227e+04 1.5707963268e+00 -1.7611075176e+00
1.5126578099e-04 2.0975098293e+04 1.5707963268e+00 -1.7626736984e+00
1.5143353769e-04 2.0989983140e+04 1.5707963268e+00 -1.7642376576e+00
1.5160120715e-04 2.1004886751e+04 1.5707963268e+00 -1.7657993971e+00
1.5176878950e-04 2.1019809110e+04 1.5707963268e+00 -1.7673589188e+00
1.5193628482e-04 2.1034750199e+04 1.5707963268e+00 -1.7689162246e+00
1.5210369323e-04 2.1049710002e+04 1.5707963268e+00 -1.7704713166e+00
1.5227101483e-04 2.1064688501e+04 1.5707963268e+00 -1.7720241966e+00
1.5243824972e-04 2.1079685680e+04 1.5707963268e+00 -1.7735748666e+00
1.5260539802e-04 2.1094701521e+04 1.5707963268e+00 -1.7751233286e+00
1.5277245981e-04 2.1109736007e+04 1.5707963268e+00 -1.7766695846e+00
1.5293943522e-04 2.1124789122e+04 1.5707963268e+00 -1.7782136365e+00
1.5310632435e-04 2.1139860847e+04 1.5707963268e+00 -1.7797554862e+00
1.5327312730e-04 2.1154951165e+04 1.5707963268e+00 -1.7812951359e+00
1.5343984417e-04 2.1170060060e+04 1.5707963268e+00 -1.7828325875e+00
1.5360647507e-04 2.1185187513e+04 1.5707963268e+00 -1.7843678430e+00
1.5377302012e-04 2.1200333508e+04 1.5707963268e+00 -1.7859009044e+00
1.5393947941e-04 2.1215498027e+04 1.5707963268e+00 -1.7874317737e+00
1.5410585304e-04 2.1230681053e+04 1.5707963268e+00 -1.7889604529e+00
1.5427214114e-04 2.1245882567e+04 1.5707963268e+00 -1.7904869442e+00
1.5443834380e-04 2.1261102554e+04 1.5707963268e+00 -1.7920112494e+00
1.5460446112e-04 2.1276340994e+04 1.5707963268e+00 -1.7935333708e+00
1.5477049322e-04 2.1291597871e+04 1.5707963268e+00 -1.7950533102e+00
1.5493644021e-04 2.1306873167e+04 1.5707963268e+00 -1.7965710697e+00
1.5510230218e-04 2.1322166865e+04 1.5707963268e+00 -1.7980866515e+00
1.5526807924e-04 2.1337478946e+04 1.5707963268e+00 -1.7996000576e+00
1.5543377151e-04 2.1352809392e+04 1.5707963268e+00 -1.8011112901e+00
1.5559937908e-04 2.1368158187e+04 1.5707963268e+00 -1.8026203509e+00
1.5576490207e-04 2.1383525312e+04 1.5707963268e+00 -1.8041272423e+00
1.5593034058e-04 2.1398910750e+04 1.5707963268e+00 -1.8056319663e+00
1.5609569472e-04 2.1414314483e+04 1.5707963268e+00 -1.8071345250e+00
1.5626096459e-04 2.1429736492e+04 1.5707963268e+00 -1.8086349205e+00
1.5642615031e-04 2.1445176760e+04 1.5707963268e+00 -1.8101331549e+00
1.5659125198e-04 2.1460635269e+04 1.5707963268e+00 -1.8116292304e+00
1.5675626970e-04 2.1476112001e+04 1.5707963268e+00 -1.8131231490e+00
1.5692120359e-04 2.1491606938e+04 1.5707963268e+00 -1.8146149128e+00
1.5708605375e-04 2.1507120062e+04 1.5707963268e+00 -1.8161045240e+00
1.5725082030e-04 2.1522651355e+04 1.5707963268e+00 -1.8175919848e+00
1.5741550332e-04 2.1538200799e+04 1.5707963268e+00 -1.8190772973e+00
1.5758010295e-04 2.1553768375e+04 1.5707963268e+00 -1.8205604635e+00
1.5774461927e-04 2.1569354066e+04 1.5707963268e+00 -1.8220414858e+00
1.5790905241e-04 2.1584957853e+04 1.5707963268e+00 -1.8235203661e+00
1.5807340246e-04 2.1600579718e+04 1.5707963268e+00 -1.8249971067e+00
1.5823766954e-04 2.1616219643e+04 1.5707963268e+00 -1.8264717098e+00
1.5840185375e-04 2.1631877609e+04 1.5707963268e+00 -1.8279441775e+00
1.5856595521e-04 2.1647553599e+04 1.5707963268e+00 -1.8294145121e+00
1.5872997401e-04 2.1663247594e+04 1.5707963268e+00 -1.8308827156e+00
1.5889391027e-04 2.1678959575e+04 1.5707963268e+00 -1.8323487902e+00
1.5905776409e-04 2.1694689524e+04 1.5707963268e+00 -1.8338127383e+00
1.5922153559e-04 2.1710437424e+04 1.5707963268e+00 -1.8352745618e+00
1.5938522488e-04 2.1726203254e+04 1.5707963268e+00 -1.8367342632e+00
1.5954883205e-04 2.1741986998e+04 1.5707963268e+00 -1.8381918445e+00
1.5971235722e-04 2.1757788635e+04 1.5707963268e+00 -1.8396473080e+00
1.5987580049e-04 2.1773608149e+04 1.5707963268e+00 -1.8411006559e+00
1.6003916198e-04 2.1789445520e+04 1.5707963268e+00 -1.8425518904e+00
1.6020244180e-04 2.1805300729e+04 1.5707963268e+00 -1.8440010138e+00
1.6036564004e-04 2.1821173759e+04 1.5707963268e+00 -1.8454480282e+00
1.6052875683e-04 2.1837064590e+04 1.5707963268e+00 -1.8468929360e+00
1.6069179226e-04 2.1852973203e+04 1.5707963268e+00 -1.8483357393e+00
1.6085474645e-04 2.1868899581e+04 1.5707963268e+00 -1.8497764403e+00
1.6101761951e-04 2.1884843704e+04 1.5707963268e+00 -1.8512150415e+00
1.6118041154e-04 2.1900805554e+04 1.5707963268e+00 -1.8526515449e+00
1.6134312265e-04 2.1916785112e+04 1.5707963268e+00 -1.8540859529e+00
1.6150575296e-04 2.1932782359e+04 1.5707963268e+00 -1.8555182677e+00
1.6166830256e-04 2.1948797277e+04 1.5707963268e+00 -1.8569484916e+00
1.6183077157e-04 2.1964829845e+04 1.5707963268e+00 -1.8583766268e+00
1.6199316010e-04 2.1980880047e+04 1.5707963268e+00 -1.8598026757e+00
1.6215546826e-04 2.1996947862e+04 1.5707963268e+00 -1.8612266404e+00
1.6231769615e-04 2.2013033272e+04 1.5707963268e+00 -1.8626485234e+00
1.6247984389e-04 2.2029136258e+04 1.5707963268e+00 -1.8640683268e+00
1.6264191157e-04 2.2045256801e+04 1.5707963268e+00 -1.8654860530e+00
1.6280389932e-04 2.2061394882e+04 1.5707963268e+00 -1.8669017043e+00
1.6296580724e-04 2.2077550482e+04 1.5707963268e+00 -1.8683152830e+00
1.6312763543e-04 2.2093723582e+04 1.5707963268e+00 -1.8697267913e+00
1.6328938402e-04 2.2109914163e+04 1.5707963268e+00 -1.8711362315e+00
1.6345105310e-04 2.2126122206e+04 1.5707963268e+00 -1.8725436061e+00
1.6361264278e-04 2.2142347691e+04 1.5707963268e+00 -1.8739489173e+00
1.6377415318e-04 2.2158590601e+04 1.5707963268e+00 -1.8753521674e+00
1.6393558440e-04 2.2174850915e+04 1.5707963268e+00 -1.8767533587e+00
1.6409693655e-04 2.2191128615e+04 1.5707963268e+00 -1.8781524936e+00
1.6425820974e-04 2.2207423680e+04 1.5707963268e+00 -1.8795495744e+00
1.6441940409e-04 2.2223736093e+04 1.5707963268e+00 -1.8809446034e+00
1.6458051969e-04 2.2240065834e+04 1.5707963268e+00 -1.8823375830e+00
1.6474155665e-04 2.2256412884e+04 1.5707963268e+00 -1.8837285155e+00
1.6490251510e-04 2.2272777223e+04 1.5707963268e+00 -1.8851174033e+00
1.6506339513e-04 2.2289158832e+04 1.5707963268e+00 -1.8865042486e+00
1.6522419685e-04 2.2305557692e+04 1.5707963268e+00 -1.8878890539e+00
1.6538492037e-04 2.2321973784e+04 1.5707963268e+00 -1.8892718216e+00
1.6554556581e-04 2.2338407088e+04 1.5707963268e+00 -1.8906525538e+00
1.6570613326e-04 2.2354857585e+04 1.5707963268e+00 -1.8920312532e+00
1.6586662285e-04 2.2371325256e+04 1.5707963268e+00 -1.8934079219e+00
1.6602703467e-04 2.2387810081e+04 1.5707963268e+00 -1.8947825623e+00
1.6618736884e-04 2.2404312040e+04 1.5707963268e+00 -1.8961551769e+00
1.6634762546e-04 2.2420831116e+04 1.5707963268e+00 -1.8975257680e+00
1.6650780465e-04 2.2437367287e+04 1.5707963268e+00 -1.8988943380e+00
1.6666790651e-04 2.2453920534e+04 1.5707963268e+00 -1.9002608892e+00
1.6682793115e-04 2.2470490839e+04 1.5707963268e+00 -1.9016254241e+00
1.6698787869e-04 2.2487078182e+04 1.5707963268e+00 -1.9029879450e+00
1.6714774922e-04 2.2503682542e+04 1.5707963268e+00 -1.9043484543e+00
1.6730754286e-04 2.2520303901e+04 1.5707963268e+00 -1.9057069545e+00
1.6746725972e-04 2.2536942239e+04 1.5707963268e+00 -1.9070634478e+00
1.6762689990e-04 2.2553597537e+04 1.5707963268e+00 -1.9084179368e+00
1.6778646352e-04 2.2570269775e+04 1.5707963268e+00 -1.9097704237e+00
1.6794595067e-04 2.2586958933e+04 1.5707963268e+00 -1.9111209111e+00
1.6810536148e-04 2.2603664992e+04 1.5707963268e+00 -1.9124694013e+00
1.6826469606e-04 2.2620387932e+04 1.5707963268e+00 -1.9138158967e+00
1.6842395449e-04 2.2637127734e+04 1.5707963268e+00 -1.9151603997e+00
1.6858313691e-04 2.2653884378e+04 1.5707963268e+00 -1.9165029128e+00
1.6874224341e-04 2.2670657844e+04 1.5707963268e+00 -1.9178434384e+00
1.6890127410e-04 2.2687448112e+04 1.5707963268e+00 -1.9191819788e+00
1.6906022910e-04 2.2704255164e+04 1.5707963268e+00 -1.9205185366e+00
1.6921910851e-04 2.2721078979e+04 1.5707963268e+00 -1.9218531141e+00
1.6937791243e-04 2.2737919538e+04 1.5707963268e+00 -1.9231857137e+00
1.6953664099e-04 2.2754776820e+04 1.5707963268e+00 -1.9245163380e+00
1.6969529428e-04 2.2771650807e+04 1.5707963268e+00 -1.9258449892e+00
1.6985387241e-04 2.2788541478e+04 1.5707963268e+00 -1.9271716700e+00
1.7001237550e-04 2.2805448813e+04 1.5707963268e+00 -1.9284963826e+00
1.7017080365e-04 2.2822372794e+04 1.5707963268e+00 -1.9298191295e+00
1.7032915696e-04 2.2839313400e+04 1.5707963268e+00 -1.9311399132e+00
1.7048743555e-04 2.2856270611e+04 1.5707963268e+00 -1.9324587362e+00
1.7064563953e-04 2.2873244407e+04 1.5707963268e+00 -1.9337756008e+00
1.7080376900e-04 2.2890234769e+04 1.5707963268e+00 -1.9350905095e+00
1.7096182407e-04 2.2907241677e+04 1.5707963268e+00 -1.9364034647e+00
1.7111980485e-04 2.2924265112e+04 1.5707963268e+00 -1.9377144690e+00
1.7127771145e-04 2.2941305052e+04 1.5707963268e+00 -1.9390235247e+00
1.7143554397e-04 2.2958361479e+04 1.5707963268e+00 -1.9403306344e+00
1.7159330253e-04 2.2975434372e+04 1.5707963268e+00 -1.9416358004e+00
1.7175098722e-04 2.2992523711e+04 1.5707963268e+00 -1.9429390253e+00
1.7190859816e-04 2.3009629478e+04 1.5707963268e+00 -1.9442403114e+00
1.7206613546e-04 2.3026751651e+04 1.5707963268e+00 -1.9455396614e+00
1.7222359922e-04 2.3043890211e+04 1.5707963268e+00 -1.9468370775e+00
1.7238098956e-04 2.3061045138e+04 1.5707963268e+00 -1.9481325624e+00
1.7253830657e-04 2.3078216412e+04 1.5707963268e+00 -1.9494261184e+00
1.7269555037e-04 2.3095404013e+04 1.5707963268e+00 -1.9507177480e+00
1.7285272106e-04 2.3112607922e+04 1.5707963268e+00 -1.9520074538e+00
1.7300981875e-04 2.3129828117e+04 1.5707963268e+00 -1.9532952381e+00
1.7316684356e-04 2.3147064580e+04 1.5707963268e+00 -1.9545811035e+00
1.7332379557e-04 2.3164317290e+04 1.5707963268e+00 -1.9558650524e+00
1.7348067491e-04 2.3181586227e+04 1.5707963268e+00 -1.9571470874e+00
1.7363748168e-04 2.3198871372e+04 1.5707963268e+00 -1.9584272108e+00
1.7379421599e-04 2.3216172704e+04 1.5707963268e+00 -1.9597054252e+00
1.7395087794e-04 2.3233490203e+04 1.5707963268e+00 -1.9609817331e+00
1.7410746764e-04 2.3250823850e+04 1.5707963268e+00 -1.9622561369e+00
1.7426398521e-04 2.3268173623e+04 1.5707963268e+00 -1.9635286391e+00
1.7442043073e-04 2.3285539504e+04 1.5707963268e+00 -1.9647992423e+00
1.7457680433e-04 2.3302921473e+04 1.5707963268e+00 -1.9660679488e+00
1.7473310611e-04 2.3320319508e+04 1.5707963268e+00 -1.9673347613e+00
1.7488933617e-04 2.3337733591e+04 1.5707963268e+00 -1.9685996821e+00
1.7504549462e-04 2.3355163700e+04 1.5707963268e+00 -1.9698627138e+00
1.7520158158e-04 2.3372609817e+04 1.5707963268e+00 -1.9711238589e+00
1.7535759713e-04 2.3390071920e+04 1.5707963268e+00 -1.9723831199e+00
1.7551354140e-04 2.3407549991e+04 1.5707963268e+00 -1.9736404992e+00
1.7566941449e-04 2.3425044008e+04 1.5707963268e+00 -1.9748959994e+00
1.7582521650e-04 2.3442553952e+04 1.5707963268e+00 -1.9761496230e+00
1.7598094754e-04 2.3460079803e+04 1.5707963268e+00 -1.9774013724e+00
1.7613660772e-04 2.3477621540e+04 1.5707963268e+00 -1.9786512502e+00
1.7629219714e-04 2.3495179144e+04 1.5707963268e+00 -1.9798992588e+00
1.7644771591e-04 2.3512752594e+04 1.5707963268e+00 -1.9811454008e+00
1.7660316414e-04 2.3530341870e+04 1.5707963268e+00 -1.9823896787e+00
1.7675854192e-04 2.3547946953e+04 1.5707963268e+00 -1.9836320950e+00
1.7691384937e-04 2.3565567821e+04 1.5707963268e+00 -1.9848726521e+00
1.7706908660e-04 2.3583204456e+04 1.5707963268e+00 -1.9861113527e+00
1.7722425370e-04 2.3600856836e+04 1.5707963268e+00 -1.9873481991e+00
1.7737935078e-04 2.3618524942e+04 1.5707963268e+00 -1.9885831939e+00
1.7753437796e-04 2.3636208754e+04 1.5707963268e+00 -1.9898163397e+00
1.7768933532e-04 2.3653908251e+04 1.5707963268e+00 -1.9910476388e+00
1.7784422299e-04 2.3671623413e+04 1.5707963268e+00 -1.9922770939e+00
1.7799904106e-04 2.3689354221e+04 1.5707963268e+00 -1.9935047075e+00
1.7815378965e-04 2.3707100653e+04 1.5707963268e+00 -1.9947304820e+00
1.7830846885e-04 2.3724862691e+04 1.5707963268e+00 -1.9959544200e+00
1.7846307876e-04 2.3742640313e+04 1.5707963268e+00 -1.9971765239e+00
1.7861761951e-04 2.3760433499e+04 1.5707963268e+00 -1.9983967964e+00
1.7877209118e-04 2.3778242231e+04 1.5707963268e+00 -1.9996152398e+00
1.7892649389e-04 2.3796066486e+04 1.5707963268e+00 -2.0008318568e+00
1.7908082774e-04 2.3813906246e+04 1.5707963268e+00 -2.0020466498e+00
1.7923509283e-04 2.3831761490e+04 1.5707963268e+00 -2.0032596214e+00
1.7938928927e-04 2.3849632197e+04 1.5707963268e+00 -2.0044707740e+00
1.7954341717e-04 2.3867518349e+04 1.5707963268e+00 -2.0056801103e+00
1.7969747662e-04 2.3885419923e+04 1.5707963268e+00 -2.0068876326e+00
1.7985146774e-04 2.3903336902e+04 1.5707963268e+00 -2.0080933436e+00
1.8000539062e-04 2.3921269263e+04 1.5707963268e+00 -2.0092972457e+00
1.8015924537e-04 2.3939216988e+04 1.5707963268e+00 -2.0104993414e+00
1.8031303210e-04 2.3957180056e+04 1.5707963268e+00 -2.0116996334e+00
1.8046675090e-04 2.3975158446e+04 1.5707963268e+00 -2.0128981240e+00
1.8062040189e-04 2.3993152139e+04 1.5707963268e+00 -2.0140948158e+00
1.8077398517e-04 2.4011161114e+04 1.5707963268e+00 -2.0152897114e+00
1.8092750083e-04 2.4029185352e+04 1.5707963268e+00 -2.0164828132e+00
1.8108094899e-04 2.4047224832e+04 1.5707963268e+00 -2.0176741238e+00
1.8123432974e-04 2.4065279534e+04 1.5707963268e+00 -2.0188636457e+00
1.8138764320e-04 2.4083349438e+04 1.5707963268e+00 -2.0200513814e+00
1.8154088945e-04 2.4101434523e+04 1.5707963268e+00 -2.0212373334e+00
1.8169406862e-04 2.4119534770e+04 1.5707963268e+00 -2.0224215043e+00
1.8184718079e-04 2.4137650159e+04 1.5707963268e+00 -2.0236038965e+00
1.8200022608e-04 2.4155780669e+04 1.5707963268e+00 -2.0247845126e+00
1.8215320459e-04 2.4173926280e+04 1.5707963268e+00 -2.0259633552e+00
1.8230611641e-04 2.4192086972e+04 1.5707963268e+00 -2.0271404266e+00
1.8245896166e-04 2.4210262724e+04 1.5707963268e+00 -2.0283157295e+00
1.8261174043e-04 2.4228453518e+04 1.5707963268e+00 -2.0294892664e+00
1.8276445283e-04 2.4246659332e+04 1.5707963268e+00 -2.0306610398e+00
1.8291709895e-04 2.4264880146e+04 1.5707963268e+00 -2.0318310521e+00
1.8306967891e-04 2.4283115941e+04 1.5707963268e+00 -2.0329993060e+00
1.8322219280e-04 2.4301366696e+04 1.5707963268e+00 -2.0341658040e+00
1.8337464073e-04 2.4319632391e+04 1.5707963268e+00 -2.0353305485e+00
1.8352702280e-04 2.4337913005e+04 1.5707963268e+00 -2.0364935420e+00
1.8367933911e-04 2.4356208520e+04 1.5707963268e+00 -2.0376547872e+00
1.8383158976e-04 2.4374518914e+04 1.5707963268e+00 -2.0388142865e+00
1.8398377486e-04 2.4392844168e+04 1.5707963268e+00 -2.0399720424e+00
1.8413589450e-04 2.4411184262e+04 1.5707963268e+00 -2.0411280575e+00
1.8428794879e-04 2.4429539174e+04 1.5707963268e+00 -2.0422823343e+00
1.8443993782e-04 2.4447908886e+04 1.5707963268e+00 -2.0434348752e+00
1.8459186171e-04 2.4466293378e+04 1.5707963268e+00 -2.0445856828e+00
1.8474372055e-04 2.4484692628e+04 1.5707963268e+00 -2.0457347597e+00
1.8489551445e-04 2.4503106617e+04 1.5707963268e+00 -2.0468821083e+00
1.8504724349e-04 2.4521535325e+04 1.5707963268e+00 -2.0480277311e+00
1.8519890779e-04 2.4539978732e+04 1.5707963268e+00 -2.0491716307e+00
1.8535050745e-04 2.4558436818e+04 1.5707963268e+00 -2.0503138096e+00
1.8550204257e-04 2.4576909562e+04 1.5707963268e+00 -2.0514542702e+00
1.8565351324e-04 2.4595396945e+04 1.5707963268e+00 -2.0525930152e+00
1.8580491957e-04 2.4613898947e+04 1.5707963268e+00 -2.0537300469e+00
1.8595626166e-04 2.4632415547e+04 1.5707963268e+00 -2.0548653680e+00
1.8610753961e-04 2.4650946725e+04 1.5707963268e+00 -2.0559989810e+00
1.8625875351e-04 2.4669492462e+04 1.5707963268e+00 -2.0571308883e+00
1.8640990348e-04 2.4688052738e+04 1.5707963268e+00 -2.0582610924e+00
1.8656098960e-04 2.4706627531e+04 1.5707963268e+00 -2.0593895959e+00
1.8671201199e-04 2.4725216823e+04 1.5707963268e+00 -2.0605164013e+00
1.8686297073e-04 2.4743820594e+04 1.5707963268e+00 -2.0616415110e+00
1.8701386593e-04 2.4762438822e+04 1.5707963268e+00 -2.0627649277e+00
1.8716469769e-04 2.4781071489e+04 1.5707963268e+00 -2.0638866537e+00
1.8731546611e-04 2.4799718574e+04 1.5707963268e+00 -2.0650066916e+00
1.8746617129e-04 2.4818380058e+04 1.5707963268e+00 -2.0661250440e+00
1.8761681332e-04 2.4837055920e+04 1.5707963268e+00 -2.0672417132e+00
1.8776739231e-04 2.4855746140e+04 1.5707963268e+00 -2.0683567019e+00
1.8791790835e-04 2.4874450699e+04 1.5707963268e+00 -2.0694700124e+00
1.8806836155e-04 2.4893169576e+04 1.5707963268e+00 -2.0705816474e+00
1.8821875199e-04 2.4911902751e+04 1.5707963268e+00 -2.0716916093e+00
1.8836907979e-04 2.4930650205e+04 1.5707963268e+00 -2.0727999006e+00
1.8851934504e-04 2.4949411918e+04 1.5707963268e+00 -2.0739065238e+00
1.8866954784e-04 2.4968187869e+04 1.5707963268e+00 -2.0750114815e+00
1.8881968829e-04 2.4986978039e+04 1.5707963268e+00 -2.0761147760e+00
1.8896976648e-04 2.5005782408e+04 1.5707963268e+00 -2.0772164099e+00
1.8911978251e-04 2.5024600956e+04 1.5707963268e+00 -2.0783163857e+00
1.8926973649e-04 2.5043433663e+04 1.5707963268e+00 -2.0794147059e+00
1.8941962850e-04 2.5062280509e+04 1.5707963268e+00 -2.0805113730e+00
1.8956945866e-04 2.5081141474e+04 1.5707963268e+00 -2.0816063895e+00
1.8971922704e-04 2.5100016538e+04 1.5707963268e+00 -2.0826997578e+00
1.8986893376e-04 2.5118905682e+04 1.5707963268e+00 -2.0837914805e+00
1.9001857891e-04 2.5137808886e+04 1.5707963268e+00 -2.0848815600e+00
1.9016816259e-04 2.5156726129e+04 1.5707963268e+00 -2.0859699988e+00
1.9031768489e-04 2.5175657392e+04 1.5707963268e+00 -2.0870567995e+00
1.9046714591e-04 2.5194602656e+04 1.5707963268e+00 -2.0881419644e+00
1.9061654575e-04 2.5213561899e+04 1.5707963268e+00 -2.0892254961e+00
1.9076588451e-04 2.5232535104e+04 1.5707963268e+00 -2.0903073971e+00
1.9091516228e-04 2.5251522249e+04 1.5707963268e+00 -2.0913876698e+00
1.9106437916e-04 2.5270523315e+04 1.5707963268e+00 -2.0924663167e+00
1.9121353524e-04 2.5289538282e+04 1.5707963268e+00 -2.0935433403e+00
1.9136263063e-04 2.5308567130e+04 1.5707963268e+00 -2.0946187431e+00
1.9151166541e-04 2.5327609840e+04 1.5707963268e+00 -2.0956925276e+00
1.9166063969e-04 2.5346666392e+04 1.5707963268e+00 -2.0967646961e+00
1.9180955356e-04 2.5365736766e+04 1.5707963268e+00 -2.0978352513e+00
1.9195840712e-04 2.5384820942e+04 1.5707963268e+00 -2.0989041955e+00
1.9210720046e-04 2.5403918901e+04 1.5707963268e+00 -2.0999715313e+00
1.9225593368e-04 2.5423030623e+04 1.5707963268e+00 -2.1010372611e+00
1.9240460687e-04 2.5442156088e+04 1.5707963268e+00 -2.1021013873e+00
1.9255322013e-04 2.5461295277e+04 1.5707963268e+00 -2.1031639125e+00
1.9270177355e-04 2.5480448170e+04 1.5707963268e+00 -2.1042248391e+00
1.9285026724e-04 2.5499614747e+04 1.5707963268e+00 -2.1052841695e+00
1.9299870128e-04 2.5518794988e+04 1.5707963268e+00 -2.1063419063e+00
1.9314707577e-04 2.5537988875e+04 1.5707963268e+00 -2.1073980519e+00
1.9329539081e-04 2.5557196387e+04 1.5707963268e+00 -2.1084526087e+00
1.9344364648e-04 2.5576417504e+04 1.5707963268e+00 -2.1095055792e+00
1.9359184289e-04 2.5595652208e+04 1.5707963268e+00 -2.1105569659e+00
1.9373998013e-04 2.5614900478e+04 1.5707963268e+00 -2.1116067712e+00
1.9388805829e-04 2.5634162295e+04 1.5707963268e+00 -2.1126549976e+00
1.9403607747e-04 2.5653437640e+04 1.5707963268e+00 -2.1137016474e+00
1.9418403777e-04 2.5672726492e+04 1.5707963268e+00 -2.1147467233e+00
1.9433193926e-04 2.5692028832e+04 1.5707963268e+00 -2.1157902275e+00
1.9447978206e-04 2.5711344641e+04 1.5707963268e+00 -2.1168321626e+00
1.9462756625e-04 2.5730673900e+04 1.5707963268e+00 -2.1178725311e+00
1.9477529193e-04 2.5750016588e+04 1.5707963268e+00 -2.1189113352e+00
1.9492295919e-04 2.5769372686e+04 1.5707963268e+00 -2.1199485776e+00
1.9507056812e-04 2.5788742175e+04 1.5707963268e+00 -2.1209842605e+00
1.9521811882e-04 2.5808125035e+04 1.5707963268e+00 -2.1220183866e+00
1.9536561138e-04 2.5827521247e+04 1.5707963268e+00 -2.1230509581e+00
1.9551304590e-04 2.5846930791e+04 1.5707963268e+00 -2.1240819775e+00
1.9566042246e-04 2.5866353648e+04 1.5707963268e+00 -2.1251114474e+00
1.9580774116e-04 2.5885789799e+04 1.5707963268e+00 -2.1261393700e+00
1.9595500210e-04 2.5905239224e+04 1.5707963268e+00 -2.1271657478e+00
1.9610220535e-04 2.5924701903e+04 1.5707963268e+00 -2.1281905833e+00
1.9624935103e-04 2.5944177817e+04 1.5707963268e+00 -2.1292138789e+00
1.9639643921e-04 2.5963666948e+04 1.5707963268e+00 -2.1302356370e+00
1.9654347000e-04 2.5983169275e+04 1.5707963268e+00 -2.1312558600e+00
1.9669044348e-04 2.6002684779e+04 1.5707963268e+00 -2.1322745503e+00
1.9683735975e-04 2.6022213442e+04 1.5707963268e+00 -2.1332917104e+00
1.9698421889e-04 2.6041755243e+04 1.5707963268e+00 -2.1343073427e+00
1.9713102100e-04 2.6061310163e+04 1.5707963268e+00 -2.1353214495e+00
1.9727776617e-04 2.6080878183e+04 1.5707963268e+00 -2.1363340334e+00
1.9742445450e-04 2.6100459284e+04 1.5707963268e+00 -2.1373450967e+00
1.9757108607e-04 2.6120053446e+04 1.5707963268e+00 -2.1383546418e+00
1.9771766097e-04 2.6139660651e+04 1.5707963268e+00 -2.1393626711e+00
1.9786417930e-04 2.6159280879e+04 1.5707963268e+00 -2.1403691870e+00
1.9801064114e-04 2.6178914110e+04 1.5707963268e+00 -2.1413741920e+00
1.9815704659e-04 2.6198560327e+04 1.5707963268e+00 -2.1423776884e+00
1.9830339574e-04 2.6218219508e+04 1.5707963268e+00 -2.1433796787e+00
1.9844968868e-04 2.6237891636e+04 1.5707963268e+00 -2.1443801652e+00
1.9859592550e-04 2.6257576691e+04 1.5707963268e+00 -2.1453791503e+00
1.9874210629e-04 2.6277274654e+04 1.5707963268e+00 -2.1463766364e+00
1.9888823113e-04 2.6296985506e+04 1.5707963268e+00 -2.1473726259e+00
1.9903430013e-04 2.6316709227e+04 1.5707963268e+00 -2.1483671213e+00
1.9918031336e-04 2.6336445800e+04 1.5707963268e+00 -2.1493601248e+00
1.9932627093e-04 2.6356195204e+04 1.5707963268e+00 -2.1503516388e+00
1.9947217291e-04 2.6375957420e+04 1.5707963268e+00 -2.1513416659e+00
1.9961801940e-04 2.6395732430e+04 1.5707963268e+00 -2.1523302082e+00
1.9976381049e-04 2.6415520214e+04 1.5707963268e+00 -2.1533172683e+00
1.9990954626e-04 2.6435320754e+04 1.5707963268e+00 -2.1543028484e+00
2.0005522682e-04 2.6455134030e+04 1.5707963268e+00 -2.1552869510e+00
2.0020085223e-04 2.6474960023e+04 1.5707963268e+00 -2.1562695785e+00
2.0034642260e-04 2.6494798716e+04 1.5707963268e+00 -2.1572507331e+00
2.0049193802e-04 2.6514650087e+04 1.5707963268e+00 -2.1582304173e+00
2.0063739856e-04 2.6534514119e+04 1.5707963268e+00 -2.1592086334e+00
2.0078280433e-04 2.6554390793e+04 1.5707963268e+00 -2.1601853839e+00
2.0092815540e-04 2.6574280090e+04 1.5707963268e+00 -2.1611606710e+00
2.0107345187e-04 2.6594181990e+04 1.5707963268e+00 -2.1621344971e+00
2.0121869382e-04 2.6614096476e+04 1.5707963268e+00 -2.1631068645e+00
2.0136388135e-04 2.6634023527e+04 1.5707963268e+00 -2.1640777757e+00
2.0150901454e-04 2.6653963126e+04 1.5707963268e+00 -2.1650472330e+00
2.0165409347e-04 2.6673915253e+04 1.5707963268e+00 -2.1660152387e+00
2.0179911824e-04 2.6693879890e+04 1.5707963268e+00 -2.1669817952e+00
2.0194408894e-04 2.6713857018e+04 1.5707963268e+00 -2.1679469048e+00
2.0208900564e-04 2.6733846618e+04 1.5707963268e+00 -2.1689105699e+00
2.0223386845e-04 2.6753848672e+04 1.5707963268e+00 -2.1698727928e+00
2.0237867743e-04 2.6773863160e+04 1.5707963268e+00 -2.1708335758e+00
2.0252343269e-04 2.6793890064e+04 1.5707963268e+00 -2.1717929213e+00
2.0266813431e-04 2.6813929365e+04 1.5707963268e+00 -2.1727508316e+00
2.0281278238e-04 2.6833981044e+04 1.5707963268e+00 -2.1737073091e+00
2.0295737697e-04 2.6854045084e+04 1.5707963268e+00 -2.1746623561e+00
2.0310191818e-04 2.6874121464e+04 1.5707963268e+00 -2.1756159748e+00
2.0324640610e-04 2.6894210167e+04 1.5707963268e+00 -2.1765681677e+00
2.0339084081e-04 2.6914311174e+04 1.5707963268e+00 -2.1775189370e+00
2.0353522240e-04 2.6934424467e+04 1.5707963268e+00 -2.1784682851e+00
2.0367955095e-04 2.6954550026e+04 1.5707963268e+00 -2.1794162143e+00
2.0382382654e-04 2.6974687833e+04 1.5707963268e+00 -2.1803627269e+00
2.0396804928e-04 2.6994837870e+04 1.5707963268e+00 -2.1813078252e+00
2.0411221923e-04 2.7015000118e+04 1.5707963268e+00 -2.1822515115e+00
2.0425633648e-04 2.7035174558e+04 1.5707963268e+00 -2.1831937882e+00
2.0440040113e-04 2.7055361173e+04 1.5707963268e+00 -2.1841346575e+00
2.0454441325e-04 2.7075559943e+04 1.5707963268e+00 -2.1850741217e+00
2.0468837293e-04 2.7095770850e+04 1.5707963268e+00 -2.1860121832e+00
2.0483228026e-04 2.7115993876e+04 1.5707963268e+00 -2.1869488443e+00
2.0497613532e-04 2.7136229002e+04 1.5707963268e+00 -2.1878841072e+00
2.0511993819e-04 2.7156476210e+04 1.5707963268e+00 -2.1888179742e+00
2.0526368897e-04 2.7176735481e+04 1.5707963268e+00 -2.1897504476e+00
2.0540738772e-04 2.7197006797e+04 1.5707963268e+00 -2.1906815298e+00
2.0555103455e-04 2.7217290140e+04 1.5707963268e+00 -2.1916112229e+00
2.0569462952e-04 2.7237585492e+04 1.5707963268e+00 -2.1925395293e+00
2.0583817273e-04 2.7257892833e+04 1.5707963268e+00 -2.1934664513e+00
2.0598166427e-04 2.7278212147e+04 1.5707963268e+00 -2.1943919912e+00
2.0612510420e-04 2.7298543413e+04 1.5707963268e+00 -2.1953161511e+00
2.0626849262e-04 2.7318886615e+04 1.5707963268e+00 -2.1962389335e+00
2.0641182962e-04 2.7339241734e+04 1.5707963268e+00 -2.1971603405e+00
2.0655511526e-04 2.7359608752e+04 1.5707963268e+00 -2.1980803744e+00
2.0669834965e-04 2.7379987650e+04 1.5707963268e+00 -2.1989990376e+00
2.0684153285e-04 2.7400378411e+04 1.5707963268e+00 -2.1999163322e+00
2.0698466496e-04 2.7420781016e+04 1.5707963268e+00 -2.2008322605e+00
2.0712774605e-04 2.7441195446e+04 1.5707963268e+00 -2.2017468248e+00
2.0727077621e-04 2.7461621685e+04 1.5707963268e+00 -2.2026600273e+00
2.0741375552e-04 2.7482059714e+04 1.5707963268e+00 -2.2035718704e+00
2.0755668406e-04 2.7502509514e+04 1.5707963268e+00 -2.2044823561e+00
2.0769956192e-04 2.7522971068e+04 1.5707963268e+00 -2.2053914869e+00
2.0784238918e-04 2.7543444357e+04 1.5707963268e+00 -2.2062992649e+00
2.0798516592e-04 2.7563929364e+04 1.5707963268e+00 -2.2072056924e+00
2.0812789222e-04 2.7584426070e+04 1.5707963268e+00 -2.2081107715e+00
2.0827056816e-04 2.7604934458e+04 1.5707963268e+00 -2.2090145047e+00
2.0841319383e-04 2.7625454509e+04 1.5707963268e+00 -2.2099168940e+00
2.0855576931e-04 2.7645986206e+04 1.5707963268e+00 -2.2108179418e+00
2.0869829467e-04 2.7666529531e+04 1.5707963268e+00 -2.2117176502e+00
2.0884077000e-04 2.7687084465e+04 1.5707963268e+00 -2.2126160215e+00
2.0898319538e-04 2.7707650991e+04 1.5707963268e+00 -2.2135130579e+00
2.0912557090e-04 2.7728229091e+04 1.5707963268e+00 -2.2144087616e+00
2.0926789662e-04 2.7748818747e+04 1.5707963268e+00 -2.2153031349e+00
2.0941017264e-04 2.7769419941e+04 1.5707963268e+00 -2.2161961799e+00
2.0955239903e-04 2.7790032655e+04 1.5707963268e+00 -2.2170878989e+00
2.0969457588e-04 2.7810656872e+04 1.5707963268e+00 -2.2179782941e+00
2.0983670326e-04 2.7831292574e+04 1.5707963268e+00 -2.2188673677e+00
2.0997878125e-04 2.7851939743e+04 1.5707963268e+00 -2.2197551219e+00
2.1012080994e-04 2.7872598361e+04 1.5707963268e+00 -2.2206415589e+00
2.1026278941e-04 2.7893268411e+04 1.5707963268e+00 -2.2215266809e+00
2.1040471972e-04 2.7913949874e+04 1.5707963268e+00 -2.2224104901e+00
2.1054660098e-04 2.7934642734e+04 1.5707963268e+00 -2.2232929887e+00
2.1068843324e-04 2.7955346972e+04 1.5707963268e+00 -2.2241741789e+00
2.1083021660e-04 2.7976062571e+04 1.5707963268e+00 -2.2250540628e+00
2.1097195113e-04 2.7996789513e+04 1.5707963268e+00 -2.2259326428e+00
2.1111363691e-04 2.8017527780e+04 1.5707963268e+00 -2.2268099209e+00
2.1125527402e-04 2.8038277356e+04 1.5707963268e+00 -2.2276858993e+00
2.1139686254e-04 2.8059038222e+04 1.5707963268e+00 -2.2285605803e+00
2.1153840255e-04 2.8079810361e+04 1.5707963268e+00 -2.2294339659e+00
2.1167989413e-04 2.8100593756e+04 1.5707963268e+00 -2.2303060584e+00
2.1182133735e-04 2.8121388388e+04 1.5707963268e+00 -2.2311768600e+00
2.1196273229e-04 2.8142194240e+04 1.5707963268e+00 -2.2320463727e+00
2.1210407904e-04 2.8163011296e+04 1.5707963268e+00 -2.2329145988e+00
2.1224537766e-04 2.8183839537e+04 1.5707963268e+00 -2.2337815404e+00
2.1238662825e-04 2.8204678946e+04 1.5707963268e+00 -2.2346471998e+00
2.1252783087e-04 2.8225529505e+04 1.5707963268e+00 -2.2355115789e+00
2.1266898560e-04 2.8246391198e+04 1.5707963268e+00 -2.2363746801e+00
2.1281009253e-04 2.8267264007e+04 1.5707963268e+00 -2.2372365054e+00
2.1295115172e-04 2.8288147914e+04 1.5707963268e+00 -2.2380970570e+00
2.1309216326e-04 2.8309042902e+04 1.5707963268e+00 -2.2389563371e+00
2.1323312722e-04 2.8329948955e+04 1.5707963268e+00 -2.2398143478e+00
2.1337404369e-04 2.8350866053e+04 1.5707963268e+00 -2.2406710911e+00
2.1351491273e-04 2.8371794182e+04 1.5707963268e+00 -2.2415265694e+00
2.1365573442e-04 2.8392733322e+04 1.5707963268e+00 -2.2423807846e+00
2.1379650885e-04 2.8413683457e+04 1.5707963268e+00 -2.2432337390e+00
2.1393723608e-04 2.8434644570e+04 1.5707963268e+00 -2.2440854347e+00
2.1407791620e-04 2.8455616644e+04 1.5707963268e+00 -2.2449358737e+00
2.1421854928e-04 2.8476599660e+04 1.5707963268e+00 -2.2457850582e+00
2.1435913539e-04 2.8497593603e+04 1.5707963268e+00 -2.2466329904e+00
2.1449967462e-04 2.8518598455e+04 1.5707963268e+00 -2.2474796724e+00
2.1464016703e-04 2.8539614199e+04 1.5707963268e+00 -2.2483251061e+00
2.1478061271e-04 2.8560640818e+04 1.5707963268e+00 -2.2491692939e+00
2.1492101173e-04 2.8581678295e+04 1.5707963268e+00 -2.2500122378e+00
2.1506136417e-04 2.8602726612e+04 1.5707963268e+00 -2.2508539398e+00
2.1520167010e-04 2.8623785754e+04 1.5707963268e+00 -2.2516944022e+00
2.1534192959e-04 2.8644855702e+04 1.5707963268e+00 -2.2525336269e+00
2.1548214272e-04 2.8665936440e+04 1.5707963268e+00 -2.2533716161e+00
2.1562230958e-04 2.8687027951e+04 1.5707963268e+00 -2.2542083719e+00
2.1576243022e-04 2.8708130218e+04 1.5707963268e+00 -2.2550438965e+00
2.1590250473e-04 2.8729243224e+04 1.5707963268e+00 -2.2558781917e+00
2.1604253318e-04 2.8750366952e+04 1.5707963268e+00 -2.2567112599e+00
2.1618251565e-04 2.8771501385e+04 1.5707963268e+00 -2.2575431029e+00
2.1632245220e-04 2.8792646507e+04 1.5707963268e+00 -2.2583737230e+00
2.1646234292e-04 2.8813802301e+04 1.5707963268e+00 -2.2592031222e+00
2.1660218788e-04 2.8834968749e+04 1.5707963268e+00 -2.2600313026e+00
2.1674198716e-04 2.8856145835e+04 1.5707963268e+00 -2.2608582662e+00
2.1688174081e-04 2.8877333543e+04 1.5707963268e+00 -2.2616840152e+00
2.1702144893e-04 2.8898531855e+04 1.5707963268e+00 -2.2625085515e+00
2.1716111159e-04 2.8919740755e+04 1.5707963268e+00 -2.2633318772e+00
2.1730072885e-04 2.8940960226e+04 1.5707963268e+00 -2.2641539945e+00
2.1744030079e-04 2.8962190251e+04 1.5707963268e+00 -2.2649749053e+00
2.1757982749e-04 2.8983430815e+04 1.5707963268e+00 -2.2657946118e+00
2.1771930901e-04 2.9004681899e+04 1.5707963268e+00 -2.2666131159e+00
2.1785874543e-04 2.9025943488e+04 1.5707963268e+00 -2.2674304198e+00
2.1799813683e-04 2.9047215565e+04 1.5707963268e+00 -2.2682465254e+00
2.1813748327e-04 2.9068498113e+04 1.5707963268e+00 -2.2690614348e+00
2.1827678484e-04 2.9089791116e+04 1.5707963268e+00 -2.2698751501e+00
2.1841604159e-04 2.9111094558e+04 1.5707963268e+00 -2.2706876733e+00
2.1855525361e-04 2.9132408421e+04 1.5707963268e+00 -2.2714990064e+00
2.1869442096e-04 2.9153732690e+04 1.5707963268e+00 -2.2723091514e+00
2.1883354372e-04 2.9175067347e+04 1.5707963268e+00 -2.2731181104e+00
2.1897262197e-04 2.9196412377e+04 1.5707963268e+00 -2.2739258855e+00
2.1911165576e-04 2.9217767763e+04 1.5707963268e+00 -2.2747324786e+00
2.1925064518e-04 2.9239133488e+04 1.5707963268e+00 -2.2755378917e+00
2.1938959029e-04 2.9260509537e+04 1.5707963268e+00 -2.2763421269e+00
2.1952849118e-04 2.9281895892e+04 1.5707963268e+00 -2.2771451862e+00
2.1966734790e-04 2.9303292538e+04 1.5707963268e+00 -2.2779470715e+00
2.1980616053e-04 2.9324699458e+04 1.5707963268e+00 -2.2787477850e+00
2.1994492914e-04 2.9346116636e+04 1.5707963268e+00 -2.2795473286e+00
2.2008365380e-04 2.9367544056e+04 1.5707963268e+00 -2.2803457043e+00
2.2022233459e-04 2.9388981701e+04 1.5707963268e+00 -2.2811429141e+00
2.2036097157e-04 2.9410429556e+04 1.5707963268e+00 -2.2819389601e+00
2.2049956482e-04 2.9431887603e+04 1.5707963268e+00 -2.2827338441e+00
2.2063811440e-04 2.9453355827e+04 1.5707963268e+00 -2.2835275682e+00
2.2077662039e-04 2.9474834212e+04 1.5707963268e+00 -2.2843201344e+00
2.2091508285e-04 2.9496322742e+04 1.5707963268e+00 -2.2851115447e+00
2.2105350186e-04 2.9517821399e+04 1.5707963268e+00 -2.2859018010e+00
2.2119187748e-04 2.9539330169e+04 1.5707963268e+00 -2.2866909054e+00
2.2133020979e-04 2.9560849035e+04 1.5707963268e+00 -2.2874788598e+00
2.2146849886e-04 2.9582377982e+04 1.5707963268e+00 -2.2882656661e+00
2.2160674475e-04 2.9603916992e+04 1.5707963268e+00 -2.2890513264e+00
2.2174494754e-04 2.9625466051e+04 1.5707963268e+00 -2.2898358426e+00
2.2188310729e-04 2.9647025141e+04 1.5707963268e+00 -2.2906192167e+00
2.2202122408e-04 2.9668594248e+04 1.5707963268e+00 -2.2914014506e+00
2.2215929797e-04 2.9690173355e+04 1.5707963268e+00 -2.2921825464e+00
2.2229732903e-04 2.9711762447e+04 1.5707963268e+00 -2.2929625059e+00
2.2243531734e-04 2.9733361506e+04 1.5707963268e+00 -2.2937413311e+00
2.2257326295e-04 2.9754970519e+04 1.5707963268e+00 -2.2945190239e+00
2.2271116594e-04 2.9776589468e+04 1.5707963268e+00 -2.2952955864e+00
2.2284902638e-04 2.9798218337e+04 1.5707963268e+00 -2.2960710204e+00
2.2298684434e-04 2.9819857112e+04 1.5707963268e+00 -2.2968453279e+00
2.2312461988e-04 2.9841505776e+04 1.5707963268e+00 -2.2976185109e+00
2.2326235307e-04 2.9863164314e+04 1.5707963268e+00 -2.2983905712e+00
2.2340004399e-04 2.9884832709e+04 1.5707963268e+00 -2.2991615108e+00
2.2353769269e-04 2.9906510946e+04 1.5707963268e+00 -2.2999313317e+00
2.2367529925e-04 2.9928199010e+04 1.5707963268e+00 -2.3007000357e+00
2.2381286373e-04 2.9949896884e+04 1.5707963268e+00 -2.3014676248e+00
2.2395038621e-04 2.9971604553e+04 1.5707963268e+00 -2.3022341008e+00
2.2408786675e-04 2.9993322001e+04 1.5707963268e+00 -2.3029994658e+00
2.2422530541e-04 3.0015049213e+04 1.5707963268e+00 -2.3037637217e+00
2.2436270226e-04 3.0036786173e+04 1.5707963268e+00 -2.3045268702e+00
2.2450005738e-04 3.0058532865e+04 1.5707963268e+00 -2.3052889135e+00
2.2463737083e-04 3.0080289275e+04 1.5707963268e+00 -2.3060498532e+00
2.2477464267e-04 3.0102055386e+04 1.5707963268e+00 -2.3068096915e+00
2.2491187297e-04 3.0123831183e+04 1.5707963268e+00 -2.3075684301e+00
2.2504906181e-04 3.0145616650e+04 1.5707963268e+00 -2.3083260710e+00
2.2518620924e-04 3.0167411773e+04 1.5707963268e+00 -2.3090826160e+00
2.2532331533e-04 3.0189216534e+04 1.5707963268e+00 -2.3098380670e+00
2.2546038014e-04 3.0211030920e+04 1.5707963268e+00 -2.3105924260e+00
2.2559740376e-04 3.0232854915e+04 1.5707963268e+00 -2.3113456949e+00
2.2573438623e-04 3.0254688503e+04 1.5707963268e+00 -2.3120978754e+00
2.2587132763e-04 3.0276531669e+04 1.5707963268e+00 -2.3128489695e+00
2.2600822802e-04 3.0298384398e+04 1.5707963268e+00 -2.3135989790e+00
2.2614508747e-04 3.0320246674e+04 1.5707963268e+00 -2.3143479059e+00
2.2628190605e-04 3.0342118482e+04 1.5707963268e+00 -2.3150957519e+00
2.2641868381e-04 3.0363999807e+04 1.5707963268e+00 -2.3158425191e+00
2.2655542083e-04 3.0385890633e+04 1.5707963268e+00 -2.3165882092e+00
2.2669211716e-04 3.0407790946e+04 1.5707963268e+00 -2.3173328240e+00
2.2682877289e-04 3.0429700730e+04 1.5707963268e+00 -2.3180763656e+00
2.2696538806e-04 3.0451619970e+04 1.5707963268e+00 -2.3188188356e+00
2.2710196275e-04 3.0473548651e+04 1.5707963268e+00 -2.3195602360e+00
2.2723849701e-04 3.0495486757e+04 1.5707963268e+00 -2.3203005686e+00
2.2737499093e-04 3.0517434274e+04 1.5707963268e+00 -2.3210398353e+00
2.2751144455e-04 3.0539391186e+04 1.5707963268e+00 -2.3217780378e+00
2.2764785794e-04 3.0561357479e+04 1.5707963268e+00 -2.3225151781e+00
2.2778423117e-04 3.0583333137e+04 1.5707963268e+00 -2.3232512580e+00
2.2792056431e-04 3.0605318146e+04 1.5707963268e+00 -2.3239862794e+00
2.2805685741e-04 3.0627312489e+04 1.5707963268e+00 -2.3247202439e+00
2.2819311054e-04 3.0649316154e+04 1.5707963268e+00 -2.3254531536e+00
2.2832932376e-04 3.0671329123e+04 1.5707963268e+00 -2.3261850101e+00
2.2846549715e-04 3.0693351383e+04 1.5707963268e+00 -2.3269158154e+00
2.2860163075e-04 3.0715382918e+04 1.5707963268e+00 -2.3276455713e+00
2.2873772464e-04 3.0737423714e+04 1.5707963268e+00 -2.3283742795e+00
2.2887377888e-04 3.0759473756e+04 1.5707963268e+00 -2.3291019419e+00
2.2900979353e-04 3.0781533029e+04 1.5707963268e+00 -2.3298285603e+00
2.2914576865e-04 3.0803601518e+04 1.5707963268e+00 -2.3305541365e+00
2.2928170431e-04 3.0825679208e+04 1.5707963268e+00 -2.3312786723e+00
2.2941760058e-04 3.0847766084e+04 1.5707963268e+00 -2.3320021695e+00
2.2955345750e-04 3.0869862133e+04 1.5707963268e+00 -2.3327246299e+00
2.2968927516e-04 3.0891967338e+04 1.5707963268e+00 -2.3334460554e+00
2.2982505360e-04 3.0914081686e+04 1.5707963268e+00 -2.3341664476e+00
2.2996079289e-04 3.0936205161e+04 1.5707963268e+00 -2.3348858085e+00
2.3009649310e-04 3.0958337749e+04 1.5707963268e+00 -2.3356041397e+00
2.3023215429e-04 3.0980479435e+04 1.5707963268e+00 -2.3363214432e+00
2.3036777651e-04 3.1002630205e+04 1.5707963268e+00 -2.3370377205e+00
2.3050335983e-04 3.1024790044e+04 1.5707963268e+00 -2.3377529736e+00
2.3063890432e-04 3.1046958937e+04 1.5707963268e+00 -2.3384672043e+00
2.3077441003e-04 3.1069136871e+04 1.5707963268e+00 -2.3391804142e+00
2.3090987703e-04 3.1091323829e+04 1.5707963268e+00 -2.3398926052e+00
2.3104530537e-04 3.1113519798e+04 1.5707963268e+00 -2.3406037789e+00
2.3118069512e-04 3.1135724764e+04 1.5707963268e+00 -2.3413139373e+00
2.3131604635e-04 3.1157938712e+04 1.5707963268e+00 -2.3420230821e+00
2.3145135910e-04 3.1180161626e+04 1.5707963268e+00 -2.3427312149e+00
2.3158663345e-04 3.1202393494e+04 1.5707963268e+00 -2.3434383377e+00
2.3172186945e-04 3.1224634300e+04 1.5707963268e+00 -2.3441444520e+00
2.3185706717e-04 3.1246884031e+04 1.5707963268e+00 -2.3448495597e+00
2.3199222666e-04 3.1269142671e+04 1.5707963268e+00 -2.3455536626e+00
2.3212734799e-04 3.1291410206e+04 1.5707963268e+00 -2.3462567623e+00
2.3226243122e-04 3.1313686623e+04 1.5707963268e+00 -2.3469588606e+00
2.3239747640e-04 3.1335971906e+04 1.5707963268e+00 -2.3476599593e+00
2.3253248360e-04 3.1358266042e+04 1.5707963268e+00 -2.3483600601e+00
2.3266745288e-04 3.1380569016e+04 1.5707963268e+00 -2.3490591647e+00
2.3280238430e-04 3.1402880814e+04 1.5707963268e+00 -2.3497572748e+00
2.3293727791e-04 3.1425201422e+04 1.5707963268e+00 -2.3504543922e+00
2.3307213379e-04 3.1447530825e+04 1.5707963268e+00 -2.3511505186e+00
2.3320695198e-04 3.1469869010e+04 1.5707963268e+00 -2.3518456557e+00
2.3334173255e-04 3.1492215962e+04 1.5707963268e+00 -2.3525398053e+00
2.3347647556e-04 3.1514571668e+04 1.5707963268e+00 -2.3532329691e+00
2.3361118107e-04 3.1536936112e+04 1.5707963268e+00 -2.3539251487e+00
2.3374584913e-04 3.1559309281e+04 1.5707963268e+00 -2.3546163459e+00
2.3388047980e-04 3.1581691161e+04 1.5707963268e+00 -2.3553065624e+00
2.3401507316e-04 3.1604081738e+04 1.5707963268e+00 -2.3559957999e+00
2.3414962924e-04 3.1626480998e+04 1.5707963268e+00 -2.3566840600e+00
2.3428414812e-04 3.1648888926e+04 1.5707963268e+00 -2.3573713446e+00
2.3441862985e-04 3.1671305509e+04 1.5707963268e+00 -2.3580576553e+00
2.3455307449e-04 3.1693730734e+04 1.5707963268e+00 -2.3587429938e+00
2.3468748210e-04 3.1716164585e+04 1.5707963268e+00 -2.3594273617e+00
2.3482185274e-04 3.1738607049e+04 1.5707963268e+00 -2.3601107608e+00
2.3495618646e-04 3.1761058112e+04 1.5707963268e+00 -2.3607931928e+00
2.3509048333e-04 3.1783517761e+04 1.5707963268e+00 -2.3614746592e+00
2.3522474340e-04 3.1805985980e+04 1.5707963268e+00 -2.3621551619e+00
2.3535896673e-04 3.1828462758e+04 1.5707963268e+00 -2.3628347025e+00
2.3549315338e-04 3.1850948079e+04 1.5707963268e+00 -2.3635132826e+00
2.3562730340e-04 3.1873441930e+04 1.5707963268e+00 -2.3641909040e+00
2.3576141686e-04 3.1895944298e+04 1.5707963268e+00 -2.3648675683e+00
2.3589549381e-04 3.1918455168e+04 1.5707963268e+00 -2.3655432771e+00
2.3602953431e-04 3.1940974526e+04 1.5707963268e+00 -2.3662180322e+00
2.3616353842e-04 3.1963502360e+04 1.5707963268e+00 -2.3668918351e+00
2.3629750619e-04 3.1986038655e+04 1.5707963268e+00 -2.3675646876e+00
2.3643143769e-04 3.2008583398e+04 1.5707963268e+00 -2.3682365912e+00
2.3656533296e-04 3.2031136575e+04 1.5707963268e+00 -2.3689075477e+00
2.3669919207e-04 3.2053698173e+04 1.5707963268e+00 -2.3695775587e+00
2.3683301507e-04 3.2076268177e+04 1.5707963268e+00 -2.3702466259e+00
2.3696680202e-04 3.2098846575e+04 1.5707963268e+00 -2.3709147508e+00
2.3710055297e-04 3.2121433352e+04 1.5707963268e+00 -2.3715819351e+00
2.3723426799e-04 3.2144028496e+04 1.5707963268e+00 -2.3722481805e+00
2.3736794713e-04 3.2166631992e+04 1.5707963268e+00 -2.3729134886e+00
2.3750159044e-04 3.2189243828e+04 1.5707963268e+00 -2.3735778610e+00
2.3763519799e-04 3.2211863989e+04 1.5707963268e+00 -2.3742412993e+00
2.3776876982e-04 3.2234492463e+04 1.5707963268e+00 -2.3749038052e+00
2.3790230600e-04 3.2257129236e+04 1.5707963268e+00 -2.3755653803e+00
2.3803580658e-04 3.2279774294e+04 1.5707963268e+00 -2.3762260262e+00
2.3816927162e-04 3.2302427624e+04 1.5707963268e+00 -2.3768857446e+00
2.3830270116e-04 3.2325089214e+04 1.5707963268e+00 -2.3775445370e+00
2.3843609528e-04 3.2347759048e+04 1.5707963268e+00 -2.3782024050e+00
2.3856945402e-04 3.2370437115e+04 1.5707963268e+00 -2.3788593503e+00
2.3870277743e-04 3.2393123401e+04 1.5707963268e+00 -2.3795153745e+00
2.3883606558e-04 3.2415817892e+04 1.5707963268e+00 -2.3801704792e+00
2.3896931852e-04 3.2438520576e+04 1.5707963268e+00 -2.3808246659e+00
2.3910253631e-04 3.2461231438e+04 1.5707963268e+00 -2.3814779363e+00
2.3923571899e-04 3.2483950467e+04 1.5707963268e+00 -2.3821302919e+00
2.3936886663e-04 3.2506677648e+04 1.5707963268e+00 -2.3827817345e+00
2.3950197927e-04 3.2529412969e+04 1.5707963268e+00 -2.3834322654e+00
2.3963505699e-04 3.2552156416e+04 1.5707963268e+00 -2.3840818864e+00
2.3976809982e-04 3.2574907976e+04 1.5707963268e+00 -2.3847305990e+00
2.3990110782e-04 3.2597667637e+04 1.5707963268e+00 -2.3853784048e+00
2.4003408105e-04 3.2620435384e+04 1.5707963268e+00 -2.3860253054e+00
2.4016701956e-04 3.2643211206e+04 1.5707963268e+00 -2.3866713023e+00
2.4029992341e-04 3.2665995088e+04 1.5707963268e+00 -2.3873163972e+00
2.4043279265e-04 3.2688787019e+04 1.5707963268e+00 -2.3879605915e+00
2.4056562734e-04 3.2711586984e+04 1.5707963268e+00 -2.3886038869e+00
2.4069842752e-04 3.2734394972e+04 1.5707963268e+00 -2.3892462849e+00
2.4083119326e-04 3.2757210968e+04 1.5707963268e+00 -2.3898877871e+00
2.4096392460e-04 3.2780034961e+04 1.5707963268e+00 -2.3905283951e+00
2.4109662160e-04 3.2802866937e+04 1.5707963268e+00 -2.3911681103e+00
2.4122928432e-04 3.2825706883e+04 1.5707963268e+00 -2.3918069344e+00
2.4136191280e-04 3.2848554786e+04 1.5707963268e+00 -2.3924448689e+00
2.4149450710e-04 3.2871410634e+04 1.5707963268e+00 -2.3930819153e+00
2.4162706727e-04 3.2894274413e+04 1.5707963268e+00 -2.3937180752e+00
2.4175959338e-04 3.2917146112e+04 1.5707963268e+00 -2.3943533502e+00
2.4189208546e-04 3.2940025717e+04 1.5707963268e+00 -2.3949877417e+00
2.4202454357e-04 3.2962913215e+04 1.5707963268e+00 -2.3956212514e+00
2.4215696777e-04 3.2985808593e+04 1.5707963268e+00 -2.3962538807e+00
2.4228935811e-04 3.3008711840e+04 1.5707963268e+00 -2.3968856311e+00
2.4242171464e-04 3.3031622941e+04 1.5707963268e+00 -2.3975165043e+00
2.4255403741e-04 3.3054541886e+04 1.5707963268e+00 -2.3981465017e+00
2.4268632647e-04 3.3077468659e+04 1.5707963268e+00 -2.3987756249e+00
2.4281858189e-04 3.3100403251e+04 1.5707963268e+00 -2.3994038753e+00
2.4295080370e-04 3.3123345646e+04 1.5707963268e+00 -2.4000312545e+00
2.4308299197e-04 3.3146295834e+04 1.5707963268e+00 -2.4006577641e+00
2.4321514675e-04 3.3169253801e+04 1.5707963268e+00 -2.4012834054e+00
2.4334726808e-04 3.3192219534e+04 1.5707963268e+00 -2.4019081801e+00
2.4347935601e-04 3.3215193022e+04 1.5707963268e+00 -2.4025320896e+00
2.4361141061e-04 3.3238174252e+04 1.5707963268e+00 -2.4031551355e+00
2.4374343192e-04 3.3261163211e+04 1.5707963268e+00 -2.4037773192e+00
2.4387542000e-04 3.3284159886e+04 1.5707963268e+00 -2.4043986422e+00
2.4400737489e-04 3.3307164266e+04 1.5707963268e+00 -2.4050191061e+00
2.4413929664e-04 3.3330176338e+04 1.5707963268e+00 -2.4056387123e+00
2.4427118532e-04 3.3353196089e+04 1.5707963268e+00 -2.4062574624e+00
2.4440304096e-04 3.3376223508e+04 1.5707963268e+00 -2.4068753577e+00
2.4453486362e-04 3.3399258581e+04 1.5707963268e+00 -2.4074923999e+00
2.4466665336e-04 3.3422301296e+04 1.5707963268e+00 -2.4081085903e+00
2.4479841021e-04 3.3445351641e+04 1.5707963268e+00 -2.4087239305e+00
2.4493013424e-04 3.3468409604e+04 1.5707963268e+00 -2.4093384219e+00
2.4506182549e-04 3.3491475172e+04 1.5707963268e+00 -2.4099520661e+00
2.4519348402e-04 3.3514548333e+04 1.5707963268e+00 -2.4105648644e+00
2.4532510987e-04 3.3537629075e+04 1.5707963268e+00 -2.4111768184e+00
2.4545670310e-04 3.3560717385e+04 1.5707963268e+00 -2.4117879294e+00
2.4558826375e-04 3.3583813252e+04 1.5707963268e+00 -2.4123981991e+00
2.4571979188e-04 3.3606916663e+04 1.5707963268e+00 -2.4130076289e+00
2.4585128753e-04 3.3630027606e+04 1.5707963268e+00 -2.4136162201e+00
2.4598275076e-04 3.3653146069e+04 1.5707963268e+00 -2.4142239743e+00
2.4611418162e-04 3.3676272040e+04 1.5707963268e+00 -2.4148308929e+00
2.4624558015e-04 3.3699405506e+04 1.5707963268e+00 -2.4154369774e+00
2.4637694641e-04 3.3722546456e+04 1.5707963268e+00 -2.4160422292e+00
2.4650828045e-04 3.3745694877e+04 1.5707963268e+00 -2.4166466497e+00
2.4663958230e-04 3.3768850757e+04 1.5707963268e+00 -2.4172502405e+00
2.4677085204e-04 3.3792014085e+04 1.5707963268e+00 -2.4178530029e+00
2.4690208969e-04 3.3815184848e+04 1.5707963268e+00 -2.4184549384e+00
2.4703329532e-04 3.3838363034e+04 1.5707963268e+00 -2.4190560484e+00
2.4716446898e-04 3.3861548632e+04 1.5707963268e+00 -2.4196563344e+00
2.4729561070e-04 3.3884741629e+04 1.5707963268e+00 -2.4202557978e+00
2.4742672055e-04 3.3907942014e+04 1.5707963268e+00 -2.4208544399e+00
2.4755779856e-04 3.3931149774e+04 1.5707963268e+00 -2.4214522624e+00
2.4768884479e-04 3.3954364898e+04 1.5707963268e+00 -2.4220492664e+00
2.4781985930e-04 3.3977587373e+04 1.5707963268e+00 -2.4226454536e+00
2.4795084211e-04 3.4000817188e+04 1.5707963268e+00 -2.4232408252e+00
2.4808179329e-04 3.4024054332e+04 1.5707963268e+00 -2.4238353828e+00
2.4821271289e-04 3.4047298792e+04 1.5707963268e+00 -2.4244291276e+00
2.4834360094e-04 3.4070550556e+04 1.5707963268e+00 -2.4250220613e+00
2.4847445751e-04 3.4093809613e+04 1.5707963268e+00 -2.4256141850e+00
2.4860528263e-04 3.4117075951e+04 1.5707963268e+00 -2.4262055003e+00
2.4873607636e-04 3.4140349558e+04 1.5707963268e+00 -2.4267960086e+00
2.4886683875e-04 3.4163630422e+04 1.5707963268e+00 -2.4273857112e+00
2.4899756983e-04 3.4186918532e+04 1.5707963268e+00 -2.4279746095e+00
2.4912826967e-04 3.4210213877e+04 1.5707963268e+00 -2.4285627050e+00
2.4925893831e-04 3.4233516444e+04 1.5707963268e+00 -2.4291499990e+00
2.4938957579e-04 3.4256826221e+04 1.5707963268e+00 -2.4297364929e+00
2.4952018216e-04 3.4280143198e+04 1.5707963268e+00 -2.4303221881e+00
2.4965075747e-04 3.4303467362e+04 1.5707963268e+00 -2.4309070861e+00
2.4978130178e-04 3.4326798703e+04 1.5707963268e+00 -2.4314911881e+00
2.4991181511e-04 3.4350137208e+04 1.5707963268e+00 -2.4320744955e+00
2.5004229753e-04 3.4373482866e+04 1.5707963268e+00 -2.4326570098e+00
2.5017274908e-04 3.4396835665e+04 1.5707963268e+00 -2.4332387323e+00
2.5030316981e-04 3.4420195594e+04 1.5707963268e+00 -2.4338196643e+00
2.5043355976e-04 3.4443562641e+04 1.5707963268e+00 -2.4343998073e+00
2.5056391898e-04 3.4466936796e+04 1.5707963268e+00 -2.4349791626e+00
2.5069424752e-04 3.4490318046e+04 1.5707963268e+00 -2.4355577316e+00
2.5082454543e-04 3.4513706380e+04 1.5707963268e+00 -2.4361355156e+00
2.5095481274e-04 3.4537101787e+04 1.5707963268e+00 -2.4367125160e+00
2.5108504951e-04 3.4560504255e+04 1.5707963268e+00 -2.4372887342e+00
2.5121525579e-04 3.4583913773e+04 1.5707963268e+00 -2.4378641715e+00
2.5134543162e-04 3.4607330329e+04 1.5707963268e+00 -2.4384388292e+00
2.5147557704e-04 3.4630753913e+04 1.5707963268e+00 -2.4390127087e+00
2.5160569210e-04 3.4654184513e+04 1.5707963268e+00 -2.4395858114e+00
2.5173577686e-04 3.4677622117e+04 1.5707963268e+00 -2.4401581386e+00
2.5186583135e-04 3.4701066715e+04 1.5707963268e+00 -2.4407296916e+00
2.5199585562e-04 3.4724518295e+04 1.5707963268e+00 -2.4413004718e+00
2.5212584972e-04 3.4747976846e+04 1.5707963268e+00 -2.4418704805e+00
2.5225581369e-04 3.4771442356e+04 1.5707963268e+00 -2.4424397190e+00
2.5238574758e-04 3.4794914815e+04 1.5707963268e+00 -2.4430081888e+00
2.5251565143e-04 3.4818394211e+04 1.5707963268e+00 -2.4435758910e+00
2.5264552529e-04 3.4841880534e+04 1.5707963268e+00 -2.4441428271e+00
2.5277536920e-04 3.4865373772e+04 1.5707963268e+00 -2.4447089983e+00
2.5290518322e-04 3.4888873913e+04 1.5707963268e+00 -2.4452744061e+00
2.5303496738e-04 3.4912380947e+04 1.5707963268e+00 -2.4458390516e+00
2.5316472173e-04 3.4935894863e+04 1.5707963268e+00 -2.4464029362e+00
2.5329444632e-04 3.4959415650e+04 1.5707963268e+00 -2.4469660613e+00
2.5342414119e-04 3.4982943296e+04 1.5707963268e+00 -2.4475284281e+00
2.5355380638e-04 3.5006477791e+04 1.5707963268e+00 -2.4480900380e+00
2.5368344195e-04 3.5030019124e+04 1.5707963268e+00 -2.4486508922e+00
2.5381304792e-04 3.5053567283e+04 1.5707963268e+00 -2.4492109921e+00
2.5394262436e-04 3.5077122258e+04 1.5707963268e+00 -2.4497703390e+00
2.5407217130e-04 3.5100684037e+04 1.5707963268e+00 -2.4503289342e+00
2.5420168880e-04 3.5124252611e+04 1.5707963268e+00 -2.4508867789e+00
2.5433117688e-04 3.5147827967e+04 1.5707963268e+00 -2.4514438745e+00
2.5446063560e-04 3.5171410095e+04 1.5707963268e+00 -2.4520002222e+00
2.5459006501e-04 3.5194998984e+04 1.5707963268e+00 -2.4525558234e+00
2.5471946514e-04 3.5218594624e+04 1.5707963268e+00 -2.4531106793e+00
2.5484883604e-04 3.5242197003e+04 1.5707963268e+00 -2.4536647912e+00
2.5497817775e-04 3.5265806111e+04 1.5707963268e+00 -2.4542181605e+00
2.5510749032e-04 3.5289421936e+04 1.5707963268e+00 -2.4547707883e+00
2.5523677380e-04 3.5313044468e+04 1.5707963268e+00 -2.4553226760e+00
2.5536602822e-04 3.5336673697e+04 1.5707963268e+00 -2.4558738248e+00
2.5549525363e-04 3.5360309611e+04 1.5707963268e+00 -2.4564242361e+00
2.5562445007e-04 3.5383952200e+04 1.5707963268e+00 -2.4569739110e+00
2.5575361759e-04 3.5407601453e+04 1.5707963268e+00 -2.4575228509e+00
2.5588275622e-04 3.5431257360e+04 1.5707963268e+00 -2.4580710570e+00
2.5601186603e-04 3.5454919909e+04 1.5707963268e+00 -2.4586185305e+00
2.5614094703e-04 3.5478589091e+04 1.5707963268e+00 -2.4591652729e+00
