0.0000000000e+00 1.3836897088e+04 1.5707963268e+00 0.0000000000e+00
2.4690603176e-07 1.3836897088e+04 1.5707963268e+00 -3.2051282051e-03
4.9381206352e-07 1.3836902555e+04 1.5707963268e+00 -6.4102564103e-03
7.4071792107e-07 1.3836913489e+04 1.5707963268e+00 -9.6153820826e-03
9.8762343021e-07 1.3836929890e+04 1.5707963268e+00 -1.2820502690e-02
1.2345284167e-06 1.3836951759e+04 1.5707963268e+00 -1.6025615698e-02
1.4814327065e-06 1.3836979095e+04 1.5707963268e+00 -1.9230718576e-02
1.7283361251e-06 1.3837011898e+04 1.5707963268e+00 -2.2435808789e-02
1.9752384986e-06 1.3837050170e+04 1.5707963268e+00 -2.5640883806e-02
2.2221396526e-06 1.3837093909e+04 1.5707963268e+00 -2.8845941094e-02
2.4690394130e-06 1.3837143117e+04 1.5707963268e+00 -3.2050978119e-02
2.7159376055e-06 1.3837197794e+04 1.5707963268e+00 -3.5255992348e-02
2.9628340560e-06 1.3837257940e+04 1.5707963268e+00 -3.8460981248e-02
3.2097285902e-06 1.3837323555e+04 1.5707963268e+00 -4.1665942286e-02
3.4566210339e-06 1.3837394641e+04 1.5707963268e+00 -4.4870872929e-02
3.7035112129e-06 1.3837471198e+04 1.5707963268e+00 -4.8075770642e-02
3.9503989529e-06 1.3837553226e+04 1.5707963268e+00 -5.1280632893e-02
4.1972840798e-06 1.3837640726e+04 1.5707963268e+00 -5.4485457147e-02
4.4441664192e-06 1.3837733699e+04 1.5707963268e+00 -5.7690240870e-02
4.6910457971e-06 1.3837832146e+04 1.5707963268e+00 -6.0894981528e-02
4.9379220390e-06 1.3837936067e+04 1.5707963268e+00 -6.4099676587e-02
5.1847949708e-06 1.3838045463e+04 1.5707963268e+00 -6.7304323512e-02
5.4316644182e-06 1.3838160336e+04 1.5707963268e+00 -7.0508919768e-02
5.6785302070e-06 1.3838280685e+04 1.5707963268e+00 -7.3713462820e-02
5.9253921629e-06 1.3838406513e+04 1.5707963268e+00 -7.6917950132e-02
6.1722501116e-06 1.3838537820e+04 1.5707963268e+00 -8.0122379170e-02
6.4191038788e-06 1.3838674607e+04 1.5707963268e+00 -8.3326747396e-02
6.6659532903e-06 1.3838816876e+04 1.5707963268e+00 -8.6531052275e-02
6.9127981717e-06 1.3838964627e+04 1.5707963268e+00 -8.9735291271e-02
7.1596383488e-06 1.3839117862e+04 1.5707963268e+00 -9.2939461846e-02
7.4064736472e-06 1.3839276582e+04 1.5707963268e+00 -9.6143561463e-02
7.6533038926e-06 1.3839440788e+04 1.5707963268e+00 -9.9347587585e-02
7.9001289107e-06 1.3839610482e+04 1.5707963268e+00 -1.0255153767e-01
8.1469485271e-06 1.3839785666e+04 1.5707963268e+00 -1.0575540919e-01
8.3937625675e-06 1.3839966340e+04 1.5707963268e+00 -1.0895919960e-01
8.6405708576e-06 1.3840152506e+04 1.5707963268e+00 -1.1216290636e-01
8.8873732229e-06 1.3840344167e+04 1.5707963268e+00 -1.1536652693e-01
9.1341694890e-06 1.3840541322e+04 1.5707963268e+00 -1.1857005877e-01
9.3809594817e-06 1.3840743975e+04 1.5707963268e+00 -1.2177349934e-01
9.6277430264e-06 1.3840952127e+04 1.5707963268e+00 -1.2497684611e-01
9.8745199487e-06 1.3841165779e+04 1.5707963268e+00 -1.2818009652e-01
1.0121290074e-05 1.3841384933e+04 1.5707963268e+00 -1.3138324804e-01
1.0368053229e-05 1.3841609592e+04 1.5707963268e+00 -1.3458629813e-01
1.0614809237e-05 1.3841839757e+04 1.5707963268e+00 -1.3778924424e-01
1.0861557926e-05 1.3842075430e+04 1.5707963268e+00 -1.4099208383e-01
1.1108299120e-05 1.3842316613e+04 1.5707963268e+00 -1.4419481435e-01
1.1355032644e-05 1.3842563308e+04 1.5707963268e+00 -1.4739743327e-01
1.1601758325e-05 1.3842815517e+04 1.5707963268e+00 -1.5059993803e-01
1.1848475988e-05 1.3843073243e+04 1.5707963268e+00 -1.5380232610e-01
1.2095185459e-05 1.3843336487e+04 1.5707963268e+00 -1.5700459492e-01
1.2341886561e-05 1.3843605252e+04 1.5707963268e+00 -1.6020674195e-01
1.2588579122e-05 1.3843879540e+04 1.5707963268e+00 -1.6340876464e-01
1.2835262967e-05 1.3844159354e+04 1.5707963268e+00 -1.6661066045e-01
1.3081937921e-05 1.3844444695e+04 1.5707963268e+00 -1.6981242683e-01
1.3328603808e-05 1.3844735566e+04 1.5707963268e+00 -1.7301406122e-01
1.3575260456e-05 1.3845031970e+04 1.5707963268e+00 -1.7621556108e-01
1.3821907688e-05 1.3845333909e+04 1.5707963268e+00 -1.7941692385e-01
1.4068545331e-05 1.3845641386e+04 1.5707963268e+00 -1.8261814699e-01
1.4315173210e-05 1.3845954403e+04 1.5707963268e+00 -1.8581922795e-01
1.4561791149e-05 1.3846272964e+04 1.5707963268e+00 -1.8902016417e-01
1.4808398975e-05 1.3846597070e+04 1.5707963268e+00 -1.9222095310e-01
1.5054996512e-05 1.3846926724e+04 1.5707963268e+00 -1.9542159218e-01
1.5301583586e-05 1.3847261930e+04 1.5707963268e+00 -1.9862207887e-01
1.5548160022e-05 1.3847602689e+04 1.5707963268e+00 -2.0182241060e-01
1.5794725645e-05 1.3847949006e+04 1.5707963268e+00 -2.0502258482e-01
1.6041280280e-05 1.3848300883e+04 1.5707963268e+00 -2.0822259897e-01
1.6287823752e-05 1.3848658323e+04 1.5707963268e+00 -2.1142245050e-01
1.6534355887e-05 1.3849021328e+04 1.5707963268e+00 -2.1462213684e-01
1.6780876510e-05 1.3849389903e+04 1.5707963268e+00 -2.1782165544e-01
1.7027385445e-05 1.3849764050e+04 1.5707963268e+00 -2.2102100374e-01
1.7273882518e-05 1.3850143773e+04 1.5707963268e+00 -2.2422017918e-01
1.7520367554e-05 1.3850529074e+04 1.5707963268e+00 -2.2741917919e-01
1.7766840378e-05 1.3850919957e+04 1.5707963268e+00 -2.3061800121e-01
1.8013300815e-05 1.3851316425e+04 1.5707963268e+00 -2.3381664268e-01
1.8259748690e-05 1.3851718482e+04 1.5707963268e+00 -2.3701510104e-01
1.8506183827e-05 1.3852126130e+04 1.5707963268e+00 -2.4021337371e-01
1.8752606052e-05 1.3852539375e+04 1.5707963268e+00 -2.4341145814e-01
1.8999015190e-05 1.3852958218e+04 1.5707963268e+00 -2.4660935175e-01
1.9245411065e-05 1.3853382664e+04 1.5707963268e+00 -2.4980705199e-01
1.9491793503e-05 1.3853812716e+04 1.5707963268e+00 -2.5300455627e-01
1.9738162327e-05 1.3854248377e+04 1.5707963268e+00 -2.5620186203e-01
1.9984517364e-05 1.3854689653e+04 1.5707963268e+00 -2.5939896670e-01
2.0230858438e-05 1.3855136545e+04 1.5707963268e+00 -2.6259586770e-01
2.0477185373e-05 1.3855589059e+04 1.5707963268e+00 -2.6579256247e-01
2.0723497994e-05 1.3856047197e+04 1.5707963268e+00 -2.6898904843e-01
2.0969796126e-05 1.3856510965e+04 1.5707963268e+00 -2.7218532300e-01
2.1216079594e-05 1.3856980365e+04 1.5707963268e+00 -2.7538138361e-01
2.1462348223e-05 1.3857455402e+04 1.5707963268e+00 -2.7857722768e-01
2.1708601836e-05 1.3857936079e+04 1.5707963268e+00 -2.8177285264e-01
2.1954840258e-05 1.3858422402e+04 1.5707963268e+00 -2.8496825590e-01
2.2201063315e-05 1.3858914373e+04 1.5707963268e+00 -2.8816343489e-01
2.2447270831e-05 1.3859411997e+04 1.5707963268e+00 -2.9135838702e-01
2.2693462629e-05 1.3859915279e+04 1.5707963268e+00 -2.9455310971e-01
2.2939638536e-05 1.3860424223e+04 1.5707963268e+00 -2.9774760038e-01
2.3185798374e-05 1.3860938832e+04 1.5707963268e+00 -3.0094185645e-01
2.3431941969e-05 1.3861459112e+04 1.5707963268e+00 -3.0413587532e-01
2.3678069145e-05 1.3861985066e+04 1.5707963268e+00 -3.0732965441e-01
2.3924179726e-05 1.3862516700e+04 1.5707963268e+00 -3.1052319113e-01
2.4170273537e-05 1.3863054017e+04 1.5707963268e+00 -3.1371648290e-01
2.4416350402e-05 1.3863597022e+04 1.5707963268e+00 -3.1690952712e-01
2.4662410146e-05 1.3864145721e+04 1.5707963268e+00 -3.2010232120e-01
2.4908452592e-05 1.3864700116e+04 1.5707963268e+00 -3.2329486255e-01
2.5154477564e-05 1.3865260214e+04 1.5707963268e+00 -3.2648714858e-01
2.5400484888e-05 1.3865826019e+04 1.5707963268e+00 -3.2967917668e-01
2.5646474387e-05 1.3866397536e+04 1.5707963268e+00 -3.3287094427e-01
2.5892445885e-05 1.3866974769e+04 1.5707963268e+00 -3.3606244875e-01
2.6138399206e-05 1.3867557723e+04 1.5707963268e+00 -3.3925368751e-01
2.6384334175e-05 1.3868146404e+04 1.5707963268e+00 -3.4244465796e-01
2.6630250615e-05 1.3868740816e+04 1.5707963268e+00 -3.4563535749e-01
2.6876148351e-05 1.3869340964e+04 1.5707963268e+00 -3.4882578351e-01
2.7122027207e-05 1.3869946854e+04 1.5707963268e+00 -3.5201593341e-01
2.7367887006e-05 1.3870558490e+04 1.5707963268e+00 -3.5520580457e-01
2.7613727572e-05 1.3871175878e+04 1.5707963268e+00 -3.5839539441e-01
2.7859548730e-05 1.3871799023e+04 1.5707963268e+00 -3.6158470030e-01
2.8105350303e-05 1.3872427930e+04 1.5707963268e+00 -3.6477371964e-01
2.8351132115e-05 1.3873062605e+04 1.5707963268e+00 -3.6796244982e-01
2.8596893990e-05 1.3873703052e+04 1.5707963268e+00 -3.7115088823e-01
2.8842635751e-05 1.3874349277e+04 1.5707963268e+00 -3.7433903225e-01
2.9088357222e-05 1.3875001287e+04 1.5707963268e+00 -3.7752687927e-01
2.9334058228e-05 1.3875659085e+04 1.5707963268e+00 -3.8071442666e-01
2.9579738591e-05 1.3876322678e+04 1.5707963268e+00 -3.8390167183e-01
2.9825398135e-05 1.3876992071e+04 1.5707963268e+00 -3.8708861213e-01
3.0071036684e-05 1.3877667270e+04 1.5707963268e+00 -3.9027524497e-01
3.0316654062e-05 1.3878348281e+04 1.5707963268e+00 -3.9346156770e-01
3.0562250091e-05 1.3879035109e+04 1.5707963268e+00 -3.9664757771e-01
3.0807824596e-05 1.3879727760e+04 1.5707963268e+00 -3.9983327238e-01
3.1053377400e-05 1.3880426240e+04 1.5707963268e+00 -4.0301864907e-01
3.1298908326e-05 1.3881130554e+04 1.5707963268e+00 -4.0620370517e-01
3.1544417198e-05 1.3881840710e+04 1.5707963268e+00 -4.0938843803e-01
3.1789903839e-05 1.3882556712e+04 1.5707963268e+00 -4.1257284504e-01
3.2035368072e-05 1.3883278566e+04 1.5707963268e+00 -4.1575692355e-01
3.2280809721e-05 1.3884006280e+04 1.5707963268e+00 -4.1894067093e-01
3.2526228609e-05 1.3884739858e+04 1.5707963268e+00 -4.2212408456e-01
3.2771624560e-05 1.3885479307e+04 1.5707963268e+00 -4.2530716178e-01
3.3016997395e-05 1.3886224633e+04 1.5707963268e+00 -4.2848989997e-01
3.3262346940e-05 1.3886975843e+04 1.5707963268e+00 -4.3167229648e-01
3.3507673015e-05 1.3887732942e+04 1.5707963268e+00 -4.3485434866e-01
3.3752975446e-05 1.3888495937e+04 1.5707963268e+00 -4.3803605389e-01
3.3998254054e-05 1.3889264835e+04 1.5707963268e+00 -4.4121740951e-01
3.4243508663e-05 1.3890039641e+04 1.5707963268e+00 -4.4439841288e-01
3.4488739096e-05 1.3890820363e+04 1.5707963268e+00 -4.4757906134e-01
3.4733945176e-05 1.3891607006e+04 1.5707963268e+00 -4.5075935226e-01
3.4979126725e-05 1.3892399578e+04 1.5707963268e+00 -4.5393928297e-01
3.5224283567e-05 1.3893198085e+04 1.5707963268e+00 -4.5711885082e-01
3.5469415524e-05 1.3894002534e+04 1.5707963268e+00 -4.6029805317e-01
3.5714522420e-05 1.3894812931e+04 1.5707963268e+00 -4.6347688735e-01
3.5959604076e-05 1.3895629282e+04 1.5707963268e+00 -4.6665535070e-01
3.6204660316e-05 1.3896451596e+04 1.5707963268e+00 -4.6983344057e-01
3.6449690962e-05 1.3897279879e+04 1.5707963268e+00 -4.7301115430e-01
3.6694695837e-05 1.3898114137e+04 1.5707963268e+00 -4.7618848921e-01
3.6939674764e-05 1.3898954378e+04 1.5707963268e+00 -4.7936544266e-01
3.7184627565e-05 1.3899800609e+04 1.5707963268e+00 -4.8254201196e-01
3.7429554063e-05 1.3900652836e+04 1.5707963268e+00 -4.8571819446e-01
3.7674454081e-05 1.3901511067e+04 1.5707963268e+00 -4.8889398748e-01
3.7919327440e-05 1.3902375308e+04 1.5707963268e+00 -4.9206938835e-01
3.8164173963e-05 1.3903245568e+04 1.5707963268e+00 -4.9524439440e-01
3.8408993473e-05 1.3904121852e+04 1.5707963268e+00 -4.9841900295e-01
3.8653785792e-05 1.3905004170e+04 1.5707963268e+00 -5.0159321133e-01
3.8898550743e-05 1.3905892527e+04 1.5707963268e+00 -5.0476701685e-01
3.9143288147e-05 1.3906786931e+04 1.5707963268e+00 -5.0794041684e-01
3.9387997827e-05 1.3907687389e+04 1.5707963268e+00 -5.1111340861e-01
3.9632679606e-05 1.3908593910e+04 1.5707963268e+00 -5.1428598949e-01
3.9877333305e-05 1.3909506500e+04 1.5707963268e+00 -5.1745815678e-01
4.0121958746e-05 1.3910425167e+04 1.5707963268e+00 -5.2062990779e-01
4.0366555752e-05 1.3911349919e+04 1.5707963268e+00 -5.2380123985e-01
4.0611124145e-05 1.3912280763e+04 1.5707963268e+00 -5.2697215024e-01
4.0855663747e-05 1.3913217707e+04 1.5707963268e+00 -5.3014263629e-01
4.1100174380e-05 1.3914160759e+04 1.5707963268e+00 -5.3331269530e-01
4.1344655865e-05 1.3915109926e+04 1.5707963268e+00 -5.3648232457e-01
4.1589108026e-05 1.3916065216e+04 1.5707963268e+00 -5.3965152140e-01
4.1833530683e-05 1.3917026638e+04 1.5707963268e+00 -5.4282028309e-01
4.2077923659e-05 1.3917994198e+04 1.5707963268e+00 -5.4598860695e-01
4.2322286776e-05 1.3918967906e+04 1.5707963268e+00 -5.4915649025e-01
4.2566619855e-05 1.3919947768e+04 1.5707963268e+00 -5.5232393030e-01
4.2810922717e-05 1.3920933794e+04 1.5707963268e+00 -5.5549092439e-01
4.3055195186e-05 1.3921925990e+04 1.5707963268e+00 -5.5865746981e-01
4.3299437083e-05 1.3922924366e+04 1.5707963268e+00 -5.6182356385e-01
4.3543648228e-05 1.3923928929e+04 1.5707963268e+00 -5.6498920379e-01
4.3787828445e-05 1.3924939688e+04 1.5707963268e+00 -5.6815438692e-01
4.4031977554e-05 1.3925956651e+04 1.5707963268e+00 -5.7131911052e-01
4.4276095378e-05 1.3926979827e+04 1.5707963268e+00 -5.7448337186e-01
4.4520181737e-05 1.3928009223e+04 1.5707963268e+00 -5.7764716824e-01
4.4764236453e-05 1.3929044848e+04 1.5707963268e+00 -5.8081049691e-01
4.5008259347e-05 1.3930086710e+04 1.5707963268e+00 -5.8397335517e-01
4.5252250242e-05 1.3931134819e+04 1.5707963268e+00 -5.8713574027e-01
4.5496208959e-05 1.3932189182e+04 1.5707963268e+00 -5.9029764950e-01
4.5740135318e-05 1.3933249809e+04 1.5707963268e+00 -5.9345908011e-01
4.5984029142e-05 1.3934316707e+04 1.5707963268e+00 -5.9662002938e-01
4.6227890251e-05 1.3935389886e+04 1.5707963268e+00 -5.9978049457e-01
4.6471718467e-05 1.3936469354e+04 1.5707963268e+00 -6.0294047294e-01
4.6715513611e-05 1.3937555120e+04 1.5707963268e+00 -6.0609996175e-01
4.6959275504e-05 1.3938647193e+04 1.5707963268e+00 -6.0925895826e-01
4.7203003968e-05 1.3939745582e+04 1.5707963268e+00 -6.1241745972e-01
4.7446698823e-05 1.3940850296e+04 1.5707963268e+00 -6.1557546340e-01
4.7690359892e-05 1.3941961343e+04 1.5707963268e+00 -6.1873296653e-01
4.7933986994e-05 1.3943078733e+04 1.5707963268e+00 -6.2188996638e-01
4.8177579951e-05 1.3944202474e+04 1.5707963268e+00 -6.2504646019e-01
4.8421138584e-05 1.3945332576e+04 1.5707963268e+00 -6.2820244520e-01
4.8664662714e-05 1.3946469049e+04 1.5707963268e+00 -6.3135791866e-01
4.8908152162e-05 1.3947611900e+04 1.5707963268e+00 -6.3451287781e-01
4.9151606749e-05 1.3948761140e+04 1.5707963268e+00 -6.3766731989e-01
4.9395026295e-05 1.3949916777e+04 1.5707963268e+00 -6.4082124214e-01
4.9638410622e-05 1.3951078822e+04 1.5707963268e+00 -6.4397464179e-01
4.9881759551e-05 1.3952247283e+04 1.5707963268e+00 -6.4712751608e-01
5.0125072902e-05 1.3953422169e+04 1.5707963268e+00 -6.5027986224e-01
5.0368350496e-05 1.3954603491e+04 1.5707963268e+00 -6.5343167749e-01
5.0611592155e-05 1.3955791258e+04 1.5707963268e+00 -6.5658295906e-01
5.0854797697e-05 1.3956985478e+04 1.5707963268e+00 -6.5973370419e-01
5.1097966946e-05 1.3958186163e+04 1.5707963268e+00 -6.6288391008e-01
5.1341099720e-05 1.3959393321e+04 1.5707963268e+00 -6.6603357397e-01
5.1584195841e-05 1.3960606963e+04 1.5707963268e+00 -6.6918269306e-01
5.1827255129e-05 1.3961827097e+04 1.5707963268e+00 -6.7233126458e-01
5.2070277405e-05 1.3963053735e+04 1.5707963268e+00 -6.7547928574e-01
5.2313262489e-05 1.3964286884e+04 1.5707963268e+00 -6.7862675375e-01
5.2556210203e-05 1.3965526556e+04 1.5707963268e+00 -6.8177366583e-01
5.2799120366e-05 1.3966772761e+04 1.5707963268e+00 -6.8492001917e-01
5.3041992799e-05 1.3968025508e+04 1.5707963268e+00 -6.8806581099e-01
5.3284827323e-05 1.3969284807e+04 1.5707963268e+00 -6.9121103848e-01
5.3527623758e-05 1.3970550668e+04 1.5707963268e+00 -6.9435569886e-01
5.3770381924e-05 1.3971823102e+04 1.5707963268e+00 -6.9749978931e-01
5.4013101642e-05 1.3973102118e+04 1.5707963268e+00 -7.0064330704e-01
5.4255782732e-05 1.3974387727e+04 1.5707963268e+00 -7.0378624923e-01
5.4498425014e-05 1.3975679939e+04 1.5707963268e+00 -7.0692861309e-01
5.4741028310e-05 1.3976978765e+04 1.5707963268e+00 -7.1007039579e-01
5.4983592438e-05 1.3978284213e+04 1.5707963268e+00 -7.1321159454e-01
5.5226117220e-05 1.3979596296e+04 1.5707963268e+00 -7.1635220651e-01
5.5468602476e-05 1.3980915023e+04 1.5707963268e+00 -7.1949222889e-01
5.5711048026e-05 1.3982240405e+04 1.5707963268e+00 -7.2263165885e-01
5.5953453690e-05 1.3983572452e+04 1.5707963268e+00 -7.2577049359e-01
5.6195819288e-05 1.3984911175e+04 1.5707963268e+00 -7.2890873027e-01
5.6438144641e-05 1.3986256584e+04 1.5707963268e+00 -7.3204636607e-01
5.6680429569e-05 1.3987608690e+04 1.5707963268e+00 -7.3518339816e-01
5.6922673891e-05 1.3988967503e+04 1.5707963268e+00 -7.3831982371e-01
5.7164877428e-05 1.3990333036e+04 1.5707963268e+00 -7.4145563990e-01
5.7407040001e-05 1.3991705297e+04 1.5707963268e+00 -7.4459084387e-01
5.7649161429e-05 1.3993084298e+04 1.5707963268e+00 -7.4772543281e-01
5.7891241532e-05 1.3994470049e+04 1.5707963268e+00 -7.5085940386e-01
5.8133280130e-05 1.3995862563e+04 1.5707963268e+00 -7.5399275420e-01
5.8375277043e-05 1.3997261849e+04 1.5707963268e+00 -7.5712548097e-01
5.8617232092e-05 1.3998667918e+04 1.5707963268e+00 -7.6025758132e-01
5.8859145097e-05 1.4000080782e+04 1.5707963268e+00 -7.6338905242e-01
5.9101015876e-05 1.4001500452e+04 1.5707963268e+00 -7.6651989141e-01
5.9342844251e-05 1.4002926938e+04 1.5707963268e+00 -7.6965009544e-01
5.9584630042e-05 1.4004360253e+04 1.5707963268e+00 -7.7277966165e-01
5.9826373067e-05 1.4005800406e+04 1.5707963268e+00 -7.7590858719e-01
6.0068073148e-05 1.4007247410e+04 1.5707963268e+00 -7.7903686919e-01
6.0309730104e-05 1.4008701275e+04 1.5707963268e+00 -7.8216450480e-01
6.0551343755e-05 1.4010162013e+04 1.5707963268e+00 -7.8529149116e-01
6.0792913920e-05 1.4011629635e+04 1.5707963268e+00 -7.8841782538e-01
6.1034440421e-05 1.4013104153e+04 1.5707963268e+00 -7.9154350462e-01
6.1275923076e-05 1.4014585578e+04 1.5707963268e+00 -7.9466852599e-01
6.1517361706e-05 1.4016073922e+04 1.5707963268e+00 -7.9779288663e-01
6.1758756130e-05 1.4017569196e+04 1.5707963268e+00 -8.0091658365e-01
6.2000106169e-05 1.4019071412e+04 1.5707963268e+00 -8.0403961418e-01
6.2241411642e-05 1.4020580581e+04 1.5707963268e+00 -8.0716197535e-01
6.2482672368e-05 1.4022096715e+04 1.5707963268e+00 -8.1028366426e-01
6.2723888169e-05 1.4023619826e+04 1.5707963268e+00 -8.1340467804e-01
6.2965058863e-05 1.4025149925e+04 1.5707963268e+00 -8.1652501379e-01
6.3206184270e-05 1.4026687025e+04 1.5707963268e+00 -8.1964466863e-01
6.3447264211e-05 1.4028231137e+04 1.5707963268e+00 -8.2276363967e-01
6.3688298505e-05 1.4029782273e+04 1.5707963268e+00 -8.2588192401e-01
6.3929286971e-05 1.4031340444e+04 1.5707963268e+00 -8.2899951876e-01
6.4170229430e-05 1.4032905664e+04 1.5707963268e+00 -8.3211642102e-01
6.4411125702e-05 1.4034477944e+04 1.5707963268e+00 -8.3523262789e-01
6.4651975606e-05 1.4036057295e+04 1.5707963268e+00 -8.3834813646e-01
6.4892778962e-05 1.4037643731e+04 1.5707963268e+00 -8.4146294384e-01
6.5133535590e-05 1.4039237263e+04 1.5707963268e+00 -8.4457704711e-01
6.5374245310e-05 1.4040837903e+04 1.5707963268e+00 -8.4769044336e-01
6.5614907941e-05 1.4042445664e+04 1.5707963268e+00 -8.5080312968e-01
6.5855523303e-05 1.4044060558e+04 1.5707963268e+00 -8.5391510316e-01
6.6096091217e-05 1.4045682597e+04 1.5707963268e+00 -8.5702636088e-01
6.6336611501e-05 1.4047311794e+04 1.5707963268e+00 -8.6013689992e-01
6.6577083976e-05 1.4048948160e+04 1.5707963268e+00 -8.6324671736e-01
6.6817508461e-05 1.4050591709e+04 1.5707963268e+00 -8.6635581028e-01
6.7057884777e-05 1.4052242453e+04 1.5707963268e+00 -8.6946417575e-01
6.7298212743e-05 1.4053900404e+04 1.5707963268e+00 -8.7257181084e-01
6.7538492179e-05 1.4055565575e+04 1.5707963268e+00 -8.7567871263e-01
6.7778722905e-05 1.4057237979e+04 1.5707963268e+00 -8.7878487817e-01
6.8018904740e-05 1.4058917627e+04 1.5707963268e+00 -8.8189030454e-01
6.8259037505e-05 1.4060604534e+04 1.5707963268e+00 -8.8499498880e-01
6.8499121019e-05 1.4062298711e+04 1.5707963268e+00 -8.8809892801e-01
6.8739155103e-05 1.4064000171e+04 1.5707963268e+00 -8.9120211922e-01
6.8979139575e-05 1.4065708928e+04 1.5707963268e+00 -8.9430455949e-01
6.9219074257e-05 1.4067424994e+04 1.5707963268e+00 -8.9740624588e-01
6.9458958968e-05 1.4069148381e+04 1.5707963268e+00 -9.0050717544e-01
6.9698793527e-05 1.4070879104e+04 1.5707963268e+00 -9.0360734521e-01
6.9938577756e-05 1.4072617174e+04 1.5707963268e+00 -9.0670675224e-01
7.0178311473e-05 1.4074362605e+04 1.5707963268e+00 -9.0980539358e-01
7.0417994499e-05 1.4076115410e+04 1.5707963268e+00 -9.1290326628e-01
7.0657626654e-05 1.4077875602e+04 1.5707963268e+00 -9.1600036735e-01
7.0897207757e-05 1.4079643194e+04 1.5707963268e+00 -9.1909669386e-01
7.1136737629e-05 1.4081418199e+04 1.5707963268e+00 -9.2219224283e-01
7.1376216090e-05 1.4083200631e+04 1.5707963268e+00 -9.2528701129e-01
7.1615642960e-05 1.4084990502e+04 1.5707963268e+00 -9.2838099628e-01
7.1855018059e-05 1.4086787827e+04 1.5707963268e+00 -9.3147419483e-01
7.2094341207e-05 1.4088592618e+04 1.5707963268e+00 -9.3456660395e-01
7.2333612224e-05 1.4090404888e+04 1.5707963268e+00 -9.3765822068e-01
7.2572830931e-05 1.4092224652e+04 1.5707963268e+00 -9.4074904203e-01
7.2811997147e-05 1.4094051923e+04 1.5707963268e+00 -9.4383906504e-01
7.3051110693e-05 1.4095886714e+04 1.5707963268e+00 -9.4692828670e-01
7.3290171388e-05 1.4097729038e+04 1.5707963268e+00 -9.5001670404e-01
7.3529179054e-05 1.4099578910e+04 1.5707963268e+00 -9.5310431408e-01
7.3768133511e-05 1.4101436343e+04 1.5707963268e+00 -9.5619111381e-01
7.4007034578e-05 1.4103301350e+04 1.5707963268e+00 -9.5927710026e-01
7.4245882076e-05 1.4105173946e+04 1.5707963268e+00 -9.6236227042e-01
7.4484675826e-05 1.4107054144e+04 1.5707963268e+00 -9.6544662130e-01
7.4723415648e-05 1.4108941957e+04 1.5707963268e+00 -9.6853014991e-01
7.4962101362e-05 1.4110837400e+04 1.5707963268e+00 -9.7161285323e-01
7.5200732789e-05 1.4112740487e+04 1.5707963268e+00 -9.7469472828e-01
7.5439309749e-05 1.4114651231e+04 1.5707963268e+00 -9.7777577203e-01
7.5677832064e-05 1.4116569646e+04 1.5707963268e+00 -9.8085598150e-01
7.5916299552e-05 1.4118495747e+04 1.5707963268e+00 -9.8393535366e-01
7.6154712036e-05 1.4120429547e+04 1.5707963268e+00 -9.8701388550e-01
7.6393069335e-05 1.4122371060e+04 1.5707963268e+00 -9.9009157402e-01
7.6631371271e-05 1.4124320301e+04 1.5707963268e+00 -9.9316841619e-01
7.6869617664e-05 1.4126277284e+04 1.5707963268e+00 -9.9624440900e-01
7.7107808335e-05 1.4128242022e+04 1.5707963268e+00 -9.9931954943e-01
7.7345943105e-05 1.4130214530e+04 1.5707963268e+00 -1.0023938344e+00
7.7584021794e-05 1.4132194823e+04 1.5707963268e+00 -1.0054672610e+00
7.7822044224e-05 1.4134182914e+04 1.5707963268e+00 -1.0085398262e+00
7.8060010216e-05 1.4136178818e+04 1.5707963268e+00 -1.0116115268e+00
7.8297919589e-05 1.4138182549e+04 1.5707963268e+00 -1.0146823600e+00
7.8535772167e-05 1.4140194122e+04 1.5707963268e+00 -1.0177523225e+00
7.8773567769e-05 1.4142213551e+04 1.5707963268e+00 -1.0208214115e+00
7.9011306216e-05 1.4144240851e+04 1.5707963268e+00 -1.0238896239e+00
7.9248987331e-05 1.4146276036e+04 1.5707963268e+00 -1.0269569566e+00
7.9486610934e-05 1.4148319120e+04 1.5707963268e+00 -1.0300234066e+00
7.9724176846e-05 1.4150370118e+04 1.5707963268e+00 -1.0330889709e+00
7.9961684889e-05 1.4152429046e+04 1.5707963268e+00 -1.0361536464e+00
8.0199134884e-05 1.4154495917e+04 1.5707963268e+00 -1.0392174300e+00
8.0436526654e-05 1.4156570746e+04 1.5707963268e+00 -1.0422803187e+00
8.0673860018e-05 1.4158653549e+04 1.5707963268e+00 -1.0453423095e+00
8.0911134799e-05 1.4160744339e+04 1.5707963268e+00 -1.0484033993e+00
8.1148350819e-05 1.4162843132e+04 1.5707963268e+00 -1.0514635850e+00
8.1385507899e-05 1.4164949942e+04 1.5707963268e+00 -1.0545228637e+00
8.1622605860e-05 1.4167064784e+04 1.5707963268e+00 -1.0575812321e+00
8.1859644526e-05 1.4169187674e+04 1.5707963268e+00 -1.0606386873e+00
8.2096623717e-05 1.4171318627e+04 1.5707963268e+00 -1.0636952262e+00
8.2333543256e-05 1.4173457656e+04 1.5707963268e+00 -1.0667508458e+00
8.2570402964e-05 1.4175604778e+04 1.5707963268e+00 -1.0698055429e+00
8.2807202664e-05 1.4177760007e+04 1.5707963268e+00 -1.0728593145e+00
8.3043942178e-05 1.4179923359e+04 1.5707963268e+00 -1.0759121576e+00
8.3280621328e-05 1.4182094848e+04 1.5707963268e+00 -1.0789640689e+00
8.3517239937e-05 1.4184274490e+04 1.5707963268e+00 -1.0820150456e+00
8.3753797826e-05 1.4186462301e+04 1.5707963268e+00 -1.0850650844e+00
8.3990294819e-05 1.4188658294e+04 1.5707963268e+00 -1.0881141824e+00
8.4226730737e-05 1.4190862487e+04 1.5707963268e+00 -1.0911623364e+00
8.4463105404e-05 1.4193074893e+04 1.5707963268e+00 -1.0942095433e+00
8.4699418641e-05 1.4195295529e+04 1.5707963268e+00 -1.0972558001e+00
8.4935670273e-05 1.4197524409e+04 1.5707963268e+00 -1.1003011036e+00
8.5171860121e-05 1.4199761550e+04 1.5707963268e+00 -1.1033454509e+00
8.5407988008e-05 1.4202006966e+04 1.5707963268e+00 -1.1063888387e+00
8.5644053758e-05 1.4204260674e+04 1.5707963268e+00 -1.1094312640e+00
8.5880057194e-05 1.4206522688e+04 1.5707963268e+00 -1.1124727237e+00
8.6115998139e-05 1.4208793024e+04 1.5707963268e+00 -1.1155132148e+00
8.6351876415e-05 1.4211071699e+04 1.5707963268e+00 -1.1185527340e+00
8.6587691847e-05 1.4213358727e+04 1.5707963268e+00 -1.1215912783e+00
8.6823444258e-05 1.4215654124e+04 1.5707963268e+00 -1.1246288446e+00
8.7059133471e-05 1.4217957906e+04 1.5707963268e+00 -1.1276654299e+00
8.7294759309e-05 1.4220270089e+04 1.5707963268e+00 -1.1307010309e+00
8.7530321598e-05 1.4222590689e+04 1.5707963268e+00 -1.1337356445e+00
8.7765820160e-05 1.4224919720e+04 1.5707963268e+00 -1.1367692678e+00
8.8001254819e-05 1.4227257201e+04 1.5707963268e+00 -1.1398018975e+00
8.8236625399e-05 1.4229603145e+04 1.5707963268e+00 -1.1428335305e+00
8.8471931725e-05 1.4231957569e+04 1.5707963268e+00 -1.1458641637e+00
8.8707173620e-05 1.4234320489e+04 1.5707963268e+00 -1.1488937941e+00
8.8942350909e-05 1.4236691921e+04 1.5707963268e+00 -1.1519224185e+00
8.9177463417e-05 1.4239071881e+04 1.5707963268e+00 -1.1549500337e+00
8.9412510967e-05 1.4241460386e+04 1.5707963268e+00 -1.1579766366e+00
8.9647493384e-05 1.4243857450e+04 1.5707963268e+00 -1.1610022242e+00
8.9882410493e-05 1.4246263091e+04 1.5707963268e+00 -1.1640267933e+00
9.0117262119e-05 1.4248677324e+04 1.5707963268e+00 -1.1670503407e+00
9.0352048087e-05 1.4251100166e+04 1.5707963268e+00 -1.1700728633e+00
9.0586768221e-05 1.4253531632e+04 1.5707963268e+00 -1.1730943581e+00
9.0821422348e-05 1.4255971740e+04 1.5707963268e+00 -1.1761148218e+00
9.1056010291e-05 1.4258420505e+04 1.5707963268e+00 -1.1791342514e+00
9.1290531877e-05 1.4260877944e+04 1.5707963268e+00 -1.1821526436e+00
9.1524986930e-05 1.4263344073e+04 1.5707963268e+00 -1.1851699955e+00
9.1759375278e-05 1.4265818909e+04 1.5707963268e+00 -1.1881863037e+00
9.1993696744e-05 1.4268302467e+04 1.5707963268e+00 -1.1912015652e+00
9.2227951155e-05 1.4270794765e+04 1.5707963268e+00 -1.1942157769e+00
9.2462138338e-05 1.4273295819e+04 1.5707963268e+00 -1.1972289355e+00
9.2696258117e-05 1.4275805645e+04 1.5707963268e+00 -1.2002410380e+00
9.2930310320e-05 1.4278324260e+04 1.5707963268e+00 -1.2032520812e+00
9.3164294773e-05 1.4280851680e+04 1.5707963268e+00 -1.2062620620e+00
9.3398211301e-05 1.4283387923e+04 1.5707963268e+00 -1.2092709771e+00
9.3632059732e-05 1.4285933004e+04 1.5707963268e+00 -1.2122788235e+00
9.3865839892e-05 1.4288486941e+04 1.5707963268e+00 -1.2152855980e+00
9.4099551609e-05 1.4291049750e+04 1.5707963268e+00 -1.2182912975e+00
9.4333194708e-05 1.4293621448e+04 1.5707963268e+00 -1.2212959187e+00
9.4566769018e-05 1.4296202051e+04 1.5707963268e+00 -1.2242994585e+00
9.4800274365e-05 1.4298791577e+04 1.5707963268e+00 -1.2273019138e+00
9.5033710577e-05 1.4301390042e+04 1.5707963268e+00 -1.2303032814e+00
9.5267077482e-05 1.4303997464e+04 1.5707963268e+00 -1.2333035582e+00
9.5500374906e-05 1.4306613858e+04 1.5707963268e+00 -1.2363027410e+00
9.5733602678e-05 1.4309239242e+04 1.5707963268e+00 -1.2393008265e+00
9.5966760626e-05 1.4311873633e+04 1.5707963268e+00 -1.2422978117e+00
9.6199848578e-05 1.4314517048e+04 1.5707963268e+00 -1.2452936935e+00
9.6432866362e-05 1.4317169504e+04 1.5707963268e+00 -1.2482884685e+00
9.6665813806e-05 1.4319831018e+04 1.5707963268e+00 -1.2512821336e+00
9.6898690739e-05 1.4322501606e+04 1.5707963268e+00 -1.2542746858e+00
9.7131496990e-05 1.4325181287e+04 1.5707963268e+00 -1.2572661217e+00
9.7364232387e-05 1.4327870077e+04 1.5707963268e+00 -1.2602564383e+00
9.7596896760e-05 1.4330567993e+04 1.5707963268e+00 -1.2632456323e+00
9.7829489937e-05 1.4333275053e+04 1.5707963268e+00 -1.2662337006e+00
9.8062011748e-05 1.4335991273e+04 1.5707963268e+00 -1.2692206400e+00
9.8294462023e-05 1.4338716671e+04 1.5707963268e+00 -1.2722064474e+00
9.8526840590e-05 1.4341451265e+04 1.5707963268e+00 -1.2751911195e+00
9.8759147280e-05 1.4344195071e+04 1.5707963268e+00 -1.2781746531e+00
9.8991381923e-05 1.4346948107e+04 1.5707963268e+00 -1.2811570451e+00
9.9223544348e-05 1.4349710390e+04 1.5707963268e+00 -1.2841382923e+00
9.9455634386e-05 1.4352481937e+04 1.5707963268e+00 -1.2871183916e+00
9.9687651868e-05 1.4355262767e+04 1.5707963268e+00 -1.2900973396e+00
9.9919596624e-05 1.4358052896e+04 1.5707963268e+00 -1.2930751333e+00
1.0015146848e-04 1.4360852342e+04 1.5707963268e+00 -1.2960517695e+00
1.0038326728e-04 1.4363661122e+04 1.5707963268e+00 -1.2990272449e+00
1.0061499284e-04 1.4366479254e+04 1.5707963268e+00 -1.3020015564e+00
1.0084664500e-04 1.4369306756e+04 1.5707963268e+00 -1.3049747008e+00
1.0107822360e-04 1.4372143644e+04 1.5707963268e+00 -1.3079466749e+00
1.0130972845e-04 1.4374989937e+04 1.5707963268e+00 -1.3109174755e+00
1.0154115939e-04 1.4377845652e+04 1.5707963268e+00 -1.3138870994e+00
1.0177251626e-04 1.4380710807e+04 1.5707963268e+00 -1.3168555434e+00
1.0200379889e-04 1.4383585420e+04 1.5707963268e+00 -1.3198228043e+00
1.0223500711e-04 1.4386469507e+04 1.5707963268e+00 -1.3227888790e+00
1.0246614075e-04 1.4389363088e+04 1.5707963268e+00 -1.3257537642e+00
1.0269719964e-04 1.4392266179e+04 1.5707963268e+00 -1.3287174567e+00
1.0292818362e-04 1.4395178798e+04 1.5707963268e+00 -1.3316799534e+00
1.0315909253e-04 1.4398100964e+04 1.5707963268e+00 -1.3346412510e+00
1.0338992619e-04 1.4401032694e+04 1.5707963268e+00 -1.3376013464e+00
1.0362068443e-04 1.4403974006e+04 1.5707963268e+00 -1.3405602362e+00
1.0385136710e-04 1.4406924917e+04 1.5707963268e+00 -1.3435179174e+00
1.0408197402e-04 1.4409885447e+04 1.5707963268e+00 -1.3464743868e+00
1.0431250504e-04 1.4412855611e+04 1.5707963268e+00 -1.3494296411e+00
1.0454295997e-04 1.4415835430e+04 1.5707963268e+00 -1.3523836771e+00
1.0477333867e-04 1.4418824919e+04 1.5707963268e+00 -1.3553364916e+00
1.0500364096e-04 1.4421824099e+04 1.5707963268e+00 -1.3582880814e+00
1.0523386667e-04 1.4424832985e+04 1.5707963268e+00 -1.3612384434e+00
1.0546401566e-04 1.4427851598e+04 1.5707963268e+00 -1.3641875742e+00
1.0569408773e-04 1.4430879953e+04 1.5707963268e+00 -1.3671354708e+00
1.0592408275e-04 1.4433918071e+04 1.5707963268e+00 -1.3700821298e+00
1.0615400053e-04 1.4436965968e+04 1.5707963268e+00 -1.3730275482e+00
1.0638384092e-04 1.4440023664e+04 1.5707963268e+00 -1.3759717226e+00
1.0661360375e-04 1.4443091175e+04 1.5707963268e+00 -1.3789146499e+00
1.0684328886e-04 1.4446168521e+04 1.5707963268e+00 -1.3818563268e+00
1.0707289609e-04 1.4449255719e+04 1.5707963268e+00 -1.3847967502e+00
1.0730242527e-04 1.4452352787e+04 1.5707963268e+00 -1.3877359168e+00
1.0753187624e-04 1.4455459745e+04 1.5707963268e+00 -1.3906738235e+00
1.0776124883e-04 1.4458576610e+04 1.5707963268e+00 -1.3936104670e+00
1.0799054289e-04 1.4461703400e+04 1.5707963268e+00 -1.3965458441e+00
1.0821975825e-04 1.4464840134e+04 1.5707963268e+00 -1.3994799516e+00
1.0844889475e-04 1.4467986830e+04 1.5707963268e+00 -1.4024127863e+00
1.0867795223e-04 1.4471143506e+04 1.5707963268e+00 -1.4053443450e+00
1.0890693052e-04 1.4474310181e+04 1.5707963268e+00 -1.4082746244e+00
1.0913582947e-04 1.4477486874e+04 1.5707963268e+00 -1.4112036214e+00
1.0936464892e-04 1.4480673602e+04 1.5707963268e+00 -1.4141313327e+00
1.0959338870e-04 1.4483870384e+04 1.5707963268e+00 -1.4170577552e+00
1.0982204865e-04 1.4487077238e+04 1.5707963268e+00 -1.4199828855e+00
1.1005062861e-04 1.4490294184e+04 1.5707963268e+00 -1.4229067206e+00
1.1027912843e-04 1.4493521239e+04 1.5707963268e+00 -1.4258292572e+00
1.1050754794e-04 1.4496758421e+04 1.5707963268e+00 -1.4287504920e+00
1.1073588698e-04 1.4500005751e+04 1.5707963268e+00 -1.4316704219e+00
1.1096414540e-04 1.4503263245e+04 1.5707963268e+00 -1.4345890436e+00
1.1119232303e-04 1.4506530923e+04 1.5707963268e+00 -1.4375063540e+00
1.1142041972e-04 1.4509808802e+04 1.5707963268e+00 -1.4404223498e+00
1.1164843530e-04 1.4513096903e+04 1.5707963268e+00 -1.4433370278e+00
1.1187636962e-04 1.4516395243e+04 1.5707963268e+00 -1.4462503848e+00
1.1210422253e-04 1.4519703841e+04 1.5707963268e+00 -1.4491624176e+00
1.1233199385e-04 1.4523022716e+04 1.5707963268e+00 -1.4520731230e+00
1.1255968344e-04 1.4526351886e+04 1.5707963268e+00 -1.4549824977e+00
1.1278729114e-04 1.4529691370e+04 1.5707963268e+00 -1.4578905386e+00
1.1301481680e-04 1.4533041186e+04 1.5707963268e+00 -1.4607972423e+00
1.1324226024e-04 1.4536401355e+04 1.5707963268e+00 -1.4637026059e+00
1.1346962133e-04 1.4539771893e+04 1.5707963268e+00 -1.4666066259e+00
1.1369689989e-04 1.4543152820e+04 1.5707963268e+00 -1.4695092992e+00
1.1392409578e-04 1.4546544155e+04 1.5707963268e+00 -1.4724106226e+00
1.1415120884e-04 1.4549945917e+04 1.5707963268e+00 -1.4753105929e+00
1.1437823892e-04 1.4553358123e+04 1.5707963268e+00 -1.4782092068e+00
1.1460518585e-04 1.4556780794e+04 1.5707963268e+00 -1.4811064612e+00
1.1483204949e-04 1.4560213948e+04 1.5707963268e+00 -1.4840023529e+00
1.1505882968e-04 1.4563657604e+04 1.5707963268e+00 -1.4868968785e+00
1.1528552627e-04 1.4567111780e+04 1.5707963268e+00 -1.4897900350e+00
1.1551213910e-04 1.4570576496e+04 1.5707963268e+00 -1.4926818192e+00
1.1573866802e-04 1.4574051770e+04 1.5707963268e+00 -1.4955722277e+00
1.1596511287e-04 1.4577537622e+04 1.5707963268e+00 -1.4984612574e+00
1.1619147350e-04 1.4581034070e+04 1.5707963268e+00 -1.5013489051e+00
1.1641774976e-04 1.4584541133e+04 1.5707963268e+00 -1.5042351676e+00
1.1664394150e-04 1.4588058831e+04 1.5707963268e+00 -1.5071200417e+00
1.1687004856e-04 1.4591587181e+04 1.5707963268e+00 -1.5100035241e+00
1.1709607079e-04 1.4595126204e+04 1.5707963268e+00 -1.5128856117e+00
1.1732200805e-04 1.4598675918e+04 1.5707963268e+00 -1.5157663013e+00
1.1754786017e-04 1.4602236342e+04 1.5707963268e+00 -1.5186455896e+00
1.1777362701e-04 1.4605807495e+04 1.5707963268e+00 -1.5215234735e+00
1.1799930842e-04 1.4609389396e+04 1.5707963268e+00 -1.5243999498e+00
1.1822490424e-04 1.4612982064e+04 1.5707963268e+00 -1.5272750152e+00
1.1845041433e-04 1.4616585519e+04 1.5707963268e+00 -1.5301486666e+00
1.1867583854e-04 1.4620199779e+04 1.5707963268e+00 -1.5330209007e+00
1.1890117672e-04 1.4623824864e+04 1.5707963268e+00 -1.5358917144e+00
1.1912642871e-04 1.4627460792e+04 1.5707963268e+00 -1.5387611045e+00
1.1935159437e-04 1.4631107583e+04 1.5707963268e+00 -1.5416290677e+00
1.1957667356e-04 1.4634765255e+04 1.5707963268e+00 -1.5444956009e+00
1.1980166611e-04 1.4638433828e+04 1.5707963268e+00 -1.5473607008e+00
1.2002657189e-04 1.4642113322e+04 1.5707963268e+00 -1.5502243644e+00
1.2025139075e-04 1.4645803754e+04 1.5707963268e+00 -1.5530865883e+00
1.2047612254e-04 1.4649505145e+04 1.5707963268e+00 -1.5559473694e+00
1.2070076711e-04 1.4653217513e+04 1.5707963268e+00 -1.5588067045e+00
1.2092532431e-04 1.4656940878e+04 1.5707963268e+00 -1.5616645905e+00
1.2114979401e-04 1.4660675258e+04 1.5707963268e+00 -1.5645210241e+00
1.2137417604e-04 1.4664420674e+04 1.5707963268e+00 -1.5673760021e+00
1.2159847028e-04 1.4668177144e+04 1.5707963268e+00 -1.5702295213e+00
1.2182267657e-04 1.4671944687e+04 1.5707963268e+00 -1.5730815787e+00
1.2204679477e-04 1.4675723323e+04 1.5707963268e+00 -1.5759321709e+00
1.2227082473e-04 1.4679513071e+04 1.5707963268e+00 -1.5787812949e+00
1.2249476631e-04 1.4683313950e+04 1.5707963268e+00 -1.5816289474e+00
1.2271861936e-04 1.4687125979e+04 1.5707963268e+00 -1.5844751252e+00
1.2294238374e-04 1.4690949178e+04 1.5707963268e+00 -1.5873198252e+00
1.2316605932e-04 1.4694783566e+04 1.5707963268e+00 -1.5901630442e+00
1.2338964593e-04 1.4698629162e+04 1.5707963268e+00 -1.5930047790e+00
1.2361314345e-04 1.4702485986e+04 1.5707963268e+00 -1.5958450264e+00
1.2383655173e-04 1.4706354056e+04 1.5707963268e+00 -1.5986837833e+00
1.2405987063e-04 1.4710233392e+04 1.5707963268e+00 -1.6015210466e+00
1.2428310001e-04 1.4714124013e+04 1.5707963268e+00 -1.6043568130e+00
1.2450623972e-04 1.4718025939e+04 1.5707963268e+00 -1.6071910793e+00
1.2472928962e-04 1.4721939189e+04 1.5707963268e+00 -1.6100238424e+00
1.2495224958e-04 1.4725863782e+04 1.5707963268e+00 -1.6128550992e+00
1.2517511945e-04 1.4729799738e+04 1.5707963268e+00 -1.6156848465e+00
1.2539789910e-04 1.4733747075e+04 1.5707963268e+00 -1.6185130811e+00
1.2562058839e-04 1.4737705813e+04 1.5707963268e+00 -1.6213397999e+00
1.2584318716e-04 1.4741675973e+04 1.5707963268e+00 -1.6241649996e+00
1.2606569530e-04 1.4745657571e+04 1.5707963268e+00 -1.6269886772e+00
1.2628811266e-04 1.4749650629e+04 1.5707963268e+00 -1.6298108295e+00
1.2651043909e-04 1.4753655166e+04 1.5707963268e+00 -1.6326314534e+00
1.2673267447e-04 1.4757671200e+04 1.5707963268e+00 -1.6354505456e+00
1.2695481866e-04 1.4761698752e+04 1.5707963268e+00 -1.6382681031e+00
1.2717687152e-04 1.4765737840e+04 1.5707963268e+00 -1.6410841228e+00
1.2739883291e-04 1.4769788484e+04 1.5707963268e+00 -1.6438986013e+00
1.2762070270e-04 1.4773850704e+04 1.5707963268e+00 -1.6467115357e+00
1.2784248075e-04 1.4777924518e+04 1.5707963268e+00 -1.6495229228e+00
1.2806416692e-04 1.4782009946e+04 1.5707963268e+00 -1.6523327595e+00
1.2828576109e-04 1.4786107007e+04 1.5707963268e+00 -1.6551410425e+00
1.2850726312e-04 1.4790215721e+04 1.5707963268e+00 -1.6579477688e+00
1.2872867286e-04 1.4794336107e+04 1.5707963268e+00 -1.6607529353e+00
1.2894999020e-04 1.4798468185e+04 1.5707963268e+00 -1.6635565388e+00
1.2917121499e-04 1.4802611974e+04 1.5707963268e+00 -1.6663585762e+00
1.2939234711e-04 1.4806767492e+04 1.5707963268e+00 -1.6691590444e+00
1.2961338642e-04 1.4810934761e+04 1.5707963268e+00 -1.6719579403e+00
1.2983433278e-04 1.4815113798e+04 1.5707963268e+00 -1.6747552606e+00
1.3005518607e-04 1.4819304624e+04 1.5707963268e+00 -1.6775510024e+00
1.3027594616e-04 1.4823507257e+04 1.5707963268e+00 -1.6803451626e+00
1.3049661291e-04 1.4827721717e+04 1.5707963268e+00 -1.6831377379e+00
1.3071718619e-04 1.4831948024e+04 1.5707963268e+00 -1.6859287253e+00
1.3093766588e-04 1.4836186197e+04 1.5707963268e+00 -1.6887181216e+00
1.3115805184e-04 1.4840436255e+04 1.5707963268e+00 -1.6915059239e+00
1.3137834395e-04 1.4844698217e+04 1.5707963268e+00 -1.6942921290e+00
1.3159854207e-04 1.4848972103e+04 1.5707963268e+00 -1.6970767337e+00
1.3181864608e-04 1.4853257933e+04 1.5707963268e+00 -1.6998597350e+00
1.3203865585e-04 1.4857555725e+04 1.5707963268e+00 -1.7026411298e+00
1.3225857125e-04 1.4861865499e+04 1.5707963268e+00 -1.7054209150e+00
1.3247839215e-04 1.4866187275e+04 1.5707963268e+00 -1.7081990876e+00
1.3269811843e-04 1.4870521071e+04 1.5707963268e+00 -1.7109756443e+00
1.3291774996e-04 1.4874866907e+04 1.5707963268e+00 -1.7137505823e+00
1.3313728662e-04 1.4879224803e+04 1.5707963268e+00 -1.7165238983e+00
1.3335672827e-04 1.4883594778e+04 1.5707963268e+00 -1.7192955893e+00
1.3357607480e-04 1.4887976850e+04 1.5707963268e+00 -1.7220656522e+00
1.3379532608e-04 1.4892371040e+04 1.5707963268e+00 -1.7248340840e+00
1.3401448198e-04 1.4896777367e+04 1.5707963268e+00 -1.7276008816e+00
1.3423354239e-04 1.4901195849e+04 1.5707963268e+00 -1.7303660419e+00
1.3445250717e-04 1.4905626507e+04 1.5707963268e+00 -1.7331295619e+00
1.3467137621e-04 1.4910069360e+04 1.5707963268e+00 -1.7358914385e+00
1.3489014937e-04 1.4914524427e+04 1.5707963268e+00 -1.7386516686e+00
1.3510882655e-04 1.4918991727e+04 1.5707963268e+00 -1.7414102493e+00
1.3532740762e-04 1.4923471279e+04 1.5707963268e+00 -1.7441671774e+00
1.3554589245e-04 1.4927963104e+04 1.5707963268e+00 -1.7469224500e+00
1.3576428093e-04 1.4932467219e+04 1.5707963268e+00 -1.7496760639e+00
1.3598257294e-04 1.4936983645e+04 1.5707963268e+00 -1.7524280162e+00
1.3620076835e-04 1.4941512401e+04 1.5707963268e+00 -1.7551783038e+00
1.3641886704e-04 1.4946053506e+04 1.5707963268e+00 -1.7579269236e+00
1.3663686891e-04 1.4950606979e+04 1.5707963268e+00 -1.7606738727e+00
1.3685477382e-04 1.4955172839e+04 1.5707963268e+00 -1.7634191480e+00
1.3707258166e-04 1.4959751106e+04 1.5707963268e+00 -1.7661627466e+00
1.3729029231e-04 1.4964341799e+04 1.5707963268e+00 -1.7689046653e+00
1.3750790566e-04 1.4968944937e+04 1.5707963268e+00 -1.7716449012e+00
1.3772542159e-04 1.4973560539e+04 1.5707963268e+00 -1.7743834513e+00
1.3794283998e-04 1.4978188625e+04 1.5707963268e+00 -1.7771203125e+00
1.3816016072e-04 1.4982829214e+04 1.5707963268e+00 -1.7798554819e+00
1.3837738368e-04 1.4987482324e+04 1.5707963268e+00 -1.7825889564e+00
1.3859450877e-04 1.4992147976e+04 1.5707963268e+00 -1.7853207332e+00
1.3881153585e-04 1.4996826188e+04 1.5707963268e+00 -1.7880508090e+00
1.3902846482e-04 1.5001516979e+04 1.5707963268e+00 -1.7907791811e+00
1.3924529556e-04 1.5006220369e+04 1.5707963268e+00 -1.7935058464e+00
1.3946202797e-04 1.5010936376e+04 1.5707963268e+00 -1.7962308020e+00
1.3967866192e-04 1.5015665020e+04 1.5707963268e+00 -1.7989540448e+00
1.3989519731e-04 1.5020406320e+04 1.5707963268e+00 -1.8016755718e+00
1.4011163402e-04 1.5025160295e+04 1.5707963268e+00 -1.8043953802e+00
1.4032797194e-04 1.5029926964e+04 1.5707963268e+00 -1.8071134670e+00
1.4054421097e-04 1.5034706346e+04 1.5707963268e+00 -1.8098298291e+00
1.4076035098e-04 1.5039498460e+04 1.5707963268e+00 -1.8125444637e+00
1.4097639188e-04 1.5044303326e+04 1.5707963268e+00 -1.8152573678e+00
1.4119233355e-04 1.5049120961e+04 1.5707963268e+00 -1.8179685384e+00
1.4140817588e-04 1.5053951386e+04 1.5707963268e+00 -1.8206779726e+00
1.4162391877e-04 1.5058794619e+04 1.5707963268e+00 -1.8233856675e+00
1.4183956210e-04 1.5063650679e+04 1.5707963268e+00 -1.8260916201e+00
1.4205510577e-04 1.5068519586e+04 1.5707963268e+00 -1.8287958276e+00
1.4227054968e-04 1.5073401357e+04 1.5707963268e+00 -1.8314982869e+00
1.4248589371e-04 1.5078296013e+04 1.5707963268e+00 -1.8341989951e+00
1.4270113776e-04 1.5083203572e+04 1.5707963268e+00 -1.8368979495e+00
1.4291628172e-04 1.5088124052e+04 1.5707963268e+00 -1.8395951469e+00
1.4313132550e-04 1.5093057474e+04 1.5707963268e+00 -1.8422905846e+00
1.4334626897e-04 1.5098003855e+04 1.5707963268e+00 -1.8449842596e+00
1.4356111205e-04 1.5102963214e+04 1.5707963268e+00 -1.8476761690e+00
1.4377585463e-04 1.5107935571e+04 1.5707963268e+00 -1.8503663100e+00
1.4399049660e-04 1.5112920945e+04 1.5707963268e+00 -1.8530546796e+00
1.4420503786e-04 1.5117919353e+04 1.5707963268e+00 -1.8557412750e+00
1.4441947831e-04 1.5122930815e+04 1.5707963268e+00 -1.8584260932e+00
1.4463381785e-04 1.5127955349e+04 1.5707963268e+00 -1.8611091315e+00
1.4484805637e-04 1.5132992975e+04 1.5707963268e+00 -1.8637903869e+00
1.4506219378e-04 1.5138043711e+04 1.5707963268e+00 -1.8664698566e+00
1.4527622998e-04 1.5143107576e+04 1.5707963268e+00 -1.8691475377e+00
1.4549016486e-04 1.5148184589e+04 1.5707963268e+00 -1.8718234274e+00
1.4570399833e-04 1.5153274767e+04 1.5707963268e+00 -1.8744975228e+00
1.4591773029e-04 1.5158378131e+04 1.5707963268e+00 -1.8771698210e+00
1.4613136064e-04 1.5163494698e+04 1.5707963268e+00 -1.8798403193e+00
1.4634488928e-04 1.5168624487e+04 1.5707963268e+00 -1.8825090148e+00
1.4655831612e-04 1.5173767517e+04 1.5707963268e+00 -1.8851759047e+00
1.4677164106e-04 1.5178923806e+04 1.5707963268e+00 -1.8878409861e+00
1.4698486400e-04 1.5184093373e+04 1.5707963268e+00 -1.8905042562e+00
1.4719798484e-04 1.5189276236e+04 1.5707963268e+00 -1.8931657122e+00
1.4741100351e-04 1.5194472414e+04 1.5707963268e+00 -1.8958253514e+00
1.4762391988e-04 1.5199681926e+04 1.5707963268e+00 -1.8984831708e+00
1.4783673389e-04 1.5204904790e+04 1.5707963268e+00 -1.9011391677e+00
1.4804944542e-04 1.5210141024e+04 1.5707963268e+00 -1.9037933394e+00
1.4826205439e-04 1.5215390646e+04 1.5707963268e+00 -1.9064456830e+00
1.4847456071e-04 1.5220653676e+04 1.5707963268e+00 -1.9090961957e+00
1.4868696428e-04 1.5225930132e+04 1.5707963268e+00 -1.9117448748e+00
1.4889926502e-04 1.5231220032e+04 1.5707963268e+00 -1.9143917175e+00
1.4911146282e-04 1.5236523393e+04 1.5707963268e+00 -1.9170367210e+00
1.4932355761e-04 1.5241840236e+04 1.5707963268e+00 -1.9196798826e+00
1.4953554928e-04 1.5247170577e+04 1.5707963268e+00 -1.9223211995e+00
1.4974743776e-04 1.5252514436e+04 1.5707963268e+00 -1.9249606689e+00
1.4995922295e-04 1.5257871829e+04 1.5707963268e+00 -1.9275982882e+00
1.5017090477e-04 1.5263242777e+04 1.5707963268e+00 -1.9302340546e+00
1.5038248312e-04 1.5268627296e+04 1.5707963268e+00 -1.9328679654e+00
1.5059395792e-04 1.5274025406e+04 1.5707963268e+00 -1.9355000177e+00
1.5080532909e-04 1.5279437123e+04 1.5707963268e+00 -1.9381302090e+00
1.5101659653e-04 1.5284862467e+04 1.5707963268e+00 -1.9407585365e+00
1.5122776017e-04 1.5290301455e+04 1.5707963268e+00 -1.9433849975e+00
1.5143881991e-04 1.5295754105e+04 1.5707963268e+00 -1.9460095893e+00
1.5164977567e-04 1.5301220436e+04 1.5707963268e+00 -1.9486323092e+00
1.5186062737e-04 1.5306700465e+04 1.5707963268e+00 -1.9512531545e+00
1.5207137492e-04 1.5312194211e+04 1.5707963268e+00 -1.9538721225e+00
1.5228201825e-04 1.5317701691e+04 1.5707963268e+00 -1.9564892106e+00
1.5249255726e-04 1.5323222923e+04 1.5707963268e+00 -1.9591044160e+00
1.5270299188e-04 1.5328757925e+04 1.5707963268e+00 -1.9617177361e+00
1.5291332203e-04 1.5334306716e+04 1.5707963268e+00 -1.9643291683e+00
1.5312354762e-04 1.5339869312e+04 1.5707963268e+00 -1.9669387099e+00
1.5333366858e-04 1.5345445733e+04 1.5707963268e+00 -1.9695463583e+00
1.5354368482e-04 1.5351035994e+04 1.5707963268e+00 -1.9721521107e+00
1.5375359627e-04 1.5356640115e+04 1.5707963268e+00 -1.9747559646e+00
1.5396340284e-04 1.5362258113e+04 1.5707963268e+00 -1.9773579174e+00
1.5417310447e-04 1.5367890006e+04 1.5707963268e+00 -1.9799579664e+00
1.5438270106e-04 1.5373535811e+04 1.5707963268e+00 -1.9825561091e+00
1.5459219255e-04 1.5379195546e+04 1.5707963268e+00 -1.9851523427e+00
1.5480157886e-04 1.5384869228e+04 1.5707963268e+00 -1.9877466647e+00
1.5501085991e-04 1.5390556876e+04 1.5707963268e+00 -1.9903390726e+00
1.5522003563e-04 1.5396258506e+04 1.5707963268e+00 -1.9929295636e+00
1.5542910594e-04 1.5401974137e+04 1.5707963268e+00 -1.9955181353e+00
1.5563807077e-04 1.5407703785e+04 1.5707963268e+00 -1.9981047851e+00
1.5584693004e-04 1.5413447468e+04 1.5707963268e+00 -2.0006895104e+00
1.5605568369e-04 1.5419205204e+04 1.5707963268e+00 -2.0032723086e+00
1.5626433163e-04 1.5424977009e+04 1.5707963268e+00 -2.0058531771e+00
1.5647287380e-04 1.5430762902e+04 1.5707963268e+00 -2.0084321135e+00
1.5668131012e-04 1.5436562900e+04 1.5707963268e+00 -2.0110091152e+00
1.5688964053e-04 1.5442377019e+04 1.5707963268e+00 -2.0135841797e+00
1.5709786495e-04 1.5448205277e+04 1.5707963268e+00 -2.0161573043e+00
1.5730598332e-04 1.5454047692e+04 1.5707963268e+00 -2.0187284867e+00
1.5751399556e-04 1.5459904280e+04 1.5707963268e+00 -2.0212977242e+00
1.5772190161e-04 1.5465775059e+04 1.5707963268e+00 -2.0238650145e+00
1.5792970139e-04 1.5471660045e+04 1.5707963268e+00 -2.0264303549e+00
1.5813739485e-04 1.5477559256e+04 1.5707963268e+00 -2.0289937430e+00
1.5834498191e-04 1.5483472709e+04 1.5707963268e+00 -2.0315551763e+00
1.5855246251e-04 1.5489400421e+04 1.5707963268e+00 -2.0341146524e+00
1.5875983657e-04 1.5495342409e+04 1.5707963268e+00 -2.0366721687e+00
1.5896710404e-04 1.5501298689e+04 1.5707963268e+00 -2.0392277228e+00
1.5917426486e-04 1.5507269279e+04 1.5707963268e+00 -2.0417813122e+00
1.5938131895e-04 1.5513254195e+04 1.5707963268e+00 -2.0443329345e+00
1.5958826625e-04 1.5519253455e+04 1.5707963268e+00 -2.0468825872e+00
1.5979510670e-04 1.5525267075e+04 1.5707963268e+00 -2.0494302680e+00
1.6000184024e-04 1.5531295071e+04 1.5707963268e+00 -2.0519759743e+00
1.6020846681e-04 1.5537337462e+04 1.5707963268e+00 -2.0545197038e+00
1.6041498634e-04 1.5543394262e+04 1.5707963268e+00 -2.0570614540e+00
1.6062139877e-04 1.5549465489e+04 1.5707963268e+00 -2.0596012226e+00
1.6082770405e-04 1.5555551159e+04 1.5707963268e+00 -2.0621390071e+00
1.6103390210e-04 1.5561651290e+04 1.5707963268e+00 -2.0646748051e+00
1.6123999289e-04 1.5567765897e+04 1.5707963268e+00 -2.0672086143e+00
1.6144597633e-04 1.5573894996e+04 1.5707963268e+00 -2.0697404323e+00
1.6165185239e-04 1.5580038606e+04 1.5707963268e+00 -2.0722702568e+00
1.6185762099e-04 1.5586196741e+04 1.5707963268e+00 -2.0747980853e+00
1.6206328209e-04 1.5592369418e+04 1.5707963268e+00 -2.0773239155e+00
1.6226883563e-04 1.5598556653e+04 1.5707963268e+00 -2.0798477451e+00
1.6247428154e-04 1.5604758463e+04 1.5707963268e+00 -2.0823695717e+00
1.6267961979e-04 1.5610974865e+04 1.5707963268e+00 -2.0848893930e+00
1.6288485030e-04 1.5617205873e+04 1.5707963268e+00 -2.0874072067e+00
1.6308997303e-04 1.5623451505e+04 1.5707963268e+00 -2.0899230104e+00
1.6329498793e-04 1.5629711776e+04 1.5707963268e+00 -2.0924368019e+00
1.6349989493e-04 1.5635986702e+04 1.5707963268e+00 -2.0949485789e+00
1.6370469400e-04 1.5642276300e+04 1.5707963268e+00 -2.0974583390e+00
1.6390938507e-04 1.5648580586e+04 1.5707963268e+00 -2.0999660801e+00
1.6411396809e-04 1.5654899574e+04 1.5707963268e+00 -2.1024717997e+00
1.6431844302e-04 1.5661233283e+04 1.5707963268e+00 -2.1049754957e+00
1.6452280981e-04 1.5667581726e+04 1.5707963268e+00 -2.1074771658e+00
1.6472706840e-04 1.5673944920e+04 1.5707963268e+00 -2.1099768078e+00
1.6493121875e-04 1.5680322881e+04 1.5707963268e+00 -2.1124744193e+00
1.6513526081e-04 1.5686715625e+04 1.5707963268e+00 -2.1149699982e+00
1.6533919453e-04 1.5693123167e+04 1.5707963268e+00 -2.1174635423e+00
1.6554301986e-04 1.5699545522e+04 1.5707963268e+00 -2.1199550493e+00
1.6574673676e-04 1.5705982707e+04 1.5707963268e+00 -2.1224445170e+00
1.6595034518e-04 1.5712434737e+04 1.5707963268e+00 -2.1249319432e+00
1.6615384508e-04 1.5718901627e+04 1.5707963268e+00 -2.1274173257e+00
1.6635723640e-04 1.5725383393e+04 1.5707963268e+00 -2.1299006624e+00
1.6656051911e-04 1.5731880050e+04 1.5707963268e+00 -2.1323819511e+00
1.6676369317e-04 1.5738391614e+04 1.5707963268e+00 -2.1348611896e+00
1.6696675852e-04 1.5744918100e+04 1.5707963268e+00 -2.1373383757e+00
1.6716971514e-04 1.5751459523e+04 1.5707963268e+00 -2.1398135073e+00
1.6737256296e-04 1.5758015899e+04 1.5707963268e+00 -2.1422865822e+00
1.6757530196e-04 1.5764587242e+04 1.5707963268e+00 -2.1447575984e+00
1.6777793209e-04 1.5771173568e+04 1.5707963268e+00 -2.1472265537e+00
1.6798045332e-04 1.5777774892e+04 1.5707963268e+00 -2.1496934459e+00
1.6818286560e-04 1.5784391229e+04 1.5707963268e+00 -2.1521582730e+00
1.6838516889e-04 1.5791022594e+04 1.5707963268e+00 -2.1546210329e+00
1.6858736315e-04 1.5797669001e+04 1.5707963268e+00 -2.1570817235e+00
1.6878944836e-04 1.5804330466e+04 1.5707963268e+00 -2.1595403426e+00
1.6899142446e-04 1.5811007004e+04 1.5707963268e+00 -2.1619968883e+00
1.6919329142e-04 1.5817698629e+04 1.5707963268e+00 -2.1644513585e+00
1.6939504922e-04 1.5824405357e+04 1.5707963268e+00 -2.1669037510e+00
1.6959669780e-04 1.5831127201e+04 1.5707963268e+00 -2.1693540640e+00
1.6979823714e-04 1.5837864176e+04 1.5707963268e+00 -2.1718022952e+00
1.6999966720e-04 1.5844616298e+04 1.5707963268e+00 -2.1742484428e+00
1.7020098795e-04 1.5851383580e+04 1.5707963268e+00 -2.1766925046e+00
1.7040219935e-04 1.5858166037e+04 1.5707963268e+00 -2.1791344787e+00
1.7060330137e-04 1.5864963684e+04 1.5707963268e+00 -2.1815743631e+00
1.7080429398e-04 1.5871776535e+04 1.5707963268e+00 -2.1840121558e+00
1.7100517715e-04 1.5878604604e+04 1.5707963268e+00 -2.1864478547e+00
1.7120595085e-04 1.5885447906e+04 1.5707963268e+00 -2.1888814580e+00
1.7140661504e-04 1.5892306454e+04 1.5707963268e+00 -2.1913129636e+00
1.7160716970e-04 1.5899180264e+04 1.5707963268e+00 -2.1937423695e+00
1.7180761479e-04 1.5906069349e+04 1.5707963268e+00 -2.1961696740e+00
1.7200795029e-04 1.5912973723e+04 1.5707963268e+00 -2.1985948749e+00
1.7220817618e-04 1.5919893400e+04 1.5707963268e+00 -2.2010179705e+00
1.7240829241e-04 1.5926828395e+04 1.5707963268e+00 -2.2034389586e+00
1.7260829897e-04 1.5933778721e+04 1.5707963268e+00 -2.2058578376e+00
1.7280819582e-04 1.5940744392e+04 1.5707963268e+00 -2.2082746053e+00
1.7300798295e-04 1.5947725422e+04 1.5707963268e+00 -2.2106892601e+00
1.7320766033e-04 1.5954721824e+04 1.5707963268e+00 -2.2131017999e+00
1.7340722793e-04 1.5961733613e+04 1.5707963268e+00 -2.2155122229e+00
1.7360668573e-04 1.5968760803e+04 1.5707963268e+00 -2.2179205272e+00
1.7380603370e-04 1.5975803406e+04 1.5707963268e+00 -2.2203267110e+00
1.7400527182e-04 1.5982861436e+04 1.5707963268e+00 -2.2227307724e+00
1.7420440008e-04 1.5989934907e+04 1.5707963268e+00 -2.2251327097e+00
1.7440341844e-04 1.5997023832e+04 1.5707963268e+00 -2.2275325209e+00
1.7460232688e-04 1.6004128225e+04 1.5707963268e+00 -2.2299302042e+00
1.7480112539e-04 1.6011248099e+04 1.5707963268e+00 -2.2323257579e+00
1.7499981395e-04 1.6018383468e+04 1.5707963268e+00 -2.2347191801e+00
1.7519839253e-04 1.6025534343e+04 1.5707963268e+00 -2.2371104691e+00
1.7539686112e-04 1.6032700740e+04 1.5707963268e+00 -2.2394996231e+00
1.7559521970e-04 1.6039882670e+04 1.5707963268e+00 -2.2418866403e+00
1.7579346824e-04 1.6047080148e+04 1.5707963268e+00 -2.2442715189e+00
1.7599160674e-04 1.6054293185e+04 1.5707963268e+00 -2.2466542572e+00
1.7618963518e-04 1.6061521795e+04 1.5707963268e+00 -2.2490348535e+00
1.7638755353e-04 1.6068765991e+04 1.5707963268e+00 -2.2514133060e+00
1.7658536179e-04 1.6076025785e+04 1.5707963268e+00 -2.2537896130e+00
1.7678305994e-04 1.6083301191e+04 1.5707963268e+00 -2.2561637728e+00
1.7698064796e-04 1.6090592221e+04 1.5707963268e+00 -2.2585357837e+00
1.7717812584e-04 1.6097898887e+04 1.5707963268e+00 -2.2609056440e+00
1.7737549357e-04 1.6105221204e+04 1.5707963268e+00 -2.2632733520e+00
1.7757275114e-04 1.6112559182e+04 1.5707963268e+00 -2.2656389060e+00
1.7776989853e-04 1.6119912834e+04 1.5707963268e+00 -2.2680023044e+00
1.7796693572e-04 1.6127282174e+04 1.5707963268e+00 -2.2703635456e+00
1.7816386272e-04 1.6134667212e+04 1.5707963268e+00 -2.2727226278e+00
1.7836067951e-04 1.6142067963e+04 1.5707963268e+00 -2.2750795495e+00
1.7855738607e-04 1.6149484437e+04 1.5707963268e+00 -2.2774343090e+00
1.7875398241e-04 1.6156916648e+04 1.5707963268e+00 -2.2797869047e+00
1.7895046850e-04 1.6164364606e+04 1.5707963268e+00 -2.2821373350e+00
1.7914684435e-04 1.6171828325e+04 1.5707963268e+00 -2.2844855983e+00
1.7934310994e-04 1.6179307816e+04 1.5707963268e+00 -2.2868316931e+00
1.7953926527e-04 1.6186803092e+04 1.5707963268e+00 -2.2891756177e+00
1.7973531033e-04 1.6194314164e+04 1.5707963268e+00 -2.2915173706e+00
1.7993124511e-04 1.6201841044e+04 1.5707963268e+00 -2.2938569502e+00
1.8012706962e-04 1.6209383744e+04 1.5707963268e+00 -2.2961943551e+00
1.8032278384e-04 1.6216942276e+04 1.5707963268e+00 -2.2985295836e+00
1.8051838776e-04 1.6224516650e+04 1.5707963268e+00 -2.3008626342e+00
1.8071388140e-04 1.6232106880e+04 1.5707963268e+00 -2.3031935055e+00
1.8090926474e-04 1.6239712976e+04 1.5707963268e+00 -2.3055221958e+00
1.8110453777e-04 1.6247334951e+04 1.5707963268e+00 -2.3078487039e+00
1.8129970051e-04 1.6254972814e+04 1.5707963268e+00 -2.3101730280e+00
1.8149475294e-04 1.6262626579e+04 1.5707963268e+00 -2.3124951668e+00
1.8168969507e-04 1.6270296255e+04 1.5707963268e+00 -2.3148151189e+00
1.8188452689e-04 1.6277981855e+04 1.5707963268e+00 -2.3171328827e+00
1.8207924841e-04 1.6285683389e+04 1.5707963268e+00 -2.3194484568e+00
1.8227385962e-04 1.6293400869e+04 1.5707963268e+00 -2.3217618398e+00
1.8246836053e-04 1.6301134305e+04 1.5707963268e+00 -2.3240730303e+00
1.8266275113e-04 1.6308883710e+04 1.5707963268e+00 -2.3263820268e+00
1.8285703144e-04 1.6316649092e+04 1.5707963268e+00 -2.3286888280e+00
1.8305120145e-04 1.6324430465e+04 1.5707963268e+00 -2.3309934324e+00
1.8324526117e-04 1.6332227837e+04 1.5707963268e+00 -2.3332958387e+00
1.8343921060e-04 1.6340041221e+04 1.5707963268e+00 -2.3355960455e+00
1.8363304974e-04 1.6347870627e+04 1.5707963268e+00 -2.3378940515e+00
1.8382677861e-04 1.6355716064e+04 1.5707963268e+00 -2.3401898552e+00
1.8402039719e-04 1.6363577545e+04 1.5707963268e+00 -2.3424834554e+00
1.8421390551e-04 1.6371455079e+04 1.5707963268e+00 -2.3447748508e+00
1.8440730357e-04 1.6379348678e+04 1.5707963268e+00 -2.3470640400e+00
1.8460059138e-04 1.6387258350e+04 1.5707963268e+00 -2.3493510216e+00
1.8479376893e-04 1.6395184107e+04 1.5707963268e+00 -2.3516357945e+00
1.8498683625e-04 1.6403125958e+04 1.5707963268e+00 -2.3539183573e+00
1.8517979334e-04 1.6411083915e+04 1.5707963268e+00 -2.3561987088e+00
1.8537264020e-04 1.6419057987e+04 1.5707963268e+00 -2.3584768476e+00
1.8556537686e-04 1.6427048184e+04 1.5707963268e+00 -2.3607527726e+00
1.8575800332e-04 1.6435054515e+04 1.5707963268e+00 -2.3630264824e+00
1.8595051958e-04 1.6443076992e+04 1.5707963268e+00 -2.3652979759e+00
1.8614292567e-04 1.6451115624e+04 1.5707963268e+00 -2.3675672518e+00
1.8633522159e-04 1.6459170421e+04 1.5707963268e+00 -2.3698343089e+00
1.8652740736e-04 1.6467241392e+04 1.5707963268e+00 -2.3720991460e+00
1.8671948299e-04 1.6475328547e+04 1.5707963268e+00 -2.3743617620e+00
1.8691144849e-04 1.6483431896e+04 1.5707963268e+00 -2.3766221556e+00
1.8710330387e-04 1.6491551448e+04 1.5707963268e+00 -2.3788803256e+00
1.8729504916e-04 1.6499687212e+04 1.5707963268e+00 -2.3811362709e+00
1.8748668437e-04 1.6507839199e+04 1.5707963268e+00 -2.3833899904e+00
1.8767820950e-04 1.6516007417e+04 1.5707963268e+00 -2.3856414829e+00
1.8786962459e-04 1.6524191876e+04 1.5707963268e+00 -2.3878907473e+00
1.8806092964e-04 1.6532392585e+04 1.5707963268e+00 -2.3901377825e+00
1.8825212468e-04 1.6540609553e+04 1.5707963268e+00 -2.3923825873e+00
1.8844320971e-04 1.6548842788e+04 1.5707963268e+00 -2.3946251606e+00
1.8863418476e-04 1.6557092301e+04 1.5707963268e+00 -2.3968655015e+00
1.8882504985e-04 1.6565358100e+04 1.5707963268e+00 -2.3991036088e+00
1.8901580500e-04 1.6573640194e+04 1.5707963268e+00 -2.4013394814e+00
1.8920645023e-04 1.6581938592e+04 1.5707963268e+00 -2.4035731182e+00
1.8939698555e-04 1.6590253302e+04 1.5707963268e+00 -2.4058045184e+00
1.8958741099e-04 1.6598584333e+04 1.5707963268e+00 -2.4080336807e+00
1.8977772656e-04 1.6606931694e+04 1.5707963268e+00 -2.4102606042e+00
1.8996793230e-04 1.6615295393e+04 1.5707963268e+00 -2.4124852879e+00
1.9015802823e-04 1.6623675439e+04 1.5707963268e+00 -2.4147077308e+00
1.9034801436e-04 1.6632071841e+04 1.5707963268e+00 -2.4169279319e+00
1.9053789072e-04 1.6640484605e+04 1.5707963268e+00 -2.4191458902e+00
1.9072765733e-04 1.6648913742e+04 1.5707963268e+00 -2.4213616047e+00
1.9091731422e-04 1.6657359258e+04 1.5707963268e+00 -2.4235750745e+00
1.9110686142e-04 1.6665821162e+04 1.5707963268e+00 -2.4257862987e+00
1.9129629894e-04 1.6674299463e+04 1.5707963268e+00 -2.4279952762e+00
1.9148562682e-04 1.6682794168e+04 1.5707963268e+00 -2.4302020063e+00
1.9167484508e-04 1.6691305284e+04 1.5707963268e+00 -2.4324064879e+00
1.9186395375e-04 1.6699832821e+04 1.5707963268e+00 -2.4346087201e+00
1.9205295286e-04 1.6708376786e+04 1.5707963268e+00 -2.4368087022e+00
1.9224184243e-04 1.6716937185e+04 1.5707963268e+00 -2.4390064331e+00
1.9243062249e-04 1.6725514028e+04 1.5707963268e+00 -2.4412019121e+00
1.9261929307e-04 1.6734107322e+04 1.5707963268e+00 -2.4433951382e+00
1.9280785420e-04 1.6742717074e+04 1.5707963268e+00 -2.4455861106e+00
1.9299630591e-04 1.6751343292e+04 1.5707963268e+00 -2.4477748285e+00
1.9318464824e-04 1.6759985983e+04 1.5707963268e+00 -2.4499612911e+00
1.9337288120e-04 1.6768645154e+04 1.5707963268e+00 -2.4521454975e+00
1.9356100484e-04 1.6777320812e+04 1.5707963268e+00 -2.4543274469e+00
1.9374901919e-04 1.6786012966e+04 1.5707963268e+00 -2.4565071385e+00
1.9393692427e-04 1.6794721621e+04 1.5707963268e+00 -2.4586845716e+00
1.9412472012e-04 1.6803446786e+04 1.5707963268e+00 -2.4608597454e+00
1.9431240678e-04 1.6812188466e+04 1.5707963268e+00 -2.4630326591e+00
1.9449998428e-04 1.6820946669e+04 1.5707963268e+00 -2.4652033119e+00
1.9468745265e-04 1.6829721402e+04 1.5707963268e+00 -2.4673717032e+00
1.9487481192e-04 1.6838512671e+04 1.5707963268e+00 -2.4695378322e+00
1.9506206214e-04 1.6847320483e+04 1.5707963268e+00 -2.4717016981e+00
1.9524920334e-04 1.6856144845e+04 1.5707963268e+00 -2.4738633004e+00
1.9543623555e-04 1.6864985763e+04 1.5707963268e+00 -2.4760226382e+00
1.9562315881e-04 1.6873843244e+04 1.5707963268e+00 -2.4781797108e+00
1.9580997316e-04 1.6882717294e+04 1.5707963268e+00 -2.4803345177e+00
1.9599667864e-04 1.6891607919e+04 1.5707963268e+00 -2.4824870582e+00
1.9618327528e-04 1.6900515127e+04 1.5707963268e+00 -2.4846373315e+00
1.9636976312e-04 1.6909438922e+04 1.5707963268e+00 -2.4867853371e+00
1.9655614221e-04 1.6918379311e+04 1.5707963268e+00 -2.4889310743e+00
1.9674241258e-04 1.6927336301e+04 1.5707963268e+00 -2.4910745425e+00
1.9692857427e-04 1.6936309897e+04 1.5707963268e+00 -2.4932157412e+00
1.9711462732e-04 1.6945300105e+04 1.5707963268e+00 -2.4953546696e+00
1.9730057177e-04 1.6954306930e+04 1.5707963268e+00 -2.4974913272e+00
1.9748640768e-04 1.6963330380e+04 1.5707963268e+00 -2.4996257135e+00
1.9767213506e-04 1.6972370459e+04 1.5707963268e+00 -2.5017578278e+00
1.9785775398e-04 1.6981427173e+04 1.5707963268e+00 -2.5038876696e+00
1.9804326447e-04 1.6990500528e+04 1.5707963268e+00 -2.5060152384e+00
1.9822866657e-04 1.6999590529e+04 1.5707963268e+00 -2.5081405336e+00
1.9841396033e-04 1.7008697181e+04 1.5707963268e+00 -2.5102635548e+00
1.9859914580e-04 1.7017820491e+04 1.5707963268e+00 -2.5123843013e+00
1.9878422301e-04 1.7026960462e+04 1.5707963268e+00 -2.5145027728e+00
1.9896919202e-04 1.7036117101e+04 1.5707963268e+00 -2.5166189687e+00
1.9915405286e-04 1.7045290413e+04 1.5707963268e+00 -2.5187328885e+00
1.9933880559e-04 1.7054480403e+04 1.5707963268e+00 -2.5208445317e+00
1.9952345025e-04 1.7063687075e+04 1.5707963268e+00 -2.5229538980e+00
1.9970798689e-04 1.7072910435e+04 1.5707963268e+00 -2.5250609869e+00
1.9989241555e-04 1.7082150487e+04 1.5707963268e+00 -2.5271657978e+00
2.0007673628e-04 1.7091407237e+04 1.5707963268e+00 -2.5292683305e+00
2.0026094914e-04 1.7100680688e+04 1.5707963268e+00 -2.5313685845e+00
2.0044505416e-04 1.7109970847e+04 1.5707963268e+00 -2.5334665593e+00
2.0062905141e-04 1.7119277716e+04 1.5707963268e+00 -2.5355622547e+00
2.0081294092e-04 1.7128601301e+04 1.5707963268e+00 -2.5376556702e+00
2.0099672275e-04 1.7137941607e+04 1.5707963268e+00 -2.5397468054e+00
2.0118039695e-04 1.7147298637e+04 1.5707963268e+00 -2.5418356600e+00
2.0136396357e-04 1.7156672396e+04 1.5707963268e+00 -2.5439222336e+00
2.0154742266e-04 1.7166062888e+04 1.5707963268e+00 -2.5460065260e+00
2.0173077427e-04 1.7175470118e+04 1.5707963268e+00 -2.5480885367e+00
2.0191401845e-04 1.7184894089e+04 1.5707963268e+00 -2.5501682655e+00
2.0209715526e-04 1.7194334805e+04 1.5707963268e+00 -2.5522457120e+00
2.0228018476e-04 1.7203792271e+04 1.5707963268e+00 -2.5543208761e+00
2.0246310698e-04 1.7213266489e+04 1.5707963268e+00 -2.5563937572e+00
2.0264592200e-04 1.7222757465e+04 1.5707963268e+00 -2.5584643553e+00
2.0282862985e-04 1.7232265202e+04 1.5707963268e+00 -2.5605326701e+00
2.0301123060e-04 1.7241789702e+04 1.5707963268e+00 -2.5625987012e+00
2.0319372430e-04 1.7251330971e+04 1.5707963268e+00 -2.5646624485e+00
2.0337611101e-04 1.7260889012e+04 1.5707963268e+00 -2.5667239117e+00
2.0355839078e-04 1.7270463827e+04 1.5707963268e+00 -2.5687830906e+00
2.0374056367e-04 1.7280055421e+04 1.5707963268e+00 -2.5708399851e+00
2.0392262973e-04 1.7289663796e+04 1.5707963268e+00 -2.5728945948e+00
2.0410458903e-04 1.7299288956e+04 1.5707963268e+00 -2.5749469196e+00
2.0428644161e-04 1.7308930905e+04 1.5707963268e+00 -2.5769969594e+00
2.0446818755e-04 1.7318589644e+04 1.5707963268e+00 -2.5790447139e+00
2.0464982689e-04 1.7328265178e+04 1.5707963268e+00 -2.5810901831e+00
2.0483135970e-04 1.7337957508e+04 1.5707963268e+00 -2.5831333668e+00
2.0501278603e-04 1.7347666639e+04 1.5707963268e+00 -2.5851742648e+00
2.0519410594e-04 1.7357392573e+04 1.5707963268e+00 -2.5872128770e+00
2.0537531950e-04 1.7367135312e+04 1.5707963268e+00 -2.5892492033e+00
2.0555642676e-04 1.7376894859e+04 1.5707963268e+00 -2.5912832437e+00
2.0573742778e-04 1.7386671217e+04 1.5707963268e+00 -2.5933149980e+00
2.0591832264e-04 1.7396464389e+04 1.5707963268e+00 -2.5953444661e+00
2.0609911138e-04 1.7406274376e+04 1.5707963268e+00 -2.5973716480e+00
2.0627979406e-04 1.7416101181e+04 1.5707963268e+00 -2.5993965436e+00
2.0646037076e-04 1.7425944807e+04 1.5707963268e+00 -2.6014191528e+00
2.0664084154e-04 1.7435805256e+04 1.5707963268e+00 -2.6034394757e+00
2.0682120645e-04 1.7445682529e+04 1.5707963268e+00 -2.6054575122e+00
2.0700146556e-04 1.7455576630e+04 1.5707963268e+00 -2.6074732623e+00
2.0718161894e-04 1.7465487559e+04 1.5707963268e+00 -2.6094867260e+00
2.0736166664e-04 1.7475415320e+04 1.5707963268e+00 -2.6114979033e+00
2.0754160874e-04 1.7485359914e+04 1.5707963268e+00 -2.6135067942e+00
2.0772144529e-04 1.7495321342e+04 1.5707963268e+00 -2.6155133987e+00
2.0790117637e-04 1.7505299606e+04 1.5707963268e+00 -2.6175177169e+00
2.0808080204e-04 1.7515294709e+04 1.5707963268e+00 -2.6195197488e+00
2.0826032237e-04 1.7525306652e+04 1.5707963268e+00 -2.6215194945e+00
2.0843973741e-04 1.7535335435e+04 1.5707963268e+00 -2.6235169540e+00
2.0861904724e-04 1.7545381062e+04 1.5707963268e+00 -2.6255121275e+00
2.0879825193e-04 1.7555443533e+04 1.5707963268e+00 -2.6275050149e+00
2.0897735155e-04 1.7565522849e+04 1.5707963268e+00 -2.6294956165e+00
2.0915634615e-04 1.7575619012e+04 1.5707963268e+00 -2.6314839323e+00
2.0933523581e-04 1.7585732023e+04 1.5707963268e+00 -2.6334699624e+00
2.0951402060e-04 1.7595861882e+04 1.5707963268e+00 -2.6354537071e+00
2.0969270059e-04 1.7606008592e+04 1.5707963268e+00 -2.6374351663e+00
2.0987127585e-04 1.7616172153e+04 1.5707963268e+00 -2.6394143403e+00
2.1004974644e-04 1.7626352566e+04 1.5707963268e+00 -2.6413912293e+00
2.1022811243e-04 1.7636549832e+04 1.5707963268e+00 -2.6433658333e+00
2.1040637390e-04 1.7646763951e+04 1.5707963268e+00 -2.6453381527e+00
2.1058453092e-04 1.7656994924e+04 1.5707963268e+00 -2.6473081875e+00
2.1076258356e-04 1.7667242753e+04 1.5707963268e+00 -2.6492759380e+00
2.1094053189e-04 1.7677507436e+04 1.5707963268e+00 -2.6512414044e+00
2.1111837598e-04 1.7687788976e+04 1.5707963268e+00 -2.6532045869e+00
2.1129611590e-04 1.7698087372e+04 1.5707963268e+00 -2.6551654858e+00
2.1147375173e-04 1.7708402624e+04 1.5707963268e+00 -2.6571241013e+00
2.1165128353e-04 1.7718734734e+04 1.5707963268e+00 -2.6590804337e+00
2.1182871139e-04 1.7729083700e+04 1.5707963268e+00 -2.6610344832e+00
2.1200603537e-04 1.7739449524e+04 1.5707963268e+00 -2.6629862500e+00
2.1218325556e-04 1.7749832206e+04 1.5707963268e+00 -2.6649357346e+00
2.1236037201e-04 1.7760231744e+04 1.5707963268e+00 -2.6668829372e+00
2.1253738482e-04 1.7770648140e+04 1.5707963268e+00 -2.6688278580e+00
2.1271429405e-04 1.7781081393e+04 1.5707963268e+00 -2.6707704974e+00
2.1289109977e-04 1.7791531503e+04 1.5707963268e+00 -2.6727108558e+00
2.1306780207e-04 1.7801998470e+04 1.5707963268e+00 -2.6746489334e+00
2.1324440101e-04 1.7812482293e+04 1.5707963268e+00 -2.6765847307e+00
2.1342089669e-04 1.7822982971e+04 1.5707963268e+00 -2.6785182479e+00
2.1359728916e-04 1.7833500506e+04 1.5707963268e+00 -2.6804494854e+00
2.1377357851e-04 1.7844034895e+04 1.5707963268e+00 -2.6823784437e+00
2.1394976482e-04 1.7854586138e+04 1.5707963268e+00 -2.6843051231e+00
2.1412584816e-04 1.7865154235e+04 1.5707963268e+00 -2.6862295239e+00
2.1430182861e-04 1.7875739184e+04 1.5707963268e+00 -2.6881516467e+00
2.1447770624e-04 1.7886340986e+04 1.5707963268e+00 -2.6900714917e+00
2.1465348115e-04 1.7896959638e+04 1.5707963268e+00 -2.6919890596e+00
2.1482915340e-04 1.7907595141e+04 1.5707963268e+00 -2.6939043506e+00
2.1500472307e-04 1.7918247492e+04 1.5707963268e+00 -2.6958173652e+00
2.1518019025e-04 1.7928916692e+04 1.5707963268e+00 -2.6977281039e+00
2.1535555501e-04 1.7939602738e+04 1.5707963268e+00 -2.6996365672e+00
2.1553081743e-04 1.7950305630e+04 1.5707963268e+00 -2.7015427554e+00
2.1570597760e-04 1.7961025366e+04 1.5707963268e+00 -2.7034466692e+00
2.1588103558e-04 1.7971761945e+04 1.5707963268e+00 -2.7053483090e+00
2.1605599148e-04 1.7982515366e+04 1.5707963268e+00 -2.7072476753e+00
2.1623084535e-04 1.7993285626e+04 1.5707963268e+00 -2.7091447686e+00
2.1640559730e-04 1.8004072725e+04 1.5707963268e+00 -2.7110395895e+00
2.1658024739e-04 1.8014876660e+04 1.5707963268e+00 -2.7129321385e+00
2.1675479571e-04 1.8025697430e+04 1.5707963268e+00 -2.7148224161e+00
2.1692924235e-04 1.8036535034e+04 1.5707963268e+00 -2.7167104229e+00
2.1710358738e-04 1.8047389469e+04 1.5707963268e+00 -2.7185961594e+00
2.1727783088e-04 1.8058260733e+04 1.5707963268e+00 -2.7204796262e+00
2.1745197295e-04 1.8069148825e+04 1.5707963268e+00 -2.7223608239e+00
2.1762601366e-04 1.8080053742e+04 1.5707963268e+00 -2.7242397532e+00
2.1779995309e-04 1.8090975482e+04 1.5707963268e+00 -2.7261164145e+00
2.1797379134e-04 1.8101914044e+04 1.5707963268e+00 -2.7279908085e+00
2.1814752848e-04 1.8112869425e+04 1.5707963268e+00 -2.7298629359e+00
2.1832116461e-04 1.8123841622e+04 1.5707963268e+00 -2.7317327972e+00
2.1849469979e-04 1.8134830633e+04 1.5707963268e+00 -2.7336003931e+00
2.1866813413e-04 1.8145836456e+04 1.5707963268e+00 -2.7354657242e+00
2.1884146770e-04 1.8156859088e+04 1.5707963268e+00 -2.7373287913e+00
2.1901470059e-04 1.8167898527e+04 1.5707963268e+00 -2.7391895949e+00
2.1918783289e-04 1.8178954770e+04 1.5707963268e+00 -2.7410481358e+00
2.1936086468e-04 1.8190027815e+04 1.5707963268e+00 -2.7429044146e+00
2.1953379604e-04 1.8201117658e+04 1.5707963268e+00 -2.7447584320e+00
2.1970662708e-04 1.8212224296e+04 1.5707963268e+00 -2.7466101888e+00
2.1987935786e-04 1.8223347728e+04 1.5707963268e+00 -2.7484596856e+00
2.2005198848e-04 1.8234487949e+04 1.5707963268e+00 -2.7503069232e+00
2.2022451903e-04 1.8245644957e+04 1.5707963268e+00 -2.7521519023e+00
2.2039694959e-04 1.8256818749e+04 1.5707963268e+00 -2.7539946237e+00
2.2056928025e-04 1.8268009321e+04 1.5707963268e+00 -2.7558350880e+00
2.2074151110e-04 1.8279216670e+04 1.5707963268e+00 -2.7576732962e+00
2.2091364223e-04 1.8290440794e+04 1.5707963268e+00 -2.7595092488e+00
2.2108567373e-04 1.8301681688e+04 1.5707963268e+00 -2.7613429468e+00
2.2125760568e-04 1.8312939350e+04 1.5707963268e+00 -2.7631743909e+00
2.2142943818e-04 1.8324213775e+04 1.5707963268e+00 -2.7650035818e+00
2.2160117131e-04 1.8335504961e+04 1.5707963268e+00 -2.7668305205e+00
2.2177280516e-04 1.8346812903e+04 1.5707963268e+00 -2.7686552077e+00
2.2194433982e-04 1.8358137598e+04 1.5707963268e+00 -2.7704776442e+00
2.2211577539e-04 1.8369479042e+04 1.5707963268e+00 -2.7722978310e+00
2.2228711195e-04 1.8380837231e+04 1.5707963268e+00 -2.7741157687e+00
2.2245834960e-04 1.8392212162e+04 1.5707963268e+00 -2.7759314583e+00
2.2262948842e-04 1.8403603831e+04 1.5707963268e+00 -2.7777449006e+00
2.2280052850e-04 1.8415012233e+04 1.5707963268e+00 -2.7795560966e+00
2.2297146995e-04 1.8426437364e+04 1.5707963268e+00 -2.7813650470e+00
2.2314231284e-04 1.8437879221e+04 1.5707963268e+00 -2.7831717528e+00
2.2331305727e-04 1.8449337800e+04 1.5707963268e+00 -2.7849762148e+00
2.2348370333e-04 1.8460813095e+04 1.5707963268e+00 -2.7867784340e+00
2.2365425111e-04 1.8472305102e+04 1.5707963268e+00 -2.7885784113e+00
2.2382470071e-04 1.8483813818e+04 1.5707963268e+00 -2.7903761476e+00
2.2399505222e-04 1.8495339238e+04 1.5707963268e+00 -2.7921716438e+00
2.2416530573e-04 1.8506881357e+04 1.5707963268e+00 -2.7939649009e+00
2.2433546133e-04 1.8518440171e+04 1.5707963268e+00 -2.7957559198e+00
2.2450551913e-04 1.8530015675e+04 1.5707963268e+00 -2.7975447014e+00
2.2467547920e-04 1.8541607865e+04 1.5707963268e+00 -2.7993312468e+00
2.2484534164e-04 1.8553216735e+04 1.5707963268e+00 -2.8011155570e+00
2.2501510656e-04 1.8564842282e+04 1.5707963268e+00 -2.8028976328e+00
2.2518477404e-04 1.8576484499e+04 1.5707963268e+00 -2.8046774753e+00
2.2535434417e-04 1.8588143382e+04 1.5707963268e+00 -2.8064550854e+00
2.2552381705e-04 1.8599818927e+04 1.5707963268e+00 -2.8082304643e+00
2.2569319278e-04 1.8611511127e+04 1.5707963268e+00 -2.8100036129e+00
2.2586247145e-04 1.8623219979e+04 1.5707963268e+00 -2.8117745322e+00
2.2603165316e-04 1.8634945476e+04 1.5707963268e+00 -2.8135432232e+00
2.2620073799e-04 1.8646687614e+04 1.5707963268e+00 -2.8153096871e+00
2.2636972605e-04 1.8658446388e+04 1.5707963268e+00 -2.8170739248e+00
2.2653861743e-04 1.8670221791e+04 1.5707963268e+00 -2.8188359374e+00
2.2670741223e-04 1.8682013819e+04 1.5707963268e+00 -2.8205957260e+00
2.2687611055e-04 1.8693822465e+04 1.5707963268e+00 -2.8223532917e+00
2.2704471247e-04 1.8705647726e+04 1.5707963268e+00 -2.8241086355e+00
2.2721321810e-04 1.8717489594e+04 1.5707963268e+00 -2.8258617585e+00
2.2738162753e-04 1.8729348064e+04 1.5707963268e+00 -2.8276126618e+00
2.2754994086e-04 1.8741223131e+04 1.5707963268e+00 -2.8293613466e+00
2.2771815818e-04 1.8753114789e+04 1.5707963268e+00 -2.8311078139e+00
2.2788627960e-04 1.8765023032e+04 1.5707963268e+00 -2.8328520649e+00
2.2805430521e-04 1.8776947854e+04 1.5707963268e+00 -2.8345941006e+00
2.2822223511e-04 1.8788889249e+04 1.5707963268e+00 -2.8363339224e+00
2.2839006939e-04 1.8800847211e+04 1.5707963268e+00 -2.8380715312e+00
2.2855780816e-04 1.8812821734e+04 1.5707963268e+00 -2.8398069282e+00
2.2872545150e-04 1.8824812813e+04 1.5707963268e+00 -2.8415401146e+00
2.2889299953e-04 1.8836820440e+04 1.5707963268e+00 -2.8432710916e+00
2.2906045233e-04 1.8848844609e+04 1.5707963268e+00 -2.8449998604e+00
2.2922781001e-04 1.8860885315e+04 1.5707963268e+00 -2.8467264221e+00
2.2939507267e-04 1.8872942551e+04 1.5707963268e+00 -2.8484507780e+00
2.2956224040e-04 1.8885016310e+04 1.5707963268e+00 -2.8501729291e+00
2.2972931330e-04 1.8897106586e+04 1.5707963268e+00 -2.8518928768e+00
2.2989629147e-04 1.8909213373e+04 1.5707963268e+00 -2.8536106223e+00
2.3006317502e-04 1.8921336664e+04 1.5707963268e+00 -2.8553261668e+00
2.3022996403e-04 1.8933476452e+04 1.5707963268e+00 -2.8570395115e+00
2.3039665862e-04 1.8945632731e+04 1.5707963268e+00 -2.8587506576e+00
2.3056325888e-04 1.8957805493e+04 1.5707963268e+00 -2.8604596065e+00
2.3072976490e-04 1.8969994733e+04 1.5707963268e+00 -2.8621663593e+00
2.3089617680e-04 1.8982200443e+04 1.5707963268e+00 -2.8638709174e+00
2.3106249466e-04 1.8994422616e+04 1.5707963268e+00 -2.8655732819e+00
2.3122871860e-04 1.9006661245e+04 1.5707963268e+00 -2.8672734543e+00
2.3139484871e-04 1.9018916324e+04 1.5707963268e+00 -2.8689714357e+00
2.3156088509e-04 1.9031187845e+04 1.5707963268e+00 -2.8706672274e+00
2.3172682784e-04 1.9043475801e+04 1.5707963268e+00 -2.8723608308e+00
2.3189267707e-04 1.9055780185e+04 1.5707963268e+00 -2.8740522472e+00
2.3205843287e-04 1.9068100990e+04 1.5707963268e+00 -2.8757414779e+00
2.3222409535e-04 1.9080438207e+04 1.5707963268e+00 -2.8774285241e+00
2.3238966461e-04 1.9092791831e+04 1.5707963268e+00 -2.8791133873e+00
2.3255514074e-04 1.9105161854e+04 1.5707963268e+00 -2.8807960688e+00
2.3272052386e-04 1.9117548268e+04 1.5707963268e+00 -2.8824765699e+00
2.3288581406e-04 1.9129951065e+04 1.5707963268e+00 -2.8841548920e+00
2.3305101144e-04 1.9142370238e+04 1.5707963268e+00 -2.8858310364e+00
2.3321611611e-04 1.9154805780e+04 1.5707963268e+00 -2.8875050044e+00
2.3338112816e-04 1.9167257683e+04 1.5707963268e+00 -2.8891767976e+00
2.3354604771e-04 1.9179725938e+04 1.5707963268e+00 -2.8908464172e+00
2.3371087486e-04 1.9192210539e+04 1.5707963268e+00 -2.8925138646e+00
2.3387560970e-04 1.9204711477e+04 1.5707963268e+00 -2.8941791412e+00
2.3404025233e-04 1.9217228745e+04 1.5707963268e+00 -2.8958422485e+00
2.3420480287e-04 1.9229762334e+04 1.5707963268e+00 -2.8975031878e+00
2.3436926142e-04 1.9242312237e+04 1.5707963268e+00 -2.8991619606e+00
2.3453362807e-04 1.9254878446e+04 1.5707963268e+00 -2.9008185682e+00
2.3469790293e-04 1.9267460952e+04 1.5707963268e+00 -2.9024730122e+00
2.3486208611e-04 1.9280059747e+04 1.5707963268e+00 -2.9041252938e+00
2.3502617770e-04 1.9292674823e+04 1.5707963268e+00 -2.9057754147e+00
2.3519017782e-04 1.9305306172e+04 1.5707963268e+00 -2.9074233762e+00
2.3535408656e-04 1.9317953786e+04 1.5707963268e+00 -2.9090691797e+00
2.3551790403e-04 1.9330617656e+04 1.5707963268e+00 -2.9107128269e+00
2.3568163033e-04 1.9343297774e+04 1.5707963268e+00 -2.9123543190e+00
2.3584526557e-04 1.9355994131e+04 1.5707963268e+00 -2.9139936576e+00
2.3600880984e-04 1.9368706719e+04 1.5707963268e+00 -2.9156308442e+00
2.3617226327e-04 1.9381435529e+04 1.5707963268e+00 -2.9172658803e+00
2.3633562594e-04 1.9394180553e+04 1.5707963268e+00 -2.9188987673e+00
2.3649889796e-04 1.9406941782e+04 1.5707963268e+00 -2.9205295068e+00
2.3666207945e-04 1.9419719207e+04 1.5707963268e+00 -2.9221581003e+00
2.3682517049e-04 1.9432512820e+04 1.5707963268e+00 -2.9237845492e+00
2.3698817121e-04 1.9445322612e+04 1.5707963268e+00 -2.9254088552e+00
2.3715108169e-04 1.9458148573e+04 1.5707963268e+00 -2.9270310196e+00
2.3731390205e-04 1.9470990696e+04 1.5707963268e+00 -2.9286510442e+00
2.3747663240e-04 1.9483848970e+04 1.5707963268e+00 -2.9302689304e+00
2.3763927283e-04 1.9496723388e+04 1.5707963268e+00 -2.9318846797e+00
2.3780182345e-04 1.9509613940e+04 1.5707963268e+00 -2.9334982937e+00
2.3796428437e-04 1.9522520617e+04 1.5707963268e+00 -2.9351097740e+00
2.3812665569e-04 1.9535443409e+04 1.5707963268e+00 -2.9367191222e+00
2.3828893752e-04 1.9548382309e+04 1.5707963268e+00 -2.9383263397e+00
2.3845112997e-04 1.9561337305e+04 1.5707963268e+00 -2.9399314282e+00
2.3861323313e-04 1.9574308390e+04 1.5707963268e+00 -2.9415343893e+00
2.3877524712e-04 1.9587295553e+04 1.5707963268e+00 -2.9431352246e+00
2.3893717204e-04 1.9600298786e+04 1.5707963268e+00 -2.9447339356e+00
2.3909900799e-04 1.9613318079e+04 1.5707963268e+00 -2.9463305240e+00
2.3926075509e-04 1.9626353422e+04 1.5707963268e+00 -2.9479249913e+00
2.3942241344e-04 1.9639404807e+04 1.5707963268e+00 -2.9495173392e+00
2.3958398314e-04 1.9652472222e+04 1.5707963268e+00 -2.9511075694e+00
2.3974546430e-04 1.9665555660e+04 1.5707963268e+00 -2.9526956833e+00
2.3990685703e-04 1.9678655110e+04 1.5707963268e+00 -2.9542816827e+00
2.4006816143e-04 1.9691770562e+04 1.5707963268e+00 -2.9558655692e+00
2.4022937762e-04 1.9704902007e+04 1.5707963268e+00 -2.9574473444e+00
2.4039050568e-04 1.9718049435e+04 1.5707963268e+00 -2.9590270101e+00
2.4055154575e-04 1.9731212835e+04 1.5707963268e+00 -2.9606045677e+00
2.4071249791e-04 1.9744392200e+04 1.5707963268e+00 -2.9621800191e+00
2.4087336227e-04 1.9757587517e+04 1.5707963268e+00 -2.9637533659e+00
2.4103413895e-04 1.9770798778e+04 1.5707963268e+00 -2.9653246096e+00
2.4119482805e-04 1.9784025972e+04 1.5707963268e+00 -2.9668937521e+00
2.4135542967e-04 1.9797269089e+04 1.5707963268e+00 -2.9684607950e+00
2.4151594393e-04 1.9810528119e+04 1.5707963268e+00 -2.9700257401e+00
2.4167637093e-04 1.9823803053e+04 1.5707963268e+00 -2.9715885888e+00
2.4183671077e-04 1.9837093879e+04 1.5707963268e+00 -2.9731493431e+00
2.4199696357e-04 1.9850400587e+04 1.5707963268e+00 -2.9747080046e+00
2.4215712943e-04 1.9863723168e+04 1.5707963268e+00 -2.9762645749e+00
2.4231720846e-04 1.9877061611e+04 1.5707963268e+00 -2.9778190559e+00
2.4247720076e-04 1.9890415906e+04 1.5707963268e+00 -2.9793714493e+00
2.4263710645e-04 1.9903786042e+04 1.5707963268e+00 -2.9809217566e+00
2.4279692562e-04 1.9917172008e+04 1.5707963268e+00 -2.9824699798e+00
2.4295665840e-04 1.9930573795e+04 1.5707963268e+00 -2.9840161206e+00
2.4311630488e-04 1.9943991392e+04 1.5707963268e+00 -2.9855601806e+00
2.4327586517e-04 1.9957424788e+04 1.5707963268e+00 -2.9871021616e+00
2.4343533939e-04 1.9970873972e+04 1.5707963268e+00 -2.9886420654e+00
2.4359472763e-04 1.9984338934e+04 1.5707963268e+00 -2.9901798937e+00
2.4375403000e-04 1.9997819664e+04 1.5707963268e+00 -2.9917156484e+00
2.4391324662e-04 2.0011316150e+04 1.5707963268e+00 -2.9932493311e+00
2.4407237760e-04 2.0024828382e+04 1.5707963268e+00 -2.9947809436e+00
2.4423142303e-04 2.0038356348e+04 1.5707963268e+00 -2.9963104878e+00
2.4439038302e-04 2.0051900039e+04 1.5707963268e+00 -2.9978379654e+00
2.4454925769e-04 2.0065459443e+04 1.5707963268e+00 -2.9993633782e+00
2.4470804714e-04 2.0079034549e+04 1.5707963268e+00 -3.0008867279e+00
2.4486675149e-04 2.0092625346e+04 1.5707963268e+00 -3.0024080164e+00
2.4502537083e-04 2.0106231823e+04 1.5707963268e+00 -3.0039272456e+00
2.4518390527e-04 2.0119853970e+04 1.5707963268e+00 -3.0054444171e+00
2.4534235493e-04 2.0133491774e+04 1.5707963268e+00 -3.0069595328e+00
2.4550071991e-04 2.0147145226e+04 1.5707963268e+00 -3.0084725945e+00
2.4565900033e-04 2.0160814313e+04 1.5707963268e+00 -3.0099836041e+00
2.4581719628e-04 2.0174499025e+04 1.5707963268e+00 -3.0114925634e+00
2.4597530787e-04 2.0188199350e+04 1.5707963268e+00 -3.0129994742e+00
2.4613333523e-04 2.0201915277e+04 1.5707963268e+00 -3.0145043383e+00
2.4629127844e-04 2.0215646795e+04 1.5707963268e+00 -3.0160071576e+00
2.4644913762e-04 2.0229393892e+04 1.5707963268e+00 -3.0175079339e+00
2.4660691289e-04 2.0243156557e+04 1.5707963268e+00 -3.0190066691e+00
2.4676460434e-04 2.0256934778e+04 1.5707963268e+00 -3.0205033650e+00
2.4692221208e-04 2.0270728545e+04 1.5707963268e+00 -3.0219980235e+00
2.4707973623e-04 2.0284537845e+04 1.5707963268e+00 -3.0234906465e+00
2.4723717690e-04 2.0298362666e+04 1.5707963268e+00 -3.0249812358e+00
2.4739453418e-04 2.0312202999e+04 1.5707963268e+00 -3.0264697932e+00
2.4755180819e-04 2.0326058830e+04 1.5707963268e+00 -3.0279563208e+00
2.4770899904e-04 2.0339930148e+04 1.5707963268e+00 -3.0294408203e+00
2.4786610683e-04 2.0353816941e+04 1.5707963268e+00 -3.0309232936e+00
2.4802313168e-04 2.0367719198e+04 1.5707963268e+00 -3.0324037427e+00
2.4818007369e-04 2.0381636907e+04 1.5707963268e+00 -3.0338821694e+00
2.4833693297e-04 2.0395570056e+04 1.5707963268e+00 -3.0353585756e+00
2.4849370963e-04 2.0409518633e+04 1.5707963268e+00 -3.0368329632e+00
2.4865040378e-04 2.0423482627e+04 1.5707963268e+00 -3.0383053341e+00
2.4880701552e-04 2.0437462025e+04 1.5707963268e+00 -3.0397756903e+00
2.4896354497e-04 2.0451456816e+04 1.5707963268e+00 -3.0412440336e+00
2.4911999223e-04 2.0465466987e+04 1.5707963268e+00 -3.0427103660e+00
2.4927635741e-04 2.0479492527e+04 1.5707963268e+00 -3.0441746894e+00
2.4943264062e-04 2.0493533423e+04 1.5707963268e+00 -3.0456370057e+00
2.4958884197e-04 2.0507589664e+04 1.5707963268e+00 -3.0470973169e+00
2.4974496156e-04 2.0521661237e+04 1.5707963268e+00 -3.0485556248e+00
2.4990099951e-04 2.0535748130e+04 1.5707963268e+00 -3.0500119315e+00
2.5005695593e-04 2.0549850331e+04 1.5707963268e+00 -3.0514662388e+00
2.5021283092e-04 2.0563967828e+04 1.5707963268e+00 -3.0529185488e+00
2.5036862458e-04 2.0578100609e+04 1.5707963268e+00 -3.0543688633e+00
2.5052433704e-04 2.0592248661e+04 1.5707963268e+00 -3.0558171843e+00
2.5067996839e-04 2.0606411971e+04 1.5707963268e+00 -3.0572635138e+00
2.5083551875e-04 2.0620590529e+04 1.5707963268e+00 -3.0587078537e+00
2.5099098822e-04 2.0634784320e+04 1.5707963268e+00 -3.0601502060e+00
2.5114637692e-04 2.0648993334e+04 1.5707963268e+00 -3.0615905727e+00
2.5130168494e-04 2.0663217557e+04 1.5707963268e+00 -3.0630289558e+00
2.5145691241e-04 2.0677456977e+04 1.5707963268e+00 -3.0644653571e+00
2.5161205942e-04 2.0691711581e+04 1.5707963268e+00 -3.0658997788e+00
2.5176712609e-04 2.0705981358e+04 1.5707963268e+00 -3.0673322227e+00
2.5192211253e-04 2.0720266293e+04 1.5707963268e+00 -3.0687626909e+00
2.5207701884e-04 2.0734566376e+04 1.5707963268e+00 -3.0701911854e+00
2.5223184513e-04 2.0748881593e+04 1.5707963268e+00 -3.0716177081e+00
2.5238659151e-04 2.0763211931e+04 1.5707963268e+00 -3.0730422610e+00
2.5254125808e-04 2.0777557378e+04 1.5707963268e+00 -3.0744648462e+00
2.5269584497e-04 2.0791917921e+04 1.5707963268e+00 -3.0758854657e+00
2.5285035226e-04 2.0806293548e+04 1.5707963268e+00 -3.0773041214e+00
2.5300478008e-04 2.0820684245e+04 1.5707963268e+00 -3.0787208154e+00
2.5315912854e-04 2.0835090000e+04 1.5707963268e+00 -3.0801355496e+00
2.5331339773e-04 2.0849510800e+04 1.5707963268e+00 -3.0815483262e+00
2.5346758777e-04 2.0863946632e+04 1.5707963268e+00 -3.0829591471e+00
2.5362169876e-04 2.0878397483e+04 1.5707963268e+00 -3.0843680143e+00
2.5377573082e-04 2.0892863341e+04 1.5707963268e+00 -3.0857749299e+00
2.5392968405e-04 2.0907344192e+04 1.5707963268e+00 -3.0871798959e+00
2.5408355856e-04 2.0921840024e+04 1.5707963268e+00 -3.0885829144e+00
2.5423735446e-04 2.0936350822e+04 1.5707963268e+00 -3.0899839873e+00
2.5439107185e-04 2.0950876576e+04 1.5707963268e+00 -3.0913831167e+00
2.5454471085e-04 2.0965417271e+04 1.5707963268e+00 -3.0927803047e+00
2.5469827157e-04 2.0979972893e+04 1.5707963268e+00 -3.0941755532e+00
2.5485175410e-04 2.0994543432e+04 1.5707963268e+00 -3.0955688645e+00
2.5500515856e-04 2.1009128872e+04 1.5707963268e+00 -3.0969602404e+00
2.5515848506e-04 2.1023729201e+04 1.5707963268e+00 -3.0983496831e+00
2.5531173370e-04 2.1038344405e+04 1.5707963268e+00 -3.0997371945e+00
2.5546490459e-04 2.1052974473e+04 1.5707963268e+00 -3.1011227769e+00
2.5561799784e-04 2.1067619389e+04 1.5707963268e+00 -3.1025064322e+00
2.5577101356e-04 2.1082279141e+04 1.5707963268e+00 -3.1038881624e+00
2.5592395186e-04 2.1096953716e+04 1.5707963268e+00 -3.1052679698e+00
2.5607681284e-04 2.1111643101e+04 1.5707963268e+00 -3.1066458563e+00
2.5622959661e-04 2.1126347281e+04 1.5707963268e+00 -3.1080218240e+00
2.5638230327e-04 2.1141066244e+04 1.5707963268e+00 -3.1093958749e+00
2.5653493295e-04 2.1155799976e+04 1.5707963268e+00 -3.1107680113e+00
2.5668748574e-04 2.1170548464e+04 1.5707963268e+00 -3.1121382351e+00
2.5683996174e-04 2.1185311694e+04 1.5707963268e+00 -3.1135065484e+00
2.5699236108e-04 2.1200089654e+04 1.5707963268e+00 -3.1148729533e+00
2.5714468385e-04 2.1214882328e+04 1.5707963268e+00 -3.1162374520e+00
2.5729693017e-04 2.1229689705e+04 1.5707963268e+00 -3.1176000465e+00
2.5744910014e-04 2.1244511770e+04 1.5707963268e+00 -3.1189607388e+00
2.5760119386e-04 2.1259348510e+04 1.5707963268e+00 -3.1203195312e+00
2.5775321145e-04 2.1274199911e+04 1.5707963268e+00 -3.1216764256e+00
2.5790515302e-04 2.1289065959e+04 1.5707963268e+00 -3.1230314242e+00
2.5805701866e-04 2.1303946642e+04 1.5707963268e+00 -3.1243845292e+00
2.5820880849e-04 2.1318841945e+04 1.5707963268e+00 -3.1257357425e+00
2.5836052261e-04 2.1333751854e+04 1.5707963268e+00 -3.1270850664e+00
2.5851216114e-04 2.1348676357e+04 1.5707963268e+00 -3.1284325029e+00
2.5866372417e-04 2.1363615438e+04 1.5707963268e+00 -3.1297780541e+00
2.5881521182e-04 2.1378569085e+04 1.5707963268e+00 -3.1311217222e+00
2.5896662419e-04 2.1393537284e+04 1.5707963268e+00 -3.1324635093e+00
2.5911796139e-04 2.1408520020e+04 1.5707963268e+00 -3.1338034174e+00
2.5926922352e-04 2.1423517281e+04 1.5707963268e+00 -3.1351414488e+00
2.5942041070e-04 2.1438529052e+04 1.5707963268e+00 -3.1364776055e+00
2.5957152303e-04 2.1453555319e+04 1.5707963268e+00 -3.1378118897e+00
2.5972256061e-04 2.1468596069e+04 1.5707963268e+00 -3.1391443035e+00
2.5987352355e-04 2.1483651288e+04 1.5707963268e+00 -3.1404748490e+00
2.6002441196e-04 2.1498720961e+04 1.5707963268e+00 -3.1418035284e+00
2.6017522595e-04 2.1513805074e+04 1.5707963268e+00 -3.1431303438e+00
2.6032596562e-04 2.1528903615e+04 1.5707963268e+00 -3.1444552973e+00
2.6047663107e-04 2.1544016569e+04 1.5707963268e+00 -3.1457783911e+00
2.6062722242e-04 2.1559143921e+04 1.5707963268e+00 -3.1470996274e+00
2.6077773977e-04 2.1574285658e+04 1.5707963268e+00 -3.1484190081e+00
2.6092818323e-04 2.1589441766e+04 1.5707963268e+00 -3.1497365356e+00
2.6107855290e-04 2.1604612230e+04 1.5707963268e+00 -3.1510522120e+00
2.6122884889e-04 2.1619797037e+04 1.5707963268e+00 -3.1523660393e+00
2.6137907130e-04 2.1634996173e+04 1.5707963268e+00 -3.1536780198e+00
2.6152922025e-04 2.1650209623e+04 1.5707963268e+00 -3.1549881556e+00
2.6167929583e-04 2.1665437373e+04 1.5707963268e+00 -3.1562964489e+00
2.6182929815e-04 2.1680679409e+04 1.5707963268e+00 -3.1576029017e+00
2.6197922732e-04 2.1695935717e+04 1.5707963268e+00 -3.1589075164e+00
2.6212908344e-04 2.1711206283e+04 1.5707963268e+00 -3.1602102950e+00
2.6227886663e-04 2.1726491093e+04 1.5707963268e+00 -3.1615112396e+00
2.6242857698e-04 2.1741790132e+04 1.5707963268e+00 -3.1628103526e+00
2.6257821460e-04 2.1757103386e+04 1.5707963268e+00 -3.1641076359e+00
2.6272777959e-04 2.1772430840e+04 1.5707963268e+00 -3.1654030918e+00
2.6287727207e-04 2.1787772481e+04 1.5707963268e+00 -3.1666967225e+00
2.6302669213e-04 2.1803128295e+04 1.5707963268e+00 -3.1679885301e+00
2.6317603988e-04 2.1818498266e+04 1.5707963268e+00 -3.1692785168e+00
2.6332531543e-04 2.1833882381e+04 1.5707963268e+00 -3.1705666848e+00
2.6347451889e-04 2.1849280625e+04 1.5707963268e+00 -3.1718530362e+00
2.6362365034e-04 2.1864692984e+04 1.5707963268e+00 -3.1731375732e+00
2.6377270992e-04 2.1880119443e+04 1.5707963268e+00 -3.1744202980e+00
2.6392169770e-04 2.1895559988e+04 1.5707963268e+00 -3.1757012128e+00
2.6407061381e-04 2.1911014605e+04 1.5707963268e+00 -3.1769803197e+00
2.6421945835e-04 2.1926483279e+04 1.5707963268e+00 -3.1782576209e+00
2.6436823141e-04 2.1941965996e+04 1.5707963268e+00 -3.1795331187e+00
2.6451693311e-04 2.1957462742e+04 1.5707963268e+00 -3.1808068151e+00
2.6466556355e-04 2.1972973501e+04 1.5707963268e+00 -3.1820787125e+00
2.6481412284e-04 2.1988498259e+04 1.5707963268e+00 -3.1833488129e+00
2.6496261107e-04 2.2004037003e+04 1.5707963268e+00 -3.1846171185e+00
2.6511102836e-04 2.2019589716e+04 1.5707963268e+00 -3.1858836316e+00
2.6525937480e-04 2.2035156386e+04 1.5707963268e+00 -3.1871483543e+00
2.6540765050e-04 2.2050736996e+04 1.5707963268e+00 -3.1884112888e+00
2.6555585557e-04 2.2066331533e+04 1.5707963268e+00 -3.1896724373e+00
2.6570399011e-04 2.2081939983e+04 1.5707963268e+00 -3.1909318021e+00
2.6585205422e-04 2.2097562330e+04 1.5707963268e+00 -3.1921893852e+00
2.6600004800e-04 2.2113198559e+04 1.5707963268e+00 -3.1934451889e+00
2.6614797157e-04 2.2128848657e+04 1.5707963268e+00 -3.1946992154e+00
2.6629582502e-04 2.2144512609e+04 1.5707963268e+00 -3.1959514669e+00
2.6644360846e-04 2.2160190399e+04 1.5707963268e+00 -3.1972019456e+00
2.6659132199e-04 2.2175882014e+04 1.5707963268e+00 -3.1984506536e+00
2.6673896571e-04 2.2191587438e+04 1.5707963268e+00 -3.1996975933e+00
2.6688653974e-04 2.2207306657e+04 1.5707963268e+00 -3.2009427667e+00
2.6703404416e-04 2.2223039657e+04 1.5707963268e+00 -3.2021861761e+00
2.6718147908e-04 2.2238786422e+04 1.5707963268e+00 -3.2034278237e+00
2.6732884462e-04 2.2254546938e+04 1.5707963268e+00 -3.2046677116e+00
2.6747614086e-04 2.2270321190e+04 1.5707963268e+00 -3.2059058422e+00
2.6762336791e-04 2.2286109163e+04 1.5707963268e+00 -3.2071422176e+00
2.6777052589e-04 2.2301910843e+04 1.5707963268e+00 -3.2083768400e+00
2.6791761487e-04 2.2317726214e+04 1.5707963268e+00 -3.2096097116e+00
2.6806463498e-04 2.2333555263e+04 1.5707963268e+00 -3.2108408346e+00
2.6821158632e-04 2.2349397973e+04 1.5707963268e+00 -3.2120702112e+00
2.6835846898e-04 2.2365254331e+04 1.5707963268e+00 -3.2132978437e+00
2.6850528307e-04 2.2381124322e+04 1.5707963268e+00 -3.2145237343e+00
2.6865202868e-04 2.2397007930e+04 1.5707963268e+00 -3.2157478851e+00
2.6879870593e-04 2.2412905141e+04 1.5707963268e+00 -3.2169702983e+00
2.6894531492e-04 2.2428815940e+04 1.5707963268e+00 -3.2181909763e+00
2.6909185574e-04 2.2444740313e+04 1.5707963268e+00 -3.2194099211e+00
2.6923832850e-04 2.2460678243e+04 1.5707963268e+00 -3.2206271351e+00
2.6938473330e-04 2.2476629717e+04 1.5707963268e+00 -3.2218426203e+00
2.6953107025e-04 2.2492594720e+04 1.5707963268e+00 -3.2230563791e+00
2.6967733944e-04 2.2508573236e+04 1.5707963268e+00 -3.2242684137e+00
2.6982354097e-04 2.2524565250e+04 1.5707963268e+00 -3.2254787262e+00
2.6996967495e-04 2.2540570749e+04 1.5707963268e+00 -3.2266873189e+00
2.7011574148e-04 2.2556589716e+04 1.5707963268e+00 -3.2278941940e+00
2.7026174065e-04 2.2572622137e+04 1.5707963268e+00 -3.2290993537e+00
2.7040767258e-04 2.2588667998e+04 1.5707963268e+00 -3.2303028003e+00
2.7055353736e-04 2.2604727282e+04 1.5707963268e+00 -3.2315045359e+00
2.7069933509e-04 2.2620799975e+04 1.5707963268e+00 -3.2327045627e+00
2.7084506588e-04 2.2636886062e+04 1.5707963268e+00 -3.2339028831e+00
2.7099072981e-04 2.2652985528e+04 1.5707963268e+00 -3.2350994991e+00
2.7113632701e-04 2.2669098358e+04 1.5707963268e+00 -3.2362944131e+00
2.7128185756e-04 2.2685224537e+04 1.5707963268e+00 -3.2374876272e+00
2.7142732156e-04 2.2701364050e+04 1.5707963268e+00 -3.2386791437e+00
2.7157271913e-04 2.2717516883e+04 1.5707963268e+00 -3.2398689647e+00
2.7171805035e-04 2.2733683019e+04 1.5707963268e+00 -3.2410570926e+00
2.7186331532e-04 2.2749862444e+04 1.5707963268e+00 -3.2422435294e+00
2.7200851416e-04 2.2766055143e+04 1.5707963268e+00 -3.2434282775e+00
2.7215364695e-04 2.2782261100e+04 1.5707963268e+00 -3.2446113391e+00
2.7229871379e-04 2.2798480302e+04 1.5707963268e+00 -3.2457927164e+00
2.7244371480e-04 2.2814712732e+04 1.5707963268e+00 -3.2469724115e+00
2.7258865006e-04 2.2830958376e+04 1.5707963268e+00 -3.2481504268e+00
2.7273351967e-04 2.2847217219e+04 1.5707963268e+00 -3.2493267644e+00
2.7287832374e-04 2.2863489244e+04 1.5707963268e+00 -3.2505014266e+00
2.7302306237e-04 2.2879774439e+04 1.5707963268e+00 -3.2516744156e+00
2.7316773565e-04 2.2896072786e+04 1.5707963268e+00 -3.2528457335e+00
2.7331234369e-04 2.2912384272e+04 1.5707963268e+00 -3.2540153827e+00
2.7345688657e-04 2.2928708881e+04 1.5707963268e+00 -3.2551833654e+00
2.7360136441e-04 2.2945046597e+04 1.5707963268e+00 -3.2563496837e+00
2.7374577730e-04 2.2961397407e+04 1.5707963268e+00 -3.2575143400e+00
2.7389012534e-04 2.2977761294e+04 1.5707963268e+00 -3.2586773363e+00
2.7403440863e-04 2.2994138244e+04 1.5707963268e+00 -3.2598386750e+00
2.7417862726e-04 2.3010528241e+04 1.5707963268e+00 -3.2609983582e+00
2.7432278134e-04 2.3026931270e+04 1.5707963268e+00 -3.2621563882e+00
2.7446687096e-04 2.3043347317e+04 1.5707963268e+00 -3.2633127672e+00
2.7461089623e-04 2.3059776365e+04 1.5707963268e+00 -3.2644674975e+00
2.7475485723e-04 2.3076218400e+04 1.5707963268e+00 -3.2656205811e+00
2.7489875407e-04 2.3092673407e+04 1.5707963268e+00 -3.2667720205e+00
2.7504258685e-04 2.3109141371e+04 1.5707963268e+00 -3.2679218177e+00
2.7518635566e-04 2.3125622275e+04 1.5707963268e+00 -3.2690699750e+00
2.7533006060e-04 2.3142116106e+04 1.5707963268e+00 -3.2702164946e+00
2.7547370178e-04 2.3158622847e+04 1.5707963268e+00 -3.2713613788e+00
2.7561727928e-04 2.3175142485e+04 1.5707963268e+00 -3.2725046297e+00
2.7576079320e-04 2.3191675002e+04 1.5707963268e+00 -3.2736462497e+00
2.7590424364e-04 2.3208220386e+04 1.5707963268e+00 -3.2747862408e+00
2.7604763071e-04 2.3224778619e+04 1.5707963268e+00 -3.2759246053e+00
2.7619095449e-04 2.3241349687e+04 1.5707963268e+00 -3.2770613455e+00
2.7633421508e-04 2.3257933575e+04 1.5707963268e+00 -3.2781964635e+00
2.7647741258e-04 2.3274530268e+04 1.5707963268e+00 -3.2793299616e+00
2.7662054709e-04 2.3291139749e+04 1.5707963268e+00 -3.2804618420e+00
2.7676361870e-04 2.3307762005e+04 1.5707963268e+00 -3.2815921069e+00
2.7690662751e-04 2.3324397020e+04 1.5707963268e+00 -3.2827207585e+00
2.7704957362e-04 2.3341044778e+04 1.5707963268e+00 -3.2838477990e+00
2.7719245712e-04 2.3357705265e+04 1.5707963268e+00 -3.2849732307e+00
2.7733527811e-04 2.3374378465e+04 1.5707963268e+00 -3.2860970558e+00
2.7747803668e-04 2.3391064363e+04 1.5707963268e+00 -3.2872192764e+00
2.7762073293e-04 2.3407762943e+04 1.5707963268e+00 -3.2883398949e+00
2.7776336697e-04 2.3424474191e+04 1.5707963268e+00 -3.2894589133e+00
2.7790593887e-04 2.3441198092e+04 1.5707963268e+00 -3.2905763340e+00
2.7804844874e-04 2.3457934629e+04 1.5707963268e+00 -3.2916921591e+00
2.7819089668e-04 2.3474683788e+04 1.5707963268e+00 -3.2928063909e+00
2.7833328277e-04 2.3491445553e+04 1.5707963268e+00 -3.2939190315e+00
2.7847560712e-04 2.3508219910e+04 1.5707963268e+00 -3.2950300832e+00
2.7861786983e-04 2.3525006843e+04 1.5707963268e+00 -3.2961395481e+00
2.7876007097e-04 2.3541806337e+04 1.5707963268e+00 -3.2972474286e+00
2.7890221066e-04 2.3558618376e+04 1.5707963268e+00 -3.2983537267e+00
2.7904428898e-04 2.3575442946e+04 1.5707963268e+00 -3.2994584448e+00
2.7918630603e-04 2.3592280030e+04 1.5707963268e+00 -3.3005615850e+00
2.7932826190e-04 2.3609129614e+04 1.5707963268e+00 -3.3016631495e+00
2.7947015670e-04 2.3625991683e+04 1.5707963268e+00 -3.3027631405e+00
2.7961199050e-04 2.3642866221e+04 1.5707963268e+00 -3.3038615603e+00
2.7975376342e-04 2.3659753214e+04 1.5707963268e+00 -3.3049584109e+00
2.7989547554e-04 2.3676652644e+04 1.5707963268e+00 -3.3060536948e+00
2.8003712695e-04 2.3693564499e+04 1.5707963268e+00 -3.3071474140e+00
2.8017871775e-04 2.3710488762e+04 1.5707963268e+00 -3.3082395707e+00
2.8032024804e-04 2.3727425417e+04 1.5707963268e+00 -3.3093301672e+00
2.8046171790e-04 2.3744374451e+04 1.5707963268e+00 -3.3104192056e+00
2.8060312744e-04 2.3761335847e+04 1.5707963268e+00 -3.3115066882e+00
2.8074447674e-04 2.3778309590e+04 1.5707963268e+00 -3.3125926171e+00
2.8088576590e-04 2.3795295665e+04 1.5707963268e+00 -3.3136769946e+00
2.8102699501e-04 2.3812294057e+04 1.5707963268e+00 -3.3147598228e+00
2.8116816417e-04 2.3829304750e+04 1.5707963268e+00 -3.3158411040e+00
2.8130927346e-04 2.3846327730e+04 1.5707963268e+00 -3.3169208403e+00
2.8145032299e-04 2.3863362980e+04 1.5707963268e+00 -3.3179990339e+00
2.8159131284e-04 2.3880410486e+04 1.5707963268e+00 -3.3190756871e+00
2.8173224310e-04 2.3897470233e+04 1.5707963268e+00 -3.3201508020e+00
2.8187311388e-04 2.3914542205e+04 1.5707963268e+00 -3.3212243808e+00
2.8201392525e-04 2.3931626387e+04 1.5707963268e+00 -3.3222964257e+00
2.8215467732e-04 2.3948722764e+04 1.5707963268e+00 -3.3233669389e+00
2.8229537018e-04 2.3965831320e+04 1.5707963268e+00 -3.3244359226e+00
2.8243600391e-04 2.3982952040e+04 1.5707963268e+00 -3.3255033789e+00
2.8257657862e-04 2.4000084910e+04 1.5707963268e+00 -3.3265693102e+00
2.8271709439e-04 2.4017229913e+04 1.5707963268e+00 -3.3276337184e+00
2.8285755131e-04 2.4034387034e+04 1.5707963268e+00 -3.3286966059e+00
2.8299794947e-04 2.4051556259e+04 1.5707963268e+00 -3.3297579748e+00
2.8313828898e-04 2.4068737572e+04 1.5707963268e+00 -3.3308178273e+00
2.8327856991e-04 2.4085930958e+04 1.5707963268e+00 -3.3318761656e+00
2.8341879236e-04 2.4103136402e+04 1.5707963268e+00 -3.3329329919e+00
2.8355895642e-04 2.4120353888e+04 1.5707963268e+00 -3.3339883083e+00
2.8369906219e-04 2.4137583401e+04 1.5707963268e+00 -3.3350421170e+00
2.8383910975e-04 2.4154824926e+04 1.5707963268e+00 -3.3360944202e+00
2.8397909919e-04 2.4172078447e+04 1.5707963268e+00 -3.3371452201e+00
2.8411903061e-04 2.4189343950e+04 1.5707963268e+00 -3.3381945189e+00
2.8425890409e-04 2.4206621420e+04 1.5707963268e+00 -3.3392423186e+00
2.8439871973e-04 2.4223910840e+04 1.5707963268e+00 -3.3402886216e+00
2.8453847761e-04 2.4241212197e+04 1.5707963268e+00 -3.3413334300e+00
2.8467817784e-04 2.4258525474e+04 1.5707963268e+00 -3.3423767458e+00
2.8481782048e-04 2.4275850656e+04 1.5707963268e+00 -3.3434185714e+00
2.8495740565e-04 2.4293187729e+04 1.5707963268e+00 -3.3444589089e+00
2.8509693342e-04 2.4310536677e+04 1.5707963268e+00 -3.3454977604e+00
2.8523640388e-04 2.4327897484e+04 1.5707963268e+00 -3.3465351281e+00
2.8537581714e-04 2.4345270137e+04 1.5707963268e+00 -3.3475710142e+00
2.8551517326e-04 2.4362654618e+04 1.5707963268e+00 -3.3486054209e+00
2.8565447236e-04 2.4380050915e+04 1.5707963268e+00 -3.3496383502e+00
2.8579371450e-04 2.4397459010e+04 1.5707963268e+00 -3.3506698044e+00
2.8593289979e-04 2.4414878889e+04 1.5707963268e+00 -3.3516997856e+00
2.8607202832e-04 2.4432310538e+04 1.5707963268e+00 -3.3527282960e+00
2.8621110016e-04 2.4449753940e+04 1.5707963268e+00 -3.3537553378e+00
2.8635011541e-04 2.4467209080e+04 1.5707963268e+00 -3.3547809130e+00
2.8648907416e-04 2.4484675944e+04 1.5707963268e+00 -3.3558050239e+00
2.8662797650e-04 2.4502154516e+04 1.5707963268e+00 -3.3568276725e+00
2.8676682251e-04 2.4519644781e+04 1.5707963268e+00 -3.3578488612e+00
2.8690561229e-04 2.4537146724e+04 1.5707963268e+00 -3.3588685919e+00
2.8704434592e-04 2.4554660329e+04 1.5707963268e+00 -3.3598868668e+00
2.8718302349e-04 2.4572185583e+04 1.5707963268e+00 -3.3609036882e+00
2.8732164509e-04 2.4589722469e+04 1.5707963268e+00 -3.3619190581e+00
2.8746021080e-04 2.4607270972e+04 1.5707963268e+00 -3.3629329787e+00
2.8759872072e-04 2.4624831078e+04 1.5707963268e+00 -3.3639454521e+00
2.8773717493e-04 2.4642402771e+04 1.5707963268e+00 -3.3649564805e+00
2.8787557352e-04 2.4659986036e+04 1.5707963268e+00 -3.3659660660e+00
2.8801391657e-04 2.4677580858e+04 1.5707963268e+00 -3.3669742107e+00
2.8815220418e-04 2.4695187221e+04 1.5707963268e+00 -3.3679809168e+00
2.8829043643e-04 2.4712805112e+04 1.5707963268e+00 -3.3689861865e+00
2.8842861340e-04 2.4730434515e+04 1.5707963268e+00 -3.3699900217e+00
2.8856673519e-04 2.4748075414e+04 1.5707963268e+00 -3.3709924248e+00
2.8870480188e-04 2.4765727794e+04 1.5707963268e+00 -3.3719933978e+00
2.8884281355e-04 2.4783391642e+04 1.5707963268e+00 -3.3729929429e+00
2.8898077031e-04 2.4801066940e+04 1.5707963268e+00 -3.3739910621e+00
2.8911867222e-04 2.4818753676e+04 1.5707963268e+00 -3.3749877576e+00
2.8925651937e-04 2.4836451832e+04 1.5707963268e+00 -3.3759830315e+00
2.8939431186e-04 2.4854161395e+04 1.5707963268e+00 -3.3769768860e+00
2.8953204977e-04 2.4871882349e+04 1.5707963268e+00 -3.3779693232e+00
2.8966973319e-04 2.4889614680e+04 1.5707963268e+00 -3.3789603451e+00
2.8980736219e-04 2.4907358371e+04 1.5707963268e+00 -3.3799499540e+00
2.8994493687e-04 2.4925113409e+04 1.5707963268e+00 -3.3809381518e+00
2.9008245731e-04 2.4942879779e+04 1.5707963268e+00 -3.3819249409e+00
2.9021992360e-04 2.4960657464e+04 1.5707963268e+00 -3.3829103231e+00
2.9035733582e-04 2.4978446451e+04 1.5707963268e+00 -3.3838943008e+00
2.9049469405e-04 2.4996246724e+04 1.5707963268e+00 -3.3848768759e+00
2.9063199839e-04 2.5014058269e+04 1.5707963268e+00 -3.3858580506e+00
2.9076924892e-04 2.5031881069e+04 1.5707963268e+00 -3.3868378270e+00
2.9090644572e-04 2.5049715111e+04 1.5707963268e+00 -3.3878162072e+00
2.9104358887e-04 2.5067560380e+04 1.5707963268e+00 -3.3887931932e+00
2.9118067847e-04 2.5085416860e+04 1.5707963268e+00 -3.3897687873e+00
2.9131771459e-04 2.5103284536e+04 1.5707963268e+00 -3.3907429915e+00
2.9145469732e-04 2.5121163394e+04 1.5707963268e+00 -3.3917158079e+00
2.9159162674e-04 2.5139053419e+04 1.5707963268e+00 -3.3926872386e+00
2.9172850295e-04 2.5156954596e+04 1.5707963268e+00 -3.3936572857e+00
2.9186532601e-04 2.5174866909e+04 1.5707963268e+00 -3.3946259512e+00
2.9200209602e-04 2.5192790344e+04 1.5707963268e+00 -3.3955932374e+00
2.9213881306e-04 2.5210724886e+04 1.5707963268e+00 -3.3965591462e+00
2.9227547721e-04 2.5228670521e+04 1.5707963268e+00 -3.3975236798e+00
2.9241208856e-04 2.5246627233e+04 1.5707963268e+00 -3.3984868402e+00
2.9254864718e-04 2.5264595007e+04 1.5707963268e+00 -3.3994486295e+00
2.9268515317e-04 2.5282573828e+04 1.5707963268e+00 -3.4004090498e+00
2.9282160661e-04 2.5300563683e+04 1.5707963268e+00 -3.4013681032e+00
2.9295800757e-04 2.5318564555e+04 1.5707963268e+00 -3.4023257918e+00
2.9309435615e-04 2.5336576430e+04 1.5707963268e+00 -3.4032821177e+00
2.9323065242e-04 2.5354599293e+04 1.5707963268e+00 -3.4042370828e+00
2.9336689646e-04 2.5372633130e+04 1.5707963268e+00 -3.4051906894e+00
2.9350308837e-04 2.5390677925e+04 1.5707963268e+00 -3.4061429394e+00
2.9363922821e-04 2.5408733664e+04 1.5707963268e+00 -3.4070938350e+00
2.9377531608e-04 2.5426800332e+04 1.5707963268e+00 -3.4080433781e+00
2.9391135206e-04 2.5444877914e+04 1.5707963268e+00 -3.4089915710e+00
2.9404733622e-04 2.5462966396e+04 1.5707963268e+00 -3.4099384155e+00
2.9418326865e-04 2.5481065762e+04 1.5707963268e+00 -3.4108839139e+00
2.9431914943e-04 2.5499175998e+04 1.5707963268e+00 -3.4118280681e+00
2.9445497865e-04 2.5517297089e+04 1.5707963268e+00 -3.4127708803e+00
2.9459075638e-04 2.5535429020e+04 1.5707963268e+00 -3.4137123524e+00
2.9472648270e-04 2.5553571777e+04 1.5707963268e+00 -3.4146524865e+00
2.9486215770e-04 2.5571725345e+04 1.5707963268e+00 -3.4155912847e+00
2.9499778146e-04 2.5589889709e+04 1.5707963268e+00 -3.4165287491e+00
2.9513335406e-04 2.5608064854e+04 1.5707963268e+00 -3.4174648816e+00
2.9526887557e-04 2.5626250767e+04 1.5707963268e+00 -3.4183996844e+00
2.9540434609e-04 2.5644447431e+04 1.5707963268e+00 -3.4193331595e+00
2.9553976569e-04 2.5662654833e+04 1.5707963268e+00 -3.4202653088e+00
2.9567513444e-04 2.5680872958e+04 1.5707963268e+00 -3.4211961345e+00
2.9581045244e-04 2.5699101790e+04 1.5707963268e+00 -3.4221256386e+00
2.9594571976e-04 2.5717341317e+04 1.5707963268e+00 -3.4230538232e+00
2.9608093648e-04 2.5735591522e+04 1.5707963268e+00 -3.4239806902e+00
2.9621610269e-04 2.5753852391e+04 1.5707963268e+00 -3.4249062418e+00
2.9635121845e-04 2.5772123910e+04 1.5707963268e+00 -3.4258304798e+00
2.9648628386e-04 2.5790406063e+04 1.5707963268e+00 -3.4267534065e+00
2.9662129898e-04 2.5808698838e+04 1.5707963268e+00 -3.4276750237e+00
2.9675626391e-04 2.5827002218e+04 1.5707963268e+00 -3.4285953335e+00
2.9689117872e-04 2.5845316189e+04 1.5707963268e+00 -3.4295143380e+00
2.9702604348e-04 2.5863640737e+04 1.5707963268e+00 -3.4304320392e+00
2.9716085829e-04 2.5881975847e+04 1.5707963268e+00 -3.4313484390e+00
2.9729562321e-04 2.5900321504e+04 1.5707963268e+00 -3.4322635396e+00
2.9743033832e-04 2.5918677695e+04 1.5707963268e+00 -3.4331773428e+00
2.9756500371e-04 2.5937044404e+04 1.5707963268e+00 -3.4340898508e+00
2.9769961945e-04 2.5955421617e+04 1.5707963268e+00 -3.4350010655e+00
2.9783418563e-04 2.5973809319e+04 1.5707963268e+00 -3.4359109890e+00
2.9796870231e-04 2.5992207496e+04 1.5707963268e+00 -3.4368196233e+00
2.9810316958e-04 2.6010616134e+04 1.5707963268e+00 -3.4377269703e+00
2.9823758752e-04 2.6029035218e+04 1.5707963268e+00 -3.4386330320e+00
2.9837195621e-04 2.6047464734e+04 1.5707963268e+00 -3.4395378106e+00
2.9850627571e-04 2.6065904667e+04 1.5707963268e+00 -3.4404413079e+00
2.9864054612e-04 2.6084355002e+04 1.5707963268e+00 -3.4413435259e+00
2.9877476750e-04 2.6102815726e+04 1.5707963268e+00 -3.4422444668e+00
2.9890893993e-04 2.6121286823e+04 1.5707963268e+00 -3.4431441324e+00
2.9904306350e-04 2.6139768280e+04 1.5707963268e+00 -3.4440425247e+00
2.9917713828e-04 2.6158260082e+04 1.5707963268e+00 -3.4449396457e+00
2.9931116435e-04 2.6176762214e+04 1.5707963268e+00 -3.4458354975e+00
2.9944514178e-04 2.6195274663e+04 1.5707963268e+00 -3.4467300820e+00
2.9957907065e-04 2.6213797414e+04 1.5707963268e+00 -3.4476234011e+00
2.9971295103e-04 2.6232330452e+04 1.5707963268e+00 -3.4485154569e+00
2.9984678302e-04 2.6250873764e+04 1.5707963268e+00 -3.4494062514e+00
2.9998056667e-04 2.6269427334e+04 1.5707963268e+00 -3.4502957865e+00
3.0011430207e-04 2.6287991149e+04 1.5707963268e+00 -3.4511840641e+00
3.0024798929e-04 2.6306565195e+04 1.5707963268e+00 -3.4520710864e+00
3.0038162841e-04 2.6325149456e+04 1.5707963268e+00 -3.4529568551e+00
3.0051521951e-04 2.6343743919e+04 1.5707963268e+00 -3.4538413724e+00
3.0064876266e-04 2.6362348570e+04 1.5707963268e+00 -3.4547246401e+00
3.0078225793e-04 2.6380963393e+04 1.5707963268e+00 -3.4556066602e+00
3.0091570541e-04 2.6399588376e+04 1.5707963268e+00 -3.4564874348e+00
3.0104910517e-04 2.6418223503e+04 1.5707963268e+00 -3.4573669656e+00
3.0118245728e-04 2.6436868761e+04 1.5707963268e+00 -3.4582452548e+00
3.0131576182e-04 2.6455524135e+04 1.5707963268e+00 -3.4591223043e+00
3.0144901886e-04 2.6474189612e+04 1.5707963268e+00 -3.4599981159e+00
3.0158222849e-04 2.6492865176e+04 1.5707963268e+00 -3.4608726917e+00
3.0171539077e-04 2.6511550814e+04 1.5707963268e+00 -3.4617460336e+00
3.0184850577e-04 2.6530246511e+04 1.5707963268e+00 -3.4626181435e+00
3.0198157358e-04 2.6548952254e+04 1.5707963268e+00 -3.4634890235e+00
3.0211459427e-04 2.6567668028e+04 1.5707963268e+00 -3.4643586754e+00
3.0224756792e-04 2.6586393819e+04 1.5707963268e+00 -3.4652271011e+00
3.0238049459e-04 2.6605129614e+04 1.5707963268e+00 -3.4660943027e+00
3.0251337436e-04 2.6623875397e+04 1.5707963268e+00 -3.4669602820e+00
3.0264620731e-04 2.6642631155e+04 1.5707963268e+00 -3.4678250409e+00
3.0277899350e-04 2.6661396874e+04 1.5707963268e+00 -3.4686885815e+00
3.0291173302e-04 2.6680172540e+04 1.5707963268e+00 -3.4695509056e+00
3.0304442594e-04 2.6698958138e+04 1.5707963268e+00 -3.4704120152e+00
3.0317707233e-04 2.6717753655e+04 1.5707963268e+00 -3.4712719121e+00
3.0330967226e-04 2.6736559076e+04 1.5707963268e+00 -3.4721305984e+00
3.0344222581e-04 2.6755374389e+04 1.5707963268e+00 -3.4729880758e+00
3.0357473305e-04 2.6774199577e+04 1.5707963268e+00 -3.4738443464e+00
3.0370719406e-04 2.6793034629e+04 1.5707963268e+00 -3.4746994121e+00
3.0383960890e-04 2.6811879528e+04 1.5707963268e+00 -3.4755532747e+00
3.0397197765e-04 2.6830734263e+04 1.5707963268e+00 -3.4764059362e+00
3.0410430039e-04 2.6849598818e+04 1.5707963268e+00 -3.4772573984e+00
3.0423657718e-04 2.6868473180e+04 1.5707963268e+00 -3.4781076634e+00
3.0436880810e-04 2.6887357335e+04 1.5707963268e+00 -3.4789567329e+00
3.0450099322e-04 2.6906251269e+04 1.5707963268e+00 -3.4798046089e+00
3.0463313261e-04 2.6925154968e+04 1.5707963268e+00 -3.4806512933e+00
3.0476522634e-04 2.6944068418e+04 1.5707963268e+00 -3.4814967880e+00
3.0489727450e-04 2.6962991605e+04 1.5707963268e+00 -3.4823410948e+00
3.0502927714e-04 2.6981924516e+04 1.5707963268e+00 -3.4831842157e+00
3.0516123435e-04 2.7000867137e+04 1.5707963268e+00 -3.4840261526e+00
3.0529314618e-04 2.7019819453e+04 1.5707963268e+00 -3.4848669073e+00
3.0542501272e-04 2.7038781451e+04 1.5707963268e+00 -3.4857064817e+00
3.0555683404e-04 2.7057753117e+04 1.5707963268e+00 -3.4865448777e+00
3.0568861020e-04 2.7076734438e+04 1.5707963268e+00 -3.4873820972e+00
3.0582034128e-04 2.7095725399e+04 1.5707963268e+00 -3.4882181421e+00
3.0595202735e-04 2.7114725987e+04 1.5707963268e+00 -3.4890530142e+00
3.0608366848e-04 2.7133736187e+04 1.5707963268e+00 -3.4898867154e+00
3.0621526474e-04 2.7152755988e+04 1.5707963268e+00 -3.4907192476e+00
3.0634681620e-04 2.7171785373e+04 1.5707963268e+00 -3.4915506127e+00
3.0647832294e-04 2.7190824331e+04 1.5707963268e+00 -3.4923808124e+00
3.0660978502e-04 2.7209872847e+04 1.5707963268e+00 -3.4932098488e+00
3.0674120251e-04 2.7228930907e+04 1.5707963268e+00 -3.4940377236e+00
3.0687257549e-04 2.7247998498e+04 1.5707963268e+00 -3.4948644386e+00
3.0700390402e-04 2.7267075606e+04 1.5707963268e+00 -3.4956899959e+00
3.0713518817e-04 2.7286162218e+04 1.5707963268e+00 -3.4965143971e+00
3.0726642802e-04 2.7305258320e+04 1.5707963268e+00 -3.4973376442e+00
3.0739762363e-04 2.7324363898e+04 1.5707963268e+00 -3.4981597390e+00
3.0752877507e-04 2.7343478938e+04 1.5707963268e+00 -3.4989806833e+00
3.0765988242e-04 2.7362603428e+04 1.5707963268e+00 -3.4998004791e+00
3.0779094574e-04 2.7381737353e+04 1.5707963268e+00 -3.5006191281e+00
3.0792196511e-04 2.7400880700e+04 1.5707963268e+00 -3.5014366322e+00
3.0805294058e-04 2.7420033455e+04 1.5707963268e+00 -3.5022529932e+00
3.0818387223e-04 2.7439195605e+04 1.5707963268e+00 -3.5030682129e+00
3.0831476013e-04 2.7458367136e+04 1.5707963268e+00 -3.5038822933e+00
3.0844560436e-04 2.7477548036e+04 1.5707963268e+00 -3.5046952360e+00
3.0857640496e-04 2.7496738289e+04 1.5707963268e+00 -3.5055070430e+00
3.0870716203e-04 2.7515937884e+04 1.5707963268e+00 -3.5063177161e+00
3.0883787561e-04 2.7535146805e+04 1.5707963268e+00 -3.5071272571e+00
3.0896854579e-04 2.7554365041e+04 1.5707963268e+00 -3.5079356678e+00
3.0909917264e-04 2.7573592577e+04 1.5707963268e+00 -3.5087429500e+00
3.0922975621e-04 2.7592829400e+04 1.5707963268e+00 -3.5095491056e+00
3.0936029657e-04 2.7612075497e+04 1.5707963268e+00 -3.5103541363e+00
3.0949079380e-04 2.7631330854e+04 1.5707963268e+00 -3.5111580441e+00
3.0962124797e-04 2.7650595458e+04 1.5707963268e+00 -3.5119608306e+00
3.0975165913e-04 2.7669869296e+04 1.5707963268e+00 -3.5127624976e+00
3.0988202737e-04 2.7689152354e+04 1.5707963268e+00 -3.5135630471e+00
3.1001235274e-04 2.7708444618e+04 1.5707963268e+00 -3.5143624808e+00
3.1014263531e-04 2.7727746076e+04 1.5707963268e+00 -3.5151608005e+00
3.1027287515e-04 2.7747056714e+04 1.5707963268e+00 -3.5159580080e+00
3.1040307233e-04 2.7766376519e+04 1.5707963268e+00 -3.5167541051e+00
3.1053322692e-04 2.7785705478e+04 1.5707963268e+00 -3.5175490935e+00
3.1066333897e-04 2.7805043577e+04 1.5707963268e+00 -3.5183429752e+00
3.1079340857e-04 2.7824390803e+04 1.5707963268e+00 -3.5191357517e+00
3.1092343577e-04 2.7843747143e+04 1.5707963268e+00 -3.5199274251e+00
3.1105342064e-04 2.7863112583e+04 1.5707963268e+00 -3.5207179969e+00
3.1118336325e-04 2.7882487111e+04 1.5707963268e+00 -3.5215074691e+00
3.1131326366e-04 2.7901870713e+04 1.5707963268e+00 -3.5222958434e+00
3.1144312195e-04 2.7921263376e+04 1.5707963268e+00 -3.5230831215e+00
3.1157293817e-04 2.7940665087e+04 1.5707963268e+00 -3.5238693052e+00
3.1170271240e-04 2.7960075833e+04 1.5707963268e+00 -3.5246543964e+00
3.1183244469e-04 2.7979495601e+04 1.5707963268e+00 -3.5254383967e+00
3.1196213512e-04 2.7998924376e+04 1.5707963268e+00 -3.5262213080e+00
3.1209178374e-04 2.8018362148e+04 1.5707963268e+00 -3.5270031319e+00
3.1222139064e-04 2.8037808901e+04 1.5707963268e+00 -3.5277838704e+00
3.1235095586e-04 2.8057264624e+04 1.5707963268e+00 -3.5285635250e+00
3.1248047948e-04 2.8076729303e+04 1.5707963268e+00 -3.5293420977e+00
3.1260996157e-04 2.8096202924e+04 1.5707963268e+00 -3.5301195901e+00
3.1273940218e-04 2.8115685476e+04 1.5707963268e+00 -3.5308960039e+00
3.1286880138e-04 2.8135176945e+04 1.5707963268e+00 -3.5316713410e+00
3.1299815924e-04 2.8154677318e+04 1.5707963268e+00 -3.5324456031e+00
3.1312747582e-04 2.8174186582e+04 1.5707963268e+00 -3.5332187919e+00
3.1325675119e-04 2.8193704724e+04 1.5707963268e+00 -3.5339909091e+00
3.1338598541e-04 2.8213231731e+04 1.5707963268e+00 -3.5347619566e+00
3.1351517854e-04 2.8232767590e+04 1.5707963268e+00 -3.5355319360e+00
3.1364433065e-04 2.8252312289e+04 1.5707963268e+00 -3.5363008491e+00
3.1377344181e-04 2.8271865814e+04 1.5707963268e+00 -3.5370686976e+00
3.1390251207e-04 2.8291428152e+04 1.5707963268e+00 -3.5378354832e+00
3.1403154151e-04 2.8310999291e+04 1.5707963268e+00 -3.5386012077e+00
3.1416053018e-04 2.8330579217e+04 1.5707963268e+00 -3.5393658728e+00
3.1428947815e-04 2.8350167918e+04 1.5707963268e+00 -3.5401294802e+00
3.1441838549e-04 2.8369765381e+04 1.5707963268e+00 -3.5408920317e+00
3.1454725225e-04 2.8389371593e+04 1.5707963268e+00 -3.5416535288e+00
3.1467607850e-04 2.8408986542e+04 1.5707963268e+00 -3.5424139735e+00
3.1480486431e-04 2.8428610214e+04 1.5707963268e+00 -3.5431733673e+00
3.1493360973e-04 2.8448242596e+04 1.5707963268e+00 -3.5439317120e+00
3.1506231483e-04 2.8467883677e+04 1.5707963268e+00 -3.5446890094e+00
3.1519097968e-04 2.8487533443e+04 1.5707963268e+00 -3.5454452610e+00
3.1531960433e-04 2.8507191881e+04 1.5707963268e+00 -3.5462004686e+00
3.1544818885e-04 2.8526858979e+04 1.5707963268e+00 -3.5469546339e+00
3.1557673330e-04 2.8546534724e+04 1.5707963268e+00 -3.5477077587e+00
3.1570523775e-04 2.8566219104e+04 1.5707963268e+00 -3.5484598445e+00
3.1583370225e-04 2.8585912105e+04 1.5707963268e+00 -3.5492108931e+00
3.1596212687e-04 2.8605613715e+04 1.5707963268e+00 -3.5499609062e+00
3.1609051167e-04 2.8625323922e+04 1.5707963268e+00 -3.5507098855e+00
3.1621885671e-04 2.8645042712e+04 1.5707963268e+00 -3.5514578326e+00
3.1634716206e-04 2.8664770074e+04 1.5707963268e+00 -3.5522047493e+00
3.1647542778e-04 2.8684505993e+04 1.5707963268e+00 -3.5529506372e+00
3.1660365393e-04 2.8704250459e+04 1.5707963268e+00 -3.5536954980e+00
3.1673184056e-04 2.8724003459e+04 1.5707963268e+00 -3.5544393334e+00
3.1685998775e-04 2.8743764979e+04 1.5707963268e+00 -3.5551821450e+00
3.1698809555e-04 2.8763535007e+04 1.5707963268e+00 -3.5559239346e+00
3.1711616403e-04 2.8783313531e+04 1.5707963268e+00 -3.5566647037e+00
3.1724419324e-04 2.8803100538e+04 1.5707963268e+00 -3.5574044541e+00
3.1737218325e-04 2.8822896016e+04 1.5707963268e+00 -3.5581431874e+00
3.1750013412e-04 2.8842699953e+04 1.5707963268e+00 -3.5588809053e+00
3.1762804591e-04 2.8862512335e+04 1.5707963268e+00 -3.5596176095e+00
3.1775591868e-04 2.8882333150e+04 1.5707963268e+00 -3.5603533015e+00
3.1788375249e-04 2.8902162387e+04 1.5707963268e+00 -3.5610879831e+00
3.1801154740e-04 2.8922000031e+04 1.5707963268e+00 -3.5618216559e+00
3.1813930347e-04 2.8941846072e+04 1.5707963268e+00 -3.5625543215e+00
3.1826702077e-04 2.8961700497e+04 1.5707963268e+00 -3.5632859817e+00
3.1839469934e-04 2.8981563293e+04 1.5707963268e+00 -3.5640166380e+00
3.1852233927e-04 2.9001434448e+04 1.5707963268e+00 -3.5647462921e+00
3.1864994059e-04 2.9021313950e+04 1.5707963268e+00 -3.5654749456e+00
3.1877750338e-04 2.9041201786e+04 1.5707963268e+00 -3.5662026002e+00
3.1890502769e-04 2.9061097944e+04 1.5707963268e+00 -3.5669292575e+00
3.1903251358e-04 2.9081002411e+04 1.5707963268e+00 -3.5676549191e+00
3.1915996112e-04 2.9100915176e+04 1.5707963268e+00 -3.5683795867e+00
3.1928737036e-04 2.9120836227e+04 1.5707963268e+00 -3.5691032618e+00
3.1941474136e-04 2.9140765550e+04 1.5707963268e+00 -3.5698259462e+00
3.1954207418e-04 2.9160703134e+04 1.5707963268e+00 -3.5705476415e+00
3.1966936888e-04 2.9180648966e+04 1.5707963268e+00 -3.5712683491e+00
3.1979662552e-04 2.9200603035e+04 1.5707963268e+00 -3.5719880709e+00
3.1992384416e-04 2.9220565327e+04 1.5707963268e+00 -3.5727068083e+00
3.2005102485e-04 2.9240535832e+04 1.5707963268e+00 -3.5734245631e+00
3.2017816766e-04 2.9260514536e+04 1.5707963268e+00 -3.5741413368e+00
3.2030527265e-04 2.9280501428e+04 1.5707963268e+00 -3.5748571310e+00
3.2043233987e-04 2.9300496495e+04 1.5707963268e+00 -3.5755719473e+00
3.2055936938e-04 2.9320499726e+04 1.5707963268e+00 -3.5762857873e+00
3.2068636124e-04 2.9340511108e+04 1.5707963268e+00 -3.5769986527e+00
3.2081331551e-04 2.9360530629e+04 1.5707963268e+00 -3.5777105450e+00
3.2094023225e-04 2.9380558278e+04 1.5707963268e+00 -3.5784214659e+00
3.2106711151e-04 2.9400594041e+04 1.5707963268e+00 -3.5791314169e+00
3.2119395336e-04 2.9420637907e+04 1.5707963268e+00 -3.5798403996e+00
3.2132075784e-04 2.9440689865e+04 1.5707963268e+00 -3.5805484155e+00
3.2144752503e-04 2.9460749901e+04 1.5707963268e+00 -3.5812554664e+00
3.2157425497e-04 2.9480818005e+04 1.5707963268e+00 -3.5819615538e+00
3.2170094773e-04 2.9500894164e+04 1.5707963268e+00 -3.5826666791e+00
3.2182760335e-04 2.9520978365e+04 1.5707963268e+00 -3.5833708442e+00
3.2195422191e-04 2.9541070598e+04 1.5707963268e+00 -3.5840740504e+00
3.2208080345e-04 2.9561170850e+04 1.5707963268e+00 -3.5847762994e+00
3.2220734804e-04 2.9581279110e+04 1.5707963268e+00 -3.5854775928e+00
3.2233385572e-04 2.9601395365e+04 1.5707963268e+00 -3.5861779321e+00
3.2246032657e-04 2.9621519603e+04 1.5707963268e+00 -3.5868773189e+00
3.2258676062e-04 2.9641651814e+04 1.5707963268e+00 -3.5875757548e+00
3.2271315795e-04 2.9661791984e+04 1.5707963268e+00 -3.5882732412e+00
3.2283951861e-04 2.9681940102e+04 1.5707963268e+00 -3.5889697799e+00
3.2296584265e-04 2.9702096156e+04 1.5707963268e+00 -3.5896653723e+00
3.2309213013e-04 2.9722260135e+04 1.5707963268e+00 -3.5903600199e+00
3.2321838111e-04 2.9742432026e+04 1.5707963268e+00 -3.5910537245e+00
3.2334459564e-04 2.9762611818e+04 1.5707963268e+00 -3.5917464874e+00
3.2347077378e-04 2.9782799500e+04 1.5707963268e+00 -3.5924383102e+00
3.2359691559e-04 2.9802995058e+04 1.5707963268e+00 -3.5931291946e+00
3.2372302112e-04 2.9823198483e+04 1.5707963268e+00 -3.5938191419e+00
3.2384909042e-04 2.9843409761e+04 1.5707963268e+00 -3.5945081539e+00
3.2397512356e-04 2.9863628881e+04 1.5707963268e+00 -3.5951962319e+00
3.2410112059e-04 2.9883855832e+04 1.5707963268e+00 -3.5958833776e+00
3.2422708157e-04 2.9904090602e+04 1.5707963268e+00 -3.5965695925e+00
3.2435300654e-04 2.9924333180e+04 1.5707963268e+00 -3.5972548781e+00
3.2447889557e-04 2.9944583553e+04 1.5707963268e+00 -3.5979392359e+00
3.2460474871e-04 2.9964841709e+04 1.5707963268e+00 -3.5986226675e+00
3.2473056601e-04 2.9985107639e+04 1.5707963268e+00 -3.5993051744e+00
3.2485634754e-04 3.0005381329e+04 1.5707963268e+00 -3.5999867580e+00
3.2498209334e-04 3.0025662768e+04 1.5707963268e+00 -3.6006674201e+00
3.2510780347e-04 3.0045951945e+04 1.5707963268e+00 -3.6013471619e+00
3.2523347799e-04 3.0066248849e+04 1.5707963268e+00 -3.6020259851e+00
3.2535911695e-04 3.0086553467e+04 1.5707963268e+00 -3.6027038912e+00
3.2548472041e-04 3.0106865788e+04 1.5707963268e+00 -3.6033808817e+00
3.2561028841e-04 3.0127185801e+04 1.5707963268e+00 -3.6040569580e+00
3.2573582102e-04 3.0147513494e+04 1.5707963268e+00 -3.6047321218e+00
3.2586131828e-04 3.0167848856e+04 1.5707963268e+00 -3.6054063744e+00
3.2598678026e-04 3.0188191875e+04 1.5707963268e+00 -3.6060797174e+00
3.2611220700e-04 3.0208542540e+04 1.5707963268e+00 -3.6067521524e+00
3.2623759857e-04 3.0228900839e+04 1.5707963268e+00 -3.6074236807e+00
3.2636295500e-04 3.0249266762e+04 1.5707963268e+00 -3.6080943039e+00
3.2648827637e-04 3.0269640296e+04 1.5707963268e+00 -3.6087640234e+00
3.2661356272e-04 3.0290021430e+04 1.5707963268e+00 -3.6094328408e+00
3.2673881410e-04 3.0310410154e+04 1.5707963268e+00 -3.6101007576e+00
3.2686403057e-04 3.0330806455e+04 1.5707963268e+00 -3.6107677752e+00
3.2698921219e-04 3.0351210322e+04 1.5707963268e+00 -3.6114338951e+00
3.2711435900e-04 3.0371621745e+04 1.5707963268e+00 -3.6120991188e+00
3.2723947106e-04 3.0392040711e+04 1.5707963268e+00 -3.6127634477e+00
3.2736454842e-04 3.0412467209e+04 1.5707963268e+00 -3.6134268834e+00
3.2748959114e-04 3.0432901229e+04 1.5707963268e+00 -3.6140894273e+00
3.2761459926e-04 3.0453342759e+04 1.5707963268e+00 -3.6147510809e+00
3.2773957285e-04 3.0473791787e+04 1.5707963268e+00 -3.6154118456e+00
3.2786451195e-04 3.0494248303e+04 1.5707963268e+00 -3.6160717230e+00
3.2798941661e-04 3.0514712296e+04 1.5707963268e+00 -3.6167307144e+00
3.2811428690e-04 3.0535183753e+04 1.5707963268e+00 -3.6173888213e+00
3.2823912285e-04 3.0555662665e+04 1.5707963268e+00 -3.6180460453e+00
3.2836392453e-04 3.0576149019e+04 1.5707963268e+00 -3.6187023876e+00
3.2848869198e-04 3.0596642805e+04 1.5707963268e+00 -3.6193578499e+00
3.2861342527e-04 3.0617144012e+04 1.5707963268e+00 -3.6200124335e+00
3.2873812443e-04 3.0637652628e+04 1.5707963268e+00 -3.6206661399e+00
3.2886278953e-04 3.0658168642e+04 1.5707963268e+00 -3.6213189706e+00
3.2898742061e-04 3.0678692044e+04 1.5707963268e+00 -3.6219709269e+00
3.2911201772e-04 3.0699222822e+04 1.5707963268e+00 -3.6226220104e+00
3.2923658093e-04 3.0719760966e+04 1.5707963268e+00 -3.6232722224e+00
3.2936111027e-04 3.0740306463e+04 1.5707963268e+00 -3.6239215645e+00
3.2948560580e-04 3.0760859304e+04 1.5707963268e+00 -3.6245700379e+00
3.2961006758e-04 3.0781419477e+04 1.5707963268e+00 -3.6252176443e+00
3.2973449565e-04 3.0801986972e+04 1.5707963268e+00 -3.6258643849e+00
3.2985889007e-04 3.0822561776e+04 1.5707963268e+00 -3.6265102612e+00
3.2998325088e-04 3.0843143880e+04 1.5707963268e+00 -3.6271552747e+00
3.3010757813e-04 3.0863733273e+04 1.5707963268e+00 -3.6277994268e+00
3.3023187189e-04 3.0884329943e+04 1.5707963268e+00 -3.6284427189e+00
3.3035613220e-04 3.0904933879e+04 1.5707963268e+00 -3.6290851523e+00
3.3048035910e-04 3.0925545071e+04 1.5707963268e+00 -3.6297267286e+00
3.3060455266e-04 3.0946163508e+04 1.5707963268e+00 -3.6303674492e+00
3.3072871291e-04 3.0966789179e+04 1.5707963268e+00 -3.6310073153e+00
3.3085283992e-04 3.0987422073e+04 1.5707963268e+00 -3.6316463286e+00
3.3097693373e-04 3.1008062180e+04 1.5707963268e+00 -3.6322844903e+00
3.3110099439e-04 3.1028709488e+04 1.5707963268e+00 -3.6329218018e+00
3.3122502196e-04 3.1049363987e+04 1.5707963268e+00 -3.6335582647e+00
3.3134901648e-04 3.1070025665e+04 1.5707963268e+00 -3.6341938801e+00
3.3147297800e-04 3.1090694513e+04 1.5707963268e+00 -3.6348286497e+00
3.3159690657e-04 3.1111370519e+04 1.5707963268e+00 -3.6354625747e+00
3.3172080225e-04 3.1132053673e+04 1.5707963268e+00 -3.6360956566e+00
3.3184466508e-04 3.1152743965e+04 1.5707963268e+00 -3.6367278967e+00
3.3196849511e-04 3.1173441382e+04 1.5707963268e+00 -3.6373592965e+00
3.3209229239e-04 3.1194145915e+04 1.5707963268e+00 -3.6379898572e+00
3.3221605697e-04 3.1214857553e+04 1.5707963268e+00 -3.6386195804e+00
3.3233978891e-04 3.1235576285e+04 1.5707963268e+00 -3.6392484673e+00
3.3246348824e-04 3.1256302101e+04 1.5707963268e+00 -3.6398765194e+00
3.3258715503e-04 3.1277034990e+04 1.5707963268e+00 -3.6405037380e+00
3.3271078931e-04 3.1297774941e+04 1.5707963268e+00 -3.6411301246e+00
3.3283439114e-04 3.1318521944e+04 1.5707963268e+00 -3.6417556804e+00
3.3295796057e-04 3.1339275989e+04 1.5707963268e+00 -3.6423804068e+00
3.3308149764e-04 3.1360037064e+04 1.5707963268e+00 -3.6430043053e+00
3.3320500241e-04 3.1380805159e+04 1.5707963268e+00 -3.6436273772e+00
3.3332847492e-04 3.1401580264e+04 1.5707963268e+00 -3.6442496238e+00
3.3345191522e-04 3.1422362368e+04 1.5707963268e+00 -3.6448710465e+00
3.3357532336e-04 3.1443151461e+04 1.5707963268e+00 -3.6454916467e+00
3.3369869939e-04 3.1463947532e+04 1.5707963268e+00 -3.6461114257e+00
3.3382204336e-04 3.1484750570e+04 1.5707963268e+00 -3.6467303849e+00
3.3394535531e-04 3.1505560566e+04 1.5707963268e+00 -3.6473485256e+00
3.3406863529e-04 3.1526377508e+04 1.5707963268e+00 -3.6479658491e+00
3.3419188336e-04 3.1547201387e+04 1.5707963268e+00 -3.6485823569e+00
3.3431509956e-04 3.1568032192e+04 1.5707963268e+00 -3.6491980503e+00
3.3443828393e-04 3.1588869912e+04 1.5707963268e+00 -3.6498129305e+00
3.3456143653e-04 3.1609714537e+04 1.5707963268e+00 -3.6504269990e+00
3.3468455740e-04 3.1630566058e+04 1.5707963268e+00 -3.6510402571e+00
3.3480764660e-04 3.1651424462e+04 1.5707963268e+00 -3.6516527062e+00
3.3493070416e-04 3.1672289741e+04 1.5707963268e+00 -3.6522643474e+00
3.3505373014e-04 3.1693161884e+04 1.5707963268e+00 -3.6528751823e+00
3.3517672458e-04 3.1714040880e+04 1.5707963268e+00 -3.6534852121e+00
3.3529968753e-04 3.1734926719e+04 1.5707963268e+00 -3.6540944381e+00
3.3542261904e-04 3.1755819391e+04 1.5707963268e+00 -3.6547028617e+00
3.3554551916e-04 3.1776718886e+04 1.5707963268e+00 -3.6553104842e+00
3.3566838792e-04 3.1797625193e+04 1.5707963268e+00 -3.6559173069e+00
3.3579122539e-04 3.1818538303e+04 1.5707963268e+00 -3.6565233311e+00
3.3591403160e-04 3.1839458204e+04 1.5707963268e+00 -3.6571285581e+00
3.3603680661e-04 3.1860384888e+04 1.5707963268e+00 -3.6577329893e+00
3.3615955045e-04 3.1881318343e+04 1.5707963268e+00 -3.6583366260e+00
3.3628226318e-04 3.1902258559e+04 1.5707963268e+00 -3.6589394695e+00
3.3640494484e-04 3.1923205527e+04 1.5707963268e+00 -3.6595415210e+00
3.3652759549e-04 3.1944159236e+04 1.5707963268e+00 -3.6601427819e+00
3.3665021515e-04 3.1965119675e+04 1.5707963268e+00 -3.6607432536e+00
3.3677280389e-04 3.1986086836e+04 1.5707963268e+00 -3.6613429372e+00
3.3689536175e-04 3.2007060708e+04 1.5707963268e+00 -3.6619418341e+00
3.3701788877e-04 3.2028041280e+04 1.5707963268e+00 -3.6625399456e+00
3.3714038501e-04 3.2049028544e+04 1.5707963268e+00 -3.6631372729e+00
3.3726285049e-04 3.2070022488e+04 1.5707963268e+00 -3.6637338174e+00
3.3738528528e-04 3.2091023102e+04 1.5707963268e+00 -3.6643295804e+00
3.3750768942e-04 3.2112030377e+04 1.5707963268e+00 -3.6649245632e+00
3.3763006296e-04 3.2133044303e+04 1.5707963268e+00 -3.6655187669e+00
3.3775240593e-04 3.2154064869e+04 1.5707963268e+00 -3.6661121930e+00
3.3787471838e-04 3.2175092066e+04 1.5707963268e+00 -3.6667048427e+00
3.3799700037e-04 3.2196125884e+04 1.5707963268e+00 -3.6672967172e+00
3.3811925193e-04 3.2217166313e+04 1.5707963268e+00 -3.6678878179e+00
3.3824147312e-04 3.2238213342e+04 1.5707963268e+00 -3.6684781460e+00
3.3836366397e-04 3.2259266962e+04 1.5707963268e+00 -3.6690677028e+00
3.3848582453e-04 3.2280327163e+04 1.5707963268e+00 -3.6696564896e+00
3.3860795484e-04 3.2301393936e+04 1.5707963268e+00 -3.6702445076e+00
3.3873005496e-04 3.2322467270e+04 1.5707963268e+00 -3.6708317581e+00
3.3885212493e-04 3.2343547155e+04 1.5707963268e+00 -3.6714182423e+00
3.3897416479e-04 3.2364633582e+04 1.5707963268e+00 -3.6720039616e+00
3.3909617458e-04 3.2385726540e+04 1.5707963268e+00 -3.6725889172e+00
3.3921815435e-04 3.2406826021e+04 1.5707963268e+00 -3.6731731103e+00
3.3934010415e-04 3.2427932013e+04 1.5707963268e+00 -3.6737565421e+00
3.3946202402e-04 3.2449044508e+04 1.5707963268e+00 -3.6743392141e+00
3.3958391400e-04 3.2470163496e+04 1.5707963268e+00 -3.6749211273e+00
3.3970577414e-04 3.2491288966e+04 1.5707963268e+00 -3.6755022830e+00
3.3982760448e-04 3.2512420910e+04 1.5707963268e+00 -3.6760826826e+00
3.3994940507e-04 3.2533559317e+04 1.5707963268e+00 -3.6766623271e+00
3.4007117595e-04 3.2554704178e+04 1.5707963268e+00 -3.6772412180e+00
3.4019291716e-04 3.2575855483e+04 1.5707963268e+00 -3.6778193563e+00
3.4031462876e-04 3.2597013222e+04 1.5707963268e+00 -3.6783967434e+00
3.4043631077e-04 3.2618177386e+04 1.5707963268e+00 -3.6789733805e+00
3.4055796325e-04 3.2639347965e+04 1.5707963268e+00 -3.6795492688e+00
3.4067958625e-04 3.2660524949e+04 1.5707963268e+00 -3.6801244096e+00
3.4080117979e-04 3.2681708330e+04 1.5707963268e+00 -3.6806988040e+00
3.4092274393e-04 3.2702898096e+04 1.5707963268e+00 -3.6812724533e+00
3.4104427872e-04 3.2724094239e+04 1.5707963268e+00 -3.6818453588e+00
3.4116578419e-04 3.2745296749e+04 1.5707963268e+00 -3.6824175216e+00
3.4128726038e-04 3.2766505617e+04 1.5707963268e+00 -3.6829889430e+00
3.4140870735e-04 3.2787720832e+04 1.5707963268e+00 -3.6835596242e+00
3.4153012512e-04 3.2808942386e+04 1.5707963268e+00 -3.6841295664e+00
3.4165151376e-04 3.2830170269e+04 1.5707963268e+00 -3.6846987708e+00
3.4177287330e-04 3.2851404471e+04 1.5707963268e+00 -3.6852672386e+00
3.4189420377e-04 3.2872644983e+04 1.5707963268e+00 -3.6858349711e+00
3.4201550524e-04 3.2893891796e+04 1.5707963268e+00 -3.6864019694e+00
3.4213677773e-04 3.2915144899e+04 1.5707963268e+00 -3.6869682348e+00
3.4225802129e-04 3.2936404284e+04 1.5707963268e+00 -3.6875337684e+00
3.4237923597e-04 3.2957669941e+04 1.5707963268e+00 -3.6880985715e+00
3.4250042180e-04 3.2978941861e+04 1.5707963268e+00 -3.6886626453e+00
3.4262157883e-04 3.3000220035e+04 1.5707963268e+00 -3.6892259909e+00
3.4274270710e-04 3.3021504452e+04 1.5707963268e+00 -3.6897886096e+00
3.4286380665e-04 3.3042795103e+04 1.5707963268e+00 -3.6903505025e+00
3.4298487753e-04 3.3064091980e+04 1.5707963268e+00 -3.6909116708e+00
3.4310591978e-04 3.3085395073e+04 1.5707963268e+00 -3.6914721158e+00
3.4322693343e-04 3.3106704372e+04 1.5707963268e+00 -3.6920318386e+00
3.4334791854e-04 3.3128019869e+04 1.5707963268e+00 -3.6925908404e+00
3.4346887514e-04 3.3149341554e+04 1.5707963268e+00 -3.6931491224e+00
3.4358980327e-04 3.3170669417e+04 1.5707963268e+00 -3.6937066857e+00
3.4371070298e-04 3.3192003449e+04 1.5707963268e+00 -3.6942635316e+00
3.4383157431e-04 3.3213343642e+04 1.5707963268e+00 -3.6948196612e+00
3.4395241730e-04 3.3234689985e+04 1.5707963268e+00 -3.6953750757e+00
3.4407323199e-04 3.3256042470e+04 1.5707963268e+00 -3.6959297763e+00
3.4419401843e-04 3.3277401088e+04 1.5707963268e+00 -3.6964837641e+00
3.4431477665e-04 3.3298765829e+04 1.5707963268e+00 -3.6970370403e+00
3.4443550669e-04 3.3320136684e+04 1.5707963268e+00 -3.6975896061e+00
3.4455620860e-04 3.3341513644e+04 1.5707963268e+00 -3.6981414626e+00
3.4467688242e-04 3.3362896699e+04 1.5707963268e+00 -3.6986926110e+00
3.4479752819e-04 3.3384285842e+04 1.5707963268e+00 -3.6992430525e+00
3.4491814595e-04 3.3405681061e+04 1.5707963268e+00 -3.6997927881e+00
3.4503873574e-04 3.3427082349e+04 1.5707963268e+00 -3.7003418192e+00
3.4515929760e-04 3.3448489697e+04 1.5707963268e+00 -3.7008901468e+00
3.4527983157e-04 3.3469903094e+04 1.5707963268e+00 -3.7014377721e+00
3.4540033770e-04 3.3491322533e+04 1.5707963268e+00 -3.7019846962e+00
3.4552081602e-04 3.3512748003e+04 1.5707963268e+00 -3.7025309203e+00
3.4564126658e-04 3.3534179497e+04 1.5707963268e+00 -3.7030764455e+00
3.4576168941e-04 3.3555617005e+04 1.5707963268e+00 -3.7036212729e+00
3.4588208455e-04 3.3577060518e+04 1.5707963268e+00 -3.7041654038e+00
3.4600245205e-04 3.3598510026e+04 1.5707963268e+00 -3.7047088393e+00
3.4612279195e-04 3.3619965522e+04 1.5707963268e+00 -3.7052515804e+00
3.4624310428e-04 3.3641426996e+04 1.5707963268e+00 -3.7057936284e+00
3.4636338909e-04 3.3662894438e+04 1.5707963268e+00 -3.7063349843e+00
3.4648364642e-04 3.3684367841e+04 1.5707963268e+00 -3.7068756493e+00
3.4660387630e-04 3.3705847195e+04 1.5707963268e+00 -3.7074156246e+00
3.4672407878e-04 3.3727332492e+04 1.5707963268e+00 -3.7079549112e+00
3.4684425389e-04 3.3748823722e+04 1.5707963268e+00 -3.7084935102e+00
3.4696440168e-04 3.3770320876e+04 1.5707963268e+00 -3.7090314229e+00
3.4708452219e-04 3.3791823946e+04 1.5707963268e+00 -3.7095686503e+00
3.4720461545e-04 3.3813332923e+04 1.5707963268e+00 -3.7101051936e+00
3.4732468150e-04 3.3834847797e+04 1.5707963268e+00 -3.7106410538e+00
3.4744472039e-04 3.3856368561e+04 1.5707963268e+00 -3.7111762321e+00
3.4756473215e-04 3.3877895205e+04 1.5707963268e+00 -3.7117107296e+00
3.4768471683e-04 3.3899427720e+04 1.5707963268e+00 -3.7122445474e+00
3.4780467445e-04 3.3920966098e+04 1.5707963268e+00 -3.7127776866e+00
3.4792460507e-04 3.3942510331e+04 1.5707963268e+00 -3.7133101484e+00
3.4804450872e-04 3.3964060408e+04 1.5707963268e+00 -3.7138419338e+00
3.4816438543e-04 3.3985616321e+04 1.5707963268e+00 -3.7143730439e+00
3.4828423526e-04 3.4007178063e+04 1.5707963268e+00 -3.7149034798e+00
3.4840405823e-04 3.4028745623e+04 1.5707963268e+00 -3.7154332428e+00
3.4852385438e-04 3.4050318993e+04 1.5707963268e+00 -3.7159623337e+00
3.4864362376e-04 3.4071898165e+04 1.5707963268e+00 -3.7164907538e+00
3.4876336641e-04 3.4093483130e+04 1.5707963268e+00 -3.7170185041e+00
3.4888308236e-04 3.4115073879e+04 1.5707963268e+00 -3.7175455858e+00
3.4900277164e-04 3.4136670404e+04 1.5707963268e+00 -3.7180719999e+00
3.4912243431e-04 3.4158272695e+04 1.5707963268e+00 -3.7185977474e+00
3.4924207039e-04 3.4179880745e+04 1.5707963268e+00 -3.7191228296e+00
3.4936167993e-04 3.4201494544e+04 1.5707963268e+00 -3.7196472475e+00
3.4948126296e-04 3.4223114085e+04 1.5707963268e+00 -3.7201710021e+00
3.4960081953e-04 3.4244739358e+04 1.5707963268e+00 -3.7206940946e+00
3.4972034966e-04 3.4266370355e+04 1.5707963268e+00 -3.7212165260e+00
3.4983985340e-04 3.4288007067e+04 1.5707963268e+00 -3.7217382974e+00
3.4995933079e-04 3.4309649486e+04 1.5707963268e+00 -3.7222594098e+00
3.5007878187e-04 3.4331297604e+04 1.5707963268e+00 -3.7227798645e+00
3.5019820666e-04 3.4352951411e+04 1.5707963268e+00 -3.7232996623e+00
3.5031760522e-04 3.4374610900e+04 1.5707963268e+00 -3.7238188045e+00
3.5043697757e-04 3.4396276061e+04 1.5707963268e+00 -3.7243372920e+00
3.5055632376e-04 3.4417946887e+04 1.5707963268e+00 -3.7248551259e+00
3.5067564381e-04 3.4439623368e+04 1.5707963268e+00 -3.7253723073e+00
3.5079493778e-04 3.4461305497e+04 1.5707963268e+00 -3.7258888373e+00
3.5091420570e-04 3.4482993265e+04 1.5707963268e+00 -3.7264047169e+00
3.5103344760e-04 3.4504686663e+04 1.5707963268e+00 -3.7269199472e+00
3.5115266353e-04 3.4526385684e+04 1.5707963268e+00 -3.7274345292e+00
3.5127185351e-04 3.4548090318e+04 1.5707963268e+00 -3.7279484640e+00
3.5139101759e-04 3.4569800557e+04 1.5707963268e+00 -3.7284617527e+00
3.5151015581e-04 3.4591516394e+04 1.5707963268e+00 -3.7289743962e+00
3.5162926819e-04 3.4613237819e+04 1.5707963268e+00 -3.7294863957e+00
3.5174835479e-04 3.4634964825e+04 1.5707963268e+00 -3.7299977522e+00
3.5186741562e-04 3.4656697402e+04 1.5707963268e+00 -3.7305084667e+00
3.5198645074e-04 3.4678435543e+04 1.5707963268e+00 -3.7310185403e+00
3.5210546018e-04 3.4700179240e+04 1.5707963268e+00 -3.7315279740e+00
3.5222444397e-04 3.4721928484e+04 1.5707963268e+00 -3.7320367688e+00
3.5234340215e-04 3.4743683266e+04 1.5707963268e+00 -3.7325449259e+00
3.5246233477e-04 3.4765443579e+04 1.5707963268e+00 -3.7330524462e+00
3.5258124184e-04 3.4787209414e+04 1.5707963268e+00 -3.7335593308e+00
3.5270012342e-04 3.4808980763e+04 1.5707963268e+00 -3.7340655806e+00
3.5281897953e-04 3.4830757618e+04 1.5707963268e+00 -3.7345711968e+00
3.5293781022e-04 3.4852539971e+04 1.5707963268e+00 -3.7350761804e+00
3.5305661552e-04 3.4874327813e+04 1.5707963268e+00 -3.7355805324e+00
3.5317539546e-04 3.4896121136e+04 1.5707963268e+00 -3.7360842537e+00
3.5329415009e-04 3.4917919933e+04 1.5707963268e+00 -3.7365873455e+00
3.5341287943e-04 3.4939724194e+04 1.5707963268e+00 -3.7370898088e+00
3.5353158353e-04 3.4961533912e+04 1.5707963268e+00 -3.7375916446e+00
3.5365026242e-04 3.4983349079e+04 1.5707963268e+00 -3.7380928538e+00
3.5376891614e-04 3.5005169686e+04 1.5707963268e+00 -3.7385934376e+00
3.5388754471e-04 3.5026995725e+04 1.5707963268e+00 -3.7390933969e+00
3.5400614819e-04 3.5048827189e+04 1.5707963268e+00 -3.7395927327e+00
3.5412472660e-04 3.5070664070e+04 1.5707963268e+00 -3.7400914461e+00
3.5424327997e-04 3.5092506358e+04 1.5707963268e+00 -3.7405895381e+00
3.5436180835e-04 3.5114354046e+04 1.5707963268e+00 -3.7410870096e+00
3.5448031177e-04 3.5136207127e+04 1.5707963268e+00 -3.7415838617e+00
3.5459879027e-04 3.5158065592e+04 1.5707963268e+00 -3.7420800953e+00
3.5471724387e-04 3.5179929432e+04 1.5707963268e+00 -3.7425757116e+00
3.5483567262e-04 3.5201798641e+04 1.5707963268e+00 -3.7430707114e+00
3.5495407655e-04 3.5223673210e+04 1.5707963268e+00 -3.7435650958e+00
3.5507245570e-04 3.5245553131e+04 1.5707963268e+00 -3.7440588658e+00
3.5519081010e-04 3.5267438396e+04 1.5707963268e+00 -3.7445520224e+00
3.5530913979e-04 3.5289328997e+04 1.5707963268e+00 -3.7450445665e+00
3.5542744479e-04 3.5311224926e+04 1.5707963268e+00 -3.7455364991e+00
3.5554572516e-04 3.5333126176e+04 1.5707963268e+00 -3.7460278213e+00
3.5566398091e-04 3.5355032738e+04 1.5707963268e+00 -3.7465185341e+00
3.5578221209e-04 3.5376944605e+04 1.5707963268e+00 -3.7470086383e+00
3.5590041873e-04 3.5398861768e+04 1.5707963268e+00 -3.7474981351e+00
3.5601860086e-04 3.5420784220e+04 1.5707963268e+00 -3.7479870253e+00
3.5613675852e-04 3.5442711953e+04 1.5707963268e+00 -3.7484753100e+00
3.5625489175e-04 3.5464644959e+04 1.5707963268e+00 -3.7489629902e+00
