0.0000000000e+00 1.4191689321e+04 1.5707963268e+00 0.0000000000e+00
2.4157265924e-07 1.4191689321e+04 1.5707963268e+00 -3.1250000000e-03
4.8314531848e-07 1.4191697983e+04 1.5707963268e+00 -6.2500000000e-03
7.2471773198e-07 1.4191715306e+04 1.5707963268e+00 -9.3749961853e-03
9.6628965401e-07 1.4191741292e+04 1.5707963268e+00 -1.2499984741e-02
1.2078608388e-06 1.4191775940e+04 1.5707963268e+00 -1.5624961853e-02
1.4494310407e-06 1.4191819251e+04 1.5707963268e+00 -1.8749923706e-02
1.6910000138e-06 1.4191871223e+04 1.5707963268e+00 -2.1874866486e-02
1.9325675126e-06 1.4191931859e+04 1.5707963268e+00 -2.4999786377e-02
2.1741332912e-06 1.4192001158e+04 1.5707963268e+00 -2.8124679566e-02
2.4156971040e-06 1.4192079121e+04 1.5707963268e+00 -3.1249542237e-02
2.6572587053e-06 1.4192165748e+04 1.5707963268e+00 -3.4374370576e-02
2.8988178492e-06 1.4192261040e+04 1.5707963268e+00 -3.7499160767e-02
3.1403742902e-06 1.4192364997e+04 1.5707963268e+00 -4.0623908996e-02
3.3819277825e-06 1.4192477620e+04 1.5707963268e+00 -4.3748611448e-02
3.6234780805e-06 1.4192598911e+04 1.5707963268e+00 -4.6873264308e-02
3.8650249385e-06 1.4192728869e+04 1.5707963268e+00 -4.9997863761e-02
4.1065681108e-06 1.4192867496e+04 1.5707963268e+00 -5.3122405991e-02
4.3481073518e-06 1.4193014792e+04 1.5707963268e+00 -5.6246887184e-02
4.5896424158e-06 1.4193170759e+04 1.5707963268e+00 -5.9371303524e-02
4.8311730572e-06 1.4193335398e+04 1.5707963268e+00 -6.2495651195e-02
5.0726990304e-06 1.4193508709e+04 1.5707963268e+00 -6.5619926383e-02
5.3142200897e-06 1.4193690695e+04 1.5707963268e+00 -6.8744125270e-02
5.5557359895e-06 1.4193881356e+04 1.5707963268e+00 -7.1868244043e-02
5.7972464844e-06 1.4194080693e+04 1.5707963268e+00 -7.4992278884e-02
6.0387513286e-06 1.4194288709e+04 1.5707963268e+00 -7.8116225978e-02
6.2802502767e-06 1.4194505404e+04 1.5707963268e+00 -8.1240081508e-02
6.5217430832e-06 1.4194730781e+04 1.5707963268e+00 -8.4363841659e-02
6.7632295024e-06 1.4194964839e+04 1.5707963268e+00 -8.7487502613e-02
7.0047092889e-06 1.4195207583e+04 1.5707963268e+00 -9.0611060554e-02
7.2461821972e-06 1.4195459012e+04 1.5707963268e+00 -9.3734511665e-02
7.4876479818e-06 1.4195719129e+04 1.5707963268e+00 -9.6857852130e-02
7.7291063973e-06 1.4195987935e+04 1.5707963268e+00 -9.9981078131e-02
7.9705571982e-06 1.4196265434e+04 1.5707963268e+00 -1.0310418585e-01
8.2120001392e-06 1.4196551625e+04 1.5707963268e+00 -1.0622717147e-01
8.4534349748e-06 1.4196846512e+04 1.5707963268e+00 -1.0935003118e-01
8.6948614596e-06 1.4197150097e+04 1.5707963268e+00 -1.1247276115e-01
8.9362793484e-06 1.4197462382e+04 1.5707963268e+00 -1.1559535756e-01
9.1776883957e-06 1.4197783368e+04 1.5707963268e+00 -1.1871781661e-01
9.4190883563e-06 1.4198113059e+04 1.5707963268e+00 -1.2184013446e-01
9.6604789849e-06 1.4198451457e+04 1.5707963268e+00 -1.2496230731e-01
9.9018600362e-06 1.4198798563e+04 1.5707963268e+00 -1.2808433133e-01
1.0143231265e-05 1.4199154381e+04 1.5707963268e+00 -1.3120620271e-01
1.0384592426e-05 1.4199518913e+04 1.5707963268e+00 -1.3432791761e-01
1.0625943274e-05 1.4199892162e+04 1.5707963268e+00 -1.3744947223e-01
1.0867283564e-05 1.4200274130e+04 1.5707963268e+00 -1.4057086275e-01
1.1108613051e-05 1.4200664820e+04 1.5707963268e+00 -1.4369208533e-01
1.1349931490e-05 1.4201064235e+04 1.5707963268e+00 -1.4681313617e-01
1.1591238635e-05 1.4201472378e+04 1.5707963268e+00 -1.4993401144e-01
1.1832534242e-05 1.4201889251e+04 1.5707963268e+00 -1.5305470733e-01
1.2073818066e-05 1.4202314858e+04 1.5707963268e+00 -1.5617522000e-01
1.2315089861e-05 1.4202749201e+04 1.5707963268e+00 -1.5929554563e-01
1.2556349383e-05 1.4203192284e+04 1.5707963268e+00 -1.6241568042e-01
1.2797596386e-05 1.4203644110e+04 1.5707963268e+00 -1.6553562052e-01
1.3038830626e-05 1.4204104682e+04 1.5707963268e+00 -1.6865536212e-01
1.3280051859e-05 1.4204574004e+04 1.5707963268e+00 -1.7177490140e-01
1.3521259838e-05 1.4205052078e+04 1.5707963268e+00 -1.7489423454e-01
1.3762454320e-05 1.4205538908e+04 1.5707963268e+00 -1.7801335770e-01
1.4003635060e-05 1.4206034498e+04 1.5707963268e+00 -1.8113226707e-01
1.4244801812e-05 1.4206538851e+04 1.5707963268e+00 -1.8425095882e-01
1.4485954333e-05 1.4207051971e+04 1.5707963268e+00 -1.8736942912e-01
1.4727092377e-05 1.4207573862e+04 1.5707963268e+00 -1.9048767415e-01
1.4968215700e-05 1.4208104526e+04 1.5707963268e+00 -1.9360569009e-01
1.5209324058e-05 1.4208643968e+04 1.5707963268e+00 -1.9672347311e-01
1.5450417205e-05 1.4209192193e+04 1.5707963268e+00 -1.9984101939e-01
1.5691494898e-05 1.4209749203e+04 1.5707963268e+00 -2.0295832508e-01
1.5932556892e-05 1.4210315002e+04 1.5707963268e+00 -2.0607538638e-01
1.6173602942e-05 1.4210889595e+04 1.5707963268e+00 -2.0919219945e-01
1.6414632805e-05 1.4211472987e+04 1.5707963268e+00 -2.1230876046e-01
1.6655646235e-05 1.4212065180e+04 1.5707963268e+00 -2.1542506559e-01
1.6896642989e-05 1.4212666179e+04 1.5707963268e+00 -2.1854111100e-01
1.7137622822e-05 1.4213275989e+04 1.5707963268e+00 -2.2165689287e-01
1.7378585491e-05 1.4213894614e+04 1.5707963268e+00 -2.2477240737e-01
1.7619530750e-05 1.4214522058e+04 1.5707963268e+00 -2.2788765067e-01
1.7860458357e-05 1.4215158325e+04 1.5707963268e+00 -2.3100261894e-01
1.8101368066e-05 1.4215803421e+04 1.5707963268e+00 -2.3411730834e-01
1.8342259634e-05 1.4216457350e+04 1.5707963268e+00 -2.3723171505e-01
1.8583132817e-05 1.4217120117e+04 1.5707963268e+00 -2.4034583523e-01
1.8823987371e-05 1.4217791725e+04 1.5707963268e+00 -2.4345966505e-01
1.9064823053e-05 1.4218472181e+04 1.5707963268e+00 -2.4657320068e-01
1.9305639617e-05 1.4219161488e+04 1.5707963268e+00 -2.4968643829e-01
1.9546436821e-05 1.4219859653e+04 1.5707963268e+00 -2.5279937404e-01
1.9787214421e-05 1.4220566679e+04 1.5707963268e+00 -2.5591200410e-01
2.0027972173e-05 1.4221282572e+04 1.5707963268e+00 -2.5902432463e-01
2.0268709834e-05 1.4222007336e+04 1.5707963268e+00 -2.6213633180e-01
2.0509427160e-05 1.4222740978e+04 1.5707963268e+00 -2.6524802177e-01
2.0750123907e-05 1.4223483502e+04 1.5707963268e+00 -2.6835939072e-01
2.0990799833e-05 1.4224234913e+04 1.5707963268e+00 -2.7147043479e-01
2.1231454693e-05 1.4224995217e+04 1.5707963268e+00 -2.7458115015e-01
2.1472088245e-05 1.4225764420e+04 1.5707963268e+00 -2.7769153297e-01
2.1712700244e-05 1.4226542526e+04 1.5707963268e+00 -2.8080157941e-01
2.1953290449e-05 1.4227329541e+04 1.5707963268e+00 -2.8391128563e-01
2.2193858616e-05 1.4228125472e+04 1.5707963268e+00 -2.8702064779e-01
2.2434404501e-05 1.4228930322e+04 1.5707963268e+00 -2.9012966206e-01
2.2674927863e-05 1.4229744099e+04 1.5707963268e+00 -2.9323832458e-01
2.2915428457e-05 1.4230566808e+04 1.5707963268e+00 -2.9634663152e-01
2.3155906040e-05 1.4231398454e+04 1.5707963268e+00 -2.9945457904e-01
2.3396360371e-05 1.4232239044e+04 1.5707963268e+00 -3.0256216331e-01
2.3636791206e-05 1.4233088583e+04 1.5707963268e+00 -3.0566938046e-01
2.3877198303e-05 1.4233947078e+04 1.5707963268e+00 -3.0877622667e-01
2.4117581418e-05 1.4234814535e+04 1.5707963268e+00 -3.1188269809e-01
2.4357940310e-05 1.4235690959e+04 1.5707963268e+00 -3.1498879088e-01
2.4598274735e-05 1.4236576358e+04 1.5707963268e+00 -3.1809450118e-01
2.4838584452e-05 1.4237470736e+04 1.5707963268e+00 -3.2119982516e-01
2.5078869218e-05 1.4238374101e+04 1.5707963268e+00 -3.2430475898e-01
2.5319128791e-05 1.4239286459e+04 1.5707963268e+00 -3.2740929878e-01
2.5559362928e-05 1.4240207817e+04 1.5707963268e+00 -3.3051344071e-01
2.5799571387e-05 1.4241138179e+04 1.5707963268e+00 -3.3361718094e-01
2.6039753926e-05 1.4242077555e+04 1.5707963268e+00 -3.3672051561e-01
2.6279910304e-05 1.4243025949e+04 1.5707963268e+00 -3.3982344088e-01
2.6520040278e-05 1.4243983369e+04 1.5707963268e+00 -3.4292595289e-01
2.6760143606e-05 1.4244949821e+04 1.5707963268e+00 -3.4602804780e-01
2.7000220047e-05 1.4245925313e+04 1.5707963268e+00 -3.4912972176e-01
2.7240269359e-05 1.4246909850e+04 1.5707963268e+00 -3.5223097091e-01
2.7480291300e-05 1.4247903440e+04 1.5707963268e+00 -3.5533179141e-01
2.7720285628e-05 1.4248906090e+04 1.5707963268e+00 -3.5843217940e-01
2.7960252103e-05 1.4249917807e+04 1.5707963268e+00 -3.6153213103e-01
2.8200190483e-05 1.4250938598e+04 1.5707963268e+00 -3.6463164245e-01
2.8440100526e-05 1.4251968470e+04 1.5707963268e+00 -3.6773070980e-01
2.8679981991e-05 1.4253007431e+04 1.5707963268e+00 -3.7082932923e-01
2.8919834637e-05 1.4254055487e+04 1.5707963268e+00 -3.7392749689e-01
2.9159658223e-05 1.4255112646e+04 1.5707963268e+00 -3.7702520891e-01
2.9399452508e-05 1.4256178915e+04 1.5707963268e+00 -3.8012246145e-01
2.9639217252e-05 1.4257254302e+04 1.5707963268e+00 -3.8321925065e-01
2.9878952212e-05 1.4258338814e+04 1.5707963268e+00 -3.8631557264e-01
3.0118657149e-05 1.4259432459e+04 1.5707963268e+00 -3.8941142358e-01
3.0358331822e-05 1.4260535245e+04 1.5707963268e+00 -3.9250679960e-01
3.0597975991e-05 1.4261647178e+04 1.5707963268e+00 -3.9560169684e-01
3.0837589414e-05 1.4262768268e+04 1.5707963268e+00 -3.9869611145e-01
3.1077171851e-05 1.4263898521e+04 1.5707963268e+00 -4.0179003956e-01
3.1316723063e-05 1.4265037945e+04 1.5707963268e+00 -4.0488347732e-01
3.1556242809e-05 1.4266186550e+04 1.5707963268e+00 -4.0797642086e-01
3.1795730849e-05 1.4267344341e+04 1.5707963268e+00 -4.1106886632e-01
3.2035186942e-05 1.4268511328e+04 1.5707963268e+00 -4.1416080983e-01
3.2274610850e-05 1.4269687518e+04 1.5707963268e+00 -4.1725224754e-01
3.2514002332e-05 1.4270872920e+04 1.5707963268e+00 -4.2034317558e-01
3.2753361148e-05 1.4272067542e+04 1.5707963268e+00 -4.2343359008e-01
3.2992687059e-05 1.4273271392e+04 1.5707963268e+00 -4.2652348718e-01
3.3231979826e-05 1.4274484479e+04 1.5707963268e+00 -4.2961286302e-01
3.3471239208e-05 1.4275706810e+04 1.5707963268e+00 -4.3270171372e-01
3.3710464967e-05 1.4276938395e+04 1.5707963268e+00 -4.3579003542e-01
3.3949656863e-05 1.4278179241e+04 1.5707963268e+00 -4.3887782426e-01
3.4188814658e-05 1.4279429358e+04 1.5707963268e+00 -4.4196507636e-01
3.4427938112e-05 1.4280688753e+04 1.5707963268e+00 -4.4505178786e-01
3.4667026986e-05 1.4281957437e+04 1.5707963268e+00 -4.4813795488e-01
3.4906081042e-05 1.4283235416e+04 1.5707963268e+00 -4.5122357356e-01
3.5145100040e-05 1.4284522701e+04 1.5707963268e+00 -4.5430864002e-01
3.5384083743e-05 1.4285819299e+04 1.5707963268e+00 -4.5739315039e-01
3.5623031912e-05 1.4287125221e+04 1.5707963268e+00 -4.6047710081e-01
3.5861944308e-05 1.4288440474e+04 1.5707963268e+00 -4.6356048740e-01
3.6100820693e-05 1.4289765068e+04 1.5707963268e+00 -4.6664330628e-01
3.6339660830e-05 1.4291099012e+04 1.5707963268e+00 -4.6972555358e-01
3.6578464479e-05 1.4292442314e+04 1.5707963268e+00 -4.7280722543e-01
3.6817231404e-05 1.4293794985e+04 1.5707963268e+00 -4.7588831795e-01
3.7055961366e-05 1.4295157034e+04 1.5707963268e+00 -4.7896882726e-01
3.7294654127e-05 1.4296528469e+04 1.5707963268e+00 -4.8204874950e-01
3.7533309451e-05 1.4297909300e+04 1.5707963268e+00 -4.8512808078e-01
3.7771927099e-05 1.4299299536e+04 1.5707963268e+00 -4.8820681722e-01
3.8010506834e-05 1.4300699187e+04 1.5707963268e+00 -4.9128495496e-01
3.8249048420e-05 1.4302108263e+04 1.5707963268e+00 -4.9436249010e-01
3.8487551619e-05 1.4303526773e+04 1.5707963268e+00 -4.9743941876e-01
3.8726016193e-05 1.4304954726e+04 1.5707963268e+00 -5.0051573708e-01
3.8964441907e-05 1.4306392133e+04 1.5707963268e+00 -5.0359144117e-01
3.9202828524e-05 1.4307839003e+04 1.5707963268e+00 -5.0666652714e-01
3.9441175806e-05 1.4309295345e+04 1.5707963268e+00 -5.0974099112e-01
3.9679483518e-05 1.4310761171e+04 1.5707963268e+00 -5.1281482922e-01
3.9917751422e-05 1.4312236489e+04 1.5707963268e+00 -5.1588803756e-01
4.0155979284e-05 1.4313721309e+04 1.5707963268e+00 -5.1896061226e-01
4.0394166867e-05 1.4315215642e+04 1.5707963268e+00 -5.2203254943e-01
4.0632313935e-05 1.4316719497e+04 1.5707963268e+00 -5.2510384519e-01
4.0870420251e-05 1.4318232886e+04 1.5707963268e+00 -5.2817449565e-01
4.1108485582e-05 1.4319755817e+04 1.5707963268e+00 -5.3124449693e-01
4.1346509690e-05 1.4321288302e+04 1.5707963268e+00 -5.3431384514e-01
4.1584492340e-05 1.4322830350e+04 1.5707963268e+00 -5.3738253639e-01
4.1822433298e-05 1.4324381971e+04 1.5707963268e+00 -5.4045056680e-01
4.2060332328e-05 1.4325943177e+04 1.5707963268e+00 -5.4351793248e-01
4.2298189195e-05 1.4327513978e+04 1.5707963268e+00 -5.4658462954e-01
4.2536003664e-05 1.4329094384e+04 1.5707963268e+00 -5.4965065408e-01
4.2773775501e-05 1.4330684405e+04 1.5707963268e+00 -5.5271600223e-01
4.3011504471e-05 1.4332284053e+04 1.5707963268e+00 -5.5578067008e-01
4.3249190340e-05 1.4333893338e+04 1.5707963268e+00 -5.5884465376e-01
4.3486832873e-05 1.4335512270e+04 1.5707963268e+00 -5.6190794936e-01
4.3724431836e-05 1.4337140861e+04 1.5707963268e+00 -5.6497055300e-01
4.3961986996e-05 1.4338779122e+04 1.5707963268e+00 -5.6803246078e-01
4.4199498118e-05 1.4340427062e+04 1.5707963268e+00 -5.7109366882e-01
4.4436964968e-05 1.4342084694e+04 1.5707963268e+00 -5.7415417321e-01
4.4674387314e-05 1.4343752028e+04 1.5707963268e+00 -5.7721397006e-01
4.4911764922e-05 1.4345429075e+04 1.5707963268e+00 -5.8027305549e-01
4.5149097559e-05 1.4347115846e+04 1.5707963268e+00 -5.8333142558e-01
4.5386384991e-05 1.4348812353e+04 1.5707963268e+00 -5.8638907646e-01
4.5623626986e-05 1.4350518606e+04 1.5707963268e+00 -5.8944600421e-01
4.5860823310e-05 1.4352234618e+04 1.5707963268e+00 -5.9250220496e-01
4.6097973732e-05 1.4353960398e+04 1.5707963268e+00 -5.9555767479e-01
4.6335078019e-05 1.4355695959e+04 1.5707963268e+00 -5.9861240982e-01
4.6572135939e-05 1.4357441311e+04 1.5707963268e+00 -6.0166640614e-01
4.6809147260e-05 1.4359196468e+04 1.5707963268e+00 -6.0471965985e-01
4.7046111749e-05 1.4360961439e+04 1.5707963268e+00 -6.0777216706e-01
4.7283029174e-05 1.4362736236e+04 1.5707963268e+00 -6.1082392387e-01
4.7519899306e-05 1.4364520872e+04 1.5707963268e+00 -6.1387492638e-01
4.7756721911e-05 1.4366315357e+04 1.5707963268e+00 -6.1692517068e-01
4.7993496758e-05 1.4368119703e+04 1.5707963268e+00 -6.1997465289e-01
4.8230223617e-05 1.4369933923e+04 1.5707963268e+00 -6.2302336909e-01
4.8466902257e-05 1.4371758028e+04 1.5707963268e+00 -6.2607131538e-01
4.8703532446e-05 1.4373592030e+04 1.5707963268e+00 -6.2911848787e-01
4.8940113955e-05 1.4375435941e+04 1.5707963268e+00 -6.3216488265e-01
4.9176646553e-05 1.4377289772e+04 1.5707963268e+00 -6.3521049582e-01
4.9413130009e-05 1.4379153536e+04 1.5707963268e+00 -6.3825532347e-01
4.9649564093e-05 1.4381027245e+04 1.5707963268e+00 -6.4129936171e-01
4.9885948577e-05 1.4382910911e+04 1.5707963268e+00 -6.4434260663e-01
5.0122283229e-05 1.4384804547e+04 1.5707963268e+00 -6.4738505432e-01
5.0358567822e-05 1.4386708163e+04 1.5707963268e+00 -6.5042670088e-01
5.0594802124e-05 1.4388621773e+04 1.5707963268e+00 -6.5346754241e-01
5.0830985907e-05 1.4390545390e+04 1.5707963268e+00 -6.5650757500e-01
5.1067118943e-05 1.4392479024e+04 1.5707963268e+00 -6.5954679474e-01
5.1303201002e-05 1.4394422689e+04 1.5707963268e+00 -6.6258519773e-01
5.1539231856e-05 1.4396376398e+04 1.5707963268e+00 -6.6562278007e-01
5.1775211276e-05 1.4398340162e+04 1.5707963268e+00 -6.6865953785e-01
5.2011139035e-05 1.4400313995e+04 1.5707963268e+00 -6.7169546715e-01
5.2247014904e-05 1.4402297908e+04 1.5707963268e+00 -6.7473056408e-01
5.2482838655e-05 1.4404291915e+04 1.5707963268e+00 -6.7776482473e-01
5.2718610061e-05 1.4406296029e+04 1.5707963268e+00 -6.8079824519e-01
5.2954328895e-05 1.4408310261e+04 1.5707963268e+00 -6.8383082155e-01
5.3189994930e-05 1.4410334625e+04 1.5707963268e+00 -6.8686254990e-01
5.3425607937e-05 1.4412369134e+04 1.5707963268e+00 -6.8989342634e-01
5.3661167691e-05 1.4414413801e+04 1.5707963268e+00 -6.9292344695e-01
5.3896673966e-05 1.4416468638e+04 1.5707963268e+00 -6.9595260784e-01
5.4132126533e-05 1.4418533659e+04 1.5707963268e+00 -6.9898090508e-01
5.4367525169e-05 1.4420608876e+04 1.5707963268e+00 -7.0200833478e-01
5.4602869645e-05 1.4422694303e+04 1.5707963268e+00 -7.0503489301e-01
5.4838159737e-05 1.4424789953e+04 1.5707963268e+00 -7.0806057588e-01
5.5073395220e-05 1.4426895838e+04 1.5707963268e+00 -7.1108537948e-01
5.5308575867e-05 1.4429011973e+04 1.5707963268e+00 -7.1410929988e-01
5.5543701454e-05 1.4431138371e+04 1.5707963268e+00 -7.1713233319e-01
5.5778771756e-05 1.4433275045e+04 1.5707963268e+00 -7.2015447549e-01
5.6013786547e-05 1.4435422007e+04 1.5707963268e+00 -7.2317572288e-01
5.6248745605e-05 1.4437579272e+04 1.5707963268e+00 -7.2619607144e-01
5.6483648703e-05 1.4439746854e+04 1.5707963268e+00 -7.2921551727e-01
5.6718495619e-05 1.4441924765e+04 1.5707963268e+00 -7.3223405644e-01
5.6953286129e-05 1.4444113019e+04 1.5707963268e+00 -7.3525168506e-01
5.7188020009e-05 1.4446311630e+04 1.5707963268e+00 -7.3826839921e-01
5.7422697035e-05 1.4448520611e+04 1.5707963268e+00 -7.4128419498e-01
5.7657316984e-05 1.4450739977e+04 1.5707963268e+00 -7.4429906847e-01
5.7891879634e-05 1.4452969740e+04 1.5707963268e+00 -7.4731301575e-01
5.8126384762e-05 1.4455209915e+04 1.5707963268e+00 -7.5032603293e-01
5.8360832146e-05 1.4457460516e+04 1.5707963268e+00 -7.5333811608e-01
5.8595221563e-05 1.4459721555e+04 1.5707963268e+00 -7.5634926130e-01
5.8829552791e-05 1.4461993048e+04 1.5707963268e+00 -7.5935946468e-01
5.9063825608e-05 1.4464275008e+04 1.5707963268e+00 -7.6236872231e-01
5.9298039794e-05 1.4466567450e+04 1.5707963268e+00 -7.6537703028e-01
5.9532195127e-05 1.4468870386e+04 1.5707963268e+00 -7.6838438467e-01
5.9766291385e-05 1.4471183832e+04 1.5707963268e+00 -7.7139078158e-01
6.0000328348e-05 1.4473507801e+04 1.5707963268e+00 -7.7439621710e-01
6.0234305796e-05 1.4475842308e+04 1.5707963268e+00 -7.7740068731e-01
6.0468223508e-05 1.4478187367e+04 1.5707963268e+00 -7.8040418832e-01
6.0702081264e-05 1.4480542991e+04 1.5707963268e+00 -7.8340671619e-01
6.0935878845e-05 1.4482909197e+04 1.5707963268e+00 -7.8640826704e-01
6.1169616031e-05 1.4485285997e+04 1.5707963268e+00 -7.8940883694e-01
6.1403292602e-05 1.4487673406e+04 1.5707963268e+00 -7.9240842200e-01
6.1636908340e-05 1.4490071438e+04 1.5707963268e+00 -7.9540701829e-01
6.1870463025e-05 1.4492480109e+04 1.5707963268e+00 -7.9840462192e-01
6.2103956440e-05 1.4494899432e+04 1.5707963268e+00 -8.0140122896e-01
6.2337388366e-05 1.4497329422e+04 1.5707963268e+00 -8.0439683552e-01
6.2570758585e-05 1.4499770094e+04 1.5707963268e+00 -8.0739143769e-01
6.2804066880e-05 1.4502221463e+04 1.5707963268e+00 -8.1038503155e-01
6.3037313032e-05 1.4504683542e+04 1.5707963268e+00 -8.1337761321e-01
6.3270496825e-05 1.4507156347e+04 1.5707963268e+00 -8.1636917875e-01
6.3503618042e-05 1.4509639892e+04 1.5707963268e+00 -8.1935972426e-01
6.3736676466e-05 1.4512134193e+04 1.5707963268e+00 -8.2234924585e-01
6.3969671880e-05 1.4514639264e+04 1.5707963268e+00 -8.2533773960e-01
6.4202604069e-05 1.4517155120e+04 1.5707963268e+00 -8.2832520161e-01
6.4435472817e-05 1.4519681776e+04 1.5707963268e+00 -8.3131162797e-01
6.4668277908e-05 1.4522219247e+04 1.5707963268e+00 -8.3429701478e-01
6.4901019126e-05 1.4524767547e+04 1.5707963268e+00 -8.3728135813e-01
6.5133696258e-05 1.4527326693e+04 1.5707963268e+00 -8.4026465412e-01
6.5366309088e-05 1.4529896698e+04 1.5707963268e+00 -8.4324689884e-01
6.5598857401e-05 1.4532477579e+04 1.5707963268e+00 -8.4622808840e-01
6.5831340983e-05 1.4535069350e+04 1.5707963268e+00 -8.4920821889e-01
6.6063759622e-05 1.4537672026e+04 1.5707963268e+00 -8.5218728640e-01
6.6296113102e-05 1.4540285623e+04 1.5707963268e+00 -8.5516528704e-01
6.6528401211e-05 1.4542910156e+04 1.5707963268e+00 -8.5814221690e-01
6.6760623735e-05 1.4545545640e+04 1.5707963268e+00 -8.6111807209e-01
6.6992780463e-05 1.4548192091e+04 1.5707963268e+00 -8.6409284870e-01
6.7224871181e-05 1.4550849524e+04 1.5707963268e+00 -8.6706654283e-01
6.7456895677e-05 1.4553517954e+04 1.5707963268e+00 -8.7003915059e-01
6.7688853739e-05 1.4556197397e+04 1.5707963268e+00 -8.7301066808e-01
6.7920745157e-05 1.4558887869e+04 1.5707963268e+00 -8.7598109140e-01
6.8152569718e-05 1.4561589384e+04 1.5707963268e+00 -8.7895041665e-01
6.8384327212e-05 1.4564301959e+04 1.5707963268e+00 -8.8191863993e-01
6.8616017428e-05 1.4567025609e+04 1.5707963268e+00 -8.8488575736e-01
6.8847640156e-05 1.4569760349e+04 1.5707963268e+00 -8.8785176504e-01
6.9079195185e-05 1.4572506196e+04 1.5707963268e+00 -8.9081665907e-01
6.9310682307e-05 1.4575263165e+04 1.5707963268e+00 -8.9378043556e-01
6.9542101311e-05 1.4578031272e+04 1.5707963268e+00 -8.9674309061e-01
6.9773451989e-05 1.4580810532e+04 1.5707963268e+00 -8.9970462035e-01
7.0004734131e-05 1.4583600962e+04 1.5707963268e+00 -9.0266502087e-01
7.0235947530e-05 1.4586402577e+04 1.5707963268e+00 -9.0562428828e-01
7.0467091977e-05 1.4589215393e+04 1.5707963268e+00 -9.0858241870e-01
7.0698167264e-05 1.4592039426e+04 1.5707963268e+00 -9.1153940824e-01
7.0929173184e-05 1.4594874692e+04 1.5707963268e+00 -9.1449525301e-01
7.1160109529e-05 1.4597721208e+04 1.5707963268e+00 -9.1744994913e-01
7.1390976093e-05 1.4600578988e+04 1.5707963268e+00 -9.2040349270e-01
7.1621772670e-05 1.4603448049e+04 1.5707963268e+00 -9.2335587986e-01
7.1852499052e-05 1.4606328408e+04 1.5707963268e+00 -9.2630710670e-01
7.2083155035e-05 1.4609220079e+04 1.5707963268e+00 -9.2925716936e-01
7.2313740412e-05 1.4612123081e+04 1.5707963268e+00 -9.3220606394e-01
7.2544254978e-05 1.4615037427e+04 1.5707963268e+00 -9.3515378658e-01
7.2774698529e-05 1.4617963136e+04 1.5707963268e+00 -9.3810033338e-01
7.3005070860e-05 1.4620900223e+04 1.5707963268e+00 -9.4104570048e-01
7.3235371767e-05 1.4623848704e+04 1.5707963268e+00 -9.4398988399e-01
7.3465601045e-05 1.4626808595e+04 1.5707963268e+00 -9.4693288004e-01
7.3695758492e-05 1.4629779914e+04 1.5707963268e+00 -9.4987468476e-01
7.3925843904e-05 1.4632762676e+04 1.5707963268e+00 -9.5281529426e-01
7.4155857079e-05 1.4635756898e+04 1.5707963268e+00 -9.5575470469e-01
7.4385797813e-05 1.4638762596e+04 1.5707963268e+00 -9.5869291217e-01
7.4615665905e-05 1.4641779787e+04 1.5707963268e+00 -9.6162991283e-01
7.4845461154e-05 1.4644808487e+04 1.5707963268e+00 -9.6456570280e-01
7.5075183356e-05 1.4647848712e+04 1.5707963268e+00 -9.6750027821e-01
7.5304832312e-05 1.4650900480e+04 1.5707963268e+00 -9.7043363520e-01
7.5534407821e-05 1.4653963807e+04 1.5707963268e+00 -9.7336576991e-01
7.5763909683e-05 1.4657038709e+04 1.5707963268e+00 -9.7629667847e-01
7.5993337696e-05 1.4660125204e+04 1.5707963268e+00 -9.7922635702e-01
7.6222691663e-05 1.4663223307e+04 1.5707963268e+00 -9.8215480170e-01
7.6451971383e-05 1.4666333035e+04 1.5707963268e+00 -9.8508200865e-01
7.6681176657e-05 1.4669454406e+04 1.5707963268e+00 -9.8800797401e-01
7.6910307288e-05 1.4672587436e+04 1.5707963268e+00 -9.9093269394e-01
7.7139363076e-05 1.4675732142e+04 1.5707963268e+00 -9.9385616457e-01
7.7368343825e-05 1.4678888540e+04 1.5707963268e+00 -9.9677838206e-01
7.7597249336e-05 1.4682056647e+04 1.5707963268e+00 -9.9969934254e-01
7.7826079413e-05 1.4685236481e+04 1.5707963268e+00 -1.0026190422e+00
7.8054833858e-05 1.4688428058e+04 1.5707963268e+00 -1.0055374771e+00
7.8283512477e-05 1.4691631395e+04 1.5707963268e+00 -1.0084546435e+00
7.8512115071e-05 1.4694846509e+04 1.5707963268e+00 -1.0113705376e+00
7.8740641448e-05 1.4698073417e+04 1.5707963268e+00 -1.0142851553e+00
7.8969091410e-05 1.4701312136e+04 1.5707963268e+00 -1.0171984931e+00
7.9197464763e-05 1.4704562683e+04 1.5707963268e+00 -1.0201105469e+00
7.9425761313e-05 1.4707825076e+04 1.5707963268e+00 -1.0230213130e+00
7.9653980866e-05 1.4711099330e+04 1.5707963268e+00 -1.0259307874e+00
7.9882123228e-05 1.4714385464e+04 1.5707963268e+00 -1.0288389665e+00
8.0110188206e-05 1.4717683494e+04 1.5707963268e+00 -1.0317458464e+00
8.0338175608e-05 1.4720993437e+04 1.5707963268e+00 -1.0346514231e+00
8.0566085240e-05 1.4724315312e+04 1.5707963268e+00 -1.0375556930e+00
8.0793916910e-05 1.4727649134e+04 1.5707963268e+00 -1.0404586521e+00
8.1021670428e-05 1.4730994921e+04 1.5707963268e+00 -1.0433602967e+00
8.1249345602e-05 1.4734352691e+04 1.5707963268e+00 -1.0462606229e+00
8.1476942241e-05 1.4737722460e+04 1.5707963268e+00 -1.0491596269e+00
8.1704460155e-05 1.4741104246e+04 1.5707963268e+00 -1.0520573048e+00
8.1931899153e-05 1.4744498067e+04 1.5707963268e+00 -1.0549536530e+00
8.2159259046e-05 1.4747903939e+04 1.5707963268e+00 -1.0578486675e+00
8.2386539645e-05 1.4751321880e+04 1.5707963268e+00 -1.0607423446e+00
8.2613740761e-05 1.4754751907e+04 1.5707963268e+00 -1.0636346804e+00
8.2840862206e-05 1.4758194038e+04 1.5707963268e+00 -1.0665256711e+00
8.3067903792e-05 1.4761648290e+04 1.5707963268e+00 -1.0694153129e+00
8.3294865331e-05 1.4765114681e+04 1.5707963268e+00 -1.0723036021e+00
8.3521746636e-05 1.4768593228e+04 1.5707963268e+00 -1.0751905348e+00
8.3748547520e-05 1.4772083948e+04 1.5707963268e+00 -1.0780761072e+00
8.3975267797e-05 1.4775586859e+04 1.5707963268e+00 -1.0809603155e+00
8.4201907282e-05 1.4779101979e+04 1.5707963268e+00 -1.0838431560e+00
8.4428465789e-05 1.4782629325e+04 1.5707963268e+00 -1.0867246248e+00
8.4654943132e-05 1.4786168914e+04 1.5707963268e+00 -1.0896047182e+00
8.4881339128e-05 1.4789720765e+04 1.5707963268e+00 -1.0924834323e+00
8.5107653592e-05 1.4793284895e+04 1.5707963268e+00 -1.0953607634e+00
8.5333886341e-05 1.4796861321e+04 1.5707963268e+00 -1.0982367077e+00
8.5560037190e-05 1.4800450061e+04 1.5707963268e+00 -1.1011112615e+00
8.5786105958e-05 1.4804051133e+04 1.5707963268e+00 -1.1039844209e+00
8.6012092463e-05 1.4807664554e+04 1.5707963268e+00 -1.1068561821e+00
8.6237996521e-05 1.4811290342e+04 1.5707963268e+00 -1.1097265415e+00
8.6463817952e-05 1.4814928516e+04 1.5707963268e+00 -1.1125954952e+00
8.6689556574e-05 1.4818579091e+04 1.5707963268e+00 -1.1154630394e+00
8.6915212207e-05 1.4822242087e+04 1.5707963268e+00 -1.1183291705e+00
8.7140784671e-05 1.4825917522e+04 1.5707963268e+00 -1.1211938846e+00
8.7366273787e-05 1.4829605411e+04 1.5707963268e+00 -1.1240571780e+00
8.7591679373e-05 1.4833305775e+04 1.5707963268e+00 -1.1269190469e+00
8.7817001253e-05 1.4837018630e+04 1.5707963268e+00 -1.1297794877e+00
8.8042239248e-05 1.4840743994e+04 1.5707963268e+00 -1.1326384964e+00
8.8267393179e-05 1.4844481885e+04 1.5707963268e+00 -1.1354960694e+00
8.8492462869e-05 1.4848232322e+04 1.5707963268e+00 -1.1383522030e+00
8.8717448142e-05 1.4851995321e+04 1.5707963268e+00 -1.1412068934e+00
8.8942348821e-05 1.4855770900e+04 1.5707963268e+00 -1.1440601369e+00
8.9167164729e-05 1.4859559078e+04 1.5707963268e+00 -1.1469119296e+00
8.9391895691e-05 1.4863359873e+04 1.5707963268e+00 -1.1497622680e+00
8.9616541533e-05 1.4867173302e+04 1.5707963268e+00 -1.1526111483e+00
8.9841102078e-05 1.4870999383e+04 1.5707963268e+00 -1.1554585667e+00
9.0065577155e-05 1.4874838135e+04 1.5707963268e+00 -1.1583045195e+00
9.0289966587e-05 1.4878689575e+04 1.5707963268e+00 -1.1611490031e+00
9.0514270203e-05 1.4882553721e+04 1.5707963268e+00 -1.1639920136e+00
9.0738487829e-05 1.4886430591e+04 1.5707963268e+00 -1.1668335475e+00
9.0962619294e-05 1.4890320204e+04 1.5707963268e+00 -1.1696736009e+00
9.1186664424e-05 1.4894222576e+04 1.5707963268e+00 -1.1725121701e+00
9.1410623050e-05 1.4898137727e+04 1.5707963268e+00 -1.1753492516e+00
9.1634495001e-05 1.4902065674e+04 1.5707963268e+00 -1.1781848415e+00
9.1858280105e-05 1.4906006436e+04 1.5707963268e+00 -1.1810189362e+00
9.2081978193e-05 1.4909960029e+04 1.5707963268e+00 -1.1838515319e+00
9.2305589096e-05 1.4913926473e+04 1.5707963268e+00 -1.1866826251e+00
9.2529112645e-05 1.4917905786e+04 1.5707963268e+00 -1.1895122119e+00
9.2752548671e-05 1.4921897985e+04 1.5707963268e+00 -1.1923402888e+00
9.2975897006e-05 1.4925903088e+04 1.5707963268e+00 -1.1951668521e+00
9.3199157484e-05 1.4929921115e+04 1.5707963268e+00 -1.1979918980e+00
9.3422329936e-05 1.4933952082e+04 1.5707963268e+00 -1.2008154229e+00
9.3645414198e-05 1.4937996008e+04 1.5707963268e+00 -1.2036374232e+00
9.3868410102e-05 1.4942052911e+04 1.5707963268e+00 -1.2064578951e+00
9.4091317484e-05 1.4946122809e+04 1.5707963268e+00 -1.2092768351e+00
9.4314136178e-05 1.4950205720e+04 1.5707963268e+00 -1.2120942394e+00
9.4536866020e-05 1.4954301663e+04 1.5707963268e+00 -1.2149101044e+00
9.4759506847e-05 1.4958410656e+04 1.5707963268e+00 -1.2177244265e+00
9.4982058494e-05 1.4962532716e+04 1.5707963268e+00 -1.2205372020e+00
9.5204520799e-05 1.4966667862e+04 1.5707963268e+00 -1.2233484273e+00
9.5426893600e-05 1.4970816112e+04 1.5707963268e+00 -1.2261580987e+00
9.5649176735e-05 1.4974977485e+04 1.5707963268e+00 -1.2289662126e+00
9.5871370041e-05 1.4979151997e+04 1.5707963268e+00 -1.2317727654e+00
9.6093473360e-05 1.4983339669e+04 1.5707963268e+00 -1.2345777535e+00
9.6315486529e-05 1.4987540517e+04 1.5707963268e+00 -1.2373811732e+00
9.6537409390e-05 1.4991754560e+04 1.5707963268e+00 -1.2401830209e+00
9.6759241784e-05 1.4995981817e+04 1.5707963268e+00 -1.2429832931e+00
9.6980983550e-05 1.5000222304e+04 1.5707963268e+00 -1.2457819860e+00
9.7202634532e-05 1.5004476042e+04 1.5707963268e+00 -1.2485790962e+00
9.7424194572e-05 1.5008743047e+04 1.5707963268e+00 -1.2513746199e+00
9.7645663512e-05 1.5013023338e+04 1.5707963268e+00 -1.2541685537e+00
9.7867041195e-05 1.5017316933e+04 1.5707963268e+00 -1.2569608938e+00
9.8088327466e-05 1.5021623850e+04 1.5707963268e+00 -1.2597516368e+00
9.8309522169e-05 1.5025944108e+04 1.5707963268e+00 -1.2625407791e+00
9.8530625150e-05 1.5030277725e+04 1.5707963268e+00 -1.2653283170e+00
9.8751636252e-05 1.5034624719e+04 1.5707963268e+00 -1.2681142470e+00
9.8972555324e-05 1.5038985109e+04 1.5707963268e+00 -1.2708985655e+00
9.9193382210e-05 1.5043358911e+04 1.5707963268e+00 -1.2736812690e+00
9.9414116759e-05 1.5047746146e+04 1.5707963268e+00 -1.2764623540e+00
9.9634758817e-05 1.5052146830e+04 1.5707963268e+00 -1.2792418167e+00
9.9855308234e-05 1.5056560983e+04 1.5707963268e+00 -1.2820196538e+00
1.0007576486e-04 1.5060988621e+04 1.5707963268e+00 -1.2847958616e+00
1.0029612854e-04 1.5065429765e+04 1.5707963268e+00 -1.2875704367e+00
1.0051639912e-04 1.5069884431e+04 1.5707963268e+00 -1.2903433754e+00
1.0073657646e-04 1.5074352638e+04 1.5707963268e+00 -1.2931146743e+00
1.0095666041e-04 1.5078834404e+04 1.5707963268e+00 -1.2958843298e+00
1.0117665082e-04 1.5083329748e+04 1.5707963268e+00 -1.2986523384e+00
1.0139654754e-04 1.5087838687e+04 1.5707963268e+00 -1.3014186966e+00
1.0161635042e-04 1.5092361240e+04 1.5707963268e+00 -1.3041834008e+00
1.0183605932e-04 1.5096897426e+04 1.5707963268e+00 -1.3069464477e+00
1.0205567409e-04 1.5101447261e+04 1.5707963268e+00 -1.3097078336e+00
1.0227519459e-04 1.5106010765e+04 1.5707963268e+00 -1.3124675551e+00
1.0249462066e-04 1.5110587955e+04 1.5707963268e+00 -1.3152256086e+00
1.0271395217e-04 1.5115178850e+04 1.5707963268e+00 -1.3179819908e+00
1.0293318897e-04 1.5119783468e+04 1.5707963268e+00 -1.3207366981e+00
1.0315233091e-04 1.5124401827e+04 1.5707963268e+00 -1.3234897270e+00
1.0337137786e-04 1.5129033946e+04 1.5707963268e+00 -1.3262410740e+00
1.0359032968e-04 1.5133679842e+04 1.5707963268e+00 -1.3289907358e+00
1.0380918621e-04 1.5138339534e+04 1.5707963268e+00 -1.3317387088e+00
1.0402794732e-04 1.5143013039e+04 1.5707963268e+00 -1.3344849896e+00
1.0424661287e-04 1.5147700376e+04 1.5707963268e+00 -1.3372295748e+00
1.0446518272e-04 1.5152401564e+04 1.5707963268e+00 -1.3399724608e+00
1.0468365673e-04 1.5157116619e+04 1.5707963268e+00 -1.3427136443e+00
1.0490203476e-04 1.5161845561e+04 1.5707963268e+00 -1.3454531218e+00
1.0512031667e-04 1.5166588407e+04 1.5707963268e+00 -1.3481908899e+00
1.0533850232e-04 1.5171345176e+04 1.5707963268e+00 -1.3509269452e+00
1.0555659158e-04 1.5176115886e+04 1.5707963268e+00 -1.3536612842e+00
1.0577458432e-04 1.5180900554e+04 1.5707963268e+00 -1.3563939036e+00
1.0599248038e-04 1.5185699199e+04 1.5707963268e+00 -1.3591247999e+00
1.0621027965e-04 1.5190511839e+04 1.5707963268e+00 -1.3618539698e+00
1.0642798198e-04 1.5195338492e+04 1.5707963268e+00 -1.3645814098e+00
1.0664558724e-04 1.5200179176e+04 1.5707963268e+00 -1.3673071165e+00
1.0686309529e-04 1.5205033909e+04 1.5707963268e+00 -1.3700310867e+00
1.0708050601e-04 1.5209902709e+04 1.5707963268e+00 -1.3727533168e+00
1.0729781926e-04 1.5214785594e+04 1.5707963268e+00 -1.3754738036e+00
1.0751503491e-04 1.5219682582e+04 1.5707963268e+00 -1.3781925436e+00
1.0773215283e-04 1.5224593692e+04 1.5707963268e+00 -1.3809095336e+00
1.0794917288e-04 1.5229518940e+04 1.5707963268e+00 -1.3836247701e+00
1.0816609494e-04 1.5234458345e+04 1.5707963268e+00 -1.3863382498e+00
1.0838291888e-04 1.5239411926e+04 1.5707963268e+00 -1.3890499694e+00
1.0859964456e-04 1.5244379699e+04 1.5707963268e+00 -1.3917599255e+00
1.0881627187e-04 1.5249361684e+04 1.5707963268e+00 -1.3944681148e+00
1.0903280067e-04 1.5254357897e+04 1.5707963268e+00 -1.3971745340e+00
1.0924923083e-04 1.5259368357e+04 1.5707963268e+00 -1.3998791798e+00
1.0946556224e-04 1.5264393082e+04 1.5707963268e+00 -1.4025820489e+00
1.0968179476e-04 1.5269432089e+04 1.5707963268e+00 -1.4052831378e+00
1.0989792826e-04 1.5274485396e+04 1.5707963268e+00 -1.4079824435e+00
1.1011396263e-04 1.5279553022e+04 1.5707963268e+00 -1.4106799625e+00
1.1032989774e-04 1.5284634983e+04 1.5707963268e+00 -1.4133756916e+00
1.1054573346e-04 1.5289731299e+04 1.5707963268e+00 -1.4160696275e+00
1.1076146968e-04 1.5294841986e+04 1.5707963268e+00 -1.4187617670e+00
1.1097710626e-04 1.5299967063e+04 1.5707963268e+00 -1.4214521067e+00
1.1119264310e-04 1.5305106547e+04 1.5707963268e+00 -1.4241406434e+00
1.1140808006e-04 1.5310260456e+04 1.5707963268e+00 -1.4268273739e+00
1.1162341704e-04 1.5315428808e+04 1.5707963268e+00 -1.4295122949e+00
1.1183865390e-04 1.5320611620e+04 1.5707963268e+00 -1.4321954032e+00
1.1205379053e-04 1.5325808910e+04 1.5707963268e+00 -1.4348766956e+00
1.1226882681e-04 1.5331020696e+04 1.5707963268e+00 -1.4375561687e+00
1.1248376262e-04 1.5336246995e+04 1.5707963268e+00 -1.4402338195e+00
1.1269859785e-04 1.5341487826e+04 1.5707963268e+00 -1.4429096447e+00
1.1291333237e-04 1.5346743205e+04 1.5707963268e+00 -1.4455836410e+00
1.1312796608e-04 1.5352013151e+04 1.5707963268e+00 -1.4482558054e+00
1.1334249886e-04 1.5357297680e+04 1.5707963268e+00 -1.4509261345e+00
1.1355693059e-04 1.5362596811e+04 1.5707963268e+00 -1.4535946253e+00
1.1377126116e-04 1.5367910561e+04 1.5707963268e+00 -1.4562612745e+00
1.1398549045e-04 1.5373238948e+04 1.5707963268e+00 -1.4589260789e+00
1.1419961835e-04 1.5378581988e+04 1.5707963268e+00 -1.4615890355e+00
1.1441364475e-04 1.5383939700e+04 1.5707963268e+00 -1.4642501410e+00
1.1462756955e-04 1.5389312101e+04 1.5707963268e+00 -1.4669093924e+00
1.1484139261e-04 1.5394699209e+04 1.5707963268e+00 -1.4695667864e+00
1.1505511385e-04 1.5400101040e+04 1.5707963268e+00 -1.4722223199e+00
1.1526873314e-04 1.5405517613e+04 1.5707963268e+00 -1.4748759899e+00
1.1548225038e-04 1.5410948944e+04 1.5707963268e+00 -1.4775277931e+00
1.1569566546e-04 1.5416395051e+04 1.5707963268e+00 -1.4801777265e+00
1.1590897827e-04 1.5421855951e+04 1.5707963268e+00 -1.4828257870e+00
1.1612218870e-04 1.5427331662e+04 1.5707963268e+00 -1.4854719714e+00
1.1633529665e-04 1.5432822201e+04 1.5707963268e+00 -1.4881162768e+00
1.1654830202e-04 1.5438327585e+04 1.5707963268e+00 -1.4907586999e+00
1.1676120469e-04 1.5443847831e+04 1.5707963268e+00 -1.4933992377e+00
1.1697400456e-04 1.5449382956e+04 1.5707963268e+00 -1.4960378872e+00
1.1718670153e-04 1.5454932978e+04 1.5707963268e+00 -1.4986746454e+00
1.1739929549e-04 1.5460497914e+04 1.5707963268e+00 -1.5013095090e+00
1.1761178635e-04 1.5466077781e+04 1.5707963268e+00 -1.5039424752e+00
1.1782417399e-04 1.5471672596e+04 1.5707963268e+00 -1.5065735408e+00
1.1803645833e-04 1.5477282376e+04 1.5707963268e+00 -1.5092027029e+00
1.1824863925e-04 1.5482907138e+04 1.5707963268e+00 -1.5118299583e+00
1.1846071665e-04 1.5488546899e+04 1.5707963268e+00 -1.5144553042e+00
1.1867269045e-04 1.5494201676e+04 1.5707963268e+00 -1.5170787375e+00
1.1888456053e-04 1.5499871487e+04 1.5707963268e+00 -1.5197002552e+00
1.1909632681e-04 1.5505556347e+04 1.5707963268e+00 -1.5223198543e+00
1.1930798917e-04 1.5511256274e+04 1.5707963268e+00 -1.5249375318e+00
1.1951954754e-04 1.5516971285e+04 1.5707963268e+00 -1.5275532848e+00
1.1973100180e-04 1.5522701396e+04 1.5707963268e+00 -1.5301671102e+00
1.1994235187e-04 1.5528446625e+04 1.5707963268e+00 -1.5327790052e+00
1.2015359765e-04 1.5534206988e+04 1.5707963268e+00 -1.5353889668e+00
1.2036473904e-04 1.5539982502e+04 1.5707963268e+00 -1.5379969920e+00
1.2057577595e-04 1.5545773184e+04 1.5707963268e+00 -1.5406030779e+00
1.2078670829e-04 1.5551579050e+04 1.5707963268e+00 -1.5432072216e+00
1.2099753597e-04 1.5557400116e+04 1.5707963268e+00 -1.5458094202e+00
1.2120825889e-04 1.5563236401e+04 1.5707963268e+00 -1.5484096707e+00
1.2141887696e-04 1.5569087920e+04 1.5707963268e+00 -1.5510079703e+00
1.2162939010e-04 1.5574954689e+04 1.5707963268e+00 -1.5536043161e+00
1.2183979821e-04 1.5580836726e+04 1.5707963268e+00 -1.5561987051e+00
1.2205010121e-04 1.5586734046e+04 1.5707963268e+00 -1.5587911345e+00
1.2226029900e-04 1.5592646667e+04 1.5707963268e+00 -1.5613816015e+00
1.2247039149e-04 1.5598574604e+04 1.5707963268e+00 -1.5639701032e+00
1.2268037861e-04 1.5604517875e+04 1.5707963268e+00 -1.5665566367e+00
1.2289026026e-04 1.5610476495e+04 1.5707963268e+00 -1.5691411991e+00
1.2310003636e-04 1.5616450480e+04 1.5707963268e+00 -1.5717237878e+00
1.2330970683e-04 1.5622439848e+04 1.5707963268e+00 -1.5743043998e+00
1.2351927157e-04 1.5628444614e+04 1.5707963268e+00 -1.5768830322e+00
1.2372873051e-04 1.5634464795e+04 1.5707963268e+00 -1.5794596825e+00
1.2393808356e-04 1.5640500406e+04 1.5707963268e+00 -1.5820343476e+00
1.2414733064e-04 1.5646551464e+04 1.5707963268e+00 -1.5846070248e+00
1.2435647166e-04 1.5652617985e+04 1.5707963268e+00 -1.5871777114e+00
1.2456550655e-04 1.5658699985e+04 1.5707963268e+00 -1.5897464046e+00
1.2477443523e-04 1.5664797480e+04 1.5707963268e+00 -1.5923131015e+00
1.2498325762e-04 1.5670910486e+04 1.5707963268e+00 -1.5948777996e+00
1.2519197363e-04 1.5677039020e+04 1.5707963268e+00 -1.5974404959e+00
1.2540058319e-04 1.5683183096e+04 1.5707963268e+00 -1.6000011878e+00
1.2560908622e-04 1.5689342731e+04 1.5707963268e+00 -1.6025598726e+00
1.2581748264e-04 1.5695517941e+04 1.5707963268e+00 -1.6051165475e+00
1.2602577238e-04 1.5701708742e+04 1.5707963268e+00 -1.6076712098e+00
1.2623395536e-04 1.5707915148e+04 1.5707963268e+00 -1.6102238569e+00
1.2644203151e-04 1.5714137177e+04 1.5707963268e+00 -1.6127744860e+00
1.2665000074e-04 1.5720374844e+04 1.5707963268e+00 -1.6153230944e+00
1.2685786300e-04 1.5726628164e+04 1.5707963268e+00 -1.6178696795e+00
1.2706561820e-04 1.5732897153e+04 1.5707963268e+00 -1.6204142386e+00
1.2727326627e-04 1.5739181827e+04 1.5707963268e+00 -1.6229567691e+00
1.2748080714e-04 1.5745482200e+04 1.5707963268e+00 -1.6254972683e+00
1.2768824073e-04 1.5751798290e+04 1.5707963268e+00 -1.6280357336e+00
1.2789556699e-04 1.5758130110e+04 1.5707963268e+00 -1.6305721624e+00
1.2810278583e-04 1.5764477677e+04 1.5707963268e+00 -1.6331065520e+00
1.2830989720e-04 1.5770841006e+04 1.5707963268e+00 -1.6356388998e+00
1.2851690101e-04 1.5777220112e+04 1.5707963268e+00 -1.6381692033e+00
1.2872379721e-04 1.5783615011e+04 1.5707963268e+00 -1.6406974598e+00
1.2893058572e-04 1.5790025717e+04 1.5707963268e+00 -1.6432236668e+00
1.2913726648e-04 1.5796452247e+04 1.5707963268e+00 -1.6457478216e+00
1.2934383942e-04 1.5802894614e+04 1.5707963268e+00 -1.6482699219e+00
1.2955030448e-04 1.5809352835e+04 1.5707963268e+00 -1.6507899649e+00
1.2975666159e-04 1.5815826924e+04 1.5707963268e+00 -1.6533079481e+00
1.2996291069e-04 1.5822316896e+04 1.5707963268e+00 -1.6558238691e+00
1.3016905172e-04 1.5828822766e+04 1.5707963268e+00 -1.6583377253e+00
1.3037508461e-04 1.5835344550e+04 1.5707963268e+00 -1.6608495142e+00
1.3058100931e-04 1.5841882262e+04 1.5707963268e+00 -1.6633592333e+00
1.3078682574e-04 1.5848435917e+04 1.5707963268e+00 -1.6658668800e+00
1.3099253386e-04 1.5855005530e+04 1.5707963268e+00 -1.6683724520e+00
1.3119813359e-04 1.5861591115e+04 1.5707963268e+00 -1.6708759467e+00
1.3140362489e-04 1.5868192687e+04 1.5707963268e+00 -1.6733773617e+00
1.3160900768e-04 1.5874810262e+04 1.5707963268e+00 -1.6758766945e+00
1.3181428192e-04 1.5881443852e+04 1.5707963268e+00 -1.6783739427e+00
1.3201944755e-04 1.5888093474e+04 1.5707963268e+00 -1.6808691039e+00
1.3222450451e-04 1.5894759142e+04 1.5707963268e+00 -1.6833621756e+00
1.3242945275e-04 1.5901440870e+04 1.5707963268e+00 -1.6858531554e+00
1.3263429220e-04 1.5908138672e+04 1.5707963268e+00 -1.6883420410e+00
1.3283902283e-04 1.5914852563e+04 1.5707963268e+00 -1.6908288299e+00
1.3304364456e-04 1.5921582557e+04 1.5707963268e+00 -1.6933135197e+00
1.3324815735e-04 1.5928328669e+04 1.5707963268e+00 -1.6957961081e+00
1.3345256114e-04 1.5935090913e+04 1.5707963268e+00 -1.6982765927e+00
1.3365685589e-04 1.5941869303e+04 1.5707963268e+00 -1.7007549711e+00
1.3386104155e-04 1.5948663853e+04 1.5707963268e+00 -1.7032312411e+00
1.3406511805e-04 1.5955474577e+04 1.5707963268e+00 -1.7057054003e+00
1.3426908536e-04 1.5962301489e+04 1.5707963268e+00 -1.7081774463e+00
1.3447294342e-04 1.5969144603e+04 1.5707963268e+00 -1.7106473769e+00
1.3467669219e-04 1.5976003934e+04 1.5707963268e+00 -1.7131151897e+00
1.3488033161e-04 1.5982879495e+04 1.5707963268e+00 -1.7155808826e+00
1.3508386164e-04 1.5989771299e+04 1.5707963268e+00 -1.7180444531e+00
1.3528728224e-04 1.5996679361e+04 1.5707963268e+00 -1.7205058990e+00
1.3549059335e-04 1.6003603695e+04 1.5707963268e+00 -1.7229652181e+00
1.3569379493e-04 1.6010544314e+04 1.5707963268e+00 -1.7254224081e+00
1.3589688695e-04 1.6017501231e+04 1.5707963268e+00 -1.7278774668e+00
1.3609986934e-04 1.6024474461e+04 1.5707963268e+00 -1.7303303919e+00
1.3630274208e-04 1.6031464016e+04 1.5707963268e+00 -1.7327811813e+00
1.3650550512e-04 1.6038469911e+04 1.5707963268e+00 -1.7352298327e+00
1.3670815841e-04 1.6045492159e+04 1.5707963268e+00 -1.7376763439e+00
1.3691070191e-04 1.6052530773e+04 1.5707963268e+00 -1.7401207128e+00
1.3711313560e-04 1.6059585766e+04 1.5707963268e+00 -1.7425629372e+00
1.3731545941e-04 1.6066657152e+04 1.5707963268e+00 -1.7450030148e+00
1.3751767332e-04 1.6073744943e+04 1.5707963268e+00 -1.7474409437e+00
1.3771977729e-04 1.6080849154e+04 1.5707963268e+00 -1.7498767215e+00
1.3792177128e-04 1.6087969797e+04 1.5707963268e+00 -1.7523103463e+00
1.3812365525e-04 1.6095106885e+04 1.5707963268e+00 -1.7547418158e+00
1.3832542916e-04 1.6102260431e+04 1.5707963268e+00 -1.7571711280e+00
1.3852709299e-04 1.6109430449e+04 1.5707963268e+00 -1.7595982807e+00
1.3872864668e-04 1.6116616950e+04 1.5707963268e+00 -1.7620232719e+00
1.3893009022e-04 1.6123819948e+04 1.5707963268e+00 -1.7644460995e+00
1.3913142356e-04 1.6131039456e+04 1.5707963268e+00 -1.7668667614e+00
1.3933264668e-04 1.6138275486e+04 1.5707963268e+00 -1.7692852557e+00
1.3953375953e-04 1.6145528052e+04 1.5707963268e+00 -1.7717015801e+00
1.3973476209e-04 1.6152797164e+04 1.5707963268e+00 -1.7741157328e+00
1.3993565433e-04 1.6160082837e+04 1.5707963268e+00 -1.7765277116e+00
1.4013643622e-04 1.6167385083e+04 1.5707963268e+00 -1.7789375146e+00
1.4033710772e-04 1.6174703913e+04 1.5707963268e+00 -1.7813451397e+00
1.4053766880e-04 1.6182039341e+04 1.5707963268e+00 -1.7837505851e+00
1.4073811945e-04 1.6189391379e+04 1.5707963268e+00 -1.7861538486e+00
1.4093845962e-04 1.6196760038e+04 1.5707963268e+00 -1.7885549284e+00
1.4113868929e-04 1.6204145332e+04 1.5707963268e+00 -1.7909538225e+00
1.4133880844e-04 1.6211547272e+04 1.5707963268e+00 -1.7933505289e+00
1.4153881704e-04 1.6218965871e+04 1.5707963268e+00 -1.7957450456e+00
1.4173871507e-04 1.6226401140e+04 1.5707963268e+00 -1.7981373709e+00
1.4193850249e-04 1.6233853091e+04 1.5707963268e+00 -1.8005275028e+00
1.4213817929e-04 1.6241321737e+04 1.5707963268e+00 -1.8029154393e+00
1.4233774544e-04 1.6248807089e+04 1.5707963268e+00 -1.8053011786e+00
1.4253720092e-04 1.6256309159e+04 1.5707963268e+00 -1.8076847188e+00
1.4273654570e-04 1.6263827959e+04 1.5707963268e+00 -1.8100660580e+00
1.4293577977e-04 1.6271363500e+04 1.5707963268e+00 -1.8124451945e+00
1.4313490311e-04 1.6278915793e+04 1.5707963268e+00 -1.8148221263e+00
1.4333391568e-04 1.6286484852e+04 1.5707963268e+00 -1.8171968515e+00
1.4353281749e-04 1.6294070686e+04 1.5707963268e+00 -1.8195693685e+00
1.4373160849e-04 1.6301673308e+04 1.5707963268e+00 -1.8219396754e+00
1.4393028869e-04 1.6309292729e+04 1.5707963268e+00 -1.8243077703e+00
1.4412885805e-04 1.6316928960e+04 1.5707963268e+00 -1.8266736516e+00
1.4432731657e-04 1.6324582012e+04 1.5707963268e+00 -1.8290373173e+00
1.4452566422e-04 1.6332251896e+04 1.5707963268e+00 -1.8313987659e+00
1.4472390099e-04 1.6339938625e+04 1.5707963268e+00 -1.8337579954e+00
1.4492202686e-04 1.6347642208e+04 1.5707963268e+00 -1.8361150042e+00
1.4512004183e-04 1.6355362656e+04 1.5707963268e+00 -1.8384697906e+00
1.4531794587e-04 1.6363099982e+04 1.5707963268e+00 -1.8408223528e+00
1.4551573898e-04 1.6370854194e+04 1.5707963268e+00 -1.8431726891e+00
1.4571342114e-04 1.6378625306e+04 1.5707963268e+00 -1.8455207978e+00
1.4591099233e-04 1.6386413326e+04 1.5707963268e+00 -1.8478666773e+00
1.4610845256e-04 1.6394218266e+04 1.5707963268e+00 -1.8502103258e+00
1.4630580179e-04 1.6402040136e+04 1.5707963268e+00 -1.8525517418e+00
1.4650304004e-04 1.6409878947e+04 1.5707963268e+00 -1.8548909235e+00
1.4670016728e-04 1.6417734710e+04 1.5707963268e+00 -1.8572278694e+00
1.4689718352e-04 1.6425607434e+04 1.5707963268e+00 -1.8595625777e+00
1.4709408873e-04 1.6433497131e+04 1.5707963268e+00 -1.8618950470e+00
1.4729088291e-04 1.6441403810e+04 1.5707963268e+00 -1.8642252755e+00
1.4748756606e-04 1.6449327482e+04 1.5707963268e+00 -1.8665532618e+00
1.4768413817e-04 1.6457268157e+04 1.5707963268e+00 -1.8688790042e+00
1.4788059924e-04 1.6465225845e+04 1.5707963268e+00 -1.8712025011e+00
1.4807694925e-04 1.6473200556e+04 1.5707963268e+00 -1.8735237511e+00
1.4827318821e-04 1.6481192300e+04 1.5707963268e+00 -1.8758427525e+00
1.4846931611e-04 1.6489201087e+04 1.5707963268e+00 -1.8781595039e+00
1.4866533294e-04 1.6497226927e+04 1.5707963268e+00 -1.8804740037e+00
1.4886123871e-04 1.6505269830e+04 1.5707963268e+00 -1.8827862504e+00
1.4905703342e-04 1.6513329804e+04 1.5707963268e+00 -1.8850962425e+00
1.4925271705e-04 1.6521406861e+04 1.5707963268e+00 -1.8874039785e+00
1.4944828962e-04 1.6529501009e+04 1.5707963268e+00 -1.8897094571e+00
1.4964375111e-04 1.6537612258e+04 1.5707963268e+00 -1.8920126766e+00
1.4983910154e-04 1.6545740618e+04 1.5707963268e+00 -1.8943136357e+00
1.5003434090e-04 1.6553886098e+04 1.5707963268e+00 -1.8966123329e+00
1.5022946919e-04 1.6562048706e+04 1.5707963268e+00 -1.8989087668e+00
1.5042448642e-04 1.6570228454e+04 1.5707963268e+00 -1.9012029359e+00
1.5061939259e-04 1.6578425348e+04 1.5707963268e+00 -1.9034948390e+00
1.5081418771e-04 1.6586639400e+04 1.5707963268e+00 -1.9057844746e+00
1.5100887177e-04 1.6594870617e+04 1.5707963268e+00 -1.9080718413e+00
1.5120344478e-04 1.6603119010e+04 1.5707963268e+00 -1.9103569378e+00
1.5139790675e-04 1.6611384585e+04 1.5707963268e+00 -1.9126397626e+00
1.5159225768e-04 1.6619667354e+04 1.5707963268e+00 -1.9149203146e+00
1.5178649758e-04 1.6627967323e+04 1.5707963268e+00 -1.9171985923e+00
1.5198062646e-04 1.6636284503e+04 1.5707963268e+00 -1.9194745944e+00
1.5217464433e-04 1.6644618902e+04 1.5707963268e+00 -1.9217483196e+00
1.5236855118e-04 1.6652970527e+04 1.5707963268e+00 -1.9240197667e+00
1.5256234704e-04 1.6661339388e+04 1.5707963268e+00 -1.9262889343e+00
1.5275603192e-04 1.6669725494e+04 1.5707963268e+00 -1.9285558212e+00
1.5294960581e-04 1.6678128852e+04 1.5707963268e+00 -1.9308204262e+00
1.5314306873e-04 1.6686549471e+04 1.5707963268e+00 -1.9330827479e+00
1.5333642070e-04 1.6694987359e+04 1.5707963268e+00 -1.9353427851e+00
1.5352966173e-04 1.6703442524e+04 1.5707963268e+00 -1.9376005368e+00
1.5372279183e-04 1.6711914975e+04 1.5707963268e+00 -1.9398560015e+00
1.5391581100e-04 1.6720404718e+04 1.5707963268e+00 -1.9421091781e+00
1.5410871927e-04 1.6728911764e+04 1.5707963268e+00 -1.9443600656e+00
1.5430151665e-04 1.6737436118e+04 1.5707963268e+00 -1.9466086625e+00
1.5449420316e-04 1.6745977789e+04 1.5707963268e+00 -1.9488549679e+00
1.5468677880e-04 1.6754536785e+04 1.5707963268e+00 -1.9510989806e+00
1.5487924360e-04 1.6763113114e+04 1.5707963268e+00 -1.9533406994e+00
1.5507159758e-04 1.6771706782e+04 1.5707963268e+00 -1.9555801233e+00
1.5526384074e-04 1.6780317798e+04 1.5707963268e+00 -1.9578172510e+00
1.5545597311e-04 1.6788946169e+04 1.5707963268e+00 -1.9600520815e+00
1.5564799471e-04 1.6797591902e+04 1.5707963268e+00 -1.9622846138e+00
1.5583990555e-04 1.6806255005e+04 1.5707963268e+00 -1.9645148467e+00
1.5603170565e-04 1.6814935485e+04 1.5707963268e+00 -1.9667427792e+00
1.5622339504e-04 1.6823633350e+04 1.5707963268e+00 -1.9689684102e+00
1.5641497374e-04 1.6832348605e+04 1.5707963268e+00 -1.9711917387e+00
1.5660644176e-04 1.6841081259e+04 1.5707963268e+00 -1.9734127636e+00
1.5679779913e-04 1.6849831318e+04 1.5707963268e+00 -1.9756314841e+00
1.5698904586e-04 1.6858598789e+04 1.5707963268e+00 -1.9778478990e+00
1.5718018200e-04 1.6867383679e+04 1.5707963268e+00 -1.9800620073e+00
1.5737120754e-04 1.6876185995e+04 1.5707963268e+00 -1.9822738082e+00
1.5756212253e-04 1.6885005743e+04 1.5707963268e+00 -1.9844833005e+00
1.5775292698e-04 1.6893842930e+04 1.5707963268e+00 -1.9866904835e+00
1.5794362093e-04 1.6902697563e+04 1.5707963268e+00 -1.9888953560e+00
1.5813420439e-04 1.6911569647e+04 1.5707963268e+00 -1.9910979173e+00
1.5832467739e-04 1.6920459191e+04 1.5707963268e+00 -1.9932981664e+00
1.5851503996e-04 1.6929366198e+04 1.5707963268e+00 -1.9954961023e+00
1.5870529212e-04 1.6938290677e+04 1.5707963268e+00 -1.9976917243e+00
1.5889543391e-04 1.6947232633e+04 1.5707963268e+00 -1.9998850313e+00
1.5908546536e-04 1.6956192073e+04 1.5707963268e+00 -2.0020760226e+00
1.5927538648e-04 1.6965169001e+04 1.5707963268e+00 -2.0042646973e+00
1.5946519731e-04 1.6974163425e+04 1.5707963268e+00 -2.0064510546e+00
1.5965489789e-04 1.6983175350e+04 1.5707963268e+00 -2.0086350935e+00
1.5984448824e-04 1.6992204782e+04 1.5707963268e+00 -2.0108168134e+00
1.6003396839e-04 1.7001251727e+04 1.5707963268e+00 -2.0129962133e+00
1.6022333837e-04 1.7010316190e+04 1.5707963268e+00 -2.0151732926e+00
1.6041259822e-04 1.7019398177e+04 1.5707963268e+00 -2.0173480503e+00
1.6060174798e-04 1.7028497693e+04 1.5707963268e+00 -2.0195204859e+00
1.6079078766e-04 1.7037614745e+04 1.5707963268e+00 -2.0216905984e+00
1.6097971731e-04 1.7046749336e+04 1.5707963268e+00 -2.0238583871e+00
1.6116853696e-04 1.7055901474e+04 1.5707963268e+00 -2.0260238514e+00
1.6135724665e-04 1.7065071162e+04 1.5707963268e+00 -2.0281869904e+00
1.6154584641e-04 1.7074258406e+04 1.5707963268e+00 -2.0303478036e+00
1.6173433627e-04 1.7083463212e+04 1.5707963268e+00 -2.0325062901e+00
1.6192271628e-04 1.7092685583e+04 1.5707963268e+00 -2.0346624493e+00
1.6211098647e-04 1.7101925526e+04 1.5707963268e+00 -2.0368162806e+00
1.6229914688e-04 1.7111183044e+04 1.5707963268e+00 -2.0389677832e+00
1.6248719754e-04 1.7120458144e+04 1.5707963268e+00 -2.0411169565e+00
1.6267513850e-04 1.7129750828e+04 1.5707963268e+00 -2.0432638000e+00
1.6286296979e-04 1.7139061103e+04 1.5707963268e+00 -2.0454083128e+00
1.6305069146e-04 1.7148388973e+04 1.5707963268e+00 -2.0475504946e+00
1.6323830354e-04 1.7157734442e+04 1.5707963268e+00 -2.0496903446e+00
1.6342580607e-04 1.7167097514e+04 1.5707963268e+00 -2.0518278622e+00
1.6361319910e-04 1.7176478194e+04 1.5707963268e+00 -2.0539630470e+00
1.6380048266e-04 1.7185876487e+04 1.5707963268e+00 -2.0560958983e+00
1.6398765681e-04 1.7195292395e+04 1.5707963268e+00 -2.0582264155e+00
1.6417472157e-04 1.7204725925e+04 1.5707963268e+00 -2.0603545982e+00
1.6436167700e-04 1.7214177079e+04 1.5707963268e+00 -2.0624804458e+00
1.6454852314e-04 1.7223645862e+04 1.5707963268e+00 -2.0646039578e+00
1.6473526003e-04 1.7233132277e+04 1.5707963268e+00 -2.0667251337e+00
1.6492188771e-04 1.7242636328e+04 1.5707963268e+00 -2.0688439729e+00
1.6510840624e-04 1.7252158020e+04 1.5707963268e+00 -2.0709604752e+00
1.6529481566e-04 1.7261697356e+04 1.5707963268e+00 -2.0730746398e+00
1.6548111601e-04 1.7271254339e+04 1.5707963268e+00 -2.0751864665e+00
1.6566730734e-04 1.7280828972e+04 1.5707963268e+00 -2.0772959548e+00
1.6585338970e-04 1.7290421261e+04 1.5707963268e+00 -2.0794031041e+00
1.6603936313e-04 1.7300031207e+04 1.5707963268e+00 -2.0815079142e+00
1.6622522768e-04 1.7309658814e+04 1.5707963268e+00 -2.0836103846e+00
1.6641098341e-04 1.7319304086e+04 1.5707963268e+00 -2.0857105149e+00
1.6659663036e-04 1.7328967025e+04 1.5707963268e+00 -2.0878083048e+00
1.6678216857e-04 1.7338647634e+04 1.5707963268e+00 -2.0899037538e+00
1.6696759811e-04 1.7348345918e+04 1.5707963268e+00 -2.0919968616e+00
1.6715291902e-04 1.7358061878e+04 1.5707963268e+00 -2.0940876279e+00
1.6733813134e-04 1.7367795517e+04 1.5707963268e+00 -2.0961760523e+00
1.6752323515e-04 1.7377546839e+04 1.5707963268e+00 -2.0982621346e+00
1.6770823047e-04 1.7387315846e+04 1.5707963268e+00 -2.1003458743e+00
1.6789311737e-04 1.7397102540e+04 1.5707963268e+00 -2.1024272712e+00
1.6807789590e-04 1.7406906925e+04 1.5707963268e+00 -2.1045063250e+00
1.6826256612e-04 1.7416729003e+04 1.5707963268e+00 -2.1065830355e+00
1.6844712807e-04 1.7426568775e+04 1.5707963268e+00 -2.1086574024e+00
1.6863158181e-04 1.7436426245e+04 1.5707963268e+00 -2.1107294253e+00
1.6881592740e-04 1.7446301415e+04 1.5707963268e+00 -2.1127991042e+00
1.6900016488e-04 1.7456194287e+04 1.5707963268e+00 -2.1148664387e+00
1.6918429433e-04 1.7466104863e+04 1.5707963268e+00 -2.1169314287e+00
1.6936831578e-04 1.7476033145e+04 1.5707963268e+00 -2.1189940739e+00
1.6955222930e-04 1.7485979135e+04 1.5707963268e+00 -2.1210543742e+00
1.6973603495e-04 1.7495942836e+04 1.5707963268e+00 -2.1231123293e+00
1.6991973278e-04 1.7505924248e+04 1.5707963268e+00 -2.1251679392e+00
1.7010332285e-04 1.7515923374e+04 1.5707963268e+00 -2.1272212036e+00
1.7028680522e-04 1.7525940216e+04 1.5707963268e+00 -2.1292721225e+00
1.7047017995e-04 1.7535974774e+04 1.5707963268e+00 -2.1313206956e+00
1.7065344709e-04 1.7546027051e+04 1.5707963268e+00 -2.1333669228e+00
1.7083660671e-04 1.7556097048e+04 1.5707963268e+00 -2.1354108042e+00
1.7101965886e-04 1.7566184766e+04 1.5707963268e+00 -2.1374523394e+00
1.7120260361e-04 1.7576290207e+04 1.5707963268e+00 -2.1394915286e+00
1.7138544102e-04 1.7586413372e+04 1.5707963268e+00 -2.1415283715e+00
1.7156817114e-04 1.7596554262e+04 1.5707963268e+00 -2.1435628682e+00
1.7175079405e-04 1.7606712878e+04 1.5707963268e+00 -2.1455950186e+00
1.7193330980e-04 1.7616889221e+04 1.5707963268e+00 -2.1476248226e+00
1.7211571845e-04 1.7627083292e+04 1.5707963268e+00 -2.1496522802e+00
1.7229802007e-04 1.7637295093e+04 1.5707963268e+00 -2.1516773915e+00
1.7248021472e-04 1.7647524623e+04 1.5707963268e+00 -2.1537001564e+00
1.7266230247e-04 1.7657771884e+04 1.5707963268e+00 -2.1557205748e+00
1.7284428338e-04 1.7668036876e+04 1.5707963268e+00 -2.1577386470e+00
1.7302615751e-04 1.7678319600e+04 1.5707963268e+00 -2.1597543727e+00
1.7320792492e-04 1.7688620056e+04 1.5707963268e+00 -2.1617677522e+00
1.7338958570e-04 1.7698938245e+04 1.5707963268e+00 -2.1637787855e+00
1.7357113989e-04 1.7709274167e+04 1.5707963268e+00 -2.1657874726e+00
1.7375258757e-04 1.7719627823e+04 1.5707963268e+00 -2.1677938136e+00
1.7393392880e-04 1.7729999211e+04 1.5707963268e+00 -2.1697978086e+00
1.7411516366e-04 1.7740388334e+04 1.5707963268e+00 -2.1717994577e+00
1.7429629220e-04 1.7750795191e+04 1.5707963268e+00 -2.1737987611e+00
1.7447731450e-04 1.7761219781e+04 1.5707963268e+00 -2.1757957187e+00
1.7465823062e-04 1.7771662105e+04 1.5707963268e+00 -2.1777903309e+00
1.7483904063e-04 1.7782122162e+04 1.5707963268e+00 -2.1797825976e+00
1.7501974461e-04 1.7792599953e+04 1.5707963268e+00 -2.1817725192e+00
1.7520034261e-04 1.7803095477e+04 1.5707963268e+00 -2.1837600957e+00
1.7538083472e-04 1.7813608733e+04 1.5707963268e+00 -2.1857453273e+00
1.7556122100e-04 1.7824139721e+04 1.5707963268e+00 -2.1877282142e+00
1.7574150152e-04 1.7834688442e+04 1.5707963268e+00 -2.1897087567e+00
1.7592167636e-04 1.7845254893e+04 1.5707963268e+00 -2.1916869549e+00
1.7610174558e-04 1.7855839075e+04 1.5707963268e+00 -2.1936628091e+00
1.7628170926e-04 1.7866440986e+04 1.5707963268e+00 -2.1956363195e+00
1.7646156746e-04 1.7877060626e+04 1.5707963268e+00 -2.1976074864e+00
1.7664132027e-04 1.7887697995e+04 1.5707963268e+00 -2.1995763099e+00
1.7682096775e-04 1.7898353090e+04 1.5707963268e+00 -2.2015427905e+00
1.7700050997e-04 1.7909025911e+04 1.5707963268e+00 -2.2035069283e+00
1.7717994702e-04 1.7919716457e+04 1.5707963268e+00 -2.2054687237e+00
1.7735927897e-04 1.7930424727e+04 1.5707963268e+00 -2.2074281769e+00
1.7753850588e-04 1.7941150719e+04 1.5707963268e+00 -2.2093852884e+00
1.7771762784e-04 1.7951894433e+04 1.5707963268e+00 -2.2113400583e+00
1.7789664491e-04 1.7962655866e+04 1.5707963268e+00 -2.2132924871e+00
1.7807555718e-04 1.7973435018e+04 1.5707963268e+00 -2.2152425751e+00
1.7825436473e-04 1.7984231886e+04 1.5707963268e+00 -2.2171903226e+00
1.7843306761e-04 1.7995046470e+04 1.5707963268e+00 -2.2191357301e+00
1.7861166593e-04 1.8005878767e+04 1.5707963268e+00 -2.2210787979e+00
1.7879015974e-04 1.8016728776e+04 1.5707963268e+00 -2.2230195263e+00
1.7896854913e-04 1.8027596495e+04 1.5707963268e+00 -2.2249579159e+00
1.7914683418e-04 1.8038481921e+04 1.5707963268e+00 -2.2268939670e+00
1.7932501495e-04 1.8049385054e+04 1.5707963268e+00 -2.2288276801e+00
1.7950309154e-04 1.8060305891e+04 1.5707963268e+00 -2.2307590555e+00
1.7968106403e-04 1.8071244430e+04 1.5707963268e+00 -2.2326880938e+00
1.7985893248e-04 1.8082200669e+04 1.5707963268e+00 -2.2346147953e+00
1.8003669697e-04 1.8093174605e+04 1.5707963268e+00 -2.2365391606e+00
1.8021435760e-04 1.8104166237e+04 1.5707963268e+00 -2.2384611902e+00
1.8039191443e-04 1.8115175561e+04 1.5707963268e+00 -2.2403808844e+00
1.8056936756e-04 1.8126202576e+04 1.5707963268e+00 -2.2422982440e+00
1.8074671705e-04 1.8137247278e+04 1.5707963268e+00 -2.2442132692e+00
1.8092396299e-04 1.8148309666e+04 1.5707963268e+00 -2.2461259607e+00
1.8110110547e-04 1.8159389736e+04 1.5707963268e+00 -2.2480363190e+00
1.8127814455e-04 1.8170487486e+04 1.5707963268e+00 -2.2499443447e+00
1.8145508034e-04 1.8181602914e+04 1.5707963268e+00 -2.2518500382e+00
1.8163191290e-04 1.8192736015e+04 1.5707963268e+00 -2.2537534002e+00
1.8180864232e-04 1.8203886788e+04 1.5707963268e+00 -2.2556544313e+00
1.8198526868e-04 1.8215055229e+04 1.5707963268e+00 -2.2575531319e+00
1.8216179207e-04 1.8226241334e+04 1.5707963268e+00 -2.2594495028e+00
1.8233821257e-04 1.8237445102e+04 1.5707963268e+00 -2.2613435445e+00
1.8251453026e-04 1.8248666529e+04 1.5707963268e+00 -2.2632352577e+00
1.8269074523e-04 1.8259905611e+04 1.5707963268e+00 -2.2651246429e+00
1.8286685756e-04 1.8271162345e+04 1.5707963268e+00 -2.2670117009e+00
1.8304286734e-04 1.8282436728e+04 1.5707963268e+00 -2.2688964322e+00
1.8321877465e-04 1.8293728756e+04 1.5707963268e+00 -2.2707788375e+00
1.8339457958e-04 1.8305038425e+04 1.5707963268e+00 -2.2726589175e+00
1.8357028222e-04 1.8316365732e+04 1.5707963268e+00 -2.2745366729e+00
1.8374588264e-04 1.8327710674e+04 1.5707963268e+00 -2.2764121043e+00
1.8392138094e-04 1.8339073246e+04 1.5707963268e+00 -2.2782852125e+00
1.8409677720e-04 1.8350453444e+04 1.5707963268e+00 -2.2801559982e+00
1.8427207151e-04 1.8361851265e+04 1.5707963268e+00 -2.2820244621e+00
1.8444726396e-04 1.8373266705e+04 1.5707963268e+00 -2.2838906049e+00
1.8462235463e-04 1.8384699760e+04 1.5707963268e+00 -2.2857544273e+00
1.8479734361e-04 1.8396150425e+04 1.5707963268e+00 -2.2876159302e+00
1.8497223099e-04 1.8407618696e+04 1.5707963268e+00 -2.2894751142e+00
1.8514701686e-04 1.8419104570e+04 1.5707963268e+00 -2.2913319802e+00
1.8532170131e-04 1.8430608041e+04 1.5707963268e+00 -2.2931865289e+00
1.8549628442e-04 1.8442129105e+04 1.5707963268e+00 -2.2950387611e+00
1.8567076629e-04 1.8453667759e+04 1.5707963268e+00 -2.2968886777e+00
1.8584514700e-04 1.8465223997e+04 1.5707963268e+00 -2.2987362794e+00
1.8601942664e-04 1.8476797815e+04 1.5707963268e+00 -2.3005815670e+00
1.8619360531e-04 1.8488389207e+04 1.5707963268e+00 -2.3024245414e+00
1.8636768309e-04 1.8499998171e+04 1.5707963268e+00 -2.3042652035e+00
1.8654166008e-04 1.8511624700e+04 1.5707963268e+00 -2.3061035540e+00
1.8671553636e-04 1.8523268789e+04 1.5707963268e+00 -2.3079395939e+00
1.8688931203e-04 1.8534930435e+04 1.5707963268e+00 -2.3097733239e+00
1.8706298718e-04 1.8546609631e+04 1.5707963268e+00 -2.3116047451e+00
1.8723656190e-04 1.8558306374e+04 1.5707963268e+00 -2.3134338582e+00
1.8741003627e-04 1.8570020657e+04 1.5707963268e+00 -2.3152606642e+00
1.8758341040e-04 1.8581752475e+04 1.5707963268e+00 -2.3170851640e+00
1.8775668438e-04 1.8593501824e+04 1.5707963268e+00 -2.3189073585e+00
1.8792985829e-04 1.8605268698e+04 1.5707963268e+00 -2.3207272486e+00
1.8810293224e-04 1.8617053091e+04 1.5707963268e+00 -2.3225448353e+00
1.8827590631e-04 1.8628854999e+04 1.5707963268e+00 -2.3243601195e+00
1.8844878060e-04 1.8640674415e+04 1.5707963268e+00 -2.3261731022e+00
1.8862155519e-04 1.8652511334e+04 1.5707963268e+00 -2.3279837844e+00
1.8879423020e-04 1.8664365751e+04 1.5707963268e+00 -2.3297921669e+00
1.8896680570e-04 1.8676237659e+04 1.5707963268e+00 -2.3315982509e+00
1.8913928179e-04 1.8688127053e+04 1.5707963268e+00 -2.3334020372e+00
1.8931165858e-04 1.8700033928e+04 1.5707963268e+00 -2.3352035269e+00
1.8948393614e-04 1.8711958276e+04 1.5707963268e+00 -2.3370027211e+00
1.8965611459e-04 1.8723900093e+04 1.5707963268e+00 -2.3387996207e+00
1.8982819400e-04 1.8735859372e+04 1.5707963268e+00 -2.3405942267e+00
1.9000017449e-04 1.8747836107e+04 1.5707963268e+00 -2.3423865403e+00
1.9017205614e-04 1.8759830293e+04 1.5707963268e+00 -2.3441765624e+00
1.9034383905e-04 1.8771841922e+04 1.5707963268e+00 -2.3459642942e+00
1.9051552331e-04 1.8783870988e+04 1.5707963268e+00 -2.3477497366e+00
1.9068710903e-04 1.8795917486e+04 1.5707963268e+00 -2.3495328908e+00
1.9085859630e-04 1.8807981408e+04 1.5707963268e+00 -2.3513137578e+00
1.9102998521e-04 1.8820062749e+04 1.5707963268e+00 -2.3530923388e+00
1.9120127587e-04 1.8832161502e+04 1.5707963268e+00 -2.3548686348e+00
1.9137246836e-04 1.8844277660e+04 1.5707963268e+00 -2.3566426470e+00
1.9154356280e-04 1.8856411216e+04 1.5707963268e+00 -2.3584143765e+00
1.9171455927e-04 1.8868562164e+04 1.5707963268e+00 -2.3601838244e+00
1.9188545787e-04 1.8880730498e+04 1.5707963268e+00 -2.3619509919e+00
1.9205625871e-04 1.8892916209e+04 1.5707963268e+00 -2.3637158801e+00
1.9222696187e-04 1.8905119292e+04 1.5707963268e+00 -2.3654784901e+00
1.9239756746e-04 1.8917339739e+04 1.5707963268e+00 -2.3672388232e+00
1.9256807558e-04 1.8929577544e+04 1.5707963268e+00 -2.3689968805e+00
1.9273848633e-04 1.8941832699e+04 1.5707963268e+00 -2.3707526631e+00
1.9290879980e-04 1.8954105197e+04 1.5707963268e+00 -2.3725061724e+00
1.9307901609e-04 1.8966395031e+04 1.5707963268e+00 -2.3742574094e+00
1.9324913531e-04 1.8978702193e+04 1.5707963268e+00 -2.3760063755e+00
1.9341915756e-04 1.8991026677e+04 1.5707963268e+00 -2.3777530717e+00
1.9358908292e-04 1.9003368475e+04 1.5707963268e+00 -2.3794974994e+00
1.9375891151e-04 1.9015727580e+04 1.5707963268e+00 -2.3812396598e+00
1.9392864343e-04 1.9028103984e+04 1.5707963268e+00 -2.3829795541e+00
1.9409827877e-04 1.9040497679e+04 1.5707963268e+00 -2.3847171836e+00
1.9426781763e-04 1.9052908658e+04 1.5707963268e+00 -2.3864525495e+00
1.9443726012e-04 1.9065336913e+04 1.5707963268e+00 -2.3881856531e+00
1.9460660633e-04 1.9077782437e+04 1.5707963268e+00 -2.3899164957e+00
1.9477585638e-04 1.9090245221e+04 1.5707963268e+00 -2.3916450786e+00
1.9494501035e-04 1.9102725259e+04 1.5707963268e+00 -2.3933714031e+00
1.9511406836e-04 1.9115222541e+04 1.5707963268e+00 -2.3950954704e+00
1.9528303049e-04 1.9127737060e+04 1.5707963268e+00 -2.3968172819e+00
1.9545189687e-04 1.9140268808e+04 1.5707963268e+00 -2.3985368389e+00
1.9562066757e-04 1.9152817777e+04 1.5707963268e+00 -2.4002541427e+00
1.9578934272e-04 1.9165383958e+04 1.5707963268e+00 -2.4019691947e+00
1.9595792241e-04 1.9177967345e+04 1.5707963268e+00 -2.4036819962e+00
1.9612640674e-04 1.9190567927e+04 1.5707963268e+00 -2.4053925485e+00
1.9629479582e-04 1.9203185697e+04 1.5707963268e+00 -2.4071008531e+00
1.9646308975e-04 1.9215820647e+04 1.5707963268e+00 -2.4088069112e+00
1.9663128863e-04 1.9228472768e+04 1.5707963268e+00 -2.4105107243e+00
1.9679939257e-04 1.9241142052e+04 1.5707963268e+00 -2.4122122938e+00
1.9696740166e-04 1.9253828490e+04 1.5707963268e+00 -2.4139116210e+00
1.9713531602e-04 1.9266532073e+04 1.5707963268e+00 -2.4156087073e+00
1.9730313575e-04 1.9279252793e+04 1.5707963268e+00 -2.4173035542e+00
1.9747086094e-04 1.9291990642e+04 1.5707963268e+00 -2.4189961630e+00
1.9763849171e-04 1.9304745610e+04 1.5707963268e+00 -2.4206865352e+00
1.9780602816e-04 1.9317517688e+04 1.5707963268e+00 -2.4223746722e+00
1.9797347039e-04 1.9330306868e+04 1.5707963268e+00 -2.4240605754e+00
1.9814081851e-04 1.9343113141e+04 1.5707963268e+00 -2.4257442464e+00
1.9830807262e-04 1.9355936498e+04 1.5707963268e+00 -2.4274256865e+00
1.9847523282e-04 1.9368776930e+04 1.5707963268e+00 -2.4291048972e+00
1.9864229923e-04 1.9381634427e+04 1.5707963268e+00 -2.4307818799e+00
1.9880927194e-04 1.9394508981e+04 1.5707963268e+00 -2.4324566363e+00
1.9897615107e-04 1.9407400582e+04 1.5707963268e+00 -2.4341291676e+00
1.9914293671e-04 1.9420309222e+04 1.5707963268e+00 -2.4357994755e+00
1.9930962897e-04 1.9433234890e+04 1.5707963268e+00 -2.4374675614e+00
1.9947622796e-04 1.9446177578e+04 1.5707963268e+00 -2.4391334268e+00
1.9964273379e-04 1.9459137276e+04 1.5707963268e+00 -2.4407970733e+00
1.9980914655e-04 1.9472113974e+04 1.5707963268e+00 -2.4424585023e+00
1.9997546636e-04 1.9485107663e+04 1.5707963268e+00 -2.4441177155e+00
2.0014169332e-04 1.9498118334e+04 1.5707963268e+00 -2.4457747142e+00
2.0030782753e-04 1.9511145977e+04 1.5707963268e+00 -2.4474295001e+00
2.0047386911e-04 1.9524190582e+04 1.5707963268e+00 -2.4490820747e+00
2.0063981816e-04 1.9537252140e+04 1.5707963268e+00 -2.4507324396e+00
2.0080567479e-04 1.9550330640e+04 1.5707963268e+00 -2.4523805964e+00
2.0097143910e-04 1.9563426074e+04 1.5707963268e+00 -2.4540265465e+00
2.0113711120e-04 1.9576538430e+04 1.5707963268e+00 -2.4556702916e+00
2.0130269119e-04 1.9589667699e+04 1.5707963268e+00 -2.4573118333e+00
2.0146817919e-04 1.9602813872e+04 1.5707963268e+00 -2.4589511731e+00
2.0163357530e-04 1.9615976937e+04 1.5707963268e+00 -2.4605883127e+00
2.0179887963e-04 1.9629156886e+04 1.5707963268e+00 -2.4622232536e+00
2.0196409229e-04 1.9642353707e+04 1.5707963268e+00 -2.4638559975e+00
2.0212921338e-04 1.9655567391e+04 1.5707963268e+00 -2.4654865460e+00
2.0229424300e-04 1.9668797928e+04 1.5707963268e+00 -2.4671149008e+00
2.0245918128e-04 1.9682045307e+04 1.5707963268e+00 -2.4687410633e+00
2.0262402831e-04 1.9695309517e+04 1.5707963268e+00 -2.4703650354e+00
2.0278878421e-04 1.9708590549e+04 1.5707963268e+00 -2.4719868186e+00
2.0295344908e-04 1.9721888393e+04 1.5707963268e+00 -2.4736064145e+00
2.0311802302e-04 1.9735203036e+04 1.5707963268e+00 -2.4752238249e+00
2.0328250616e-04 1.9748534470e+04 1.5707963268e+00 -2.4768390515e+00
2.0344689859e-04 1.9761882684e+04 1.5707963268e+00 -2.4784520958e+00
2.0361120043e-04 1.9775247666e+04 1.5707963268e+00 -2.4800629595e+00
2.0377541178e-04 1.9788629406e+04 1.5707963268e+00 -2.4816716444e+00
2.0393953275e-04 1.9802027894e+04 1.5707963268e+00 -2.4832781521e+00
2.0410356345e-04 1.9815443119e+04 1.5707963268e+00 -2.4848824844e+00
2.0426750399e-04 1.9828875069e+04 1.5707963268e+00 -2.4864846429e+00
2.0443135448e-04 1.9842323735e+04 1.5707963268e+00 -2.4880846293e+00
2.0459511503e-04 1.9855789104e+04 1.5707963268e+00 -2.4896824454e+00
2.0475878574e-04 1.9869271167e+04 1.5707963268e+00 -2.4912780929e+00
2.0492236672e-04 1.9882769912e+04 1.5707963268e+00 -2.4928715735e+00
2.0508585809e-04 1.9896285329e+04 1.5707963268e+00 -2.4944628889e+00
2.0524925995e-04 1.9909817405e+04 1.5707963268e+00 -2.4960520410e+00
2.0541257242e-04 1.9923366130e+04 1.5707963268e+00 -2.4976390314e+00
2.0557579559e-04 1.9936931493e+04 1.5707963268e+00 -2.4992238618e+00
2.0573892959e-04 1.9950513483e+04 1.5707963268e+00 -2.5008065341e+00
2.0590197451e-04 1.9964112087e+04 1.5707963268e+00 -2.5023870501e+00
2.0606493048e-04 1.9977727296e+04 1.5707963268e+00 -2.5039654114e+00
2.0622779760e-04 1.9991359097e+04 1.5707963268e+00 -2.5055416199e+00
2.0639057598e-04 2.0005007480e+04 1.5707963268e+00 -2.5071156773e+00
2.0655326572e-04 2.0018672432e+04 1.5707963268e+00 -2.5086875855e+00
2.0671586695e-04 2.0032353942e+04 1.5707963268e+00 -2.5102573462e+00
2.0687837976e-04 2.0046051999e+04 1.5707963268e+00 -2.5118249612e+00
2.0704080427e-04 2.0059766591e+04 1.5707963268e+00 -2.5133904324e+00
2.0720314060e-04 2.0073497707e+04 1.5707963268e+00 -2.5149537615e+00
2.0736538884e-04 2.0087245335e+04 1.5707963268e+00 -2.5165149504e+00
2.0752754911e-04 2.0101009462e+04 1.5707963268e+00 -2.5180740009e+00
2.0768962152e-04 2.0114790078e+04 1.5707963268e+00 -2.5196309149e+00
2.0785160618e-04 2.0128587171e+04 1.5707963268e+00 -2.5211856940e+00
2.0801350320e-04 2.0142400728e+04 1.5707963268e+00 -2.5227383403e+00
2.0817531269e-04 2.0156230738e+04 1.5707963268e+00 -2.5242888555e+00
2.0833703476e-04 2.0170077189e+04 1.5707963268e+00 -2.5258372415e+00
2.0849866953e-04 2.0183940068e+04 1.5707963268e+00 -2.5273835002e+00
2.0866021709e-04 2.0197819365e+04 1.5707963268e+00 -2.5289276334e+00
2.0882167757e-04 2.0211715067e+04 1.5707963268e+00 -2.5304696430e+00
2.0898305107e-04 2.0225627161e+04 1.5707963268e+00 -2.5320095308e+00
2.0914433771e-04 2.0239555637e+04 1.5707963268e+00 -2.5335472987e+00
2.0930553759e-04 2.0253500480e+04 1.5707963268e+00 -2.5350829487e+00
2.0946665083e-04 2.0267461680e+04 1.5707963268e+00 -2.5366164826e+00
2.0962767753e-04 2.0281439224e+04 1.5707963268e+00 -2.5381479023e+00
2.0978861781e-04 2.0295433100e+04 1.5707963268e+00 -2.5396772097e+00
2.0994947178e-04 2.0309443295e+04 1.5707963268e+00 -2.5412044066e+00
2.1011023954e-04 2.0323469797e+04 1.5707963268e+00 -2.5427294951e+00
2.1027092122e-04 2.0337512594e+04 1.5707963268e+00 -2.5442524771e+00
2.1043151692e-04 2.0351571673e+04 1.5707963268e+00 -2.5457733543e+00
2.1059202675e-04 2.0365647021e+04 1.5707963268e+00 -2.5472921289e+00
2.1075245082e-04 2.0379738627e+04 1.5707963268e+00 -2.5488088026e+00
2.1091278925e-04 2.0393846478e+04 1.5707963268e+00 -2.5503233775e+00
2.1107304215e-04 2.0407970560e+04 1.5707963268e+00 -2.5518358554e+00
2.1123320962e-04 2.0422110862e+04 1.5707963268e+00 -2.5533462384e+00
2.1139329178e-04 2.0436267371e+04 1.5707963268e+00 -2.5548545283e+00
2.1155328873e-04 2.0450440073e+04 1.5707963268e+00 -2.5563607272e+00
2.1171320060e-04 2.0464628957e+04 1.5707963268e+00 -2.5578648369e+00
2.1187302749e-04 2.0478834009e+04 1.5707963268e+00 -2.5593668595e+00
2.1203276951e-04 2.0493055216e+04 1.5707963268e+00 -2.5608667969e+00
2.1219242678e-04 2.0507292567e+04 1.5707963268e+00 -2.5623646511e+00
2.1235199941e-04 2.0521546047e+04 1.5707963268e+00 -2.5638604240e+00
2.1251148749e-04 2.0535815644e+04 1.5707963268e+00 -2.5653541177e+00
2.1267089116e-04 2.0550101345e+04 1.5707963268e+00 -2.5668457341e+00
2.1283021052e-04 2.0564403137e+04 1.5707963268e+00 -2.5683352753e+00
2.1298944568e-04 2.0578721007e+04 1.5707963268e+00 -2.5698227431e+00
2.1314859675e-04 2.0593054941e+04 1.5707963268e+00 -2.5713081397e+00
2.1330766385e-04 2.0607404927e+04 1.5707963268e+00 -2.5727914670e+00
2.1346664708e-04 2.0621770952e+04 1.5707963268e+00 -2.5742727270e+00
2.1362554656e-04 2.0636153002e+04 1.5707963268e+00 -2.5757519217e+00
2.1378436240e-04 2.0650551064e+04 1.5707963268e+00 -2.5772290532e+00
2.1394309471e-04 2.0664965125e+04 1.5707963268e+00 -2.5787041235e+00
2.1410174360e-04 2.0679395171e+04 1.5707963268e+00 -2.5801771346e+00
2.1426030918e-04 2.0693841190e+04 1.5707963268e+00 -2.5816480885e+00
2.1441879157e-04 2.0708303167e+04 1.5707963268e+00 -2.5831169873e+00
2.1457719087e-04 2.0722781090e+04 1.5707963268e+00 -2.5845838330e+00
2.1473550721e-04 2.0737274945e+04 1.5707963268e+00 -2.5860486277e+00
2.1489374068e-04 2.0751784719e+04 1.5707963268e+00 -2.5875113733e+00
2.1505189140e-04 2.0766310398e+04 1.5707963268e+00 -2.5889720720e+00
2.1520995948e-04 2.0780851968e+04 1.5707963268e+00 -2.5904307258e+00
2.1536794504e-04 2.0795409416e+04 1.5707963268e+00 -2.5918873368e+00
2.1552584819e-04 2.0809982729e+04 1.5707963268e+00 -2.5933419070e+00
2.1568366903e-04 2.0824571892e+04 1.5707963268e+00 -2.5947944384e+00
2.1584140768e-04 2.0839176893e+04 1.5707963268e+00 -2.5962449333e+00
2.1599906425e-04 2.0853797716e+04 1.5707963268e+00 -2.5976933935e+00
2.1615663885e-04 2.0868434350e+04 1.5707963268e+00 -2.5991398213e+00
2.1631413160e-04 2.0883086780e+04 1.5707963268e+00 -2.6005842187e+00
2.1647154259e-04 2.0897754992e+04 1.5707963268e+00 -2.6020265877e+00
2.1662887196e-04 2.0912438972e+04 1.5707963268e+00 -2.6034669306e+00
2.1678611980e-04 2.0927138707e+04 1.5707963268e+00 -2.6049052493e+00
2.1694328624e-04 2.0941854183e+04 1.5707963268e+00 -2.6063415459e+00
2.1710037137e-04 2.0956585385e+04 1.5707963268e+00 -2.6077758226e+00
2.1725737532e-04 2.0971332300e+04 1.5707963268e+00 -2.6092080815e+00
2.1741429818e-04 2.0986094914e+04 1.5707963268e+00 -2.6106383246e+00
2.1757114009e-04 2.1000873213e+04 1.5707963268e+00 -2.6120665541e+00
2.1772790114e-04 2.1015667183e+04 1.5707963268e+00 -2.6134927722e+00
2.1788458145e-04 2.1030476810e+04 1.5707963268e+00 -2.6149169808e+00
2.1804118112e-04 2.1045302079e+04 1.5707963268e+00 -2.6163391822e+00
2.1819770028e-04 2.1060142977e+04 1.5707963268e+00 -2.6177593784e+00
2.1835413903e-04 2.1074999490e+04 1.5707963268e+00 -2.6191775716e+00
2.1851049748e-04 2.1089871603e+04 1.5707963268e+00 -2.6205937639e+00
2.1866677575e-04 2.1104759302e+04 1.5707963268e+00 -2.6220079575e+00
2.1882297394e-04 2.1119662573e+04 1.5707963268e+00 -2.6234201545e+00
2.1897909217e-04 2.1134581401e+04 1.5707963268e+00 -2.6248303571e+00
2.1913513055e-04 2.1149515773e+04 1.5707963268e+00 -2.6262385673e+00
2.1929108919e-04 2.1164465675e+04 1.5707963268e+00 -2.6276447873e+00
2.1944696820e-04 2.1179431090e+04 1.5707963268e+00 -2.6290490193e+00
2.1960276769e-04 2.1194412007e+04 1.5707963268e+00 -2.6304512654e+00
2.1975848777e-04 2.1209408409e+04 1.5707963268e+00 -2.6318515279e+00
2.1991412856e-04 2.1224420283e+04 1.5707963268e+00 -2.6332498087e+00
2.2006969016e-04 2.1239447614e+04 1.5707963268e+00 -2.6346461102e+00
2.2022517269e-04 2.1254490388e+04 1.5707963268e+00 -2.6360404345e+00
2.2038057625e-04 2.1269548590e+04 1.5707963268e+00 -2.6374327837e+00
2.2053590097e-04 2.1284622206e+04 1.5707963268e+00 -2.6388231600e+00
2.2069114694e-04 2.1299711221e+04 1.5707963268e+00 -2.6402115657e+00
2.2084631428e-04 2.1314815621e+04 1.5707963268e+00 -2.6415980028e+00
2.2100140310e-04 2.1329935391e+04 1.5707963268e+00 -2.6429824735e+00
2.2115641352e-04 2.1345070516e+04 1.5707963268e+00 -2.6443649801e+00
2.2131134564e-04 2.1360220981e+04 1.5707963268e+00 -2.6457455248e+00
2.2146619957e-04 2.1375386773e+04 1.5707963268e+00 -2.6471241096e+00
2.2162097542e-04 2.1390567877e+04 1.5707963268e+00 -2.6485007368e+00
2.2177567331e-04 2.1405764277e+04 1.5707963268e+00 -2.6498754087e+00
2.2193029334e-04 2.1420975959e+04 1.5707963268e+00 -2.6512481273e+00
2.2208483563e-04 2.1436202908e+04 1.5707963268e+00 -2.6526188950e+00
2.2223930028e-04 2.1451445109e+04 1.5707963268e+00 -2.6539877138e+00
2.2239368741e-04 2.1466702549e+04 1.5707963268e+00 -2.6553545860e+00
2.2254799713e-04 2.1481975211e+04 1.5707963268e+00 -2.6567195139e+00
2.2270222955e-04 2.1497263080e+04 1.5707963268e+00 -2.6580824995e+00
2.2285638477e-04 2.1512566143e+04 1.5707963268e+00 -2.6594435452e+00
2.2301046292e-04 2.1527884384e+04 1.5707963268e+00 -2.6608026532e+00
2.2316446409e-04 2.1543217789e+04 1.5707963268e+00 -2.6621598256e+00
2.2331838840e-04 2.1558566341e+04 1.5707963268e+00 -2.6635150647e+00
2.2347223595e-04 2.1573930027e+04 1.5707963268e+00 -2.6648683727e+00
2.2362600687e-04 2.1589308832e+04 1.5707963268e+00 -2.6662197519e+00
2.2377970126e-04 2.1604702739e+04 1.5707963268e+00 -2.6675692044e+00
2.2393331922e-04 2.1620111735e+04 1.5707963268e+00 -2.6689167325e+00
2.2408686088e-04 2.1635535804e+04 1.5707963268e+00 -2.6702623384e+00
2.2424032633e-04 2.1650974931e+04 1.5707963268e+00 -2.6716060244e+00
2.2439371570e-04 2.1666429102e+04 1.5707963268e+00 -2.6729477927e+00
2.2454702908e-04 2.1681898300e+04 1.5707963268e+00 -2.6742876454e+00
2.2470026659e-04 2.1697382511e+04 1.5707963268e+00 -2.6756255850e+00
2.2485342833e-04 2.1712881720e+04 1.5707963268e+00 -2.6769616136e+00
2.2500651443e-04 2.1728395911e+04 1.5707963268e+00 -2.6782957334e+00
2.2515952498e-04 2.1743925070e+04 1.5707963268e+00 -2.6796279467e+00
2.2531246010e-04 2.1759469181e+04 1.5707963268e+00 -2.6809582558e+00
2.2546531990e-04 2.1775028228e+04 1.5707963268e+00 -2.6822866629e+00
2.2561810448e-04 2.1790602198e+04 1.5707963268e+00 -2.6836131702e+00
2.2577081396e-04 2.1806191073e+04 1.5707963268e+00 -2.6849377801e+00
2.2592344844e-04 2.1821794840e+04 1.5707963268e+00 -2.6862604947e+00
2.2607600803e-04 2.1837413482e+04 1.5707963268e+00 -2.6875813163e+00
2.2622849285e-04 2.1853046985e+04 1.5707963268e+00 -2.6889002472e+00
2.2638090300e-04 2.1868695333e+04 1.5707963268e+00 -2.6902172896e+00
2.2653323859e-04 2.1884358511e+04 1.5707963268e+00 -2.6915324459e+00
2.2668549973e-04 2.1900036503e+04 1.5707963268e+00 -2.6928457182e+00
2.2683768652e-04 2.1915729294e+04 1.5707963268e+00 -2.6941571089e+00
2.2698979909e-04 2.1931436868e+04 1.5707963268e+00 -2.6954666201e+00
2.2714183753e-04 2.1947159211e+04 1.5707963268e+00 -2.6967742543e+00
2.2729380196e-04 2.1962896306e+04 1.5707963268e+00 -2.6980800136e+00
2.2744569248e-04 2.1978648138e+04 1.5707963268e+00 -2.6993839003e+00
2.2759750920e-04 2.1994414692e+04 1.5707963268e+00 -2.7006859167e+00
2.2774925223e-04 2.2010195952e+04 1.5707963268e+00 -2.7019860651e+00
2.2790092168e-04 2.2025991903e+04 1.5707963268e+00 -2.7032843478e+00
2.2805251766e-04 2.2041802529e+04 1.5707963268e+00 -2.7045807670e+00
2.2820404028e-04 2.2057627815e+04 1.5707963268e+00 -2.7058753250e+00
2.2835548964e-04 2.2073467744e+04 1.5707963268e+00 -2.7071680241e+00
2.2850686585e-04 2.2089322302e+04 1.5707963268e+00 -2.7084588666e+00
2.2865816902e-04 2.2105191473e+04 1.5707963268e+00 -2.7097478547e+00
2.2880939925e-04 2.2121075241e+04 1.5707963268e+00 -2.7110349909e+00
2.2896055667e-04 2.2136973591e+04 1.5707963268e+00 -2.7123202772e+00
2.2911164137e-04 2.2152886507e+04 1.5707963268e+00 -2.7136037161e+00
2.2926265346e-04 2.2168813973e+04 1.5707963268e+00 -2.7148853099e+00
2.2941359304e-04 2.2184755973e+04 1.5707963268e+00 -2.7161650607e+00
2.2956446024e-04 2.2200712493e+04 1.5707963268e+00 -2.7174429710e+00
2.2971525515e-04 2.2216683516e+04 1.5707963268e+00 -2.7187190430e+00
2.2986597788e-04 2.2232669026e+04 1.5707963268e+00 -2.7199932790e+00
2.3001662854e-04 2.2248669008e+04 1.5707963268e+00 -2.7212656813e+00
2.3016720724e-04 2.2264683447e+04 1.5707963268e+00 -2.7225362522e+00
2.3031771407e-04 2.2280712325e+04 1.5707963268e+00 -2.7238049940e+00
2.3046814917e-04 2.2296755628e+04 1.5707963268e+00 -2.7250719090e+00
2.3061851261e-04 2.2312813340e+04 1.5707963268e+00 -2.7263369995e+00
2.3076880453e-04 2.2328885445e+04 1.5707963268e+00 -2.7276002678e+00
2.3091902501e-04 2.2344971927e+04 1.5707963268e+00 -2.7288617162e+00
2.3106917417e-04 2.2361072771e+04 1.5707963268e+00 -2.7301213471e+00
2.3121925212e-04 2.2377187960e+04 1.5707963268e+00 -2.7313791627e+00
2.3136925896e-04 2.2393317478e+04 1.5707963268e+00 -2.7326351653e+00
2.3151919479e-04 2.2409461310e+04 1.5707963268e+00 -2.7338893573e+00
2.3166905974e-04 2.2425619441e+04 1.5707963268e+00 -2.7351417409e+00
2.3181885389e-04 2.2441791853e+04 1.5707963268e+00 -2.7363923184e+00
2.3196857736e-04 2.2457978532e+04 1.5707963268e+00 -2.7376410923e+00
2.3211823025e-04 2.2474179461e+04 1.5707963268e+00 -2.7388880647e+00
2.3226781267e-04 2.2490394624e+04 1.5707963268e+00 -2.7401332380e+00
2.3241732473e-04 2.2506624005e+04 1.5707963268e+00 -2.7413766146e+00
2.3256676653e-04 2.2522867589e+04 1.5707963268e+00 -2.7426181966e+00
2.3271613818e-04 2.2539125360e+04 1.5707963268e+00 -2.7438579865e+00
2.3286543978e-04 2.2555397301e+04 1.5707963268e+00 -2.7450959866e+00
2.3301467144e-04 2.2571683397e+04 1.5707963268e+00 -2.7463321991e+00
2.3316383326e-04 2.2587983631e+04 1.5707963268e+00 -2.7475666264e+00
2.3331292535e-04 2.2604297988e+04 1.5707963268e+00 -2.7487992709e+00
2.3346194782e-04 2.2620626452e+04 1.5707963268e+00 -2.7500301347e+00
2.3361090077e-04 2.2636969006e+04 1.5707963268e+00 -2.7512592203e+00
2.3375978430e-04 2.2653325635e+04 1.5707963268e+00 -2.7524865299e+00
2.3390859852e-04 2.2669696323e+04 1.5707963268e+00 -2.7537120660e+00
2.3405734354e-04 2.2686081053e+04 1.5707963268e+00 -2.7549358307e+00
2.3420601946e-04 2.2702479810e+04 1.5707963268e+00 -2.7561578265e+00
2.3435462639e-04 2.2718892577e+04 1.5707963268e+00 -2.7573780556e+00
2.3450316442e-04 2.2735319338e+04 1.5707963268e+00 -2.7585965204e+00
2.3465163367e-04 2.2751760078e+04 1.5707963268e+00 -2.7598132232e+00
2.3480003424e-04 2.2768214780e+04 1.5707963268e+00 -2.7610281663e+00
2.3494836624e-04 2.2784683428e+04 1.5707963268e+00 -2.7622413520e+00
2.3509662976e-04 2.2801166006e+04 1.5707963268e+00 -2.7634527827e+00
2.3524482491e-04 2.2817662498e+04 1.5707963268e+00 -2.7646624607e+00
2.3539295180e-04 2.2834172888e+04 1.5707963268e+00 -2.7658703883e+00
2.3554101053e-04 2.2850697160e+04 1.5707963268e+00 -2.7670765678e+00
2.3568900121e-04 2.2867235297e+04 1.5707963268e+00 -2.7682810016e+00
2.3583692393e-04 2.2883787284e+04 1.5707963268e+00 -2.7694836920e+00
2.3598477880e-04 2.2900353104e+04 1.5707963268e+00 -2.7706846413e+00
2.3613256594e-04 2.2916932741e+04 1.5707963268e+00 -2.7718838518e+00
2.3628028542e-04 2.2933526179e+04 1.5707963268e+00 -2.7730813259e+00
2.3642793738e-04 2.2950133402e+04 1.5707963268e+00 -2.7742770659e+00
2.3657552190e-04 2.2966754393e+04 1.5707963268e+00 -2.7754710741e+00
2.3672303908e-04 2.2983389137e+04 1.5707963268e+00 -2.7766633529e+00
2.3687048904e-04 2.3000037617e+04 1.5707963268e+00 -2.7778539045e+00
2.3701787188e-04 2.3016699818e+04 1.5707963268e+00 -2.7790427313e+00
2.3716518769e-04 2.3033375722e+04 1.5707963268e+00 -2.7802298357e+00
2.3731243659e-04 2.3050065314e+04 1.5707963268e+00 -2.7814152199e+00
2.3745961866e-04 2.3066768577e+04 1.5707963268e+00 -2.7825988863e+00
2.3760673403e-04 2.3083485496e+04 1.5707963268e+00 -2.7837808372e+00
2.3775378278e-04 2.3100216054e+04 1.5707963268e+00 -2.7849610749e+00
2.3790076503e-04 2.3116960234e+04 1.5707963268e+00 -2.7861396018e+00
2.3804768087e-04 2.3133718022e+04 1.5707963268e+00 -2.7873164202e+00
2.3819453040e-04 2.3150489399e+04 1.5707963268e+00 -2.7884915324e+00
2.3834131374e-04 2.3167274351e+04 1.5707963268e+00 -2.7896649408e+00
2.3848803097e-04 2.3184072860e+04 1.5707963268e+00 -2.7908366476e+00
2.3863468220e-04 2.3200884912e+04 1.5707963268e+00 -2.7920066553e+00
2.3878126754e-04 2.3217710488e+04 1.5707963268e+00 -2.7931749660e+00
2.3892778708e-04 2.3234549574e+04 1.5707963268e+00 -2.7943415822e+00
2.3907424093e-04 2.3251402153e+04 1.5707963268e+00 -2.7955065062e+00
2.3922062919e-04 2.3268268208e+04 1.5707963268e+00 -2.7966697403e+00
2.3936695196e-04 2.3285147723e+04 1.5707963268e+00 -2.7978312868e+00
2.3951320934e-04 2.3302040683e+04 1.5707963268e+00 -2.7989911481e+00
2.3965940143e-04 2.3318947070e+04 1.5707963268e+00 -2.8001493264e+00
2.3980552833e-04 2.3335866869e+04 1.5707963268e+00 -2.8013058242e+00
2.3995159015e-04 2.3352800063e+04 1.5707963268e+00 -2.8024606437e+00
2.4009758698e-04 2.3369746637e+04 1.5707963268e+00 -2.8036137873e+00
2.4024351893e-04 2.3386706572e+04 1.5707963268e+00 -2.8047652572e+00
2.4038938610e-04 2.3403679854e+04 1.5707963268e+00 -2.8059150559e+00
2.4053518858e-04 2.3420666467e+04 1.5707963268e+00 -2.8070631855e+00
2.4068092647e-04 2.3437666393e+04 1.5707963268e+00 -2.8082096486e+00
2.4082659989e-04 2.3454679616e+04 1.5707963268e+00 -2.8093544473e+00
2.4097220892e-04 2.3471706121e+04 1.5707963268e+00 -2.8104975840e+00
2.4111775366e-04 2.3488745890e+04 1.5707963268e+00 -2.8116390610e+00
2.4126323423e-04 2.3505798908e+04 1.5707963268e+00 -2.8127788807e+00
2.4140865071e-04 2.3522865158e+04 1.5707963268e+00 -2.8139170453e+00
2.4155400321e-04 2.3539944624e+04 1.5707963268e+00 -2.8150535572e+00
2.4169929182e-04 2.3557037290e+04 1.5707963268e+00 -2.8161884187e+00
2.4184451665e-04 2.3574143139e+04 1.5707963268e+00 -2.8173216322e+00
2.4198967779e-04 2.3591262156e+04 1.5707963268e+00 -2.8184531999e+00
2.4213477535e-04 2.3608394323e+04 1.5707963268e+00 -2.8195831241e+00
2.4227980942e-04 2.3625539624e+04 1.5707963268e+00 -2.8207114073e+00
2.4242478010e-04 2.3642698043e+04 1.5707963268e+00 -2.8218380516e+00
2.4256968750e-04 2.3659869564e+04 1.5707963268e+00 -2.8229630594e+00
2.4271453170e-04 2.3677054171e+04 1.5707963268e+00 -2.8240864331e+00
2.4285931281e-04 2.3694251846e+04 1.5707963268e+00 -2.8252081749e+00
2.4300403093e-04 2.3711462575e+04 1.5707963268e+00 -2.8263282872e+00
2.4314868616e-04 2.3728686340e+04 1.5707963268e+00 -2.8274467722e+00
2.4329327858e-04 2.3745923125e+04 1.5707963268e+00 -2.8285636324e+00
2.4343780831e-04 2.3763172913e+04 1.5707963268e+00 -2.8296788699e+00
2.4358227544e-04 2.3780435690e+04 1.5707963268e+00 -2.8307924871e+00
2.4372668007e-04 2.3797711437e+04 1.5707963268e+00 -2.8319044864e+00
2.4387102229e-04 2.3815000140e+04 1.5707963268e+00 -2.8330148700e+00
2.4401530220e-04 2.3832301781e+04 1.5707963268e+00 -2.8341236403e+00
2.4415951991e-04 2.3849616344e+04 1.5707963268e+00 -2.8352307995e+00
2.4430367550e-04 2.3866943813e+04 1.5707963268e+00 -2.8363363500e+00
2.4444776908e-04 2.3884284172e+04 1.5707963268e+00 -2.8374402940e+00
2.4459180074e-04 2.3901637404e+04 1.5707963268e+00 -2.8385426339e+00
2.4473577058e-04 2.3919003493e+04 1.5707963268e+00 -2.8396433720e+00
2.4487967870e-04 2.3936382423e+04 1.5707963268e+00 -2.8407425106e+00
2.4502352519e-04 2.3953774177e+04 1.5707963268e+00 -2.8418400519e+00
2.4516731016e-04 2.3971178739e+04 1.5707963268e+00 -2.8429359984e+00
2.4531103369e-04 2.3988596092e+04 1.5707963268e+00 -2.8440303522e+00
2.4545469588e-04 2.4006026222e+04 1.5707963268e+00 -2.8451231158e+00
2.4559829683e-04 2.4023469110e+04 1.5707963268e+00 -2.8462142913e+00
2.4574183664e-04 2.4040924741e+04 1.5707963268e+00 -2.8473038811e+00
2.4588531540e-04 2.4058393099e+04 1.5707963268e+00 -2.8483918875e+00
2.4602873322e-04 2.4075874167e+04 1.5707963268e+00 -2.8494783129e+00
2.4617209017e-04 2.4093367928e+04 1.5707963268e+00 -2.8505631593e+00
2.4631538636e-04 2.4110874368e+04 1.5707963268e+00 -2.8516464293e+00
2.4645862190e-04 2.4128393469e+04 1.5707963268e+00 -2.8527281251e+00
2.4660179686e-04 2.4145925214e+04 1.5707963268e+00 -2.8538082489e+00
2.4674491135e-04 2.4163469589e+04 1.5707963268e+00 -2.8548868031e+00
2.4688796546e-04 2.4181026576e+04 1.5707963268e+00 -2.8559637899e+00
2.4703095928e-04 2.4198596159e+04 1.5707963268e+00 -2.8570392117e+00
2.4717389292e-04 2.4216178322e+04 1.5707963268e+00 -2.8581130707e+00
2.4731676647e-04 2.4233773049e+04 1.5707963268e+00 -2.8591853692e+00
2.4745958002e-04 2.4251380323e+04 1.5707963268e+00 -2.8602561095e+00
2.4760233367e-04 2.4269000128e+04 1.5707963268e+00 -2.8613252939e+00
2.4774502750e-04 2.4286632448e+04 1.5707963268e+00 -2.8623929246e+00
2.4788766163e-04 2.4304277267e+04 1.5707963268e+00 -2.8634590041e+00
2.4803023613e-04 2.4321934567e+04 1.5707963268e+00 -2.8645235344e+00
2.4817275110e-04 2.4339604334e+04 1.5707963268e+00 -2.8655865180e+00
2.4831520665e-04 2.4357286551e+04 1.5707963268e+00 -2.8666479571e+00
2.4845760286e-04 2.4374981201e+04 1.5707963268e+00 -2.8677078539e+00
2.4859993982e-04 2.4392688269e+04 1.5707963268e+00 -2.8687662108e+00
2.4874221763e-04 2.4410407738e+04 1.5707963268e+00 -2.8698230300e+00
2.4888443639e-04 2.4428139591e+04 1.5707963268e+00 -2.8708783139e+00
2.4902659618e-04 2.4445883813e+04 1.5707963268e+00 -2.8719320645e+00
2.4916869710e-04 2.4463640388e+04 1.5707963268e+00 -2.8729842844e+00
2.4931073925e-04 2.4481409299e+04 1.5707963268e+00 -2.8740349756e+00
2.4945272271e-04 2.4499190529e+04 1.5707963268e+00 -2.8750841406e+00
2.4959464758e-04 2.4516984064e+04 1.5707963268e+00 -2.8761317814e+00
2.4973651395e-04 2.4534789886e+04 1.5707963268e+00 -2.8771779005e+00
2.4987832192e-04 2.4552607979e+04 1.5707963268e+00 -2.8782225001e+00
2.5002007157e-04 2.4570438328e+04 1.5707963268e+00 -2.8792655824e+00
2.5016176301e-04 2.4588280915e+04 1.5707963268e+00 -2.8803071498e+00
2.5030339631e-04 2.4606135725e+04 1.5707963268e+00 -2.8813472044e+00
2.5044497158e-04 2.4624002742e+04 1.5707963268e+00 -2.8823857485e+00
2.5058648891e-04 2.4641881949e+04 1.5707963268e+00 -2.8834227844e+00
2.5072794839e-04 2.4659773331e+04 1.5707963268e+00 -2.8844583143e+00
2.5086935010e-04 2.4677676871e+04 1.5707963268e+00 -2.8854923406e+00
2.5101069415e-04 2.4695592552e+04 1.5707963268e+00 -2.8865248654e+00
2.5115198062e-04 2.4713520360e+04 1.5707963268e+00 -2.8875558910e+00
2.5129320960e-04 2.4731460277e+04 1.5707963268e+00 -2.8885854196e+00
2.5143438119e-04 2.4749412287e+04 1.5707963268e+00 -2.8896134536e+00
2.5157549548e-04 2.4767376375e+04 1.5707963268e+00 -2.8906399950e+00
2.5171655255e-04 2.4785352524e+04 1.5707963268e+00 -2.8916650463e+00
2.5185755251e-04 2.4803340719e+04 1.5707963268e+00 -2.8926886096e+00
2.5199849543e-04 2.4821340942e+04 1.5707963268e+00 -2.8937106872e+00
2.5213938142e-04 2.4839353178e+04 1.5707963268e+00 -2.8947312813e+00
2.5228021056e-04 2.4857377411e+04 1.5707963268e+00 -2.8957503942e+00
2.5242098293e-04 2.4875413625e+04 1.5707963268e+00 -2.8967680281e+00
2.5256169864e-04 2.4893461804e+04 1.5707963268e+00 -2.8977841852e+00
2.5270235778e-04 2.4911521931e+04 1.5707963268e+00 -2.8987988678e+00
2.5284296042e-04 2.4929593991e+04 1.5707963268e+00 -2.8998120781e+00
2.5298350667e-04 2.4947677967e+04 1.5707963268e+00 -2.9008238183e+00
2.5312399660e-04 2.4965773843e+04 1.5707963268e+00 -2.9018340906e+00
2.5326443032e-04 2.4983881604e+04 1.5707963268e+00 -2.9028428974e+00
2.5340480791e-04 2.5002001233e+04 1.5707963268e+00 -2.9038502408e+00
2.5354512946e-04 2.5020132714e+04 1.5707963268e+00 -2.9048561230e+00
2.5368539506e-04 2.5038276032e+04 1.5707963268e+00 -2.9058605463e+00
2.5382560480e-04 2.5056431169e+04 1.5707963268e+00 -2.9068635129e+00
2.5396575877e-04 2.5074598111e+04 1.5707963268e+00 -2.9078650250e+00
2.5410585705e-04 2.5092776842e+04 1.5707963268e+00 -2.9088650848e+00
2.5424589974e-04 2.5110967344e+04 1.5707963268e+00 -2.9098636946e+00
2.5438588692e-04 2.5129169603e+04 1.5707963268e+00 -2.9108608565e+00
2.5452581868e-04 2.5147383601e+04 1.5707963268e+00 -2.9118565727e+00
2.5466569512e-04 2.5165609324e+04 1.5707963268e+00 -2.9128508456e+00
2.5480551631e-04 2.5183846756e+04 1.5707963268e+00 -2.9138436772e+00
2.5494528235e-04 2.5202095880e+04 1.5707963268e+00 -2.9148350699e+00
2.5508499333e-04 2.5220356680e+04 1.5707963268e+00 -2.9158250257e+00
2.5522464933e-04 2.5238629141e+04 1.5707963268e+00 -2.9168135470e+00
2.5536425044e-04 2.5256913246e+04 1.5707963268e+00 -2.9178006359e+00
2.5550379675e-04 2.5275208980e+04 1.5707963268e+00 -2.9187862945e+00
2.5564328834e-04 2.5293516326e+04 1.5707963268e+00 -2.9197705252e+00
2.5578272531e-04 2.5311835270e+04 1.5707963268e+00 -2.9207533301e+00
2.5592210774e-04 2.5330165794e+04 1.5707963268e+00 -2.9217347114e+00
2.5606143572e-04 2.5348507883e+04 1.5707963268e+00 -2.9227146712e+00
2.5620070933e-04 2.5366861522e+04 1.5707963268e+00 -2.9236932119e+00
2.5633992866e-04 2.5385226694e+04 1.5707963268e+00 -2.9246703355e+00
2.5647909380e-04 2.5403603383e+04 1.5707963268e+00 -2.9256460443e+00
2.5661820483e-04 2.5421991574e+04 1.5707963268e+00 -2.9266203404e+00
2.5675726185e-04 2.5440391251e+04 1.5707963268e+00 -2.9275932261e+00
2.5689626493e-04 2.5458802397e+04 1.5707963268e+00 -2.9285647034e+00
2.5703521417e-04 2.5477224998e+04 1.5707963268e+00 -2.9295347747e+00
2.5717410964e-04 2.5495659037e+04 1.5707963268e+00 -2.9305034420e+00
2.5731295144e-04 2.5514104498e+04 1.5707963268e+00 -2.9314707076e+00
2.5745173965e-04 2.5532561367e+04 1.5707963268e+00 -2.9324365735e+00
2.5759047436e-04 2.5551029626e+04 1.5707963268e+00 -2.9334010421e+00
2.5772915565e-04 2.5569509260e+04 1.5707963268e+00 -2.9343641154e+00
2.5786778361e-04 2.5588000254e+04 1.5707963268e+00 -2.9353257957e+00
2.5800635832e-04 2.5606502591e+04 1.5707963268e+00 -2.9362860850e+00
2.5814487988e-04 2.5625016257e+04 1.5707963268e+00 -2.9372449856e+00
2.5828334835e-04 2.5643541234e+04 1.5707963268e+00 -2.9382024996e+00
2.5842176383e-04 2.5662077508e+04 1.5707963268e+00 -2.9391586292e+00
2.5856012641e-04 2.5680625063e+04 1.5707963268e+00 -2.9401133765e+00
2.5869843616e-04 2.5699183883e+04 1.5707963268e+00 -2.9410667437e+00
2.5883669317e-04 2.5717753952e+04 1.5707963268e+00 -2.9420187330e+00
2.5897489754e-04 2.5736335255e+04 1.5707963268e+00 -2.9429693465e+00
2.5911304933e-04 2.5754927776e+04 1.5707963268e+00 -2.9439185863e+00
2.5925114863e-04 2.5773531500e+04 1.5707963268e+00 -2.9448664546e+00
2.5938919554e-04 2.5792146410e+04 1.5707963268e+00 -2.9458129535e+00
2.5952719013e-04 2.5810772491e+04 1.5707963268e+00 -2.9467580852e+00
2.5966513248e-04 2.5829409728e+04 1.5707963268e+00 -2.9477018519e+00
2.5980302269e-04 2.5848058104e+04 1.5707963268e+00 -2.9486442556e+00
2.5994086083e-04 2.5866717605e+04 1.5707963268e+00 -2.9495852985e+00
2.6007864698e-04 2.5885388215e+04 1.5707963268e+00 -2.9505249828e+00
2.6021638124e-04 2.5904069917e+04 1.5707963268e+00 -2.9514633105e+00
2.6035406367e-04 2.5922762698e+04 1.5707963268e+00 -2.9524002838e+00
2.6049169438e-04 2.5941466540e+04 1.5707963268e+00 -2.9533359049e+00
2.6062927343e-04 2.5960181428e+04 1.5707963268e+00 -2.9542701758e+00
2.6076680092e-04 2.5978907348e+04 1.5707963268e+00 -2.9552030987e+00
2.6090427692e-04 2.5997644283e+04 1.5707963268e+00 -2.9561346757e+00
2.6104170151e-04 2.6016392218e+04 1.5707963268e+00 -2.9570649089e+00
2.6117907479e-04 2.6035151137e+04 1.5707963268e+00 -2.9579938005e+00
2.6131639682e-04 2.6053921025e+04 1.5707963268e+00 -2.9589213525e+00
2.6145366770e-04 2.6072701867e+04 1.5707963268e+00 -2.9598475671e+00
2.6159088751e-04 2.6091493646e+04 1.5707963268e+00 -2.9607724464e+00
2.6172805632e-04 2.6110296348e+04 1.5707963268e+00 -2.9616959925e+00
2.6186517422e-04 2.6129109957e+04 1.5707963268e+00 -2.9626182075e+00
2.6200224129e-04 2.6147934458e+04 1.5707963268e+00 -2.9635390935e+00
2.6213925761e-04 2.6166769835e+04 1.5707963268e+00 -2.9644586526e+00
2.6227622326e-04 2.6185616072e+04 1.5707963268e+00 -2.9653768869e+00
2.6241313833e-04 2.6204473155e+04 1.5707963268e+00 -2.9662937985e+00
2.6255000290e-04 2.6223341069e+04 1.5707963268e+00 -2.9672093896e+00
2.6268681703e-04 2.6242219796e+04 1.5707963268e+00 -2.9681236621e+00
2.6282358083e-04 2.6261109324e+04 1.5707963268e+00 -2.9690366182e+00
2.6296029436e-04 2.6280009635e+04 1.5707963268e+00 -2.9699482600e+00
2.6309695771e-04 2.6298920715e+04 1.5707963268e+00 -2.9708585896e+00
2.6323357096e-04 2.6317842548e+04 1.5707963268e+00 -2.9717676090e+00
2.6337013419e-04 2.6336775119e+04 1.5707963268e+00 -2.9726753204e+00
2.6350664748e-04 2.6355718413e+04 1.5707963268e+00 -2.9735817258e+00
2.6364311090e-04 2.6374672414e+04 1.5707963268e+00 -2.9744868273e+00
2.6377952455e-04 2.6393637108e+04 1.5707963268e+00 -2.9753906269e+00
2.6391588849e-04 2.6412612478e+04 1.5707963268e+00 -2.9762931269e+00
2.6405220281e-04 2.6431598511e+04 1.5707963268e+00 -2.9771943291e+00
2.6418846758e-04 2.6450595189e+04 1.5707963268e+00 -2.9780942357e+00
2.6432468290e-04 2.6469602499e+04 1.5707963268e+00 -2.9789928488e+00
2.6446084883e-04 2.6488620425e+04 1.5707963268e+00 -2.9798901703e+00
2.6459696545e-04 2.6507648952e+04 1.5707963268e+00 -2.9807862025e+00
2.6473303285e-04 2.6526688065e+04 1.5707963268e+00 -2.9816809473e+00
2.6486905110e-04 2.6545737748e+04 1.5707963268e+00 -2.9825744068e+00
2.6500502029e-04 2.6564797986e+04 1.5707963268e+00 -2.9834665831e+00
2.6514094048e-04 2.6583868765e+04 1.5707963268e+00 -2.9843574782e+00
2.6527681176e-04 2.6602950069e+04 1.5707963268e+00 -2.9852470941e+00
2.6541263421e-04 2.6622041883e+04 1.5707963268e+00 -2.9861354329e+00
2.6554840790e-04 2.6641144192e+04 1.5707963268e+00 -2.9870224967e+00
2.6568413292e-04 2.6660256980e+04 1.5707963268e+00 -2.9879082875e+00
2.6581980934e-04 2.6679380234e+04 1.5707963268e+00 -2.9887928073e+00
2.6595543724e-04 2.6698513937e+04 1.5707963268e+00 -2.9896760582e+00
2.6609101669e-04 2.6717658074e+04 1.5707963268e+00 -2.9905580423e+00
2.6622654778e-04 2.6736812632e+04 1.5707963268e+00 -2.9914387614e+00
2.6636203058e-04 2.6755977594e+04 1.5707963268e+00 -2.9923182178e+00
2.6649746517e-04 2.6775152945e+04 1.5707963268e+00 -2.9931964133e+00
2.6663285163e-04 2.6794338672e+04 1.5707963268e+00 -2.9940733501e+00
2.6676819003e-04 2.6813534758e+04 1.5707963268e+00 -2.9949490302e+00
2.6690348045e-04 2.6832741188e+04 1.5707963268e+00 -2.9958234555e+00
2.6703872296e-04 2.6851957948e+04 1.5707963268e+00 -2.9966966282e+00
2.6717391765e-04 2.6871185024e+04 1.5707963268e+00 -2.9975685502e+00
2.6730906460e-04 2.6890422399e+04 1.5707963268e+00 -2.9984392235e+00
2.6744416386e-04 2.6909670059e+04 1.5707963268e+00 -2.9993086501e+00
2.6757921554e-04 2.6928927989e+04 1.5707963268e+00 -3.0001768321e+00
2.6771421969e-04 2.6948196174e+04 1.5707963268e+00 -3.0010437715e+00
2.6784917639e-04 2.6967474600e+04 1.5707963268e+00 -3.0019094703e+00
2.6798408573e-04 2.6986763251e+04 1.5707963268e+00 -3.0027739305e+00
2.6811894778e-04 2.7006062113e+04 1.5707963268e+00 -3.0036371540e+00
2.6825376260e-04 2.7025371171e+04 1.5707963268e+00 -3.0044991429e+00
2.6838853029e-04 2.7044690410e+04 1.5707963268e+00 -3.0053598992e+00
2.6852325091e-04 2.7064019815e+04 1.5707963268e+00 -3.0062194248e+00
2.6865792454e-04 2.7083359371e+04 1.5707963268e+00 -3.0070777218e+00
2.6879255125e-04 2.7102709065e+04 1.5707963268e+00 -3.0079347921e+00
2.6892713113e-04 2.7122068880e+04 1.5707963268e+00 -3.0087906378e+00
2.6906166423e-04 2.7141438802e+04 1.5707963268e+00 -3.0096452608e+00
2.6919615065e-04 2.7160818817e+04 1.5707963268e+00 -3.0104986631e+00
2.6933059045e-04 2.7180208910e+04 1.5707963268e+00 -3.0113508467e+00
2.6946498371e-04 2.7199609066e+04 1.5707963268e+00 -3.0122018135e+00
2.6959933050e-04 2.7219019271e+04 1.5707963268e+00 -3.0130515656e+00
2.6973363090e-04 2.7238439509e+04 1.5707963268e+00 -3.0139001048e+00
2.6986788498e-04 2.7257869766e+04 1.5707963268e+00 -3.0147474332e+00
2.7000209282e-04 2.7277310028e+04 1.5707963268e+00 -3.0155935528e+00
2.7013625448e-04 2.7296760280e+04 1.5707963268e+00 -3.0164384654e+00
2.7027037005e-04 2.7316220507e+04 1.5707963268e+00 -3.0172821732e+00
2.7040443959e-04 2.7335690695e+04 1.5707963268e+00 -3.0181246779e+00
2.7053846319e-04 2.7355170829e+04 1.5707963268e+00 -3.0189659816e+00
2.7067244091e-04 2.7374660894e+04 1.5707963268e+00 -3.0198060862e+00
2.7080637283e-04 2.7394160877e+04 1.5707963268e+00 -3.0206449937e+00
2.7094025901e-04 2.7413670762e+04 1.5707963268e+00 -3.0214827061e+00
2.7107409954e-04 2.7433190535e+04 1.5707963268e+00 -3.0223192252e+00
2.7120789449e-04 2.7452720181e+04 1.5707963268e+00 -3.0231545531e+00
2.7134164392e-04 2.7472259687e+04 1.5707963268e+00 -3.0239886916e+00
2.7147534792e-04 2.7491809037e+04 1.5707963268e+00 -3.0248216427e+00
2.7160900655e-04 2.7511368217e+04 1.5707963268e+00 -3.0256534083e+00
2.7174261989e-04 2.7530937213e+04 1.5707963268e+00 -3.0264839904e+00
2.7187618801e-04 2.7550516010e+04 1.5707963268e+00 -3.0273133910e+00
2.7200971098e-04 2.7570104594e+04 1.5707963268e+00 -3.0281416118e+00
2.7214318887e-04 2.7589702951e+04 1.5707963268e+00 -3.0289686550e+00
2.7227662176e-04 2.7609311065e+04 1.5707963268e+00 -3.0297945223e+00
2.7241000972e-04 2.7628928923e+04 1.5707963268e+00 -3.0306192157e+00
2.7254335281e-04 2.7648556511e+04 1.5707963268e+00 -3.0314427371e+00
2.7267665112e-04 2.7668193814e+04 1.5707963268e+00 -3.0322650885e+00
2.7280990470e-04 2.7687840817e+04 1.5707963268e+00 -3.0330862717e+00
2.7294311365e-04 2.7707497507e+04 1.5707963268e+00 -3.0339062887e+00
2.7307627801e-04 2.7727163869e+04 1.5707963268e+00 -3.0347251414e+00
2.7320939787e-04 2.7746839888e+04 1.5707963268e+00 -3.0355428316e+00
2.7334247330e-04 2.7766525552e+04 1.5707963268e+00 -3.0363593613e+00
2.7347550437e-04 2.7786220845e+04 1.5707963268e+00 -3.0371747325e+00
2.7360849114e-04 2.7805925753e+04 1.5707963268e+00 -3.0379889469e+00
2.7374143369e-04 2.7825640262e+04 1.5707963268e+00 -3.0388020065e+00
2.7387433210e-04 2.7845364357e+04 1.5707963268e+00 -3.0396139131e+00
2.7400718642e-04 2.7865098026e+04 1.5707963268e+00 -3.0404246688e+00
2.7413999673e-04 2.7884841252e+04 1.5707963268e+00 -3.0412342753e+00
2.7427276310e-04 2.7904594023e+04 1.5707963268e+00 -3.0420427345e+00
2.7440548561e-04 2.7924356325e+04 1.5707963268e+00 -3.0428500483e+00
2.7453816431e-04 2.7944128142e+04 1.5707963268e+00 -3.0436562187e+00
2.7467079928e-04 2.7963909461e+04 1.5707963268e+00 -3.0444612474e+00
2.7480339060e-04 2.7983700268e+04 1.5707963268e+00 -3.0452651364e+00
2.7493593832e-04 2.8003500549e+04 1.5707963268e+00 -3.0460678876e+00
2.7506844252e-04 2.8023310290e+04 1.5707963268e+00 -3.0468695027e+00
2.7520090327e-04 2.8043129476e+04 1.5707963268e+00 -3.0476699837e+00
2.7533332063e-04 2.8062958095e+04 1.5707963268e+00 -3.0484693324e+00
2.7546569469e-04 2.8082796130e+04 1.5707963268e+00 -3.0492675508e+00
2.7559802549e-04 2.8102643570e+04 1.5707963268e+00 -3.0500646406e+00
2.7573031312e-04 2.8122500400e+04 1.5707963268e+00 -3.0508606037e+00
2.7586255765e-04 2.8142366605e+04 1.5707963268e+00 -3.0516554420e+00
2.7599475913e-04 2.8162242172e+04 1.5707963268e+00 -3.0524491573e+00
2.7612691764e-04 2.8182127087e+04 1.5707963268e+00 -3.0532417515e+00
2.7625903325e-04 2.8202021336e+04 1.5707963268e+00 -3.0540332264e+00
2.7639110603e-04 2.8221924905e+04 1.5707963268e+00 -3.0548235839e+00
2.7652313604e-04 2.8241837781e+04 1.5707963268e+00 -3.0556128258e+00
2.7665512336e-04 2.8261759949e+04 1.5707963268e+00 -3.0564009540e+00
2.7678706804e-04 2.8281691396e+04 1.5707963268e+00 -3.0571879702e+00
2.7691897016e-04 2.8301632107e+04 1.5707963268e+00 -3.0579738764e+00
2.7705082979e-04 2.8321582070e+04 1.5707963268e+00 -3.0587586743e+00
2.7718264699e-04 2.8341541269e+04 1.5707963268e+00 -3.0595423658e+00
2.7731442183e-04 2.8361509692e+04 1.5707963268e+00 -3.0603249527e+00
2.7744615438e-04 2.8381487325e+04 1.5707963268e+00 -3.0611064368e+00
2.7757784470e-04 2.8401474153e+04 1.5707963268e+00 -3.0618868200e+00
2.7770949287e-04 2.8421470164e+04 1.5707963268e+00 -3.0626661041e+00
2.7784109894e-04 2.8441475343e+04 1.5707963268e+00 -3.0634442909e+00
2.7797266299e-04 2.8461489677e+04 1.5707963268e+00 -3.0642213822e+00
2.7810418508e-04 2.8481513153e+04 1.5707963268e+00 -3.0649973798e+00
2.7823566528e-04 2.8501545755e+04 1.5707963268e+00 -3.0657722855e+00
2.7836710365e-04 2.8521587471e+04 1.5707963268e+00 -3.0665461011e+00
2.7849850027e-04 2.8541638288e+04 1.5707963268e+00 -3.0673188285e+00
2.7862985519e-04 2.8561698191e+04 1.5707963268e+00 -3.0680904695e+00
2.7876116849e-04 2.8581767167e+04 1.5707963268e+00 -3.0688610257e+00
2.7889244023e-04 2.8601845202e+04 1.5707963268e+00 -3.0696304991e+00
2.7902367048e-04 2.8621932283e+04 1.5707963268e+00 -3.0703988914e+00
2.7915485929e-04 2.8642028397e+04 1.5707963268e+00 -3.0711662045e+00
2.7928600674e-04 2.8662133529e+04 1.5707963268e+00 -3.0719324400e+00
2.7941711290e-04 2.8682247667e+04 1.5707963268e+00 -3.0726975998e+00
2.7954817782e-04 2.8702370796e+04 1.5707963268e+00 -3.0734616857e+00
2.7967920158e-04 2.8722502903e+04 1.5707963268e+00 -3.0742246995e+00
2.7981018424e-04 2.8742643975e+04 1.5707963268e+00 -3.0749866429e+00
2.7994112585e-04 2.8762793999e+04 1.5707963268e+00 -3.0757475177e+00
2.8007202650e-04 2.8782952960e+04 1.5707963268e+00 -3.0765073257e+00
2.8020288624e-04 2.8803120846e+04 1.5707963268e+00 -3.0772660686e+00
2.8033370514e-04 2.8823297643e+04 1.5707963268e+00 -3.0780237482e+00
2.8046448327e-04 2.8843483338e+04 1.5707963268e+00 -3.0787803663e+00
2.8059522068e-04 2.8863677917e+04 1.5707963268e+00 -3.0795359247e+00
2.8072591744e-04 2.8883881367e+04 1.5707963268e+00 -3.0802904250e+00
2.8085657361e-04 2.8904093675e+04 1.5707963268e+00 -3.0810438691e+00
2.8098718927e-04 2.8924314827e+04 1.5707963268e+00 -3.0817962588e+00
2.8111776447e-04 2.8944544810e+04 1.5707963268e+00 -3.0825475957e+00
2.8124829928e-04 2.8964783611e+04 1.5707963268e+00 -3.0832978816e+00
2.8137879376e-04 2.8985031217e+04 1.5707963268e+00 -3.0840471182e+00
2.8150924798e-04 2.9005287614e+04 1.5707963268e+00 -3.0847953074e+00
2.8163966199e-04 2.9025552789e+04 1.5707963268e+00 -3.0855424508e+00
2.8177003587e-04 2.9045826728e+04 1.5707963268e+00 -3.0862885502e+00
2.8190036968e-04 2.9066109419e+04 1.5707963268e+00 -3.0870336073e+00
2.8203066347e-04 2.9086400849e+04 1.5707963268e+00 -3.0877776239e+00
2.8216091732e-04 2.9106701004e+04 1.5707963268e+00 -3.0885206016e+00
2.8229113128e-04 2.9127009871e+04 1.5707963268e+00 -3.0892625423e+00
2.8242130542e-04 2.9147327437e+04 1.5707963268e+00 -3.0900034476e+00
2.8255143980e-04 2.9167653689e+04 1.5707963268e+00 -3.0907433193e+00
2.8268153448e-04 2.9187988614e+04 1.5707963268e+00 -3.0914821590e+00
2.8281158953e-04 2.9208332199e+04 1.5707963268e+00 -3.0922199686e+00
2.8294160501e-04 2.9228684430e+04 1.5707963268e+00 -3.0929567497e+00
2.8307158098e-04 2.9249045295e+04 1.5707963268e+00 -3.0936925040e+00
2.8320151750e-04 2.9269414780e+04 1.5707963268e+00 -3.0944272332e+00
2.8333141464e-04 2.9289792873e+04 1.5707963268e+00 -3.0951609391e+00
2.8346127246e-04 2.9310179561e+04 1.5707963268e+00 -3.0958936233e+00
2.8359109101e-04 2.9330574830e+04 1.5707963268e+00 -3.0966252876e+00
2.8372087037e-04 2.9350978667e+04 1.5707963268e+00 -3.0973559336e+00
2.8385061059e-04 2.9371391061e+04 1.5707963268e+00 -3.0980855631e+00
2.8398031173e-04 2.9391811997e+04 1.5707963268e+00 -3.0988141778e+00
2.8410997386e-04 2.9412241463e+04 1.5707963268e+00 -3.0995417792e+00
2.8423959704e-04 2.9432679446e+04 1.5707963268e+00 -3.1002683693e+00
2.8436918133e-04 2.9453125933e+04 1.5707963268e+00 -3.1009939495e+00
2.8449872678e-04 2.9473580911e+04 1.5707963268e+00 -3.1017185216e+00
2.8462823347e-04 2.9494044367e+04 1.5707963268e+00 -3.1024420873e+00
2.8475770145e-04 2.9514516289e+04 1.5707963268e+00 -3.1031646482e+00
2.8488713078e-04 2.9534996664e+04 1.5707963268e+00 -3.1038862061e+00
2.8501652152e-04 2.9555485479e+04 1.5707963268e+00 -3.1046067626e+00
2.8514587374e-04 2.9575982720e+04 1.5707963268e+00 -3.1053263194e+00
2.8527518749e-04 2.9596488377e+04 1.5707963268e+00 -3.1060448781e+00
2.8540446283e-04 2.9617002435e+04 1.5707963268e+00 -3.1067624405e+00
2.8553369983e-04 2.9637524881e+04 1.5707963268e+00 -3.1074790081e+00
2.8566289855e-04 2.9658055704e+04 1.5707963268e+00 -3.1081945827e+00
2.8579205904e-04 2.9678594891e+04 1.5707963268e+00 -3.1089091658e+00
2.8592118136e-04 2.9699142428e+04 1.5707963268e+00 -3.1096227593e+00
2.8605026558e-04 2.9719698304e+04 1.5707963268e+00 -3.1103353646e+00
2.8617931176e-04 2.9740262505e+04 1.5707963268e+00 -3.1110469835e+00
2.8630831995e-04 2.9760835019e+04 1.5707963268e+00 -3.1117576176e+00
2.8643729021e-04 2.9781415833e+04 1.5707963268e+00 -3.1124672685e+00
2.8656622260e-04 2.9802004935e+04 1.5707963268e+00 -3.1131759380e+00
2.8669511719e-04 2.9822602312e+04 1.5707963268e+00 -3.1138836276e+00
2.8682397403e-04 2.9843207952e+04 1.5707963268e+00 -3.1145903389e+00
2.8695279318e-04 2.9863821841e+04 1.5707963268e+00 -3.1152960737e+00
2.8708157469e-04 2.9884443969e+04 1.5707963268e+00 -3.1160008335e+00
2.8721031864e-04 2.9905074321e+04 1.5707963268e+00 -3.1167046199e+00
2.8733902508e-04 2.9925712886e+04 1.5707963268e+00 -3.1174074347e+00
2.8746769405e-04 2.9946359651e+04 1.5707963268e+00 -3.1181092794e+00
2.8759632564e-04 2.9967014603e+04 1.5707963268e+00 -3.1188101557e+00
2.8772491989e-04 2.9987677731e+04 1.5707963268e+00 -3.1195100651e+00
2.8785347685e-04 3.0008349021e+04 1.5707963268e+00 -3.1202090093e+00
2.8798199660e-04 3.0029028462e+04 1.5707963268e+00 -3.1209069899e+00
2.8811047919e-04 3.0049716040e+04 1.5707963268e+00 -3.1216040085e+00
2.8823892467e-04 3.0070411744e+04 1.5707963268e+00 -3.1223000667e+00
2.8836733310e-04 3.0091115562e+04 1.5707963268e+00 -3.1229951662e+00
2.8849570454e-04 3.0111827480e+04 1.5707963268e+00 -3.1236893085e+00
2.8862403906e-04 3.0132547487e+04 1.5707963268e+00 -3.1243824952e+00
2.8875233670e-04 3.0153275570e+04 1.5707963268e+00 -3.1250747280e+00
2.8888059752e-04 3.0174011717e+04 1.5707963268e+00 -3.1257660084e+00
2.8900882159e-04 3.0194755916e+04 1.5707963268e+00 -3.1264563380e+00
2.8913700895e-04 3.0215508154e+04 1.5707963268e+00 -3.1271457184e+00
2.8926515967e-04 3.0236268420e+04 1.5707963268e+00 -3.1278341512e+00
2.8939327380e-04 3.0257036701e+04 1.5707963268e+00 -3.1285216381e+00
2.8952135141e-04 3.0277812984e+04 1.5707963268e+00 -3.1292081805e+00
2.8964939253e-04 3.0298597258e+04 1.5707963268e+00 -3.1298937800e+00
2.8977739725e-04 3.0319389510e+04 1.5707963268e+00 -3.1305784383e+00
2.8990536560e-04 3.0340189729e+04 1.5707963268e+00 -3.1312621569e+00
2.9003329765e-04 3.0360997902e+04 1.5707963268e+00 -3.1319449375e+00
2.9016119345e-04 3.0381814017e+04 1.5707963268e+00 -3.1326267814e+00
2.9028905307e-04 3.0402638062e+04 1.5707963268e+00 -3.1333076904e+00
2.9041687655e-04 3.0423470024e+04 1.5707963268e+00 -3.1339876660e+00
2.9054466395e-04 3.0444309893e+04 1.5707963268e+00 -3.1346667097e+00
2.9067241532e-04 3.0465157655e+04 1.5707963268e+00 -3.1353448232e+00
2.9080013074e-04 3.0486013299e+04 1.5707963268e+00 -3.1360220079e+00
2.9092781024e-04 3.0506876813e+04 1.5707963268e+00 -3.1366982655e+00
2.9105545389e-04 3.0527748184e+04 1.5707963268e+00 -3.1373735975e+00
2.9118306174e-04 3.0548627402e+04 1.5707963268e+00 -3.1380480054e+00
2.9131063384e-04 3.0569514453e+04 1.5707963268e+00 -3.1387214908e+00
2.9143817026e-04 3.0590409325e+04 1.5707963268e+00 -3.1393940552e+00
2.9156567105e-04 3.0611312008e+04 1.5707963268e+00 -3.1400657002e+00
2.9169313626e-04 3.0632222489e+04 1.5707963268e+00 -3.1407364273e+00
2.9182056594e-04 3.0653140756e+04 1.5707963268e+00 -3.1414062381e+00
2.9194796016e-04 3.0674066797e+04 1.5707963268e+00 -3.1420751340e+00
2.9207531897e-04 3.0695000600e+04 1.5707963268e+00 -3.1427431167e+00
2.9220264242e-04 3.0715942154e+04 1.5707963268e+00 -3.1434101877e+00
2.9232993057e-04 3.0736891446e+04 1.5707963268e+00 -3.1440763484e+00
2.9245718347e-04 3.0757848465e+04 1.5707963268e+00 -3.1447416005e+00
2.9258440117e-04 3.0778813200e+04 1.5707963268e+00 -3.1454059454e+00
2.9271158374e-04 3.0799785638e+04 1.5707963268e+00 -3.1460693846e+00
2.9283873122e-04 3.0820765767e+04 1.5707963268e+00 -3.1467319197e+00
2.9296584368e-04 3.0841753576e+04 1.5707963268e+00 -3.1473935523e+00
2.9309292115e-04 3.0862749053e+04 1.5707963268e+00 -3.1480542837e+00
2.9321996371e-04 3.0883752186e+04 1.5707963268e+00 -3.1487141155e+00
2.9334697139e-04 3.0904762964e+04 1.5707963268e+00 -3.1493730493e+00
2.9347394427e-04 3.0925781375e+04 1.5707963268e+00 -3.1500310865e+00
2.9360088238e-04 3.0946807408e+04 1.5707963268e+00 -3.1506882286e+00
2.9372778578e-04 3.0967841050e+04 1.5707963268e+00 -3.1513444772e+00
2.9385465453e-04 3.0988882290e+04 1.5707963268e+00 -3.1519998336e+00
2.9398148868e-04 3.1009931116e+04 1.5707963268e+00 -3.1526542996e+00
2.9410828829e-04 3.1030987517e+04 1.5707963268e+00 -3.1533078764e+00
2.9423505340e-04 3.1052051482e+04 1.5707963268e+00 -3.1539605657e+00
2.9436178407e-04 3.1073122998e+04 1.5707963268e+00 -3.1546123689e+00
2.9448848035e-04 3.1094202055e+04 1.5707963268e+00 -3.1552632874e+00
2.9461514230e-04 3.1115288640e+04 1.5707963268e+00 -3.1559133228e+00
2.9474176997e-04 3.1136382742e+04 1.5707963268e+00 -3.1565624766e+00
2.9486836341e-04 3.1157484350e+04 1.5707963268e+00 -3.1572107502e+00
2.9499492267e-04 3.1178593452e+04 1.5707963268e+00 -3.1578581452e+00
2.9512144781e-04 3.1199710037e+04 1.5707963268e+00 -3.1585046629e+00
2.9524793888e-04 3.1220834093e+04 1.5707963268e+00 -3.1591503049e+00
2.9537439594e-04 3.1241965609e+04 1.5707963268e+00 -3.1597950725e+00
2.9550081902e-04 3.1263104573e+04 1.5707963268e+00 -3.1604389674e+00
2.9562720819e-04 3.1284250974e+04 1.5707963268e+00 -3.1610819910e+00
2.9575356350e-04 3.1305404801e+04 1.5707963268e+00 -3.1617241446e+00
2.9587988500e-04 3.1326566042e+04 1.5707963268e+00 -3.1623654298e+00
2.9600617274e-04 3.1347734687e+04 1.5707963268e+00 -3.1630058481e+00
2.9613242678e-04 3.1368910723e+04 1.5707963268e+00 -3.1636454008e+00
2.9625864716e-04 3.1390094139e+04 1.5707963268e+00 -3.1642840895e+00
2.9638483394e-04 3.1411284924e+04 1.5707963268e+00 -3.1649219156e+00
2.9651098717e-04 3.1432483067e+04 1.5707963268e+00 -3.1655588805e+00
2.9663710689e-04 3.1453688557e+04 1.5707963268e+00 -3.1661949857e+00
2.9676319317e-04 3.1474901382e+04 1.5707963268e+00 -3.1668302326e+00
2.9688924606e-04 3.1496121531e+04 1.5707963268e+00 -3.1674646227e+00
2.9701526559e-04 3.1517348992e+04 1.5707963268e+00 -3.1680981573e+00
2.9714125183e-04 3.1538583756e+04 1.5707963268e+00 -3.1687308380e+00
2.9726720483e-04 3.1559825809e+04 1.5707963268e+00 -3.1693626662e+00
2.9739312463e-04 3.1581075143e+04 1.5707963268e+00 -3.1699936432e+00
2.9751901129e-04 3.1602331744e+04 1.5707963268e+00 -3.1706237706e+00
2.9764486486e-04 3.1623595602e+04 1.5707963268e+00 -3.1712530498e+00
2.9777068539e-04 3.1644866707e+04 1.5707963268e+00 -3.1718814820e+00
2.9789647293e-04 3.1666145046e+04 1.5707963268e+00 -3.1725090689e+00
2.9802222753e-04 3.1687430609e+04 1.5707963268e+00 -3.1731358118e+00
2.9814794923e-04 3.1708723384e+04 1.5707963268e+00 -3.1737617121e+00
2.9827363810e-04 3.1730023362e+04 1.5707963268e+00 -3.1743867713e+00
2.9839929418e-04 3.1751330530e+04 1.5707963268e+00 -3.1750109907e+00
2.9852491752e-04 3.1772644877e+04 1.5707963268e+00 -3.1756343718e+00
2.9865050817e-04 3.1793966394e+04 1.5707963268e+00 -3.1762569159e+00
2.9877606618e-04 3.1815295068e+04 1.5707963268e+00 -3.1768786245e+00
2.9890159160e-04 3.1836630888e+04 1.5707963268e+00 -3.1774994989e+00
2.9902708448e-04 3.1857973845e+04 1.5707963268e+00 -3.1781195406e+00
2.9915254486e-04 3.1879323926e+04 1.5707963268e+00 -3.1787387510e+00
2.9927797281e-04 3.1900681121e+04 1.5707963268e+00 -3.1793571314e+00
2.9940336837e-04 3.1922045419e+04 1.5707963268e+00 -3.1799746833e+00
2.9952873158e-04 3.1943416810e+04 1.5707963268e+00 -3.1805914080e+00
2.9965406250e-04 3.1964795281e+04 1.5707963268e+00 -3.1812073069e+00
2.9977936117e-04 3.1986180824e+04 1.5707963268e+00 -3.1818223815e+00
2.9990462765e-04 3.2007573425e+04 1.5707963268e+00 -3.1824366330e+00
3.0002986199e-04 3.2028973076e+04 1.5707963268e+00 -3.1830500629e+00
3.0015506422e-04 3.2050379765e+04 1.5707963268e+00 -3.1836626725e+00
3.0028023441e-04 3.2071793480e+04 1.5707963268e+00 -3.1842744633e+00
3.0040537260e-04 3.2093214213e+04 1.5707963268e+00 -3.1848854365e+00
3.0053047883e-04 3.2114641951e+04 1.5707963268e+00 -3.1854955936e+00
3.0065555317e-04 3.2136076684e+04 1.5707963268e+00 -3.1861049360e+00
3.0078059565e-04 3.2157518401e+04 1.5707963268e+00 -3.1867134649e+00
3.0090560632e-04 3.2178967092e+04 1.5707963268e+00 -3.1873211818e+00
3.0103058523e-04 3.2200422746e+04 1.5707963268e+00 -3.1879280880e+00
3.0115553244e-04 3.2221885352e+04 1.5707963268e+00 -3.1885341849e+00
3.0128044798e-04 3.2243354900e+04 1.5707963268e+00 -3.1891394739e+00
3.0140533191e-04 3.2264831379e+04 1.5707963268e+00 -3.1897439562e+00
3.0153018427e-04 3.2286314778e+04 1.5707963268e+00 -3.1903476332e+00
3.0165500512e-04 3.2307805087e+04 1.5707963268e+00 -3.1909505064e+00
3.0177979449e-04 3.2329302295e+04 1.5707963268e+00 -3.1915525770e+00
3.0190455245e-04 3.2350806391e+04 1.5707963268e+00 -3.1921538463e+00
3.0202927902e-04 3.2372317366e+04 1.5707963268e+00 -3.1927543158e+00
3.0215397427e-04 3.2393835208e+04 1.5707963268e+00 -3.1933539867e+00
3.0227863824e-04 3.2415359907e+04 1.5707963268e+00 -3.1939528605e+00
3.0240327097e-04 3.2436891453e+04 1.5707963268e+00 -3.1945509384e+00
3.0252787252e-04 3.2458429835e+04 1.5707963268e+00 -3.1951482217e+00
3.0265244293e-04 3.2479975042e+04 1.5707963268e+00 -3.1957447119e+00
3.0277698225e-04 3.2501527064e+04 1.5707963268e+00 -3.1963404101e+00
3.0290149052e-04 3.2523085891e+04 1.5707963268e+00 -3.1969353178e+00
3.0302596779e-04 3.2544651513e+04 1.5707963268e+00 -3.1975294363e+00
3.0315041412e-04 3.2566223918e+04 1.5707963268e+00 -3.1981227669e+00
3.0327482953e-04 3.2587803096e+04 1.5707963268e+00 -3.1987153109e+00
3.0339921409e-04 3.2609389038e+04 1.5707963268e+00 -3.1993070697e+00
3.0352356784e-04 3.2630981732e+04 1.5707963268e+00 -3.1998980444e+00
3.0364789082e-04 3.2652581168e+04 1.5707963268e+00 -3.2004882366e+00
3.0377218308e-04 3.2674187337e+04 1.5707963268e+00 -3.2010776474e+00
3.0389644467e-04 3.2695800227e+04 1.5707963268e+00 -3.2016662782e+00
3.0402067563e-04 3.2717419829e+04 1.5707963268e+00 -3.2022541302e+00
3.0414487602e-04 3.2739046132e+04 1.5707963268e+00 -3.2028412049e+00
3.0426904586e-04 3.2760679126e+04 1.5707963268e+00 -3.2034275034e+00
3.0439318522e-04 3.2782318800e+04 1.5707963268e+00 -3.2040130271e+00
3.0451729414e-04 3.2803965145e+04 1.5707963268e+00 -3.2045977773e+00
3.0464137265e-04 3.2825618150e+04 1.5707963268e+00 -3.2051817553e+00
3.0476542082e-04 3.2847277805e+04 1.5707963268e+00 -3.2057649623e+00
3.0488943868e-04 3.2868944100e+04 1.5707963268e+00 -3.2063473997e+00
3.0501342628e-04 3.2890617025e+04 1.5707963268e+00 -3.2069290687e+00
3.0513738366e-04 3.2912296569e+04 1.5707963268e+00 -3.2075099706e+00
3.0526131087e-04 3.2933982723e+04 1.5707963268e+00 -3.2080901068e+00
3.0538520796e-04 3.2955675475e+04 1.5707963268e+00 -3.2086694784e+00
3.0550907497e-04 3.2977374817e+04 1.5707963268e+00 -3.2092480868e+00
3.0563291194e-04 3.2999080738e+04 1.5707963268e+00 -3.2098259333e+00
3.0575671893e-04 3.3020793228e+04 1.5707963268e+00 -3.2104030191e+00
3.0588049597e-04 3.3042512277e+04 1.5707963268e+00 -3.2109793454e+00
3.0600424310e-04 3.3064237875e+04 1.5707963268e+00 -3.2115549136e+00
3.0612796039e-04 3.3085970012e+04 1.5707963268e+00 -3.2121297249e+00
3.0625164786e-04 3.3107708677e+04 1.5707963268e+00 -3.2127037807e+00
3.0637530557e-04 3.3129453862e+04 1.5707963268e+00 -3.2132770820e+00
3.0649893355e-04 3.3151205555e+04 1.5707963268e+00 -3.2138496303e+00
3.0662253186e-04 3.3172963747e+04 1.5707963268e+00 -3.2144214268e+00
3.0674610053e-04 3.3194728428e+04 1.5707963268e+00 -3.2149924726e+00
3.0686963962e-04 3.3216499589e+04 1.5707963268e+00 -3.2155627692e+00
3.0699314916e-04 3.3238277218e+04 1.5707963268e+00 -3.2161323177e+00
3.0711662920e-04 3.3260061307e+04 1.5707963268e+00 -3.2167011193e+00
3.0724007978e-04 3.3281851845e+04 1.5707963268e+00 -3.2172691754e+00
3.0736350095e-04 3.3303648823e+04 1.5707963268e+00 -3.2178364871e+00
3.0748689276e-04 3.3325452230e+04 1.5707963268e+00 -3.2184030558e+00
3.0761025523e-04 3.3347262057e+04 1.5707963268e+00 -3.2189688826e+00
3.0773358843e-04 3.3369078294e+04 1.5707963268e+00 -3.2195339688e+00
3.0785689238e-04 3.3390900931e+04 1.5707963268e+00 -3.2200983156e+00
3.0798016715e-04 3.3412729959e+04 1.5707963268e+00 -3.2206619243e+00
3.0810341276e-04 3.3434565367e+04 1.5707963268e+00 -3.2212247961e+00
3.0822662926e-04 3.3456407146e+04 1.5707963268e+00 -3.2217869322e+00
3.0834981670e-04 3.3478255286e+04 1.5707963268e+00 -3.2223483338e+00
3.0847297512e-04 3.3500109778e+04 1.5707963268e+00 -3.2229090022e+00
3.0859610456e-04 3.3521970611e+04 1.5707963268e+00 -3.2234689386e+00
3.0871920506e-04 3.3543837777e+04 1.5707963268e+00 -3.2240281443e+00
3.0884227668e-04 3.3565711264e+04 1.5707963268e+00 -3.2245866203e+00
3.0896531944e-04 3.3587591065e+04 1.5707963268e+00 -3.2251443680e+00
3.0908833339e-04 3.3609477168e+04 1.5707963268e+00 -3.2257013886e+00
3.0921131859e-04 3.3631369564e+04 1.5707963268e+00 -3.2262576833e+00
3.0933427506e-04 3.3653268245e+04 1.5707963268e+00 -3.2268132532e+00
3.0945720285e-04 3.3675173199e+04 1.5707963268e+00 -3.2273680996e+00
3.0958010201e-04 3.3697084418e+04 1.5707963268e+00 -3.2279222238e+00
3.0970297257e-04 3.3719001892e+04 1.5707963268e+00 -3.2284756268e+00
3.0982581458e-04 3.3740925612e+04 1.5707963268e+00 -3.2290283099e+00
3.0994862808e-04 3.3762855567e+04 1.5707963268e+00 -3.2295802744e+00
3.1007141311e-04 3.3784791748e+04 1.5707963268e+00 -3.2301315213e+00
3.1019416972e-04 3.3806734147e+04 1.5707963268e+00 -3.2306820519e+00
3.1031689794e-04 3.3828682752e+04 1.5707963268e+00 -3.2312318675e+00
3.1043959783e-04 3.3850637556e+04 1.5707963268e+00 -3.2317809691e+00
3.1056226941e-04 3.3872598548e+04 1.5707963268e+00 -3.2323293579e+00
3.1068491274e-04 3.3894565719e+04 1.5707963268e+00 -3.2328770353e+00
3.1080752785e-04 3.3916539059e+04 1.5707963268e+00 -3.2334240022e+00
3.1093011479e-04 3.3938518559e+04 1.5707963268e+00 -3.2339702600e+00
3.1105267359e-04 3.3960504210e+04 1.5707963268e+00 -3.2345158098e+00
3.1117520430e-04 3.3982496003e+04 1.5707963268e+00 -3.2350606527e+00
3.1129770696e-04 3.4004493927e+04 1.5707963268e+00 -3.2356047900e+00
3.1142018162e-04 3.4026497973e+04 1.5707963268e+00 -3.2361482229e+00
3.1154262830e-04 3.4048508133e+04 1.5707963268e+00 -3.2366909524e+00
3.1166504706e-04 3.4070524397e+04 1.5707963268e+00 -3.2372329798e+00
3.1178743794e-04 3.4092546755e+04 1.5707963268e+00 -3.2377743062e+00
3.1190980097e-04 3.4114575199e+04 1.5707963268e+00 -3.2383149328e+00
3.1203213620e-04 3.4136609718e+04 1.5707963268e+00 -3.2388548608e+00
3.1215444366e-04 3.4158650304e+04 1.5707963268e+00 -3.2393940914e+00
3.1227672340e-04 3.4180696948e+04 1.5707963268e+00 -3.2399326256e+00
3.1239897546e-04 3.4202749639e+04 1.5707963268e+00 -3.2404704646e+00
3.1252119989e-04 3.4224808370e+04 1.5707963268e+00 -3.2410076096e+00
3.1264339671e-04 3.4246873130e+04 1.5707963268e+00 -3.2415440618e+00
3.1276556597e-04 3.4268943911e+04 1.5707963268e+00 -3.2420798223e+00
3.1288770771e-04 3.4291020703e+04 1.5707963268e+00 -3.2426148922e+00
3.1300982198e-04 3.4313103497e+04 1.5707963268e+00 -3.2431492727e+00
3.1313190880e-04 3.4335192285e+04 1.5707963268e+00 -3.2436829650e+00
3.1325396823e-04 3.4357287056e+04 1.5707963268e+00 -3.2442159701e+00
3.1337600030e-04 3.4379387802e+04 1.5707963268e+00 -3.2447482893e+00
3.1349800506e-04 3.4401494514e+04 1.5707963268e+00 -3.2452799236e+00
3.1361998253e-04 3.4423607182e+04 1.5707963268e+00 -3.2458108742e+00
3.1374193277e-04 3.4445725798e+04 1.5707963268e+00 -3.2463411422e+00
3.1386385580e-04 3.4467850352e+04 1.5707963268e+00 -3.2468707288e+00
3.1398575168e-04 3.4489980835e+04 1.5707963268e+00 -3.2473996351e+00
3.1410762044e-04 3.4512117239e+04 1.5707963268e+00 -3.2479278622e+00
3.1422946212e-04 3.4534259554e+04 1.5707963268e+00 -3.2484554113e+00
3.1435127676e-04 3.4556407772e+04 1.5707963268e+00 -3.2489822834e+00
3.1447306440e-04 3.4578561883e+04 1.5707963268e+00 -3.2495084797e+00
3.1459482508e-04 3.4600721878e+04 1.5707963268e+00 -3.2500340013e+00
3.1471655884e-04 3.4622887748e+04 1.5707963268e+00 -3.2505588494e+00
3.1483826572e-04 3.4645059485e+04 1.5707963268e+00 -3.2510830250e+00
3.1495994575e-04 3.4667237080e+04 1.5707963268e+00 -3.2516065292e+00
3.1508159898e-04 3.4689420523e+04 1.5707963268e+00 -3.2521293633e+00
3.1520322544e-04 3.4711609805e+04 1.5707963268e+00 -3.2526515282e+00
3.1532482517e-04 3.4733804919e+04 1.5707963268e+00 -3.2531730251e+00
3.1544639822e-04 3.4756005854e+04 1.5707963268e+00 -3.2536938550e+00
3.1556794462e-04 3.4778212602e+04 1.5707963268e+00 -3.2542140192e+00
3.1568946441e-04 3.4800425155e+04 1.5707963268e+00 -3.2547335187e+00
3.1581095763e-04 3.4822643503e+04 1.5707963268e+00 -3.2552523546e+00
3.1593242432e-04 3.4844867638e+04 1.5707963268e+00 -3.2557705280e+00
3.1605386451e-04 3.4867097550e+04 1.5707963268e+00 -3.2562880400e+00
3.1617527825e-04 3.4889333231e+04 1.5707963268e+00 -3.2568048917e+00
3.1629666557e-04 3.4911574673e+04 1.5707963268e+00 -3.2573210841e+00
3.1641802651e-04 3.4933821865e+04 1.5707963268e+00 -3.2578366184e+00
3.1653936111e-04 3.4956074801e+04 1.5707963268e+00 -3.2583514957e+00
3.1666066940e-04 3.4978333471e+04 1.5707963268e+00 -3.2588657170e+00
3.1678195144e-04 3.5000597865e+04 1.5707963268e+00 -3.2593792835e+00
3.1690320724e-04 3.5022867977e+04 1.5707963268e+00 -3.2598921961e+00
3.1702443686e-04 3.5045143796e+04 1.5707963268e+00 -3.2604044561e+00
3.1714564033e-04 3.5067425314e+04 1.5707963268e+00 -3.2609160644e+00
3.1726681768e-04 3.5089712523e+04 1.5707963268e+00 -3.2614270221e+00
3.1738796896e-04 3.5112005413e+04 1.5707963268e+00 -3.2619373304e+00
3.1750909420e-04 3.5134303977e+04 1.5707963268e+00 -3.2624469903e+00
3.1763019344e-04 3.5156608206e+04 1.5707963268e+00 -3.2629560028e+00
3.1775126672e-04 3.5178918090e+04 1.5707963268e+00 -3.2634643691e+00
3.1787231408e-04 3.5201233622e+04 1.5707963268e+00 -3.2639720901e+00
3.1799333554e-04 3.5223554793e+04 1.5707963268e+00 -3.2644791671e+00
3.1811433116e-04 3.5245881594e+04 1.5707963268e+00 -3.2649856009e+00
3.1823530096e-04 3.5268214017e+04 1.5707963268e+00 -3.2654913927e+00
3.1835624499e-04 3.5290552053e+04 1.5707963268e+00 -3.2659965436e+00
3.1847716328e-04 3.5312895694e+04 1.5707963268e+00 -3.2665010545e+00
3.1859805587e-04 3.5335244931e+04 1.5707963268e+00 -3.2670049267e+00
3.1871892280e-04 3.5357599755e+04 1.5707963268e+00 -3.2675081610e+00
3.1883976409e-04 3.5379960159e+04 1.5707963268e+00 -3.2680107586e+00
3.1896057980e-04 3.5402326133e+04 1.5707963268e+00 -3.2685127205e+00
3.1908136995e-04 3.5424697670e+04 1.5707963268e+00 -3.2690140477e+00
3.1920213459e-04 3.5447074761e+04 1.5707963268e+00 -3.2695147414e+00
3.1932287374e-04 3.5469457397e+04 1.5707963268e+00 -3.2700148024e+00
