0.0000000000e+00 1.3570802913e+04 1.5707963268e+00 0.0000000000e+00
2.5134554650e-07 1.3570802913e+04 1.5707963268e+00 -3.2679738562e-03
5.0269109301e-07 1.3570805755e+04 1.5707963268e+00 -6.5359477124e-03
7.5403654021e-07 1.3570811438e+04 1.5707963268e+00 -9.8039202000e-03
1.0053817888e-06 1.3570819964e+04 1.5707963268e+00 -1.3071889950e-02
1.2567267394e-06 1.3570831331e+04 1.5707963268e+00 -1.6339855594e-02
1.5080712929e-06 1.3570845540e+04 1.5707963268e+00 -1.9607815764e-02
1.7594153498e-06 1.3570862592e+04 1.5707963268e+00 -2.2875769090e-02
2.0107588108e-06 1.3570882485e+04 1.5707963268e+00 -2.6143714204e-02
2.2621015767e-06 1.3570905221e+04 1.5707963268e+00 -2.9411649737e-02
2.5134435480e-06 1.3570930800e+04 1.5707963268e+00 -3.2679574320e-02
2.7647846256e-06 1.3570959221e+04 1.5707963268e+00 -3.5947486585e-02
3.0161247100e-06 1.3570990485e+04 1.5707963268e+00 -3.9215385161e-02
3.2674637020e-06 1.3571024593e+04 1.5707963268e+00 -4.2483268681e-02
3.5188015021e-06 1.3571061544e+04 1.5707963268e+00 -4.5751135774e-02
3.7701380111e-06 1.3571101340e+04 1.5707963268e+00 -4.9018985072e-02
4.0214731296e-06 1.3571143979e+04 1.5707963268e+00 -5.2286815205e-02
4.2728067582e-06 1.3571189464e+04 1.5707963268e+00 -5.5554624803e-02
4.5241387975e-06 1.3571237793e+04 1.5707963268e+00 -5.8822412496e-02
4.7754691483e-06 1.3571288969e+04 1.5707963268e+00 -6.2090176916e-02
5.0267977110e-06 1.3571342990e+04 1.5707963268e+00 -6.5357916690e-02
5.2781243863e-06 1.3571399858e+04 1.5707963268e+00 -6.8625630450e-02
5.5294490748e-06 1.3571459573e+04 1.5707963268e+00 -7.1893316824e-02
5.7807716771e-06 1.3571522135e+04 1.5707963268e+00 -7.5160974443e-02
6.0320920937e-06 1.3571587546e+04 1.5707963268e+00 -7.8428601934e-02
6.2834102252e-06 1.3571655806e+04 1.5707963268e+00 -8.1696197927e-02
6.5347259722e-06 1.3571726915e+04 1.5707963268e+00 -8.4963761051e-02
6.7860392351e-06 1.3571800875e+04 1.5707963268e+00 -8.8231289934e-02
7.0373499145e-06 1.3571877685e+04 1.5707963268e+00 -9.1498783203e-02
7.2886579108e-06 1.3571957347e+04 1.5707963268e+00 -9.4766239488e-02
7.5399631246e-06 1.3572039862e+04 1.5707963268e+00 -9.8033657415e-02
7.7912654563e-06 1.3572125230e+04 1.5707963268e+00 -1.0130103561e-01
8.0425648064e-06 1.3572213451e+04 1.5707963268e+00 -1.0456837270e-01
8.2938610752e-06 1.3572304528e+04 1.5707963268e+00 -1.0783566732e-01
8.5451541633e-06 1.3572398460e+04 1.5707963268e+00 -1.1110291809e-01
8.7964439710e-06 1.3572495248e+04 1.5707963268e+00 -1.1437012363e-01
9.0477303987e-06 1.3572594895e+04 1.5707963268e+00 -1.1763728257e-01
9.2990133466e-06 1.3572697399e+04 1.5707963268e+00 -1.2090439354e-01
9.5502927153e-06 1.3572802763e+04 1.5707963268e+00 -1.2417145516e-01
9.8015684049e-06 1.3572910988e+04 1.5707963268e+00 -1.2743846606e-01
1.0052840316e-05 1.3573022074e+04 1.5707963268e+00 -1.3070542486e-01
1.0304108348e-05 1.3573136022e+04 1.5707963268e+00 -1.3397233018e-01
1.0555372402e-05 1.3573252835e+04 1.5707963268e+00 -1.3723918065e-01
1.0806632379e-05 1.3573372512e+04 1.5707963268e+00 -1.4050597488e-01
1.1057888177e-05 1.3573495055e+04 1.5707963268e+00 -1.4377271151e-01
1.1309139698e-05 1.3573620465e+04 1.5707963268e+00 -1.4703938916e-01
1.1560386841e-05 1.3573748743e+04 1.5707963268e+00 -1.5030600644e-01
1.1811629507e-05 1.3573879891e+04 1.5707963268e+00 -1.5357256198e-01
1.2062867596e-05 1.3574013909e+04 1.5707963268e+00 -1.5683905440e-01
1.2314101007e-05 1.3574150800e+04 1.5707963268e+00 -1.6010548231e-01
1.2565329642e-05 1.3574290564e+04 1.5707963268e+00 -1.6337184434e-01
1.2816553399e-05 1.3574433203e+04 1.5707963268e+00 -1.6663813911e-01
1.3067772179e-05 1.3574578718e+04 1.5707963268e+00 -1.6990436524e-01
1.3318985881e-05 1.3574727110e+04 1.5707963268e+00 -1.7317052134e-01
1.3570194407e-05 1.3574878382e+04 1.5707963268e+00 -1.7643660603e-01
1.3821397655e-05 1.3575032533e+04 1.5707963268e+00 -1.7970261792e-01
1.4072595525e-05 1.3575189567e+04 1.5707963268e+00 -1.8296855564e-01
1.4323787918e-05 1.3575349484e+04 1.5707963268e+00 -1.8623441781e-01
1.4574974733e-05 1.3575512286e+04 1.5707963268e+00 -1.8950020303e-01
1.4826155869e-05 1.3575677974e+04 1.5707963268e+00 -1.9276590991e-01
1.5077331227e-05 1.3575846551e+04 1.5707963268e+00 -1.9603153709e-01
1.5328500706e-05 1.3576018017e+04 1.5707963268e+00 -1.9929708316e-01
1.5579664207e-05 1.3576192375e+04 1.5707963268e+00 -2.0256254674e-01
1.5830821627e-05 1.3576369626e+04 1.5707963268e+00 -2.0582792644e-01
1.6081972868e-05 1.3576549772e+04 1.5707963268e+00 -2.0909322088e-01
1.6333117829e-05 1.3576732814e+04 1.5707963268e+00 -2.1235842867e-01
1.6584256408e-05 1.3576918754e+04 1.5707963268e+00 -2.1562354840e-01
1.6835388506e-05 1.3577107595e+04 1.5707963268e+00 -2.1888857871e-01
1.7086514022e-05 1.3577299337e+04 1.5707963268e+00 -2.2215351819e-01
1.7337632856e-05 1.3577493983e+04 1.5707963268e+00 -2.2541836545e-01
1.7588744906e-05 1.3577691535e+04 1.5707963268e+00 -2.2868311910e-01
1.7839850073e-05 1.3577891994e+04 1.5707963268e+00 -2.3194777774e-01
1.8090948255e-05 1.3578095363e+04 1.5707963268e+00 -2.3521233999e-01
1.8342039351e-05 1.3578301644e+04 1.5707963268e+00 -2.3847680444e-01
1.8593123261e-05 1.3578510837e+04 1.5707963268e+00 -2.4174116971e-01
1.8844199884e-05 1.3578722947e+04 1.5707963268e+00 -2.4500543439e-01
1.9095269119e-05 1.3578937973e+04 1.5707963268e+00 -2.4826959709e-01
1.9346330865e-05 1.3579155920e+04 1.5707963268e+00 -2.5153365641e-01
1.9597385022e-05 1.3579376788e+04 1.5707963268e+00 -2.5479761095e-01
1.9848431487e-05 1.3579600580e+04 1.5707963268e+00 -2.5806145931e-01
2.0099470160e-05 1.3579827298e+04 1.5707963268e+00 -2.6132520010e-01
2.0350500940e-05 1.3580056944e+04 1.5707963268e+00 -2.6458883190e-01
2.0601523726e-05 1.3580289520e+04 1.5707963268e+00 -2.6785235333e-01
2.0852538416e-05 1.3580525030e+04 1.5707963268e+00 -2.7111576297e-01
2.1103544909e-05 1.3580763474e+04 1.5707963268e+00 -2.7437905942e-01
2.1354543104e-05 1.3581004855e+04 1.5707963268e+00 -2.7764224128e-01
2.1605532900e-05 1.3581249176e+04 1.5707963268e+00 -2.8090530714e-01
2.1856514195e-05 1.3581496439e+04 1.5707963268e+00 -2.8416825560e-01
2.2107486887e-05 1.3581746646e+04 1.5707963268e+00 -2.8743108524e-01
2.2358450875e-05 1.3581999800e+04 1.5707963268e+00 -2.9069379467e-01
2.2609406058e-05 1.3582255903e+04 1.5707963268e+00 -2.9395638246e-01
2.2860352333e-05 1.3582514958e+04 1.5707963268e+00 -2.9721884722e-01
2.3111289600e-05 1.3582776967e+04 1.5707963268e+00 -3.0048118753e-01
2.3362217756e-05 1.3583041933e+04 1.5707963268e+00 -3.0374340197e-01
2.3613136700e-05 1.3583309858e+04 1.5707963268e+00 -3.0700548914e-01
2.3864046330e-05 1.3583580745e+04 1.5707963268e+00 -3.1026744762e-01
2.4114946544e-05 1.3583854596e+04 1.5707963268e+00 -3.1352927600e-01
2.4365837239e-05 1.3584131414e+04 1.5707963268e+00 -3.1679097285e-01
2.4616718315e-05 1.3584411203e+04 1.5707963268e+00 -3.2005253677e-01
2.4867589668e-05 1.3584693963e+04 1.5707963268e+00 -3.2331396634e-01
2.5118451198e-05 1.3584979699e+04 1.5707963268e+00 -3.2657526013e-01
2.5369302800e-05 1.3585268413e+04 1.5707963268e+00 -3.2983641673e-01
2.5620144375e-05 1.3585560108e+04 1.5707963268e+00 -3.3309743471e-01
2.5870975818e-05 1.3585854786e+04 1.5707963268e+00 -3.3635831265e-01
2.6121797028e-05 1.3586152451e+04 1.5707963268e+00 -3.3961904913e-01
2.6372607902e-05 1.3586453105e+04 1.5707963268e+00 -3.4287964273e-01
2.6623408338e-05 1.3586756752e+04 1.5707963268e+00 -3.4614009202e-01
2.6874198234e-05 1.3587063393e+04 1.5707963268e+00 -3.4940039557e-01
2.7124977486e-05 1.3587373033e+04 1.5707963268e+00 -3.5266055196e-01
2.7375745992e-05 1.3587685673e+04 1.5707963268e+00 -3.5592055975e-01
2.7626503649e-05 1.3588001318e+04 1.5707963268e+00 -3.5918041753e-01
2.7877250355e-05 1.3588319970e+04 1.5707963268e+00 -3.6244012384e-01
2.8127986006e-05 1.3588641632e+04 1.5707963268e+00 -3.6569967727e-01
2.8378710500e-05 1.3588966308e+04 1.5707963268e+00 -3.6895907638e-01
2.8629423734e-05 1.3589294000e+04 1.5707963268e+00 -3.7221831974e-01
2.8880125604e-05 1.3589624712e+04 1.5707963268e+00 -3.7547740590e-01
2.9130816008e-05 1.3589958446e+04 1.5707963268e+00 -3.7873633344e-01
2.9381494843e-05 1.3590295207e+04 1.5707963268e+00 -3.8199510091e-01
2.9632162004e-05 1.3590634997e+04 1.5707963268e+00 -3.8525370687e-01
2.9882817389e-05 1.3590977819e+04 1.5707963268e+00 -3.8851214989e-01
3.0133460895e-05 1.3591323677e+04 1.5707963268e+00 -3.9177042853e-01
3.0384092417e-05 1.3591672575e+04 1.5707963268e+00 -3.9502854133e-01
3.0634711853e-05 1.3592024515e+04 1.5707963268e+00 -3.9828648685e-01
3.0885319099e-05 1.3592379501e+04 1.5707963268e+00 -4.0154426366e-01
3.1135914051e-05 1.3592737537e+04 1.5707963268e+00 -4.0480187029e-01
3.1386496605e-05 1.3593098625e+04 1.5707963268e+00 -4.0805930531e-01
3.1637066658e-05 1.3593462770e+04 1.5707963268e+00 -4.1131656727e-01
3.1887624105e-05 1.3593829974e+04 1.5707963268e+00 -4.1457365470e-01
3.2138168843e-05 1.3594200242e+04 1.5707963268e+00 -4.1783056617e-01
3.2388700768e-05 1.3594573577e+04 1.5707963268e+00 -4.2108730021e-01
3.2639219775e-05 1.3594949982e+04 1.5707963268e+00 -4.2434385538e-01
3.2889725761e-05 1.3595329461e+04 1.5707963268e+00 -4.2760023021e-01
3.3140218621e-05 1.3595712018e+04 1.5707963268e+00 -4.3085642325e-01
3.3390698251e-05 1.3596097657e+04 1.5707963268e+00 -4.3411243304e-01
3.3641164546e-05 1.3596486381e+04 1.5707963268e+00 -4.3736825812e-01
3.3891617402e-05 1.3596878194e+04 1.5707963268e+00 -4.4062389702e-01
3.4142056715e-05 1.3597273099e+04 1.5707963268e+00 -4.4387934828e-01
3.4392482379e-05 1.3597671101e+04 1.5707963268e+00 -4.4713461045e-01
3.4642894290e-05 1.3598072203e+04 1.5707963268e+00 -4.5038968205e-01
3.4893292343e-05 1.3598476410e+04 1.5707963268e+00 -4.5364456161e-01
3.5143676434e-05 1.3598883724e+04 1.5707963268e+00 -4.5689924766e-01
3.5394046457e-05 1.3599294151e+04 1.5707963268e+00 -4.6015373875e-01
3.5644402307e-05 1.3599707693e+04 1.5707963268e+00 -4.6340803338e-01
3.5894743880e-05 1.3600124355e+04 1.5707963268e+00 -4.6666213010e-01
3.6145071069e-05 1.3600544141e+04 1.5707963268e+00 -4.6991602742e-01
3.6395383770e-05 1.3600967055e+04 1.5707963268e+00 -4.7316972386e-01
3.6645681878e-05 1.3601393101e+04 1.5707963268e+00 -4.7642321796e-01
3.6895965286e-05 1.3601822283e+04 1.5707963268e+00 -4.7967650823e-01
3.7146233890e-05 1.3602254605e+04 1.5707963268e+00 -4.8292959319e-01
3.7396487584e-05 1.3602690072e+04 1.5707963268e+00 -4.8618247136e-01
3.7646726262e-05 1.3603128687e+04 1.5707963268e+00 -4.8943514124e-01
3.7896949818e-05 1.3603570454e+04 1.5707963268e+00 -4.9268760137e-01
3.8147158146e-05 1.3604015379e+04 1.5707963268e+00 -4.9593985024e-01
3.8397351141e-05 1.3604463465e+04 1.5707963268e+00 -4.9919188638e-01
3.8647528696e-05 1.3604914716e+04 1.5707963268e+00 -5.0244370829e-01
3.8897690706e-05 1.3605369137e+04 1.5707963268e+00 -5.0569531447e-01
3.9147837063e-05 1.3605826732e+04 1.5707963268e+00 -5.0894670344e-01
3.9397967662e-05 1.3606287506e+04 1.5707963268e+00 -5.1219787370e-01
3.9648082397e-05 1.3606751463e+04 1.5707963268e+00 -5.1544882375e-01
3.9898181161e-05 1.3607218607e+04 1.5707963268e+00 -5.1869955210e-01
4.0148263846e-05 1.3607688943e+04 1.5707963268e+00 -5.2195005723e-01
4.0398330348e-05 1.3608162475e+04 1.5707963268e+00 -5.2520033766e-01
4.0648380558e-05 1.3608639209e+04 1.5707963268e+00 -5.2845039188e-01
4.0898414371e-05 1.3609119147e+04 1.5707963268e+00 -5.3170021838e-01
4.1148431678e-05 1.3609602296e+04 1.5707963268e+00 -5.3494981565e-01
4.1398432374e-05 1.3610088659e+04 1.5707963268e+00 -5.3819918220e-01
4.1648416351e-05 1.3610578242e+04 1.5707963268e+00 -5.4144831649e-01
4.1898383501e-05 1.3611071049e+04 1.5707963268e+00 -5.4469721704e-01
4.2148333718e-05 1.3611567084e+04 1.5707963268e+00 -5.4794588231e-01
4.2398266894e-05 1.3612066352e+04 1.5707963268e+00 -5.5119431079e-01
4.2648182921e-05 1.3612568859e+04 1.5707963268e+00 -5.5444250098e-01
4.2898081693e-05 1.3613074609e+04 1.5707963268e+00 -5.5769045134e-01
4.3147963101e-05 1.3613583607e+04 1.5707963268e+00 -5.6093816036e-01
4.3397827037e-05 1.3614095857e+04 1.5707963268e+00 -5.6418562651e-01
4.3647673394e-05 1.3614611365e+04 1.5707963268e+00 -5.6743284827e-01
4.3897502063e-05 1.3615130135e+04 1.5707963268e+00 -5.7067982412e-01
4.4147312937e-05 1.3615652172e+04 1.5707963268e+00 -5.7392655252e-01
4.4397105908e-05 1.3616177482e+04 1.5707963268e+00 -5.7717303194e-01
4.4646880867e-05 1.3616706069e+04 1.5707963268e+00 -5.8041926086e-01
4.4896637705e-05 1.3617237939e+04 1.5707963268e+00 -5.8366523774e-01
4.5146376315e-05 1.3617773096e+04 1.5707963268e+00 -5.8691096104e-01
4.5396096588e-05 1.3618311546e+04 1.5707963268e+00 -5.9015642922e-01
4.5645798415e-05 1.3618853293e+04 1.5707963268e+00 -5.9340164076e-01
4.5895481687e-05 1.3619398343e+04 1.5707963268e+00 -5.9664659410e-01
4.6145146296e-05 1.3619946701e+04 1.5707963268e+00 -5.9989128770e-01
4.6394792132e-05 1.3620498372e+04 1.5707963268e+00 -6.0313572002e-01
4.6644419087e-05 1.3621053361e+04 1.5707963268e+00 -6.0637988951e-01
4.6894027051e-05 1.3621611675e+04 1.5707963268e+00 -6.0962379463e-01
4.7143615915e-05 1.3622173317e+04 1.5707963268e+00 -6.1286743381e-01
4.7393185570e-05 1.3622738294e+04 1.5707963268e+00 -6.1611080552e-01
4.7642735906e-05 1.3623306610e+04 1.5707963268e+00 -6.1935390818e-01
4.7892266814e-05 1.3623878271e+04 1.5707963268e+00 -6.2259674026e-01
4.8141778184e-05 1.3624453283e+04 1.5707963268e+00 -6.2583930018e-01
4.8391269905e-05 1.3625031651e+04 1.5707963268e+00 -6.2908158639e-01
4.8640741869e-05 1.3625613380e+04 1.5707963268e+00 -6.3232359732e-01
4.8890193966e-05 1.3626198476e+04 1.5707963268e+00 -6.3556533142e-01
4.9139626084e-05 1.3626786945e+04 1.5707963268e+00 -6.3880678711e-01
4.9389038115e-05 1.3627378792e+04 1.5707963268e+00 -6.4204796283e-01
4.9638429947e-05 1.3627974022e+04 1.5707963268e+00 -6.4528885700e-01
4.9887801470e-05 1.3628572641e+04 1.5707963268e+00 -6.4852946805e-01
5.0137152574e-05 1.3629174656e+04 1.5707963268e+00 -6.5176979441e-01
5.0386483149e-05 1.3629780071e+04 1.5707963268e+00 -6.5500983450e-01
5.0635793082e-05 1.3630388892e+04 1.5707963268e+00 -6.5824958674e-01
5.0885082264e-05 1.3631001126e+04 1.5707963268e+00 -6.6148904955e-01
5.1134350583e-05 1.3631616777e+04 1.5707963268e+00 -6.6472822135e-01
5.1383597929e-05 1.3632235852e+04 1.5707963268e+00 -6.6796710055e-01
5.1632824190e-05 1.3632858357e+04 1.5707963268e+00 -6.7120568557e-01
5.1882029255e-05 1.3633484297e+04 1.5707963268e+00 -6.7444397481e-01
5.2131213013e-05 1.3634113678e+04 1.5707963268e+00 -6.7768196668e-01
5.2380375352e-05 1.3634746507e+04 1.5707963268e+00 -6.8091965960e-01
5.2629516160e-05 1.3635382788e+04 1.5707963268e+00 -6.8415705196e-01
5.2878635326e-05 1.3636022529e+04 1.5707963268e+00 -6.8739414217e-01
5.3127732737e-05 1.3636665735e+04 1.5707963268e+00 -6.9063092862e-01
5.3376808283e-05 1.3637312413e+04 1.5707963268e+00 -6.9386740972e-01
5.3625861850e-05 1.3637962567e+04 1.5707963268e+00 -6.9710358385e-01
5.3874893327e-05 1.3638616205e+04 1.5707963268e+00 -7.0033944942e-01
5.4123902601e-05 1.3639273333e+04 1.5707963268e+00 -7.0357500481e-01
5.4372889560e-05 1.3639933957e+04 1.5707963268e+00 -7.0681024842e-01
5.4621854091e-05 1.3640598082e+04 1.5707963268e+00 -7.1004517863e-01
5.4870796083e-05 1.3641265716e+04 1.5707963268e+00 -7.1327979381e-01
5.5119715421e-05 1.3641936864e+04 1.5707963268e+00 -7.1651409237e-01
5.5368611993e-05 1.3642611533e+04 1.5707963268e+00 -7.1974807267e-01
5.5617485686e-05 1.3643289729e+04 1.5707963268e+00 -7.2298173310e-01
5.5866336387e-05 1.3643971458e+04 1.5707963268e+00 -7.2621507202e-01
5.6115163983e-05 1.3644656727e+04 1.5707963268e+00 -7.2944808782e-01
5.6363968361e-05 1.3645345543e+04 1.5707963268e+00 -7.3268077886e-01
5.6612749406e-05 1.3646037911e+04 1.5707963268e+00 -7.3591314351e-01
5.6861507006e-05 1.3646733839e+04 1.5707963268e+00 -7.3914518014e-01
5.7110241046e-05 1.3647433332e+04 1.5707963268e+00 -7.4237688711e-01
5.7358951414e-05 1.3648136398e+04 1.5707963268e+00 -7.4560826278e-01
5.7607637994e-05 1.3648843042e+04 1.5707963268e+00 -7.4883930552e-01
5.7856300673e-05 1.3649553272e+04 1.5707963268e+00 -7.5207001368e-01
5.8104939337e-05 1.3650267093e+04 1.5707963268e+00 -7.5530038561e-01
5.8353553872e-05 1.3650984514e+04 1.5707963268e+00 -7.5853041967e-01
5.8602144162e-05 1.3651705540e+04 1.5707963268e+00 -7.6176011421e-01
5.8850710094e-05 1.3652430178e+04 1.5707963268e+00 -7.6498946757e-01
5.9099251553e-05 1.3653158435e+04 1.5707963268e+00 -7.6821847809e-01
5.9347768424e-05 1.3653890318e+04 1.5707963268e+00 -7.7144714414e-01
5.9596260592e-05 1.3654625833e+04 1.5707963268e+00 -7.7467546403e-01
5.9844727943e-05 1.3655364987e+04 1.5707963268e+00 -7.7790343611e-01
6.0093170360e-05 1.3656107788e+04 1.5707963268e+00 -7.8113105872e-01
6.0341587729e-05 1.3656854242e+04 1.5707963268e+00 -7.8435833019e-01
6.0589979935e-05 1.3657604356e+04 1.5707963268e+00 -7.8758524884e-01
6.0838346862e-05 1.3658358137e+04 1.5707963268e+00 -7.9081181302e-01
6.1086688393e-05 1.3659115593e+04 1.5707963268e+00 -7.9403802104e-01
6.1335004415e-05 1.3659876729e+04 1.5707963268e+00 -7.9726387122e-01
6.1583294810e-05 1.3660641554e+04 1.5707963268e+00 -8.0048936189e-01
6.1831559463e-05 1.3661410073e+04 1.5707963268e+00 -8.0371449137e-01
6.2079798258e-05 1.3662182296e+04 1.5707963268e+00 -8.0693925797e-01
6.2328011078e-05 1.3662958227e+04 1.5707963268e+00 -8.1016366001e-01
6.2576197807e-05 1.3663737876e+04 1.5707963268e+00 -8.1338769579e-01
6.2824358328e-05 1.3664521248e+04 1.5707963268e+00 -8.1661136362e-01
6.3072492525e-05 1.3665308352e+04 1.5707963268e+00 -8.1983466181e-01
6.3320600282e-05 1.3666099195e+04 1.5707963268e+00 -8.2305758867e-01
6.3568681480e-05 1.3666893783e+04 1.5707963268e+00 -8.2628014249e-01
6.3816736004e-05 1.3667692124e+04 1.5707963268e+00 -8.2950232158e-01
6.4064763736e-05 1.3668494226e+04 1.5707963268e+00 -8.3272412422e-01
6.4312764560e-05 1.3669300096e+04 1.5707963268e+00 -8.3594554871e-01
6.4560738356e-05 1.3670109741e+04 1.5707963268e+00 -8.3916659334e-01
6.4808685009e-05 1.3670923169e+04 1.5707963268e+00 -8.4238725640e-01
6.5056604400e-05 1.3671740388e+04 1.5707963268e+00 -8.4560753618e-01
6.5304496412e-05 1.3672561404e+04 1.5707963268e+00 -8.4882743095e-01
6.5552360927e-05 1.3673386226e+04 1.5707963268e+00 -8.5204693900e-01
6.5800197826e-05 1.3674214861e+04 1.5707963268e+00 -8.5526605861e-01
6.6048006992e-05 1.3675047317e+04 1.5707963268e+00 -8.5848478804e-01
6.6295788306e-05 1.3675883601e+04 1.5707963268e+00 -8.6170312558e-01
6.6543541651e-05 1.3676723721e+04 1.5707963268e+00 -8.6492106949e-01
6.6791266907e-05 1.3677567685e+04 1.5707963268e+00 -8.6813861804e-01
6.7038963956e-05 1.3678415501e+04 1.5707963268e+00 -8.7135576948e-01
6.7286632678e-05 1.3679267175e+04 1.5707963268e+00 -8.7457252210e-01
6.7534272956e-05 1.3680122717e+04 1.5707963268e+00 -8.7778887414e-01
6.7781884670e-05 1.3680982134e+04 1.5707963268e+00 -8.8100482385e-01
6.8029467701e-05 1.3681845434e+04 1.5707963268e+00 -8.8422036950e-01
6.8277021930e-05 1.3682712625e+04 1.5707963268e+00 -8.8743550934e-01
6.8524547237e-05 1.3683583714e+04 1.5707963268e+00 -8.9065024160e-01
6.8772043502e-05 1.3684458710e+04 1.5707963268e+00 -8.9386456455e-01
6.9019510607e-05 1.3685337621e+04 1.5707963268e+00 -8.9707847641e-01
6.9266948431e-05 1.3686220455e+04 1.5707963268e+00 -9.0029197544e-01
6.9514356853e-05 1.3687107219e+04 1.5707963268e+00 -9.0350505986e-01
6.9761735755e-05 1.3687997922e+04 1.5707963268e+00 -9.0671772791e-01
7.0009085016e-05 1.3688892573e+04 1.5707963268e+00 -9.0992997783e-01
7.0256404515e-05 1.3689791178e+04 1.5707963268e+00 -9.1314180785e-01
7.0503694133e-05 1.3690693747e+04 1.5707963268e+00 -9.1635321618e-01
7.0750953748e-05 1.3691600288e+04 1.5707963268e+00 -9.1956420106e-01
7.0998183239e-05 1.3692510808e+04 1.5707963268e+00 -9.2277476070e-01
7.1245382487e-05 1.3693425317e+04 1.5707963268e+00 -9.2598489332e-01
7.1492551369e-05 1.3694343822e+04 1.5707963268e+00 -9.2919459714e-01
7.1739689765e-05 1.3695266332e+04 1.5707963268e+00 -9.3240387037e-01
7.1986797554e-05 1.3696192856e+04 1.5707963268e+00 -9.3561271121e-01
7.2233874614e-05 1.3697123401e+04 1.5707963268e+00 -9.3882111789e-01
7.2480920823e-05 1.3698057976e+04 1.5707963268e+00 -9.4202908859e-01
7.2727936060e-05 1.3698996590e+04 1.5707963268e+00 -9.4523662152e-01
7.2974920203e-05 1.3699939251e+04 1.5707963268e+00 -9.4844371489e-01
7.3221873130e-05 1.3700885967e+04 1.5707963268e+00 -9.5165036687e-01
7.3468794719e-05 1.3701836748e+04 1.5707963268e+00 -9.5485657568e-01
7.3715684848e-05 1.3702791602e+04 1.5707963268e+00 -9.5806233949e-01
7.3962543395e-05 1.3703750537e+04 1.5707963268e+00 -9.6126765649e-01
7.4209370236e-05 1.3704713563e+04 1.5707963268e+00 -9.6447252487e-01
7.4456165250e-05 1.3705680687e+04 1.5707963268e+00 -9.6767694281e-01
7.4702928314e-05 1.3706651919e+04 1.5707963268e+00 -9.7088090849e-01
7.4949659305e-05 1.3707627267e+04 1.5707963268e+00 -9.7408442008e-01
7.5196358099e-05 1.3708606741e+04 1.5707963268e+00 -9.7728747575e-01
7.5443024574e-05 1.3709590348e+04 1.5707963268e+00 -9.8049007367e-01
7.5689658607e-05 1.3710578099e+04 1.5707963268e+00 -9.8369221202e-01
7.5936260074e-05 1.3711570001e+04 1.5707963268e+00 -9.8689388895e-01
7.6182828851e-05 1.3712566064e+04 1.5707963268e+00 -9.9009510262e-01
7.6429364815e-05 1.3713566297e+04 1.5707963268e+00 -9.9329585120e-01
7.6675867842e-05 1.3714570708e+04 1.5707963268e+00 -9.9649613283e-01
7.6922337808e-05 1.3715579307e+04 1.5707963268e+00 -9.9969594568e-01
7.7168774590e-05 1.3716592103e+04 1.5707963268e+00 -1.0028952879e+00
7.7415178062e-05 1.3717609105e+04 1.5707963268e+00 -1.0060941576e+00
7.7661548100e-05 1.3718630321e+04 1.5707963268e+00 -1.0092925529e+00
7.7907884580e-05 1.3719655762e+04 1.5707963268e+00 -1.0124904721e+00
7.8154187378e-05 1.3720685436e+04 1.5707963268e+00 -1.0156879131e+00
7.8400456368e-05 1.3721719353e+04 1.5707963268e+00 -1.0188848742e+00
7.8646691426e-05 1.3722757521e+04 1.5707963268e+00 -1.0220813536e+00
7.8892892427e-05 1.3723799951e+04 1.5707963268e+00 -1.0252773492e+00
7.9139059245e-05 1.3724846651e+04 1.5707963268e+00 -1.0284728592e+00
7.9385191756e-05 1.3725897631e+04 1.5707963268e+00 -1.0316678819e+00
7.9631289833e-05 1.3726952899e+04 1.5707963268e+00 -1.0348624152e+00
7.9877353352e-05 1.3728012467e+04 1.5707963268e+00 -1.0380564573e+00
8.0123382186e-05 1.3729076342e+04 1.5707963268e+00 -1.0412500063e+00
8.0369376210e-05 1.3730144535e+04 1.5707963268e+00 -1.0444430604e+00
8.0615335298e-05 1.3731217055e+04 1.5707963268e+00 -1.0476356175e+00
8.0861259323e-05 1.3732293911e+04 1.5707963268e+00 -1.0508276759e+00
8.1107148160e-05 1.3733375113e+04 1.5707963268e+00 -1.0540192337e+00
8.1353001682e-05 1.3734460672e+04 1.5707963268e+00 -1.0572102888e+00
8.1598819763e-05 1.3735550595e+04 1.5707963268e+00 -1.0604008395e+00
8.1844602275e-05 1.3736644893e+04 1.5707963268e+00 -1.0635908838e+00
8.2090349093e-05 1.3737743577e+04 1.5707963268e+00 -1.0667804198e+00
8.2336060088e-05 1.3738846654e+04 1.5707963268e+00 -1.0699694456e+00
8.2581735136e-05 1.3739954136e+04 1.5707963268e+00 -1.0731579593e+00
8.2827374107e-05 1.3741066032e+04 1.5707963268e+00 -1.0763459589e+00
8.3072976874e-05 1.3742182352e+04 1.5707963268e+00 -1.0795334426e+00
8.3318543311e-05 1.3743303105e+04 1.5707963268e+00 -1.0827204083e+00
8.3564073290e-05 1.3744428302e+04 1.5707963268e+00 -1.0859068542e+00
8.3809566683e-05 1.3745557953e+04 1.5707963268e+00 -1.0890927784e+00
8.4055023362e-05 1.3746692067e+04 1.5707963268e+00 -1.0922781788e+00
8.4300443198e-05 1.3747830655e+04 1.5707963268e+00 -1.0954630536e+00
8.4545826065e-05 1.3748973726e+04 1.5707963268e+00 -1.0986474009e+00
8.4791171834e-05 1.3750121291e+04 1.5707963268e+00 -1.1018312186e+00
8.5036480376e-05 1.3751273360e+04 1.5707963268e+00 -1.1050145048e+00
8.5281751563e-05 1.3752429942e+04 1.5707963268e+00 -1.1081972576e+00
8.5526985266e-05 1.3753591049e+04 1.5707963268e+00 -1.1113794750e+00
8.5772181356e-05 1.3754756689e+04 1.5707963268e+00 -1.1145611551e+00
8.6017339705e-05 1.3755926874e+04 1.5707963268e+00 -1.1177422958e+00
8.6262460183e-05 1.3757101614e+04 1.5707963268e+00 -1.1209228953e+00
8.6507542662e-05 1.3758280918e+04 1.5707963268e+00 -1.1241029515e+00
8.6752587011e-05 1.3759464798e+04 1.5707963268e+00 -1.1272824626e+00
8.6997593102e-05 1.3760653264e+04 1.5707963268e+00 -1.1304614264e+00
8.7242560804e-05 1.3761846326e+04 1.5707963268e+00 -1.1336398411e+00
8.7487489989e-05 1.3763043994e+04 1.5707963268e+00 -1.1368177047e+00
8.7732380526e-05 1.3764246278e+04 1.5707963268e+00 -1.1399950151e+00
8.7977232285e-05 1.3765453191e+04 1.5707963268e+00 -1.1431717704e+00
8.8222045136e-05 1.3766664741e+04 1.5707963268e+00 -1.1463479686e+00
8.8466818950e-05 1.3767880940e+04 1.5707963268e+00 -1.1495236077e+00
8.8711553594e-05 1.3769101797e+04 1.5707963268e+00 -1.1526986857e+00
8.8956248940e-05 1.3770327325e+04 1.5707963268e+00 -1.1558732006e+00
8.9200904856e-05 1.3771557532e+04 1.5707963268e+00 -1.1590471504e+00
8.9445521211e-05 1.3772792431e+04 1.5707963268e+00 -1.1622205331e+00
8.9690097875e-05 1.3774032031e+04 1.5707963268e+00 -1.1653933467e+00
8.9934634716e-05 1.3775276344e+04 1.5707963268e+00 -1.1685655892e+00
9.0179131604e-05 1.3776525380e+04 1.5707963268e+00 -1.1717372585e+00
9.0423588407e-05 1.3777779150e+04 1.5707963268e+00 -1.1749083527e+00
9.0668004994e-05 1.3779037665e+04 1.5707963268e+00 -1.1780788696e+00
9.0912381232e-05 1.3780300936e+04 1.5707963268e+00 -1.1812488074e+00
9.1156716991e-05 1.3781568973e+04 1.5707963268e+00 -1.1844181639e+00
9.1401012138e-05 1.3782841788e+04 1.5707963268e+00 -1.1875869371e+00
9.1645266542e-05 1.3784119392e+04 1.5707963268e+00 -1.1907551250e+00
9.1889480070e-05 1.3785401795e+04 1.5707963268e+00 -1.1939227256e+00
9.2133652591e-05 1.3786689009e+04 1.5707963268e+00 -1.1970897368e+00
9.2377783971e-05 1.3787981044e+04 1.5707963268e+00 -1.2002561565e+00
9.2621874079e-05 1.3789277913e+04 1.5707963268e+00 -1.2034219827e+00
9.2865922781e-05 1.3790579625e+04 1.5707963268e+00 -1.2065872134e+00
9.3109929945e-05 1.3791886192e+04 1.5707963268e+00 -1.2097518465e+00
9.3353895439e-05 1.3793197626e+04 1.5707963268e+00 -1.2129158800e+00
9.3597819128e-05 1.3794513938e+04 1.5707963268e+00 -1.2160793117e+00
9.3841700881e-05 1.3795835138e+04 1.5707963268e+00 -1.2192421396e+00
9.4085540563e-05 1.3797161238e+04 1.5707963268e+00 -1.2224043617e+00
9.4329338042e-05 1.3798492250e+04 1.5707963268e+00 -1.2255659759e+00
9.4573093184e-05 1.3799828185e+04 1.5707963268e+00 -1.2287269800e+00
9.4816805855e-05 1.3801169054e+04 1.5707963268e+00 -1.2318873721e+00
9.5060475921e-05 1.3802514869e+04 1.5707963268e+00 -1.2350471500e+00
9.5304103249e-05 1.3803865641e+04 1.5707963268e+00 -1.2382063117e+00
9.5547687704e-05 1.3805221381e+04 1.5707963268e+00 -1.2413648550e+00
9.5791229153e-05 1.3806582102e+04 1.5707963268e+00 -1.2445227779e+00
9.6034727460e-05 1.3807947815e+04 1.5707963268e+00 -1.2476800783e+00
9.6278182493e-05 1.3809318531e+04 1.5707963268e+00 -1.2508367540e+00
9.6521594116e-05 1.3810694262e+04 1.5707963268e+00 -1.2539928031e+00
9.6764962194e-05 1.3812075019e+04 1.5707963268e+00 -1.2571482233e+00
9.7008286593e-05 1.3813460815e+04 1.5707963268e+00 -1.2603030125e+00
9.7251567178e-05 1.3814851661e+04 1.5707963268e+00 -1.2634571687e+00
9.7494803814e-05 1.3816247569e+04 1.5707963268e+00 -1.2666106897e+00
9.7737996366e-05 1.3817648551e+04 1.5707963268e+00 -1.2697635735e+00
9.7981144698e-05 1.3819054618e+04 1.5707963268e+00 -1.2729158178e+00
9.8224248676e-05 1.3820465782e+04 1.5707963268e+00 -1.2760674206e+00
9.8467308163e-05 1.3821882056e+04 1.5707963268e+00 -1.2792183797e+00
9.8710323024e-05 1.3823303451e+04 1.5707963268e+00 -1.2823686930e+00
9.8953293123e-05 1.3824729979e+04 1.5707963268e+00 -1.2855183584e+00
9.9196218325e-05 1.3826161652e+04 1.5707963268e+00 -1.2886673737e+00
9.9439098492e-05 1.3827598482e+04 1.5707963268e+00 -1.2918157368e+00
9.9681933491e-05 1.3829040481e+04 1.5707963268e+00 -1.2949634455e+00
9.9924723183e-05 1.3830487662e+04 1.5707963268e+00 -1.2981104978e+00
1.0016746743e-04 1.3831940036e+04 1.5707963268e+00 -1.3012568913e+00
1.0041016610e-04 1.3833397616e+04 1.5707963268e+00 -1.3044026240e+00
1.0065281906e-04 1.3834860413e+04 1.5707963268e+00 -1.3075476938e+00
1.0089542616e-04 1.3836328440e+04 1.5707963268e+00 -1.3106920984e+00
1.0113798728e-04 1.3837801710e+04 1.5707963268e+00 -1.3138358357e+00
1.0138050227e-04 1.3839280234e+04 1.5707963268e+00 -1.3169789035e+00
1.0162297099e-04 1.3840764025e+04 1.5707963268e+00 -1.3201212997e+00
1.0186539332e-04 1.3842253095e+04 1.5707963268e+00 -1.3232630220e+00
1.0210776911e-04 1.3843747457e+04 1.5707963268e+00 -1.3264040684e+00
1.0235009822e-04 1.3845247122e+04 1.5707963268e+00 -1.3295444365e+00
1.0259238052e-04 1.3846752104e+04 1.5707963268e+00 -1.3326841243e+00
1.0283461588e-04 1.3848262416e+04 1.5707963268e+00 -1.3358231294e+00
1.0307680414e-04 1.3849778068e+04 1.5707963268e+00 -1.3389614499e+00
1.0331894518e-04 1.3851299074e+04 1.5707963268e+00 -1.3420990833e+00
1.0356103885e-04 1.3852825447e+04 1.5707963268e+00 -1.3452360276e+00
1.0380308503e-04 1.3854357200e+04 1.5707963268e+00 -1.3483722806e+00
1.0404508356e-04 1.3855894344e+04 1.5707963268e+00 -1.3515078399e+00
1.0428703432e-04 1.3857436892e+04 1.5707963268e+00 -1.3546427035e+00
1.0452893716e-04 1.3858984858e+04 1.5707963268e+00 -1.3577768691e+00
1.0477079194e-04 1.3860538254e+04 1.5707963268e+00 -1.3609103345e+00
1.0501259853e-04 1.3862097092e+04 1.5707963268e+00 -1.3640430974e+00
1.0525435679e-04 1.3863661386e+04 1.5707963268e+00 -1.3671751557e+00
1.0549606657e-04 1.3865231148e+04 1.5707963268e+00 -1.3703065071e+00
1.0573772775e-04 1.3866806392e+04 1.5707963268e+00 -1.3734371494e+00
1.0597934018e-04 1.3868387130e+04 1.5707963268e+00 -1.3765670803e+00
1.0622090371e-04 1.3869973374e+04 1.5707963268e+00 -1.3796962976e+00
1.0646241823e-04 1.3871565139e+04 1.5707963268e+00 -1.3828247991e+00
1.0670388357e-04 1.3873162437e+04 1.5707963268e+00 -1.3859525826e+00
1.0694529960e-04 1.3874765281e+04 1.5707963268e+00 -1.3890796457e+00
1.0718666619e-04 1.3876373684e+04 1.5707963268e+00 -1.3922059862e+00
1.0742798320e-04 1.3877987660e+04 1.5707963268e+00 -1.3953316019e+00
1.0766925048e-04 1.3879607221e+04 1.5707963268e+00 -1.3984564905e+00
1.0791046789e-04 1.3881232380e+04 1.5707963268e+00 -1.4015806498e+00
1.0815163529e-04 1.3882863152e+04 1.5707963268e+00 -1.4047040775e+00
1.0839275255e-04 1.3884499548e+04 1.5707963268e+00 -1.4078267712e+00
1.0863381953e-04 1.3886141582e+04 1.5707963268e+00 -1.4109487289e+00
1.0887483608e-04 1.3887789269e+04 1.5707963268e+00 -1.4140699481e+00
1.0911580206e-04 1.3889442619e+04 1.5707963268e+00 -1.4171904265e+00
1.0935671733e-04 1.3891101649e+04 1.5707963268e+00 -1.4203101620e+00
1.0959758175e-04 1.3892766369e+04 1.5707963268e+00 -1.4234291523e+00
1.0983839519e-04 1.3894436795e+04 1.5707963268e+00 -1.4265473949e+00
1.1007915749e-04 1.3896112940e+04 1.5707963268e+00 -1.4296648877e+00
1.1031986853e-04 1.3897794816e+04 1.5707963268e+00 -1.4327816283e+00
1.1056052815e-04 1.3899482438e+04 1.5707963268e+00 -1.4358976145e+00
1.1080113622e-04 1.3901175819e+04 1.5707963268e+00 -1.4390128440e+00
1.1104169260e-04 1.3902874973e+04 1.5707963268e+00 -1.4421273143e+00
1.1128219714e-04 1.3904579913e+04 1.5707963268e+00 -1.4452410234e+00
1.1152264971e-04 1.3906290652e+04 1.5707963268e+00 -1.4483539687e+00
1.1176305015e-04 1.3908007206e+04 1.5707963268e+00 -1.4514661480e+00
1.1200339834e-04 1.3909729587e+04 1.5707963268e+00 -1.4545775590e+00
1.1224369413e-04 1.3911457808e+04 1.5707963268e+00 -1.4576881994e+00
1.1248393737e-04 1.3913191885e+04 1.5707963268e+00 -1.4607980668e+00
1.1272412792e-04 1.3914931830e+04 1.5707963268e+00 -1.4639071589e+00
1.1296426565e-04 1.3916677658e+04 1.5707963268e+00 -1.4670154734e+00
1.1320435041e-04 1.3918429382e+04 1.5707963268e+00 -1.4701230079e+00
1.1344438206e-04 1.3920187016e+04 1.5707963268e+00 -1.4732297601e+00
1.1368436046e-04 1.3921950575e+04 1.5707963268e+00 -1.4763357277e+00
1.1392428546e-04 1.3923720071e+04 1.5707963268e+00 -1.4794409082e+00
1.1416415692e-04 1.3925495520e+04 1.5707963268e+00 -1.4825452995e+00
1.1440397470e-04 1.3927276935e+04 1.5707963268e+00 -1.4856488990e+00
1.1464373866e-04 1.3929064331e+04 1.5707963268e+00 -1.4887517045e+00
1.1488344865e-04 1.3930857720e+04 1.5707963268e+00 -1.4918537135e+00
1.1512310454e-04 1.3932657118e+04 1.5707963268e+00 -1.4949549238e+00
1.1536270617e-04 1.3934462539e+04 1.5707963268e+00 -1.4980553329e+00
1.1560225341e-04 1.3936273996e+04 1.5707963268e+00 -1.5011549386e+00
1.1584174611e-04 1.3938091505e+04 1.5707963268e+00 -1.5042537383e+00
1.1608118413e-04 1.3939915079e+04 1.5707963268e+00 -1.5073517298e+00
1.1632056733e-04 1.3941744732e+04 1.5707963268e+00 -1.5104489106e+00
1.1655989556e-04 1.3943580480e+04 1.5707963268e+00 -1.5135452784e+00
1.1679916868e-04 1.3945422335e+04 1.5707963268e+00 -1.5166408308e+00
1.1703838654e-04 1.3947270313e+04 1.5707963268e+00 -1.5197355653e+00
1.1727754901e-04 1.3949124428e+04 1.5707963268e+00 -1.5228294797e+00
1.1751665594e-04 1.3950984695e+04 1.5707963268e+00 -1.5259225715e+00
1.1775570719e-04 1.3952851128e+04 1.5707963268e+00 -1.5290148383e+00
1.1799470261e-04 1.3954723741e+04 1.5707963268e+00 -1.5321062777e+00
1.1823364206e-04 1.3956602549e+04 1.5707963268e+00 -1.5351968873e+00
1.1847252539e-04 1.3958487566e+04 1.5707963268e+00 -1.5382866647e+00
1.1871135246e-04 1.3960378808e+04 1.5707963268e+00 -1.5413756074e+00
1.1895012313e-04 1.3962276288e+04 1.5707963268e+00 -1.5444637131e+00
1.1918883726e-04 1.3964180022e+04 1.5707963268e+00 -1.5475509794e+00
1.1942749469e-04 1.3966090024e+04 1.5707963268e+00 -1.5506374037e+00
1.1966609529e-04 1.3968006308e+04 1.5707963268e+00 -1.5537229837e+00
1.1990463891e-04 1.3969928891e+04 1.5707963268e+00 -1.5568077170e+00
1.2014312540e-04 1.3971857785e+04 1.5707963268e+00 -1.5598916012e+00
1.2038155463e-04 1.3973793007e+04 1.5707963268e+00 -1.5629746337e+00
1.2061992644e-04 1.3975734571e+04 1.5707963268e+00 -1.5660568121e+00
1.2085824070e-04 1.3977682492e+04 1.5707963268e+00 -1.5691381341e+00
1.2109649726e-04 1.3979636784e+04 1.5707963268e+00 -1.5722185971e+00
1.2133469597e-04 1.3981597464e+04 1.5707963268e+00 -1.5752981987e+00
1.2157283669e-04 1.3983564545e+04 1.5707963268e+00 -1.5783769365e+00
1.2181091927e-04 1.3985538042e+04 1.5707963268e+00 -1.5814548080e+00
1.2204894358e-04 1.3987517972e+04 1.5707963268e+00 -1.5845318107e+00
1.2228690946e-04 1.3989504348e+04 1.5707963268e+00 -1.5876079422e+00
1.2252481677e-04 1.3991497186e+04 1.5707963268e+00 -1.5906832000e+00
1.2276266536e-04 1.3993496501e+04 1.5707963268e+00 -1.5937575817e+00
1.2300045510e-04 1.3995502308e+04 1.5707963268e+00 -1.5968310847e+00
1.2323818583e-04 1.3997514623e+04 1.5707963268e+00 -1.5999037066e+00
1.2347585741e-04 1.3999533460e+04 1.5707963268e+00 -1.6029754450e+00
1.2371346970e-04 1.4001558835e+04 1.5707963268e+00 -1.6060462972e+00
1.2395102254e-04 1.4003590763e+04 1.5707963268e+00 -1.6091162610e+00
1.2418851580e-04 1.4005629259e+04 1.5707963268e+00 -1.6121853337e+00
1.2442594933e-04 1.4007674339e+04 1.5707963268e+00 -1.6152535128e+00
1.2466332298e-04 1.4009726018e+04 1.5707963268e+00 -1.6183207960e+00
1.2490063662e-04 1.4011784311e+04 1.5707963268e+00 -1.6213871806e+00
1.2513789008e-04 1.4013849234e+04 1.5707963268e+00 -1.6244526642e+00
1.2537508323e-04 1.4015920803e+04 1.5707963268e+00 -1.6275172443e+00
1.2561221593e-04 1.4017999032e+04 1.5707963268e+00 -1.6305809184e+00
1.2584928802e-04 1.4020083938e+04 1.5707963268e+00 -1.6336436839e+00
1.2608629936e-04 1.4022175535e+04 1.5707963268e+00 -1.6367055384e+00
1.2632324981e-04 1.4024273840e+04 1.5707963268e+00 -1.6397664793e+00
1.2656013921e-04 1.4026378868e+04 1.5707963268e+00 -1.6428265041e+00
1.2679696743e-04 1.4028490634e+04 1.5707963268e+00 -1.6458856103e+00
1.2703373432e-04 1.4030609155e+04 1.5707963268e+00 -1.6489437953e+00
1.2727043973e-04 1.4032734446e+04 1.5707963268e+00 -1.6520010567e+00
1.2750708352e-04 1.4034866522e+04 1.5707963268e+00 -1.6550573919e+00
1.2774366554e-04 1.4037005400e+04 1.5707963268e+00 -1.6581127983e+00
1.2798018564e-04 1.4039151095e+04 1.5707963268e+00 -1.6611672735e+00
1.2821664368e-04 1.4041303623e+04 1.5707963268e+00 -1.6642208149e+00
1.2845303951e-04 1.4043463000e+04 1.5707963268e+00 -1.6672734199e+00
1.2868937299e-04 1.4045629242e+04 1.5707963268e+00 -1.6703250860e+00
1.2892564397e-04 1.4047802364e+04 1.5707963268e+00 -1.6733758106e+00
1.2916185231e-04 1.4049982383e+04 1.5707963268e+00 -1.6764255913e+00
1.2939799785e-04 1.4052169314e+04 1.5707963268e+00 -1.6794744253e+00
1.2963408046e-04 1.4054363174e+04 1.5707963268e+00 -1.6825223103e+00
1.2987009999e-04 1.4056563978e+04 1.5707963268e+00 -1.6855692436e+00
1.3010605628e-04 1.4058771742e+04 1.5707963268e+00 -1.6886152226e+00
1.3034194920e-04 1.4060986484e+04 1.5707963268e+00 -1.6916602448e+00
1.3057777860e-04 1.4063208217e+04 1.5707963268e+00 -1.6947043076e+00
1.3081354432e-04 1.4065436960e+04 1.5707963268e+00 -1.6977474084e+00
1.3104924624e-04 1.4067672728e+04 1.5707963268e+00 -1.7007895447e+00
1.3128488419e-04 1.4069915536e+04 1.5707963268e+00 -1.7038307138e+00
1.3152045804e-04 1.4072165402e+04 1.5707963268e+00 -1.7068709133e+00
1.3175596763e-04 1.4074422342e+04 1.5707963268e+00 -1.7099101405e+00
1.3199141283e-04 1.4076686371e+04 1.5707963268e+00 -1.7129483928e+00
1.3222679347e-04 1.4078957506e+04 1.5707963268e+00 -1.7159856676e+00
1.3246210943e-04 1.4081235764e+04 1.5707963268e+00 -1.7190219623e+00
1.3269736055e-04 1.4083521161e+04 1.5707963268e+00 -1.7220572744e+00
1.3293254668e-04 1.4085813713e+04 1.5707963268e+00 -1.7250916012e+00
1.3316766769e-04 1.4088113436e+04 1.5707963268e+00 -1.7281249401e+00
1.3340272341e-04 1.4090420347e+04 1.5707963268e+00 -1.7311572886e+00
1.3363771372e-04 1.4092734463e+04 1.5707963268e+00 -1.7341886439e+00
1.3387263845e-04 1.4095055799e+04 1.5707963268e+00 -1.7372190036e+00
1.3410749747e-04 1.4097384373e+04 1.5707963268e+00 -1.7402483650e+00
1.3434229062e-04 1.4099720201e+04 1.5707963268e+00 -1.7432767254e+00
1.3457701777e-04 1.4102063300e+04 1.5707963268e+00 -1.7463040823e+00
1.3481167876e-04 1.4104413685e+04 1.5707963268e+00 -1.7493304330e+00
1.3504627345e-04 1.4106771375e+04 1.5707963268e+00 -1.7523557749e+00
1.3528080169e-04 1.4109136385e+04 1.5707963268e+00 -1.7553801053e+00
1.3551526334e-04 1.4111508731e+04 1.5707963268e+00 -1.7584034217e+00
1.3574965824e-04 1.4113888432e+04 1.5707963268e+00 -1.7614257214e+00
1.3598398627e-04 1.4116275503e+04 1.5707963268e+00 -1.7644470018e+00
1.3621824725e-04 1.4118669961e+04 1.5707963268e+00 -1.7674672602e+00
1.3645244106e-04 1.4121071824e+04 1.5707963268e+00 -1.7704864940e+00
1.3668656755e-04 1.4123481107e+04 1.5707963268e+00 -1.7735047005e+00
1.3692062656e-04 1.4125897828e+04 1.5707963268e+00 -1.7765218771e+00
1.3715461795e-04 1.4128322004e+04 1.5707963268e+00 -1.7795380212e+00
1.3738854158e-04 1.4130753651e+04 1.5707963268e+00 -1.7825531300e+00
1.3762239730e-04 1.4133192786e+04 1.5707963268e+00 -1.7855672010e+00
1.3785618497e-04 1.4135639426e+04 1.5707963268e+00 -1.7885802314e+00
1.3808990443e-04 1.4138093589e+04 1.5707963268e+00 -1.7915922187e+00
1.3832355554e-04 1.4140555291e+04 1.5707963268e+00 -1.7946031601e+00
1.3855713816e-04 1.4143024550e+04 1.5707963268e+00 -1.7976130530e+00
1.3879065214e-04 1.4145501381e+04 1.5707963268e+00 -1.8006218946e+00
1.3902409733e-04 1.4147985804e+04 1.5707963268e+00 -1.8036296825e+00
1.3925747359e-04 1.4150477833e+04 1.5707963268e+00 -1.8066364138e+00
1.3949078076e-04 1.4152977487e+04 1.5707963268e+00 -1.8096420858e+00
1.3972401872e-04 1.4155484783e+04 1.5707963268e+00 -1.8126466960e+00
1.3995718730e-04 1.4157999738e+04 1.5707963268e+00 -1.8156502416e+00
1.4019028637e-04 1.4160522369e+04 1.5707963268e+00 -1.8186527200e+00
1.4042331577e-04 1.4163052693e+04 1.5707963268e+00 -1.8216541284e+00
1.4065627537e-04 1.4165590728e+04 1.5707963268e+00 -1.8246544642e+00
1.4088916501e-04 1.4168136491e+04 1.5707963268e+00 -1.8276537246e+00
1.4112198455e-04 1.4170689999e+04 1.5707963268e+00 -1.8306519070e+00
1.4135473385e-04 1.4173251270e+04 1.5707963268e+00 -1.8336490087e+00
1.4158741275e-04 1.4175820320e+04 1.5707963268e+00 -1.8366450270e+00
1.4182002112e-04 1.4178397167e+04 1.5707963268e+00 -1.8396399592e+00
1.4205255880e-04 1.4180981830e+04 1.5707963268e+00 -1.8426338025e+00
1.4228502566e-04 1.4183574324e+04 1.5707963268e+00 -1.8456265543e+00
1.4251742155e-04 1.4186174667e+04 1.5707963268e+00 -1.8486182119e+00
1.4274974631e-04 1.4188782878e+04 1.5707963268e+00 -1.8516087725e+00
1.4298199981e-04 1.4191398973e+04 1.5707963268e+00 -1.8545982335e+00
1.4321418190e-04 1.4194022970e+04 1.5707963268e+00 -1.8575865921e+00
1.4344629244e-04 1.4196654886e+04 1.5707963268e+00 -1.8605738455e+00
1.4367833128e-04 1.4199294740e+04 1.5707963268e+00 -1.8635599912e+00
1.4391029827e-04 1.4201942548e+04 1.5707963268e+00 -1.8665450263e+00
1.4414219327e-04 1.4204598328e+04 1.5707963268e+00 -1.8695289482e+00
1.4437401613e-04 1.4207262098e+04 1.5707963268e+00 -1.8725117540e+00
1.4460576672e-04 1.4209933876e+04 1.5707963268e+00 -1.8754934412e+00
1.4483744488e-04 1.4212613679e+04 1.5707963268e+00 -1.8784740069e+00
1.4506905047e-04 1.4215301525e+04 1.5707963268e+00 -1.8814534484e+00
1.4530058334e-04 1.4217997432e+04 1.5707963268e+00 -1.8844317629e+00
1.4553204336e-04 1.4220701417e+04 1.5707963268e+00 -1.8874089478e+00
1.4576343037e-04 1.4223413499e+04 1.5707963268e+00 -1.8903850003e+00
1.4599474423e-04 1.4226133694e+04 1.5707963268e+00 -1.8933599177e+00
1.4622598480e-04 1.4228862021e+04 1.5707963268e+00 -1.8963336971e+00
1.4645715192e-04 1.4231598498e+04 1.5707963268e+00 -1.8993063360e+00
1.4668824547e-04 1.4234343142e+04 1.5707963268e+00 -1.9022778314e+00
1.4691926529e-04 1.4237095972e+04 1.5707963268e+00 -1.9052481807e+00
1.4715021124e-04 1.4239857005e+04 1.5707963268e+00 -1.9082173811e+00
1.4738108318e-04 1.4242626259e+04 1.5707963268e+00 -1.9111854298e+00
1.4761188095e-04 1.4245403752e+04 1.5707963268e+00 -1.9141523242e+00
1.4784260443e-04 1.4248189503e+04 1.5707963268e+00 -1.9171180613e+00
1.4807325345e-04 1.4250983529e+04 1.5707963268e+00 -1.9200826386e+00
1.4830382789e-04 1.4253785847e+04 1.5707963268e+00 -1.9230460532e+00
1.4853432759e-04 1.4256596478e+04 1.5707963268e+00 -1.9260083023e+00
1.4876475241e-04 1.4259415437e+04 1.5707963268e+00 -1.9289693832e+00
1.4899510221e-04 1.4262242744e+04 1.5707963268e+00 -1.9319292931e+00
1.4922537685e-04 1.4265078416e+04 1.5707963268e+00 -1.9348880292e+00
1.4945557618e-04 1.4267922472e+04 1.5707963268e+00 -1.9378455888e+00
1.4968570005e-04 1.4270774929e+04 1.5707963268e+00 -1.9408019691e+00
1.4991574834e-04 1.4273635807e+04 1.5707963268e+00 -1.9437571673e+00
1.5014572088e-04 1.4276505122e+04 1.5707963268e+00 -1.9467111807e+00
1.5037561754e-04 1.4279382894e+04 1.5707963268e+00 -1.9496640064e+00
1.5060543818e-04 1.4282269141e+04 1.5707963268e+00 -1.9526156417e+00
1.5083518265e-04 1.4285163880e+04 1.5707963268e+00 -1.9555660837e+00
1.5106485082e-04 1.4288067130e+04 1.5707963268e+00 -1.9585153298e+00
1.5129444253e-04 1.4290978909e+04 1.5707963268e+00 -1.9614633771e+00
1.5152395765e-04 1.4293899236e+04 1.5707963268e+00 -1.9644102228e+00
1.5175339603e-04 1.4296828129e+04 1.5707963268e+00 -1.9673558642e+00
1.5198275753e-04 1.4299765606e+04 1.5707963268e+00 -1.9703002984e+00
1.5221204201e-04 1.4302711686e+04 1.5707963268e+00 -1.9732435227e+00
1.5244124933e-04 1.4305666387e+04 1.5707963268e+00 -1.9761855342e+00
1.5267037934e-04 1.4308629728e+04 1.5707963268e+00 -1.9791263302e+00
1.5289943191e-04 1.4311601726e+04 1.5707963268e+00 -1.9820659078e+00
1.5312840689e-04 1.4314582400e+04 1.5707963268e+00 -1.9850042643e+00
1.5335730414e-04 1.4317571770e+04 1.5707963268e+00 -1.9879413968e+00
1.5358612352e-04 1.4320569852e+04 1.5707963268e+00 -1.9908773027e+00
1.5381486489e-04 1.4323576666e+04 1.5707963268e+00 -1.9938119789e+00
1.5404352810e-04 1.4326592231e+04 1.5707963268e+00 -1.9967454228e+00
1.5427211302e-04 1.4329616564e+04 1.5707963268e+00 -1.9996776316e+00
1.5450061951e-04 1.4332649685e+04 1.5707963268e+00 -2.0026086023e+00
1.5472904742e-04 1.4335691611e+04 1.5707963268e+00 -2.0055383323e+00
1.5495739661e-04 1.4338742362e+04 1.5707963268e+00 -2.0084668187e+00
1.5518566694e-04 1.4341801956e+04 1.5707963268e+00 -2.0113940586e+00
1.5541385828e-04 1.4344870412e+04 1.5707963268e+00 -2.0143200494e+00
1.5564197048e-04 1.4347947748e+04 1.5707963268e+00 -2.0172447881e+00
1.5587000340e-04 1.4351033983e+04 1.5707963268e+00 -2.0201682719e+00
1.5609795690e-04 1.4354129136e+04 1.5707963268e+00 -2.0230904981e+00
1.5632583085e-04 1.4357233225e+04 1.5707963268e+00 -2.0260114638e+00
1.5655362510e-04 1.4360346269e+04 1.5707963268e+00 -2.0289311661e+00
1.5678133951e-04 1.4363468287e+04 1.5707963268e+00 -2.0318496023e+00
1.5700897394e-04 1.4366599298e+04 1.5707963268e+00 -2.0347667695e+00
1.5723652826e-04 1.4369739319e+04 1.5707963268e+00 -2.0376826649e+00
1.5746400233e-04 1.4372888371e+04 1.5707963268e+00 -2.0405972858e+00
1.5769139600e-04 1.4376046472e+04 1.5707963268e+00 -2.0435106291e+00
1.5791870915e-04 1.4379213640e+04 1.5707963268e+00 -2.0464226922e+00
1.5814594162e-04 1.4382389895e+04 1.5707963268e+00 -2.0493334722e+00
1.5837309328e-04 1.4385575256e+04 1.5707963268e+00 -2.0522429663e+00
1.5860016399e-04 1.4388769740e+04 1.5707963268e+00 -2.0551511715e+00
1.5882715362e-04 1.4391973367e+04 1.5707963268e+00 -2.0580580852e+00
1.5905406203e-04 1.4395186157e+04 1.5707963268e+00 -2.0609637045e+00
1.5928088907e-04 1.4398408127e+04 1.5707963268e+00 -2.0638680264e+00
1.5950763462e-04 1.4401639296e+04 1.5707963268e+00 -2.0667710483e+00
1.5973429852e-04 1.4404879685e+04 1.5707963268e+00 -2.0696727672e+00
1.5996088066e-04 1.4408129311e+04 1.5707963268e+00 -2.0725731804e+00
1.6018738089e-04 1.4411388193e+04 1.5707963268e+00 -2.0754722849e+00
1.6041379906e-04 1.4414656351e+04 1.5707963268e+00 -2.0783700779e+00
1.6064013506e-04 1.4417933804e+04 1.5707963268e+00 -2.0812665567e+00
1.6086638873e-04 1.4421220570e+04 1.5707963268e+00 -2.0841617183e+00
1.6109255995e-04 1.4424516668e+04 1.5707963268e+00 -2.0870555600e+00
1.6131864857e-04 1.4427822118e+04 1.5707963268e+00 -2.0899480788e+00
1.6154465446e-04 1.4431136939e+04 1.5707963268e+00 -2.0928392719e+00
1.6177057749e-04 1.4434461149e+04 1.5707963268e+00 -2.0957291365e+00
1.6199641751e-04 1.4437794768e+04 1.5707963268e+00 -2.0986176698e+00
1.6222217440e-04 1.4441137815e+04 1.5707963268e+00 -2.1015048689e+00
1.6244784802e-04 1.4444490308e+04 1.5707963268e+00 -2.1043907309e+00
1.6267343823e-04 1.4447852267e+04 1.5707963268e+00 -2.1072752530e+00
1.6289894490e-04 1.4451223712e+04 1.5707963268e+00 -2.1101584323e+00
1.6312436789e-04 1.4454604660e+04 1.5707963268e+00 -2.1130402661e+00
1.6334970707e-04 1.4457995132e+04 1.5707963268e+00 -2.1159207514e+00
1.6357496230e-04 1.4461395146e+04 1.5707963268e+00 -2.1187998854e+00
1.6380013346e-04 1.4464804722e+04 1.5707963268e+00 -2.1216776653e+00
1.6402522040e-04 1.4468223879e+04 1.5707963268e+00 -2.1245540882e+00
1.6425022300e-04 1.4471652635e+04 1.5707963268e+00 -2.1274291513e+00
1.6447514111e-04 1.4475091011e+04 1.5707963268e+00 -2.1303028516e+00
1.6469997461e-04 1.4478539025e+04 1.5707963268e+00 -2.1331751864e+00
1.6492472336e-04 1.4481996697e+04 1.5707963268e+00 -2.1360461528e+00
1.6514938724e-04 1.4485464046e+04 1.5707963268e+00 -2.1389157480e+00
1.6537396610e-04 1.4488941090e+04 1.5707963268e+00 -2.1417839690e+00
1.6559845981e-04 1.4492427850e+04 1.5707963268e+00 -2.1446508131e+00
1.6582286825e-04 1.4495924345e+04 1.5707963268e+00 -2.1475162774e+00
1.6604719128e-04 1.4499430593e+04 1.5707963268e+00 -2.1503803590e+00
1.6627142876e-04 1.4502946615e+04 1.5707963268e+00 -2.1532430551e+00
1.6649558058e-04 1.4506472428e+04 1.5707963268e+00 -2.1561043629e+00
1.6671964659e-04 1.4510008054e+04 1.5707963268e+00 -2.1589642794e+00
1.6694362666e-04 1.4513553510e+04 1.5707963268e+00 -2.1618228018e+00
1.6716752067e-04 1.4517108817e+04 1.5707963268e+00 -2.1646799273e+00
1.6739132848e-04 1.4520673994e+04 1.5707963268e+00 -2.1675356530e+00
1.6761504996e-04 1.4524249059e+04 1.5707963268e+00 -2.1703899760e+00
1.6783868499e-04 1.4527834033e+04 1.5707963268e+00 -2.1732428936e+00
1.6806223343e-04 1.4531428934e+04 1.5707963268e+00 -2.1760944028e+00
1.6828569515e-04 1.4535033782e+04 1.5707963268e+00 -2.1789445008e+00
1.6850907002e-04 1.4538648597e+04 1.5707963268e+00 -2.1817931847e+00
1.6873235792e-04 1.4542273398e+04 1.5707963268e+00 -2.1846404517e+00
1.6895555871e-04 1.4545908203e+04 1.5707963268e+00 -2.1874862990e+00
1.6917867227e-04 1.4549553034e+04 1.5707963268e+00 -2.1903307236e+00
1.6940169846e-04 1.4553207908e+04 1.5707963268e+00 -2.1931737228e+00
1.6962463716e-04 1.4556872845e+04 1.5707963268e+00 -2.1960152936e+00
1.6984748825e-04 1.4560547865e+04 1.5707963268e+00 -2.1988554332e+00
1.7007025159e-04 1.4564232988e+04 1.5707963268e+00 -2.2016941388e+00
1.7029292705e-04 1.4567928232e+04 1.5707963268e+00 -2.2045314075e+00
1.7051551451e-04 1.4571633617e+04 1.5707963268e+00 -2.2073672364e+00
1.7073801384e-04 1.4575349162e+04 1.5707963268e+00 -2.2102016228e+00
1.7096042492e-04 1.4579074887e+04 1.5707963268e+00 -2.2130345636e+00
1.7118274761e-04 1.4582810812e+04 1.5707963268e+00 -2.2158660562e+00
1.7140498180e-04 1.4586556955e+04 1.5707963268e+00 -2.2186960977e+00
1.7162712735e-04 1.4590313337e+04 1.5707963268e+00 -2.2215246851e+00
1.7184918414e-04 1.4594079976e+04 1.5707963268e+00 -2.2243518157e+00
1.7207115204e-04 1.4597856892e+04 1.5707963268e+00 -2.2271774865e+00
1.7229303094e-04 1.4601644105e+04 1.5707963268e+00 -2.2300016949e+00
1.7251482069e-04 1.4605441634e+04 1.5707963268e+00 -2.2328244378e+00
1.7273652119e-04 1.4609249499e+04 1.5707963268e+00 -2.2356457124e+00
1.7295813230e-04 1.4613067719e+04 1.5707963268e+00 -2.2384655160e+00
1.7317965390e-04 1.4616896313e+04 1.5707963268e+00 -2.2412838456e+00
1.7340108587e-04 1.4620735302e+04 1.5707963268e+00 -2.2441006984e+00
1.7362242808e-04 1.4624584704e+04 1.5707963268e+00 -2.2469160716e+00
1.7384368041e-04 1.4628444539e+04 1.5707963268e+00 -2.2497299623e+00
1.7406484274e-04 1.4632314827e+04 1.5707963268e+00 -2.2525423677e+00
1.7428591494e-04 1.4636195586e+04 1.5707963268e+00 -2.2553532849e+00
1.7450689689e-04 1.4640086837e+04 1.5707963268e+00 -2.2581627110e+00
1.7472778848e-04 1.4643988600e+04 1.5707963268e+00 -2.2609706434e+00
1.7494858957e-04 1.4647900893e+04 1.5707963268e+00 -2.2637770790e+00
1.7516930004e-04 1.4651823736e+04 1.5707963268e+00 -2.2665820151e+00
1.7538991978e-04 1.4655757148e+04 1.5707963268e+00 -2.2693854488e+00
1.7561044866e-04 1.4659701150e+04 1.5707963268e+00 -2.2721873773e+00
1.7583088657e-04 1.4663655761e+04 1.5707963268e+00 -2.2749877978e+00
1.7605123338e-04 1.4667620999e+04 1.5707963268e+00 -2.2777867073e+00
1.7627148897e-04 1.4671596886e+04 1.5707963268e+00 -2.2805841032e+00
1.7649165322e-04 1.4675583439e+04 1.5707963268e+00 -2.2833799825e+00
1.7671172601e-04 1.4679580680e+04 1.5707963268e+00 -2.2861743424e+00
1.7693170723e-04 1.4683588626e+04 1.5707963268e+00 -2.2889671800e+00
1.7715159675e-04 1.4687607299e+04 1.5707963268e+00 -2.2917584927e+00
1.7737139446e-04 1.4691636717e+04 1.5707963268e+00 -2.2945482774e+00
1.7759110023e-04 1.4695676899e+04 1.5707963268e+00 -2.2973365315e+00
1.7781071396e-04 1.4699727866e+04 1.5707963268e+00 -2.3001232520e+00
1.7803023551e-04 1.4703789637e+04 1.5707963268e+00 -2.3029084361e+00
1.7824966478e-04 1.4707862232e+04 1.5707963268e+00 -2.3056920811e+00
1.7846900165e-04 1.4711945669e+04 1.5707963268e+00 -2.3084741841e+00
1.7868824600e-04 1.4716039969e+04 1.5707963268e+00 -2.3112547422e+00
1.7890739771e-04 1.4720145151e+04 1.5707963268e+00 -2.3140337527e+00
1.7912645667e-04 1.4724261234e+04 1.5707963268e+00 -2.3168112128e+00
1.7934542276e-04 1.4728388238e+04 1.5707963268e+00 -2.3195871195e+00
1.7956429587e-04 1.4732526183e+04 1.5707963268e+00 -2.3223614702e+00
1.7978307588e-04 1.4736675088e+04 1.5707963268e+00 -2.3251342619e+00
1.8000176267e-04 1.4740834972e+04 1.5707963268e+00 -2.3279054920e+00
1.8022035614e-04 1.4745005856e+04 1.5707963268e+00 -2.3306751574e+00
1.8043885617e-04 1.4749187758e+04 1.5707963268e+00 -2.3334432556e+00
1.8065726264e-04 1.4753380698e+04 1.5707963268e+00 -2.3362097836e+00
1.8087557544e-04 1.4757584696e+04 1.5707963268e+00 -2.3389747387e+00
1.8109379445e-04 1.4761799770e+04 1.5707963268e+00 -2.3417381180e+00
1.8131191958e-04 1.4766025942e+04 1.5707963268e+00 -2.3444999187e+00
1.8152995069e-04 1.4770263229e+04 1.5707963268e+00 -2.3472601381e+00
1.8174788768e-04 1.4774511652e+04 1.5707963268e+00 -2.3500187733e+00
1.8196573044e-04 1.4778771230e+04 1.5707963268e+00 -2.3527758216e+00
1.8218347886e-04 1.4783041982e+04 1.5707963268e+00 -2.3555312801e+00
1.8240113282e-04 1.4787323928e+04 1.5707963268e+00 -2.3582851461e+00
1.8261869222e-04 1.4791617088e+04 1.5707963268e+00 -2.3610374168e+00
1.8283615694e-04 1.4795921480e+04 1.5707963268e+00 -2.3637880893e+00
1.8305352688e-04 1.4800237125e+04 1.5707963268e+00 -2.3665371610e+00
1.8327080192e-04 1.4804564041e+04 1.5707963268e+00 -2.3692846289e+00
1.8348798195e-04 1.4808902249e+04 1.5707963268e+00 -2.3720304904e+00
1.8370506687e-04 1.4813251767e+04 1.5707963268e+00 -2.3747747427e+00
1.8392205657e-04 1.4817612615e+04 1.5707963268e+00 -2.3775173829e+00
1.8413895093e-04 1.4821984813e+04 1.5707963268e+00 -2.3802584083e+00
1.8435574986e-04 1.4826368379e+04 1.5707963268e+00 -2.3829978161e+00
1.8457245324e-04 1.4830763334e+04 1.5707963268e+00 -2.3857356036e+00
1.8478906096e-04 1.4835169696e+04 1.5707963268e+00 -2.3884717680e+00
1.8500557293e-04 1.4839587486e+04 1.5707963268e+00 -2.3912063064e+00
1.8522198903e-04 1.4844016722e+04 1.5707963268e+00 -2.3939392163e+00
1.8543830915e-04 1.4848457423e+04 1.5707963268e+00 -2.3966704947e+00
1.8565453319e-04 1.4852909610e+04 1.5707963268e+00 -2.3994001390e+00
1.8587066105e-04 1.4857373302e+04 1.5707963268e+00 -2.4021281463e+00
1.8608669262e-04 1.4861848517e+04 1.5707963268e+00 -2.4048545140e+00
1.8630262779e-04 1.4866335275e+04 1.5707963268e+00 -2.4075792393e+00
1.8651846647e-04 1.4870833596e+04 1.5707963268e+00 -2.4103023193e+00
1.8673420854e-04 1.4875343499e+04 1.5707963268e+00 -2.4130237515e+00
1.8694985391e-04 1.4879865003e+04 1.5707963268e+00 -2.4157435329e+00
1.8716540246e-04 1.4884398128e+04 1.5707963268e+00 -2.4184616610e+00
1.8738085411e-04 1.4888942892e+04 1.5707963268e+00 -2.4211781329e+00
1.8759620874e-04 1.4893499315e+04 1.5707963268e+00 -2.4238929460e+00
1.8781146625e-04 1.4898067417e+04 1.5707963268e+00 -2.4266060974e+00
1.8802662654e-04 1.4902647216e+04 1.5707963268e+00 -2.4293175845e+00
1.8824168952e-04 1.4907238732e+04 1.5707963268e+00 -2.4320274045e+00
1.8845665507e-04 1.4911841984e+04 1.5707963268e+00 -2.4347355547e+00
1.8867152311e-04 1.4916456991e+04 1.5707963268e+00 -2.4374420324e+00
1.8888629352e-04 1.4921083773e+04 1.5707963268e+00 -2.4401468349e+00
1.8910096621e-04 1.4925722348e+04 1.5707963268e+00 -2.4428499594e+00
1.8931554108e-04 1.4930372737e+04 1.5707963268e+00 -2.4455514033e+00
1.8953001803e-04 1.4935034957e+04 1.5707963268e+00 -2.4482511638e+00
1.8974439697e-04 1.4939709029e+04 1.5707963268e+00 -2.4509492382e+00
1.8995867778e-04 1.4944394971e+04 1.5707963268e+00 -2.4536456238e+00
1.9017286039e-04 1.4949092802e+04 1.5707963268e+00 -2.4563403180e+00
1.9038694469e-04 1.4953802542e+04 1.5707963268e+00 -2.4590333179e+00
1.9060093057e-04 1.4958524210e+04 1.5707963268e+00 -2.4617246210e+00
1.9081481796e-04 1.4963257824e+04 1.5707963268e+00 -2.4644142246e+00
1.9102860674e-04 1.4968003405e+04 1.5707963268e+00 -2.4671021259e+00
1.9124229683e-04 1.4972760970e+04 1.5707963268e+00 -2.4697883222e+00
1.9145588812e-04 1.4977530540e+04 1.5707963268e+00 -2.4724728110e+00
1.9166938053e-04 1.4982312132e+04 1.5707963268e+00 -2.4751555895e+00
1.9188277396e-04 1.4987105767e+04 1.5707963268e+00 -2.4778366550e+00
1.9209606832e-04 1.4991911463e+04 1.5707963268e+00 -2.4805160049e+00
1.9230926350e-04 1.4996729238e+04 1.5707963268e+00 -2.4831936365e+00
1.9252235943e-04 1.5001559113e+04 1.5707963268e+00 -2.4858695471e+00
1.9273535600e-04 1.5006401106e+04 1.5707963268e+00 -2.4885437341e+00
1.9294825313e-04 1.5011255236e+04 1.5707963268e+00 -2.4912161948e+00
1.9316105071e-04 1.5016121521e+04 1.5707963268e+00 -2.4938869267e+00
1.9337374867e-04 1.5020999982e+04 1.5707963268e+00 -2.4965559269e+00
1.9358634690e-04 1.5025890636e+04 1.5707963268e+00 -2.4992231929e+00
1.9379884533e-04 1.5030793502e+04 1.5707963268e+00 -2.5018887221e+00
1.9401124385e-04 1.5035708601e+04 1.5707963268e+00 -2.5045525117e+00
1.9422354238e-04 1.5040635949e+04 1.5707963268e+00 -2.5072145593e+00
1.9443574083e-04 1.5045575566e+04 1.5707963268e+00 -2.5098748621e+00
1.9464783910e-04 1.5050527471e+04 1.5707963268e+00 -2.5125334175e+00
1.9485983712e-04 1.5055491683e+04 1.5707963268e+00 -2.5151902229e+00
1.9507173479e-04 1.5060468221e+04 1.5707963268e+00 -2.5178452756e+00
1.9528353203e-04 1.5065457102e+04 1.5707963268e+00 -2.5204985732e+00
1.9549522874e-04 1.5070458346e+04 1.5707963268e+00 -2.5231501129e+00
1.9570682484e-04 1.5075471972e+04 1.5707963268e+00 -2.5257998921e+00
1.9591832025e-04 1.5080497999e+04 1.5707963268e+00 -2.5284479083e+00
1.9612971488e-04 1.5085536444e+04 1.5707963268e+00 -2.5310941588e+00
1.9634100864e-04 1.5090587327e+04 1.5707963268e+00 -2.5337386411e+00
1.9655220145e-04 1.5095650666e+04 1.5707963268e+00 -2.5363813526e+00
1.9676329322e-04 1.5100726480e+04 1.5707963268e+00 -2.5390222906e+00
1.9697428387e-04 1.5105814787e+04 1.5707963268e+00 -2.5416614527e+00
1.9718517332e-04 1.5110915606e+04 1.5707963268e+00 -2.5442988362e+00
1.9739596148e-04 1.5116028956e+04 1.5707963268e+00 -2.5469344385e+00
1.9760664827e-04 1.5121154855e+04 1.5707963268e+00 -2.5495682571e+00
1.9781723360e-04 1.5126293322e+04 1.5707963268e+00 -2.5522002895e+00
1.9802771740e-04 1.5131444374e+04 1.5707963268e+00 -2.5548305330e+00
1.9823809958e-04 1.5136608031e+04 1.5707963268e+00 -2.5574589851e+00
1.9844838006e-04 1.5141784311e+04 1.5707963268e+00 -2.5600856433e+00
1.9865855877e-04 1.5146973233e+04 1.5707963268e+00 -2.5627105050e+00
1.9886863562e-04 1.5152174814e+04 1.5707963268e+00 -2.5653335677e+00
1.9907861052e-04 1.5157389073e+04 1.5707963268e+00 -2.5679548289e+00
1.9928848342e-04 1.5162616028e+04 1.5707963268e+00 -2.5705742859e+00
1.9949825421e-04 1.5167855698e+04 1.5707963268e+00 -2.5731919363e+00
1.9970792283e-04 1.5173108102e+04 1.5707963268e+00 -2.5758077776e+00
1.9991748919e-04 1.5178373256e+04 1.5707963268e+00 -2.5784218073e+00
2.0012695323e-04 1.5183651180e+04 1.5707963268e+00 -2.5810340227e+00
2.0033631486e-04 1.5188941892e+04 1.5707963268e+00 -2.5836444215e+00
2.0054557400e-04 1.5194245410e+04 1.5707963268e+00 -2.5862530011e+00
2.0075473059e-04 1.5199561752e+04 1.5707963268e+00 -2.5888597591e+00
2.0096378454e-04 1.5204890936e+04 1.5707963268e+00 -2.5914646929e+00
2.0117273578e-04 1.5210232981e+04 1.5707963268e+00 -2.5940678000e+00
2.0138158423e-04 1.5215587904e+04 1.5707963268e+00 -2.5966690780e+00
2.0159032983e-04 1.5220955724e+04 1.5707963268e+00 -2.5992685244e+00
2.0179897249e-04 1.5226336458e+04 1.5707963268e+00 -2.6018661367e+00
2.0200751214e-04 1.5231730125e+04 1.5707963268e+00 -2.6044619124e+00
2.0221594872e-04 1.5237136742e+04 1.5707963268e+00 -2.6070558491e+00
2.0242428214e-04 1.5242556328e+04 1.5707963268e+00 -2.6096479443e+00
2.0263251234e-04 1.5247988900e+04 1.5707963268e+00 -2.6122381957e+00
2.0284063925e-04 1.5253434477e+04 1.5707963268e+00 -2.6148266006e+00
2.0304866279e-04 1.5258893076e+04 1.5707963268e+00 -2.6174131567e+00
2.0325658289e-04 1.5264364715e+04 1.5707963268e+00 -2.6199978616e+00
2.0346439949e-04 1.5269849412e+04 1.5707963268e+00 -2.6225807128e+00
2.0367211251e-04 1.5275347184e+04 1.5707963268e+00 -2.6251617079e+00
2.0387972189e-04 1.5280858050e+04 1.5707963268e+00 -2.6277408444e+00
2.0408722755e-04 1.5286382027e+04 1.5707963268e+00 -2.6303181200e+00
2.0429462943e-04 1.5291919133e+04 1.5707963268e+00 -2.6328935323e+00
2.0450192747e-04 1.5297469386e+04 1.5707963268e+00 -2.6354670788e+00
2.0470912158e-04 1.5303032802e+04 1.5707963268e+00 -2.6380387571e+00
2.0491621172e-04 1.5308609401e+04 1.5707963268e+00 -2.6406085649e+00
2.0512319781e-04 1.5314199199e+04 1.5707963268e+00 -2.6431764998e+00
2.0533007978e-04 1.5319802214e+04 1.5707963268e+00 -2.6457425594e+00
2.0553685757e-04 1.5325418463e+04 1.5707963268e+00 -2.6483067412e+00
2.0574353112e-04 1.5331047964e+04 1.5707963268e+00 -2.6508690430e+00
2.0595010036e-04 1.5336690734e+04 1.5707963268e+00 -2.6534294624e+00
2.0615656523e-04 1.5342346792e+04 1.5707963268e+00 -2.6559879970e+00
2.0636292566e-04 1.5348016153e+04 1.5707963268e+00 -2.6585446444e+00
2.0656918160e-04 1.5353698836e+04 1.5707963268e+00 -2.6610994024e+00
2.0677533297e-04 1.5359394858e+04 1.5707963268e+00 -2.6636522685e+00
2.0698137973e-04 1.5365104236e+04 1.5707963268e+00 -2.6662032405e+00
2.0718732179e-04 1.5370826988e+04 1.5707963268e+00 -2.6687523160e+00
2.0739315912e-04 1.5376563130e+04 1.5707963268e+00 -2.6712994927e+00
2.0759889164e-04 1.5382312680e+04 1.5707963268e+00 -2.6738447682e+00
2.0780451930e-04 1.5388075655e+04 1.5707963268e+00 -2.6763881403e+00
2.0801004203e-04 1.5393852073e+04 1.5707963268e+00 -2.6789296067e+00
2.0821545978e-04 1.5399641949e+04 1.5707963268e+00 -2.6814691650e+00
2.0842077249e-04 1.5405445302e+04 1.5707963268e+00 -2.6840068130e+00
2.0862598010e-04 1.5411262148e+04 1.5707963268e+00 -2.6865425484e+00
2.0883108256e-04 1.5417092505e+04 1.5707963268e+00 -2.6890763688e+00
2.0903607981e-04 1.5422936389e+04 1.5707963268e+00 -2.6916082721e+00
2.0924097178e-04 1.5428793817e+04 1.5707963268e+00 -2.6941382559e+00
2.0944575843e-04 1.5434664806e+04 1.5707963268e+00 -2.6966663180e+00
2.0965043970e-04 1.5440549373e+04 1.5707963268e+00 -2.6991924562e+00
2.0985501554e-04 1.5446447535e+04 1.5707963268e+00 -2.7017166681e+00
2.1005948588e-04 1.5452359308e+04 1.5707963268e+00 -2.7042389516e+00
2.1026385069e-04 1.5458284710e+04 1.5707963268e+00 -2.7067593044e+00
2.1046810989e-04 1.5464223757e+04 1.5707963268e+00 -2.7092777243e+00
2.1067226345e-04 1.5470176465e+04 1.5707963268e+00 -2.7117942090e+00
2.1087631131e-04 1.5476142852e+04 1.5707963268e+00 -2.7143087563e+00
2.1108025341e-04 1.5482122933e+04 1.5707963268e+00 -2.7168213641e+00
2.1128408971e-04 1.5488116726e+04 1.5707963268e+00 -2.7193320301e+00
2.1148782015e-04 1.5494124247e+04 1.5707963268e+00 -2.7218407522e+00
2.1169144469e-04 1.5500145513e+04 1.5707963268e+00 -2.7243475281e+00
2.1189496327e-04 1.5506180539e+04 1.5707963268e+00 -2.7268523556e+00
2.1209837585e-04 1.5512229342e+04 1.5707963268e+00 -2.7293552326e+00
2.1230168237e-04 1.5518291940e+04 1.5707963268e+00 -2.7318561569e+00
2.1250488279e-04 1.5524368347e+04 1.5707963268e+00 -2.7343551264e+00
2.1270797707e-04 1.5530458580e+04 1.5707963268e+00 -2.7368521388e+00
2.1291096514e-04 1.5536562656e+04 1.5707963268e+00 -2.7393471921e+00
2.1311384697e-04 1.5542680591e+04 1.5707963268e+00 -2.7418402841e+00
2.1331662251e-04 1.5548812401e+04 1.5707963268e+00 -2.7443314126e+00
2.1351929172e-04 1.5554958101e+04 1.5707963268e+00 -2.7468205755e+00
2.1372185454e-04 1.5561117709e+04 1.5707963268e+00 -2.7493077708e+00
2.1392431094e-04 1.5567291240e+04 1.5707963268e+00 -2.7517929963e+00
2.1412666087e-04 1.5573478710e+04 1.5707963268e+00 -2.7542762498e+00
2.1432890428e-04 1.5579680135e+04 1.5707963268e+00 -2.7567575293e+00
2.1453104114e-04 1.5585895532e+04 1.5707963268e+00 -2.7592368327e+00
2.1473307140e-04 1.5592124915e+04 1.5707963268e+00 -2.7617141579e+00
2.1493499501e-04 1.5598368301e+04 1.5707963268e+00 -2.7641895029e+00
2.1513681195e-04 1.5604625706e+04 1.5707963268e+00 -2.7666628654e+00
2.1533852215e-04 1.5610897145e+04 1.5707963268e+00 -2.7691342436e+00
2.1554012560e-04 1.5617182634e+04 1.5707963268e+00 -2.7716036353e+00
2.1574162223e-04 1.5623482188e+04 1.5707963268e+00 -2.7740710385e+00
2.1594301203e-04 1.5629795824e+04 1.5707963268e+00 -2.7765364510e+00
2.1614429494e-04 1.5636123558e+04 1.5707963268e+00 -2.7789998710e+00
2.1634547092e-04 1.5642465403e+04 1.5707963268e+00 -2.7814612964e+00
2.1654653995e-04 1.5648821377e+04 1.5707963268e+00 -2.7839207251e+00
2.1674750197e-04 1.5655191494e+04 1.5707963268e+00 -2.7863781551e+00
2.1694835697e-04 1.5661575770e+04 1.5707963268e+00 -2.7888335845e+00
2.1714910488e-04 1.5667974220e+04 1.5707963268e+00 -2.7912870111e+00
2.1734974570e-04 1.5674386860e+04 1.5707963268e+00 -2.7937384331e+00
2.1755027936e-04 1.5680813704e+04 1.5707963268e+00 -2.7961878485e+00
2.1775070585e-04 1.5687254769e+04 1.5707963268e+00 -2.7986352552e+00
2.1795102513e-04 1.5693710069e+04 1.5707963268e+00 -2.8010806514e+00
2.1815123716e-04 1.5700179619e+04 1.5707963268e+00 -2.8035240349e+00
2.1835134191e-04 1.5706663435e+04 1.5707963268e+00 -2.8059654040e+00
2.1855133935e-04 1.5713161532e+04 1.5707963268e+00 -2.8084047566e+00
2.1875122944e-04 1.5719673924e+04 1.5707963268e+00 -2.8108420908e+00
2.1895101215e-04 1.5726200626e+04 1.5707963268e+00 -2.8132774046e+00
2.1915068746e-04 1.5732741655e+04 1.5707963268e+00 -2.8157106963e+00
2.1935025532e-04 1.5739297023e+04 1.5707963268e+00 -2.8181419637e+00
2.1954971572e-04 1.5745866747e+04 1.5707963268e+00 -2.8205712051e+00
2.1974906861e-04 1.5752450840e+04 1.5707963268e+00 -2.8229984185e+00
2.1994831398e-04 1.5759049318e+04 1.5707963268e+00 -2.8254236020e+00
2.2014745179e-04 1.5765662196e+04 1.5707963268e+00 -2.8278467538e+00
2.2034648201e-04 1.5772289488e+04 1.5707963268e+00 -2.8302678720e+00
2.2054540462e-04 1.5778931208e+04 1.5707963268e+00 -2.8326869546e+00
2.2074421958e-04 1.5785587371e+04 1.5707963268e+00 -2.8351039999e+00
2.2094292688e-04 1.5792257992e+04 1.5707963268e+00 -2.8375190060e+00
2.2114152649e-04 1.5798943085e+04 1.5707963268e+00 -2.8399319711e+00
2.2134001837e-04 1.5805642664e+04 1.5707963268e+00 -2.8423428933e+00
2.2153840251e-04 1.5812356744e+04 1.5707963268e+00 -2.8447517707e+00
2.2173667888e-04 1.5819085340e+04 1.5707963268e+00 -2.8471586016e+00
2.2193484746e-04 1.5825828464e+04 1.5707963268e+00 -2.8495633842e+00
2.2213290821e-04 1.5832586132e+04 1.5707963268e+00 -2.8519661166e+00
2.2233086113e-04 1.5839358358e+04 1.5707963268e+00 -2.8543667971e+00
2.2252870619e-04 1.5846145156e+04 1.5707963268e+00 -2.8567654238e+00
2.2272644336e-04 1.5852946539e+04 1.5707963268e+00 -2.8591619951e+00
2.2292407262e-04 1.5859762523e+04 1.5707963268e+00 -2.8615565090e+00
2.2312159396e-04 1.5866593120e+04 1.5707963268e+00 -2.8639489639e+00
2.2331900734e-04 1.5873438345e+04 1.5707963268e+00 -2.8663393580e+00
2.2351631276e-04 1.5880298211e+04 1.5707963268e+00 -2.8687276896e+00
2.2371351019e-04 1.5887172733e+04 1.5707963268e+00 -2.8711139569e+00
2.2391059962e-04 1.5894061924e+04 1.5707963268e+00 -2.8734981581e+00
2.2410758102e-04 1.5900965797e+04 1.5707963268e+00 -2.8758802917e+00
2.2430445437e-04 1.5907884367e+04 1.5707963268e+00 -2.8782603558e+00
2.2450121967e-04 1.5914817647e+04 1.5707963268e+00 -2.8806383487e+00
2.2469787689e-04 1.5921765651e+04 1.5707963268e+00 -2.8830142688e+00
2.2489442601e-04 1.5928728392e+04 1.5707963268e+00 -2.8853881143e+00
2.2509086703e-04 1.5935705883e+04 1.5707963268e+00 -2.8877598837e+00
2.2528719992e-04 1.5942698138e+04 1.5707963268e+00 -2.8901295751e+00
2.2548342467e-04 1.5949705170e+04 1.5707963268e+00 -2.8924971871e+00
2.2567954126e-04 1.5956726993e+04 1.5707963268e+00 -2.8948627178e+00
2.2587554969e-04 1.5963763619e+04 1.5707963268e+00 -2.8972261657e+00
2.2607144994e-04 1.5970815063e+04 1.5707963268e+00 -2.8995875291e+00
2.2626724199e-04 1.5977881336e+04 1.5707963268e+00 -2.9019468064e+00
2.2646292584e-04 1.5984962453e+04 1.5707963268e+00 -2.9043039960e+00
2.2665850146e-04 1.5992058425e+04 1.5707963268e+00 -2.9066590963e+00
2.2685396886e-04 1.5999169267e+04 1.5707963268e+00 -2.9090121056e+00
2.2704932802e-04 1.6006294990e+04 1.5707963268e+00 -2.9113630224e+00
2.2724457893e-04 1.6013435608e+04 1.5707963268e+00 -2.9137118451e+00
2.2743972158e-04 1.6020591134e+04 1.5707963268e+00 -2.9160585721e+00
2.2763475596e-04 1.6027761581e+04 1.5707963268e+00 -2.9184032019e+00
2.2782968206e-04 1.6034946960e+04 1.5707963268e+00 -2.9207457329e+00
2.2802449988e-04 1.6042147285e+04 1.5707963268e+00 -2.9230861635e+00
2.2821920940e-04 1.6049362568e+04 1.5707963268e+00 -2.9254244922e+00
2.2841381062e-04 1.6056592822e+04 1.5707963268e+00 -2.9277607175e+00
2.2860830354e-04 1.6063838059e+04 1.5707963268e+00 -2.9300948379e+00
2.2880268814e-04 1.6071098292e+04 1.5707963268e+00 -2.9324268518e+00
2.2899696442e-04 1.6078373533e+04 1.5707963268e+00 -2.9347567577e+00
2.2919113238e-04 1.6085663794e+04 1.5707963268e+00 -2.9370845542e+00
2.2938519201e-04 1.6092969088e+04 1.5707963268e+00 -2.9394102397e+00
2.2957914331e-04 1.6100289426e+04 1.5707963268e+00 -2.9417338129e+00
2.2977298627e-04 1.6107624821e+04 1.5707963268e+00 -2.9440552721e+00
2.2996672089e-04 1.6114975285e+04 1.5707963268e+00 -2.9463746160e+00
2.3016034717e-04 1.6122340830e+04 1.5707963268e+00 -2.9486918431e+00
2.3035386510e-04 1.6129721468e+04 1.5707963268e+00 -2.9510069520e+00
2.3054727469e-04 1.6137117211e+04 1.5707963268e+00 -2.9533199412e+00
2.3074057593e-04 1.6144528071e+04 1.5707963268e+00 -2.9556308093e+00
2.3093376883e-04 1.6151954059e+04 1.5707963268e+00 -2.9579395550e+00
2.3112685338e-04 1.6159395187e+04 1.5707963268e+00 -2.9602461767e+00
2.3131982958e-04 1.6166851467e+04 1.5707963268e+00 -2.9625506731e+00
2.3151269744e-04 1.6174322910e+04 1.5707963268e+00 -2.9648530428e+00
2.3170545695e-04 1.6181809529e+04 1.5707963268e+00 -2.9671532845e+00
2.3189810812e-04 1.6189311334e+04 1.5707963268e+00 -2.9694513967e+00
2.3209065094e-04 1.6196828337e+04 1.5707963268e+00 -2.9717473782e+00
2.3228308544e-04 1.6204360549e+04 1.5707963268e+00 -2.9740412275e+00
2.3247541160e-04 1.6211907982e+04 1.5707963268e+00 -2.9763329434e+00
2.3266762943e-04 1.6219470647e+04 1.5707963268e+00 -2.9786225244e+00
2.3285973893e-04 1.6227048556e+04 1.5707963268e+00 -2.9809099693e+00
2.3305174012e-04 1.6234641718e+04 1.5707963268e+00 -2.9831952768e+00
2.3324363299e-04 1.6242250146e+04 1.5707963268e+00 -2.9854784456e+00
2.3343541755e-04 1.6249873850e+04 1.5707963268e+00 -2.9877594743e+00
2.3362709381e-04 1.6257512842e+04 1.5707963268e+00 -2.9900383617e+00
2.3381866178e-04 1.6265167132e+04 1.5707963268e+00 -2.9923151065e+00
2.3401012145e-04 1.6272836731e+04 1.5707963268e+00 -2.9945897074e+00
2.3420147285e-04 1.6280521650e+04 1.5707963268e+00 -2.9968621633e+00
2.3439271598e-04 1.6288221900e+04 1.5707963268e+00 -2.9991324727e+00
2.3458385084e-04 1.6295937491e+04 1.5707963268e+00 -3.0014006346e+00
2.3477487746e-04 1.6303668434e+04 1.5707963268e+00 -3.0036666477e+00
2.3496579583e-04 1.6311414740e+04 1.5707963268e+00 -3.0059305108e+00
2.3515660597e-04 1.6319176419e+04 1.5707963268e+00 -3.0081922226e+00
2.3534730788e-04 1.6326953481e+04 1.5707963268e+00 -3.0104517819e+00
2.3553790159e-04 1.6334745937e+04 1.5707963268e+00 -3.0127091877e+00
2.3572838710e-04 1.6342553797e+04 1.5707963268e+00 -3.0149644386e+00
2.3591876442e-04 1.6350377071e+04 1.5707963268e+00 -3.0172175335e+00
2.3610903357e-04 1.6358215770e+04 1.5707963268e+00 -3.0194684713e+00
2.3629919456e-04 1.6366069903e+04 1.5707963268e+00 -3.0217172508e+00
2.3648924741e-04 1.6373939482e+04 1.5707963268e+00 -3.0239638709e+00
2.3667919212e-04 1.6381824515e+04 1.5707963268e+00 -3.0262083305e+00
2.3686902872e-04 1.6389725013e+04 1.5707963268e+00 -3.0284506283e+00
2.3705875722e-04 1.6397640985e+04 1.5707963268e+00 -3.0306907633e+00
2.3724837763e-04 1.6405572441e+04 1.5707963268e+00 -3.0329287345e+00
2.3743788998e-04 1.6413519392e+04 1.5707963268e+00 -3.0351645406e+00
2.3762729427e-04 1.6421481847e+04 1.5707963268e+00 -3.0373981807e+00
2.3781659052e-04 1.6429459815e+04 1.5707963268e+00 -3.0396296536e+00
2.3800577876e-04 1.6437453306e+04 1.5707963268e+00 -3.0418589584e+00
2.3819485900e-04 1.6445462330e+04 1.5707963268e+00 -3.0440860938e+00
2.3838383126e-04 1.6453486895e+04 1.5707963268e+00 -3.0463110590e+00
2.3857269556e-04 1.6461527012e+04 1.5707963268e+00 -3.0485338528e+00
2.3876145192e-04 1.6469582689e+04 1.5707963268e+00 -3.0507544742e+00
2.3895010035e-04 1.6477653937e+04 1.5707963268e+00 -3.0529729223e+00
2.3913864089e-04 1.6485740763e+04 1.5707963268e+00 -3.0551891959e+00
2.3932707355e-04 1.6493843178e+04 1.5707963268e+00 -3.0574032942e+00
2.3951539834e-04 1.6501961190e+04 1.5707963268e+00 -3.0596152161e+00
2.3970361530e-04 1.6510094809e+04 1.5707963268e+00 -3.0618249607e+00
2.3989172445e-04 1.6518244042e+04 1.5707963268e+00 -3.0640325269e+00
2.4007972581e-04 1.6526408900e+04 1.5707963268e+00 -3.0662379139e+00
2.4026761940e-04 1.6534589390e+04 1.5707963268e+00 -3.0684411206e+00
2.4045540524e-04 1.6542785523e+04 1.5707963268e+00 -3.0706421462e+00
2.4064308337e-04 1.6550997305e+04 1.5707963268e+00 -3.0728409898e+00
2.4083065380e-04 1.6559224747e+04 1.5707963268e+00 -3.0750376503e+00
2.4101811657e-04 1.6567467856e+04 1.5707963268e+00 -3.0772321269e+00
2.4120547169e-04 1.6575726641e+04 1.5707963268e+00 -3.0794244187e+00
2.4139271919e-04 1.6584001110e+04 1.5707963268e+00 -3.0816145249e+00
2.4157985910e-04 1.6592291273e+04 1.5707963268e+00 -3.0838024444e+00
2.4176689145e-04 1.6600597136e+04 1.5707963268e+00 -3.0859881766e+00
2.4195381627e-04 1.6608918709e+04 1.5707963268e+00 -3.0881717204e+00
2.4214063358e-04 1.6617255999e+04 1.5707963268e+00 -3.0903530751e+00
2.4232734340e-04 1.6625609015e+04 1.5707963268e+00 -3.0925322398e+00
2.4251394578e-04 1.6633977764e+04 1.5707963268e+00 -3.0947092138e+00
2.4270044074e-04 1.6642362255e+04 1.5707963268e+00 -3.0968839961e+00
2.4288682831e-04 1.6650762496e+04 1.5707963268e+00 -3.0990565859e+00
2.4307310851e-04 1.6659178493e+04 1.5707963268e+00 -3.1012269825e+00
2.4325928139e-04 1.6667610256e+04 1.5707963268e+00 -3.1033951851e+00
2.4344534697e-04 1.6676057792e+04 1.5707963268e+00 -3.1055611929e+00
2.4363130528e-04 1.6684521109e+04 1.5707963268e+00 -3.1077250052e+00
2.4381715636e-04 1.6693000213e+04 1.5707963268e+00 -3.1098866211e+00
2.4400290023e-04 1.6701495113e+04 1.5707963268e+00 -3.1120460399e+00
2.4418853694e-04 1.6710005816e+04 1.5707963268e+00 -3.1142032610e+00
2.4437406651e-04 1.6718532330e+04 1.5707963268e+00 -3.1163582835e+00
2.4455948898e-04 1.6727074661e+04 1.5707963268e+00 -3.1185111067e+00
2.4474480438e-04 1.6735632818e+04 1.5707963268e+00 -3.1206617299e+00
2.4493001276e-04 1.6744206806e+04 1.5707963268e+00 -3.1228101525e+00
2.4511511413e-04 1.6752796634e+04 1.5707963268e+00 -3.1249563738e+00
2.4530010854e-04 1.6761402308e+04 1.5707963268e+00 -3.1271003929e+00
2.4548499603e-04 1.6770023836e+04 1.5707963268e+00 -3.1292422094e+00
2.4566977663e-04 1.6778661224e+04 1.5707963268e+00 -3.1313818226e+00
2.4585445038e-04 1.6787314479e+04 1.5707963268e+00 -3.1335192317e+00
2.4603901731e-04 1.6795983608e+04 1.5707963268e+00 -3.1356544361e+00
2.4622347747e-04 1.6804668618e+04 1.5707963268e+00 -3.1377874353e+00
2.4640783089e-04 1.6813369515e+04 1.5707963268e+00 -3.1399182286e+00
2.4659207761e-04 1.6822086306e+04 1.5707963268e+00 -3.1420468154e+00
2.4677621767e-04 1.6830818997e+04 1.5707963268e+00 -3.1441731951e+00
2.4696025112e-04 1.6839567595e+04 1.5707963268e+00 -3.1462973670e+00
2.4714417798e-04 1.6848332107e+04 1.5707963268e+00 -3.1484193307e+00
2.4732799830e-04 1.6857112539e+04 1.5707963268e+00 -3.1505390856e+00
2.4751171212e-04 1.6865908896e+04 1.5707963268e+00 -3.1526566311e+00
2.4769531949e-04 1.6874721185e+04 1.5707963268e+00 -3.1547719666e+00
2.4787882044e-04 1.6883549413e+04 1.5707963268e+00 -3.1568850916e+00
2.4806221502e-04 1.6892393585e+04 1.5707963268e+00 -3.1589960056e+00
2.4824550327e-04 1.6901253707e+04 1.5707963268e+00 -3.1611047081e+00
2.4842868523e-04 1.6910129786e+04 1.5707963268e+00 -3.1632111985e+00
2.4861176094e-04 1.6919021826e+04 1.5707963268e+00 -3.1653154764e+00
2.4879473046e-04 1.6927929835e+04 1.5707963268e+00 -3.1674175412e+00
2.4897759381e-04 1.6936853817e+04 1.5707963268e+00 -3.1695173925e+00
2.4916035106e-04 1.6945793778e+04 1.5707963268e+00 -3.1716150299e+00
2.4934300224e-04 1.6954749725e+04 1.5707963268e+00 -3.1737104528e+00
2.4952554740e-04 1.6963721661e+04 1.5707963268e+00 -3.1758036609e+00
2.4970798659e-04 1.6972709594e+04 1.5707963268e+00 -3.1778946536e+00
2.4989031985e-04 1.6981713527e+04 1.5707963268e+00 -3.1799834305e+00
2.5007254722e-04 1.6990733468e+04 1.5707963268e+00 -3.1820699913e+00
2.5025466877e-04 1.6999769420e+04 1.5707963268e+00 -3.1841543355e+00
2.5043668452e-04 1.7008821389e+04 1.5707963268e+00 -3.1862364628e+00
2.5061859454e-04 1.7017889380e+04 1.5707963268e+00 -3.1883163727e+00
2.5080039886e-04 1.7026973399e+04 1.5707963268e+00 -3.1903940648e+00
2.5098209755e-04 1.7036073450e+04 1.5707963268e+00 -3.1924695388e+00
2.5116369064e-04 1.7045189538e+04 1.5707963268e+00 -3.1945427943e+00
2.5134517819e-04 1.7054321668e+04 1.5707963268e+00 -3.1966138311e+00
2.5152656024e-04 1.7063469844e+04 1.5707963268e+00 -3.1986826486e+00
2.5170783685e-04 1.7072634072e+04 1.5707963268e+00 -3.2007492467e+00
2.5188900808e-04 1.7081814357e+04 1.5707963268e+00 -3.2028136250e+00
2.5207007396e-04 1.7091010701e+04 1.5707963268e+00 -3.2048757832e+00
2.5225103455e-04 1.7100223112e+04 1.5707963268e+00 -3.2069357209e+00
2.5243188990e-04 1.7109451592e+04 1.5707963268e+00 -3.2089934380e+00
2.5261264008e-04 1.7118696146e+04 1.5707963268e+00 -3.2110489341e+00
2.5279328511e-04 1.7127956778e+04 1.5707963268e+00 -3.2131022089e+00
2.5297382507e-04 1.7137233493e+04 1.5707963268e+00 -3.2151532622e+00
2.5315426001e-04 1.7146526295e+04 1.5707963268e+00 -3.2172020938e+00
2.5333458997e-04 1.7155835188e+04 1.5707963268e+00 -3.2192487034e+00
2.5351481502e-04 1.7165160175e+04 1.5707963268e+00 -3.2212930908e+00
2.5369493520e-04 1.7174501262e+04 1.5707963268e+00 -3.2233352557e+00
2.5387495058e-04 1.7183858452e+04 1.5707963268e+00 -3.2253751980e+00
2.5405486121e-04 1.7193231748e+04 1.5707963268e+00 -3.2274129174e+00
2.5423466714e-04 1.7202621155e+04 1.5707963268e+00 -3.2294484138e+00
2.5441436843e-04 1.7212026676e+04 1.5707963268e+00 -3.2314816870e+00
2.5459396513e-04 1.7221448315e+04 1.5707963268e+00 -3.2335127368e+00
2.5477345732e-04 1.7230886075e+04 1.5707963268e+00 -3.2355415631e+00
2.5495284503e-04 1.7240339961e+04 1.5707963268e+00 -3.2375681657e+00
2.5513212833e-04 1.7249809974e+04 1.5707963268e+00 -3.2395925445e+00
2.5531130727e-04 1.7259296120e+04 1.5707963268e+00 -3.2416146993e+00
2.5549038193e-04 1.7268798400e+04 1.5707963268e+00 -3.2436346300e+00
2.5566935234e-04 1.7278316819e+04 1.5707963268e+00 -3.2456523365e+00
2.5584821858e-04 1.7287851379e+04 1.5707963268e+00 -3.2476678188e+00
2.5602698071e-04 1.7297402083e+04 1.5707963268e+00 -3.2496810766e+00
2.5620563877e-04 1.7306968936e+04 1.5707963268e+00 -3.2516921100e+00
2.5638419284e-04 1.7316551938e+04 1.5707963268e+00 -3.2537009189e+00
2.5656264297e-04 1.7326151095e+04 1.5707963268e+00 -3.2557075032e+00
2.5674098923e-04 1.7335766407e+04 1.5707963268e+00 -3.2577118629e+00
2.5691923167e-04 1.7345397879e+04 1.5707963268e+00 -3.2597139979e+00
2.5709737036e-04 1.7355045512e+04 1.5707963268e+00 -3.2617139082e+00
2.5727540536e-04 1.7364709310e+04 1.5707963268e+00 -3.2637115937e+00
2.5745333673e-04 1.7374389275e+04 1.5707963268e+00 -3.2657070545e+00
2.5763116454e-04 1.7384085409e+04 1.5707963268e+00 -3.2677002906e+00
2.5780888884e-04 1.7393797715e+04 1.5707963268e+00 -3.2696913020e+00
2.5798650970e-04 1.7403526195e+04 1.5707963268e+00 -3.2716800886e+00
2.5816402719e-04 1.7413270851e+04 1.5707963268e+00 -3.2736666505e+00
2.5834144137e-04 1.7423031687e+04 1.5707963268e+00 -3.2756509878e+00
2.5851875230e-04 1.7432808703e+04 1.5707963268e+00 -3.2776331005e+00
2.5869596006e-04 1.7442601903e+04 1.5707963268e+00 -3.2796129887e+00
2.5887306469e-04 1.7452411287e+04 1.5707963268e+00 -3.2815906523e+00
2.5905006627e-04 1.7462236858e+04 1.5707963268e+00 -3.2835660916e+00
2.5922696487e-04 1.7472078619e+04 1.5707963268e+00 -3.2855393066e+00
2.5940376055e-04 1.7481936570e+04 1.5707963268e+00 -3.2875102973e+00
2.5958045338e-04 1.7491810713e+04 1.5707963268e+00 -3.2894790639e+00
2.5975704342e-04 1.7501701051e+04 1.5707963268e+00 -3.2914456065e+00
2.5993353074e-04 1.7511607584e+04 1.5707963268e+00 -3.2934099253e+00
2.6010991541e-04 1.7521530315e+04 1.5707963268e+00 -3.2953720203e+00
2.6028619750e-04 1.7531469244e+04 1.5707963268e+00 -3.2973318918e+00
2.6046237708e-04 1.7541424374e+04 1.5707963268e+00 -3.2992895397e+00
2.6063845420e-04 1.7551395705e+04 1.5707963268e+00 -3.3012449645e+00
2.6081442895e-04 1.7561383240e+04 1.5707963268e+00 -3.3031981661e+00
2.6099030139e-04 1.7571386978e+04 1.5707963268e+00 -3.3051491448e+00
2.6116607159e-04 1.7581406922e+04 1.5707963268e+00 -3.3070979007e+00
2.6134173963e-04 1.7591443072e+04 1.5707963268e+00 -3.3090444342e+00
2.6151730556e-04 1.7601495429e+04 1.5707963268e+00 -3.3109887453e+00
2.6169276947e-04 1.7611563995e+04 1.5707963268e+00 -3.3129308343e+00
2.6186813141e-04 1.7621648770e+04 1.5707963268e+00 -3.3148707015e+00
2.6204339147e-04 1.7631749755e+04 1.5707963268e+00 -3.3168083471e+00
2.6221854972e-04 1.7641866951e+04 1.5707963268e+00 -3.3187437712e+00
2.6239360622e-04 1.7652000358e+04 1.5707963268e+00 -3.3206769743e+00
2.6256856104e-04 1.7662149978e+04 1.5707963268e+00 -3.3226079565e+00
2.6274341427e-04 1.7672315810e+04 1.5707963268e+00 -3.3245367182e+00
2.6291816597e-04 1.7682497855e+04 1.5707963268e+00 -3.3264632595e+00
2.6309281622e-04 1.7692696115e+04 1.5707963268e+00 -3.3283875809e+00
2.6326736508e-04 1.7702910588e+04 1.5707963268e+00 -3.3303096826e+00
2.6344181264e-04 1.7713141275e+04 1.5707963268e+00 -3.3322295650e+00
2.6361615897e-04 1.7723388177e+04 1.5707963268e+00 -3.3341472283e+00
2.6379040413e-04 1.7733651294e+04 1.5707963268e+00 -3.3360626729e+00
2.6396454821e-04 1.7743930625e+04 1.5707963268e+00 -3.3379758991e+00
2.6413859128e-04 1.7754226171e+04 1.5707963268e+00 -3.3398869073e+00
2.6431253341e-04 1.7764537932e+04 1.5707963268e+00 -3.3417956979e+00
2.6448637468e-04 1.7774865908e+04 1.5707963268e+00 -3.3437022712e+00
2.6466011517e-04 1.7785210099e+04 1.5707963268e+00 -3.3456066277e+00
2.6483375494e-04 1.7795570503e+04 1.5707963268e+00 -3.3475087676e+00
2.6500729409e-04 1.7805947122e+04 1.5707963268e+00 -3.3494086914e+00
2.6518073268e-04 1.7816339954e+04 1.5707963268e+00 -3.3513063995e+00
2.6535407079e-04 1.7826749000e+04 1.5707963268e+00 -3.3532018923e+00
2.6552730849e-04 1.7837174258e+04 1.5707963268e+00 -3.3550951703e+00
2.6570044587e-04 1.7847615729e+04 1.5707963268e+00 -3.3569862339e+00
2.6587348301e-04 1.7858073411e+04 1.5707963268e+00 -3.3588750835e+00
2.6604641997e-04 1.7868547304e+04 1.5707963268e+00 -3.3607617196e+00
2.6621925684e-04 1.7879037407e+04 1.5707963268e+00 -3.3626461426e+00
2.6639199369e-04 1.7889543719e+04 1.5707963268e+00 -3.3645283531e+00
2.6656463062e-04 1.7900066240e+04 1.5707963268e+00 -3.3664083514e+00
2.6673716768e-04 1.7910604969e+04 1.5707963268e+00 -3.3682861382e+00
2.6690960497e-04 1.7921159904e+04 1.5707963268e+00 -3.3701617138e+00
2.6708194256e-04 1.7931731045e+04 1.5707963268e+00 -3.3720350789e+00
2.6725418054e-04 1.7942318390e+04 1.5707963268e+00 -3.3739062338e+00
2.6742631897e-04 1.7952921938e+04 1.5707963268e+00 -3.3757751792e+00
2.6759835795e-04 1.7963541688e+04 1.5707963268e+00 -3.3776419156e+00
2.6777029755e-04 1.7974177638e+04 1.5707963268e+00 -3.3795064435e+00
2.6794213786e-04 1.7984829788e+04 1.5707963268e+00 -3.3813687635e+00
2.6811387895e-04 1.7995498135e+04 1.5707963268e+00 -3.3832288762e+00
2.6828552091e-04 1.8006182679e+04 1.5707963268e+00 -3.3850867820e+00
2.6845706381e-04 1.8016883417e+04 1.5707963268e+00 -3.3869424817e+00
2.6862850774e-04 1.8027600348e+04 1.5707963268e+00 -3.3887959757e+00
2.6879985279e-04 1.8038333471e+04 1.5707963268e+00 -3.3906472647e+00
2.6897109903e-04 1.8049082783e+04 1.5707963268e+00 -3.3924963493e+00
2.6914224655e-04 1.8059848283e+04 1.5707963268e+00 -3.3943432302e+00
2.6931329542e-04 1.8070629968e+04 1.5707963268e+00 -3.3961879078e+00
2.6948424574e-04 1.8081427837e+04 1.5707963268e+00 -3.3980303829e+00
2.6965509759e-04 1.8092241889e+04 1.5707963268e+00 -3.3998706561e+00
2.6982585104e-04 1.8103072119e+04 1.5707963268e+00 -3.4017087281e+00
2.6999650619e-04 1.8113918528e+04 1.5707963268e+00 -3.4035445995e+00
2.7016706312e-04 1.8124781112e+04 1.5707963268e+00 -3.4053782710e+00
2.7033752190e-04 1.8135659869e+04 1.5707963268e+00 -3.4072097432e+00
2.7050788264e-04 1.8146554796e+04 1.5707963268e+00 -3.4090390169e+00
2.7067814540e-04 1.8157465893e+04 1.5707963268e+00 -3.4108660927e+00
2.7084831028e-04 1.8168393155e+04 1.5707963268e+00 -3.4126909714e+00
2.7101837736e-04 1.8179336580e+04 1.5707963268e+00 -3.4145136536e+00
2.7118834673e-04 1.8190296166e+04 1.5707963268e+00 -3.4163341401e+00
2.7135821847e-04 1.8201271911e+04 1.5707963268e+00 -3.4181524316e+00
2.7152799266e-04 1.8212263811e+04 1.5707963268e+00 -3.4199685288e+00
2.7169766941e-04 1.8223271863e+04 1.5707963268e+00 -3.4217824326e+00
2.7186724878e-04 1.8234296066e+04 1.5707963268e+00 -3.4235941435e+00
2.7203673087e-04 1.8245336415e+04 1.5707963268e+00 -3.4254036625e+00
2.7220611576e-04 1.8256392909e+04 1.5707963268e+00 -3.4272109903e+00
2.7237540355e-04 1.8267465544e+04 1.5707963268e+00 -3.4290161276e+00
2.7254459431e-04 1.8278554316e+04 1.5707963268e+00 -3.4308190752e+00
2.7271368814e-04 1.8289659224e+04 1.5707963268e+00 -3.4326198340e+00
2.7288268513e-04 1.8300780263e+04 1.5707963268e+00 -3.4344184048e+00
2.7305158535e-04 1.8311917430e+04 1.5707963268e+00 -3.4362147883e+00
2.7322038891e-04 1.8323070723e+04 1.5707963268e+00 -3.4380089853e+00
2.7338909588e-04 1.8334240137e+04 1.5707963268e+00 -3.4398009968e+00
2.7355770636e-04 1.8345425670e+04 1.5707963268e+00 -3.4415908235e+00
2.7372622044e-04 1.8356627317e+04 1.5707963268e+00 -3.4433784663e+00
2.7389463820e-04 1.8367845076e+04 1.5707963268e+00 -3.4451639261e+00
2.7406295973e-04 1.8379078942e+04 1.5707963268e+00 -3.4469472036e+00
2.7423118513e-04 1.8390328912e+04 1.5707963268e+00 -3.4487282999e+00
2.7439931447e-04 1.8401594983e+04 1.5707963268e+00 -3.4505072157e+00
2.7456734786e-04 1.8412877149e+04 1.5707963268e+00 -3.4522839519e+00
2.7473528539e-04 1.8424175409e+04 1.5707963268e+00 -3.4540585095e+00
2.7490312713e-04 1.8435489757e+04 1.5707963268e+00 -3.4558308893e+00
2.7507087319e-04 1.8446820189e+04 1.5707963268e+00 -3.4576010922e+00
2.7523852365e-04 1.8458166703e+04 1.5707963268e+00 -3.4593691193e+00
2.7540607861e-04 1.8469529293e+04 1.5707963268e+00 -3.4611349713e+00
2.7557353815e-04 1.8480907955e+04 1.5707963268e+00 -3.4628986493e+00
2.7574090237e-04 1.8492302685e+04 1.5707963268e+00 -3.4646601541e+00
2.7590817135e-04 1.8503713480e+04 1.5707963268e+00 -3.4664194867e+00
2.7607534520e-04 1.8515140334e+04 1.5707963268e+00 -3.4681766482e+00
2.7624242400e-04 1.8526583243e+04 1.5707963268e+00 -3.4699316394e+00
2.7640940783e-04 1.8538042204e+04 1.5707963268e+00 -3.4716844613e+00
2.7657629681e-04 1.8549517210e+04 1.5707963268e+00 -3.4734351150e+00
2.7674309101e-04 1.8561008258e+04 1.5707963268e+00 -3.4751836013e+00
2.7690979053e-04 1.8572515344e+04 1.5707963268e+00 -3.4769299213e+00
2.7707639546e-04 1.8584038462e+04 1.5707963268e+00 -3.4786740760e+00
2.7724290590e-04 1.8595577607e+04 1.5707963268e+00 -3.4804160665e+00
2.7740932193e-04 1.8607132776e+04 1.5707963268e+00 -3.4821558937e+00
2.7757564366e-04 1.8618703963e+04 1.5707963268e+00 -3.4838935586e+00
2.7774187117e-04 1.8630291163e+04 1.5707963268e+00 -3.4856290624e+00
2.7790800456e-04 1.8641894371e+04 1.5707963268e+00 -3.4873624060e+00
2.7807404393e-04 1.8653513583e+04 1.5707963268e+00 -3.4890935905e+00
2.7823998935e-04 1.8665148793e+04 1.5707963268e+00 -3.4908226169e+00
2.7840584094e-04 1.8676799996e+04 1.5707963268e+00 -3.4925494864e+00
2.7857159878e-04 1.8688467186e+04 1.5707963268e+00 -3.4942742000e+00
2.7873726297e-04 1.8700150360e+04 1.5707963268e+00 -3.4959967587e+00
2.7890283360e-04 1.8711849511e+04 1.5707963268e+00 -3.4977171638e+00
2.7906831077e-04 1.8723564634e+04 1.5707963268e+00 -3.4994354162e+00
2.7923369457e-04 1.8735295723e+04 1.5707963268e+00 -3.5011515170e+00
2.7939898510e-04 1.8747042774e+04 1.5707963268e+00 -3.5028654675e+00
2.7956418245e-04 1.8758805780e+04 1.5707963268e+00 -3.5045772686e+00
2.7972928672e-04 1.8770584737e+04 1.5707963268e+00 -3.5062869216e+00
2.7989429800e-04 1.8782379638e+04 1.5707963268e+00 -3.5079944276e+00
2.8005921639e-04 1.8794190478e+04 1.5707963268e+00 -3.5096997876e+00
2.8022404199e-04 1.8806017251e+04 1.5707963268e+00 -3.5114030029e+00
2.8038877489e-04 1.8817859951e+04 1.5707963268e+00 -3.5131040746e+00
2.8055341518e-04 1.8829718572e+04 1.5707963268e+00 -3.5148030039e+00
2.8071796296e-04 1.8841593109e+04 1.5707963268e+00 -3.5164997919e+00
2.8088241834e-04 1.8853483556e+04 1.5707963268e+00 -3.5181944399e+00
2.8104678139e-04 1.8865389906e+04 1.5707963268e+00 -3.5198869489e+00
2.8121105224e-04 1.8877312154e+04 1.5707963268e+00 -3.5215773202e+00
2.8137523096e-04 1.8889250294e+04 1.5707963268e+00 -3.5232655551e+00
2.8153931765e-04 1.8901204318e+04 1.5707963268e+00 -3.5249516546e+00
2.8170331242e-04 1.8913174222e+04 1.5707963268e+00 -3.5266356200e+00
2.8186721536e-04 1.8925159998e+04 1.5707963268e+00 -3.5283174526e+00
2.8203102657e-04 1.8937161641e+04 1.5707963268e+00 -3.5299971535e+00
2.8219474614e-04 1.8949179144e+04 1.5707963268e+00 -3.5316747240e+00
2.8235837418e-04 1.8961212500e+04 1.5707963268e+00 -3.5333501654e+00
2.8252191077e-04 1.8973261704e+04 1.5707963268e+00 -3.5350234788e+00
2.8268535602e-04 1.8985326748e+04 1.5707963268e+00 -3.5366946655e+00
2.8284871003e-04 1.8997407627e+04 1.5707963268e+00 -3.5383637269e+00
2.8301197290e-04 1.9009504332e+04 1.5707963268e+00 -3.5400306641e+00
2.8317514471e-04 1.9021616859e+04 1.5707963268e+00 -3.5416954784e+00
2.8333822558e-04 1.9033745199e+04 1.5707963268e+00 -3.5433581712e+00
2.8350121560e-04 1.9045889347e+04 1.5707963268e+00 -3.5450187437e+00
2.8366411486e-04 1.9058049295e+04 1.5707963268e+00 -3.5466771972e+00
2.8382692347e-04 1.9070225037e+04 1.5707963268e+00 -3.5483335329e+00
2.8398964153e-04 1.9082416565e+04 1.5707963268e+00 -3.5499877523e+00
2.8415226913e-04 1.9094623872e+04 1.5707963268e+00 -3.5516398566e+00
2.8431480638e-04 1.9106846952e+04 1.5707963268e+00 -3.5532898472e+00
2.8447725336e-04 1.9119085797e+04 1.5707963268e+00 -3.5549377253e+00
2.8463961020e-04 1.9131340401e+04 1.5707963268e+00 -3.5565834924e+00
2.8480187697e-04 1.9143610755e+04 1.5707963268e+00 -3.5582271497e+00
2.8496405378e-04 1.9155896854e+04 1.5707963268e+00 -3.5598686986e+00
2.8512614074e-04 1.9168198688e+04 1.5707963268e+00 -3.5615081405e+00
2.8528813793e-04 1.9180516252e+04 1.5707963268e+00 -3.5631454766e+00
2.8545004547e-04 1.9192849538e+04 1.5707963268e+00 -3.5647807085e+00
2.8561186345e-04 1.9205198538e+04 1.5707963268e+00 -3.5664138374e+00
2.8577359196e-04 1.9217563244e+04 1.5707963268e+00 -3.5680448647e+00
2.8593523112e-04 1.9229943650e+04 1.5707963268e+00 -3.5696737919e+00
2.8609678102e-04 1.9242339748e+04 1.5707963268e+00 -3.5713006203e+00
2.8625824176e-04 1.9254751529e+04 1.5707963268e+00 -3.5729253513e+00
2.8641961345e-04 1.9267178987e+04 1.5707963268e+00 -3.5745479863e+00
2.8658089617e-04 1.9279622113e+04 1.5707963268e+00 -3.5761685267e+00
2.8674209004e-04 1.9292080900e+04 1.5707963268e+00 -3.5777869740e+00
2.8690319516e-04 1.9304555341e+04 1.5707963268e+00 -3.5794033296e+00
2.8706421161e-04 1.9317045426e+04 1.5707963268e+00 -3.5810175948e+00
2.8722513952e-04 1.9329551148e+04 1.5707963268e+00 -3.5826297712e+00
2.8738597897e-04 1.9342072499e+04 1.5707963268e+00 -3.5842398602e+00
2.8754673007e-04 1.9354609472e+04 1.5707963268e+00 -3.5858478632e+00
2.8770739292e-04 1.9367162058e+04 1.5707963268e+00 -3.5874537816e+00
2.8786796762e-04 1.9379730248e+04 1.5707963268e+00 -3.5890576170e+00
2.8802845427e-04 1.9392314035e+04 1.5707963268e+00 -3.5906593708e+00
2.8818885298e-04 1.9404913411e+04 1.5707963268e+00 -3.5922590445e+00
2.8834916384e-04 1.9417528367e+04 1.5707963268e+00 -3.5938566396e+00
2.8850938696e-04 1.9430158896e+04 1.5707963268e+00 -3.5954521574e+00
2.8866952244e-04 1.9442804987e+04 1.5707963268e+00 -3.5970455996e+00
2.8882957038e-04 1.9455466634e+04 1.5707963268e+00 -3.5986369676e+00
2.8898953088e-04 1.9468143828e+04 1.5707963268e+00 -3.6002262630e+00
2.8914940405e-04 1.9480836560e+04 1.5707963268e+00 -3.6018134871e+00
2.8930918998e-04 1.9493544822e+04 1.5707963268e+00 -3.6033986416e+00
2.8946888878e-04 1.9506268605e+04 1.5707963268e+00 -3.6049817280e+00
2.8962850055e-04 1.9519007901e+04 1.5707963268e+00 -3.6065627478e+00
2.8978802540e-04 1.9531762701e+04 1.5707963268e+00 -3.6081417024e+00
2.8994746342e-04 1.9544532995e+04 1.5707963268e+00 -3.6097185935e+00
2.9010681472e-04 1.9557318777e+04 1.5707963268e+00 -3.6112934226e+00
2.9026607940e-04 1.9570120035e+04 1.5707963268e+00 -3.6128661913e+00
2.9042525756e-04 1.9582936763e+04 1.5707963268e+00 -3.6144369010e+00
2.9058434931e-04 1.9595768950e+04 1.5707963268e+00 -3.6160055533e+00
2.9074335475e-04 1.9608616589e+04 1.5707963268e+00 -3.6175721499e+00
2.9090227398e-04 1.9621479669e+04 1.5707963268e+00 -3.6191366922e+00
2.9106110710e-04 1.9634358183e+04 1.5707963268e+00 -3.6206991819e+00
2.9121985422e-04 1.9647252120e+04 1.5707963268e+00 -3.6222596205e+00
2.9137851544e-04 1.9660161472e+04 1.5707963268e+00 -3.6238180097e+00
2.9153709087e-04 1.9673086230e+04 1.5707963268e+00 -3.6253743509e+00
2.9169558060e-04 1.9686026384e+04 1.5707963268e+00 -3.6269286458e+00
2.9185398474e-04 1.9698981925e+04 1.5707963268e+00 -3.6284808960e+00
2.9201230339e-04 1.9711952844e+04 1.5707963268e+00 -3.6300311032e+00
2.9217053666e-04 1.9724939132e+04 1.5707963268e+00 -3.6315792688e+00
2.9232868464e-04 1.9737940779e+04 1.5707963268e+00 -3.6331253946e+00
2.9248674745e-04 1.9750957776e+04 1.5707963268e+00 -3.6346694821e+00
2.9264472519e-04 1.9763990114e+04 1.5707963268e+00 -3.6362115330e+00
2.9280261795e-04 1.9777037782e+04 1.5707963268e+00 -3.6377515489e+00
2.9296042585e-04 1.9790100772e+04 1.5707963268e+00 -3.6392895314e+00
2.9311814898e-04 1.9803179073e+04 1.5707963268e+00 -3.6408254822e+00
2.9327578745e-04 1.9816272677e+04 1.5707963268e+00 -3.6423594030e+00
2.9343334137e-04 1.9829381573e+04 1.5707963268e+00 -3.6438912953e+00
2.9359081083e-04 1.9842505752e+04 1.5707963268e+00 -3.6454211609e+00
2.9374819595e-04 1.9855645204e+04 1.5707963268e+00 -3.6469490014e+00
2.9390549682e-04 1.9868799920e+04 1.5707963268e+00 -3.6484748184e+00
2.9406271355e-04 1.9881969889e+04 1.5707963268e+00 -3.6499986137e+00
2.9421984624e-04 1.9895155102e+04 1.5707963268e+00 -3.6515203889e+00
2.9437689500e-04 1.9908355549e+04 1.5707963268e+00 -3.6530401457e+00
2.9453385992e-04 1.9921571219e+04 1.5707963268e+00 -3.6545578858e+00
2.9469074113e-04 1.9934802104e+04 1.5707963268e+00 -3.6560736108e+00
2.9484753871e-04 1.9948048192e+04 1.5707963268e+00 -3.6575873226e+00
2.9500425277e-04 1.9961309474e+04 1.5707963268e+00 -3.6590990226e+00
2.9516088342e-04 1.9974585940e+04 1.5707963268e+00 -3.6606087128e+00
2.9531743076e-04 1.9987877580e+04 1.5707963268e+00 -3.6621163947e+00
2.9547389489e-04 2.0001184383e+04 1.5707963268e+00 -3.6636220702e+00
2.9563027593e-04 2.0014506339e+04 1.5707963268e+00 -3.6651257408e+00
2.9578657396e-04 2.0027843439e+04 1.5707963268e+00 -3.6666274084e+00
2.9594278911e-04 2.0041195671e+04 1.5707963268e+00 -3.6681270746e+00
2.9609892146e-04 2.0054563026e+04 1.5707963268e+00 -3.6696247412e+00
2.9625497114e-04 2.0067945493e+04 1.5707963268e+00 -3.6711204100e+00
2.9641093823e-04 2.0081343061e+04 1.5707963268e+00 -3.6726140826e+00
2.9656682285e-04 2.0094755721e+04 1.5707963268e+00 -3.6741057609e+00
2.9672262509e-04 2.0108183462e+04 1.5707963268e+00 -3.6755954465e+00
2.9687834507e-04 2.0121626273e+04 1.5707963268e+00 -3.6770831412e+00
2.9703398289e-04 2.0135084143e+04 1.5707963268e+00 -3.6785688469e+00
2.9718953865e-04 2.0148557063e+04 1.5707963268e+00 -3.6800525651e+00
2.9734501245e-04 2.0162045022e+04 1.5707963268e+00 -3.6815342978e+00
2.9750040441e-04 2.0175548009e+04 1.5707963268e+00 -3.6830140467e+00
2.9765571462e-04 2.0189066013e+04 1.5707963268e+00 -3.6844918135e+00
2.9781094320e-04 2.0202599023e+04 1.5707963268e+00 -3.6859676000e+00
2.9796609023e-04 2.0216147029e+04 1.5707963268e+00 -3.6874414081e+00
2.9812115584e-04 2.0229710021e+04 1.5707963268e+00 -3.6889132394e+00
2.9827614012e-04 2.0243287986e+04 1.5707963268e+00 -3.6903830959e+00
2.9843104318e-04 2.0256880915e+04 1.5707963268e+00 -3.6918509793e+00
2.9858586512e-04 2.0270488797e+04 1.5707963268e+00 -3.6933168913e+00
2.9874060605e-04 2.0284111620e+04 1.5707963268e+00 -3.6947808339e+00
2.9889526607e-04 2.0297749373e+04 1.5707963268e+00 -3.6962428088e+00
2.9904984529e-04 2.0311402047e+04 1.5707963268e+00 -3.6977028178e+00
2.9920434381e-04 2.0325069629e+04 1.5707963268e+00 -3.6991608627e+00
2.9935876173e-04 2.0338752108e+04 1.5707963268e+00 -3.7006169454e+00
2.9951309917e-04 2.0352449474e+04 1.5707963268e+00 -3.7020710677e+00
2.9966735622e-04 2.0366161715e+04 1.5707963268e+00 -3.7035232313e+00
2.9982153299e-04 2.0379888820e+04 1.5707963268e+00 -3.7049734383e+00
2.9997562958e-04 2.0393630778e+04 1.5707963268e+00 -3.7064216903e+00
3.0012964611e-04 2.0407387578e+04 1.5707963268e+00 -3.7078679892e+00
3.0028358266e-04 2.0421159208e+04 1.5707963268e+00 -3.7093123368e+00
3.0043743936e-04 2.0434945658e+04 1.5707963268e+00 -3.7107547351e+00
3.0059121630e-04 2.0448746915e+04 1.5707963268e+00 -3.7121951859e+00
3.0074491358e-04 2.0462562969e+04 1.5707963268e+00 -3.7136336909e+00
3.0089853132e-04 2.0476393808e+04 1.5707963268e+00 -3.7150702521e+00
3.0105206961e-04 2.0490239421e+04 1.5707963268e+00 -3.7165048714e+00
3.0120552857e-04 2.0504099796e+04 1.5707963268e+00 -3.7179375505e+00
3.0135890829e-04 2.0517974922e+04 1.5707963268e+00 -3.7193682914e+00
3.0151220888e-04 2.0531864787e+04 1.5707963268e+00 -3.7207970959e+00
3.0166543045e-04 2.0545769380e+04 1.5707963268e+00 -3.7222239660e+00
3.0181857310e-04 2.0559688688e+04 1.5707963268e+00 -3.7236489034e+00
3.0197163693e-04 2.0573622702e+04 1.5707963268e+00 -3.7250719101e+00
3.0212462205e-04 2.0587571408e+04 1.5707963268e+00 -3.7264929880e+00
3.0227752856e-04 2.0601534796e+04 1.5707963268e+00 -3.7279121389e+00
3.0243035657e-04 2.0615512853e+04 1.5707963268e+00 -3.7293293647e+00
3.0258310619e-04 2.0629505568e+04 1.5707963268e+00 -3.7307446674e+00
3.0273577751e-04 2.0643512928e+04 1.5707963268e+00 -3.7321580489e+00
3.0288837064e-04 2.0657534924e+04 1.5707963268e+00 -3.7335695109e+00
3.0304088569e-04 2.0671571541e+04 1.5707963268e+00 -3.7349790555e+00
3.0319332276e-04 2.0685622770e+04 1.5707963268e+00 -3.7363866846e+00
3.0334568195e-04 2.0699688597e+04 1.5707963268e+00 -3.7377924000e+00
3.0349796337e-04 2.0713769011e+04 1.5707963268e+00 -3.7391962037e+00
3.0365016713e-04 2.0727863999e+04 1.5707963268e+00 -3.7405980976e+00
3.0380229333e-04 2.0741973551e+04 1.5707963268e+00 -3.7419980836e+00
3.0395434206e-04 2.0756097654e+04 1.5707963268e+00 -3.7433961637e+00
3.0410631345e-04 2.0770236295e+04 1.5707963268e+00 -3.7447923398e+00
3.0425820758e-04 2.0784389464e+04 1.5707963268e+00 -3.7461866137e+00
3.0441002458e-04 2.0798557148e+04 1.5707963268e+00 -3.7475789875e+00
3.0456176453e-04 2.0812739334e+04 1.5707963268e+00 -3.7489694631e+00
3.0471342754e-04 2.0826936011e+04 1.5707963268e+00 -3.7503580424e+00
3.0486501373e-04 2.0841147166e+04 1.5707963268e+00 -3.7517447273e+00
3.0501652318e-04 2.0855372787e+04 1.5707963268e+00 -3.7531295198e+00
3.0516795601e-04 2.0869612863e+04 1.5707963268e+00 -3.7545124219e+00
3.0531931233e-04 2.0883867381e+04 1.5707963268e+00 -3.7558934356e+00
3.0547059223e-04 2.0898136328e+04 1.5707963268e+00 -3.7572725626e+00
3.0562179581e-04 2.0912419692e+04 1.5707963268e+00 -3.7586498051e+00
3.0577292320e-04 2.0926717462e+04 1.5707963268e+00 -3.7600251650e+00
3.0592397447e-04 2.0941029624e+04 1.5707963268e+00 -3.7613986442e+00
3.0607494975e-04 2.0955356167e+04 1.5707963268e+00 -3.7627702447e+00
3.0622584914e-04 2.0969697077e+04 1.5707963268e+00 -3.7641399684e+00
3.0637667273e-04 2.0984052343e+04 1.5707963268e+00 -3.7655078175e+00
3.0652742064e-04 2.0998421952e+04 1.5707963268e+00 -3.7668737937e+00
3.0667809296e-04 2.1012805892e+04 1.5707963268e+00 -3.7682378991e+00
3.0682868981e-04 2.1027204149e+04 1.5707963268e+00 -3.7696001358e+00
3.0697921128e-04 2.1041616713e+04 1.5707963268e+00 -3.7709605055e+00
3.0712965747e-04 2.1056043569e+04 1.5707963268e+00 -3.7723190104e+00
3.0728002850e-04 2.1070484706e+04 1.5707963268e+00 -3.7736756524e+00
3.0743032447e-04 2.1084940111e+04 1.5707963268e+00 -3.7750304336e+00
3.0758054547e-04 2.1099409771e+04 1.5707963268e+00 -3.7763833558e+00
3.0773069162e-04 2.1113893674e+04 1.5707963268e+00 -3.7777344212e+00
3.0788076301e-04 2.1128391807e+04 1.5707963268e+00 -3.7790836316e+00
3.0803075976e-04 2.1142904157e+04 1.5707963268e+00 -3.7804309891e+00
3.0818068196e-04 2.1157430712e+04 1.5707963268e+00 -3.7817764958e+00
3.0833052971e-04 2.1171971459e+04 1.5707963268e+00 -3.7831201535e+00
3.0848030313e-04 2.1186526385e+04 1.5707963268e+00 -3.7844619643e+00
3.0863000230e-04 2.1201095477e+04 1.5707963268e+00 -3.7858019303e+00
3.0877962735e-04 2.1215678723e+04 1.5707963268e+00 -3.7871400533e+00
3.0892917837e-04 2.1230276110e+04 1.5707963268e+00 -3.7884763355e+00
3.0907865546e-04 2.1244887624e+04 1.5707963268e+00 -3.7898107789e+00
3.0922805872e-04 2.1259513254e+04 1.5707963268e+00 -3.7911433854e+00
3.0937738827e-04 2.1274152986e+04 1.5707963268e+00 -3.7924741571e+00
3.0952664420e-04 2.1288806807e+04 1.5707963268e+00 -3.7938030960e+00
3.0967582661e-04 2.1303474705e+04 1.5707963268e+00 -3.7951302041e+00
3.0982493562e-04 2.1318156666e+04 1.5707963268e+00 -3.7964554835e+00
3.0997397131e-04 2.1332852677e+04 1.5707963268e+00 -3.7977789362e+00
3.1012293381e-04 2.1347562726e+04 1.5707963268e+00 -3.7991005642e+00
3.1027182319e-04 2.1362286799e+04 1.5707963268e+00 -3.8004203695e+00
3.1042063958e-04 2.1377024884e+04 1.5707963268e+00 -3.8017383542e+00
3.1056938307e-04 2.1391776967e+04 1.5707963268e+00 -3.8030545204e+00
3.1071805377e-04 2.1406543035e+04 1.5707963268e+00 -3.8043688700e+00
3.1086665178e-04 2.1421323076e+04 1.5707963268e+00 -3.8056814050e+00
3.1101517719e-04 2.1436117075e+04 1.5707963268e+00 -3.8069921276e+00
3.1116363012e-04 2.1450925021e+04 1.5707963268e+00 -3.8083010398e+00
3.1131201067e-04 2.1465746899e+04 1.5707963268e+00 -3.8096081436e+00
3.1146031893e-04 2.1480582697e+04 1.5707963268e+00 -3.8109134411e+00
3.1160855502e-04 2.1495432402e+04 1.5707963268e+00 -3.8122169343e+00
3.1175671902e-04 2.1510295999e+04 1.5707963268e+00 -3.8135186253e+00
3.1190481106e-04 2.1525173477e+04 1.5707963268e+00 -3.8148185161e+00
3.1205283122e-04 2.1540064821e+04 1.5707963268e+00 -3.8161166087e+00
3.1220077960e-04 2.1554970019e+04 1.5707963268e+00 -3.8174129053e+00
3.1234865632e-04 2.1569889057e+04 1.5707963268e+00 -3.8187074079e+00
3.1249646148e-04 2.1584821921e+04 1.5707963268e+00 -3.8200001185e+00
3.1264419517e-04 2.1599768600e+04 1.5707963268e+00 -3.8212910393e+00
3.1279185749e-04 2.1614729078e+04 1.5707963268e+00 -3.8225801722e+00
3.1293944856e-04 2.1629703344e+04 1.5707963268e+00 -3.8238675193e+00
3.1308696846e-04 2.1644691383e+04 1.5707963268e+00 -3.8251530828e+00
3.1323441731e-04 2.1659693181e+04 1.5707963268e+00 -3.8264368646e+00
3.1338179520e-04 2.1674708727e+04 1.5707963268e+00 -3.8277188668e+00
3.1352910223e-04 2.1689738006e+04 1.5707963268e+00 -3.8289990916e+00
3.1367633852e-04 2.1704781005e+04 1.5707963268e+00 -3.8302775409e+00
3.1382350415e-04 2.1719837710e+04 1.5707963268e+00 -3.8315542169e+00
3.1397059923e-04 2.1734908107e+04 1.5707963268e+00 -3.8328291217e+00
3.1411762386e-04 2.1749992185e+04 1.5707963268e+00 -3.8341022572e+00
3.1426457814e-04 2.1765089928e+04 1.5707963268e+00 -3.8353736256e+00
3.1441146218e-04 2.1780201323e+04 1.5707963268e+00 -3.8366432290e+00
3.1455827607e-04 2.1795326357e+04 1.5707963268e+00 -3.8379110694e+00
3.1470501991e-04 2.1810465016e+04 1.5707963268e+00 -3.8391771489e+00
3.1485169382e-04 2.1825617287e+04 1.5707963268e+00 -3.8404414697e+00
3.1499829788e-04 2.1840783156e+04 1.5707963268e+00 -3.8417040337e+00
3.1514483219e-04 2.1855962609e+04 1.5707963268e+00 -3.8429648431e+00
3.1529129687e-04 2.1871155634e+04 1.5707963268e+00 -3.8442239000e+00
3.1543769200e-04 2.1886362215e+04 1.5707963268e+00 -3.8454812064e+00
3.1558401769e-04 2.1901582340e+04 1.5707963268e+00 -3.8467367644e+00
3.1573027405e-04 2.1916815995e+04 1.5707963268e+00 -3.8479905762e+00
3.1587646116e-04 2.1932063165e+04 1.5707963268e+00 -3.8492426438e+00
3.1602257914e-04 2.1947323839e+04 1.5707963268e+00 -3.8504929694e+00
3.1616862807e-04 2.1962598001e+04 1.5707963268e+00 -3.8517415549e+00
3.1631460807e-04 2.1977885638e+04 1.5707963268e+00 -3.8529884025e+00
3.1646051923e-04 2.1993186736e+04 1.5707963268e+00 -3.8542335144e+00
3.1660636165e-04 2.2008501282e+04 1.5707963268e+00 -3.8554768925e+00
3.1675213543e-04 2.2023829262e+04 1.5707963268e+00 -3.8567185390e+00
3.1689784067e-04 2.2039170662e+04 1.5707963268e+00 -3.8579584560e+00
3.1704347748e-04 2.2054525468e+04 1.5707963268e+00 -3.8591966456e+00
3.1718904594e-04 2.2069893666e+04 1.5707963268e+00 -3.8604331099e+00
3.1733454617e-04 2.2085275243e+04 1.5707963268e+00 -3.8616678510e+00
3.1747997825e-04 2.2100670184e+04 1.5707963268e+00 -3.8629008710e+00
3.1762534230e-04 2.2116078477e+04 1.5707963268e+00 -3.8641321720e+00
3.1777063840e-04 2.2131500106e+04 1.5707963268e+00 -3.8653617561e+00
3.1791586666e-04 2.2146935059e+04 1.5707963268e+00 -3.8665896254e+00
3.1806102718e-04 2.2162383320e+04 1.5707963268e+00 -3.8678157821e+00
3.1820612006e-04 2.2177844878e+04 1.5707963268e+00 -3.8690402281e+00
3.1835114539e-04 2.2193319716e+04 1.5707963268e+00 -3.8702629657e+00
3.1849610328e-04 2.2208807822e+04 1.5707963268e+00 -3.8714839970e+00
3.1864099382e-04 2.2224309182e+04 1.5707963268e+00 -3.8727033240e+00
3.1878581712e-04 2.2239823781e+04 1.5707963268e+00 -3.8739209488e+00
3.1893057326e-04 2.2255351607e+04 1.5707963268e+00 -3.8751368736e+00
3.1907526236e-04 2.2270892643e+04 1.5707963268e+00 -3.8763511005e+00
3.1921988450e-04 2.2286446878e+04 1.5707963268e+00 -3.8775636316e+00
3.1936443979e-04 2.2302014296e+04 1.5707963268e+00 -3.8787744691e+00
3.1950892833e-04 2.2317594884e+04 1.5707963268e+00 -3.8799836149e+00
3.1965335021e-04 2.2333188628e+04 1.5707963268e+00 -3.8811910713e+00
3.1979770553e-04 2.2348795514e+04 1.5707963268e+00 -3.8823968403e+00
3.1994199440e-04 2.2364415527e+04 1.5707963268e+00 -3.8836009241e+00
3.2008621690e-04 2.2380048654e+04 1.5707963268e+00 -3.8848033248e+00
3.2023037313e-04 2.2395694880e+04 1.5707963268e+00 -3.8860040445e+00
3.2037446321e-04 2.2411354192e+04 1.5707963268e+00 -3.8872030853e+00
3.2051848721e-04 2.2427026576e+04 1.5707963268e+00 -3.8884004493e+00
3.2066244524e-04 2.2442712017e+04 1.5707963268e+00 -3.8895961387e+00
3.2080633741e-04 2.2458410501e+04 1.5707963268e+00 -3.8907901556e+00
3.2095016379e-04 2.2474122014e+04 1.5707963268e+00 -3.8919825020e+00
3.2109392450e-04 2.2489846543e+04 1.5707963268e+00 -3.8931731802e+00
3.2123761963e-04 2.2505584072e+04 1.5707963268e+00 -3.8943621922e+00
3.2138124928e-04 2.2521334588e+04 1.5707963268e+00 -3.8955495401e+00
3.2152481354e-04 2.2537098077e+04 1.5707963268e+00 -3.8967352261e+00
3.2166831251e-04 2.2552874524e+04 1.5707963268e+00 -3.8979192523e+00
3.2181174629e-04 2.2568663916e+04 1.5707963268e+00 -3.8991016209e+00
3.2195511497e-04 2.2584466238e+04 1.5707963268e+00 -3.9002823338e+00
3.2209841866e-04 2.2600281476e+04 1.5707963268e+00 -3.9014613933e+00
3.2224165745e-04 2.2616109616e+04 1.5707963268e+00 -3.9026388015e+00
3.2238483143e-04 2.2631950643e+04 1.5707963268e+00 -3.9038145605e+00
3.2252794070e-04 2.2647804544e+04 1.5707963268e+00 -3.9049886724e+00
3.2267098537e-04 2.2663671304e+04 1.5707963268e+00 -3.9061611394e+00
3.2281396551e-04 2.2679550909e+04 1.5707963268e+00 -3.9073319635e+00
3.2295688124e-04 2.2695443346e+04 1.5707963268e+00 -3.9085011469e+00
3.2309973265e-04 2.2711348598e+04 1.5707963268e+00 -3.9096686918e+00
3.2324251983e-04 2.2727266653e+04 1.5707963268e+00 -3.9108346001e+00
3.2338524287e-04 2.2743197496e+04 1.5707963268e+00 -3.9119988742e+00
3.2352790189e-04 2.2759141113e+04 1.5707963268e+00 -3.9131615160e+00
3.2367049696e-04 2.2775097490e+04 1.5707963268e+00 -3.9143225278e+00
3.2381302819e-04 2.2791066612e+04 1.5707963268e+00 -3.9154819115e+00
3.2395549568e-04 2.2807048465e+04 1.5707963268e+00 -3.9166396695e+00
3.2409789951e-04 2.2823043035e+04 1.5707963268e+00 -3.9177958037e+00
3.2424023978e-04 2.2839050307e+04 1.5707963268e+00 -3.9189503163e+00
3.2438251660e-04 2.2855070268e+04 1.5707963268e+00 -3.9201032095e+00
3.2452473004e-04 2.2871102902e+04 1.5707963268e+00 -3.9212544853e+00
3.2466688022e-04 2.2887148196e+04 1.5707963268e+00 -3.9224041459e+00
3.2480896722e-04 2.2903206136e+04 1.5707963268e+00 -3.9235521934e+00
3.2495099113e-04 2.2919276706e+04 1.5707963268e+00 -3.9246986299e+00
3.2509295206e-04 2.2935359893e+04 1.5707963268e+00 -3.9258434576e+00
3.2523485010e-04 2.2951455683e+04 1.5707963268e+00 -3.9269866785e+00
3.2537668534e-04 2.2967564060e+04 1.5707963268e+00 -3.9281282949e+00
3.2551845788e-04 2.2983685011e+04 1.5707963268e+00 -3.9292683087e+00
3.2566016781e-04 2.2999818522e+04 1.5707963268e+00 -3.9304067223e+00
3.2580181523e-04 2.3015964578e+04 1.5707963268e+00 -3.9315435376e+00
3.2594340023e-04 2.3032123164e+04 1.5707963268e+00 -3.9326787567e+00
3.2608492290e-04 2.3048294267e+04 1.5707963268e+00 -3.9338123819e+00
3.2622638334e-04 2.3064477871e+04 1.5707963268e+00 -3.9349444153e+00
3.2636778164e-04 2.3080673963e+04 1.5707963268e+00 -3.9360748589e+00
3.2650911790e-04 2.3096882529e+04 1.5707963268e+00 -3.9372037149e+00
3.2665039221e-04 2.3113103553e+04 1.5707963268e+00 -3.9383309854e+00
3.2679160466e-04 2.3129337021e+04 1.5707963268e+00 -3.9394566725e+00
3.2693275535e-04 2.3145582920e+04 1.5707963268e+00 -3.9405807784e+00
3.2707384437e-04 2.3161841235e+04 1.5707963268e+00 -3.9417033051e+00
3.2721487181e-04 2.3178111950e+04 1.5707963268e+00 -3.9428242548e+00
3.2735583777e-04 2.3194395053e+04 1.5707963268e+00 -3.9439436297e+00
3.2749674233e-04 2.3210690528e+04 1.5707963268e+00 -3.9450614317e+00
3.2763758560e-04 2.3226998362e+04 1.5707963268e+00 -3.9461776632e+00
3.2777836767e-04 2.3243318539e+04 1.5707963268e+00 -3.9472923261e+00
3.2791908863e-04 2.3259651045e+04 1.5707963268e+00 -3.9484054226e+00
3.2805974856e-04 2.3275995866e+04 1.5707963268e+00 -3.9495169548e+00
3.2820034757e-04 2.3292352988e+04 1.5707963268e+00 -3.9506269248e+00
3.2834088575e-04 2.3308722396e+04 1.5707963268e+00 -3.9517353347e+00
3.2848136318e-04 2.3325104076e+04 1.5707963268e+00 -3.9528421868e+00
3.2862177997e-04 2.3341498013e+04 1.5707963268e+00 -3.9539474830e+00
3.2876213619e-04 2.3357904192e+04 1.5707963268e+00 -3.9550512255e+00
3.2890243196e-04 2.3374322601e+04 1.5707963268e+00 -3.9561534164e+00
3.2904266734e-04 2.3390753223e+04 1.5707963268e+00 -3.9572540579e+00
3.2918284245e-04 2.3407196044e+04 1.5707963268e+00 -3.9583531520e+00
3.2932295737e-04 2.3423651051e+04 1.5707963268e+00 -3.9594507008e+00
3.2946301219e-04 2.3440118228e+04 1.5707963268e+00 -3.9605467065e+00
3.2960300700e-04 2.3456597562e+04 1.5707963268e+00 -3.9616411712e+00
3.2974294190e-04 2.3473089038e+04 1.5707963268e+00 -3.9627340970e+00
3.2988281698e-04 2.3489592641e+04 1.5707963268e+00 -3.9638254860e+00
3.3002263232e-04 2.3506108357e+04 1.5707963268e+00 -3.9649153403e+00
3.3016238802e-04 2.3522636171e+04 1.5707963268e+00 -3.9660036621e+00
3.3030208417e-04 2.3539176070e+04 1.5707963268e+00 -3.9670904534e+00
3.3044172086e-04 2.3555728038e+04 1.5707963268e+00 -3.9681757163e+00
3.3058129818e-04 2.3572292061e+04 1.5707963268e+00 -3.9692594530e+00
3.3072081622e-04 2.3588868125e+04 1.5707963268e+00 -3.9703416656e+00
3.3086027507e-04 2.3605456215e+04 1.5707963268e+00 -3.9714223561e+00
3.3099967483e-04 2.3622056317e+04 1.5707963268e+00 -3.9725015267e+00
3.3113901558e-04 2.3638668417e+04 1.5707963268e+00 -3.9735791795e+00
3.3127829741e-04 2.3655292500e+04 1.5707963268e+00 -3.9746553166e+00
3.3141752041e-04 2.3671928551e+04 1.5707963268e+00 -3.9757299401e+00
3.3155668468e-04 2.3688576556e+04 1.5707963268e+00 -3.9768030521e+00
3.3169579030e-04 2.3705236500e+04 1.5707963268e+00 -3.9778746547e+00
3.3183483737e-04 2.3721908370e+04 1.5707963268e+00 -3.9789447500e+00
3.3197382596e-04 2.3738592151e+04 1.5707963268e+00 -3.9800133401e+00
3.3211275618e-04 2.3755287828e+04 1.5707963268e+00 -3.9810804271e+00
3.3225162811e-04 2.3771995386e+04 1.5707963268e+00 -3.9821460131e+00
3.3239044184e-04 2.3788714813e+04 1.5707963268e+00 -3.9832101002e+00
3.3252919746e-04 2.3805446092e+04 1.5707963268e+00 -3.9842726906e+00
3.3266789506e-04 2.3822189209e+04 1.5707963268e+00 -3.9853337862e+00
3.3280653472e-04 2.3838944151e+04 1.5707963268e+00 -3.9863933892e+00
3.3294511655e-04 2.3855710902e+04 1.5707963268e+00 -3.9874515017e+00
3.3308364061e-04 2.3872489448e+04 1.5707963268e+00 -3.9885081258e+00
3.3322210702e-04 2.3889279775e+04 1.5707963268e+00 -3.9895632636e+00
3.3336051584e-04 2.3906081869e+04 1.5707963268e+00 -3.9906169172e+00
3.3349886718e-04 2.3922895714e+04 1.5707963268e+00 -3.9916690886e+00
3.3363716112e-04 2.3939721296e+04 1.5707963268e+00 -3.9927197799e+00
3.3377539774e-04 2.3956558602e+04 1.5707963268e+00 -3.9937689934e+00
3.3391357714e-04 2.3973407616e+04 1.5707963268e+00 -3.9948167309e+00
3.3405169940e-04 2.3990268324e+04 1.5707963268e+00 -3.9958629947e+00
3.3418976462e-04 2.4007140712e+04 1.5707963268e+00 -3.9969077867e+00
3.3432777287e-04 2.4024024765e+04 1.5707963268e+00 -3.9979511092e+00
3.3446572425e-04 2.4040920469e+04 1.5707963268e+00 -3.9989929641e+00
3.3460361885e-04 2.4057827809e+04 1.5707963268e+00 -4.0000333536e+00
3.3474145675e-04 2.4074746771e+04 1.5707963268e+00 -4.0010722798e+00
3.3487923804e-04 2.4091677341e+04 1.5707963268e+00 -4.0021097447e+00
3.3501696280e-04 2.4108619504e+04 1.5707963268e+00 -4.0031457503e+00
3.3515463113e-04 2.4125573245e+04 1.5707963268e+00 -4.0041802989e+00
3.3529224310e-04 2.4142538551e+04 1.5707963268e+00 -4.0052133924e+00
3.3542979882e-04 2.4159515407e+04 1.5707963268e+00 -4.0062450330e+00
3.3556729836e-04 2.4176503798e+04 1.5707963268e+00 -4.0072752227e+00
3.3570474181e-04 2.4193503710e+04 1.5707963268e+00 -4.0083039635e+00
3.3584212925e-04 2.4210515129e+04 1.5707963268e+00 -4.0093312577e+00
3.3597946079e-04 2.4227538040e+04 1.5707963268e+00 -4.0103571072e+00
3.3611673649e-04 2.4244572429e+04 1.5707963268e+00 -4.0113815140e+00
3.3625395644e-04 2.4261618281e+04 1.5707963268e+00 -4.0124044804e+00
3.3639112074e-04 2.4278675582e+04 1.5707963268e+00 -4.0134260083e+00
3.3652822947e-04 2.4295744318e+04 1.5707963268e+00 -4.0144460998e+00
3.3666528271e-04 2.4312824475e+04 1.5707963268e+00 -4.0154647570e+00
3.3680228055e-04 2.4329916037e+04 1.5707963268e+00 -4.0164819820e+00
3.3693922307e-04 2.4347018991e+04 1.5707963268e+00 -4.0174977767e+00
3.3707611037e-04 2.4364133322e+04 1.5707963268e+00 -4.0185121434e+00
3.3721294252e-04 2.4381259015e+04 1.5707963268e+00 -4.0195250839e+00
3.3734971961e-04 2.4398396057e+04 1.5707963268e+00 -4.0205366005e+00
3.3748644173e-04 2.4415544434e+04 1.5707963268e+00 -4.0215466951e+00
3.3762310896e-04 2.4432704129e+04 1.5707963268e+00 -4.0225553699e+00
3.3775972139e-04 2.4449875131e+04 1.5707963268e+00 -4.0235626268e+00
3.3789627910e-04 2.4467057423e+04 1.5707963268e+00 -4.0245684679e+00
3.3803278217e-04 2.4484250992e+04 1.5707963268e+00 -4.0255728953e+00
3.3816923069e-04 2.4501455823e+04 1.5707963268e+00 -4.0265759111e+00
3.3830562475e-04 2.4518671902e+04 1.5707963268e+00 -4.0275775172e+00
3.3844196443e-04 2.4535899214e+04 1.5707963268e+00 -4.0285777157e+00
3.3857824981e-04 2.4553137746e+04 1.5707963268e+00 -4.0295765088e+00
3.3871448098e-04 2.4570387483e+04 1.5707963268e+00 -4.0305738983e+00
3.3885065802e-04 2.4587648411e+04 1.5707963268e+00 -4.0315698865e+00
3.3898678101e-04 2.4604920515e+04 1.5707963268e+00 -4.0325644752e+00
3.3912285004e-04 2.4622203781e+04 1.5707963268e+00 -4.0335576666e+00
3.3925886520e-04 2.4639498194e+04 1.5707963268e+00 -4.0345494628e+00
3.3939482656e-04 2.4656803741e+04 1.5707963268e+00 -4.0355398656e+00
3.3953073421e-04 2.4674120407e+04 1.5707963268e+00 -4.0365288773e+00
3.3966658824e-04 2.4691448178e+04 1.5707963268e+00 -4.0375164997e+00
3.3980238872e-04 2.4708787040e+04 1.5707963268e+00 -4.0385027350e+00
3.3993813573e-04 2.4726136978e+04 1.5707963268e+00 -4.0394875852e+00
3.4007382937e-04 2.4743497978e+04 1.5707963268e+00 -4.0404710524e+00
3.4020946972e-04 2.4760870025e+04 1.5707963268e+00 -4.0414531384e+00
3.4034505685e-04 2.4778253106e+04 1.5707963268e+00 -4.0424338455e+00
3.4048059085e-04 2.4795647206e+04 1.5707963268e+00 -4.0434131756e+00
3.4061607181e-04 2.4813052312e+04 1.5707963268e+00 -4.0443911307e+00
3.4075149980e-04 2.4830468407e+04 1.5707963268e+00 -4.0453677129e+00
3.4088687490e-04 2.4847895480e+04 1.5707963268e+00 -4.0463429242e+00
3.4102219721e-04 2.4865333514e+04 1.5707963268e+00 -4.0473167665e+00
3.4115746680e-04 2.4882782497e+04 1.5707963268e+00 -4.0482892420e+00
3.4129268375e-04 2.4900242413e+04 1.5707963268e+00 -4.0492603527e+00
3.4142784814e-04 2.4917713249e+04 1.5707963268e+00 -4.0502301005e+00
3.4156296006e-04 2.4935194991e+04 1.5707963268e+00 -4.0511984876e+00
3.4169801959e-04 2.4952687623e+04 1.5707963268e+00 -4.0521655158e+00
3.4183302681e-04 2.4970191133e+04 1.5707963268e+00 -4.0531311872e+00
3.4196798180e-04 2.4987705505e+04 1.5707963268e+00 -4.0540955039e+00
3.4210288464e-04 2.5005230726e+04 1.5707963268e+00 -4.0550584677e+00
3.4223773541e-04 2.5022766781e+04 1.5707963268e+00 -4.0560200809e+00
3.4237253420e-04 2.5040313657e+04 1.5707963268e+00 -4.0569803453e+00
3.4250728108e-04 2.5057871339e+04 1.5707963268e+00 -4.0579392629e+00
3.4264197613e-04 2.5075439812e+04 1.5707963268e+00 -4.0588968358e+00
3.4277661945e-04 2.5093019064e+04 1.5707963268e+00 -4.0598530660e+00
3.4291121110e-04 2.5110609079e+04 1.5707963268e+00 -4.0608079554e+00
3.4304575116e-04 2.5128209844e+04 1.5707963268e+00 -4.0617615061e+00
3.4318023972e-04 2.5145821344e+04 1.5707963268e+00 -4.0627137200e+00
3.4331467686e-04 2.5163443565e+04 1.5707963268e+00 -4.0636645992e+00
3.4344906266e-04 2.5181076493e+04 1.5707963268e+00 -4.0646141456e+00
3.4358339719e-04 2.5198720115e+04 1.5707963268e+00 -4.0655623613e+00
3.4371768055e-04 2.5216374415e+04 1.5707963268e+00 -4.0665092482e+00
3.4385191279e-04 2.5234039380e+04 1.5707963268e+00 -4.0674548083e+00
3.4398609402e-04 2.5251714997e+04 1.5707963268e+00 -4.0683990436e+00
3.4412022429e-04 2.5269401249e+04 1.5707963268e+00 -4.0693419561e+00
3.4425430371e-04 2.5287098125e+04 1.5707963268e+00 -4.0702835478e+00
3.4438833234e-04 2.5304805609e+04 1.5707963268e+00 -4.0712238206e+00
3.4452231026e-04 2.5322523687e+04 1.5707963268e+00 -4.0721627766e+00
3.4465623755e-04 2.5340252346e+04 1.5707963268e+00 -4.0731004177e+00
3.4479011429e-04 2.5357991572e+04 1.5707963268e+00 -4.0740367458e+00
3.4492394056e-04 2.5375741350e+04 1.5707963268e+00 -4.0749717631e+00
3.4505771644e-04 2.5393501666e+04 1.5707963268e+00 -4.0759054713e+00
3.4519144201e-04 2.5411272507e+04 1.5707963268e+00 -4.0768378726e+00
3.4532511734e-04 2.5429053858e+04 1.5707963268e+00 -4.0777689689e+00
3.4545874252e-04 2.5446845705e+04 1.5707963268e+00 -4.0786987620e+00
3.4559231762e-04 2.5464648035e+04 1.5707963268e+00 -4.0796272541e+00
3.4572584271e-04 2.5482460833e+04 1.5707963268e+00 -4.0805544471e+00
3.4585931789e-04 2.5500284086e+04 1.5707963268e+00 -4.0814803429e+00
3.4599274321e-04 2.5518117779e+04 1.5707963268e+00 -4.0824049436e+00
3.4612611878e-04 2.5535961899e+04 1.5707963268e+00 -4.0833282509e+00
3.4625944465e-04 2.5553816431e+04 1.5707963268e+00 -4.0842502670e+00
3.4639272091e-04 2.5571681363e+04 1.5707963268e+00 -4.0851709938e+00
3.4652594763e-04 2.5589556678e+04 1.5707963268e+00 -4.0860904331e+00
3.4665912490e-04 2.5607442365e+04 1.5707963268e+00 -4.0870085871e+00
3.4679225278e-04 2.5625338408e+04 1.5707963268e+00 -4.0879254575e+00
3.4692533136e-04 2.5643244795e+04 1.5707963268e+00 -4.0888410465e+00
3.4705836072e-04 2.5661161510e+04 1.5707963268e+00 -4.0897553558e+00
3.4719134092e-04 2.5679088541e+04 1.5707963268e+00 -4.0906683875e+00
3.4732427206e-04 2.5697025874e+04 1.5707963268e+00 -4.0915801435e+00
3.4745715419e-04 2.5714973493e+04 1.5707963268e+00 -4.0924906258e+00
3.4758998740e-04 2.5732931387e+04 1.5707963268e+00 -4.0933998362e+00
3.4772277177e-04 2.5750899540e+04 1.5707963268e+00 -4.0943077768e+00
3.4785550737e-04 2.5768877939e+04 1.5707963268e+00 -4.0952144494e+00
3.4798819428e-04 2.5786866570e+04 1.5707963268e+00 -4.0961198560e+00
3.4812083258e-04 2.5804865419e+04 1.5707963268e+00 -4.0970239985e+00
3.4825342233e-04 2.5822874473e+04 1.5707963268e+00 -4.0979268788e+00
3.4838596362e-04 2.5840893718e+04 1.5707963268e+00 -4.0988284989e+00
3.4851845651e-04 2.5858923140e+04 1.5707963268e+00 -4.0997288608e+00
3.4865090110e-04 2.5876962725e+04 1.5707963268e+00 -4.1006279662e+00
3.4878329744e-04 2.5895012459e+04 1.5707963268e+00 -4.1015258172e+00
3.4891564563e-04 2.5913072328e+04 1.5707963268e+00 -4.1024224156e+00
3.4904794572e-04 2.5931142320e+04 1.5707963268e+00 -4.1033177634e+00
3.4918019780e-04 2.5949222420e+04 1.5707963268e+00 -4.1042118625e+00
3.4931240194e-04 2.5967312614e+04 1.5707963268e+00 -4.1051047148e+00
3.4944455822e-04 2.5985412889e+04 1.5707963268e+00 -4.1059963222e+00
3.4957666671e-04 2.6003523230e+04 1.5707963268e+00 -4.1068866867e+00
3.4970872749e-04 2.6021643625e+04 1.5707963268e+00 -4.1077758101e+00
3.4984074062e-04 2.6039774060e+04 1.5707963268e+00 -4.1086636943e+00
3.4997270619e-04 2.6057914520e+04 1.5707963268e+00 -4.1095503413e+00
3.5010462427e-04 2.6076064993e+04 1.5707963268e+00 -4.1104357529e+00
3.5023649493e-04 2.6094225464e+04 1.5707963268e+00 -4.1113199310e+00
3.5036831825e-04 2.6112395920e+04 1.5707963268e+00 -4.1122028776e+00
3.5050009430e-04 2.6130576348e+04 1.5707963268e+00 -4.1130845946e+00
3.5063182315e-04 2.6148766733e+04 1.5707963268e+00 -4.1139650837e+00
3.5076350488e-04 2.6166967062e+04 1.5707963268e+00 -4.1148443470e+00
3.5089513956e-04 2.6185177321e+04 1.5707963268e+00 -4.1157223863e+00
3.5102672726e-04 2.6203397497e+04 1.5707963268e+00 -4.1165992035e+00
3.5115826807e-04 2.6221627577e+04 1.5707963268e+00 -4.1174748005e+00
3.5128976204e-04 2.6239867546e+04 1.5707963268e+00 -4.1183491792e+00
3.5142120926e-04 2.6258117391e+04 1.5707963268e+00 -4.1192223414e+00
3.5155260979e-04 2.6276377099e+04 1.5707963268e+00 -4.1200942890e+00
3.5168396371e-04 2.6294646656e+04 1.5707963268e+00 -4.1209650240e+00
3.5181527110e-04 2.6312926048e+04 1.5707963268e+00 -4.1218345481e+00
3.5194653202e-04 2.6331215262e+04 1.5707963268e+00 -4.1227028633e+00
3.5207774655e-04 2.6349514284e+04 1.5707963268e+00 -4.1235699714e+00
3.5220891475e-04 2.6367823102e+04 1.5707963268e+00 -4.1244358743e+00
3.5234003671e-04 2.6386141701e+04 1.5707963268e+00 -4.1253005739e+00
3.5247111249e-04 2.6404470068e+04 1.5707963268e+00 -4.1261640720e+00
3.5260214217e-04 2.6422808189e+04 1.5707963268e+00 -4.1270263705e+00
3.5273312582e-04 2.6441156051e+04 1.5707963268e+00 -4.1278874713e+00
3.5286406350e-04 2.6459513641e+04 1.5707963268e+00 -4.1287473761e+00
3.5299495530e-04 2.6477880945e+04 1.5707963268e+00 -4.1296060870e+00
3.5312580127e-04 2.6496257950e+04 1.5707963268e+00 -4.1304636056e+00
3.5325660151e-04 2.6514644642e+04 1.5707963268e+00 -4.1313199340e+00
3.5338735606e-04 2.6533041008e+04 1.5707963268e+00 -4.1321750738e+00
3.5351806502e-04 2.6551447035e+04 1.5707963268e+00 -4.1330290270e+00
3.5364872844e-04 2.6569862708e+04 1.5707963268e+00 -4.1338817955e+00
3.5377934640e-04 2.6588288016e+04 1.5707963268e+00 -4.1347333810e+00
3.5390991896e-04 2.6606722944e+04 1.5707963268e+00 -4.1355837855e+00
3.5404044621e-04 2.6625167479e+04 1.5707963268e+00 -4.1364330106e+00
3.5417092821e-04 2.6643621607e+04 1.5707963268e+00 -4.1372810584e+00
3.5430136503e-04 2.6662085316e+04 1.5707963268e+00 -4.1381279306e+00
3.5443175674e-04 2.6680558593e+04 1.5707963268e+00 -4.1389736290e+00
3.5456210342e-04 2.6699041423e+04 1.5707963268e+00 -4.1398181556e+00
3.5469240512e-04 2.6717533794e+04 1.5707963268e+00 -4.1406615120e+00
3.5482266193e-04 2.6736035691e+04 1.5707963268e+00 -4.1415037002e+00
3.5495287391e-04 2.6754547103e+04 1.5707963268e+00 -4.1423447219e+00
3.5508304113e-04 2.6773068016e+04 1.5707963268e+00 -4.1431845791e+00
3.5521316366e-04 2.6791598416e+04 1.5707963268e+00 -4.1440232735e+00
3.5534324157e-04 2.6810138291e+04 1.5707963268e+00 -4.1448608068e+00
3.5547327493e-04 2.6828687626e+04 1.5707963268e+00 -4.1456971811e+00
3.5560326381e-04 2.6847246410e+04 1.5707963268e+00 -4.1465323980e+00
3.5573320828e-04 2.6865814628e+04 1.5707963268e+00 -4.1473664594e+00
3.5586310841e-04 2.6884392268e+04 1.5707963268e+00 -4.1481993670e+00
3.5599296427e-04 2.6902979316e+04 1.5707963268e+00 -4.1490311228e+00
3.5612277592e-04 2.6921575759e+04 1.5707963268e+00 -4.1498617285e+00
3.5625254344e-04 2.6940181584e+04 1.5707963268e+00 -4.1506911858e+00
3.5638226689e-04 2.6958796778e+04 1.5707963268e+00 -4.1515194967e+00
3.5651194634e-04 2.6977421328e+04 1.5707963268e+00 -4.1523466628e+00
3.5664158187e-04 2.6996055221e+04 1.5707963268e+00 -4.1531726861e+00
3.5677117353e-04 2.7014698443e+04 1.5707963268e+00 -4.1539975683e+00
3.5690072140e-04 2.7033350982e+04 1.5707963268e+00 -4.1548213111e+00
3.5703022554e-04 2.7052012824e+04 1.5707963268e+00 -4.1556439165e+00
3.5715968603e-04 2.7070683957e+04 1.5707963268e+00 -4.1564653861e+00
3.5728910293e-04 2.7089364367e+04 1.5707963268e+00 -4.1572857217e+00
3.5741847631e-04 2.7108054042e+04 1.5707963268e+00 -4.1581049252e+00
3.5754780623e-04 2.7126752967e+04 1.5707963268e+00 -4.1589229983e+00
3.5767709277e-04 2.7145461131e+04 1.5707963268e+00 -4.1597399428e+00
3.5780633599e-04 2.7164178521e+04 1.5707963268e+00 -4.1605557605e+00
3.5793553596e-04 2.7182905122e+04 1.5707963268e+00 -4.1613704531e+00
3.5806469274e-04 2.7201640923e+04 1.5707963268e+00 -4.1621840225e+00
3.5819380641e-04 2.7220385911e+04 1.5707963268e+00 -4.1629964704e+00
3.5832287703e-04 2.7239140071e+04 1.5707963268e+00 -4.1638077985e+00
3.5845190466e-04 2.7257903393e+04 1.5707963268e+00 -4.1646180086e+00
3.5858088938e-04 2.7276675862e+04 1.5707963268e+00 -4.1654271026e+00
3.5870983125e-04 2.7295457466e+04 1.5707963268e+00 -4.1662350821e+00
3.5883873034e-04 2.7314248191e+04 1.5707963268e+00 -4.1670419489e+00
3.5896758671e-04 2.7333048026e+04 1.5707963268e+00 -4.1678477048e+00
3.5909640043e-04 2.7351856956e+04 1.5707963268e+00 -4.1686523515e+00
3.5922517157e-04 2.7370674970e+04 1.5707963268e+00 -4.1694558908e+00
3.5935390019e-04 2.7389502054e+04 1.5707963268e+00 -4.1702583245e+00
3.5948258636e-04 2.7408338196e+04 1.5707963268e+00 -4.1710596542e+00
3.5961123014e-04 2.7427183382e+04 1.5707963268e+00 -4.1718598817e+00
3.5973983160e-04 2.7446037600e+04 1.5707963268e+00 -4.1726590088e+00
3.5986839081e-04 2.7464900838e+04 1.5707963268e+00 -4.1734570373e+00
3.5999690783e-04 2.7483773082e+04 1.5707963268e+00 -4.1742539688e+00
3.6012538272e-04 2.7502654319e+04 1.5707963268e+00 -4.1750498051e+00
3.6025381556e-04 2.7521544537e+04 1.5707963268e+00 -4.1758445479e+00
3.6038220641e-04 2.7540443724e+04 1.5707963268e+00 -4.1766381990e+00
3.6051055532e-04 2.7559351866e+04 1.5707963268e+00 -4.1774307600e+00
3.6063886238e-04 2.7578268950e+04 1.5707963268e+00 -4.1782222328e+00
3.6076712764e-04 2.7597194965e+04 1.5707963268e+00 -4.1790126190e+00
3.6089535116e-04 2.7616129896e+04 1.5707963268e+00 -4.1798019204e+00
3.6102353302e-04 2.7635073733e+04 1.5707963268e+00 -4.1805901387e+00
3.6115167327e-04 2.7654026461e+04 1.5707963268e+00 -4.1813772756e+00
3.6127977199e-04 2.7672988069e+04 1.5707963268e+00 -4.1821633329e+00
3.6140782923e-04 2.7691958543e+04 1.5707963268e+00 -4.1829483122e+00
3.6153584506e-04 2.7710937872e+04 1.5707963268e+00 -4.1837322152e+00
3.6166381954e-04 2.7729926041e+04 1.5707963268e+00 -4.1845150437e+00
3.6179175274e-04 2.7748923040e+04 1.5707963268e+00 -4.1852967994e+00
3.6191964472e-04 2.7767928855e+04 1.5707963268e+00 -4.1860774839e+00
3.6204749555e-04 2.7786943474e+04 1.5707963268e+00 -4.1868570991e+00
3.6217530529e-04 2.7805966884e+04 1.5707963268e+00 -4.1876356465e+00
3.6230307400e-04 2.7824999073e+04 1.5707963268e+00 -4.1884131279e+00
3.6243080175e-04 2.7844040027e+04 1.5707963268e+00 -4.1891895450e+00
3.6255848859e-04 2.7863089736e+04 1.5707963268e+00 -4.1899648995e+00
3.6268613460e-04 2.7882148185e+04 1.5707963268e+00 -4.1907391931e+00
3.6281373984e-04 2.7901215363e+04 1.5707963268e+00 -4.1915124274e+00
3.6294130437e-04 2.7920291257e+04 1.5707963268e+00 -4.1922846042e+00
3.6306882824e-04 2.7939375855e+04 1.5707963268e+00 -4.1930557251e+00
3.6319631154e-04 2.7958469144e+04 1.5707963268e+00 -4.1938257918e+00
3.6332375431e-04 2.7977571112e+04 1.5707963268e+00 -4.1945948060e+00
3.6345115662e-04 2.7996681747e+04 1.5707963268e+00 -4.1953627694e+00
3.6357851854e-04 2.8015801035e+04 1.5707963268e+00 -4.1961296836e+00
3.6370584012e-04 2.8034928965e+04 1.5707963268e+00 -4.1968955504e+00
3.6383312143e-04 2.8054065524e+04 1.5707963268e+00 -4.1976603714e+00
3.6396036253e-04 2.8073210700e+04 1.5707963268e+00 -4.1984241483e+00
3.6408756348e-04 2.8092364481e+04 1.5707963268e+00 -4.1991868826e+00
3.6421472435e-04 2.8111526854e+04 1.5707963268e+00 -4.1999485762e+00
3.6434184519e-04 2.8130697806e+04 1.5707963268e+00 -4.2007092307e+00
3.6446892607e-04 2.8149877327e+04 1.5707963268e+00 -4.2014688477e+00
3.6459596705e-04 2.8169065402e+04 1.5707963268e+00 -4.2022274289e+00
3.6472296819e-04 2.8188262021e+04 1.5707963268e+00 -4.2029849759e+00
3.6484992956e-04 2.8207467170e+04 1.5707963268e+00 -4.2037414904e+00
3.6497685120e-04 2.8226680838e+04 1.5707963268e+00 -4.2044969740e+00
3.6510373320e-04 2.8245903011e+04 1.5707963268e+00 -4.2052514285e+00
3.6523057560e-04 2.8265133679e+04 1.5707963268e+00 -4.2060048554e+00
3.6535737847e-04 2.8284372829e+04 1.5707963268e+00 -4.2067572564e+00
3.6548414187e-04 2.8303620448e+04 1.5707963268e+00 -4.2075086331e+00
3.6561086585e-04 2.8322876525e+04 1.5707963268e+00 -4.2082589872e+00
3.6573755049e-04 2.8342141047e+04 1.5707963268e+00 -4.2090083203e+00
3.6586419584e-04 2.8361414002e+04 1.5707963268e+00 -4.2097566340e+00
3.6599080196e-04 2.8380695378e+04 1.5707963268e+00 -4.2105039300e+00
3.6611736891e-04 2.8399985163e+04 1.5707963268e+00 -4.2112502100e+00
3.6624389676e-04 2.8419283344e+04 1.5707963268e+00 -4.2119954754e+00
3.6637038556e-04 2.8438589910e+04 1.5707963268e+00 -4.2127397280e+00
3.6649683537e-04 2.8457904849e+04 1.5707963268e+00 -4.2134829695e+00
3.6662324625e-04 2.8477228148e+04 1.5707963268e+00 -4.2142252013e+00
3.6674961826e-04 2.8496559796e+04 1.5707963268e+00 -4.2149664251e+00
3.6687595147e-04 2.8515899779e+04 1.5707963268e+00 -4.2157066426e+00
3.6700224593e-04 2.8535248087e+04 1.5707963268e+00 -4.2164458554e+00
3.6712850170e-04 2.8554604708e+04 1.5707963268e+00 -4.2171840650e+00
3.6725471885e-04 2.8573969629e+04 1.5707963268e+00 -4.2179212732e+00
3.6738089742e-04 2.8593342838e+04 1.5707963268e+00 -4.2186574814e+00
3.6750703749e-04 2.8612724323e+04 1.5707963268e+00 -4.2193926913e+00
3.6763313910e-04 2.8632114073e+04 1.5707963268e+00 -4.2201269045e+00
3.6775920232e-04 2.8651512075e+04 1.5707963268e+00 -4.2208601226e+00
3.6788522721e-04 2.8670918318e+04 1.5707963268e+00 -4.2215923472e+00
3.6801121382e-04 2.8690332789e+04 1.5707963268e+00 -4.2223235800e+00
3.6813716223e-04 2.8709755477e+04 1.5707963268e+00 -4.2230538224e+00
3.6826307247e-04 2.8729186370e+04 1.5707963268e+00 -4.2237830761e+00
3.6838894462e-04 2.8748625456e+04 1.5707963268e+00 -4.2245113426e+00
3.6851477872e-04 2.8768072723e+04 1.5707963268e+00 -4.2252386237e+00
3.6864057485e-04 2.8787528159e+04 1.5707963268e+00 -4.2259649208e+00
3.6876633306e-04 2.8806991752e+04 1.5707963268e+00 -4.2266902355e+00
3.6889205340e-04 2.8826463491e+04 1.5707963268e+00 -4.2274145694e+00
3.6901773593e-04 2.8845943364e+04 1.5707963268e+00 -4.2281379241e+00
3.6914338072e-04 2.8865431359e+04 1.5707963268e+00 -4.2288603012e+00
3.6926898781e-04 2.8884927464e+04 1.5707963268e+00 -4.2295817023e+00
3.6939455727e-04 2.8904431667e+04 1.5707963268e+00 -4.2303021288e+00
3.6952008916e-04 2.8923943958e+04 1.5707963268e+00 -4.2310215824e+00
3.6964558353e-04 2.8943464323e+04 1.5707963268e+00 -4.2317400647e+00
3.6977104044e-04 2.8962992751e+04 1.5707963268e+00 -4.2324575772e+00
3.6989645995e-04 2.8982529231e+04 1.5707963268e+00 -4.2331741214e+00
3.7002184212e-04 2.9002073751e+04 1.5707963268e+00 -4.2338896990e+00
3.7014718699e-04 2.9021626299e+04 1.5707963268e+00 -4.2346043115e+00
3.7027249464e-04 2.9041186863e+04 1.5707963268e+00 -4.2353179604e+00
3.7039776511e-04 2.9060755432e+04 1.5707963268e+00 -4.2360306474e+00
3.7052299846e-04 2.9080331995e+04 1.5707963268e+00 -4.2367423738e+00
3.7064819476e-04 2.9099916539e+04 1.5707963268e+00 -4.2374531414e+00
3.7077335405e-04 2.9119509054e+04 1.5707963268e+00 -4.2381629517e+00
3.7089847639e-04 2.9139109526e+04 1.5707963268e+00 -4.2388718061e+00
3.7102356185e-04 2.9158717946e+04 1.5707963268e+00 -4.2395797063e+00
3.7114861047e-04 2.9178334301e+04 1.5707963268e+00 -4.2402866537e+00
3.7127362231e-04 2.9197958579e+04 1.5707963268e+00 -4.2409926499e+00
3.7139859743e-04 2.9217590770e+04 1.5707963268e+00 -4.2416976965e+00
3.7152353588e-04 2.9237230861e+04 1.5707963268e+00 -4.2424017950e+00
3.7164843773e-04 2.9256878842e+04 1.5707963268e+00 -4.2431049469e+00
3.7177330302e-04 2.9276534701e+04 1.5707963268e+00 -4.2438071537e+00
3.7189813182e-04 2.9296198425e+04 1.5707963268e+00 -4.2445084170e+00
3.7202292417e-04 2.9315870005e+04 1.5707963268e+00 -4.2452087382e+00
3.7214768014e-04 2.9335549428e+04 1.5707963268e+00 -4.2459081190e+00
3.7227239977e-04 2.9355236682e+04 1.5707963268e+00 -4.2466065608e+00
3.7239708313e-04 2.9374931757e+04 1.5707963268e+00 -4.2473040652e+00
3.7252173027e-04 2.9394634642e+04 1.5707963268e+00 -4.2480006336e+00
3.7264634125e-04 2.9414345324e+04 1.5707963268e+00 -4.2486962675e+00
3.7277091611e-04 2.9434063792e+04 1.5707963268e+00 -4.2493909686e+00
3.7289545492e-04 2.9453790035e+04 1.5707963268e+00 -4.2500847382e+00
3.7301995773e-04 2.9473524042e+04 1.5707963268e+00 -4.2507775780e+00
3.7314442460e-04 2.9493265801e+04 1.5707963268e+00 -4.2514694893e+00
3.7326885558e-04 2.9513015302e+04 1.5707963268e+00 -4.2521604737e+00
3.7339325072e-04 2.9532772532e+04 1.5707963268e+00 -4.2528505327e+00
3.7351761007e-04 2.9552537480e+04 1.5707963268e+00 -4.2535396678e+00
3.7364193371e-04 2.9572310135e+04 1.5707963268e+00 -4.2542278805e+00
3.7376622167e-04 2.9592090486e+04 1.5707963268e+00 -4.2549151723e+00
3.7389047401e-04 2.9611878522e+04 1.5707963268e+00 -4.2556015447e+00
3.7401469079e-04 2.9631674231e+04 1.5707963268e+00 -4.2562869991e+00
3.7413887206e-04 2.9651477603e+04 1.5707963268e+00 -4.2569715370e+00
3.7426301787e-04 2.9671288625e+04 1.5707963268e+00 -4.2576551600e+00
3.7438712828e-04 2.9691107288e+04 1.5707963268e+00 -4.2583378694e+00
3.7451120335e-04 2.9710933578e+04 1.5707963268e+00 -4.2590196669e+00
3.7463524311e-04 2.9730767487e+04 1.5707963268e+00 -4.2597005538e+00
3.7475924764e-04 2.9750609001e+04 1.5707963268e+00 -4.2603805316e+00
3.7488321698e-04 2.9770458111e+04 1.5707963268e+00 -4.2610596018e+00
3.7500715119e-04 2.9790314805e+04 1.5707963268e+00 -4.2617377659e+00
3.7513105032e-04 2.9810179072e+04 1.5707963268e+00 -4.2624150254e+00
3.7525491441e-04 2.9830050901e+04 1.5707963268e+00 -4.2630913816e+00
3.7537874354e-04 2.9849930280e+04 1.5707963268e+00 -4.2637668361e+00
3.7550253774e-04 2.9869817200e+04 1.5707963268e+00 -4.2644413904e+00
3.7562629708e-04 2.9889711648e+04 1.5707963268e+00 -4.2651150458e+00
3.7575002160e-04 2.9909613614e+04 1.5707963268e+00 -4.2657878039e+00
3.7587371135e-04 2.9929523086e+04 1.5707963268e+00 -4.2664596660e+00
3.7599736640e-04 2.9949440055e+04 1.5707963268e+00 -4.2671306337e+00
3.7612098679e-04 2.9969364508e+04 1.5707963268e+00 -4.2678007084e+00
3.7624457257e-04 2.9989296434e+04 1.5707963268e+00 -4.2684698915e+00
3.7636812381e-04 3.0009235824e+04 1.5707963268e+00 -4.2691381846e+00
3.7649164054e-04 3.0029182665e+04 1.5707963268e+00 -4.2698055889e+00
3.7661512282e-04 3.0049136948e+04 1.5707963268e+00 -4.2704721060e+00
3.7673857071e-04 3.0069098660e+04 1.5707963268e+00 -4.2711377373e+00
3.7686198425e-04 3.0089067792e+04 1.5707963268e+00 -4.2718024843e+00
3.7698536350e-04 3.0109044331e+04 1.5707963268e+00 -4.2724663483e+00
3.7710870851e-04 3.0129028269e+04 1.5707963268e+00 -4.2731293308e+00
3.7723201934e-04 3.0149019592e+04 1.5707963268e+00 -4.2737914332e+00
3.7735529602e-04 3.0169018292e+04 1.5707963268e+00 -4.2744526571e+00
3.7747853862e-04 3.0189024356e+04 1.5707963268e+00 -4.2751130037e+00
3.7760174719e-04 3.0209037774e+04 1.5707963268e+00 -4.2757724745e+00
3.7772492177e-04 3.0229058536e+04 1.5707963268e+00 -4.2764310709e+00
3.7784806242e-04 3.0249086630e+04 1.5707963268e+00 -4.2770887944e+00
3.7797116920e-04 3.0269122046e+04 1.5707963268e+00 -4.2777456463e+00
3.7809424214e-04 3.0289164773e+04 1.5707963268e+00 -4.2784016281e+00
3.7821728130e-04 3.0309214800e+04 1.5707963268e+00 -4.2790567412e+00
3.7834028674e-04 3.0329272117e+04 1.5707963268e+00 -4.2797109869e+00
3.7846325850e-04 3.0349336712e+04 1.5707963268e+00 -4.2803643668e+00
3.7858619664e-04 3.0369408576e+04 1.5707963268e+00 -4.2810168822e+00
3.7870910120e-04 3.0389487697e+04 1.5707963268e+00 -4.2816685345e+00
3.7883197224e-04 3.0409574064e+04 1.5707963268e+00 -4.2823193250e+00
3.7895480980e-04 3.0429667668e+04 1.5707963268e+00 -4.2829692553e+00
3.7907761394e-04 3.0449768498e+04 1.5707963268e+00 -4.2836183267e+00
3.7920038471e-04 3.0469876542e+04 1.5707963268e+00 -4.2842665406e+00
3.7932312215e-04 3.0489991791e+04 1.5707963268e+00 -4.2849138983e+00
3.7944582632e-04 3.0510114233e+04 1.5707963268e+00 -4.2855604013e+00
3.7956849727e-04 3.0530243858e+04 1.5707963268e+00 -4.2862060510e+00
3.7969113504e-04 3.0550380656e+04 1.5707963268e+00 -4.2868508487e+00
3.7981373970e-04 3.0570524616e+04 1.5707963268e+00 -4.2874947958e+00
3.7993631127e-04 3.0590675727e+04 1.5707963268e+00 -4.2881378938e+00
3.8005884983e-04 3.0610833980e+04 1.5707963268e+00 -4.2887801439e+00
3.8018135541e-04 3.0630999362e+04 1.5707963268e+00 -4.2894215476e+00
3.8030382807e-04 3.0651171865e+04 1.5707963268e+00 -4.2900621062e+00
3.8042626785e-04 3.0671351477e+04 1.5707963268e+00 -4.2907018211e+00
3.8054867480e-04 3.0691538188e+04 1.5707963268e+00 -4.2913406937e+00
3.8067104898e-04 3.0711731988e+04 1.5707963268e+00 -4.2919787253e+00
3.8079339043e-04 3.0731932866e+04 1.5707963268e+00 -4.2926159173e+00
3.8091569920e-04 3.0752140812e+04 1.5707963268e+00 -4.2932522711e+00
3.8103797534e-04 3.0772355815e+04 1.5707963268e+00 -4.2938877880e+00
3.8116021890e-04 3.0792577865e+04 1.5707963268e+00 -4.2945224694e+00
3.8128242993e-04 3.0812806951e+04 1.5707963268e+00 -4.2951563166e+00
3.8140460848e-04 3.0833043064e+04 1.5707963268e+00 -4.2957893310e+00
3.8152675459e-04 3.0853286192e+04 1.5707963268e+00 -4.2964215140e+00
3.8164886832e-04 3.0873536326e+04 1.5707963268e+00 -4.2970528668e+00
3.8177094970e-04 3.0893793455e+04 1.5707963268e+00 -4.2976833909e+00
3.8189299880e-04 3.0914057569e+04 1.5707963268e+00 -4.2983130876e+00
3.8201501566e-04 3.0934328658e+04 1.5707963268e+00 -4.2989419582e+00
3.8213700033e-04 3.0954606711e+04 1.5707963268e+00 -4.2995700041e+00
3.8225895285e-04 3.0974891718e+04 1.5707963268e+00 -4.3001972266e+00
3.8238087327e-04 3.0995183669e+04 1.5707963268e+00 -4.3008236270e+00
3.8250276164e-04 3.1015482553e+04 1.5707963268e+00 -4.3014492067e+00
3.8262461802e-04 3.1035788361e+04 1.5707963268e+00 -4.3020739670e+00
3.8274644244e-04 3.1056101082e+04 1.5707963268e+00 -4.3026979093e+00
3.8286823495e-04 3.1076420706e+04 1.5707963268e+00 -4.3033210348e+00
3.8298999561e-04 3.1096747223e+04 1.5707963268e+00 -4.3039433449e+00
3.8311172445e-04 3.1117080623e+04 1.5707963268e+00 -4.3045648410e+00
3.8323342154e-04 3.1137420895e+04 1.5707963268e+00 -4.3051855243e+00
3.8335508690e-04 3.1157768029e+04 1.5707963268e+00 -4.3058053961e+00
3.8347672060e-04 3.1178122016e+04 1.5707963268e+00 -4.3064244578e+00
3.8359832268e-04 3.1198482844e+04 1.5707963268e+00 -4.3070427107e+00
3.8371989318e-04 3.1218850505e+04 1.5707963268e+00 -4.3076601561e+00
3.8384143216e-04 3.1239224988e+04 1.5707963268e+00 -4.3082767953e+00
3.8396293965e-04 3.1259606283e+04 1.5707963268e+00 -4.3088926296e+00
3.8408441571e-04 3.1279994380e+04 1.5707963268e+00 -4.3095076604e+00
3.8420586039e-04 3.1300389269e+04 1.5707963268e+00 -4.3101218889e+00
3.8432727372e-04 3.1320790939e+04 1.5707963268e+00 -4.3107353164e+00
3.8444865576e-04 3.1341199382e+04 1.5707963268e+00 -4.3113479442e+00
3.8457000656e-04 3.1361614586e+04 1.5707963268e+00 -4.3119597737e+00
3.8469132615e-04 3.1382036542e+04 1.5707963268e+00 -4.3125708061e+00
3.8481261459e-04 3.1402465240e+04 1.5707963268e+00 -4.3131810427e+00
3.8493387192e-04 3.1422900670e+04 1.5707963268e+00 -4.3137904849e+00
3.8505509819e-04 3.1443342822e+04 1.5707963268e+00 -4.3143991338e+00
3.8517629344e-04 3.1463791686e+04 1.5707963268e+00 -4.3150069908e+00
3.8529745772e-04 3.1484247253e+04 1.5707963268e+00 -4.3156140572e+00
3.8541859108e-04 3.1504709512e+04 1.5707963268e+00 -4.3162203343e+00
3.8553969356e-04 3.1525178453e+04 1.5707963268e+00 -4.3168258233e+00
3.8566076521e-04 3.1545654067e+04 1.5707963268e+00 -4.3174305255e+00
3.8578180607e-04 3.1566136344e+04 1.5707963268e+00 -4.3180344422e+00
3.8590281619e-04 3.1586625273e+04 1.5707963268e+00 -4.3186375747e+00
3.8602379561e-04 3.1607120846e+04 1.5707963268e+00 -4.3192399242e+00
3.8614474438e-04 3.1627623052e+04 1.5707963268e+00 -4.3198414920e+00
3.8626566255e-04 3.1648131882e+04 1.5707963268e+00 -4.3204422794e+00
3.8638655016e-04 3.1668647325e+04 1.5707963268e+00 -4.3210422876e+00
3.8650740726e-04 3.1689169373e+04 1.5707963268e+00 -4.3216415179e+00
3.8662823388e-04 3.1709698014e+04 1.5707963268e+00 -4.3222399716e+00
3.8674903008e-04 3.1730233241e+04 1.5707963268e+00 -4.3228376500e+00
3.8686979590e-04 3.1750775042e+04 1.5707963268e+00 -4.3234345542e+00
3.8699053139e-04 3.1771323408e+04 1.5707963268e+00 -4.3240306855e+00
3.8711123658e-04 3.1791878329e+04 1.5707963268e+00 -4.3246260453e+00
3.8723191154e-04 3.1812439796e+04 1.5707963268e+00 -4.3252206347e+00
3.8735255629e-04 3.1833007800e+04 1.5707963268e+00 -4.3258144550e+00
3.8747317088e-04 3.1853582329e+04 1.5707963268e+00 -4.3264075074e+00
3.8759375536e-04 3.1874163376e+04 1.5707963268e+00 -4.3269997933e+00
3.8771430978e-04 3.1894750929e+04 1.5707963268e+00 -4.3275913137e+00
3.8783483417e-04 3.1915344981e+04 1.5707963268e+00 -4.3281820701e+00
3.8795532859e-04 3.1935945520e+04 1.5707963268e+00 -4.3287720635e+00
3.8807579307e-04 3.1956552537e+04 1.5707963268e+00 -4.3293612953e+00
3.8819622766e-04 3.1977166024e+04 1.5707963268e+00 -4.3299497667e+00
3.8831663240e-04 3.1997785970e+04 1.5707963268e+00 -4.3305374789e+00
3.8843700734e-04 3.2018412365e+04 1.5707963268e+00 -4.3311244331e+00
3.8855735252e-04 3.2039045201e+04 1.5707963268e+00 -4.3317106306e+00
3.8867766798e-04 3.2059684467e+04 1.5707963268e+00 -4.3322960727e+00
3.8879795378e-04 3.2080330155e+04 1.5707963268e+00 -4.3328807604e+00
3.8891820995e-04 3.2100982254e+04 1.5707963268e+00 -4.3334646951e+00
3.8903843653e-04 3.2121640756e+04 1.5707963268e+00 -4.3340478780e+00
3.8915863357e-04 3.2142305650e+04 1.5707963268e+00 -4.3346303102e+00
3.8927880111e-04 3.2162976928e+04 1.5707963268e+00 -4.3352119931e+00
3.8939893920e-04 3.2183654580e+04 1.5707963268e+00 -4.3357929278e+00
3.8951904788e-04 3.2204338596e+04 1.5707963268e+00 -4.3363731155e+00
3.8963912719e-04 3.2225028967e+04 1.5707963268e+00 -4.3369525574e+00
3.8975917718e-04 3.2245725685e+04 1.5707963268e+00 -4.3375312548e+00
3.8987919788e-04 3.2266428738e+04 1.5707963268e+00 -4.3381092089e+00
3.8999918934e-04 3.2287138119e+04 1.5707963268e+00 -4.3386864208e+00
3.9011915161e-04 3.2307853817e+04 1.5707963268e+00 -4.3392628918e+00
3.9023908473e-04 3.2328575824e+04 1.5707963268e+00 -4.3398386230e+00
3.9035898873e-04 3.2349304130e+04 1.5707963268e+00 -4.3404136157e+00
3.9047886367e-04 3.2370038725e+04 1.5707963268e+00 -4.3409878711e+00
3.9059870958e-04 3.2390779602e+04 1.5707963268e+00 -4.3415613903e+00
3.9071852650e-04 3.2411526749e+04 1.5707963268e+00 -4.3421341746e+00
3.9083831449e-04 3.2432280158e+04 1.5707963268e+00 -4.3427062251e+00
3.9095807357e-04 3.2453039820e+04 1.5707963268e+00 -4.3432775430e+00
3.9107780380e-04 3.2473805725e+04 1.5707963268e+00 -4.3438481295e+00
3.9119750522e-04 3.2494577865e+04 1.5707963268e+00 -4.3444179858e+00
3.9131717786e-04 3.2515356230e+04 1.5707963268e+00 -4.3449871131e+00
3.9143682177e-04 3.2536140810e+04 1.5707963268e+00 -4.3455555125e+00
3.9155643700e-04 3.2556931598e+04 1.5707963268e+00 -4.3461231853e+00
3.9167602358e-04 3.2577728582e+04 1.5707963268e+00 -4.3466901326e+00
3.9179558155e-04 3.2598531756e+04 1.5707963268e+00 -4.3472563555e+00
3.9191511096e-04 3.2619341108e+04 1.5707963268e+00 -4.3478218553e+00
3.9203461184e-04 3.2640156631e+04 1.5707963268e+00 -4.3483866332e+00
3.9215408425e-04 3.2660978314e+04 1.5707963268e+00 -4.3489506902e+00
3.9227352822e-04 3.2681806150e+04 1.5707963268e+00 -4.3495140276e+00
3.9239294379e-04 3.2702640128e+04 1.5707963268e+00 -4.3500766465e+00
3.9251233101e-04 3.2723480240e+04 1.5707963268e+00 -4.3506385481e+00
3.9263168991e-04 3.2744326477e+04 1.5707963268e+00 -4.3511997335e+00
3.9275102053e-04 3.2765178829e+04 1.5707963268e+00 -4.3517602039e+00
3.9287032293e-04 3.2786037288e+04 1.5707963268e+00 -4.3523199605e+00
3.9298959713e-04 3.2806901845e+04 1.5707963268e+00 -4.3528790045e+00
3.9310884318e-04 3.2827772491e+04 1.5707963268e+00 -4.3534373368e+00
3.9322806113e-04 3.2848649216e+04 1.5707963268e+00 -4.3539949588e+00
3.9334725100e-04 3.2869532011e+04 1.5707963268e+00 -4.3545518716e+00
3.9346641284e-04 3.2890420869e+04 1.5707963268e+00 -4.3551080762e+00
3.9358554670e-04 3.2911315779e+04 1.5707963268e+00 -4.3556635739e+00
3.9370465261e-04 3.2932216733e+04 1.5707963268e+00 -4.3562183659e+00
3.9382373062e-04 3.2953123722e+04 1.5707963268e+00 -4.3567724531e+00
3.9394278075e-04 3.2974036738e+04 1.5707963268e+00 -4.3573258368e+00
3.9406180307e-04 3.2994955770e+04 1.5707963268e+00 -4.3578785182e+00
3.9418079759e-04 3.3015880810e+04 1.5707963268e+00 -4.3584304983e+00
3.9429976437e-04 3.3036811850e+04 1.5707963268e+00 -4.3589817782e+00
3.9441870345e-04 3.3057748881e+04 1.5707963268e+00 -4.3595323592e+00
3.9453761486e-04 3.3078691893e+04 1.5707963268e+00 -4.3600822423e+00
3.9465649864e-04 3.3099640878e+04 1.5707963268e+00 -4.3606314287e+00
3.9477535485e-04 3.3120595827e+04 1.5707963268e+00 -4.3611799195e+00
3.9489418350e-04 3.3141556731e+04 1.5707963268e+00 -4.3617277158e+00
3.9501298465e-04 3.3162523582e+04 1.5707963268e+00 -4.3622748187e+00
3.9513175833e-04 3.3183496371e+04 1.5707963268e+00 -4.3628212294e+00
3.9525050459e-04 3.3204475089e+04 1.5707963268e+00 -4.3633669490e+00
3.9536922346e-04 3.3225459726e+04 1.5707963268e+00 -4.3639119785e+00
3.9548791498e-04 3.3246450276e+04 1.5707963268e+00 -4.3644563192e+00
3.9560657920e-04 3.3267446728e+04 1.5707963268e+00 -4.3649999721e+00
3.9572521615e-04 3.3288449074e+04 1.5707963268e+00 -4.3655429383e+00
3.9584382586e-04 3.3309457306e+04 1.5707963268e+00 -4.3660852189e+00
3.9596240839e-04 3.3330471414e+04 1.5707963268e+00 -4.3666268150e+00
3.9608096377e-04 3.3351491390e+04 1.5707963268e+00 -4.3671677278e+00
3.9619949203e-04 3.3372517226e+04 1.5707963268e+00 -4.3677079584e+00
3.9631799323e-04 3.3393548912e+04 1.5707963268e+00 -4.3682475078e+00
3.9643646738e-04 3.3414586441e+04 1.5707963268e+00 -4.3687863771e+00
3.9655491455e-04 3.3435629803e+04 1.5707963268e+00 -4.3693245674e+00
3.9667333475e-04 3.3456678990e+04 1.5707963268e+00 -4.3698620799e+00
3.9679172804e-04 3.3477733994e+04 1.5707963268e+00 -4.3703989157e+00
3.9691009446e-04 3.3498794805e+04 1.5707963268e+00 -4.3709350757e+00
3.9702843403e-04 3.3519861415e+04 1.5707963268e+00 -4.3714705611e+00
3.9714674680e-04 3.3540933816e+04 1.5707963268e+00 -4.3720053731e+00
3.9726503280e-04 3.3562012000e+04 1.5707963268e+00 -4.3725395126e+00
3.9738329208e-04 3.3583095956e+04 1.5707963268e+00 -4.3730729808e+00
3.9750152468e-04 3.3604185678e+04 1.5707963268e+00 -4.3736057787e+00
3.9761973062e-04 3.3625281157e+04 1.5707963268e+00 -4.3741379074e+00
3.9773790996e-04 3.3646382384e+04 1.5707963268e+00 -4.3746693680e+00
3.9785606272e-04 3.3667489350e+04 1.5707963268e+00 -4.3752001616e+00
3.9797418895e-04 3.3688602047e+04 1.5707963268e+00 -4.3757302893e+00
3.9809228868e-04 3.3709720468e+04 1.5707963268e+00 -4.3762597520e+00
3.9821036196e-04 3.3730844603e+04 1.5707963268e+00 -4.3767885510e+00
3.9832840881e-04 3.3751974443e+04 1.5707963268e+00 -4.3773166872e+00
3.9844642929e-04 3.3773109981e+04 1.5707963268e+00 -4.3778441618e+00
3.9856442341e-04 3.3794251209e+04 1.5707963268e+00 -4.3783709757e+00
3.9868239123e-04 3.3815398117e+04 1.5707963268e+00 -4.3788971301e+00
3.9880033278e-04 3.3836550697e+04 1.5707963268e+00 -4.3794226260e+00
3.9891824810e-04 3.3857708942e+04 1.5707963268e+00 -4.3799474644e+00
3.9903613722e-04 3.3878872842e+04 1.5707963268e+00 -4.3804716465e+00
3.9915400019e-04 3.3900042390e+04 1.5707963268e+00 -4.3809951733e+00
3.9927183703e-04 3.3921217576e+04 1.5707963268e+00 -4.3815180458e+00
3.9938964779e-04 3.3942398394e+04 1.5707963268e+00 -4.3820402651e+00
3.9950743251e-04 3.3963584834e+04 1.5707963268e+00 -4.3825618323e+00
3.9962519122e-04 3.3984776888e+04 1.5707963268e+00 -4.3830827483e+00
3.9974292395e-04 3.4005974548e+04 1.5707963268e+00 -4.3836030143e+00
3.9986063076e-04 3.4027177806e+04 1.5707963268e+00 -4.3841226313e+00
3.9997831166e-04 3.4048386654e+04 1.5707963268e+00 -4.3846416002e+00
4.0009596670e-04 3.4069601082e+04 1.5707963268e+00 -4.3851599223e+00
4.0021359592e-04 3.4090821084e+04 1.5707963268e+00 -4.3856775984e+00
4.0033119935e-04 3.4112046651e+04 1.5707963268e+00 -4.3861946297e+00
4.0044877703e-04 3.4133277774e+04 1.5707963268e+00 -4.3867110171e+00
4.0056632899e-04 3.4154514446e+04 1.5707963268e+00 -4.3872267618e+00
4.0068385528e-04 3.4175756658e+04 1.5707963268e+00 -4.3877418647e+00
4.0080135593e-04 3.4197004402e+04 1.5707963268e+00 -4.3882563268e+00
4.0091883097e-04 3.4218257670e+04 1.5707963268e+00 -4.3887701493e+00
4.0103628044e-04 3.4239516455e+04 1.5707963268e+00 -4.3892833331e+00
4.0115370438e-04 3.4260780747e+04 1.5707963268e+00 -4.3897958792e+00
4.0127110282e-04 3.4282050539e+04 1.5707963268e+00 -4.3903077887e+00
4.0138847580e-04 3.4303325822e+04 1.5707963268e+00 -4.3908190626e+00
4.0150582336e-04 3.4324606589e+04 1.5707963268e+00 -4.3913297019e+00
4.0162314553e-04 3.4345892832e+04 1.5707963268e+00 -4.3918397077e+00
4.0174044235e-04 3.4367184542e+04 1.5707963268e+00 -4.3923490809e+00
4.0185771385e-04 3.4388481712e+04 1.5707963268e+00 -4.3928578225e+00
4.0197496007e-04 3.4409784333e+04 1.5707963268e+00 -4.3933659336e+00
4.0209218105e-04 3.4431092398e+04 1.5707963268e+00 -4.3938734152e+00
4.0220937681e-04 3.4452405898e+04 1.5707963268e+00 -4.3943802683e+00
4.0232654741e-04 3.4473724825e+04 1.5707963268e+00 -4.3948864939e+00
4.0244369286e-04 3.4495049172e+04 1.5707963268e+00 -4.3953920930e+00
4.0256081321e-04 3.4516378931e+04 1.5707963268e+00 -4.3958970665e+00
4.0267790850e-04 3.4537714093e+04 1.5707963268e+00 -4.3964014156e+00
4.0279497875e-04 3.4559054651e+04 1.5707963268e+00 -4.3969051412e+00
4.0291202400e-04 3.4580400596e+04 1.5707963268e+00 -4.3974082443e+00
4.0302904430e-04 3.4601751922e+04 1.5707963268e+00 -4.3979107259e+00
4.0314603967e-04 3.4623108619e+04 1.5707963268e+00 -4.3984125870e+00
4.0326301014e-04 3.4644470680e+04 1.5707963268e+00 -4.3989138286e+00
4.0337995576e-04 3.4665838098e+04 1.5707963268e+00 -4.3994144517e+00
4.0349687656e-04 3.4687210864e+04 1.5707963268e+00 -4.3999144572e+00
4.0361377258e-04 3.4708588970e+04 1.5707963268e+00 -4.4004138462e+00
4.0373064384e-04 3.4729972409e+04 1.5707963268e+00 -4.4009126197e+00
4.0384749038e-04 3.4751361173e+04 1.5707963268e+00 -4.4014107785e+00
4.0396431224e-04 3.4772755254e+04 1.5707963268e+00 -4.4019083238e+00
4.0408110946e-04 3.4794154644e+04 1.5707963268e+00 -4.4024052565e+00
4.0419788206e-04 3.4815559336e+04 1.5707963268e+00 -4.4029015775e+00
4.0431463009e-04 3.4836969321e+04 1.5707963268e+00 -4.4033972879e+00
4.0443135357e-04 3.4858384592e+04 1.5707963268e+00 -4.4038923886e+00
4.0454805254e-04 3.4879805142e+04 1.5707963268e+00 -4.4043868805e+00
4.0466472704e-04 3.4901230961e+04 1.5707963268e+00 -4.4048807648e+00
4.0478137709e-04 3.4922662044e+04 1.5707963268e+00 -4.4053740423e+00
4.0489800274e-04 3.4944098381e+04 1.5707963268e+00 -4.4058667140e+00
4.0501460402e-04 3.4965539966e+04 1.5707963268e+00 -4.4063587809e+00
4.0513118096e-04 3.4986986791e+04 1.5707963268e+00 -4.4068502439e+00
4.0524773359e-04 3.5008438847e+04 1.5707963268e+00 -4.4073411040e+00
4.0536426196e-04 3.5029896128e+04 1.5707963268e+00 -4.4078313622e+00
4.0548076609e-04 3.5051358625e+04 1.5707963268e+00 -4.4083210194e+00
4.0559724601e-04 3.5072826332e+04 1.5707963268e+00 -4.4088100766e+00
4.0571370177e-04 3.5094299239e+04 1.5707963268e+00 -4.4092985347e+00
4.0583013339e-04 3.5115777341e+04 1.5707963268e+00 -4.4097863947e+00
4.0594654091e-04 3.5137260629e+04 1.5707963268e+00 -4.4102736576e+00
4.0606292437e-04 3.5158749095e+04 1.5707963268e+00 -4.4107603243e+00
4.0617928379e-04 3.5180242732e+04 1.5707963268e+00 -4.4112463957e+00
4.0629561921e-04 3.5201741533e+04 1.5707963268e+00 -4.4117318728e+00
4.0641193066e-04 3.5223245489e+04 1.5707963268e+00 -4.4122167566e+00
4.0652821818e-04 3.5244754594e+04 1.5707963268e+00 -4.4127010479e+00
4.0664448180e-04 3.5266268840e+04 1.5707963268e+00 -4.4131847478e+00
4.0676072155e-04 3.5287788219e+04 1.5707963268e+00 -4.4136678572e+00
4.0687693747e-04 3.5309312724e+04 1.5707963268e+00 -4.4141503770e+00
4.0699312959e-04 3.5330842347e+04 1.5707963268e+00 -4.4146323081e+00
4.0710929794e-04 3.5352377081e+04 1.5707963268e+00 -4.4151136516e+00
4.0722544255e-04 3.5373916918e+04 1.5707963268e+00 -4.4155944082e+00
4.0734156347e-04 3.5395461851e+04 1.5707963268e+00 -4.4160745790e+00
4.0745766071e-04 3.5417011873e+04 1.5707963268e+00 -4.4165541649e+00
4.0757373432e-04 3.5438566975e+04 1.5707963268e+00 -4.4170331669e+00
4.0768978433e-04 3.5460127152e+04 1.5707963268e+00 -4.4175115857e+00
