0.0000000000e+00 1.5344764078e+04 1.5707963268e+00 0.0000000000e+00
2.2773251136e-07 1.5344764078e+04 1.5707963268e+00 -2.8901734104e-03
4.5546502272e-07 1.5344781119e+04 1.5707963268e+00 -5.7803468208e-03
6.8319718764e-07 1.5344815200e+04 1.5707963268e+00 -8.6705138120e-03
9.1092865967e-07 1.5344866323e+04 1.5707963268e+00 -1.1560667965e-02
1.1386590924e-06 1.5344934486e+04 1.5707963268e+00 -1.4450802860e-02
1.3663881394e-06 1.5345019691e+04 1.5707963268e+00 -1.7340912078e-02
1.5941154542e-06 1.5345121937e+04 1.5707963268e+00 -2.0230989202e-02
1.8218406905e-06 1.5345241226e+04 1.5707963268e+00 -2.3121027811e-02
2.0495635020e-06 1.5345377556e+04 1.5707963268e+00 -2.6011021487e-02
2.2772835422e-06 1.5345530929e+04 1.5707963268e+00 -2.8900963813e-02
2.5050004649e-06 1.5345701346e+04 1.5707963268e+00 -3.1790848371e-02
2.7327139238e-06 1.5345888806e+04 1.5707963268e+00 -3.4680668742e-02
2.9604235727e-06 1.5346093311e+04 1.5707963268e+00 -3.7570418511e-02
3.1881290654e-06 1.5346314861e+04 1.5707963268e+00 -4.0460091259e-02
3.4158300558e-06 1.5346553458e+04 1.5707963268e+00 -4.3349680572e-02
3.6435261979e-06 1.5346809101e+04 1.5707963268e+00 -4.6239180033e-02
3.8712171455e-06 1.5347081793e+04 1.5707963268e+00 -4.9128583227e-02
4.0989025527e-06 1.5347371533e+04 1.5707963268e+00 -5.2017883740e-02
4.3265820736e-06 1.5347678324e+04 1.5707963268e+00 -5.4907075158e-02
4.5542553625e-06 1.5348002166e+04 1.5707963268e+00 -5.7796151067e-02
4.7819220735e-06 1.5348343060e+04 1.5707963268e+00 -6.0685105054e-02
5.0095818609e-06 1.5348701008e+04 1.5707963268e+00 -6.3573930709e-02
5.2372343793e-06 1.5349076011e+04 1.5707963268e+00 -6.6462621620e-02
5.4648792830e-06 1.5349468070e+04 1.5707963268e+00 -6.9351171376e-02
5.6925162267e-06 1.5349877188e+04 1.5707963268e+00 -7.2239573569e-02
5.9201448650e-06 1.5350303364e+04 1.5707963268e+00 -7.5127821789e-02
6.1477648527e-06 1.5350746602e+04 1.5707963268e+00 -7.8015909630e-02
6.3753758447e-06 1.5351206903e+04 1.5707963268e+00 -8.0903830685e-02
6.6029774959e-06 1.5351684268e+04 1.5707963268e+00 -8.3791578547e-02
6.8305694615e-06 1.5352178699e+04 1.5707963268e+00 -8.6679146814e-02
7.0581513967e-06 1.5352690199e+04 1.5707963268e+00 -8.9566529081e-02
7.2857229567e-06 1.5353218769e+04 1.5707963268e+00 -9.2453718945e-02
7.5132837970e-06 1.5353764410e+04 1.5707963268e+00 -9.5340710007e-02
7.7408335733e-06 1.5354327126e+04 1.5707963268e+00 -9.8227495866e-02
7.9683719412e-06 1.5354906918e+04 1.5707963268e+00 -1.0111407012e-01
8.1958985565e-06 1.5355503789e+04 1.5707963268e+00 -1.0400042638e-01
8.4234130752e-06 1.5356117741e+04 1.5707963268e+00 -1.0688655824e-01
8.6509151534e-06 1.5356748775e+04 1.5707963268e+00 -1.0977245932e-01
8.8784044475e-06 1.5357396895e+04 1.5707963268e+00 -1.1265812321e-01
9.1058806138e-06 1.5358062103e+04 1.5707963268e+00 -1.1554354353e-01
9.3333433089e-06 1.5358744402e+04 1.5707963268e+00 -1.1842871388e-01
9.5607921895e-06 1.5359443793e+04 1.5707963268e+00 -1.2131362788e-01
9.7882269125e-06 1.5360160280e+04 1.5707963268e+00 -1.2419827913e-01
1.0015647135e-05 1.5360893866e+04 1.5707963268e+00 -1.2708266126e-01
1.0243052514e-05 1.5361644553e+04 1.5707963268e+00 -1.2996676788e-01
1.0470442708e-05 1.5362412344e+04 1.5707963268e+00 -1.3285059261e-01
1.0697817373e-05 1.5363197242e+04 1.5707963268e+00 -1.3573412907e-01
1.0925176167e-05 1.5363999250e+04 1.5707963268e+00 -1.3861737087e-01
1.1152518749e-05 1.5364818371e+04 1.5707963268e+00 -1.4150031164e-01
1.1379844777e-05 1.5365654608e+04 1.5707963268e+00 -1.4438294501e-01
1.1607153909e-05 1.5366507964e+04 1.5707963268e+00 -1.4726526461e-01
1.1834445803e-05 1.5367378443e+04 1.5707963268e+00 -1.5014726405e-01
1.2061720118e-05 1.5368266047e+04 1.5707963268e+00 -1.5302893698e-01
1.2288976514e-05 1.5369170781e+04 1.5707963268e+00 -1.5591027702e-01
1.2516214648e-05 1.5370092647e+04 1.5707963268e+00 -1.5879127781e-01
1.2743434182e-05 1.5371031649e+04 1.5707963268e+00 -1.6167193299e-01
1.2970634774e-05 1.5371987791e+04 1.5707963268e+00 -1.6455223619e-01
1.3197816084e-05 1.5372961077e+04 1.5707963268e+00 -1.6743218106e-01
1.3424977773e-05 1.5373951509e+04 1.5707963268e+00 -1.7031176124e-01
1.3652119500e-05 1.5374959092e+04 1.5707963268e+00 -1.7319097037e-01
1.3879240926e-05 1.5375983829e+04 1.5707963268e+00 -1.7606980211e-01
1.4106341712e-05 1.5377025725e+04 1.5707963268e+00 -1.7894825010e-01
1.4333421519e-05 1.5378084782e+04 1.5707963268e+00 -1.8182630800e-01
1.4560480007e-05 1.5379161007e+04 1.5707963268e+00 -1.8470396945e-01
1.4787516840e-05 1.5380254401e+04 1.5707963268e+00 -1.8758122813e-01
1.5014531678e-05 1.5381364970e+04 1.5707963268e+00 -1.9045807768e-01
1.5241524183e-05 1.5382492717e+04 1.5707963268e+00 -1.9333451177e-01
1.5468494018e-05 1.5383637648e+04 1.5707963268e+00 -1.9621052407e-01
1.5695440845e-05 1.5384799765e+04 1.5707963268e+00 -1.9908610824e-01
1.5922364327e-05 1.5385979074e+04 1.5707963268e+00 -2.0196125795e-01
1.6149264128e-05 1.5387175579e+04 1.5707963268e+00 -2.0483596688e-01
1.6376139909e-05 1.5388389284e+04 1.5707963268e+00 -2.0771022870e-01
1.6602991337e-05 1.5389620194e+04 1.5707963268e+00 -2.1058403709e-01
1.6829818073e-05 1.5390868314e+04 1.5707963268e+00 -2.1345738572e-01
1.7056619783e-05 1.5392133648e+04 1.5707963268e+00 -2.1633026830e-01
1.7283396130e-05 1.5393416201e+04 1.5707963268e+00 -2.1920267850e-01
1.7510146781e-05 1.5394715978e+04 1.5707963268e+00 -2.2207461000e-01
1.7736871399e-05 1.5396032984e+04 1.5707963268e+00 -2.2494605651e-01
1.7963569651e-05 1.5397367223e+04 1.5707963268e+00 -2.2781701173e-01
1.8190241202e-05 1.5398718700e+04 1.5707963268e+00 -2.3068746934e-01
1.8416885718e-05 1.5400087421e+04 1.5707963268e+00 -2.3355742305e-01
1.8643502866e-05 1.5401473391e+04 1.5707963268e+00 -2.3642686657e-01
1.8870092312e-05 1.5402876614e+04 1.5707963268e+00 -2.3929579360e-01
1.9096653724e-05 1.5404297097e+04 1.5707963268e+00 -2.4216419786e-01
1.9323186769e-05 1.5405734844e+04 1.5707963268e+00 -2.4503207306e-01
1.9549691113e-05 1.5407189860e+04 1.5707963268e+00 -2.4789941292e-01
1.9776166427e-05 1.5408662151e+04 1.5707963268e+00 -2.5076621115e-01
2.0002612377e-05 1.5410151723e+04 1.5707963268e+00 -2.5363246150e-01
2.0229028633e-05 1.5411658580e+04 1.5707963268e+00 -2.5649815767e-01
2.0455414864e-05 1.5413182729e+04 1.5707963268e+00 -2.5936329341e-01
2.0681770739e-05 1.5414724175e+04 1.5707963268e+00 -2.6222786245e-01
2.0908095929e-05 1.5416282924e+04 1.5707963268e+00 -2.6509185853e-01
2.1134390102e-05 1.5417858982e+04 1.5707963268e+00 -2.6795527539e-01
2.1360652930e-05 1.5419452354e+04 1.5707963268e+00 -2.7081810678e-01
2.1586884083e-05 1.5421063046e+04 1.5707963268e+00 -2.7368034644e-01
2.1813083234e-05 1.5422691064e+04 1.5707963268e+00 -2.7654198814e-01
2.2039250053e-05 1.5424336414e+04 1.5707963268e+00 -2.7940302562e-01
2.2265384213e-05 1.5425999102e+04 1.5707963268e+00 -2.8226345265e-01
2.2491485385e-05 1.5427679134e+04 1.5707963268e+00 -2.8512326299e-01
2.2717553244e-05 1.5429376516e+04 1.5707963268e+00 -2.8798245041e-01
2.2943587461e-05 1.5431091255e+04 1.5707963268e+00 -2.9084100868e-01
2.3169587711e-05 1.5432823357e+04 1.5707963268e+00 -2.9369893159e-01
2.3395553668e-05 1.5434572828e+04 1.5707963268e+00 -2.9655621290e-01
2.3621485005e-05 1.5436339674e+04 1.5707963268e+00 -2.9941284641e-01
2.3847381399e-05 1.5438123901e+04 1.5707963268e+00 -3.0226882591e-01
2.4073242523e-05 1.5439925517e+04 1.5707963268e+00 -3.0512414518e-01
2.4299068054e-05 1.5441744528e+04 1.5707963268e+00 -3.0797879802e-01
2.4524857667e-05 1.5443580940e+04 1.5707963268e+00 -3.1083277824e-01
2.4750611040e-05 1.5445434760e+04 1.5707963268e+00 -3.1368607964e-01
2.4976327849e-05 1.5447305995e+04 1.5707963268e+00 -3.1653869603e-01
2.5202007771e-05 1.5449194651e+04 1.5707963268e+00 -3.1939062122e-01
2.5427650485e-05 1.5451100735e+04 1.5707963268e+00 -3.2224184903e-01
2.5653255667e-05 1.5453024255e+04 1.5707963268e+00 -3.2509237329e-01
2.5878822998e-05 1.5454965216e+04 1.5707963268e+00 -3.2794218782e-01
2.6104352156e-05 1.5456923626e+04 1.5707963268e+00 -3.3079128646e-01
2.6329842820e-05 1.5458899492e+04 1.5707963268e+00 -3.3363966303e-01
2.6555294671e-05 1.5460892821e+04 1.5707963268e+00 -3.3648731139e-01
2.6780707389e-05 1.5462903620e+04 1.5707963268e+00 -3.3933422537e-01
2.7006080655e-05 1.5464931896e+04 1.5707963268e+00 -3.4218039883e-01
2.7231414150e-05 1.5466977656e+04 1.5707963268e+00 -3.4502582562e-01
2.7456707557e-05 1.5469040908e+04 1.5707963268e+00 -3.4787049961e-01
2.7681960557e-05 1.5471121660e+04 1.5707963268e+00 -3.5071441465e-01
2.7907172833e-05 1.5473219917e+04 1.5707963268e+00 -3.5355756462e-01
2.8132344069e-05 1.5475335688e+04 1.5707963268e+00 -3.5639994339e-01
2.8357473947e-05 1.5477468981e+04 1.5707963268e+00 -3.5924154483e-01
2.8582562154e-05 1.5479619802e+04 1.5707963268e+00 -3.6208236284e-01
2.8807608372e-05 1.5481788160e+04 1.5707963268e+00 -3.6492239131e-01
2.9032612288e-05 1.5483974061e+04 1.5707963268e+00 -3.6776162412e-01
2.9257573587e-05 1.5486177514e+04 1.5707963268e+00 -3.7060005518e-01
2.9482491956e-05 1.5488398527e+04 1.5707963268e+00 -3.7343767839e-01
2.9707367080e-05 1.5490637106e+04 1.5707963268e+00 -3.7627448767e-01
2.9932198647e-05 1.5492893261e+04 1.5707963268e+00 -3.7911047692e-01
3.0156986346e-05 1.5495166998e+04 1.5707963268e+00 -3.8194564007e-01
3.0381729863e-05 1.5497458325e+04 1.5707963268e+00 -3.8477997104e-01
3.0606428889e-05 1.5499767252e+04 1.5707963268e+00 -3.8761346376e-01
3.0831083112e-05 1.5502093785e+04 1.5707963268e+00 -3.9044611218e-01
3.1055692221e-05 1.5504437932e+04 1.5707963268e+00 -3.9327791022e-01
3.1280255908e-05 1.5506799702e+04 1.5707963268e+00 -3.9610885185e-01
3.1504773864e-05 1.5509179104e+04 1.5707963268e+00 -3.9893893101e-01
3.1729245779e-05 1.5511576144e+04 1.5707963268e+00 -4.0176814166e-01
3.1953671345e-05 1.5513990831e+04 1.5707963268e+00 -4.0459647777e-01
3.2178050255e-05 1.5516423174e+04 1.5707963268e+00 -4.0742393330e-01
3.2402382203e-05 1.5518873182e+04 1.5707963268e+00 -4.1025050224e-01
3.2626666880e-05 1.5521340861e+04 1.5707963268e+00 -4.1307617855e-01
3.2850903983e-05 1.5523826221e+04 1.5707963268e+00 -4.1590095624e-01
3.3075093205e-05 1.5526329270e+04 1.5707963268e+00 -4.1872482929e-01
3.3299234242e-05 1.5528850017e+04 1.5707963268e+00 -4.2154779170e-01
3.3523326789e-05 1.5531388470e+04 1.5707963268e+00 -4.2436983748e-01
3.3747370543e-05 1.5533944638e+04 1.5707963268e+00 -4.2719096064e-01
3.3971365200e-05 1.5536518529e+04 1.5707963268e+00 -4.3001115519e-01
3.4195310459e-05 1.5539110152e+04 1.5707963268e+00 -4.3283041516e-01
3.4419206017e-05 1.5541719517e+04 1.5707963268e+00 -4.3564873458e-01
3.4643051573e-05 1.5544346631e+04 1.5707963268e+00 -4.3846610747e-01
3.4866846826e-05 1.5546991503e+04 1.5707963268e+00 -4.4128252790e-01
3.5090591476e-05 1.5549654142e+04 1.5707963268e+00 -4.4409798989e-01
3.5314285224e-05 1.5552334558e+04 1.5707963268e+00 -4.4691248751e-01
3.5537927771e-05 1.5555032759e+04 1.5707963268e+00 -4.4972601481e-01
3.5761518817e-05 1.5557748753e+04 1.5707963268e+00 -4.5253856587e-01
3.5985058066e-05 1.5560482551e+04 1.5707963268e+00 -4.5535013476e-01
3.6208545219e-05 1.5563234161e+04 1.5707963268e+00 -4.5816071555e-01
3.6431979982e-05 1.5566003592e+04 1.5707963268e+00 -4.6097030233e-01
3.6655362057e-05 1.5568790854e+04 1.5707963268e+00 -4.6377888920e-01
3.6878691149e-05 1.5571595954e+04 1.5707963268e+00 -4.6658647025e-01
3.7101966963e-05 1.5574418904e+04 1.5707963268e+00 -4.6939303959e-01
3.7325189206e-05 1.5577259712e+04 1.5707963268e+00 -4.7219859133e-01
3.7548357584e-05 1.5580118386e+04 1.5707963268e+00 -4.7500311960e-01
3.7771471804e-05 1.5582994938e+04 1.5707963268e+00 -4.7780661852e-01
3.7994531574e-05 1.5585889375e+04 1.5707963268e+00 -4.8060908221e-01
3.8217536601e-05 1.5588801708e+04 1.5707963268e+00 -4.8341050483e-01
3.8440486596e-05 1.5591731945e+04 1.5707963268e+00 -4.8621088052e-01
3.8663381268e-05 1.5594680096e+04 1.5707963268e+00 -4.8901020344e-01
3.8886220327e-05 1.5597646172e+04 1.5707963268e+00 -4.9180846773e-01
3.9109003483e-05 1.5600630180e+04 1.5707963268e+00 -4.9460566758e-01
3.9331730450e-05 1.5603632132e+04 1.5707963268e+00 -4.9740179716e-01
3.9554400938e-05 1.5606652036e+04 1.5707963268e+00 -5.0019685064e-01
3.9777014661e-05 1.5609689902e+04 1.5707963268e+00 -5.0299082223e-01
3.9999571333e-05 1.5612745740e+04 1.5707963268e+00 -5.0578370611e-01
4.0222070667e-05 1.5615819559e+04 1.5707963268e+00 -5.0857549649e-01
4.0444512378e-05 1.5618911370e+04 1.5707963268e+00 -5.1136618758e-01
4.0666896183e-05 1.5622021181e+04 1.5707963268e+00 -5.1415577360e-01
4.0889221796e-05 1.5625149004e+04 1.5707963268e+00 -5.1694424878e-01
4.1111488936e-05 1.5628294847e+04 1.5707963268e+00 -5.1973160734e-01
4.1333697319e-05 1.5631458721e+04 1.5707963268e+00 -5.2251784354e-01
4.1555846664e-05 1.5634640636e+04 1.5707963268e+00 -5.2530295161e-01
4.1777936690e-05 1.5637840601e+04 1.5707963268e+00 -5.2808692583e-01
4.1999967117e-05 1.5641058626e+04 1.5707963268e+00 -5.3086976044e-01
4.2221937664e-05 1.5644294722e+04 1.5707963268e+00 -5.3365144972e-01
4.2443848053e-05 1.5647548899e+04 1.5707963268e+00 -5.3643198796e-01
4.2665698005e-05 1.5650821166e+04 1.5707963268e+00 -5.3921136943e-01
4.2887487243e-05 1.5654111534e+04 1.5707963268e+00 -5.4198958843e-01
4.3109215489e-05 1.5657420013e+04 1.5707963268e+00 -5.4476663927e-01
4.3330882469e-05 1.5660746612e+04 1.5707963268e+00 -5.4754251626e-01
4.3552487905e-05 1.5664091343e+04 1.5707963268e+00 -5.5031721372e-01
4.3774031524e-05 1.5667454215e+04 1.5707963268e+00 -5.5309072596e-01
4.3995513050e-05 1.5670835239e+04 1.5707963268e+00 -5.5586304734e-01
4.4216932212e-05 1.5674234425e+04 1.5707963268e+00 -5.5863417218e-01
4.4438288735e-05 1.5677651783e+04 1.5707963268e+00 -5.6140409485e-01
4.4659582349e-05 1.5681087324e+04 1.5707963268e+00 -5.6417280970e-01
4.4880812781e-05 1.5684541057e+04 1.5707963268e+00 -5.6694031109e-01
4.5101979762e-05 1.5688012994e+04 1.5707963268e+00 -5.6970659342e-01
4.5323083021e-05 1.5691503145e+04 1.5707963268e+00 -5.7247165105e-01
4.5544122290e-05 1.5695011520e+04 1.5707963268e+00 -5.7523547838e-01
4.5765097301e-05 1.5698538129e+04 1.5707963268e+00 -5.7799806981e-01
4.5986007784e-05 1.5702082983e+04 1.5707963268e+00 -5.8075941976e-01
4.6206853475e-05 1.5705646093e+04 1.5707963268e+00 -5.8351952264e-01
4.6427634106e-05 1.5709227470e+04 1.5707963268e+00 -5.8627837287e-01
4.6648349413e-05 1.5712827122e+04 1.5707963268e+00 -5.8903596490e-01
4.6868999130e-05 1.5716445063e+04 1.5707963268e+00 -5.9179229317e-01
4.7089582994e-05 1.5720081301e+04 1.5707963268e+00 -5.9454735212e-01
4.7310100742e-05 1.5723735847e+04 1.5707963268e+00 -5.9730113622e-01
4.7530552111e-05 1.5727408713e+04 1.5707963268e+00 -6.0005363995e-01
4.7750936840e-05 1.5731099908e+04 1.5707963268e+00 -6.0280485777e-01
4.7971254668e-05 1.5734809444e+04 1.5707963268e+00 -6.0555478419e-01
4.8191505335e-05 1.5738537331e+04 1.5707963268e+00 -6.0830341369e-01
4.8411688581e-05 1.5742283581e+04 1.5707963268e+00 -6.1105074077e-01
4.8631804148e-05 1.5746048203e+04 1.5707963268e+00 -6.1379675997e-01
4.8851851778e-05 1.5749831208e+04 1.5707963268e+00 -6.1654146579e-01
4.9071831215e-05 1.5753632608e+04 1.5707963268e+00 -6.1928485278e-01
4.9291742201e-05 1.5757452412e+04 1.5707963268e+00 -6.2202691547e-01
4.9511584482e-05 1.5761290633e+04 1.5707963268e+00 -6.2476764842e-01
4.9731357803e-05 1.5765147281e+04 1.5707963268e+00 -6.2750704618e-01
4.9951061910e-05 1.5769022366e+04 1.5707963268e+00 -6.3024510334e-01
5.0170696550e-05 1.5772915899e+04 1.5707963268e+00 -6.3298181446e-01
5.0390261470e-05 1.5776827892e+04 1.5707963268e+00 -6.3571717413e-01
5.0609756419e-05 1.5780758356e+04 1.5707963268e+00 -6.3845117696e-01
5.0829181146e-05 1.5784707300e+04 1.5707963268e+00 -6.4118381756e-01
5.1048535401e-05 1.5788674737e+04 1.5707963268e+00 -6.4391509053e-01
5.1267818936e-05 1.5792660677e+04 1.5707963268e+00 -6.4664499051e-01
5.1487031501e-05 1.5796665132e+04 1.5707963268e+00 -6.4937351213e-01
5.1706172850e-05 1.5800688111e+04 1.5707963268e+00 -6.5210065004e-01
5.1925242735e-05 1.5804729627e+04 1.5707963268e+00 -6.5482639889e-01
5.2144240910e-05 1.5808789690e+04 1.5707963268e+00 -6.5755075335e-01
5.2363167131e-05 1.5812868311e+04 1.5707963268e+00 -6.6027370810e-01
5.2582021153e-05 1.5816965501e+04 1.5707963268e+00 -6.6299525783e-01
5.2800802733e-05 1.5821081272e+04 1.5707963268e+00 -6.6571539721e-01
5.3019511627e-05 1.5825215634e+04 1.5707963268e+00 -6.6843412097e-01
5.3238147595e-05 1.5829368599e+04 1.5707963268e+00 -6.7115142382e-01
5.3456710394e-05 1.5833540177e+04 1.5707963268e+00 -6.7386730048e-01
5.3675199785e-05 1.5837730381e+04 1.5707963268e+00 -6.7658174569e-01
5.3893615528e-05 1.5841939220e+04 1.5707963268e+00 -6.7929475419e-01
5.4111957386e-05 1.5846166706e+04 1.5707963268e+00 -6.8200632074e-01
5.4330225118e-05 1.5850412850e+04 1.5707963268e+00 -6.8471644011e-01
5.4548418490e-05 1.5854677663e+04 1.5707963268e+00 -6.8742510706e-01
5.4766537265e-05 1.5858961157e+04 1.5707963268e+00 -6.9013231640e-01
5.4984581208e-05 1.5863263343e+04 1.5707963268e+00 -6.9283806290e-01
5.5202550083e-05 1.5867584231e+04 1.5707963268e+00 -6.9554234139e-01
5.5420443659e-05 1.5871923834e+04 1.5707963268e+00 -6.9824514668e-01
5.5638261701e-05 1.5876282161e+04 1.5707963268e+00 -7.0094647360e-01
5.5856003978e-05 1.5880659225e+04 1.5707963268e+00 -7.0364631698e-01
5.6073670259e-05 1.5885055037e+04 1.5707963268e+00 -7.0634467168e-01
5.6291260314e-05 1.5889469607e+04 1.5707963268e+00 -7.0904153255e-01
5.6508773913e-05 1.5893902948e+04 1.5707963268e+00 -7.1173689447e-01
5.6726210828e-05 1.5898355069e+04 1.5707963268e+00 -7.1443075232e-01
5.6943570831e-05 1.5902825984e+04 1.5707963268e+00 -7.1712310098e-01
5.7160853695e-05 1.5907315701e+04 1.5707963268e+00 -7.1981393537e-01
5.7378059195e-05 1.5911824234e+04 1.5707963268e+00 -7.2250325040e-01
5.7595187105e-05 1.5916351593e+04 1.5707963268e+00 -7.2519104098e-01
5.7812237201e-05 1.5920897790e+04 1.5707963268e+00 -7.2787730207e-01
5.8029209259e-05 1.5925462835e+04 1.5707963268e+00 -7.3056202859e-01
5.8246103058e-05 1.5930046740e+04 1.5707963268e+00 -7.3324521552e-01
5.8462918375e-05 1.5934649517e+04 1.5707963268e+00 -7.3592685782e-01
5.8679654990e-05 1.5939271176e+04 1.5707963268e+00 -7.3860695047e-01
5.8896312683e-05 1.5943911728e+04 1.5707963268e+00 -7.4128548846e-01
5.9112891235e-05 1.5948571186e+04 1.5707963268e+00 -7.4396246679e-01
5.9329390427e-05 1.5953249560e+04 1.5707963268e+00 -7.4663788048e-01
5.9545810042e-05 1.5957946861e+04 1.5707963268e+00 -7.4931172455e-01
5.9762149864e-05 1.5962663101e+04 1.5707963268e+00 -7.5198399404e-01
5.9978409678e-05 1.5967398291e+04 1.5707963268e+00 -7.5465468399e-01
6.0194589268e-05 1.5972152443e+04 1.5707963268e+00 -7.5732378947e-01
6.0410688421e-05 1.5976925567e+04 1.5707963268e+00 -7.5999130554e-01
6.0626706924e-05 1.5981717674e+04 1.5707963268e+00 -7.6265722729e-01
6.0842644565e-05 1.5986528777e+04 1.5707963268e+00 -7.6532154981e-01
6.1058501133e-05 1.5991358886e+04 1.5707963268e+00 -7.6798426821e-01
6.1274276417e-05 1.5996208013e+04 1.5707963268e+00 -7.7064537760e-01
6.1489970209e-05 1.6001076168e+04 1.5707963268e+00 -7.7330487311e-01
6.1705582299e-05 1.6005963363e+04 1.5707963268e+00 -7.7596274988e-01
6.1921112480e-05 1.6010869610e+04 1.5707963268e+00 -7.7861900307e-01
6.2136560546e-05 1.6015794919e+04 1.5707963268e+00 -7.8127362783e-01
6.2351926291e-05 1.6020739302e+04 1.5707963268e+00 -7.8392661935e-01
6.2567209509e-05 1.6025702769e+04 1.5707963268e+00 -7.8657797281e-01
6.2782409997e-05 1.6030685333e+04 1.5707963268e+00 -7.8922768341e-01
6.2997527552e-05 1.6035687004e+04 1.5707963268e+00 -7.9187574636e-01
6.3212561971e-05 1.6040707794e+04 1.5707963268e+00 -7.9452215689e-01
6.3427513054e-05 1.6045747713e+04 1.5707963268e+00 -7.9716691023e-01
6.3642380599e-05 1.6050806773e+04 1.5707963268e+00 -7.9981000163e-01
6.3857164407e-05 1.6055884985e+04 1.5707963268e+00 -8.0245142636e-01
6.4071864280e-05 1.6060982361e+04 1.5707963268e+00 -8.0509117967e-01
6.4286480021e-05 1.6066098911e+04 1.5707963268e+00 -8.0772925686e-01
6.4501011431e-05 1.6071234646e+04 1.5707963268e+00 -8.1036565323e-01
6.4715458316e-05 1.6076389578e+04 1.5707963268e+00 -8.1300036408e-01
6.4929820480e-05 1.6081563718e+04 1.5707963268e+00 -8.1563338474e-01
6.5144097730e-05 1.6086757077e+04 1.5707963268e+00 -8.1826471054e-01
6.5358289872e-05 1.6091969666e+04 1.5707963268e+00 -8.2089433682e-01
6.5572396714e-05 1.6097201495e+04 1.5707963268e+00 -8.2352225895e-01
6.5786418064e-05 1.6102452577e+04 1.5707963268e+00 -8.2614847230e-01
6.6000353734e-05 1.6107722923e+04 1.5707963268e+00 -8.2877297225e-01
6.6214203531e-05 1.6113012542e+04 1.5707963268e+00 -8.3139575419e-01
6.6427967270e-05 1.6118321447e+04 1.5707963268e+00 -8.3401681355e-01
6.6641644761e-05 1.6123649648e+04 1.5707963268e+00 -8.3663614573e-01
6.6855235818e-05 1.6128997157e+04 1.5707963268e+00 -8.3925374618e-01
6.7068740255e-05 1.6134363984e+04 1.5707963268e+00 -8.4186961034e-01
6.7282157887e-05 1.6139750141e+04 1.5707963268e+00 -8.4448373368e-01
6.7495488531e-05 1.6145155637e+04 1.5707963268e+00 -8.4709611166e-01
6.7708732004e-05 1.6150580486e+04 1.5707963268e+00 -8.4970673978e-01
6.7921888122e-05 1.6156024696e+04 1.5707963268e+00 -8.5231561353e-01
6.8134956706e-05 1.6161488279e+04 1.5707963268e+00 -8.5492272842e-01
6.8347937575e-05 1.6166971247e+04 1.5707963268e+00 -8.5752807999e-01
6.8560830549e-05 1.6172473609e+04 1.5707963268e+00 -8.6013166377e-01
6.8773635450e-05 1.6177995378e+04 1.5707963268e+00 -8.6273347531e-01
6.8986352101e-05 1.6183536563e+04 1.5707963268e+00 -8.6533351018e-01
6.9198980326e-05 1.6189097175e+04 1.5707963268e+00 -8.6793176395e-01
6.9411519948e-05 1.6194677226e+04 1.5707963268e+00 -8.7052823222e-01
6.9623970793e-05 1.6200276726e+04 1.5707963268e+00 -8.7312291058e-01
6.9836332687e-05 1.6205895685e+04 1.5707963268e+00 -8.7571579467e-01
7.0048605458e-05 1.6211534116e+04 1.5707963268e+00 -8.7830688011e-01
7.0260788934e-05 1.6217192028e+04 1.5707963268e+00 -8.8089616254e-01
7.0472882943e-05 1.6222869431e+04 1.5707963268e+00 -8.8348363763e-01
7.0684887316e-05 1.6228566338e+04 1.5707963268e+00 -8.8606930104e-01
7.0896801883e-05 1.6234282758e+04 1.5707963268e+00 -8.8865314846e-01
7.1108626477e-05 1.6240018702e+04 1.5707963268e+00 -8.9123517559e-01
7.1320360931e-05 1.6245774181e+04 1.5707963268e+00 -8.9381537814e-01
7.1532005078e-05 1.6251549205e+04 1.5707963268e+00 -8.9639375184e-01
7.1743558752e-05 1.6257343785e+04 1.5707963268e+00 -8.9897029243e-01
7.1955021790e-05 1.6263157932e+04 1.5707963268e+00 -9.0154499565e-01
7.2166394029e-05 1.6268991655e+04 1.5707963268e+00 -9.0411785729e-01
7.2377675305e-05 1.6274844966e+04 1.5707963268e+00 -9.0668887311e-01
7.2588865457e-05 1.6280717875e+04 1.5707963268e+00 -9.0925803892e-01
7.2799964324e-05 1.6286610392e+04 1.5707963268e+00 -9.1182535051e-01
7.3010971748e-05 1.6292522528e+04 1.5707963268e+00 -9.1439080372e-01
7.3221887569e-05 1.6298454294e+04 1.5707963268e+00 -9.1695439438e-01
7.3432711629e-05 1.6304405699e+04 1.5707963268e+00 -9.1951611835e-01
7.3643443772e-05 1.6310376754e+04 1.5707963268e+00 -9.2207597147e-01
7.3854083841e-05 1.6316367469e+04 1.5707963268e+00 -9.2463394965e-01
7.4064631683e-05 1.6322377855e+04 1.5707963268e+00 -9.2719004875e-01
7.4275087142e-05 1.6328407921e+04 1.5707963268e+00 -9.2974426470e-01
7.4485450066e-05 1.6334457679e+04 1.5707963268e+00 -9.3229659342e-01
7.4695720303e-05 1.6340527138e+04 1.5707963268e+00 -9.3484703083e-01
7.4905897701e-05 1.6346616309e+04 1.5707963268e+00 -9.3739557289e-01
7.5115982111e-05 1.6352725201e+04 1.5707963268e+00 -9.3994221556e-01
7.5325973383e-05 1.6358853824e+04 1.5707963268e+00 -9.4248695482e-01
7.5535871369e-05 1.6365002190e+04 1.5707963268e+00 -9.4502978667e-01
7.5745675922e-05 1.6371170308e+04 1.5707963268e+00 -9.4757070709e-01
7.5955386894e-05 1.6377358187e+04 1.5707963268e+00 -9.5010971213e-01
7.6165004141e-05 1.6383565838e+04 1.5707963268e+00 -9.5264679781e-01
7.6374527519e-05 1.6389793271e+04 1.5707963268e+00 -9.5518196019e-01
7.6583956883e-05 1.6396040496e+04 1.5707963268e+00 -9.5771519532e-01
7.6793292090e-05 1.6402307523e+04 1.5707963268e+00 -9.6024649928e-01
7.7002533001e-05 1.6408594361e+04 1.5707963268e+00 -9.6277586818e-01
7.7211679472e-05 1.6414901020e+04 1.5707963268e+00 -9.6530329811e-01
7.7420731366e-05 1.6421227511e+04 1.5707963268e+00 -9.6782878521e-01
7.7629688542e-05 1.6427573843e+04 1.5707963268e+00 -9.7035232560e-01
7.7838550864e-05 1.6433940025e+04 1.5707963268e+00 -9.7287391543e-01
7.8047318193e-05 1.6440326067e+04 1.5707963268e+00 -9.7539355089e-01
7.8255990395e-05 1.6446731980e+04 1.5707963268e+00 -9.7791122814e-01
7.8464567334e-05 1.6453157772e+04 1.5707963268e+00 -9.8042694338e-01
7.8673048876e-05 1.6459603453e+04 1.5707963268e+00 -9.8294069283e-01
7.8881434888e-05 1.6466069033e+04 1.5707963268e+00 -9.8545247270e-01
7.9089725238e-05 1.6472554522e+04 1.5707963268e+00 -9.8796227925e-01
7.9297919794e-05 1.6479059928e+04 1.5707963268e+00 -9.9047010872e-01
7.9506018427e-05 1.6485585261e+04 1.5707963268e+00 -9.9297595739e-01
7.9714021006e-05 1.6492130531e+04 1.5707963268e+00 -9.9547982154e-01
7.9921927404e-05 1.6498695746e+04 1.5707963268e+00 -9.9798169747e-01
8.0129737493e-05 1.6505280917e+04 1.5707963268e+00 -1.0004815815e+00
8.0337451146e-05 1.6511886052e+04 1.5707963268e+00 -1.0029794700e+00
8.0545068238e-05 1.6518511161e+04 1.5707963268e+00 -1.0054753592e+00
8.0752588645e-05 1.6525156253e+04 1.5707963268e+00 -1.0079692456e+00
8.0960012242e-05 1.6531821337e+04 1.5707963268e+00 -1.0104611254e+00
8.1167338908e-05 1.6538506422e+04 1.5707963268e+00 -1.0129509952e+00
8.1374568519e-05 1.6545211518e+04 1.5707963268e+00 -1.0154388513e+00
8.1581700956e-05 1.6551936633e+04 1.5707963268e+00 -1.0179246901e+00
8.1788736099e-05 1.6558681776e+04 1.5707963268e+00 -1.0204085081e+00
8.1995673828e-05 1.6565446956e+04 1.5707963268e+00 -1.0228903017e+00
8.2202514025e-05 1.6572232183e+04 1.5707963268e+00 -1.0253700674e+00
8.2409256575e-05 1.6579037464e+04 1.5707963268e+00 -1.0278478017e+00
8.2615901359e-05 1.6585862810e+04 1.5707963268e+00 -1.0303235010e+00
8.2822448264e-05 1.6592708228e+04 1.5707963268e+00 -1.0327971619e+00
8.3028897175e-05 1.6599573727e+04 1.5707963268e+00 -1.0352687810e+00
8.3235247979e-05 1.6606459317e+04 1.5707963268e+00 -1.0377383546e+00
8.3441500563e-05 1.6613365005e+04 1.5707963268e+00 -1.0402058795e+00
8.3647654816e-05 1.6620290801e+04 1.5707963268e+00 -1.0426713522e+00
8.3853710628e-05 1.6627236712e+04 1.5707963268e+00 -1.0451347693e+00
8.4059667888e-05 1.6634202748e+04 1.5707963268e+00 -1.0475961274e+00
8.4265526490e-05 1.6641188916e+04 1.5707963268e+00 -1.0500554230e+00
8.4471286324e-05 1.6648195226e+04 1.5707963268e+00 -1.0525126530e+00
8.4676947284e-05 1.6655221686e+04 1.5707963268e+00 -1.0549678138e+00
8.4882509265e-05 1.6662268303e+04 1.5707963268e+00 -1.0574209022e+00
8.5087972161e-05 1.6669335087e+04 1.5707963268e+00 -1.0598719148e+00
8.5293335869e-05 1.6676422045e+04 1.5707963268e+00 -1.0623208485e+00
8.5498600286e-05 1.6683529186e+04 1.5707963268e+00 -1.0647676997e+00
8.5703765309e-05 1.6690656518e+04 1.5707963268e+00 -1.0672124654e+00
8.5908830838e-05 1.6697804048e+04 1.5707963268e+00 -1.0696551423e+00
8.6113796773e-05 1.6704971785e+04 1.5707963268e+00 -1.0720957271e+00
8.6318663014e-05 1.6712159738e+04 1.5707963268e+00 -1.0745342165e+00
8.6523429463e-05 1.6719367913e+04 1.5707963268e+00 -1.0769706075e+00
8.6728096022e-05 1.6726596318e+04 1.5707963268e+00 -1.0794048968e+00
8.6932662596e-05 1.6733844963e+04 1.5707963268e+00 -1.0818370812e+00
8.7137129088e-05 1.6741113853e+04 1.5707963268e+00 -1.0842671575e+00
8.7341495405e-05 1.6748402998e+04 1.5707963268e+00 -1.0866951227e+00
8.7545761452e-05 1.6755712405e+04 1.5707963268e+00 -1.0891209737e+00
8.7749927137e-05 1.6763042081e+04 1.5707963268e+00 -1.0915447072e+00
8.7953992368e-05 1.6770392033e+04 1.5707963268e+00 -1.0939663202e+00
8.8157957054e-05 1.6777762271e+04 1.5707963268e+00 -1.0963858097e+00
8.8361821106e-05 1.6785152800e+04 1.5707963268e+00 -1.0988031725e+00
8.8565584433e-05 1.6792563629e+04 1.5707963268e+00 -1.1012184056e+00
8.8769246949e-05 1.6799994764e+04 1.5707963268e+00 -1.1036315061e+00
8.8972808566e-05 1.6807446214e+04 1.5707963268e+00 -1.1060424708e+00
8.9176269197e-05 1.6814917985e+04 1.5707963268e+00 -1.1084512968e+00
8.9379628758e-05 1.6822410084e+04 1.5707963268e+00 -1.1108579812e+00
8.9582887164e-05 1.6829922519e+04 1.5707963268e+00 -1.1132625208e+00
8.9786044331e-05 1.6837455297e+04 1.5707963268e+00 -1.1156649129e+00
8.9989100177e-05 1.6845008425e+04 1.5707963268e+00 -1.1180651544e+00
9.0192054621e-05 1.6852581910e+04 1.5707963268e+00 -1.1204632425e+00
9.0394907581e-05 1.6860175759e+04 1.5707963268e+00 -1.1228591742e+00
9.0597658977e-05 1.6867789978e+04 1.5707963268e+00 -1.1252529467e+00
9.0800308731e-05 1.6875424574e+04 1.5707963268e+00 -1.1276445571e+00
9.1002856765e-05 1.6883079555e+04 1.5707963268e+00 -1.1300340025e+00
9.1205303002e-05 1.6890754927e+04 1.5707963268e+00 -1.1324212801e+00
9.1407647365e-05 1.6898450697e+04 1.5707963268e+00 -1.1348063872e+00
9.1609889779e-05 1.6906166871e+04 1.5707963268e+00 -1.1371893208e+00
9.1812030170e-05 1.6913903455e+04 1.5707963268e+00 -1.1395700783e+00
9.2014068464e-05 1.6921660457e+04 1.5707963268e+00 -1.1419486567e+00
9.2216004589e-05 1.6929437883e+04 1.5707963268e+00 -1.1443250535e+00
9.2417838473e-05 1.6937235738e+04 1.5707963268e+00 -1.1466992658e+00
9.2619570045e-05 1.6945054030e+04 1.5707963268e+00 -1.1490712910e+00
9.2821199235e-05 1.6952892765e+04 1.5707963268e+00 -1.1514411263e+00
9.3022725975e-05 1.6960751948e+04 1.5707963268e+00 -1.1538087690e+00
9.3224150196e-05 1.6968631587e+04 1.5707963268e+00 -1.1561742165e+00
9.3425471831e-05 1.6976531686e+04 1.5707963268e+00 -1.1585374661e+00
9.3626690814e-05 1.6984452252e+04 1.5707963268e+00 -1.1608985152e+00
9.3827807080e-05 1.6992393292e+04 1.5707963268e+00 -1.1632573611e+00
9.4028820563e-05 1.7000354810e+04 1.5707963268e+00 -1.1656140013e+00
9.4229731200e-05 1.7008336813e+04 1.5707963268e+00 -1.1679684332e+00
9.4430538929e-05 1.7016339306e+04 1.5707963268e+00 -1.1703206542e+00
9.4631243688e-05 1.7024362295e+04 1.5707963268e+00 -1.1726706617e+00
9.4831845416e-05 1.7032405787e+04 1.5707963268e+00 -1.1750184532e+00
9.5032344052e-05 1.7040469785e+04 1.5707963268e+00 -1.1773640262e+00
9.5232739537e-05 1.7048554297e+04 1.5707963268e+00 -1.1797073782e+00
9.5433031814e-05 1.7056659327e+04 1.5707963268e+00 -1.1820485066e+00
9.5633220825e-05 1.7064784881e+04 1.5707963268e+00 -1.1843874091e+00
9.5833306512e-05 1.7072930964e+04 1.5707963268e+00 -1.1867240831e+00
9.6033288821e-05 1.7081097581e+04 1.5707963268e+00 -1.1890585263e+00
9.6233167697e-05 1.7089284738e+04 1.5707963268e+00 -1.1913907361e+00
9.6432943086e-05 1.7097492440e+04 1.5707963268e+00 -1.1937207102e+00
9.6632614934e-05 1.7105720691e+04 1.5707963268e+00 -1.1960484463e+00
9.6832183190e-05 1.7113969498e+04 1.5707963268e+00 -1.1983739419e+00
9.7031647802e-05 1.7122238864e+04 1.5707963268e+00 -1.2006971946e+00
9.7231008719e-05 1.7130528795e+04 1.5707963268e+00 -1.2030182022e+00
9.7430265893e-05 1.7138839296e+04 1.5707963268e+00 -1.2053369623e+00
9.7629419274e-05 1.7147170370e+04 1.5707963268e+00 -1.2076534726e+00
9.7828468815e-05 1.7155522024e+04 1.5707963268e+00 -1.2099677308e+00
9.8027414468e-05 1.7163894262e+04 1.5707963268e+00 -1.2122797347e+00
9.8226256188e-05 1.7172287088e+04 1.5707963268e+00 -1.2145894820e+00
9.8424993928e-05 1.7180700506e+04 1.5707963268e+00 -1.2168969704e+00
9.8623627645e-05 1.7189134522e+04 1.5707963268e+00 -1.2192021977e+00
9.8822157296e-05 1.7197589139e+04 1.5707963268e+00 -1.2215051618e+00
9.9020582836e-05 1.7206064362e+04 1.5707963268e+00 -1.2238058604e+00
9.9218904225e-05 1.7214560196e+04 1.5707963268e+00 -1.2261042914e+00
9.9417121422e-05 1.7223076643e+04 1.5707963268e+00 -1.2284004526e+00
9.9615234385e-05 1.7231613709e+04 1.5707963268e+00 -1.2306943418e+00
9.9813243077e-05 1.7240171397e+04 1.5707963268e+00 -1.2329859570e+00
1.0001114746e-04 1.7248749712e+04 1.5707963268e+00 -1.2352752961e+00
1.0020894749e-04 1.7257348657e+04 1.5707963268e+00 -1.2375623569e+00
1.0040664314e-04 1.7265968236e+04 1.5707963268e+00 -1.2398471374e+00
1.0060423436e-04 1.7274608453e+04 1.5707963268e+00 -1.2421296355e+00
1.0080172113e-04 1.7283269311e+04 1.5707963268e+00 -1.2444098492e+00
1.0099910341e-04 1.7291950815e+04 1.5707963268e+00 -1.2466877765e+00
1.0119638117e-04 1.7300652968e+04 1.5707963268e+00 -1.2489634153e+00
1.0139355437e-04 1.7309375773e+04 1.5707963268e+00 -1.2512367637e+00
1.0159062298e-04 1.7318119234e+04 1.5707963268e+00 -1.2535078197e+00
1.0178758697e-04 1.7326883354e+04 1.5707963268e+00 -1.2557765814e+00
1.0198444631e-04 1.7335668136e+04 1.5707963268e+00 -1.2580430468e+00
1.0218120097e-04 1.7344473584e+04 1.5707963268e+00 -1.2603072139e+00
1.0237785092e-04 1.7353299700e+04 1.5707963268e+00 -1.2625690810e+00
1.0257439614e-04 1.7362146489e+04 1.5707963268e+00 -1.2648286460e+00
1.0277083659e-04 1.7371013952e+04 1.5707963268e+00 -1.2670859072e+00
1.0296717226e-04 1.7379902093e+04 1.5707963268e+00 -1.2693408626e+00
1.0316340311e-04 1.7388810915e+04 1.5707963268e+00 -1.2715935105e+00
1.0335952913e-04 1.7397740421e+04 1.5707963268e+00 -1.2738438490e+00
1.0355555028e-04 1.7406690612e+04 1.5707963268e+00 -1.2760918763e+00
1.0375146655e-04 1.7415661493e+04 1.5707963268e+00 -1.2783375907e+00
1.0394727791e-04 1.7424653065e+04 1.5707963268e+00 -1.2805809903e+00
1.0414298434e-04 1.7433665331e+04 1.5707963268e+00 -1.2828220734e+00
1.0433858583e-04 1.7442698294e+04 1.5707963268e+00 -1.2850608382e+00
1.0453408234e-04 1.7451751955e+04 1.5707963268e+00 -1.2872972831e+00
1.0472947387e-04 1.7460826318e+04 1.5707963268e+00 -1.2895314063e+00
1.0492476040e-04 1.7469921384e+04 1.5707963268e+00 -1.2917632062e+00
1.0511994190e-04 1.7479037156e+04 1.5707963268e+00 -1.2939926811e+00
1.0531501836e-04 1.7488173635e+04 1.5707963268e+00 -1.2962198293e+00
1.0550998977e-04 1.7497330824e+04 1.5707963268e+00 -1.2984446492e+00
1.0570485610e-04 1.7506508725e+04 1.5707963268e+00 -1.3006671391e+00
1.0589961736e-04 1.7515707339e+04 1.5707963268e+00 -1.3028872976e+00
1.0609427351e-04 1.7524926669e+04 1.5707963268e+00 -1.3051051229e+00
1.0628882456e-04 1.7534166716e+04 1.5707963268e+00 -1.3073206135e+00
1.0648327048e-04 1.7543427481e+04 1.5707963268e+00 -1.3095337679e+00
1.0667761128e-04 1.7552708967e+04 1.5707963268e+00 -1.3117445845e+00
1.0687184692e-04 1.7562011175e+04 1.5707963268e+00 -1.3139530618e+00
1.0706597742e-04 1.7571334106e+04 1.5707963268e+00 -1.3161591983e+00
1.0726000275e-04 1.7580677761e+04 1.5707963268e+00 -1.3183629925e+00
1.0745392292e-04 1.7590042143e+04 1.5707963268e+00 -1.3205644429e+00
1.0764773791e-04 1.7599427252e+04 1.5707963268e+00 -1.3227635482e+00
1.0784144771e-04 1.7608833090e+04 1.5707963268e+00 -1.3249603068e+00
1.0803505233e-04 1.7618259657e+04 1.5707963268e+00 -1.3271547173e+00
1.0822855175e-04 1.7627706954e+04 1.5707963268e+00 -1.3293467783e+00
1.0842194598e-04 1.7637174983e+04 1.5707963268e+00 -1.3315364885e+00
1.0861523500e-04 1.7646663744e+04 1.5707963268e+00 -1.3337238464e+00
1.0880841882e-04 1.7656173238e+04 1.5707963268e+00 -1.3359088508e+00
1.0900149744e-04 1.7665703466e+04 1.5707963268e+00 -1.3380915002e+00
1.0919447084e-04 1.7675254428e+04 1.5707963268e+00 -1.3402717934e+00
1.0938733904e-04 1.7684826126e+04 1.5707963268e+00 -1.3424497290e+00
1.0958010204e-04 1.7694418559e+04 1.5707963268e+00 -1.3446253058e+00
1.0977275982e-04 1.7704031727e+04 1.5707963268e+00 -1.3467985225e+00
1.0996531240e-04 1.7713665632e+04 1.5707963268e+00 -1.3489693778e+00
1.1015775978e-04 1.7723320274e+04 1.5707963268e+00 -1.3511378705e+00
1.1035010196e-04 1.7732995652e+04 1.5707963268e+00 -1.3533039994e+00
1.1054233894e-04 1.7742691767e+04 1.5707963268e+00 -1.3554677633e+00
1.1073447073e-04 1.7752408620e+04 1.5707963268e+00 -1.3576291609e+00
1.1092649734e-04 1.7762146209e+04 1.5707963268e+00 -1.3597881912e+00
1.1111841877e-04 1.7771904534e+04 1.5707963268e+00 -1.3619448528e+00
1.1131023503e-04 1.7781683597e+04 1.5707963268e+00 -1.3640991448e+00
1.1150194612e-04 1.7791483395e+04 1.5707963268e+00 -1.3662510660e+00
1.1169355206e-04 1.7801303930e+04 1.5707963268e+00 -1.3684006153e+00
1.1188505284e-04 1.7811145201e+04 1.5707963268e+00 -1.3705477915e+00
1.1207644849e-04 1.7821007206e+04 1.5707963268e+00 -1.3726925936e+00
1.1226773902e-04 1.7830889946e+04 1.5707963268e+00 -1.3748350206e+00
1.1245892442e-04 1.7840793420e+04 1.5707963268e+00 -1.3769750715e+00
1.1265000472e-04 1.7850717628e+04 1.5707963268e+00 -1.3791127451e+00
1.1284097993e-04 1.7860662568e+04 1.5707963268e+00 -1.3812480404e+00
1.1303185006e-04 1.7870628239e+04 1.5707963268e+00 -1.3833809566e+00
1.1322261512e-04 1.7880614642e+04 1.5707963268e+00 -1.3855114925e+00
1.1341327513e-04 1.7890621774e+04 1.5707963268e+00 -1.3876396473e+00
1.1360383011e-04 1.7900649635e+04 1.5707963268e+00 -1.3897654200e+00
1.1379428007e-04 1.7910698223e+04 1.5707963268e+00 -1.3918888097e+00
1.1398462502e-04 1.7920767538e+04 1.5707963268e+00 -1.3940098154e+00
1.1417486499e-04 1.7930857577e+04 1.5707963268e+00 -1.3961284363e+00
1.1436499999e-04 1.7940968340e+04 1.5707963268e+00 -1.3982446714e+00
1.1455503004e-04 1.7951099826e+04 1.5707963268e+00 -1.4003585200e+00
1.1474495516e-04 1.7961252032e+04 1.5707963268e+00 -1.4024699812e+00
1.1493477537e-04 1.7971424957e+04 1.5707963268e+00 -1.4045790540e+00
1.1512449069e-04 1.7981618599e+04 1.5707963268e+00 -1.4066857378e+00
1.1531410114e-04 1.7991832957e+04 1.5707963268e+00 -1.4087900318e+00
1.1550360674e-04 1.8002068029e+04 1.5707963268e+00 -1.4108919350e+00
1.1569300752e-04 1.8012323813e+04 1.5707963268e+00 -1.4129914468e+00
1.1588230350e-04 1.8022600306e+04 1.5707963268e+00 -1.4150885665e+00
1.1607149471e-04 1.8032897508e+04 1.5707963268e+00 -1.4171832932e+00
1.1626058116e-04 1.8043215415e+04 1.5707963268e+00 -1.4192756262e+00
1.1644956288e-04 1.8053554025e+04 1.5707963268e+00 -1.4213655650e+00
1.1663843990e-04 1.8063913337e+04 1.5707963268e+00 -1.4234531087e+00
1.1682721225e-04 1.8074293348e+04 1.5707963268e+00 -1.4255382566e+00
1.1701587995e-04 1.8084694055e+04 1.5707963268e+00 -1.4276210083e+00
1.1720444304e-04 1.8095115456e+04 1.5707963268e+00 -1.4297013629e+00
1.1739290152e-04 1.8105557548e+04 1.5707963268e+00 -1.4317793199e+00
1.1758125545e-04 1.8116020329e+04 1.5707963268e+00 -1.4338548786e+00
1.1776950485e-04 1.8126503796e+04 1.5707963268e+00 -1.4359280385e+00
1.1795764974e-04 1.8137007946e+04 1.5707963268e+00 -1.4379987990e+00
1.1814569016e-04 1.8147532776e+04 1.5707963268e+00 -1.4400671595e+00
1.1833362614e-04 1.8158078283e+04 1.5707963268e+00 -1.4421331195e+00
1.1852145772e-04 1.8168644465e+04 1.5707963268e+00 -1.4441966785e+00
1.1870918492e-04 1.8179231318e+04 1.5707963268e+00 -1.4462578359e+00
1.1889680777e-04 1.8189838838e+04 1.5707963268e+00 -1.4483165912e+00
1.1908432632e-04 1.8200467024e+04 1.5707963268e+00 -1.4503729439e+00
1.1927174060e-04 1.8211115870e+04 1.5707963268e+00 -1.4524268936e+00
1.1945905064e-04 1.8221785375e+04 1.5707963268e+00 -1.4544784399e+00
1.1964625648e-04 1.8232475534e+04 1.5707963268e+00 -1.4565275822e+00
1.1983335815e-04 1.8243186343e+04 1.5707963268e+00 -1.4585743202e+00
1.2002035569e-04 1.8253917800e+04 1.5707963268e+00 -1.4606186535e+00
1.2020724915e-04 1.8264669900e+04 1.5707963268e+00 -1.4626605816e+00
1.2039403855e-04 1.8275442640e+04 1.5707963268e+00 -1.4647001042e+00
1.2058072394e-04 1.8286236016e+04 1.5707963268e+00 -1.4667372210e+00
1.2076730535e-04 1.8297050024e+04 1.5707963268e+00 -1.4687719315e+00
1.2095378283e-04 1.8307884659e+04 1.5707963268e+00 -1.4708042355e+00
1.2114015641e-04 1.8318739919e+04 1.5707963268e+00 -1.4728341326e+00
1.2132642615e-04 1.8329615797e+04 1.5707963268e+00 -1.4748616225e+00
1.2151259207e-04 1.8340512292e+04 1.5707963268e+00 -1.4768867050e+00
1.2169865422e-04 1.8351429397e+04 1.5707963268e+00 -1.4789093797e+00
1.2188461265e-04 1.8362367108e+04 1.5707963268e+00 -1.4809296465e+00
1.2207046740e-04 1.8373325422e+04 1.5707963268e+00 -1.4829475051e+00
1.2225621851e-04 1.8384304333e+04 1.5707963268e+00 -1.4849629552e+00
1.2244186602e-04 1.8395303838e+04 1.5707963268e+00 -1.4869759967e+00
1.2262740999e-04 1.8406323930e+04 1.5707963268e+00 -1.4889866293e+00
1.2281285045e-04 1.8417364607e+04 1.5707963268e+00 -1.4909948530e+00
1.2299818746e-04 1.8428425861e+04 1.5707963268e+00 -1.4930006674e+00
1.2318342105e-04 1.8439507690e+04 1.5707963268e+00 -1.4950040725e+00
1.2336855129e-04 1.8450610087e+04 1.5707963268e+00 -1.4970050681e+00
1.2355357821e-04 1.8461733048e+04 1.5707963268e+00 -1.4990036541e+00
1.2373850187e-04 1.8472876567e+04 1.5707963268e+00 -1.5009998304e+00
1.2392332230e-04 1.8484040640e+04 1.5707963268e+00 -1.5029935970e+00
1.2410803957e-04 1.8495225261e+04 1.5707963268e+00 -1.5049849537e+00
1.2429265373e-04 1.8506430424e+04 1.5707963268e+00 -1.5069739004e+00
1.2447716482e-04 1.8517656125e+04 1.5707963268e+00 -1.5089604372e+00
1.2466157289e-04 1.8528902357e+04 1.5707963268e+00 -1.5109445640e+00
1.2484587799e-04 1.8540169115e+04 1.5707963268e+00 -1.5129262807e+00
1.2503008019e-04 1.8551456394e+04 1.5707963268e+00 -1.5149055875e+00
1.2521417953e-04 1.8562764188e+04 1.5707963268e+00 -1.5168824842e+00
1.2539817606e-04 1.8574092490e+04 1.5707963268e+00 -1.5188569709e+00
1.2558206984e-04 1.8585441295e+04 1.5707963268e+00 -1.5208290478e+00
1.2576586092e-04 1.8596810598e+04 1.5707963268e+00 -1.5227987147e+00
1.2594954936e-04 1.8608200391e+04 1.5707963268e+00 -1.5247659718e+00
1.2613313521e-04 1.8619610670e+04 1.5707963268e+00 -1.5267308192e+00
1.2631661853e-04 1.8631041427e+04 1.5707963268e+00 -1.5286932569e+00
1.2649999938e-04 1.8642492656e+04 1.5707963268e+00 -1.5306532851e+00
1.2668327781e-04 1.8653964352e+04 1.5707963268e+00 -1.5326109040e+00
1.2686645387e-04 1.8665456508e+04 1.5707963268e+00 -1.5345661135e+00
1.2704952763e-04 1.8676969117e+04 1.5707963268e+00 -1.5365189140e+00
1.2723249915e-04 1.8688502172e+04 1.5707963268e+00 -1.5384693056e+00
1.2741536848e-04 1.8700055668e+04 1.5707963268e+00 -1.5404172884e+00
1.2759813569e-04 1.8711629597e+04 1.5707963268e+00 -1.5423628627e+00
1.2778080082e-04 1.8723223953e+04 1.5707963268e+00 -1.5443060287e+00
1.2796336395e-04 1.8734838729e+04 1.5707963268e+00 -1.5462467865e+00
1.2814582514e-04 1.8746473917e+04 1.5707963268e+00 -1.5481851365e+00
1.2832818444e-04 1.8758129512e+04 1.5707963268e+00 -1.5501210789e+00
1.2851044191e-04 1.8769805506e+04 1.5707963268e+00 -1.5520546140e+00
1.2869259763e-04 1.8781501891e+04 1.5707963268e+00 -1.5539857420e+00
1.2887465165e-04 1.8793218661e+04 1.5707963268e+00 -1.5559144632e+00
1.2905660403e-04 1.8804955808e+04 1.5707963268e+00 -1.5578407780e+00
1.2923845484e-04 1.8816713326e+04 1.5707963268e+00 -1.5597646866e+00
1.2942020414e-04 1.8828491206e+04 1.5707963268e+00 -1.5616861895e+00
1.2960185200e-04 1.8840289441e+04 1.5707963268e+00 -1.5636052869e+00
1.2978339848e-04 1.8852108023e+04 1.5707963268e+00 -1.5655219793e+00
1.2996484365e-04 1.8863946946e+04 1.5707963268e+00 -1.5674362669e+00
1.3014618758e-04 1.8875806201e+04 1.5707963268e+00 -1.5693481503e+00
1.3032743032e-04 1.8887685780e+04 1.5707963268e+00 -1.5712576297e+00
1.3050857195e-04 1.8899585677e+04 1.5707963268e+00 -1.5731647057e+00
1.3068961253e-04 1.8911505881e+04 1.5707963268e+00 -1.5750693786e+00
1.3087055213e-04 1.8923446387e+04 1.5707963268e+00 -1.5769716489e+00
1.3105139082e-04 1.8935407185e+04 1.5707963268e+00 -1.5788715171e+00
1.3123212867e-04 1.8947388268e+04 1.5707963268e+00 -1.5807689836e+00
1.3141276575e-04 1.8959389628e+04 1.5707963268e+00 -1.5826640489e+00
1.3159330212e-04 1.8971411256e+04 1.5707963268e+00 -1.5845567136e+00
1.3177373786e-04 1.8983453143e+04 1.5707963268e+00 -1.5864469780e+00
1.3195407304e-04 1.8995515282e+04 1.5707963268e+00 -1.5883348428e+00
1.3213430772e-04 1.9007597664e+04 1.5707963268e+00 -1.5902203085e+00
1.3231444198e-04 1.9019700280e+04 1.5707963268e+00 -1.5921033757e+00
1.3249447589e-04 1.9031823123e+04 1.5707963268e+00 -1.5939840448e+00
1.3267440953e-04 1.9043966182e+04 1.5707963268e+00 -1.5958623166e+00
1.3285424295e-04 1.9056129450e+04 1.5707963268e+00 -1.5977381915e+00
1.3303397624e-04 1.9068312918e+04 1.5707963268e+00 -1.5996116702e+00
1.3321360948e-04 1.9080516577e+04 1.5707963268e+00 -1.6014827533e+00
1.3339314272e-04 1.9092740417e+04 1.5707963268e+00 -1.6033514414e+00
1.3357257605e-04 1.9104984430e+04 1.5707963268e+00 -1.6052177352e+00
1.3375190955e-04 1.9117248607e+04 1.5707963268e+00 -1.6070816353e+00
1.3393114328e-04 1.9129532938e+04 1.5707963268e+00 -1.6089431424e+00
1.3411027732e-04 1.9141837415e+04 1.5707963268e+00 -1.6108022572e+00
1.3428931175e-04 1.9154162028e+04 1.5707963268e+00 -1.6126589803e+00
1.3446824665e-04 1.9166506768e+04 1.5707963268e+00 -1.6145133125e+00
1.3464708208e-04 1.9178871624e+04 1.5707963268e+00 -1.6163652545e+00
1.3482581813e-04 1.9191256589e+04 1.5707963268e+00 -1.6182148070e+00
1.3500445487e-04 1.9203661652e+04 1.5707963268e+00 -1.6200619708e+00
1.3518299238e-04 1.9216086804e+04 1.5707963268e+00 -1.6219067466e+00
1.3536143074e-04 1.9228532035e+04 1.5707963268e+00 -1.6237491352e+00
1.3553977003e-04 1.9240997335e+04 1.5707963268e+00 -1.6255891373e+00
1.3571801032e-04 1.9253482694e+04 1.5707963268e+00 -1.6274267538e+00
1.3589615170e-04 1.9265988103e+04 1.5707963268e+00 -1.6292619855e+00
1.3607419424e-04 1.9278513551e+04 1.5707963268e+00 -1.6310948332e+00
1.3625213803e-04 1.9291059029e+04 1.5707963268e+00 -1.6329252976e+00
1.3642998314e-04 1.9303624526e+04 1.5707963268e+00 -1.6347533798e+00
1.3660772965e-04 1.9316210033e+04 1.5707963268e+00 -1.6365790804e+00
1.3678537765e-04 1.9328815539e+04 1.5707963268e+00 -1.6384024004e+00
1.3696292721e-04 1.9341441033e+04 1.5707963268e+00 -1.6402233406e+00
1.3714037842e-04 1.9354086506e+04 1.5707963268e+00 -1.6420419020e+00
1.3731773136e-04 1.9366751947e+04 1.5707963268e+00 -1.6438580855e+00
1.3749498611e-04 1.9379437346e+04 1.5707963268e+00 -1.6456718918e+00
1.3767214276e-04 1.9392142692e+04 1.5707963268e+00 -1.6474833221e+00
1.3784920138e-04 1.9404867974e+04 1.5707963268e+00 -1.6492923772e+00
1.3802616206e-04 1.9417613182e+04 1.5707963268e+00 -1.6510990581e+00
1.3820302488e-04 1.9430378305e+04 1.5707963268e+00 -1.6529033656e+00
1.3837978993e-04 1.9443163333e+04 1.5707963268e+00 -1.6547053009e+00
1.3855645730e-04 1.9455968254e+04 1.5707963268e+00 -1.6565048649e+00
1.3873302706e-04 1.9468793057e+04 1.5707963268e+00 -1.6583020585e+00
1.3890949930e-04 1.9481637732e+04 1.5707963268e+00 -1.6600968829e+00
1.3908587410e-04 1.9494502267e+04 1.5707963268e+00 -1.6618893389e+00
1.3926215156e-04 1.9507386652e+04 1.5707963268e+00 -1.6636794277e+00
1.3943833176e-04 1.9520290875e+04 1.5707963268e+00 -1.6654671502e+00
1.3961441478e-04 1.9533214925e+04 1.5707963268e+00 -1.6672525076e+00
1.3979040070e-04 1.9546158790e+04 1.5707963268e+00 -1.6690355008e+00
1.3996628963e-04 1.9559122460e+04 1.5707963268e+00 -1.6708161310e+00
1.4014208164e-04 1.9572105923e+04 1.5707963268e+00 -1.6725943993e+00
1.4031777682e-04 1.9585109167e+04 1.5707963268e+00 -1.6743703067e+00
1.4049337526e-04 1.9598132181e+04 1.5707963268e+00 -1.6761438544e+00
1.4066887705e-04 1.9611174954e+04 1.5707963268e+00 -1.6779150435e+00
1.4084428227e-04 1.9624237473e+04 1.5707963268e+00 -1.6796838751e+00
1.4101959101e-04 1.9637319726e+04 1.5707963268e+00 -1.6814503503e+00
1.4119480337e-04 1.9650421704e+04 1.5707963268e+00 -1.6832144703e+00
1.4136991943e-04 1.9663543392e+04 1.5707963268e+00 -1.6849762363e+00
1.4154493928e-04 1.9676684780e+04 1.5707963268e+00 -1.6867356494e+00
1.4171986301e-04 1.9689845855e+04 1.5707963268e+00 -1.6884927109e+00
1.4189469072e-04 1.9703026605e+04 1.5707963268e+00 -1.6902474218e+00
1.4206942248e-04 1.9716227019e+04 1.5707963268e+00 -1.6919997835e+00
1.4224405840e-04 1.9729447084e+04 1.5707963268e+00 -1.6937497972e+00
1.4241859856e-04 1.9742686788e+04 1.5707963268e+00 -1.6954974640e+00
1.4259304305e-04 1.9755946119e+04 1.5707963268e+00 -1.6972427852e+00
1.4276739197e-04 1.9769225064e+04 1.5707963268e+00 -1.6989857621e+00
1.4294164541e-04 1.9782523612e+04 1.5707963268e+00 -1.7007263959e+00
1.4311580345e-04 1.9795841748e+04 1.5707963268e+00 -1.7024646879e+00
1.4328986620e-04 1.9809179462e+04 1.5707963268e+00 -1.7042006394e+00
1.4346383374e-04 1.9822536741e+04 1.5707963268e+00 -1.7059342516e+00
1.4363770617e-04 1.9835913571e+04 1.5707963268e+00 -1.7076655259e+00
1.4381148358e-04 1.9849309941e+04 1.5707963268e+00 -1.7093944636e+00
1.4398516606e-04 1.9862725838e+04 1.5707963268e+00 -1.7111210659e+00
1.4415875370e-04 1.9876161248e+04 1.5707963268e+00 -1.7128453343e+00
1.4433224661e-04 1.9889616159e+04 1.5707963268e+00 -1.7145672700e+00
1.4450564487e-04 1.9903090558e+04 1.5707963268e+00 -1.7162868744e+00
1.4467894858e-04 1.9916584433e+04 1.5707963268e+00 -1.7180041490e+00
1.4485215783e-04 1.9930097769e+04 1.5707963268e+00 -1.7197190949e+00
1.4502527272e-04 1.9943630555e+04 1.5707963268e+00 -1.7214317137e+00
1.4519829335e-04 1.9957182776e+04 1.5707963268e+00 -1.7231420068e+00
1.4537121980e-04 1.9970754421e+04 1.5707963268e+00 -1.7248499754e+00
1.4554405218e-04 1.9984345475e+04 1.5707963268e+00 -1.7265556211e+00
1.4571679057e-04 1.9997955925e+04 1.5707963268e+00 -1.7282589452e+00
1.4588943508e-04 2.0011585759e+04 1.5707963268e+00 -1.7299599492e+00
1.4606198581e-04 2.0025234961e+04 1.5707963268e+00 -1.7316586346e+00
1.4623444284e-04 2.0038903520e+04 1.5707963268e+00 -1.7333550027e+00
1.4640680627e-04 2.0052591422e+04 1.5707963268e+00 -1.7350490550e+00
1.4657907621e-04 2.0066298653e+04 1.5707963268e+00 -1.7367407931e+00
1.4675125275e-04 2.0080025199e+04 1.5707963268e+00 -1.7384302183e+00
1.4692333598e-04 2.0093771048e+04 1.5707963268e+00 -1.7401173322e+00
1.4709532600e-04 2.0107536184e+04 1.5707963268e+00 -1.7418021362e+00
1.4726722292e-04 2.0121320595e+04 1.5707963268e+00 -1.7434846319e+00
1.4743902683e-04 2.0135124266e+04 1.5707963268e+00 -1.7451648208e+00
1.4761073782e-04 2.0148947184e+04 1.5707963268e+00 -1.7468427044e+00
1.4778235600e-04 2.0162789335e+04 1.5707963268e+00 -1.7485182842e+00
1.4795388146e-04 2.0176650705e+04 1.5707963268e+00 -1.7501915619e+00
1.4812531431e-04 2.0190531280e+04 1.5707963268e+00 -1.7518625388e+00
1.4829665464e-04 2.0204431045e+04 1.5707963268e+00 -1.7535312167e+00
1.4846790255e-04 2.0218349987e+04 1.5707963268e+00 -1.7551975970e+00
1.4863905814e-04 2.0232288091e+04 1.5707963268e+00 -1.7568616813e+00
1.4881012152e-04 2.0246245344e+04 1.5707963268e+00 -1.7585234713e+00
1.4898109277e-04 2.0260221731e+04 1.5707963268e+00 -1.7601829685e+00
1.4915197200e-04 2.0274217237e+04 1.5707963268e+00 -1.7618401746e+00
1.4932275931e-04 2.0288231848e+04 1.5707963268e+00 -1.7634950911e+00
1.4949345481e-04 2.0302265551e+04 1.5707963268e+00 -1.7651477196e+00
1.4966405858e-04 2.0316318330e+04 1.5707963268e+00 -1.7667980619e+00
1.4983457074e-04 2.0330390170e+04 1.5707963268e+00 -1.7684461195e+00
1.5000499138e-04 2.0344481058e+04 1.5707963268e+00 -1.7700918941e+00
1.5017532060e-04 2.0358590979e+04 1.5707963268e+00 -1.7717353873e+00
1.5034555851e-04 2.0372719917e+04 1.5707963268e+00 -1.7733766009e+00
1.5051570521e-04 2.0386867859e+04 1.5707963268e+00 -1.7750155364e+00
1.5068576079e-04 2.0401034789e+04 1.5707963268e+00 -1.7766521956e+00
1.5085572537e-04 2.0415220694e+04 1.5707963268e+00 -1.7782865801e+00
1.5102559903e-04 2.0429425556e+04 1.5707963268e+00 -1.7799186917e+00
1.5119538189e-04 2.0443649363e+04 1.5707963268e+00 -1.7815485321e+00
1.5136507405e-04 2.0457892099e+04 1.5707963268e+00 -1.7831761029e+00
1.5153467561e-04 2.0472153749e+04 1.5707963268e+00 -1.7848014060e+00
1.5170418667e-04 2.0486434298e+04 1.5707963268e+00 -1.7864244429e+00
1.5187360733e-04 2.0500733730e+04 1.5707963268e+00 -1.7880452156e+00
1.5204293770e-04 2.0515052032e+04 1.5707963268e+00 -1.7896637256e+00
1.5221217788e-04 2.0529389186e+04 1.5707963268e+00 -1.7912799748e+00
1.5238132797e-04 2.0543745180e+04 1.5707963268e+00 -1.7928939650e+00
1.5255038808e-04 2.0558119996e+04 1.5707963268e+00 -1.7945056979e+00
1.5271935831e-04 2.0572513620e+04 1.5707963268e+00 -1.7961151752e+00
1.5288823876e-04 2.0586926036e+04 1.5707963268e+00 -1.7977223988e+00
1.5305702955e-04 2.0601357229e+04 1.5707963268e+00 -1.7993273705e+00
1.5322573076e-04 2.0615807183e+04 1.5707963268e+00 -1.8009300921e+00
1.5339434251e-04 2.0630275884e+04 1.5707963268e+00 -1.8025305653e+00
1.5356286491e-04 2.0644763315e+04 1.5707963268e+00 -1.8041287920e+00
1.5373129804e-04 2.0659269461e+04 1.5707963268e+00 -1.8057247741e+00
1.5389964203e-04 2.0673794306e+04 1.5707963268e+00 -1.8073185133e+00
1.5406789697e-04 2.0688337834e+04 1.5707963268e+00 -1.8089100115e+00
1.5423606297e-04 2.0702900031e+04 1.5707963268e+00 -1.8104992705e+00
1.5440414013e-04 2.0717480879e+04 1.5707963268e+00 -1.8120862922e+00
1.5457212856e-04 2.0732080364e+04 1.5707963268e+00 -1.8136710785e+00
1.5474002837e-04 2.0746698469e+04 1.5707963268e+00 -1.8152536312e+00
1.5490783965e-04 2.0761335179e+04 1.5707963268e+00 -1.8168339521e+00
1.5507556252e-04 2.0775990477e+04 1.5707963268e+00 -1.8184120433e+00
1.5524319708e-04 2.0790664348e+04 1.5707963268e+00 -1.8199879066e+00
1.5541074344e-04 2.0805356775e+04 1.5707963268e+00 -1.8215615438e+00
1.5557820169e-04 2.0820067743e+04 1.5707963268e+00 -1.8231329568e+00
1.5574557196e-04 2.0834797236e+04 1.5707963268e+00 -1.8247021477e+00
1.5591285434e-04 2.0849545237e+04 1.5707963268e+00 -1.8262691182e+00
1.5608004894e-04 2.0864311730e+04 1.5707963268e+00 -1.8278338704e+00
1.5624715586e-04 2.0879096699e+04 1.5707963268e+00 -1.8293964062e+00
1.5641417522e-04 2.0893900128e+04 1.5707963268e+00 -1.8309567274e+00
1.5658110712e-04 2.0908722000e+04 1.5707963268e+00 -1.8325148361e+00
1.5674795166e-04 2.0923562299e+04 1.5707963268e+00 -1.8340707342e+00
1.5691470896e-04 2.0938421009e+04 1.5707963268e+00 -1.8356244236e+00
1.5708137911e-04 2.0953298114e+04 1.5707963268e+00 -1.8371759064e+00
1.5724796223e-04 2.0968193596e+04 1.5707963268e+00 -1.8387251844e+00
1.5741445842e-04 2.0983107440e+04 1.5707963268e+00 -1.8402722597e+00
1.5758086780e-04 2.0998039628e+04 1.5707963268e+00 -1.8418171343e+00
1.5774719046e-04 2.1012990145e+04 1.5707963268e+00 -1.8433598101e+00
1.5791342651e-04 2.1027958974e+04 1.5707963268e+00 -1.8449002891e+00
1.5807957607e-04 2.1042946097e+04 1.5707963268e+00 -1.8464385734e+00
1.5824563924e-04 2.1057951499e+04 1.5707963268e+00 -1.8479746650e+00
1.5841161612e-04 2.1072975163e+04 1.5707963268e+00 -1.8495085658e+00
1.5857750683e-04 2.1088017072e+04 1.5707963268e+00 -1.8510402779e+00
1.5874331147e-04 2.1103077209e+04 1.5707963268e+00 -1.8525698034e+00
1.5890903015e-04 2.1118155557e+04 1.5707963268e+00 -1.8540971442e+00
1.5907466297e-04 2.1133252100e+04 1.5707963268e+00 -1.8556223024e+00
1.5924021006e-04 2.1148366820e+04 1.5707963268e+00 -1.8571452800e+00
1.5940567150e-04 2.1163499701e+04 1.5707963268e+00 -1.8586660792e+00
1.5957104742e-04 2.1178650726e+04 1.5707963268e+00 -1.8601847019e+00
1.5973633792e-04 2.1193819877e+04 1.5707963268e+00 -1.8617011502e+00
1.5990154311e-04 2.1209007138e+04 1.5707963268e+00 -1.8632154263e+00
1.6006666310e-04 2.1224212492e+04 1.5707963268e+00 -1.8647275321e+00
1.6023169799e-04 2.1239435921e+04 1.5707963268e+00 -1.8662374698e+00
1.6039664789e-04 2.1254677409e+04 1.5707963268e+00 -1.8677452414e+00
1.6056151292e-04 2.1269936938e+04 1.5707963268e+00 -1.8692508490e+00
1.6072629317e-04 2.1285214491e+04 1.5707963268e+00 -1.8707542948e+00
1.6089098877e-04 2.1300510051e+04 1.5707963268e+00 -1.8722555808e+00
1.6105559982e-04 2.1315823600e+04 1.5707963268e+00 -1.8737547092e+00
1.6122012642e-04 2.1331155122e+04 1.5707963268e+00 -1.8752516820e+00
1.6138456869e-04 2.1346504599e+04 1.5707963268e+00 -1.8767465014e+00
1.6154892673e-04 2.1361872013e+04 1.5707963268e+00 -1.8782391696e+00
1.6171320065e-04 2.1377257347e+04 1.5707963268e+00 -1.8797296886e+00
1.6187739057e-04 2.1392660584e+04 1.5707963268e+00 -1.8812180605e+00
1.6204149660e-04 2.1408081707e+04 1.5707963268e+00 -1.8827042877e+00
1.6220551883e-04 2.1423520697e+04 1.5707963268e+00 -1.8841883720e+00
1.6236945738e-04 2.1438977537e+04 1.5707963268e+00 -1.8856703158e+00
1.6253331236e-04 2.1454452210e+04 1.5707963268e+00 -1.8871501212e+00
1.6269708388e-04 2.1469944699e+04 1.5707963268e+00 -1.8886277904e+00
1.6286077205e-04 2.1485454985e+04 1.5707963268e+00 -1.8901033254e+00
1.6302437698e-04 2.1500983050e+04 1.5707963268e+00 -1.8915767286e+00
1.6318789877e-04 2.1516528878e+04 1.5707963268e+00 -1.8930480020e+00
1.6335133754e-04 2.1532092451e+04 1.5707963268e+00 -1.8945171479e+00
1.6351469340e-04 2.1547673750e+04 1.5707963268e+00 -1.8959841684e+00
1.6367796645e-04 2.1563272759e+04 1.5707963268e+00 -1.8974490658e+00
1.6384115681e-04 2.1578889458e+04 1.5707963268e+00 -1.8989118422e+00
1.6400426458e-04 2.1594523832e+04 1.5707963268e+00 -1.9003724998e+00
1.6416728988e-04 2.1610175860e+04 1.5707963268e+00 -1.9018310409e+00
1.6433023281e-04 2.1625845527e+04 1.5707963268e+00 -1.9032874676e+00
1.6449309348e-04 2.1641532813e+04 1.5707963268e+00 -1.9047417822e+00
1.6465587201e-04 2.1657237701e+04 1.5707963268e+00 -1.9061939869e+00
1.6481856850e-04 2.1672960174e+04 1.5707963268e+00 -1.9076440839e+00
1.6498118306e-04 2.1688700212e+04 1.5707963268e+00 -1.9090920755e+00
1.6514371581e-04 2.1704457798e+04 1.5707963268e+00 -1.9105379638e+00
1.6530616684e-04 2.1720232914e+04 1.5707963268e+00 -1.9119817512e+00
1.6546853629e-04 2.1736025542e+04 1.5707963268e+00 -1.9134234398e+00
1.6563082424e-04 2.1751835664e+04 1.5707963268e+00 -1.9148630320e+00
1.6579303082e-04 2.1767663261e+04 1.5707963268e+00 -1.9163005299e+00
1.6595515612e-04 2.1783508316e+04 1.5707963268e+00 -1.9177359359e+00
1.6611720028e-04 2.1799370811e+04 1.5707963268e+00 -1.9191692521e+00
1.6627916338e-04 2.1815250726e+04 1.5707963268e+00 -1.9206004809e+00
1.6644104555e-04 2.1831148045e+04 1.5707963268e+00 -1.9220296245e+00
1.6660284688e-04 2.1847062748e+04 1.5707963268e+00 -1.9234566852e+00
1.6676456750e-04 2.1862994818e+04 1.5707963268e+00 -1.9248816653e+00
1.6692620752e-04 2.1878944236e+04 1.5707963268e+00 -1.9263045670e+00
1.6708776703e-04 2.1894910983e+04 1.5707963268e+00 -1.9277253927e+00
1.6724924616e-04 2.1910895043e+04 1.5707963268e+00 -1.9291441446e+00
1.6741064501e-04 2.1926896395e+04 1.5707963268e+00 -1.9305608250e+00
1.6757196370e-04 2.1942915023e+04 1.5707963268e+00 -1.9319754363e+00
1.6773320232e-04 2.1958950906e+04 1.5707963268e+00 -1.9333879806e+00
1.6789436100e-04 2.1975004028e+04 1.5707963268e+00 -1.9347984604e+00
1.6805543984e-04 2.1991074369e+04 1.5707963268e+00 -1.9362068780e+00
1.6821643896e-04 2.2007161911e+04 1.5707963268e+00 -1.9376132355e+00
1.6837735846e-04 2.2023266636e+04 1.5707963268e+00 -1.9390175355e+00
1.6853819845e-04 2.2039388525e+04 1.5707963268e+00 -1.9404197801e+00
1.6869895904e-04 2.2055527559e+04 1.5707963268e+00 -1.9418199717e+00
1.6885964035e-04 2.2071683721e+04 1.5707963268e+00 -1.9432181126e+00
1.6902024248e-04 2.2087856990e+04 1.5707963268e+00 -1.9446142052e+00
1.6918076555e-04 2.2104047350e+04 1.5707963268e+00 -1.9460082518e+00
1.6934120966e-04 2.2120254780e+04 1.5707963268e+00 -1.9474002548e+00
1.6950157492e-04 2.2136479263e+04 1.5707963268e+00 -1.9487902164e+00
1.6966186145e-04 2.2152720780e+04 1.5707963268e+00 -1.9501781390e+00
1.6982206935e-04 2.2168979311e+04 1.5707963268e+00 -1.9515640250e+00
1.6998219873e-04 2.2185254840e+04 1.5707963268e+00 -1.9529478767e+00
1.7014224971e-04 2.2201547346e+04 1.5707963268e+00 -1.9543296965e+00
1.7030222239e-04 2.2217856811e+04 1.5707963268e+00 -1.9557094867e+00
1.7046211689e-04 2.2234183216e+04 1.5707963268e+00 -1.9570872497e+00
1.7062193331e-04 2.2250526542e+04 1.5707963268e+00 -1.9584629878e+00
1.7078167176e-04 2.2266886771e+04 1.5707963268e+00 -1.9598367035e+00
1.7094133236e-04 2.2283263884e+04 1.5707963268e+00 -1.9612083990e+00
1.7110091521e-04 2.2299657862e+04 1.5707963268e+00 -1.9625780768e+00
1.7126042043e-04 2.2316068686e+04 1.5707963268e+00 -1.9639457393e+00
1.7141984812e-04 2.2332496337e+04 1.5707963268e+00 -1.9653113887e+00
1.7157919839e-04 2.2348940797e+04 1.5707963268e+00 -1.9666750275e+00
1.7173847135e-04 2.2365402046e+04 1.5707963268e+00 -1.9680366582e+00
1.7189766712e-04 2.2381880065e+04 1.5707963268e+00 -1.9693962829e+00
1.7205678580e-04 2.2398374836e+04 1.5707963268e+00 -1.9707539043e+00
1.7221582751e-04 2.2414886340e+04 1.5707963268e+00 -1.9721095246e+00
1.7237479234e-04 2.2431414557e+04 1.5707963268e+00 -1.9734631462e+00
1.7253368042e-04 2.2447959469e+04 1.5707963268e+00 -1.9748147716e+00
1.7269249185e-04 2.2464521056e+04 1.5707963268e+00 -1.9761644031e+00
1.7285122674e-04 2.2481099300e+04 1.5707963268e+00 -1.9775120431e+00
1.7300988520e-04 2.2497694181e+04 1.5707963268e+00 -1.9788576942e+00
1.7316846735e-04 2.2514305681e+04 1.5707963268e+00 -1.9802013585e+00
1.7332697328e-04 2.2530933781e+04 1.5707963268e+00 -1.9815430387e+00
1.7348540311e-04 2.2547578460e+04 1.5707963268e+00 -1.9828827370e+00
1.7364375696e-04 2.2564239701e+04 1.5707963268e+00 -1.9842204559e+00
1.7380203492e-04 2.2580917484e+04 1.5707963268e+00 -1.9855561979e+00
1.7396023711e-04 2.2597611790e+04 1.5707963268e+00 -1.9868899653e+00
1.7411836363e-04 2.2614322600e+04 1.5707963268e+00 -1.9882217605e+00
1.7427641461e-04 2.2631049895e+04 1.5707963268e+00 -1.9895515861e+00
1.7443439014e-04 2.2647793654e+04 1.5707963268e+00 -1.9908794443e+00
1.7459229033e-04 2.2664553861e+04 1.5707963268e+00 -1.9922053377e+00
1.7475011530e-04 2.2681330494e+04 1.5707963268e+00 -1.9935292687e+00
1.7490786515e-04 2.2698123535e+04 1.5707963268e+00 -1.9948512397e+00
1.7506554000e-04 2.2714932965e+04 1.5707963268e+00 -1.9961712532e+00
1.7522313995e-04 2.2731758765e+04 1.5707963268e+00 -1.9974893115e+00
1.7538066511e-04 2.2748600914e+04 1.5707963268e+00 -1.9988054172e+00
1.7553811559e-04 2.2765459394e+04 1.5707963268e+00 -2.0001195726e+00
1.7569549150e-04 2.2782334186e+04 1.5707963268e+00 -2.0014317803e+00
1.7585279294e-04 2.2799225271e+04 1.5707963268e+00 -2.0027420426e+00
1.7601002004e-04 2.2816132628e+04 1.5707963268e+00 -2.0040503621e+00
1.7616717288e-04 2.2833056239e+04 1.5707963268e+00 -2.0053567411e+00
1.7632425160e-04 2.2849996085e+04 1.5707963268e+00 -2.0066611821e+00
1.7648125628e-04 2.2866952145e+04 1.5707963268e+00 -2.0079636876e+00
1.7663818705e-04 2.2883924402e+04 1.5707963268e+00 -2.0092642600e+00
1.7679504401e-04 2.2900912834e+04 1.5707963268e+00 -2.0105629018e+00
1.7695182727e-04 2.2917917424e+04 1.5707963268e+00 -2.0118596154e+00
1.7710853693e-04 2.2934938151e+04 1.5707963268e+00 -2.0131544034e+00
1.7726517311e-04 2.2951974997e+04 1.5707963268e+00 -2.0144472681e+00
1.7742173591e-04 2.2969027941e+04 1.5707963268e+00 -2.0157382121e+00
1.7757822545e-04 2.2986096965e+04 1.5707963268e+00 -2.0170272377e+00
1.7773464182e-04 2.3003182049e+04 1.5707963268e+00 -2.0183143475e+00
1.7789098515e-04 2.3020283173e+04 1.5707963268e+00 -2.0195995440e+00
1.7804725553e-04 2.3037400319e+04 1.5707963268e+00 -2.0208828295e+00
1.7820345308e-04 2.3054533466e+04 1.5707963268e+00 -2.0221642067e+00
1.7835957790e-04 2.3071682595e+04 1.5707963268e+00 -2.0234436779e+00
1.7851563010e-04 2.3088847687e+04 1.5707963268e+00 -2.0247212456e+00
1.7867160979e-04 2.3106028723e+04 1.5707963268e+00 -2.0259969123e+00
1.7882751707e-04 2.3123225682e+04 1.5707963268e+00 -2.0272706805e+00
1.7898335206e-04 2.3140438546e+04 1.5707963268e+00 -2.0285425527e+00
1.7913911487e-04 2.3157667295e+04 1.5707963268e+00 -2.0298125313e+00
1.7929480559e-04 2.3174911909e+04 1.5707963268e+00 -2.0310806189e+00
1.7945042434e-04 2.3192172368e+04 1.5707963268e+00 -2.0323468178e+00
1.7960597122e-04 2.3209448654e+04 1.5707963268e+00 -2.0336111307e+00
1.7976144635e-04 2.3226740747e+04 1.5707963268e+00 -2.0348735599e+00
1.7991684982e-04 2.3244048627e+04 1.5707963268e+00 -2.0361341080e+00
1.8007218175e-04 2.3261372275e+04 1.5707963268e+00 -2.0373927775e+00
1.8022744225e-04 2.3278711671e+04 1.5707963268e+00 -2.0386495707e+00
1.8038263142e-04 2.3296066796e+04 1.5707963268e+00 -2.0399044904e+00
1.8053774936e-04 2.3313437630e+04 1.5707963268e+00 -2.0411575388e+00
1.8069279619e-04 2.3330824153e+04 1.5707963268e+00 -2.0424087186e+00
1.8084777202e-04 2.3348226346e+04 1.5707963268e+00 -2.0436580321e+00
1.8100267694e-04 2.3365644190e+04 1.5707963268e+00 -2.0449054820e+00
1.8115751107e-04 2.3383077664e+04 1.5707963268e+00 -2.0461510707e+00
1.8131227451e-04 2.3400526750e+04 1.5707963268e+00 -2.0473948007e+00
1.8146696736e-04 2.3417991427e+04 1.5707963268e+00 -2.0486366744e+00
1.8162158975e-04 2.3435471676e+04 1.5707963268e+00 -2.0498766945e+00
1.8177614176e-04 2.3452967478e+04 1.5707963268e+00 -2.0511148633e+00
1.8193062352e-04 2.3470478813e+04 1.5707963268e+00 -2.0523511834e+00
1.8208503512e-04 2.3488005660e+04 1.5707963268e+00 -2.0535856573e+00
1.8223937667e-04 2.3505548002e+04 1.5707963268e+00 -2.0548182875e+00
1.8239364827e-04 2.3523105817e+04 1.5707963268e+00 -2.0560490764e+00
1.8254785004e-04 2.3540679087e+04 1.5707963268e+00 -2.0572780267e+00
1.8270198208e-04 2.3558267791e+04 1.5707963268e+00 -2.0585051407e+00
1.8285604450e-04 2.3575871911e+04 1.5707963268e+00 -2.0597304211e+00
1.8301003739e-04 2.3593491426e+04 1.5707963268e+00 -2.0609538702e+00
1.8316396087e-04 2.3611126316e+04 1.5707963268e+00 -2.0621754907e+00
1.8331781504e-04 2.3628776564e+04 1.5707963268e+00 -2.0633952849e+00
1.8347160001e-04 2.3646442147e+04 1.5707963268e+00 -2.0646132555e+00
1.8362531589e-04 2.3664123048e+04 1.5707963268e+00 -2.0658294048e+00
1.8377896277e-04 2.3681819246e+04 1.5707963268e+00 -2.0670437355e+00
1.8393254076e-04 2.3699530721e+04 1.5707963268e+00 -2.0682562501e+00
1.8408604998e-04 2.3717257454e+04 1.5707963268e+00 -2.0694669509e+00
1.8423949052e-04 2.3734999426e+04 1.5707963268e+00 -2.0706758406e+00
1.8439286248e-04 2.3752756617e+04 1.5707963268e+00 -2.0718829217e+00
1.8454616599e-04 2.3770529006e+04 1.5707963268e+00 -2.0730881966e+00
1.8469940113e-04 2.3788316575e+04 1.5707963268e+00 -2.0742916679e+00
1.8485256801e-04 2.3806119304e+04 1.5707963268e+00 -2.0754933381e+00
1.8500566674e-04 2.3823937173e+04 1.5707963268e+00 -2.0766932096e+00
1.8515869743e-04 2.3841770162e+04 1.5707963268e+00 -2.0778912851e+00
1.8531166017e-04 2.3859618251e+04 1.5707963268e+00 -2.0790875669e+00
1.8546455508e-04 2.3877481422e+04 1.5707963268e+00 -2.0802820577e+00
1.8561738225e-04 2.3895359655e+04 1.5707963268e+00 -2.0814747599e+00
1.8577014179e-04 2.3913252929e+04 1.5707963268e+00 -2.0826656760e+00
1.8592283381e-04 2.3931161225e+04 1.5707963268e+00 -2.0838548085e+00
1.8607545840e-04 2.3949084524e+04 1.5707963268e+00 -2.0850421600e+00
1.8622801568e-04 2.3967022805e+04 1.5707963268e+00 -2.0862277330e+00
1.8638050574e-04 2.3984976050e+04 1.5707963268e+00 -2.0874115300e+00
1.8653292869e-04 2.4002944238e+04 1.5707963268e+00 -2.0885935534e+00
1.8668528464e-04 2.4020927350e+04 1.5707963268e+00 -2.0897738058e+00
1.8683757368e-04 2.4038925366e+04 1.5707963268e+00 -2.0909522897e+00
1.8698979593e-04 2.4056938266e+04 1.5707963268e+00 -2.0921290076e+00
1.8714195148e-04 2.4074966031e+04 1.5707963268e+00 -2.0933039620e+00
1.8729404043e-04 2.4093008642e+04 1.5707963268e+00 -2.0944771555e+00
1.8744606290e-04 2.4111066078e+04 1.5707963268e+00 -2.0956485905e+00
1.8759801897e-04 2.4129138320e+04 1.5707963268e+00 -2.0968182695e+00
1.8774990877e-04 2.4147225348e+04 1.5707963268e+00 -2.0979861951e+00
1.8790173238e-04 2.4165327142e+04 1.5707963268e+00 -2.0991523698e+00
1.8805348992e-04 2.4183443684e+04 1.5707963268e+00 -2.1003167960e+00
1.8820518148e-04 2.4201574953e+04 1.5707963268e+00 -2.1014794764e+00
1.8835680717e-04 2.4219720929e+04 1.5707963268e+00 -2.1026404132e+00
1.8850836708e-04 2.4237881594e+04 1.5707963268e+00 -2.1037996092e+00
1.8865986133e-04 2.4256056927e+04 1.5707963268e+00 -2.1049570668e+00
1.8881129002e-04 2.4274246908e+04 1.5707963268e+00 -2.1061127885e+00
1.8896265323e-04 2.4292451519e+04 1.5707963268e+00 -2.1072667769e+00
1.8911395109e-04 2.4310670739e+04 1.5707963268e+00 -2.1084190343e+00
1.8926518369e-04 2.4328904549e+04 1.5707963268e+00 -2.1095695633e+00
1.8941635113e-04 2.4347152930e+04 1.5707963268e+00 -2.1107183665e+00
1.8956745351e-04 2.4365415861e+04 1.5707963268e+00 -2.1118654464e+00
1.8971849094e-04 2.4383693323e+04 1.5707963268e+00 -2.1130108053e+00
1.8986946351e-04 2.4401985296e+04 1.5707963268e+00 -2.1141544459e+00
1.9002037134e-04 2.4420291761e+04 1.5707963268e+00 -2.1152963707e+00
1.9017121451e-04 2.4438612698e+04 1.5707963268e+00 -2.1164365821e+00
1.9032199313e-04 2.4456948088e+04 1.5707963268e+00 -2.1175750826e+00
1.9047270730e-04 2.4475297911e+04 1.5707963268e+00 -2.1187118748e+00
1.9062335713e-04 2.4493662148e+04 1.5707963268e+00 -2.1198469612e+00
1.9077394271e-04 2.4512040778e+04 1.5707963268e+00 -2.1209803442e+00
1.9092446415e-04 2.4530433782e+04 1.5707963268e+00 -2.1221120263e+00
1.9107492153e-04 2.4548841141e+04 1.5707963268e+00 -2.1232420101e+00
1.9122531498e-04 2.4567262835e+04 1.5707963268e+00 -2.1243702980e+00
1.9137564458e-04 2.4585698845e+04 1.5707963268e+00 -2.1254968926e+00
1.9152591044e-04 2.4604149151e+04 1.5707963268e+00 -2.1266217963e+00
1.9167611265e-04 2.4622613733e+04 1.5707963268e+00 -2.1277450117e+00
1.9182625132e-04 2.4641092572e+04 1.5707963268e+00 -2.1288665412e+00
1.9197632654e-04 2.4659585649e+04 1.5707963268e+00 -2.1299863873e+00
1.9212633842e-04 2.4678092943e+04 1.5707963268e+00 -2.1311045525e+00
1.9227628706e-04 2.4696614435e+04 1.5707963268e+00 -2.1322210394e+00
1.9242617255e-04 2.4715150107e+04 1.5707963268e+00 -2.1333358503e+00
1.9257599500e-04 2.4733699937e+04 1.5707963268e+00 -2.1344489878e+00
1.9272575450e-04 2.4752263907e+04 1.5707963268e+00 -2.1355604544e+00
1.9287545115e-04 2.4770841998e+04 1.5707963268e+00 -2.1366702526e+00
1.9302508506e-04 2.4789434189e+04 1.5707963268e+00 -2.1377783848e+00
1.9317465632e-04 2.4808040462e+04 1.5707963268e+00 -2.1388848536e+00
1.9332416503e-04 2.4826660796e+04 1.5707963268e+00 -2.1399896614e+00
1.9347361129e-04 2.4845295172e+04 1.5707963268e+00 -2.1410928107e+00
1.9362299520e-04 2.4863943572e+04 1.5707963268e+00 -2.1421943041e+00
1.9377231685e-04 2.4882605975e+04 1.5707963268e+00 -2.1432941439e+00
1.9392157635e-04 2.4901282361e+04 1.5707963268e+00 -2.1443923326e+00
1.9407077379e-04 2.4919972712e+04 1.5707963268e+00 -2.1454888728e+00
1.9421990928e-04 2.4938677008e+04 1.5707963268e+00 -2.1465837670e+00
1.9436898290e-04 2.4957395230e+04 1.5707963268e+00 -2.1476770175e+00
1.9451799477e-04 2.4976127358e+04 1.5707963268e+00 -2.1487686269e+00
1.9466694497e-04 2.4994873373e+04 1.5707963268e+00 -2.1498585977e+00
1.9481583360e-04 2.5013633254e+04 1.5707963268e+00 -2.1509469323e+00
1.9496466077e-04 2.5032406984e+04 1.5707963268e+00 -2.1520336331e+00
1.9511342656e-04 2.5051194543e+04 1.5707963268e+00 -2.1531187028e+00
1.9526213108e-04 2.5069995910e+04 1.5707963268e+00 -2.1542021437e+00
1.9541077443e-04 2.5088811068e+04 1.5707963268e+00 -2.1552839584e+00
1.9555935669e-04 2.5107639996e+04 1.5707963268e+00 -2.1563641492e+00
1.9570787797e-04 2.5126482675e+04 1.5707963268e+00 -2.1574427186e+00
1.9585633837e-04 2.5145339085e+04 1.5707963268e+00 -2.1585196692e+00
1.9600473798e-04 2.5164209208e+04 1.5707963268e+00 -2.1595950034e+00
1.9615307690e-04 2.5183093024e+04 1.5707963268e+00 -2.1606687236e+00
1.9630135522e-04 2.5201990514e+04 1.5707963268e+00 -2.1617408324e+00
1.9644957304e-04 2.5220901659e+04 1.5707963268e+00 -2.1628113321e+00
1.9659773046e-04 2.5239826438e+04 1.5707963268e+00 -2.1638802252e+00
1.9674582758e-04 2.5258764833e+04 1.5707963268e+00 -2.1649475142e+00
1.9689386449e-04 2.5277716825e+04 1.5707963268e+00 -2.1660132016e+00
1.9704184128e-04 2.5296682395e+04 1.5707963268e+00 -2.1670772898e+00
1.9718975805e-04 2.5315661522e+04 1.5707963268e+00 -2.1681397812e+00
1.9733761490e-04 2.5334654188e+04 1.5707963268e+00 -2.1692006783e+00
1.9748541193e-04 2.5353660373e+04 1.5707963268e+00 -2.1702599836e+00
1.9763314922e-04 2.5372680059e+04 1.5707963268e+00 -2.1713176995e+00
1.9778082688e-04 2.5391713226e+04 1.5707963268e+00 -2.1723738284e+00
1.9792844499e-04 2.5410759855e+04 1.5707963268e+00 -2.1734283729e+00
1.9807600366e-04 2.5429819927e+04 1.5707963268e+00 -2.1744813353e+00
1.9822350298e-04 2.5448893422e+04 1.5707963268e+00 -2.1755327181e+00
1.9837094305e-04 2.5467980321e+04 1.5707963268e+00 -2.1765825237e+00
1.9851832395e-04 2.5487080606e+04 1.5707963268e+00 -2.1776307546e+00
1.9866564579e-04 2.5506194256e+04 1.5707963268e+00 -2.1786774132e+00
1.9881290865e-04 2.5525321254e+04 1.5707963268e+00 -2.1797225020e+00
1.9896011264e-04 2.5544461579e+04 1.5707963268e+00 -2.1807660233e+00
1.9910725785e-04 2.5563615213e+04 1.5707963268e+00 -2.1818079797e+00
1.9925434436e-04 2.5582782136e+04 1.5707963268e+00 -2.1828483735e+00
1.9940137228e-04 2.5601962330e+04 1.5707963268e+00 -2.1838872071e+00
1.9954834170e-04 2.5621155775e+04 1.5707963268e+00 -2.1849244831e+00
1.9969525271e-04 2.5640362452e+04 1.5707963268e+00 -2.1859602039e+00
1.9984210541e-04 2.5659582343e+04 1.5707963268e+00 -2.1869943718e+00
1.9998889988e-04 2.5678815427e+04 1.5707963268e+00 -2.1880269893e+00
2.0013563623e-04 2.5698061687e+04 1.5707963268e+00 -2.1890580587e+00
2.0028231455e-04 2.5717321103e+04 1.5707963268e+00 -2.1900875827e+00
2.0042893493e-04 2.5736593656e+04 1.5707963268e+00 -2.1911155634e+00
2.0057549745e-04 2.5755879326e+04 1.5707963268e+00 -2.1921420034e+00
2.0072200223e-04 2.5775178096e+04 1.5707963268e+00 -2.1931669051e+00
2.0086844934e-04 2.5794489947e+04 1.5707963268e+00 -2.1941902709e+00
2.0101483888e-04 2.5813814858e+04 1.5707963268e+00 -2.1952121032e+00
2.0116117094e-04 2.5833152811e+04 1.5707963268e+00 -2.1962324044e+00
2.0130744562e-04 2.5852503788e+04 1.5707963268e+00 -2.1972511770e+00
2.0145366301e-04 2.5871867769e+04 1.5707963268e+00 -2.1982684232e+00
2.0159982320e-04 2.5891244735e+04 1.5707963268e+00 -2.1992841456e+00
2.0174592627e-04 2.5910634668e+04 1.5707963268e+00 -2.2002983465e+00
2.0189197234e-04 2.5930037548e+04 1.5707963268e+00 -2.2013110284e+00
2.0203796147e-04 2.5949453357e+04 1.5707963268e+00 -2.2023221935e+00
2.0218389378e-04 2.5968882076e+04 1.5707963268e+00 -2.2033318444e+00
2.0232976934e-04 2.5988323686e+04 1.5707963268e+00 -2.2043399835e+00
2.0247558825e-04 2.6007778169e+04 1.5707963268e+00 -2.2053466130e+00
2.0262135060e-04 2.6027245504e+04 1.5707963268e+00 -2.2063517354e+00
2.0276705649e-04 2.6046725675e+04 1.5707963268e+00 -2.2073553532e+00
2.0291270600e-04 2.6066218661e+04 1.5707963268e+00 -2.2083574686e+00
2.0305829922e-04 2.6085724444e+04 1.5707963268e+00 -2.2093580840e+00
2.0320383624e-04 2.6105243005e+04 1.5707963268e+00 -2.2103572020e+00
2.0334931716e-04 2.6124774326e+04 1.5707963268e+00 -2.2113548247e+00
2.0349474207e-04 2.6144318387e+04 1.5707963268e+00 -2.2123509547e+00
2.0364011105e-04 2.6163875171e+04 1.5707963268e+00 -2.2133455942e+00
2.0378542420e-04 2.6183444658e+04 1.5707963268e+00 -2.2143387457e+00
2.0393068160e-04 2.6203026829e+04 1.5707963268e+00 -2.2153304115e+00
2.0407588335e-04 2.6222621667e+04 1.5707963268e+00 -2.2163205940e+00
2.0422102953e-04 2.6242229152e+04 1.5707963268e+00 -2.2173092956e+00
2.0436612024e-04 2.6261849265e+04 1.5707963268e+00 -2.2182965186e+00
2.0451115557e-04 2.6281481989e+04 1.5707963268e+00 -2.2192822654e+00
2.0465613560e-04 2.6301127304e+04 1.5707963268e+00 -2.2202665384e+00
2.0480106042e-04 2.6320785191e+04 1.5707963268e+00 -2.2212493399e+00
2.0494593012e-04 2.6340455633e+04 1.5707963268e+00 -2.2222306722e+00
2.0509074480e-04 2.6360138611e+04 1.5707963268e+00 -2.2232105378e+00
2.0523550453e-04 2.6379834105e+04 1.5707963268e+00 -2.2241889390e+00
2.0538020942e-04 2.6399542098e+04 1.5707963268e+00 -2.2251658781e+00
2.0552485954e-04 2.6419262571e+04 1.5707963268e+00 -2.2261413575e+00
2.0566945499e-04 2.6438995506e+04 1.5707963268e+00 -2.2271153796e+00
2.0581399586e-04 2.6458740884e+04 1.5707963268e+00 -2.2280879466e+00
2.0595848222e-04 2.6478498686e+04 1.5707963268e+00 -2.2290590609e+00
2.0610291418e-04 2.6498268894e+04 1.5707963268e+00 -2.2300287249e+00
2.0624729182e-04 2.6518051489e+04 1.5707963268e+00 -2.2309969409e+00
2.0639161522e-04 2.6537846454e+04 1.5707963268e+00 -2.2319637112e+00
2.0653588448e-04 2.6557653769e+04 1.5707963268e+00 -2.2329290382e+00
2.0668009968e-04 2.6577473417e+04 1.5707963268e+00 -2.2338929242e+00
2.0682426091e-04 2.6597305379e+04 1.5707963268e+00 -2.2348553715e+00
2.0696836826e-04 2.6617149636e+04 1.5707963268e+00 -2.2358163825e+00
2.0711242181e-04 2.6637006171e+04 1.5707963268e+00 -2.2367759594e+00
2.0725642165e-04 2.6656874964e+04 1.5707963268e+00 -2.2377341047e+00
2.0740036787e-04 2.6676755998e+04 1.5707963268e+00 -2.2386908206e+00
2.0754426056e-04 2.6696649254e+04 1.5707963268e+00 -2.2396461094e+00
2.0768809979e-04 2.6716554714e+04 1.5707963268e+00 -2.2405999735e+00
2.0783188567e-04 2.6736472359e+04 1.5707963268e+00 -2.2415524151e+00
2.0797561827e-04 2.6756402172e+04 1.5707963268e+00 -2.2425034366e+00
2.0811929767e-04 2.6776344134e+04 1.5707963268e+00 -2.2434530403e+00
2.0826292398e-04 2.6796298228e+04 1.5707963268e+00 -2.2444012285e+00
2.0840649727e-04 2.6816264433e+04 1.5707963268e+00 -2.2453480035e+00
2.0855001763e-04 2.6836242734e+04 1.5707963268e+00 -2.2462933675e+00
2.0869348514e-04 2.6856233110e+04 1.5707963268e+00 -2.2472373230e+00
2.0883689989e-04 2.6876235545e+04 1.5707963268e+00 -2.2481798722e+00
2.0898026197e-04 2.6896250020e+04 1.5707963268e+00 -2.2491210173e+00
2.0912357145e-04 2.6916276516e+04 1.5707963268e+00 -2.2500607608e+00
2.0926682844e-04 2.6936315017e+04 1.5707963268e+00 -2.2509991047e+00
2.0941003300e-04 2.6956365503e+04 1.5707963268e+00 -2.2519360516e+00
2.0955318523e-04 2.6976427957e+04 1.5707963268e+00 -2.2528716036e+00
2.0969628521e-04 2.6996502360e+04 1.5707963268e+00 -2.2538057630e+00
2.0983933303e-04 2.7016588695e+04 1.5707963268e+00 -2.2547385321e+00
2.0998232877e-04 2.7036686944e+04 1.5707963268e+00 -2.2556699131e+00
2.1012527251e-04 2.7056797088e+04 1.5707963268e+00 -2.2565999084e+00
2.1026816434e-04 2.7076919109e+04 1.5707963268e+00 -2.2575285203e+00
2.1041100435e-04 2.7097052990e+04 1.5707963268e+00 -2.2584557509e+00
2.1055379261e-04 2.7117198713e+04 1.5707963268e+00 -2.2593816026e+00
2.1069652921e-04 2.7137356259e+04 1.5707963268e+00 -2.2603060776e+00
2.1083921424e-04 2.7157525611e+04 1.5707963268e+00 -2.2612291782e+00
2.1098184777e-04 2.7177706751e+04 1.5707963268e+00 -2.2621509067e+00
2.1112442990e-04 2.7197899660e+04 1.5707963268e+00 -2.2630712652e+00
2.1126696070e-04 2.7218104322e+04 1.5707963268e+00 -2.2639902561e+00
2.1140944026e-04 2.7238320718e+04 1.5707963268e+00 -2.2649078816e+00
2.1155186866e-04 2.7258548830e+04 1.5707963268e+00 -2.2658241440e+00
2.1169424599e-04 2.7278788641e+04 1.5707963268e+00 -2.2667390454e+00
2.1183657232e-04 2.7299040133e+04 1.5707963268e+00 -2.2676525883e+00
2.1197884775e-04 2.7319303288e+04 1.5707963268e+00 -2.2685647747e+00
2.1212107235e-04 2.7339578088e+04 1.5707963268e+00 -2.2694756069e+00
2.1226324620e-04 2.7359864516e+04 1.5707963268e+00 -2.2703850872e+00
2.1240536939e-04 2.7380162553e+04 1.5707963268e+00 -2.2712932178e+00
2.1254744200e-04 2.7400472182e+04 1.5707963268e+00 -2.2722000009e+00
2.1268946411e-04 2.7420793386e+04 1.5707963268e+00 -2.2731054388e+00
2.1283143581e-04 2.7441126147e+04 1.5707963268e+00 -2.2740095337e+00
2.1297335717e-04 2.7461470447e+04 1.5707963268e+00 -2.2749122878e+00
2.1311522827e-04 2.7481826268e+04 1.5707963268e+00 -2.2758137033e+00
2.1325704921e-04 2.7502193593e+04 1.5707963268e+00 -2.2767137825e+00
2.1339882006e-04 2.7522572404e+04 1.5707963268e+00 -2.2776125276e+00
2.1354054090e-04 2.7542962684e+04 1.5707963268e+00 -2.2785099407e+00
2.1368221181e-04 2.7563364415e+04 1.5707963268e+00 -2.2794060241e+00
2.1382383287e-04 2.7583777580e+04 1.5707963268e+00 -2.2803007800e+00
2.1396540417e-04 2.7604202160e+04 1.5707963268e+00 -2.2811942106e+00
2.1410692579e-04 2.7624638140e+04 1.5707963268e+00 -2.2820863182e+00
2.1424839780e-04 2.7645085500e+04 1.5707963268e+00 -2.2829771048e+00
2.1438982029e-04 2.7665544224e+04 1.5707963268e+00 -2.2838665728e+00
2.1453119333e-04 2.7686014294e+04 1.5707963268e+00 -2.2847547242e+00
2.1467251701e-04 2.7706495693e+04 1.5707963268e+00 -2.2856415613e+00
2.1481379141e-04 2.7726988403e+04 1.5707963268e+00 -2.2865270863e+00
2.1495501660e-04 2.7747492407e+04 1.5707963268e+00 -2.2874113014e+00
2.1509619268e-04 2.7768007688e+04 1.5707963268e+00 -2.2882942088e+00
2.1523731971e-04 2.7788534228e+04 1.5707963268e+00 -2.2891758105e+00
2.1537839777e-04 2.7809072010e+04 1.5707963268e+00 -2.2900561089e+00
2.1551942695e-04 2.7829621017e+04 1.5707963268e+00 -2.2909351061e+00
2.1566040733e-04 2.7850181230e+04 1.5707963268e+00 -2.2918128042e+00
2.1580133898e-04 2.7870752634e+04 1.5707963268e+00 -2.2926892055e+00
2.1594222198e-04 2.7891335211e+04 1.5707963268e+00 -2.2935643121e+00
2.1608305641e-04 2.7911928943e+04 1.5707963268e+00 -2.2944381261e+00
2.1622384236e-04 2.7932533814e+04 1.5707963268e+00 -2.2953106497e+00
2.1636457990e-04 2.7953149806e+04 1.5707963268e+00 -2.2961818852e+00
2.1650526910e-04 2.7973776901e+04 1.5707963268e+00 -2.2970518346e+00
2.1664591005e-04 2.7994415084e+04 1.5707963268e+00 -2.2979205001e+00
2.1678650283e-04 2.8015064336e+04 1.5707963268e+00 -2.2987878838e+00
2.1692704751e-04 2.8035724641e+04 1.5707963268e+00 -2.2996539880e+00
2.1706754417e-04 2.8056395981e+04 1.5707963268e+00 -2.3005188147e+00
2.1720799288e-04 2.8077078339e+04 1.5707963268e+00 -2.3013823660e+00
2.1734839374e-04 2.8097771699e+04 1.5707963268e+00 -2.3022446443e+00
2.1748874681e-04 2.8118476044e+04 1.5707963268e+00 -2.3031056514e+00
2.1762905217e-04 2.8139191355e+04 1.5707963268e+00 -2.3039653897e+00
2.1776930990e-04 2.8159917617e+04 1.5707963268e+00 -2.3048238612e+00
2.1790952008e-04 2.8180654812e+04 1.5707963268e+00 -2.3056810681e+00
2.1804968278e-04 2.8201402923e+04 1.5707963268e+00 -2.3065370125e+00
2.1818979808e-04 2.8222161934e+04 1.5707963268e+00 -2.3073916965e+00
2.1832986606e-04 2.8242931827e+04 1.5707963268e+00 -2.3082451222e+00
2.1846988680e-04 2.8263712586e+04 1.5707963268e+00 -2.3090972918e+00
2.1860986036e-04 2.8284504193e+04 1.5707963268e+00 -2.3099482073e+00
2.1874978683e-04 2.8305306633e+04 1.5707963268e+00 -2.3107978710e+00
2.1888966629e-04 2.8326119887e+04 1.5707963268e+00 -2.3116462848e+00
2.1902949880e-04 2.8346943939e+04 1.5707963268e+00 -2.3124934509e+00
2.1916928445e-04 2.8367778773e+04 1.5707963268e+00 -2.3133393715e+00
2.1930902332e-04 2.8388624372e+04 1.5707963268e+00 -2.3141840485e+00
2.1944871547e-04 2.8409480718e+04 1.5707963268e+00 -2.3150274842e+00
2.1958836098e-04 2.8430347795e+04 1.5707963268e+00 -2.3158696805e+00
2.1972795993e-04 2.8451225587e+04 1.5707963268e+00 -2.3167106397e+00
2.1986751240e-04 2.8472114076e+04 1.5707963268e+00 -2.3175503637e+00
2.2000701846e-04 2.8493013247e+04 1.5707963268e+00 -2.3183888547e+00
2.2014647818e-04 2.8513923081e+04 1.5707963268e+00 -2.3192261148e+00
2.2028589164e-04 2.8534843564e+04 1.5707963268e+00 -2.3200621460e+00
2.2042525892e-04 2.8555774677e+04 1.5707963268e+00 -2.3208969504e+00
2.2056458009e-04 2.8576716405e+04 1.5707963268e+00 -2.3217305301e+00
2.2070385522e-04 2.8597668731e+04 1.5707963268e+00 -2.3225628872e+00
2.2084308439e-04 2.8618631638e+04 1.5707963268e+00 -2.3233940237e+00
2.2098226768e-04 2.8639605110e+04 1.5707963268e+00 -2.3242239417e+00
2.2112140515e-04 2.8660589130e+04 1.5707963268e+00 -2.3250526433e+00
2.2126049688e-04 2.8681583683e+04 1.5707963268e+00 -2.3258801306e+00
2.2139954295e-04 2.8702588750e+04 1.5707963268e+00 -2.3267064055e+00
2.2153854343e-04 2.8723604316e+04 1.5707963268e+00 -2.3275314702e+00
2.2167749839e-04 2.8744630365e+04 1.5707963268e+00 -2.3283553266e+00
2.2181640792e-04 2.8765666880e+04 1.5707963268e+00 -2.3291779770e+00
2.2195527207e-04 2.8786713844e+04 1.5707963268e+00 -2.3299994232e+00
2.2209409092e-04 2.8807771241e+04 1.5707963268e+00 -2.3308196674e+00
2.2223286456e-04 2.8828839056e+04 1.5707963268e+00 -2.3316387115e+00
2.2237159304e-04 2.8849917271e+04 1.5707963268e+00 -2.3324565577e+00
2.2251027645e-04 2.8871005870e+04 1.5707963268e+00 -2.3332732080e+00
2.2264891486e-04 2.8892104837e+04 1.5707963268e+00 -2.3340886643e+00
2.2278750833e-04 2.8913214156e+04 1.5707963268e+00 -2.3349029288e+00
2.2292605695e-04 2.8934333810e+04 1.5707963268e+00 -2.3357160034e+00
2.2306456078e-04 2.8955463784e+04 1.5707963268e+00 -2.3365278902e+00
2.2320301990e-04 2.8976604060e+04 1.5707963268e+00 -2.3373385912e+00
2.2334143438e-04 2.8997754624e+04 1.5707963268e+00 -2.3381481085e+00
2.2347980429e-04 2.9018915458e+04 1.5707963268e+00 -2.3389564439e+00
2.2361812970e-04 2.9040086546e+04 1.5707963268e+00 -2.3397635997e+00
2.2375641069e-04 2.9061267873e+04 1.5707963268e+00 -2.3405695776e+00
2.2389464733e-04 2.9082459422e+04 1.5707963268e+00 -2.3413743799e+00
2.2403283968e-04 2.9103661177e+04 1.5707963268e+00 -2.3421780084e+00
2.2417098783e-04 2.9124873123e+04 1.5707963268e+00 -2.3429804652e+00
2.2430909184e-04 2.9146095242e+04 1.5707963268e+00 -2.3437817523e+00
2.2444715178e-04 2.9167327520e+04 1.5707963268e+00 -2.3445818716e+00
2.2458516772e-04 2.9188569939e+04 1.5707963268e+00 -2.3453808252e+00
2.2472313974e-04 2.9209822485e+04 1.5707963268e+00 -2.3461786150e+00
2.2486106791e-04 2.9231085141e+04 1.5707963268e+00 -2.3469752431e+00
2.2499895229e-04 2.9252357891e+04 1.5707963268e+00 -2.3477707114e+00
2.2513679297e-04 2.9273640719e+04 1.5707963268e+00 -2.3485650220e+00
2.2527459000e-04 2.9294933609e+04 1.5707963268e+00 -2.3493581767e+00
2.2541234346e-04 2.9316236547e+04 1.5707963268e+00 -2.3501501775e+00
2.2555005341e-04 2.9337549514e+04 1.5707963268e+00 -2.3509410265e+00
2.2568771994e-04 2.9358872497e+04 1.5707963268e+00 -2.3517307256e+00
2.2582534311e-04 2.9380205478e+04 1.5707963268e+00 -2.3525192768e+00
2.2596292298e-04 2.9401548443e+04 1.5707963268e+00 -2.3533066820e+00
2.2610045964e-04 2.9422901375e+04 1.5707963268e+00 -2.3540929432e+00
2.2623795314e-04 2.9444264259e+04 1.5707963268e+00 -2.3548780623e+00
2.2637540356e-04 2.9465637079e+04 1.5707963268e+00 -2.3556620413e+00
2.2651281097e-04 2.9487019819e+04 1.5707963268e+00 -2.3564448823e+00
2.2665017544e-04 2.9508412464e+04 1.5707963268e+00 -2.3572265870e+00
2.2678749703e-04 2.9529814998e+04 1.5707963268e+00 -2.3580071575e+00
2.2692477582e-04 2.9551227405e+04 1.5707963268e+00 -2.3587865956e+00
2.2706201187e-04 2.9572649669e+04 1.5707963268e+00 -2.3595649035e+00
2.2719920526e-04 2.9594081776e+04 1.5707963268e+00 -2.3603420829e+00
2.2733635604e-04 2.9615523709e+04 1.5707963268e+00 -2.3611181358e+00
2.2747346430e-04 2.9636975453e+04 1.5707963268e+00 -2.3618930641e+00
2.2761053010e-04 2.9658436992e+04 1.5707963268e+00 -2.3626668699e+00
2.2774755350e-04 2.9679908311e+04 1.5707963268e+00 -2.3634395549e+00
2.2788453458e-04 2.9701389395e+04 1.5707963268e+00 -2.3642111211e+00
2.2802147340e-04 2.9722880227e+04 1.5707963268e+00 -2.3649815705e+00
2.2815837003e-04 2.9744380793e+04 1.5707963268e+00 -2.3657509050e+00
2.2829522455e-04 2.9765891077e+04 1.5707963268e+00 -2.3665191265e+00
2.2843203700e-04 2.9787411063e+04 1.5707963268e+00 -2.3672862368e+00
2.2856880748e-04 2.9808940737e+04 1.5707963268e+00 -2.3680522379e+00
2.2870553604e-04 2.9830480082e+04 1.5707963268e+00 -2.3688171317e+00
2.2884222274e-04 2.9852029084e+04 1.5707963268e+00 -2.3695809202e+00
2.2897886766e-04 2.9873587727e+04 1.5707963268e+00 -2.3703436051e+00
2.2911547087e-04 2.9895155996e+04 1.5707963268e+00 -2.3711051885e+00
2.2925203243e-04 2.9916733876e+04 1.5707963268e+00 -2.3718656721e+00
2.2938855240e-04 2.9938321351e+04 1.5707963268e+00 -2.3726250579e+00
2.2952503086e-04 2.9959918406e+04 1.5707963268e+00 -2.3733833478e+00
2.2966146787e-04 2.9981525026e+04 1.5707963268e+00 -2.3741405437e+00
2.2979786350e-04 3.0003141195e+04 1.5707963268e+00 -2.3748966474e+00
2.2993421782e-04 3.0024766899e+04 1.5707963268e+00 -2.3756516609e+00
2.3007053088e-04 3.0046402122e+04 1.5707963268e+00 -2.3764055859e+00
2.3020680276e-04 3.0068046849e+04 1.5707963268e+00 -2.3771584244e+00
2.3034303352e-04 3.0089701066e+04 1.5707963268e+00 -2.3779101783e+00
2.3047922323e-04 3.0111364756e+04 1.5707963268e+00 -2.3786608494e+00
2.3061537196e-04 3.0133037906e+04 1.5707963268e+00 -2.3794104395e+00
2.3075147977e-04 3.0154720499e+04 1.5707963268e+00 -2.3801589506e+00
2.3088754672e-04 3.0176412521e+04 1.5707963268e+00 -2.3809063845e+00
2.3102357288e-04 3.0198113957e+04 1.5707963268e+00 -2.3816527430e+00
2.3115955832e-04 3.0219824792e+04 1.5707963268e+00 -2.3823980281e+00
2.3129550311e-04 3.0241545010e+04 1.5707963268e+00 -2.3831422415e+00
2.3143140730e-04 3.0263274598e+04 1.5707963268e+00 -2.3838853851e+00
2.3156727096e-04 3.0285013540e+04 1.5707963268e+00 -2.3846274608e+00
2.3170309416e-04 3.0306761820e+04 1.5707963268e+00 -2.3853684704e+00
2.3183887696e-04 3.0328519425e+04 1.5707963268e+00 -2.3861084157e+00
2.3197461942e-04 3.0350286340e+04 1.5707963268e+00 -2.3868472985e+00
2.3211032162e-04 3.0372062548e+04 1.5707963268e+00 -2.3875851208e+00
2.3224598361e-04 3.0393848037e+04 1.5707963268e+00 -2.3883218843e+00
2.3238160546e-04 3.0415642791e+04 1.5707963268e+00 -2.3890575909e+00
2.3251718724e-04 3.0437446794e+04 1.5707963268e+00 -2.3897922423e+00
2.3265272901e-04 3.0459260033e+04 1.5707963268e+00 -2.3905258404e+00
2.3278823082e-04 3.0481082493e+04 1.5707963268e+00 -2.3912583871e+00
2.3292369275e-04 3.0502914159e+04 1.5707963268e+00 -2.3919898841e+00
2.3305911486e-04 3.0524755016e+04 1.5707963268e+00 -2.3927203333e+00
2.3319449722e-04 3.0546605050e+04 1.5707963268e+00 -2.3934497364e+00
2.3332983988e-04 3.0568464245e+04 1.5707963268e+00 -2.3941780953e+00
2.3346514291e-04 3.0590332588e+04 1.5707963268e+00 -2.3949054117e+00
2.3360040637e-04 3.0612210064e+04 1.5707963268e+00 -2.3956316875e+00
2.3373563033e-04 3.0634096658e+04 1.5707963268e+00 -2.3963569245e+00
2.3387081485e-04 3.0655992355e+04 1.5707963268e+00 -2.3970811245e+00
2.3400595999e-04 3.0677897142e+04 1.5707963268e+00 -2.3978042892e+00
2.3414106582e-04 3.0699811003e+04 1.5707963268e+00 -2.3985264205e+00
2.3427613240e-04 3.0721733924e+04 1.5707963268e+00 -2.3992475200e+00
2.3441115978e-04 3.0743665891e+04 1.5707963268e+00 -2.3999675898e+00
2.3454614804e-04 3.0765606889e+04 1.5707963268e+00 -2.4006866314e+00
2.3468109723e-04 3.0787556904e+04 1.5707963268e+00 -2.4014046467e+00
2.3481600742e-04 3.0809515920e+04 1.5707963268e+00 -2.4021216374e+00
2.3495087867e-04 3.0831483925e+04 1.5707963268e+00 -2.4028376053e+00
2.3508571105e-04 3.0853460904e+04 1.5707963268e+00 -2.4035525523e+00
2.3522050460e-04 3.0875446841e+04 1.5707963268e+00 -2.4042664800e+00
2.3535525940e-04 3.0897441723e+04 1.5707963268e+00 -2.4049793902e+00
2.3548997551e-04 3.0919445536e+04 1.5707963268e+00 -2.4056912847e+00
2.3562465299e-04 3.0941458265e+04 1.5707963268e+00 -2.4064021653e+00
2.3575929189e-04 3.0963479897e+04 1.5707963268e+00 -2.4071120336e+00
2.3589389229e-04 3.0985510416e+04 1.5707963268e+00 -2.4078208915e+00
2.3602845424e-04 3.1007549808e+04 1.5707963268e+00 -2.4085287407e+00
2.3616297780e-04 3.1029598060e+04 1.5707963268e+00 -2.4092355829e+00
2.3629746304e-04 3.1051655157e+04 1.5707963268e+00 -2.4099414199e+00
2.3643191002e-04 3.1073721085e+04 1.5707963268e+00 -2.4106462535e+00
2.3656631879e-04 3.1095795830e+04 1.5707963268e+00 -2.4113500853e+00
2.3670068941e-04 3.1117879378e+04 1.5707963268e+00 -2.4120529171e+00
2.3683502196e-04 3.1139971714e+04 1.5707963268e+00 -2.4127547506e+00
2.3696931648e-04 3.1162072825e+04 1.5707963268e+00 -2.4134555876e+00
2.3710357304e-04 3.1184182696e+04 1.5707963268e+00 -2.4141554297e+00
2.3723779170e-04 3.1206301315e+04 1.5707963268e+00 -2.4148542788e+00
2.3737197252e-04 3.1228428665e+04 1.5707963268e+00 -2.4155521365e+00
2.3750611556e-04 3.1250564734e+04 1.5707963268e+00 -2.4162490045e+00
2.3764022088e-04 3.1272709508e+04 1.5707963268e+00 -2.4169448846e+00
2.3777428853e-04 3.1294862972e+04 1.5707963268e+00 -2.4176397785e+00
2.3790831858e-04 3.1317025113e+04 1.5707963268e+00 -2.4183336879e+00
2.3804231109e-04 3.1339195917e+04 1.5707963268e+00 -2.4190266144e+00
2.3817626612e-04 3.1361375370e+04 1.5707963268e+00 -2.4197185598e+00
2.3831018372e-04 3.1383563457e+04 1.5707963268e+00 -2.4204095258e+00
2.3844406396e-04 3.1405760166e+04 1.5707963268e+00 -2.4210995141e+00
2.3857790690e-04 3.1427965483e+04 1.5707963268e+00 -2.4217885264e+00
2.3871171259e-04 3.1450179393e+04 1.5707963268e+00 -2.4224765644e+00
2.3884548109e-04 3.1472401882e+04 1.5707963268e+00 -2.4231636297e+00
2.3897921246e-04 3.1494632938e+04 1.5707963268e+00 -2.4238497241e+00
2.3911290676e-04 3.1516872546e+04 1.5707963268e+00 -2.4245348492e+00
2.3924656405e-04 3.1539120693e+04 1.5707963268e+00 -2.4252190067e+00
2.3938018439e-04 3.1561377365e+04 1.5707963268e+00 -2.4259021983e+00
2.3951376784e-04 3.1583642548e+04 1.5707963268e+00 -2.4265844257e+00
2.3964731445e-04 3.1605916228e+04 1.5707963268e+00 -2.4272656905e+00
2.3978082428e-04 3.1628198393e+04 1.5707963268e+00 -2.4279459944e+00
2.3991429739e-04 3.1650489028e+04 1.5707963268e+00 -2.4286253390e+00
2.4004773384e-04 3.1672788120e+04 1.5707963268e+00 -2.4293037262e+00
2.4018113368e-04 3.1695095655e+04 1.5707963268e+00 -2.4299811574e+00
2.4031449698e-04 3.1717411619e+04 1.5707963268e+00 -2.4306576343e+00
2.4044782379e-04 3.1739736000e+04 1.5707963268e+00 -2.4313331587e+00
2.4058111417e-04 3.1762068784e+04 1.5707963268e+00 -2.4320077321e+00
2.4071436818e-04 3.1784409956e+04 1.5707963268e+00 -2.4326813563e+00
2.4084758587e-04 3.1806759504e+04 1.5707963268e+00 -2.4333540328e+00
2.4098076730e-04 3.1829117415e+04 1.5707963268e+00 -2.4340257633e+00
2.4111391252e-04 3.1851483674e+04 1.5707963268e+00 -2.4346965494e+00
2.4124702161e-04 3.1873858269e+04 1.5707963268e+00 -2.4353663929e+00
2.4138009460e-04 3.1896241186e+04 1.5707963268e+00 -2.4360352952e+00
2.4151313156e-04 3.1918632412e+04 1.5707963268e+00 -2.4367032581e+00
2.4164613255e-04 3.1941031933e+04 1.5707963268e+00 -2.4373702831e+00
2.4177909762e-04 3.1963439736e+04 1.5707963268e+00 -2.4380363720e+00
2.4191202683e-04 3.1985855808e+04 1.5707963268e+00 -2.4387015263e+00
2.4204492023e-04 3.2008280135e+04 1.5707963268e+00 -2.4393657477e+00
2.4217777789e-04 3.2030712705e+04 1.5707963268e+00 -2.4400290377e+00
2.4231059985e-04 3.2053153504e+04 1.5707963268e+00 -2.4406913980e+00
2.4244338617e-04 3.2075602518e+04 1.5707963268e+00 -2.4413528302e+00
2.4257613692e-04 3.2098059735e+04 1.5707963268e+00 -2.4420133359e+00
2.4270885213e-04 3.2120525141e+04 1.5707963268e+00 -2.4426729167e+00
2.4284153188e-04 3.2142998724e+04 1.5707963268e+00 -2.4433315742e+00
2.4297417622e-04 3.2165480470e+04 1.5707963268e+00 -2.4439893101e+00
2.4310678519e-04 3.2187970366e+04 1.5707963268e+00 -2.4446461259e+00
2.4323935887e-04 3.2210468399e+04 1.5707963268e+00 -2.4453020232e+00
2.4337189729e-04 3.2232974556e+04 1.5707963268e+00 -2.4459570036e+00
2.4350440053e-04 3.2255488823e+04 1.5707963268e+00 -2.4466110687e+00
2.4363686862e-04 3.2278011189e+04 1.5707963268e+00 -2.4472642201e+00
2.4376930164e-04 3.2300541639e+04 1.5707963268e+00 -2.4479164594e+00
2.4390169963e-04 3.2323080161e+04 1.5707963268e+00 -2.4485677881e+00
2.4403406264e-04 3.2345626742e+04 1.5707963268e+00 -2.4492182079e+00
2.4416639074e-04 3.2368181369e+04 1.5707963268e+00 -2.4498677203e+00
2.4429868397e-04 3.2390744029e+04 1.5707963268e+00 -2.4505163269e+00
2.4443094240e-04 3.2413314709e+04 1.5707963268e+00 -2.4511640292e+00
2.4456316607e-04 3.2435893396e+04 1.5707963268e+00 -2.4518108289e+00
2.4469535504e-04 3.2458480078e+04 1.5707963268e+00 -2.4524567274e+00
2.4482750937e-04 3.2481074741e+04 1.5707963268e+00 -2.4531017264e+00
2.4495962910e-04 3.2503677373e+04 1.5707963268e+00 -2.4537458275e+00
2.4509171430e-04 3.2526287961e+04 1.5707963268e+00 -2.4543890321e+00
2.4522376501e-04 3.2548906491e+04 1.5707963268e+00 -2.4550313419e+00
2.4535578130e-04 3.2571532953e+04 1.5707963268e+00 -2.4556727583e+00
2.4548776320e-04 3.2594167332e+04 1.5707963268e+00 -2.4563132830e+00
2.4561971079e-04 3.2616809615e+04 1.5707963268e+00 -2.4569529174e+00
2.4575162411e-04 3.2639459791e+04 1.5707963268e+00 -2.4575916632e+00
2.4588350321e-04 3.2662117847e+04 1.5707963268e+00 -2.4582295219e+00
2.4601534814e-04 3.2684783769e+04 1.5707963268e+00 -2.4588664949e+00
2.4614715897e-04 3.2707457546e+04 1.5707963268e+00 -2.4595025839e+00
2.4627893575e-04 3.2730139164e+04 1.5707963268e+00 -2.4601377904e+00
2.4641067852e-04 3.2752828611e+04 1.5707963268e+00 -2.4607721159e+00
2.4654238734e-04 3.2775525875e+04 1.5707963268e+00 -2.4614055619e+00
2.4667406226e-04 3.2798230942e+04 1.5707963268e+00 -2.4620381300e+00
2.4680570334e-04 3.2820943801e+04 1.5707963268e+00 -2.4626698216e+00
2.4693731063e-04 3.2843664439e+04 1.5707963268e+00 -2.4633006384e+00
2.4706888417e-04 3.2866392843e+04 1.5707963268e+00 -2.4639305818e+00
2.4720042403e-04 3.2889129001e+04 1.5707963268e+00 -2.4645596533e+00
2.4733193026e-04 3.2911872901e+04 1.5707963268e+00 -2.4651878545e+00
2.4746340290e-04 3.2934624529e+04 1.5707963268e+00 -2.4658151868e+00
2.4759484201e-04 3.2957383874e+04 1.5707963268e+00 -2.4664416518e+00
2.4772624765e-04 3.2980150923e+04 1.5707963268e+00 -2.4670672510e+00
2.4785761986e-04 3.3002925664e+04 1.5707963268e+00 -2.4676919858e+00
2.4798895869e-04 3.3025708085e+04 1.5707963268e+00 -2.4683158578e+00
2.4812026420e-04 3.3048498172e+04 1.5707963268e+00 -2.4689388685e+00
2.4825153644e-04 3.3071295915e+04 1.5707963268e+00 -2.4695610193e+00
2.4838277546e-04 3.3094101299e+04 1.5707963268e+00 -2.4701823118e+00
2.4851398131e-04 3.3116914314e+04 1.5707963268e+00 -2.4708027474e+00
2.4864515405e-04 3.3139734947e+04 1.5707963268e+00 -2.4714223276e+00
2.4877629372e-04 3.3162563186e+04 1.5707963268e+00 -2.4720410539e+00
2.4890740037e-04 3.3185399019e+04 1.5707963268e+00 -2.4726589278e+00
2.4903847406e-04 3.3208242432e+04 1.5707963268e+00 -2.4732759508e+00
2.4916951484e-04 3.3231093415e+04 1.5707963268e+00 -2.4738921243e+00
2.4930052276e-04 3.3253951955e+04 1.5707963268e+00 -2.4745074498e+00
2.4943149787e-04 3.3276818040e+04 1.5707963268e+00 -2.4751219288e+00
2.4956244022e-04 3.3299691657e+04 1.5707963268e+00 -2.4757355627e+00
2.4969334986e-04 3.3322572795e+04 1.5707963268e+00 -2.4763483531e+00
2.4982422683e-04 3.3345461442e+04 1.5707963268e+00 -2.4769603013e+00
2.4995507121e-04 3.3368357585e+04 1.5707963268e+00 -2.4775714088e+00
2.5008588302e-04 3.3391261213e+04 1.5707963268e+00 -2.4781816772e+00
2.5021666232e-04 3.3414172313e+04 1.5707963268e+00 -2.4787911077e+00
2.5034740917e-04 3.3437090874e+04 1.5707963268e+00 -2.4793997020e+00
2.5047812361e-04 3.3460016883e+04 1.5707963268e+00 -2.4800074614e+00
2.5060880569e-04 3.3482950329e+04 1.5707963268e+00 -2.4806143873e+00
2.5073945546e-04 3.3505891199e+04 1.5707963268e+00 -2.4812204813e+00
2.5087007298e-04 3.3528839482e+04 1.5707963268e+00 -2.4818257448e+00
2.5100065828e-04 3.3551795166e+04 1.5707963268e+00 -2.4824301792e+00
2.5113121143e-04 3.3574758239e+04 1.5707963268e+00 -2.4830337859e+00
2.5126173246e-04 3.3597728689e+04 1.5707963268e+00 -2.4836365664e+00
2.5139222144e-04 3.3620706504e+04 1.5707963268e+00 -2.4842385221e+00
2.5152267841e-04 3.3643691672e+04 1.5707963268e+00 -2.4848396544e+00
2.5165310341e-04 3.3666684182e+04 1.5707963268e+00 -2.4854399648e+00
2.5178349650e-04 3.3689684022e+04 1.5707963268e+00 -2.4860394547e+00
2.5191385773e-04 3.3712691180e+04 1.5707963268e+00 -2.4866381255e+00
2.5204418714e-04 3.3735705644e+04 1.5707963268e+00 -2.4872359786e+00
2.5217448479e-04 3.3758727403e+04 1.5707963268e+00 -2.4878330154e+00
2.5230475072e-04 3.3781756445e+04 1.5707963268e+00 -2.4884292374e+00
2.5243498498e-04 3.3804792758e+04 1.5707963268e+00 -2.4890246459e+00
2.5256518762e-04 3.3827836331e+04 1.5707963268e+00 -2.4896192424e+00
2.5269535869e-04 3.3850887151e+04 1.5707963268e+00 -2.4902130283e+00
2.5282549824e-04 3.3873945208e+04 1.5707963268e+00 -2.4908060049e+00
2.5295560631e-04 3.3897010490e+04 1.5707963268e+00 -2.4913981737e+00
2.5308568295e-04 3.3920082984e+04 1.5707963268e+00 -2.4919895361e+00
2.5321572822e-04 3.3943162680e+04 1.5707963268e+00 -2.4925800934e+00
2.5334574215e-04 3.3966249566e+04 1.5707963268e+00 -2.4931698471e+00
2.5347572480e-04 3.3989343631e+04 1.5707963268e+00 -2.4937587985e+00
2.5360567622e-04 3.4012444862e+04 1.5707963268e+00 -2.4943469490e+00
2.5373559645e-04 3.4035553249e+04 1.5707963268e+00 -2.4949343001e+00
2.5386548554e-04 3.4058668780e+04 1.5707963268e+00 -2.4955208531e+00
2.5399534354e-04 3.4081791444e+04 1.5707963268e+00 -2.4961066093e+00
2.5412517050e-04 3.4104921228e+04 1.5707963268e+00 -2.4966915702e+00
2.5425496645e-04 3.4128058122e+04 1.5707963268e+00 -2.4972757371e+00
2.5438473146e-04 3.4151202115e+04 1.5707963268e+00 -2.4978591114e+00
2.5451446557e-04 3.4174353194e+04 1.5707963268e+00 -2.4984416945e+00
2.5464416882e-04 3.4197511349e+04 1.5707963268e+00 -2.4990234877e+00
2.5477384126e-04 3.4220676568e+04 1.5707963268e+00 -2.4996044924e+00
2.5490348294e-04 3.4243848841e+04 1.5707963268e+00 -2.5001847100e+00
2.5503309390e-04 3.4267028154e+04 1.5707963268e+00 -2.5007641418e+00
2.5516267420e-04 3.4290214498e+04 1.5707963268e+00 -2.5013427892e+00
2.5529222387e-04 3.4313407861e+04 1.5707963268e+00 -2.5019206535e+00
2.5542174297e-04 3.4336608232e+04 1.5707963268e+00 -2.5024977361e+00
2.5555123155e-04 3.4359815600e+04 1.5707963268e+00 -2.5030740383e+00
2.5568068964e-04 3.4383029953e+04 1.5707963268e+00 -2.5036495615e+00
2.5581011729e-04 3.4406251280e+04 1.5707963268e+00 -2.5042243070e+00
2.5593951456e-04 3.4429479570e+04 1.5707963268e+00 -2.5047982762e+00
2.5606888148e-04 3.4452714812e+04 1.5707963268e+00 -2.5053714704e+00
2.5619821811e-04 3.4475956995e+04 1.5707963268e+00 -2.5059438910e+00
2.5632752449e-04 3.4499206107e+04 1.5707963268e+00 -2.5065155392e+00
2.5645680066e-04 3.4522462138e+04 1.5707963268e+00 -2.5070864164e+00
2.5658604667e-04 3.4545725076e+04 1.5707963268e+00 -2.5076565240e+00
2.5671526257e-04 3.4568994911e+04 1.5707963268e+00 -2.5082258632e+00
2.5684444840e-04 3.4592271632e+04 1.5707963268e+00 -2.5087944354e+00
2.5697360420e-04 3.4615555226e+04 1.5707963268e+00 -2.5093622420e+00
2.5710273003e-04 3.4638845684e+04 1.5707963268e+00 -2.5099292841e+00
2.5723182593e-04 3.4662142995e+04 1.5707963268e+00 -2.5104955633e+00
2.5736089195e-04 3.4685447147e+04 1.5707963268e+00 -2.5110610807e+00
2.5748992812e-04 3.4708758129e+04 1.5707963268e+00 -2.5116258376e+00
2.5761893449e-04 3.4732075931e+04 1.5707963268e+00 -2.5121898355e+00
2.5774791112e-04 3.4755400541e+04 1.5707963268e+00 -2.5127530755e+00
2.5787685804e-04 3.4778731950e+04 1.5707963268e+00 -2.5133155591e+00
2.5800577530e-04 3.4802070145e+04 1.5707963268e+00 -2.5138772875e+00
2.5813466294e-04 3.4825415116e+04 1.5707963268e+00 -2.5144382619e+00
2.5826352101e-04 3.4848766853e+04 1.5707963268e+00 -2.5149984838e+00
2.5839234955e-04 3.4872125344e+04 1.5707963268e+00 -2.5155579544e+00
2.5852114861e-04 3.4895490579e+04 1.5707963268e+00 -2.5161166750e+00
2.5864991824e-04 3.4918862546e+04 1.5707963268e+00 -2.5166746468e+00
2.5877865847e-04 3.4942241235e+04 1.5707963268e+00 -2.5172318713e+00
2.5890736935e-04 3.4965626636e+04 1.5707963268e+00 -2.5177883496e+00
2.5903605093e-04 3.4989018738e+04 1.5707963268e+00 -2.5183440830e+00
2.5916470324e-04 3.5012417529e+04 1.5707963268e+00 -2.5188990729e+00
2.5929332634e-04 3.5035823000e+04 1.5707963268e+00 -2.5194533204e+00
2.5942192026e-04 3.5059235139e+04 1.5707963268e+00 -2.5200068270e+00
2.5955048506e-04 3.5082653936e+04 1.5707963268e+00 -2.5205595938e+00
2.5967902077e-04 3.5106079380e+04 1.5707963268e+00 -2.5211116221e+00
2.5980752744e-04 3.5129511461e+04 1.5707963268e+00 -2.5216629132e+00
2.5993600511e-04 3.5152950168e+04 1.5707963268e+00 -2.5222134684e+00
2.6006445383e-04 3.5176395491e+04 1.5707963268e+00 -2.5227632890e+00
2.6019287364e-04 3.5199847418e+04 1.5707963268e+00 -2.5233123761e+00
2.6032126458e-04 3.5223305940e+04 1.5707963268e+00 -2.5238607311e+00
2.6044962669e-04 3.5246771046e+04 1.5707963268e+00 -2.5244083551e+00
2.6057796002e-04 3.5270242725e+04 1.5707963268e+00 -2.5249552496e+00
2.6070626462e-04 3.5293720967e+04 1.5707963268e+00 -2.5255014156e+00
2.6083454052e-04 3.5317205762e+04 1.5707963268e+00 -2.5260468546e+00
2.6096278777e-04 3.5340697098e+04 1.5707963268e+00 -2.5265915676e+00
2.6109100641e-04 3.5364194966e+04 1.5707963268e+00 -2.5271355561e+00
2.6121919649e-04 3.5387699355e+04 1.5707963268e+00 -2.5276788211e+00
2.6134735804e-04 3.5411210255e+04 1.5707963268e+00 -2.5282213640e+00
2.6147549111e-04 3.5434727655e+04 1.5707963268e+00 -2.5287631859e+00
2.6160359574e-04 3.5458251545e+04 1.5707963268e+00 -2.5293042882e+00
