0.0000000000e+00 1.4812575728e+04 1.5707963268e+00 0.0000000000e+00
2.3355235357e-07 1.4812575728e+04 1.5707963268e+00 2.9940119760e-03
4.6710470714e-07 1.4812589245e+04 1.5707963268e+00 5.9880239521e-03
7.0065674262e-07 1.4812616279e+04 1.5707963268e+00 8.9820304640e-03
9.3420814193e-07 1.4812656829e+04 1.5707963268e+00 1.1976026048e-02
1.1677585870e-06 1.4812710896e+04 1.5707963268e+00 1.4970005239e-02
1.4013077597e-06 1.4812778480e+04 1.5707963268e+00 1.7963962574e-02
1.6348553420e-06 1.4812859582e+04 1.5707963268e+00 2.0957892588e-02
1.8684010159e-06 1.4812954201e+04 1.5707963268e+00 2.3951789818e-02
2.1019444633e-06 1.4813062339e+04 1.5707963268e+00 2.6945648801e-02
2.3354853662e-06 1.4813183995e+04 1.5707963268e+00 2.9939464071e-02
2.5690234067e-06 1.4813319171e+04 1.5707963268e+00 3.2933230167e-02
2.8025582666e-06 1.4813467867e+04 1.5707963268e+00 3.5926941624e-02
3.0360896282e-06 1.4813630084e+04 1.5707963268e+00 3.8920592979e-02
3.2696171735e-06 1.4813805822e+04 1.5707963268e+00 4.1914178770e-02
3.5031405846e-06 1.4813995082e+04 1.5707963268e+00 4.4907693533e-02
3.7366595436e-06 1.4814197866e+04 1.5707963268e+00 4.7901131807e-02
3.9701737328e-06 1.4814414174e+04 1.5707963268e+00 5.0894488127e-02
4.2036828344e-06 1.4814644008e+04 1.5707963268e+00 5.3887757034e-02
4.4371865306e-06 1.4814887368e+04 1.5707963268e+00 5.6880933064e-02
4.6706845038e-06 1.4815144256e+04 1.5707963268e+00 5.9874010756e-02
4.9041764363e-06 1.4815414674e+04 1.5707963268e+00 6.2866984650e-02
5.1376620105e-06 1.4815698621e+04 1.5707963268e+00 6.5859849283e-02
5.3711409090e-06 1.4815996101e+04 1.5707963268e+00 6.8852599195e-02
5.6046128142e-06 1.4816307114e+04 1.5707963268e+00 7.1845228927e-02
5.8380774087e-06 1.4816631663e+04 1.5707963268e+00 7.4837733017e-02
6.0715343752e-06 1.4816969747e+04 1.5707963268e+00 7.7830106007e-02
6.3049833964e-06 1.4817321371e+04 1.5707963268e+00 8.0822342438e-02
6.5384241550e-06 1.4817686534e+04 1.5707963268e+00 8.3814436851e-02
6.7718563339e-06 1.4818065240e+04 1.5707963268e+00 8.6806383787e-02
7.0052796159e-06 1.4818457490e+04 1.5707963268e+00 8.9798177788e-02
7.2386936842e-06 1.4818863286e+04 1.5707963268e+00 9.2789813398e-02
7.4720982217e-06 1.4819282630e+04 1.5707963268e+00 9.5781285158e-02
7.7054929116e-06 1.4819715524e+04 1.5707963268e+00 9.8772587614e-02
7.9388774371e-06 1.4820161971e+04 1.5707963268e+00 1.0176371531e-01
8.1722514816e-06 1.4820621972e+04 1.5707963268e+00 1.0475466279e-01
8.4056147283e-06 1.4821095531e+04 1.5707963268e+00 1.0774542459e-01
8.6389668609e-06 1.4821582650e+04 1.5707963268e+00 1.1073599527e-01
8.8723075629e-06 1.4822083330e+04 1.5707963268e+00 1.1372636937e-01
9.1056365180e-06 1.4822597576e+04 1.5707963268e+00 1.1671654144e-01
9.3389534099e-06 1.4823125388e+04 1.5707963268e+00 1.1970650602e-01
9.5722579226e-06 1.4823666771e+04 1.5707963268e+00 1.2269625767e-01
9.8055497399e-06 1.4824221727e+04 1.5707963268e+00 1.2568579093e-01
1.0038828546e-05 1.4824790259e+04 1.5707963268e+00 1.2867510035e-01
1.0272094025e-05 1.4825372369e+04 1.5707963268e+00 1.3166418047e-01
1.0505345862e-05 1.4825968061e+04 1.5707963268e+00 1.3465302586e-01
1.0738583740e-05 1.4826577338e+04 1.5707963268e+00 1.3764163107e-01
1.0971807344e-05 1.4827200202e+04 1.5707963268e+00 1.4062999064e-01
1.1205016359e-05 1.4827836658e+04 1.5707963268e+00 1.4361809912e-01
1.1438210470e-05 1.4828486709e+04 1.5707963268e+00 1.4660595108e-01
1.1671389362e-05 1.4829150357e+04 1.5707963268e+00 1.4959354106e-01
1.1904552719e-05 1.4829827606e+04 1.5707963268e+00 1.5258086363e-01
1.2137700227e-05 1.4830518460e+04 1.5707963268e+00 1.5556791333e-01
1.2370831571e-05 1.4831222923e+04 1.5707963268e+00 1.5855468473e-01
1.2603946436e-05 1.4831940997e+04 1.5707963268e+00 1.6154117237e-01
1.2837044509e-05 1.4832672687e+04 1.5707963268e+00 1.6452737083e-01
1.3070125474e-05 1.4833417996e+04 1.5707963268e+00 1.6751327466e-01
1.3303189018e-05 1.4834176929e+04 1.5707963268e+00 1.7049887842e-01
1.3536234826e-05 1.4834949489e+04 1.5707963268e+00 1.7348417666e-01
1.3769262585e-05 1.4835735679e+04 1.5707963268e+00 1.7646916396e-01
1.4002271982e-05 1.4836535506e+04 1.5707963268e+00 1.7945383488e-01
1.4235262701e-05 1.4837348971e+04 1.5707963268e+00 1.8243818398e-01
1.4468234431e-05 1.4838176080e+04 1.5707963268e+00 1.8542220582e-01
1.4701186858e-05 1.4839016837e+04 1.5707963268e+00 1.8840589497e-01
1.4934119668e-05 1.4839871246e+04 1.5707963268e+00 1.9138924600e-01
1.5167032549e-05 1.4840739311e+04 1.5707963268e+00 1.9437225348e-01
1.5399925189e-05 1.4841621038e+04 1.5707963268e+00 1.9735491197e-01
1.5632797274e-05 1.4842516429e+04 1.5707963268e+00 2.0033721605e-01
1.5865648492e-05 1.4843425491e+04 1.5707963268e+00 2.0331916028e-01
1.6098478531e-05 1.4844348228e+04 1.5707963268e+00 2.0630073924e-01
1.6331287079e-05 1.4845284645e+04 1.5707963268e+00 2.0928194751e-01
1.6564073824e-05 1.4846234745e+04 1.5707963268e+00 2.1226277965e-01
1.6796838454e-05 1.4847198535e+04 1.5707963268e+00 2.1524323024e-01
1.7029580658e-05 1.4848176019e+04 1.5707963268e+00 2.1822329387e-01
1.7262300124e-05 1.4849167202e+04 1.5707963268e+00 2.2120296510e-01
1.7494996542e-05 1.4850172090e+04 1.5707963268e+00 2.2418223852e-01
1.7727669601e-05 1.4851190687e+04 1.5707963268e+00 2.2716110870e-01
1.7960318989e-05 1.4852222998e+04 1.5707963268e+00 2.3013957024e-01
1.8192944396e-05 1.4853269030e+04 1.5707963268e+00 2.3311761770e-01
1.8425545512e-05 1.4854328786e+04 1.5707963268e+00 2.3609524568e-01
1.8658122027e-05 1.4855402274e+04 1.5707963268e+00 2.3907244877e-01
1.8890673631e-05 1.4856489497e+04 1.5707963268e+00 2.4204922154e-01
1.9123200013e-05 1.4857590462e+04 1.5707963268e+00 2.4502555859e-01
1.9355700866e-05 1.4858705175e+04 1.5707963268e+00 2.4800145451e-01
1.9588175879e-05 1.4859833640e+04 1.5707963268e+00 2.5097690389e-01
1.9820624743e-05 1.4860975865e+04 1.5707963268e+00 2.5395190132e-01
2.0053047149e-05 1.4862131854e+04 1.5707963268e+00 2.5692644139e-01
2.0285442789e-05 1.4863301613e+04 1.5707963268e+00 2.5990051870e-01
2.0517811355e-05 1.4864485149e+04 1.5707963268e+00 2.6287412785e-01
2.0750152538e-05 1.4865682467e+04 1.5707963268e+00 2.6584726343e-01
2.0982466030e-05 1.4866893574e+04 1.5707963268e+00 2.6881992004e-01
2.1214751524e-05 1.4868118475e+04 1.5707963268e+00 2.7179209230e-01
2.1447008711e-05 1.4869357177e+04 1.5707963268e+00 2.7476377479e-01
2.1679237286e-05 1.4870609687e+04 1.5707963268e+00 2.7773496212e-01
2.1911436941e-05 1.4871876009e+04 1.5707963268e+00 2.8070564890e-01
2.2143607369e-05 1.4873156152e+04 1.5707963268e+00 2.8367582974e-01
2.2375748263e-05 1.4874450121e+04 1.5707963268e+00 2.8664549924e-01
2.2607859318e-05 1.4875757923e+04 1.5707963268e+00 2.8961465202e-01
2.2839940227e-05 1.4877079565e+04 1.5707963268e+00 2.9258328268e-01
2.3071990685e-05 1.4878415053e+04 1.5707963268e+00 2.9555138585e-01
2.3304010386e-05 1.4879764394e+04 1.5707963268e+00 2.9851895614e-01
2.3535999025e-05 1.4881127594e+04 1.5707963268e+00 3.0148598816e-01
2.3767956297e-05 1.4882504661e+04 1.5707963268e+00 3.0445247653e-01
2.3999881898e-05 1.4883895601e+04 1.5707963268e+00 3.0741841588e-01
2.4231775522e-05 1.4885300422e+04 1.5707963268e+00 3.1038380083e-01
2.4463636866e-05 1.4886719131e+04 1.5707963268e+00 3.1334862600e-01
2.4695465626e-05 1.4888151734e+04 1.5707963268e+00 3.1631288602e-01
2.4927261498e-05 1.4889598239e+04 1.5707963268e+00 3.1927657552e-01
2.5159024179e-05 1.4891058653e+04 1.5707963268e+00 3.2223968912e-01
2.5390753365e-05 1.4892532984e+04 1.5707963268e+00 3.2520222146e-01
2.5622448755e-05 1.4894021238e+04 1.5707963268e+00 3.2816416718e-01
2.5854110046e-05 1.4895523424e+04 1.5707963268e+00 3.3112552090e-01
2.6085736934e-05 1.4897039548e+04 1.5707963268e+00 3.3408627727e-01
2.6317329120e-05 1.4898569618e+04 1.5707963268e+00 3.3704643092e-01
2.6548886300e-05 1.4900113642e+04 1.5707963268e+00 3.4000597651e-01
2.6780408174e-05 1.4901671628e+04 1.5707963268e+00 3.4296490866e-01
2.7011894440e-05 1.4903243583e+04 1.5707963268e+00 3.4592322203e-01
2.7243344798e-05 1.4904829515e+04 1.5707963268e+00 3.4888091126e-01
2.7474758948e-05 1.4906429432e+04 1.5707963268e+00 3.5183797101e-01
2.7706136589e-05 1.4908043342e+04 1.5707963268e+00 3.5479439592e-01
2.7937477422e-05 1.4909671253e+04 1.5707963268e+00 3.5775018065e-01
2.8168781146e-05 1.4911313172e+04 1.5707963268e+00 3.6070531985e-01
2.8400047464e-05 1.4912969109e+04 1.5707963268e+00 3.6365980819e-01
2.8631276076e-05 1.4914639071e+04 1.5707963268e+00 3.6661364033e-01
2.8862466683e-05 1.4916323066e+04 1.5707963268e+00 3.6956681092e-01
2.9093618988e-05 1.4918021103e+04 1.5707963268e+00 3.7251931463e-01
2.9324732693e-05 1.4919733190e+04 1.5707963268e+00 3.7547114613e-01
2.9555807499e-05 1.4921459335e+04 1.5707963268e+00 3.7842230009e-01
2.9786843110e-05 1.4923199548e+04 1.5707963268e+00 3.8137277118e-01
3.0017839229e-05 1.4924953836e+04 1.5707963268e+00 3.8432255407e-01
3.0248795560e-05 1.4926722207e+04 1.5707963268e+00 3.8727164345e-01
3.0479711806e-05 1.4928504672e+04 1.5707963268e+00 3.9022003398e-01
3.0710587671e-05 1.4930301238e+04 1.5707963268e+00 3.9316772035e-01
3.0941422860e-05 1.4932111914e+04 1.5707963268e+00 3.9611469725e-01
3.1172217077e-05 1.4933936709e+04 1.5707963268e+00 3.9906095935e-01
3.1402970029e-05 1.4935775631e+04 1.5707963268e+00 4.0200650135e-01
3.1633681419e-05 1.4937628691e+04 1.5707963268e+00 4.0495131794e-01
3.1864350956e-05 1.4939495896e+04 1.5707963268e+00 4.0789540382e-01
3.2094978343e-05 1.4941377256e+04 1.5707963268e+00 4.1083875367e-01
3.2325563289e-05 1.4943272781e+04 1.5707963268e+00 4.1378136219e-01
3.2556105500e-05 1.4945182478e+04 1.5707963268e+00 4.1672322410e-01
3.2786604683e-05 1.4947106357e+04 1.5707963268e+00 4.1966433408e-01
3.3017060546e-05 1.4949044428e+04 1.5707963268e+00 4.2260468685e-01
3.3247472798e-05 1.4950996701e+04 1.5707963268e+00 4.2554427712e-01
3.3477841146e-05 1.4952963183e+04 1.5707963268e+00 4.2848309960e-01
3.3708165300e-05 1.4954943885e+04 1.5707963268e+00 4.3142114900e-01
3.3938444969e-05 1.4956938817e+04 1.5707963268e+00 4.3435842003e-01
3.4168679861e-05 1.4958947987e+04 1.5707963268e+00 4.3729490743e-01
3.4398869689e-05 1.4960971406e+04 1.5707963268e+00 4.4023060591e-01
3.4629014160e-05 1.4963009083e+04 1.5707963268e+00 4.4316551019e-01
3.4859112987e-05 1.4965061028e+04 1.5707963268e+00 4.4609961501e-01
3.5089165881e-05 1.4967127250e+04 1.5707963268e+00 4.4903291510e-01
3.5319172552e-05 1.4969207760e+04 1.5707963268e+00 4.5196540518e-01
3.5549132714e-05 1.4971302567e+04 1.5707963268e+00 4.5489708000e-01
3.5779046078e-05 1.4973411682e+04 1.5707963268e+00 4.5782793430e-01
3.6008912356e-05 1.4975535114e+04 1.5707963268e+00 4.6075796282e-01
3.6238731263e-05 1.4977672873e+04 1.5707963268e+00 4.6368716030e-01
3.6468502512e-05 1.4979824970e+04 1.5707963268e+00 4.6661552150e-01
3.6698225816e-05 1.4981991414e+04 1.5707963268e+00 4.6954304116e-01
3.6927900890e-05 1.4984172217e+04 1.5707963268e+00 4.7246971404e-01
3.7157527449e-05 1.4986367387e+04 1.5707963268e+00 4.7539553490e-01
3.7387105208e-05 1.4988576936e+04 1.5707963268e+00 4.7832049849e-01
3.7616633883e-05 1.4990800873e+04 1.5707963268e+00 4.8124459960e-01
3.7846113189e-05 1.4993039210e+04 1.5707963268e+00 4.8416783297e-01
3.8075542843e-05 1.4995291956e+04 1.5707963268e+00 4.8709019338e-01
3.8304922562e-05 1.4997559123e+04 1.5707963268e+00 4.9001167560e-01
3.8534252064e-05 1.4999840720e+04 1.5707963268e+00 4.9293227442e-01
3.8763531065e-05 1.5002136758e+04 1.5707963268e+00 4.9585198461e-01
3.8992759285e-05 1.5004447249e+04 1.5707963268e+00 4.9877080095e-01
3.9221936441e-05 1.5006772202e+04 1.5707963268e+00 5.0168871823e-01
3.9451062254e-05 1.5009111629e+04 1.5707963268e+00 5.0460573125e-01
3.9680136441e-05 1.5011465541e+04 1.5707963268e+00 5.0752183479e-01
3.9909158725e-05 1.5013833947e+04 1.5707963268e+00 5.1043702365e-01
4.0138128823e-05 1.5016216860e+04 1.5707963268e+00 5.1335129264e-01
4.0367046459e-05 1.5018614290e+04 1.5707963268e+00 5.1626463656e-01
4.0595911352e-05 1.5021026248e+04 1.5707963268e+00 5.1917705020e-01
4.0824723226e-05 1.5023452745e+04 1.5707963268e+00 5.2208852839e-01
4.1053481801e-05 1.5025893793e+04 1.5707963268e+00 5.2499906595e-01
4.1282186800e-05 1.5028349402e+04 1.5707963268e+00 5.2790865768e-01
4.1510837948e-05 1.5030819584e+04 1.5707963268e+00 5.3081729840e-01
4.1739434967e-05 1.5033304350e+04 1.5707963268e+00 5.3372498296e-01
4.1967977581e-05 1.5035803711e+04 1.5707963268e+00 5.3663170616e-01
4.2196465515e-05 1.5038317679e+04 1.5707963268e+00 5.3953746285e-01
4.2424898494e-05 1.5040846265e+04 1.5707963268e+00 5.4244224787e-01
4.2653276244e-05 1.5043389480e+04 1.5707963268e+00 5.4534605604e-01
4.2881598490e-05 1.5045947336e+04 1.5707963268e+00 5.4824888222e-01
4.3109864960e-05 1.5048519845e+04 1.5707963268e+00 5.5115072126e-01
4.3338075379e-05 1.5051107018e+04 1.5707963268e+00 5.5405156800e-01
4.3566229475e-05 1.5053708867e+04 1.5707963268e+00 5.5695141730e-01
4.3794326977e-05 1.5056325403e+04 1.5707963268e+00 5.5985026402e-01
4.4022367612e-05 1.5058956639e+04 1.5707963268e+00 5.6274810303e-01
4.4250351110e-05 1.5061602585e+04 1.5707963268e+00 5.6564492918e-01
4.4478277200e-05 1.5064263254e+04 1.5707963268e+00 5.6854073736e-01
4.4706145612e-05 1.5066938657e+04 1.5707963268e+00 5.7143552244e-01
4.4933956076e-05 1.5069628807e+04 1.5707963268e+00 5.7432927929e-01
4.5161708324e-05 1.5072333716e+04 1.5707963268e+00 5.7722200279e-01
4.5389402085e-05 1.5075053394e+04 1.5707963268e+00 5.8011368785e-01
4.5617037094e-05 1.5077787856e+04 1.5707963268e+00 5.8300432934e-01
4.5844613081e-05 1.5080537111e+04 1.5707963268e+00 5.8589392217e-01
4.6072129780e-05 1.5083301174e+04 1.5707963268e+00 5.8878246124e-01
4.6299586925e-05 1.5086080055e+04 1.5707963268e+00 5.9166994144e-01
4.6526984249e-05 1.5088873767e+04 1.5707963268e+00 5.9455635768e-01
4.6754321487e-05 1.5091682322e+04 1.5707963268e+00 5.9744170489e-01
4.6981598373e-05 1.5094505732e+04 1.5707963268e+00 6.0032597797e-01
4.7208814644e-05 1.5097344011e+04 1.5707963268e+00 6.0320917186e-01
4.7435970036e-05 1.5100197169e+04 1.5707963268e+00 6.0609128146e-01
4.7663064284e-05 1.5103065220e+04 1.5707963268e+00 6.0897230172e-01
4.7890097127e-05 1.5105948176e+04 1.5707963268e+00 6.1185222757e-01
4.8117068302e-05 1.5108846050e+04 1.5707963268e+00 6.1473105394e-01
4.8343977547e-05 1.5111758853e+04 1.5707963268e+00 6.1760877579e-01
4.8570824600e-05 1.5114686599e+04 1.5707963268e+00 6.2048538806e-01
4.8797609202e-05 1.5117629300e+04 1.5707963268e+00 6.2336088570e-01
4.9024331092e-05 1.5120586969e+04 1.5707963268e+00 6.2623526367e-01
4.9250990011e-05 1.5123559618e+04 1.5707963268e+00 6.2910851693e-01
4.9477585698e-05 1.5126547260e+04 1.5707963268e+00 6.3198064045e-01
4.9704117897e-05 1.5129549908e+04 1.5707963268e+00 6.3485162920e-01
4.9930586348e-05 1.5132567575e+04 1.5707963268e+00 6.3772147816e-01
5.0156990795e-05 1.5135600273e+04 1.5707963268e+00 6.4059018231e-01
5.0383330981e-05 1.5138648016e+04 1.5707963268e+00 6.4345773663e-01
5.0609606649e-05 1.5141710815e+04 1.5707963268e+00 6.4632413611e-01
5.0835817543e-05 1.5144788685e+04 1.5707963268e+00 6.4918937576e-01
5.1061963410e-05 1.5147881638e+04 1.5707963268e+00 6.5205345056e-01
5.1288043993e-05 1.5150989687e+04 1.5707963268e+00 6.5491635553e-01
5.1514059039e-05 1.5154112845e+04 1.5707963268e+00 6.5777808567e-01
5.1740008294e-05 1.5157251126e+04 1.5707963268e+00 6.6063863601e-01
5.1965891507e-05 1.5160404541e+04 1.5707963268e+00 6.6349800155e-01
5.2191708424e-05 1.5163573105e+04 1.5707963268e+00 6.6635617734e-01
5.2417458793e-05 1.5166756831e+04 1.5707963268e+00 6.6921315839e-01
5.2643142364e-05 1.5169955731e+04 1.5707963268e+00 6.7206893975e-01
5.2868758886e-05 1.5173169820e+04 1.5707963268e+00 6.7492351645e-01
5.3094308110e-05 1.5176399109e+04 1.5707963268e+00 6.7777688354e-01
5.3319789785e-05 1.5179643614e+04 1.5707963268e+00 6.8062903607e-01
5.3545203663e-05 1.5182903346e+04 1.5707963268e+00 6.8347996910e-01
5.3770549496e-05 1.5186178319e+04 1.5707963268e+00 6.8632967769e-01
5.3995827037e-05 1.5189468548e+04 1.5707963268e+00 6.8917815691e-01
5.4221036037e-05 1.5192774044e+04 1.5707963268e+00 6.9202540183e-01
5.4446176252e-05 1.5196094822e+04 1.5707963268e+00 6.9487140752e-01
5.4671247435e-05 1.5199430895e+04 1.5707963268e+00 6.9771616908e-01
5.4896249341e-05 1.5202782276e+04 1.5707963268e+00 7.0055968159e-01
5.5121181726e-05 1.5206148980e+04 1.5707963268e+00 7.0340194015e-01
5.5346044345e-05 1.5209531019e+04 1.5707963268e+00 7.0624293985e-01
5.5570836956e-05 1.5212928407e+04 1.5707963268e+00 7.0908267581e-01
5.5795559315e-05 1.5216341159e+04 1.5707963268e+00 7.1192114312e-01
5.6020211180e-05 1.5219769287e+04 1.5707963268e+00 7.1475833692e-01
5.6244792311e-05 1.5223212805e+04 1.5707963268e+00 7.1759425232e-01
5.6469302466e-05 1.5226671727e+04 1.5707963268e+00 7.2042888445e-01
5.6693741405e-05 1.5230146067e+04 1.5707963268e+00 7.2326222845e-01
5.6918108888e-05 1.5233635839e+04 1.5707963268e+00 7.2609427945e-01
5.7142404676e-05 1.5237141055e+04 1.5707963268e+00 7.2892503261e-01
5.7366628532e-05 1.5240661731e+04 1.5707963268e+00 7.3175448306e-01
5.7590780217e-05 1.5244197880e+04 1.5707963268e+00 7.3458262598e-01
5.7814859494e-05 1.5247749516e+04 1.5707963268e+00 7.3740945653e-01
5.8038866127e-05 1.5251316652e+04 1.5707963268e+00 7.4023496986e-01
5.8262799880e-05 1.5254899303e+04 1.5707963268e+00 7.4305916117e-01
5.8486660517e-05 1.5258497483e+04 1.5707963268e+00 7.4588202563e-01
5.8710447805e-05 1.5262111205e+04 1.5707963268e+00 7.4870355843e-01
5.8934161510e-05 1.5265740483e+04 1.5707963268e+00 7.5152375476e-01
5.9157801398e-05 1.5269385333e+04 1.5707963268e+00 7.5434260983e-01
5.9381367236e-05 1.5273045767e+04 1.5707963268e+00 7.5716011883e-01
5.9604858794e-05 1.5276721799e+04 1.5707963268e+00 7.5997627699e-01
5.9828275839e-05 1.5280413445e+04 1.5707963268e+00 7.6279107952e-01
6.0051618140e-05 1.5284120717e+04 1.5707963268e+00 7.6560452165e-01
6.0274885469e-05 1.5287843630e+04 1.5707963268e+00 7.6841659860e-01
6.0498077595e-05 1.5291582199e+04 1.5707963268e+00 7.7122730562e-01
6.0721194290e-05 1.5295336437e+04 1.5707963268e+00 7.7403663795e-01
6.0944235327e-05 1.5299106358e+04 1.5707963268e+00 7.7684459085e-01
6.1167200477e-05 1.5302891977e+04 1.5707963268e+00 7.7965115956e-01
6.1390089514e-05 1.5306693308e+04 1.5707963268e+00 7.8245633935e-01
6.1612902212e-05 1.5310510366e+04 1.5707963268e+00 7.8526012549e-01
6.1835638346e-05 1.5314343164e+04 1.5707963268e+00 7.8806251327e-01
6.2058297692e-05 1.5318191716e+04 1.5707963268e+00 7.9086349796e-01
6.2280880024e-05 1.5322056038e+04 1.5707963268e+00 7.9366307485e-01
6.2503385121e-05 1.5325936143e+04 1.5707963268e+00 7.9646123924e-01
6.2725812759e-05 1.5329832046e+04 1.5707963268e+00 7.9925798644e-01
6.2948162717e-05 1.5333743762e+04 1.5707963268e+00 8.0205331175e-01
6.3170434773e-05 1.5337671303e+04 1.5707963268e+00 8.0484721050e-01
6.3392628707e-05 1.5341614686e+04 1.5707963268e+00 8.0763967800e-01
6.3614744299e-05 1.5345573924e+04 1.5707963268e+00 8.1043070959e-01
6.3836781329e-05 1.5349549032e+04 1.5707963268e+00 8.1322030061e-01
6.4058739580e-05 1.5353540024e+04 1.5707963268e+00 8.1600844640e-01
6.4280618834e-05 1.5357546914e+04 1.5707963268e+00 8.1879514232e-01
6.4502418873e-05 1.5361569718e+04 1.5707963268e+00 8.2158038372e-01
6.4724139481e-05 1.5365608449e+04 1.5707963268e+00 8.2436416597e-01
6.4945780443e-05 1.5369663123e+04 1.5707963268e+00 8.2714648444e-01
6.5167341544e-05 1.5373733753e+04 1.5707963268e+00 8.2992733452e-01
6.5388822568e-05 1.5377820354e+04 1.5707963268e+00 8.3270671159e-01
6.5610223303e-05 1.5381922941e+04 1.5707963268e+00 8.3548461105e-01
6.5831543536e-05 1.5386041529e+04 1.5707963268e+00 8.3826102830e-01
6.6052783055e-05 1.5390176131e+04 1.5707963268e+00 8.4103595875e-01
6.6273941648e-05 1.5394326762e+04 1.5707963268e+00 8.4380939782e-01
6.6495019104e-05 1.5398493438e+04 1.5707963268e+00 8.4658134093e-01
6.6716015214e-05 1.5402676172e+04 1.5707963268e+00 8.4935178352e-01
6.6936929768e-05 1.5406874979e+04 1.5707963268e+00 8.5212072102e-01
6.7157762558e-05 1.5411089875e+04 1.5707963268e+00 8.5488814888e-01
6.7378513375e-05 1.5415320872e+04 1.5707963268e+00 8.5765406256e-01
6.7599182013e-05 1.5419567987e+04 1.5707963268e+00 8.6041845752e-01
6.7819768265e-05 1.5423831234e+04 1.5707963268e+00 8.6318132922e-01
6.8040271926e-05 1.5428110627e+04 1.5707963268e+00 8.6594267316e-01
6.8260692791e-05 1.5432406181e+04 1.5707963268e+00 8.6870248480e-01
6.8481030654e-05 1.5436717911e+04 1.5707963268e+00 8.7146075965e-01
6.8701285314e-05 1.5441045831e+04 1.5707963268e+00 8.7421749321e-01
6.8921456566e-05 1.5445389956e+04 1.5707963268e+00 8.7697268098e-01
6.9141544210e-05 1.5449750302e+04 1.5707963268e+00 8.7972631848e-01
6.9361548043e-05 1.5454126881e+04 1.5707963268e+00 8.8247840124e-01
6.9581467865e-05 1.5458519710e+04 1.5707963268e+00 8.8522892479e-01
6.9801303477e-05 1.5462928803e+04 1.5707963268e+00 8.8797788467e-01
7.0021054679e-05 1.5467354175e+04 1.5707963268e+00 8.9072527643e-01
7.0240721272e-05 1.5471795840e+04 1.5707963268e+00 8.9347109562e-01
7.0460303060e-05 1.5476253813e+04 1.5707963268e+00 8.9621533781e-01
7.0679799845e-05 1.5480728109e+04 1.5707963268e+00 8.9895799857e-01
7.0899211432e-05 1.5485218743e+04 1.5707963268e+00 9.0169907349e-01
7.1118537624e-05 1.5489725729e+04 1.5707963268e+00 9.0443855816e-01
7.1337778228e-05 1.5494249082e+04 1.5707963268e+00 9.0717644816e-01
7.1556933049e-05 1.5498788817e+04 1.5707963268e+00 9.0991273911e-01
7.1776001895e-05 1.5503344948e+04 1.5707963268e+00 9.1264742662e-01
7.1994984572e-05 1.5507917491e+04 1.5707963268e+00 9.1538050632e-01
7.2213880890e-05 1.5512506460e+04 1.5707963268e+00 9.1811197384e-01
7.2432690657e-05 1.5517111870e+04 1.5707963268e+00 9.2084182480e-01
7.2651413684e-05 1.5521733735e+04 1.5707963268e+00 9.2357005488e-01
7.2870049780e-05 1.5526372071e+04 1.5707963268e+00 9.2629665971e-01
7.3088598759e-05 1.5531026892e+04 1.5707963268e+00 9.2902163497e-01
7.3307060430e-05 1.5535698212e+04 1.5707963268e+00 9.3174497633e-01
7.3525434609e-05 1.5540386048e+04 1.5707963268e+00 9.3446667947e-01
7.3743721108e-05 1.5545090412e+04 1.5707963268e+00 9.3718674008e-01
7.3961919742e-05 1.5549811321e+04 1.5707963268e+00 9.3990515387e-01
7.4180030326e-05 1.5554548789e+04 1.5707963268e+00 9.4262191654e-01
7.4398052676e-05 1.5559302830e+04 1.5707963268e+00 9.4533702382e-01
7.4615986609e-05 1.5564073460e+04 1.5707963268e+00 9.4805047141e-01
7.4833831942e-05 1.5568860693e+04 1.5707963268e+00 9.5076225508e-01
7.5051588495e-05 1.5573664543e+04 1.5707963268e+00 9.5347237054e-01
7.5269256085e-05 1.5578485026e+04 1.5707963268e+00 9.5618081357e-01
7.5486834534e-05 1.5583322157e+04 1.5707963268e+00 9.5888757992e-01
7.5704323661e-05 1.5588175949e+04 1.5707963268e+00 9.6159266537e-01
7.5921723288e-05 1.5593046418e+04 1.5707963268e+00 9.6429606569e-01
7.6139033237e-05 1.5597933579e+04 1.5707963268e+00 9.6699777668e-01
7.6356253332e-05 1.5602837446e+04 1.5707963268e+00 9.6969779413e-01
7.6573383395e-05 1.5607758034e+04 1.5707963268e+00 9.7239611385e-01
7.6790423253e-05 1.5612695357e+04 1.5707963268e+00 9.7509273166e-01
7.7007372729e-05 1.5617649431e+04 1.5707963268e+00 9.7778764338e-01
7.7224231651e-05 1.5622620269e+04 1.5707963268e+00 9.8048084486e-01
7.7440999845e-05 1.5627607887e+04 1.5707963268e+00 9.8317233194e-01
7.7657677139e-05 1.5632612299e+04 1.5707963268e+00 9.8586210046e-01
7.7874263362e-05 1.5637633521e+04 1.5707963268e+00 9.8855014631e-01
7.8090758342e-05 1.5642671566e+04 1.5707963268e+00 9.9123646534e-01
7.8307161910e-05 1.5647726449e+04 1.5707963268e+00 9.9392105345e-01
7.8523473897e-05 1.5652798185e+04 1.5707963268e+00 9.9660390652e-01
7.8739694134e-05 1.5657886788e+04 1.5707963268e+00 9.9928502047e-01
7.8955822455e-05 1.5662992273e+04 1.5707963268e+00 1.0019643912e+00
7.9171858692e-05 1.5668114655e+04 1.5707963268e+00 1.0046420146e+00
7.9387802679e-05 1.5673253949e+04 1.5707963268e+00 1.0073178867e+00
7.9603654252e-05 1.5678410168e+04 1.5707963268e+00 1.0099920033e+00
7.9819413245e-05 1.5683583328e+04 1.5707963268e+00 1.0126643605e+00
8.0035079496e-05 1.5688773442e+04 1.5707963268e+00 1.0153349541e+00
8.0250652842e-05 1.5693980526e+04 1.5707963268e+00 1.0180037803e+00
8.0466133121e-05 1.5699204594e+04 1.5707963268e+00 1.0206708348e+00
8.0681520171e-05 1.5704445661e+04 1.5707963268e+00 1.0233361138e+00
8.0896813834e-05 1.5709703740e+04 1.5707963268e+00 1.0259996132e+00
8.1112013948e-05 1.5714978847e+04 1.5707963268e+00 1.0286613291e+00
8.1327120355e-05 1.5720270996e+04 1.5707963268e+00 1.0313212574e+00
8.1542132898e-05 1.5725580201e+04 1.5707963268e+00 1.0339793942e+00
8.1757051420e-05 1.5730906478e+04 1.5707963268e+00 1.0366357356e+00
8.1971875764e-05 1.5736249839e+04 1.5707963268e+00 1.0392902775e+00
8.2186605774e-05 1.5741610300e+04 1.5707963268e+00 1.0419430161e+00
8.2401241297e-05 1.5746987875e+04 1.5707963268e+00 1.0445939474e+00
8.2615782178e-05 1.5752382579e+04 1.5707963268e+00 1.0472430675e+00
8.2830228264e-05 1.5757794425e+04 1.5707963268e+00 1.0498903725e+00
8.3044579404e-05 1.5763223429e+04 1.5707963268e+00 1.0525358585e+00
8.3258835445e-05 1.5768669604e+04 1.5707963268e+00 1.0551795216e+00
8.3472996238e-05 1.5774132964e+04 1.5707963268e+00 1.0578213580e+00
8.3687061632e-05 1.5779613525e+04 1.5707963268e+00 1.0604613637e+00
8.3901031479e-05 1.5785111300e+04 1.5707963268e+00 1.0630995349e+00
8.4114905631e-05 1.5790626303e+04 1.5707963268e+00 1.0657358678e+00
8.4328683940e-05 1.5796158549e+04 1.5707963268e+00 1.0683703586e+00
8.4542366259e-05 1.5801708053e+04 1.5707963268e+00 1.0710030033e+00
8.4755952444e-05 1.5807274827e+04 1.5707963268e+00 1.0736337983e+00
8.4969442349e-05 1.5812858886e+04 1.5707963268e+00 1.0762627396e+00
8.5182835830e-05 1.5818460245e+04 1.5707963268e+00 1.0788898236e+00
8.5396132745e-05 1.5824078917e+04 1.5707963268e+00 1.0815150463e+00
8.5609332951e-05 1.5829714917e+04 1.5707963268e+00 1.0841384042e+00
8.5822436306e-05 1.5835368259e+04 1.5707963268e+00 1.0867598933e+00
8.6035442669e-05 1.5841038957e+04 1.5707963268e+00 1.0893795100e+00
8.6248351902e-05 1.5846727024e+04 1.5707963268e+00 1.0919972505e+00
8.6461163864e-05 1.5852432475e+04 1.5707963268e+00 1.0946131111e+00
8.6673878417e-05 1.5858155323e+04 1.5707963268e+00 1.0972270880e+00
8.6886495425e-05 1.5863895584e+04 1.5707963268e+00 1.0998391777e+00
8.7099014750e-05 1.5869653269e+04 1.5707963268e+00 1.1024493763e+00
8.7311436258e-05 1.5875428395e+04 1.5707963268e+00 1.1050576802e+00
8.7523759812e-05 1.5881220974e+04 1.5707963268e+00 1.1076640857e+00
8.7735985279e-05 1.5887031020e+04 1.5707963268e+00 1.1102685892e+00
8.7948112525e-05 1.5892858547e+04 1.5707963268e+00 1.1128711870e+00
8.8160141419e-05 1.5898703568e+04 1.5707963268e+00 1.1154718755e+00
8.8372071829e-05 1.5904566099e+04 1.5707963268e+00 1.1180706510e+00
8.8583903623e-05 1.5910446152e+04 1.5707963268e+00 1.1206675100e+00
8.8795636672e-05 1.5916343740e+04 1.5707963268e+00 1.1232624488e+00
8.9007270847e-05 1.5922258879e+04 1.5707963268e+00 1.1258554639e+00
8.9218806020e-05 1.5928191581e+04 1.5707963268e+00 1.1284465516e+00
8.9430242063e-05 1.5934141860e+04 1.5707963268e+00 1.1310357084e+00
8.9641578849e-05 1.5940109729e+04 1.5707963268e+00 1.1336229308e+00
8.9852816254e-05 1.5946095203e+04 1.5707963268e+00 1.1362082152e+00
9.0063954151e-05 1.5952098294e+04 1.5707963268e+00 1.1387915580e+00
9.0274992417e-05 1.5958119017e+04 1.5707963268e+00 1.1413729558e+00
9.0485930928e-05 1.5964157384e+04 1.5707963268e+00 1.1439524050e+00
9.0696769563e-05 1.5970213410e+04 1.5707963268e+00 1.1465299022e+00
9.0907508199e-05 1.5976287107e+04 1.5707963268e+00 1.1491054438e+00
9.1118146716e-05 1.5982378488e+04 1.5707963268e+00 1.1516790263e+00
9.1328684994e-05 1.5988487569e+04 1.5707963268e+00 1.1542506464e+00
9.1539122914e-05 1.5994614360e+04 1.5707963268e+00 1.1568203005e+00
9.1749460357e-05 1.6000758877e+04 1.5707963268e+00 1.1593879852e+00
9.1959697207e-05 1.6006921131e+04 1.5707963268e+00 1.1619536972e+00
9.2169833346e-05 1.6013101137e+04 1.5707963268e+00 1.1645174329e+00
9.2379868658e-05 1.6019298908e+04 1.5707963268e+00 1.1670791889e+00
9.2589803030e-05 1.6025514456e+04 1.5707963268e+00 1.1696389620e+00
9.2799636347e-05 1.6031747795e+04 1.5707963268e+00 1.1721967486e+00
9.3009368495e-05 1.6037998937e+04 1.5707963268e+00 1.1747525455e+00
9.3218999363e-05 1.6044267897e+04 1.5707963268e+00 1.1773063492e+00
9.3428528838e-05 1.6050554686e+04 1.5707963268e+00 1.1798581565e+00
9.3637956810e-05 1.6056859318e+04 1.5707963268e+00 1.1824079640e+00
9.3847283170e-05 1.6063181806e+04 1.5707963268e+00 1.1849557683e+00
9.4056507807e-05 1.6069522163e+04 1.5707963268e+00 1.1875015662e+00
9.4265630614e-05 1.6075880401e+04 1.5707963268e+00 1.1900453545e+00
9.4474651484e-05 1.6082256533e+04 1.5707963268e+00 1.1925871296e+00
9.4683570310e-05 1.6088650573e+04 1.5707963268e+00 1.1951268886e+00
9.4892386986e-05 1.6095062532e+04 1.5707963268e+00 1.1976646280e+00
9.5101101408e-05 1.6101492424e+04 1.5707963268e+00 1.2002003446e+00
9.5309713470e-05 1.6107940261e+04 1.5707963268e+00 1.2027340352e+00
9.5518223072e-05 1.6114406056e+04 1.5707963268e+00 1.2052656965e+00
9.5726630109e-05 1.6120889822e+04 1.5707963268e+00 1.2077953255e+00
9.5934934480e-05 1.6127391570e+04 1.5707963268e+00 1.2103229188e+00
9.6143136085e-05 1.6133911314e+04 1.5707963268e+00 1.2128484733e+00
9.6351234824e-05 1.6140449066e+04 1.5707963268e+00 1.2153719857e+00
9.6559230598e-05 1.6147004838e+04 1.5707963268e+00 1.2178934531e+00
9.6767123309e-05 1.6153578642e+04 1.5707963268e+00 1.2204128721e+00
9.6974912859e-05 1.6160170492e+04 1.5707963268e+00 1.2229302398e+00
9.7182599151e-05 1.6166780400e+04 1.5707963268e+00 1.2254455529e+00
9.7390182091e-05 1.6173408376e+04 1.5707963268e+00 1.2279588083e+00
9.7597661584e-05 1.6180054435e+04 1.5707963268e+00 1.2304700030e+00
9.7805037535e-05 1.6186718588e+04 1.5707963268e+00 1.2329791339e+00
9.8012309851e-05 1.6193400846e+04 1.5707963268e+00 1.2354861979e+00
9.8219478440e-05 1.6200101223e+04 1.5707963268e+00 1.2379911919e+00
9.8426543211e-05 1.6206819731e+04 1.5707963268e+00 1.2404941129e+00
9.8633504072e-05 1.6213556380e+04 1.5707963268e+00 1.2429949579e+00
9.8840360934e-05 1.6220311184e+04 1.5707963268e+00 1.2454937239e+00
9.9047113709e-05 1.6227084153e+04 1.5707963268e+00 1.2479904078e+00
9.9253762307e-05 1.6233875301e+04 1.5707963268e+00 1.2504850067e+00
9.9460306642e-05 1.6240684638e+04 1.5707963268e+00 1.2529775176e+00
9.9666746627e-05 1.6247512177e+04 1.5707963268e+00 1.2554679375e+00
9.9873082176e-05 1.6254357929e+04 1.5707963268e+00 1.2579562634e+00
1.0007931321e-04 1.6261221906e+04 1.5707963268e+00 1.2604424925e+00
1.0028543963e-04 1.6268104119e+04 1.5707963268e+00 1.2629266218e+00
1.0049146137e-04 1.6275004581e+04 1.5707963268e+00 1.2654086484e+00
1.0069737833e-04 1.6281923302e+04 1.5707963268e+00 1.2678885694e+00
1.0090319045e-04 1.6288860294e+04 1.5707963268e+00 1.2703663819e+00
1.0110889763e-04 1.6295815569e+04 1.5707963268e+00 1.2728420830e+00
1.0131449980e-04 1.6302789138e+04 1.5707963268e+00 1.2753156699e+00
1.0151999689e-04 1.6309781012e+04 1.5707963268e+00 1.2777871397e+00
1.0172538880e-04 1.6316791202e+04 1.5707963268e+00 1.2802564896e+00
1.0193067546e-04 1.6323819720e+04 1.5707963268e+00 1.2827237168e+00
1.0213585680e-04 1.6330866577e+04 1.5707963268e+00 1.2851888184e+00
1.0234093275e-04 1.6337931785e+04 1.5707963268e+00 1.2876517918e+00
1.0254590322e-04 1.6345015353e+04 1.5707963268e+00 1.2901126340e+00
1.0275076814e-04 1.6352117294e+04 1.5707963268e+00 1.2925713423e+00
1.0295552744e-04 1.6359237618e+04 1.5707963268e+00 1.2950279140e+00
1.0316018105e-04 1.6366376336e+04 1.5707963268e+00 1.2974823464e+00
1.0336472889e-04 1.6373533459e+04 1.5707963268e+00 1.2999346366e+00
1.0356917090e-04 1.6380708998e+04 1.5707963268e+00 1.3023847821e+00
1.0377350700e-04 1.6387902963e+04 1.5707963268e+00 1.3048327800e+00
1.0397773713e-04 1.6395115366e+04 1.5707963268e+00 1.3072786277e+00
1.0418186121e-04 1.6402346217e+04 1.5707963268e+00 1.3097223226e+00
1.0438587918e-04 1.6409595526e+04 1.5707963268e+00 1.3121638620e+00
1.0458979098e-04 1.6416863305e+04 1.5707963268e+00 1.3146032432e+00
1.0479359653e-04 1.6424149563e+04 1.5707963268e+00 1.3170404636e+00
1.0499729577e-04 1.6431454312e+04 1.5707963268e+00 1.3194755206e+00
1.0520088864e-04 1.6438777561e+04 1.5707963268e+00 1.3219084116e+00
1.0540437508e-04 1.6446119321e+04 1.5707963268e+00 1.3243391340e+00
1.0560775502e-04 1.6453479602e+04 1.5707963268e+00 1.3267676852e+00
1.0581102839e-04 1.6460858415e+04 1.5707963268e+00 1.3291940626e+00
1.0601419515e-04 1.6468255769e+04 1.5707963268e+00 1.3316182638e+00
1.0621725522e-04 1.6475671675e+04 1.5707963268e+00 1.3340402862e+00
1.0642020856e-04 1.6483106143e+04 1.5707963268e+00 1.3364601271e+00
1.0662305509e-04 1.6490559183e+04 1.5707963268e+00 1.3388777843e+00
1.0682579477e-04 1.6498030805e+04 1.5707963268e+00 1.3412932551e+00
1.0702842753e-04 1.6505521018e+04 1.5707963268e+00 1.3437065370e+00
1.0723095333e-04 1.6513029833e+04 1.5707963268e+00 1.3461176277e+00
1.0743337209e-04 1.6520557259e+04 1.5707963268e+00 1.3485265246e+00
1.0763568378e-04 1.6528103306e+04 1.5707963268e+00 1.3509332254e+00
1.0783788834e-04 1.6535667984e+04 1.5707963268e+00 1.3533377275e+00
1.0803998570e-04 1.6543251302e+04 1.5707963268e+00 1.3557400287e+00
1.0824197583e-04 1.6550853271e+04 1.5707963268e+00 1.3581401264e+00
1.0844385867e-04 1.6558473898e+04 1.5707963268e+00 1.3605380183e+00
1.0864563417e-04 1.6566113195e+04 1.5707963268e+00 1.3629337021e+00
1.0884730228e-04 1.6573771170e+04 1.5707963268e+00 1.3653271754e+00
1.0904886295e-04 1.6581447832e+04 1.5707963268e+00 1.3677184358e+00
1.0925031613e-04 1.6589143191e+04 1.5707963268e+00 1.3701074810e+00
1.0945166178e-04 1.6596857256e+04 1.5707963268e+00 1.3724943088e+00
1.0965289984e-04 1.6604590036e+04 1.5707963268e+00 1.3748789168e+00
1.0985403028e-04 1.6612341541e+04 1.5707963268e+00 1.3772613027e+00
1.1005505305e-04 1.6620111778e+04 1.5707963268e+00 1.3796414643e+00
1.1025596810e-04 1.6627900758e+04 1.5707963268e+00 1.3820193993e+00
1.1045677540e-04 1.6635708489e+04 1.5707963268e+00 1.3843951054e+00
1.1065747489e-04 1.6643534980e+04 1.5707963268e+00 1.3867685805e+00
1.1085806654e-04 1.6651380240e+04 1.5707963268e+00 1.3891398224e+00
1.1105855030e-04 1.6659244277e+04 1.5707963268e+00 1.3915088287e+00
1.1125892614e-04 1.6667127100e+04 1.5707963268e+00 1.3938755975e+00
1.1145919401e-04 1.6675028718e+04 1.5707963268e+00 1.3962401264e+00
1.1165935388e-04 1.6682949139e+04 1.5707963268e+00 1.3986024133e+00
1.1185940572e-04 1.6690888372e+04 1.5707963268e+00 1.4009624562e+00
1.1205934947e-04 1.6698846425e+04 1.5707963268e+00 1.4033202528e+00
1.1225918511e-04 1.6706823306e+04 1.5707963268e+00 1.4056758010e+00
1.1245891260e-04 1.6714819023e+04 1.5707963268e+00 1.4080290988e+00
1.1265853190e-04 1.6722833586e+04 1.5707963268e+00 1.4103801441e+00
1.1285804299e-04 1.6730867002e+04 1.5707963268e+00 1.4127289348e+00
1.1305744582e-04 1.6738919279e+04 1.5707963268e+00 1.4150754688e+00
1.1325674037e-04 1.6746990425e+04 1.5707963268e+00 1.4174197441e+00
1.1345592661e-04 1.6755080448e+04 1.5707963268e+00 1.4197617587e+00
1.1365500450e-04 1.6763189356e+04 1.5707963268e+00 1.4221015106e+00
1.1385397401e-04 1.6771317156e+04 1.5707963268e+00 1.4244389978e+00
1.1405283511e-04 1.6779463858e+04 1.5707963268e+00 1.4267742182e+00
1.1425158778e-04 1.6787629467e+04 1.5707963268e+00 1.4291071700e+00
1.1445023199e-04 1.6795813993e+04 1.5707963268e+00 1.4314378511e+00
1.1464876771e-04 1.6804017442e+04 1.5707963268e+00 1.4337662597e+00
1.1484719491e-04 1.6812239822e+04 1.5707963268e+00 1.4360923938e+00
1.1504551357e-04 1.6820481140e+04 1.5707963268e+00 1.4384162514e+00
1.1524372367e-04 1.6828741404e+04 1.5707963268e+00 1.4407378308e+00
1.1544182517e-04 1.6837020621e+04 1.5707963268e+00 1.4430571300e+00
1.1563981806e-04 1.6845318798e+04 1.5707963268e+00 1.4453741472e+00
1.1583770232e-04 1.6853635942e+04 1.5707963268e+00 1.4476888804e+00
1.1603547791e-04 1.6861972061e+04 1.5707963268e+00 1.4500013279e+00
1.1623314483e-04 1.6870327162e+04 1.5707963268e+00 1.4523114879e+00
1.1643070305e-04 1.6878701251e+04 1.5707963268e+00 1.4546193585e+00
1.1662815255e-04 1.6887094336e+04 1.5707963268e+00 1.4569249379e+00
1.1682549331e-04 1.6895506422e+04 1.5707963268e+00 1.4592282244e+00
1.1702272531e-04 1.6903937518e+04 1.5707963268e+00 1.4615292162e+00
1.1721984855e-04 1.6912387630e+04 1.5707963268e+00 1.4638279116e+00
1.1741686299e-04 1.6920856763e+04 1.5707963268e+00 1.4661243087e+00
1.1761376863e-04 1.6929344926e+04 1.5707963268e+00 1.4684184059e+00
1.1781056544e-04 1.6937852124e+04 1.5707963268e+00 1.4707102015e+00
1.1800725342e-04 1.6946378363e+04 1.5707963268e+00 1.4729996939e+00
1.1820383256e-04 1.6954923651e+04 1.5707963268e+00 1.4752868812e+00
1.1840030283e-04 1.6963487993e+04 1.5707963268e+00 1.4775717618e+00
1.1859666423e-04 1.6972071396e+04 1.5707963268e+00 1.4798543342e+00
1.1879291674e-04 1.6980673865e+04 1.5707963268e+00 1.4821345967e+00
1.1898906036e-04 1.6989295407e+04 1.5707963268e+00 1.4844125476e+00
1.1918509507e-04 1.6997936028e+04 1.5707963268e+00 1.4866881853e+00
1.1938102087e-04 1.7006595733e+04 1.5707963268e+00 1.4889615083e+00
1.1957683774e-04 1.7015274530e+04 1.5707963268e+00 1.4912325150e+00
1.1977254568e-04 1.7023972422e+04 1.5707963268e+00 1.4935012038e+00
1.1996814468e-04 1.7032689417e+04 1.5707963268e+00 1.4957675732e+00
1.2016363474e-04 1.7041425519e+04 1.5707963268e+00 1.4980316216e+00
1.2035901585e-04 1.7050180734e+04 1.5707963268e+00 1.5002933475e+00
1.2055428800e-04 1.7058955069e+04 1.5707963268e+00 1.5025527495e+00
1.2074945119e-04 1.7067748527e+04 1.5707963268e+00 1.5048098261e+00
1.2094450542e-04 1.7076561115e+04 1.5707963268e+00 1.5070645756e+00
1.2113945068e-04 1.7085392838e+04 1.5707963268e+00 1.5093169969e+00
1.2133428698e-04 1.7094243702e+04 1.5707963268e+00 1.5115670882e+00
1.2152901430e-04 1.7103113710e+04 1.5707963268e+00 1.5138148483e+00
1.2172363265e-04 1.7112002869e+04 1.5707963268e+00 1.5160602758e+00
1.2191814204e-04 1.7120911183e+04 1.5707963268e+00 1.5183033691e+00
1.2211254245e-04 1.7129838657e+04 1.5707963268e+00 1.5205441270e+00
1.2230683390e-04 1.7138785296e+04 1.5707963268e+00 1.5227825481e+00
1.2250101637e-04 1.7147751105e+04 1.5707963268e+00 1.5250186310e+00
1.2269508989e-04 1.7156736089e+04 1.5707963268e+00 1.5272523744e+00
1.2288905444e-04 1.7165740252e+04 1.5707963268e+00 1.5294837769e+00
1.2308291004e-04 1.7174763599e+04 1.5707963268e+00 1.5317128373e+00
1.2327665669e-04 1.7183806134e+04 1.5707963268e+00 1.5339395542e+00
1.2347029439e-04 1.7192867862e+04 1.5707963268e+00 1.5361639264e+00
1.2366382315e-04 1.7201948787e+04 1.5707963268e+00 1.5383859525e+00
1.2385724298e-04 1.7211048914e+04 1.5707963268e+00 1.5406056314e+00
1.2405055389e-04 1.7220168246e+04 1.5707963268e+00 1.5428229618e+00
1.2424375587e-04 1.7229306788e+04 1.5707963268e+00 1.5450379425e+00
1.2443684895e-04 1.7238464543e+04 1.5707963268e+00 1.5472505723e+00
1.2462983313e-04 1.7247641516e+04 1.5707963268e+00 1.5494608499e+00
1.2482270842e-04 1.7256837711e+04 1.5707963268e+00 1.5516687743e+00
1.2501547484e-04 1.7266053131e+04 1.5707963268e+00 1.5538743441e+00
1.2520813239e-04 1.7275287781e+04 1.5707963268e+00 1.5560775584e+00
1.2540068108e-04 1.7284541663e+04 1.5707963268e+00 1.5582784159e+00
1.2559312094e-04 1.7293814782e+04 1.5707963268e+00 1.5604769155e+00
1.2578545197e-04 1.7303107142e+04 1.5707963268e+00 1.5626730561e+00
1.2597767418e-04 1.7312418744e+04 1.5707963268e+00 1.5648668367e+00
1.2616978760e-04 1.7321749594e+04 1.5707963268e+00 1.5670582561e+00
1.2636179224e-04 1.7331099694e+04 1.5707963268e+00 1.5692473133e+00
1.2655368811e-04 1.7340469047e+04 1.5707963268e+00 1.5714340073e+00
1.2674547523e-04 1.7349857657e+04 1.5707963268e+00 1.5736183369e+00
1.2693715361e-04 1.7359265527e+04 1.5707963268e+00 1.5758003013e+00
1.2712872329e-04 1.7368692660e+04 1.5707963268e+00 1.5779798993e+00
1.2732018427e-04 1.7378139058e+04 1.5707963268e+00 1.5801571300e+00
1.2751153657e-04 1.7387604725e+04 1.5707963268e+00 1.5823319924e+00
1.2770278022e-04 1.7397089663e+04 1.5707963268e+00 1.5845044856e+00
1.2789391524e-04 1.7406593875e+04 1.5707963268e+00 1.5866746086e+00
1.2808494164e-04 1.7416117365e+04 1.5707963268e+00 1.5888423605e+00
1.2827585945e-04 1.7425660133e+04 1.5707963268e+00 1.5910077403e+00
1.2846666869e-04 1.7435222183e+04 1.5707963268e+00 1.5931707472e+00
1.2865736938e-04 1.7444803518e+04 1.5707963268e+00 1.5953313803e+00
1.2884796156e-04 1.7454404139e+04 1.5707963268e+00 1.5974896387e+00
1.2903844523e-04 1.7464024049e+04 1.5707963268e+00 1.5996455215e+00
1.2922882044e-04 1.7473663249e+04 1.5707963268e+00 1.6017990278e+00
1.2941908719e-04 1.7483321743e+04 1.5707963268e+00 1.6039501570e+00
1.2960924553e-04 1.7492999533e+04 1.5707963268e+00 1.6060989081e+00
1.2979929548e-04 1.7502696619e+04 1.5707963268e+00 1.6082452803e+00
1.2998923706e-04 1.7512413004e+04 1.5707963268e+00 1.6103892729e+00
1.3017907030e-04 1.7522148690e+04 1.5707963268e+00 1.6125308851e+00
1.3036879523e-04 1.7531903679e+04 1.5707963268e+00 1.6146701161e+00
1.3055841189e-04 1.7541677972e+04 1.5707963268e+00 1.6168069652e+00
1.3074792029e-04 1.7551471571e+04 1.5707963268e+00 1.6189414316e+00
1.3093732048e-04 1.7561284477e+04 1.5707963268e+00 1.6210735147e+00
1.3112661248e-04 1.7571116692e+04 1.5707963268e+00 1.6232032137e+00
1.3131579633e-04 1.7580968217e+04 1.5707963268e+00 1.6253305279e+00
1.3150487205e-04 1.7590839053e+04 1.5707963268e+00 1.6274554567e+00
1.3169383968e-04 1.7600729202e+04 1.5707963268e+00 1.6295779995e+00
1.3188269926e-04 1.7610638665e+04 1.5707963268e+00 1.6316981555e+00
1.3207145081e-04 1.7620567442e+04 1.5707963268e+00 1.6338159242e+00
1.3226009438e-04 1.7630515536e+04 1.5707963268e+00 1.6359313048e+00
1.3244862999e-04 1.7640482946e+04 1.5707963268e+00 1.6380442970e+00
1.3263705769e-04 1.7650469673e+04 1.5707963268e+00 1.6401548999e+00
1.3282537751e-04 1.7660475719e+04 1.5707963268e+00 1.6422631131e+00
1.3301358949e-04 1.7670501083e+04 1.5707963268e+00 1.6443689361e+00
1.3320169366e-04 1.7680545767e+04 1.5707963268e+00 1.6464723682e+00
1.3338969007e-04 1.7690609771e+04 1.5707963268e+00 1.6485734089e+00
1.3357757875e-04 1.7700693096e+04 1.5707963268e+00 1.6506720577e+00
1.3376535974e-04 1.7710795741e+04 1.5707963268e+00 1.6527683142e+00
1.3395303308e-04 1.7720917707e+04 1.5707963268e+00 1.6548621778e+00
1.3414059882e-04 1.7731058995e+04 1.5707963268e+00 1.6569536480e+00
1.3432805699e-04 1.7741219604e+04 1.5707963268e+00 1.6590427245e+00
1.3451540763e-04 1.7751399535e+04 1.5707963268e+00 1.6611294067e+00
1.3470265079e-04 1.7761598787e+04 1.5707963268e+00 1.6632136942e+00
1.3488978651e-04 1.7771817361e+04 1.5707963268e+00 1.6652955866e+00
1.3507681484e-04 1.7782055256e+04 1.5707963268e+00 1.6673750835e+00
1.3526373581e-04 1.7792312472e+04 1.5707963268e+00 1.6694521846e+00
1.3545054948e-04 1.7802589009e+04 1.5707963268e+00 1.6715268893e+00
1.3563725588e-04 1.7812884866e+04 1.5707963268e+00 1.6735991974e+00
1.3582385507e-04 1.7823200043e+04 1.5707963268e+00 1.6756691086e+00
1.3601034708e-04 1.7833534539e+04 1.5707963268e+00 1.6777366224e+00
1.3619673197e-04 1.7843888353e+04 1.5707963268e+00 1.6798017387e+00
1.3638300978e-04 1.7854261486e+04 1.5707963268e+00 1.6818644569e+00
1.3656918056e-04 1.7864653936e+04 1.5707963268e+00 1.6839247770e+00
1.3675524436e-04 1.7875065702e+04 1.5707963268e+00 1.6859826985e+00
1.3694120122e-04 1.7885496784e+04 1.5707963268e+00 1.6880382213e+00
1.3712705120e-04 1.7895947180e+04 1.5707963268e+00 1.6900913451e+00
1.3731279435e-04 1.7906416889e+04 1.5707963268e+00 1.6921420696e+00
1.3749843072e-04 1.7916905910e+04 1.5707963268e+00 1.6941903946e+00
1.3768396035e-04 1.7927414242e+04 1.5707963268e+00 1.6962363199e+00
1.3786938330e-04 1.7937941884e+04 1.5707963268e+00 1.6982798454e+00
1.3805469962e-04 1.7948488834e+04 1.5707963268e+00 1.7003209707e+00
1.3823990936e-04 1.7959055091e+04 1.5707963268e+00 1.7023596959e+00
1.3842501258e-04 1.7969640653e+04 1.5707963268e+00 1.7043960206e+00
1.3861000933e-04 1.7980245519e+04 1.5707963268e+00 1.7064299448e+00
1.3879489966e-04 1.7990869687e+04 1.5707963268e+00 1.7084614684e+00
1.3897968363e-04 1.8001513154e+04 1.5707963268e+00 1.7104905912e+00
1.3916436129e-04 1.8012175920e+04 1.5707963268e+00 1.7125173131e+00
1.3934893270e-04 1.8022857983e+04 1.5707963268e+00 1.7145416340e+00
1.3953339791e-04 1.8033559340e+04 1.5707963268e+00 1.7165635539e+00
1.3971775699e-04 1.8044279989e+04 1.5707963268e+00 1.7185830728e+00
1.3990200998e-04 1.8055019928e+04 1.5707963268e+00 1.7206001904e+00
1.4008615694e-04 1.8065779156e+04 1.5707963268e+00 1.7226149069e+00
1.4027019794e-04 1.8076557669e+04 1.5707963268e+00 1.7246272223e+00
1.4045413303e-04 1.8087355465e+04 1.5707963268e+00 1.7266371364e+00
1.4063796227e-04 1.8098172542e+04 1.5707963268e+00 1.7286446493e+00
1.4082168572e-04 1.8109008898e+04 1.5707963268e+00 1.7306497611e+00
1.4100530343e-04 1.8119864529e+04 1.5707963268e+00 1.7326524717e+00
1.4118881548e-04 1.8130739433e+04 1.5707963268e+00 1.7346527812e+00
1.4137222192e-04 1.8141633608e+04 1.5707963268e+00 1.7366506897e+00
1.4155552280e-04 1.8152547050e+04 1.5707963268e+00 1.7386461972e+00
1.4173871820e-04 1.8163479757e+04 1.5707963268e+00 1.7406393039e+00
1.4192180818e-04 1.8174431726e+04 1.5707963268e+00 1.7426300098e+00
1.4210479279e-04 1.8185402953e+04 1.5707963268e+00 1.7446183150e+00
1.4228767211e-04 1.8196393435e+04 1.5707963268e+00 1.7466042197e+00
1.4247044619e-04 1.8207403170e+04 1.5707963268e+00 1.7485877240e+00
1.4265311510e-04 1.8218432154e+04 1.5707963268e+00 1.7505688281e+00
1.4283567890e-04 1.8229480383e+04 1.5707963268e+00 1.7525475321e+00
1.4301813766e-04 1.8240547855e+04 1.5707963268e+00 1.7545238362e+00
1.4320049144e-04 1.8251634566e+04 1.5707963268e+00 1.7564977406e+00
1.4338274031e-04 1.8262740512e+04 1.5707963268e+00 1.7584692455e+00
1.4356488434e-04 1.8273865689e+04 1.5707963268e+00 1.7604383511e+00
1.4374692359e-04 1.8285010094e+04 1.5707963268e+00 1.7624050577e+00
1.4392885813e-04 1.8296173724e+04 1.5707963268e+00 1.7643693654e+00
1.4411068803e-04 1.8307356573e+04 1.5707963268e+00 1.7663312746e+00
1.4429241335e-04 1.8318558639e+04 1.5707963268e+00 1.7682907855e+00
1.4447403416e-04 1.8329779917e+04 1.5707963268e+00 1.7702478984e+00
1.4465555054e-04 1.8341020403e+04 1.5707963268e+00 1.7722026136e+00
1.4483696255e-04 1.8352280093e+04 1.5707963268e+00 1.7741549314e+00
1.4501827026e-04 1.8363558983e+04 1.5707963268e+00 1.7761048521e+00
1.4519947375e-04 1.8374857069e+04 1.5707963268e+00 1.7780523760e+00
1.4538057307e-04 1.8386174345e+04 1.5707963268e+00 1.7799975035e+00
1.4556156831e-04 1.8397510808e+04 1.5707963268e+00 1.7819402350e+00
1.4574245954e-04 1.8408866454e+04 1.5707963268e+00 1.7838805708e+00
1.4592324682e-04 1.8420241277e+04 1.5707963268e+00 1.7858185113e+00
1.4610393023e-04 1.8431635273e+04 1.5707963268e+00 1.7877540569e+00
1.4628450984e-04 1.8443048437e+04 1.5707963268e+00 1.7896872081e+00
1.4646498573e-04 1.8454480764e+04 1.5707963268e+00 1.7916179651e+00
1.4664535796e-04 1.8465932250e+04 1.5707963268e+00 1.7935463285e+00
1.4682562662e-04 1.8477402889e+04 1.5707963268e+00 1.7954722987e+00
1.4700579177e-04 1.8488892676e+04 1.5707963268e+00 1.7973958761e+00
1.4718585350e-04 1.8500401607e+04 1.5707963268e+00 1.7993170613e+00
1.4736581187e-04 1.8511929677e+04 1.5707963268e+00 1.8012358547e+00
1.4754566696e-04 1.8523476879e+04 1.5707963268e+00 1.8031522567e+00
1.4772541885e-04 1.8535043209e+04 1.5707963268e+00 1.8050662680e+00
1.4790506762e-04 1.8546628660e+04 1.5707963268e+00 1.8069778890e+00
1.4808461333e-04 1.8558233229e+04 1.5707963268e+00 1.8088871203e+00
1.4826405608e-04 1.8569856909e+04 1.5707963268e+00 1.8107939624e+00
1.4844339593e-04 1.8581499695e+04 1.5707963268e+00 1.8126984158e+00
1.4862263296e-04 1.8593161580e+04 1.5707963268e+00 1.8146004812e+00
1.4880176725e-04 1.8604842560e+04 1.5707963268e+00 1.8165001590e+00
1.4898079888e-04 1.8616542628e+04 1.5707963268e+00 1.8183974500e+00
1.4915972793e-04 1.8628261779e+04 1.5707963268e+00 1.8202923546e+00
1.4933855448e-04 1.8640000006e+04 1.5707963268e+00 1.8221848735e+00
1.4951727861e-04 1.8651757304e+04 1.5707963268e+00 1.8240750074e+00
1.4969590039e-04 1.8663533666e+04 1.5707963268e+00 1.8259627569e+00
1.4987441992e-04 1.8675329087e+04 1.5707963268e+00 1.8278481225e+00
1.5005283726e-04 1.8687143559e+04 1.5707963268e+00 1.8297311051e+00
1.5023115250e-04 1.8698977077e+04 1.5707963268e+00 1.8316117052e+00
1.5040936572e-04 1.8710829635e+04 1.5707963268e+00 1.8334899235e+00
1.5058747700e-04 1.8722701225e+04 1.5707963268e+00 1.8353657608e+00
1.5076548643e-04 1.8734591842e+04 1.5707963268e+00 1.8372392178e+00
1.5094339409e-04 1.8746501479e+04 1.5707963268e+00 1.8391102951e+00
1.5112120006e-04 1.8758430128e+04 1.5707963268e+00 1.8409789935e+00
1.5129890442e-04 1.8770377784e+04 1.5707963268e+00 1.8428453138e+00
1.5147650726e-04 1.8782344440e+04 1.5707963268e+00 1.8447092566e+00
1.5165400866e-04 1.8794330089e+04 1.5707963268e+00 1.8465708228e+00
1.5183140871e-04 1.8806334723e+04 1.5707963268e+00 1.8484300132e+00
1.5200870749e-04 1.8818358336e+04 1.5707963268e+00 1.8502868285e+00
1.5218590508e-04 1.8830400921e+04 1.5707963268e+00 1.8521412695e+00
1.5236300157e-04 1.8842462471e+04 1.5707963268e+00 1.8539933371e+00
1.5253999705e-04 1.8854542978e+04 1.5707963268e+00 1.8558430321e+00
1.5271689160e-04 1.8866642435e+04 1.5707963268e+00 1.8576903552e+00
1.5289368531e-04 1.8878760835e+04 1.5707963268e+00 1.8595353074e+00
1.5307037826e-04 1.8890898170e+04 1.5707963268e+00 1.8613778895e+00
1.5324697054e-04 1.8903054434e+04 1.5707963268e+00 1.8632181024e+00
1.5342346225e-04 1.8915229617e+04 1.5707963268e+00 1.8650559469e+00
1.5359985345e-04 1.8927423714e+04 1.5707963268e+00 1.8668914240e+00
1.5377614426e-04 1.8939636715e+04 1.5707963268e+00 1.8687245345e+00
1.5395233474e-04 1.8951868614e+04 1.5707963268e+00 1.8705552793e+00
1.5412842499e-04 1.8964119403e+04 1.5707963268e+00 1.8723836595e+00
1.5430441511e-04 1.8976389073e+04 1.5707963268e+00 1.8742096758e+00
1.5448030517e-04 1.8988677617e+04 1.5707963268e+00 1.8760333293e+00
1.5465609526e-04 1.9000985027e+04 1.5707963268e+00 1.8778546210e+00
1.5483178549e-04 1.9013311295e+04 1.5707963268e+00 1.8796735517e+00
1.5500737593e-04 1.9025656412e+04 1.5707963268e+00 1.8814901224e+00
1.5518286668e-04 1.9038020370e+04 1.5707963268e+00 1.8833043342e+00
1.5535825783e-04 1.9050403162e+04 1.5707963268e+00 1.8851161881e+00
1.5553354946e-04 1.9062804778e+04 1.5707963268e+00 1.8869256850e+00
1.5570874168e-04 1.9075225210e+04 1.5707963268e+00 1.8887328260e+00
1.5588383456e-04 1.9087664451e+04 1.5707963268e+00 1.8905376120e+00
1.5605882821e-04 1.9100122491e+04 1.5707963268e+00 1.8923400443e+00
1.5623372271e-04 1.9112599321e+04 1.5707963268e+00 1.8941401237e+00
1.5640851816e-04 1.9125094934e+04 1.5707963268e+00 1.8959378513e+00
1.5658321465e-04 1.9137609320e+04 1.5707963268e+00 1.8977332283e+00
1.5675781227e-04 1.9150142471e+04 1.5707963268e+00 1.8995262558e+00
1.5693231111e-04 1.9162694378e+04 1.5707963268e+00 1.9013169347e+00
1.5710671127e-04 1.9175265031e+04 1.5707963268e+00 1.9031052662e+00
1.5728101285e-04 1.9187854422e+04 1.5707963268e+00 1.9048912515e+00
1.5745521593e-04 1.9200462542e+04 1.5707963268e+00 1.9066748916e+00
1.5762932061e-04 1.9213089382e+04 1.5707963268e+00 1.9084561876e+00
1.5780332698e-04 1.9225734933e+04 1.5707963268e+00 1.9102351408e+00
1.5797723515e-04 1.9238399185e+04 1.5707963268e+00 1.9120117523e+00
1.5815104519e-04 1.9251082129e+04 1.5707963268e+00 1.9137860232e+00
1.5832475722e-04 1.9263783755e+04 1.5707963268e+00 1.9155579548e+00
1.5849837132e-04 1.9276504055e+04 1.5707963268e+00 1.9173275481e+00
1.5867188758e-04 1.9289243019e+04 1.5707963268e+00 1.9190948045e+00
1.5884530612e-04 1.9302000638e+04 1.5707963268e+00 1.9208597250e+00
1.5901862702e-04 1.9314776900e+04 1.5707963268e+00 1.9226223110e+00
1.5919185037e-04 1.9327571798e+04 1.5707963268e+00 1.9243825636e+00
1.5936497628e-04 1.9340385322e+04 1.5707963268e+00 1.9261404841e+00
1.5953800484e-04 1.9353217461e+04 1.5707963268e+00 1.9278960737e+00
1.5971093615e-04 1.9366068205e+04 1.5707963268e+00 1.9296493336e+00
1.5988377031e-04 1.9378937546e+04 1.5707963268e+00 1.9314002652e+00
1.6005650741e-04 1.9391825472e+04 1.5707963268e+00 1.9331488697e+00
1.6022914755e-04 1.9404731974e+04 1.5707963268e+00 1.9348951484e+00
1.6040169083e-04 1.9417657042e+04 1.5707963268e+00 1.9366391026e+00
1.6057413735e-04 1.9430600666e+04 1.5707963268e+00 1.9383807335e+00
1.6074648720e-04 1.9443562835e+04 1.5707963268e+00 1.9401200426e+00
1.6091874049e-04 1.9456543539e+04 1.5707963268e+00 1.9418570310e+00
1.6109089731e-04 1.9469542769e+04 1.5707963268e+00 1.9435917002e+00
1.6126295777e-04 1.9482560512e+04 1.5707963268e+00 1.9453240515e+00
1.6143492196e-04 1.9495596760e+04 1.5707963268e+00 1.9470540862e+00
1.6160678998e-04 1.9508651501e+04 1.5707963268e+00 1.9487818057e+00
1.6177856193e-04 1.9521724726e+04 1.5707963268e+00 1.9505072113e+00
1.6195023792e-04 1.9534816422e+04 1.5707963268e+00 1.9522303045e+00
1.6212181803e-04 1.9547926581e+04 1.5707963268e+00 1.9539510866e+00
1.6229330238e-04 1.9561055190e+04 1.5707963268e+00 1.9556695589e+00
1.6246469106e-04 1.9574202240e+04 1.5707963268e+00 1.9573857230e+00
1.6263598418e-04 1.9587367719e+04 1.5707963268e+00 1.9590995802e+00
1.6280718183e-04 1.9600551617e+04 1.5707963268e+00 1.9608111320e+00
1.6297828412e-04 1.9613753922e+04 1.5707963268e+00 1.9625203797e+00
1.6314929114e-04 1.9626974624e+04 1.5707963268e+00 1.9642273249e+00
1.6332020301e-04 1.9640213711e+04 1.5707963268e+00 1.9659319688e+00
1.6349101981e-04 1.9653471173e+04 1.5707963268e+00 1.9676343132e+00
1.6366174166e-04 1.9666746998e+04 1.5707963268e+00 1.9693343592e+00
1.6383236865e-04 1.9680041175e+04 1.5707963268e+00 1.9710321086e+00
1.6400290089e-04 1.9693353692e+04 1.5707963268e+00 1.9727275627e+00
1.6417333849e-04 1.9706684539e+04 1.5707963268e+00 1.9744207230e+00
1.6434368153e-04 1.9720033704e+04 1.5707963268e+00 1.9761115910e+00
1.6451393013e-04 1.9733401175e+04 1.5707963268e+00 1.9778001683e+00
1.6468408439e-04 1.9746786942e+04 1.5707963268e+00 1.9794864563e+00
1.6485414441e-04 1.9760190992e+04 1.5707963268e+00 1.9811704566e+00
1.6502411030e-04 1.9773613313e+04 1.5707963268e+00 1.9828521707e+00
1.6519398215e-04 1.9787053895e+04 1.5707963268e+00 1.9845316002e+00
1.6536376008e-04 1.9800512725e+04 1.5707963268e+00 1.9862087466e+00
1.6553344419e-04 1.9813989792e+04 1.5707963268e+00 1.9878836114e+00
1.6570303458e-04 1.9827485084e+04 1.5707963268e+00 1.9895561963e+00
1.6587253135e-04 1.9840998588e+04 1.5707963268e+00 1.9912265028e+00
1.6604193462e-04 1.9854530294e+04 1.5707963268e+00 1.9928945324e+00
1.6621124448e-04 1.9868080189e+04 1.5707963268e+00 1.9945602869e+00
1.6638046103e-04 1.9881648260e+04 1.5707963268e+00 1.9962237677e+00
1.6654958440e-04 1.9895234497e+04 1.5707963268e+00 1.9978849766e+00
1.6671861467e-04 1.9908838886e+04 1.5707963268e+00 1.9995439150e+00
1.6688755196e-04 1.9922461416e+04 1.5707963268e+00 2.0012005847e+00
1.6705639637e-04 1.9936102075e+04 1.5707963268e+00 2.0028549872e+00
1.6722514800e-04 1.9949760849e+04 1.5707963268e+00 2.0045071243e+00
1.6739380697e-04 1.9963437727e+04 1.5707963268e+00 2.0061569974e+00
1.6756237337e-04 1.9977132696e+04 1.5707963268e+00 2.0078046084e+00
1.6773084732e-04 1.9990845744e+04 1.5707963268e+00 2.0094499589e+00
1.6789922891e-04 2.0004576859e+04 1.5707963268e+00 2.0110930505e+00
1.6806751826e-04 2.0018326027e+04 1.5707963268e+00 2.0127338849e+00
1.6823571548e-04 2.0032093236e+04 1.5707963268e+00 2.0143724638e+00
1.6840382066e-04 2.0045878474e+04 1.5707963268e+00 2.0160087890e+00
1.6857183392e-04 2.0059681728e+04 1.5707963268e+00 2.0176428620e+00
1.6873975537e-04 2.0073502985e+04 1.5707963268e+00 2.0192746846e+00
1.6890758510e-04 2.0087342232e+04 1.5707963268e+00 2.0209042586e+00
1.6907532323e-04 2.0101199457e+04 1.5707963268e+00 2.0225315856e+00
1.6924296986e-04 2.0115074646e+04 1.5707963268e+00 2.0241566674e+00
1.6941052511e-04 2.0128967787e+04 1.5707963268e+00 2.0257795057e+00
1.6957798907e-04 2.0142878867e+04 1.5707963268e+00 2.0274001023e+00
1.6974536186e-04 2.0156807872e+04 1.5707963268e+00 2.0290184589e+00
1.6991264358e-04 2.0170754789e+04 1.5707963268e+00 2.0306345773e+00
1.7007983435e-04 2.0184719606e+04 1.5707963268e+00 2.0322484592e+00
1.7024693426e-04 2.0198702310e+04 1.5707963268e+00 2.0338601065e+00
1.7041394344e-04 2.0212702886e+04 1.5707963268e+00 2.0354695208e+00
1.7058086198e-04 2.0226721322e+04 1.5707963268e+00 2.0370767041e+00
1.7074768999e-04 2.0240757604e+04 1.5707963268e+00 2.0386816580e+00
1.7091442759e-04 2.0254811719e+04 1.5707963268e+00 2.0402843844e+00
1.7108107488e-04 2.0268883654e+04 1.5707963268e+00 2.0418848852e+00
1.7124763197e-04 2.0282973396e+04 1.5707963268e+00 2.0434831620e+00
1.7141409897e-04 2.0297080929e+04 1.5707963268e+00 2.0450792168e+00
1.7158047599e-04 2.0311206242e+04 1.5707963268e+00 2.0466730514e+00
1.7174676314e-04 2.0325349321e+04 1.5707963268e+00 2.0482646676e+00
1.7191296052e-04 2.0339510151e+04 1.5707963268e+00 2.0498540672e+00
1.7207906824e-04 2.0353688720e+04 1.5707963268e+00 2.0514412521e+00
1.7224508642e-04 2.0367885013e+04 1.5707963268e+00 2.0530262242e+00
1.7241101517e-04 2.0382099017e+04 1.5707963268e+00 2.0546089854e+00
1.7257685458e-04 2.0396330717e+04 1.5707963268e+00 2.0561895374e+00
1.7274260479e-04 2.0410580101e+04 1.5707963268e+00 2.0577678822e+00
1.7290826588e-04 2.0424847154e+04 1.5707963268e+00 2.0593440217e+00
1.7307383797e-04 2.0439131862e+04 1.5707963268e+00 2.0609179577e+00
1.7323932118e-04 2.0453434211e+04 1.5707963268e+00 2.0624896921e+00
1.7340471561e-04 2.0467754188e+04 1.5707963268e+00 2.0640592269e+00
1.7357002137e-04 2.0482091777e+04 1.5707963268e+00 2.0656265640e+00
1.7373523858e-04 2.0496446966e+04 1.5707963268e+00 2.0671917052e+00
1.7390036734e-04 2.0510819740e+04 1.5707963268e+00 2.0687546525e+00
1.7406540775e-04 2.0525210084e+04 1.5707963268e+00 2.0703154079e+00
1.7423035995e-04 2.0539617984e+04 1.5707963268e+00 2.0718739732e+00
1.7439522402e-04 2.0554043427e+04 1.5707963268e+00 2.0734303504e+00
1.7456000009e-04 2.0568486398e+04 1.5707963268e+00 2.0749845414e+00
1.7472468827e-04 2.0582946882e+04 1.5707963268e+00 2.0765365482e+00
1.7488928865e-04 2.0597424865e+04 1.5707963268e+00 2.0780863728e+00
1.7505380137e-04 2.0611920332e+04 1.5707963268e+00 2.0796340171e+00
1.7521822652e-04 2.0626433270e+04 1.5707963268e+00 2.0811794831e+00
1.7538256422e-04 2.0640963664e+04 1.5707963268e+00 2.0827227727e+00
1.7554681457e-04 2.0655511498e+04 1.5707963268e+00 2.0842638880e+00
1.7571097770e-04 2.0670076759e+04 1.5707963268e+00 2.0858028309e+00
1.7587505371e-04 2.0684659432e+04 1.5707963268e+00 2.0873396035e+00
1.7603904270e-04 2.0699259502e+04 1.5707963268e+00 2.0888742077e+00
1.7620294480e-04 2.0713876954e+04 1.5707963268e+00 2.0904066455e+00
1.7636676012e-04 2.0728511774e+04 1.5707963268e+00 2.0919369189e+00
1.7653048876e-04 2.0743163947e+04 1.5707963268e+00 2.0934650300e+00
1.7669413083e-04 2.0757833458e+04 1.5707963268e+00 2.0949909808e+00
1.7685768646e-04 2.0772520292e+04 1.5707963268e+00 2.0965147732e+00
1.7702115574e-04 2.0787224434e+04 1.5707963268e+00 2.0980364094e+00
1.7718453879e-04 2.0801945870e+04 1.5707963268e+00 2.0995558914e+00
1.7734783573e-04 2.0816684584e+04 1.5707963268e+00 2.1010732212e+00
1.7751104666e-04 2.0831440561e+04 1.5707963268e+00 2.1025884009e+00
1.7767417169e-04 2.0846213787e+04 1.5707963268e+00 2.1041014325e+00
1.7783721094e-04 2.0861004246e+04 1.5707963268e+00 2.1056123180e+00
1.7800016452e-04 2.0875811922e+04 1.5707963268e+00 2.1071210596e+00
1.7816303255e-04 2.0890636802e+04 1.5707963268e+00 2.1086276593e+00
1.7832581512e-04 2.0905478869e+04 1.5707963268e+00 2.1101321192e+00
1.7848851236e-04 2.0920338109e+04 1.5707963268e+00 2.1116344414e+00
1.7865112437e-04 2.0935214506e+04 1.5707963268e+00 2.1131346279e+00
1.7881365128e-04 2.0950108045e+04 1.5707963268e+00 2.1146326809e+00
1.7897609318e-04 2.0965018711e+04 1.5707963268e+00 2.1161286024e+00
1.7913845019e-04 2.0979946487e+04 1.5707963268e+00 2.1176223946e+00
1.7930072243e-04 2.0994891360e+04 1.5707963268e+00 2.1191140594e+00
1.7946291001e-04 2.1009853313e+04 1.5707963268e+00 2.1206035992e+00
1.7962501303e-04 2.1024832330e+04 1.5707963268e+00 2.1220910159e+00
1.7978703162e-04 2.1039828397e+04 1.5707963268e+00 2.1235763117e+00
1.7994896588e-04 2.1054841498e+04 1.5707963268e+00 2.1250594887e+00
1.8011081592e-04 2.1069871617e+04 1.5707963268e+00 2.1265405490e+00
1.8027258186e-04 2.1084918738e+04 1.5707963268e+00 2.1280194948e+00
1.8043426381e-04 2.1099982847e+04 1.5707963268e+00 2.1294963283e+00
1.8059586188e-04 2.1115063927e+04 1.5707963268e+00 2.1309710515e+00
1.8075737619e-04 2.1130161962e+04 1.5707963268e+00 2.1324436665e+00
1.8091880684e-04 2.1145276938e+04 1.5707963268e+00 2.1339141757e+00
1.8108015395e-04 2.1160408837e+04 1.5707963268e+00 2.1353825810e+00
1.8124141763e-04 2.1175557645e+04 1.5707963268e+00 2.1368488847e+00
1.8140259799e-04 2.1190723345e+04 1.5707963268e+00 2.1383130890e+00
1.8156369515e-04 2.1205905922e+04 1.5707963268e+00 2.1397751960e+00
1.8172470922e-04 2.1221105359e+04 1.5707963268e+00 2.1412352078e+00
1.8188564031e-04 2.1236321642e+04 1.5707963268e+00 2.1426931267e+00
1.8204648853e-04 2.1251554753e+04 1.5707963268e+00 2.1441489548e+00
1.8220725400e-04 2.1266804677e+04 1.5707963268e+00 2.1456026944e+00
1.8236793682e-04 2.1282071398e+04 1.5707963268e+00 2.1470543476e+00
1.8252853712e-04 2.1297354899e+04 1.5707963268e+00 2.1485039166e+00
1.8268905500e-04 2.1312655166e+04 1.5707963268e+00 2.1499514036e+00
1.8284949057e-04 2.1327972181e+04 1.5707963268e+00 2.1513968108e+00
1.8300984395e-04 2.1343305928e+04 1.5707963268e+00 2.1528401405e+00
1.8317011525e-04 2.1358656392e+04 1.5707963268e+00 2.1542813948e+00
1.8333030458e-04 2.1374023556e+04 1.5707963268e+00 2.1557205759e+00
1.8349041206e-04 2.1389407404e+04 1.5707963268e+00 2.1571576862e+00
1.8365043780e-04 2.1404807920e+04 1.5707963268e+00 2.1585927277e+00
1.8381038190e-04 2.1420225087e+04 1.5707963268e+00 2.1600257027e+00
1.8397024449e-04 2.1435658889e+04 1.5707963268e+00 2.1614566135e+00
1.8413002567e-04 2.1451109310e+04 1.5707963268e+00 2.1628854623e+00
1.8428972556e-04 2.1466576334e+04 1.5707963268e+00 2.1643122513e+00
1.8444934428e-04 2.1482059944e+04 1.5707963268e+00 2.1657369827e+00
1.8460888192e-04 2.1497560123e+04 1.5707963268e+00 2.1671596589e+00
1.8476833860e-04 2.1513076855e+04 1.5707963268e+00 2.1685802820e+00
1.8492771445e-04 2.1528610125e+04 1.5707963268e+00 2.1699988544e+00
1.8508700956e-04 2.1544159914e+04 1.5707963268e+00 2.1714153782e+00
1.8524622406e-04 2.1559726207e+04 1.5707963268e+00 2.1728298558e+00
1.8540535805e-04 2.1575308988e+04 1.5707963268e+00 2.1742422893e+00
1.8556441165e-04 2.1590908239e+04 1.5707963268e+00 2.1756526811e+00
1.8572338496e-04 2.1606523945e+04 1.5707963268e+00 2.1770610335e+00
1.8588227811e-04 2.1622156087e+04 1.5707963268e+00 2.1784673487e+00
1.8604109120e-04 2.1637804651e+04 1.5707963268e+00 2.1798716289e+00
1.8619982435e-04 2.1653469619e+04 1.5707963268e+00 2.1812738765e+00
1.8635847766e-04 2.1669150974e+04 1.5707963268e+00 2.1826740938e+00
1.8651705126e-04 2.1684848700e+04 1.5707963268e+00 2.1840722830e+00
1.8667554525e-04 2.1700562781e+04 1.5707963268e+00 2.1854684464e+00
1.8683395974e-04 2.1716293198e+04 1.5707963268e+00 2.1868625863e+00
1.8699229485e-04 2.1732039936e+04 1.5707963268e+00 2.1882547051e+00
1.8715055069e-04 2.1747802978e+04 1.5707963268e+00 2.1896448050e+00
1.8730872737e-04 2.1763582307e+04 1.5707963268e+00 2.1910328883e+00
1.8746682501e-04 2.1779377905e+04 1.5707963268e+00 2.1924189573e+00
1.8762484371e-04 2.1795189757e+04 1.5707963268e+00 2.1938030144e+00
1.8778278359e-04 2.1811017845e+04 1.5707963268e+00 2.1951850618e+00
1.8794064476e-04 2.1826862153e+04 1.5707963268e+00 2.1965651018e+00
1.8809842733e-04 2.1842722663e+04 1.5707963268e+00 2.1979431369e+00
1.8825613142e-04 2.1858599358e+04 1.5707963268e+00 2.1993191692e+00
1.8841375713e-04 2.1874492222e+04 1.5707963268e+00 2.2006932012e+00
1.8857130458e-04 2.1890401238e+04 1.5707963268e+00 2.2020652351e+00
1.8872877388e-04 2.1906326387e+04 1.5707963268e+00 2.2034352733e+00
1.8888616514e-04 2.1922267655e+04 1.5707963268e+00 2.2048033181e+00
1.8904347847e-04 2.1938225022e+04 1.5707963268e+00 2.2061693718e+00
1.8920071399e-04 2.1954198473e+04 1.5707963268e+00 2.2075334369e+00
1.8935787180e-04 2.1970187991e+04 1.5707963268e+00 2.2088955155e+00
1.8951495203e-04 2.1986193557e+04 1.5707963268e+00 2.2102556101e+00
1.8967195477e-04 2.2002215155e+04 1.5707963268e+00 2.2116137230e+00
1.8982888015e-04 2.2018252768e+04 1.5707963268e+00 2.2129698566e+00
1.8998572827e-04 2.2034306378e+04 1.5707963268e+00 2.2143240132e+00
1.9014249924e-04 2.2050375969e+04 1.5707963268e+00 2.2156761951e+00
1.9029919318e-04 2.2066461523e+04 1.5707963268e+00 2.2170264047e+00
1.9045581020e-04 2.2082563023e+04 1.5707963268e+00 2.2183746444e+00
1.9061235040e-04 2.2098680452e+04 1.5707963268e+00 2.2197209166e+00
1.9076881391e-04 2.2114813792e+04 1.5707963268e+00 2.2210652235e+00
1.9092520083e-04 2.2130963026e+04 1.5707963268e+00 2.2224075676e+00
1.9108151127e-04 2.2147128136e+04 1.5707963268e+00 2.2237479512e+00
1.9123774535e-04 2.2163309107e+04 1.5707963268e+00 2.2250863766e+00
1.9139390317e-04 2.2179505919e+04 1.5707963268e+00 2.2264228464e+00
1.9154998485e-04 2.2195718556e+04 1.5707963268e+00 2.2277573628e+00
1.9170599049e-04 2.2211947001e+04 1.5707963268e+00 2.2290899282e+00
1.9186192022e-04 2.2228191235e+04 1.5707963268e+00 2.2304205449e+00
1.9201777413e-04 2.2244451242e+04 1.5707963268e+00 2.2317492154e+00
1.9217355234e-04 2.2260727004e+04 1.5707963268e+00 2.2330759421e+00
1.9232925497e-04 2.2277018504e+04 1.5707963268e+00 2.2344007273e+00
1.9248488211e-04 2.2293325724e+04 1.5707963268e+00 2.2357235734e+00
1.9264043389e-04 2.2309648647e+04 1.5707963268e+00 2.2370444829e+00
1.9279591041e-04 2.2325987255e+04 1.5707963268e+00 2.2383634580e+00
1.9295131179e-04 2.2342341530e+04 1.5707963268e+00 2.2396805012e+00
1.9310663813e-04 2.2358711456e+04 1.5707963268e+00 2.2409956148e+00
1.9326188955e-04 2.2375097015e+04 1.5707963268e+00 2.2423088014e+00
1.9341706615e-04 2.2391498189e+04 1.5707963268e+00 2.2436200632e+00
1.9357216804e-04 2.2407914960e+04 1.5707963268e+00 2.2449294026e+00
1.9372719534e-04 2.2424347311e+04 1.5707963268e+00 2.2462368221e+00
1.9388214816e-04 2.2440795225e+04 1.5707963268e+00 2.2475423241e+00
1.9403702661e-04 2.2457258683e+04 1.5707963268e+00 2.2488459110e+00
1.9419183079e-04 2.2473737669e+04 1.5707963268e+00 2.2501475851e+00
1.9434656081e-04 2.2490232164e+04 1.5707963268e+00 2.2514473489e+00
1.9450121679e-04 2.2506742151e+04 1.5707963268e+00 2.2527452048e+00
1.9465579884e-04 2.2523267612e+04 1.5707963268e+00 2.2540411552e+00
1.9481030707e-04 2.2539808530e+04 1.5707963268e+00 2.2553352025e+00
1.9496474158e-04 2.2556364886e+04 1.5707963268e+00 2.2566273492e+00
1.9511910249e-04 2.2572936664e+04 1.5707963268e+00 2.2579175975e+00
1.9527338990e-04 2.2589523845e+04 1.5707963268e+00 2.2592059501e+00
1.9542760392e-04 2.2606126412e+04 1.5707963268e+00 2.2604924092e+00
1.9558174467e-04 2.2622744346e+04 1.5707963268e+00 2.2617769772e+00
1.9573581226e-04 2.2639377631e+04 1.5707963268e+00 2.2630596567e+00
1.9588980679e-04 2.2656026248e+04 1.5707963268e+00 2.2643404500e+00
1.9604372836e-04 2.2672690180e+04 1.5707963268e+00 2.2656193596e+00
1.9619757710e-04 2.2689369409e+04 1.5707963268e+00 2.2668963879e+00
1.9635135312e-04 2.2706063917e+04 1.5707963268e+00 2.2681715372e+00
1.9650505651e-04 2.2722773686e+04 1.5707963268e+00 2.2694448101e+00
1.9665868738e-04 2.2739498698e+04 1.5707963268e+00 2.2707162089e+00
1.9681224586e-04 2.2756238936e+04 1.5707963268e+00 2.2719857361e+00
1.9696573204e-04 2.2772994382e+04 1.5707963268e+00 2.2732533942e+00
1.9711914604e-04 2.2789765018e+04 1.5707963268e+00 2.2745191854e+00
1.9727248796e-04 2.2806550826e+04 1.5707963268e+00 2.2757831124e+00
1.9742575791e-04 2.2823351788e+04 1.5707963268e+00 2.2770451774e+00
1.9757895600e-04 2.2840167887e+04 1.5707963268e+00 2.2783053830e+00
1.9773208234e-04 2.2856999104e+04 1.5707963268e+00 2.2795637316e+00
1.9788513704e-04 2.2873845421e+04 1.5707963268e+00 2.2808202256e+00
1.9803812021e-04 2.2890706821e+04 1.5707963268e+00 2.2820748674e+00
1.9819103194e-04 2.2907583286e+04 1.5707963268e+00 2.2833276596e+00
1.9834387236e-04 2.2924474797e+04 1.5707963268e+00 2.2845786044e+00
1.9849664157e-04 2.2941381338e+04 1.5707963268e+00 2.2858277044e+00
1.9864933968e-04 2.2958302889e+04 1.5707963268e+00 2.2870749621e+00
1.9880196679e-04 2.2975239433e+04 1.5707963268e+00 2.2883203797e+00
1.9895452302e-04 2.2992190953e+04 1.5707963268e+00 2.2895639599e+00
1.9910700846e-04 2.3009157429e+04 1.5707963268e+00 2.2908057050e+00
1.9925942324e-04 2.3026138845e+04 1.5707963268e+00 2.2920456174e+00
1.9941176744e-04 2.3043135181e+04 1.5707963268e+00 2.2932836997e+00
1.9956404120e-04 2.3060146421e+04 1.5707963268e+00 2.2945199543e+00
1.9971624460e-04 2.3077172546e+04 1.5707963268e+00 2.2957543835e+00
1.9986837776e-04 2.3094213537e+04 1.5707963268e+00 2.2969869899e+00
2.0002044079e-04 2.3111269378e+04 1.5707963268e+00 2.2982177759e+00
2.0017243378e-04 2.3128340050e+04 1.5707963268e+00 2.2994467440e+00
2.0032435686e-04 2.3145425536e+04 1.5707963268e+00 2.3006738965e+00
2.0047621012e-04 2.3162525816e+04 1.5707963268e+00 2.3018992360e+00
2.0062799367e-04 2.3179640873e+04 1.5707963268e+00 2.3031227649e+00
2.0077970763e-04 2.3196770689e+04 1.5707963268e+00 2.3043444856e+00
2.0093135208e-04 2.3213915246e+04 1.5707963268e+00 2.3055644007e+00
2.0108292715e-04 2.3231074526e+04 1.5707963268e+00 2.3067825124e+00
2.0123443294e-04 2.3248248511e+04 1.5707963268e+00 2.3079988234e+00
2.0138586955e-04 2.3265437183e+04 1.5707963268e+00 2.3092133360e+00
2.0153723710e-04 2.3282640523e+04 1.5707963268e+00 2.3104260526e+00
2.0168853568e-04 2.3299858514e+04 1.5707963268e+00 2.3116369759e+00
2.0183976540e-04 2.3317091137e+04 1.5707963268e+00 2.3128461081e+00
2.0199092637e-04 2.3334338375e+04 1.5707963268e+00 2.3140534517e+00
2.0214201869e-04 2.3351600209e+04 1.5707963268e+00 2.3152590093e+00
2.0229304248e-04 2.3368876622e+04 1.5707963268e+00 2.3164627832e+00
2.0244399783e-04 2.3386167595e+04 1.5707963268e+00 2.3176647759e+00
2.0259488485e-04 2.3403473110e+04 1.5707963268e+00 2.3188649899e+00
2.0274570365e-04 2.3420793148e+04 1.5707963268e+00 2.3200634276e+00
2.0289645433e-04 2.3438127693e+04 1.5707963268e+00 2.3212600915e+00
2.0304713700e-04 2.3455476726e+04 1.5707963268e+00 2.3224549839e+00
2.0319775176e-04 2.3472840228e+04 1.5707963268e+00 2.3236481074e+00
2.0334829872e-04 2.3490218182e+04 1.5707963268e+00 2.3248394645e+00
2.0349877798e-04 2.3507610569e+04 1.5707963268e+00 2.3260290575e+00
2.0364918964e-04 2.3525017372e+04 1.5707963268e+00 2.3272168890e+00
2.0379953382e-04 2.3542438571e+04 1.5707963268e+00 2.3284029613e+00
2.0394981061e-04 2.3559874150e+04 1.5707963268e+00 2.3295872770e+00
2.0410002013e-04 2.3577324090e+04 1.5707963268e+00 2.3307698384e+00
2.0425016246e-04 2.3594788373e+04 1.5707963268e+00 2.3319506481e+00
2.0440023773e-04 2.3612266980e+04 1.5707963268e+00 2.3331297085e+00
2.0455024603e-04 2.3629759894e+04 1.5707963268e+00 2.3343070220e+00
2.0470018747e-04 2.3647267096e+04 1.5707963268e+00 2.3354825911e+00
2.0485006215e-04 2.3664788569e+04 1.5707963268e+00 2.3366564183e+00
2.0499987017e-04 2.3682324293e+04 1.5707963268e+00 2.3378285060e+00
2.0514961165e-04 2.3699874252e+04 1.5707963268e+00 2.3389988566e+00
2.0529928667e-04 2.3717438427e+04 1.5707963268e+00 2.3401674727e+00
2.0544889536e-04 2.3735016799e+04 1.5707963268e+00 2.3413343566e+00
2.0559843780e-04 2.3752609351e+04 1.5707963268e+00 2.3424995108e+00
2.0574791410e-04 2.3770216064e+04 1.5707963268e+00 2.3436629377e+00
2.0589732437e-04 2.3787836921e+04 1.5707963268e+00 2.3448246399e+00
2.0604666871e-04 2.3805471903e+04 1.5707963268e+00 2.3459846198e+00
2.0619594722e-04 2.3823120992e+04 1.5707963268e+00 2.3471428797e+00
2.0634516000e-04 2.3840784170e+04 1.5707963268e+00 2.3482994222e+00
2.0649430717e-04 2.3858461418e+04 1.5707963268e+00 2.3494542497e+00
2.0664338881e-04 2.3876152719e+04 1.5707963268e+00 2.3506073647e+00
2.0679240503e-04 2.3893858054e+04 1.5707963268e+00 2.3517587696e+00
2.0694135594e-04 2.3911577406e+04 1.5707963268e+00 2.3529084668e+00
2.0709024164e-04 2.3929310756e+04 1.5707963268e+00 2.3540564589e+00
2.0723906223e-04 2.3947058086e+04 1.5707963268e+00 2.3552027482e+00
2.0738781781e-04 2.3964819378e+04 1.5707963268e+00 2.3563473371e+00
2.0753650848e-04 2.3982594613e+04 1.5707963268e+00 2.3574902283e+00
2.0768513435e-04 2.4000383774e+04 1.5707963268e+00 2.3586314240e+00
2.0783369551e-04 2.4018186843e+04 1.5707963268e+00 2.3597709267e+00
2.0798219208e-04 2.4036003801e+04 1.5707963268e+00 2.3609087389e+00
2.0813062414e-04 2.4053834630e+04 1.5707963268e+00 2.3620448630e+00
2.0827899181e-04 2.4071679312e+04 1.5707963268e+00 2.3631793015e+00
2.0842729518e-04 2.4089537829e+04 1.5707963268e+00 2.3643120568e+00
2.0857553435e-04 2.4107410163e+04 1.5707963268e+00 2.3654431313e+00
2.0872370943e-04 2.4125296295e+04 1.5707963268e+00 2.3665725275e+00
2.0887182051e-04 2.4143196208e+04 1.5707963268e+00 2.3677002479e+00
2.0901986770e-04 2.4161109884e+04 1.5707963268e+00 2.3688262948e+00
2.0916785110e-04 2.4179037304e+04 1.5707963268e+00 2.3699506707e+00
2.0931577081e-04 2.4196978450e+04 1.5707963268e+00 2.3710733780e+00
2.0946362692e-04 2.4214933304e+04 1.5707963268e+00 2.3721944192e+00
2.0961141955e-04 2.4232901848e+04 1.5707963268e+00 2.3733137967e+00
2.0975914878e-04 2.4250884064e+04 1.5707963268e+00 2.3744315130e+00
2.0990681473e-04 2.4268879933e+04 1.5707963268e+00 2.3755475704e+00
2.1005441748e-04 2.4286889439e+04 1.5707963268e+00 2.3766619715e+00
2.1020195714e-04 2.4304912562e+04 1.5707963268e+00 2.3777747186e+00
2.1034943381e-04 2.4322949284e+04 1.5707963268e+00 2.3788858141e+00
2.1049684759e-04 2.4340999588e+04 1.5707963268e+00 2.3799952606e+00
2.1064419858e-04 2.4359063455e+04 1.5707963268e+00 2.3811030605e+00
2.1079148687e-04 2.4377140867e+04 1.5707963268e+00 2.3822092160e+00
2.1093871258e-04 2.4395231807e+04 1.5707963268e+00 2.3833137298e+00
2.1108587578e-04 2.4413336255e+04 1.5707963268e+00 2.3844166042e+00
2.1123297660e-04 2.4431454195e+04 1.5707963268e+00 2.3855178417e+00
2.1138001511e-04 2.4449585607e+04 1.5707963268e+00 2.3866174446e+00
2.1152699143e-04 2.4467730474e+04 1.5707963268e+00 2.3877154154e+00
2.1167390565e-04 2.4485888778e+04 1.5707963268e+00 2.3888117565e+00
2.1182075787e-04 2.4504060501e+04 1.5707963268e+00 2.3899064704e+00
2.1196754819e-04 2.4522245625e+04 1.5707963268e+00 2.3909995594e+00
2.1211427671e-04 2.4540444131e+04 1.5707963268e+00 2.3920910261e+00
2.1226094352e-04 2.4558656002e+04 1.5707963268e+00 2.3931808727e+00
2.1240754872e-04 2.4576881220e+04 1.5707963268e+00 2.3942691017e+00
2.1255409241e-04 2.4595119766e+04 1.5707963268e+00 2.3953557155e+00
2.1270057469e-04 2.4613371623e+04 1.5707963268e+00 2.3964407166e+00
2.1284699566e-04 2.4631636772e+04 1.5707963268e+00 2.3975241074e+00
2.1299335541e-04 2.4649915196e+04 1.5707963268e+00 2.3986058902e+00
2.1313965405e-04 2.4668206877e+04 1.5707963268e+00 2.3996860675e+00
2.1328589166e-04 2.4686511796e+04 1.5707963268e+00 2.4007646417e+00
2.1343206835e-04 2.4704829935e+04 1.5707963268e+00 2.4018416152e+00
2.1357818421e-04 2.4723161277e+04 1.5707963268e+00 2.4029169903e+00
2.1372423934e-04 2.4741505804e+04 1.5707963268e+00 2.4039907697e+00
2.1387023383e-04 2.4759863498e+04 1.5707963268e+00 2.4050629555e+00
2.1401616779e-04 2.4778234340e+04 1.5707963268e+00 2.4061335502e+00
2.1416204131e-04 2.4796618313e+04 1.5707963268e+00 2.4072025563e+00
2.1430785449e-04 2.4815015399e+04 1.5707963268e+00 2.4082699761e+00
2.1445360742e-04 2.4833425579e+04 1.5707963268e+00 2.4093358120e+00
2.1459930019e-04 2.4851848837e+04 1.5707963268e+00 2.4104000664e+00
2.1474493292e-04 2.4870285153e+04 1.5707963268e+00 2.4114627418e+00
2.1489050568e-04 2.4888734511e+04 1.5707963268e+00 2.4125238404e+00
2.1503601858e-04 2.4907196892e+04 1.5707963268e+00 2.4135833648e+00
2.1518147171e-04 2.4925672278e+04 1.5707963268e+00 2.4146413172e+00
2.1532686517e-04 2.4944160651e+04 1.5707963268e+00 2.4156977002e+00
2.1547219905e-04 2.4962661994e+04 1.5707963268e+00 2.4167525160e+00
2.1561747345e-04 2.4981176288e+04 1.5707963268e+00 2.4178057671e+00
2.1576268847e-04 2.4999703517e+04 1.5707963268e+00 2.4188574558e+00
2.1590784419e-04 2.5018243661e+04 1.5707963268e+00 2.4199075846e+00
2.1605294072e-04 2.5036796703e+04 1.5707963268e+00 2.4209561558e+00
2.1619797814e-04 2.5055362625e+04 1.5707963268e+00 2.4220031718e+00
2.1634295656e-04 2.5073941409e+04 1.5707963268e+00 2.4230486349e+00
2.1648787607e-04 2.5092533038e+04 1.5707963268e+00 2.4240925477e+00
2.1663273676e-04 2.5111137494e+04 1.5707963268e+00 2.4251349123e+00
2.1677753872e-04 2.5129754758e+04 1.5707963268e+00 2.4261757313e+00
2.1692228206e-04 2.5148384813e+04 1.5707963268e+00 2.4272150069e+00
2.1706696686e-04 2.5167027642e+04 1.5707963268e+00 2.4282527417e+00
2.1721159322e-04 2.5185683226e+04 1.5707963268e+00 2.4292889378e+00
2.1735616123e-04 2.5204351548e+04 1.5707963268e+00 2.4303235977e+00
2.1750067098e-04 2.5223032589e+04 1.5707963268e+00 2.4313567238e+00
2.1764512258e-04 2.5241726333e+04 1.5707963268e+00 2.4323883185e+00
2.1778951610e-04 2.5260432761e+04 1.5707963268e+00 2.4334183840e+00
2.1793385166e-04 2.5279151856e+04 1.5707963268e+00 2.4344469228e+00
2.1807812933e-04 2.5297883600e+04 1.5707963268e+00 2.4354739372e+00
2.1822234922e-04 2.5316627975e+04 1.5707963268e+00 2.4364994295e+00
2.1836651141e-04 2.5335384963e+04 1.5707963268e+00 2.4375234022e+00
2.1851061599e-04 2.5354154547e+04 1.5707963268e+00 2.4385458576e+00
2.1865466307e-04 2.5372936709e+04 1.5707963268e+00 2.4395667980e+00
2.1879865273e-04 2.5391731432e+04 1.5707963268e+00 2.4405862258e+00
2.1894258507e-04 2.5410538697e+04 1.5707963268e+00 2.4416041434e+00
2.1908646017e-04 2.5429358487e+04 1.5707963268e+00 2.4426205530e+00
2.1923027813e-04 2.5448190785e+04 1.5707963268e+00 2.4436354571e+00
2.1937403904e-04 2.5467035573e+04 1.5707963268e+00 2.4446488580e+00
2.1951774300e-04 2.5485892832e+04 1.5707963268e+00 2.4456607579e+00
2.1966139009e-04 2.5504762546e+04 1.5707963268e+00 2.4466711594e+00
2.1980498040e-04 2.5523644697e+04 1.5707963268e+00 2.4476800646e+00
2.1994851404e-04 2.5542539268e+04 1.5707963268e+00 2.4486874760e+00
2.2009199108e-04 2.5561446240e+04 1.5707963268e+00 2.4496933958e+00
2.2023541163e-04 2.5580365596e+04 1.5707963268e+00 2.4506978265e+00
2.2037877576e-04 2.5599297319e+04 1.5707963268e+00 2.4517007703e+00
2.2052208358e-04 2.5618241390e+04 1.5707963268e+00 2.4527022295e+00
2.2066533517e-04 2.5637197794e+04 1.5707963268e+00 2.4537022066e+00
2.2080853062e-04 2.5656166511e+04 1.5707963268e+00 2.4547007037e+00
2.2095167003e-04 2.5675147524e+04 1.5707963268e+00 2.4556977234e+00
2.2109475348e-04 2.5694140817e+04 1.5707963268e+00 2.4566932677e+00
2.2123778106e-04 2.5713146371e+04 1.5707963268e+00 2.4576873392e+00
2.2138075287e-04 2.5732164168e+04 1.5707963268e+00 2.4586799401e+00
2.2152366900e-04 2.5751194193e+04 1.5707963268e+00 2.4596710726e+00
2.2166652953e-04 2.5770236426e+04 1.5707963268e+00 2.4606607393e+00
2.2180933455e-04 2.5789290851e+04 1.5707963268e+00 2.4616489422e+00
2.2195208416e-04 2.5808357449e+04 1.5707963268e+00 2.4626356838e+00
2.2209477844e-04 2.5827436205e+04 1.5707963268e+00 2.4636209664e+00
2.2223741748e-04 2.5846527099e+04 1.5707963268e+00 2.4646047922e+00
2.2238000137e-04 2.5865630116e+04 1.5707963268e+00 2.4655871636e+00
2.2252253021e-04 2.5884745237e+04 1.5707963268e+00 2.4665680829e+00
2.2266500407e-04 2.5903872445e+04 1.5707963268e+00 2.4675475523e+00
2.2280742306e-04 2.5923011723e+04 1.5707963268e+00 2.4685255742e+00
2.2294978725e-04 2.5942163053e+04 1.5707963268e+00 2.4695021509e+00
2.2309209673e-04 2.5961326418e+04 1.5707963268e+00 2.4704772846e+00
2.2323435160e-04 2.5980501801e+04 1.5707963268e+00 2.4714509777e+00
2.2337655194e-04 2.5999689184e+04 1.5707963268e+00 2.4724232324e+00
2.2351869785e-04 2.6018888550e+04 1.5707963268e+00 2.4733940510e+00
2.2366078940e-04 2.6038099882e+04 1.5707963268e+00 2.4743634359e+00
2.2380282668e-04 2.6057323163e+04 1.5707963268e+00 2.4753313892e+00
2.2394480979e-04 2.6076558375e+04 1.5707963268e+00 2.4762979133e+00
2.2408673882e-04 2.6095805500e+04 1.5707963268e+00 2.4772630104e+00
2.2422861384e-04 2.6115064523e+04 1.5707963268e+00 2.4782266828e+00
2.2437043495e-04 2.6134335425e+04 1.5707963268e+00 2.4791889329e+00
2.2451220223e-04 2.6153618189e+04 1.5707963268e+00 2.4801497628e+00
2.2465391577e-04 2.6172912798e+04 1.5707963268e+00 2.4811091749e+00
2.2479557566e-04 2.6192219235e+04 1.5707963268e+00 2.4820671713e+00
2.2493718198e-04 2.6211537483e+04 1.5707963268e+00 2.4830237545e+00
2.2507873482e-04 2.6230867525e+04 1.5707963268e+00 2.4839789265e+00
2.2522023428e-04 2.6250209343e+04 1.5707963268e+00 2.4849326898e+00
2.2536168042e-04 2.6269562921e+04 1.5707963268e+00 2.4858850465e+00
2.2550307335e-04 2.6288928240e+04 1.5707963268e+00 2.4868359989e+00
2.2564441314e-04 2.6308305285e+04 1.5707963268e+00 2.4877855493e+00
2.2578569988e-04 2.6327694037e+04 1.5707963268e+00 2.4887336998e+00
2.2592693367e-04 2.6347094481e+04 1.5707963268e+00 2.4896804529e+00
2.2606811457e-04 2.6366506599e+04 1.5707963268e+00 2.4906258106e+00
2.2620924269e-04 2.6385930373e+04 1.5707963268e+00 2.4915697753e+00
2.2635031810e-04 2.6405365787e+04 1.5707963268e+00 2.4925123492e+00
2.2649134089e-04 2.6424812824e+04 1.5707963268e+00 2.4934535345e+00
2.2663231115e-04 2.6444271467e+04 1.5707963268e+00 2.4943933335e+00
2.2677322895e-04 2.6463741698e+04 1.5707963268e+00 2.4953317484e+00
2.2691409440e-04 2.6483223501e+04 1.5707963268e+00 2.4962687814e+00
2.2705490756e-04 2.6502716859e+04 1.5707963268e+00 2.4972044349e+00
2.2719566853e-04 2.6522221755e+04 1.5707963268e+00 2.4981387109e+00
2.2733637738e-04 2.6541738172e+04 1.5707963268e+00 2.4990716117e+00
2.2747703421e-04 2.6561266093e+04 1.5707963268e+00 2.5000031396e+00
2.2761763910e-04 2.6580805502e+04 1.5707963268e+00 2.5009332967e+00
2.2775819213e-04 2.6600356380e+04 1.5707963268e+00 2.5018620853e+00
2.2789869339e-04 2.6619918712e+04 1.5707963268e+00 2.5027895077e+00
2.2803914296e-04 2.6639492480e+04 1.5707963268e+00 2.5037155659e+00
2.2817954092e-04 2.6659077668e+04 1.5707963268e+00 2.5046402623e+00
2.2831988736e-04 2.6678674259e+04 1.5707963268e+00 2.5055635990e+00
2.2846018236e-04 2.6698282236e+04 1.5707963268e+00 2.5064855783e+00
2.2860042600e-04 2.6717901583e+04 1.5707963268e+00 2.5074062023e+00
2.2874061837e-04 2.6737532281e+04 1.5707963268e+00 2.5083254732e+00
2.2888075956e-04 2.6757174316e+04 1.5707963268e+00 2.5092433934e+00
2.2902084963e-04 2.6776827669e+04 1.5707963268e+00 2.5101599648e+00
2.2916088869e-04 2.6796492325e+04 1.5707963268e+00 2.5110751898e+00
2.2930087680e-04 2.6816168266e+04 1.5707963268e+00 2.5119890706e+00
2.2944081405e-04 2.6835855476e+04 1.5707963268e+00 2.5129016092e+00
2.2958070053e-04 2.6855553938e+04 1.5707963268e+00 2.5138128080e+00
2.2972053631e-04 2.6875263636e+04 1.5707963268e+00 2.5147226691e+00
2.2986032148e-04 2.6894984552e+04 1.5707963268e+00 2.5156311946e+00
2.3000005612e-04 2.6914716670e+04 1.5707963268e+00 2.5165383868e+00
2.3013974032e-04 2.6934459974e+04 1.5707963268e+00 2.5174442479e+00
2.3027937415e-04 2.6954214447e+04 1.5707963268e+00 2.5183487799e+00
2.3041895769e-04 2.6973980072e+04 1.5707963268e+00 2.5192519851e+00
2.3055849103e-04 2.6993756833e+04 1.5707963268e+00 2.5201538657e+00
2.3069797425e-04 2.7013544713e+04 1.5707963268e+00 2.5210544238e+00
2.3083740743e-04 2.7033343695e+04 1.5707963268e+00 2.5219536616e+00
2.3097679065e-04 2.7053153764e+04 1.5707963268e+00 2.5228515813e+00
2.3111612400e-04 2.7072974902e+04 1.5707963268e+00 2.5237481849e+00
2.3125540754e-04 2.7092807094e+04 1.5707963268e+00 2.5246434747e+00
2.3139464137e-04 2.7112650321e+04 1.5707963268e+00 2.5255374528e+00
2.3153382556e-04 2.7132504569e+04 1.5707963268e+00 2.5264301214e+00
2.3167296020e-04 2.7152369821e+04 1.5707963268e+00 2.5273214827e+00
2.3181204536e-04 2.7172246060e+04 1.5707963268e+00 2.5282115386e+00
2.3195108113e-04 2.7192133270e+04 1.5707963268e+00 2.5291002915e+00
2.3209006758e-04 2.7212031434e+04 1.5707963268e+00 2.5299877435e+00
2.3222900479e-04 2.7231940536e+04 1.5707963268e+00 2.5308738966e+00
2.3236789286e-04 2.7251860560e+04 1.5707963268e+00 2.5317587531e+00
2.3250673184e-04 2.7271791489e+04 1.5707963268e+00 2.5326423150e+00
2.3264552183e-04 2.7291733307e+04 1.5707963268e+00 2.5335245846e+00
2.3278426290e-04 2.7311685998e+04 1.5707963268e+00 2.5344055638e+00
2.3292295514e-04 2.7331649545e+04 1.5707963268e+00 2.5352852549e+00
2.3306159861e-04 2.7351623932e+04 1.5707963268e+00 2.5361636600e+00
2.3320019341e-04 2.7371609143e+04 1.5707963268e+00 2.5370407812e+00
2.3333873960e-04 2.7391605162e+04 1.5707963268e+00 2.5379166206e+00
2.3347723728e-04 2.7411611972e+04 1.5707963268e+00 2.5387911803e+00
2.3361568651e-04 2.7431629556e+04 1.5707963268e+00 2.5396644625e+00
2.3375408737e-04 2.7451657900e+04 1.5707963268e+00 2.5405364692e+00
2.3389243995e-04 2.7471696987e+04 1.5707963268e+00 2.5414072026e+00
2.3403074432e-04 2.7491746800e+04 1.5707963268e+00 2.5422766648e+00
2.3416900056e-04 2.7511807324e+04 1.5707963268e+00 2.5431448578e+00
2.3430720875e-04 2.7531878541e+04 1.5707963268e+00 2.5440117838e+00
2.3444536896e-04 2.7551960437e+04 1.5707963268e+00 2.5448774449e+00
2.3458348128e-04 2.7572052995e+04 1.5707963268e+00 2.5457418431e+00
2.3472154578e-04 2.7592156199e+04 1.5707963268e+00 2.5466049806e+00
2.3485956254e-04 2.7612270033e+04 1.5707963268e+00 2.5474668595e+00
2.3499753163e-04 2.7632394481e+04 1.5707963268e+00 2.5483274817e+00
2.3513545313e-04 2.7652529526e+04 1.5707963268e+00 2.5491868495e+00
2.3527332713e-04 2.7672675154e+04 1.5707963268e+00 2.5500449649e+00
2.3541115369e-04 2.7692831347e+04 1.5707963268e+00 2.5509018300e+00
2.3554893289e-04 2.7712998090e+04 1.5707963268e+00 2.5517574468e+00
2.3568666482e-04 2.7733175367e+04 1.5707963268e+00 2.5526118175e+00
2.3582434954e-04 2.7753363162e+04 1.5707963268e+00 2.5534649440e+00
2.3596198713e-04 2.7773561459e+04 1.5707963268e+00 2.5543168285e+00
2.3609957767e-04 2.7793770242e+04 1.5707963268e+00 2.5551674731e+00
2.3623712124e-04 2.7813989495e+04 1.5707963268e+00 2.5560168797e+00
2.3637461791e-04 2.7834219202e+04 1.5707963268e+00 2.5568650506e+00
2.3651206776e-04 2.7854459348e+04 1.5707963268e+00 2.5577119876e+00
2.3664947086e-04 2.7874709917e+04 1.5707963268e+00 2.5585576929e+00
2.3678682729e-04 2.7894970893e+04 1.5707963268e+00 2.5594021685e+00
2.3692413712e-04 2.7915242259e+04 1.5707963268e+00 2.5602454165e+00
2.3706140043e-04 2.7935524001e+04 1.5707963268e+00 2.5610874389e+00
2.3719861730e-04 2.7955816103e+04 1.5707963268e+00 2.5619282377e+00
2.3733578780e-04 2.7976118548e+04 1.5707963268e+00 2.5627678151e+00
2.3747291200e-04 2.7996431321e+04 1.5707963268e+00 2.5636061730e+00
2.3760998998e-04 2.8016754406e+04 1.5707963268e+00 2.5644433135e+00
2.3774702182e-04 2.8037087788e+04 1.5707963268e+00 2.5652792386e+00
2.3788400758e-04 2.8057431451e+04 1.5707963268e+00 2.5661139504e+00
2.3802094735e-04 2.8077785380e+04 1.5707963268e+00 2.5669474508e+00
2.3815784120e-04 2.8098149557e+04 1.5707963268e+00 2.5677797419e+00
2.3829468919e-04 2.8118523969e+04 1.5707963268e+00 2.5686108257e+00
2.3843149142e-04 2.8138908600e+04 1.5707963268e+00 2.5694407042e+00
2.3856824794e-04 2.8159303433e+04 1.5707963268e+00 2.5702693796e+00
2.3870495884e-04 2.8179708453e+04 1.5707963268e+00 2.5710968536e+00
2.3884162419e-04 2.8200123645e+04 1.5707963268e+00 2.5719231285e+00
2.3897824405e-04 2.8220548994e+04 1.5707963268e+00 2.5727482061e+00
2.3911481851e-04 2.8240984483e+04 1.5707963268e+00 2.5735720886e+00
2.3925134764e-04 2.8261430097e+04 1.5707963268e+00 2.5743947778e+00
2.3938783151e-04 2.8281885821e+04 1.5707963268e+00 2.5752162758e+00
2.3952427020e-04 2.8302351639e+04 1.5707963268e+00 2.5760365846e+00
2.3966066377e-04 2.8322827536e+04 1.5707963268e+00 2.5768557062e+00
2.3979701230e-04 2.8343313496e+04 1.5707963268e+00 2.5776736426e+00
2.3993331587e-04 2.8363809504e+04 1.5707963268e+00 2.5784903958e+00
2.4006957454e-04 2.8384315545e+04 1.5707963268e+00 2.5793059677e+00
2.4020578838e-04 2.8404831603e+04 1.5707963268e+00 2.5801203604e+00
2.4034195748e-04 2.8425357663e+04 1.5707963268e+00 2.5809335757e+00
2.4047808190e-04 2.8445893709e+04 1.5707963268e+00 2.5817456158e+00
2.4061416171e-04 2.8466439727e+04 1.5707963268e+00 2.5825564826e+00
2.4075019699e-04 2.8486995700e+04 1.5707963268e+00 2.5833661780e+00
2.4088618781e-04 2.8507561615e+04 1.5707963268e+00 2.5841747040e+00
2.4102213424e-04 2.8528137454e+04 1.5707963268e+00 2.5849820626e+00
2.4115803635e-04 2.8548723204e+04 1.5707963268e+00 2.5857882557e+00
2.4129389421e-04 2.8569318849e+04 1.5707963268e+00 2.5865932854e+00
2.4142970789e-04 2.8589924374e+04 1.5707963268e+00 2.5873971535e+00
2.4156547748e-04 2.8610539763e+04 1.5707963268e+00 2.5881998621e+00
2.4170120302e-04 2.8631165001e+04 1.5707963268e+00 2.5890014130e+00
2.4183688461e-04 2.8651800074e+04 1.5707963268e+00 2.5898018083e+00
2.4197252230e-04 2.8672444966e+04 1.5707963268e+00 2.5906010498e+00
2.4210811617e-04 2.8693099662e+04 1.5707963268e+00 2.5913991396e+00
2.4224366629e-04 2.8713764147e+04 1.5707963268e+00 2.5921960795e+00
2.4237917273e-04 2.8734438406e+04 1.5707963268e+00 2.5929918715e+00
2.4251463556e-04 2.8755122424e+04 1.5707963268e+00 2.5937865176e+00
2.4265005485e-04 2.8775816185e+04 1.5707963268e+00 2.5945800196e+00
2.4278543067e-04 2.8796519675e+04 1.5707963268e+00 2.5953723796e+00
2.4292076309e-04 2.8817232879e+04 1.5707963268e+00 2.5961635994e+00
2.4305605218e-04 2.8837955782e+04 1.5707963268e+00 2.5969536809e+00
2.4319129801e-04 2.8858688369e+04 1.5707963268e+00 2.5977426261e+00
2.4332650065e-04 2.8879430625e+04 1.5707963268e+00 2.5985304370e+00
2.4346166017e-04 2.8900182534e+04 1.5707963268e+00 2.5993171153e+00
2.4359677664e-04 2.8920944083e+04 1.5707963268e+00 2.6001026631e+00
2.4373185012e-04 2.8941715256e+04 1.5707963268e+00 2.6008870822e+00
2.4386688070e-04 2.8962496038e+04 1.5707963268e+00 2.6016703746e+00
2.4400186842e-04 2.8983286415e+04 1.5707963268e+00 2.6024525421e+00
2.4413681337e-04 2.9004086372e+04 1.5707963268e+00 2.6032335867e+00
2.4427171562e-04 2.9024895893e+04 1.5707963268e+00 2.6040135102e+00
2.4440657522e-04 2.9045714965e+04 1.5707963268e+00 2.6047923146e+00
2.4454139226e-04 2.9066543572e+04 1.5707963268e+00 2.6055700018e+00
2.4467616679e-04 2.9087381699e+04 1.5707963268e+00 2.6063465736e+00
2.4481089889e-04 2.9108229333e+04 1.5707963268e+00 2.6071220320e+00
2.4494558863e-04 2.9129086457e+04 1.5707963268e+00 2.6078963787e+00
2.4508023607e-04 2.9149953058e+04 1.5707963268e+00 2.6086696158e+00
2.4521484128e-04 2.9170829121e+04 1.5707963268e+00 2.6094417450e+00
2.4534940433e-04 2.9191714631e+04 1.5707963268e+00 2.6102127683e+00
2.4548392528e-04 2.9212609573e+04 1.5707963268e+00 2.6109826876e+00
2.4561840421e-04 2.9233513933e+04 1.5707963268e+00 2.6117515046e+00
2.4575284118e-04 2.9254427697e+04 1.5707963268e+00 2.6125192214e+00
2.4588723626e-04 2.9275350849e+04 1.5707963268e+00 2.6132858397e+00
2.4602158951e-04 2.9296283376e+04 1.5707963268e+00 2.6140513614e+00
2.4615590101e-04 2.9317225262e+04 1.5707963268e+00 2.6148157883e+00
2.4629017081e-04 2.9338176493e+04 1.5707963268e+00 2.6155791224e+00
2.4642439899e-04 2.9359137055e+04 1.5707963268e+00 2.6163413655e+00
2.4655858562e-04 2.9380106933e+04 1.5707963268e+00 2.6171025194e+00
2.4669273075e-04 2.9401086112e+04 1.5707963268e+00 2.6178625860e+00
2.4682683446e-04 2.9422074579e+04 1.5707963268e+00 2.6186215671e+00
2.4696089681e-04 2.9443072319e+04 1.5707963268e+00 2.6193794646e+00
2.4709491788e-04 2.9464079317e+04 1.5707963268e+00 2.6201362803e+00
2.4722889771e-04 2.9485095559e+04 1.5707963268e+00 2.6208920161e+00
2.4736283639e-04 2.9506121031e+04 1.5707963268e+00 2.6216466738e+00
2.4749673397e-04 2.9527155717e+04 1.5707963268e+00 2.6224002552e+00
2.4763059053e-04 2.9548199605e+04 1.5707963268e+00 2.6231527621e+00
2.4776440612e-04 2.9569252680e+04 1.5707963268e+00 2.6239041965e+00
2.4789818081e-04 2.9590314927e+04 1.5707963268e+00 2.6246545600e+00
2.4803191468e-04 2.9611386332e+04 1.5707963268e+00 2.6254038546e+00
2.4816560778e-04 2.9632466881e+04 1.5707963268e+00 2.6261520820e+00
2.4829926017e-04 2.9653556559e+04 1.5707963268e+00 2.6268992441e+00
2.4843287194e-04 2.9674655353e+04 1.5707963268e+00 2.6276453426e+00
2.4856644313e-04 2.9695763248e+04 1.5707963268e+00 2.6283903795e+00
2.4869997381e-04 2.9716880231e+04 1.5707963268e+00 2.6291343564e+00
2.4883346405e-04 2.9738006286e+04 1.5707963268e+00 2.6298772752e+00
2.4896691392e-04 2.9759141399e+04 1.5707963268e+00 2.6306191378e+00
2.4910032347e-04 2.9780285558e+04 1.5707963268e+00 2.6313599458e+00
2.4923369278e-04 2.9801438747e+04 1.5707963268e+00 2.6320997012e+00
2.4936702190e-04 2.9822600952e+04 1.5707963268e+00 2.6328384056e+00
2.4950031090e-04 2.9843772160e+04 1.5707963268e+00 2.6335760609e+00
2.4963355985e-04 2.9864952357e+04 1.5707963268e+00 2.6343126689e+00
2.4976676880e-04 2.9886141527e+04 1.5707963268e+00 2.6350482313e+00
2.4989993782e-04 2.9907339658e+04 1.5707963268e+00 2.6357827500e+00
2.5003306698e-04 2.9928546735e+04 1.5707963268e+00 2.6365162267e+00
2.5016615634e-04 2.9949762745e+04 1.5707963268e+00 2.6372486632e+00
2.5029920596e-04 2.9970987673e+04 1.5707963268e+00 2.6379800612e+00
2.5043221591e-04 2.9992221506e+04 1.5707963268e+00 2.6387104226e+00
2.5056518625e-04 3.0013464230e+04 1.5707963268e+00 2.6394397491e+00
2.5069811704e-04 3.0034715830e+04 1.5707963268e+00 2.6401680425e+00
2.5083100834e-04 3.0055976293e+04 1.5707963268e+00 2.6408953045e+00
2.5096386022e-04 3.0077245605e+04 1.5707963268e+00 2.6416215369e+00
2.5109667274e-04 3.0098523752e+04 1.5707963268e+00 2.6423467415e+00
2.5122944596e-04 3.0119810721e+04 1.5707963268e+00 2.6430709199e+00
2.5136217995e-04 3.0141106498e+04 1.5707963268e+00 2.6437940741e+00
2.5149487477e-04 3.0162411068e+04 1.5707963268e+00 2.6445162056e+00
2.5162753047e-04 3.0183724418e+04 1.5707963268e+00 2.6452373163e+00
2.5176014713e-04 3.0205046535e+04 1.5707963268e+00 2.6459574079e+00
2.5189272480e-04 3.0226377404e+04 1.5707963268e+00 2.6466764821e+00
2.5202526355e-04 3.0247717013e+04 1.5707963268e+00 2.6473945407e+00
2.5215776344e-04 3.0269065347e+04 1.5707963268e+00 2.6481115854e+00
2.5229022452e-04 3.0290422392e+04 1.5707963268e+00 2.6488276180e+00
2.5242264687e-04 3.0311788136e+04 1.5707963268e+00 2.6495426401e+00
2.5255503054e-04 3.0333162564e+04 1.5707963268e+00 2.6502566535e+00
2.5268737560e-04 3.0354545662e+04 1.5707963268e+00 2.6509696600e+00
2.5281968210e-04 3.0375937418e+04 1.5707963268e+00 2.6516816612e+00
2.5295195010e-04 3.0397337818e+04 1.5707963268e+00 2.6523926589e+00
2.5308417967e-04 3.0418746848e+04 1.5707963268e+00 2.6531026547e+00
2.5321637088e-04 3.0440164494e+04 1.5707963268e+00 2.6538116504e+00
2.5334852377e-04 3.0461590744e+04 1.5707963268e+00 2.6545196478e+00
2.5348063841e-04 3.0483025583e+04 1.5707963268e+00 2.6552266484e+00
2.5361271486e-04 3.0504468999e+04 1.5707963268e+00 2.6559326541e+00
2.5374475318e-04 3.0525920977e+04 1.5707963268e+00 2.6566376664e+00
2.5387675344e-04 3.0547381505e+04 1.5707963268e+00 2.6573416872e+00
2.5400871568e-04 3.0568850569e+04 1.5707963268e+00 2.6580447181e+00
2.5414063998e-04 3.0590328155e+04 1.5707963268e+00 2.6587467608e+00
2.5427252639e-04 3.0611814250e+04 1.5707963268e+00 2.6594478170e+00
2.5440437497e-04 3.0633308842e+04 1.5707963268e+00 2.6601478884e+00
2.5453618578e-04 3.0654811915e+04 1.5707963268e+00 2.6608469766e+00
2.5466795888e-04 3.0676323459e+04 1.5707963268e+00 2.6615450834e+00
2.5479969434e-04 3.0697843458e+04 1.5707963268e+00 2.6622422104e+00
2.5493139220e-04 3.0719371899e+04 1.5707963268e+00 2.6629383593e+00
2.5506305254e-04 3.0740908771e+04 1.5707963268e+00 2.6636335318e+00
2.5519467540e-04 3.0762454058e+04 1.5707963268e+00 2.6643277296e+00
2.5532626085e-04 3.0784007749e+04 1.5707963268e+00 2.6650209542e+00
2.5545780895e-04 3.0805569829e+04 1.5707963268e+00 2.6657132075e+00
2.5558931975e-04 3.0827140286e+04 1.5707963268e+00 2.6664044910e+00
2.5572079332e-04 3.0848719106e+04 1.5707963268e+00 2.6670948064e+00
2.5585222971e-04 3.0870306277e+04 1.5707963268e+00 2.6677841554e+00
2.5598362899e-04 3.0891901785e+04 1.5707963268e+00 2.6684725396e+00
2.5611499120e-04 3.0913505618e+04 1.5707963268e+00 2.6691599607e+00
2.5624631642e-04 3.0935117761e+04 1.5707963268e+00 2.6698464203e+00
2.5637760469e-04 3.0956738203e+04 1.5707963268e+00 2.6705319200e+00
2.5650885607e-04 3.0978366929e+04 1.5707963268e+00 2.6712164616e+00
2.5664007064e-04 3.1000003928e+04 1.5707963268e+00 2.6719000467e+00
2.5677124843e-04 3.1021649185e+04 1.5707963268e+00 2.6725826768e+00
2.5690238951e-04 3.1043302689e+04 1.5707963268e+00 2.6732643536e+00
2.5703349394e-04 3.1064964426e+04 1.5707963268e+00 2.6739450789e+00
2.5716456177e-04 3.1086634382e+04 1.5707963268e+00 2.6746248541e+00
2.5729559307e-04 3.1108312546e+04 1.5707963268e+00 2.6753036809e+00
2.5742658789e-04 3.1129998905e+04 1.5707963268e+00 2.6759815610e+00
2.5755754628e-04 3.1151693444e+04 1.5707963268e+00 2.6766584959e+00
2.5768846831e-04 3.1173396153e+04 1.5707963268e+00 2.6773344873e+00
2.5781935403e-04 3.1195107017e+04 1.5707963268e+00 2.6780095369e+00
2.5795020350e-04 3.1216826024e+04 1.5707963268e+00 2.6786836461e+00
2.5808101677e-04 3.1238553161e+04 1.5707963268e+00 2.6793568167e+00
2.5821179391e-04 3.1260288416e+04 1.5707963268e+00 2.6800290502e+00
2.5834253497e-04 3.1282031775e+04 1.5707963268e+00 2.6807003483e+00
2.5847324000e-04 3.1303783225e+04 1.5707963268e+00 2.6813707125e+00
2.5860390906e-04 3.1325542755e+04 1.5707963268e+00 2.6820401444e+00
2.5873454221e-04 3.1347310352e+04 1.5707963268e+00 2.6827086457e+00
2.5886513951e-04 3.1369086002e+04 1.5707963268e+00 2.6833762179e+00
2.5899570101e-04 3.1390869693e+04 1.5707963268e+00 2.6840428627e+00
2.5912622676e-04 3.1412661412e+04 1.5707963268e+00 2.6847085816e+00
2.5925671683e-04 3.1434461147e+04 1.5707963268e+00 2.6853733762e+00
2.5938717127e-04 3.1456268886e+04 1.5707963268e+00 2.6860372481e+00
2.5951759013e-04 3.1478084615e+04 1.5707963268e+00 2.6867001988e+00
2.5964797347e-04 3.1499908321e+04 1.5707963268e+00 2.6873622300e+00
2.5977832135e-04 3.1521739994e+04 1.5707963268e+00 2.6880233433e+00
2.5990863382e-04 3.1543579619e+04 1.5707963268e+00 2.6886835401e+00
2.6003891093e-04 3.1565427184e+04 1.5707963268e+00 2.6893428221e+00
2.6016915275e-04 3.1587282677e+04 1.5707963268e+00 2.6900011909e+00
2.6029935932e-04 3.1609146086e+04 1.5707963268e+00 2.6906586480e+00
2.6042953071e-04 3.1631017398e+04 1.5707963268e+00 2.6913151949e+00
2.6055966696e-04 3.1652896600e+04 1.5707963268e+00 2.6919708333e+00
2.6068976814e-04 3.1674783680e+04 1.5707963268e+00 2.6926255646e+00
2.6081983429e-04 3.1696678625e+04 1.5707963268e+00 2.6932793905e+00
2.6094986548e-04 3.1718581425e+04 1.5707963268e+00 2.6939323125e+00
2.6107986175e-04 3.1740492064e+04 1.5707963268e+00 2.6945843322e+00
2.6120982316e-04 3.1762410533e+04 1.5707963268e+00 2.6952354510e+00
2.6133974976e-04 3.1784336818e+04 1.5707963268e+00 2.6958856706e+00
2.6146964162e-04 3.1806270906e+04 1.5707963268e+00 2.6965349925e+00
2.6159949877e-04 3.1828212786e+04 1.5707963268e+00 2.6971834181e+00
2.6172932129e-04 3.1850162446e+04 1.5707963268e+00 2.6978309491e+00
2.6185910921e-04 3.1872119873e+04 1.5707963268e+00 2.6984775871e+00
2.6198886260e-04 3.1894085054e+04 1.5707963268e+00 2.6991233334e+00
2.6211858151e-04 3.1916057978e+04 1.5707963268e+00 2.6997681897e+00
2.6224826599e-04 3.1938038633e+04 1.5707963268e+00 2.7004121574e+00
2.6237791610e-04 3.1960027006e+04 1.5707963268e+00 2.7010552382e+00
2.6250753188e-04 3.1982023085e+04 1.5707963268e+00 2.7016974334e+00
2.6263711340e-04 3.2004026858e+04 1.5707963268e+00 2.7023387447e+00
2.6276666070e-04 3.2026038313e+04 1.5707963268e+00 2.7029791736e+00
2.6289617385e-04 3.2048057438e+04 1.5707963268e+00 2.7036187215e+00
2.6302565288e-04 3.2070084220e+04 1.5707963268e+00 2.7042573900e+00
2.6315509786e-04 3.2092118648e+04 1.5707963268e+00 2.7048951805e+00
2.6328450884e-04 3.2114160710e+04 1.5707963268e+00 2.7055320947e+00
2.6341388587e-04 3.2136210393e+04 1.5707963268e+00 2.7061681339e+00
2.6354322900e-04 3.2158267685e+04 1.5707963268e+00 2.7068032998e+00
2.6367253828e-04 3.2180332575e+04 1.5707963268e+00 2.7074375937e+00
2.6380181378e-04 3.2202405051e+04 1.5707963268e+00 2.7080710171e+00
2.6393105553e-04 3.2224485101e+04 1.5707963268e+00 2.7087035717e+00
2.6406026360e-04 3.2246572712e+04 1.5707963268e+00 2.7093352588e+00
2.6418943804e-04 3.2268667872e+04 1.5707963268e+00 2.7099660800e+00
2.6431857889e-04 3.2290770571e+04 1.5707963268e+00 2.7105960367e+00
2.6444768620e-04 3.2312880796e+04 1.5707963268e+00 2.7112251304e+00
2.6457676004e-04 3.2334998535e+04 1.5707963268e+00 2.7118533626e+00
2.6470580046e-04 3.2357123776e+04 1.5707963268e+00 2.7124807347e+00
2.6483480749e-04 3.2379256507e+04 1.5707963268e+00 2.7131072483e+00
2.6496378120e-04 3.2401396718e+04 1.5707963268e+00 2.7137329048e+00
2.6509272164e-04 3.2423544395e+04 1.5707963268e+00 2.7143577057e+00
2.6522162886e-04 3.2445699527e+04 1.5707963268e+00 2.7149816525e+00
2.6535050291e-04 3.2467862103e+04 1.5707963268e+00 2.7156047465e+00
2.6547934384e-04 3.2490032110e+04 1.5707963268e+00 2.7162269893e+00
2.6560815170e-04 3.2512209537e+04 1.5707963268e+00 2.7168483824e+00
2.6573692655e-04 3.2534394373e+04 1.5707963268e+00 2.7174689271e+00
2.6586566843e-04 3.2556586605e+04 1.5707963268e+00 2.7180886250e+00
2.6599437739e-04 3.2578786222e+04 1.5707963268e+00 2.7187074775e+00
2.6612305349e-04 3.2600993212e+04 1.5707963268e+00 2.7193254860e+00
2.6625169678e-04 3.2623207564e+04 1.5707963268e+00 2.7199426519e+00
2.6638030730e-04 3.2645429266e+04 1.5707963268e+00 2.7205589768e+00
2.6650888511e-04 3.2667658307e+04 1.5707963268e+00 2.7211744621e+00
2.6663743026e-04 3.2689894674e+04 1.5707963268e+00 2.7217891092e+00
2.6676594280e-04 3.2712138357e+04 1.5707963268e+00 2.7224029195e+00
2.6689442277e-04 3.2734389343e+04 1.5707963268e+00 2.7230158945e+00
2.6702287024e-04 3.2756647622e+04 1.5707963268e+00 2.7236280355e+00
2.6715128524e-04 3.2778913182e+04 1.5707963268e+00 2.7242393442e+00
2.6727966783e-04 3.2801186011e+04 1.5707963268e+00 2.7248498217e+00
2.6740801805e-04 3.2823466098e+04 1.5707963268e+00 2.7254594697e+00
2.6753633597e-04 3.2845753432e+04 1.5707963268e+00 2.7260682894e+00
2.6766462162e-04 3.2868048000e+04 1.5707963268e+00 2.7266762824e+00
2.6779287506e-04 3.2890349793e+04 1.5707963268e+00 2.7272834500e+00
2.6792109633e-04 3.2912658797e+04 1.5707963268e+00 2.7278897936e+00
2.6804928549e-04 3.2934975003e+04 1.5707963268e+00 2.7284953147e+00
2.6817744259e-04 3.2957298398e+04 1.5707963268e+00 2.7291000146e+00
2.6830556766e-04 3.2979628971e+04 1.5707963268e+00 2.7297038948e+00
2.6843366077e-04 3.3001966711e+04 1.5707963268e+00 2.7303069567e+00
2.6856172197e-04 3.3024311607e+04 1.5707963268e+00 2.7309092017e+00
2.6868975129e-04 3.3046663647e+04 1.5707963268e+00 2.7315106311e+00
2.6881774879e-04 3.3069022821e+04 1.5707963268e+00 2.7321112463e+00
2.6894571452e-04 3.3091389116e+04 1.5707963268e+00 2.7327110489e+00
2.6907364853e-04 3.3113762522e+04 1.5707963268e+00 2.7333100401e+00
2.6920155086e-04 3.3136143027e+04 1.5707963268e+00 2.7339082213e+00
2.6932942157e-04 3.3158530621e+04 1.5707963268e+00 2.7345055939e+00
2.6945726069e-04 3.3180925292e+04 1.5707963268e+00 2.7351021593e+00
2.6958506829e-04 3.3203327029e+04 1.5707963268e+00 2.7356979189e+00
2.6971284441e-04 3.3225735820e+04 1.5707963268e+00 2.7362928741e+00
2.6984058909e-04 3.3248151656e+04 1.5707963268e+00 2.7368870262e+00
2.6996830239e-04 3.3270574524e+04 1.5707963268e+00 2.7374803766e+00
2.7009598435e-04 3.3293004413e+04 1.5707963268e+00 2.7380729267e+00
2.7022363501e-04 3.3315441313e+04 1.5707963268e+00 2.7386646778e+00
2.7035125444e-04 3.3337885213e+04 1.5707963268e+00 2.7392556314e+00
2.7047884267e-04 3.3360336101e+04 1.5707963268e+00 2.7398457887e+00
2.7060639976e-04 3.3382793967e+04 1.5707963268e+00 2.7404351512e+00
2.7073392574e-04 3.3405258799e+04 1.5707963268e+00 2.7410237201e+00
2.7086142067e-04 3.3427730586e+04 1.5707963268e+00 2.7416114969e+00
2.7098888460e-04 3.3450209318e+04 1.5707963268e+00 2.7421984829e+00
2.7111631757e-04 3.3472694984e+04 1.5707963268e+00 2.7427846795e+00
2.7124371962e-04 3.3495187572e+04 1.5707963268e+00 2.7433700879e+00
2.7137109082e-04 3.3517687073e+04 1.5707963268e+00 2.7439547096e+00
2.7149843119e-04 3.3540193474e+04 1.5707963268e+00 2.7445385459e+00
2.7162574080e-04 3.3562706765e+04 1.5707963268e+00 2.7451215981e+00
2.7175301968e-04 3.3585226936e+04 1.5707963268e+00 2.7457038676e+00
2.7188026788e-04 3.3607753974e+04 1.5707963268e+00 2.7462853558e+00
2.7200748546e-04 3.3630287871e+04 1.5707963268e+00 2.7468660638e+00
2.7213467245e-04 3.3652828614e+04 1.5707963268e+00 2.7474459931e+00
2.7226182890e-04 3.3675376194e+04 1.5707963268e+00 2.7480251451e+00
2.7238895486e-04 3.3697930598e+04 1.5707963268e+00 2.7486035209e+00
2.7251605038e-04 3.3720491817e+04 1.5707963268e+00 2.7491811220e+00
2.7264311550e-04 3.3743059840e+04 1.5707963268e+00 2.7497579497e+00
2.7277015026e-04 3.3765634656e+04 1.5707963268e+00 2.7503340053e+00
2.7289715472e-04 3.3788216255e+04 1.5707963268e+00 2.7509092901e+00
2.7302412891e-04 3.3810804625e+04 1.5707963268e+00 2.7514838054e+00
2.7315107290e-04 3.3833399757e+04 1.5707963268e+00 2.7520575526e+00
2.7327798671e-04 3.3856001639e+04 1.5707963268e+00 2.7526305329e+00
2.7340487039e-04 3.3878610260e+04 1.5707963268e+00 2.7532027477e+00
2.7353172400e-04 3.3901225611e+04 1.5707963268e+00 2.7537741982e+00
2.7365854758e-04 3.3923847681e+04 1.5707963268e+00 2.7543448859e+00
2.7378534116e-04 3.3946476459e+04 1.5707963268e+00 2.7549148118e+00
2.7391210481e-04 3.3969111934e+04 1.5707963268e+00 2.7554839775e+00
2.7403883855e-04 3.3991754097e+04 1.5707963268e+00 2.7560523841e+00
2.7416554245e-04 3.4014402936e+04 1.5707963268e+00 2.7566200329e+00
2.7429221654e-04 3.4037058441e+04 1.5707963268e+00 2.7571869253e+00
2.7441886086e-04 3.4059720602e+04 1.5707963268e+00 2.7577530626e+00
2.7454547547e-04 3.4082389408e+04 1.5707963268e+00 2.7583184460e+00
2.7467206040e-04 3.4105064848e+04 1.5707963268e+00 2.7588830767e+00
2.7479861571e-04 3.4127746913e+04 1.5707963268e+00 2.7594469562e+00
2.7492514143e-04 3.4150435591e+04 1.5707963268e+00 2.7600100856e+00
2.7505163761e-04 3.4173130873e+04 1.5707963268e+00 2.7605724663e+00
2.7517810430e-04 3.4195832748e+04 1.5707963268e+00 2.7611340995e+00
2.7530454154e-04 3.4218541206e+04 1.5707963268e+00 2.7616949865e+00
2.7543094937e-04 3.4241256236e+04 1.5707963268e+00 2.7622551285e+00
2.7555732785e-04 3.4263977829e+04 1.5707963268e+00 2.7628145269e+00
2.7568367700e-04 3.4286705973e+04 1.5707963268e+00 2.7633731829e+00
2.7580999688e-04 3.4309440658e+04 1.5707963268e+00 2.7639310977e+00
2.7593628753e-04 3.4332181875e+04 1.5707963268e+00 2.7644882726e+00
2.7606254899e-04 3.4354929613e+04 1.5707963268e+00 2.7650447090e+00
2.7618878131e-04 3.4377683861e+04 1.5707963268e+00 2.7656004079e+00
2.7631498453e-04 3.4400444610e+04 1.5707963268e+00 2.7661553708e+00
2.7644115870e-04 3.4423211849e+04 1.5707963268e+00 2.7667095988e+00
2.7656730386e-04 3.4445985568e+04 1.5707963268e+00 2.7672630932e+00
2.7669342005e-04 3.4468765757e+04 1.5707963268e+00 2.7678158552e+00
2.7681950731e-04 3.4491552406e+04 1.5707963268e+00 2.7683678861e+00
2.7694556569e-04 3.4514345505e+04 1.5707963268e+00 2.7689191872e+00
2.7707159524e-04 3.4537145043e+04 1.5707963268e+00 2.7694697596e+00
2.7719759599e-04 3.4559951010e+04 1.5707963268e+00 2.7700196046e+00
2.7732356798e-04 3.4582763397e+04 1.5707963268e+00 2.7705687234e+00
2.7744951127e-04 3.4605582193e+04 1.5707963268e+00 2.7711171173e+00
2.7757542589e-04 3.4628407389e+04 1.5707963268e+00 2.7716647875e+00
2.7770131189e-04 3.4651238973e+04 1.5707963268e+00 2.7722117353e+00
2.7782716931e-04 3.4674076937e+04 1.5707963268e+00 2.7727579618e+00
2.7795299819e-04 3.4696921270e+04 1.5707963268e+00 2.7733034683e+00
2.7807879857e-04 3.4719771962e+04 1.5707963268e+00 2.7738482560e+00
2.7820457050e-04 3.4742629003e+04 1.5707963268e+00 2.7743923262e+00
2.7833031402e-04 3.4765492383e+04 1.5707963268e+00 2.7749356800e+00
2.7845602918e-04 3.4788362093e+04 1.5707963268e+00 2.7754783186e+00
2.7858171600e-04 3.4811238122e+04 1.5707963268e+00 2.7760202433e+00
2.7870737454e-04 3.4834120461e+04 1.5707963268e+00 2.7765614553e+00
2.7883300484e-04 3.4857009100e+04 1.5707963268e+00 2.7771019558e+00
2.7895860694e-04 3.4879904028e+04 1.5707963268e+00 2.7776417460e+00
2.7908418089e-04 3.4902805236e+04 1.5707963268e+00 2.7781808271e+00
2.7920972671e-04 3.4925712714e+04 1.5707963268e+00 2.7787192003e+00
2.7933524447e-04 3.4948626452e+04 1.5707963268e+00 2.7792568669e+00
2.7946073418e-04 3.4971546441e+04 1.5707963268e+00 2.7797938279e+00
2.7958619591e-04 3.4994472670e+04 1.5707963268e+00 2.7803300846e+00
2.7971162969e-04 3.5017405131e+04 1.5707963268e+00 2.7808656382e+00
2.7983703556e-04 3.5040343812e+04 1.5707963268e+00 2.7814004900e+00
2.7996241357e-04 3.5063288705e+04 1.5707963268e+00 2.7819346409e+00
2.8008776375e-04 3.5086239800e+04 1.5707963268e+00 2.7824680924e+00
2.8021308614e-04 3.5109197086e+04 1.5707963268e+00 2.7830008455e+00
2.8033838079e-04 3.5132160555e+04 1.5707963268e+00 2.7835329014e+00
2.8046364774e-04 3.5155130196e+04 1.5707963268e+00 2.7840642613e+00
2.8058888703e-04 3.5178106001e+04 1.5707963268e+00 2.7845949264e+00
2.8071409870e-04 3.5201087959e+04 1.5707963268e+00 2.7851248979e+00
2.8083928279e-04 3.5224076060e+04 1.5707963268e+00 2.7856541769e+00
2.8096443934e-04 3.5247070296e+04 1.5707963268e+00 2.7861827646e+00
2.8108956840e-04 3.5270070656e+04 1.5707963268e+00 2.7867106622e+00
2.8121466999e-04 3.5293077131e+04 1.5707963268e+00 2.7872378709e+00
2.8133974417e-04 3.5316089711e+04 1.5707963268e+00 2.7877643917e+00
2.8146479098e-04 3.5339108387e+04 1.5707963268e+00 2.7882902259e+00
2.8158981045e-04 3.5362133150e+04 1.5707963268e+00 2.7888153747e+00
2.8171480262e-04 3.5385163989e+04 1.5707963268e+00 2.7893398391e+00
2.8183976754e-04 3.5408200895e+04 1.5707963268e+00 2.7898636204e+00
2.8196470524e-04 3.5431243860e+04 1.5707963268e+00 2.7903867197e+00
2.8208961577e-04 3.5454292873e+04 1.5707963268e+00 2.7909091382e+00
2.8221449916e-04 3.5477347924e+04 1.5707963268e+00 2.7914308769e+00
