0.0000000000e+00 1.5078669903e+04 1.5707963268e+00 0.0000000000e+00
2.3053605367e-07 1.5078669903e+04 1.5707963268e+00 2.9411764706e-03
4.6107210734e-07 1.5078685249e+04 1.5707963268e+00 5.8823529412e-03
6.9160782584e-07 1.5078715940e+04 1.5707963268e+00 8.8235234252e-03
9.2214287401e-07 1.5078761977e+04 1.5707963268e+00 1.1764681936e-02
1.1526769167e-06 1.5078823361e+04 1.5707963268e+00 1.4705822488e-02
1.3832096187e-06 1.5078900090e+04 1.5707963268e+00 1.7646939094e-02
1.6137406450e-06 1.5078992165e+04 1.5707963268e+00 2.0588025768e-02
1.8442696603e-06 1.5079099588e+04 1.5707963268e+00 2.3529076523e-02
2.0747963296e-06 1.5079222358e+04 1.5707963268e+00 2.6470085375e-02
2.3053203179e-06 1.5079360475e+04 1.5707963268e+00 2.9411046337e-02
2.5358412901e-06 1.5079513941e+04 1.5707963268e+00 3.2351953424e-02
2.7663589111e-06 1.5079682756e+04 1.5707963268e+00 3.5292800651e-02
2.9968728459e-06 1.5079866920e+04 1.5707963268e+00 3.8233582032e-02
3.2273827598e-06 1.5080066435e+04 1.5707963268e+00 4.1174291583e-02
3.4578883176e-06 1.5080281301e+04 1.5707963268e+00 4.4114923319e-02
3.6883891846e-06 1.5080511520e+04 1.5707963268e+00 4.7055471258e-02
3.9188850259e-06 1.5080757091e+04 1.5707963268e+00 4.9995929414e-02
4.1493755069e-06 1.5081018017e+04 1.5707963268e+00 5.2936291805e-02
4.3798602927e-06 1.5081294298e+04 1.5707963268e+00 5.5876552449e-02
4.6103390487e-06 1.5081585936e+04 1.5707963268e+00 5.8816705362e-02
4.8408114404e-06 1.5081892932e+04 1.5707963268e+00 6.1756744564e-02
5.0712771331e-06 1.5082215287e+04 1.5707963268e+00 6.4696664072e-02
5.3017357926e-06 1.5082553003e+04 1.5707963268e+00 6.7636457908e-02
5.5321870843e-06 1.5082906081e+04 1.5707963268e+00 7.0576120089e-02
5.7626306740e-06 1.5083274523e+04 1.5707963268e+00 7.3515644637e-02
5.9930662274e-06 1.5083658330e+04 1.5707963268e+00 7.6455025573e-02
6.2234934105e-06 1.5084057504e+04 1.5707963268e+00 7.9394256919e-02
6.4539118890e-06 1.5084472047e+04 1.5707963268e+00 8.2333332698e-02
6.6843213291e-06 1.5084901960e+04 1.5707963268e+00 8.5272246931e-02
6.9147213969e-06 1.5085347246e+04 1.5707963268e+00 8.8210993645e-02
7.1451117585e-06 1.5085807906e+04 1.5707963268e+00 9.1149566863e-02
7.3754920804e-06 1.5086283943e+04 1.5707963268e+00 9.4087960611e-02
7.6058620289e-06 1.5086775359e+04 1.5707963268e+00 9.7026168915e-02
7.8362212705e-06 1.5087282155e+04 1.5707963268e+00 9.9964185802e-02
8.0665694719e-06 1.5087804334e+04 1.5707963268e+00 1.0290200530e-01
8.2969062998e-06 1.5088341899e+04 1.5707963268e+00 1.0583962144e-01
8.5272314211e-06 1.5088894852e+04 1.5707963268e+00 1.0877702825e-01
8.7575445027e-06 1.5089463195e+04 1.5707963268e+00 1.1171421977e-01
8.9878452118e-06 1.5090046930e+04 1.5707963268e+00 1.1465119001e-01
9.2181332156e-06 1.5090646061e+04 1.5707963268e+00 1.1758793303e-01
9.4484081815e-06 1.5091260590e+04 1.5707963268e+00 1.2052444284e-01
9.6786697768e-06 1.5091890520e+04 1.5707963268e+00 1.2346071349e-01
9.9089176694e-06 1.5092535853e+04 1.5707963268e+00 1.2639673901e-01
1.0139151527e-05 1.5093196593e+04 1.5707963268e+00 1.2933251344e-01
1.0369371017e-05 1.5093872742e+04 1.5707963268e+00 1.3226803082e-01
1.0599575809e-05 1.5094564303e+04 1.5707963268e+00 1.3520328519e-01
1.0829765569e-05 1.5095271280e+04 1.5707963268e+00 1.3813827059e-01
1.1059939967e-05 1.5095993675e+04 1.5707963268e+00 1.4107298105e-01
1.1290098671e-05 1.5096731492e+04 1.5707963268e+00 1.4400741064e-01
1.1520241349e-05 1.5097484734e+04 1.5707963268e+00 1.4694155338e-01
1.1750367671e-05 1.5098253405e+04 1.5707963268e+00 1.4987540332e-01
1.1980477306e-05 1.5099037507e+04 1.5707963268e+00 1.5280895452e-01
1.2210569922e-05 1.5099837045e+04 1.5707963268e+00 1.5574220103e-01
1.2440645190e-05 1.5100652022e+04 1.5707963268e+00 1.5867513688e-01
1.2670702778e-05 1.5101482441e+04 1.5707963268e+00 1.6160775614e-01
1.2900742357e-05 1.5102328306e+04 1.5707963268e+00 1.6454005285e-01
1.3130763595e-05 1.5103189622e+04 1.5707963268e+00 1.6747202108e-01
1.3360766164e-05 1.5104066391e+04 1.5707963268e+00 1.7040365487e-01
1.3590749734e-05 1.5104958617e+04 1.5707963268e+00 1.7333494830e-01
1.3820713975e-05 1.5105866305e+04 1.5707963268e+00 1.7626589540e-01
1.4050658558e-05 1.5106789459e+04 1.5707963268e+00 1.7919649026e-01
1.4280583153e-05 1.5107728083e+04 1.5707963268e+00 1.8212672692e-01
1.4510487432e-05 1.5108682180e+04 1.5707963268e+00 1.8505659946e-01
1.4740371066e-05 1.5109651756e+04 1.5707963268e+00 1.8798610193e-01
1.4970233726e-05 1.5110636814e+04 1.5707963268e+00 1.9091522842e-01
1.5200075085e-05 1.5111637358e+04 1.5707963268e+00 1.9384397298e-01
1.5429894813e-05 1.5112653394e+04 1.5707963268e+00 1.9677232969e-01
1.5659692585e-05 1.5113684925e+04 1.5707963268e+00 1.9970029262e-01
1.5889468070e-05 1.5114731957e+04 1.5707963268e+00 2.0262785585e-01
1.6119220943e-05 1.5115794493e+04 1.5707963268e+00 2.0555501346e-01
1.6348950877e-05 1.5116872539e+04 1.5707963268e+00 2.0848175951e-01
1.6578657543e-05 1.5117966099e+04 1.5707963268e+00 2.1140808810e-01
1.6808340616e-05 1.5119075178e+04 1.5707963268e+00 2.1433399331e-01
1.7037999769e-05 1.5120199782e+04 1.5707963268e+00 2.1725946922e-01
1.7267634676e-05 1.5121339914e+04 1.5707963268e+00 2.2018450991e-01
1.7497245010e-05 1.5122495580e+04 1.5707963268e+00 2.2310910949e-01
1.7726830447e-05 1.5123666785e+04 1.5707963268e+00 2.2603326203e-01
1.7956390661e-05 1.5124853534e+04 1.5707963268e+00 2.2895696163e-01
1.8185925326e-05 1.5126055832e+04 1.5707963268e+00 2.3188020239e-01
1.8415434118e-05 1.5127273685e+04 1.5707963268e+00 2.3480297841e-01
1.8644916712e-05 1.5128507099e+04 1.5707963268e+00 2.3772528378e-01
1.8874372783e-05 1.5129756077e+04 1.5707963268e+00 2.4064711260e-01
1.9103802008e-05 1.5131020626e+04 1.5707963268e+00 2.4356845898e-01
1.9333204062e-05 1.5132300752e+04 1.5707963268e+00 2.4648931703e-01
1.9562578623e-05 1.5133596459e+04 1.5707963268e+00 2.4940968085e-01
1.9791925366e-05 1.5134907754e+04 1.5707963268e+00 2.5232954456e-01
2.0021243969e-05 1.5136234643e+04 1.5707963268e+00 2.5524890227e-01
2.0250534109e-05 1.5137577130e+04 1.5707963268e+00 2.5816774810e-01
2.0479795464e-05 1.5138935223e+04 1.5707963268e+00 2.6108607616e-01
2.0709027711e-05 1.5140308926e+04 1.5707963268e+00 2.6400388057e-01
2.0938230529e-05 1.5141698247e+04 1.5707963268e+00 2.6692115546e-01
2.1167403596e-05 1.5143103190e+04 1.5707963268e+00 2.6983789496e-01
2.1396546591e-05 1.5144523762e+04 1.5707963268e+00 2.7275409319e-01
2.1625659193e-05 1.5145959969e+04 1.5707963268e+00 2.7566974428e-01
2.1854741082e-05 1.5147411817e+04 1.5707963268e+00 2.7858484237e-01
2.2083791936e-05 1.5148879313e+04 1.5707963268e+00 2.8149938159e-01
2.2312811437e-05 1.5150362463e+04 1.5707963268e+00 2.8441335609e-01
2.2541799265e-05 1.5151861274e+04 1.5707963268e+00 2.8732676000e-01
2.2770755099e-05 1.5153375751e+04 1.5707963268e+00 2.9023958747e-01
2.2999678622e-05 1.5154905902e+04 1.5707963268e+00 2.9315183265e-01
2.3228569514e-05 1.5156451732e+04 1.5707963268e+00 2.9606348969e-01
2.3457427458e-05 1.5158013250e+04 1.5707963268e+00 2.9897455274e-01
2.3686252135e-05 1.5159590460e+04 1.5707963268e+00 3.0188501595e-01
2.3915043227e-05 1.5161183371e+04 1.5707963268e+00 3.0479487349e-01
2.4143800418e-05 1.5162791989e+04 1.5707963268e+00 3.0770411951e-01
2.4372523390e-05 1.5164416320e+04 1.5707963268e+00 3.1061274819e-01
2.4601211827e-05 1.5166056372e+04 1.5707963268e+00 3.1352075369e-01
2.4829865412e-05 1.5167712152e+04 1.5707963268e+00 3.1642813017e-01
2.5058483830e-05 1.5169383667e+04 1.5707963268e+00 3.1933487183e-01
2.5287066765e-05 1.5171070924e+04 1.5707963268e+00 3.2224097282e-01
2.5515613902e-05 1.5172773930e+04 1.5707963268e+00 3.2514642733e-01
2.5744124926e-05 1.5174492692e+04 1.5707963268e+00 3.2805122955e-01
2.5972599523e-05 1.5176227219e+04 1.5707963268e+00 3.3095537366e-01
2.6201037378e-05 1.5177977516e+04 1.5707963268e+00 3.3385885386e-01
2.6429438178e-05 1.5179743592e+04 1.5707963268e+00 3.3676166432e-01
2.6657801610e-05 1.5181525454e+04 1.5707963268e+00 3.3966379926e-01
2.6886127361e-05 1.5183323109e+04 1.5707963268e+00 3.4256525287e-01
2.7114415118e-05 1.5185136566e+04 1.5707963268e+00 3.4546601935e-01
2.7342664569e-05 1.5186965831e+04 1.5707963268e+00 3.4836609292e-01
2.7570875403e-05 1.5188810913e+04 1.5707963268e+00 3.5126546777e-01
2.7799047307e-05 1.5190671819e+04 1.5707963268e+00 3.5416413812e-01
2.8027179972e-05 1.5192548557e+04 1.5707963268e+00 3.5706209820e-01
2.8255273086e-05 1.5194441135e+04 1.5707963268e+00 3.5995934221e-01
2.8483326340e-05 1.5196349561e+04 1.5707963268e+00 3.6285586440e-01
2.8711339423e-05 1.5198273844e+04 1.5707963268e+00 3.6575165897e-01
2.8939312026e-05 1.5200213990e+04 1.5707963268e+00 3.6864672016e-01
2.9167243841e-05 1.5202170008e+04 1.5707963268e+00 3.7154104222e-01
2.9395134559e-05 1.5204141906e+04 1.5707963268e+00 3.7443461937e-01
2.9622983872e-05 1.5206129693e+04 1.5707963268e+00 3.7732744586e-01
2.9850791472e-05 1.5208133376e+04 1.5707963268e+00 3.8021951593e-01
3.0078557052e-05 1.5210152965e+04 1.5707963268e+00 3.8311082384e-01
3.0306280305e-05 1.5212188467e+04 1.5707963268e+00 3.8600136383e-01
3.0533960926e-05 1.5214239891e+04 1.5707963268e+00 3.8889113018e-01
3.0761598607e-05 1.5216307245e+04 1.5707963268e+00 3.9178011712e-01
3.0989193044e-05 1.5218390538e+04 1.5707963268e+00 3.9466831895e-01
3.1216743932e-05 1.5220489779e+04 1.5707963268e+00 3.9755572991e-01
3.1444250965e-05 1.5222604976e+04 1.5707963268e+00 4.0044234429e-01
3.1671713841e-05 1.5224736137e+04 1.5707963268e+00 4.0332815636e-01
3.1899132254e-05 1.5226883272e+04 1.5707963268e+00 4.0621316040e-01
3.2126505903e-05 1.5229046390e+04 1.5707963268e+00 4.0909735071e-01
3.2353834484e-05 1.5231225499e+04 1.5707963268e+00 4.1198072156e-01
3.2581117695e-05 1.5233420608e+04 1.5707963268e+00 4.1486326726e-01
3.2808355234e-05 1.5235631726e+04 1.5707963268e+00 4.1774498209e-01
3.3035546800e-05 1.5237858862e+04 1.5707963268e+00 4.2062586037e-01
3.3262692091e-05 1.5240102025e+04 1.5707963268e+00 4.2350589640e-01
3.3489790809e-05 1.5242361225e+04 1.5707963268e+00 4.2638508449e-01
3.3716842652e-05 1.5244636470e+04 1.5707963268e+00 4.2926341896e-01
3.3943847320e-05 1.5246927770e+04 1.5707963268e+00 4.3214089412e-01
3.4170804517e-05 1.5249235134e+04 1.5707963268e+00 4.3501750430e-01
3.4397713941e-05 1.5251558571e+04 1.5707963268e+00 4.3789324382e-01
3.4624575297e-05 1.5253898091e+04 1.5707963268e+00 4.4076810703e-01
3.4851388286e-05 1.5256253703e+04 1.5707963268e+00 4.4364208826e-01
3.5078152611e-05 1.5258625417e+04 1.5707963268e+00 4.4651518184e-01
3.5304867975e-05 1.5261013241e+04 1.5707963268e+00 4.4938738214e-01
3.5531534084e-05 1.5263417186e+04 1.5707963268e+00 4.5225868349e-01
3.5758150640e-05 1.5265837261e+04 1.5707963268e+00 4.5512908025e-01
3.5984717350e-05 1.5268273477e+04 1.5707963268e+00 4.5799856679e-01
3.6211233919e-05 1.5270725841e+04 1.5707963268e+00 4.6086713747e-01
3.6437700053e-05 1.5273194365e+04 1.5707963268e+00 4.6373478666e-01
3.6664115458e-05 1.5275679058e+04 1.5707963268e+00 4.6660150873e-01
3.6890479842e-05 1.5278179931e+04 1.5707963268e+00 4.6946729807e-01
3.7116792911e-05 1.5280696992e+04 1.5707963268e+00 4.7233214906e-01
3.7343054375e-05 1.5283230251e+04 1.5707963268e+00 4.7519605608e-01
3.7569263942e-05 1.5285779720e+04 1.5707963268e+00 4.7805901354e-01
3.7795421321e-05 1.5288345407e+04 1.5707963268e+00 4.8092101584e-01
3.8021526222e-05 1.5290927323e+04 1.5707963268e+00 4.8378205737e-01
3.8247578355e-05 1.5293525479e+04 1.5707963268e+00 4.8664213254e-01
3.8473577431e-05 1.5296139883e+04 1.5707963268e+00 4.8950123578e-01
3.8699523161e-05 1.5298770547e+04 1.5707963268e+00 4.9235936150e-01
3.8925415258e-05 1.5301417480e+04 1.5707963268e+00 4.9521650413e-01
3.9151253433e-05 1.5304080693e+04 1.5707963268e+00 4.9807265809e-01
3.9377037400e-05 1.5306760197e+04 1.5707963268e+00 5.0092781782e-01
3.9602766872e-05 1.5309456001e+04 1.5707963268e+00 5.0378197777e-01
3.9828441563e-05 1.5312168116e+04 1.5707963268e+00 5.0663513238e-01
4.0054061189e-05 1.5314896553e+04 1.5707963268e+00 5.0948727610e-01
4.0279625464e-05 1.5317641322e+04 1.5707963268e+00 5.1233840338e-01
4.0505134104e-05 1.5320402433e+04 1.5707963268e+00 5.1518850870e-01
4.0730586825e-05 1.5323179898e+04 1.5707963268e+00 5.1803758651e-01
4.0955983345e-05 1.5325973727e+04 1.5707963268e+00 5.2088563129e-01
4.1181323381e-05 1.5328783930e+04 1.5707963268e+00 5.2373263753e-01
4.1406606651e-05 1.5331610518e+04 1.5707963268e+00 5.2657859969e-01
4.1631832874e-05 1.5334453502e+04 1.5707963268e+00 5.2942351228e-01
4.1857001769e-05 1.5337312893e+04 1.5707963268e+00 5.3226736979e-01
4.2082113056e-05 1.5340188701e+04 1.5707963268e+00 5.3511016672e-01
4.2307166456e-05 1.5343080939e+04 1.5707963268e+00 5.3795189758e-01
4.2532161689e-05 1.5345989615e+04 1.5707963268e+00 5.4079255688e-01
4.2757098477e-05 1.5348914742e+04 1.5707963268e+00 5.4363213914e-01
4.2981976542e-05 1.5351856330e+04 1.5707963268e+00 5.4647063888e-01
4.3206795608e-05 1.5354814391e+04 1.5707963268e+00 5.4930805064e-01
4.3431555398e-05 1.5357788935e+04 1.5707963268e+00 5.5214436895e-01
4.3656255635e-05 1.5360779974e+04 1.5707963268e+00 5.5497958835e-01
4.3880896045e-05 1.5363787518e+04 1.5707963268e+00 5.5781370339e-01
4.4105476352e-05 1.5366811579e+04 1.5707963268e+00 5.6064670863e-01
4.4329996283e-05 1.5369852169e+04 1.5707963268e+00 5.6347859863e-01
4.4554455564e-05 1.5372909297e+04 1.5707963268e+00 5.6630936795e-01
4.4778853923e-05 1.5375982977e+04 1.5707963268e+00 5.6913901116e-01
4.5003191086e-05 1.5379073218e+04 1.5707963268e+00 5.7196752285e-01
4.5227466783e-05 1.5382180033e+04 1.5707963268e+00 5.7479489760e-01
4.5451680743e-05 1.5385303432e+04 1.5707963268e+00 5.7762113001e-01
4.5675832694e-05 1.5388443428e+04 1.5707963268e+00 5.8044621466e-01
4.5899922368e-05 1.5391600031e+04 1.5707963268e+00 5.8327014616e-01
4.6123949495e-05 1.5394773253e+04 1.5707963268e+00 5.8609291913e-01
4.6347913808e-05 1.5397963106e+04 1.5707963268e+00 5.8891452818e-01
4.6571815037e-05 1.5401169602e+04 1.5707963268e+00 5.9173496794e-01
4.6795652916e-05 1.5404392751e+04 1.5707963268e+00 5.9455423303e-01
4.7019427178e-05 1.5407632565e+04 1.5707963268e+00 5.9737231809e-01
4.7243137558e-05 1.5410889057e+04 1.5707963268e+00 6.0018921777e-01
4.7466783790e-05 1.5414162237e+04 1.5707963268e+00 6.0300492670e-01
4.7690365610e-05 1.5417452118e+04 1.5707963268e+00 6.0581943957e-01
4.7913882754e-05 1.5420758711e+04 1.5707963268e+00 6.0863275101e-01
4.8137334959e-05 1.5424082029e+04 1.5707963268e+00 6.1144485571e-01
4.8360721962e-05 1.5427422082e+04 1.5707963268e+00 6.1425574834e-01
4.8584043500e-05 1.5430778883e+04 1.5707963268e+00 6.1706542358e-01
4.8807299314e-05 1.5434152443e+04 1.5707963268e+00 6.1987387613e-01
4.9030489142e-05 1.5437542775e+04 1.5707963268e+00 6.2268110067e-01
4.9253612725e-05 1.5440949890e+04 1.5707963268e+00 6.2548709193e-01
4.9476669803e-05 1.5444373801e+04 1.5707963268e+00 6.2829184460e-01
4.9699660118e-05 1.5447814520e+04 1.5707963268e+00 6.3109535341e-01
4.9922583411e-05 1.5451272057e+04 1.5707963268e+00 6.3389761308e-01
5.0145439427e-05 1.5454746426e+04 1.5707963268e+00 6.3669861834e-01
5.0368227907e-05 1.5458237639e+04 1.5707963268e+00 6.3949836394e-01
5.0590948597e-05 1.5461745707e+04 1.5707963268e+00 6.4229684461e-01
5.0813601241e-05 1.5465270643e+04 1.5707963268e+00 6.4509405512e-01
5.1036185585e-05 1.5468812459e+04 1.5707963268e+00 6.4788999023e-01
5.1258701376e-05 1.5472371167e+04 1.5707963268e+00 6.5068464470e-01
5.1481148359e-05 1.5475946780e+04 1.5707963268e+00 6.5347801331e-01
5.1703526283e-05 1.5479539308e+04 1.5707963268e+00 6.5627009085e-01
5.1925834896e-05 1.5483148766e+04 1.5707963268e+00 6.5906087210e-01
5.2148073948e-05 1.5486775165e+04 1.5707963268e+00 6.6185035186e-01
5.2370243188e-05 1.5490418517e+04 1.5707963268e+00 6.6463852494e-01
5.2592342366e-05 1.5494078835e+04 1.5707963268e+00 6.6742538616e-01
5.2814371234e-05 1.5497756130e+04 1.5707963268e+00 6.7021093033e-01
5.3036329544e-05 1.5501450417e+04 1.5707963268e+00 6.7299515228e-01
5.3258217048e-05 1.5505161705e+04 1.5707963268e+00 6.7577804685e-01
5.3480033500e-05 1.5508890010e+04 1.5707963268e+00 6.7855960889e-01
5.3701778653e-05 1.5512635341e+04 1.5707963268e+00 6.8133983324e-01
5.3923452263e-05 1.5516397713e+04 1.5707963268e+00 6.8411871476e-01
5.4145054086e-05 1.5520177138e+04 1.5707963268e+00 6.8689624833e-01
5.4366583876e-05 1.5523973627e+04 1.5707963268e+00 6.8967242881e-01
5.4588041392e-05 1.5527787194e+04 1.5707963268e+00 6.9244725110e-01
5.4809426391e-05 1.5531617852e+04 1.5707963268e+00 6.9522071008e-01
5.5030738632e-05 1.5535465612e+04 1.5707963268e+00 6.9799280065e-01
5.5251977873e-05 1.5539330487e+04 1.5707963268e+00 7.0076351773e-01
5.5473143875e-05 1.5543212490e+04 1.5707963268e+00 7.0353285622e-01
5.5694236399e-05 1.5547111634e+04 1.5707963268e+00 7.0630081104e-01
5.5915255205e-05 1.5551027930e+04 1.5707963268e+00 7.0906737714e-01
5.6136200056e-05 1.5554961393e+04 1.5707963268e+00 7.1183254945e-01
5.6357070715e-05 1.5558912034e+04 1.5707963268e+00 7.1459632292e-01
5.6577866946e-05 1.5562879865e+04 1.5707963268e+00 7.1735869251e-01
5.6798588512e-05 1.5566864901e+04 1.5707963268e+00 7.2011965318e-01
5.7019235179e-05 1.5570867153e+04 1.5707963268e+00 7.2287919990e-01
5.7239806714e-05 1.5574886635e+04 1.5707963268e+00 7.2563732766e-01
5.7460302882e-05 1.5578923358e+04 1.5707963268e+00 7.2839403145e-01
5.7680723451e-05 1.5582977337e+04 1.5707963268e+00 7.3114930626e-01
5.7901068190e-05 1.5587048582e+04 1.5707963268e+00 7.3390314711e-01
5.8121336867e-05 1.5591137108e+04 1.5707963268e+00 7.3665554901e-01
5.8341529252e-05 1.5595242928e+04 1.5707963268e+00 7.3940650698e-01
5.8561645116e-05 1.5599366053e+04 1.5707963268e+00 7.4215601606e-01
5.8781684229e-05 1.5603506497e+04 1.5707963268e+00 7.4490407129e-01
5.9001646364e-05 1.5607664272e+04 1.5707963268e+00 7.4765066772e-01
5.9221531294e-05 1.5611839392e+04 1.5707963268e+00 7.5039580042e-01
5.9441338793e-05 1.5616031869e+04 1.5707963268e+00 7.5313946444e-01
5.9661068634e-05 1.5620241716e+04 1.5707963268e+00 7.5588165487e-01
5.9880720593e-05 1.5624468947e+04 1.5707963268e+00 7.5862236679e-01
6.0100294445e-05 1.5628713573e+04 1.5707963268e+00 7.6136159530e-01
6.0319789968e-05 1.5632975608e+04 1.5707963268e+00 7.6409933551e-01
6.0539206940e-05 1.5637255065e+04 1.5707963268e+00 7.6683558252e-01
6.0758545137e-05 1.5641551957e+04 1.5707963268e+00 7.6957033146e-01
6.0977804340e-05 1.5645866296e+04 1.5707963268e+00 7.7230357746e-01
6.1196984329e-05 1.5650198096e+04 1.5707963268e+00 7.7503531567e-01
6.1416084883e-05 1.5654547370e+04 1.5707963268e+00 7.7776554122e-01
6.1635105785e-05 1.5658914129e+04 1.5707963268e+00 7.8049424929e-01
6.1854046816e-05 1.5663298389e+04 1.5707963268e+00 7.8322143504e-01
6.2072907760e-05 1.5667700161e+04 1.5707963268e+00 7.8594709365e-01
6.2291688401e-05 1.5672119458e+04 1.5707963268e+00 7.8867122030e-01
6.2510388523e-05 1.5676556293e+04 1.5707963268e+00 7.9139381019e-01
6.2729007913e-05 1.5681010680e+04 1.5707963268e+00 7.9411485854e-01
6.2947546355e-05 1.5685482631e+04 1.5707963268e+00 7.9683436055e-01
6.3166003637e-05 1.5689972160e+04 1.5707963268e+00 7.9955231145e-01
6.3384379548e-05 1.5694479279e+04 1.5707963268e+00 8.0226870648e-01
6.3602673875e-05 1.5699004001e+04 1.5707963268e+00 8.0498354087e-01
6.3820886408e-05 1.5703546340e+04 1.5707963268e+00 8.0769680989e-01
6.4039016939e-05 1.5708106308e+04 1.5707963268e+00 8.1040850881e-01
6.4257065257e-05 1.5712683918e+04 1.5707963268e+00 8.1311863288e-01
6.4475031155e-05 1.5717279184e+04 1.5707963268e+00 8.1582717740e-01
6.4692914425e-05 1.5721892118e+04 1.5707963268e+00 8.1853413767e-01
6.4910714862e-05 1.5726522734e+04 1.5707963268e+00 8.2123950897e-01
6.5128432259e-05 1.5731171044e+04 1.5707963268e+00 8.2394328664e-01
6.5346066412e-05 1.5735837062e+04 1.5707963268e+00 8.2664546598e-01
6.5563617118e-05 1.5740520800e+04 1.5707963268e+00 8.2934604234e-01
6.5781084172e-05 1.5745222272e+04 1.5707963268e+00 8.3204501106e-01
6.5998467373e-05 1.5749941491e+04 1.5707963268e+00 8.3474236750e-01
6.6215766519e-05 1.5754678469e+04 1.5707963268e+00 8.3743810700e-01
6.6432981409e-05 1.5759433219e+04 1.5707963268e+00 8.4013222496e-01
6.6650111845e-05 1.5764205756e+04 1.5707963268e+00 8.4282471675e-01
6.6867157626e-05 1.5768996090e+04 1.5707963268e+00 8.4551557777e-01
6.7084118556e-05 1.5773804237e+04 1.5707963268e+00 8.4820480343e-01
6.7300994436e-05 1.5778630208e+04 1.5707963268e+00 8.5089238913e-01
6.7517785070e-05 1.5783474017e+04 1.5707963268e+00 8.5357833031e-01
6.7734490263e-05 1.5788335677e+04 1.5707963268e+00 8.5626262240e-01
6.7951109819e-05 1.5793215201e+04 1.5707963268e+00 8.5894526084e-01
6.8167643546e-05 1.5798112601e+04 1.5707963268e+00 8.6162624110e-01
6.8384091250e-05 1.5803027891e+04 1.5707963268e+00 8.6430555864e-01
6.8600452738e-05 1.5807961083e+04 1.5707963268e+00 8.6698320895e-01
6.8816727820e-05 1.5812912191e+04 1.5707963268e+00 8.6965918750e-01
6.9032916305e-05 1.5817881228e+04 1.5707963268e+00 8.7233348980e-01
6.9249018003e-05 1.5822868206e+04 1.5707963268e+00 8.7500611135e-01
6.9465032726e-05 1.5827873139e+04 1.5707963268e+00 8.7767704769e-01
6.9680960285e-05 1.5832896040e+04 1.5707963268e+00 8.8034629434e-01
6.9896800494e-05 1.5837936921e+04 1.5707963268e+00 8.8301384684e-01
7.0112553166e-05 1.5842995795e+04 1.5707963268e+00 8.8567970076e-01
7.0328218116e-05 1.5848072676e+04 1.5707963268e+00 8.8834385164e-01
7.0543795159e-05 1.5853167576e+04 1.5707963268e+00 8.9100629507e-01
7.0759284111e-05 1.5858280508e+04 1.5707963268e+00 8.9366702664e-01
7.0974684791e-05 1.5863411485e+04 1.5707963268e+00 8.9632604194e-01
7.1189997016e-05 1.5868560520e+04 1.5707963268e+00 8.9898333658e-01
7.1405220604e-05 1.5873727626e+04 1.5707963268e+00 9.0163890618e-01
7.1620355376e-05 1.5878912816e+04 1.5707963268e+00 9.0429274638e-01
7.1835401152e-05 1.5884116102e+04 1.5707963268e+00 9.0694485280e-01
7.2050357754e-05 1.5889337497e+04 1.5707963268e+00 9.0959522112e-01
7.2265225005e-05 1.5894577015e+04 1.5707963268e+00 9.1224384699e-01
7.2480002726e-05 1.5899834668e+04 1.5707963268e+00 9.1489072608e-01
7.2694690743e-05 1.5905110469e+04 1.5707963268e+00 9.1753585409e-01
7.2909288881e-05 1.5910404430e+04 1.5707963268e+00 9.2017922672e-01
7.3123796965e-05 1.5915716565e+04 1.5707963268e+00 9.2282083967e-01
7.3338214822e-05 1.5921046886e+04 1.5707963268e+00 9.2546068867e-01
7.3552542280e-05 1.5926395406e+04 1.5707963268e+00 9.2809876944e-01
7.3766779167e-05 1.5931762138e+04 1.5707963268e+00 9.3073507775e-01
7.3980925313e-05 1.5937147094e+04 1.5707963268e+00 9.3336960933e-01
7.4194980547e-05 1.5942550288e+04 1.5707963268e+00 9.3600235996e-01
7.4408944701e-05 1.5947971731e+04 1.5707963268e+00 9.3863332543e-01
7.4622817607e-05 1.5953411436e+04 1.5707963268e+00 9.4126250151e-01
7.4836599098e-05 1.5958869417e+04 1.5707963268e+00 9.4388988402e-01
7.5050289007e-05 1.5964345685e+04 1.5707963268e+00 9.4651546877e-01
7.5263887168e-05 1.5969840254e+04 1.5707963268e+00 9.4913925159e-01
7.5477393419e-05 1.5975353136e+04 1.5707963268e+00 9.5176122831e-01
7.5690807594e-05 1.5980884344e+04 1.5707963268e+00 9.5438139479e-01
7.5904129532e-05 1.5986433889e+04 1.5707963268e+00 9.5699974689e-01
7.6117359069e-05 1.5992001786e+04 1.5707963268e+00 9.5961628049e-01
7.6330496046e-05 1.5997588045e+04 1.5707963268e+00 9.6223099146e-01
7.6543540302e-05 1.6003192681e+04 1.5707963268e+00 9.6484387572e-01
7.6756491678e-05 1.6008815704e+04 1.5707963268e+00 9.6745492916e-01
7.6969350016e-05 1.6014457128e+04 1.5707963268e+00 9.7006414772e-01
7.7182115158e-05 1.6020116965e+04 1.5707963268e+00 9.7267152733e-01
7.7394786948e-05 1.6025795228e+04 1.5707963268e+00 9.7527706394e-01
7.7607365229e-05 1.6031491929e+04 1.5707963268e+00 9.7788075350e-01
7.7819849848e-05 1.6037207080e+04 1.5707963268e+00 9.8048259200e-01
7.8032240650e-05 1.6042940694e+04 1.5707963268e+00 9.8308257540e-01
7.8244537483e-05 1.6048692782e+04 1.5707963268e+00 9.8568069972e-01
7.8456740193e-05 1.6054463358e+04 1.5707963268e+00 9.8827696096e-01
7.8668848631e-05 1.6060252434e+04 1.5707963268e+00 9.9087135514e-01
7.8880862645e-05 1.6066060021e+04 1.5707963268e+00 9.9346387829e-01
7.9092782086e-05 1.6071886132e+04 1.5707963268e+00 9.9605452647e-01
7.9304606806e-05 1.6077730780e+04 1.5707963268e+00 9.9864329573e-01
7.9516336657e-05 1.6083593976e+04 1.5707963268e+00 1.0012301821e+00
7.9727971493e-05 1.6089475733e+04 1.5707963268e+00 1.0038151818e+00
7.9939511167e-05 1.6095376062e+04 1.5707963268e+00 1.0063982908e+00
8.0150955534e-05 1.6101294976e+04 1.5707963268e+00 1.0089795052e+00
8.0362304450e-05 1.6107232487e+04 1.5707963268e+00 1.0115588212e+00
8.0573557773e-05 1.6113188607e+04 1.5707963268e+00 1.0141362349e+00
8.0784715359e-05 1.6119163348e+04 1.5707963268e+00 1.0167117425e+00
8.0995777068e-05 1.6125156722e+04 1.5707963268e+00 1.0192853401e+00
8.1206742759e-05 1.6131168741e+04 1.5707963268e+00 1.0218570238e+00
8.1417612292e-05 1.6137199416e+04 1.5707963268e+00 1.0244267899e+00
8.1628385529e-05 1.6143248760e+04 1.5707963268e+00 1.0269946346e+00
8.1839062331e-05 1.6149316785e+04 1.5707963268e+00 1.0295605541e+00
8.2049642563e-05 1.6155403503e+04 1.5707963268e+00 1.0321245446e+00
8.2260126087e-05 1.6161508924e+04 1.5707963268e+00 1.0346866024e+00
8.2470512769e-05 1.6167633062e+04 1.5707963268e+00 1.0372467237e+00
8.2680802475e-05 1.6173775927e+04 1.5707963268e+00 1.0398049047e+00
8.2890995071e-05 1.6179937532e+04 1.5707963268e+00 1.0423611418e+00
8.3101090424e-05 1.6186117888e+04 1.5707963268e+00 1.0449154312e+00
8.3311088404e-05 1.6192317007e+04 1.5707963268e+00 1.0474677692e+00
8.3520988879e-05 1.6198534900e+04 1.5707963268e+00 1.0500181522e+00
8.3730791721e-05 1.6204771579e+04 1.5707963268e+00 1.0525665765e+00
8.3940496799e-05 1.6211027056e+04 1.5707963268e+00 1.0551130385e+00
8.4150103986e-05 1.6217301342e+04 1.5707963268e+00 1.0576575344e+00
8.4359613156e-05 1.6223594448e+04 1.5707963268e+00 1.0602000607e+00
8.4569024181e-05 1.6229906386e+04 1.5707963268e+00 1.0627406138e+00
8.4778336937e-05 1.6236237168e+04 1.5707963268e+00 1.0652791900e+00
8.4987551299e-05 1.6242586805e+04 1.5707963268e+00 1.0678157858e+00
8.5196667144e-05 1.6248955308e+04 1.5707963268e+00 1.0703503975e+00
8.5405684349e-05 1.6255342688e+04 1.5707963268e+00 1.0728830217e+00
8.5614602793e-05 1.6261748957e+04 1.5707963268e+00 1.0754136547e+00
8.5823422354e-05 1.6268174125e+04 1.5707963268e+00 1.0779422931e+00
8.6032142914e-05 1.6274618205e+04 1.5707963268e+00 1.0804689334e+00
8.6240764353e-05 1.6281081208e+04 1.5707963268e+00 1.0829935719e+00
8.6449286552e-05 1.6287563143e+04 1.5707963268e+00 1.0855162053e+00
8.6657709396e-05 1.6294064023e+04 1.5707963268e+00 1.0880368300e+00
8.6866032767e-05 1.6300583859e+04 1.5707963268e+00 1.0905554425e+00
8.7074256550e-05 1.6307122661e+04 1.5707963268e+00 1.0930720395e+00
8.7282380631e-05 1.6313680440e+04 1.5707963268e+00 1.0955866175e+00
8.7490404896e-05 1.6320257208e+04 1.5707963268e+00 1.0980991731e+00
8.7698329233e-05 1.6326852975e+04 1.5707963268e+00 1.1006097028e+00
8.7906153529e-05 1.6333467752e+04 1.5707963268e+00 1.1031182033e+00
8.8113877674e-05 1.6340101550e+04 1.5707963268e+00 1.1056246711e+00
8.8321501558e-05 1.6346754380e+04 1.5707963268e+00 1.1081291030e+00
8.8529025071e-05 1.6353426252e+04 1.5707963268e+00 1.1106314955e+00
8.8736448106e-05 1.6360117177e+04 1.5707963268e+00 1.1131318454e+00
8.8943770555e-05 1.6366827166e+04 1.5707963268e+00 1.1156301492e+00
8.9150992312e-05 1.6373556228e+04 1.5707963268e+00 1.1181264037e+00
8.9358113271e-05 1.6380304376e+04 1.5707963268e+00 1.1206206055e+00
8.9565133328e-05 1.6387071619e+04 1.5707963268e+00 1.1231127515e+00
8.9772052378e-05 1.6393857968e+04 1.5707963268e+00 1.1256028383e+00
8.9978870320e-05 1.6400663433e+04 1.5707963268e+00 1.1280908626e+00
9.0185587051e-05 1.6407488024e+04 1.5707963268e+00 1.1305768213e+00
9.0392202470e-05 1.6414331753e+04 1.5707963268e+00 1.1330607111e+00
9.0598716476e-05 1.6421194628e+04 1.5707963268e+00 1.1355425288e+00
9.0805128972e-05 1.6428076661e+04 1.5707963268e+00 1.1380222712e+00
9.1011439858e-05 1.6434977861e+04 1.5707963268e+00 1.1404999351e+00
9.1217649036e-05 1.6441898239e+04 1.5707963268e+00 1.1429755173e+00
9.1423756411e-05 1.6448837805e+04 1.5707963268e+00 1.1454490147e+00
9.1629761886e-05 1.6455796568e+04 1.5707963268e+00 1.1479204241e+00
9.1835665367e-05 1.6462774540e+04 1.5707963268e+00 1.1503897425e+00
9.2041466760e-05 1.6469771729e+04 1.5707963268e+00 1.1528569666e+00
9.2247165971e-05 1.6476788145e+04 1.5707963268e+00 1.1553220935e+00
9.2452762909e-05 1.6483823800e+04 1.5707963268e+00 1.1577851200e+00
9.2658257482e-05 1.6490878701e+04 1.5707963268e+00 1.1602460430e+00
9.2863649601e-05 1.6497952860e+04 1.5707963268e+00 1.1627048596e+00
9.3068939174e-05 1.6505046286e+04 1.5707963268e+00 1.1651615666e+00
9.3274126114e-05 1.6512158988e+04 1.5707963268e+00 1.1676161610e+00
9.3479210334e-05 1.6519290976e+04 1.5707963268e+00 1.1700686399e+00
9.3684191745e-05 1.6526442260e+04 1.5707963268e+00 1.1725190002e+00
9.3889070263e-05 1.6533612849e+04 1.5707963268e+00 1.1749672390e+00
9.4093845802e-05 1.6540802752e+04 1.5707963268e+00 1.1774133532e+00
9.4298518278e-05 1.6548011980e+04 1.5707963268e+00 1.1798573400e+00
9.4503087608e-05 1.6555240541e+04 1.5707963268e+00 1.1822991964e+00
9.4707553709e-05 1.6562488444e+04 1.5707963268e+00 1.1847389195e+00
9.4911916499e-05 1.6569755700e+04 1.5707963268e+00 1.1871765063e+00
9.5116175899e-05 1.6577042317e+04 1.5707963268e+00 1.1896119540e+00
9.5320331827e-05 1.6584348304e+04 1.5707963268e+00 1.1920452598e+00
9.5524384206e-05 1.6591673670e+04 1.5707963268e+00 1.1944764206e+00
9.5728332957e-05 1.6599018425e+04 1.5707963268e+00 1.1969054338e+00
9.5932178003e-05 1.6606382577e+04 1.5707963268e+00 1.1993322964e+00
9.6135919267e-05 1.6613766136e+04 1.5707963268e+00 1.2017570057e+00
9.6339556675e-05 1.6621169109e+04 1.5707963268e+00 1.2041795588e+00
9.6543090151e-05 1.6628591507e+04 1.5707963268e+00 1.2065999530e+00
9.6746519622e-05 1.6636033338e+04 1.5707963268e+00 1.2090181855e+00
9.6949845016e-05 1.6643494610e+04 1.5707963268e+00 1.2114342534e+00
9.7153066259e-05 1.6650975333e+04 1.5707963268e+00 1.2138481542e+00
9.7356183281e-05 1.6658475514e+04 1.5707963268e+00 1.2162598850e+00
9.7559196013e-05 1.6665995163e+04 1.5707963268e+00 1.2186694432e+00
9.7762104383e-05 1.6673534288e+04 1.5707963268e+00 1.2210768260e+00
9.7964908325e-05 1.6681092896e+04 1.5707963268e+00 1.2234820308e+00
9.8167607770e-05 1.6688670998e+04 1.5707963268e+00 1.2258850549e+00
9.8370202651e-05 1.6696268601e+04 1.5707963268e+00 1.2282858956e+00
9.8572692904e-05 1.6703885713e+04 1.5707963268e+00 1.2306845503e+00
9.8775078461e-05 1.6711522342e+04 1.5707963268e+00 1.2330810164e+00
9.8977359260e-05 1.6719178498e+04 1.5707963268e+00 1.2354752913e+00
9.9179535237e-05 1.6726854187e+04 1.5707963268e+00 1.2378673724e+00
9.9381606330e-05 1.6734549417e+04 1.5707963268e+00 1.2402572571e+00
9.9583572476e-05 1.6742264198e+04 1.5707963268e+00 1.2426449429e+00
9.9785433616e-05 1.6749998536e+04 1.5707963268e+00 1.2450304272e+00
9.9987189689e-05 1.6757752440e+04 1.5707963268e+00 1.2474137074e+00
1.0018884064e-04 1.6765525917e+04 1.5707963268e+00 1.2497947812e+00
1.0039038640e-04 1.6773318976e+04 1.5707963268e+00 1.2521736459e+00
1.0059182692e-04 1.6781131623e+04 1.5707963268e+00 1.2545502990e+00
1.0079316214e-04 1.6788963867e+04 1.5707963268e+00 1.2569247382e+00
1.0099439201e-04 1.6796815714e+04 1.5707963268e+00 1.2592969609e+00
1.0119551647e-04 1.6804687173e+04 1.5707963268e+00 1.2616669648e+00
1.0139653547e-04 1.6812578251e+04 1.5707963268e+00 1.2640347474e+00
1.0159744896e-04 1.6820488956e+04 1.5707963268e+00 1.2664003062e+00
1.0179825687e-04 1.6828419294e+04 1.5707963268e+00 1.2687636390e+00
1.0199895917e-04 1.6836369273e+04 1.5707963268e+00 1.2711247433e+00
1.0219955579e-04 1.6844338900e+04 1.5707963268e+00 1.2734836167e+00
1.0240004670e-04 1.6852328182e+04 1.5707963268e+00 1.2758402570e+00
1.0260043184e-04 1.6860337127e+04 1.5707963268e+00 1.2781946617e+00
1.0280071116e-04 1.6868365740e+04 1.5707963268e+00 1.2805468287e+00
1.0300088462e-04 1.6876414031e+04 1.5707963268e+00 1.2828967554e+00
1.0320095216e-04 1.6884482004e+04 1.5707963268e+00 1.2852444398e+00
1.0340091375e-04 1.6892569667e+04 1.5707963268e+00 1.2875898795e+00
1.0360076934e-04 1.6900677027e+04 1.5707963268e+00 1.2899330723e+00
1.0380051888e-04 1.6908804091e+04 1.5707963268e+00 1.2922740159e+00
1.0400016234e-04 1.6916950864e+04 1.5707963268e+00 1.2946127082e+00
1.0419969966e-04 1.6925117354e+04 1.5707963268e+00 1.2969491468e+00
1.0439913082e-04 1.6933303568e+04 1.5707963268e+00 1.2992833296e+00
1.0459845576e-04 1.6941509510e+04 1.5707963268e+00 1.3016152545e+00
1.0479767445e-04 1.6949735189e+04 1.5707963268e+00 1.3039449193e+00
1.0499678684e-04 1.6957980610e+04 1.5707963268e+00 1.3062723218e+00
1.0519579291e-04 1.6966245780e+04 1.5707963268e+00 1.3085974599e+00
1.0539469261e-04 1.6974530704e+04 1.5707963268e+00 1.3109203315e+00
1.0559348591e-04 1.6982835389e+04 1.5707963268e+00 1.3132409345e+00
1.0579217276e-04 1.6991159840e+04 1.5707963268e+00 1.3155592668e+00
1.0599075314e-04 1.6999504065e+04 1.5707963268e+00 1.3178753264e+00
1.0618922702e-04 1.7007868068e+04 1.5707963268e+00 1.3201891112e+00
1.0638759435e-04 1.7016251856e+04 1.5707963268e+00 1.3225006191e+00
1.0658585510e-04 1.7024655434e+04 1.5707963268e+00 1.3248098482e+00
1.0678400925e-04 1.7033078809e+04 1.5707963268e+00 1.3271167965e+00
1.0698205677e-04 1.7041521984e+04 1.5707963268e+00 1.3294214619e+00
1.0717999761e-04 1.7049984968e+04 1.5707963268e+00 1.3317238425e+00
1.0737783176e-04 1.7058467764e+04 1.5707963268e+00 1.3340239363e+00
1.0757555919e-04 1.7066970378e+04 1.5707963268e+00 1.3363217414e+00
1.0777317986e-04 1.7075492816e+04 1.5707963268e+00 1.3386172559e+00
1.0797069375e-04 1.7084035083e+04 1.5707963268e+00 1.3409104778e+00
1.0816810083e-04 1.7092597184e+04 1.5707963268e+00 1.3432014053e+00
1.0836540108e-04 1.7101179124e+04 1.5707963268e+00 1.3454900365e+00
1.0856259448e-04 1.7109780909e+04 1.5707963268e+00 1.3477763695e+00
1.0875968099e-04 1.7118402543e+04 1.5707963268e+00 1.3500604025e+00
1.0895666061e-04 1.7127044032e+04 1.5707963268e+00 1.3523421337e+00
1.0915353329e-04 1.7135705380e+04 1.5707963268e+00 1.3546215611e+00
1.0935029904e-04 1.7144386592e+04 1.5707963268e+00 1.3568986831e+00
1.0954695781e-04 1.7153087673e+04 1.5707963268e+00 1.3591734979e+00
1.0974350959e-04 1.7161808628e+04 1.5707963268e+00 1.3614460036e+00
1.0993995437e-04 1.7170549461e+04 1.5707963268e+00 1.3637161986e+00
1.1013629213e-04 1.7179310176e+04 1.5707963268e+00 1.3659840810e+00
1.1033252284e-04 1.7188090779e+04 1.5707963268e+00 1.3682496493e+00
1.1052864649e-04 1.7196891274e+04 1.5707963268e+00 1.3705129016e+00
1.1072466307e-04 1.7205711665e+04 1.5707963268e+00 1.3727738363e+00
1.1092057256e-04 1.7214551956e+04 1.5707963268e+00 1.3750324516e+00
1.1111637494e-04 1.7223412151e+04 1.5707963268e+00 1.3772887461e+00
1.1131207020e-04 1.7232292255e+04 1.5707963268e+00 1.3795427179e+00
1.1150765833e-04 1.7241192272e+04 1.5707963268e+00 1.3817943655e+00
1.1170313931e-04 1.7250112206e+04 1.5707963268e+00 1.3840436873e+00
1.1189851314e-04 1.7259052060e+04 1.5707963268e+00 1.3862906817e+00
1.1209377981e-04 1.7268011838e+04 1.5707963268e+00 1.3885353470e+00
1.1228893930e-04 1.7276991544e+04 1.5707963268e+00 1.3907776818e+00
1.1248399160e-04 1.7285991183e+04 1.5707963268e+00 1.3930176845e+00
1.1267893670e-04 1.7295010757e+04 1.5707963268e+00 1.3952553535e+00
1.1287377461e-04 1.7304050270e+04 1.5707963268e+00 1.3974906874e+00
1.1306850530e-04 1.7313109725e+04 1.5707963268e+00 1.3997236846e+00
1.1326312879e-04 1.7322189126e+04 1.5707963268e+00 1.4019543436e+00
1.1345764505e-04 1.7331288477e+04 1.5707963268e+00 1.4041826630e+00
1.1365205408e-04 1.7340407780e+04 1.5707963268e+00 1.4064086414e+00
1.1384635588e-04 1.7349547039e+04 1.5707963268e+00 1.4086322772e+00
1.1404055046e-04 1.7358706257e+04 1.5707963268e+00 1.4108535691e+00
1.1423463779e-04 1.7367885437e+04 1.5707963268e+00 1.4130725157e+00
1.1442861789e-04 1.7377084581e+04 1.5707963268e+00 1.4152891155e+00
1.1462249075e-04 1.7386303694e+04 1.5707963268e+00 1.4175033672e+00
1.1481625637e-04 1.7395542777e+04 1.5707963268e+00 1.4197152695e+00
1.1500991476e-04 1.7404801833e+04 1.5707963268e+00 1.4219248209e+00
1.1520346590e-04 1.7414080866e+04 1.5707963268e+00 1.4241320202e+00
1.1539690981e-04 1.7423379877e+04 1.5707963268e+00 1.4263368661e+00
1.1559024648e-04 1.7432698869e+04 1.5707963268e+00 1.4285393572e+00
1.1578347593e-04 1.7442037845e+04 1.5707963268e+00 1.4307394923e+00
1.1597659815e-04 1.7451396807e+04 1.5707963268e+00 1.4329372701e+00
1.1616961315e-04 1.7460775757e+04 1.5707963268e+00 1.4351326893e+00
1.1636252093e-04 1.7470174698e+04 1.5707963268e+00 1.4373257488e+00
1.1655532150e-04 1.7479593632e+04 1.5707963268e+00 1.4395164472e+00
1.1674801486e-04 1.7489032560e+04 1.5707963268e+00 1.4417047835e+00
1.1694060103e-04 1.7498491486e+04 1.5707963268e+00 1.4438907564e+00
1.1713308002e-04 1.7507970410e+04 1.5707963268e+00 1.4460743647e+00
1.1732545182e-04 1.7517469334e+04 1.5707963268e+00 1.4482556073e+00
1.1751771645e-04 1.7526988262e+04 1.5707963268e+00 1.4504344830e+00
1.1770987393e-04 1.7536527193e+04 1.5707963268e+00 1.4526109907e+00
1.1790192425e-04 1.7546086130e+04 1.5707963268e+00 1.4547851294e+00
1.1809386744e-04 1.7555665075e+04 1.5707963268e+00 1.4569568978e+00
1.1828570350e-04 1.7565264029e+04 1.5707963268e+00 1.4591262950e+00
1.1847743245e-04 1.7574882993e+04 1.5707963268e+00 1.4612933199e+00
1.1866905430e-04 1.7584521968e+04 1.5707963268e+00 1.4634579713e+00
1.1886056907e-04 1.7594180956e+04 1.5707963268e+00 1.4656202484e+00
1.1905197677e-04 1.7603859959e+04 1.5707963268e+00 1.4677801500e+00
1.1924327741e-04 1.7613558977e+04 1.5707963268e+00 1.4699376752e+00
1.1943447102e-04 1.7623278011e+04 1.5707963268e+00 1.4720928230e+00
1.1962555761e-04 1.7633017062e+04 1.5707963268e+00 1.4742455924e+00
1.1981653719e-04 1.7642776131e+04 1.5707963268e+00 1.4763959824e+00
1.2000740980e-04 1.7652555220e+04 1.5707963268e+00 1.4785439922e+00
1.2019817543e-04 1.7662354328e+04 1.5707963268e+00 1.4806896207e+00
1.2038883412e-04 1.7672173456e+04 1.5707963268e+00 1.4828328671e+00
1.2057938589e-04 1.7682012605e+04 1.5707963268e+00 1.4849737305e+00
1.2076983075e-04 1.7691871776e+04 1.5707963268e+00 1.4871122101e+00
1.2096016873e-04 1.7701750969e+04 1.5707963268e+00 1.4892483048e+00
1.2115039984e-04 1.7711650183e+04 1.5707963268e+00 1.4913820140e+00
1.2134052412e-04 1.7721569421e+04 1.5707963268e+00 1.4935133367e+00
1.2153054159e-04 1.7731508681e+04 1.5707963268e+00 1.4956422722e+00
1.2172045227e-04 1.7741467964e+04 1.5707963268e+00 1.4977688196e+00
1.2191025618e-04 1.7751447270e+04 1.5707963268e+00 1.4998929782e+00
1.2209995335e-04 1.7761446599e+04 1.5707963268e+00 1.5020147471e+00
1.2228954381e-04 1.7771465951e+04 1.5707963268e+00 1.5041341257e+00
1.2247902758e-04 1.7781505326e+04 1.5707963268e+00 1.5062511132e+00
1.2266840469e-04 1.7791564722e+04 1.5707963268e+00 1.5083657089e+00
1.2285767518e-04 1.7801644141e+04 1.5707963268e+00 1.5104779119e+00
1.2304683906e-04 1.7811743582e+04 1.5707963268e+00 1.5125877218e+00
1.2323589636e-04 1.7821863044e+04 1.5707963268e+00 1.5146951377e+00
1.2342484712e-04 1.7832002527e+04 1.5707963268e+00 1.5168001591e+00
1.2361369137e-04 1.7842162030e+04 1.5707963268e+00 1.5189027852e+00
1.2380242914e-04 1.7852341552e+04 1.5707963268e+00 1.5210030154e+00
1.2399106046e-04 1.7862541092e+04 1.5707963268e+00 1.5231008491e+00
1.2417958536e-04 1.7872760651e+04 1.5707963268e+00 1.5251962857e+00
1.2436800387e-04 1.7883000226e+04 1.5707963268e+00 1.5272893246e+00
1.2455631603e-04 1.7893259817e+04 1.5707963268e+00 1.5293799653e+00
1.2474452188e-04 1.7903539423e+04 1.5707963268e+00 1.5314682071e+00
1.2493262144e-04 1.7913839042e+04 1.5707963268e+00 1.5335540496e+00
1.2512061476e-04 1.7924158674e+04 1.5707963268e+00 1.5356374921e+00
1.2530850186e-04 1.7934498316e+04 1.5707963268e+00 1.5377185343e+00
1.2549628280e-04 1.7944857968e+04 1.5707963268e+00 1.5397971755e+00
1.2568395759e-04 1.7955237629e+04 1.5707963268e+00 1.5418734153e+00
1.2587152628e-04 1.7965637296e+04 1.5707963268e+00 1.5439472532e+00
1.2605898891e-04 1.7976056968e+04 1.5707963268e+00 1.5460186888e+00
1.2624634552e-04 1.7986496643e+04 1.5707963268e+00 1.5480877217e+00
1.2643359615e-04 1.7996956320e+04 1.5707963268e+00 1.5501543513e+00
1.2662074084e-04 1.8007435997e+04 1.5707963268e+00 1.5522185773e+00
1.2680777962e-04 1.8017935671e+04 1.5707963268e+00 1.5542803993e+00
1.2699471254e-04 1.8028455341e+04 1.5707963268e+00 1.5563398169e+00
1.2718153964e-04 1.8038995005e+04 1.5707963268e+00 1.5583968298e+00
1.2736826096e-04 1.8049554661e+04 1.5707963268e+00 1.5604514375e+00
1.2755487655e-04 1.8060134306e+04 1.5707963268e+00 1.5625036398e+00
1.2774138645e-04 1.8070733938e+04 1.5707963268e+00 1.5645534364e+00
1.2792779071e-04 1.8081353554e+04 1.5707963268e+00 1.5666008268e+00
1.2811408936e-04 1.8091993153e+04 1.5707963268e+00 1.5686458109e+00
1.2830028246e-04 1.8102652731e+04 1.5707963268e+00 1.5706883883e+00
1.2848637004e-04 1.8113332287e+04 1.5707963268e+00 1.5727285588e+00
1.2867235216e-04 1.8124031817e+04 1.5707963268e+00 1.5747663221e+00
1.2885822886e-04 1.8134751319e+04 1.5707963268e+00 1.5768016780e+00
1.2904400019e-04 1.8145490789e+04 1.5707963268e+00 1.5788346262e+00
1.2922966620e-04 1.8156250226e+04 1.5707963268e+00 1.5808651667e+00
1.2941522694e-04 1.8167029625e+04 1.5707963268e+00 1.5828932991e+00
1.2960068245e-04 1.8177828984e+04 1.5707963268e+00 1.5849190232e+00
1.2978603278e-04 1.8188648300e+04 1.5707963268e+00 1.5869423390e+00
1.2997127799e-04 1.8199487569e+04 1.5707963268e+00 1.5889632463e+00
1.3015641812e-04 1.8210346789e+04 1.5707963268e+00 1.5909817449e+00
1.3034145324e-04 1.8221225956e+04 1.5707963268e+00 1.5929978348e+00
1.3052638337e-04 1.8232125066e+04 1.5707963268e+00 1.5950115157e+00
1.3071120859e-04 1.8243044116e+04 1.5707963268e+00 1.5970227877e+00
1.3089592894e-04 1.8253983102e+04 1.5707963268e+00 1.5990316506e+00
1.3108054448e-04 1.8264942021e+04 1.5707963268e+00 1.6010381043e+00
1.3126505526e-04 1.8275920869e+04 1.5707963268e+00 1.6030421489e+00
1.3144946133e-04 1.8286919643e+04 1.5707963268e+00 1.6050437843e+00
1.3163376275e-04 1.8297938337e+04 1.5707963268e+00 1.6070430104e+00
1.3181795957e-04 1.8308976949e+04 1.5707963268e+00 1.6090398273e+00
1.3200205186e-04 1.8320035474e+04 1.5707963268e+00 1.6110342349e+00
1.3218603966e-04 1.8331113908e+04 1.5707963268e+00 1.6130262333e+00
1.3236992303e-04 1.8342212247e+04 1.5707963268e+00 1.6150158225e+00
1.3255370204e-04 1.8353330487e+04 1.5707963268e+00 1.6170030026e+00
1.3273737673e-04 1.8364468623e+04 1.5707963268e+00 1.6189877736e+00
1.3292094717e-04 1.8375626652e+04 1.5707963268e+00 1.6209701356e+00
1.3310441341e-04 1.8386804567e+04 1.5707963268e+00 1.6229500887e+00
1.3328777552e-04 1.8398002366e+04 1.5707963268e+00 1.6249276329e+00
1.3347103355e-04 1.8409220043e+04 1.5707963268e+00 1.6269027685e+00
1.3365418756e-04 1.8420457594e+04 1.5707963268e+00 1.6288754955e+00
1.3383723763e-04 1.8431715013e+04 1.5707963268e+00 1.6308458141e+00
1.3402018379e-04 1.8442992296e+04 1.5707963268e+00 1.6328137244e+00
1.3420302613e-04 1.8454289439e+04 1.5707963268e+00 1.6347792265e+00
1.3438576469e-04 1.8465606435e+04 1.5707963268e+00 1.6367423208e+00
1.3456839955e-04 1.8476943280e+04 1.5707963268e+00 1.6387030074e+00
1.3475093077e-04 1.8488299970e+04 1.5707963268e+00 1.6406612865e+00
1.3493335840e-04 1.8499676497e+04 1.5707963268e+00 1.6426171583e+00
1.3511568251e-04 1.8511072858e+04 1.5707963268e+00 1.6445706230e+00
1.3529790318e-04 1.8522489047e+04 1.5707963268e+00 1.6465216810e+00
1.3548002046e-04 1.8533925059e+04 1.5707963268e+00 1.6484703324e+00
1.3566203441e-04 1.8545380887e+04 1.5707963268e+00 1.6504165776e+00
1.3584394511e-04 1.8556856527e+04 1.5707963268e+00 1.6523604169e+00
1.3602575262e-04 1.8568351972e+04 1.5707963268e+00 1.6543018505e+00
1.3620745700e-04 1.8579867218e+04 1.5707963268e+00 1.6562408787e+00
1.3638905833e-04 1.8591402257e+04 1.5707963268e+00 1.6581775020e+00
1.3657055668e-04 1.8602957085e+04 1.5707963268e+00 1.6601117207e+00
1.3675195210e-04 1.8614531696e+04 1.5707963268e+00 1.6620435350e+00
1.3693324467e-04 1.8626126082e+04 1.5707963268e+00 1.6639729454e+00
1.3711443446e-04 1.8637740239e+04 1.5707963268e+00 1.6658999523e+00
1.3729552153e-04 1.8649374160e+04 1.5707963268e+00 1.6678245561e+00
1.3747650596e-04 1.8661027839e+04 1.5707963268e+00 1.6697467571e+00
1.3765738782e-04 1.8672701269e+04 1.5707963268e+00 1.6716665559e+00
1.3783816717e-04 1.8684394444e+04 1.5707963268e+00 1.6735839527e+00
1.3801884409e-04 1.8696107358e+04 1.5707963268e+00 1.6754989482e+00
1.3819941866e-04 1.8707840004e+04 1.5707963268e+00 1.6774115427e+00
1.3837989093e-04 1.8719592376e+04 1.5707963268e+00 1.6793217367e+00
1.3856026099e-04 1.8731364466e+04 1.5707963268e+00 1.6812295307e+00
1.3874052891e-04 1.8743156269e+04 1.5707963268e+00 1.6831349252e+00
1.3892069475e-04 1.8754967777e+04 1.5707963268e+00 1.6850379208e+00
1.3910075860e-04 1.8766798984e+04 1.5707963268e+00 1.6869385179e+00
1.3928072053e-04 1.8778649881e+04 1.5707963268e+00 1.6888367171e+00
1.3946058061e-04 1.8790520464e+04 1.5707963268e+00 1.6907325190e+00
1.3964033891e-04 1.8802410724e+04 1.5707963268e+00 1.6926259240e+00
1.3981999552e-04 1.8814320654e+04 1.5707963268e+00 1.6945169329e+00
1.3999955051e-04 1.8826250246e+04 1.5707963268e+00 1.6964055461e+00
1.4017900395e-04 1.8838199495e+04 1.5707963268e+00 1.6982917643e+00
1.4035835591e-04 1.8850168392e+04 1.5707963268e+00 1.7001755881e+00
1.4053760649e-04 1.8862156930e+04 1.5707963268e+00 1.7020570180e+00
1.4071675575e-04 1.8874165101e+04 1.5707963268e+00 1.7039360549e+00
1.4089580377e-04 1.8886192898e+04 1.5707963268e+00 1.7058126992e+00
1.4107475063e-04 1.8898240313e+04 1.5707963268e+00 1.7076869518e+00
1.4125359640e-04 1.8910307338e+04 1.5707963268e+00 1.7095588131e+00
1.4143234118e-04 1.8922393966e+04 1.5707963268e+00 1.7114282840e+00
1.4161098502e-04 1.8934500189e+04 1.5707963268e+00 1.7132953652e+00
1.4178952803e-04 1.8946625998e+04 1.5707963268e+00 1.7151600573e+00
1.4196797026e-04 1.8958771386e+04 1.5707963268e+00 1.7170223610e+00
1.4214631181e-04 1.8970936345e+04 1.5707963268e+00 1.7188822772e+00
1.4232455276e-04 1.8983120867e+04 1.5707963268e+00 1.7207398065e+00
1.4250269318e-04 1.8995324943e+04 1.5707963268e+00 1.7225949497e+00
1.4268073316e-04 1.9007548565e+04 1.5707963268e+00 1.7244477077e+00
1.4285867277e-04 1.9019791725e+04 1.5707963268e+00 1.7262980811e+00
1.4303651211e-04 1.9032054415e+04 1.5707963268e+00 1.7281460708e+00
1.4321425125e-04 1.9044336625e+04 1.5707963268e+00 1.7299916775e+00
1.4339189027e-04 1.9056638348e+04 1.5707963268e+00 1.7318349022e+00
1.4356942926e-04 1.9068959575e+04 1.5707963268e+00 1.7336757456e+00
1.4374686831e-04 1.9081300297e+04 1.5707963268e+00 1.7355142085e+00
1.4392420749e-04 1.9093660505e+04 1.5707963268e+00 1.7373502919e+00
1.4410144689e-04 1.9106040190e+04 1.5707963268e+00 1.7391839966e+00
1.4427858659e-04 1.9118439345e+04 1.5707963268e+00 1.7410153235e+00
1.4445562668e-04 1.9130857959e+04 1.5707963268e+00 1.7428442734e+00
1.4463256724e-04 1.9143296024e+04 1.5707963268e+00 1.7446708473e+00
1.4480940836e-04 1.9155753531e+04 1.5707963268e+00 1.7464950461e+00
1.4498615013e-04 1.9168230470e+04 1.5707963268e+00 1.7483168707e+00
1.4516279262e-04 1.9180726833e+04 1.5707963268e+00 1.7501363220e+00
1.4533933593e-04 1.9193242609e+04 1.5707963268e+00 1.7519534010e+00
1.4551578015e-04 1.9205777791e+04 1.5707963268e+00 1.7537681086e+00
1.4569212535e-04 1.9218332368e+04 1.5707963268e+00 1.7555804459e+00
1.4586837164e-04 1.9230906331e+04 1.5707963268e+00 1.7573904138e+00
1.4604451908e-04 1.9243499670e+04 1.5707963268e+00 1.7591980132e+00
1.4622056778e-04 1.9256112376e+04 1.5707963268e+00 1.7610032453e+00
1.4639651782e-04 1.9268744439e+04 1.5707963268e+00 1.7628061109e+00
1.4657236929e-04 1.9281395850e+04 1.5707963268e+00 1.7646066112e+00
1.4674812228e-04 1.9294066598e+04 1.5707963268e+00 1.7664047471e+00
1.4692377687e-04 1.9306756674e+04 1.5707963268e+00 1.7682005198e+00
1.4709933316e-04 1.9319466068e+04 1.5707963268e+00 1.7699939302e+00
1.4727479124e-04 1.9332194770e+04 1.5707963268e+00 1.7717849795e+00
1.4745015119e-04 1.9344942770e+04 1.5707963268e+00 1.7735736687e+00
1.4762541311e-04 1.9357710058e+04 1.5707963268e+00 1.7753599989e+00
1.4780057709e-04 1.9370496623e+04 1.5707963268e+00 1.7771439712e+00
1.4797564321e-04 1.9383302456e+04 1.5707963268e+00 1.7789255867e+00
1.4815061158e-04 1.9396127546e+04 1.5707963268e+00 1.7807048466e+00
1.4832548227e-04 1.9408971882e+04 1.5707963268e+00 1.7824817520e+00
1.4850025539e-04 1.9421835455e+04 1.5707963268e+00 1.7842563040e+00
1.4867493102e-04 1.9434718254e+04 1.5707963268e+00 1.7860285038e+00
1.4884950926e-04 1.9447620268e+04 1.5707963268e+00 1.7877983525e+00
1.4902399019e-04 1.9460541487e+04 1.5707963268e+00 1.7895658514e+00
1.4919837392e-04 1.9473481900e+04 1.5707963268e+00 1.7913310015e+00
1.4937266053e-04 1.9486441497e+04 1.5707963268e+00 1.7930938042e+00
1.4954685012e-04 1.9499420266e+04 1.5707963268e+00 1.7948542605e+00
1.4972094278e-04 1.9512418197e+04 1.5707963268e+00 1.7966123718e+00
1.4989493861e-04 1.9525435279e+04 1.5707963268e+00 1.7983681393e+00
1.5006883770e-04 1.9538471501e+04 1.5707963268e+00 1.8001215641e+00
1.5024264014e-04 1.9551526852e+04 1.5707963268e+00 1.8018726476e+00
1.5041634603e-04 1.9564601320e+04 1.5707963268e+00 1.8036213910e+00
1.5058995547e-04 1.9577694896e+04 1.5707963268e+00 1.8053677955e+00
1.5076346854e-04 1.9590807566e+04 1.5707963268e+00 1.8071118625e+00
1.5093688535e-04 1.9603939322e+04 1.5707963268e+00 1.8088535933e+00
1.5111020598e-04 1.9617090150e+04 1.5707963268e+00 1.8105929890e+00
1.5128343055e-04 1.9630260039e+04 1.5707963268e+00 1.8123300511e+00
1.5145655913e-04 1.9643448979e+04 1.5707963268e+00 1.8140647808e+00
1.5162959183e-04 1.9656656957e+04 1.5707963268e+00 1.8157971796e+00
1.5180252875e-04 1.9669883963e+04 1.5707963268e+00 1.8175272486e+00
1.5197536998e-04 1.9683129984e+04 1.5707963268e+00 1.8192549893e+00
1.5214811562e-04 1.9696395009e+04 1.5707963268e+00 1.8209804030e+00
1.5232076576e-04 1.9709679026e+04 1.5707963268e+00 1.8227034912e+00
1.5249332051e-04 1.9722982023e+04 1.5707963268e+00 1.8244242551e+00
1.5266577996e-04 1.9736303989e+04 1.5707963268e+00 1.8261426961e+00
1.5283814421e-04 1.9749644912e+04 1.5707963268e+00 1.8278588157e+00
1.5301041335e-04 1.9763004779e+04 1.5707963268e+00 1.8295726152e+00
1.5318258750e-04 1.9776383579e+04 1.5707963268e+00 1.8312840961e+00
1.5335466673e-04 1.9789781299e+04 1.5707963268e+00 1.8329932598e+00
1.5352665116e-04 1.9803197928e+04 1.5707963268e+00 1.8347001077e+00
1.5369854088e-04 1.9816633453e+04 1.5707963268e+00 1.8364046412e+00
1.5387033600e-04 1.9830087863e+04 1.5707963268e+00 1.8381068619e+00
1.5404203661e-04 1.9843561144e+04 1.5707963268e+00 1.8398067711e+00
1.5421364280e-04 1.9857053285e+04 1.5707963268e+00 1.8415043704e+00
1.5438515469e-04 1.9870564273e+04 1.5707963268e+00 1.8431996612e+00
1.5455657237e-04 1.9884094095e+04 1.5707963268e+00 1.8448926450e+00
1.5472789594e-04 1.9897642740e+04 1.5707963268e+00 1.8465833233e+00
1.5489912550e-04 1.9911210194e+04 1.5707963268e+00 1.8482716976e+00
1.5507026116e-04 1.9924796445e+04 1.5707963268e+00 1.8499577694e+00
1.5524130301e-04 1.9938401481e+04 1.5707963268e+00 1.8516415403e+00
1.5541225115e-04 1.9952025288e+04 1.5707963268e+00 1.8533230118e+00
1.5558310569e-04 1.9965667854e+04 1.5707963268e+00 1.8550021853e+00
1.5575386673e-04 1.9979329166e+04 1.5707963268e+00 1.8566790626e+00
1.5592453436e-04 1.9993009211e+04 1.5707963268e+00 1.8583536450e+00
1.5609510870e-04 2.0006707976e+04 1.5707963268e+00 1.8600259343e+00
1.5626558984e-04 2.0020425449e+04 1.5707963268e+00 1.8616959319e+00
1.5643597789e-04 2.0034161616e+04 1.5707963268e+00 1.8633636395e+00
1.5660627294e-04 2.0047916464e+04 1.5707963268e+00 1.8650290586e+00
1.5677647511e-04 2.0061689980e+04 1.5707963268e+00 1.8666921909e+00
1.5694658448e-04 2.0075482151e+04 1.5707963268e+00 1.8683530379e+00
1.5711660118e-04 2.0089292963e+04 1.5707963268e+00 1.8700116014e+00
1.5728652529e-04 2.0103122404e+04 1.5707963268e+00 1.8716678828e+00
1.5745635693e-04 2.0116970459e+04 1.5707963268e+00 1.8733218838e+00
1.5762609619e-04 2.0130837117e+04 1.5707963268e+00 1.8749736061e+00
1.5779574318e-04 2.0144722362e+04 1.5707963268e+00 1.8766230514e+00
1.5796529800e-04 2.0158626182e+04 1.5707963268e+00 1.8782702212e+00
1.5813476076e-04 2.0172548563e+04 1.5707963268e+00 1.8799151174e+00
1.5830413157e-04 2.0186489492e+04 1.5707963268e+00 1.8815577414e+00
1.5847341052e-04 2.0200448954e+04 1.5707963268e+00 1.8831980950e+00
1.5864259771e-04 2.0214426937e+04 1.5707963268e+00 1.8848361800e+00
1.5881169327e-04 2.0228423426e+04 1.5707963268e+00 1.8864719980e+00
1.5898069728e-04 2.0242438408e+04 1.5707963268e+00 1.8881055507e+00
1.5914960986e-04 2.0256471869e+04 1.5707963268e+00 1.8897368398e+00
1.5931843110e-04 2.0270523795e+04 1.5707963268e+00 1.8913658671e+00
1.5948716112e-04 2.0284594171e+04 1.5707963268e+00 1.8929926342e+00
1.5965580002e-04 2.0298682985e+04 1.5707963268e+00 1.8946171430e+00
1.5982434791e-04 2.0312790222e+04 1.5707963268e+00 1.8962393952e+00
1.5999280489e-04 2.0326915868e+04 1.5707963268e+00 1.8978593925e+00
1.6016117106e-04 2.0341059908e+04 1.5707963268e+00 1.8994771366e+00
1.6032944653e-04 2.0355222330e+04 1.5707963268e+00 1.9010926295e+00
1.6049763142e-04 2.0369403118e+04 1.5707963268e+00 1.9027058727e+00
1.6066572582e-04 2.0383602258e+04 1.5707963268e+00 1.9043168682e+00
1.6083372983e-04 2.0397819736e+04 1.5707963268e+00 1.9059256177e+00
1.6100164358e-04 2.0412055537e+04 1.5707963268e+00 1.9075321230e+00
1.6116946716e-04 2.0426309648e+04 1.5707963268e+00 1.9091363859e+00
1.6133720068e-04 2.0440582054e+04 1.5707963268e+00 1.9107384082e+00
1.6150484425e-04 2.0454872739e+04 1.5707963268e+00 1.9123381918e+00
1.6167239797e-04 2.0469181691e+04 1.5707963268e+00 1.9139357384e+00
1.6183986195e-04 2.0483508894e+04 1.5707963268e+00 1.9155310500e+00
1.6200723630e-04 2.0497854333e+04 1.5707963268e+00 1.9171241283e+00
1.6217452113e-04 2.0512217994e+04 1.5707963268e+00 1.9187149753e+00
1.6234171654e-04 2.0526599863e+04 1.5707963268e+00 1.9203035927e+00
1.6250882264e-04 2.0540999923e+04 1.5707963268e+00 1.9218899824e+00
1.6267583953e-04 2.0555418162e+04 1.5707963268e+00 1.9234741463e+00
1.6284276734e-04 2.0569854563e+04 1.5707963268e+00 1.9250560863e+00
1.6300960615e-04 2.0584309113e+04 1.5707963268e+00 1.9266358042e+00
1.6317635609e-04 2.0598781795e+04 1.5707963268e+00 1.9282133020e+00
1.6334301726e-04 2.0613272595e+04 1.5707963268e+00 1.9297885815e+00
1.6350958977e-04 2.0627781498e+04 1.5707963268e+00 1.9313616447e+00
1.6367607372e-04 2.0642308490e+04 1.5707963268e+00 1.9329324934e+00
1.6384246922e-04 2.0656853554e+04 1.5707963268e+00 1.9345011297e+00
1.6400877639e-04 2.0671416676e+04 1.5707963268e+00 1.9360675553e+00
1.6417499533e-04 2.0685997841e+04 1.5707963268e+00 1.9376317722e+00
1.6434112615e-04 2.0700597033e+04 1.5707963268e+00 1.9391937825e+00
1.6450716896e-04 2.0715214237e+04 1.5707963268e+00 1.9407535879e+00
1.6467312386e-04 2.0729849439e+04 1.5707963268e+00 1.9423111905e+00
1.6483899098e-04 2.0744502621e+04 1.5707963268e+00 1.9438665922e+00
1.6500477040e-04 2.0759173770e+04 1.5707963268e+00 1.9454197951e+00
1.6517046225e-04 2.0773862870e+04 1.5707963268e+00 1.9469708009e+00
1.6533606664e-04 2.0788569905e+04 1.5707963268e+00 1.9485196118e+00
1.6550158367e-04 2.0803294859e+04 1.5707963268e+00 1.9500662297e+00
1.6566701344e-04 2.0818037718e+04 1.5707963268e+00 1.9516106566e+00
1.6583235609e-04 2.0832798466e+04 1.5707963268e+00 1.9531528945e+00
1.6599761170e-04 2.0847577087e+04 1.5707963268e+00 1.9546929454e+00
1.6616278039e-04 2.0862373565e+04 1.5707963268e+00 1.9562308113e+00
1.6632786227e-04 2.0877187885e+04 1.5707963268e+00 1.9577664943e+00
1.6649285746e-04 2.0892020031e+04 1.5707963268e+00 1.9592999962e+00
1.6665776605e-04 2.0906869988e+04 1.5707963268e+00 1.9608313192e+00
1.6682258816e-04 2.0921737739e+04 1.5707963268e+00 1.9623604653e+00
1.6698732390e-04 2.0936623268e+04 1.5707963268e+00 1.9638874365e+00
1.6715197338e-04 2.0951526561e+04 1.5707963268e+00 1.9654122348e+00
1.6731653672e-04 2.0966447600e+04 1.5707963268e+00 1.9669348624e+00
1.6748101401e-04 2.0981386370e+04 1.5707963268e+00 1.9684553213e+00
1.6764540537e-04 2.0996342855e+04 1.5707963268e+00 1.9699736134e+00
1.6780971091e-04 2.1011317039e+04 1.5707963268e+00 1.9714897410e+00
1.6797393074e-04 2.1026308906e+04 1.5707963268e+00 1.9730037059e+00
1.6813806497e-04 2.1041318440e+04 1.5707963268e+00 1.9745155105e+00
1.6830211371e-04 2.1056345625e+04 1.5707963268e+00 1.9760251566e+00
1.6846607708e-04 2.1071390444e+04 1.5707963268e+00 1.9775326464e+00
1.6862995518e-04 2.1086452881e+04 1.5707963268e+00 1.9790379821e+00
1.6879374812e-04 2.1101532921e+04 1.5707963268e+00 1.9805411656e+00
1.6895745601e-04 2.1116630546e+04 1.5707963268e+00 1.9820421991e+00
1.6912107897e-04 2.1131745741e+04 1.5707963268e+00 1.9835410847e+00
1.6928461710e-04 2.1146878489e+04 1.5707963268e+00 1.9850378244e+00
1.6944807052e-04 2.1162028774e+04 1.5707963268e+00 1.9865324206e+00
1.6961143934e-04 2.1177196580e+04 1.5707963268e+00 1.9880248751e+00
1.6977472366e-04 2.1192381890e+04 1.5707963268e+00 1.9895151903e+00
1.6993792360e-04 2.1207584687e+04 1.5707963268e+00 1.9910033682e+00
1.7010103927e-04 2.1222804955e+04 1.5707963268e+00 1.9924894109e+00
1.7026407078e-04 2.1238042678e+04 1.5707963268e+00 1.9939733206e+00
1.7042701824e-04 2.1253297839e+04 1.5707963268e+00 1.9954550994e+00
1.7058988177e-04 2.1268570422e+04 1.5707963268e+00 1.9969347496e+00
1.7075266147e-04 2.1283860409e+04 1.5707963268e+00 1.9984122731e+00
1.7091535745e-04 2.1299167784e+04 1.5707963268e+00 1.9998876723e+00
1.7107796983e-04 2.1314492531e+04 1.5707963268e+00 2.0013609493e+00
1.7124049872e-04 2.1329834633e+04 1.5707963268e+00 2.0028321063e+00
1.7140294422e-04 2.1345194073e+04 1.5707963268e+00 2.0043011453e+00
1.7156530645e-04 2.1360570834e+04 1.5707963268e+00 2.0057680687e+00
1.7172758553e-04 2.1375964899e+04 1.5707963268e+00 2.0072328786e+00
1.7188978156e-04 2.1391376252e+04 1.5707963268e+00 2.0086955772e+00
1.7205189465e-04 2.1406804876e+04 1.5707963268e+00 2.0101561667e+00
1.7221392491e-04 2.1422250754e+04 1.5707963268e+00 2.0116146492e+00
1.7237587246e-04 2.1437713868e+04 1.5707963268e+00 2.0130710271e+00
1.7253773741e-04 2.1453194203e+04 1.5707963268e+00 2.0145253024e+00
1.7269951987e-04 2.1468691741e+04 1.5707963268e+00 2.0159774775e+00
1.7286121995e-04 2.1484206464e+04 1.5707963268e+00 2.0174275545e+00
1.7302283776e-04 2.1499738357e+04 1.5707963268e+00 2.0188755356e+00
1.7318437342e-04 2.1515287401e+04 1.5707963268e+00 2.0203214231e+00
1.7334582703e-04 2.1530853581e+04 1.5707963268e+00 2.0217652193e+00
1.7350719871e-04 2.1546436878e+04 1.5707963268e+00 2.0232069262e+00
1.7366848856e-04 2.1562037275e+04 1.5707963268e+00 2.0246465463e+00
1.7382969670e-04 2.1577654756e+04 1.5707963268e+00 2.0260840817e+00
1.7399082325e-04 2.1593289303e+04 1.5707963268e+00 2.0275195346e+00
1.7415186831e-04 2.1608940899e+04 1.5707963268e+00 2.0289529074e+00
1.7431283199e-04 2.1624609527e+04 1.5707963268e+00 2.0303842023e+00
1.7447371441e-04 2.1640295169e+04 1.5707963268e+00 2.0318134215e+00
1.7463451567e-04 2.1655997808e+04 1.5707963268e+00 2.0332405673e+00
1.7479523590e-04 2.1671717427e+04 1.5707963268e+00 2.0346656420e+00
1.7495587519e-04 2.1687454008e+04 1.5707963268e+00 2.0360886478e+00
1.7511643367e-04 2.1703207535e+04 1.5707963268e+00 2.0375095870e+00
1.7527691144e-04 2.1718977988e+04 1.5707963268e+00 2.0389284619e+00
1.7543730861e-04 2.1734765353e+04 1.5707963268e+00 2.0403452748e+00
1.7559762530e-04 2.1750569609e+04 1.5707963268e+00 2.0417600279e+00
1.7575786162e-04 2.1766390741e+04 1.5707963268e+00 2.0431727236e+00
1.7591801768e-04 2.1782228731e+04 1.5707963268e+00 2.0445833642e+00
1.7607809359e-04 2.1798083561e+04 1.5707963268e+00 2.0459919518e+00
1.7623808947e-04 2.1813955214e+04 1.5707963268e+00 2.0473984889e+00
1.7639800542e-04 2.1829843672e+04 1.5707963268e+00 2.0488029778e+00
1.7655784155e-04 2.1845748917e+04 1.5707963268e+00 2.0502054207e+00
1.7671759798e-04 2.1861670932e+04 1.5707963268e+00 2.0516058199e+00
1.7687727482e-04 2.1877609699e+04 1.5707963268e+00 2.0530041779e+00
1.7703687218e-04 2.1893565201e+04 1.5707963268e+00 2.0544004968e+00
1.7719639018e-04 2.1909537419e+04 1.5707963268e+00 2.0557947790e+00
1.7735582891e-04 2.1925526337e+04 1.5707963268e+00 2.0571870268e+00
1.7751518850e-04 2.1941531936e+04 1.5707963268e+00 2.0585772427e+00
1.7767446906e-04 2.1957554199e+04 1.5707963268e+00 2.0599654288e+00
1.7783367069e-04 2.1973593107e+04 1.5707963268e+00 2.0613515875e+00
1.7799279352e-04 2.1989648644e+04 1.5707963268e+00 2.0627357212e+00
1.7815183764e-04 2.2005720791e+04 1.5707963268e+00 2.0641178321e+00
1.7831080317e-04 2.2021809530e+04 1.5707963268e+00 2.0654979228e+00
1.7846969023e-04 2.2037914844e+04 1.5707963268e+00 2.0668759954e+00
1.7862849892e-04 2.2054036714e+04 1.5707963268e+00 2.0682520523e+00
1.7878722936e-04 2.2070175123e+04 1.5707963268e+00 2.0696260959e+00
1.7894588165e-04 2.2086330053e+04 1.5707963268e+00 2.0709981286e+00
1.7910445592e-04 2.2102501486e+04 1.5707963268e+00 2.0723681527e+00
1.7926295226e-04 2.2118689403e+04 1.5707963268e+00 2.0737361705e+00
1.7942137079e-04 2.2134893788e+04 1.5707963268e+00 2.0751021845e+00
1.7957971162e-04 2.2151114622e+04 1.5707963268e+00 2.0764661969e+00
1.7973797486e-04 2.2167351886e+04 1.5707963268e+00 2.0778282102e+00
1.7989616063e-04 2.2183605563e+04 1.5707963268e+00 2.0791882267e+00
1.8005426903e-04 2.2199875636e+04 1.5707963268e+00 2.0805462488e+00
1.8021230018e-04 2.2216162085e+04 1.5707963268e+00 2.0819022789e+00
1.8037025419e-04 2.2232464892e+04 1.5707963268e+00 2.0832563194e+00
1.8052813116e-04 2.2248784040e+04 1.5707963268e+00 2.0846083726e+00
1.8068593121e-04 2.2265119511e+04 1.5707963268e+00 2.0859584409e+00
1.8084365445e-04 2.2281471285e+04 1.5707963268e+00 2.0873065268e+00
1.8100130098e-04 2.2297839346e+04 1.5707963268e+00 2.0886526325e+00
1.8115887093e-04 2.2314223675e+04 1.5707963268e+00 2.0899967605e+00
1.8131636440e-04 2.2330624254e+04 1.5707963268e+00 2.0913389132e+00
1.8147378150e-04 2.2347041064e+04 1.5707963268e+00 2.0926790930e+00
1.8163112235e-04 2.2363474087e+04 1.5707963268e+00 2.0940173022e+00
1.8178838704e-04 2.2379923306e+04 1.5707963268e+00 2.0953535434e+00
1.8194557571e-04 2.2396388701e+04 1.5707963268e+00 2.0966878188e+00
1.8210268844e-04 2.2412870254e+04 1.5707963268e+00 2.0980201309e+00
1.8225972536e-04 2.2429367948e+04 1.5707963268e+00 2.0993504821e+00
1.8241668657e-04 2.2445881764e+04 1.5707963268e+00 2.1006788749e+00
1.8257357219e-04 2.2462411684e+04 1.5707963268e+00 2.1020053115e+00
1.8273038233e-04 2.2478957688e+04 1.5707963268e+00 2.1033297945e+00
1.8288711709e-04 2.2495519760e+04 1.5707963268e+00 2.1046523262e+00
1.8304377659e-04 2.2512097880e+04 1.5707963268e+00 2.1059729091e+00
1.8320036093e-04 2.2528692030e+04 1.5707963268e+00 2.1072915456e+00
1.8335687023e-04 2.2545302192e+04 1.5707963268e+00 2.1086082380e+00
1.8351330460e-04 2.2561928348e+04 1.5707963268e+00 2.1099229890e+00
1.8366966414e-04 2.2578570478e+04 1.5707963268e+00 2.1112358007e+00
1.8382594897e-04 2.2595228565e+04 1.5707963268e+00 2.1125466758e+00
1.8398215920e-04 2.2611902590e+04 1.5707963268e+00 2.1138556166e+00
1.8413829493e-04 2.2628592535e+04 1.5707963268e+00 2.1151626255e+00
1.8429435627e-04 2.2645298380e+04 1.5707963268e+00 2.1164677050e+00
1.8445034335e-04 2.2662020109e+04 1.5707963268e+00 2.1177708576e+00
1.8460625625e-04 2.2678757701e+04 1.5707963268e+00 2.1190720856e+00
1.8476209511e-04 2.2695511139e+04 1.5707963268e+00 2.1203713914e+00
1.8491786001e-04 2.2712280404e+04 1.5707963268e+00 2.1216687776e+00
1.8507355108e-04 2.2729065478e+04 1.5707963268e+00 2.1229642466e+00
1.8522916842e-04 2.2745866342e+04 1.5707963268e+00 2.1242578008e+00
1.8538471215e-04 2.2762682977e+04 1.5707963268e+00 2.1255494427e+00
1.8554018237e-04 2.2779515365e+04 1.5707963268e+00 2.1268391746e+00
1.8569557918e-04 2.2796363488e+04 1.5707963268e+00 2.1281269992e+00
1.8585090271e-04 2.2813227326e+04 1.5707963268e+00 2.1294129187e+00
1.8600615306e-04 2.2830106861e+04 1.5707963268e+00 2.1306969357e+00
1.8616133033e-04 2.2847002075e+04 1.5707963268e+00 2.1319790526e+00
1.8631643464e-04 2.2863912949e+04 1.5707963268e+00 2.1332592718e+00
1.8647146610e-04 2.2880839464e+04 1.5707963268e+00 2.1345375959e+00
1.8662642481e-04 2.2897781602e+04 1.5707963268e+00 2.1358140273e+00
1.8678131089e-04 2.2914739343e+04 1.5707963268e+00 2.1370885683e+00
1.8693612443e-04 2.2931712670e+04 1.5707963268e+00 2.1383612216e+00
1.8709086556e-04 2.2948701564e+04 1.5707963268e+00 2.1396319895e+00
1.8724553438e-04 2.2965706005e+04 1.5707963268e+00 2.1409008746e+00
1.8740013099e-04 2.2982725976e+04 1.5707963268e+00 2.1421678792e+00
1.8755465551e-04 2.2999761458e+04 1.5707963268e+00 2.1434330058e+00
1.8770910804e-04 2.3016812431e+04 1.5707963268e+00 2.1446962569e+00
1.8786348870e-04 2.3033878877e+04 1.5707963268e+00 2.1459576350e+00
1.8801779758e-04 2.3050960778e+04 1.5707963268e+00 2.1472171426e+00
1.8817203481e-04 2.3068058115e+04 1.5707963268e+00 2.1484747820e+00
1.8832620048e-04 2.3085170868e+04 1.5707963268e+00 2.1497305558e+00
1.8848029471e-04 2.3102299020e+04 1.5707963268e+00 2.1509844665e+00
1.8863431759e-04 2.3119442551e+04 1.5707963268e+00 2.1522365164e+00
1.8878826925e-04 2.3136601443e+04 1.5707963268e+00 2.1534867082e+00
1.8894214979e-04 2.3153775677e+04 1.5707963268e+00 2.1547350442e+00
1.8909595931e-04 2.3170965234e+04 1.5707963268e+00 2.1559815269e+00
1.8924969792e-04 2.3188170096e+04 1.5707963268e+00 2.1572261588e+00
1.8940336573e-04 2.3205390243e+04 1.5707963268e+00 2.1584689424e+00
1.8955696285e-04 2.3222625657e+04 1.5707963268e+00 2.1597098802e+00
1.8971048939e-04 2.3239876319e+04 1.5707963268e+00 2.1609489745e+00
1.8986394545e-04 2.3257142210e+04 1.5707963268e+00 2.1621862280e+00
1.9001733113e-04 2.3274423312e+04 1.5707963268e+00 2.1634216431e+00
1.9017064655e-04 2.3291719605e+04 1.5707963268e+00 2.1646552222e+00
1.9032389182e-04 2.3309031071e+04 1.5707963268e+00 2.1658869679e+00
1.9047706703e-04 2.3326357690e+04 1.5707963268e+00 2.1671168826e+00
1.9063017230e-04 2.3343699445e+04 1.5707963268e+00 2.1683449688e+00
1.9078320774e-04 2.3361056317e+04 1.5707963268e+00 2.1695712290e+00
1.9093617344e-04 2.3378428285e+04 1.5707963268e+00 2.1707956656e+00
1.9108906952e-04 2.3395815332e+04 1.5707963268e+00 2.1720182812e+00
1.9124189608e-04 2.3413217439e+04 1.5707963268e+00 2.1732390782e+00
1.9139465323e-04 2.3430634587e+04 1.5707963268e+00 2.1744580591e+00
1.9154734107e-04 2.3448066757e+04 1.5707963268e+00 2.1756752265e+00
1.9169995972e-04 2.3465513930e+04 1.5707963268e+00 2.1768905827e+00
1.9185250927e-04 2.3482976087e+04 1.5707963268e+00 2.1781041302e+00
1.9200498984e-04 2.3500453209e+04 1.5707963268e+00 2.1793158716e+00
1.9215740152e-04 2.3517945278e+04 1.5707963268e+00 2.1805258094e+00
1.9230974443e-04 2.3535452275e+04 1.5707963268e+00 2.1817339459e+00
1.9246201867e-04 2.3552974181e+04 1.5707963268e+00 2.1829402838e+00
1.9261422435e-04 2.3570510976e+04 1.5707963268e+00 2.1841448254e+00
1.9276636156e-04 2.3588062643e+04 1.5707963268e+00 2.1853475734e+00
1.9291843043e-04 2.3605629161e+04 1.5707963268e+00 2.1865485300e+00
1.9307043104e-04 2.3623210513e+04 1.5707963268e+00 2.1877476980e+00
1.9322236351e-04 2.3640806679e+04 1.5707963268e+00 2.1889450796e+00
1.9337422795e-04 2.3658417640e+04 1.5707963268e+00 2.1901406775e+00
1.9352602445e-04 2.3676043378e+04 1.5707963268e+00 2.1913344941e+00
1.9367775312e-04 2.3693683874e+04 1.5707963268e+00 2.1925265318e+00
1.9382941407e-04 2.3711339108e+04 1.5707963268e+00 2.1937167933e+00
1.9398100740e-04 2.3729009063e+04 1.5707963268e+00 2.1949052809e+00
1.9413253321e-04 2.3746693718e+04 1.5707963268e+00 2.1960919972e+00
1.9428399162e-04 2.3764393055e+04 1.5707963268e+00 2.1972769446e+00
1.9443538272e-04 2.3782107055e+04 1.5707963268e+00 2.1984601256e+00
1.9458670662e-04 2.3799835700e+04 1.5707963268e+00 2.1996415427e+00
1.9473796342e-04 2.3817578969e+04 1.5707963268e+00 2.2008211985e+00
1.9488915323e-04 2.3835336846e+04 1.5707963268e+00 2.2019990953e+00
1.9504027615e-04 2.3853109309e+04 1.5707963268e+00 2.2031752357e+00
1.9519133229e-04 2.3870896341e+04 1.5707963268e+00 2.2043496221e+00
1.9534232175e-04 2.3888697923e+04 1.5707963268e+00 2.2055222571e+00
1.9549324462e-04 2.3906514036e+04 1.5707963268e+00 2.2066931431e+00
1.9564410103e-04 2.3924344660e+04 1.5707963268e+00 2.2078622827e+00
1.9579489106e-04 2.3942189778e+04 1.5707963268e+00 2.2090296782e+00
1.9594561483e-04 2.3960049369e+04 1.5707963268e+00 2.2101953322e+00
1.9609627243e-04 2.3977923416e+04 1.5707963268e+00 2.2113592472e+00
1.9624686397e-04 2.3995811899e+04 1.5707963268e+00 2.2125214256e+00
1.9639738955e-04 2.4013714799e+04 1.5707963268e+00 2.2136818700e+00
1.9654784928e-04 2.4031632098e+04 1.5707963268e+00 2.2148405828e+00
1.9669824326e-04 2.4049563776e+04 1.5707963268e+00 2.2159975665e+00
1.9684857158e-04 2.4067509814e+04 1.5707963268e+00 2.2171528236e+00
1.9699883436e-04 2.4085470195e+04 1.5707963268e+00 2.2183063566e+00
1.9714903170e-04 2.4103444898e+04 1.5707963268e+00 2.2194581679e+00
1.9729916369e-04 2.4121433905e+04 1.5707963268e+00 2.2206082600e+00
1.9744923045e-04 2.4139437198e+04 1.5707963268e+00 2.2217566355e+00
1.9759923206e-04 2.4157454756e+04 1.5707963268e+00 2.2229032968e+00
1.9774916865e-04 2.4175486562e+04 1.5707963268e+00 2.2240482463e+00
1.9789904029e-04 2.4193532596e+04 1.5707963268e+00 2.2251914866e+00
1.9804884711e-04 2.4211592839e+04 1.5707963268e+00 2.2263330201e+00
1.9819858920e-04 2.4229667273e+04 1.5707963268e+00 2.2274728493e+00
1.9834826665e-04 2.4247755879e+04 1.5707963268e+00 2.2286109768e+00
1.9849787958e-04 2.4265858637e+04 1.5707963268e+00 2.2297474048e+00
1.9864742809e-04 2.4283975530e+04 1.5707963268e+00 2.2308821361e+00
1.9879691227e-04 2.4302106538e+04 1.5707963268e+00 2.2320151729e+00
1.9894633223e-04 2.4320251642e+04 1.5707963268e+00 2.2331465179e+00
1.9909568806e-04 2.4338410823e+04 1.5707963268e+00 2.2342761734e+00
1.9924497988e-04 2.4356584063e+04 1.5707963268e+00 2.2354041419e+00
1.9939420777e-04 2.4374771343e+04 1.5707963268e+00 2.2365304260e+00
1.9954337185e-04 2.4392972643e+04 1.5707963268e+00 2.2376550281e+00
1.9969247220e-04 2.4411187945e+04 1.5707963268e+00 2.2387779506e+00
1.9984150894e-04 2.4429417231e+04 1.5707963268e+00 2.2398991960e+00
1.9999048216e-04 2.4447660481e+04 1.5707963268e+00 2.2410187669e+00
2.0013939196e-04 2.4465917676e+04 1.5707963268e+00 2.2421366656e+00
2.0028823844e-04 2.4484188798e+04 1.5707963268e+00 2.2432528946e+00
2.0043702170e-04 2.4502473827e+04 1.5707963268e+00 2.2443674565e+00
2.0058574185e-04 2.4520772746e+04 1.5707963268e+00 2.2454803536e+00
2.0073439898e-04 2.4539085535e+04 1.5707963268e+00 2.2465915885e+00
2.0088299319e-04 2.4557412175e+04 1.5707963268e+00 2.2477011635e+00
2.0103152458e-04 2.4575752648e+04 1.5707963268e+00 2.2488090812e+00
2.0117999325e-04 2.4594106935e+04 1.5707963268e+00 2.2499153441e+00
2.0132839930e-04 2.4612475016e+04 1.5707963268e+00 2.2510199545e+00
2.0147674283e-04 2.4630856874e+04 1.5707963268e+00 2.2521229150e+00
2.0162502394e-04 2.4649252489e+04 1.5707963268e+00 2.2532242279e+00
2.0177324272e-04 2.4667661843e+04 1.5707963268e+00 2.2543238959e+00
2.0192139928e-04 2.4686084917e+04 1.5707963268e+00 2.2554219212e+00
2.0206949372e-04 2.4704521692e+04 1.5707963268e+00 2.2565183065e+00
2.0221752613e-04 2.4722972149e+04 1.5707963268e+00 2.2576130540e+00
2.0236549661e-04 2.4741436270e+04 1.5707963268e+00 2.2587061664e+00
2.0251340525e-04 2.4759914036e+04 1.5707963268e+00 2.2597976460e+00
2.0266125217e-04 2.4778405427e+04 1.5707963268e+00 2.2608874952e+00
2.0280903745e-04 2.4796910427e+04 1.5707963268e+00 2.2619757167e+00
2.0295676120e-04 2.4815429015e+04 1.5707963268e+00 2.2630623127e+00
2.0310442351e-04 2.4833961173e+04 1.5707963268e+00 2.2641472857e+00
2.0325202448e-04 2.4852506882e+04 1.5707963268e+00 2.2652306383e+00
2.0339956420e-04 2.4871066123e+04 1.5707963268e+00 2.2663123727e+00
2.0354704278e-04 2.4889638879e+04 1.5707963268e+00 2.2673924916e+00
2.0369446031e-04 2.4908225130e+04 1.5707963268e+00 2.2684709972e+00
2.0384181689e-04 2.4926824857e+04 1.5707963268e+00 2.2695478921e+00
2.0398911262e-04 2.4945438042e+04 1.5707963268e+00 2.2706231788e+00
2.0413634759e-04 2.4964064666e+04 1.5707963268e+00 2.2716968595e+00
2.0428352190e-04 2.4982704711e+04 1.5707963268e+00 2.2727689368e+00
2.0443063565e-04 2.5001358158e+04 1.5707963268e+00 2.2738394132e+00
2.0457768894e-04 2.5020024988e+04 1.5707963268e+00 2.2749082910e+00
2.0472468185e-04 2.5038705182e+04 1.5707963268e+00 2.2759755726e+00
2.0487161449e-04 2.5057398723e+04 1.5707963268e+00 2.2770412606e+00
2.0501848695e-04 2.5076105590e+04 1.5707963268e+00 2.2781053574e+00
2.0516529933e-04 2.5094825767e+04 1.5707963268e+00 2.2791678653e+00
2.0531205173e-04 2.5113559234e+04 1.5707963268e+00 2.2802287868e+00
2.0545874423e-04 2.5132305972e+04 1.5707963268e+00 2.2812881243e+00
2.0560537695e-04 2.5151065963e+04 1.5707963268e+00 2.2823458803e+00
2.0575194996e-04 2.5169839189e+04 1.5707963268e+00 2.2834020572e+00
2.0589846338e-04 2.5188625631e+04 1.5707963268e+00 2.2844566574e+00
2.0604491728e-04 2.5207425270e+04 1.5707963268e+00 2.2855096833e+00
2.0619131178e-04 2.5226238087e+04 1.5707963268e+00 2.2865611373e+00
2.0633764696e-04 2.5245064065e+04 1.5707963268e+00 2.2876110219e+00
2.0648392291e-04 2.5263903185e+04 1.5707963268e+00 2.2886593394e+00
2.0663013974e-04 2.5282755428e+04 1.5707963268e+00 2.2897060924e+00
2.0677629754e-04 2.5301620775e+04 1.5707963268e+00 2.2907512831e+00
2.0692239640e-04 2.5320499209e+04 1.5707963268e+00 2.2917949141e+00
2.0706843642e-04 2.5339390711e+04 1.5707963268e+00 2.2928369877e+00
2.0721441769e-04 2.5358295262e+04 1.5707963268e+00 2.2938775063e+00
2.0736034031e-04 2.5377212843e+04 1.5707963268e+00 2.2949164723e+00
2.0750620436e-04 2.5396143437e+04 1.5707963268e+00 2.2959538882e+00
2.0765200995e-04 2.5415087025e+04 1.5707963268e+00 2.2969897563e+00
2.0779775717e-04 2.5434043588e+04 1.5707963268e+00 2.2980240791e+00
2.0794344611e-04 2.5453013109e+04 1.5707963268e+00 2.2990568589e+00
2.0808907687e-04 2.5471995568e+04 1.5707963268e+00 2.3000880981e+00
2.0823464953e-04 2.5490990947e+04 1.5707963268e+00 2.3011177992e+00
2.0838016419e-04 2.5509999228e+04 1.5707963268e+00 2.3021459645e+00
2.0852562095e-04 2.5529020393e+04 1.5707963268e+00 2.3031725964e+00
2.0867101990e-04 2.5548054422e+04 1.5707963268e+00 2.3041976974e+00
2.0881636113e-04 2.5567101299e+04 1.5707963268e+00 2.3052212697e+00
2.0896164473e-04 2.5586161004e+04 1.5707963268e+00 2.3062433159e+00
2.0910687080e-04 2.5605233519e+04 1.5707963268e+00 2.3072638382e+00
2.0925203943e-04 2.5624318825e+04 1.5707963268e+00 2.3082828390e+00
2.0939715071e-04 2.5643416905e+04 1.5707963268e+00 2.3093003208e+00
2.0954220474e-04 2.5662527741e+04 1.5707963268e+00 2.3103162860e+00
2.0968720160e-04 2.5681651313e+04 1.5707963268e+00 2.3113307368e+00
2.0983214139e-04 2.5700787604e+04 1.5707963268e+00 2.3123436757e+00
2.0997702420e-04 2.5719936595e+04 1.5707963268e+00 2.3133551051e+00
2.1012185012e-04 2.5739098268e+04 1.5707963268e+00 2.3143650272e+00
2.1026661925e-04 2.5758272605e+04 1.5707963268e+00 2.3153734446e+00
2.1041133167e-04 2.5777459588e+04 1.5707963268e+00 2.3163803595e+00
2.1055598747e-04 2.5796659198e+04 1.5707963268e+00 2.3173857743e+00
2.1070058676e-04 2.5815871417e+04 1.5707963268e+00 2.3183896915e+00
2.1084512961e-04 2.5835096227e+04 1.5707963268e+00 2.3193921133e+00
2.1098961613e-04 2.5854333610e+04 1.5707963268e+00 2.3203930421e+00
2.1113404639e-04 2.5873583548e+04 1.5707963268e+00 2.3213924802e+00
2.1127842050e-04 2.5892846022e+04 1.5707963268e+00 2.3223904302e+00
2.1142273853e-04 2.5912121015e+04 1.5707963268e+00 2.3233868941e+00
2.1156700060e-04 2.5931408508e+04 1.5707963268e+00 2.3243818746e+00
2.1171120677e-04 2.5950708483e+04 1.5707963268e+00 2.3253753738e+00
2.1185535715e-04 2.5970020922e+04 1.5707963268e+00 2.3263673941e+00
2.1199945182e-04 2.5989345807e+04 1.5707963268e+00 2.3273579380e+00
2.1214349087e-04 2.6008683120e+04 1.5707963268e+00 2.3283470076e+00
2.1228747440e-04 2.6028032843e+04 1.5707963268e+00 2.3293346055e+00
2.1243140249e-04 2.6047394957e+04 1.5707963268e+00 2.3303207338e+00
2.1257527523e-04 2.6066769446e+04 1.5707963268e+00 2.3313053950e+00
2.1271909272e-04 2.6086156290e+04 1.5707963268e+00 2.3322885914e+00
2.1286285503e-04 2.6105555471e+04 1.5707963268e+00 2.3332703252e+00
2.1300656227e-04 2.6124966973e+04 1.5707963268e+00 2.3342505990e+00
2.1315021451e-04 2.6144390776e+04 1.5707963268e+00 2.3352294149e+00
2.1329381186e-04 2.6163826863e+04 1.5707963268e+00 2.3362067754e+00
2.1343735439e-04 2.6183275216e+04 1.5707963268e+00 2.3371826826e+00
2.1358084219e-04 2.6202735816e+04 1.5707963268e+00 2.3381571391e+00
2.1372427536e-04 2.6222208647e+04 1.5707963268e+00 2.3391301470e+00
2.1386765398e-04 2.6241693690e+04 1.5707963268e+00 2.3401017087e+00
2.1401097815e-04 2.6261190927e+04 1.5707963268e+00 2.3410718265e+00
2.1415424794e-04 2.6280700340e+04 1.5707963268e+00 2.3420405027e+00
2.1429746345e-04 2.6300221911e+04 1.5707963268e+00 2.3430077397e+00
2.1444062476e-04 2.6319755623e+04 1.5707963268e+00 2.3439735398e+00
2.1458373197e-04 2.6339301458e+04 1.5707963268e+00 2.3449379052e+00
2.1472678516e-04 2.6358859398e+04 1.5707963268e+00 2.3459008383e+00
2.1486978441e-04 2.6378429425e+04 1.5707963268e+00 2.3468623413e+00
2.1501272982e-04 2.6398011521e+04 1.5707963268e+00 2.3478224166e+00
2.1515562147e-04 2.6417605669e+04 1.5707963268e+00 2.3487810665e+00
2.1529845945e-04 2.6437211850e+04 1.5707963268e+00 2.3497382933e+00
2.1544124385e-04 2.6456830047e+04 1.5707963268e+00 2.3506940992e+00
2.1558397475e-04 2.6476460243e+04 1.5707963268e+00 2.3516484866e+00
2.1572665224e-04 2.6496102419e+04 1.5707963268e+00 2.3526014577e+00
2.1586927640e-04 2.6515756559e+04 1.5707963268e+00 2.3535530148e+00
2.1601184733e-04 2.6535422643e+04 1.5707963268e+00 2.3545031603e+00
2.1615436511e-04 2.6555100655e+04 1.5707963268e+00 2.3554518964e+00
2.1629682982e-04 2.6574790576e+04 1.5707963268e+00 2.3563992253e+00
2.1643924155e-04 2.6594492390e+04 1.5707963268e+00 2.3573451494e+00
2.1658160039e-04 2.6614206078e+04 1.5707963268e+00 2.3582896710e+00
2.1672390642e-04 2.6633931624e+04 1.5707963268e+00 2.3592327922e+00
2.1686615973e-04 2.6653669008e+04 1.5707963268e+00 2.3601745155e+00
2.1700836040e-04 2.6673418215e+04 1.5707963268e+00 2.3611148430e+00
2.1715050852e-04 2.6693179225e+04 1.5707963268e+00 2.3620537770e+00
2.1729260418e-04 2.6712952022e+04 1.5707963268e+00 2.3629913198e+00
2.1743464745e-04 2.6732736589e+04 1.5707963268e+00 2.3639274736e+00
2.1757663843e-04 2.6752532907e+04 1.5707963268e+00 2.3648622407e+00
2.1771857720e-04 2.6772340959e+04 1.5707963268e+00 2.3657956234e+00
2.1786046384e-04 2.6792160728e+04 1.5707963268e+00 2.3667276239e+00
2.1800229844e-04 2.6811992195e+04 1.5707963268e+00 2.3676582445e+00
2.1814408108e-04 2.6831835345e+04 1.5707963268e+00 2.3685874874e+00
2.1828581185e-04 2.6851690159e+04 1.5707963268e+00 2.3695153548e+00
2.1842749083e-04 2.6871556619e+04 1.5707963268e+00 2.3704418491e+00
2.1856911810e-04 2.6891434709e+04 1.5707963268e+00 2.3713669724e+00
2.1871069376e-04 2.6911324411e+04 1.5707963268e+00 2.3722907270e+00
2.1885221787e-04 2.6931225708e+04 1.5707963268e+00 2.3732131151e+00
2.1899369053e-04 2.6951138582e+04 1.5707963268e+00 2.3741341390e+00
2.1913511182e-04 2.6971063016e+04 1.5707963268e+00 2.3750538009e+00
2.1927648183e-04 2.6990998993e+04 1.5707963268e+00 2.3759721030e+00
2.1941780063e-04 2.7010946495e+04 1.5707963268e+00 2.3768890475e+00
2.1955906831e-04 2.7030905505e+04 1.5707963268e+00 2.3778046368e+00
2.1970028495e-04 2.7050876006e+04 1.5707963268e+00 2.3787188729e+00
2.1984145064e-04 2.7070857980e+04 1.5707963268e+00 2.3796317582e+00
2.1998256545e-04 2.7090851410e+04 1.5707963268e+00 2.3805432948e+00
2.2012362948e-04 2.7110856280e+04 1.5707963268e+00 2.3814534849e+00
2.2026464280e-04 2.7130872572e+04 1.5707963268e+00 2.3823623308e+00
2.2040560549e-04 2.7150900268e+04 1.5707963268e+00 2.3832698347e+00
2.2054651764e-04 2.7170939351e+04 1.5707963268e+00 2.3841759988e+00
2.2068737933e-04 2.7190989805e+04 1.5707963268e+00 2.3850808252e+00
2.2082819064e-04 2.7211051612e+04 1.5707963268e+00 2.3859843163e+00
2.2096895165e-04 2.7231124756e+04 1.5707963268e+00 2.3868864741e+00
2.2110966245e-04 2.7251209218e+04 1.5707963268e+00 2.3877873009e+00
2.2125032311e-04 2.7271304982e+04 1.5707963268e+00 2.3886867989e+00
2.2139093372e-04 2.7291412031e+04 1.5707963268e+00 2.3895849703e+00
2.2153149436e-04 2.7311530347e+04 1.5707963268e+00 2.3904818172e+00
2.2167200511e-04 2.7331659915e+04 1.5707963268e+00 2.3913773419e+00
2.2181246605e-04 2.7351800716e+04 1.5707963268e+00 2.3922715465e+00
2.2195287727e-04 2.7371952733e+04 1.5707963268e+00 2.3931644333e+00
2.2209323883e-04 2.7392115951e+04 1.5707963268e+00 2.3940560043e+00
2.2223355083e-04 2.7412290351e+04 1.5707963268e+00 2.3949462618e+00
2.2237381334e-04 2.7432475917e+04 1.5707963268e+00 2.3958352079e+00
2.2251402644e-04 2.7452672632e+04 1.5707963268e+00 2.3967228449e+00
2.2265419022e-04 2.7472880479e+04 1.5707963268e+00 2.3976091748e+00
2.2279430475e-04 2.7493099441e+04 1.5707963268e+00 2.3984941999e+00
2.2293437011e-04 2.7513329501e+04 1.5707963268e+00 2.3993779223e+00
2.2307438639e-04 2.7533570643e+04 1.5707963268e+00 2.4002603442e+00
2.2321435366e-04 2.7553822849e+04 1.5707963268e+00 2.4011414677e+00
2.2335427201e-04 2.7574086103e+04 1.5707963268e+00 2.4020212950e+00
2.2349414151e-04 2.7594360387e+04 1.5707963268e+00 2.4028998282e+00
2.2363396223e-04 2.7614645686e+04 1.5707963268e+00 2.4037770695e+00
2.2377373427e-04 2.7634941982e+04 1.5707963268e+00 2.4046530211e+00
2.2391345770e-04 2.7655249259e+04 1.5707963268e+00 2.4055276850e+00
2.2405313260e-04 2.7675567499e+04 1.5707963268e+00 2.4064010635e+00
2.2419275904e-04 2.7695896687e+04 1.5707963268e+00 2.4072731586e+00
2.2433233711e-04 2.7716236805e+04 1.5707963268e+00 2.4081439725e+00
2.2447186688e-04 2.7736587837e+04 1.5707963268e+00 2.4090135074e+00
2.2461134844e-04 2.7756949766e+04 1.5707963268e+00 2.4098817653e+00
2.2475078185e-04 2.7777322575e+04 1.5707963268e+00 2.4107487484e+00
2.2489016721e-04 2.7797706248e+04 1.5707963268e+00 2.4116144588e+00
2.2502950458e-04 2.7818100769e+04 1.5707963268e+00 2.4124788987e+00
2.2516879405e-04 2.7838506120e+04 1.5707963268e+00 2.4133420701e+00
2.2530803569e-04 2.7858922285e+04 1.5707963268e+00 2.4142039752e+00
2.2544722958e-04 2.7879349248e+04 1.5707963268e+00 2.4150646161e+00
2.2558637580e-04 2.7899786992e+04 1.5707963268e+00 2.4159239949e+00
2.2572547442e-04 2.7920235500e+04 1.5707963268e+00 2.4167821138e+00
2.2586452552e-04 2.7940694756e+04 1.5707963268e+00 2.4176389747e+00
2.2600352918e-04 2.7961164744e+04 1.5707963268e+00 2.4184945799e+00
2.2614248548e-04 2.7981645447e+04 1.5707963268e+00 2.4193489314e+00
2.2628139449e-04 2.8002136848e+04 1.5707963268e+00 2.4202020313e+00
2.2642025629e-04 2.8022638932e+04 1.5707963268e+00 2.4210538818e+00
2.2655907096e-04 2.8043151681e+04 1.5707963268e+00 2.4219044848e+00
2.2669783857e-04 2.8063675080e+04 1.5707963268e+00 2.4227538426e+00
2.2683655919e-04 2.8084209112e+04 1.5707963268e+00 2.4236019572e+00
2.2697523291e-04 2.8104753761e+04 1.5707963268e+00 2.4244488306e+00
2.2711385981e-04 2.8125309010e+04 1.5707963268e+00 2.4252944650e+00
2.2725243994e-04 2.8145874843e+04 1.5707963268e+00 2.4261388625e+00
2.2739097340e-04 2.8166451244e+04 1.5707963268e+00 2.4269820251e+00
2.2752946026e-04 2.8187038197e+04 1.5707963268e+00 2.4278239548e+00
2.2766790060e-04 2.8207635685e+04 1.5707963268e+00 2.4286646538e+00
2.2780629448e-04 2.8228243692e+04 1.5707963268e+00 2.4295041242e+00
2.2794464198e-04 2.8248862201e+04 1.5707963268e+00 2.4303423679e+00
2.2808294319e-04 2.8269491198e+04 1.5707963268e+00 2.4311793871e+00
2.2822119817e-04 2.8290130665e+04 1.5707963268e+00 2.4320151839e+00
2.2835940699e-04 2.8310780586e+04 1.5707963268e+00 2.4328497602e+00
2.2849756974e-04 2.8331440946e+04 1.5707963268e+00 2.4336831181e+00
2.2863568649e-04 2.8352111727e+04 1.5707963268e+00 2.4345152597e+00
2.2877375732e-04 2.8372792915e+04 1.5707963268e+00 2.4353461870e+00
2.2891178229e-04 2.8393484493e+04 1.5707963268e+00 2.4361759021e+00
2.2904976148e-04 2.8414186444e+04 1.5707963268e+00 2.4370044071e+00
2.2918769496e-04 2.8434898753e+04 1.5707963268e+00 2.4378317038e+00
2.2932558282e-04 2.8455621404e+04 1.5707963268e+00 2.4386577945e+00
2.2946342512e-04 2.8476354381e+04 1.5707963268e+00 2.4394826811e+00
2.2960122194e-04 2.8497097668e+04 1.5707963268e+00 2.4403063657e+00
2.2973897334e-04 2.8517851248e+04 1.5707963268e+00 2.4411288503e+00
2.2987667942e-04 2.8538615107e+04 1.5707963268e+00 2.4419501369e+00
2.3001434023e-04 2.8559389228e+04 1.5707963268e+00 2.4427702275e+00
2.3015195584e-04 2.8580173594e+04 1.5707963268e+00 2.4435891242e+00
2.3028952635e-04 2.8600968191e+04 1.5707963268e+00 2.4444068290e+00
2.3042705181e-04 2.8621773002e+04 1.5707963268e+00 2.4452233438e+00
2.3056453230e-04 2.8642588012e+04 1.5707963268e+00 2.4460386708e+00
2.3070196789e-04 2.8663413205e+04 1.5707963268e+00 2.4468528119e+00
2.3083935866e-04 2.8684248564e+04 1.5707963268e+00 2.4476657691e+00
2.3097670467e-04 2.8705094075e+04 1.5707963268e+00 2.4484775445e+00
2.3111400600e-04 2.8725949720e+04 1.5707963268e+00 2.4492881399e+00
2.3125126273e-04 2.8746815486e+04 1.5707963268e+00 2.4500975575e+00
2.3138847492e-04 2.8767691355e+04 1.5707963268e+00 2.4509057992e+00
2.3152564264e-04 2.8788577313e+04 1.5707963268e+00 2.4517128671e+00
2.3166276597e-04 2.8809473343e+04 1.5707963268e+00 2.4525187630e+00
2.3179984499e-04 2.8830379430e+04 1.5707963268e+00 2.4533234890e+00
2.3193687975e-04 2.8851295558e+04 1.5707963268e+00 2.4541270471e+00
2.3207387033e-04 2.8872221711e+04 1.5707963268e+00 2.4549294393e+00
2.3221081681e-04 2.8893157875e+04 1.5707963268e+00 2.4557306675e+00
2.3234771925e-04 2.8914104033e+04 1.5707963268e+00 2.4565307337e+00
2.3248457773e-04 2.8935060169e+04 1.5707963268e+00 2.4573296398e+00
2.3262139232e-04 2.8956026269e+04 1.5707963268e+00 2.4581273880e+00
2.3275816308e-04 2.8977002317e+04 1.5707963268e+00 2.4589239800e+00
2.3289489010e-04 2.8997988297e+04 1.5707963268e+00 2.4597194179e+00
2.3303157343e-04 2.9018984193e+04 1.5707963268e+00 2.4605137037e+00
2.3316821315e-04 2.9039989991e+04 1.5707963268e+00 2.4613068393e+00
2.3330480933e-04 2.9061005674e+04 1.5707963268e+00 2.4620988266e+00
2.3344136204e-04 2.9082031228e+04 1.5707963268e+00 2.4628896676e+00
2.3357787135e-04 2.9103066637e+04 1.5707963268e+00 2.4636793643e+00
2.3371433733e-04 2.9124111886e+04 1.5707963268e+00 2.4644679186e+00
2.3385076005e-04 2.9145166959e+04 1.5707963268e+00 2.4652553324e+00
2.3398713958e-04 2.9166231840e+04 1.5707963268e+00 2.4660416077e+00
2.3412347599e-04 2.9187306515e+04 1.5707963268e+00 2.4668267465e+00
2.3425976935e-04 2.9208390969e+04 1.5707963268e+00 2.4676107506e+00
2.3439601972e-04 2.9229485185e+04 1.5707963268e+00 2.4683936220e+00
2.3453222719e-04 2.9250589149e+04 1.5707963268e+00 2.4691753627e+00
2.3466839181e-04 2.9271702845e+04 1.5707963268e+00 2.4699559744e+00
2.3480451365e-04 2.9292826259e+04 1.5707963268e+00 2.4707354593e+00
2.3494059279e-04 2.9313959374e+04 1.5707963268e+00 2.4715138192e+00
2.3507662929e-04 2.9335102177e+04 1.5707963268e+00 2.4722910559e+00
2.3521262322e-04 2.9356254650e+04 1.5707963268e+00 2.4730671716e+00
2.3534857466e-04 2.9377416781e+04 1.5707963268e+00 2.4738421679e+00
2.3548448366e-04 2.9398588553e+04 1.5707963268e+00 2.4746160469e+00
2.3562035030e-04 2.9419769951e+04 1.5707963268e+00 2.4753888105e+00
2.3575617464e-04 2.9440960960e+04 1.5707963268e+00 2.4761604605e+00
2.3589195675e-04 2.9462161565e+04 1.5707963268e+00 2.4769309989e+00
2.3602769671e-04 2.9483371751e+04 1.5707963268e+00 2.4777004275e+00
2.3616339457e-04 2.9504591504e+04 1.5707963268e+00 2.4784687483e+00
2.3629905041e-04 2.9525820807e+04 1.5707963268e+00 2.4792359632e+00
2.3643466430e-04 2.9547059646e+04 1.5707963268e+00 2.4800020740e+00
2.3657023629e-04 2.9568308007e+04 1.5707963268e+00 2.4807670826e+00
2.3670576647e-04 2.9589565873e+04 1.5707963268e+00 2.4815309909e+00
2.3684125488e-04 2.9610833231e+04 1.5707963268e+00 2.4822938008e+00
2.3697670162e-04 2.9632110065e+04 1.5707963268e+00 2.4830555142e+00
2.3711210673e-04 2.9653396360e+04 1.5707963268e+00 2.4838161330e+00
2.3724747028e-04 2.9674692102e+04 1.5707963268e+00 2.4845756589e+00
2.3738279235e-04 2.9695997276e+04 1.5707963268e+00 2.4853340939e+00
2.3751807300e-04 2.9717311866e+04 1.5707963268e+00 2.4860914399e+00
2.3765331229e-04 2.9738635859e+04 1.5707963268e+00 2.4868476987e+00
2.3778851030e-04 2.9759969238e+04 1.5707963268e+00 2.4876028722e+00
2.3792366709e-04 2.9781311991e+04 1.5707963268e+00 2.4883569622e+00
2.3805878272e-04 2.9802664101e+04 1.5707963268e+00 2.4891099706e+00
2.3819385726e-04 2.9824025554e+04 1.5707963268e+00 2.4898618992e+00
2.3832889077e-04 2.9845396335e+04 1.5707963268e+00 2.4906127500e+00
2.3846388333e-04 2.9866776430e+04 1.5707963268e+00 2.4913625246e+00
2.3859883500e-04 2.9888165824e+04 1.5707963268e+00 2.4921112251e+00
2.3873374584e-04 2.9909564502e+04 1.5707963268e+00 2.4928588531e+00
2.3886861591e-04 2.9930972450e+04 1.5707963268e+00 2.4936054106e+00
2.3900344530e-04 2.9952389653e+04 1.5707963268e+00 2.4943508995e+00
2.3913823405e-04 2.9973816097e+04 1.5707963268e+00 2.4950953214e+00
2.3927298223e-04 2.9995251767e+04 1.5707963268e+00 2.4958386783e+00
2.3940768991e-04 3.0016696648e+04 1.5707963268e+00 2.4965809720e+00
2.3954235716e-04 3.0038150726e+04 1.5707963268e+00 2.4973222043e+00
2.3967698404e-04 3.0059613986e+04 1.5707963268e+00 2.4980623770e+00
2.3981157061e-04 3.0081086415e+04 1.5707963268e+00 2.4988014920e+00
2.3994611693e-04 3.0102567996e+04 1.5707963268e+00 2.4995395510e+00
2.4008062308e-04 3.0124058717e+04 1.5707963268e+00 2.5002765559e+00
2.4021508911e-04 3.0145558563e+04 1.5707963268e+00 2.5010125084e+00
2.4034951509e-04 3.0167067518e+04 1.5707963268e+00 2.5017474105e+00
2.4048390109e-04 3.0188585570e+04 1.5707963268e+00 2.5024812638e+00
2.4061824717e-04 3.0210112703e+04 1.5707963268e+00 2.5032140703e+00
2.4075255338e-04 3.0231648903e+04 1.5707963268e+00 2.5039458316e+00
2.4088681981e-04 3.0253194156e+04 1.5707963268e+00 2.5046765496e+00
2.4102104650e-04 3.0274748447e+04 1.5707963268e+00 2.5054062261e+00
2.4115523352e-04 3.0296311763e+04 1.5707963268e+00 2.5061348628e+00
2.4128938094e-04 3.0317884089e+04 1.5707963268e+00 2.5068624616e+00
2.4142348881e-04 3.0339465410e+04 1.5707963268e+00 2.5075890242e+00
2.4155755721e-04 3.0361055713e+04 1.5707963268e+00 2.5083145525e+00
2.4169158619e-04 3.0382654983e+04 1.5707963268e+00 2.5090390481e+00
2.4182557582e-04 3.0404263207e+04 1.5707963268e+00 2.5097625129e+00
2.4195952616e-04 3.0425880369e+04 1.5707963268e+00 2.5104849487e+00
2.4209343728e-04 3.0447506456e+04 1.5707963268e+00 2.5112063571e+00
2.4222730923e-04 3.0469141455e+04 1.5707963268e+00 2.5119267401e+00
2.4236114207e-04 3.0490785349e+04 1.5707963268e+00 2.5126460992e+00
2.4249493588e-04 3.0512438127e+04 1.5707963268e+00 2.5133644364e+00
2.4262869070e-04 3.0534099773e+04 1.5707963268e+00 2.5140817533e+00
2.4276240662e-04 3.0555770273e+04 1.5707963268e+00 2.5147980518e+00
2.4289608367e-04 3.0577449614e+04 1.5707963268e+00 2.5155133335e+00
2.4302972194e-04 3.0599137781e+04 1.5707963268e+00 2.5162276002e+00
2.4316332147e-04 3.0620834761e+04 1.5707963268e+00 2.5169408537e+00
2.4329688234e-04 3.0642540540e+04 1.5707963268e+00 2.5176530957e+00
2.4343040460e-04 3.0664255103e+04 1.5707963268e+00 2.5183643279e+00
2.4356388831e-04 3.0685978437e+04 1.5707963268e+00 2.5190745521e+00
2.4369733354e-04 3.0707710527e+04 1.5707963268e+00 2.5197837700e+00
2.4383074034e-04 3.0729451361e+04 1.5707963268e+00 2.5204919834e+00
2.4396410878e-04 3.0751200924e+04 1.5707963268e+00 2.5211991940e+00
2.4409743892e-04 3.0772959202e+04 1.5707963268e+00 2.5219054034e+00
2.4423073082e-04 3.0794726182e+04 1.5707963268e+00 2.5226106135e+00
2.4436398454e-04 3.0816501849e+04 1.5707963268e+00 2.5233148260e+00
2.4449720013e-04 3.0838286190e+04 1.5707963268e+00 2.5240180425e+00
2.4463037767e-04 3.0860079192e+04 1.5707963268e+00 2.5247202648e+00
2.4476351721e-04 3.0881880839e+04 1.5707963268e+00 2.5254214946e+00
2.4489661881e-04 3.0903691120e+04 1.5707963268e+00 2.5261217336e+00
2.4502968253e-04 3.0925510020e+04 1.5707963268e+00 2.5268209836e+00
2.4516270844e-04 3.0947337525e+04 1.5707963268e+00 2.5275192461e+00
2.4529569658e-04 3.0969173621e+04 1.5707963268e+00 2.5282165230e+00
2.4542864703e-04 3.0991018296e+04 1.5707963268e+00 2.5289128159e+00
2.4556155983e-04 3.1012871535e+04 1.5707963268e+00 2.5296081265e+00
2.4569443506e-04 3.1034733326e+04 1.5707963268e+00 2.5303024565e+00
2.4582727277e-04 3.1056603653e+04 1.5707963268e+00 2.5309958076e+00
2.4596007301e-04 3.1078482505e+04 1.5707963268e+00 2.5316881815e+00
2.4609283586e-04 3.1100369866e+04 1.5707963268e+00 2.5323795798e+00
2.4622556136e-04 3.1122265725e+04 1.5707963268e+00 2.5330700043e+00
2.4635824958e-04 3.1144170066e+04 1.5707963268e+00 2.5337594566e+00
2.4649090057e-04 3.1166082878e+04 1.5707963268e+00 2.5344479385e+00
2.4662351440e-04 3.1188004146e+04 1.5707963268e+00 2.5351354515e+00
2.4675609113e-04 3.1209933856e+04 1.5707963268e+00 2.5358219974e+00
2.4688863080e-04 3.1231871997e+04 1.5707963268e+00 2.5365075778e+00
2.4702113348e-04 3.1253818553e+04 1.5707963268e+00 2.5371921943e+00
2.4715359924e-04 3.1275773513e+04 1.5707963268e+00 2.5378758487e+00
2.4728602812e-04 3.1297736861e+04 1.5707963268e+00 2.5385585426e+00
2.4741842018e-04 3.1319708586e+04 1.5707963268e+00 2.5392402777e+00
2.4755077549e-04 3.1341688674e+04 1.5707963268e+00 2.5399210556e+00
2.4768309410e-04 3.1363677111e+04 1.5707963268e+00 2.5406008779e+00
2.4781537607e-04 3.1385673884e+04 1.5707963268e+00 2.5412797464e+00
2.4794762145e-04 3.1407678981e+04 1.5707963268e+00 2.5419576626e+00
2.4807983031e-04 3.1429692387e+04 1.5707963268e+00 2.5426346282e+00
2.4821200270e-04 3.1451714090e+04 1.5707963268e+00 2.5433106449e+00
2.4834413868e-04 3.1473744076e+04 1.5707963268e+00 2.5439857142e+00
2.4847623831e-04 3.1495782333e+04 1.5707963268e+00 2.5446598379e+00
2.4860830164e-04 3.1517828846e+04 1.5707963268e+00 2.5453330174e+00
2.4874032873e-04 3.1539883604e+04 1.5707963268e+00 2.5460052546e+00
2.4887231964e-04 3.1561946592e+04 1.5707963268e+00 2.5466765510e+00
2.4900427443e-04 3.1584017798e+04 1.5707963268e+00 2.5473469081e+00
2.4913619314e-04 3.1606097209e+04 1.5707963268e+00 2.5480163278e+00
2.4926807585e-04 3.1628184812e+04 1.5707963268e+00 2.5486848114e+00
2.4939992260e-04 3.1650280593e+04 1.5707963268e+00 2.5493523608e+00
2.4953173345e-04 3.1672384540e+04 1.5707963268e+00 2.5500189774e+00
2.4966350846e-04 3.1694496639e+04 1.5707963268e+00 2.5506846629e+00
2.4979524768e-04 3.1716616879e+04 1.5707963268e+00 2.5513494190e+00
2.4992695118e-04 3.1738745245e+04 1.5707963268e+00 2.5520132471e+00
2.5005861900e-04 3.1760881724e+04 1.5707963268e+00 2.5526761490e+00
2.5019025120e-04 3.1783026305e+04 1.5707963268e+00 2.5533381261e+00
2.5032184784e-04 3.1805178974e+04 1.5707963268e+00 2.5539991802e+00
2.5045340897e-04 3.1827339718e+04 1.5707963268e+00 2.5546593127e+00
2.5058493466e-04 3.1849508524e+04 1.5707963268e+00 2.5553185254e+00
2.5071642494e-04 3.1871685380e+04 1.5707963268e+00 2.5559768197e+00
2.5084787989e-04 3.1893870272e+04 1.5707963268e+00 2.5566341972e+00
2.5097929956e-04 3.1916063189e+04 1.5707963268e+00 2.5572906596e+00
2.5111068399e-04 3.1938264116e+04 1.5707963268e+00 2.5579462085e+00
2.5124203325e-04 3.1960473042e+04 1.5707963268e+00 2.5586008453e+00
2.5137334740e-04 3.1982689954e+04 1.5707963268e+00 2.5592545717e+00
2.5150462648e-04 3.2004914839e+04 1.5707963268e+00 2.5599073892e+00
2.5163587055e-04 3.2027147684e+04 1.5707963268e+00 2.5605592994e+00
2.5176707966e-04 3.2049388476e+04 1.5707963268e+00 2.5612103040e+00
2.5189825388e-04 3.2071637204e+04 1.5707963268e+00 2.5618604043e+00
2.5202939325e-04 3.2093893854e+04 1.5707963268e+00 2.5625096021e+00
2.5216049783e-04 3.2116158413e+04 1.5707963268e+00 2.5631578988e+00
2.5229156767e-04 3.2138430870e+04 1.5707963268e+00 2.5638052960e+00
2.5242260284e-04 3.2160711211e+04 1.5707963268e+00 2.5644517953e+00
2.5255360337e-04 3.2182999425e+04 1.5707963268e+00 2.5650973982e+00
2.5268456933e-04 3.2205295497e+04 1.5707963268e+00 2.5657421062e+00
2.5281550077e-04 3.2227599417e+04 1.5707963268e+00 2.5663859210e+00
2.5294639774e-04 3.2249911172e+04 1.5707963268e+00 2.5670288440e+00
2.5307726030e-04 3.2272230748e+04 1.5707963268e+00 2.5676708768e+00
2.5320808850e-04 3.2294558134e+04 1.5707963268e+00 2.5683120209e+00
2.5333888240e-04 3.2316893317e+04 1.5707963268e+00 2.5689522779e+00
2.5346964204e-04 3.2339236285e+04 1.5707963268e+00 2.5695916493e+00
2.5360036749e-04 3.2361587026e+04 1.5707963268e+00 2.5702301365e+00
2.5373105879e-04 3.2383945526e+04 1.5707963268e+00 2.5708677412e+00
2.5386171600e-04 3.2406311774e+04 1.5707963268e+00 2.5715044649e+00
2.5399233916e-04 3.2428685757e+04 1.5707963268e+00 2.5721403091e+00
2.5412292835e-04 3.2451067463e+04 1.5707963268e+00 2.5727752752e+00
2.5425348359e-04 3.2473456880e+04 1.5707963268e+00 2.5734093649e+00
2.5438400496e-04 3.2495853995e+04 1.5707963268e+00 2.5740425796e+00
2.5451449250e-04 3.2518258797e+04 1.5707963268e+00 2.5746749208e+00
2.5464494626e-04 3.2540671272e+04 1.5707963268e+00 2.5753063901e+00
2.5477536630e-04 3.2563091410e+04 1.5707963268e+00 2.5759369890e+00
2.5490575267e-04 3.2585519196e+04 1.5707963268e+00 2.5765667188e+00
2.5503610542e-04 3.2607954620e+04 1.5707963268e+00 2.5771955813e+00
2.5516642460e-04 3.2630397670e+04 1.5707963268e+00 2.5778235777e+00
2.5529671027e-04 3.2652848332e+04 1.5707963268e+00 2.5784507098e+00
2.5542696248e-04 3.2675306595e+04 1.5707963268e+00 2.5790769788e+00
2.5555718127e-04 3.2697772447e+04 1.5707963268e+00 2.5797023864e+00
2.5568736671e-04 3.2720245876e+04 1.5707963268e+00 2.5803269339e+00
2.5581751884e-04 3.2742726869e+04 1.5707963268e+00 2.5809506230e+00
2.5594763771e-04 3.2765215415e+04 1.5707963268e+00 2.5815734550e+00
2.5607772338e-04 3.2787711502e+04 1.5707963268e+00 2.5821954315e+00
2.5620777589e-04 3.2810215117e+04 1.5707963268e+00 2.5828165538e+00
2.5633779531e-04 3.2832726249e+04 1.5707963268e+00 2.5834368236e+00
2.5646778167e-04 3.2855244886e+04 1.5707963268e+00 2.5840562423e+00
2.5659773503e-04 3.2877771016e+04 1.5707963268e+00 2.5846748112e+00
2.5672765545e-04 3.2900304626e+04 1.5707963268e+00 2.5852925320e+00
2.5685754297e-04 3.2922845705e+04 1.5707963268e+00 2.5859094061e+00
2.5698739764e-04 3.2945394241e+04 1.5707963268e+00 2.5865254348e+00
2.5711721951e-04 3.2967950222e+04 1.5707963268e+00 2.5871406197e+00
2.5724700864e-04 3.2990513637e+04 1.5707963268e+00 2.5877549623e+00
2.5737676507e-04 3.3013084473e+04 1.5707963268e+00 2.5883684639e+00
2.5750648886e-04 3.3035662719e+04 1.5707963268e+00 2.5889811261e+00
2.5763618006e-04 3.3058248362e+04 1.5707963268e+00 2.5895929503e+00
2.5776583871e-04 3.3080841392e+04 1.5707963268e+00 2.5902039378e+00
2.5789546487e-04 3.3103441796e+04 1.5707963268e+00 2.5908140903e+00
2.5802505858e-04 3.3126049562e+04 1.5707963268e+00 2.5914234090e+00
2.5815461990e-04 3.3148664680e+04 1.5707963268e+00 2.5920318955e+00
2.5828414887e-04 3.3171287136e+04 1.5707963268e+00 2.5926395511e+00
2.5841364555e-04 3.3193916921e+04 1.5707963268e+00 2.5932463774e+00
2.5854310999e-04 3.3216554021e+04 1.5707963268e+00 2.5938523757e+00
2.5867254223e-04 3.3239198425e+04 1.5707963268e+00 2.5944575474e+00
2.5880194233e-04 3.3261850122e+04 1.5707963268e+00 2.5950618941e+00
2.5893131032e-04 3.3284509099e+04 1.5707963268e+00 2.5956654170e+00
2.5906064628e-04 3.3307175346e+04 1.5707963268e+00 2.5962681177e+00
2.5918995023e-04 3.3329848851e+04 1.5707963268e+00 2.5968699975e+00
2.5931922224e-04 3.3352529603e+04 1.5707963268e+00 2.5974710579e+00
2.5944846234e-04 3.3375217589e+04 1.5707963268e+00 2.5980713002e+00
2.5957767060e-04 3.3397912798e+04 1.5707963268e+00 2.5986707259e+00
2.5970684705e-04 3.3420615219e+04 1.5707963268e+00 2.5992693364e+00
2.5983599175e-04 3.3443324841e+04 1.5707963268e+00 2.5998671330e+00
2.5996510475e-04 3.3466041651e+04 1.5707963268e+00 2.6004641173e+00
2.6009418609e-04 3.3488765638e+04 1.5707963268e+00 2.6010602905e+00
2.6022323582e-04 3.3511496792e+04 1.5707963268e+00 2.6016556541e+00
2.6035225399e-04 3.3534235100e+04 1.5707963268e+00 2.6022502095e+00
2.6048124066e-04 3.3556980552e+04 1.5707963268e+00 2.6028439580e+00
2.6061019586e-04 3.3579733135e+04 1.5707963268e+00 2.6034369011e+00
2.6073911964e-04 3.3602492839e+04 1.5707963268e+00 2.6040290401e+00
2.6086801206e-04 3.3625259652e+04 1.5707963268e+00 2.6046203764e+00
2.6099687316e-04 3.3648033563e+04 1.5707963268e+00 2.6052109115e+00
2.6112570299e-04 3.3670814560e+04 1.5707963268e+00 2.6058006466e+00
2.6125450160e-04 3.3693602633e+04 1.5707963268e+00 2.6063895832e+00
2.6138326903e-04 3.3716397770e+04 1.5707963268e+00 2.6069777226e+00
2.6151200534e-04 3.3739199960e+04 1.5707963268e+00 2.6075650662e+00
2.6164071056e-04 3.3762009192e+04 1.5707963268e+00 2.6081516153e+00
2.6176938475e-04 3.3784825454e+04 1.5707963268e+00 2.6087373714e+00
2.6189802796e-04 3.3807648735e+04 1.5707963268e+00 2.6093223358e+00
2.6202664023e-04 3.3830479024e+04 1.5707963268e+00 2.6099065098e+00
2.6215522160e-04 3.3853316311e+04 1.5707963268e+00 2.6104898949e+00
2.6228377214e-04 3.3876160583e+04 1.5707963268e+00 2.6110724923e+00
2.6241229187e-04 3.3899011830e+04 1.5707963268e+00 2.6116543035e+00
2.6254078086e-04 3.3921870041e+04 1.5707963268e+00 2.6122353297e+00
2.6266923914e-04 3.3944735205e+04 1.5707963268e+00 2.6128155724e+00
2.6279766676e-04 3.3967607310e+04 1.5707963268e+00 2.6133950328e+00
2.6292606378e-04 3.3990486345e+04 1.5707963268e+00 2.6139737123e+00
2.6305443023e-04 3.4013372301e+04 1.5707963268e+00 2.6145516123e+00
2.6318276616e-04 3.4036265164e+04 1.5707963268e+00 2.6151287341e+00
2.6331107162e-04 3.4059164926e+04 1.5707963268e+00 2.6157050791e+00
2.6343934666e-04 3.4082071574e+04 1.5707963268e+00 2.6162806484e+00
2.6356759132e-04 3.4104985098e+04 1.5707963268e+00 2.6168554436e+00
2.6369580565e-04 3.4127905486e+04 1.5707963268e+00 2.6174294659e+00
2.6382398969e-04 3.4150832729e+04 1.5707963268e+00 2.6180027167e+00
2.6395214349e-04 3.4173766814e+04 1.5707963268e+00 2.6185751972e+00
2.6408026709e-04 3.4196707732e+04 1.5707963268e+00 2.6191469089e+00
2.6420836055e-04 3.4219655471e+04 1.5707963268e+00 2.6197178529e+00
2.6433642390e-04 3.4242610020e+04 1.5707963268e+00 2.6202880307e+00
2.6446445719e-04 3.4265571369e+04 1.5707963268e+00 2.6208574435e+00
2.6459246048e-04 3.4288539508e+04 1.5707963268e+00 2.6214260927e+00
2.6472043379e-04 3.4311514424e+04 1.5707963268e+00 2.6219939796e+00
2.6484837719e-04 3.4334496107e+04 1.5707963268e+00 2.6225611055e+00
2.6497629070e-04 3.4357484547e+04 1.5707963268e+00 2.6231274716e+00
2.6510417439e-04 3.4380479733e+04 1.5707963268e+00 2.6236930793e+00
2.6523202829e-04 3.4403481655e+04 1.5707963268e+00 2.6242579299e+00
2.6535985245e-04 3.4426490300e+04 1.5707963268e+00 2.6248220247e+00
2.6548764691e-04 3.4449505660e+04 1.5707963268e+00 2.6253853650e+00
2.6561541172e-04 3.4472527723e+04 1.5707963268e+00 2.6259479520e+00
2.6574314693e-04 3.4495556478e+04 1.5707963268e+00 2.6265097871e+00
2.6587085257e-04 3.4518591916e+04 1.5707963268e+00 2.6270708716e+00
2.6599852870e-04 3.4541634024e+04 1.5707963268e+00 2.6276312067e+00
2.6612617535e-04 3.4564682794e+04 1.5707963268e+00 2.6281907937e+00
2.6625379257e-04 3.4587738214e+04 1.5707963268e+00 2.6287496339e+00
2.6638138041e-04 3.4610800273e+04 1.5707963268e+00 2.6293077286e+00
2.6650893891e-04 3.4633868962e+04 1.5707963268e+00 2.6298650791e+00
2.6663646811e-04 3.4656944269e+04 1.5707963268e+00 2.6304216866e+00
2.6676396806e-04 3.4680026185e+04 1.5707963268e+00 2.6309775524e+00
2.6689143880e-04 3.4703114698e+04 1.5707963268e+00 2.6315326778e+00
2.6701888038e-04 3.4726209799e+04 1.5707963268e+00 2.6320870640e+00
2.6714629284e-04 3.4749311476e+04 1.5707963268e+00 2.6326407123e+00
2.6727367622e-04 3.4772419720e+04 1.5707963268e+00 2.6331936240e+00
2.6740103057e-04 3.4795534519e+04 1.5707963268e+00 2.6337458003e+00
2.6752835593e-04 3.4818655865e+04 1.5707963268e+00 2.6342972425e+00
2.6765565234e-04 3.4841783745e+04 1.5707963268e+00 2.6348479519e+00
2.6778291985e-04 3.4864918151e+04 1.5707963268e+00 2.6353979296e+00
2.6791015850e-04 3.4888059071e+04 1.5707963268e+00 2.6359471770e+00
2.6803736834e-04 3.4911206496e+04 1.5707963268e+00 2.6364956953e+00
2.6816454940e-04 3.4934360414e+04 1.5707963268e+00 2.6370434857e+00
2.6829170173e-04 3.4957520816e+04 1.5707963268e+00 2.6375905495e+00
2.6841882538e-04 3.4980687692e+04 1.5707963268e+00 2.6381368880e+00
2.6854592038e-04 3.5003861031e+04 1.5707963268e+00 2.6386825023e+00
2.6867298678e-04 3.5027040822e+04 1.5707963268e+00 2.6392273937e+00
2.6880002462e-04 3.5050227057e+04 1.5707963268e+00 2.6397715634e+00
2.6892703395e-04 3.5073419724e+04 1.5707963268e+00 2.6403150128e+00
2.6905401480e-04 3.5096618813e+04 1.5707963268e+00 2.6408577429e+00
2.6918096723e-04 3.5119824315e+04 1.5707963268e+00 2.6413997550e+00
2.6930789126e-04 3.5143036219e+04 1.5707963268e+00 2.6419410504e+00
2.6943478695e-04 3.5166254515e+04 1.5707963268e+00 2.6424816303e+00
2.6956165434e-04 3.5189479193e+04 1.5707963268e+00 2.6430214959e+00
2.6968849346e-04 3.5212710242e+04 1.5707963268e+00 2.6435606484e+00
2.6981530437e-04 3.5235947653e+04 1.5707963268e+00 2.6440990890e+00
2.6994208710e-04 3.5259191416e+04 1.5707963268e+00 2.6446368190e+00
2.7006884169e-04 3.5282441521e+04 1.5707963268e+00 2.6451738396e+00
2.7019556819e-04 3.5305697957e+04 1.5707963268e+00 2.6457101519e+00
2.7032226664e-04 3.5328960715e+04 1.5707963268e+00 2.6462457572e+00
2.7044893708e-04 3.5352229784e+04 1.5707963268e+00 2.6467806567e+00
2.7057557956e-04 3.5375505155e+04 1.5707963268e+00 2.6473148516e+00
2.7070219410e-04 3.5398786818e+04 1.5707963268e+00 2.6478483430e+00
2.7082878076e-04 3.5422074762e+04 1.5707963268e+00 2.6483811323e+00
2.7095533958e-04 3.5445368979e+04 1.5707963268e+00 2.6489132205e+00
2.7108187059e-04 3.5468669457e+04 1.5707963268e+00 2.6494446089e+00
