0.0000000000e+00 1.4723877670e+04 1.5707963268e+00 0.0000000000e+00
2.3460944394e-07 1.4723877670e+04 1.5707963268e+00 3.0120481928e-03
4.6921888789e-07 1.4723890546e+04 1.5707963268e+00 6.0240963855e-03
7.0382802099e-07 1.4723916296e+04 1.5707963268e+00 9.0361393105e-03
9.3843653242e-07 1.4723954922e+04 1.5707963268e+00 1.2048171700e-02
1.1730441113e-06 1.4724006424e+04 1.5707963268e+00 1.5060188286e-02
1.4076504469e-06 1.4724070801e+04 1.5707963268e+00 1.8072183801e-02
1.6422552283e-06 1.4724148055e+04 1.5707963268e+00 2.1084152978e-02
1.8768581448e-06 1.4724238185e+04 1.5707963268e+00 2.4096090549e-02
2.1114588855e-06 1.4724341191e+04 1.5707963268e+00 2.7107991246e-02
2.3460571397e-06 1.4724457076e+04 1.5707963268e+00 3.0119849802e-02
2.5806525967e-06 1.4724585838e+04 1.5707963268e+00 3.3131660950e-02
2.8152449456e-06 1.4724727479e+04 1.5707963268e+00 3.6143419423e-02
3.0498338758e-06 1.4724881999e+04 1.5707963268e+00 3.9155119954e-02
3.2844190766e-06 1.4725049399e+04 1.5707963268e+00 4.2166757275e-02
3.5190002374e-06 1.4725229680e+04 1.5707963268e+00 4.5178326121e-02
3.7535770475e-06 1.4725422844e+04 1.5707963268e+00 4.8189821224e-02
3.9881491963e-06 1.4725628890e+04 1.5707963268e+00 5.1201237319e-02
4.2227163734e-06 1.4725847820e+04 1.5707963268e+00 5.4212569139e-02
4.4572782681e-06 1.4726079636e+04 1.5707963268e+00 5.7223811418e-02
4.6918345700e-06 1.4726324338e+04 1.5707963268e+00 6.0234958891e-02
4.9263849686e-06 1.4726581928e+04 1.5707963268e+00 6.3246006291e-02
5.1609291536e-06 1.4726852406e+04 1.5707963268e+00 6.6256948355e-02
5.3954668147e-06 1.4727135776e+04 1.5707963268e+00 6.9267779816e-02
5.6299976415e-06 1.4727432037e+04 1.5707963268e+00 7.2278495411e-02
5.8645213238e-06 1.4727741193e+04 1.5707963268e+00 7.5289089874e-02
6.0990375515e-06 1.4728063243e+04 1.5707963268e+00 7.8299557941e-02
6.3335460143e-06 1.4728398190e+04 1.5707963268e+00 8.1309894349e-02
6.5680464023e-06 1.4728746037e+04 1.5707963268e+00 8.4320093834e-02
6.8025384054e-06 1.4729106784e+04 1.5707963268e+00 8.7330151133e-02
7.0370217137e-06 1.4729480434e+04 1.5707963268e+00 9.0340060984e-02
7.2714960173e-06 1.4729866988e+04 1.5707963268e+00 9.3349818122e-02
7.5059610065e-06 1.4730266449e+04 1.5707963268e+00 9.6359417287e-02
7.7404163714e-06 1.4730678819e+04 1.5707963268e+00 9.9368853217e-02
7.9748618024e-06 1.4731104100e+04 1.5707963268e+00 1.0237812065e-01
8.2092969900e-06 1.4731542295e+04 1.5707963268e+00 1.0538721432e-01
8.4437216246e-06 1.4731993405e+04 1.5707963268e+00 1.0839612898e-01
8.6781353968e-06 1.4732457434e+04 1.5707963268e+00 1.1140485936e-01
8.9125379972e-06 1.4732934383e+04 1.5707963268e+00 1.1441340020e-01
9.1469291167e-06 1.4733424256e+04 1.5707963268e+00 1.1742174624e-01
9.3813084460e-06 1.4733927054e+04 1.5707963268e+00 1.2042989223e-01
9.6156756760e-06 1.4734442782e+04 1.5707963268e+00 1.2343783290e-01
9.8500304979e-06 1.4734971440e+04 1.5707963268e+00 1.2644556300e-01
1.0084372603e-05 1.4735513034e+04 1.5707963268e+00 1.2945307727e-01
1.0318701681e-05 1.4736067564e+04 1.5707963268e+00 1.3246037046e-01
1.0553017426e-05 1.4736635035e+04 1.5707963268e+00 1.3546743730e-01
1.0787319527e-05 1.4737215449e+04 1.5707963268e+00 1.3847427255e-01
1.1021607676e-05 1.4737808810e+04 1.5707963268e+00 1.4148087094e-01
1.1255881565e-05 1.4738415120e+04 1.5707963268e+00 1.4448722722e-01
1.1490140886e-05 1.4739034383e+04 1.5707963268e+00 1.4749333614e-01
1.1724385331e-05 1.4739666603e+04 1.5707963268e+00 1.5049919245e-01
1.1958614590e-05 1.4740311783e+04 1.5707963268e+00 1.5350479089e-01
1.2192828358e-05 1.4740969926e+04 1.5707963268e+00 1.5651012621e-01
1.2427026325e-05 1.4741641035e+04 1.5707963268e+00 1.5951519315e-01
1.2661208184e-05 1.4742325115e+04 1.5707963268e+00 1.6251998648e-01
1.2895373628e-05 1.4743022170e+04 1.5707963268e+00 1.6552450093e-01
1.3129522349e-05 1.4743732202e+04 1.5707963268e+00 1.6852873126e-01
1.3363654039e-05 1.4744455216e+04 1.5707963268e+00 1.7153267222e-01
1.3597768392e-05 1.4745191216e+04 1.5707963268e+00 1.7453631856e-01
1.3831865101e-05 1.4745940206e+04 1.5707963268e+00 1.7753966503e-01
1.4065943858e-05 1.4746702189e+04 1.5707963268e+00 1.8054270639e-01
1.4300004357e-05 1.4747477171e+04 1.5707963268e+00 1.8354543740e-01
1.4534046291e-05 1.4748265154e+04 1.5707963268e+00 1.8654785279e-01
1.4768069354e-05 1.4749066144e+04 1.5707963268e+00 1.8954994734e-01
1.5002073239e-05 1.4749880145e+04 1.5707963268e+00 1.9255171580e-01
1.5236057641e-05 1.4750707160e+04 1.5707963268e+00 1.9555315292e-01
1.5470022252e-05 1.4751547195e+04 1.5707963268e+00 1.9855425346e-01
1.5703966768e-05 1.4752400254e+04 1.5707963268e+00 2.0155501219e-01
1.5937890882e-05 1.4753266342e+04 1.5707963268e+00 2.0455542386e-01
1.6171794289e-05 1.4754145464e+04 1.5707963268e+00 2.0755548323e-01
1.6405676683e-05 1.4755037623e+04 1.5707963268e+00 2.1055518506e-01
1.6639537760e-05 1.4755942825e+04 1.5707963268e+00 2.1355452412e-01
1.6873377214e-05 1.4756861076e+04 1.5707963268e+00 2.1655349517e-01
1.7107194740e-05 1.4757792378e+04 1.5707963268e+00 2.1955209297e-01
1.7340990033e-05 1.4758736739e+04 1.5707963268e+00 2.2255031229e-01
1.7574762789e-05 1.4759694163e+04 1.5707963268e+00 2.2554814789e-01
1.7808512704e-05 1.4760664654e+04 1.5707963268e+00 2.2854559455e-01
1.8042239473e-05 1.4761648219e+04 1.5707963268e+00 2.3154264702e-01
1.8275942792e-05 1.4762644862e+04 1.5707963268e+00 2.3453930008e-01
1.8509622357e-05 1.4763654589e+04 1.5707963268e+00 2.3753554850e-01
1.8743277864e-05 1.4764677406e+04 1.5707963268e+00 2.4053138705e-01
1.8976909011e-05 1.4765713317e+04 1.5707963268e+00 2.4352681049e-01
1.9210515493e-05 1.4766762329e+04 1.5707963268e+00 2.4652181361e-01
1.9444097008e-05 1.4767824446e+04 1.5707963268e+00 2.4951639118e-01
1.9677653253e-05 1.4768899675e+04 1.5707963268e+00 2.5251053797e-01
1.9911183924e-05 1.4769988022e+04 1.5707963268e+00 2.5550424876e-01
2.0144688720e-05 1.4771089492e+04 1.5707963268e+00 2.5849751833e-01
2.0378167337e-05 1.4772204091e+04 1.5707963268e+00 2.6149034145e-01
2.0611619475e-05 1.4773331825e+04 1.5707963268e+00 2.6448271291e-01
2.0845044830e-05 1.4774472700e+04 1.5707963268e+00 2.6747462748e-01
2.1078443102e-05 1.4775626723e+04 1.5707963268e+00 2.7046607994e-01
2.1311813988e-05 1.4776793899e+04 1.5707963268e+00 2.7345706509e-01
2.1545157187e-05 1.4777974234e+04 1.5707963268e+00 2.7644757770e-01
2.1778472399e-05 1.4779167735e+04 1.5707963268e+00 2.7943761256e-01
2.2011759322e-05 1.4780374409e+04 1.5707963268e+00 2.8242716446e-01
2.2245017655e-05 1.4781594261e+04 1.5707963268e+00 2.8541622818e-01
2.2478247099e-05 1.4782827298e+04 1.5707963268e+00 2.8840479852e-01
2.2711447353e-05 1.4784073527e+04 1.5707963268e+00 2.9139287026e-01
2.2944618117e-05 1.4785332955e+04 1.5707963268e+00 2.9438043819e-01
2.3177759092e-05 1.4786605587e+04 1.5707963268e+00 2.9736749712e-01
2.3410869977e-05 1.4787891431e+04 1.5707963268e+00 3.0035404183e-01
2.3643950473e-05 1.4789190494e+04 1.5707963268e+00 3.0334006712e-01
2.3877000282e-05 1.4790502782e+04 1.5707963268e+00 3.0632556779e-01
2.4110019105e-05 1.4791828302e+04 1.5707963268e+00 3.0931053863e-01
2.4343006642e-05 1.4793167062e+04 1.5707963268e+00 3.1229497445e-01
2.4575962597e-05 1.4794519068e+04 1.5707963268e+00 3.1527887004e-01
2.4808886670e-05 1.4795884328e+04 1.5707963268e+00 3.1826222022e-01
2.5041778563e-05 1.4797262849e+04 1.5707963268e+00 3.2124501978e-01
2.5274637980e-05 1.4798654638e+04 1.5707963268e+00 3.2422726353e-01
2.5507464623e-05 1.4800059702e+04 1.5707963268e+00 3.2720894627e-01
2.5740258194e-05 1.4801478048e+04 1.5707963268e+00 3.3019006282e-01
2.5973018398e-05 1.4802909685e+04 1.5707963268e+00 3.3317060799e-01
2.6205744937e-05 1.4804354620e+04 1.5707963268e+00 3.3615057659e-01
2.6438437515e-05 1.4805812860e+04 1.5707963268e+00 3.3912996343e-01
2.6671095836e-05 1.4807284413e+04 1.5707963268e+00 3.4210876332e-01
2.6903719604e-05 1.4808769287e+04 1.5707963268e+00 3.4508697109e-01
2.7136308524e-05 1.4810267489e+04 1.5707963268e+00 3.4806458155e-01
2.7368862301e-05 1.4811779027e+04 1.5707963268e+00 3.5104158952e-01
2.7601380639e-05 1.4813303909e+04 1.5707963268e+00 3.5401798982e-01
2.7833863245e-05 1.4814842144e+04 1.5707963268e+00 3.5699377727e-01
2.8066309822e-05 1.4816393738e+04 1.5707963268e+00 3.5996894671e-01
2.8298720079e-05 1.4817958701e+04 1.5707963268e+00 3.6294349295e-01
2.8531093720e-05 1.4819537040e+04 1.5707963268e+00 3.6591741083e-01
2.8763430452e-05 1.4821128763e+04 1.5707963268e+00 3.6889069517e-01
2.8995729982e-05 1.4822733880e+04 1.5707963268e+00 3.7186334081e-01
2.9227992017e-05 1.4824352397e+04 1.5707963268e+00 3.7483534258e-01
2.9460216265e-05 1.4825984324e+04 1.5707963268e+00 3.7780669531e-01
2.9692402432e-05 1.4827629669e+04 1.5707963268e+00 3.8077739385e-01
2.9924550227e-05 1.4829288440e+04 1.5707963268e+00 3.8374743302e-01
3.0156659358e-05 1.4830960646e+04 1.5707963268e+00 3.8671680768e-01
3.0388729534e-05 1.4832646296e+04 1.5707963268e+00 3.8968551266e-01
3.0620760463e-05 1.4834345398e+04 1.5707963268e+00 3.9265354281e-01
3.0852751855e-05 1.4836057961e+04 1.5707963268e+00 3.9562089298e-01
3.1084703419e-05 1.4837783994e+04 1.5707963268e+00 3.9858755801e-01
3.1316614865e-05 1.4839523506e+04 1.5707963268e+00 4.0155353275e-01
3.1548485903e-05 1.4841276505e+04 1.5707963268e+00 4.0451881206e-01
3.1780316243e-05 1.4843043001e+04 1.5707963268e+00 4.0748339080e-01
3.2012105597e-05 1.4844823003e+04 1.5707963268e+00 4.1044726380e-01
3.2243853674e-05 1.4846616519e+04 1.5707963268e+00 4.1341042595e-01
3.2475560188e-05 1.4848423559e+04 1.5707963268e+00 4.1637287209e-01
3.2707224848e-05 1.4850244132e+04 1.5707963268e+00 4.1933459708e-01
3.2938847368e-05 1.4852078248e+04 1.5707963268e+00 4.2229559580e-01
3.3170427460e-05 1.4853925915e+04 1.5707963268e+00 4.2525586311e-01
3.3401964836e-05 1.4855787144e+04 1.5707963268e+00 4.2821539388e-01
3.3633459210e-05 1.4857661943e+04 1.5707963268e+00 4.3117418297e-01
3.3864910295e-05 1.4859550322e+04 1.5707963268e+00 4.3413222527e-01
3.4096317804e-05 1.4861452290e+04 1.5707963268e+00 4.3708951564e-01
3.4327681453e-05 1.4863367858e+04 1.5707963268e+00 4.4004604897e-01
3.4559000954e-05 1.4865297035e+04 1.5707963268e+00 4.4300182014e-01
3.4790276023e-05 1.4867239830e+04 1.5707963268e+00 4.4595682402e-01
3.5021506376e-05 1.4869196254e+04 1.5707963268e+00 4.4891105551e-01
3.5252691727e-05 1.4871166316e+04 1.5707963268e+00 4.5186450948e-01
3.5483831792e-05 1.4873150027e+04 1.5707963268e+00 4.5481718083e-01
3.5714926288e-05 1.4875147395e+04 1.5707963268e+00 4.5776906444e-01
3.5945974932e-05 1.4877158431e+04 1.5707963268e+00 4.6072015522e-01
3.6176977439e-05 1.4879183146e+04 1.5707963268e+00 4.6367044806e-01
3.6407933528e-05 1.4881221549e+04 1.5707963268e+00 4.6661993785e-01
3.6638842916e-05 1.4883273650e+04 1.5707963268e+00 4.6956861950e-01
3.6869705321e-05 1.4885339460e+04 1.5707963268e+00 4.7251648792e-01
3.7100520462e-05 1.4887418989e+04 1.5707963268e+00 4.7546353799e-01
3.7331288058e-05 1.4889512248e+04 1.5707963268e+00 4.7840976465e-01
3.7562007826e-05 1.4891619246e+04 1.5707963268e+00 4.8135516279e-01
3.7792679488e-05 1.4893739994e+04 1.5707963268e+00 4.8429972733e-01
3.8023302763e-05 1.4895874503e+04 1.5707963268e+00 4.8724345319e-01
3.8253877371e-05 1.4898022783e+04 1.5707963268e+00 4.9018633528e-01
3.8484403034e-05 1.4900184845e+04 1.5707963268e+00 4.9312836853e-01
3.8714879471e-05 1.4902360699e+04 1.5707963268e+00 4.9606954786e-01
3.8945306406e-05 1.4904550357e+04 1.5707963268e+00 4.9900986820e-01
3.9175683559e-05 1.4906753828e+04 1.5707963268e+00 5.0194932447e-01
3.9406010652e-05 1.4908971124e+04 1.5707963268e+00 5.0488791161e-01
3.9636287410e-05 1.4911202256e+04 1.5707963268e+00 5.0782562456e-01
3.9866513554e-05 1.4913447234e+04 1.5707963268e+00 5.1076245824e-01
4.0096688808e-05 1.4915706069e+04 1.5707963268e+00 5.1369840761e-01
4.0326812896e-05 1.4917978774e+04 1.5707963268e+00 5.1663346760e-01
4.0556885543e-05 1.4920265357e+04 1.5707963268e+00 5.1956763316e-01
4.0786906473e-05 1.4922565832e+04 1.5707963268e+00 5.2250089924e-01
4.1016875411e-05 1.4924880208e+04 1.5707963268e+00 5.2543326080e-01
4.1246792083e-05 1.4927208497e+04 1.5707963268e+00 5.2836471277e-01
4.1476656215e-05 1.4929550711e+04 1.5707963268e+00 5.3129525014e-01
4.1706467533e-05 1.4931906860e+04 1.5707963268e+00 5.3422486784e-01
4.1936225765e-05 1.4934276956e+04 1.5707963268e+00 5.3715356086e-01
4.2165930636e-05 1.4936661011e+04 1.5707963268e+00 5.4008132415e-01
4.2395581876e-05 1.4939059036e+04 1.5707963268e+00 5.4300815268e-01
4.2625179212e-05 1.4941471042e+04 1.5707963268e+00 5.4593404144e-01
4.2854722373e-05 1.4943897040e+04 1.5707963268e+00 5.4885898538e-01
4.3084211087e-05 1.4946337044e+04 1.5707963268e+00 5.5178297950e-01
4.3313645085e-05 1.4948791064e+04 1.5707963268e+00 5.5470601877e-01
4.3543024096e-05 1.4951259112e+04 1.5707963268e+00 5.5762809818e-01
4.3772347850e-05 1.4953741199e+04 1.5707963268e+00 5.6054921273e-01
4.4001616078e-05 1.4956237338e+04 1.5707963268e+00 5.6346935739e-01
4.4230828512e-05 1.4958747540e+04 1.5707963268e+00 5.6638852716e-01
4.4459984883e-05 1.4961271818e+04 1.5707963268e+00 5.6930671705e-01
4.4689084923e-05 1.4963810182e+04 1.5707963268e+00 5.7222392206e-01
4.4918128364e-05 1.4966362646e+04 1.5707963268e+00 5.7514013718e-01
4.5147114941e-05 1.4968929221e+04 1.5707963268e+00 5.7805535744e-01
4.5376044386e-05 1.4971509919e+04 1.5707963268e+00 5.8096957783e-01
4.5604916433e-05 1.4974104753e+04 1.5707963268e+00 5.8388279338e-01
4.5833730817e-05 1.4976713734e+04 1.5707963268e+00 5.8679499911e-01
4.6062487272e-05 1.4979336875e+04 1.5707963268e+00 5.8970619003e-01
4.6291185534e-05 1.4981974188e+04 1.5707963268e+00 5.9261636117e-01
4.6519825339e-05 1.4984625685e+04 1.5707963268e+00 5.9552550756e-01
4.6748406423e-05 1.4987291379e+04 1.5707963268e+00 5.9843362424e-01
4.6976928523e-05 1.4989971282e+04 1.5707963268e+00 6.0134070623e-01
4.7205391376e-05 1.4992665407e+04 1.5707963268e+00 6.0424674859e-01
4.7433794720e-05 1.4995373765e+04 1.5707963268e+00 6.0715174635e-01
4.7662138294e-05 1.4998096370e+04 1.5707963268e+00 6.1005569455e-01
4.7890421835e-05 1.5000833234e+04 1.5707963268e+00 6.1295858826e-01
4.8118645083e-05 1.5003584369e+04 1.5707963268e+00 6.1586042253e-01
4.8346807777e-05 1.5006349789e+04 1.5707963268e+00 6.1876119241e-01
4.8574909659e-05 1.5009129506e+04 1.5707963268e+00 6.2166089296e-01
4.8802950469e-05 1.5011923532e+04 1.5707963268e+00 6.2455951926e-01
4.9030929947e-05 1.5014731881e+04 1.5707963268e+00 6.2745706637e-01
4.9258847836e-05 1.5017554565e+04 1.5707963268e+00 6.3035352936e-01
4.9486703877e-05 1.5020391597e+04 1.5707963268e+00 6.3324890332e-01
4.9714497814e-05 1.5023242990e+04 1.5707963268e+00 6.3614318332e-01
4.9942229390e-05 1.5026108757e+04 1.5707963268e+00 6.3903636445e-01
5.0169898348e-05 1.5028988911e+04 1.5707963268e+00 6.4192844180e-01
5.0397504433e-05 1.5031883464e+04 1.5707963268e+00 6.4481941046e-01
5.0625047389e-05 1.5034792431e+04 1.5707963268e+00 6.4770926553e-01
5.0852526961e-05 1.5037715823e+04 1.5707963268e+00 6.5059800212e-01
5.1079942896e-05 1.5040653655e+04 1.5707963268e+00 6.5348561532e-01
5.1307294939e-05 1.5043605939e+04 1.5707963268e+00 6.5637210025e-01
5.1534582838e-05 1.5046572688e+04 1.5707963268e+00 6.5925745202e-01
5.1761806340e-05 1.5049553916e+04 1.5707963268e+00 6.6214166575e-01
5.1988965193e-05 1.5052549636e+04 1.5707963268e+00 6.6502473657e-01
5.2216059144e-05 1.5055559862e+04 1.5707963268e+00 6.6790665959e-01
5.2443087944e-05 1.5058584605e+04 1.5707963268e+00 6.7078742995e-01
5.2670051341e-05 1.5061623881e+04 1.5707963268e+00 6.7366704279e-01
5.2896949086e-05 1.5064677703e+04 1.5707963268e+00 6.7654549324e-01
5.3123780929e-05 1.5067746083e+04 1.5707963268e+00 6.7942277645e-01
5.3350546621e-05 1.5070829035e+04 1.5707963268e+00 6.8229888757e-01
5.3577245914e-05 1.5073926574e+04 1.5707963268e+00 6.8517382175e-01
5.3803878560e-05 1.5077038712e+04 1.5707963268e+00 6.8804757414e-01
5.4030444311e-05 1.5080165463e+04 1.5707963268e+00 6.9092013992e-01
5.4256942922e-05 1.5083306840e+04 1.5707963268e+00 6.9379151424e-01
5.4483374146e-05 1.5086462858e+04 1.5707963268e+00 6.9666169228e-01
5.4709737736e-05 1.5089633530e+04 1.5707963268e+00 6.9953066921e-01
5.4936033450e-05 1.5092818869e+04 1.5707963268e+00 7.0239844022e-01
5.5162261040e-05 1.5096018890e+04 1.5707963268e+00 7.0526500048e-01
5.5388420265e-05 1.5099233607e+04 1.5707963268e+00 7.0813034519e-01
5.5614510880e-05 1.5102463032e+04 1.5707963268e+00 7.1099446955e-01
5.5840532643e-05 1.5105707180e+04 1.5707963268e+00 7.1385736874e-01
5.6066485311e-05 1.5108966065e+04 1.5707963268e+00 7.1671903798e-01
5.6292368643e-05 1.5112239701e+04 1.5707963268e+00 7.1957947248e-01
5.6518182397e-05 1.5115528102e+04 1.5707963268e+00 7.2243866744e-01
5.6743926334e-05 1.5118831281e+04 1.5707963268e+00 7.2529661810e-01
5.6969600213e-05 1.5122149253e+04 1.5707963268e+00 7.2815331966e-01
5.7195203794e-05 1.5125482032e+04 1.5707963268e+00 7.3100876736e-01
5.7420736840e-05 1.5128829632e+04 1.5707963268e+00 7.3386295643e-01
5.7646199112e-05 1.5132192066e+04 1.5707963268e+00 7.3671588212e-01
5.7871590372e-05 1.5135569350e+04 1.5707963268e+00 7.3956753966e-01
5.8096910383e-05 1.5138961496e+04 1.5707963268e+00 7.4241792430e-01
5.8322158909e-05 1.5142368521e+04 1.5707963268e+00 7.4526703130e-01
5.8547335715e-05 1.5145790436e+04 1.5707963268e+00 7.4811485592e-01
5.8772440564e-05 1.5149227258e+04 1.5707963268e+00 7.5096139342e-01
5.8997473222e-05 1.5152678999e+04 1.5707963268e+00 7.5380663906e-01
5.9222433455e-05 1.5156145675e+04 1.5707963268e+00 7.5665058814e-01
5.9447321030e-05 1.5159627300e+04 1.5707963268e+00 7.5949323592e-01
5.9672135714e-05 1.5163123887e+04 1.5707963268e+00 7.6233457769e-01
5.9896877274e-05 1.5166635453e+04 1.5707963268e+00 7.6517460874e-01
6.0121545480e-05 1.5170162009e+04 1.5707963268e+00 7.6801332437e-01
6.0346140099e-05 1.5173703573e+04 1.5707963268e+00 7.7085071988e-01
6.0570660902e-05 1.5177260156e+04 1.5707963268e+00 7.7368679058e-01
6.0795107659e-05 1.5180831775e+04 1.5707963268e+00 7.7652153177e-01
6.1019480140e-05 1.5184418444e+04 1.5707963268e+00 7.7935493879e-01
6.1243778117e-05 1.5188020177e+04 1.5707963268e+00 7.8218700694e-01
6.1468001362e-05 1.5191636989e+04 1.5707963268e+00 7.8501773157e-01
6.1692149649e-05 1.5195268894e+04 1.5707963268e+00 7.8784710800e-01
6.1916222749e-05 1.5198915906e+04 1.5707963268e+00 7.9067513158e-01
6.2140220437e-05 1.5202578042e+04 1.5707963268e+00 7.9350179765e-01
6.2364142488e-05 1.5206255314e+04 1.5707963268e+00 7.9632710157e-01
6.2587988676e-05 1.5209947738e+04 1.5707963268e+00 7.9915103869e-01
6.2811758778e-05 1.5213655329e+04 1.5707963268e+00 8.0197360438e-01
6.3035452571e-05 1.5217378101e+04 1.5707963268e+00 8.0479479401e-01
6.3259069830e-05 1.5221116069e+04 1.5707963268e+00 8.0761460295e-01
6.3482610334e-05 1.5224869247e+04 1.5707963268e+00 8.1043302659e-01
6.3706073861e-05 1.5228637651e+04 1.5707963268e+00 8.1325006031e-01
6.3929460191e-05 1.5232421295e+04 1.5707963268e+00 8.1606569950e-01
6.4152769102e-05 1.5236220194e+04 1.5707963268e+00 8.1887993958e-01
6.4376000376e-05 1.5240034363e+04 1.5707963268e+00 8.2169277593e-01
6.4599153793e-05 1.5243863816e+04 1.5707963268e+00 8.2450420398e-01
6.4822229134e-05 1.5247708569e+04 1.5707963268e+00 8.2731421913e-01
6.5045226183e-05 1.5251568636e+04 1.5707963268e+00 8.3012281683e-01
6.5268144721e-05 1.5255444033e+04 1.5707963268e+00 8.3292999249e-01
6.5490984533e-05 1.5259334774e+04 1.5707963268e+00 8.3573574155e-01
6.5713745403e-05 1.5263240874e+04 1.5707963268e+00 8.3854005946e-01
6.5936427115e-05 1.5267162348e+04 1.5707963268e+00 8.4134294167e-01
6.6159029455e-05 1.5271099211e+04 1.5707963268e+00 8.4414438363e-01
6.6381552209e-05 1.5275051478e+04 1.5707963268e+00 8.4694438080e-01
6.6603995164e-05 1.5279019163e+04 1.5707963268e+00 8.4974292865e-01
6.6826358109e-05 1.5283002283e+04 1.5707963268e+00 8.5254002267e-01
6.7048640830e-05 1.5287000852e+04 1.5707963268e+00 8.5533565832e-01
6.7270843116e-05 1.5291014885e+04 1.5707963268e+00 8.5812983110e-01
6.7492964758e-05 1.5295044397e+04 1.5707963268e+00 8.6092253650e-01
6.7715005546e-05 1.5299089404e+04 1.5707963268e+00 8.6371377002e-01
6.7936965269e-05 1.5303149919e+04 1.5707963268e+00 8.6650352718e-01
6.8158843721e-05 1.5307225959e+04 1.5707963268e+00 8.6929180348e-01
6.8380640693e-05 1.5311317538e+04 1.5707963268e+00 8.7207859445e-01
6.8602355978e-05 1.5315424672e+04 1.5707963268e+00 8.7486389562e-01
6.8823989370e-05 1.5319547375e+04 1.5707963268e+00 8.7764770252e-01
6.9045540662e-05 1.5323685663e+04 1.5707963268e+00 8.8043001070e-01
6.9267009651e-05 1.5327839552e+04 1.5707963268e+00 8.8321081570e-01
6.9488396132e-05 1.5332009055e+04 1.5707963268e+00 8.8599011308e-01
6.9709699900e-05 1.5336194188e+04 1.5707963268e+00 8.8876789840e-01
6.9930920754e-05 1.5340394968e+04 1.5707963268e+00 8.9154416723e-01
7.0152058490e-05 1.5344611407e+04 1.5707963268e+00 8.9431891515e-01
7.0373112908e-05 1.5348843523e+04 1.5707963268e+00 8.9709213774e-01
7.0594083806e-05 1.5353091330e+04 1.5707963268e+00 8.9986383060e-01
7.0814970985e-05 1.5357354842e+04 1.5707963268e+00 9.0263398933e-01
7.1035774244e-05 1.5361634077e+04 1.5707963268e+00 9.0540260952e-01
7.1256493385e-05 1.5365929048e+04 1.5707963268e+00 9.0816968679e-01
7.1477128211e-05 1.5370239771e+04 1.5707963268e+00 9.1093521676e-01
7.1697678523e-05 1.5374566262e+04 1.5707963268e+00 9.1369919506e-01
7.1918144125e-05 1.5378908535e+04 1.5707963268e+00 9.1646161733e-01
7.2138524821e-05 1.5383266605e+04 1.5707963268e+00 9.1922247920e-01
7.2358820416e-05 1.5387640489e+04 1.5707963268e+00 9.2198177633e-01
7.2579030715e-05 1.5392030201e+04 1.5707963268e+00 9.2473950437e-01
7.2799155525e-05 1.5396435757e+04 1.5707963268e+00 9.2749565899e-01
7.3019194653e-05 1.5400857171e+04 1.5707963268e+00 9.3025023585e-01
7.3239147906e-05 1.5405294460e+04 1.5707963268e+00 9.3300323065e-01
7.3459015092e-05 1.5409747638e+04 1.5707963268e+00 9.3575463906e-01
7.3678796020e-05 1.5414216721e+04 1.5707963268e+00 9.3850445678e-01
7.3898490501e-05 1.5418701723e+04 1.5707963268e+00 9.4125267952e-01
7.4118098345e-05 1.5423202661e+04 1.5707963268e+00 9.4399930299e-01
7.4337619363e-05 1.5427719550e+04 1.5707963268e+00 9.4674432289e-01
7.4557053368e-05 1.5432252405e+04 1.5707963268e+00 9.4948773497e-01
7.4776400171e-05 1.5436801241e+04 1.5707963268e+00 9.5222953495e-01
7.4995659586e-05 1.5441366073e+04 1.5707963268e+00 9.5496971857e-01
7.5214831427e-05 1.5445946918e+04 1.5707963268e+00 9.5770828159e-01
7.5433915510e-05 1.5450543789e+04 1.5707963268e+00 9.6044521976e-01
7.5652911650e-05 1.5455156703e+04 1.5707963268e+00 9.6318052885e-01
7.5871819663e-05 1.5459785675e+04 1.5707963268e+00 9.6591420463e-01
7.6090639367e-05 1.5464430720e+04 1.5707963268e+00 9.6864624289e-01
7.6309370579e-05 1.5469091854e+04 1.5707963268e+00 9.7137663941e-01
7.6528013117e-05 1.5473769091e+04 1.5707963268e+00 9.7410539000e-01
7.6746566802e-05 1.5478462447e+04 1.5707963268e+00 9.7683249045e-01
7.6965031453e-05 1.5483171938e+04 1.5707963268e+00 9.7955793658e-01
7.7183406891e-05 1.5487897578e+04 1.5707963268e+00 9.8228172423e-01
7.7401692937e-05 1.5492639383e+04 1.5707963268e+00 9.8500384921e-01
7.7619889414e-05 1.5497397369e+04 1.5707963268e+00 9.8772430737e-01
7.7837996145e-05 1.5502171550e+04 1.5707963268e+00 9.9044309455e-01
7.8056012954e-05 1.5506961942e+04 1.5707963268e+00 9.9316020662e-01
7.8273939665e-05 1.5511768560e+04 1.5707963268e+00 9.9587563943e-01
7.8491776103e-05 1.5516591420e+04 1.5707963268e+00 9.9858938887e-01
7.8709522095e-05 1.5521430536e+04 1.5707963268e+00 1.0013014508e+00
7.8927177468e-05 1.5526285924e+04 1.5707963268e+00 1.0040118211e+00
7.9144742048e-05 1.5531157600e+04 1.5707963268e+00 1.0067204958e+00
7.9362215665e-05 1.5536045578e+04 1.5707963268e+00 1.0094274706e+00
7.9579598146e-05 1.5540949874e+04 1.5707963268e+00 1.0121327415e+00
7.9796889323e-05 1.5545870502e+04 1.5707963268e+00 1.0148363045e+00
8.0014089026e-05 1.5550807479e+04 1.5707963268e+00 1.0175381555e+00
8.0231197086e-05 1.5555760820e+04 1.5707963268e+00 1.0202382904e+00
8.0448213335e-05 1.5560730539e+04 1.5707963268e+00 1.0229367051e+00
8.0665137606e-05 1.5565716652e+04 1.5707963268e+00 1.0256333957e+00
8.0881969733e-05 1.5570719175e+04 1.5707963268e+00 1.0283283581e+00
8.1098709550e-05 1.5575738121e+04 1.5707963268e+00 1.0310215883e+00
8.1315356892e-05 1.5580773508e+04 1.5707963268e+00 1.0337130822e+00
8.1531911596e-05 1.5585825349e+04 1.5707963268e+00 1.0364028359e+00
8.1748373497e-05 1.5590893659e+04 1.5707963268e+00 1.0390908454e+00
8.1964742435e-05 1.5595978455e+04 1.5707963268e+00 1.0417771067e+00
8.2181018246e-05 1.5601079751e+04 1.5707963268e+00 1.0444616158e+00
8.2397200769e-05 1.5606197563e+04 1.5707963268e+00 1.0471443687e+00
8.2613289846e-05 1.5611331904e+04 1.5707963268e+00 1.0498253615e+00
8.2829285315e-05 1.5616482792e+04 1.5707963268e+00 1.0525045902e+00
8.3045187020e-05 1.5621650240e+04 1.5707963268e+00 1.0551820510e+00
8.3260994801e-05 1.5626834264e+04 1.5707963268e+00 1.0578577398e+00
8.3476708501e-05 1.5632034878e+04 1.5707963268e+00 1.0605316528e+00
8.3692327965e-05 1.5637252099e+04 1.5707963268e+00 1.0632037860e+00
8.3907853037e-05 1.5642485940e+04 1.5707963268e+00 1.0658741356e+00
8.4123283562e-05 1.5647736418e+04 1.5707963268e+00 1.0685426976e+00
8.4338619386e-05 1.5653003546e+04 1.5707963268e+00 1.0712094682e+00
8.4553860357e-05 1.5658287340e+04 1.5707963268e+00 1.0738744435e+00
8.4769006320e-05 1.5663587816e+04 1.5707963268e+00 1.0765376196e+00
8.4984057126e-05 1.5668904987e+04 1.5707963268e+00 1.0791989927e+00
8.5199012623e-05 1.5674238869e+04 1.5707963268e+00 1.0818585589e+00
8.5413872661e-05 1.5679589477e+04 1.5707963268e+00 1.0845163144e+00
8.5628637091e-05 1.5684956826e+04 1.5707963268e+00 1.0871722554e+00
8.5843305765e-05 1.5690340930e+04 1.5707963268e+00 1.0898263781e+00
8.6057878534e-05 1.5695741806e+04 1.5707963268e+00 1.0924786787e+00
8.6272355253e-05 1.5701159466e+04 1.5707963268e+00 1.0951291533e+00
8.6486735774e-05 1.5706593927e+04 1.5707963268e+00 1.0977777982e+00
8.6701019953e-05 1.5712045202e+04 1.5707963268e+00 1.1004246096e+00
8.6915207645e-05 1.5717513308e+04 1.5707963268e+00 1.1030695837e+00
8.7129298706e-05 1.5722998259e+04 1.5707963268e+00 1.1057127169e+00
8.7343292994e-05 1.5728500068e+04 1.5707963268e+00 1.1083540053e+00
8.7557190367e-05 1.5734018753e+04 1.5707963268e+00 1.1109934452e+00
8.7770990682e-05 1.5739554326e+04 1.5707963268e+00 1.1136310329e+00
8.7984693801e-05 1.5745106802e+04 1.5707963268e+00 1.1162667646e+00
8.8198299582e-05 1.5750676197e+04 1.5707963268e+00 1.1189006368e+00
8.8411807887e-05 1.5756262525e+04 1.5707963268e+00 1.1215326456e+00
8.8625218578e-05 1.5761865801e+04 1.5707963268e+00 1.1241627875e+00
8.8838531517e-05 1.5767486039e+04 1.5707963268e+00 1.1267910586e+00
8.9051746568e-05 1.5773123254e+04 1.5707963268e+00 1.1294174554e+00
8.9264863596e-05 1.5778777460e+04 1.5707963268e+00 1.1320419743e+00
8.9477882465e-05 1.5784448673e+04 1.5707963268e+00 1.1346646115e+00
8.9690803042e-05 1.5790136906e+04 1.5707963268e+00 1.1372853634e+00
8.9903625192e-05 1.5795842174e+04 1.5707963268e+00 1.1399042265e+00
9.0116348784e-05 1.5801564491e+04 1.5707963268e+00 1.1425211971e+00
9.0328973686e-05 1.5807303872e+04 1.5707963268e+00 1.1451362716e+00
9.0541499766e-05 1.5813060332e+04 1.5707963268e+00 1.1477494464e+00
9.0753926895e-05 1.5818833885e+04 1.5707963268e+00 1.1503607180e+00
9.0966254944e-05 1.5824624544e+04 1.5707963268e+00 1.1529700827e+00
9.1178483784e-05 1.5830432325e+04 1.5707963268e+00 1.1555775371e+00
9.1390613287e-05 1.5836257242e+04 1.5707963268e+00 1.1581830776e+00
9.1602643327e-05 1.5842099310e+04 1.5707963268e+00 1.1607867006e+00
9.1814573777e-05 1.5847958541e+04 1.5707963268e+00 1.1633884026e+00
9.2026404512e-05 1.5853834951e+04 1.5707963268e+00 1.1659881802e+00
9.2238135408e-05 1.5859728554e+04 1.5707963268e+00 1.1685860297e+00
9.2449766341e-05 1.5865639364e+04 1.5707963268e+00 1.1711819478e+00
9.2661297188e-05 1.5871567395e+04 1.5707963268e+00 1.1737759309e+00
9.2872727828e-05 1.5877512662e+04 1.5707963268e+00 1.1763679756e+00
9.3084058139e-05 1.5883475177e+04 1.5707963268e+00 1.1789580784e+00
9.3295288000e-05 1.5889454957e+04 1.5707963268e+00 1.1815462358e+00
9.3506417292e-05 1.5895452013e+04 1.5707963268e+00 1.1841324445e+00
9.3717445897e-05 1.5901466361e+04 1.5707963268e+00 1.1867167010e+00
9.3928373696e-05 1.5907498015e+04 1.5707963268e+00 1.1892990019e+00
9.4139200573e-05 1.5913546988e+04 1.5707963268e+00 1.1918793438e+00
9.4349926410e-05 1.5919613294e+04 1.5707963268e+00 1.1944577233e+00
9.4560551092e-05 1.5925696947e+04 1.5707963268e+00 1.1970341370e+00
9.4771074505e-05 1.5931797961e+04 1.5707963268e+00 1.1996085816e+00
9.4981496535e-05 1.5937916350e+04 1.5707963268e+00 1.2021810536e+00
9.5191817069e-05 1.5944052128e+04 1.5707963268e+00 1.2047515498e+00
9.5402035994e-05 1.5950205307e+04 1.5707963268e+00 1.2073200669e+00
9.5612153199e-05 1.5956375903e+04 1.5707963268e+00 1.2098866014e+00
9.5822168573e-05 1.5962563929e+04 1.5707963268e+00 1.2124511502e+00
9.6032082007e-05 1.5968769397e+04 1.5707963268e+00 1.2150137098e+00
9.6241893391e-05 1.5974992323e+04 1.5707963268e+00 1.2175742770e+00
9.6451602617e-05 1.5981232719e+04 1.5707963268e+00 1.2201328486e+00
9.6661209578e-05 1.5987490599e+04 1.5707963268e+00 1.2226894212e+00
9.6870714168e-05 1.5993765976e+04 1.5707963268e+00 1.2252439916e+00
9.7080116280e-05 1.6000058865e+04 1.5707963268e+00 1.2277965566e+00
9.7289415809e-05 1.6006369278e+04 1.5707963268e+00 1.2303471129e+00
9.7498612652e-05 1.6012697228e+04 1.5707963268e+00 1.2328956574e+00
9.7707706705e-05 1.6019042729e+04 1.5707963268e+00 1.2354421868e+00
9.7916697866e-05 1.6025405795e+04 1.5707963268e+00 1.2379866979e+00
9.8125586033e-05 1.6031786439e+04 1.5707963268e+00 1.2405291875e+00
9.8334371104e-05 1.6038184673e+04 1.5707963268e+00 1.2430696526e+00
9.8543052981e-05 1.6044600511e+04 1.5707963268e+00 1.2456080898e+00
9.8751631564e-05 1.6051033966e+04 1.5707963268e+00 1.2481444961e+00
9.8960106753e-05 1.6057485052e+04 1.5707963268e+00 1.2506788684e+00
9.9168478453e-05 1.6063953781e+04 1.5707963268e+00 1.2532112034e+00
9.9376746565e-05 1.6070440167e+04 1.5707963268e+00 1.2557414982e+00
9.9584910995e-05 1.6076944222e+04 1.5707963268e+00 1.2582697496e+00
9.9792971646e-05 1.6083465959e+04 1.5707963268e+00 1.2607959545e+00
1.0000092842e-04 1.6090005391e+04 1.5707963268e+00 1.2633201099e+00
1.0020878124e-04 1.6096562531e+04 1.5707963268e+00 1.2658422126e+00
1.0041652999e-04 1.6103137393e+04 1.5707963268e+00 1.2683622597e+00
1.0062417459e-04 1.6109729988e+04 1.5707963268e+00 1.2708802481e+00
1.0083171495e-04 1.6116340329e+04 1.5707963268e+00 1.2733961748e+00
1.0103915098e-04 1.6122968430e+04 1.5707963268e+00 1.2759100367e+00
1.0124648259e-04 1.6129614302e+04 1.5707963268e+00 1.2784218309e+00
1.0145370969e-04 1.6136277958e+04 1.5707963268e+00 1.2809315544e+00
1.0166083218e-04 1.6142959412e+04 1.5707963268e+00 1.2834392042e+00
1.0186785000e-04 1.6149658675e+04 1.5707963268e+00 1.2859447774e+00
1.0207476304e-04 1.6156375759e+04 1.5707963268e+00 1.2884482709e+00
1.0228157123e-04 1.6163110679e+04 1.5707963268e+00 1.2909496819e+00
1.0248827447e-04 1.6169863444e+04 1.5707963268e+00 1.2934490074e+00
1.0269487269e-04 1.6176634069e+04 1.5707963268e+00 1.2959462446e+00
1.0290136580e-04 1.6183422565e+04 1.5707963268e+00 1.2984413904e+00
1.0310775372e-04 1.6190228945e+04 1.5707963268e+00 1.3009344421e+00
1.0331403636e-04 1.6197053221e+04 1.5707963268e+00 1.3034253968e+00
1.0352021366e-04 1.6203895404e+04 1.5707963268e+00 1.3059142516e+00
1.0372628552e-04 1.6210755508e+04 1.5707963268e+00 1.3084010036e+00
1.0393225188e-04 1.6217633543e+04 1.5707963268e+00 1.3108856500e+00
1.0413811264e-04 1.6224529523e+04 1.5707963268e+00 1.3133681880e+00
1.0434386774e-04 1.6231443459e+04 1.5707963268e+00 1.3158486148e+00
1.0454951709e-04 1.6238375362e+04 1.5707963268e+00 1.3183269275e+00
1.0475506062e-04 1.6245325246e+04 1.5707963268e+00 1.3208031235e+00
1.0496049827e-04 1.6252293121e+04 1.5707963268e+00 1.3232771998e+00
1.0516582994e-04 1.6259278999e+04 1.5707963268e+00 1.3257491538e+00
1.0537105557e-04 1.6266282893e+04 1.5707963268e+00 1.3282189828e+00
1.0557617509e-04 1.6273304813e+04 1.5707963268e+00 1.3306866839e+00
1.0578118843e-04 1.6280344772e+04 1.5707963268e+00 1.3331522545e+00
1.0598609550e-04 1.6287402780e+04 1.5707963268e+00 1.3356156918e+00
1.0619089626e-04 1.6294478850e+04 1.5707963268e+00 1.3380769932e+00
1.0639559061e-04 1.6301572993e+04 1.5707963268e+00 1.3405361559e+00
1.0660017851e-04 1.6308685221e+04 1.5707963268e+00 1.3429931774e+00
1.0680465987e-04 1.6315815544e+04 1.5707963268e+00 1.3454480549e+00
1.0700903463e-04 1.6322963974e+04 1.5707963268e+00 1.3479007858e+00
1.0721330273e-04 1.6330130522e+04 1.5707963268e+00 1.3503513675e+00
1.0741746410e-04 1.6337315200e+04 1.5707963268e+00 1.3527997973e+00
1.0762151867e-04 1.6344518018e+04 1.5707963268e+00 1.3552460727e+00
1.0782546639e-04 1.6351738988e+04 1.5707963268e+00 1.3576901911e+00
1.0802930718e-04 1.6358978120e+04 1.5707963268e+00 1.3601321498e+00
1.0823304100e-04 1.6366235427e+04 1.5707963268e+00 1.3625719464e+00
1.0843666777e-04 1.6373510918e+04 1.5707963268e+00 1.3650095783e+00
1.0864018743e-04 1.6380804604e+04 1.5707963268e+00 1.3674450429e+00
1.0884359993e-04 1.6388116497e+04 1.5707963268e+00 1.3698783377e+00
1.0904690521e-04 1.6395446607e+04 1.5707963268e+00 1.3723094602e+00
1.0925010321e-04 1.6402794945e+04 1.5707963268e+00 1.3747384079e+00
1.0945319386e-04 1.6410161521e+04 1.5707963268e+00 1.3771651783e+00
1.0965617712e-04 1.6417546347e+04 1.5707963268e+00 1.3795897690e+00
1.0985905294e-04 1.6424949432e+04 1.5707963268e+00 1.3820121774e+00
1.1006182124e-04 1.6432370787e+04 1.5707963268e+00 1.3844324013e+00
1.1026448199e-04 1.6439810423e+04 1.5707963268e+00 1.3868504380e+00
1.1046703512e-04 1.6447268349e+04 1.5707963268e+00 1.3892662853e+00
1.1066948059e-04 1.6454744577e+04 1.5707963268e+00 1.3916799406e+00
1.1087181833e-04 1.6462239117e+04 1.5707963268e+00 1.3940914017e+00
1.1107404831e-04 1.6469751978e+04 1.5707963268e+00 1.3965006661e+00
1.1127617047e-04 1.6477283171e+04 1.5707963268e+00 1.3989077314e+00
1.1147818477e-04 1.6484832706e+04 1.5707963268e+00 1.4013125954e+00
1.1168009114e-04 1.6492400593e+04 1.5707963268e+00 1.4037152557e+00
1.1188188955e-04 1.6499986842e+04 1.5707963268e+00 1.4061157099e+00
1.1208357995e-04 1.6507591463e+04 1.5707963268e+00 1.4085139558e+00
1.1228516229e-04 1.6515214466e+04 1.5707963268e+00 1.4109099911e+00
1.1248663653e-04 1.6522855860e+04 1.5707963268e+00 1.4133038134e+00
1.1268800261e-04 1.6530515655e+04 1.5707963268e+00 1.4156954205e+00
1.1288926051e-04 1.6538193862e+04 1.5707963268e+00 1.4180848103e+00
1.1309041017e-04 1.6545890489e+04 1.5707963268e+00 1.4204719803e+00
1.1329145155e-04 1.6553605546e+04 1.5707963268e+00 1.4228569284e+00
1.1349238461e-04 1.6561339043e+04 1.5707963268e+00 1.4252396524e+00
1.1369320931e-04 1.6569090988e+04 1.5707963268e+00 1.4276201501e+00
1.1389392561e-04 1.6576861393e+04 1.5707963268e+00 1.4299984193e+00
1.1409453346e-04 1.6584650264e+04 1.5707963268e+00 1.4323744578e+00
1.1429503284e-04 1.6592457613e+04 1.5707963268e+00 1.4347482635e+00
1.1449542371e-04 1.6600283448e+04 1.5707963268e+00 1.4371198342e+00
1.1469570601e-04 1.6608127779e+04 1.5707963268e+00 1.4394891678e+00
1.1489587973e-04 1.6615990614e+04 1.5707963268e+00 1.4418562622e+00
1.1509594482e-04 1.6623871962e+04 1.5707963268e+00 1.4442211152e+00
1.1529590126e-04 1.6631771832e+04 1.5707963268e+00 1.4465837249e+00
1.1549574899e-04 1.6639690234e+04 1.5707963268e+00 1.4489440891e+00
1.1569548800e-04 1.6647627176e+04 1.5707963268e+00 1.4513022057e+00
1.1589511825e-04 1.6655582666e+04 1.5707963268e+00 1.4536580727e+00
1.1609463971e-04 1.6663556714e+04 1.5707963268e+00 1.4560116881e+00
1.1629405234e-04 1.6671549328e+04 1.5707963268e+00 1.4583630499e+00
1.1649335612e-04 1.6679560516e+04 1.5707963268e+00 1.4607121561e+00
1.1669255102e-04 1.6687590288e+04 1.5707963268e+00 1.4630590046e+00
1.1689163701e-04 1.6695638651e+04 1.5707963268e+00 1.4654035934e+00
1.1709061405e-04 1.6703705614e+04 1.5707963268e+00 1.4677459208e+00
1.1728948213e-04 1.6711791185e+04 1.5707963268e+00 1.4700859846e+00
1.1748824122e-04 1.6719895373e+04 1.5707963268e+00 1.4724237829e+00
1.1768689129e-04 1.6728018186e+04 1.5707963268e+00 1.4747593139e+00
1.1788543231e-04 1.6736159631e+04 1.5707963268e+00 1.4770925755e+00
1.1808386427e-04 1.6744319717e+04 1.5707963268e+00 1.4794235660e+00
1.1828218713e-04 1.6752498451e+04 1.5707963268e+00 1.4817522835e+00
1.1848040089e-04 1.6760695842e+04 1.5707963268e+00 1.4840787260e+00
1.1867850550e-04 1.6768911898e+04 1.5707963268e+00 1.4864028918e+00
1.1887650096e-04 1.6777146626e+04 1.5707963268e+00 1.4887247790e+00
1.1907438723e-04 1.6785400034e+04 1.5707963268e+00 1.4910443857e+00
1.1927216432e-04 1.6793672130e+04 1.5707963268e+00 1.4933617102e+00
1.1946983218e-04 1.6801962921e+04 1.5707963268e+00 1.4956767507e+00
1.1966739081e-04 1.6810272414e+04 1.5707963268e+00 1.4979895054e+00
1.1986484018e-04 1.6818600618e+04 1.5707963268e+00 1.5002999725e+00
1.2006218029e-04 1.6826947539e+04 1.5707963268e+00 1.5026081503e+00
1.2025941111e-04 1.6835313185e+04 1.5707963268e+00 1.5049140371e+00
1.2045653262e-04 1.6843697563e+04 1.5707963268e+00 1.5072176311e+00
1.2065354483e-04 1.6852100680e+04 1.5707963268e+00 1.5095189305e+00
1.2085044770e-04 1.6860522544e+04 1.5707963268e+00 1.5118179338e+00
1.2104724123e-04 1.6868963161e+04 1.5707963268e+00 1.5141146393e+00
1.2124392540e-04 1.6877422538e+04 1.5707963268e+00 1.5164090452e+00
1.2144050020e-04 1.6885900682e+04 1.5707963268e+00 1.5187011499e+00
1.2163696563e-04 1.6894397601e+04 1.5707963268e+00 1.5209909518e+00
1.2183332166e-04 1.6902913300e+04 1.5707963268e+00 1.5232784493e+00
1.2202956830e-04 1.6911447787e+04 1.5707963268e+00 1.5255636407e+00
1.2222570553e-04 1.6920001068e+04 1.5707963268e+00 1.5278465245e+00
1.2242173334e-04 1.6928573149e+04 1.5707963268e+00 1.5301270991e+00
1.2261765173e-04 1.6937164038e+04 1.5707963268e+00 1.5324053629e+00
1.2281346069e-04 1.6945773740e+04 1.5707963268e+00 1.5346813143e+00
1.2300916022e-04 1.6954402262e+04 1.5707963268e+00 1.5369549519e+00
1.2320475030e-04 1.6963049610e+04 1.5707963268e+00 1.5392262740e+00
1.2340023093e-04 1.6971715790e+04 1.5707963268e+00 1.5414952793e+00
1.2359560211e-04 1.6980400809e+04 1.5707963268e+00 1.5437619661e+00
1.2379086384e-04 1.6989104673e+04 1.5707963268e+00 1.5460263331e+00
1.2398601611e-04 1.6997827387e+04 1.5707963268e+00 1.5482883787e+00
1.2418105893e-04 1.7006568957e+04 1.5707963268e+00 1.5505481015e+00
1.2437599228e-04 1.7015329390e+04 1.5707963268e+00 1.5528055000e+00
1.2457081617e-04 1.7024108691e+04 1.5707963268e+00 1.5550605729e+00
1.2476553060e-04 1.7032906865e+04 1.5707963268e+00 1.5573133188e+00
1.2496013558e-04 1.7041723919e+04 1.5707963268e+00 1.5595637361e+00
1.2515463109e-04 1.7050559858e+04 1.5707963268e+00 1.5618118236e+00
1.2534901715e-04 1.7059414687e+04 1.5707963268e+00 1.5640575799e+00
1.2554329376e-04 1.7068288412e+04 1.5707963268e+00 1.5663010036e+00
1.2573746091e-04 1.7077181038e+04 1.5707963268e+00 1.5685420935e+00
1.2593151863e-04 1.7086092570e+04 1.5707963268e+00 1.5707808481e+00
1.2612546690e-04 1.7095023015e+04 1.5707963268e+00 1.5730172661e+00
1.2631930573e-04 1.7103972376e+04 1.5707963268e+00 1.5752513463e+00
1.2651303514e-04 1.7112940658e+04 1.5707963268e+00 1.5774830874e+00
1.2670665513e-04 1.7121927868e+04 1.5707963268e+00 1.5797124882e+00
1.2690016570e-04 1.7130934009e+04 1.5707963268e+00 1.5819395473e+00
1.2709356687e-04 1.7139959087e+04 1.5707963268e+00 1.5841642635e+00
1.2728685864e-04 1.7149003106e+04 1.5707963268e+00 1.5863866356e+00
1.2748004102e-04 1.7158066071e+04 1.5707963268e+00 1.5886066625e+00
1.2767311403e-04 1.7167147987e+04 1.5707963268e+00 1.5908243428e+00
1.2786607767e-04 1.7176248857e+04 1.5707963268e+00 1.5930396755e+00
1.2805893196e-04 1.7185368688e+04 1.5707963268e+00 1.5952526593e+00
1.2825167691e-04 1.7194507482e+04 1.5707963268e+00 1.5974632932e+00
1.2844431252e-04 1.7203665245e+04 1.5707963268e+00 1.5996715759e+00
1.2863683882e-04 1.7212841980e+04 1.5707963268e+00 1.6018775063e+00
1.2882925582e-04 1.7222037692e+04 1.5707963268e+00 1.6040810834e+00
1.2902156354e-04 1.7231252385e+04 1.5707963268e+00 1.6062823060e+00
1.2921376198e-04 1.7240486063e+04 1.5707963268e+00 1.6084811731e+00
1.2940585117e-04 1.7249738729e+04 1.5707963268e+00 1.6106776836e+00
1.2959783112e-04 1.7259010388e+04 1.5707963268e+00 1.6128718364e+00
1.2978970185e-04 1.7268301044e+04 1.5707963268e+00 1.6150636305e+00
1.2998146337e-04 1.7277610700e+04 1.5707963268e+00 1.6172530650e+00
1.3017311571e-04 1.7286939360e+04 1.5707963268e+00 1.6194401386e+00
1.3036465889e-04 1.7296287027e+04 1.5707963268e+00 1.6216248506e+00
1.3055609293e-04 1.7305653705e+04 1.5707963268e+00 1.6238071999e+00
1.3074741784e-04 1.7315039397e+04 1.5707963268e+00 1.6259871854e+00
1.3093863364e-04 1.7324444108e+04 1.5707963268e+00 1.6281648064e+00
1.3112974037e-04 1.7333867839e+04 1.5707963268e+00 1.6303400618e+00
1.3132073804e-04 1.7343310595e+04 1.5707963268e+00 1.6325129507e+00
1.3151162667e-04 1.7352772377e+04 1.5707963268e+00 1.6346834722e+00
1.3170240629e-04 1.7362253191e+04 1.5707963268e+00 1.6368516255e+00
1.3189307693e-04 1.7371753037e+04 1.5707963268e+00 1.6390174095e+00
1.3208363860e-04 1.7381271920e+04 1.5707963268e+00 1.6411808235e+00
1.3227409134e-04 1.7390809842e+04 1.5707963268e+00 1.6433418667e+00
1.3246443516e-04 1.7400366806e+04 1.5707963268e+00 1.6455005381e+00
1.3265467010e-04 1.7409942815e+04 1.5707963268e+00 1.6476568369e+00
1.3284479619e-04 1.7419537871e+04 1.5707963268e+00 1.6498107624e+00
1.3303481345e-04 1.7429151976e+04 1.5707963268e+00 1.6519623137e+00
1.3322472191e-04 1.7438785133e+04 1.5707963268e+00 1.6541114900e+00
1.3341452159e-04 1.7448437345e+04 1.5707963268e+00 1.6562582907e+00
1.3360421254e-04 1.7458108614e+04 1.5707963268e+00 1.6584027148e+00
1.3379379478e-04 1.7467798942e+04 1.5707963268e+00 1.6605447618e+00
1.3398326834e-04 1.7477508331e+04 1.5707963268e+00 1.6626844308e+00
1.3417263325e-04 1.7487236783e+04 1.5707963268e+00 1.6648217212e+00
1.3436188955e-04 1.7496984301e+04 1.5707963268e+00 1.6669566322e+00
1.3455103726e-04 1.7506750886e+04 1.5707963268e+00 1.6690891632e+00
1.3474007642e-04 1.7516536540e+04 1.5707963268e+00 1.6712193135e+00
1.3492900707e-04 1.7526341264e+04 1.5707963268e+00 1.6733470824e+00
1.3511782924e-04 1.7536165061e+04 1.5707963268e+00 1.6754724694e+00
1.3530654296e-04 1.7546007932e+04 1.5707963268e+00 1.6775954737e+00
1.3549514828e-04 1.7555869879e+04 1.5707963268e+00 1.6797160948e+00
1.3568364522e-04 1.7565750903e+04 1.5707963268e+00 1.6818343320e+00
1.3587203382e-04 1.7575651006e+04 1.5707963268e+00 1.6839501848e+00
1.3606031413e-04 1.7585570188e+04 1.5707963268e+00 1.6860636526e+00
1.3624848617e-04 1.7595508451e+04 1.5707963268e+00 1.6881747348e+00
1.3643654999e-04 1.7605465797e+04 1.5707963268e+00 1.6902834310e+00
1.3662450563e-04 1.7615442226e+04 1.5707963268e+00 1.6923897405e+00
1.3681235312e-04 1.7625437739e+04 1.5707963268e+00 1.6944936628e+00
1.3700009251e-04 1.7635452338e+04 1.5707963268e+00 1.6965951975e+00
1.3718772384e-04 1.7645486022e+04 1.5707963268e+00 1.6986943441e+00
1.3737524715e-04 1.7655538794e+04 1.5707963268e+00 1.7007911020e+00
1.3756266248e-04 1.7665610653e+04 1.5707963268e+00 1.7028854709e+00
1.3774996987e-04 1.7675701600e+04 1.5707963268e+00 1.7049774502e+00
1.3793716936e-04 1.7685811636e+04 1.5707963268e+00 1.7070670396e+00
1.3812426101e-04 1.7695940762e+04 1.5707963268e+00 1.7091542386e+00
1.3831124485e-04 1.7706088977e+04 1.5707963268e+00 1.7112390468e+00
1.3849812093e-04 1.7716256282e+04 1.5707963268e+00 1.7133214638e+00
1.3868488929e-04 1.7726442677e+04 1.5707963268e+00 1.7154014893e+00
1.3887154998e-04 1.7736648162e+04 1.5707963268e+00 1.7174791229e+00
1.3905810305e-04 1.7746872739e+04 1.5707963268e+00 1.7195543641e+00
1.3924454854e-04 1.7757116405e+04 1.5707963268e+00 1.7216272128e+00
1.3943088650e-04 1.7767379162e+04 1.5707963268e+00 1.7236976685e+00
1.3961711697e-04 1.7777661010e+04 1.5707963268e+00 1.7257657310e+00
1.3980324002e-04 1.7787961947e+04 1.5707963268e+00 1.7278313999e+00
1.3998925568e-04 1.7798281975e+04 1.5707963268e+00 1.7298946750e+00
1.4017516400e-04 1.7808621091e+04 1.5707963268e+00 1.7319555560e+00
1.4036096504e-04 1.7818979297e+04 1.5707963268e+00 1.7340140427e+00
1.4054665884e-04 1.7829356592e+04 1.5707963268e+00 1.7360701348e+00
1.4073224546e-04 1.7839752974e+04 1.5707963268e+00 1.7381238320e+00
1.4091772495e-04 1.7850168444e+04 1.5707963268e+00 1.7401751342e+00
1.4110309735e-04 1.7860603000e+04 1.5707963268e+00 1.7422240411e+00
1.4128836273e-04 1.7871056641e+04 1.5707963268e+00 1.7442705527e+00
1.4147352113e-04 1.7881529368e+04 1.5707963268e+00 1.7463146686e+00
1.4165857261e-04 1.7892021179e+04 1.5707963268e+00 1.7483563887e+00
1.4184351723e-04 1.7902532072e+04 1.5707963268e+00 1.7503957129e+00
1.4202835503e-04 1.7913062047e+04 1.5707963268e+00 1.7524326411e+00
1.4221308608e-04 1.7923611102e+04 1.5707963268e+00 1.7544671731e+00
1.4239771042e-04 1.7934179237e+04 1.5707963268e+00 1.7564993088e+00
1.4258222811e-04 1.7944766449e+04 1.5707963268e+00 1.7585290481e+00
1.4276663922e-04 1.7955372738e+04 1.5707963268e+00 1.7605563910e+00
1.4295094380e-04 1.7965998102e+04 1.5707963268e+00 1.7625813373e+00
1.4313514189e-04 1.7976642539e+04 1.5707963268e+00 1.7646038871e+00
1.4331923358e-04 1.7987306048e+04 1.5707963268e+00 1.7666240402e+00
1.4350321890e-04 1.7997988627e+04 1.5707963268e+00 1.7686417967e+00
1.4368709792e-04 1.8008690274e+04 1.5707963268e+00 1.7706571565e+00
1.4387087071e-04 1.8019410987e+04 1.5707963268e+00 1.7726701196e+00
1.4405453731e-04 1.8030150765e+04 1.5707963268e+00 1.7746806861e+00
1.4423809780e-04 1.8040909605e+04 1.5707963268e+00 1.7766888559e+00
1.4442155222e-04 1.8051687505e+04 1.5707963268e+00 1.7786946291e+00
1.4460490065e-04 1.8062484463e+04 1.5707963268e+00 1.7806980057e+00
1.4478814314e-04 1.8073300477e+04 1.5707963268e+00 1.7826989859e+00
1.4497127976e-04 1.8084135545e+04 1.5707963268e+00 1.7846975696e+00
1.4515431056e-04 1.8094989664e+04 1.5707963268e+00 1.7866937570e+00
1.4533723562e-04 1.8105862831e+04 1.5707963268e+00 1.7886875482e+00
1.4552005500e-04 1.8116755044e+04 1.5707963268e+00 1.7906789433e+00
1.4570276875e-04 1.8127666301e+04 1.5707963268e+00 1.7926679424e+00
1.4588537695e-04 1.8138596598e+04 1.5707963268e+00 1.7946545456e+00
1.4606787966e-04 1.8149545933e+04 1.5707963268e+00 1.7966387532e+00
1.4625027694e-04 1.8160514304e+04 1.5707963268e+00 1.7986205652e+00
1.4643256887e-04 1.8171501706e+04 1.5707963268e+00 1.8005999819e+00
1.4661475550e-04 1.8182508138e+04 1.5707963268e+00 1.8025770034e+00
1.4679683690e-04 1.8193533595e+04 1.5707963268e+00 1.8045516299e+00
1.4697881315e-04 1.8204578076e+04 1.5707963268e+00 1.8065238617e+00
1.4716068430e-04 1.8215641576e+04 1.5707963268e+00 1.8084936991e+00
1.4734245043e-04 1.8226724093e+04 1.5707963268e+00 1.8104611421e+00
1.4752411161e-04 1.8237825623e+04 1.5707963268e+00 1.8124261911e+00
1.4770566790e-04 1.8248946162e+04 1.5707963268e+00 1.8143888464e+00
1.4788711937e-04 1.8260085708e+04 1.5707963268e+00 1.8163491083e+00
1.4806846609e-04 1.8271244256e+04 1.5707963268e+00 1.8183069769e+00
1.4824970814e-04 1.8282421803e+04 1.5707963268e+00 1.8202624527e+00
1.4843084559e-04 1.8293618345e+04 1.5707963268e+00 1.8222155360e+00
1.4861187850e-04 1.8304833878e+04 1.5707963268e+00 1.8241662270e+00
1.4879280694e-04 1.8316068398e+04 1.5707963268e+00 1.8261145261e+00
1.4897363099e-04 1.8327321902e+04 1.5707963268e+00 1.8280604338e+00
1.4915435072e-04 1.8338594386e+04 1.5707963268e+00 1.8300039502e+00
1.4933496621e-04 1.8349885845e+04 1.5707963268e+00 1.8319450759e+00
1.4951547752e-04 1.8361196274e+04 1.5707963268e+00 1.8338838112e+00
1.4969588473e-04 1.8372525671e+04 1.5707963268e+00 1.8358201566e+00
1.4987618792e-04 1.8383874030e+04 1.5707963268e+00 1.8377541123e+00
1.5005638715e-04 1.8395241348e+04 1.5707963268e+00 1.8396856790e+00
1.5023648251e-04 1.8406627619e+04 1.5707963268e+00 1.8416148569e+00
1.5041647406e-04 1.8418032839e+04 1.5707963268e+00 1.8435416466e+00
1.5059636189e-04 1.8429457004e+04 1.5707963268e+00 1.8454660485e+00
1.5077614606e-04 1.8440900108e+04 1.5707963268e+00 1.8473880631e+00
1.5095582666e-04 1.8452362148e+04 1.5707963268e+00 1.8493076910e+00
1.5113540376e-04 1.8463843118e+04 1.5707963268e+00 1.8512249324e+00
1.5131487744e-04 1.8475343014e+04 1.5707963268e+00 1.8531397882e+00
1.5149424778e-04 1.8486861829e+04 1.5707963268e+00 1.8550522586e+00
1.5167351485e-04 1.8498399560e+04 1.5707963268e+00 1.8569623443e+00
1.5185267873e-04 1.8509956202e+04 1.5707963268e+00 1.8588700458e+00
1.5203173950e-04 1.8521531748e+04 1.5707963268e+00 1.8607753637e+00
1.5221069724e-04 1.8533126194e+04 1.5707963268e+00 1.8626782985e+00
1.5238955203e-04 1.8544739535e+04 1.5707963268e+00 1.8645788509e+00
1.5256830395e-04 1.8556371765e+04 1.5707963268e+00 1.8664770214e+00
1.5274695308e-04 1.8568022878e+04 1.5707963268e+00 1.8683728106e+00
1.5292549949e-04 1.8579692870e+04 1.5707963268e+00 1.8702662192e+00
1.5310394328e-04 1.8591381734e+04 1.5707963268e+00 1.8721572478e+00
1.5328228451e-04 1.8603089465e+04 1.5707963268e+00 1.8740458970e+00
1.5346052327e-04 1.8614816056e+04 1.5707963268e+00 1.8759321674e+00
1.5363865965e-04 1.8626561503e+04 1.5707963268e+00 1.8778160599e+00
1.5381669373e-04 1.8638325800e+04 1.5707963268e+00 1.8796975750e+00
1.5399462558e-04 1.8650108939e+04 1.5707963268e+00 1.8815767134e+00
1.5417245529e-04 1.8661910916e+04 1.5707963268e+00 1.8834534758e+00
1.5435018295e-04 1.8673731724e+04 1.5707963268e+00 1.8853278629e+00
1.5452780863e-04 1.8685571358e+04 1.5707963268e+00 1.8871998755e+00
1.5470533242e-04 1.8697429810e+04 1.5707963268e+00 1.8890695143e+00
1.5488275441e-04 1.8709307074e+04 1.5707963268e+00 1.8909367800e+00
1.5506007468e-04 1.8721203145e+04 1.5707963268e+00 1.8928016734e+00
1.5523729332e-04 1.8733118016e+04 1.5707963268e+00 1.8946641953e+00
1.5541441040e-04 1.8745051679e+04 1.5707963268e+00 1.8965243464e+00
1.5559142602e-04 1.8757004130e+04 1.5707963268e+00 1.8983821276e+00
1.5576834026e-04 1.8768975360e+04 1.5707963268e+00 1.9002375396e+00
1.5594515320e-04 1.8780965363e+04 1.5707963268e+00 1.9020905832e+00
1.5612186494e-04 1.8792974133e+04 1.5707963268e+00 1.9039412594e+00
1.5629847556e-04 1.8805001663e+04 1.5707963268e+00 1.9057895688e+00
1.5647498515e-04 1.8817047945e+04 1.5707963268e+00 1.9076355124e+00
1.5665139380e-04 1.8829112973e+04 1.5707963268e+00 1.9094790910e+00
1.5682770158e-04 1.8841196739e+04 1.5707963268e+00 1.9113203055e+00
1.5700390860e-04 1.8853299237e+04 1.5707963268e+00 1.9131591568e+00
1.5718001493e-04 1.8865420459e+04 1.5707963268e+00 1.9149956457e+00
1.5735602067e-04 1.8877560399e+04 1.5707963268e+00 1.9168297731e+00
1.5753192591e-04 1.8889719048e+04 1.5707963268e+00 1.9186615401e+00
1.5770773074e-04 1.8901896399e+04 1.5707963268e+00 1.9204909474e+00
1.5788343524e-04 1.8914092446e+04 1.5707963268e+00 1.9223179961e+00
1.5805903950e-04 1.8926307179e+04 1.5707963268e+00 1.9241426870e+00
1.5823454362e-04 1.8938540593e+04 1.5707963268e+00 1.9259650212e+00
1.5840994769e-04 1.8950792678e+04 1.5707963268e+00 1.9277849996e+00
1.5858525179e-04 1.8963063428e+04 1.5707963268e+00 1.9296026231e+00
1.5876045602e-04 1.8975352835e+04 1.5707963268e+00 1.9314178928e+00
1.5893556046e-04 1.8987660890e+04 1.5707963268e+00 1.9332308096e+00
1.5911056522e-04 1.8999987586e+04 1.5707963268e+00 1.9350413746e+00
1.5928547038e-04 1.9012332915e+04 1.5707963268e+00 1.9368495888e+00
1.5946027603e-04 1.9024696869e+04 1.5707963268e+00 1.9386554532e+00
1.5963498227e-04 1.9037079440e+04 1.5707963268e+00 1.9404589688e+00
1.5980958919e-04 1.9049480619e+04 1.5707963268e+00 1.9422601367e+00
1.5998409689e-04 1.9061900398e+04 1.5707963268e+00 1.9440589580e+00
1.6015850544e-04 1.9074338769e+04 1.5707963268e+00 1.9458554337e+00
1.6033281496e-04 1.9086795724e+04 1.5707963268e+00 1.9476495650e+00
1.6050702553e-04 1.9099271254e+04 1.5707963268e+00 1.9494413528e+00
1.6068113724e-04 1.9111765351e+04 1.5707963268e+00 1.9512307983e+00
1.6085515020e-04 1.9124278006e+04 1.5707963268e+00 1.9530179026e+00
1.6102906449e-04 1.9136809210e+04 1.5707963268e+00 1.9548026669e+00
1.6120288021e-04 1.9149358956e+04 1.5707963268e+00 1.9565850922e+00
1.6137659746e-04 1.9161927233e+04 1.5707963268e+00 1.9583651798e+00
1.6155021632e-04 1.9174514033e+04 1.5707963268e+00 1.9601429307e+00
1.6172373691e-04 1.9187119348e+04 1.5707963268e+00 1.9619183461e+00
1.6189715930e-04 1.9199743168e+04 1.5707963268e+00 1.9636914272e+00
1.6207048360e-04 1.9212385485e+04 1.5707963268e+00 1.9654621751e+00
1.6224370991e-04 1.9225046289e+04 1.5707963268e+00 1.9672305911e+00
1.6241683832e-04 1.9237725572e+04 1.5707963268e+00 1.9689966764e+00
1.6258986893e-04 1.9250423323e+04 1.5707963268e+00 1.9707604321e+00
1.6276280183e-04 1.9263139534e+04 1.5707963268e+00 1.9725218596e+00
1.6293563712e-04 1.9275874196e+04 1.5707963268e+00 1.9742809599e+00
1.6310837490e-04 1.9288627299e+04 1.5707963268e+00 1.9760377344e+00
1.6328101527e-04 1.9301398834e+04 1.5707963268e+00 1.9777921843e+00
1.6345355832e-04 1.9314188790e+04 1.5707963268e+00 1.9795443108e+00
1.6362600416e-04 1.9326997160e+04 1.5707963268e+00 1.9812941153e+00
1.6379835288e-04 1.9339823933e+04 1.5707963268e+00 1.9830415990e+00
1.6397060458e-04 1.9352669099e+04 1.5707963268e+00 1.9847867632e+00
1.6414275935e-04 1.9365532648e+04 1.5707963268e+00 1.9865296091e+00
1.6431481731e-04 1.9378414572e+04 1.5707963268e+00 1.9882701382e+00
1.6448677854e-04 1.9391314860e+04 1.5707963268e+00 1.9900083516e+00
1.6465864315e-04 1.9404233502e+04 1.5707963268e+00 1.9917442508e+00
1.6483041124e-04 1.9417170488e+04 1.5707963268e+00 1.9934778371e+00
1.6500208291e-04 1.9430125808e+04 1.5707963268e+00 1.9952091117e+00
1.6517365825e-04 1.9443099452e+04 1.5707963268e+00 1.9969380761e+00
1.6534513736e-04 1.9456091410e+04 1.5707963268e+00 1.9986647317e+00
1.6551652036e-04 1.9469101672e+04 1.5707963268e+00 2.0003890797e+00
1.6568780733e-04 1.9482130227e+04 1.5707963268e+00 2.0021111215e+00
1.6585899839e-04 1.9495177065e+04 1.5707963268e+00 2.0038308586e+00
1.6603009362e-04 1.9508242177e+04 1.5707963268e+00 2.0055482924e+00
1.6620109314e-04 1.9521325550e+04 1.5707963268e+00 2.0072634242e+00
1.6637199704e-04 1.9534427176e+04 1.5707963268e+00 2.0089762555e+00
1.6654280542e-04 1.9547547042e+04 1.5707963268e+00 2.0106867876e+00
1.6671351839e-04 1.9560685140e+04 1.5707963268e+00 2.0123950221e+00
1.6688413606e-04 1.9573841457e+04 1.5707963268e+00 2.0141009604e+00
1.6705465851e-04 1.9587015984e+04 1.5707963268e+00 2.0158046038e+00
1.6722508586e-04 1.9600208709e+04 1.5707963268e+00 2.0175059539e+00
1.6739541820e-04 1.9613419623e+04 1.5707963268e+00 2.0192050121e+00
1.6756565564e-04 1.9626648713e+04 1.5707963268e+00 2.0209017800e+00
1.6773579829e-04 1.9639895969e+04 1.5707963268e+00 2.0225962589e+00
1.6790584624e-04 1.9653161379e+04 1.5707963268e+00 2.0242884504e+00
1.6807579960e-04 1.9666444934e+04 1.5707963268e+00 2.0259783560e+00
1.6824565848e-04 1.9679746622e+04 1.5707963268e+00 2.0276659772e+00
1.6841542297e-04 1.9693066431e+04 1.5707963268e+00 2.0293513155e+00
1.6858509318e-04 1.9706404350e+04 1.5707963268e+00 2.0310343724e+00
1.6875466922e-04 1.9719760369e+04 1.5707963268e+00 2.0327151495e+00
1.6892415119e-04 1.9733134476e+04 1.5707963268e+00 2.0343936482e+00
1.6909353919e-04 1.9746526659e+04 1.5707963268e+00 2.0360698703e+00
1.6926283333e-04 1.9759936907e+04 1.5707963268e+00 2.0377438171e+00
1.6943203371e-04 1.9773365208e+04 1.5707963268e+00 2.0394154904e+00
1.6960114044e-04 1.9786811552e+04 1.5707963268e+00 2.0410848916e+00
1.6977015362e-04 1.9800275926e+04 1.5707963268e+00 2.0427520223e+00
1.6993907336e-04 1.9813758319e+04 1.5707963268e+00 2.0444168841e+00
1.7010789976e-04 1.9827258719e+04 1.5707963268e+00 2.0460794787e+00
1.7027663294e-04 1.9840777114e+04 1.5707963268e+00 2.0477398076e+00
1.7044527298e-04 1.9854313493e+04 1.5707963268e+00 2.0493978725e+00
1.7061382001e-04 1.9867867844e+04 1.5707963268e+00 2.0510536749e+00
1.7078227413e-04 1.9881440154e+04 1.5707963268e+00 2.0527072166e+00
1.7095063543e-04 1.9895030412e+04 1.5707963268e+00 2.0543584990e+00
1.7111890404e-04 1.9908638607e+04 1.5707963268e+00 2.0560075240e+00
1.7128708005e-04 1.9922264725e+04 1.5707963268e+00 2.0576542931e+00
1.7145516358e-04 1.9935908754e+04 1.5707963268e+00 2.0592988079e+00
1.7162315472e-04 1.9949570684e+04 1.5707963268e+00 2.0609410703e+00
1.7179105359e-04 1.9963250501e+04 1.5707963268e+00 2.0625810818e+00
1.7195886029e-04 1.9976948192e+04 1.5707963268e+00 2.0642188441e+00
1.7212657493e-04 1.9990663747e+04 1.5707963268e+00 2.0658543589e+00
1.7229419761e-04 2.0004397152e+04 1.5707963268e+00 2.0674876279e+00
1.7246172845e-04 2.0018148395e+04 1.5707963268e+00 2.0691186529e+00
1.7262916755e-04 2.0031917464e+04 1.5707963268e+00 2.0707474355e+00
1.7279651503e-04 2.0045704346e+04 1.5707963268e+00 2.0723739774e+00
1.7296377098e-04 2.0059509029e+04 1.5707963268e+00 2.0739982804e+00
1.7313093551e-04 2.0073331499e+04 1.5707963268e+00 2.0756203462e+00
1.7329800873e-04 2.0087171745e+04 1.5707963268e+00 2.0772401766e+00
1.7346499076e-04 2.0101029754e+04 1.5707963268e+00 2.0788577733e+00
1.7363188170e-04 2.0114905512e+04 1.5707963268e+00 2.0804731380e+00
1.7379868165e-04 2.0128799008e+04 1.5707963268e+00 2.0820862726e+00
1.7396539073e-04 2.0142710227e+04 1.5707963268e+00 2.0836971788e+00
1.7413200904e-04 2.0156639159e+04 1.5707963268e+00 2.0853058583e+00
1.7429853670e-04 2.0170585788e+04 1.5707963268e+00 2.0869123130e+00
1.7446497381e-04 2.0184550104e+04 1.5707963268e+00 2.0885165446e+00
1.7463132048e-04 2.0198532091e+04 1.5707963268e+00 2.0901185550e+00
1.7479757682e-04 2.0212531738e+04 1.5707963268e+00 2.0917183460e+00
1.7496374294e-04 2.0226549032e+04 1.5707963268e+00 2.0933159193e+00
1.7512981894e-04 2.0240583958e+04 1.5707963268e+00 2.0949112768e+00
1.7529580495e-04 2.0254636505e+04 1.5707963268e+00 2.0965044203e+00
1.7546170106e-04 2.0268706658e+04 1.5707963268e+00 2.0980953516e+00
1.7562750738e-04 2.0282794405e+04 1.5707963268e+00 2.0996840726e+00
1.7579322403e-04 2.0296899731e+04 1.5707963268e+00 2.1012705851e+00
1.7595885112e-04 2.0311022625e+04 1.5707963268e+00 2.1028548910e+00
1.7612438875e-04 2.0325163072e+04 1.5707963268e+00 2.1044369921e+00
1.7628983704e-04 2.0339321058e+04 1.5707963268e+00 2.1060168904e+00
1.7645519609e-04 2.0353496571e+04 1.5707963268e+00 2.1075945876e+00
1.7662046602e-04 2.0367689596e+04 1.5707963268e+00 2.1091700856e+00
1.7678564694e-04 2.0381900121e+04 1.5707963268e+00 2.1107433864e+00
1.7695073894e-04 2.0396128131e+04 1.5707963268e+00 2.1123144918e+00
1.7711574216e-04 2.0410373613e+04 1.5707963268e+00 2.1138834037e+00
1.7728065669e-04 2.0424636553e+04 1.5707963268e+00 2.1154501240e+00
1.7744548264e-04 2.0438916937e+04 1.5707963268e+00 2.1170146546e+00
1.7761022014e-04 2.0453214751e+04 1.5707963268e+00 2.1185769975e+00
1.7777486928e-04 2.0467529983e+04 1.5707963268e+00 2.1201371545e+00
1.7793943018e-04 2.0481862617e+04 1.5707963268e+00 2.1216951277e+00
1.7810390295e-04 2.0496212640e+04 1.5707963268e+00 2.1232509188e+00
1.7826828769e-04 2.0510580037e+04 1.5707963268e+00 2.1248045299e+00
1.7843258453e-04 2.0524964796e+04 1.5707963268e+00 2.1263559630e+00
1.7859679357e-04 2.0539366901e+04 1.5707963268e+00 2.1279052198e+00
1.7876091493e-04 2.0553786338e+04 1.5707963268e+00 2.1294523025e+00
1.7892494870e-04 2.0568223095e+04 1.5707963268e+00 2.1309972130e+00
1.7908889502e-04 2.0582677155e+04 1.5707963268e+00 2.1325399532e+00
1.7925275397e-04 2.0597148506e+04 1.5707963268e+00 2.1340805251e+00
1.7941652569e-04 2.0611637132e+04 1.5707963268e+00 2.1356189307e+00
1.7958021027e-04 2.0626143020e+04 1.5707963268e+00 2.1371551720e+00
1.7974380784e-04 2.0640666155e+04 1.5707963268e+00 2.1386892510e+00
1.7990731850e-04 2.0655206523e+04 1.5707963268e+00 2.1402211696e+00
1.8007074236e-04 2.0669764109e+04 1.5707963268e+00 2.1417509300e+00
1.8023407953e-04 2.0684338899e+04 1.5707963268e+00 2.1432785340e+00
1.8039733013e-04 2.0698930879e+04 1.5707963268e+00 2.1448039837e+00
1.8056049427e-04 2.0713540033e+04 1.5707963268e+00 2.1463272811e+00
1.8072357206e-04 2.0728166348e+04 1.5707963268e+00 2.1478484282e+00
1.8088656361e-04 2.0742809808e+04 1.5707963268e+00 2.1493674271e+00
1.8104946903e-04 2.0757470400e+04 1.5707963268e+00 2.1508842798e+00
1.8121228844e-04 2.0772148107e+04 1.5707963268e+00 2.1523989883e+00
1.8137502195e-04 2.0786842917e+04 1.5707963268e+00 2.1539115548e+00
1.8153766966e-04 2.0801554813e+04 1.5707963268e+00 2.1554219811e+00
1.8170023170e-04 2.0816283782e+04 1.5707963268e+00 2.1569302695e+00
1.8186270817e-04 2.0831029808e+04 1.5707963268e+00 2.1584364219e+00
1.8202509918e-04 2.0845792876e+04 1.5707963268e+00 2.1599404404e+00
1.8218740486e-04 2.0860572972e+04 1.5707963268e+00 2.1614423271e+00
1.8234962530e-04 2.0875370080e+04 1.5707963268e+00 2.1629420841e+00
1.8251176062e-04 2.0890184186e+04 1.5707963268e+00 2.1644397134e+00
1.8267381094e-04 2.0905015275e+04 1.5707963268e+00 2.1659352171e+00
1.8283577636e-04 2.0919863331e+04 1.5707963268e+00 2.1674285974e+00
1.8299765700e-04 2.0934728339e+04 1.5707963268e+00 2.1689198563e+00
1.8315945297e-04 2.0949610285e+04 1.5707963268e+00 2.1704089959e+00
1.8332116439e-04 2.0964509154e+04 1.5707963268e+00 2.1718960183e+00
1.8348279136e-04 2.0979424929e+04 1.5707963268e+00 2.1733809256e+00
1.8364433400e-04 2.0994357596e+04 1.5707963268e+00 2.1748637200e+00
1.8380579242e-04 2.1009307140e+04 1.5707963268e+00 2.1763444035e+00
1.8396716673e-04 2.1024273545e+04 1.5707963268e+00 2.1778229784e+00
1.8412845704e-04 2.1039256796e+04 1.5707963268e+00 2.1792994466e+00
1.8428966348e-04 2.1054256878e+04 1.5707963268e+00 2.1807738104e+00
1.8445078614e-04 2.1069273776e+04 1.5707963268e+00 2.1822460719e+00
1.8461182514e-04 2.1084307473e+04 1.5707963268e+00 2.1837162332e+00
1.8477278061e-04 2.1099357954e+04 1.5707963268e+00 2.1851842965e+00
1.8493365263e-04 2.1114425205e+04 1.5707963268e+00 2.1866502639e+00
1.8509444134e-04 2.1129509209e+04 1.5707963268e+00 2.1881141376e+00
1.8525514684e-04 2.1144609951e+04 1.5707963268e+00 2.1895759197e+00
1.8541576925e-04 2.1159727415e+04 1.5707963268e+00 2.1910356124e+00
1.8557630867e-04 2.1174861587e+04 1.5707963268e+00 2.1924932179e+00
1.8573676523e-04 2.1190012449e+04 1.5707963268e+00 2.1939487383e+00
1.8589713902e-04 2.1205179987e+04 1.5707963268e+00 2.1954021758e+00
1.8605743018e-04 2.1220364185e+04 1.5707963268e+00 2.1968535327e+00
1.8621763880e-04 2.1235565027e+04 1.5707963268e+00 2.1983028110e+00
1.8637776500e-04 2.1250782497e+04 1.5707963268e+00 2.1997500130e+00
1.8653780889e-04 2.1266016580e+04 1.5707963268e+00 2.2011951408e+00
1.8669777060e-04 2.1281267260e+04 1.5707963268e+00 2.2026381967e+00
1.8685765022e-04 2.1296534520e+04 1.5707963268e+00 2.2040791829e+00
1.8701744787e-04 2.1311818346e+04 1.5707963268e+00 2.2055181015e+00
1.8717716366e-04 2.1327118721e+04 1.5707963268e+00 2.2069549548e+00
1.8733679771e-04 2.1342435629e+04 1.5707963268e+00 2.2083897450e+00
1.8749635014e-04 2.1357769055e+04 1.5707963268e+00 2.2098224743e+00
1.8765582104e-04 2.1373118982e+04 1.5707963268e+00 2.2112531449e+00
1.8781521054e-04 2.1388485394e+04 1.5707963268e+00 2.2126817590e+00
1.8797451874e-04 2.1403868276e+04 1.5707963268e+00 2.2141083189e+00
1.8813374576e-04 2.1419267611e+04 1.5707963268e+00 2.2155328268e+00
1.8829289172e-04 2.1434683383e+04 1.5707963268e+00 2.2169552849e+00
1.8845195672e-04 2.1450115576e+04 1.5707963268e+00 2.2183756956e+00
1.8861094088e-04 2.1465564174e+04 1.5707963268e+00 2.2197940609e+00
1.8876984431e-04 2.1481029161e+04 1.5707963268e+00 2.2212103831e+00
1.8892866712e-04 2.1496510521e+04 1.5707963268e+00 2.2226246646e+00
1.8908740942e-04 2.1512008237e+04 1.5707963268e+00 2.2240369076e+00
1.8924607133e-04 2.1527522293e+04 1.5707963268e+00 2.2254471142e+00
1.8940465297e-04 2.1543052673e+04 1.5707963268e+00 2.2268552868e+00
1.8956315443e-04 2.1558599360e+04 1.5707963268e+00 2.2282614277e+00
1.8972157584e-04 2.1574162339e+04 1.5707963268e+00 2.2296655390e+00
1.8987991730e-04 2.1589741593e+04 1.5707963268e+00 2.2310676231e+00
1.9003817894e-04 2.1605337105e+04 1.5707963268e+00 2.2324676823e+00
1.9019636086e-04 2.1620948859e+04 1.5707963268e+00 2.2338657188e+00
1.9035446317e-04 2.1636576839e+04 1.5707963268e+00 2.2352617348e+00
1.9051248599e-04 2.1652221029e+04 1.5707963268e+00 2.2366557328e+00
1.9067042942e-04 2.1667881411e+04 1.5707963268e+00 2.2380477149e+00
1.9082829359e-04 2.1683557970e+04 1.5707963268e+00 2.2394376834e+00
1.9098607860e-04 2.1699250688e+04 1.5707963268e+00 2.2408256407e+00
1.9114378457e-04 2.1714959550e+04 1.5707963268e+00 2.2422115890e+00
1.9130141161e-04 2.1730684538e+04 1.5707963268e+00 2.2435955306e+00
1.9145895982e-04 2.1746425637e+04 1.5707963268e+00 2.2449774678e+00
1.9161642933e-04 2.1762182829e+04 1.5707963268e+00 2.2463574030e+00
1.9177382024e-04 2.1777956099e+04 1.5707963268e+00 2.2477353384e+00
1.9193113267e-04 2.1793745428e+04 1.5707963268e+00 2.2491112764e+00
1.9208836672e-04 2.1809550801e+04 1.5707963268e+00 2.2504852192e+00
1.9224552252e-04 2.1825372202e+04 1.5707963268e+00 2.2518571691e+00
1.9240260016e-04 2.1841209612e+04 1.5707963268e+00 2.2532271286e+00
1.9255959978e-04 2.1857063016e+04 1.5707963268e+00 2.2545950998e+00
1.9271652146e-04 2.1872932396e+04 1.5707963268e+00 2.2559610852e+00
1.9287336534e-04 2.1888817737e+04 1.5707963268e+00 2.2573250870e+00
1.9303013151e-04 2.1904719021e+04 1.5707963268e+00 2.2586871076e+00
1.9318682010e-04 2.1920636231e+04 1.5707963268e+00 2.2600471492e+00
1.9334343121e-04 2.1936569351e+04 1.5707963268e+00 2.2614052144e+00
1.9349996496e-04 2.1952518363e+04 1.5707963268e+00 2.2627613052e+00
1.9365642145e-04 2.1968483252e+04 1.5707963268e+00 2.2641154242e+00
1.9381280079e-04 2.1984463999e+04 1.5707963268e+00 2.2654675737e+00
1.9396910311e-04 2.2000460588e+04 1.5707963268e+00 2.2668177559e+00
1.9412532851e-04 2.2016473003e+04 1.5707963268e+00 2.2681659732e+00
1.9428147710e-04 2.2032501225e+04 1.5707963268e+00 2.2695122280e+00
1.9443754900e-04 2.2048545239e+04 1.5707963268e+00 2.2708565227e+00
1.9459354431e-04 2.2064605026e+04 1.5707963268e+00 2.2721988595e+00
1.9474946314e-04 2.2080680571e+04 1.5707963268e+00 2.2735392409e+00
1.9490530562e-04 2.2096771857e+04 1.5707963268e+00 2.2748776691e+00
1.9506107184e-04 2.2112878865e+04 1.5707963268e+00 2.2762141466e+00
1.9521676192e-04 2.2129001579e+04 1.5707963268e+00 2.2775486757e+00
1.9537237598e-04 2.2145139983e+04 1.5707963268e+00 2.2788812587e+00
1.9552791411e-04 2.2161294058e+04 1.5707963268e+00 2.2802118981e+00
1.9568337644e-04 2.2177463788e+04 1.5707963268e+00 2.2815405961e+00
1.9583876307e-04 2.2193649156e+04 1.5707963268e+00 2.2828673553e+00
1.9599407412e-04 2.2209850144e+04 1.5707963268e+00 2.2841921778e+00
1.9614930970e-04 2.2226066735e+04 1.5707963268e+00 2.2855150662e+00
1.9630446990e-04 2.2242298913e+04 1.5707963268e+00 2.2868360227e+00
1.9645955486e-04 2.2258546660e+04 1.5707963268e+00 2.2881550498e+00
1.9661456468e-04 2.2274809958e+04 1.5707963268e+00 2.2894721499e+00
1.9676949946e-04 2.2291088791e+04 1.5707963268e+00 2.2907873252e+00
1.9692435932e-04 2.2307383141e+04 1.5707963268e+00 2.2921005782e+00
1.9707914437e-04 2.2323692992e+04 1.5707963268e+00 2.2934119113e+00
1.9723385472e-04 2.2340018325e+04 1.5707963268e+00 2.2947213269e+00
1.9738849048e-04 2.2356359124e+04 1.5707963268e+00 2.2960288273e+00
1.9754305176e-04 2.2372715371e+04 1.5707963268e+00 2.2973344150e+00
1.9769753867e-04 2.2389087049e+04 1.5707963268e+00 2.2986380922e+00
1.9785195132e-04 2.2405474140e+04 1.5707963268e+00 2.2999398615e+00
1.9800628982e-04 2.2421876628e+04 1.5707963268e+00 2.3012397252e+00
1.9816055428e-04 2.2438294494e+04 1.5707963268e+00 2.3025376857e+00
1.9831474481e-04 2.2454727722e+04 1.5707963268e+00 2.3038337454e+00
1.9846886152e-04 2.2471176294e+04 1.5707963268e+00 2.3051279067e+00
1.9862290452e-04 2.2487640193e+04 1.5707963268e+00 2.3064201720e+00
1.9877687392e-04 2.2504119401e+04 1.5707963268e+00 2.3077105437e+00
1.9893076983e-04 2.2520613901e+04 1.5707963268e+00 2.3089990242e+00
1.9908459236e-04 2.2537123676e+04 1.5707963268e+00 2.3102856159e+00
1.9923834162e-04 2.2553648708e+04 1.5707963268e+00 2.3115703212e+00
1.9939201771e-04 2.2570188979e+04 1.5707963268e+00 2.3128531426e+00
1.9954562075e-04 2.2586744472e+04 1.5707963268e+00 2.3141340823e+00
1.9969915085e-04 2.2603315170e+04 1.5707963268e+00 2.3154131429e+00
1.9985260812e-04 2.2619901055e+04 1.5707963268e+00 2.3166903267e+00
2.0000599265e-04 2.2636502110e+04 1.5707963268e+00 2.3179656362e+00
2.0015930457e-04 2.2653118316e+04 1.5707963268e+00 2.3192390738e+00
2.0031254399e-04 2.2669749658e+04 1.5707963268e+00 2.3205106418e+00
2.0046571100e-04 2.2686396116e+04 1.5707963268e+00 2.3217803427e+00
2.0061880573e-04 2.2703057674e+04 1.5707963268e+00 2.3230481789e+00
2.0077182827e-04 2.2719734313e+04 1.5707963268e+00 2.3243141529e+00
2.0092477874e-04 2.2736426017e+04 1.5707963268e+00 2.3255782670e+00
2.0107765725e-04 2.2753132768e+04 1.5707963268e+00 2.3268405237e+00
2.0123046390e-04 2.2769854548e+04 1.5707963268e+00 2.3281009253e+00
2.0138319881e-04 2.2786591340e+04 1.5707963268e+00 2.3293594744e+00
2.0153586208e-04 2.2803343125e+04 1.5707963268e+00 2.3306161733e+00
2.0168845381e-04 2.2820109887e+04 1.5707963268e+00 2.3318710244e+00
2.0184097413e-04 2.2836891608e+04 1.5707963268e+00 2.3331240302e+00
2.0199342313e-04 2.2853688269e+04 1.5707963268e+00 2.3343751931e+00
2.0214580092e-04 2.2870499855e+04 1.5707963268e+00 2.3356245156e+00
2.0229810761e-04 2.2887326345e+04 1.5707963268e+00 2.3368719999e+00
2.0245034332e-04 2.2904167724e+04 1.5707963268e+00 2.3381176487e+00
2.0260250814e-04 2.2921023974e+04 1.5707963268e+00 2.3393614643e+00
2.0275460218e-04 2.2937895076e+04 1.5707963268e+00 2.3406034491e+00
2.0290662556e-04 2.2954781013e+04 1.5707963268e+00 2.3418436056e+00
2.0305857838e-04 2.2971681767e+04 1.5707963268e+00 2.3430819362e+00
2.0321046074e-04 2.2988597322e+04 1.5707963268e+00 2.3443184432e+00
2.0336227276e-04 2.3005527658e+04 1.5707963268e+00 2.3455531293e+00
2.0351401454e-04 2.3022472758e+04 1.5707963268e+00 2.3467859968e+00
2.0366568619e-04 2.3039432605e+04 1.5707963268e+00 2.3480170480e+00
2.0381728781e-04 2.3056407180e+04 1.5707963268e+00 2.3492462855e+00
2.0396881952e-04 2.3073396467e+04 1.5707963268e+00 2.3504737118e+00
2.0412028141e-04 2.3090400447e+04 1.5707963268e+00 2.3516993291e+00
2.0427167360e-04 2.3107419102e+04 1.5707963268e+00 2.3529231400e+00
2.0442299620e-04 2.3124452415e+04 1.5707963268e+00 2.3541451469e+00
2.0457424930e-04 2.3141500368e+04 1.5707963268e+00 2.3553653522e+00
2.0472543302e-04 2.3158562943e+04 1.5707963268e+00 2.3565837584e+00
2.0487654746e-04 2.3175640123e+04 1.5707963268e+00 2.3578003679e+00
2.0502759273e-04 2.3192731889e+04 1.5707963268e+00 2.3590151831e+00
2.0517856893e-04 2.3209838224e+04 1.5707963268e+00 2.3602282065e+00
2.0532947617e-04 2.3226959110e+04 1.5707963268e+00 2.3614394405e+00
2.0548031456e-04 2.3244094530e+04 1.5707963268e+00 2.3626488875e+00
2.0563108420e-04 2.3261244465e+04 1.5707963268e+00 2.3638565501e+00
2.0578178520e-04 2.3278408897e+04 1.5707963268e+00 2.3650624306e+00
2.0593241766e-04 2.3295587809e+04 1.5707963268e+00 2.3662665314e+00
2.0608298169e-04 2.3312781183e+04 1.5707963268e+00 2.3674688551e+00
2.0623347740e-04 2.3329989002e+04 1.5707963268e+00 2.3686694040e+00
2.0638390488e-04 2.3347211246e+04 1.5707963268e+00 2.3698681805e+00
2.0653426425e-04 2.3364447899e+04 1.5707963268e+00 2.3710651872e+00
2.0668455561e-04 2.3381698943e+04 1.5707963268e+00 2.3722604265e+00
2.0683477906e-04 2.3398964360e+04 1.5707963268e+00 2.3734539007e+00
2.0698493472e-04 2.3416244131e+04 1.5707963268e+00 2.3746456124e+00
2.0713502268e-04 2.3433538240e+04 1.5707963268e+00 2.3758355640e+00
2.0728504305e-04 2.3450846668e+04 1.5707963268e+00 2.3770237579e+00
2.0743499593e-04 2.3468169397e+04 1.5707963268e+00 2.3782101966e+00
2.0758488144e-04 2.3485506410e+04 1.5707963268e+00 2.3793948824e+00
2.0773469966e-04 2.3502857689e+04 1.5707963268e+00 2.3805778179e+00
2.0788445072e-04 2.3520223215e+04 1.5707963268e+00 2.3817590055e+00
2.0803413470e-04 2.3537602972e+04 1.5707963268e+00 2.3829384475e+00
2.0818375173e-04 2.3554996940e+04 1.5707963268e+00 2.3841161466e+00
2.0833330189e-04 2.3572405103e+04 1.5707963268e+00 2.3852921050e+00
2.0848278529e-04 2.3589827442e+04 1.5707963268e+00 2.3864663252e+00
2.0863220205e-04 2.3607263939e+04 1.5707963268e+00 2.3876388098e+00
2.0878155225e-04 2.3624714577e+04 1.5707963268e+00 2.3888095610e+00
2.0893083601e-04 2.3642179338e+04 1.5707963268e+00 2.3899785814e+00
2.0908005343e-04 2.3659658203e+04 1.5707963268e+00 2.3911458733e+00
2.0922920461e-04 2.3677151156e+04 1.5707963268e+00 2.3923114393e+00
2.0937828965e-04 2.3694658177e+04 1.5707963268e+00 2.3934752818e+00
2.0952730867e-04 2.3712179250e+04 1.5707963268e+00 2.3946374031e+00
2.0967626175e-04 2.3729714356e+04 1.5707963268e+00 2.3957978058e+00
2.0982514901e-04 2.3747263478e+04 1.5707963268e+00 2.3969564922e+00
2.0997397054e-04 2.3764826597e+04 1.5707963268e+00 2.3981134649e+00
2.1012272646e-04 2.3782403695e+04 1.5707963268e+00 2.3992687262e+00
2.1027141685e-04 2.3799994756e+04 1.5707963268e+00 2.4004222785e+00
2.1042004183e-04 2.3817599760e+04 1.5707963268e+00 2.4015741244e+00
2.1056860150e-04 2.3835218690e+04 1.5707963268e+00 2.4027242662e+00
2.1071709596e-04 2.3852851528e+04 1.5707963268e+00 2.4038727064e+00
2.1086552531e-04 2.3870498257e+04 1.5707963268e+00 2.4050194474e+00
2.1101388965e-04 2.3888158858e+04 1.5707963268e+00 2.4061644917e+00
2.1116218909e-04 2.3905833313e+04 1.5707963268e+00 2.4073078416e+00
2.1131042372e-04 2.3923521605e+04 1.5707963268e+00 2.4084494997e+00
2.1145859365e-04 2.3941223715e+04 1.5707963268e+00 2.4095894683e+00
2.1160669899e-04 2.3958939626e+04 1.5707963268e+00 2.4107277498e+00
2.1175473982e-04 2.3976669321e+04 1.5707963268e+00 2.4118643468e+00
2.1190271626e-04 2.3994412780e+04 1.5707963268e+00 2.4129992615e+00
2.1205062840e-04 2.4012169986e+04 1.5707963268e+00 2.4141324966e+00
2.1219847635e-04 2.4029940922e+04 1.5707963268e+00 2.4152640543e+00
2.1234626021e-04 2.4047725569e+04 1.5707963268e+00 2.4163939371e+00
2.1249398007e-04 2.4065523909e+04 1.5707963268e+00 2.4175221475e+00
2.1264163604e-04 2.4083335925e+04 1.5707963268e+00 2.4186486878e+00
2.1278922821e-04 2.4101161599e+04 1.5707963268e+00 2.4197735606e+00
2.1293675670e-04 2.4119000913e+04 1.5707963268e+00 2.4208967681e+00
2.1308422160e-04 2.4136853849e+04 1.5707963268e+00 2.4220183129e+00
2.1323162301e-04 2.4154720389e+04 1.5707963268e+00 2.4231381973e+00
2.1337896102e-04 2.4172600515e+04 1.5707963268e+00 2.4242564239e+00
2.1352623575e-04 2.4190494210e+04 1.5707963268e+00 2.4253729949e+00
2.1367344729e-04 2.4208401455e+04 1.5707963268e+00 2.4264879128e+00
2.1382059573e-04 2.4226322234e+04 1.5707963268e+00 2.4276011801e+00
2.1396768119e-04 2.4244256527e+04 1.5707963268e+00 2.4287127992e+00
2.1411470376e-04 2.4262204317e+04 1.5707963268e+00 2.4298227724e+00
2.1426166353e-04 2.4280165586e+04 1.5707963268e+00 2.4309311023e+00
2.1440856061e-04 2.4298140317e+04 1.5707963268e+00 2.4320377911e+00
2.1455539510e-04 2.4316128491e+04 1.5707963268e+00 2.4331428414e+00
2.1470216710e-04 2.4334130091e+04 1.5707963268e+00 2.4342462555e+00
2.1484887670e-04 2.4352145099e+04 1.5707963268e+00 2.4353480358e+00
2.1499552400e-04 2.4370173497e+04 1.5707963268e+00 2.4364481848e+00
2.1514210911e-04 2.4388215267e+04 1.5707963268e+00 2.4375467049e+00
2.1528863212e-04 2.4406270392e+04 1.5707963268e+00 2.4386435985e+00
2.1543509312e-04 2.4424338853e+04 1.5707963268e+00 2.4397388680e+00
2.1558149223e-04 2.4442420633e+04 1.5707963268e+00 2.4408325157e+00
2.1572782953e-04 2.4460515714e+04 1.5707963268e+00 2.4419245442e+00
2.1587410513e-04 2.4478624078e+04 1.5707963268e+00 2.4430149558e+00
2.1602031912e-04 2.4496745708e+04 1.5707963268e+00 2.4441037529e+00
2.1616647160e-04 2.4514880585e+04 1.5707963268e+00 2.4451909379e+00
2.1631256267e-04 2.4533028692e+04 1.5707963268e+00 2.4462765132e+00
2.1645859242e-04 2.4551190012e+04 1.5707963268e+00 2.4473604813e+00
2.1660456096e-04 2.4569364525e+04 1.5707963268e+00 2.4484428444e+00
2.1675046837e-04 2.4587552215e+04 1.5707963268e+00 2.4495236051e+00
2.1689631477e-04 2.4605753064e+04 1.5707963268e+00 2.4506027657e+00
2.1704210024e-04 2.4623967054e+04 1.5707963268e+00 2.4516803287e+00
2.1718782488e-04 2.4642194167e+04 1.5707963268e+00 2.4527562963e+00
2.1733348879e-04 2.4660434386e+04 1.5707963268e+00 2.4538306710e+00
2.1747909207e-04 2.4678687692e+04 1.5707963268e+00 2.4549034552e+00
2.1762463481e-04 2.4696954069e+04 1.5707963268e+00 2.4559746513e+00
2.1777011711e-04 2.4715233498e+04 1.5707963268e+00 2.4570442617e+00
2.1791553906e-04 2.4733525961e+04 1.5707963268e+00 2.4581122887e+00
2.1806090076e-04 2.4751831442e+04 1.5707963268e+00 2.4591787347e+00
2.1820620231e-04 2.4770149921e+04 1.5707963268e+00 2.4602436022e+00
2.1835144381e-04 2.4788481383e+04 1.5707963268e+00 2.4613068935e+00
2.1849662534e-04 2.4806825807e+04 1.5707963268e+00 2.4623686110e+00
2.1864174701e-04 2.4825183179e+04 1.5707963268e+00 2.4634287571e+00
2.1878680891e-04 2.4843553478e+04 1.5707963268e+00 2.4644873341e+00
2.1893181114e-04 2.4861936688e+04 1.5707963268e+00 2.4655443445e+00
2.1907675378e-04 2.4880332792e+04 1.5707963268e+00 2.4665997906e+00
2.1922163695e-04 2.4898741771e+04 1.5707963268e+00 2.4676536747e+00
2.1936646072e-04 2.4917163608e+04 1.5707963268e+00 2.4687059994e+00
2.1951122521e-04 2.4935598285e+04 1.5707963268e+00 2.4697567668e+00
2.1965593049e-04 2.4954045784e+04 1.5707963268e+00 2.4708059795e+00
2.1980057667e-04 2.4972506088e+04 1.5707963268e+00 2.4718536397e+00
2.1994516384e-04 2.4990979180e+04 1.5707963268e+00 2.4728997499e+00
2.2008969210e-04 2.5009465041e+04 1.5707963268e+00 2.4739443124e+00
2.2023416154e-04 2.5027963655e+04 1.5707963268e+00 2.4749873295e+00
2.2037857225e-04 2.5046475003e+04 1.5707963268e+00 2.4760288037e+00
2.2052292433e-04 2.5064999068e+04 1.5707963268e+00 2.4770687373e+00
2.2066721787e-04 2.5083535832e+04 1.5707963268e+00 2.4781071326e+00
2.2081145297e-04 2.5102085278e+04 1.5707963268e+00 2.4791439921e+00
2.2095562971e-04 2.5120647388e+04 1.5707963268e+00 2.4801793180e+00
2.2109974820e-04 2.5139222145e+04 1.5707963268e+00 2.4812131128e+00
2.2124380853e-04 2.5157809531e+04 1.5707963268e+00 2.4822453787e+00
2.2138781078e-04 2.5176409528e+04 1.5707963268e+00 2.4832761182e+00
2.2153175506e-04 2.5195022120e+04 1.5707963268e+00 2.4843053335e+00
2.2167564146e-04 2.5213647288e+04 1.5707963268e+00 2.4853330271e+00
2.2181947006e-04 2.5232285015e+04 1.5707963268e+00 2.4863592012e+00
2.2196324097e-04 2.5250935284e+04 1.5707963268e+00 2.4873838583e+00
2.2210695427e-04 2.5269598076e+04 1.5707963268e+00 2.4884070006e+00
2.2225061005e-04 2.5288273376e+04 1.5707963268e+00 2.4894286305e+00
2.2239420842e-04 2.5306961164e+04 1.5707963268e+00 2.4904487504e+00
2.2253774946e-04 2.5325661424e+04 1.5707963268e+00 2.4914673626e+00
2.2268123326e-04 2.5344374138e+04 1.5707963268e+00 2.4924844694e+00
2.2282465992e-04 2.5363099289e+04 1.5707963268e+00 2.4935000731e+00
2.2296802952e-04 2.5381836860e+04 1.5707963268e+00 2.4945141761e+00
2.2311134217e-04 2.5400586832e+04 1.5707963268e+00 2.4955267808e+00
2.2325459794e-04 2.5419349188e+04 1.5707963268e+00 2.4965378893e+00
2.2339779694e-04 2.5438123912e+04 1.5707963268e+00 2.4975475042e+00
2.2354093925e-04 2.5456910986e+04 1.5707963268e+00 2.4985556276e+00
2.2368402497e-04 2.5475710392e+04 1.5707963268e+00 2.4995622620e+00
2.2382705418e-04 2.5494522112e+04 1.5707963268e+00 2.5005674096e+00
2.2397002698e-04 2.5513346131e+04 1.5707963268e+00 2.5015710728e+00
2.2411294346e-04 2.5532182429e+04 1.5707963268e+00 2.5025732539e+00
2.2425580371e-04 2.5551030991e+04 1.5707963268e+00 2.5035739551e+00
2.2439860781e-04 2.5569891798e+04 1.5707963268e+00 2.5045731789e+00
2.2454135587e-04 2.5588764833e+04 1.5707963268e+00 2.5055709274e+00
2.2468404796e-04 2.5607650080e+04 1.5707963268e+00 2.5065672032e+00
2.2482668419e-04 2.5626547520e+04 1.5707963268e+00 2.5075620083e+00
2.2496926463e-04 2.5645457136e+04 1.5707963268e+00 2.5085553452e+00
2.2511178939e-04 2.5664378912e+04 1.5707963268e+00 2.5095472162e+00
2.2525425854e-04 2.5683312829e+04 1.5707963268e+00 2.5105376235e+00
2.2539667219e-04 2.5702258871e+04 1.5707963268e+00 2.5115265694e+00
2.2553903041e-04 2.5721217020e+04 1.5707963268e+00 2.5125140563e+00
2.2568133330e-04 2.5740187260e+04 1.5707963268e+00 2.5135000865e+00
2.2582358095e-04 2.5759169572e+04 1.5707963268e+00 2.5144846622e+00
2.2596577345e-04 2.5778163941e+04 1.5707963268e+00 2.5154677857e+00
2.2610791088e-04 2.5797170347e+04 1.5707963268e+00 2.5164494593e+00
2.2624999334e-04 2.5816188776e+04 1.5707963268e+00 2.5174296854e+00
2.2639202091e-04 2.5835219208e+04 1.5707963268e+00 2.5184084662e+00
2.2653399368e-04 2.5854261627e+04 1.5707963268e+00 2.5193858039e+00
2.2667591174e-04 2.5873316017e+04 1.5707963268e+00 2.5203617009e+00
2.2681777518e-04 2.5892382359e+04 1.5707963268e+00 2.5213361594e+00
2.2695958409e-04 2.5911460636e+04 1.5707963268e+00 2.5223091818e+00
2.2710133855e-04 2.5930550833e+04 1.5707963268e+00 2.5232807703e+00
2.2724303865e-04 2.5949652931e+04 1.5707963268e+00 2.5242509271e+00
2.2738468449e-04 2.5968766913e+04 1.5707963268e+00 2.5252196546e+00
2.2752627614e-04 2.5987892762e+04 1.5707963268e+00 2.5261869549e+00
2.2766781370e-04 2.6007030462e+04 1.5707963268e+00 2.5271528305e+00
2.2780929725e-04 2.6026179995e+04 1.5707963268e+00 2.5281172835e+00
2.2795072688e-04 2.6045341344e+04 1.5707963268e+00 2.5290803162e+00
2.2809210268e-04 2.6064514492e+04 1.5707963268e+00 2.5300419309e+00
2.2823342474e-04 2.6083699423e+04 1.5707963268e+00 2.5310021298e+00
2.2837469313e-04 2.6102896118e+04 1.5707963268e+00 2.5319609152e+00
2.2851590796e-04 2.6122104562e+04 1.5707963268e+00 2.5329182893e+00
2.2865706930e-04 2.6141324737e+04 1.5707963268e+00 2.5338742544e+00
2.2879817724e-04 2.6160556626e+04 1.5707963268e+00 2.5348288127e+00
2.2893923186e-04 2.6179800213e+04 1.5707963268e+00 2.5357819665e+00
2.2908023326e-04 2.6199055480e+04 1.5707963268e+00 2.5367337181e+00
2.2922118152e-04 2.6218322411e+04 1.5707963268e+00 2.5376840696e+00
2.2936207673e-04 2.6237600988e+04 1.5707963268e+00 2.5386330233e+00
2.2950291897e-04 2.6256891194e+04 1.5707963268e+00 2.5395805815e+00
2.2964370832e-04 2.6276193014e+04 1.5707963268e+00 2.5405267464e+00
2.2978444488e-04 2.6295506430e+04 1.5707963268e+00 2.5414715202e+00
2.2992512872e-04 2.6314831425e+04 1.5707963268e+00 2.5424149051e+00
2.3006575994e-04 2.6334167982e+04 1.5707963268e+00 2.5433569035e+00
2.3020633862e-04 2.6353516084e+04 1.5707963268e+00 2.5442975174e+00
2.3034686484e-04 2.6372875716e+04 1.5707963268e+00 2.5452367492e+00
2.3048733869e-04 2.6392246859e+04 1.5707963268e+00 2.5461746010e+00
2.3062776025e-04 2.6411629497e+04 1.5707963268e+00 2.5471110751e+00
2.3076812961e-04 2.6431023614e+04 1.5707963268e+00 2.5480461737e+00
2.3090844685e-04 2.6450429192e+04 1.5707963268e+00 2.5489798990e+00
2.3104871206e-04 2.6469846215e+04 1.5707963268e+00 2.5499122532e+00
2.3118892532e-04 2.6489274666e+04 1.5707963268e+00 2.5508432386e+00
2.3132908671e-04 2.6508714529e+04 1.5707963268e+00 2.5517728573e+00
2.3146919632e-04 2.6528165787e+04 1.5707963268e+00 2.5527011116e+00
2.3160925424e-04 2.6547628422e+04 1.5707963268e+00 2.5536280036e+00
2.3174926054e-04 2.6567102419e+04 1.5707963268e+00 2.5545535355e+00
2.3188921531e-04 2.6586587761e+04 1.5707963268e+00 2.5554777097e+00
2.3202911864e-04 2.6606084431e+04 1.5707963268e+00 2.5564005281e+00
2.3216897060e-04 2.6625592413e+04 1.5707963268e+00 2.5573219931e+00
2.3230877128e-04 2.6645111689e+04 1.5707963268e+00 2.5582421069e+00
2.3244852076e-04 2.6664642244e+04 1.5707963268e+00 2.5591608716e+00
2.3258821913e-04 2.6684184061e+04 1.5707963268e+00 2.5600782893e+00
2.3272786646e-04 2.6703737123e+04 1.5707963268e+00 2.5609943624e+00
2.3286746285e-04 2.6723301413e+04 1.5707963268e+00 2.5619090930e+00
2.3300700837e-04 2.6742876916e+04 1.5707963268e+00 2.5628224832e+00
2.3314650311e-04 2.6762463614e+04 1.5707963268e+00 2.5637345353e+00
2.3328594714e-04 2.6782061492e+04 1.5707963268e+00 2.5646452513e+00
2.3342534055e-04 2.6801670532e+04 1.5707963268e+00 2.5655546336e+00
2.3356468343e-04 2.6821290718e+04 1.5707963268e+00 2.5664626842e+00
2.3370397585e-04 2.6840922034e+04 1.5707963268e+00 2.5673694053e+00
2.3384321790e-04 2.6860564463e+04 1.5707963268e+00 2.5682747991e+00
2.3398240965e-04 2.6880217989e+04 1.5707963268e+00 2.5691788678e+00
2.3412155119e-04 2.6899882596e+04 1.5707963268e+00 2.5700816135e+00
2.3426064260e-04 2.6919558267e+04 1.5707963268e+00 2.5709830383e+00
2.3439968396e-04 2.6939244985e+04 1.5707963268e+00 2.5718831445e+00
2.3453867535e-04 2.6958942735e+04 1.5707963268e+00 2.5727819341e+00
2.3467761686e-04 2.6978651500e+04 1.5707963268e+00 2.5736794094e+00
2.3481650856e-04 2.6998371263e+04 1.5707963268e+00 2.5745755724e+00
2.3495535054e-04 2.7018102009e+04 1.5707963268e+00 2.5754704254e+00
2.3509414286e-04 2.7037843721e+04 1.5707963268e+00 2.5763639704e+00
2.3523288563e-04 2.7057596383e+04 1.5707963268e+00 2.5772562096e+00
2.3537157891e-04 2.7077359978e+04 1.5707963268e+00 2.5781471451e+00
2.3551022278e-04 2.7097134491e+04 1.5707963268e+00 2.5790367792e+00
2.3564881733e-04 2.7116919904e+04 1.5707963268e+00 2.5799251138e+00
2.3578736264e-04 2.7136716203e+04 1.5707963268e+00 2.5808121512e+00
2.3592585878e-04 2.7156523370e+04 1.5707963268e+00 2.5816978934e+00
2.3606430584e-04 2.7176341389e+04 1.5707963268e+00 2.5825823426e+00
2.3620270389e-04 2.7196170245e+04 1.5707963268e+00 2.5834655010e+00
2.3634105301e-04 2.7216009921e+04 1.5707963268e+00 2.5843473705e+00
2.3647935329e-04 2.7235860400e+04 1.5707963268e+00 2.5852279534e+00
2.3661760479e-04 2.7255721668e+04 1.5707963268e+00 2.5861072518e+00
2.3675580761e-04 2.7275593708e+04 1.5707963268e+00 2.5869852677e+00
2.3689396182e-04 2.7295476503e+04 1.5707963268e+00 2.5878620034e+00
2.3703206750e-04 2.7315370037e+04 1.5707963268e+00 2.5887374608e+00
2.3717012472e-04 2.7335274296e+04 1.5707963268e+00 2.5896116421e+00
2.3730813357e-04 2.7355189261e+04 1.5707963268e+00 2.5904845494e+00
2.3744609412e-04 2.7375114919e+04 1.5707963268e+00 2.5913561848e+00
2.3758400645e-04 2.7395051252e+04 1.5707963268e+00 2.5922265504e+00
2.3772187064e-04 2.7414998244e+04 1.5707963268e+00 2.5930956483e+00
2.3785968677e-04 2.7434955880e+04 1.5707963268e+00 2.5939634806e+00
2.3799745492e-04 2.7454924143e+04 1.5707963268e+00 2.5948300493e+00
2.3813517515e-04 2.7474903018e+04 1.5707963268e+00 2.5956953566e+00
2.3827284756e-04 2.7494892489e+04 1.5707963268e+00 2.5965594046e+00
2.3841047222e-04 2.7514892539e+04 1.5707963268e+00 2.5974221952e+00
2.3854804920e-04 2.7534903154e+04 1.5707963268e+00 2.5982837306e+00
2.3868557858e-04 2.7554924316e+04 1.5707963268e+00 2.5991440129e+00
2.3882306044e-04 2.7574956011e+04 1.5707963268e+00 2.6000030442e+00
2.3896049486e-04 2.7594998222e+04 1.5707963268e+00 2.6008608265e+00
2.3909788191e-04 2.7615050933e+04 1.5707963268e+00 2.6017173618e+00
2.3923522167e-04 2.7635114130e+04 1.5707963268e+00 2.6025726523e+00
2.3937251422e-04 2.7655187795e+04 1.5707963268e+00 2.6034267000e+00
2.3950975962e-04 2.7675271913e+04 1.5707963268e+00 2.6042795070e+00
2.3964695797e-04 2.7695366469e+04 1.5707963268e+00 2.6051310753e+00
2.3978410933e-04 2.7715471447e+04 1.5707963268e+00 2.6059814070e+00
2.3992121378e-04 2.7735586830e+04 1.5707963268e+00 2.6068305041e+00
2.4005827139e-04 2.7755712604e+04 1.5707963268e+00 2.6076783687e+00
2.4019528225e-04 2.7775848753e+04 1.5707963268e+00 2.6085250028e+00
2.4033224643e-04 2.7795995260e+04 1.5707963268e+00 2.6093704085e+00
2.4046916400e-04 2.7816152110e+04 1.5707963268e+00 2.6102145878e+00
2.4060603503e-04 2.7836319289e+04 1.5707963268e+00 2.6110575428e+00
2.4074285961e-04 2.7856496779e+04 1.5707963268e+00 2.6118992754e+00
2.4087963781e-04 2.7876684566e+04 1.5707963268e+00 2.6127397878e+00
2.4101636970e-04 2.7896882633e+04 1.5707963268e+00 2.6135790819e+00
2.4115305536e-04 2.7917090966e+04 1.5707963268e+00 2.6144171598e+00
2.4128969486e-04 2.7937309549e+04 1.5707963268e+00 2.6152540235e+00
2.4142628828e-04 2.7957538366e+04 1.5707963268e+00 2.6160896750e+00
2.4156283569e-04 2.7977777402e+04 1.5707963268e+00 2.6169241164e+00
2.4169933717e-04 2.7998026640e+04 1.5707963268e+00 2.6177573496e+00
2.4183579279e-04 2.8018286067e+04 1.5707963268e+00 2.6185893767e+00
2.4197220262e-04 2.8038555666e+04 1.5707963268e+00 2.6194201997e+00
2.4210856674e-04 2.8058835422e+04 1.5707963268e+00 2.6202498206e+00
2.4224488522e-04 2.8079125319e+04 1.5707963268e+00 2.6210782414e+00
2.4238115814e-04 2.8099425342e+04 1.5707963268e+00 2.6219054641e+00
2.4251738556e-04 2.8119735476e+04 1.5707963268e+00 2.6227314907e+00
2.4265356757e-04 2.8140055706e+04 1.5707963268e+00 2.6235563232e+00
2.4278970424e-04 2.8160386015e+04 1.5707963268e+00 2.6243799636e+00
2.4292579563e-04 2.8180726388e+04 1.5707963268e+00 2.6252024139e+00
2.4306184183e-04 2.8201076812e+04 1.5707963268e+00 2.6260236761e+00
2.4319784290e-04 2.8221437269e+04 1.5707963268e+00 2.6268437521e+00
2.4333379891e-04 2.8241807744e+04 1.5707963268e+00 2.6276626440e+00
2.4346970995e-04 2.8262188224e+04 1.5707963268e+00 2.6284803537e+00
2.4360557608e-04 2.8282578691e+04 1.5707963268e+00 2.6292968833e+00
2.4374139738e-04 2.8302979132e+04 1.5707963268e+00 2.6301122346e+00
2.4387717391e-04 2.8323389530e+04 1.5707963268e+00 2.6309264097e+00
2.4401290575e-04 2.8343809871e+04 1.5707963268e+00 2.6317394105e+00
2.4414859298e-04 2.8364240139e+04 1.5707963268e+00 2.6325512390e+00
2.4428423566e-04 2.8384680320e+04 1.5707963268e+00 2.6333618972e+00
2.4441983386e-04 2.8405130398e+04 1.5707963268e+00 2.6341713870e+00
2.4455538766e-04 2.8425590358e+04 1.5707963268e+00 2.6349797104e+00
2.4469089713e-04 2.8446060184e+04 1.5707963268e+00 2.6357868694e+00
2.4482636234e-04 2.8466539863e+04 1.5707963268e+00 2.6365928658e+00
2.4496178336e-04 2.8487029379e+04 1.5707963268e+00 2.6373977017e+00
2.4509716026e-04 2.8507528716e+04 1.5707963268e+00 2.6382013790e+00
2.4523249312e-04 2.8528037860e+04 1.5707963268e+00 2.6390038997e+00
2.4536778199e-04 2.8548556795e+04 1.5707963268e+00 2.6398052656e+00
2.4550302697e-04 2.8569085508e+04 1.5707963268e+00 2.6406054787e+00
2.4563822811e-04 2.8589623982e+04 1.5707963268e+00 2.6414045410e+00
2.4577338548e-04 2.8610172203e+04 1.5707963268e+00 2.6422024545e+00
2.4590849917e-04 2.8630730156e+04 1.5707963268e+00 2.6429992209e+00
2.4604356923e-04 2.8651297826e+04 1.5707963268e+00 2.6437948423e+00
2.4617859573e-04 2.8671875198e+04 1.5707963268e+00 2.6445893206e+00
2.4631357875e-04 2.8692462257e+04 1.5707963268e+00 2.6453826577e+00
2.4644851836e-04 2.8713058988e+04 1.5707963268e+00 2.6461748555e+00
2.4658341463e-04 2.8733665377e+04 1.5707963268e+00 2.6469659160e+00
2.4671826762e-04 2.8754281409e+04 1.5707963268e+00 2.6477558411e+00
2.4685307741e-04 2.8774907069e+04 1.5707963268e+00 2.6485446326e+00
2.4698784407e-04 2.8795542341e+04 1.5707963268e+00 2.6493322925e+00
2.4712256766e-04 2.8816187212e+04 1.5707963268e+00 2.6501188227e+00
2.4725724825e-04 2.8836841667e+04 1.5707963268e+00 2.6509042251e+00
2.4739188591e-04 2.8857505690e+04 1.5707963268e+00 2.6516885016e+00
2.4752648072e-04 2.8878179268e+04 1.5707963268e+00 2.6524716542e+00
2.4766103274e-04 2.8898862385e+04 1.5707963268e+00 2.6532536846e+00
2.4779554204e-04 2.8919555027e+04 1.5707963268e+00 2.6540345948e+00
2.4793000868e-04 2.8940257178e+04 1.5707963268e+00 2.6548143866e+00
2.4806443274e-04 2.8960968826e+04 1.5707963268e+00 2.6555930621e+00
2.4819881429e-04 2.8981689954e+04 1.5707963268e+00 2.6563706230e+00
2.4833315339e-04 2.9002420548e+04 1.5707963268e+00 2.6571470712e+00
2.4846745011e-04 2.9023160595e+04 1.5707963268e+00 2.6579224086e+00
2.4860170451e-04 2.9043910078e+04 1.5707963268e+00 2.6586966372e+00
2.4873591668e-04 2.9064668984e+04 1.5707963268e+00 2.6594697587e+00
2.4887008667e-04 2.9085437298e+04 1.5707963268e+00 2.6602417750e+00
2.4900421455e-04 2.9106215005e+04 1.5707963268e+00 2.6610126880e+00
2.4913830039e-04 2.9127002091e+04 1.5707963268e+00 2.6617824996e+00
2.4927234426e-04 2.9147798543e+04 1.5707963268e+00 2.6625512117e+00
2.4940634622e-04 2.9168604344e+04 1.5707963268e+00 2.6633188260e+00
2.4954030634e-04 2.9189419481e+04 1.5707963268e+00 2.6640853445e+00
2.4967422469e-04 2.9210243939e+04 1.5707963268e+00 2.6648507690e+00
2.4980810134e-04 2.9231077704e+04 1.5707963268e+00 2.6656151013e+00
2.4994193635e-04 2.9251920761e+04 1.5707963268e+00 2.6663783433e+00
2.5007572979e-04 2.9272773097e+04 1.5707963268e+00 2.6671404969e+00
2.5020948172e-04 2.9293634697e+04 1.5707963268e+00 2.6679015639e+00
2.5034319221e-04 2.9314505546e+04 1.5707963268e+00 2.6686615461e+00
2.5047686133e-04 2.9335385630e+04 1.5707963268e+00 2.6694204454e+00
2.5061048915e-04 2.9356274935e+04 1.5707963268e+00 2.6701782636e+00
2.5074407572e-04 2.9377173447e+04 1.5707963268e+00 2.6709350025e+00
2.5087762112e-04 2.9398081152e+04 1.5707963268e+00 2.6716906640e+00
2.5101112542e-04 2.9418998034e+04 1.5707963268e+00 2.6724452499e+00
2.5114458867e-04 2.9439924081e+04 1.5707963268e+00 2.6731987620e+00
2.5127801094e-04 2.9460859277e+04 1.5707963268e+00 2.6739512021e+00
2.5141139230e-04 2.9481803609e+04 1.5707963268e+00 2.6747025721e+00
2.5154473281e-04 2.9502757062e+04 1.5707963268e+00 2.6754528737e+00
2.5167803255e-04 2.9523719623e+04 1.5707963268e+00 2.6762021089e+00
2.5181129157e-04 2.9544691277e+04 1.5707963268e+00 2.6769502793e+00
2.5194450993e-04 2.9565672010e+04 1.5707963268e+00 2.6776973869e+00
2.5207768772e-04 2.9586661809e+04 1.5707963268e+00 2.6784434333e+00
2.5221082498e-04 2.9607660658e+04 1.5707963268e+00 2.6791884205e+00
2.5234392178e-04 2.9628668544e+04 1.5707963268e+00 2.6799323501e+00
2.5247697819e-04 2.9649685454e+04 1.5707963268e+00 2.6806752241e+00
2.5260999427e-04 2.9670711372e+04 1.5707963268e+00 2.6814170441e+00
2.5274297009e-04 2.9691746285e+04 1.5707963268e+00 2.6821578121e+00
2.5287590572e-04 2.9712790179e+04 1.5707963268e+00 2.6828975297e+00
2.5300880120e-04 2.9733843041e+04 1.5707963268e+00 2.6836361987e+00
2.5314165662e-04 2.9754904855e+04 1.5707963268e+00 2.6843738210e+00
2.5327447202e-04 2.9775975609e+04 1.5707963268e+00 2.6851103984e+00
2.5340724749e-04 2.9797055288e+04 1.5707963268e+00 2.6858459325e+00
2.5353998307e-04 2.9818143879e+04 1.5707963268e+00 2.6865804252e+00
2.5367267884e-04 2.9839241368e+04 1.5707963268e+00 2.6873138782e+00
2.5380533485e-04 2.9860347740e+04 1.5707963268e+00 2.6880462933e+00
2.5393795118e-04 2.9881462982e+04 1.5707963268e+00 2.6887776723e+00
2.5407052788e-04 2.9902587081e+04 1.5707963268e+00 2.6895080170e+00
2.5420306501e-04 2.9923720022e+04 1.5707963268e+00 2.6902373290e+00
2.5433556264e-04 2.9944861791e+04 1.5707963268e+00 2.6909656102e+00
2.5446802084e-04 2.9966012376e+04 1.5707963268e+00 2.6916928623e+00
2.5460043966e-04 2.9987171762e+04 1.5707963268e+00 2.6924190870e+00
2.5473281916e-04 3.0008339936e+04 1.5707963268e+00 2.6931442862e+00
2.5486515942e-04 3.0029516883e+04 1.5707963268e+00 2.6938684615e+00
2.5499746049e-04 3.0050702591e+04 1.5707963268e+00 2.6945916147e+00
2.5512972243e-04 3.0071897046e+04 1.5707963268e+00 2.6953137476e+00
2.5526194531e-04 3.0093100233e+04 1.5707963268e+00 2.6960348618e+00
2.5539412919e-04 3.0114312140e+04 1.5707963268e+00 2.6967549591e+00
2.5552627413e-04 3.0135532753e+04 1.5707963268e+00 2.6974740413e+00
2.5565838019e-04 3.0156762058e+04 1.5707963268e+00 2.6981921100e+00
2.5579044743e-04 3.0178000041e+04 1.5707963268e+00 2.6989091670e+00
2.5592247592e-04 3.0199246690e+04 1.5707963268e+00 2.6996252141e+00
2.5605446571e-04 3.0220501991e+04 1.5707963268e+00 2.7003402529e+00
2.5618641688e-04 3.0241765929e+04 1.5707963268e+00 2.7010542852e+00
2.5631832947e-04 3.0263038493e+04 1.5707963268e+00 2.7017673126e+00
2.5645020355e-04 3.0284319668e+04 1.5707963268e+00 2.7024793369e+00
2.5658203919e-04 3.0305609440e+04 1.5707963268e+00 2.7031903598e+00
2.5671383644e-04 3.0326907797e+04 1.5707963268e+00 2.7039003831e+00
2.5684559536e-04 3.0348214726e+04 1.5707963268e+00 2.7046094083e+00
2.5697731601e-04 3.0369530212e+04 1.5707963268e+00 2.7053174373e+00
2.5710899846e-04 3.0390854242e+04 1.5707963268e+00 2.7060244716e+00
2.5724064276e-04 3.0412186803e+04 1.5707963268e+00 2.7067305131e+00
2.5737224898e-04 3.0433527882e+04 1.5707963268e+00 2.7074355634e+00
2.5750381718e-04 3.0454877465e+04 1.5707963268e+00 2.7081396242e+00
2.5763534741e-04 3.0476235540e+04 1.5707963268e+00 2.7088426971e+00
2.5776683973e-04 3.0497602092e+04 1.5707963268e+00 2.7095447839e+00
2.5789829421e-04 3.0518977109e+04 1.5707963268e+00 2.7102458863e+00
2.5802971091e-04 3.0540360577e+04 1.5707963268e+00 2.7109460059e+00
2.5816108988e-04 3.0561752484e+04 1.5707963268e+00 2.7116451444e+00
2.5829243118e-04 3.0583152816e+04 1.5707963268e+00 2.7123433035e+00
2.5842373488e-04 3.0604561559e+04 1.5707963268e+00 2.7130404848e+00
2.5855500103e-04 3.0625978701e+04 1.5707963268e+00 2.7137366901e+00
2.5868622969e-04 3.0647404229e+04 1.5707963268e+00 2.7144319209e+00
2.5881742093e-04 3.0668838129e+04 1.5707963268e+00 2.7151261790e+00
2.5894857479e-04 3.0690280389e+04 1.5707963268e+00 2.7158194660e+00
2.5907969135e-04 3.0711730995e+04 1.5707963268e+00 2.7165117836e+00
2.5921077065e-04 3.0733189935e+04 1.5707963268e+00 2.7172031334e+00
2.5934181276e-04 3.0754657194e+04 1.5707963268e+00 2.7178935171e+00
2.5947281774e-04 3.0776132761e+04 1.5707963268e+00 2.7185829363e+00
2.5960378564e-04 3.0797616622e+04 1.5707963268e+00 2.7192713927e+00
2.5973471652e-04 3.0819108765e+04 1.5707963268e+00 2.7199588879e+00
2.5986561045e-04 3.0840609175e+04 1.5707963268e+00 2.7206454236e+00
2.5999646747e-04 3.0862117842e+04 1.5707963268e+00 2.7213310014e+00
2.6012728765e-04 3.0883634750e+04 1.5707963268e+00 2.7220156229e+00
2.6025807104e-04 3.0905159888e+04 1.5707963268e+00 2.7226992898e+00
2.6038881771e-04 3.0926693243e+04 1.5707963268e+00 2.7233820037e+00
2.6051952771e-04 3.0948234802e+04 1.5707963268e+00 2.7240637662e+00
2.6065020109e-04 3.0969784552e+04 1.5707963268e+00 2.7247445789e+00
2.6078083792e-04 3.0991342480e+04 1.5707963268e+00 2.7254244436e+00
2.6091143826e-04 3.1012908573e+04 1.5707963268e+00 2.7261033617e+00
2.6104200215e-04 3.1034482819e+04 1.5707963268e+00 2.7267813350e+00
2.6117252966e-04 3.1056065205e+04 1.5707963268e+00 2.7274583650e+00
2.6130302085e-04 3.1077655718e+04 1.5707963268e+00 2.7281344533e+00
2.6143347577e-04 3.1099254345e+04 1.5707963268e+00 2.7288096016e+00
2.6156389447e-04 3.1120861074e+04 1.5707963268e+00 2.7294838114e+00
2.6169427703e-04 3.1142475892e+04 1.5707963268e+00 2.7301570845e+00
2.6182462348e-04 3.1164098786e+04 1.5707963268e+00 2.7308294222e+00
2.6195493389e-04 3.1185729744e+04 1.5707963268e+00 2.7315008264e+00
2.6208520832e-04 3.1207368753e+04 1.5707963268e+00 2.7321712985e+00
2.6221544682e-04 3.1229015800e+04 1.5707963268e+00 2.7328408401e+00
2.6234564945e-04 3.1250670873e+04 1.5707963268e+00 2.7335094529e+00
2.6247581626e-04 3.1272333960e+04 1.5707963268e+00 2.7341771384e+00
2.6260594731e-04 3.1294005046e+04 1.5707963268e+00 2.7348438982e+00
2.6273604265e-04 3.1315684122e+04 1.5707963268e+00 2.7355097340e+00
2.6286610235e-04 3.1337371172e+04 1.5707963268e+00 2.7361746472e+00
2.6299612646e-04 3.1359066186e+04 1.5707963268e+00 2.7368386394e+00
2.6312611503e-04 3.1380769150e+04 1.5707963268e+00 2.7375017123e+00
2.6325606812e-04 3.1402480053e+04 1.5707963268e+00 2.7381638674e+00
2.6338598578e-04 3.1424198881e+04 1.5707963268e+00 2.7388251063e+00
2.6351586807e-04 3.1445925623e+04 1.5707963268e+00 2.7394854305e+00
2.6364571504e-04 3.1467660265e+04 1.5707963268e+00 2.7401448416e+00
2.6377552676e-04 3.1489402796e+04 1.5707963268e+00 2.7408033412e+00
2.6390530327e-04 3.1511153203e+04 1.5707963268e+00 2.7414609308e+00
2.6403504463e-04 3.1532911474e+04 1.5707963268e+00 2.7421176120e+00
2.6416475089e-04 3.1554677597e+04 1.5707963268e+00 2.7427733863e+00
2.6429442212e-04 3.1576451558e+04 1.5707963268e+00 2.7434282552e+00
2.6442405836e-04 3.1598233346e+04 1.5707963268e+00 2.7440822204e+00
2.6455365966e-04 3.1620022949e+04 1.5707963268e+00 2.7447352834e+00
2.6468322609e-04 3.1641820354e+04 1.5707963268e+00 2.7453874457e+00
2.6481275770e-04 3.1663625550e+04 1.5707963268e+00 2.7460387089e+00
2.6494225454e-04 3.1685438523e+04 1.5707963268e+00 2.7466890745e+00
2.6507171666e-04 3.1707259261e+04 1.5707963268e+00 2.7473385439e+00
2.6520114412e-04 3.1729087753e+04 1.5707963268e+00 2.7479871189e+00
2.6533053698e-04 3.1750923987e+04 1.5707963268e+00 2.7486348008e+00
2.6545989528e-04 3.1772767949e+04 1.5707963268e+00 2.7492815913e+00
2.6558921909e-04 3.1794619629e+04 1.5707963268e+00 2.7499274918e+00
2.6571850845e-04 3.1816479013e+04 1.5707963268e+00 2.7505725039e+00
2.6584776342e-04 3.1838346090e+04 1.5707963268e+00 2.7512166290e+00
2.6597698405e-04 3.1860220848e+04 1.5707963268e+00 2.7518598688e+00
2.6610617039e-04 3.1882103275e+04 1.5707963268e+00 2.7525022247e+00
2.6623532250e-04 3.1903993358e+04 1.5707963268e+00 2.7531436982e+00
2.6636444044e-04 3.1925891086e+04 1.5707963268e+00 2.7537842908e+00
2.6649352424e-04 3.1947796447e+04 1.5707963268e+00 2.7544240041e+00
2.6662257398e-04 3.1969709428e+04 1.5707963268e+00 2.7550628395e+00
2.6675158969e-04 3.1991630018e+04 1.5707963268e+00 2.7557007986e+00
2.6688057144e-04 3.2013558205e+04 1.5707963268e+00 2.7563378828e+00
2.6700951927e-04 3.2035493976e+04 1.5707963268e+00 2.7569740936e+00
2.6713843325e-04 3.2057437321e+04 1.5707963268e+00 2.7576094326e+00
2.6726731341e-04 3.2079388226e+04 1.5707963268e+00 2.7582439012e+00
2.6739615981e-04 3.2101346681e+04 1.5707963268e+00 2.7588775009e+00
2.6752497251e-04 3.2123312673e+04 1.5707963268e+00 2.7595102333e+00
2.6765375156e-04 3.2145286190e+04 1.5707963268e+00 2.7601420997e+00
2.6778249700e-04 3.2167267221e+04 1.5707963268e+00 2.7607731016e+00
2.6791120890e-04 3.2189255754e+04 1.5707963268e+00 2.7614032406e+00
2.6803988730e-04 3.2211251777e+04 1.5707963268e+00 2.7620325181e+00
2.6816853225e-04 3.2233255278e+04 1.5707963268e+00 2.7626609356e+00
2.6829714381e-04 3.2255266246e+04 1.5707963268e+00 2.7632884946e+00
2.6842572203e-04 3.2277284669e+04 1.5707963268e+00 2.7639151965e+00
2.6855426696e-04 3.2299310535e+04 1.5707963268e+00 2.7645410427e+00
2.6868277865e-04 3.2321343833e+04 1.5707963268e+00 2.7651660349e+00
2.6881125715e-04 3.2343384550e+04 1.5707963268e+00 2.7657901743e+00
2.6893970252e-04 3.2365432675e+04 1.5707963268e+00 2.7664134625e+00
2.6906811479e-04 3.2387488197e+04 1.5707963268e+00 2.7670359009e+00
2.6919649404e-04 3.2409551104e+04 1.5707963268e+00 2.7676574910e+00
2.6932484030e-04 3.2431621384e+04 1.5707963268e+00 2.7682782342e+00
2.6945315363e-04 3.2453699026e+04 1.5707963268e+00 2.7688981320e+00
2.6958143407e-04 3.2475784018e+04 1.5707963268e+00 2.7695171858e+00
2.6970968168e-04 3.2497876349e+04 1.5707963268e+00 2.7701353971e+00
2.6983789652e-04 3.2519976007e+04 1.5707963268e+00 2.7707527672e+00
2.6996607862e-04 3.2542082980e+04 1.5707963268e+00 2.7713692977e+00
2.7009422804e-04 3.2564197258e+04 1.5707963268e+00 2.7719849900e+00
2.7022234483e-04 3.2586318828e+04 1.5707963268e+00 2.7725998455e+00
2.7035042904e-04 3.2608447680e+04 1.5707963268e+00 2.7732138656e+00
2.7047848072e-04 3.2630583801e+04 1.5707963268e+00 2.7738270517e+00
2.7060649993e-04 3.2652727181e+04 1.5707963268e+00 2.7744394054e+00
2.7073448670e-04 3.2674877807e+04 1.5707963268e+00 2.7750509279e+00
2.7086244109e-04 3.2697035670e+04 1.5707963268e+00 2.7756616208e+00
2.7099036315e-04 3.2719200756e+04 1.5707963268e+00 2.7762714854e+00
2.7111825293e-04 3.2741373055e+04 1.5707963268e+00 2.7768805231e+00
2.7124611048e-04 3.2763552556e+04 1.5707963268e+00 2.7774887354e+00
2.7137393584e-04 3.2785739248e+04 1.5707963268e+00 2.7780961237e+00
2.7150172908e-04 3.2807933118e+04 1.5707963268e+00 2.7787026894e+00
2.7162949023e-04 3.2830134156e+04 1.5707963268e+00 2.7793084339e+00
2.7175721934e-04 3.2852342350e+04 1.5707963268e+00 2.7799133586e+00
2.7188491647e-04 3.2874557689e+04 1.5707963268e+00 2.7805174648e+00
2.7201258167e-04 3.2896780163e+04 1.5707963268e+00 2.7811207540e+00
2.7214021497e-04 3.2919009759e+04 1.5707963268e+00 2.7817232276e+00
2.7226781644e-04 3.2941246467e+04 1.5707963268e+00 2.7823248870e+00
2.7239538612e-04 3.2963490276e+04 1.5707963268e+00 2.7829257336e+00
2.7252292405e-04 3.2985741173e+04 1.5707963268e+00 2.7835257687e+00
2.7265043029e-04 3.3007999149e+04 1.5707963268e+00 2.7841249937e+00
2.7277790489e-04 3.3030264192e+04 1.5707963268e+00 2.7847234100e+00
2.7290534789e-04 3.3052536291e+04 1.5707963268e+00 2.7853210191e+00
2.7303275935e-04 3.3074815435e+04 1.5707963268e+00 2.7859178222e+00
2.7316013930e-04 3.3097101613e+04 1.5707963268e+00 2.7865138207e+00
2.7328748780e-04 3.3119394814e+04 1.5707963268e+00 2.7871090161e+00
2.7341480490e-04 3.3141695026e+04 1.5707963268e+00 2.7877034097e+00
2.7354209064e-04 3.3164002239e+04 1.5707963268e+00 2.7882970028e+00
2.7366934507e-04 3.3186316442e+04 1.5707963268e+00 2.7888897968e+00
2.7379656824e-04 3.3208637624e+04 1.5707963268e+00 2.7894817931e+00
2.7392376020e-04 3.3230965774e+04 1.5707963268e+00 2.7900729931e+00
2.7405092099e-04 3.3253300880e+04 1.5707963268e+00 2.7906633981e+00
2.7417805067e-04 3.3275642933e+04 1.5707963268e+00 2.7912530094e+00
2.7430514927e-04 3.3297991921e+04 1.5707963268e+00 2.7918418284e+00
2.7443221685e-04 3.3320347833e+04 1.5707963268e+00 2.7924298565e+00
2.7455925345e-04 3.3342710659e+04 1.5707963268e+00 2.7930170950e+00
2.7468625913e-04 3.3365080387e+04 1.5707963268e+00 2.7936035453e+00
2.7481323392e-04 3.3387457007e+04 1.5707963268e+00 2.7941892087e+00
2.7494017788e-04 3.3409840507e+04 1.5707963268e+00 2.7947740865e+00
2.7506709104e-04 3.3432230878e+04 1.5707963268e+00 2.7953581800e+00
2.7519397347e-04 3.3454628108e+04 1.5707963268e+00 2.7959414907e+00
2.7532082520e-04 3.3477032187e+04 1.5707963268e+00 2.7965240199e+00
2.7544764628e-04 3.3499443104e+04 1.5707963268e+00 2.7971057688e+00
2.7557443676e-04 3.3521860848e+04 1.5707963268e+00 2.7976867388e+00
2.7570119668e-04 3.3544285408e+04 1.5707963268e+00 2.7982669312e+00
2.7582792610e-04 3.3566716774e+04 1.5707963268e+00 2.7988463474e+00
2.7595462505e-04 3.3589154935e+04 1.5707963268e+00 2.7994249887e+00
2.7608129358e-04 3.3611599880e+04 1.5707963268e+00 2.8000028564e+00
2.7620793174e-04 3.3634051600e+04 1.5707963268e+00 2.8005799518e+00
2.7633453957e-04 3.3656510082e+04 1.5707963268e+00 2.8011562762e+00
2.7646111713e-04 3.3678975317e+04 1.5707963268e+00 2.8017318310e+00
2.7658766445e-04 3.3701447294e+04 1.5707963268e+00 2.8023066174e+00
2.7671418158e-04 3.3723926002e+04 1.5707963268e+00 2.8028806368e+00
2.7684066858e-04 3.3746411432e+04 1.5707963268e+00 2.8034538904e+00
2.7696712547e-04 3.3768903571e+04 1.5707963268e+00 2.8040263796e+00
2.7709355231e-04 3.3791402410e+04 1.5707963268e+00 2.8045981057e+00
2.7721994915e-04 3.3813907939e+04 1.5707963268e+00 2.8051690699e+00
2.7734631602e-04 3.3836420147e+04 1.5707963268e+00 2.8057392736e+00
2.7747265298e-04 3.3858939022e+04 1.5707963268e+00 2.8063087181e+00
2.7759896007e-04 3.3881464556e+04 1.5707963268e+00 2.8068774046e+00
2.7772523733e-04 3.3903996738e+04 1.5707963268e+00 2.8074453344e+00
2.7785148481e-04 3.3926535556e+04 1.5707963268e+00 2.8080125088e+00
2.7797770256e-04 3.3949081001e+04 1.5707963268e+00 2.8085789292e+00
2.7810389061e-04 3.3971633062e+04 1.5707963268e+00 2.8091445967e+00
2.7823004902e-04 3.3994191729e+04 1.5707963268e+00 2.8097095127e+00
2.7835617782e-04 3.4016756992e+04 1.5707963268e+00 2.8102736785e+00
2.7848227707e-04 3.4039328840e+04 1.5707963268e+00 2.8108370952e+00
2.7860834680e-04 3.4061907264e+04 1.5707963268e+00 2.8113997643e+00
2.7873438707e-04 3.4084492251e+04 1.5707963268e+00 2.8119616869e+00
2.7886039791e-04 3.4107083793e+04 1.5707963268e+00 2.8125228643e+00
2.7898637937e-04 3.4129681880e+04 1.5707963268e+00 2.8130832978e+00
2.7911233150e-04 3.4152286500e+04 1.5707963268e+00 2.8136429887e+00
2.7923825433e-04 3.4174897644e+04 1.5707963268e+00 2.8142019382e+00
2.7936414791e-04 3.4197515301e+04 1.5707963268e+00 2.8147601476e+00
2.7949001229e-04 3.4220139462e+04 1.5707963268e+00 2.8153176181e+00
2.7961584751e-04 3.4242770115e+04 1.5707963268e+00 2.8158743510e+00
2.7974165361e-04 3.4265407252e+04 1.5707963268e+00 2.8164303475e+00
2.7986743064e-04 3.4288050861e+04 1.5707963268e+00 2.8169856089e+00
2.7999317864e-04 3.4310700933e+04 1.5707963268e+00 2.8175401364e+00
2.8011889765e-04 3.4333357457e+04 1.5707963268e+00 2.8180939313e+00
2.8024458771e-04 3.4356020424e+04 1.5707963268e+00 2.8186469949e+00
2.8037024888e-04 3.4378689824e+04 1.5707963268e+00 2.8191993283e+00
2.8049588119e-04 3.4401365645e+04 1.5707963268e+00 2.8197509328e+00
2.8062148469e-04 3.4424047879e+04 1.5707963268e+00 2.8203018096e+00
2.8074705942e-04 3.4446736515e+04 1.5707963268e+00 2.8208519600e+00
2.8087260542e-04 3.4469431544e+04 1.5707963268e+00 2.8214013852e+00
2.8099812273e-04 3.4492132954e+04 1.5707963268e+00 2.8219500865e+00
2.8112361141e-04 3.4514840737e+04 1.5707963268e+00 2.8224980649e+00
2.8124907148e-04 3.4537554882e+04 1.5707963268e+00 2.8230453219e+00
2.8137450300e-04 3.4560275380e+04 1.5707963268e+00 2.8235918586e+00
2.8149990600e-04 3.4583002220e+04 1.5707963268e+00 2.8241376762e+00
2.8162528053e-04 3.4605735393e+04 1.5707963268e+00 2.8246827759e+00
2.8175062663e-04 3.4628474888e+04 1.5707963268e+00 2.8252271590e+00
2.8187594435e-04 3.4651220696e+04 1.5707963268e+00 2.8257708267e+00
2.8200123372e-04 3.4673972807e+04 1.5707963268e+00 2.8263137801e+00
2.8212649479e-04 3.4696731210e+04 1.5707963268e+00 2.8268560205e+00
2.8225172760e-04 3.4719495898e+04 1.5707963268e+00 2.8273975492e+00
2.8237693218e-04 3.4742266858e+04 1.5707963268e+00 2.8279383672e+00
2.8250210860e-04 3.4765044082e+04 1.5707963268e+00 2.8284784758e+00
2.8262725688e-04 3.4787827560e+04 1.5707963268e+00 2.8290178763e+00
2.8275237706e-04 3.4810617282e+04 1.5707963268e+00 2.8295565697e+00
2.8287746919e-04 3.4833413239e+04 1.5707963268e+00 2.8300945573e+00
2.8300253332e-04 3.4856215420e+04 1.5707963268e+00 2.8306318404e+00
2.8312756948e-04 3.4879023816e+04 1.5707963268e+00 2.8311684200e+00
2.8325257770e-04 3.4901838417e+04 1.5707963268e+00 2.8317042973e+00
2.8337755805e-04 3.4924659213e+04 1.5707963268e+00 2.8322394737e+00
2.8350251055e-04 3.4947486196e+04 1.5707963268e+00 2.8327739502e+00
2.8362743525e-04 3.4970319354e+04 1.5707963268e+00 2.8333077280e+00
2.8375233218e-04 3.4993158680e+04 1.5707963268e+00 2.8338408083e+00
2.8387720140e-04 3.5016004162e+04 1.5707963268e+00 2.8343731923e+00
2.8400204294e-04 3.5038855791e+04 1.5707963268e+00 2.8349048811e+00
2.8412685683e-04 3.5061713559e+04 1.5707963268e+00 2.8354358760e+00
2.8425164314e-04 3.5084577454e+04 1.5707963268e+00 2.8359661781e+00
2.8437640188e-04 3.5107447468e+04 1.5707963268e+00 2.8364957886e+00
2.8450113311e-04 3.5130323591e+04 1.5707963268e+00 2.8370247086e+00
2.8462583686e-04 3.5153205814e+04 1.5707963268e+00 2.8375529393e+00
2.8475051317e-04 3.5176094127e+04 1.5707963268e+00 2.8380804819e+00
2.8487516210e-04 3.5198988520e+04 1.5707963268e+00 2.8386073375e+00
2.8499978366e-04 3.5221888985e+04 1.5707963268e+00 2.8391335073e+00
2.8512437792e-04 3.5244795511e+04 1.5707963268e+00 2.8396589925e+00
2.8524894490e-04 3.5267708089e+04 1.5707963268e+00 2.8401837942e+00
2.8537348464e-04 3.5290626710e+04 1.5707963268e+00 2.8407079135e+00
2.8549799720e-04 3.5313551365e+04 1.5707963268e+00 2.8412313516e+00
2.8562248259e-04 3.5336482043e+04 1.5707963268e+00 2.8417541097e+00
2.8574694088e-04 3.5359418737e+04 1.5707963268e+00 2.8422761889e+00
2.8587137209e-04 3.5382361435e+04 1.5707963268e+00 2.8427975903e+00
2.8599577627e-04 3.5405310129e+04 1.5707963268e+00 2.8433183151e+00
2.8612015346e-04 3.5428264810e+04 1.5707963268e+00 2.8438383644e+00
2.8624450369e-04 3.5451225468e+04 1.5707963268e+00 2.8443577394e+00
2.8636882700e-04 3.5474192094e+04 1.5707963268e+00 2.8448764412e+00
