0.0000000000e+00 1.4369085437e+04 1.5707963268e+00 0.0000000000e+00
2.3912505143e-07 1.4369085437e+04 1.5707963268e+00 3.0864197531e-03
4.7825010287e-07 1.4369095576e+04 1.5707963268e+00 6.1728395062e-03
7.1737488215e-07 1.4369115855e+04 1.5707963268e+00 9.2592549035e-03
9.5649911714e-07 1.4369146273e+04 1.5707963268e+00 1.2345661589e-02
1.1956225357e-06 1.4369186830e+04 1.5707963268e+00 1.5432055208e-02
1.4347448656e-06 1.4369237527e+04 1.5707963268e+00 1.8518431404e-02
1.6738658349e-06 1.4369298364e+04 1.5707963268e+00 2.1604785821e-02
1.9129851712e-06 1.4369369341e+04 1.5707963268e+00 2.4691114105e-02
2.1521026026e-06 1.4369450459e+04 1.5707963268e+00 2.7777411898e-02
2.3912178569e-06 1.4369541718e+04 1.5707963268e+00 3.0863674846e-02
2.6303306621e-06 1.4369643119e+04 1.5707963268e+00 3.3949898593e-02
2.8694407459e-06 1.4369754662e+04 1.5707963268e+00 3.7036078783e-02
3.1085478364e-06 1.4369876348e+04 1.5707963268e+00 4.0122211060e-02
3.3476516614e-06 1.4370008178e+04 1.5707963268e+00 4.3208291070e-02
3.5867519490e-06 1.4370150153e+04 1.5707963268e+00 4.6294314455e-02
3.8258484271e-06 1.4370302273e+04 1.5707963268e+00 4.9380276862e-02
4.0649408236e-06 1.4370464539e+04 1.5707963268e+00 5.2466173933e-02
4.3040288666e-06 1.4370636953e+04 1.5707963268e+00 5.5552001314e-02
4.5431122841e-06 1.4370819516e+04 1.5707963268e+00 5.8637754648e-02
4.7821908042e-06 1.4371012228e+04 1.5707963268e+00 6.1723429580e-02
5.0212641548e-06 1.4371215092e+04 1.5707963268e+00 6.4809021755e-02
5.2603320641e-06 1.4371428107e+04 1.5707963268e+00 6.7894526816e-02
5.4993942603e-06 1.4371651276e+04 1.5707963268e+00 7.0979940409e-02
5.7384504713e-06 1.4371884601e+04 1.5707963268e+00 7.4065258176e-02
5.9775004255e-06 1.4372128082e+04 1.5707963268e+00 7.7150475763e-02
6.2165438510e-06 1.4372381721e+04 1.5707963268e+00 8.0235588814e-02
6.4555804760e-06 1.4372645519e+04 1.5707963268e+00 8.3320592973e-02
6.6946100287e-06 1.4372919479e+04 1.5707963268e+00 8.6405483884e-02
6.9336322375e-06 1.4373203603e+04 1.5707963268e+00 8.9490257192e-02
7.1726468307e-06 1.4373497891e+04 1.5707963268e+00 9.2574908540e-02
7.4116535366e-06 1.4373802347e+04 1.5707963268e+00 9.5659433573e-02
7.6506520836e-06 1.4374116971e+04 1.5707963268e+00 9.8743827934e-02
7.8896422002e-06 1.4374441767e+04 1.5707963268e+00 1.0182808727e-01
8.1286236147e-06 1.4374776735e+04 1.5707963268e+00 1.0491220722e-01
8.3675960557e-06 1.4375121879e+04 1.5707963268e+00 1.0799618343e-01
8.6065592517e-06 1.4375477200e+04 1.5707963268e+00 1.1108001155e-01
8.8455129313e-06 1.4375842701e+04 1.5707963268e+00 1.1416368722e-01
9.0844568232e-06 1.4376218385e+04 1.5707963268e+00 1.1724720608e-01
9.3233906559e-06 1.4376604252e+04 1.5707963268e+00 1.2033056378e-01
9.5623141583e-06 1.4377000308e+04 1.5707963268e+00 1.2341375596e-01
9.8012270590e-06 1.4377406552e+04 1.5707963268e+00 1.2649677826e-01
1.0040129087e-05 1.4377822990e+04 1.5707963268e+00 1.2957962633e-01
1.0279019971e-05 1.4378249622e+04 1.5707963268e+00 1.3266229581e-01
1.0517899440e-05 1.4378686452e+04 1.5707963268e+00 1.3574478236e-01
1.0756767222e-05 1.4379133483e+04 1.5707963268e+00 1.3882708160e-01
1.0995623048e-05 1.4379590718e+04 1.5707963268e+00 1.4190918918e-01
1.1234466645e-05 1.4380058159e+04 1.5707963268e+00 1.4499110075e-01
1.1473297744e-05 1.4380535810e+04 1.5707963268e+00 1.4807281195e-01
1.1712116072e-05 1.4381023674e+04 1.5707963268e+00 1.5115431843e-01
1.1950921361e-05 1.4381521754e+04 1.5707963268e+00 1.5423561583e-01
1.2189713338e-05 1.4382030053e+04 1.5707963268e+00 1.5731669978e-01
1.2428491733e-05 1.4382548574e+04 1.5707963268e+00 1.6039756594e-01
1.2667256275e-05 1.4383077322e+04 1.5707963268e+00 1.6347820995e-01
1.2906006694e-05 1.4383616299e+04 1.5707963268e+00 1.6655862746e-01
1.3144742720e-05 1.4384165509e+04 1.5707963268e+00 1.6963881409e-01
1.3383464082e-05 1.4384724955e+04 1.5707963268e+00 1.7271876551e-01
1.3622170510e-05 1.4385294641e+04 1.5707963268e+00 1.7579847734e-01
1.3860861733e-05 1.4385874572e+04 1.5707963268e+00 1.7887794525e-01
1.4099537481e-05 1.4386464750e+04 1.5707963268e+00 1.8195716485e-01
1.4338197485e-05 1.4387065179e+04 1.5707963268e+00 1.8503613182e-01
1.4576841473e-05 1.4387675864e+04 1.5707963268e+00 1.8811484177e-01
1.4815469177e-05 1.4388296809e+04 1.5707963268e+00 1.9119329036e-01
1.5054080326e-05 1.4388928016e+04 1.5707963268e+00 1.9427147323e-01
1.5292674650e-05 1.4389569492e+04 1.5707963268e+00 1.9734938603e-01
1.5531251879e-05 1.4390221239e+04 1.5707963268e+00 2.0042702439e-01
1.5769811745e-05 1.4390883262e+04 1.5707963268e+00 2.0350438396e-01
1.6008353976e-05 1.4391555566e+04 1.5707963268e+00 2.0658146038e-01
1.6246878305e-05 1.4392238154e+04 1.5707963268e+00 2.0965824930e-01
1.6485384460e-05 1.4392931032e+04 1.5707963268e+00 2.1273474635e-01
1.6723872174e-05 1.4393634203e+04 1.5707963268e+00 2.1581094719e-01
1.6962341175e-05 1.4394347672e+04 1.5707963268e+00 2.1888684744e-01
1.7200791197e-05 1.4395071444e+04 1.5707963268e+00 2.2196244276e-01
1.7439221968e-05 1.4395805524e+04 1.5707963268e+00 2.2503772879e-01
1.7677633221e-05 1.4396549917e+04 1.5707963268e+00 2.2811270117e-01
1.7916024686e-05 1.4397304626e+04 1.5707963268e+00 2.3118735554e-01
1.8154396095e-05 1.4398069658e+04 1.5707963268e+00 2.3426168755e-01
1.8392747178e-05 1.4398845017e+04 1.5707963268e+00 2.3733569283e-01
1.8631077667e-05 1.4399630708e+04 1.5707963268e+00 2.4040936704e-01
1.8869387293e-05 1.4400426736e+04 1.5707963268e+00 2.4348270580e-01
1.9107675789e-05 1.4401233107e+04 1.5707963268e+00 2.4655570477e-01
1.9345942885e-05 1.4402049825e+04 1.5707963268e+00 2.4962835959e-01
1.9584188313e-05 1.4402876896e+04 1.5707963268e+00 2.5270066590e-01
1.9822411805e-05 1.4403714326e+04 1.5707963268e+00 2.5577261934e-01
2.0060613094e-05 1.4404562120e+04 1.5707963268e+00 2.5884421555e-01
2.0298791910e-05 1.4405420282e+04 1.5707963268e+00 2.6191545017e-01
2.0536947986e-05 1.4406288820e+04 1.5707963268e+00 2.6498631886e-01
2.0775081055e-05 1.4407167738e+04 1.5707963268e+00 2.6805681724e-01
2.1013190849e-05 1.4408057042e+04 1.5707963268e+00 2.7112694097e-01
2.1251277099e-05 1.4408956738e+04 1.5707963268e+00 2.7419668568e-01
2.1489339539e-05 1.4409866832e+04 1.5707963268e+00 2.7726604702e-01
2.1727377902e-05 1.4410787330e+04 1.5707963268e+00 2.8033502062e-01
2.1965391919e-05 1.4411718237e+04 1.5707963268e+00 2.8340360213e-01
2.2203381324e-05 1.4412659560e+04 1.5707963268e+00 2.8647178720e-01
2.2441345851e-05 1.4413611304e+04 1.5707963268e+00 2.8953957146e-01
2.2679285231e-05 1.4414573476e+04 1.5707963268e+00 2.9260695056e-01
2.2917199198e-05 1.4415546082e+04 1.5707963268e+00 2.9567392013e-01
2.3155087486e-05 1.4416529128e+04 1.5707963268e+00 2.9874047582e-01
2.3392949828e-05 1.4417522621e+04 1.5707963268e+00 3.0180661328e-01
2.3630785958e-05 1.4418526568e+04 1.5707963268e+00 3.0487232814e-01
2.3868595608e-05 1.4419540973e+04 1.5707963268e+00 3.0793761604e-01
2.4106378514e-05 1.4420565845e+04 1.5707963268e+00 3.1100247263e-01
2.4344134409e-05 1.4421601189e+04 1.5707963268e+00 3.1406689356e-01
2.4581863027e-05 1.4422647012e+04 1.5707963268e+00 3.1713087445e-01
2.4819564102e-05 1.4423703321e+04 1.5707963268e+00 3.2019441096e-01
2.5057237369e-05 1.4424770123e+04 1.5707963268e+00 3.2325749872e-01
2.5294882562e-05 1.4425847425e+04 1.5707963268e+00 3.2632013338e-01
2.5532499415e-05 1.4426935233e+04 1.5707963268e+00 3.2938231058e-01
2.5770087664e-05 1.4428033555e+04 1.5707963268e+00 3.3244402596e-01
2.6007647043e-05 1.4429142397e+04 1.5707963268e+00 3.3550527516e-01
2.6245177287e-05 1.4430261767e+04 1.5707963268e+00 3.3856605383e-01
2.6482678132e-05 1.4431391671e+04 1.5707963268e+00 3.4162635761e-01
2.6720149312e-05 1.4432532117e+04 1.5707963268e+00 3.4468618214e-01
2.6957590562e-05 1.4433683113e+04 1.5707963268e+00 3.4774552306e-01
2.7195001620e-05 1.4434844665e+04 1.5707963268e+00 3.5080437601e-01
2.7432382219e-05 1.4436016782e+04 1.5707963268e+00 3.5386273664e-01
2.7669732097e-05 1.4437199469e+04 1.5707963268e+00 3.5692060059e-01
2.7907050988e-05 1.4438392736e+04 1.5707963268e+00 3.5997796351e-01
2.8144338630e-05 1.4439596590e+04 1.5707963268e+00 3.6303482102e-01
2.8381594758e-05 1.4440811037e+04 1.5707963268e+00 3.6609116879e-01
2.8618819108e-05 1.4442036087e+04 1.5707963268e+00 3.6914700244e-01
2.8856011418e-05 1.4443271746e+04 1.5707963268e+00 3.7220231763e-01
2.9093171424e-05 1.4444518023e+04 1.5707963268e+00 3.7525710999e-01
2.9330298863e-05 1.4445774926e+04 1.5707963268e+00 3.7831137517e-01
2.9567393472e-05 1.4447042462e+04 1.5707963268e+00 3.8136510881e-01
2.9804454988e-05 1.4448320639e+04 1.5707963268e+00 3.8441830655e-01
3.0041483148e-05 1.4449609466e+04 1.5707963268e+00 3.8747096404e-01
3.0278477690e-05 1.4450908951e+04 1.5707963268e+00 3.9052307692e-01
3.0515438352e-05 1.4452219102e+04 1.5707963268e+00 3.9357464083e-01
3.0752364871e-05 1.4453539927e+04 1.5707963268e+00 3.9662565143e-01
3.0989256986e-05 1.4454871434e+04 1.5707963268e+00 3.9967610434e-01
3.1226114434e-05 1.4456213633e+04 1.5707963268e+00 4.0272599521e-01
3.1462936954e-05 1.4457566531e+04 1.5707963268e+00 4.0577531970e-01
3.1699724285e-05 1.4458930136e+04 1.5707963268e+00 4.0882407344e-01
3.1936476164e-05 1.4460304459e+04 1.5707963268e+00 4.1187225207e-01
3.2173192331e-05 1.4461689506e+04 1.5707963268e+00 4.1491985125e-01
3.2409872525e-05 1.4463085287e+04 1.5707963268e+00 4.1796686661e-01
3.2646516485e-05 1.4464491811e+04 1.5707963268e+00 4.2101329380e-01
3.2883123951e-05 1.4465909086e+04 1.5707963268e+00 4.2405912846e-01
3.3119694661e-05 1.4467337122e+04 1.5707963268e+00 4.2710436625e-01
3.3356228356e-05 1.4468775926e+04 1.5707963268e+00 4.3014900280e-01
3.3592724776e-05 1.4470225509e+04 1.5707963268e+00 4.3319303375e-01
3.3829183659e-05 1.4471685879e+04 1.5707963268e+00 4.3623645477e-01
3.4065604748e-05 1.4473157045e+04 1.5707963268e+00 4.3927926148e-01
3.4301987782e-05 1.4474639017e+04 1.5707963268e+00 4.4232144955e-01
3.4538332502e-05 1.4476131804e+04 1.5707963268e+00 4.4536301460e-01
3.4774638648e-05 1.4477635414e+04 1.5707963268e+00 4.4840395230e-01
3.5010905962e-05 1.4479149858e+04 1.5707963268e+00 4.5144425828e-01
3.5247134185e-05 1.4480675145e+04 1.5707963268e+00 4.5448392820e-01
3.5483323058e-05 1.4482211284e+04 1.5707963268e+00 4.5752295769e-01
3.5719472323e-05 1.4483758285e+04 1.5707963268e+00 4.6056134242e-01
3.5955581722e-05 1.4485316157e+04 1.5707963268e+00 4.6359907801e-01
3.6191650996e-05 1.4486884910e+04 1.5707963268e+00 4.6663616013e-01
3.6427679888e-05 1.4488464554e+04 1.5707963268e+00 4.6967258443e-01
3.6663668140e-05 1.4490055098e+04 1.5707963268e+00 4.7270834654e-01
3.6899615494e-05 1.4491656552e+04 1.5707963268e+00 4.7574344211e-01
3.7135521694e-05 1.4493268927e+04 1.5707963268e+00 4.7877786681e-01
3.7371386482e-05 1.4494892231e+04 1.5707963268e+00 4.8181161627e-01
3.7607209602e-05 1.4496526476e+04 1.5707963268e+00 4.8484468615e-01
3.7842990797e-05 1.4498171670e+04 1.5707963268e+00 4.8787707209e-01
3.8078729810e-05 1.4499827825e+04 1.5707963268e+00 4.9090876975e-01
3.8314426386e-05 1.4501494950e+04 1.5707963268e+00 4.9393977477e-01
3.8550080268e-05 1.4503173056e+04 1.5707963268e+00 4.9697008281e-01
3.8785691201e-05 1.4504862152e+04 1.5707963268e+00 4.9999968952e-01
3.9021258929e-05 1.4506562250e+04 1.5707963268e+00 5.0302859055e-01
3.9256783197e-05 1.4508273359e+04 1.5707963268e+00 5.0605678156e-01
3.9492263750e-05 1.4509995490e+04 1.5707963268e+00 5.0908425818e-01
3.9727700332e-05 1.4511728653e+04 1.5707963268e+00 5.1211101609e-01
3.9963092689e-05 1.4513472859e+04 1.5707963268e+00 5.1513705092e-01
4.0198440567e-05 1.4515228119e+04 1.5707963268e+00 5.1816235834e-01
4.0433743712e-05 1.4516994443e+04 1.5707963268e+00 5.2118693400e-01
4.0669001869e-05 1.4518771842e+04 1.5707963268e+00 5.2421077356e-01
4.0904214785e-05 1.4520560327e+04 1.5707963268e+00 5.2723387265e-01
4.1139382206e-05 1.4522359908e+04 1.5707963268e+00 5.3025622696e-01
4.1374503879e-05 1.4524170596e+04 1.5707963268e+00 5.3327783212e-01
4.1609579550e-05 1.4525992403e+04 1.5707963268e+00 5.3629868380e-01
4.1844608968e-05 1.4527825339e+04 1.5707963268e+00 5.3931877765e-01
4.2079591880e-05 1.4529669416e+04 1.5707963268e+00 5.4233810933e-01
4.2314528032e-05 1.4531524644e+04 1.5707963268e+00 5.4535667450e-01
4.2549417173e-05 1.4533391035e+04 1.5707963268e+00 5.4837446881e-01
4.2784259052e-05 1.4535268599e+04 1.5707963268e+00 5.5139148793e-01
4.3019053416e-05 1.4537157348e+04 1.5707963268e+00 5.5440772751e-01
4.3253800014e-05 1.4539057294e+04 1.5707963268e+00 5.5742318322e-01
4.3488498595e-05 1.4540968448e+04 1.5707963268e+00 5.6043785071e-01
4.3723148908e-05 1.4542890820e+04 1.5707963268e+00 5.6345172565e-01
4.3957750703e-05 1.4544824424e+04 1.5707963268e+00 5.6646480370e-01
4.4192303729e-05 1.4546769269e+04 1.5707963268e+00 5.6947708051e-01
4.4426807736e-05 1.4548725368e+04 1.5707963268e+00 5.7248855176e-01
4.4661262474e-05 1.4550692733e+04 1.5707963268e+00 5.7549921311e-01
4.4895667693e-05 1.4552671374e+04 1.5707963268e+00 5.7850906022e-01
4.5130023145e-05 1.4554661305e+04 1.5707963268e+00 5.8151808876e-01
4.5364328580e-05 1.4556662535e+04 1.5707963268e+00 5.8452629438e-01
4.5598583749e-05 1.4558675079e+04 1.5707963268e+00 5.8753367277e-01
4.5832788403e-05 1.4560698946e+04 1.5707963268e+00 5.9054021958e-01
4.6066942295e-05 1.4562734149e+04 1.5707963268e+00 5.9354593048e-01
4.6301045177e-05 1.4564780701e+04 1.5707963268e+00 5.9655080114e-01
4.6535096800e-05 1.4566838613e+04 1.5707963268e+00 5.9955482723e-01
4.6769096917e-05 1.4568907898e+04 1.5707963268e+00 6.0255800443e-01
4.7003045281e-05 1.4570988566e+04 1.5707963268e+00 6.0556032839e-01
4.7236941645e-05 1.4573080632e+04 1.5707963268e+00 6.0856179480e-01
4.7470785763e-05 1.4575184106e+04 1.5707963268e+00 6.1156239932e-01
4.7704577387e-05 1.4577299001e+04 1.5707963268e+00 6.1456213762e-01
4.7938316272e-05 1.4579425330e+04 1.5707963268e+00 6.1756100539e-01
4.8172002172e-05 1.4581563105e+04 1.5707963268e+00 6.2055899830e-01
4.8405634842e-05 1.4583712338e+04 1.5707963268e+00 6.2355611201e-01
4.8639214036e-05 1.4585873042e+04 1.5707963268e+00 6.2655234221e-01
4.8872739508e-05 1.4588045230e+04 1.5707963268e+00 6.2954768458e-01
4.9106211016e-05 1.4590228913e+04 1.5707963268e+00 6.3254213479e-01
4.9339628314e-05 1.4592424105e+04 1.5707963268e+00 6.3553568852e-01
4.9572991157e-05 1.4594630819e+04 1.5707963268e+00 6.3852834146e-01
4.9806299303e-05 1.4596849066e+04 1.5707963268e+00 6.4152008927e-01
5.0039552508e-05 1.4599078860e+04 1.5707963268e+00 6.4451092766e-01
5.0272750528e-05 1.4601320214e+04 1.5707963268e+00 6.4750085228e-01
5.0505893121e-05 1.4603573140e+04 1.5707963268e+00 6.5048985884e-01
5.0738980043e-05 1.4605837652e+04 1.5707963268e+00 6.5347794302e-01
5.0972011054e-05 1.4608113762e+04 1.5707963268e+00 6.5646510050e-01
5.1204985910e-05 1.4610401484e+04 1.5707963268e+00 6.5945132697e-01
5.1437904370e-05 1.4612700830e+04 1.5707963268e+00 6.6243661811e-01
5.1670766193e-05 1.4615011814e+04 1.5707963268e+00 6.6542096962e-01
5.1903571137e-05 1.4617334449e+04 1.5707963268e+00 6.6840437718e-01
5.2136318962e-05 1.4619668747e+04 1.5707963268e+00 6.7138683650e-01
5.2369009428e-05 1.4622014723e+04 1.5707963268e+00 6.7436834325e-01
5.2601642293e-05 1.4624372390e+04 1.5707963268e+00 6.7734889313e-01
5.2834217319e-05 1.4626741760e+04 1.5707963268e+00 6.8032848184e-01
5.3066734266e-05 1.4629122848e+04 1.5707963268e+00 6.8330710507e-01
5.3299192894e-05 1.4631515666e+04 1.5707963268e+00 6.8628475853e-01
5.3531592965e-05 1.4633920229e+04 1.5707963268e+00 6.8926143790e-01
5.3763934241e-05 1.4636336549e+04 1.5707963268e+00 6.9223713888e-01
5.3996216482e-05 1.4638764641e+04 1.5707963268e+00 6.9521185719e-01
5.4228439452e-05 1.4641204517e+04 1.5707963268e+00 6.9818558851e-01
5.4460602912e-05 1.4643656192e+04 1.5707963268e+00 7.0115832856e-01
5.4692706626e-05 1.4646119680e+04 1.5707963268e+00 7.0413007304e-01
5.4924750356e-05 1.4648594993e+04 1.5707963268e+00 7.0710081765e-01
5.5156733867e-05 1.4651082147e+04 1.5707963268e+00 7.1007055809e-01
5.5388656921e-05 1.4653581154e+04 1.5707963268e+00 7.1303929009e-01
5.5620519283e-05 1.4656092028e+04 1.5707963268e+00 7.1600700934e-01
5.5852320717e-05 1.4658614784e+04 1.5707963268e+00 7.1897371157e-01
5.6084060989e-05 1.4661149436e+04 1.5707963268e+00 7.2193939247e-01
5.6315739863e-05 1.4663695997e+04 1.5707963268e+00 7.2490404777e-01
5.6547357104e-05 1.4666254481e+04 1.5707963268e+00 7.2786767319e-01
5.6778912480e-05 1.4668824903e+04 1.5707963268e+00 7.3083026443e-01
5.7010405755e-05 1.4671407277e+04 1.5707963268e+00 7.3379181722e-01
5.7241836697e-05 1.4674001617e+04 1.5707963268e+00 7.3675232727e-01
5.7473205072e-05 1.4676607936e+04 1.5707963268e+00 7.3971179031e-01
5.7704510648e-05 1.4679226251e+04 1.5707963268e+00 7.4267020207e-01
5.7935753193e-05 1.4681856573e+04 1.5707963268e+00 7.4562755826e-01
5.8166932473e-05 1.4684498919e+04 1.5707963268e+00 7.4858385461e-01
5.8398048258e-05 1.4687153302e+04 1.5707963268e+00 7.5153908685e-01
5.8629100316e-05 1.4689819737e+04 1.5707963268e+00 7.5449325071e-01
5.8860088417e-05 1.4692498239e+04 1.5707963268e+00 7.5744634192e-01
5.9091012329e-05 1.4695188821e+04 1.5707963268e+00 7.6039835621e-01
5.9321871824e-05 1.4697891498e+04 1.5707963268e+00 7.6334928933e-01
5.9552666670e-05 1.4700606286e+04 1.5707963268e+00 7.6629913699e-01
5.9783396638e-05 1.4703333197e+04 1.5707963268e+00 7.6924789495e-01
6.0014061499e-05 1.4706072248e+04 1.5707963268e+00 7.7219555893e-01
6.0244661026e-05 1.4708823453e+04 1.5707963268e+00 7.7514212469e-01
6.0475194988e-05 1.4711586827e+04 1.5707963268e+00 7.7808758797e-01
6.0705663159e-05 1.4714362384e+04 1.5707963268e+00 7.8103194450e-01
6.0936065310e-05 1.4717150139e+04 1.5707963268e+00 7.8397519005e-01
6.1166401215e-05 1.4719950107e+04 1.5707963268e+00 7.8691732035e-01
6.1396670647e-05 1.4722762303e+04 1.5707963268e+00 7.8985833116e-01
6.1626873380e-05 1.4725586742e+04 1.5707963268e+00 7.9279821823e-01
6.1857009187e-05 1.4728423438e+04 1.5707963268e+00 7.9573697731e-01
6.2087077842e-05 1.4731272408e+04 1.5707963268e+00 7.9867460416e-01
6.2317079121e-05 1.4734133665e+04 1.5707963268e+00 8.0161109454e-01
6.2547012799e-05 1.4737007225e+04 1.5707963268e+00 8.0454644422e-01
6.2776878652e-05 1.4739893104e+04 1.5707963268e+00 8.0748064894e-01
6.3006676454e-05 1.4742791315e+04 1.5707963268e+00 8.1041370449e-01
6.3236405983e-05 1.4745701875e+04 1.5707963268e+00 8.1334560661e-01
6.3466067016e-05 1.4748624798e+04 1.5707963268e+00 8.1627635109e-01
6.3695659329e-05 1.4751560100e+04 1.5707963268e+00 8.1920593370e-01
6.3925182701e-05 1.4754507796e+04 1.5707963268e+00 8.2213435019e-01
6.4154636908e-05 1.4757467902e+04 1.5707963268e+00 8.2506159637e-01
6.4384021731e-05 1.4760440432e+04 1.5707963268e+00 8.2798766799e-01
6.4613336946e-05 1.4763425402e+04 1.5707963268e+00 8.3091256084e-01
6.4842582334e-05 1.4766422828e+04 1.5707963268e+00 8.3383627070e-01
6.5071757675e-05 1.4769432725e+04 1.5707963268e+00 8.3675879336e-01
6.5300862748e-05 1.4772455109e+04 1.5707963268e+00 8.3968012460e-01
6.5529897334e-05 1.4775489994e+04 1.5707963268e+00 8.4260026020e-01
6.5758861213e-05 1.4778537397e+04 1.5707963268e+00 8.4551919598e-01
6.5987754168e-05 1.4781597333e+04 1.5707963268e+00 8.4843692770e-01
6.6216575979e-05 1.4784669818e+04 1.5707963268e+00 8.5135345118e-01
6.6445326430e-05 1.4787754867e+04 1.5707963268e+00 8.5426876221e-01
6.6674005302e-05 1.4790852496e+04 1.5707963268e+00 8.5718285659e-01
6.6902612379e-05 1.4793962721e+04 1.5707963268e+00 8.6009573012e-01
6.7131147443e-05 1.4797085558e+04 1.5707963268e+00 8.6300737862e-01
6.7359610281e-05 1.4800221021e+04 1.5707963268e+00 8.6591779788e-01
6.7588000674e-05 1.4803369128e+04 1.5707963268e+00 8.6882698372e-01
6.7816318409e-05 1.4806529894e+04 1.5707963268e+00 8.7173493196e-01
6.8044563270e-05 1.4809703335e+04 1.5707963268e+00 8.7464163840e-01
6.8272735043e-05 1.4812889466e+04 1.5707963268e+00 8.7754709887e-01
6.8500833514e-05 1.4816088304e+04 1.5707963268e+00 8.8045130919e-01
6.8728858471e-05 1.4819299864e+04 1.5707963268e+00 8.8335426519e-01
6.8956809699e-05 1.4822524163e+04 1.5707963268e+00 8.8625596269e-01
6.9184686986e-05 1.4825761216e+04 1.5707963268e+00 8.8915639751e-01
6.9412490121e-05 1.4829011040e+04 1.5707963268e+00 8.9205556550e-01
6.9640218891e-05 1.4832273651e+04 1.5707963268e+00 8.9495346249e-01
6.9867873086e-05 1.4835549064e+04 1.5707963268e+00 8.9785008431e-01
7.0095452494e-05 1.4838837296e+04 1.5707963268e+00 9.0074542681e-01
7.0322956906e-05 1.4842138363e+04 1.5707963268e+00 9.0363948584e-01
7.0550386111e-05 1.4845452282e+04 1.5707963268e+00 9.0653225723e-01
7.0777739901e-05 1.4848779067e+04 1.5707963268e+00 9.0942373683e-01
7.1005018066e-05 1.4852118737e+04 1.5707963268e+00 9.1231392051e-01
7.1232220398e-05 1.4855471306e+04 1.5707963268e+00 9.1520280411e-01
7.1459346689e-05 1.4858836791e+04 1.5707963268e+00 9.1809038350e-01
7.1686396732e-05 1.4862215208e+04 1.5707963268e+00 9.2097665453e-01
7.1913370320e-05 1.4865606575e+04 1.5707963268e+00 9.2386161308e-01
7.2140267246e-05 1.4869010906e+04 1.5707963268e+00 9.2674525500e-01
7.2367087304e-05 1.4872428219e+04 1.5707963268e+00 9.2962757618e-01
7.2593830288e-05 1.4875858530e+04 1.5707963268e+00 9.3250857247e-01
7.2820495994e-05 1.4879301855e+04 1.5707963268e+00 9.3538823977e-01
7.3047084217e-05 1.4882758211e+04 1.5707963268e+00 9.3826657396e-01
7.3273594753e-05 1.4886227614e+04 1.5707963268e+00 9.4114357091e-01
7.3500027398e-05 1.4889710081e+04 1.5707963268e+00 9.4401922651e-01
7.3726381950e-05 1.4893205628e+04 1.5707963268e+00 9.4689353666e-01
7.3952658204e-05 1.4896714272e+04 1.5707963268e+00 9.4976649725e-01
7.4178855960e-05 1.4900236029e+04 1.5707963268e+00 9.5263810418e-01
7.4404975016e-05 1.4903770916e+04 1.5707963268e+00 9.5550835334e-01
7.4631015170e-05 1.4907318950e+04 1.5707963268e+00 9.5837724064e-01
7.4856976222e-05 1.4910880147e+04 1.5707963268e+00 9.6124476200e-01
7.5082857971e-05 1.4914454524e+04 1.5707963268e+00 9.6411091331e-01
7.5308660219e-05 1.4918042097e+04 1.5707963268e+00 9.6697569050e-01
7.5534382765e-05 1.4921642883e+04 1.5707963268e+00 9.6983908948e-01
7.5760025411e-05 1.4925256900e+04 1.5707963268e+00 9.7270110618e-01
7.5985587960e-05 1.4928884163e+04 1.5707963268e+00 9.7556173652e-01
7.6211070213e-05 1.4932524689e+04 1.5707963268e+00 9.7842097643e-01
7.6436471973e-05 1.4936178496e+04 1.5707963268e+00 9.8127882184e-01
7.6661793044e-05 1.4939845600e+04 1.5707963268e+00 9.8413526869e-01
7.6887033229e-05 1.4943526017e+04 1.5707963268e+00 9.8699031293e-01
7.7112192333e-05 1.4947219765e+04 1.5707963268e+00 9.8984395048e-01
7.7337270161e-05 1.4950926861e+04 1.5707963268e+00 9.9269617732e-01
7.7562266519e-05 1.4954647321e+04 1.5707963268e+00 9.9554698937e-01
7.7787181211e-05 1.4958381162e+04 1.5707963268e+00 9.9839638261e-01
7.8012014046e-05 1.4962128401e+04 1.5707963268e+00 1.0012443530e+00
7.8236764829e-05 1.4965889055e+04 1.5707963268e+00 1.0040908965e+00
7.8461433369e-05 1.4969663141e+04 1.5707963268e+00 1.0069360090e+00
7.8686019473e-05 1.4973450676e+04 1.5707963268e+00 1.0097796866e+00
7.8910522950e-05 1.4977251677e+04 1.5707963268e+00 1.0126219252e+00
7.9134943609e-05 1.4981066161e+04 1.5707963268e+00 1.0154627209e+00
7.9359281260e-05 1.4984894144e+04 1.5707963268e+00 1.0183020695e+00
7.9583535713e-05 1.4988735645e+04 1.5707963268e+00 1.0211399670e+00
7.9807706779e-05 1.4992590679e+04 1.5707963268e+00 1.0239764096e+00
8.0031794268e-05 1.4996459265e+04 1.5707963268e+00 1.0268113930e+00
8.0255797994e-05 1.5000341418e+04 1.5707963268e+00 1.0296449135e+00
8.0479717768e-05 1.5004237157e+04 1.5707963268e+00 1.0324769669e+00
8.0703553403e-05 1.5008146497e+04 1.5707963268e+00 1.0353075493e+00
8.0927304712e-05 1.5012069457e+04 1.5707963268e+00 1.0381366567e+00
8.1150971510e-05 1.5016006053e+04 1.5707963268e+00 1.0409642851e+00
8.1374553611e-05 1.5019956303e+04 1.5707963268e+00 1.0437904305e+00
8.1598050830e-05 1.5023920223e+04 1.5707963268e+00 1.0466150890e+00
8.1821462984e-05 1.5027897831e+04 1.5707963268e+00 1.0494382565e+00
8.2044789887e-05 1.5031889144e+04 1.5707963268e+00 1.0522599292e+00
8.2268031357e-05 1.5035894179e+04 1.5707963268e+00 1.0550801031e+00
8.2491187211e-05 1.5039912953e+04 1.5707963268e+00 1.0578987741e+00
8.2714257267e-05 1.5043945484e+04 1.5707963268e+00 1.0607159384e+00
8.2937241344e-05 1.5047991788e+04 1.5707963268e+00 1.0635315921e+00
8.3160139260e-05 1.5052051883e+04 1.5707963268e+00 1.0663457311e+00
8.3382950836e-05 1.5056125787e+04 1.5707963268e+00 1.0691583515e+00
8.3605675890e-05 1.5060213515e+04 1.5707963268e+00 1.0719694495e+00
8.3828314244e-05 1.5064315086e+04 1.5707963268e+00 1.0747790210e+00
8.4050865720e-05 1.5068430517e+04 1.5707963268e+00 1.0775870621e+00
8.4273330139e-05 1.5072559825e+04 1.5707963268e+00 1.0803935691e+00
8.4495707322e-05 1.5076703028e+04 1.5707963268e+00 1.0831985378e+00
8.4717997095e-05 1.5080860142e+04 1.5707963268e+00 1.0860019644e+00
8.4940199279e-05 1.5085031185e+04 1.5707963268e+00 1.0888038451e+00
8.5162313700e-05 1.5089216174e+04 1.5707963268e+00 1.0916041759e+00
8.5384340181e-05 1.5093415126e+04 1.5707963268e+00 1.0944029529e+00
8.5606278549e-05 1.5097628059e+04 1.5707963268e+00 1.0972001723e+00
8.5828128629e-05 1.5101854991e+04 1.5707963268e+00 1.0999958301e+00
8.6049890247e-05 1.5106095937e+04 1.5707963268e+00 1.1027899225e+00
8.6271563231e-05 1.5110350917e+04 1.5707963268e+00 1.1055824456e+00
8.6493147408e-05 1.5114619946e+04 1.5707963268e+00 1.1083733956e+00
8.6714642607e-05 1.5118903043e+04 1.5707963268e+00 1.1111627685e+00
8.6936048656e-05 1.5123200224e+04 1.5707963268e+00 1.1139505606e+00
8.7157365385e-05 1.5127511508e+04 1.5707963268e+00 1.1167367679e+00
8.7378592624e-05 1.5131836911e+04 1.5707963268e+00 1.1195213867e+00
8.7599730203e-05 1.5136176450e+04 1.5707963268e+00 1.1223044131e+00
8.7820777954e-05 1.5140530144e+04 1.5707963268e+00 1.1250858432e+00
8.8041735708e-05 1.5144898009e+04 1.5707963268e+00 1.1278656732e+00
8.8262603298e-05 1.5149280063e+04 1.5707963268e+00 1.1306438994e+00
8.8483380557e-05 1.5153676322e+04 1.5707963268e+00 1.1334205178e+00
8.8704067318e-05 1.5158086806e+04 1.5707963268e+00 1.1361955247e+00
8.8924663417e-05 1.5162511530e+04 1.5707963268e+00 1.1389689163e+00
8.9145168687e-05 1.5166950512e+04 1.5707963268e+00 1.1417406887e+00
8.9365582963e-05 1.5171403770e+04 1.5707963268e+00 1.1445108382e+00
8.9585906083e-05 1.5175871321e+04 1.5707963268e+00 1.1472793610e+00
8.9806137883e-05 1.5180353182e+04 1.5707963268e+00 1.1500462533e+00
9.0026278200e-05 1.5184849371e+04 1.5707963268e+00 1.1528115113e+00
9.0246326871e-05 1.5189359905e+04 1.5707963268e+00 1.1555751312e+00
9.0466283736e-05 1.5193884801e+04 1.5707963268e+00 1.1583371093e+00
9.0686148633e-05 1.5198424077e+04 1.5707963268e+00 1.1610974419e+00
9.0905921403e-05 1.5202977749e+04 1.5707963268e+00 1.1638561251e+00
9.1125601885e-05 1.5207545837e+04 1.5707963268e+00 1.1666131552e+00
9.1345189921e-05 1.5212128356e+04 1.5707963268e+00 1.1693685285e+00
9.1564685352e-05 1.5216725324e+04 1.5707963268e+00 1.1721222412e+00
9.1784088021e-05 1.5221336759e+04 1.5707963268e+00 1.1748742897e+00
9.2003397769e-05 1.5225962677e+04 1.5707963268e+00 1.1776246701e+00
9.2222614442e-05 1.5230603097e+04 1.5707963268e+00 1.1803733788e+00
9.2441737882e-05 1.5235258035e+04 1.5707963268e+00 1.1831204120e+00
9.2660767935e-05 1.5239927509e+04 1.5707963268e+00 1.1858657661e+00
9.2879704446e-05 1.5244611536e+04 1.5707963268e+00 1.1886094373e+00
9.3098547261e-05 1.5249310134e+04 1.5707963268e+00 1.1913514220e+00
9.3317296227e-05 1.5254023320e+04 1.5707963268e+00 1.1940917164e+00
9.3535951191e-05 1.5258751110e+04 1.5707963268e+00 1.1968303169e+00
9.3754512000e-05 1.5263493523e+04 1.5707963268e+00 1.1995672199e+00
9.3972978504e-05 1.5268250576e+04 1.5707963268e+00 1.2023024215e+00
9.4191350551e-05 1.5273022286e+04 1.5707963268e+00 1.2050359183e+00
9.4409627992e-05 1.5277808670e+04 1.5707963268e+00 1.2077677065e+00
9.4627810676e-05 1.5282609746e+04 1.5707963268e+00 1.2104977825e+00
9.4845898456e-05 1.5287425531e+04 1.5707963268e+00 1.2132261426e+00
9.5063891182e-05 1.5292256042e+04 1.5707963268e+00 1.2159527832e+00
9.5281788707e-05 1.5297101296e+04 1.5707963268e+00 1.2186777007e+00
9.5499590885e-05 1.5301961311e+04 1.5707963268e+00 1.2214008914e+00
9.5717297568e-05 1.5306836103e+04 1.5707963268e+00 1.2241223518e+00
9.5934908612e-05 1.5311725691e+04 1.5707963268e+00 1.2268420782e+00
9.6152423871e-05 1.5316630092e+04 1.5707963268e+00 1.2295600671e+00
9.6369843201e-05 1.5321549321e+04 1.5707963268e+00 1.2322763147e+00
9.6587166458e-05 1.5326483398e+04 1.5707963268e+00 1.2349908177e+00
9.6804393500e-05 1.5331432338e+04 1.5707963268e+00 1.2377035723e+00
9.7021524183e-05 1.5336396160e+04 1.5707963268e+00 1.2404145750e+00
9.7238558366e-05 1.5341374880e+04 1.5707963268e+00 1.2431238222e+00
9.7455495908e-05 1.5346368515e+04 1.5707963268e+00 1.2458313104e+00
9.7672336669e-05 1.5351377083e+04 1.5707963268e+00 1.2485370360e+00
9.7889080509e-05 1.5356400601e+04 1.5707963268e+00 1.2512409955e+00
9.8105727289e-05 1.5361439086e+04 1.5707963268e+00 1.2539431853e+00
9.8322276870e-05 1.5366492554e+04 1.5707963268e+00 1.2566436020e+00
9.8538729114e-05 1.5371561024e+04 1.5707963268e+00 1.2593422419e+00
9.8755083885e-05 1.5376644511e+04 1.5707963268e+00 1.2620391016e+00
9.8971341047e-05 1.5381743034e+04 1.5707963268e+00 1.2647341775e+00
9.9187500462e-05 1.5386856609e+04 1.5707963268e+00 1.2674274662e+00
9.9403561997e-05 1.5391985254e+04 1.5707963268e+00 1.2701189642e+00
9.9619525517e-05 1.5397128985e+04 1.5707963268e+00 1.2728086679e+00
9.9835390888e-05 1.5402287819e+04 1.5707963268e+00 1.2754965739e+00
1.0005115798e-04 1.5407461773e+04 1.5707963268e+00 1.2781826788e+00
1.0026682665e-04 1.5412650865e+04 1.5707963268e+00 1.2808669790e+00
1.0048239678e-04 1.5417855111e+04 1.5707963268e+00 1.2835494711e+00
1.0069786823e-04 1.5423074528e+04 1.5707963268e+00 1.2862301517e+00
1.0091324088e-04 1.5428309133e+04 1.5707963268e+00 1.2889090173e+00
1.0112851458e-04 1.5433558943e+04 1.5707963268e+00 1.2915860645e+00
1.0134368922e-04 1.5438823975e+04 1.5707963268e+00 1.2942612898e+00
1.0155876467e-04 1.5444104246e+04 1.5707963268e+00 1.2969346899e+00
1.0177374079e-04 1.5449399772e+04 1.5707963268e+00 1.2996062613e+00
1.0198861747e-04 1.5454710571e+04 1.5707963268e+00 1.3022760006e+00
1.0220339457e-04 1.5460036659e+04 1.5707963268e+00 1.3049439044e+00
1.0241807196e-04 1.5465378054e+04 1.5707963268e+00 1.3076099694e+00
1.0263264953e-04 1.5470734771e+04 1.5707963268e+00 1.3102741922e+00
1.0284712716e-04 1.5476106828e+04 1.5707963268e+00 1.3129365694e+00
1.0306150470e-04 1.5481494241e+04 1.5707963268e+00 1.3155970975e+00
1.0327578205e-04 1.5486897027e+04 1.5707963268e+00 1.3182557734e+00
1.0348995909e-04 1.5492315203e+04 1.5707963268e+00 1.3209125936e+00
1.0370403568e-04 1.5497748785e+04 1.5707963268e+00 1.3235675548e+00
1.0391801171e-04 1.5503197790e+04 1.5707963268e+00 1.3262206537e+00
1.0413188706e-04 1.5508662235e+04 1.5707963268e+00 1.3288718869e+00
1.0434566160e-04 1.5514142137e+04 1.5707963268e+00 1.3315212511e+00
1.0455933523e-04 1.5519637511e+04 1.5707963268e+00 1.3341687430e+00
1.0477290782e-04 1.5525148374e+04 1.5707963268e+00 1.3368143594e+00
1.0498637926e-04 1.5530674744e+04 1.5707963268e+00 1.3394580969e+00
1.0519974942e-04 1.5536216636e+04 1.5707963268e+00 1.3420999523e+00
1.0541301820e-04 1.5541774067e+04 1.5707963268e+00 1.3447399223e+00
1.0562618548e-04 1.5547347054e+04 1.5707963268e+00 1.3473780035e+00
1.0583925113e-04 1.5552935612e+04 1.5707963268e+00 1.3500141929e+00
1.0605221506e-04 1.5558539759e+04 1.5707963268e+00 1.3526484870e+00
1.0626507714e-04 1.5564159510e+04 1.5707963268e+00 1.3552808828e+00
1.0647783726e-04 1.5569794882e+04 1.5707963268e+00 1.3579113769e+00
1.0669049532e-04 1.5575445892e+04 1.5707963268e+00 1.3605399662e+00
1.0690305119e-04 1.5581112556e+04 1.5707963268e+00 1.3631666473e+00
1.0711550478e-04 1.5586794889e+04 1.5707963268e+00 1.3657914172e+00
1.0732785596e-04 1.5592492909e+04 1.5707963268e+00 1.3684142726e+00
1.0754010464e-04 1.5598206631e+04 1.5707963268e+00 1.3710352104e+00
1.0775225070e-04 1.5603936071e+04 1.5707963268e+00 1.3736542273e+00
1.0796429403e-04 1.5609681247e+04 1.5707963268e+00 1.3762713202e+00
1.0817623454e-04 1.5615442173e+04 1.5707963268e+00 1.3788864859e+00
1.0838807210e-04 1.5621218867e+04 1.5707963268e+00 1.3814997214e+00
1.0859980663e-04 1.5627011343e+04 1.5707963268e+00 1.3841110234e+00
1.0881143800e-04 1.5632819619e+04 1.5707963268e+00 1.3867203888e+00
1.0902296612e-04 1.5638643710e+04 1.5707963268e+00 1.3893278145e+00
1.0923439089e-04 1.5644483633e+04 1.5707963268e+00 1.3919332973e+00
1.0944571220e-04 1.5650339402e+04 1.5707963268e+00 1.3945368343e+00
1.0965692995e-04 1.5656211035e+04 1.5707963268e+00 1.3971384222e+00
1.0986804404e-04 1.5662098547e+04 1.5707963268e+00 1.3997380580e+00
1.1007905436e-04 1.5668001953e+04 1.5707963268e+00 1.4023357387e+00
1.1028996083e-04 1.5673921270e+04 1.5707963268e+00 1.4049314611e+00
1.1050076333e-04 1.5679856514e+04 1.5707963268e+00 1.4075252221e+00
1.1071146178e-04 1.5685807700e+04 1.5707963268e+00 1.4101170188e+00
1.1092205607e-04 1.5691774845e+04 1.5707963268e+00 1.4127068482e+00
1.1113254610e-04 1.5697757963e+04 1.5707963268e+00 1.4152947071e+00
1.1134293179e-04 1.5703757070e+04 1.5707963268e+00 1.4178805925e+00
1.1155321303e-04 1.5709772183e+04 1.5707963268e+00 1.4204645015e+00
1.1176338973e-04 1.5715803316e+04 1.5707963268e+00 1.4230464310e+00
1.1197346180e-04 1.5721850485e+04 1.5707963268e+00 1.4256263780e+00
1.1218342914e-04 1.5727913707e+04 1.5707963268e+00 1.4282043397e+00
1.1239329166e-04 1.5733992995e+04 1.5707963268e+00 1.4307803129e+00
1.1260304926e-04 1.5740088366e+04 1.5707963268e+00 1.4333542947e+00
1.1281270187e-04 1.5746199836e+04 1.5707963268e+00 1.4359262822e+00
1.1302224937e-04 1.5752327419e+04 1.5707963268e+00 1.4384962724e+00
1.1323169170e-04 1.5758471131e+04 1.5707963268e+00 1.4410642625e+00
1.1344102875e-04 1.5764630988e+04 1.5707963268e+00 1.4436302494e+00
1.1365026044e-04 1.5770807004e+04 1.5707963268e+00 1.4461942302e+00
1.1385938668e-04 1.5776999194e+04 1.5707963268e+00 1.4487562021e+00
1.1406840739e-04 1.5783207575e+04 1.5707963268e+00 1.4513161622e+00
1.1427732247e-04 1.5789432161e+04 1.5707963268e+00 1.4538741075e+00
1.1448613185e-04 1.5795672967e+04 1.5707963268e+00 1.4564300352e+00
1.1469483543e-04 1.5801930009e+04 1.5707963268e+00 1.4589839424e+00
1.1490343313e-04 1.5808203301e+04 1.5707963268e+00 1.4615358264e+00
1.1511192488e-04 1.5814492859e+04 1.5707963268e+00 1.4640856841e+00
1.1532031058e-04 1.5820798697e+04 1.5707963268e+00 1.4666335128e+00
1.1552859016e-04 1.5827120831e+04 1.5707963268e+00 1.4691793097e+00
1.1573676353e-04 1.5833459275e+04 1.5707963268e+00 1.4717230720e+00
1.1594483061e-04 1.5839814044e+04 1.5707963268e+00 1.4742647968e+00
1.1615279133e-04 1.5846185153e+04 1.5707963268e+00 1.4768044814e+00
1.1636064561e-04 1.5852572617e+04 1.5707963268e+00 1.4793421229e+00
1.1656839336e-04 1.5858976450e+04 1.5707963268e+00 1.4818777186e+00
1.1677603450e-04 1.5865396668e+04 1.5707963268e+00 1.4844112658e+00
1.1698356897e-04 1.5871833285e+04 1.5707963268e+00 1.4869427616e+00
1.1719099669e-04 1.5878286315e+04 1.5707963268e+00 1.4894722034e+00
1.1739831757e-04 1.5884755773e+04 1.5707963268e+00 1.4919995884e+00
1.1760553155e-04 1.5891241673e+04 1.5707963268e+00 1.4945249138e+00
1.1781263855e-04 1.5897744031e+04 1.5707963268e+00 1.4970481771e+00
1.1801963850e-04 1.5904262860e+04 1.5707963268e+00 1.4995693754e+00
1.1822653133e-04 1.5910798175e+04 1.5707963268e+00 1.5020885060e+00
1.1843331695e-04 1.5917349990e+04 1.5707963268e+00 1.5046055664e+00
1.1863999531e-04 1.5923918319e+04 1.5707963268e+00 1.5071205538e+00
1.1884656633e-04 1.5930503178e+04 1.5707963268e+00 1.5096334656e+00
1.1905302994e-04 1.5937104579e+04 1.5707963268e+00 1.5121442991e+00
1.1925938608e-04 1.5943722538e+04 1.5707963268e+00 1.5146530517e+00
1.1946563467e-04 1.5950357068e+04 1.5707963268e+00 1.5171597207e+00
1.1967177564e-04 1.5957008183e+04 1.5707963268e+00 1.5196643036e+00
1.1987780894e-04 1.5963675898e+04 1.5707963268e+00 1.5221667977e+00
1.2008373449e-04 1.5970360226e+04 1.5707963268e+00 1.5246672005e+00
1.2028955223e-04 1.5977061181e+04 1.5707963268e+00 1.5271655093e+00
1.2049526209e-04 1.5983778778e+04 1.5707963268e+00 1.5296617216e+00
1.2070086401e-04 1.5990513030e+04 1.5707963268e+00 1.5321558348e+00
1.2090635793e-04 1.5997263950e+04 1.5707963268e+00 1.5346478464e+00
1.2111174378e-04 1.6004031553e+04 1.5707963268e+00 1.5371377538e+00
1.2131702150e-04 1.6010815853e+04 1.5707963268e+00 1.5396255545e+00
1.2152219104e-04 1.6017616862e+04 1.5707963268e+00 1.5421112460e+00
1.2172725232e-04 1.6024434596e+04 1.5707963268e+00 1.5445948258e+00
1.2193220529e-04 1.6031269066e+04 1.5707963268e+00 1.5470762913e+00
1.2213704990e-04 1.6038120287e+04 1.5707963268e+00 1.5495556402e+00
1.2234178608e-04 1.6044988272e+04 1.5707963268e+00 1.5520328699e+00
1.2254641377e-04 1.6051873034e+04 1.5707963268e+00 1.5545079779e+00
1.2275093292e-04 1.6058774588e+04 1.5707963268e+00 1.5569809619e+00
1.2295534348e-04 1.6065692945e+04 1.5707963268e+00 1.5594518193e+00
1.2315964538e-04 1.6072628120e+04 1.5707963268e+00 1.5619205477e+00
1.2336383857e-04 1.6079580126e+04 1.5707963268e+00 1.5643871448e+00
1.2356792301e-04 1.6086548975e+04 1.5707963268e+00 1.5668516080e+00
1.2377189863e-04 1.6093534682e+04 1.5707963268e+00 1.5693139351e+00
1.2397576538e-04 1.6100537258e+04 1.5707963268e+00 1.5717741236e+00
1.2417952321e-04 1.6107556718e+04 1.5707963268e+00 1.5742321712e+00
1.2438317207e-04 1.6114593073e+04 1.5707963268e+00 1.5766880755e+00
1.2458671191e-04 1.6121646337e+04 1.5707963268e+00 1.5791418341e+00
1.2479014267e-04 1.6128716522e+04 1.5707963268e+00 1.5815934447e+00
1.2499346432e-04 1.6135803642e+04 1.5707963268e+00 1.5840429050e+00
1.2519667680e-04 1.6142907710e+04 1.5707963268e+00 1.5864902127e+00
1.2539978007e-04 1.6150028737e+04 1.5707963268e+00 1.5889353654e+00
1.2560277407e-04 1.6157166736e+04 1.5707963268e+00 1.5913783610e+00
1.2580565876e-04 1.6164321721e+04 1.5707963268e+00 1.5938191969e+00
1.2600843410e-04 1.6171493703e+04 1.5707963268e+00 1.5962578711e+00
1.2621110004e-04 1.6178682695e+04 1.5707963268e+00 1.5986943813e+00
1.2641365653e-04 1.6185888710e+04 1.5707963268e+00 1.6011287252e+00
1.2661610354e-04 1.6193111760e+04 1.5707963268e+00 1.6035609005e+00
1.2681844102e-04 1.6200351856e+04 1.5707963268e+00 1.6059909052e+00
1.2702066893e-04 1.6207609012e+04 1.5707963268e+00 1.6084187368e+00
1.2722278722e-04 1.6214883240e+04 1.5707963268e+00 1.6108443933e+00
1.2742479586e-04 1.6222174551e+04 1.5707963268e+00 1.6132678725e+00
1.2762669481e-04 1.6229482958e+04 1.5707963268e+00 1.6156891721e+00
1.2782848403e-04 1.6236808472e+04 1.5707963268e+00 1.6181082900e+00
1.2803016348e-04 1.6244151107e+04 1.5707963268e+00 1.6205252241e+00
1.2823173311e-04 1.6251510873e+04 1.5707963268e+00 1.6229399723e+00
1.2843319290e-04 1.6258887783e+04 1.5707963268e+00 1.6253525323e+00
1.2863454281e-04 1.6266281847e+04 1.5707963268e+00 1.6277629021e+00
1.2883578280e-04 1.6273693079e+04 1.5707963268e+00 1.6301710795e+00
1.2903691284e-04 1.6281121490e+04 1.5707963268e+00 1.6325770626e+00
1.2923793290e-04 1.6288567091e+04 1.5707963268e+00 1.6349808491e+00
1.2943884293e-04 1.6296029893e+04 1.5707963268e+00 1.6373824371e+00
1.2963964291e-04 1.6303509910e+04 1.5707963268e+00 1.6397818244e+00
1.2984033280e-04 1.6311007151e+04 1.5707963268e+00 1.6421790090e+00
1.3004091257e-04 1.6318521628e+04 1.5707963268e+00 1.6445739890e+00
1.3024138220e-04 1.6326053352e+04 1.5707963268e+00 1.6469667622e+00
1.3044174165e-04 1.6333602336e+04 1.5707963268e+00 1.6493573266e+00
1.3064199089e-04 1.6341168589e+04 1.5707963268e+00 1.6517456803e+00
1.3084212990e-04 1.6348752124e+04 1.5707963268e+00 1.6541318213e+00
1.3104215864e-04 1.6356352950e+04 1.5707963268e+00 1.6565157476e+00
1.3124207709e-04 1.6363971080e+04 1.5707963268e+00 1.6588974573e+00
1.3144188522e-04 1.6371606525e+04 1.5707963268e+00 1.6612769483e+00
1.3164158301e-04 1.6379259294e+04 1.5707963268e+00 1.6636542188e+00
1.3184117043e-04 1.6386929399e+04 1.5707963268e+00 1.6660292668e+00
1.3204064745e-04 1.6394616851e+04 1.5707963268e+00 1.6684020904e+00
1.3224001406e-04 1.6402321660e+04 1.5707963268e+00 1.6707726877e+00
1.3243927022e-04 1.6410043838e+04 1.5707963268e+00 1.6731410569e+00
1.3263841593e-04 1.6417783394e+04 1.5707963268e+00 1.6755071960e+00
1.3283745114e-04 1.6425540339e+04 1.5707963268e+00 1.6778711033e+00
1.3303637585e-04 1.6433314684e+04 1.5707963268e+00 1.6802327767e+00
1.3323519003e-04 1.6441106439e+04 1.5707963268e+00 1.6825922146e+00
1.3343389366e-04 1.6448915615e+04 1.5707963268e+00 1.6849494150e+00
1.3363248673e-04 1.6456742221e+04 1.5707963268e+00 1.6873043762e+00
1.3383096921e-04 1.6464586268e+04 1.5707963268e+00 1.6896570964e+00
1.3402934109e-04 1.6472447766e+04 1.5707963268e+00 1.6920075737e+00
1.3422760235e-04 1.6480326725e+04 1.5707963268e+00 1.6943558064e+00
1.3442575297e-04 1.6488223156e+04 1.5707963268e+00 1.6967017927e+00
1.3462379294e-04 1.6496137068e+04 1.5707963268e+00 1.6990455309e+00
1.3482172225e-04 1.6504068470e+04 1.5707963268e+00 1.7013870193e+00
1.3501954087e-04 1.6512017374e+04 1.5707963268e+00 1.7037262560e+00
1.3521724879e-04 1.6519983788e+04 1.5707963268e+00 1.7060632395e+00
1.3541484601e-04 1.6527967723e+04 1.5707963268e+00 1.7083979679e+00
1.3561233251e-04 1.6535969187e+04 1.5707963268e+00 1.7107304397e+00
1.3580970827e-04 1.6543988191e+04 1.5707963268e+00 1.7130606530e+00
1.3600697329e-04 1.6552024744e+04 1.5707963268e+00 1.7153886063e+00
1.3620412755e-04 1.6560078856e+04 1.5707963268e+00 1.7177142980e+00
1.3640117105e-04 1.6568150536e+04 1.5707963268e+00 1.7200377263e+00
1.3659810378e-04 1.6576239793e+04 1.5707963268e+00 1.7223588896e+00
1.3679492572e-04 1.6584346636e+04 1.5707963268e+00 1.7246777864e+00
1.3699163687e-04 1.6592471075e+04 1.5707963268e+00 1.7269944149e+00
1.3718823723e-04 1.6600613118e+04 1.5707963268e+00 1.7293087737e+00
1.3738472679e-04 1.6608772775e+04 1.5707963268e+00 1.7316208612e+00
1.3758110553e-04 1.6616950055e+04 1.5707963268e+00 1.7339306758e+00
1.3777737346e-04 1.6625144967e+04 1.5707963268e+00 1.7362382159e+00
1.3797353057e-04 1.6633357519e+04 1.5707963268e+00 1.7385434800e+00
1.3816957686e-04 1.6641587721e+04 1.5707963268e+00 1.7408464665e+00
1.3836551232e-04 1.6649835580e+04 1.5707963268e+00 1.7431471741e+00
1.3856133695e-04 1.6658101106e+04 1.5707963268e+00 1.7454456010e+00
1.3875705075e-04 1.6666384308e+04 1.5707963268e+00 1.7477417460e+00
1.3895265372e-04 1.6674685193e+04 1.5707963268e+00 1.7500356075e+00
1.3914814586e-04 1.6683003770e+04 1.5707963268e+00 1.7523271839e+00
1.3934352716e-04 1.6691340048e+04 1.5707963268e+00 1.7546164740e+00
1.3953879763e-04 1.6699694034e+04 1.5707963268e+00 1.7569034762e+00
1.3973395727e-04 1.6708065738e+04 1.5707963268e+00 1.7591881891e+00
1.3992900609e-04 1.6716455166e+04 1.5707963268e+00 1.7614706114e+00
1.4012394407e-04 1.6724862329e+04 1.5707963268e+00 1.7637507415e+00
1.4031877123e-04 1.6733287232e+04 1.5707963268e+00 1.7660285782e+00
1.4051348757e-04 1.6741729885e+04 1.5707963268e+00 1.7683041200e+00
1.4070809310e-04 1.6750190294e+04 1.5707963268e+00 1.7705773656e+00
1.4090258782e-04 1.6758668469e+04 1.5707963268e+00 1.7728483136e+00
1.4109697173e-04 1.6767164417e+04 1.5707963268e+00 1.7751169628e+00
1.4129124484e-04 1.6775678145e+04 1.5707963268e+00 1.7773833117e+00
1.4148540716e-04 1.6784209661e+04 1.5707963268e+00 1.7796473591e+00
1.4167945870e-04 1.6792758973e+04 1.5707963268e+00 1.7819091036e+00
1.4187339947e-04 1.6801326087e+04 1.5707963268e+00 1.7841685440e+00
1.4206722946e-04 1.6809911012e+04 1.5707963268e+00 1.7864256791e+00
1.4226094870e-04 1.6818513755e+04 1.5707963268e+00 1.7886805075e+00
1.4245455720e-04 1.6827134323e+04 1.5707963268e+00 1.7909330280e+00
1.4264805495e-04 1.6835772723e+04 1.5707963268e+00 1.7931832394e+00
1.4284144198e-04 1.6844428963e+04 1.5707963268e+00 1.7954311405e+00
1.4303471830e-04 1.6853103048e+04 1.5707963268e+00 1.7976767300e+00
1.4322788392e-04 1.6861794988e+04 1.5707963268e+00 1.7999200067e+00
1.4342093885e-04 1.6870504787e+04 1.5707963268e+00 1.8021609696e+00
1.4361388311e-04 1.6879232453e+04 1.5707963268e+00 1.8043996173e+00
1.4380671670e-04 1.6887977994e+04 1.5707963268e+00 1.8066359488e+00
1.4399943966e-04 1.6896741414e+04 1.5707963268e+00 1.8088699629e+00
1.4419205198e-04 1.6905522722e+04 1.5707963268e+00 1.8111016585e+00
1.4438455369e-04 1.6914321924e+04 1.5707963268e+00 1.8133310344e+00
1.4457694481e-04 1.6923139026e+04 1.5707963268e+00 1.8155580895e+00
1.4476922535e-04 1.6931974034e+04 1.5707963268e+00 1.8177828229e+00
1.4496139532e-04 1.6940826955e+04 1.5707963268e+00 1.8200052333e+00
1.4515345476e-04 1.6949697796e+04 1.5707963268e+00 1.8222253197e+00
1.4534540367e-04 1.6958586561e+04 1.5707963268e+00 1.8244430811e+00
1.4553724208e-04 1.6967493258e+04 1.5707963268e+00 1.8266585164e+00
1.4572897001e-04 1.6976417893e+04 1.5707963268e+00 1.8288716246e+00
1.4592058747e-04 1.6985360471e+04 1.5707963268e+00 1.8310824047e+00
1.4611209450e-04 1.6994320998e+04 1.5707963268e+00 1.8332908557e+00
1.4630349110e-04 1.7003299481e+04 1.5707963268e+00 1.8354969765e+00
1.4649477731e-04 1.7012295925e+04 1.5707963268e+00 1.8377007663e+00
1.4668595315e-04 1.7021310335e+04 1.5707963268e+00 1.8399022240e+00
1.4687701865e-04 1.7030342717e+04 1.5707963268e+00 1.8421013487e+00
1.4706797382e-04 1.7039393077e+04 1.5707963268e+00 1.8442981395e+00
1.4725881869e-04 1.7048461420e+04 1.5707963268e+00 1.8464925954e+00
1.4744955328e-04 1.7057547752e+04 1.5707963268e+00 1.8486847156e+00
1.4764017763e-04 1.7066652078e+04 1.5707963268e+00 1.8508744991e+00
1.4783069177e-04 1.7075774402e+04 1.5707963268e+00 1.8530619450e+00
1.4802109570e-04 1.7084914731e+04 1.5707963268e+00 1.8552470525e+00
1.4821138948e-04 1.7094073070e+04 1.5707963268e+00 1.8574298207e+00
1.4840157312e-04 1.7103249423e+04 1.5707963268e+00 1.8596102487e+00
1.4859164665e-04 1.7112443795e+04 1.5707963268e+00 1.8617883358e+00
1.4878161010e-04 1.7121656191e+04 1.5707963268e+00 1.8639640811e+00
1.4897146351e-04 1.7130886616e+04 1.5707963268e+00 1.8661374838e+00
1.4916120690e-04 1.7140135075e+04 1.5707963268e+00 1.8683085431e+00
1.4935084031e-04 1.7149401573e+04 1.5707963268e+00 1.8704772582e+00
1.4954036376e-04 1.7158686113e+04 1.5707963268e+00 1.8726436283e+00
1.4972977729e-04 1.7167988701e+04 1.5707963268e+00 1.8748076528e+00
1.4991908094e-04 1.7177309340e+04 1.5707963268e+00 1.8769693308e+00
1.5010827473e-04 1.7186648036e+04 1.5707963268e+00 1.8791286616e+00
1.5029735870e-04 1.7196004792e+04 1.5707963268e+00 1.8812856445e+00
1.5048633288e-04 1.7205379613e+04 1.5707963268e+00 1.8834402788e+00
1.5067519732e-04 1.7214772503e+04 1.5707963268e+00 1.8855925638e+00
1.5086395204e-04 1.7224183466e+04 1.5707963268e+00 1.8877424988e+00
1.5105259708e-04 1.7233612505e+04 1.5707963268e+00 1.8898900832e+00
1.5124113248e-04 1.7243059626e+04 1.5707963268e+00 1.8920353162e+00
1.5142955828e-04 1.7252524830e+04 1.5707963268e+00 1.8941781973e+00
1.5161787451e-04 1.7262008124e+04 1.5707963268e+00 1.8963187258e+00
1.5180608121e-04 1.7271509509e+04 1.5707963268e+00 1.8984569012e+00
1.5199417842e-04 1.7281028989e+04 1.5707963268e+00 1.9005927227e+00
1.5218216619e-04 1.7290566569e+04 1.5707963268e+00 1.9027261899e+00
1.5237004455e-04 1.7300122252e+04 1.5707963268e+00 1.9048573021e+00
1.5255781353e-04 1.7309696040e+04 1.5707963268e+00 1.9069860587e+00
1.5274547319e-04 1.7319287938e+04 1.5707963268e+00 1.9091124593e+00
1.5293302357e-04 1.7328897948e+04 1.5707963268e+00 1.9112365032e+00
1.5312046470e-04 1.7338526074e+04 1.5707963268e+00 1.9133581900e+00
1.5330779663e-04 1.7348172319e+04 1.5707963268e+00 1.9154775192e+00
1.5349501940e-04 1.7357836686e+04 1.5707963268e+00 1.9175944901e+00
1.5368213306e-04 1.7367519177e+04 1.5707963268e+00 1.9197091025e+00
1.5386913765e-04 1.7377219795e+04 1.5707963268e+00 1.9218213556e+00
1.5405603322e-04 1.7386938545e+04 1.5707963268e+00 1.9239312492e+00
1.5424281980e-04 1.7396675427e+04 1.5707963268e+00 1.9260387828e+00
1.5442949745e-04 1.7406430444e+04 1.5707963268e+00 1.9281439558e+00
1.5461606622e-04 1.7416203600e+04 1.5707963268e+00 1.9302467680e+00
1.5480252614e-04 1.7425994897e+04 1.5707963268e+00 1.9323472188e+00
1.5498887727e-04 1.7435804337e+04 1.5707963268e+00 1.9344453079e+00
1.5517511965e-04 1.7445631922e+04 1.5707963268e+00 1.9365410349e+00
1.5536125333e-04 1.7455477655e+04 1.5707963268e+00 1.9386343993e+00
1.5554727837e-04 1.7465341538e+04 1.5707963268e+00 1.9407254010e+00
1.5573319481e-04 1.7475223572e+04 1.5707963268e+00 1.9428140394e+00
1.5591900270e-04 1.7485123761e+04 1.5707963268e+00 1.9449003143e+00
1.5610470208e-04 1.7495042106e+04 1.5707963268e+00 1.9469842254e+00
1.5629029302e-04 1.7504978609e+04 1.5707963268e+00 1.9490657722e+00
1.5647577557e-04 1.7514933271e+04 1.5707963268e+00 1.9511449546e+00
1.5666114976e-04 1.7524906094e+04 1.5707963268e+00 1.9532217723e+00
1.5684641567e-04 1.7534897081e+04 1.5707963268e+00 1.9552962249e+00
1.5703157333e-04 1.7544906232e+04 1.5707963268e+00 1.9573683121e+00
1.5721662281e-04 1.7554933549e+04 1.5707963268e+00 1.9594380339e+00
1.5740156415e-04 1.7564979034e+04 1.5707963268e+00 1.9615053898e+00
1.5758639741e-04 1.7575042688e+04 1.5707963268e+00 1.9635703798e+00
1.5777112265e-04 1.7585124512e+04 1.5707963268e+00 1.9656330035e+00
1.5795573992e-04 1.7595224507e+04 1.5707963268e+00 1.9676932608e+00
1.5814024927e-04 1.7605342675e+04 1.5707963268e+00 1.9697511515e+00
1.5832465076e-04 1.7615479016e+04 1.5707963268e+00 1.9718066754e+00
1.5850894446e-04 1.7625633532e+04 1.5707963268e+00 1.9738598323e+00
1.5869313041e-04 1.7635806223e+04 1.5707963268e+00 1.9759106222e+00
1.5887720867e-04 1.7645997091e+04 1.5707963268e+00 1.9779590448e+00
1.5906117930e-04 1.7656206136e+04 1.5707963268e+00 1.9800051000e+00
1.5924504236e-04 1.7666433358e+04 1.5707963268e+00 1.9820487877e+00
1.5942879791e-04 1.7676678758e+04 1.5707963268e+00 1.9840901079e+00
1.5961244600e-04 1.7686942338e+04 1.5707963268e+00 1.9861290604e+00
1.5979598671e-04 1.7697224096e+04 1.5707963268e+00 1.9881656452e+00
1.5997942008e-04 1.7707524035e+04 1.5707963268e+00 1.9901998621e+00
1.6016274617e-04 1.7717842153e+04 1.5707963268e+00 1.9922317112e+00
1.6034596506e-04 1.7728178451e+04 1.5707963268e+00 1.9942611924e+00
1.6052907679e-04 1.7738532930e+04 1.5707963268e+00 1.9962883056e+00
1.6071208144e-04 1.7748905589e+04 1.5707963268e+00 1.9983130509e+00
1.6089497906e-04 1.7759296429e+04 1.5707963268e+00 2.0003354283e+00
1.6107776972e-04 1.7769705449e+04 1.5707963268e+00 2.0023554377e+00
1.6126045348e-04 1.7780132649e+04 1.5707963268e+00 2.0043730792e+00
1.6144303041e-04 1.7790578029e+04 1.5707963268e+00 2.0063883527e+00
1.6162550056e-04 1.7801041589e+04 1.5707963268e+00 2.0084012585e+00
1.6180786401e-04 1.7811523328e+04 1.5707963268e+00 2.0104117965e+00
1.6199012081e-04 1.7822023246e+04 1.5707963268e+00 2.0124199667e+00
1.6217227104e-04 1.7832541343e+04 1.5707963268e+00 2.0144257693e+00
1.6235431475e-04 1.7843077617e+04 1.5707963268e+00 2.0164292043e+00
1.6253625202e-04 1.7853632068e+04 1.5707963268e+00 2.0184302720e+00
1.6271808292e-04 1.7864204696e+04 1.5707963268e+00 2.0204289722e+00
1.6289980750e-04 1.7874795499e+04 1.5707963268e+00 2.0224253053e+00
1.6308142584e-04 1.7885404477e+04 1.5707963268e+00 2.0244192714e+00
1.6326293801e-04 1.7896031629e+04 1.5707963268e+00 2.0264108705e+00
1.6344434407e-04 1.7906676953e+04 1.5707963268e+00 2.0284001029e+00
1.6362564409e-04 1.7917340449e+04 1.5707963268e+00 2.0303869688e+00
1.6380683814e-04 1.7928022115e+04 1.5707963268e+00 2.0323714682e+00
1.6398792629e-04 1.7938721951e+04 1.5707963268e+00 2.0343536015e+00
1.6416890861e-04 1.7949439954e+04 1.5707963268e+00 2.0363333689e+00
1.6434978518e-04 1.7960176124e+04 1.5707963268e+00 2.0383107705e+00
1.6453055605e-04 1.7970930458e+04 1.5707963268e+00 2.0402858066e+00
1.6471122131e-04 1.7981702956e+04 1.5707963268e+00 2.0422584774e+00
1.6489178102e-04 1.7992493616e+04 1.5707963268e+00 2.0442287832e+00
1.6507223526e-04 1.8003302435e+04 1.5707963268e+00 2.0461967244e+00
1.6525258410e-04 1.8014129413e+04 1.5707963268e+00 2.0481623010e+00
1.6543282761e-04 1.8024974548e+04 1.5707963268e+00 2.0501255136e+00
1.6561296587e-04 1.8035837837e+04 1.5707963268e+00 2.0520863622e+00
1.6579299894e-04 1.8046719278e+04 1.5707963268e+00 2.0540448474e+00
1.6597292690e-04 1.8057618870e+04 1.5707963268e+00 2.0560009693e+00
1.6615274984e-04 1.8068536610e+04 1.5707963268e+00 2.0579547284e+00
1.6633246781e-04 1.8079472497e+04 1.5707963268e+00 2.0599061250e+00
1.6651208090e-04 1.8090426527e+04 1.5707963268e+00 2.0618551595e+00
1.6669158918e-04 1.8101398699e+04 1.5707963268e+00 2.0638018321e+00
1.6687099273e-04 1.8112389010e+04 1.5707963268e+00 2.0657461434e+00
1.6705029162e-04 1.8123397457e+04 1.5707963268e+00 2.0676880937e+00
1.6722948593e-04 1.8134424038e+04 1.5707963268e+00 2.0696276834e+00
1.6740857574e-04 1.8145468751e+04 1.5707963268e+00 2.0715649130e+00
1.6758756112e-04 1.8156531592e+04 1.5707963268e+00 2.0734997828e+00
1.6776644215e-04 1.8167612560e+04 1.5707963268e+00 2.0754322934e+00
1.6794521891e-04 1.8178711650e+04 1.5707963268e+00 2.0773624451e+00
1.6812389149e-04 1.8189828860e+04 1.5707963268e+00 2.0792902384e+00
1.6830245994e-04 1.8200964188e+04 1.5707963268e+00 2.0812156739e+00
1.6848092437e-04 1.8212117629e+04 1.5707963268e+00 2.0831387520e+00
1.6865928484e-04 1.8223289181e+04 1.5707963268e+00 2.0850594731e+00
1.6883754143e-04 1.8234478841e+04 1.5707963268e+00 2.0869778379e+00
1.6901569423e-04 1.8245686606e+04 1.5707963268e+00 2.0888938468e+00
1.6919374332e-04 1.8256912471e+04 1.5707963268e+00 2.0908075004e+00
1.6937168877e-04 1.8268156434e+04 1.5707963268e+00 2.0927187992e+00
1.6954953066e-04 1.8279418491e+04 1.5707963268e+00 2.0946277437e+00
1.6972726909e-04 1.8290698638e+04 1.5707963268e+00 2.0965343345e+00
1.6990490413e-04 1.8301996873e+04 1.5707963268e+00 2.0984385723e+00
1.7008243586e-04 1.8313313190e+04 1.5707963268e+00 2.1003404576e+00
1.7025986436e-04 1.8324647587e+04 1.5707963268e+00 2.1022399909e+00
1.7043718973e-04 1.8336000059e+04 1.5707963268e+00 2.1041371729e+00
1.7061441203e-04 1.8347370603e+04 1.5707963268e+00 2.1060320043e+00
1.7079153136e-04 1.8358759215e+04 1.5707963268e+00 2.1079244856e+00
1.7096854780e-04 1.8370165890e+04 1.5707963268e+00 2.1098146175e+00
1.7114546143e-04 1.8381590625e+04 1.5707963268e+00 2.1117024006e+00
1.7132227233e-04 1.8393033414e+04 1.5707963268e+00 2.1135878357e+00
1.7149898060e-04 1.8404494255e+04 1.5707963268e+00 2.1154709233e+00
1.7167558632e-04 1.8415973142e+04 1.5707963268e+00 2.1173516642e+00
1.7185208956e-04 1.8427470072e+04 1.5707963268e+00 2.1192300591e+00
1.7202849043e-04 1.8438985039e+04 1.5707963268e+00 2.1211061086e+00
1.7220478900e-04 1.8450518040e+04 1.5707963268e+00 2.1229798135e+00
1.7238098535e-04 1.8462069069e+04 1.5707963268e+00 2.1248511746e+00
1.7255707959e-04 1.8473638121e+04 1.5707963268e+00 2.1267201924e+00
1.7273307179e-04 1.8485225193e+04 1.5707963268e+00 2.1285868679e+00
1.7290896204e-04 1.8496830280e+04 1.5707963268e+00 2.1304512018e+00
1.7308475042e-04 1.8508453375e+04 1.5707963268e+00 2.1323131947e+00
1.7326043704e-04 1.8520094475e+04 1.5707963268e+00 2.1341728476e+00
1.7343602196e-04 1.8531753575e+04 1.5707963268e+00 2.1360301612e+00
1.7361150529e-04 1.8543430669e+04 1.5707963268e+00 2.1378851363e+00
1.7378688711e-04 1.8555125752e+04 1.5707963268e+00 2.1397377737e+00
1.7396216752e-04 1.8566838819e+04 1.5707963268e+00 2.1415880742e+00
1.7413734659e-04 1.8578569864e+04 1.5707963268e+00 2.1434360387e+00
1.7431242442e-04 1.8590318883e+04 1.5707963268e+00 2.1452816680e+00
1.7448740110e-04 1.8602085870e+04 1.5707963268e+00 2.1471249630e+00
1.7466227671e-04 1.8613870819e+04 1.5707963268e+00 2.1489659245e+00
1.7483705136e-04 1.8625673725e+04 1.5707963268e+00 2.1508045534e+00
1.7501172513e-04 1.8637494582e+04 1.5707963268e+00 2.1526408506e+00
1.7518629811e-04 1.8649333384e+04 1.5707963268e+00 2.1544748169e+00
1.7536077039e-04 1.8661190126e+04 1.5707963268e+00 2.1563064534e+00
1.7553514206e-04 1.8673064802e+04 1.5707963268e+00 2.1581357608e+00
1.7570941322e-04 1.8684957406e+04 1.5707963268e+00 2.1599627401e+00
1.7588358396e-04 1.8696867932e+04 1.5707963268e+00 2.1617873923e+00
1.7605765437e-04 1.8708796373e+04 1.5707963268e+00 2.1636097182e+00
1.7623162454e-04 1.8720742725e+04 1.5707963268e+00 2.1654297190e+00
1.7640549456e-04 1.8732706980e+04 1.5707963268e+00 2.1672473954e+00
1.7657926453e-04 1.8744689133e+04 1.5707963268e+00 2.1690627485e+00
1.7675293455e-04 1.8756689177e+04 1.5707963268e+00 2.1708757792e+00
1.7692650470e-04 1.8768707106e+04 1.5707963268e+00 2.1726864886e+00
1.7709997508e-04 1.8780742913e+04 1.5707963268e+00 2.1744948777e+00
1.7727334578e-04 1.8792796592e+04 1.5707963268e+00 2.1763009474e+00
1.7744661691e-04 1.8804868137e+04 1.5707963268e+00 2.1781046989e+00
1.7761978854e-04 1.8816957540e+04 1.5707963268e+00 2.1799061330e+00
1.7779286078e-04 1.8829064795e+04 1.5707963268e+00 2.1817052509e+00
1.7796583372e-04 1.8841189896e+04 1.5707963268e+00 2.1835020537e+00
1.7813870746e-04 1.8853332835e+04 1.5707963268e+00 2.1852965423e+00
1.7831148210e-04 1.8865493605e+04 1.5707963268e+00 2.1870887178e+00
1.7848415772e-04 1.8877672201e+04 1.5707963268e+00 2.1888785814e+00
1.7865673443e-04 1.8889868614e+04 1.5707963268e+00 2.1906661341e+00
1.7882921232e-04 1.8902082838e+04 1.5707963268e+00 2.1924513769e+00
1.7900159149e-04 1.8914314865e+04 1.5707963268e+00 2.1942343111e+00
1.7917387203e-04 1.8926564688e+04 1.5707963268e+00 2.1960149378e+00
1.7934605405e-04 1.8938832301e+04 1.5707963268e+00 2.1977932580e+00
1.7951813763e-04 1.8951117696e+04 1.5707963268e+00 2.1995692729e+00
1.7969012288e-04 1.8963420864e+04 1.5707963268e+00 2.2013429836e+00
1.7986200989e-04 1.8975741800e+04 1.5707963268e+00 2.2031143914e+00
1.8003379877e-04 1.8988080495e+04 1.5707963268e+00 2.2048834973e+00
1.8020548960e-04 1.9000436943e+04 1.5707963268e+00 2.2066503025e+00
1.8037708250e-04 1.9012811134e+04 1.5707963268e+00 2.2084148082e+00
1.8054857755e-04 1.9025203062e+04 1.5707963268e+00 2.2101770156e+00
1.8071997485e-04 1.9037612719e+04 1.5707963268e+00 2.2119369260e+00
1.8089127452e-04 1.9050040097e+04 1.5707963268e+00 2.2136945404e+00
1.8106247663e-04 1.9062485188e+04 1.5707963268e+00 2.2154498602e+00
1.8123358130e-04 1.9074947984e+04 1.5707963268e+00 2.2172028865e+00
1.8140458862e-04 1.9087428478e+04 1.5707963268e+00 2.2189536206e+00
1.8157549869e-04 1.9099926660e+04 1.5707963268e+00 2.2207020638e+00
1.8174631162e-04 1.9112442524e+04 1.5707963268e+00 2.2224482172e+00
1.8191702750e-04 1.9124976061e+04 1.5707963268e+00 2.2241920822e+00
1.8208764643e-04 1.9137527263e+04 1.5707963268e+00 2.2259336600e+00
1.8225816852e-04 1.9150096120e+04 1.5707963268e+00 2.2276729520e+00
1.8242859386e-04 1.9162682626e+04 1.5707963268e+00 2.2294099592e+00
1.8259892255e-04 1.9175286772e+04 1.5707963268e+00 2.2311446832e+00
1.8276915471e-04 1.9187908549e+04 1.5707963268e+00 2.2328771252e+00
1.8293929042e-04 1.9200547948e+04 1.5707963268e+00 2.2346072865e+00
1.8310932979e-04 1.9213204962e+04 1.5707963268e+00 2.2363351684e+00
1.8327927292e-04 1.9225879581e+04 1.5707963268e+00 2.2380607723e+00
1.8344911991e-04 1.9238571796e+04 1.5707963268e+00 2.2397840994e+00
1.8361887087e-04 1.9251281600e+04 1.5707963268e+00 2.2415051512e+00
1.8378852590e-04 1.9264008983e+04 1.5707963268e+00 2.2432239290e+00
1.8395808510e-04 1.9276753936e+04 1.5707963268e+00 2.2449404342e+00
1.8412754857e-04 1.9289516450e+04 1.5707963268e+00 2.2466546681e+00
1.8429691641e-04 1.9302296517e+04 1.5707963268e+00 2.2483666322e+00
1.8446618874e-04 1.9315094127e+04 1.5707963268e+00 2.2500763277e+00
1.8463536564e-04 1.9327909272e+04 1.5707963268e+00 2.2517837562e+00
1.8480444723e-04 1.9340741941e+04 1.5707963268e+00 2.2534889190e+00
1.8497343361e-04 1.9353592126e+04 1.5707963268e+00 2.2551918175e+00
1.8514232489e-04 1.9366459818e+04 1.5707963268e+00 2.2568924531e+00
1.8531112115e-04 1.9379345007e+04 1.5707963268e+00 2.2585908274e+00
1.8547982252e-04 1.9392247684e+04 1.5707963268e+00 2.2602869417e+00
1.8564842909e-04 1.9405167840e+04 1.5707963268e+00 2.2619807974e+00
1.8581694097e-04 1.9418105464e+04 1.5707963268e+00 2.2636723961e+00
1.8598535826e-04 1.9431060547e+04 1.5707963268e+00 2.2653617391e+00
1.8615368107e-04 1.9444033081e+04 1.5707963268e+00 2.2670488280e+00
1.8632190951e-04 1.9457023054e+04 1.5707963268e+00 2.2687336643e+00
1.8649004367e-04 1.9470030458e+04 1.5707963268e+00 2.2704162494e+00
1.8665808366e-04 1.9483055283e+04 1.5707963268e+00 2.2720965848e+00
1.8682602959e-04 1.9496097518e+04 1.5707963268e+00 2.2737746720e+00
1.8699388156e-04 1.9509157154e+04 1.5707963268e+00 2.2754505125e+00
1.8716163968e-04 1.9522234181e+04 1.5707963268e+00 2.2771241079e+00
1.8732930405e-04 1.9535328589e+04 1.5707963268e+00 2.2787954597e+00
1.8749687478e-04 1.9548440369e+04 1.5707963268e+00 2.2804645693e+00
1.8766435198e-04 1.9561569509e+04 1.5707963268e+00 2.2821314384e+00
1.8783173576e-04 1.9574715999e+04 1.5707963268e+00 2.2837960685e+00
1.8799902620e-04 1.9587879830e+04 1.5707963268e+00 2.2854584612e+00
1.8816622344e-04 1.9601060992e+04 1.5707963268e+00 2.2871186179e+00
1.8833332756e-04 1.9614259473e+04 1.5707963268e+00 2.2887765404e+00
1.8850033868e-04 1.9627475264e+04 1.5707963268e+00 2.2904322301e+00
1.8866725691e-04 1.9640708355e+04 1.5707963268e+00 2.2920856886e+00
1.8883408235e-04 1.9653958734e+04 1.5707963268e+00 2.2937369176e+00
1.8900081510e-04 1.9667226391e+04 1.5707963268e+00 2.2953859186e+00
1.8916745528e-04 1.9680511316e+04 1.5707963268e+00 2.2970326932e+00
1.8933400299e-04 1.9693813498e+04 1.5707963268e+00 2.2986772431e+00
1.8950045834e-04 1.9707132926e+04 1.5707963268e+00 2.3003195699e+00
1.8966682144e-04 1.9720469590e+04 1.5707963268e+00 2.3019596752e+00
1.8983309240e-04 1.9733823479e+04 1.5707963268e+00 2.3035975606e+00
1.8999927131e-04 1.9747194582e+04 1.5707963268e+00 2.3052332278e+00
1.9016535830e-04 1.9760582888e+04 1.5707963268e+00 2.3068666785e+00
1.9033135346e-04 1.9773988386e+04 1.5707963268e+00 2.3084979142e+00
1.9049725691e-04 1.9787411066e+04 1.5707963268e+00 2.3101269367e+00
1.9066306876e-04 1.9800850916e+04 1.5707963268e+00 2.3117537476e+00
1.9082878911e-04 1.9814307926e+04 1.5707963268e+00 2.3133783486e+00
1.9099441807e-04 1.9827782083e+04 1.5707963268e+00 2.3150007414e+00
1.9115995575e-04 1.9841273378e+04 1.5707963268e+00 2.3166209276e+00
1.9132540226e-04 1.9854781798e+04 1.5707963268e+00 2.3182389091e+00
1.9149075770e-04 1.9868307333e+04 1.5707963268e+00 2.3198546874e+00
1.9165602219e-04 1.9881849971e+04 1.5707963268e+00 2.3214682643e+00
1.9182119584e-04 1.9895409700e+04 1.5707963268e+00 2.3230796415e+00
1.9198627875e-04 1.9908986511e+04 1.5707963268e+00 2.3246888208e+00
1.9215127103e-04 1.9922580390e+04 1.5707963268e+00 2.3262958038e+00
1.9231617279e-04 1.9936191327e+04 1.5707963268e+00 2.3279005923e+00
1.9248098415e-04 1.9949819309e+04 1.5707963268e+00 2.3295031880e+00
1.9264570520e-04 1.9963464326e+04 1.5707963268e+00 2.3311035928e+00
1.9281033607e-04 1.9977126366e+04 1.5707963268e+00 2.3327018083e+00
1.9297487685e-04 1.9990805417e+04 1.5707963268e+00 2.3342978363e+00
1.9313932767e-04 2.0004501467e+04 1.5707963268e+00 2.3358916786e+00
1.9330368862e-04 2.0018214504e+04 1.5707963268e+00 2.3374833369e+00
1.9346795982e-04 2.0031944518e+04 1.5707963268e+00 2.3390728132e+00
1.9363214138e-04 2.0045691495e+04 1.5707963268e+00 2.3406601090e+00
1.9379623341e-04 2.0059455424e+04 1.5707963268e+00 2.3422452263e+00
1.9396023602e-04 2.0073236293e+04 1.5707963268e+00 2.3438281668e+00
1.9412414932e-04 2.0087034090e+04 1.5707963268e+00 2.3454089323e+00
1.9428797342e-04 2.0100848802e+04 1.5707963268e+00 2.3469875247e+00
1.9445170842e-04 2.0114680419e+04 1.5707963268e+00 2.3485639457e+00
1.9461535445e-04 2.0128528927e+04 1.5707963268e+00 2.3501381973e+00
1.9477891160e-04 2.0142394315e+04 1.5707963268e+00 2.3517102811e+00
1.9494238000e-04 2.0156276570e+04 1.5707963268e+00 2.3532801992e+00
1.9510575974e-04 2.0170175680e+04 1.5707963268e+00 2.3548479532e+00
1.9526905095e-04 2.0184091632e+04 1.5707963268e+00 2.3564135451e+00
1.9543225373e-04 2.0198024415e+04 1.5707963268e+00 2.3579769767e+00
1.9559536820e-04 2.0211974016e+04 1.5707963268e+00 2.3595382499e+00
1.9575839446e-04 2.0225940423e+04 1.5707963268e+00 2.3610973665e+00
1.9592133262e-04 2.0239923622e+04 1.5707963268e+00 2.3626543284e+00
1.9608418280e-04 2.0253923602e+04 1.5707963268e+00 2.3642091376e+00
1.9624694510e-04 2.0267940350e+04 1.5707963268e+00 2.3657617958e+00
1.9640961965e-04 2.0281973853e+04 1.5707963268e+00 2.3673123049e+00
1.9657220654e-04 2.0296024098e+04 1.5707963268e+00 2.3688606669e+00
1.9673470589e-04 2.0310091074e+04 1.5707963268e+00 2.3704068837e+00
1.9689711782e-04 2.0324174767e+04 1.5707963268e+00 2.3719509571e+00
1.9705944243e-04 2.0338275164e+04 1.5707963268e+00 2.3734928891e+00
1.9722167983e-04 2.0352392253e+04 1.5707963268e+00 2.3750326816e+00
1.9738383014e-04 2.0366526020e+04 1.5707963268e+00 2.3765703366e+00
1.9754589346e-04 2.0380676454e+04 1.5707963268e+00 2.3781058558e+00
1.9770786991e-04 2.0394843540e+04 1.5707963268e+00 2.3796392414e+00
1.9786975961e-04 2.0409027267e+04 1.5707963268e+00 2.3811704951e+00
1.9803156265e-04 2.0423227620e+04 1.5707963268e+00 2.3826996191e+00
1.9819327916e-04 2.0437444587e+04 1.5707963268e+00 2.3842266151e+00
1.9835490924e-04 2.0451678155e+04 1.5707963268e+00 2.3857514852e+00
1.9851645301e-04 2.0465928310e+04 1.5707963268e+00 2.3872742313e+00
1.9867791058e-04 2.0480195041e+04 1.5707963268e+00 2.3887948554e+00
1.9883928205e-04 2.0494478332e+04 1.5707963268e+00 2.3903133594e+00
1.9900056755e-04 2.0508778171e+04 1.5707963268e+00 2.3918297454e+00
1.9916176718e-04 2.0523094545e+04 1.5707963268e+00 2.3933440153e+00
1.9932288106e-04 2.0537427441e+04 1.5707963268e+00 2.3948561711e+00
1.9948390930e-04 2.0551776844e+04 1.5707963268e+00 2.3963662148e+00
1.9964485200e-04 2.0566142742e+04 1.5707963268e+00 2.3978741483e+00
1.9980570929e-04 2.0580525122e+04 1.5707963268e+00 2.3993799737e+00
1.9996648127e-04 2.0594923969e+04 1.5707963268e+00 2.4008836931e+00
2.0012716805e-04 2.0609339270e+04 1.5707963268e+00 2.4023853083e+00
2.0028776975e-04 2.0623771012e+04 1.5707963268e+00 2.4038848214e+00
2.0044828648e-04 2.0638219181e+04 1.5707963268e+00 2.4053822344e+00
2.0060871836e-04 2.0652683764e+04 1.5707963268e+00 2.4068775494e+00
2.0076906549e-04 2.0667164746e+04 1.5707963268e+00 2.4083707684e+00
2.0092932798e-04 2.0681662114e+04 1.5707963268e+00 2.4098618933e+00
2.0108950595e-04 2.0696175855e+04 1.5707963268e+00 2.4113509263e+00
2.0124959951e-04 2.0710705955e+04 1.5707963268e+00 2.4128378694e+00
2.0140960877e-04 2.0725252399e+04 1.5707963268e+00 2.4143227247e+00
2.0156953385e-04 2.0739815174e+04 1.5707963268e+00 2.4158054941e+00
2.0172937486e-04 2.0754394267e+04 1.5707963268e+00 2.4172861797e+00
2.0188913190e-04 2.0768989662e+04 1.5707963268e+00 2.4187647837e+00
2.0204880510e-04 2.0783601347e+04 1.5707963268e+00 2.4202413080e+00
2.0220839456e-04 2.0798229307e+04 1.5707963268e+00 2.4217157548e+00
2.0236790039e-04 2.0812873529e+04 1.5707963268e+00 2.4231881260e+00
2.0252732272e-04 2.0827533998e+04 1.5707963268e+00 2.4246584238e+00
2.0268666164e-04 2.0842210700e+04 1.5707963268e+00 2.4261266503e+00
2.0284591728e-04 2.0856903621e+04 1.5707963268e+00 2.4275928076e+00
2.0300508974e-04 2.0871612747e+04 1.5707963268e+00 2.4290568976e+00
2.0316417914e-04 2.0886338064e+04 1.5707963268e+00 2.4305189226e+00
2.0332318559e-04 2.0901079558e+04 1.5707963268e+00 2.4319788847e+00
2.0348210920e-04 2.0915837214e+04 1.5707963268e+00 2.4334367858e+00
2.0364095009e-04 2.0930611018e+04 1.5707963268e+00 2.4348926282e+00
2.0379970836e-04 2.0945400956e+04 1.5707963268e+00 2.4363464140e+00
2.0395838413e-04 2.0960207013e+04 1.5707963268e+00 2.4377981452e+00
2.0411697752e-04 2.0975029175e+04 1.5707963268e+00 2.4392478239e+00
2.0427548862e-04 2.0989867429e+04 1.5707963268e+00 2.4406954524e+00
2.0443391757e-04 2.1004721758e+04 1.5707963268e+00 2.4421410327e+00
2.0459226446e-04 2.1019592150e+04 1.5707963268e+00 2.4435845670e+00
2.0475052941e-04 2.1034478588e+04 1.5707963268e+00 2.4450260573e+00
2.0490871254e-04 2.1049381060e+04 1.5707963268e+00 2.4464655059e+00
2.0506681395e-04 2.1064299550e+04 1.5707963268e+00 2.4479029148e+00
2.0522483375e-04 2.1079234044e+04 1.5707963268e+00 2.4493382862e+00
2.0538277207e-04 2.1094184527e+04 1.5707963268e+00 2.4507716223e+00
2.0554062901e-04 2.1109150984e+04 1.5707963268e+00 2.4522029252e+00
2.0569840469e-04 2.1124133402e+04 1.5707963268e+00 2.4536321971e+00
2.0585609921e-04 2.1139131764e+04 1.5707963268e+00 2.4550594400e+00
2.0601371269e-04 2.1154146057e+04 1.5707963268e+00 2.4564846563e+00
2.0617124524e-04 2.1169176266e+04 1.5707963268e+00 2.4579078480e+00
2.0632869697e-04 2.1184222376e+04 1.5707963268e+00 2.4593290174e+00
2.0648606800e-04 2.1199284371e+04 1.5707963268e+00 2.4607481665e+00
2.0664335844e-04 2.1214362238e+04 1.5707963268e+00 2.4621652976e+00
2.0680056839e-04 2.1229455962e+04 1.5707963268e+00 2.4635804128e+00
2.0695769798e-04 2.1244565527e+04 1.5707963268e+00 2.4649935144e+00
2.0711474731e-04 2.1259690919e+04 1.5707963268e+00 2.4664046045e+00
2.0727171650e-04 2.1274832122e+04 1.5707963268e+00 2.4678136853e+00
2.0742860565e-04 2.1289989123e+04 1.5707963268e+00 2.4692207590e+00
2.0758541489e-04 2.1305161905e+04 1.5707963268e+00 2.4706258278e+00
2.0774214431e-04 2.1320350453e+04 1.5707963268e+00 2.4720288938e+00
2.0789879404e-04 2.1335554754e+04 1.5707963268e+00 2.4734299594e+00
2.0805536419e-04 2.1350774791e+04 1.5707963268e+00 2.4748290267e+00
2.0821185486e-04 2.1366010550e+04 1.5707963268e+00 2.4762260979e+00
2.0836826618e-04 2.1381262015e+04 1.5707963268e+00 2.4776211752e+00
2.0852459824e-04 2.1396529171e+04 1.5707963268e+00 2.4790142608e+00
2.0868085117e-04 2.1411812003e+04 1.5707963268e+00 2.4804053570e+00
2.0883702507e-04 2.1427110496e+04 1.5707963268e+00 2.4817944660e+00
2.0899312006e-04 2.1442424635e+04 1.5707963268e+00 2.4831815900e+00
2.0914913625e-04 2.1457754405e+04 1.5707963268e+00 2.4845667311e+00
2.0930507374e-04 2.1473099789e+04 1.5707963268e+00 2.4859498918e+00
2.0946093266e-04 2.1488460774e+04 1.5707963268e+00 2.4873310741e+00
2.0961671311e-04 2.1503837342e+04 1.5707963268e+00 2.4887102803e+00
2.0977241521e-04 2.1519229480e+04 1.5707963268e+00 2.4900875127e+00
2.0992803906e-04 2.1534637172e+04 1.5707963268e+00 2.4914627735e+00
2.1008358478e-04 2.1550060403e+04 1.5707963268e+00 2.4928360649e+00
2.1023905248e-04 2.1565499156e+04 1.5707963268e+00 2.4942073892e+00
2.1039444227e-04 2.1580953417e+04 1.5707963268e+00 2.4955767486e+00
2.1054975427e-04 2.1596423170e+04 1.5707963268e+00 2.4969441454e+00
2.1070498857e-04 2.1611908400e+04 1.5707963268e+00 2.4983095818e+00
2.1086014530e-04 2.1627409091e+04 1.5707963268e+00 2.4996730602e+00
2.1101522457e-04 2.1642925227e+04 1.5707963268e+00 2.5010345827e+00
2.1117022648e-04 2.1658456794e+04 1.5707963268e+00 2.5023941515e+00
2.1132515115e-04 2.1674003775e+04 1.5707963268e+00 2.5037517691e+00
2.1147999869e-04 2.1689566155e+04 1.5707963268e+00 2.5051074376e+00
2.1163476921e-04 2.1705143918e+04 1.5707963268e+00 2.5064611593e+00
2.1178946282e-04 2.1720737049e+04 1.5707963268e+00 2.5078129364e+00
2.1194407963e-04 2.1736345532e+04 1.5707963268e+00 2.5091627714e+00
2.1209861976e-04 2.1751969351e+04 1.5707963268e+00 2.5105106663e+00
2.1225308331e-04 2.1767608491e+04 1.5707963268e+00 2.5118566235e+00
2.1240747039e-04 2.1783262936e+04 1.5707963268e+00 2.5132006453e+00
2.1256178112e-04 2.1798932670e+04 1.5707963268e+00 2.5145427340e+00
2.1271601560e-04 2.1814617678e+04 1.5707963268e+00 2.5158828918e+00
2.1287017396e-04 2.1830317943e+04 1.5707963268e+00 2.5172211211e+00
2.1302425628e-04 2.1846033450e+04 1.5707963268e+00 2.5185574241e+00
2.1317826270e-04 2.1861764184e+04 1.5707963268e+00 2.5198918030e+00
2.1333219331e-04 2.1877510127e+04 1.5707963268e+00 2.5212242603e+00
2.1348604824e-04 2.1893271265e+04 1.5707963268e+00 2.5225547982e+00
2.1363982758e-04 2.1909047582e+04 1.5707963268e+00 2.5238834189e+00
2.1379353145e-04 2.1924839061e+04 1.5707963268e+00 2.5252101249e+00
2.1394715996e-04 2.1940645686e+04 1.5707963268e+00 2.5265349183e+00
2.1410071322e-04 2.1956467443e+04 1.5707963268e+00 2.5278578016e+00
2.1425419133e-04 2.1972304315e+04 1.5707963268e+00 2.5291787769e+00
2.1440759442e-04 2.1988156285e+04 1.5707963268e+00 2.5304978466e+00
2.1456092259e-04 2.2004023338e+04 1.5707963268e+00 2.5318150130e+00
2.1471417594e-04 2.2019905459e+04 1.5707963268e+00 2.5331302785e+00
2.1486735460e-04 2.2035802630e+04 1.5707963268e+00 2.5344436453e+00
2.1502045866e-04 2.2051714836e+04 1.5707963268e+00 2.5357551157e+00
2.1517348824e-04 2.2067642061e+04 1.5707963268e+00 2.5370646921e+00
2.1532644345e-04 2.2083584289e+04 1.5707963268e+00 2.5383723767e+00
2.1547932440e-04 2.2099541503e+04 1.5707963268e+00 2.5396781720e+00
2.1563213119e-04 2.2115513689e+04 1.5707963268e+00 2.5409820801e+00
2.1578486394e-04 2.2131500828e+04 1.5707963268e+00 2.5422841035e+00
2.1593752276e-04 2.2147502906e+04 1.5707963268e+00 2.5435842444e+00
2.1609010775e-04 2.2163519907e+04 1.5707963268e+00 2.5448825052e+00
2.1624261903e-04 2.2179551813e+04 1.5707963268e+00 2.5461788882e+00
2.1639505670e-04 2.2195598610e+04 1.5707963268e+00 2.5474733958e+00
2.1654742087e-04 2.2211660280e+04 1.5707963268e+00 2.5487660302e+00
2.1669971166e-04 2.2227736808e+04 1.5707963268e+00 2.5500567938e+00
2.1685192916e-04 2.2243828177e+04 1.5707963268e+00 2.5513456889e+00
2.1700407350e-04 2.2259934371e+04 1.5707963268e+00 2.5526327179e+00
2.1715614477e-04 2.2276055374e+04 1.5707963268e+00 2.5539178831e+00
2.1730814309e-04 2.2292191169e+04 1.5707963268e+00 2.5552011868e+00
2.1746006856e-04 2.2308341741e+04 1.5707963268e+00 2.5564826313e+00
2.1761192130e-04 2.2324507073e+04 1.5707963268e+00 2.5577622191e+00
2.1776370141e-04 2.2340687149e+04 1.5707963268e+00 2.5590399524e+00
2.1791540900e-04 2.2356881952e+04 1.5707963268e+00 2.5603158335e+00
2.1806704418e-04 2.2373091466e+04 1.5707963268e+00 2.5615898649e+00
2.1821860706e-04 2.2389315675e+04 1.5707963268e+00 2.5628620489e+00
2.1837009774e-04 2.2405554562e+04 1.5707963268e+00 2.5641323878e+00
2.1852151634e-04 2.2421808111e+04 1.5707963268e+00 2.5654008839e+00
2.1867286295e-04 2.2438076306e+04 1.5707963268e+00 2.5666675397e+00
2.1882413770e-04 2.2454359131e+04 1.5707963268e+00 2.5679323573e+00
2.1897534068e-04 2.2470656568e+04 1.5707963268e+00 2.5691953393e+00
2.1912647201e-04 2.2486968602e+04 1.5707963268e+00 2.5704564880e+00
2.1927753179e-04 2.2503295215e+04 1.5707963268e+00 2.5717158056e+00
2.1942852013e-04 2.2519636393e+04 1.5707963268e+00 2.5729732946e+00
2.1957943714e-04 2.2535992117e+04 1.5707963268e+00 2.5742289572e+00
2.1973028292e-04 2.2552362372e+04 1.5707963268e+00 2.5754827960e+00
2.1988105759e-04 2.2568747141e+04 1.5707963268e+00 2.5767348131e+00
2.2003176124e-04 2.2585146408e+04 1.5707963268e+00 2.5779850111e+00
2.2018239400e-04 2.2601560157e+04 1.5707963268e+00 2.5792333921e+00
2.2033295595e-04 2.2617988370e+04 1.5707963268e+00 2.5804799586e+00
2.2048344722e-04 2.2634431031e+04 1.5707963268e+00 2.5817247130e+00
2.2063386790e-04 2.2650888124e+04 1.5707963268e+00 2.5829676575e+00
2.2078421810e-04 2.2667359632e+04 1.5707963268e+00 2.5842087946e+00
2.2093449794e-04 2.2683845539e+04 1.5707963268e+00 2.5854481266e+00
2.2108470752e-04 2.2700345828e+04 1.5707963268e+00 2.5866856559e+00
2.2123484693e-04 2.2716860482e+04 1.5707963268e+00 2.5879213849e+00
2.2138491630e-04 2.2733389485e+04 1.5707963268e+00 2.5891553158e+00
2.2153491573e-04 2.2749932821e+04 1.5707963268e+00 2.5903874511e+00
2.2168484532e-04 2.2766490473e+04 1.5707963268e+00 2.5916177931e+00
2.2183470517e-04 2.2783062423e+04 1.5707963268e+00 2.5928463442e+00
2.2198449540e-04 2.2799648656e+04 1.5707963268e+00 2.5940731067e+00
2.2213421612e-04 2.2816249155e+04 1.5707963268e+00 2.5952980831e+00
2.2228386742e-04 2.2832863904e+04 1.5707963268e+00 2.5965212756e+00
2.2243344941e-04 2.2849492885e+04 1.5707963268e+00 2.5977426867e+00
2.2258296220e-04 2.2866136082e+04 1.5707963268e+00 2.5989623187e+00
2.2273240589e-04 2.2882793479e+04 1.5707963268e+00 2.6001801740e+00
2.2288178059e-04 2.2899465058e+04 1.5707963268e+00 2.6013962550e+00
2.2303108641e-04 2.2916150803e+04 1.5707963268e+00 2.6026105639e+00
2.2318032345e-04 2.2932850698e+04 1.5707963268e+00 2.6038231032e+00
2.2332949181e-04 2.2949564726e+04 1.5707963268e+00 2.6050338753e+00
2.2347859160e-04 2.2966292869e+04 1.5707963268e+00 2.6062428825e+00
2.2362762293e-04 2.2983035112e+04 1.5707963268e+00 2.6074501272e+00
2.2377658589e-04 2.2999791438e+04 1.5707963268e+00 2.6086556117e+00
2.2392548060e-04 2.3016561829e+04 1.5707963268e+00 2.6098593385e+00
2.2407430716e-04 2.3033346270e+04 1.5707963268e+00 2.6110613099e+00
2.2422306568e-04 2.3050144743e+04 1.5707963268e+00 2.6122615282e+00
2.2437175625e-04 2.3066957232e+04 1.5707963268e+00 2.6134599959e+00
2.2452037898e-04 2.3083783720e+04 1.5707963268e+00 2.6146567152e+00
2.2466893398e-04 2.3100624191e+04 1.5707963268e+00 2.6158516887e+00
2.2481742136e-04 2.3117478627e+04 1.5707963268e+00 2.6170449186e+00
2.2496584120e-04 2.3134347012e+04 1.5707963268e+00 2.6182364073e+00
2.2511419363e-04 2.3151229329e+04 1.5707963268e+00 2.6194261572e+00
2.2526247874e-04 2.3168125561e+04 1.5707963268e+00 2.6206141706e+00
2.2541069663e-04 2.3185035692e+04 1.5707963268e+00 2.6218004500e+00
2.2555884742e-04 2.3201959704e+04 1.5707963268e+00 2.6229849977e+00
2.2570693120e-04 2.3218897582e+04 1.5707963268e+00 2.6241678160e+00
2.2585494808e-04 2.3235849308e+04 1.5707963268e+00 2.6253489074e+00
2.2600289815e-04 2.3252814865e+04 1.5707963268e+00 2.6265282742e+00
2.2615078153e-04 2.3269794237e+04 1.5707963268e+00 2.6277059188e+00
2.2629859832e-04 2.3286787407e+04 1.5707963268e+00 2.6288818435e+00
2.2644634862e-04 2.3303794359e+04 1.5707963268e+00 2.6300560508e+00
2.2659403253e-04 2.3320815074e+04 1.5707963268e+00 2.6312285429e+00
2.2674165016e-04 2.3337849537e+04 1.5707963268e+00 2.6323993223e+00
2.2688920160e-04 2.3354897730e+04 1.5707963268e+00 2.6335683913e+00
2.2703668696e-04 2.3371959638e+04 1.5707963268e+00 2.6347357524e+00
2.2718410635e-04 2.3389035242e+04 1.5707963268e+00 2.6359014078e+00
2.2733145987e-04 2.3406124527e+04 1.5707963268e+00 2.6370653599e+00
2.2747874761e-04 2.3423227475e+04 1.5707963268e+00 2.6382276112e+00
2.2762596968e-04 2.3440344070e+04 1.5707963268e+00 2.6393881639e+00
2.2777312618e-04 2.3457474295e+04 1.5707963268e+00 2.6405470205e+00
2.2792021722e-04 2.3474618132e+04 1.5707963268e+00 2.6417041833e+00
2.2806724289e-04 2.3491775566e+04 1.5707963268e+00 2.6428596546e+00
2.2821420330e-04 2.3508946579e+04 1.5707963268e+00 2.6440134369e+00
2.2836109855e-04 2.3526131155e+04 1.5707963268e+00 2.6451655326e+00
2.2850792874e-04 2.3543329276e+04 1.5707963268e+00 2.6463159439e+00
2.2865469397e-04 2.3560540926e+04 1.5707963268e+00 2.6474646732e+00
2.2880139434e-04 2.3577766088e+04 1.5707963268e+00 2.6486117230e+00
2.2894802996e-04 2.3595004745e+04 1.5707963268e+00 2.6497570956e+00
2.2909460092e-04 2.3612256881e+04 1.5707963268e+00 2.6509007933e+00
2.2924110733e-04 2.3629522478e+04 1.5707963268e+00 2.6520428185e+00
2.2938754928e-04 2.3646801519e+04 1.5707963268e+00 2.6531831735e+00
2.2953392689e-04 2.3664093989e+04 1.5707963268e+00 2.6543218609e+00
2.2968024024e-04 2.3681399869e+04 1.5707963268e+00 2.6554588828e+00
2.2982648944e-04 2.3698719143e+04 1.5707963268e+00 2.6565942416e+00
2.2997267458e-04 2.3716051795e+04 1.5707963268e+00 2.6577279398e+00
2.3011879578e-04 2.3733397807e+04 1.5707963268e+00 2.6588599797e+00
2.3026485312e-04 2.3750757163e+04 1.5707963268e+00 2.6599903636e+00
2.3041084672e-04 2.3768129845e+04 1.5707963268e+00 2.6611190939e+00
2.3055677666e-04 2.3785515837e+04 1.5707963268e+00 2.6622461730e+00
2.3070264305e-04 2.3802915122e+04 1.5707963268e+00 2.6633716032e+00
2.3084844599e-04 2.3820327683e+04 1.5707963268e+00 2.6644953869e+00
2.3099418558e-04 2.3837753504e+04 1.5707963268e+00 2.6656175264e+00
2.3113986191e-04 2.3855192567e+04 1.5707963268e+00 2.6667380241e+00
2.3128547510e-04 2.3872644856e+04 1.5707963268e+00 2.6678568824e+00
2.3143102522e-04 2.3890110353e+04 1.5707963268e+00 2.6689741036e+00
2.3157651239e-04 2.3907589043e+04 1.5707963268e+00 2.6700896900e+00
2.3172193671e-04 2.3925080908e+04 1.5707963268e+00 2.6712036440e+00
2.3186729826e-04 2.3942585930e+04 1.5707963268e+00 2.6723159680e+00
2.3201259716e-04 2.3960104095e+04 1.5707963268e+00 2.6734266643e+00
2.3215783350e-04 2.3977635384e+04 1.5707963268e+00 2.6745357353e+00
2.3230300737e-04 2.3995179780e+04 1.5707963268e+00 2.6756431832e+00
2.3244811888e-04 2.4012737268e+04 1.5707963268e+00 2.6767490106e+00
2.3259316813e-04 2.4030307829e+04 1.5707963268e+00 2.6778532197e+00
2.3273815520e-04 2.4047891448e+04 1.5707963268e+00 2.6789558128e+00
2.3288308021e-04 2.4065488107e+04 1.5707963268e+00 2.6800567923e+00
2.3302794325e-04 2.4083097790e+04 1.5707963268e+00 2.6811561606e+00
2.3317274441e-04 2.4100720480e+04 1.5707963268e+00 2.6822539200e+00
2.3331748380e-04 2.4118356160e+04 1.5707963268e+00 2.6833500728e+00
2.3346216150e-04 2.4136004812e+04 1.5707963268e+00 2.6844446214e+00
2.3360677763e-04 2.4153666421e+04 1.5707963268e+00 2.6855375681e+00
2.3375133227e-04 2.4171340970e+04 1.5707963268e+00 2.6866289153e+00
2.3389582552e-04 2.4189028441e+04 1.5707963268e+00 2.6877186653e+00
2.3404025749e-04 2.4206728818e+04 1.5707963268e+00 2.6888068204e+00
2.3418462826e-04 2.4224442084e+04 1.5707963268e+00 2.6898933830e+00
2.3432893793e-04 2.4242168223e+04 1.5707963268e+00 2.6909783554e+00
2.3447318660e-04 2.4259907217e+04 1.5707963268e+00 2.6920617400e+00
2.3461737437e-04 2.4277659049e+04 1.5707963268e+00 2.6931435391e+00
2.3476150133e-04 2.4295423704e+04 1.5707963268e+00 2.6942237550e+00
2.3490556759e-04 2.4313201164e+04 1.5707963268e+00 2.6953023900e+00
2.3504957322e-04 2.4330991411e+04 1.5707963268e+00 2.6963794465e+00
2.3519351834e-04 2.4348794431e+04 1.5707963268e+00 2.6974549268e+00
2.3533740303e-04 2.4366610205e+04 1.5707963268e+00 2.6985288333e+00
2.3548122740e-04 2.4384438717e+04 1.5707963268e+00 2.6996011682e+00
2.3562499154e-04 2.4402279951e+04 1.5707963268e+00 2.7006719340e+00
2.3576869554e-04 2.4420133888e+04 1.5707963268e+00 2.7017411328e+00
2.3591233950e-04 2.4438000514e+04 1.5707963268e+00 2.7028087671e+00
2.3605592351e-04 2.4455879810e+04 1.5707963268e+00 2.7038748391e+00
2.3619944767e-04 2.4473771761e+04 1.5707963268e+00 2.7049393513e+00
2.3634291208e-04 2.4491676349e+04 1.5707963268e+00 2.7060023058e+00
2.3648631683e-04 2.4509593558e+04 1.5707963268e+00 2.7070637050e+00
2.3662966201e-04 2.4527523371e+04 1.5707963268e+00 2.7081235513e+00
2.3677294772e-04 2.4545465771e+04 1.5707963268e+00 2.7091818470e+00
2.3691617405e-04 2.4563420741e+04 1.5707963268e+00 2.7102385943e+00
2.3705934111e-04 2.4581388265e+04 1.5707963268e+00 2.7112937956e+00
2.3720244897e-04 2.4599368327e+04 1.5707963268e+00 2.7123474532e+00
2.3734549774e-04 2.4617360908e+04 1.5707963268e+00 2.7133995694e+00
2.3748848751e-04 2.4635365994e+04 1.5707963268e+00 2.7144501465e+00
2.3763141837e-04 2.4653383566e+04 1.5707963268e+00 2.7154991868e+00
2.3777429043e-04 2.4671413609e+04 1.5707963268e+00 2.7165466927e+00
2.3791710376e-04 2.4689456105e+04 1.5707963268e+00 2.7175926664e+00
2.3805985847e-04 2.4707511038e+04 1.5707963268e+00 2.7186371102e+00
2.3820255464e-04 2.4725578391e+04 1.5707963268e+00 2.7196800264e+00
2.3834519238e-04 2.4743658148e+04 1.5707963268e+00 2.7207214174e+00
2.3848777177e-04 2.4761750292e+04 1.5707963268e+00 2.7217612855e+00
2.3863029291e-04 2.4779854806e+04 1.5707963268e+00 2.7227996328e+00
2.3877275589e-04 2.4797971674e+04 1.5707963268e+00 2.7238364618e+00
2.3891516080e-04 2.4816100878e+04 1.5707963268e+00 2.7248717747e+00
2.3905750774e-04 2.4834242403e+04 1.5707963268e+00 2.7259055738e+00
2.3919979680e-04 2.4852396232e+04 1.5707963268e+00 2.7269378615e+00
2.3934202806e-04 2.4870562348e+04 1.5707963268e+00 2.7279686399e+00
2.3948420163e-04 2.4888740734e+04 1.5707963268e+00 2.7289979114e+00
2.3962631760e-04 2.4906931374e+04 1.5707963268e+00 2.7300256783e+00
2.3976837605e-04 2.4925134251e+04 1.5707963268e+00 2.7310519428e+00
2.3991037708e-04 2.4943349349e+04 1.5707963268e+00 2.7320767073e+00
2.4005232078e-04 2.4961576651e+04 1.5707963268e+00 2.7330999740e+00
2.4019420724e-04 2.4979816141e+04 1.5707963268e+00 2.7341217452e+00
2.4033603656e-04 2.4998067802e+04 1.5707963268e+00 2.7351420231e+00
2.4047780881e-04 2.5016331616e+04 1.5707963268e+00 2.7361608102e+00
2.4061952411e-04 2.5034607569e+04 1.5707963268e+00 2.7371781085e+00
2.4076118253e-04 2.5052895643e+04 1.5707963268e+00 2.7381939205e+00
2.4090278417e-04 2.5071195822e+04 1.5707963268e+00 2.7392082483e+00
2.4104432912e-04 2.5089508089e+04 1.5707963268e+00 2.7402210943e+00
2.4118581747e-04 2.5107832428e+04 1.5707963268e+00 2.7412324607e+00
2.4132724930e-04 2.5126168822e+04 1.5707963268e+00 2.7422423498e+00
2.4146862472e-04 2.5144517254e+04 1.5707963268e+00 2.7432507638e+00
2.4160994381e-04 2.5162877709e+04 1.5707963268e+00 2.7442577050e+00
2.4175120665e-04 2.5181250169e+04 1.5707963268e+00 2.7452631757e+00
2.4189241335e-04 2.5199634619e+04 1.5707963268e+00 2.7462671781e+00
2.4203356399e-04 2.5218031041e+04 1.5707963268e+00 2.7472697145e+00
2.4217465866e-04 2.5236439420e+04 1.5707963268e+00 2.7482707872e+00
2.4231569744e-04 2.5254859738e+04 1.5707963268e+00 2.7492703983e+00
2.4245668044e-04 2.5273291980e+04 1.5707963268e+00 2.7502685502e+00
2.4259760774e-04 2.5291736129e+04 1.5707963268e+00 2.7512652451e+00
2.4273847942e-04 2.5310192168e+04 1.5707963268e+00 2.7522604852e+00
2.4287929558e-04 2.5328660081e+04 1.5707963268e+00 2.7532542729e+00
2.4302005631e-04 2.5347139852e+04 1.5707963268e+00 2.7542466102e+00
2.4316076169e-04 2.5365631465e+04 1.5707963268e+00 2.7552374996e+00
2.4330141181e-04 2.5384134902e+04 1.5707963268e+00 2.7562269432e+00
2.4344200677e-04 2.5402650148e+04 1.5707963268e+00 2.7572149432e+00
2.4358254665e-04 2.5421177186e+04 1.5707963268e+00 2.7582015020e+00
2.4372303153e-04 2.5439715999e+04 1.5707963268e+00 2.7591866217e+00
2.4386346152e-04 2.5458266573e+04 1.5707963268e+00 2.7601703045e+00
2.4400383669e-04 2.5476828889e+04 1.5707963268e+00 2.7611525528e+00
2.4414415713e-04 2.5495402932e+04 1.5707963268e+00 2.7621333687e+00
2.4428442293e-04 2.5513988685e+04 1.5707963268e+00 2.7631127544e+00
2.4442463418e-04 2.5532586133e+04 1.5707963268e+00 2.7640907122e+00
2.4456479097e-04 2.5551195259e+04 1.5707963268e+00 2.7650672444e+00
2.4470489338e-04 2.5569816046e+04 1.5707963268e+00 2.7660423531e+00
2.4484494150e-04 2.5588448478e+04 1.5707963268e+00 2.7670160405e+00
2.4498493541e-04 2.5607092539e+04 1.5707963268e+00 2.7679883089e+00
2.4512487522e-04 2.5625748214e+04 1.5707963268e+00 2.7689591605e+00
2.4526476099e-04 2.5644415484e+04 1.5707963268e+00 2.7699285974e+00
2.4540459283e-04 2.5663094335e+04 1.5707963268e+00 2.7708966220e+00
2.4554437080e-04 2.5681784750e+04 1.5707963268e+00 2.7718632365e+00
2.4568409501e-04 2.5700486713e+04 1.5707963268e+00 2.7728284429e+00
2.4582376554e-04 2.5719200207e+04 1.5707963268e+00 2.7737922436e+00
2.4596338247e-04 2.5737925217e+04 1.5707963268e+00 2.7747546407e+00
2.4610294590e-04 2.5756661726e+04 1.5707963268e+00 2.7757156365e+00
2.4624245590e-04 2.5775409718e+04 1.5707963268e+00 2.7766752331e+00
2.4638191256e-04 2.5794169177e+04 1.5707963268e+00 2.7776334328e+00
2.4652131597e-04 2.5812940087e+04 1.5707963268e+00 2.7785902377e+00
2.4666066621e-04 2.5831722431e+04 1.5707963268e+00 2.7795456500e+00
2.4679996337e-04 2.5850516194e+04 1.5707963268e+00 2.7804996719e+00
2.4693920753e-04 2.5869321359e+04 1.5707963268e+00 2.7814523057e+00
2.4707839879e-04 2.5888137911e+04 1.5707963268e+00 2.7824035534e+00
2.4721753722e-04 2.5906965832e+04 1.5707963268e+00 2.7833534173e+00
2.4735662291e-04 2.5925805108e+04 1.5707963268e+00 2.7843018996e+00
2.4749565594e-04 2.5944655722e+04 1.5707963268e+00 2.7852490025e+00
2.4763463640e-04 2.5963517658e+04 1.5707963268e+00 2.7861947281e+00
2.4777356437e-04 2.5982390900e+04 1.5707963268e+00 2.7871390785e+00
2.4791243995e-04 2.6001275431e+04 1.5707963268e+00 2.7880820561e+00
2.4805126320e-04 2.6020171237e+04 1.5707963268e+00 2.7890236629e+00
2.4819003422e-04 2.6039078300e+04 1.5707963268e+00 2.7899639011e+00
2.4832875309e-04 2.6057996605e+04 1.5707963268e+00 2.7909027729e+00
2.4846741989e-04 2.6076926136e+04 1.5707963268e+00 2.7918402805e+00
2.4860603472e-04 2.6095866877e+04 1.5707963268e+00 2.7927764259e+00
2.4874459764e-04 2.6114818812e+04 1.5707963268e+00 2.7937112115e+00
2.4888310875e-04 2.6133781925e+04 1.5707963268e+00 2.7946446393e+00
2.4902156812e-04 2.6152756200e+04 1.5707963268e+00 2.7955767115e+00
2.4915997585e-04 2.6171741621e+04 1.5707963268e+00 2.7965074302e+00
2.4929833201e-04 2.6190738173e+04 1.5707963268e+00 2.7974367976e+00
2.4943663669e-04 2.6209745838e+04 1.5707963268e+00 2.7983648159e+00
2.4957488997e-04 2.6228764603e+04 1.5707963268e+00 2.7992914872e+00
2.4971309194e-04 2.6247794449e+04 1.5707963268e+00 2.8002168137e+00
2.4985124267e-04 2.6266835363e+04 1.5707963268e+00 2.8011407974e+00
2.4998934224e-04 2.6285887327e+04 1.5707963268e+00 2.8020634405e+00
2.5012739075e-04 2.6304950326e+04 1.5707963268e+00 2.8029847453e+00
2.5026538827e-04 2.6324024345e+04 1.5707963268e+00 2.8039047137e+00
2.5040333488e-04 2.6343109366e+04 1.5707963268e+00 2.8048233480e+00
2.5054123067e-04 2.6362205376e+04 1.5707963268e+00 2.8057406502e+00
2.5067907572e-04 2.6381312357e+04 1.5707963268e+00 2.8066566226e+00
2.5081687011e-04 2.6400430294e+04 1.5707963268e+00 2.8075712671e+00
2.5095461392e-04 2.6419559172e+04 1.5707963268e+00 2.8084845861e+00
2.5109230723e-04 2.6438698974e+04 1.5707963268e+00 2.8093965815e+00
2.5122995013e-04 2.6457849685e+04 1.5707963268e+00 2.8103072555e+00
2.5136754269e-04 2.6477011289e+04 1.5707963268e+00 2.8112166102e+00
2.5150508500e-04 2.6496183770e+04 1.5707963268e+00 2.8121246478e+00
2.5164257713e-04 2.6515367113e+04 1.5707963268e+00 2.8130313703e+00
2.5178001917e-04 2.6534561302e+04 1.5707963268e+00 2.8139367799e+00
2.5191741121e-04 2.6553766322e+04 1.5707963268e+00 2.8148408786e+00
2.5205475331e-04 2.6572982156e+04 1.5707963268e+00 2.8157436686e+00
2.5219204555e-04 2.6592208789e+04 1.5707963268e+00 2.8166451520e+00
2.5232928803e-04 2.6611446206e+04 1.5707963268e+00 2.8175453309e+00
2.5246648082e-04 2.6630694391e+04 1.5707963268e+00 2.8184442073e+00
2.5260362400e-04 2.6649953328e+04 1.5707963268e+00 2.8193417835e+00
2.5274071765e-04 2.6669223001e+04 1.5707963268e+00 2.8202380614e+00
2.5287776184e-04 2.6688503396e+04 1.5707963268e+00 2.8211330431e+00
2.5301475667e-04 2.6707794496e+04 1.5707963268e+00 2.8220267308e+00
2.5315170220e-04 2.6727096286e+04 1.5707963268e+00 2.8229191266e+00
2.5328859853e-04 2.6746408751e+04 1.5707963268e+00 2.8238102325e+00
2.5342544571e-04 2.6765731875e+04 1.5707963268e+00 2.8247000506e+00
2.5356224385e-04 2.6785065642e+04 1.5707963268e+00 2.8255885830e+00
2.5369899300e-04 2.6804410037e+04 1.5707963268e+00 2.8264758317e+00
2.5383569327e-04 2.6823765045e+04 1.5707963268e+00 2.8273617989e+00
2.5397234471e-04 2.6843130650e+04 1.5707963268e+00 2.8282464866e+00
2.5410894741e-04 2.6862506836e+04 1.5707963268e+00 2.8291298969e+00
2.5424550146e-04 2.6881893589e+04 1.5707963268e+00 2.8300120319e+00
2.5438200692e-04 2.6901290892e+04 1.5707963268e+00 2.8308928935e+00
2.5451846387e-04 2.6920698731e+04 1.5707963268e+00 2.8317724840e+00
2.5465487240e-04 2.6940117090e+04 1.5707963268e+00 2.8326508053e+00
2.5479123259e-04 2.6959545954e+04 1.5707963268e+00 2.8335278595e+00
2.5492754450e-04 2.6978985307e+04 1.5707963268e+00 2.8344036487e+00
2.5506380821e-04 2.6998435134e+04 1.5707963268e+00 2.8352781749e+00
2.5520002382e-04 2.7017895420e+04 1.5707963268e+00 2.8361514401e+00
2.5533619138e-04 2.7037366149e+04 1.5707963268e+00 2.8370234465e+00
2.5547231098e-04 2.7056847306e+04 1.5707963268e+00 2.8378941960e+00
2.5560838270e-04 2.7076338876e+04 1.5707963268e+00 2.8387636907e+00
2.5574440662e-04 2.7095840843e+04 1.5707963268e+00 2.8396319327e+00
2.5588038280e-04 2.7115353193e+04 1.5707963268e+00 2.8404989239e+00
2.5601631133e-04 2.7134875910e+04 1.5707963268e+00 2.8413646665e+00
2.5615219228e-04 2.7154408979e+04 1.5707963268e+00 2.8422291624e+00
2.5628802573e-04 2.7173952384e+04 1.5707963268e+00 2.8430924137e+00
2.5642381176e-04 2.7193506111e+04 1.5707963268e+00 2.8439544224e+00
2.5655955044e-04 2.7213070144e+04 1.5707963268e+00 2.8448151906e+00
2.5669524185e-04 2.7232644468e+04 1.5707963268e+00 2.8456747202e+00
2.5683088607e-04 2.7252229068e+04 1.5707963268e+00 2.8465330133e+00
2.5696648316e-04 2.7271823929e+04 1.5707963268e+00 2.8473900719e+00
2.5710203322e-04 2.7291429036e+04 1.5707963268e+00 2.8482458980e+00
2.5723753630e-04 2.7311044373e+04 1.5707963268e+00 2.8491004936e+00
2.5737299249e-04 2.7330669926e+04 1.5707963268e+00 2.8499538608e+00
2.5750840186e-04 2.7350305680e+04 1.5707963268e+00 2.8508060015e+00
2.5764376450e-04 2.7369951619e+04 1.5707963268e+00 2.8516569178e+00
2.5777908046e-04 2.7389607728e+04 1.5707963268e+00 2.8525066117e+00
2.5791434983e-04 2.7409273993e+04 1.5707963268e+00 2.8533550851e+00
2.5804957269e-04 2.7428950398e+04 1.5707963268e+00 2.8542023401e+00
2.5818474910e-04 2.7448636929e+04 1.5707963268e+00 2.8550483786e+00
2.5831987915e-04 2.7468333570e+04 1.5707963268e+00 2.8558932027e+00
2.5845496290e-04 2.7488040306e+04 1.5707963268e+00 2.8567368143e+00
2.5859000043e-04 2.7507757124e+04 1.5707963268e+00 2.8575792155e+00
2.5872499182e-04 2.7527484006e+04 1.5707963268e+00 2.8584204081e+00
2.5885993713e-04 2.7547220940e+04 1.5707963268e+00 2.8592603943e+00
2.5899483646e-04 2.7566967909e+04 1.5707963268e+00 2.8600991759e+00
2.5912968985e-04 2.7586724899e+04 1.5707963268e+00 2.8609367550e+00
2.5926449740e-04 2.7606491896e+04 1.5707963268e+00 2.8617731335e+00
2.5939925917e-04 2.7626268883e+04 1.5707963268e+00 2.8626083135e+00
2.5953397524e-04 2.7646055847e+04 1.5707963268e+00 2.8634422967e+00
2.5966864568e-04 2.7665852773e+04 1.5707963268e+00 2.8642750854e+00
2.5980327057e-04 2.7685659646e+04 1.5707963268e+00 2.8651066813e+00
2.5993784997e-04 2.7705476450e+04 1.5707963268e+00 2.8659370865e+00
2.6007238397e-04 2.7725303172e+04 1.5707963268e+00 2.8667663030e+00
2.6020687262e-04 2.7745139796e+04 1.5707963268e+00 2.8675943326e+00
2.6034131602e-04 2.7764986308e+04 1.5707963268e+00 2.8684211773e+00
2.6047571422e-04 2.7784842693e+04 1.5707963268e+00 2.8692468392e+00
2.6061006730e-04 2.7804708937e+04 1.5707963268e+00 2.8700713201e+00
2.6074437534e-04 2.7824585024e+04 1.5707963268e+00 2.8708946219e+00
2.6087863840e-04 2.7844470940e+04 1.5707963268e+00 2.8717167467e+00
2.6101285656e-04 2.7864366671e+04 1.5707963268e+00 2.8725376964e+00
2.6114702988e-04 2.7884272201e+04 1.5707963268e+00 2.8733574729e+00
2.6128115846e-04 2.7904187516e+04 1.5707963268e+00 2.8741760782e+00
2.6141524234e-04 2.7924112602e+04 1.5707963268e+00 2.8749935141e+00
2.6154928161e-04 2.7944047444e+04 1.5707963268e+00 2.8758097826e+00
2.6168327633e-04 2.7963992027e+04 1.5707963268e+00 2.8766248857e+00
2.6181722658e-04 2.7983946337e+04 1.5707963268e+00 2.8774388253e+00
2.6195113243e-04 2.8003910359e+04 1.5707963268e+00 2.8782516032e+00
2.6208499396e-04 2.8023884079e+04 1.5707963268e+00 2.8790632214e+00
2.6221881122e-04 2.8043867482e+04 1.5707963268e+00 2.8798736819e+00
2.6235258429e-04 2.8063860554e+04 1.5707963268e+00 2.8806829866e+00
2.6248631325e-04 2.8083863281e+04 1.5707963268e+00 2.8814911373e+00
2.6261999816e-04 2.8103875647e+04 1.5707963268e+00 2.8822981359e+00
2.6275363909e-04 2.8123897638e+04 1.5707963268e+00 2.8831039844e+00
2.6288723612e-04 2.8143929241e+04 1.5707963268e+00 2.8839086848e+00
2.6302078931e-04 2.8163970439e+04 1.5707963268e+00 2.8847122388e+00
2.6315429873e-04 2.8184021221e+04 1.5707963268e+00 2.8855146483e+00
2.6328776446e-04 2.8204081570e+04 1.5707963268e+00 2.8863159154e+00
2.6342118657e-04 2.8224151472e+04 1.5707963268e+00 2.8871160419e+00
2.6355456512e-04 2.8244230913e+04 1.5707963268e+00 2.8879150296e+00
2.6368790018e-04 2.8264319880e+04 1.5707963268e+00 2.8887128804e+00
2.6382119183e-04 2.8284418356e+04 1.5707963268e+00 2.8895095963e+00
2.6395444012e-04 2.8304526329e+04 1.5707963268e+00 2.8903051792e+00
2.6408764514e-04 2.8324643784e+04 1.5707963268e+00 2.8910996308e+00
2.6422080696e-04 2.8344770707e+04 1.5707963268e+00 2.8918929531e+00
2.6435392563e-04 2.8364907083e+04 1.5707963268e+00 2.8926851480e+00
2.6448700123e-04 2.8385052898e+04 1.5707963268e+00 2.8934762173e+00
2.6462003382e-04 2.8405208138e+04 1.5707963268e+00 2.8942661630e+00
2.6475302349e-04 2.8425372789e+04 1.5707963268e+00 2.8950549868e+00
2.6488597029e-04 2.8445546837e+04 1.5707963268e+00 2.8958426906e+00
2.6501887429e-04 2.8465730267e+04 1.5707963268e+00 2.8966292764e+00
2.6515173557e-04 2.8485923066e+04 1.5707963268e+00 2.8974147459e+00
2.6528455418e-04 2.8506125218e+04 1.5707963268e+00 2.8981991010e+00
2.6541733021e-04 2.8526336711e+04 1.5707963268e+00 2.8989823436e+00
2.6555006370e-04 2.8546557530e+04 1.5707963268e+00 2.8997644755e+00
2.6568275475e-04 2.8566787661e+04 1.5707963268e+00 2.9005454986e+00
2.6581540340e-04 2.8587027090e+04 1.5707963268e+00 2.9013254148e+00
2.6594800974e-04 2.8607275803e+04 1.5707963268e+00 2.9021042258e+00
2.6608057382e-04 2.8627533786e+04 1.5707963268e+00 2.9028819335e+00
2.6621309571e-04 2.8647801024e+04 1.5707963268e+00 2.9036585397e+00
2.6634557549e-04 2.8668077505e+04 1.5707963268e+00 2.9044340463e+00
2.6647801321e-04 2.8688363214e+04 1.5707963268e+00 2.9052084552e+00
2.6661040895e-04 2.8708658136e+04 1.5707963268e+00 2.9059817681e+00
2.6674276277e-04 2.8728962259e+04 1.5707963268e+00 2.9067539868e+00
2.6687507474e-04 2.8749275567e+04 1.5707963268e+00 2.9075251133e+00
2.6700734493e-04 2.8769598048e+04 1.5707963268e+00 2.9082951493e+00
2.6713957340e-04 2.8789929688e+04 1.5707963268e+00 2.9090640966e+00
2.6727176021e-04 2.8810270472e+04 1.5707963268e+00 2.9098319571e+00
2.6740390545e-04 2.8830620386e+04 1.5707963268e+00 2.9105987326e+00
2.6753600916e-04 2.8850979417e+04 1.5707963268e+00 2.9113644249e+00
2.6766807142e-04 2.8871347552e+04 1.5707963268e+00 2.9121290357e+00
2.6780009229e-04 2.8891724776e+04 1.5707963268e+00 2.9128925670e+00
2.6793207185e-04 2.8912111075e+04 1.5707963268e+00 2.9136550205e+00
2.6806401014e-04 2.8932506436e+04 1.5707963268e+00 2.9144163979e+00
2.6819590725e-04 2.8952910844e+04 1.5707963268e+00 2.9151767012e+00
2.6832776323e-04 2.8973324288e+04 1.5707963268e+00 2.9159359321e+00
2.6845957816e-04 2.8993746751e+04 1.5707963268e+00 2.9166940924e+00
2.6859135209e-04 2.9014178222e+04 1.5707963268e+00 2.9174511839e+00
2.6872308509e-04 2.9034618685e+04 1.5707963268e+00 2.9182072084e+00
2.6885477723e-04 2.9055068128e+04 1.5707963268e+00 2.9189621676e+00
2.6898642857e-04 2.9075526537e+04 1.5707963268e+00 2.9197160634e+00
2.6911803918e-04 2.9095993899e+04 1.5707963268e+00 2.9204688975e+00
2.6924960911e-04 2.9116470199e+04 1.5707963268e+00 2.9212206717e+00
2.6938113845e-04 2.9136955424e+04 1.5707963268e+00 2.9219713877e+00
2.6951262724e-04 2.9157449560e+04 1.5707963268e+00 2.9227210475e+00
2.6964407556e-04 2.9177952595e+04 1.5707963268e+00 2.9234696526e+00
2.6977548346e-04 2.9198464514e+04 1.5707963268e+00 2.9242172049e+00
2.6990685102e-04 2.9218985304e+04 1.5707963268e+00 2.9249637062e+00
2.7003817829e-04 2.9239514951e+04 1.5707963268e+00 2.9257091582e+00
2.7016946535e-04 2.9260053442e+04 1.5707963268e+00 2.9264535627e+00
2.7030071224e-04 2.9280600764e+04 1.5707963268e+00 2.9271969214e+00
2.7043191905e-04 2.9301156903e+04 1.5707963268e+00 2.9279392360e+00
2.7056308583e-04 2.9321721845e+04 1.5707963268e+00 2.9286805084e+00
2.7069421264e-04 2.9342295578e+04 1.5707963268e+00 2.9294207403e+00
2.7082529955e-04 2.9362878087e+04 1.5707963268e+00 2.9301599334e+00
2.7095634662e-04 2.9383469360e+04 1.5707963268e+00 2.9308980895e+00
2.7108735392e-04 2.9404069383e+04 1.5707963268e+00 2.9316352103e+00
2.7121832150e-04 2.9424678143e+04 1.5707963268e+00 2.9323712975e+00
2.7134924943e-04 2.9445295626e+04 1.5707963268e+00 2.9331063530e+00
2.7148013778e-04 2.9465921819e+04 1.5707963268e+00 2.9338403783e+00
2.7161098660e-04 2.9486556709e+04 1.5707963268e+00 2.9345733752e+00
2.7174179596e-04 2.9507200282e+04 1.5707963268e+00 2.9353053456e+00
2.7187256591e-04 2.9527852526e+04 1.5707963268e+00 2.9360362910e+00
2.7200329654e-04 2.9548513427e+04 1.5707963268e+00 2.9367662133e+00
2.7213398788e-04 2.9569182972e+04 1.5707963268e+00 2.9374951140e+00
2.7226464001e-04 2.9589861147e+04 1.5707963268e+00 2.9382229951e+00
2.7239525300e-04 2.9610547940e+04 1.5707963268e+00 2.9389498581e+00
2.7252582689e-04 2.9631243337e+04 1.5707963268e+00 2.9396757047e+00
2.7265636175e-04 2.9651947325e+04 1.5707963268e+00 2.9404005368e+00
2.7278685765e-04 2.9672659892e+04 1.5707963268e+00 2.9411243559e+00
2.7291731464e-04 2.9693381023e+04 1.5707963268e+00 2.9418471638e+00
2.7304773279e-04 2.9714110706e+04 1.5707963268e+00 2.9425689623e+00
2.7317811216e-04 2.9734848928e+04 1.5707963268e+00 2.9432897529e+00
2.7330845281e-04 2.9755595675e+04 1.5707963268e+00 2.9440095374e+00
2.7343875480e-04 2.9776350935e+04 1.5707963268e+00 2.9447283175e+00
2.7356901819e-04 2.9797114695e+04 1.5707963268e+00 2.9454460948e+00
2.7369924304e-04 2.9817886941e+04 1.5707963268e+00 2.9461628711e+00
2.7382942941e-04 2.9838667661e+04 1.5707963268e+00 2.9468786480e+00
2.7395957737e-04 2.9859456842e+04 1.5707963268e+00 2.9475934273e+00
2.7408968697e-04 2.9880254470e+04 1.5707963268e+00 2.9483072105e+00
2.7421975827e-04 2.9901060533e+04 1.5707963268e+00 2.9490199994e+00
2.7434979134e-04 2.9921875018e+04 1.5707963268e+00 2.9497317957e+00
2.7447978624e-04 2.9942697912e+04 1.5707963268e+00 2.9504426010e+00
2.7460974302e-04 2.9963529202e+04 1.5707963268e+00 2.9511524170e+00
2.7473966174e-04 2.9984368875e+04 1.5707963268e+00 2.9518612453e+00
2.7486954247e-04 3.0005216919e+04 1.5707963268e+00 2.9525690877e+00
2.7499938526e-04 3.0026073320e+04 1.5707963268e+00 2.9532759457e+00
2.7512919018e-04 3.0046938065e+04 1.5707963268e+00 2.9539818211e+00
2.7525895728e-04 3.0067811143e+04 1.5707963268e+00 2.9546867154e+00
2.7538868662e-04 3.0088692540e+04 1.5707963268e+00 2.9553906304e+00
2.7551837827e-04 3.0109582243e+04 1.5707963268e+00 2.9560935678e+00
2.7564803228e-04 3.0130480240e+04 1.5707963268e+00 2.9567955290e+00
2.7577764870e-04 3.0151386518e+04 1.5707963268e+00 2.9574965158e+00
2.7590722761e-04 3.0172301064e+04 1.5707963268e+00 2.9581965299e+00
2.7603676906e-04 3.0193223865e+04 1.5707963268e+00 2.9588955728e+00
2.7616627310e-04 3.0214154910e+04 1.5707963268e+00 2.9595936462e+00
2.7629573980e-04 3.0235094184e+04 1.5707963268e+00 2.9602907518e+00
2.7642516921e-04 3.0256041676e+04 1.5707963268e+00 2.9609868912e+00
2.7655456140e-04 3.0276997374e+04 1.5707963268e+00 2.9616820659e+00
2.7668391642e-04 3.0297961263e+04 1.5707963268e+00 2.9623762777e+00
2.7681323433e-04 3.0318933332e+04 1.5707963268e+00 2.9630695281e+00
2.7694251518e-04 3.0339913569e+04 1.5707963268e+00 2.9637618188e+00
2.7707175904e-04 3.0360901960e+04 1.5707963268e+00 2.9644531514e+00
2.7720096597e-04 3.0381898493e+04 1.5707963268e+00 2.9651435275e+00
2.7733013601e-04 3.0402903156e+04 1.5707963268e+00 2.9658329487e+00
2.7745926924e-04 3.0423915936e+04 1.5707963268e+00 2.9665214167e+00
2.7758836570e-04 3.0444936821e+04 1.5707963268e+00 2.9672089329e+00
2.7771742545e-04 3.0465965798e+04 1.5707963268e+00 2.9678954992e+00
2.7784644856e-04 3.0487002854e+04 1.5707963268e+00 2.9685811170e+00
2.7797543508e-04 3.0508047978e+04 1.5707963268e+00 2.9692657879e+00
2.7810438506e-04 3.0529101157e+04 1.5707963268e+00 2.9699495136e+00
2.7823329857e-04 3.0550162378e+04 1.5707963268e+00 2.9706322956e+00
2.7836217565e-04 3.0571231630e+04 1.5707963268e+00 2.9713141355e+00
2.7849101637e-04 3.0592308899e+04 1.5707963268e+00 2.9719950350e+00
2.7861982079e-04 3.0613394174e+04 1.5707963268e+00 2.9726749956e+00
2.7874858896e-04 3.0634487442e+04 1.5707963268e+00 2.9733540188e+00
2.7887732093e-04 3.0655588691e+04 1.5707963268e+00 2.9740321064e+00
2.7900601677e-04 3.0676697908e+04 1.5707963268e+00 2.9747092598e+00
2.7913467653e-04 3.0697815082e+04 1.5707963268e+00 2.9753854806e+00
2.7926330026e-04 3.0718940200e+04 1.5707963268e+00 2.9760607705e+00
2.7939188803e-04 3.0740073249e+04 1.5707963268e+00 2.9767351309e+00
2.7952043988e-04 3.0761214218e+04 1.5707963268e+00 2.9774085635e+00
2.7964895588e-04 3.0782363095e+04 1.5707963268e+00 2.9780810698e+00
2.7977743608e-04 3.0803519867e+04 1.5707963268e+00 2.9787526514e+00
2.7990588053e-04 3.0824684522e+04 1.5707963268e+00 2.9794233098e+00
2.8003428930e-04 3.0845857048e+04 1.5707963268e+00 2.9800930466e+00
2.8016266243e-04 3.0867037433e+04 1.5707963268e+00 2.9807618634e+00
2.8029099999e-04 3.0888225664e+04 1.5707963268e+00 2.9814297617e+00
2.8041930202e-04 3.0909421730e+04 1.5707963268e+00 2.9820967431e+00
2.8054756859e-04 3.0930625619e+04 1.5707963268e+00 2.9827628090e+00
2.8067579974e-04 3.0951837318e+04 1.5707963268e+00 2.9834279611e+00
2.8080399554e-04 3.0973056816e+04 1.5707963268e+00 2.9840922009e+00
2.8093215604e-04 3.0994284100e+04 1.5707963268e+00 2.9847555300e+00
2.8106028129e-04 3.1015519158e+04 1.5707963268e+00 2.9854179498e+00
2.8118837135e-04 3.1036761979e+04 1.5707963268e+00 2.9860794620e+00
2.8131642626e-04 3.1058012551e+04 1.5707963268e+00 2.9867400680e+00
2.8144444610e-04 3.1079270861e+04 1.5707963268e+00 2.9873997694e+00
2.8157243091e-04 3.1100536897e+04 1.5707963268e+00 2.9880585677e+00
2.8170038074e-04 3.1121810648e+04 1.5707963268e+00 2.9887164644e+00
2.8182829565e-04 3.1143092103e+04 1.5707963268e+00 2.9893734611e+00
2.8195617570e-04 3.1164381248e+04 1.5707963268e+00 2.9900295592e+00
2.8208402093e-04 3.1185678072e+04 1.5707963268e+00 2.9906847603e+00
2.8221183141e-04 3.1206982563e+04 1.5707963268e+00 2.9913390660e+00
2.8233960718e-04 3.1228294710e+04 1.5707963268e+00 2.9919924777e+00
2.8246734831e-04 3.1249614500e+04 1.5707963268e+00 2.9926449969e+00
2.8259505483e-04 3.1270941922e+04 1.5707963268e+00 2.9932966251e+00
2.8272272681e-04 3.1292276964e+04 1.5707963268e+00 2.9939473639e+00
2.8285036430e-04 3.1313619614e+04 1.5707963268e+00 2.9945972148e+00
2.8297796736e-04 3.1334969861e+04 1.5707963268e+00 2.9952461792e+00
2.8310553603e-04 3.1356327693e+04 1.5707963268e+00 2.9958942586e+00
2.8323307037e-04 3.1377693097e+04 1.5707963268e+00 2.9965414546e+00
2.8336057044e-04 3.1399066064e+04 1.5707963268e+00 2.9971877686e+00
2.8348803628e-04 3.1420446579e+04 1.5707963268e+00 2.9978332021e+00
2.8361546795e-04 3.1441834633e+04 1.5707963268e+00 2.9984777567e+00
2.8374286550e-04 3.1463230214e+04 1.5707963268e+00 2.9991214337e+00
2.8387022898e-04 3.1484633309e+04 1.5707963268e+00 2.9997642348e+00
2.8399755845e-04 3.1506043907e+04 1.5707963268e+00 3.0004061613e+00
2.8412485396e-04 3.1527461997e+04 1.5707963268e+00 3.0010472147e+00
2.8425211556e-04 3.1548887567e+04 1.5707963268e+00 3.0016873965e+00
2.8437934331e-04 3.1570320606e+04 1.5707963268e+00 3.0023267082e+00
2.8450653725e-04 3.1591761102e+04 1.5707963268e+00 3.0029651513e+00
2.8463369744e-04 3.1613209043e+04 1.5707963268e+00 3.0036027272e+00
2.8476082393e-04 3.1634664418e+04 1.5707963268e+00 3.0042394374e+00
2.8488791677e-04 3.1656127215e+04 1.5707963268e+00 3.0048752833e+00
2.8501497601e-04 3.1677597424e+04 1.5707963268e+00 3.0055102665e+00
2.8514200171e-04 3.1699075032e+04 1.5707963268e+00 3.0061443883e+00
2.8526899391e-04 3.1720560028e+04 1.5707963268e+00 3.0067776502e+00
2.8539595268e-04 3.1742052402e+04 1.5707963268e+00 3.0074100538e+00
2.8552287805e-04 3.1763552140e+04 1.5707963268e+00 3.0080416003e+00
2.8564977009e-04 3.1785059233e+04 1.5707963268e+00 3.0086722913e+00
2.8577662884e-04 3.1806573668e+04 1.5707963268e+00 3.0093021282e+00
2.8590345435e-04 3.1828095434e+04 1.5707963268e+00 3.0099311125e+00
2.8603024667e-04 3.1849624520e+04 1.5707963268e+00 3.0105592456e+00
2.8615700586e-04 3.1871160915e+04 1.5707963268e+00 3.0111865290e+00
2.8628373197e-04 3.1892704608e+04 1.5707963268e+00 3.0118129640e+00
2.8641042504e-04 3.1914255586e+04 1.5707963268e+00 3.0124385521e+00
2.8653708513e-04 3.1935813839e+04 1.5707963268e+00 3.0130632947e+00
2.8666371229e-04 3.1957379356e+04 1.5707963268e+00 3.0136871934e+00
2.8679030657e-04 3.1978952126e+04 1.5707963268e+00 3.0143102494e+00
2.8691686802e-04 3.2000532136e+04 1.5707963268e+00 3.0149324642e+00
2.8704339668e-04 3.2022119376e+04 1.5707963268e+00 3.0155538393e+00
2.8716989262e-04 3.2043713835e+04 1.5707963268e+00 3.0161743760e+00
2.8729635587e-04 3.2065315502e+04 1.5707963268e+00 3.0167940758e+00
2.8742278650e-04 3.2086924366e+04 1.5707963268e+00 3.0174129400e+00
2.8754918454e-04 3.2108540414e+04 1.5707963268e+00 3.0180309702e+00
2.8767555006e-04 3.2130163637e+04 1.5707963268e+00 3.0186481676e+00
2.8780188309e-04 3.2151794024e+04 1.5707963268e+00 3.0192645338e+00
2.8792818369e-04 3.2173431562e+04 1.5707963268e+00 3.0198800701e+00
2.8805445191e-04 3.2195076241e+04 1.5707963268e+00 3.0204947779e+00
2.8818068779e-04 3.2216728051e+04 1.5707963268e+00 3.0211086586e+00
2.8830689140e-04 3.2238386979e+04 1.5707963268e+00 3.0217217136e+00
2.8843306277e-04 3.2260053016e+04 1.5707963268e+00 3.0223339443e+00
2.8855920195e-04 3.2281726150e+04 1.5707963268e+00 3.0229453521e+00
2.8868530900e-04 3.2303406369e+04 1.5707963268e+00 3.0235559384e+00
2.8881138396e-04 3.2325093664e+04 1.5707963268e+00 3.0241657045e+00
2.8893742689e-04 3.2346788023e+04 1.5707963268e+00 3.0247746519e+00
2.8906343782e-04 3.2368489436e+04 1.5707963268e+00 3.0253827819e+00
2.8918941682e-04 3.2390197890e+04 1.5707963268e+00 3.0259900960e+00
2.8931536392e-04 3.2411913377e+04 1.5707963268e+00 3.0265965954e+00
2.8944127919e-04 3.2433635883e+04 1.5707963268e+00 3.0272022816e+00
2.8956716265e-04 3.2455365400e+04 1.5707963268e+00 3.0278071559e+00
2.8969301437e-04 3.2477101916e+04 1.5707963268e+00 3.0284112198e+00
2.8981883440e-04 3.2498845419e+04 1.5707963268e+00 3.0290144745e+00
2.8994462277e-04 3.2520595900e+04 1.5707963268e+00 3.0296169215e+00
2.9007037954e-04 3.2542353348e+04 1.5707963268e+00 3.0302185620e+00
2.9019610476e-04 3.2564117751e+04 1.5707963268e+00 3.0308193975e+00
2.9032179847e-04 3.2585889100e+04 1.5707963268e+00 3.0314194294e+00
2.9044746073e-04 3.2607667383e+04 1.5707963268e+00 3.0320186589e+00
2.9057309157e-04 3.2629452589e+04 1.5707963268e+00 3.0326170874e+00
2.9069869105e-04 3.2651244708e+04 1.5707963268e+00 3.0332147164e+00
2.9082425922e-04 3.2673043730e+04 1.5707963268e+00 3.0338115470e+00
2.9094979612e-04 3.2694849643e+04 1.5707963268e+00 3.0344075807e+00
2.9107530180e-04 3.2716662437e+04 1.5707963268e+00 3.0350028189e+00
2.9120077630e-04 3.2738482101e+04 1.5707963268e+00 3.0355972628e+00
2.9132621968e-04 3.2760308625e+04 1.5707963268e+00 3.0361909137e+00
2.9145163199e-04 3.2782141998e+04 1.5707963268e+00 3.0367837732e+00
2.9157701326e-04 3.2803982210e+04 1.5707963268e+00 3.0373758424e+00
2.9170236354e-04 3.2825829249e+04 1.5707963268e+00 3.0379671227e+00
2.9182768289e-04 3.2847683106e+04 1.5707963268e+00 3.0385576154e+00
2.9195297135e-04 3.2869543769e+04 1.5707963268e+00 3.0391473219e+00
2.9207822896e-04 3.2891411229e+04 1.5707963268e+00 3.0397362434e+00
2.9220345578e-04 3.2913285475e+04 1.5707963268e+00 3.0403243814e+00
2.9232865185e-04 3.2935166496e+04 1.5707963268e+00 3.0409117371e+00
2.9245381721e-04 3.2957054282e+04 1.5707963268e+00 3.0414983118e+00
2.9257895191e-04 3.2978948822e+04 1.5707963268e+00 3.0420841069e+00
2.9270405600e-04 3.3000850107e+04 1.5707963268e+00 3.0426691237e+00
2.9282912952e-04 3.3022758125e+04 1.5707963268e+00 3.0432533634e+00
2.9295417253e-04 3.3044672866e+04 1.5707963268e+00 3.0438368275e+00
2.9307918506e-04 3.3066594320e+04 1.5707963268e+00 3.0444195171e+00
2.9320416716e-04 3.3088522476e+04 1.5707963268e+00 3.0450014336e+00
2.9332911888e-04 3.3110457325e+04 1.5707963268e+00 3.0455825784e+00
2.9345404027e-04 3.3132398855e+04 1.5707963268e+00 3.0461629526e+00
2.9357893136e-04 3.3154347056e+04 1.5707963268e+00 3.0467425576e+00
2.9370379221e-04 3.3176301919e+04 1.5707963268e+00 3.0473213948e+00
2.9382862286e-04 3.3198263433e+04 1.5707963268e+00 3.0478994653e+00
2.9395342335e-04 3.3220231587e+04 1.5707963268e+00 3.0484767705e+00
2.9407819374e-04 3.3242206371e+04 1.5707963268e+00 3.0490533116e+00
2.9420293406e-04 3.3264187776e+04 1.5707963268e+00 3.0496290900e+00
2.9432764437e-04 3.3286175790e+04 1.5707963268e+00 3.0502041070e+00
2.9445232470e-04 3.3308170404e+04 1.5707963268e+00 3.0507783637e+00
2.9457697510e-04 3.3330171608e+04 1.5707963268e+00 3.0513518616e+00
2.9470159562e-04 3.3352179390e+04 1.5707963268e+00 3.0519246018e+00
2.9482618630e-04 3.3374193742e+04 1.5707963268e+00 3.0524965857e+00
2.9495074719e-04 3.3396214653e+04 1.5707963268e+00 3.0530678144e+00
2.9507527832e-04 3.3418242113e+04 1.5707963268e+00 3.0536382894e+00
2.9519977975e-04 3.3440276112e+04 1.5707963268e+00 3.0542080118e+00
2.9532425153e-04 3.3462316639e+04 1.5707963268e+00 3.0547769829e+00
2.9544869368e-04 3.3484363685e+04 1.5707963268e+00 3.0553452041e+00
2.9557310627e-04 3.3506417239e+04 1.5707963268e+00 3.0559126764e+00
2.9569748933e-04 3.3528477292e+04 1.5707963268e+00 3.0564794013e+00
2.9582184290e-04 3.3550543834e+04 1.5707963268e+00 3.0570453799e+00
2.9594616704e-04 3.3572616854e+04 1.5707963268e+00 3.0576106135e+00
2.9607046178e-04 3.3594696342e+04 1.5707963268e+00 3.0581751034e+00
2.9619472717e-04 3.3616782289e+04 1.5707963268e+00 3.0587388508e+00
2.9631896325e-04 3.3638874684e+04 1.5707963268e+00 3.0593018569e+00
2.9644317007e-04 3.3660973518e+04 1.5707963268e+00 3.0598641231e+00
2.9656734767e-04 3.3683078781e+04 1.5707963268e+00 3.0604256505e+00
2.9669149609e-04 3.3705190462e+04 1.5707963268e+00 3.0609864404e+00
2.9681561538e-04 3.3727308552e+04 1.5707963268e+00 3.0615464940e+00
2.9693970558e-04 3.3749433042e+04 1.5707963268e+00 3.0621058126e+00
2.9706376673e-04 3.3771563920e+04 1.5707963268e+00 3.0626643973e+00
2.9718779889e-04 3.3793701178e+04 1.5707963268e+00 3.0632222495e+00
2.9731180208e-04 3.3815844805e+04 1.5707963268e+00 3.0637793704e+00
2.9743577635e-04 3.3837994791e+04 1.5707963268e+00 3.0643357611e+00
2.9755972176e-04 3.3860151127e+04 1.5707963268e+00 3.0648914229e+00
2.9768363833e-04 3.3882313804e+04 1.5707963268e+00 3.0654463571e+00
2.9780752611e-04 3.3904482810e+04 1.5707963268e+00 3.0660005648e+00
2.9793138515e-04 3.3926658137e+04 1.5707963268e+00 3.0665540473e+00
2.9805521549e-04 3.3948839775e+04 1.5707963268e+00 3.0671068058e+00
2.9817901717e-04 3.3971027714e+04 1.5707963268e+00 3.0676588415e+00
2.9830279023e-04 3.3993221944e+04 1.5707963268e+00 3.0682101556e+00
2.9842653472e-04 3.4015422456e+04 1.5707963268e+00 3.0687607493e+00
2.9855025067e-04 3.4037629239e+04 1.5707963268e+00 3.0693106239e+00
2.9867393814e-04 3.4059842285e+04 1.5707963268e+00 3.0698597804e+00
2.9879759716e-04 3.4082061584e+04 1.5707963268e+00 3.0704082202e+00
2.9892122777e-04 3.4104287126e+04 1.5707963268e+00 3.0709559445e+00
2.9904483002e-04 3.4126518900e+04 1.5707963268e+00 3.0715029544e+00
2.9916840395e-04 3.4148756899e+04 1.5707963268e+00 3.0720492511e+00
2.9929194960e-04 3.4171001112e+04 1.5707963268e+00 3.0725948359e+00
2.9941546701e-04 3.4193251530e+04 1.5707963268e+00 3.0731397099e+00
2.9953895623e-04 3.4215508142e+04 1.5707963268e+00 3.0736838743e+00
2.9966241729e-04 3.4237770940e+04 1.5707963268e+00 3.0742273302e+00
2.9978585024e-04 3.4260039915e+04 1.5707963268e+00 3.0747700790e+00
2.9990925512e-04 3.4282315055e+04 1.5707963268e+00 3.0753121218e+00
3.0003263197e-04 3.4304596353e+04 1.5707963268e+00 3.0758534597e+00
3.0015598083e-04 3.4326883798e+04 1.5707963268e+00 3.0763940939e+00
3.0027930175e-04 3.4349177382e+04 1.5707963268e+00 3.0769340256e+00
3.0040259476e-04 3.4371477094e+04 1.5707963268e+00 3.0774732560e+00
3.0052585990e-04 3.4393782925e+04 1.5707963268e+00 3.0780117863e+00
3.0064909722e-04 3.4416094866e+04 1.5707963268e+00 3.0785496176e+00
3.0077230677e-04 3.4438412907e+04 1.5707963268e+00 3.0790867511e+00
3.0089548856e-04 3.4460737040e+04 1.5707963268e+00 3.0796231880e+00
3.0101864266e-04 3.4483067254e+04 1.5707963268e+00 3.0801589294e+00
3.0114176910e-04 3.4505403540e+04 1.5707963268e+00 3.0806939764e+00
3.0126486792e-04 3.4527745889e+04 1.5707963268e+00 3.0812283304e+00
3.0138793917e-04 3.4550094292e+04 1.5707963268e+00 3.0817619923e+00
3.0151098287e-04 3.4572448740e+04 1.5707963268e+00 3.0822949634e+00
3.0163399908e-04 3.4594809222e+04 1.5707963268e+00 3.0828272448e+00
3.0175698783e-04 3.4617175730e+04 1.5707963268e+00 3.0833588377e+00
3.0187994916e-04 3.4639548255e+04 1.5707963268e+00 3.0838897432e+00
3.0200288312e-04 3.4661926787e+04 1.5707963268e+00 3.0844199625e+00
3.0212578974e-04 3.4684311317e+04 1.5707963268e+00 3.0849494967e+00
3.0224866907e-04 3.4706701836e+04 1.5707963268e+00 3.0854783469e+00
3.0237152114e-04 3.4729098334e+04 1.5707963268e+00 3.0860065144e+00
3.0249434600e-04 3.4751500803e+04 1.5707963268e+00 3.0865340002e+00
3.0261714367e-04 3.4773909233e+04 1.5707963268e+00 3.0870608054e+00
3.0273991422e-04 3.4796323615e+04 1.5707963268e+00 3.0875869313e+00
3.0286265766e-04 3.4818743941e+04 1.5707963268e+00 3.0881123789e+00
3.0298537405e-04 3.4841170200e+04 1.5707963268e+00 3.0886371494e+00
3.0310806342e-04 3.4863602383e+04 1.5707963268e+00 3.0891612439e+00
3.0323072582e-04 3.4886040483e+04 1.5707963268e+00 3.0896846636e+00
3.0335336127e-04 3.4908484489e+04 1.5707963268e+00 3.0902074095e+00
3.0347596983e-04 3.4930934392e+04 1.5707963268e+00 3.0907294828e+00
3.0359855153e-04 3.4953390184e+04 1.5707963268e+00 3.0912508845e+00
3.0372110640e-04 3.4975851856e+04 1.5707963268e+00 3.0917716159e+00
3.0384363450e-04 3.4998319397e+04 1.5707963268e+00 3.0922916781e+00
3.0396613585e-04 3.5020792800e+04 1.5707963268e+00 3.0928110721e+00
3.0408861050e-04 3.5043272056e+04 1.5707963268e+00 3.0933297990e+00
3.0421105849e-04 3.5065757155e+04 1.5707963268e+00 3.0938478600e+00
3.0433347985e-04 3.5088248088e+04 1.5707963268e+00 3.0943652562e+00
3.0445587462e-04 3.5110744847e+04 1.5707963268e+00 3.0948819888e+00
3.0457824285e-04 3.5133247423e+04 1.5707963268e+00 3.0953980587e+00
3.0470058457e-04 3.5155755806e+04 1.5707963268e+00 3.0959134671e+00
3.0482289982e-04 3.5178269988e+04 1.5707963268e+00 3.0964282151e+00
3.0494518863e-04 3.5200789960e+04 1.5707963268e+00 3.0969423037e+00
3.0506745105e-04 3.5223315713e+04 1.5707963268e+00 3.0974557342e+00
3.0518968712e-04 3.5245847238e+04 1.5707963268e+00 3.0979685076e+00
3.0531189687e-04 3.5268384526e+04 1.5707963268e+00 3.0984806250e+00
3.0543408034e-04 3.5290927569e+04 1.5707963268e+00 3.0989920874e+00
3.0555623757e-04 3.5313476357e+04 1.5707963268e+00 3.0995028960e+00
3.0567836859e-04 3.5336030882e+04 1.5707963268e+00 3.1000130519e+00
3.0580047346e-04 3.5358591136e+04 1.5707963268e+00 3.1005225560e+00
3.0592255219e-04 3.5381157108e+04 1.5707963268e+00 3.1010314096e+00
3.0604460484e-04 3.5403728792e+04 1.5707963268e+00 3.1015396137e+00
3.0616663144e-04 3.5426306177e+04 1.5707963268e+00 3.1020471694e+00
3.0628863202e-04 3.5448889255e+04 1.5707963268e+00 3.1025540777e+00
3.0641060663e-04 3.5471478017e+04 1.5707963268e+00 3.1030603397e+00
