0.0000000000e+00 1.5256066020e+04 1.5707963268e+00 0.0000000000e+00
2.2864483178e-07 1.5256066020e+04 1.5707963268e+00 2.9069767442e-03
4.5728966356e-07 1.5256082510e+04 1.5707963268e+00 5.8139534884e-03
6.8593415210e-07 1.5256115490e+04 1.5707963268e+00 8.7209239484e-03
9.1457795414e-07 1.5256164960e+04 1.5707963268e+00 1.1627881840e-02
1.1432207265e-06 1.5256230920e+04 1.5707963268e+00 1.4534820879e-02
1.3718621258e-06 1.5256313371e+04 1.5707963268e+00 1.7441734782e-02
1.6005018090e-06 1.5256412312e+04 1.5707963268e+00 2.0348617265e-02
1.8291394329e-06 1.5256527744e+04 1.5707963268e+00 2.3255462044e-02
2.0577746542e-06 1.5256659668e+04 1.5707963268e+00 2.6162262835e-02
2.2864071299e-06 1.5256808084e+04 1.5707963268e+00 2.9069013356e-02
2.5150365168e-06 1.5256972993e+04 1.5707963268e+00 3.1975707324e-02
2.7436624718e-06 1.5257154394e+04 1.5707963268e+00 3.4882338455e-02
2.9722846520e-06 1.5257352290e+04 1.5707963268e+00 3.7788900469e-02
3.2009027143e-06 1.5257566680e+04 1.5707963268e+00 4.0695387082e-02
3.4295163157e-06 1.5257797565e+04 1.5707963268e+00 4.3601792014e-02
3.6581251134e-06 1.5258044947e+04 1.5707963268e+00 4.6508108983e-02
3.8867287645e-06 1.5258308826e+04 1.5707963268e+00 4.9414331710e-02
4.1153269263e-06 1.5258589204e+04 1.5707963268e+00 5.2320453913e-02
4.3439192560e-06 1.5258886081e+04 1.5707963268e+00 5.5226469314e-02
4.5725054109e-06 1.5259199458e+04 1.5707963268e+00 5.8132371634e-02
4.8010850485e-06 1.5259529337e+04 1.5707963268e+00 6.1038154595e-02
5.0296578262e-06 1.5259875720e+04 1.5707963268e+00 6.3943811919e-02
5.2582234016e-06 1.5260238607e+04 1.5707963268e+00 6.6849337330e-02
5.4867814323e-06 1.5260618000e+04 1.5707963268e+00 6.9754724551e-02
5.7153315761e-06 1.5261013900e+04 1.5707963268e+00 7.2659967308e-02
5.9438734908e-06 1.5261426309e+04 1.5707963268e+00 7.5565059325e-02
6.1724068343e-06 1.5261855229e+04 1.5707963268e+00 7.8469994329e-02
6.4009312646e-06 1.5262300662e+04 1.5707963268e+00 8.1374766048e-02
6.6294464398e-06 1.5262762608e+04 1.5707963268e+00 8.4279368210e-02
6.8579520181e-06 1.5263241071e+04 1.5707963268e+00 8.7183794543e-02
7.0864476578e-06 1.5263736051e+04 1.5707963268e+00 9.0088038779e-02
7.3149330174e-06 1.5264247552e+04 1.5707963268e+00 9.2992094648e-02
7.5434077554e-06 1.5264775574e+04 1.5707963268e+00 9.5895955882e-02
7.7718715304e-06 1.5265320120e+04 1.5707963268e+00 9.8799616214e-02
8.0003240013e-06 1.5265881193e+04 1.5707963268e+00 1.0170306938e-01
8.2287648271e-06 1.5266458794e+04 1.5707963268e+00 1.0460630912e-01
8.4571936666e-06 1.5267052925e+04 1.5707963268e+00 1.0750932916e-01
8.6856101792e-06 1.5267663590e+04 1.5707963268e+00 1.1041212324e-01
8.9140140241e-06 1.5268290791e+04 1.5707963268e+00 1.1331468511e-01
9.1424048608e-06 1.5268934529e+04 1.5707963268e+00 1.1621700850e-01
9.3707823490e-06 1.5269594808e+04 1.5707963268e+00 1.1911908715e-01
9.5991461483e-06 1.5270271631e+04 1.5707963268e+00 1.2202091482e-01
9.8274959188e-06 1.5270964999e+04 1.5707963268e+00 1.2492248524e-01
1.0055831320e-05 1.5271674917e+04 1.5707963268e+00 1.2782379216e-01
1.0284152014e-05 1.5272401386e+04 1.5707963268e+00 1.3072482933e-01
1.0512457659e-05 1.5273144410e+04 1.5707963268e+00 1.3362559049e-01
1.0740747916e-05 1.5273903991e+04 1.5707963268e+00 1.3652606940e-01
1.0969022447e-05 1.5274680132e+04 1.5707963268e+00 1.3942625982e-01
1.1197280911e-05 1.5275472838e+04 1.5707963268e+00 1.4232615548e-01
1.1425522971e-05 1.5276282110e+04 1.5707963268e+00 1.4522575016e-01
1.1653748288e-05 1.5277107952e+04 1.5707963268e+00 1.4812503760e-01
1.1881956522e-05 1.5277950368e+04 1.5707963268e+00 1.5102401157e-01
1.2110147336e-05 1.5278809361e+04 1.5707963268e+00 1.5392266583e-01
1.2338320392e-05 1.5279684933e+04 1.5707963268e+00 1.5682099414e-01
1.2566475352e-05 1.5280577090e+04 1.5707963268e+00 1.5971899026e-01
1.2794611877e-05 1.5281485834e+04 1.5707963268e+00 1.6261664797e-01
1.3022729631e-05 1.5282411168e+04 1.5707963268e+00 1.6551396102e-01
1.3250828276e-05 1.5283353097e+04 1.5707963268e+00 1.6841092320e-01
1.3478907475e-05 1.5284311625e+04 1.5707963268e+00 1.7130752826e-01
1.3706966891e-05 1.5285286755e+04 1.5707963268e+00 1.7420377000e-01
1.3935006188e-05 1.5286278491e+04 1.5707963268e+00 1.7709964217e-01
1.4163025029e-05 1.5287286836e+04 1.5707963268e+00 1.7999513857e-01
1.4391023078e-05 1.5288311796e+04 1.5707963268e+00 1.8289025297e-01
1.4618999999e-05 1.5289353374e+04 1.5707963268e+00 1.8578497916e-01
1.4846955456e-05 1.5290411575e+04 1.5707963268e+00 1.8867931091e-01
1.5074889115e-05 1.5291486401e+04 1.5707963268e+00 1.9157324202e-01
1.5302800639e-05 1.5292577859e+04 1.5707963268e+00 1.9446676628e-01
1.5530689694e-05 1.5293685951e+04 1.5707963268e+00 1.9735987748e-01
1.5758555944e-05 1.5294810683e+04 1.5707963268e+00 2.0025256942e-01
1.5986399057e-05 1.5295952059e+04 1.5707963268e+00 2.0314483588e-01
1.6214218697e-05 1.5297110084e+04 1.5707963268e+00 2.0603667067e-01
1.6442014530e-05 1.5298284761e+04 1.5707963268e+00 2.0892806759e-01
1.6669786223e-05 1.5299476096e+04 1.5707963268e+00 2.1181902045e-01
1.6897533443e-05 1.5300684094e+04 1.5707963268e+00 2.1470952304e-01
1.7125255856e-05 1.5301908759e+04 1.5707963268e+00 2.1759956919e-01
1.7352953129e-05 1.5303150095e+04 1.5707963268e+00 2.2048915270e-01
1.7580624931e-05 1.5304408109e+04 1.5707963268e+00 2.2337826739e-01
1.7808270928e-05 1.5305682805e+04 1.5707963268e+00 2.2626690707e-01
1.8035890789e-05 1.5306974187e+04 1.5707963268e+00 2.2915506556e-01
1.8263484182e-05 1.5308282262e+04 1.5707963268e+00 2.3204273669e-01
1.8491050776e-05 1.5309607033e+04 1.5707963268e+00 2.3492991428e-01
1.8718590240e-05 1.5310948508e+04 1.5707963268e+00 2.3781659216e-01
1.8946102242e-05 1.5312306689e+04 1.5707963268e+00 2.4070276417e-01
1.9173586454e-05 1.5313681584e+04 1.5707963268e+00 2.4358842413e-01
1.9401042543e-05 1.5315073197e+04 1.5707963268e+00 2.4647356588e-01
1.9628470182e-05 1.5316481534e+04 1.5707963268e+00 2.4935818326e-01
1.9855869039e-05 1.5317906600e+04 1.5707963268e+00 2.5224227012e-01
2.0083238786e-05 1.5319348401e+04 1.5707963268e+00 2.5512582029e-01
2.0310579095e-05 1.5320806943e+04 1.5707963268e+00 2.5800882764e-01
2.0537889636e-05 1.5322282230e+04 1.5707963268e+00 2.6089128602e-01
2.0765170082e-05 1.5323774270e+04 1.5707963268e+00 2.6377318927e-01
2.0992420104e-05 1.5325283068e+04 1.5707963268e+00 2.6665453125e-01
2.1219639376e-05 1.5326808629e+04 1.5707963268e+00 2.6953530584e-01
2.1446827569e-05 1.5328350960e+04 1.5707963268e+00 2.7241550689e-01
2.1673984358e-05 1.5329910066e+04 1.5707963268e+00 2.7529512828e-01
2.1901109416e-05 1.5331485954e+04 1.5707963268e+00 2.7817416386e-01
2.2128202416e-05 1.5333078630e+04 1.5707963268e+00 2.8105260753e-01
2.2355263034e-05 1.5334688100e+04 1.5707963268e+00 2.8393045316e-01
2.2582290944e-05 1.5336314370e+04 1.5707963268e+00 2.8680769463e-01
2.2809285820e-05 1.5337957446e+04 1.5707963268e+00 2.8968432583e-01
2.3036247339e-05 1.5339617335e+04 1.5707963268e+00 2.9256034064e-01
2.3263175175e-05 1.5341294044e+04 1.5707963268e+00 2.9543573297e-01
2.3490069006e-05 1.5342987578e+04 1.5707963268e+00 2.9831049670e-01
2.3716928507e-05 1.5344697944e+04 1.5707963268e+00 3.0118462573e-01
2.3943753356e-05 1.5346425148e+04 1.5707963268e+00 3.0405811398e-01
2.4170543230e-05 1.5348169198e+04 1.5707963268e+00 3.0693095534e-01
2.4397297807e-05 1.5349930101e+04 1.5707963268e+00 3.0980314374e-01
2.4624016765e-05 1.5351707861e+04 1.5707963268e+00 3.1267467308e-01
2.4850699782e-05 1.5353502488e+04 1.5707963268e+00 3.1554553728e-01
2.5077346538e-05 1.5355313987e+04 1.5707963268e+00 3.1841573027e-01
2.5303956711e-05 1.5357142365e+04 1.5707963268e+00 3.2128524598e-01
2.5530529981e-05 1.5358987629e+04 1.5707963268e+00 3.2415407833e-01
2.5757066029e-05 1.5360849787e+04 1.5707963268e+00 3.2702222126e-01
2.5983564535e-05 1.5362728845e+04 1.5707963268e+00 3.2988966872e-01
2.6210025181e-05 1.5364624811e+04 1.5707963268e+00 3.3275641463e-01
2.6436447647e-05 1.5366537691e+04 1.5707963268e+00 3.3562245296e-01
2.6662831616e-05 1.5368467493e+04 1.5707963268e+00 3.3848777765e-01
2.6889176769e-05 1.5370414225e+04 1.5707963268e+00 3.4135238265e-01
2.7115482790e-05 1.5372377893e+04 1.5707963268e+00 3.4421626194e-01
2.7341749362e-05 1.5374358505e+04 1.5707963268e+00 3.4707940947e-01
2.7567976168e-05 1.5376356068e+04 1.5707963268e+00 3.4994181921e-01
2.7794162892e-05 1.5378370590e+04 1.5707963268e+00 3.5280348513e-01
2.8020309220e-05 1.5380402079e+04 1.5707963268e+00 3.5566440121e-01
2.8246414835e-05 1.5382450542e+04 1.5707963268e+00 3.5852456144e-01
2.8472479424e-05 1.5384515986e+04 1.5707963268e+00 3.6138395980e-01
2.8698502673e-05 1.5386598420e+04 1.5707963268e+00 3.6424259028e-01
2.8924484267e-05 1.5388697852e+04 1.5707963268e+00 3.6710044688e-01
2.9150423894e-05 1.5390814288e+04 1.5707963268e+00 3.6995752359e-01
2.9376321240e-05 1.5392947737e+04 1.5707963268e+00 3.7281381443e-01
2.9602175994e-05 1.5395098207e+04 1.5707963268e+00 3.7566931339e-01
2.9827987845e-05 1.5397265706e+04 1.5707963268e+00 3.7852401451e-01
3.0053756480e-05 1.5399450242e+04 1.5707963268e+00 3.8137791178e-01
3.0279481588e-05 1.5401651823e+04 1.5707963268e+00 3.8423099925e-01
3.0505162861e-05 1.5403870457e+04 1.5707963268e+00 3.8708327093e-01
3.0730799988e-05 1.5406106151e+04 1.5707963268e+00 3.8993472087e-01
3.0956392659e-05 1.5408358916e+04 1.5707963268e+00 3.9278534309e-01
3.1181940566e-05 1.5410628758e+04 1.5707963268e+00 3.9563513165e-01
3.1407443401e-05 1.5412915686e+04 1.5707963268e+00 3.9848408058e-01
3.1632900855e-05 1.5415219708e+04 1.5707963268e+00 4.0133218396e-01
3.1858312622e-05 1.5417540834e+04 1.5707963268e+00 4.0417943583e-01
3.2083678395e-05 1.5419879070e+04 1.5707963268e+00 4.0702583025e-01
3.2308997868e-05 1.5422234427e+04 1.5707963268e+00 4.0987136131e-01
3.2534270735e-05 1.5424606911e+04 1.5707963268e+00 4.1271602306e-01
3.2759496690e-05 1.5426996533e+04 1.5707963268e+00 4.1555980960e-01
3.2984675430e-05 1.5429403300e+04 1.5707963268e+00 4.1840271500e-01
3.3209806649e-05 1.5431827222e+04 1.5707963268e+00 4.2124473335e-01
3.3434890045e-05 1.5434268307e+04 1.5707963268e+00 4.2408585876e-01
3.3659925314e-05 1.5436726563e+04 1.5707963268e+00 4.2692608532e-01
3.3884912155e-05 1.5439202001e+04 1.5707963268e+00 4.2976540715e-01
3.4109850264e-05 1.5441694627e+04 1.5707963268e+00 4.3260381834e-01
3.4334739340e-05 1.5444204453e+04 1.5707963268e+00 4.3544131302e-01
3.4559579083e-05 1.5446731486e+04 1.5707963268e+00 4.3827788531e-01
3.4784369193e-05 1.5449275735e+04 1.5707963268e+00 4.4111352935e-01
3.5009109369e-05 1.5451837210e+04 1.5707963268e+00 4.4394823926e-01
3.5233799312e-05 1.5454415920e+04 1.5707963268e+00 4.4678200918e-01
3.5458438725e-05 1.5457011873e+04 1.5707963268e+00 4.4961483327e-01
3.5683027308e-05 1.5459625080e+04 1.5707963268e+00 4.5244670567e-01
3.5907564764e-05 1.5462255549e+04 1.5707963268e+00 4.5527762054e-01
3.6132050796e-05 1.5464903290e+04 1.5707963268e+00 4.5810757205e-01
3.6356485108e-05 1.5467568311e+04 1.5707963268e+00 4.6093655436e-01
3.6580867405e-05 1.5470250623e+04 1.5707963268e+00 4.6376456165e-01
3.6805197390e-05 1.5472950234e+04 1.5707963268e+00 4.6659158810e-01
3.7029474770e-05 1.5475667155e+04 1.5707963268e+00 4.6941762790e-01
3.7253699250e-05 1.5478401394e+04 1.5707963268e+00 4.7224267524e-01
3.7477870537e-05 1.5481152961e+04 1.5707963268e+00 4.7506672432e-01
3.7701988338e-05 1.5483921866e+04 1.5707963268e+00 4.7788976935e-01
3.7926052361e-05 1.5486708118e+04 1.5707963268e+00 4.8071180455e-01
3.8150062315e-05 1.5489511728e+04 1.5707963268e+00 4.8353282412e-01
3.8374017907e-05 1.5492332704e+04 1.5707963268e+00 4.8635282229e-01
3.8597918849e-05 1.5495171056e+04 1.5707963268e+00 4.8917179330e-01
3.8821764850e-05 1.5498026795e+04 1.5707963268e+00 4.9198973138e-01
3.9045555620e-05 1.5500899930e+04 1.5707963268e+00 4.9480663077e-01
3.9269290872e-05 1.5503790471e+04 1.5707963268e+00 4.9762248573e-01
3.9492970318e-05 1.5506698427e+04 1.5707963268e+00 5.0043729052e-01
3.9716593669e-05 1.5509623809e+04 1.5707963268e+00 5.0325103939e-01
3.9940160640e-05 1.5512566627e+04 1.5707963268e+00 5.0606372661e-01
4.0163670944e-05 1.5515526890e+04 1.5707963268e+00 5.0887534648e-01
4.0387124296e-05 1.5518504610e+04 1.5707963268e+00 5.1168589325e-01
4.0610520412e-05 1.5521499795e+04 1.5707963268e+00 5.1449536124e-01
4.0833859006e-05 1.5524512455e+04 1.5707963268e+00 5.1730374473e-01
4.1057139795e-05 1.5527542602e+04 1.5707963268e+00 5.2011103803e-01
4.1280362498e-05 1.5530590245e+04 1.5707963268e+00 5.2291723544e-01
4.1503526830e-05 1.5533655395e+04 1.5707963268e+00 5.2572233130e-01
4.1726632511e-05 1.5536738061e+04 1.5707963268e+00 5.2852631991e-01
4.1949679260e-05 1.5539838254e+04 1.5707963268e+00 5.3132919562e-01
4.2172666797e-05 1.5542955985e+04 1.5707963268e+00 5.3413095275e-01
4.2395594842e-05 1.5546091263e+04 1.5707963268e+00 5.3693158567e-01
4.2618463115e-05 1.5549244099e+04 1.5707963268e+00 5.3973108871e-01
4.2841271340e-05 1.5552414503e+04 1.5707963268e+00 5.4252945625e-01
4.3064019237e-05 1.5555602487e+04 1.5707963268e+00 5.4532668264e-01
4.3286706531e-05 1.5558808060e+04 1.5707963268e+00 5.4812276226e-01
4.3509332944e-05 1.5562031232e+04 1.5707963268e+00 5.5091768949e-01
4.3731898202e-05 1.5565272016e+04 1.5707963268e+00 5.5371145873e-01
4.3954402030e-05 1.5568530420e+04 1.5707963268e+00 5.5650406436e-01
4.4176844152e-05 1.5571806456e+04 1.5707963268e+00 5.5929550080e-01
4.4399224296e-05 1.5575100134e+04 1.5707963268e+00 5.6208576245e-01
4.4621542189e-05 1.5578411465e+04 1.5707963268e+00 5.6487484374e-01
4.4843797559e-05 1.5581740460e+04 1.5707963268e+00 5.6766273908e-01
4.5065990134e-05 1.5585087130e+04 1.5707963268e+00 5.7044944292e-01
4.5288119643e-05 1.5588451484e+04 1.5707963268e+00 5.7323494969e-01
4.5510185816e-05 1.5591833534e+04 1.5707963268e+00 5.7601925385e-01
4.5732188384e-05 1.5595233292e+04 1.5707963268e+00 5.7880234985e-01
4.5954127079e-05 1.5598650766e+04 1.5707963268e+00 5.8158423215e-01
4.6176001632e-05 1.5602085970e+04 1.5707963268e+00 5.8436489524e-01
4.6397811776e-05 1.5605538912e+04 1.5707963268e+00 5.8714433359e-01
4.6619557244e-05 1.5609009605e+04 1.5707963268e+00 5.8992254168e-01
4.6841237771e-05 1.5612498059e+04 1.5707963268e+00 5.9269951402e-01
4.7062853091e-05 1.5616004286e+04 1.5707963268e+00 5.9547524511e-01
4.7284402941e-05 1.5619528296e+04 1.5707963268e+00 5.9824972947e-01
4.7505887056e-05 1.5623070100e+04 1.5707963268e+00 6.0102296160e-01
4.7727305173e-05 1.5626629709e+04 1.5707963268e+00 6.0379493605e-01
4.7948657031e-05 1.5630207135e+04 1.5707963268e+00 6.0656564735e-01
4.8169942368e-05 1.5633802388e+04 1.5707963268e+00 6.0933509004e-01
4.8391160922e-05 1.5637415480e+04 1.5707963268e+00 6.1210325869e-01
4.8612312435e-05 1.5641046422e+04 1.5707963268e+00 6.1487014784e-01
4.8833396647e-05 1.5644695225e+04 1.5707963268e+00 6.1763575207e-01
4.9054413298e-05 1.5648361900e+04 1.5707963268e+00 6.2040006596e-01
4.9275362132e-05 1.5652046458e+04 1.5707963268e+00 6.2316308409e-01
4.9496242892e-05 1.5655748912e+04 1.5707963268e+00 6.2592480107e-01
4.9717055321e-05 1.5659469271e+04 1.5707963268e+00 6.2868521149e-01
4.9937799163e-05 1.5663207547e+04 1.5707963268e+00 6.3144430997e-01
5.0158474164e-05 1.5666963752e+04 1.5707963268e+00 6.3420209113e-01
5.0379080069e-05 1.5670737896e+04 1.5707963268e+00 6.3695854960e-01
5.0599616626e-05 1.5674529992e+04 1.5707963268e+00 6.3971368001e-01
5.0820083582e-05 1.5678340050e+04 1.5707963268e+00 6.4246747702e-01
5.1040480685e-05 1.5682168083e+04 1.5707963268e+00 6.4521993529e-01
5.1260807684e-05 1.5686014101e+04 1.5707963268e+00 6.4797104946e-01
5.1481064330e-05 1.5689878115e+04 1.5707963268e+00 6.5072081423e-01
5.1701250371e-05 1.5693760138e+04 1.5707963268e+00 6.5346922428e-01
5.1921365561e-05 1.5697660180e+04 1.5707963268e+00 6.5621627428e-01
5.2141409650e-05 1.5701578254e+04 1.5707963268e+00 6.5896195896e-01
5.2361382392e-05 1.5705514370e+04 1.5707963268e+00 6.6170627301e-01
5.2581283540e-05 1.5709468540e+04 1.5707963268e+00 6.6444921115e-01
5.2801112849e-05 1.5713440776e+04 1.5707963268e+00 6.6719076812e-01
5.3020870075e-05 1.5717431090e+04 1.5707963268e+00 6.6993093865e-01
5.3240554972e-05 1.5721439492e+04 1.5707963268e+00 6.7266971749e-01
5.3460167298e-05 1.5725465995e+04 1.5707963268e+00 6.7540709939e-01
5.3679706811e-05 1.5729510609e+04 1.5707963268e+00 6.7814307912e-01
5.3899173268e-05 1.5733573347e+04 1.5707963268e+00 6.8087765145e-01
5.4118566430e-05 1.5737654221e+04 1.5707963268e+00 6.8361081117e-01
5.4337886055e-05 1.5741753241e+04 1.5707963268e+00 6.8634255307e-01
5.4557131905e-05 1.5745870419e+04 1.5707963268e+00 6.8907287195e-01
5.4776303741e-05 1.5750005768e+04 1.5707963268e+00 6.9180176264e-01
5.4995401326e-05 1.5754159298e+04 1.5707963268e+00 6.9452921994e-01
5.5214424423e-05 1.5758331022e+04 1.5707963268e+00 6.9725523869e-01
5.5433372795e-05 1.5762520952e+04 1.5707963268e+00 6.9997981373e-01
5.5652246209e-05 1.5766729098e+04 1.5707963268e+00 7.0270293992e-01
5.5871044428e-05 1.5770955472e+04 1.5707963268e+00 7.0542461212e-01
5.6089767220e-05 1.5775200087e+04 1.5707963268e+00 7.0814482519e-01
5.6308414352e-05 1.5779462954e+04 1.5707963268e+00 7.1086357401e-01
5.6526985592e-05 1.5783744085e+04 1.5707963268e+00 7.1358085349e-01
5.6745480709e-05 1.5788043491e+04 1.5707963268e+00 7.1629665851e-01
5.6963899472e-05 1.5792361185e+04 1.5707963268e+00 7.1901098399e-01
5.7182241652e-05 1.5796697177e+04 1.5707963268e+00 7.2172382485e-01
5.7400507021e-05 1.5801051481e+04 1.5707963268e+00 7.2443517602e-01
5.7618695350e-05 1.5805424107e+04 1.5707963268e+00 7.2714503245e-01
5.7836806413e-05 1.5809815068e+04 1.5707963268e+00 7.2985338907e-01
5.8054839983e-05 1.5814224374e+04 1.5707963268e+00 7.3256024086e-01
5.8272795836e-05 1.5818652039e+04 1.5707963268e+00 7.3526558279e-01
5.8490673746e-05 1.5823098074e+04 1.5707963268e+00 7.3796940983e-01
5.8708473490e-05 1.5827562490e+04 1.5707963268e+00 7.4067171698e-01
5.8926194845e-05 1.5832045300e+04 1.5707963268e+00 7.4337249924e-01
5.9143837589e-05 1.5836546515e+04 1.5707963268e+00 7.4607175163e-01
5.9361401502e-05 1.5841066147e+04 1.5707963268e+00 7.4876946917e-01
5.9578886362e-05 1.5845604208e+04 1.5707963268e+00 7.5146564689e-01
5.9796291951e-05 1.5850160710e+04 1.5707963268e+00 7.5416027984e-01
6.0013618049e-05 1.5854735664e+04 1.5707963268e+00 7.5685336307e-01
6.0230864440e-05 1.5859329083e+04 1.5707963268e+00 7.5954489165e-01
6.0448030905e-05 1.5863940979e+04 1.5707963268e+00 7.6223486066e-01
6.0665117230e-05 1.5868571362e+04 1.5707963268e+00 7.6492326518e-01
6.0882123199e-05 1.5873220246e+04 1.5707963268e+00 7.6761010031e-01
6.1099048598e-05 1.5877887641e+04 1.5707963268e+00 7.7029536116e-01
6.1315893212e-05 1.5882573560e+04 1.5707963268e+00 7.7297904286e-01
6.1532656831e-05 1.5887278015e+04 1.5707963268e+00 7.7566114052e-01
6.1749339241e-05 1.5892001017e+04 1.5707963268e+00 7.7834164930e-01
6.1965940232e-05 1.5896742578e+04 1.5707963268e+00 7.8102056434e-01
6.2182459594e-05 1.5901502710e+04 1.5707963268e+00 7.8369788081e-01
6.2398897118e-05 1.5906281425e+04 1.5707963268e+00 7.8637359389e-01
6.2615252596e-05 1.5911078735e+04 1.5707963268e+00 7.8904769876e-01
6.2831525820e-05 1.5915894652e+04 1.5707963268e+00 7.9172019061e-01
6.3047716583e-05 1.5920729187e+04 1.5707963268e+00 7.9439106467e-01
6.3263824681e-05 1.5925582352e+04 1.5707963268e+00 7.9706031614e-01
6.3479849908e-05 1.5930454160e+04 1.5707963268e+00 7.9972794025e-01
6.3695792060e-05 1.5935344621e+04 1.5707963268e+00 8.0239393226e-01
6.3911650935e-05 1.5940253748e+04 1.5707963268e+00 8.0505828741e-01
6.4127426329e-05 1.5945181553e+04 1.5707963268e+00 8.0772100097e-01
6.4343118043e-05 1.5950128047e+04 1.5707963268e+00 8.1038206822e-01
6.4558725875e-05 1.5955093243e+04 1.5707963268e+00 8.1304148444e-01
6.4774249626e-05 1.5960077151e+04 1.5707963268e+00 8.1569924493e-01
6.4989689097e-05 1.5965079784e+04 1.5707963268e+00 8.1835534501e-01
6.5205044092e-05 1.5970101154e+04 1.5707963268e+00 8.2100978000e-01
6.5420314412e-05 1.5975141271e+04 1.5707963268e+00 8.2366254523e-01
6.5635499861e-05 1.5980200150e+04 1.5707963268e+00 8.2631363605e-01
6.5850600246e-05 1.5985277800e+04 1.5707963268e+00 8.2896304782e-01
6.6065615371e-05 1.5990374233e+04 1.5707963268e+00 8.3161077591e-01
6.6280545044e-05 1.5995489462e+04 1.5707963268e+00 8.3425681570e-01
6.6495389072e-05 1.6000623498e+04 1.5707963268e+00 8.3690116258e-01
6.6710147263e-05 1.6005776353e+04 1.5707963268e+00 8.3954381196e-01
6.6924819426e-05 1.6010948038e+04 1.5707963268e+00 8.4218475926e-01
6.7139405373e-05 1.6016138566e+04 1.5707963268e+00 8.4482399991e-01
6.7353904915e-05 1.6021347947e+04 1.5707963268e+00 8.4746152935e-01
6.7568317863e-05 1.6026576195e+04 1.5707963268e+00 8.5009734303e-01
6.7782644030e-05 1.6031823319e+04 1.5707963268e+00 8.5273143642e-01
6.7996883230e-05 1.6037089332e+04 1.5707963268e+00 8.5536380499e-01
6.8211035279e-05 1.6042374246e+04 1.5707963268e+00 8.5799444425e-01
6.8425099992e-05 1.6047678073e+04 1.5707963268e+00 8.6062334969e-01
6.8639077185e-05 1.6053000823e+04 1.5707963268e+00 8.6325051682e-01
6.8852966676e-05 1.6058342508e+04 1.5707963268e+00 8.6587594118e-01
6.9066768283e-05 1.6063703141e+04 1.5707963268e+00 8.6849961830e-01
6.9280481826e-05 1.6069082732e+04 1.5707963268e+00 8.7112154374e-01
6.9494107125e-05 1.6074481293e+04 1.5707963268e+00 8.7374171306e-01
6.9707644001e-05 1.6079898836e+04 1.5707963268e+00 8.7636012184e-01
6.9921092276e-05 1.6085335372e+04 1.5707963268e+00 8.7897676566e-01
7.0134451773e-05 1.6090790913e+04 1.5707963268e+00 8.8159164014e-01
7.0347722316e-05 1.6096265470e+04 1.5707963268e+00 8.8420474088e-01
7.0560903730e-05 1.6101759054e+04 1.5707963268e+00 8.8681606352e-01
7.0773995841e-05 1.6107271678e+04 1.5707963268e+00 8.8942560369e-01
7.0986998474e-05 1.6112803353e+04 1.5707963268e+00 8.9203335705e-01
7.1199911459e-05 1.6118354089e+04 1.5707963268e+00 8.9463931926e-01
7.1412734622e-05 1.6123923899e+04 1.5707963268e+00 8.9724348600e-01
7.1625467794e-05 1.6129512794e+04 1.5707963268e+00 8.9984585297e-01
7.1838110804e-05 1.6135120784e+04 1.5707963268e+00 9.0244641587e-01
7.2050663485e-05 1.6140747883e+04 1.5707963268e+00 9.0504517041e-01
7.2263125667e-05 1.6146394100e+04 1.5707963268e+00 9.0764211233e-01
7.2475497185e-05 1.6152059447e+04 1.5707963268e+00 9.1023723737e-01
7.2687777872e-05 1.6157743936e+04 1.5707963268e+00 9.1283054128e-01
7.2899967563e-05 1.6163447577e+04 1.5707963268e+00 9.1542201985e-01
7.3112066093e-05 1.6169170382e+04 1.5707963268e+00 9.1801166884e-01
7.3324073301e-05 1.6174912363e+04 1.5707963268e+00 9.2059948406e-01
7.3535989022e-05 1.6180673529e+04 1.5707963268e+00 9.2318546131e-01
7.3747813096e-05 1.6186453893e+04 1.5707963268e+00 9.2576959642e-01
7.3959545363e-05 1.6192253466e+04 1.5707963268e+00 9.2835188523e-01
7.4171185662e-05 1.6198072258e+04 1.5707963268e+00 9.3093232357e-01
7.4382733835e-05 1.6203910282e+04 1.5707963268e+00 9.3351090733e-01
7.4594189725e-05 1.6209767547e+04 1.5707963268e+00 9.3608763236e-01
7.4805553174e-05 1.6215644065e+04 1.5707963268e+00 9.3866249456e-01
7.5016824028e-05 1.6221539847e+04 1.5707963268e+00 9.4123548984e-01
7.5228002129e-05 1.6227454904e+04 1.5707963268e+00 9.4380661411e-01
7.5439087326e-05 1.6233389247e+04 1.5707963268e+00 9.4637586329e-01
7.5650079464e-05 1.6239342886e+04 1.5707963268e+00 9.4894323334e-01
7.5860978392e-05 1.6245315834e+04 1.5707963268e+00 9.5150872021e-01
7.6071783959e-05 1.6251308100e+04 1.5707963268e+00 9.5407231987e-01
7.6282496013e-05 1.6257319695e+04 1.5707963268e+00 9.5663402831e-01
7.6493114406e-05 1.6263350631e+04 1.5707963268e+00 9.5919384152e-01
7.6703638989e-05 1.6269400918e+04 1.5707963268e+00 9.6175175551e-01
7.6914069615e-05 1.6275470567e+04 1.5707963268e+00 9.6430776632e-01
7.7124406138e-05 1.6281559589e+04 1.5707963268e+00 9.6686186997e-01
7.7334648410e-05 1.6287667994e+04 1.5707963268e+00 9.6941406254e-01
7.7544796289e-05 1.6293795793e+04 1.5707963268e+00 9.7196434007e-01
7.7754849630e-05 1.6299942996e+04 1.5707963268e+00 9.7451269865e-01
7.7964808290e-05 1.6306109615e+04 1.5707963268e+00 9.7705913438e-01
7.8174672128e-05 1.6312295660e+04 1.5707963268e+00 9.7960364337e-01
7.8384441001e-05 1.6318501141e+04 1.5707963268e+00 9.8214622175e-01
7.8594114771e-05 1.6324726069e+04 1.5707963268e+00 9.8468686563e-01
7.8803693299e-05 1.6330970454e+04 1.5707963268e+00 9.8722557119e-01
7.9013176445e-05 1.6337234308e+04 1.5707963268e+00 9.8976233458e-01
7.9222564073e-05 1.6343517639e+04 1.5707963268e+00 9.9229715199e-01
7.9431856047e-05 1.6349820460e+04 1.5707963268e+00 9.9483001961e-01
7.9641052231e-05 1.6356142779e+04 1.5707963268e+00 9.9736093364e-01
7.9850152490e-05 1.6362484608e+04 1.5707963268e+00 9.9988989031e-01
8.0059156692e-05 1.6368845956e+04 1.5707963268e+00 1.0024168859e+00
8.0268064703e-05 1.6375226834e+04 1.5707963268e+00 1.0049419165e+00
8.0476876392e-05 1.6381627252e+04 1.5707963268e+00 1.0074649786e+00
8.0685591628e-05 1.6388047221e+04 1.5707963268e+00 1.0099860683e+00
8.0894210282e-05 1.6394486750e+04 1.5707963268e+00 1.0125051821e+00
8.1102732224e-05 1.6400945849e+04 1.5707963268e+00 1.0150223160e+00
8.1311157327e-05 1.6407424529e+04 1.5707963268e+00 1.0175374666e+00
8.1519485463e-05 1.6413922800e+04 1.5707963268e+00 1.0200506301e+00
8.1727716507e-05 1.6420440671e+04 1.5707963268e+00 1.0225618030e+00
8.1935850334e-05 1.6426978153e+04 1.5707963268e+00 1.0250709814e+00
8.2143886819e-05 1.6433535255e+04 1.5707963268e+00 1.0275781619e+00
8.2351825838e-05 1.6440111988e+04 1.5707963268e+00 1.0300833409e+00
8.2559667271e-05 1.6446708361e+04 1.5707963268e+00 1.0325865147e+00
8.2767410995e-05 1.6453324383e+04 1.5707963268e+00 1.0350876797e+00
8.2975056889e-05 1.6459960066e+04 1.5707963268e+00 1.0375868325e+00
8.3182604835e-05 1.6466615417e+04 1.5707963268e+00 1.0400839694e+00
8.3390054714e-05 1.6473290448e+04 1.5707963268e+00 1.0425790870e+00
8.3597406408e-05 1.6479985168e+04 1.5707963268e+00 1.0450721817e+00
8.3804659800e-05 1.6486699586e+04 1.5707963268e+00 1.0475632500e+00
8.4011814774e-05 1.6493433711e+04 1.5707963268e+00 1.0500522884e+00
8.4218871216e-05 1.6500187554e+04 1.5707963268e+00 1.0525392935e+00
8.4425829012e-05 1.6506961124e+04 1.5707963268e+00 1.0550242618e+00
8.4632688048e-05 1.6513754430e+04 1.5707963268e+00 1.0575071899e+00
8.4839448213e-05 1.6520567482e+04 1.5707963268e+00 1.0599880744e+00
8.5046109395e-05 1.6527400289e+04 1.5707963268e+00 1.0624669117e+00
8.5252671485e-05 1.6534252860e+04 1.5707963268e+00 1.0649436986e+00
8.5459134372e-05 1.6541125204e+04 1.5707963268e+00 1.0674184317e+00
8.5665497948e-05 1.6548017331e+04 1.5707963268e+00 1.0698911075e+00
8.5871762107e-05 1.6554929250e+04 1.5707963268e+00 1.0723617228e+00
8.6077926741e-05 1.6561860970e+04 1.5707963268e+00 1.0748302742e+00
8.6283991744e-05 1.6568812500e+04 1.5707963268e+00 1.0772967583e+00
8.6489957013e-05 1.6575783849e+04 1.5707963268e+00 1.0797611720e+00
8.6695822443e-05 1.6582775026e+04 1.5707963268e+00 1.0822235118e+00
8.6901587931e-05 1.6589786039e+04 1.5707963268e+00 1.0846837746e+00
8.7107253376e-05 1.6596816899e+04 1.5707963268e+00 1.0871419570e+00
8.7312818677e-05 1.6603867613e+04 1.5707963268e+00 1.0895980558e+00
8.7518283733e-05 1.6610938190e+04 1.5707963268e+00 1.0920520678e+00
8.7723648445e-05 1.6618028640e+04 1.5707963268e+00 1.0945039898e+00
8.7928912716e-05 1.6625138970e+04 1.5707963268e+00 1.0969538185e+00
8.8134076447e-05 1.6632269190e+04 1.5707963268e+00 1.0994015509e+00
8.8339139543e-05 1.6639419308e+04 1.5707963268e+00 1.1018471836e+00
8.8544101907e-05 1.6646589333e+04 1.5707963268e+00 1.1042907137e+00
8.8748963446e-05 1.6653779272e+04 1.5707963268e+00 1.1067321378e+00
8.8953724065e-05 1.6660989135e+04 1.5707963268e+00 1.1091714530e+00
8.9158383672e-05 1.6668218930e+04 1.5707963268e+00 1.1116086561e+00
8.9362942175e-05 1.6675468665e+04 1.5707963268e+00 1.1140437440e+00
8.9567399484e-05 1.6682738349e+04 1.5707963268e+00 1.1164767137e+00
8.9771755507e-05 1.6690027989e+04 1.5707963268e+00 1.1189075621e+00
8.9976010157e-05 1.6697337594e+04 1.5707963268e+00 1.1213362861e+00
9.0180163345e-05 1.6704667173e+04 1.5707963268e+00 1.1237628827e+00
9.0384214983e-05 1.6712016732e+04 1.5707963268e+00 1.1261873490e+00
9.0588164985e-05 1.6719386281e+04 1.5707963268e+00 1.1286096818e+00
9.0792013267e-05 1.6726775826e+04 1.5707963268e+00 1.1310298783e+00
9.0995759742e-05 1.6734185377e+04 1.5707963268e+00 1.1334479354e+00
9.1199404329e-05 1.6741614941e+04 1.5707963268e+00 1.1358638503e+00
9.1402946943e-05 1.6749064525e+04 1.5707963268e+00 1.1382776200e+00
9.1606387503e-05 1.6756534138e+04 1.5707963268e+00 1.1406892415e+00
9.1809725929e-05 1.6764023787e+04 1.5707963268e+00 1.1430987120e+00
9.2012962139e-05 1.6771533480e+04 1.5707963268e+00 1.1455060286e+00
9.2216096056e-05 1.6779063224e+04 1.5707963268e+00 1.1479111884e+00
9.2419127600e-05 1.6786613027e+04 1.5707963268e+00 1.1503141885e+00
9.2622056695e-05 1.6794182897e+04 1.5707963268e+00 1.1527150262e+00
9.2824883264e-05 1.6801772840e+04 1.5707963268e+00 1.1551136986e+00
9.3027607232e-05 1.6809382865e+04 1.5707963268e+00 1.1575102029e+00
9.3230228524e-05 1.6817012979e+04 1.5707963268e+00 1.1599045362e+00
9.3432747065e-05 1.6824663188e+04 1.5707963268e+00 1.1622966959e+00
9.3635162784e-05 1.6832333500e+04 1.5707963268e+00 1.1646866792e+00
9.3837475609e-05 1.6840023922e+04 1.5707963268e+00 1.1670744833e+00
9.4039685468e-05 1.6847734462e+04 1.5707963268e+00 1.1694601055e+00
9.4241792291e-05 1.6855465126e+04 1.5707963268e+00 1.1718435431e+00
9.4443796009e-05 1.6863215921e+04 1.5707963268e+00 1.1742247934e+00
9.4645696553e-05 1.6870986855e+04 1.5707963268e+00 1.1766038537e+00
9.4847493856e-05 1.6878777933e+04 1.5707963268e+00 1.1789807214e+00
9.5049187852e-05 1.6886589163e+04 1.5707963268e+00 1.1813553938e+00
9.5250778474e-05 1.6894420552e+04 1.5707963268e+00 1.1837278682e+00
9.5452265658e-05 1.6902272106e+04 1.5707963268e+00 1.1860981421e+00
9.5653649340e-05 1.6910143832e+04 1.5707963268e+00 1.1884662129e+00
9.5854929457e-05 1.6918035736e+04 1.5707963268e+00 1.1908320780e+00
9.6056105946e-05 1.6925947826e+04 1.5707963268e+00 1.1931957348e+00
9.6257178746e-05 1.6933880106e+04 1.5707963268e+00 1.1955571807e+00
9.6458147796e-05 1.6941832585e+04 1.5707963268e+00 1.1979164133e+00
9.6659013038e-05 1.6949805267e+04 1.5707963268e+00 1.2002734300e+00
9.6859774412e-05 1.6957798160e+04 1.5707963268e+00 1.2026282283e+00
9.7060431861e-05 1.6965811269e+04 1.5707963268e+00 1.2049808058e+00
9.7260985327e-05 1.6973844601e+04 1.5707963268e+00 1.2073311599e+00
9.7461434754e-05 1.6981898161e+04 1.5707963268e+00 1.2096792882e+00
9.7661780088e-05 1.6989971956e+04 1.5707963268e+00 1.2120251883e+00
9.7862021273e-05 1.6998065992e+04 1.5707963268e+00 1.2143688578e+00
9.8062158257e-05 1.7006180275e+04 1.5707963268e+00 1.2167102942e+00
9.8262190986e-05 1.7014314809e+04 1.5707963268e+00 1.2190494951e+00
9.8462119409e-05 1.7022469602e+04 1.5707963268e+00 1.2213864583e+00
9.8661943475e-05 1.7030644659e+04 1.5707963268e+00 1.2237211812e+00
9.8861663133e-05 1.7038839985e+04 1.5707963268e+00 1.2260536617e+00
9.9061278336e-05 1.7047055586e+04 1.5707963268e+00 1.2283838974e+00
9.9260789033e-05 1.7055291468e+04 1.5707963268e+00 1.2307118859e+00
9.9460195178e-05 1.7063547636e+04 1.5707963268e+00 1.2330376250e+00
9.9659496724e-05 1.7071824095e+04 1.5707963268e+00 1.2353611123e+00
9.9858693625e-05 1.7080120850e+04 1.5707963268e+00 1.2376823458e+00
1.0005778584e-04 1.7088437908e+04 1.5707963268e+00 1.2400013230e+00
1.0025677331e-04 1.7096775272e+04 1.5707963268e+00 1.2423180418e+00
1.0045565601e-04 1.7105132949e+04 1.5707963268e+00 1.2446325000e+00
1.0065443389e-04 1.7113510943e+04 1.5707963268e+00 1.2469446953e+00
1.0085310691e-04 1.7121909259e+04 1.5707963268e+00 1.2492546257e+00
1.0105167503e-04 1.7130327902e+04 1.5707963268e+00 1.2515622889e+00
1.0125013821e-04 1.7138766877e+04 1.5707963268e+00 1.2538676828e+00
1.0144849640e-04 1.7147226189e+04 1.5707963268e+00 1.2561708052e+00
1.0164674958e-04 1.7155705843e+04 1.5707963268e+00 1.2584716542e+00
1.0184489770e-04 1.7164205842e+04 1.5707963268e+00 1.2607702275e+00
1.0204294072e-04 1.7172726192e+04 1.5707963268e+00 1.2630665230e+00
1.0224087862e-04 1.7181266898e+04 1.5707963268e+00 1.2653605388e+00
1.0243871135e-04 1.7189827963e+04 1.5707963268e+00 1.2676522728e+00
1.0263643888e-04 1.7198409392e+04 1.5707963268e+00 1.2699417230e+00
1.0283406119e-04 1.7207011190e+04 1.5707963268e+00 1.2722288873e+00
1.0303157823e-04 1.7215633360e+04 1.5707963268e+00 1.2745137637e+00
1.0322898997e-04 1.7224275907e+04 1.5707963268e+00 1.2767963503e+00
1.0342629639e-04 1.7232938835e+04 1.5707963268e+00 1.2790766451e+00
1.0362349745e-04 1.7241622148e+04 1.5707963268e+00 1.2813546462e+00
1.0382059313e-04 1.7250325850e+04 1.5707963268e+00 1.2836303515e+00
1.0401758339e-04 1.7259049945e+04 1.5707963268e+00 1.2859037593e+00
1.0421446821e-04 1.7267794436e+04 1.5707963268e+00 1.2881748676e+00
1.0441124757e-04 1.7276559328e+04 1.5707963268e+00 1.2904436746e+00
1.0460792142e-04 1.7285344624e+04 1.5707963268e+00 1.2927101783e+00
1.0480448976e-04 1.7294150328e+04 1.5707963268e+00 1.2949743770e+00
1.0500095256e-04 1.7302976443e+04 1.5707963268e+00 1.2972362687e+00
1.0519730979e-04 1.7311822973e+04 1.5707963268e+00 1.2994958517e+00
1.0539356143e-04 1.7320689921e+04 1.5707963268e+00 1.3017531242e+00
1.0558970746e-04 1.7329577290e+04 1.5707963268e+00 1.3040080844e+00
1.0578574785e-04 1.7338485085e+04 1.5707963268e+00 1.3062607305e+00
1.0598168259e-04 1.7347413307e+04 1.5707963268e+00 1.3085110608e+00
1.0617751166e-04 1.7356361961e+04 1.5707963268e+00 1.3107590735e+00
1.0637323504e-04 1.7365331049e+04 1.5707963268e+00 1.3130047669e+00
1.0656885270e-04 1.7374320575e+04 1.5707963268e+00 1.3152481394e+00
1.0676436464e-04 1.7383330540e+04 1.5707963268e+00 1.3174891893e+00
1.0695977084e-04 1.7392360949e+04 1.5707963268e+00 1.3197279148e+00
1.0715507128e-04 1.7401411803e+04 1.5707963268e+00 1.3219643143e+00
1.0735026594e-04 1.7410483106e+04 1.5707963268e+00 1.3241983862e+00
1.0754535482e-04 1.7419574860e+04 1.5707963268e+00 1.3264301289e+00
1.0774033789e-04 1.7428687068e+04 1.5707963268e+00 1.3286595407e+00
1.0793521515e-04 1.7437819732e+04 1.5707963268e+00 1.3308866202e+00
1.0812998658e-04 1.7446972855e+04 1.5707963268e+00 1.3331113656e+00
1.0832465218e-04 1.7456146438e+04 1.5707963268e+00 1.3353337755e+00
1.0851921193e-04 1.7465340485e+04 1.5707963268e+00 1.3375538483e+00
1.0871366583e-04 1.7474554998e+04 1.5707963268e+00 1.3397715826e+00
1.0890801386e-04 1.7483789978e+04 1.5707963268e+00 1.3419869767e+00
1.0910225601e-04 1.7493045428e+04 1.5707963268e+00 1.3442000292e+00
1.0929639229e-04 1.7502321349e+04 1.5707963268e+00 1.3464107387e+00
1.0949042268e-04 1.7511617745e+04 1.5707963268e+00 1.3486191037e+00
1.0968434717e-04 1.7520934615e+04 1.5707963268e+00 1.3508251227e+00
1.0987816577e-04 1.7530271963e+04 1.5707963268e+00 1.3530287943e+00
1.1007187847e-04 1.7539629790e+04 1.5707963268e+00 1.3552301172e+00
1.1026548526e-04 1.7549008097e+04 1.5707963268e+00 1.3574290898e+00
1.1045898615e-04 1.7558406886e+04 1.5707963268e+00 1.3596257110e+00
1.1065238112e-04 1.7567826159e+04 1.5707963268e+00 1.3618199792e+00
1.1084567018e-04 1.7577265917e+04 1.5707963268e+00 1.3640118931e+00
1.1103885333e-04 1.7586726161e+04 1.5707963268e+00 1.3662014515e+00
1.1123193057e-04 1.7596206893e+04 1.5707963268e+00 1.3683886531e+00
1.1142490190e-04 1.7605708113e+04 1.5707963268e+00 1.3705734964e+00
1.1161776732e-04 1.7615229823e+04 1.5707963268e+00 1.3727559803e+00
1.1181052684e-04 1.7624772024e+04 1.5707963268e+00 1.3749361035e+00
1.1200318045e-04 1.7634334717e+04 1.5707963268e+00 1.3771138647e+00
1.1219572816e-04 1.7643917903e+04 1.5707963268e+00 1.3792892628e+00
1.1238816998e-04 1.7653521582e+04 1.5707963268e+00 1.3814622964e+00
1.1258050590e-04 1.7663145755e+04 1.5707963268e+00 1.3836329645e+00
1.1277273595e-04 1.7672790424e+04 1.5707963268e+00 1.3858012658e+00
1.1296486011e-04 1.7682455588e+04 1.5707963268e+00 1.3879671992e+00
1.1315687841e-04 1.7692141247e+04 1.5707963268e+00 1.3901307635e+00
1.1334879085e-04 1.7701847404e+04 1.5707963268e+00 1.3922919576e+00
1.1354059743e-04 1.7711574057e+04 1.5707963268e+00 1.3944507803e+00
1.1373229817e-04 1.7721321207e+04 1.5707963268e+00 1.3966072307e+00
1.1392389308e-04 1.7731088855e+04 1.5707963268e+00 1.3987613075e+00
1.1411538217e-04 1.7740877000e+04 1.5707963268e+00 1.4009130098e+00
1.1430676545e-04 1.7750685642e+04 1.5707963268e+00 1.4030623364e+00
1.1449804293e-04 1.7760514783e+04 1.5707963268e+00 1.4052092864e+00
1.1468921462e-04 1.7770364420e+04 1.5707963268e+00 1.4073538587e+00
1.1488028054e-04 1.7780234555e+04 1.5707963268e+00 1.4094960524e+00
1.1507124071e-04 1.7790125187e+04 1.5707963268e+00 1.4116358664e+00
1.1526209514e-04 1.7800036315e+04 1.5707963268e+00 1.4137732997e+00
1.1545284384e-04 1.7809967940e+04 1.5707963268e+00 1.4159083515e+00
1.1564348683e-04 1.7819920061e+04 1.5707963268e+00 1.4180410207e+00
1.1583402413e-04 1.7829892677e+04 1.5707963268e+00 1.4201713065e+00
1.1602445575e-04 1.7839885788e+04 1.5707963268e+00 1.4222992079e+00
1.1621478172e-04 1.7849899392e+04 1.5707963268e+00 1.4244247241e+00
1.1640500206e-04 1.7859933491e+04 1.5707963268e+00 1.4265478541e+00
1.1659511677e-04 1.7869988081e+04 1.5707963268e+00 1.4286685972e+00
1.1678512589e-04 1.7880063163e+04 1.5707963268e+00 1.4307869525e+00
1.1697502944e-04 1.7890158735e+04 1.5707963268e+00 1.4329029191e+00
1.1716482743e-04 1.7900274797e+04 1.5707963268e+00 1.4350164962e+00
1.1735451989e-04 1.7910411348e+04 1.5707963268e+00 1.4371276831e+00
1.1754410684e-04 1.7920568385e+04 1.5707963268e+00 1.4392364789e+00
1.1773358831e-04 1.7930745908e+04 1.5707963268e+00 1.4413428829e+00
1.1792296432e-04 1.7940943916e+04 1.5707963268e+00 1.4434468944e+00
1.1811223490e-04 1.7951162406e+04 1.5707963268e+00 1.4455485125e+00
1.1830140006e-04 1.7961401378e+04 1.5707963268e+00 1.4476477367e+00
1.1849045985e-04 1.7971660830e+04 1.5707963268e+00 1.4497445662e+00
1.1867941427e-04 1.7981940760e+04 1.5707963268e+00 1.4518390002e+00
1.1886826337e-04 1.7992241166e+04 1.5707963268e+00 1.4539310382e+00
1.1905700718e-04 1.8002562047e+04 1.5707963268e+00 1.4560206795e+00
1.1924564571e-04 1.8012903400e+04 1.5707963268e+00 1.4581079234e+00
1.1943417899e-04 1.8023265225e+04 1.5707963268e+00 1.4601927694e+00
1.1962260707e-04 1.8033647518e+04 1.5707963268e+00 1.4622752167e+00
1.1981092997e-04 1.8044050277e+04 1.5707963268e+00 1.4643552649e+00
1.1999914772e-04 1.8054473501e+04 1.5707963268e+00 1.4664329133e+00
1.2018726035e-04 1.8064917187e+04 1.5707963268e+00 1.4685081613e+00
1.2037526790e-04 1.8075381332e+04 1.5707963268e+00 1.4705810085e+00
1.2056317039e-04 1.8085865935e+04 1.5707963268e+00 1.4726514543e+00
1.2075096787e-04 1.8096370993e+04 1.5707963268e+00 1.4747194982e+00
1.2093866037e-04 1.8106896503e+04 1.5707963268e+00 1.4767851397e+00
1.2112624792e-04 1.8117442462e+04 1.5707963268e+00 1.4788483782e+00
1.2131373056e-04 1.8128008868e+04 1.5707963268e+00 1.4809092134e+00
1.2150110832e-04 1.8138595718e+04 1.5707963268e+00 1.4829676448e+00
1.2168838124e-04 1.8149203009e+04 1.5707963268e+00 1.4850236718e+00
1.2187554936e-04 1.8159830738e+04 1.5707963268e+00 1.4870772942e+00
1.2206261272e-04 1.8170478902e+04 1.5707963268e+00 1.4891285115e+00
1.2224957135e-04 1.8181147498e+04 1.5707963268e+00 1.4911773233e+00
1.2243642530e-04 1.8191836523e+04 1.5707963268e+00 1.4932237292e+00
1.2262317460e-04 1.8202545973e+04 1.5707963268e+00 1.4952677289e+00
1.2280981930e-04 1.8213275846e+04 1.5707963268e+00 1.4973093220e+00
1.2299635943e-04 1.8224026137e+04 1.5707963268e+00 1.4993485081e+00
1.2318279504e-04 1.8234796843e+04 1.5707963268e+00 1.5013852871e+00
1.2336912617e-04 1.8245587961e+04 1.5707963268e+00 1.5034196585e+00
1.2355535287e-04 1.8256399488e+04 1.5707963268e+00 1.5054516220e+00
1.2374147516e-04 1.8267231418e+04 1.5707963268e+00 1.5074811775e+00
1.2392749311e-04 1.8278083749e+04 1.5707963268e+00 1.5095083246e+00
1.2411340675e-04 1.8288956477e+04 1.5707963268e+00 1.5115330631e+00
1.2429921613e-04 1.8299849597e+04 1.5707963268e+00 1.5135553927e+00
1.2448492129e-04 1.8310763106e+04 1.5707963268e+00 1.5155753133e+00
1.2467052229e-04 1.8321696999e+04 1.5707963268e+00 1.5175928247e+00
1.2485601916e-04 1.8332651273e+04 1.5707963268e+00 1.5196079266e+00
1.2504141195e-04 1.8343625923e+04 1.5707963268e+00 1.5216206190e+00
1.2522670072e-04 1.8354620945e+04 1.5707963268e+00 1.5236309015e+00
1.2541188551e-04 1.8365636334e+04 1.5707963268e+00 1.5256387742e+00
1.2559696636e-04 1.8376672087e+04 1.5707963268e+00 1.5276442369e+00
1.2578194334e-04 1.8387728198e+04 1.5707963268e+00 1.5296472894e+00
1.2596681648e-04 1.8398804662e+04 1.5707963268e+00 1.5316479317e+00
1.2615158584e-04 1.8409901476e+04 1.5707963268e+00 1.5336461637e+00
1.2633625147e-04 1.8421018634e+04 1.5707963268e+00 1.5356419854e+00
1.2652081343e-04 1.8432156131e+04 1.5707963268e+00 1.5376353966e+00
1.2670527175e-04 1.8443313963e+04 1.5707963268e+00 1.5396263973e+00
1.2688962650e-04 1.8454492125e+04 1.5707963268e+00 1.5416149876e+00
1.2707387773e-04 1.8465690611e+04 1.5707963268e+00 1.5436011673e+00
1.2725802550e-04 1.8476909417e+04 1.5707963268e+00 1.5455849366e+00
1.2744206985e-04 1.8488148537e+04 1.5707963268e+00 1.5475662953e+00
1.2762601084e-04 1.8499407965e+04 1.5707963268e+00 1.5495452437e+00
1.2780984853e-04 1.8510687697e+04 1.5707963268e+00 1.5515217816e+00
1.2799358297e-04 1.8521987727e+04 1.5707963268e+00 1.5534959093e+00
1.2817721421e-04 1.8533308050e+04 1.5707963268e+00 1.5554676266e+00
1.2836074233e-04 1.8544648660e+04 1.5707963268e+00 1.5574369338e+00
1.2854416736e-04 1.8556009551e+04 1.5707963268e+00 1.5594038310e+00
1.2872748938e-04 1.8567390718e+04 1.5707963268e+00 1.5613683182e+00
1.2891070843e-04 1.8578792154e+04 1.5707963268e+00 1.5633303956e+00
1.2909382458e-04 1.8590213854e+04 1.5707963268e+00 1.5652900634e+00
1.2927683788e-04 1.8601655812e+04 1.5707963268e+00 1.5672473217e+00
1.2945974840e-04 1.8613118023e+04 1.5707963268e+00 1.5692021706e+00
1.2964255620e-04 1.8624600478e+04 1.5707963268e+00 1.5711546105e+00
1.2982526133e-04 1.8636103174e+04 1.5707963268e+00 1.5731046414e+00
1.3000786386e-04 1.8647626103e+04 1.5707963268e+00 1.5750522636e+00
1.3019036385e-04 1.8659169259e+04 1.5707963268e+00 1.5769974773e+00
1.3037276136e-04 1.8670732636e+04 1.5707963268e+00 1.5789402828e+00
1.3055505645e-04 1.8682316227e+04 1.5707963268e+00 1.5808806803e+00
1.3073724919e-04 1.8693920026e+04 1.5707963268e+00 1.5828186701e+00
1.3091933963e-04 1.8705544026e+04 1.5707963268e+00 1.5847542525e+00
1.3110132785e-04 1.8717188220e+04 1.5707963268e+00 1.5866874278e+00
1.3128321391e-04 1.8728852602e+04 1.5707963268e+00 1.5886181962e+00
1.3146499788e-04 1.8740537164e+04 1.5707963268e+00 1.5905465583e+00
1.3164667981e-04 1.8752241901e+04 1.5707963268e+00 1.5924725141e+00
1.3182825977e-04 1.8763966805e+04 1.5707963268e+00 1.5943960642e+00
1.3200973783e-04 1.8775711868e+04 1.5707963268e+00 1.5963172089e+00
1.3219111406e-04 1.8787477085e+04 1.5707963268e+00 1.5982359485e+00
1.3237238853e-04 1.8799262447e+04 1.5707963268e+00 1.6001522835e+00
1.3255356129e-04 1.8811067947e+04 1.5707963268e+00 1.6020662143e+00
1.3273463243e-04 1.8822893578e+04 1.5707963268e+00 1.6039777413e+00
1.3291560200e-04 1.8834739334e+04 1.5707963268e+00 1.6058868649e+00
1.3309647008e-04 1.8846605205e+04 1.5707963268e+00 1.6077935856e+00
1.3327723673e-04 1.8858491185e+04 1.5707963268e+00 1.6096979038e+00
1.3345790203e-04 1.8870397266e+04 1.5707963268e+00 1.6115998200e+00
1.3363846605e-04 1.8882323440e+04 1.5707963268e+00 1.6134993347e+00
1.3381892885e-04 1.8894269701e+04 1.5707963268e+00 1.6153964484e+00
1.3399929051e-04 1.8906236038e+04 1.5707963268e+00 1.6172911616e+00
1.3417955110e-04 1.8918222446e+04 1.5707963268e+00 1.6191834749e+00
1.3435971069e-04 1.8930228916e+04 1.5707963268e+00 1.6210733887e+00
1.3453976935e-04 1.8942255440e+04 1.5707963268e+00 1.6229609037e+00
1.3471972716e-04 1.8954302009e+04 1.5707963268e+00 1.6248460203e+00
1.3489958418e-04 1.8966368617e+04 1.5707963268e+00 1.6267287392e+00
1.3507934050e-04 1.8978455253e+04 1.5707963268e+00 1.6286090610e+00
1.3525899618e-04 1.8990561911e+04 1.5707963268e+00 1.6304869863e+00
1.3543855130e-04 1.9002688582e+04 1.5707963268e+00 1.6323625156e+00
1.3561800594e-04 1.9014835257e+04 1.5707963268e+00 1.6342356497e+00
1.3579736016e-04 1.9027001928e+04 1.5707963268e+00 1.6361063891e+00
1.3597661406e-04 1.9039188586e+04 1.5707963268e+00 1.6379747345e+00
1.3615576769e-04 1.9051395222e+04 1.5707963268e+00 1.6398406866e+00
1.3633482114e-04 1.9063621829e+04 1.5707963268e+00 1.6417042460e+00
1.3651377448e-04 1.9075868396e+04 1.5707963268e+00 1.6435654135e+00
1.3669262780e-04 1.9088134916e+04 1.5707963268e+00 1.6454241898e+00
1.3687138116e-04 1.9100421379e+04 1.5707963268e+00 1.6472805755e+00
1.3705003465e-04 1.9112727776e+04 1.5707963268e+00 1.6491345714e+00
1.3722858834e-04 1.9125054099e+04 1.5707963268e+00 1.6509861783e+00
1.3740704232e-04 1.9137400337e+04 1.5707963268e+00 1.6528353968e+00
1.3758539666e-04 1.9149766483e+04 1.5707963268e+00 1.6546822278e+00
1.3776365144e-04 1.9162152527e+04 1.5707963268e+00 1.6565266721e+00
1.3794180674e-04 1.9174558458e+04 1.5707963268e+00 1.6583687304e+00
1.3811986264e-04 1.9186984269e+04 1.5707963268e+00 1.6602084035e+00
1.3829781922e-04 1.9199429949e+04 1.5707963268e+00 1.6620456923e+00
1.3847567656e-04 1.9211895489e+04 1.5707963268e+00 1.6638805975e+00
1.3865343475e-04 1.9224380880e+04 1.5707963268e+00 1.6657131201e+00
1.3883109386e-04 1.9236886111e+04 1.5707963268e+00 1.6675432608e+00
1.3900865398e-04 1.9249411174e+04 1.5707963268e+00 1.6693710206e+00
1.3918611518e-04 1.9261956057e+04 1.5707963268e+00 1.6711964003e+00
1.3936347756e-04 1.9274520753e+04 1.5707963268e+00 1.6730194007e+00
1.3954074119e-04 1.9287105249e+04 1.5707963268e+00 1.6748400229e+00
1.3971790615e-04 1.9299709537e+04 1.5707963268e+00 1.6766582676e+00
1.3989497254e-04 1.9312333607e+04 1.5707963268e+00 1.6784741359e+00
1.4007194043e-04 1.9324977447e+04 1.5707963268e+00 1.6802876287e+00
1.4024880990e-04 1.9337641049e+04 1.5707963268e+00 1.6820987468e+00
1.4042558105e-04 1.9350324402e+04 1.5707963268e+00 1.6839074913e+00
1.4060225396e-04 1.9363027496e+04 1.5707963268e+00 1.6857138631e+00
1.4077882871e-04 1.9375750319e+04 1.5707963268e+00 1.6875178632e+00
1.4095530539e-04 1.9388492863e+04 1.5707963268e+00 1.6893194927e+00
1.4113168409e-04 1.9401255116e+04 1.5707963268e+00 1.6911187524e+00
1.4130796488e-04 1.9414037067e+04 1.5707963268e+00 1.6929156434e+00
1.4148414786e-04 1.9426838707e+04 1.5707963268e+00 1.6947101668e+00
1.4166023311e-04 1.9439660024e+04 1.5707963268e+00 1.6965023236e+00
1.4183622073e-04 1.9452501008e+04 1.5707963268e+00 1.6982921148e+00
1.4201211079e-04 1.9465361648e+04 1.5707963268e+00 1.7000795415e+00
1.4218790338e-04 1.9478241933e+04 1.5707963268e+00 1.7018646047e+00
1.4236359860e-04 1.9491141852e+04 1.5707963268e+00 1.7036473056e+00
1.4253919654e-04 1.9504061394e+04 1.5707963268e+00 1.7054276452e+00
1.4271469727e-04 1.9517000548e+04 1.5707963268e+00 1.7072056246e+00
1.4289010089e-04 1.9529959303e+04 1.5707963268e+00 1.7089812450e+00
1.4306540749e-04 1.9542937647e+04 1.5707963268e+00 1.7107545075e+00
1.4324061716e-04 1.9555935570e+04 1.5707963268e+00 1.7125254131e+00
1.4341572999e-04 1.9568953061e+04 1.5707963268e+00 1.7142939631e+00
1.4359074606e-04 1.9581990107e+04 1.5707963268e+00 1.7160601587e+00
1.4376566548e-04 1.9595046697e+04 1.5707963268e+00 1.7178240009e+00
1.4394048832e-04 1.9608122821e+04 1.5707963268e+00 1.7195854910e+00
1.4411521468e-04 1.9621218466e+04 1.5707963268e+00 1.7213446301e+00
1.4428984465e-04 1.9634333620e+04 1.5707963268e+00 1.7231014195e+00
1.4446437833e-04 1.9647468273e+04 1.5707963268e+00 1.7248558604e+00
1.4463881580e-04 1.9660622412e+04 1.5707963268e+00 1.7266079539e+00
1.4481315715e-04 1.9673796025e+04 1.5707963268e+00 1.7283577013e+00
1.4498740249e-04 1.9686989102e+04 1.5707963268e+00 1.7301051040e+00
1.4516155189e-04 1.9700201629e+04 1.5707963268e+00 1.7318501630e+00
1.4533560546e-04 1.9713433595e+04 1.5707963268e+00 1.7335928797e+00
1.4550956329e-04 1.9726684988e+04 1.5707963268e+00 1.7353332554e+00
1.4568342547e-04 1.9739955796e+04 1.5707963268e+00 1.7370712913e+00
1.4585719209e-04 1.9753246006e+04 1.5707963268e+00 1.7388069887e+00
1.4603086325e-04 1.9766555607e+04 1.5707963268e+00 1.7405403489e+00
1.4620443904e-04 1.9779884586e+04 1.5707963268e+00 1.7422713734e+00
1.4637791956e-04 1.9793232930e+04 1.5707963268e+00 1.7440000632e+00
1.4655130490e-04 1.9806600629e+04 1.5707963268e+00 1.7457264199e+00
1.4672459515e-04 1.9819987668e+04 1.5707963268e+00 1.7474504447e+00
1.4689779042e-04 1.9833394036e+04 1.5707963268e+00 1.7491721391e+00
1.4707089079e-04 1.9846819720e+04 1.5707963268e+00 1.7508915043e+00
1.4724389637e-04 1.9860264708e+04 1.5707963268e+00 1.7526085418e+00
1.4741680724e-04 1.9873728987e+04 1.5707963268e+00 1.7543232528e+00
1.4758962351e-04 1.9887212543e+04 1.5707963268e+00 1.7560356389e+00
1.4776234526e-04 1.9900715365e+04 1.5707963268e+00 1.7577457015e+00
1.4793497261e-04 1.9914237440e+04 1.5707963268e+00 1.7594534418e+00
1.4810750564e-04 1.9927778754e+04 1.5707963268e+00 1.7611588615e+00
1.4827994445e-04 1.9941339295e+04 1.5707963268e+00 1.7628619618e+00
1.4845228913e-04 1.9954919050e+04 1.5707963268e+00 1.7645627442e+00
1.4862453979e-04 1.9968518005e+04 1.5707963268e+00 1.7662612103e+00
1.4879669653e-04 1.9982136148e+04 1.5707963268e+00 1.7679573613e+00
1.4896875943e-04 1.9995773466e+04 1.5707963268e+00 1.7696511989e+00
1.4914072861e-04 2.0009429945e+04 1.5707963268e+00 1.7713427245e+00
1.4931260415e-04 2.0023105572e+04 1.5707963268e+00 1.7730319396e+00
1.4948438616e-04 2.0036800334e+04 1.5707963268e+00 1.7747188457e+00
1.4965607473e-04 2.0050514217e+04 1.5707963268e+00 1.7764034442e+00
1.4982766996e-04 2.0064247208e+04 1.5707963268e+00 1.7780857367e+00
1.4999917196e-04 2.0077999294e+04 1.5707963268e+00 1.7797657248e+00
1.5017058082e-04 2.0091770461e+04 1.5707963268e+00 1.7814434100e+00
1.5034189665e-04 2.0105560695e+04 1.5707963268e+00 1.7831187937e+00
1.5051311953e-04 2.0119369983e+04 1.5707963268e+00 1.7847918776e+00
1.5068424957e-04 2.0133198311e+04 1.5707963268e+00 1.7864626632e+00
1.5085528688e-04 2.0147045666e+04 1.5707963268e+00 1.7881311522e+00
1.5102623155e-04 2.0160912033e+04 1.5707963268e+00 1.7897973460e+00
1.5119708368e-04 2.0174797399e+04 1.5707963268e+00 1.7914612462e+00
1.5136784337e-04 2.0188701750e+04 1.5707963268e+00 1.7931228545e+00
1.5153851073e-04 2.0202625072e+04 1.5707963268e+00 1.7947821725e+00
1.5170908586e-04 2.0216567351e+04 1.5707963268e+00 1.7964392017e+00
1.5187956884e-04 2.0230528574e+04 1.5707963268e+00 1.7980939438e+00
1.5204995980e-04 2.0244508725e+04 1.5707963268e+00 1.7997464005e+00
1.5222025883e-04 2.0258507791e+04 1.5707963268e+00 1.8013965733e+00
1.5239046603e-04 2.0272525757e+04 1.5707963268e+00 1.8030444639e+00
1.5256058150e-04 2.0286562610e+04 1.5707963268e+00 1.8046900740e+00
1.5273060535e-04 2.0300618335e+04 1.5707963268e+00 1.8063334053e+00
1.5290053767e-04 2.0314692918e+04 1.5707963268e+00 1.8079744593e+00
1.5307037858e-04 2.0328786344e+04 1.5707963268e+00 1.8096132378e+00
1.5324012817e-04 2.0342898599e+04 1.5707963268e+00 1.8112497425e+00
1.5340978654e-04 2.0357029669e+04 1.5707963268e+00 1.8128839751e+00
1.5357935381e-04 2.0371179539e+04 1.5707963268e+00 1.8145159373e+00
1.5374883006e-04 2.0385348194e+04 1.5707963268e+00 1.8161456307e+00
1.5391821541e-04 2.0399535620e+04 1.5707963268e+00 1.8177730572e+00
1.5408750996e-04 2.0413741803e+04 1.5707963268e+00 1.8193982184e+00
1.5425671381e-04 2.0427966727e+04 1.5707963268e+00 1.8210211161e+00
1.5442582707e-04 2.0442210377e+04 1.5707963268e+00 1.8226417520e+00
1.5459484984e-04 2.0456472740e+04 1.5707963268e+00 1.8242601280e+00
1.5476378223e-04 2.0470753799e+04 1.5707963268e+00 1.8258762456e+00
1.5493262433e-04 2.0485053541e+04 1.5707963268e+00 1.8274901068e+00
1.5510137625e-04 2.0499371950e+04 1.5707963268e+00 1.8291017133e+00
1.5527003811e-04 2.0513709011e+04 1.5707963268e+00 1.8307110668e+00
1.5543860999e-04 2.0528064710e+04 1.5707963268e+00 1.8323181692e+00
1.5560709201e-04 2.0542439031e+04 1.5707963268e+00 1.8339230223e+00
1.5577548428e-04 2.0556831958e+04 1.5707963268e+00 1.8355256278e+00
1.5594378689e-04 2.0571243478e+04 1.5707963268e+00 1.8371259877e+00
1.5611199995e-04 2.0585673575e+04 1.5707963268e+00 1.8387241036e+00
1.5628012357e-04 2.0600122232e+04 1.5707963268e+00 1.8403199775e+00
1.5644815786e-04 2.0614589436e+04 1.5707963268e+00 1.8419136112e+00
1.5661610291e-04 2.0629075171e+04 1.5707963268e+00 1.8435050065e+00
1.5678395884e-04 2.0643579422e+04 1.5707963268e+00 1.8450941652e+00
1.5695172575e-04 2.0658102172e+04 1.5707963268e+00 1.8466810893e+00
1.5711940374e-04 2.0672643407e+04 1.5707963268e+00 1.8482657806e+00
1.5728699293e-04 2.0687203111e+04 1.5707963268e+00 1.8498482410e+00
1.5745449341e-04 2.0701781268e+04 1.5707963268e+00 1.8514284723e+00
1.5762190530e-04 2.0716377863e+04 1.5707963268e+00 1.8530064765e+00
1.5778922870e-04 2.0730992881e+04 1.5707963268e+00 1.8545822554e+00
1.5795646372e-04 2.0745626305e+04 1.5707963268e+00 1.8561558109e+00
1.5812361047e-04 2.0760278120e+04 1.5707963268e+00 1.8577271450e+00
1.5829066904e-04 2.0774948310e+04 1.5707963268e+00 1.8592962595e+00
1.5845763956e-04 2.0789636860e+04 1.5707963268e+00 1.8608631565e+00
1.5862452212e-04 2.0804343752e+04 1.5707963268e+00 1.8624278377e+00
1.5879131683e-04 2.0819068973e+04 1.5707963268e+00 1.8639903051e+00
1.5895802380e-04 2.0833812505e+04 1.5707963268e+00 1.8655505608e+00
1.5912464314e-04 2.0848574333e+04 1.5707963268e+00 1.8671086066e+00
1.5929117495e-04 2.0863354441e+04 1.5707963268e+00 1.8686644444e+00
1.5945761935e-04 2.0878152812e+04 1.5707963268e+00 1.8702180764e+00
1.5962397643e-04 2.0892969431e+04 1.5707963268e+00 1.8717695043e+00
1.5979024632e-04 2.0907804282e+04 1.5707963268e+00 1.8733187302e+00
1.5995642911e-04 2.0922657347e+04 1.5707963268e+00 1.8748657561e+00
1.6012252491e-04 2.0937528612e+04 1.5707963268e+00 1.8764105840e+00
1.6028853383e-04 2.0952418060e+04 1.5707963268e+00 1.8779532158e+00
1.6045445598e-04 2.0967325675e+04 1.5707963268e+00 1.8794936536e+00
1.6062029147e-04 2.0982251439e+04 1.5707963268e+00 1.8810318994e+00
1.6078604041e-04 2.0997195338e+04 1.5707963268e+00 1.8825679551e+00
1.6095170290e-04 2.1012157355e+04 1.5707963268e+00 1.8841018228e+00
1.6111727905e-04 2.1027137472e+04 1.5707963268e+00 1.8856335045e+00
1.6128276897e-04 2.1042135674e+04 1.5707963268e+00 1.8871630023e+00
1.6144817277e-04 2.1057151945e+04 1.5707963268e+00 1.8886903181e+00
1.6161349056e-04 2.1072186267e+04 1.5707963268e+00 1.8902154541e+00
1.6177872245e-04 2.1087238625e+04 1.5707963268e+00 1.8917384123e+00
1.6194386854e-04 2.1102309001e+04 1.5707963268e+00 1.8932591947e+00
1.6210892895e-04 2.1117397379e+04 1.5707963268e+00 1.8947778034e+00
1.6227390378e-04 2.1132503742e+04 1.5707963268e+00 1.8962942404e+00
1.6243879314e-04 2.1147628074e+04 1.5707963268e+00 1.8978085079e+00
1.6260359715e-04 2.1162770357e+04 1.5707963268e+00 1.8993206079e+00
1.6276831590e-04 2.1177930576e+04 1.5707963268e+00 1.9008305424e+00
1.6293294952e-04 2.1193108713e+04 1.5707963268e+00 1.9023383137e+00
1.6309749810e-04 2.1208304751e+04 1.5707963268e+00 1.9038439237e+00
1.6326196177e-04 2.1223518674e+04 1.5707963268e+00 1.9053473746e+00
1.6342634062e-04 2.1238750464e+04 1.5707963268e+00 1.9068486684e+00
1.6359063477e-04 2.1254000105e+04 1.5707963268e+00 1.9083478074e+00
1.6375484433e-04 2.1269267579e+04 1.5707963268e+00 1.9098447936e+00
1.6391896940e-04 2.1284552871e+04 1.5707963268e+00 1.9113396290e+00
1.6408301010e-04 2.1299855962e+04 1.5707963268e+00 1.9128323160e+00
1.6424696653e-04 2.1315176835e+04 1.5707963268e+00 1.9143228565e+00
1.6441083881e-04 2.1330515474e+04 1.5707963268e+00 1.9158112528e+00
1.6457462705e-04 2.1345871862e+04 1.5707963268e+00 1.9172975069e+00
1.6473833135e-04 2.1361245980e+04 1.5707963268e+00 1.9187816210e+00
1.6490195183e-04 2.1376637812e+04 1.5707963268e+00 1.9202635973e+00
1.6506548859e-04 2.1392047342e+04 1.5707963268e+00 1.9217434380e+00
1.6522894175e-04 2.1407474550e+04 1.5707963268e+00 1.9232211451e+00
1.6539231141e-04 2.1422919421e+04 1.5707963268e+00 1.9246967209e+00
1.6555559769e-04 2.1438381936e+04 1.5707963268e+00 1.9261701675e+00
1.6571880069e-04 2.1453862080e+04 1.5707963268e+00 1.9276414871e+00
1.6588192053e-04 2.1469359833e+04 1.5707963268e+00 1.9291106819e+00
1.6604495731e-04 2.1484875179e+04 1.5707963268e+00 1.9305777541e+00
1.6620791115e-04 2.1500408100e+04 1.5707963268e+00 1.9320427058e+00
1.6637078215e-04 2.1515958579e+04 1.5707963268e+00 1.9335055393e+00
1.6653357043e-04 2.1531526598e+04 1.5707963268e+00 1.9349662568e+00
1.6669627610e-04 2.1547112140e+04 1.5707963268e+00 1.9364248605e+00
1.6685889926e-04 2.1562715187e+04 1.5707963268e+00 1.9378813525e+00
1.6702144003e-04 2.1578335722e+04 1.5707963268e+00 1.9393357352e+00
1.6718389852e-04 2.1593973727e+04 1.5707963268e+00 1.9407880107e+00
1.6734627484e-04 2.1609629184e+04 1.5707963268e+00 1.9422381812e+00
1.6750856909e-04 2.1625302076e+04 1.5707963268e+00 1.9436862490e+00
1.6767078139e-04 2.1640992385e+04 1.5707963268e+00 1.9451322163e+00
1.6783291186e-04 2.1656700093e+04 1.5707963268e+00 1.9465760854e+00
1.6799496059e-04 2.1672425182e+04 1.5707963268e+00 1.9480178584e+00
1.6815692770e-04 2.1688167636e+04 1.5707963268e+00 1.9494575377e+00
1.6831881330e-04 2.1703927435e+04 1.5707963268e+00 1.9508951255e+00
1.6848061751e-04 2.1719704563e+04 1.5707963268e+00 1.9523306240e+00
1.6864234042e-04 2.1735499000e+04 1.5707963268e+00 1.9537640355e+00
1.6880398216e-04 2.1751310731e+04 1.5707963268e+00 1.9551953623e+00
1.6896554283e-04 2.1767139735e+04 1.5707963268e+00 1.9566246066e+00
1.6912702255e-04 2.1782985996e+04 1.5707963268e+00 1.9580517707e+00
1.6928842142e-04 2.1798849496e+04 1.5707963268e+00 1.9594768569e+00
1.6944973955e-04 2.1814730217e+04 1.5707963268e+00 1.9608998674e+00
1.6961097706e-04 2.1830628140e+04 1.5707963268e+00 1.9623208046e+00
1.6977213405e-04 2.1846543247e+04 1.5707963268e+00 1.9637396707e+00
1.6993321065e-04 2.1862475521e+04 1.5707963268e+00 1.9651564680e+00
1.7009420694e-04 2.1878424944e+04 1.5707963268e+00 1.9665711989e+00
1.7025512306e-04 2.1894391497e+04 1.5707963268e+00 1.9679838655e+00
1.7041595911e-04 2.1910375162e+04 1.5707963268e+00 1.9693944703e+00
1.7057671519e-04 2.1926375921e+04 1.5707963268e+00 1.9708030155e+00
1.7073739143e-04 2.1942393756e+04 1.5707963268e+00 1.9722095034e+00
1.7089798792e-04 2.1958428649e+04 1.5707963268e+00 1.9736139363e+00
1.7105850479e-04 2.1974480581e+04 1.5707963268e+00 1.9750163166e+00
1.7121894214e-04 2.1990549535e+04 1.5707963268e+00 1.9764166466e+00
1.7137930008e-04 2.2006635492e+04 1.5707963268e+00 1.9778149286e+00
1.7153957872e-04 2.2022738433e+04 1.5707963268e+00 1.9792111649e+00
1.7169977818e-04 2.2038858341e+04 1.5707963268e+00 1.9806053579e+00
1.7185989856e-04 2.2054995197e+04 1.5707963268e+00 1.9819975099e+00
1.7201993997e-04 2.2071148983e+04 1.5707963268e+00 1.9833876232e+00
1.7217990254e-04 2.2087319680e+04 1.5707963268e+00 1.9847757002e+00
1.7233978635e-04 2.2103507270e+04 1.5707963268e+00 1.9861617432e+00
1.7249959154e-04 2.2119711735e+04 1.5707963268e+00 1.9875457546e+00
1.7265931820e-04 2.2135933055e+04 1.5707963268e+00 1.9889277366e+00
1.7281896644e-04 2.2152171214e+04 1.5707963268e+00 1.9903076918e+00
1.7297853639e-04 2.2168426192e+04 1.5707963268e+00 1.9916856224e+00
1.7313802814e-04 2.2184697971e+04 1.5707963268e+00 1.9930615307e+00
1.7329744182e-04 2.2200986532e+04 1.5707963268e+00 1.9944354192e+00
1.7345677752e-04 2.2217291856e+04 1.5707963268e+00 1.9958072902e+00
1.7361603536e-04 2.2233613926e+04 1.5707963268e+00 1.9971771461e+00
1.7377521546e-04 2.2249952723e+04 1.5707963268e+00 1.9985449893e+00
1.7393431791e-04 2.2266308228e+04 1.5707963268e+00 1.9999108221e+00
1.7409334283e-04 2.2282680422e+04 1.5707963268e+00 2.0012746469e+00
1.7425229034e-04 2.2299069287e+04 1.5707963268e+00 2.0026364660e+00
1.7441116053e-04 2.2315474804e+04 1.5707963268e+00 2.0039962820e+00
1.7456995353e-04 2.2331896955e+04 1.5707963268e+00 2.0053540971e+00
1.7472866944e-04 2.2348335721e+04 1.5707963268e+00 2.0067099137e+00
1.7488730837e-04 2.2364791083e+04 1.5707963268e+00 2.0080637343e+00
1.7504587044e-04 2.2381263022e+04 1.5707963268e+00 2.0094155612e+00
1.7520435575e-04 2.2397751520e+04 1.5707963268e+00 2.0107653969e+00
1.7536276441e-04 2.2414256559e+04 1.5707963268e+00 2.0121132436e+00
1.7552109653e-04 2.2430778118e+04 1.5707963268e+00 2.0134591039e+00
1.7567935222e-04 2.2447316181e+04 1.5707963268e+00 2.0148029801e+00
1.7583753160e-04 2.2463870727e+04 1.5707963268e+00 2.0161448747e+00
1.7599563477e-04 2.2480441738e+04 1.5707963268e+00 2.0174847900e+00
1.7615366185e-04 2.2497029195e+04 1.5707963268e+00 2.0188227285e+00
1.7631161293e-04 2.2513633079e+04 1.5707963268e+00 2.0201586925e+00
1.7646948814e-04 2.2530253372e+04 1.5707963268e+00 2.0214926845e+00
1.7662728758e-04 2.2546890055e+04 1.5707963268e+00 2.0228247070e+00
1.7678501136e-04 2.2563543108e+04 1.5707963268e+00 2.0241547622e+00
1.7694265959e-04 2.2580212514e+04 1.5707963268e+00 2.0254828527e+00
1.7710023239e-04 2.2596898252e+04 1.5707963268e+00 2.0268089809e+00
1.7725772986e-04 2.2613600304e+04 1.5707963268e+00 2.0281331492e+00
1.7741515210e-04 2.2630318651e+04 1.5707963268e+00 2.0294553601e+00
1.7757249924e-04 2.2647053275e+04 1.5707963268e+00 2.0307756158e+00
1.7772977138e-04 2.2663804156e+04 1.5707963268e+00 2.0320939190e+00
1.7788696862e-04 2.2680571275e+04 1.5707963268e+00 2.0334102721e+00
1.7804409108e-04 2.2697354613e+04 1.5707963268e+00 2.0347246774e+00
1.7820113888e-04 2.2714154152e+04 1.5707963268e+00 2.0360371374e+00
1.7835811210e-04 2.2730969872e+04 1.5707963268e+00 2.0373476546e+00
1.7851501088e-04 2.2747801754e+04 1.5707963268e+00 2.0386562313e+00
1.7867183531e-04 2.2764649779e+04 1.5707963268e+00 2.0399628702e+00
1.7882858551e-04 2.2781513929e+04 1.5707963268e+00 2.0412675735e+00
1.7898526157e-04 2.2798394183e+04 1.5707963268e+00 2.0425703437e+00
1.7914186363e-04 2.2815290524e+04 1.5707963268e+00 2.0438711834e+00
1.7929839177e-04 2.2832202932e+04 1.5707963268e+00 2.0451700948e+00
1.7945484611e-04 2.2849131387e+04 1.5707963268e+00 2.0464670806e+00
1.7961122677e-04 2.2866075871e+04 1.5707963268e+00 2.0477621431e+00
1.7976753384e-04 2.2883036365e+04 1.5707963268e+00 2.0490552849e+00
1.7992376744e-04 2.2900012850e+04 1.5707963268e+00 2.0503465083e+00
1.8007992767e-04 2.2917005306e+04 1.5707963268e+00 2.0516358159e+00
1.8023601465e-04 2.2934013714e+04 1.5707963268e+00 2.0529232100e+00
1.8039202849e-04 2.2951038056e+04 1.5707963268e+00 2.0542086932e+00
1.8054796928e-04 2.2968078311e+04 1.5707963268e+00 2.0554922679e+00
1.8070383714e-04 2.2985134462e+04 1.5707963268e+00 2.0567739367e+00
1.8085963218e-04 2.3002206487e+04 1.5707963268e+00 2.0580537018e+00
1.8101535451e-04 2.3019294370e+04 1.5707963268e+00 2.0593315660e+00
1.8117100424e-04 2.3036398089e+04 1.5707963268e+00 2.0606075315e+00
1.8132658146e-04 2.3053517627e+04 1.5707963268e+00 2.0618816008e+00
1.8148208630e-04 2.3070652963e+04 1.5707963268e+00 2.0631537766e+00
1.8163751886e-04 2.3087804079e+04 1.5707963268e+00 2.0644240611e+00
1.8179287924e-04 2.3104970956e+04 1.5707963268e+00 2.0656924570e+00
1.8194816756e-04 2.3122153573e+04 1.5707963268e+00 2.0669589666e+00
1.8210338392e-04 2.3139351913e+04 1.5707963268e+00 2.0682235925e+00
1.8225852843e-04 2.3156565955e+04 1.5707963268e+00 2.0694863371e+00
1.8241360120e-04 2.3173795680e+04 1.5707963268e+00 2.0707472029e+00
1.8256860233e-04 2.3191041070e+04 1.5707963268e+00 2.0720061924e+00
1.8272353194e-04 2.3208302104e+04 1.5707963268e+00 2.0732633081e+00
1.8287839013e-04 2.3225578764e+04 1.5707963268e+00 2.0745185525e+00
1.8303317701e-04 2.3242871030e+04 1.5707963268e+00 2.0757719280e+00
1.8318789269e-04 2.3260178883e+04 1.5707963268e+00 2.0770234372e+00
1.8334253726e-04 2.3277502304e+04 1.5707963268e+00 2.0782730824e+00
1.8349711085e-04 2.3294841273e+04 1.5707963268e+00 2.0795208663e+00
1.8365161355e-04 2.3312195771e+04 1.5707963268e+00 2.0807667913e+00
1.8380604548e-04 2.3329565779e+04 1.5707963268e+00 2.0820108599e+00
1.8396040674e-04 2.3346951277e+04 1.5707963268e+00 2.0832530745e+00
1.8411469744e-04 2.3364352246e+04 1.5707963268e+00 2.0844934377e+00
1.8426891768e-04 2.3381768667e+04 1.5707963268e+00 2.0857319520e+00
1.8442306757e-04 2.3399200521e+04 1.5707963268e+00 2.0869686198e+00
1.8457714722e-04 2.3416647787e+04 1.5707963268e+00 2.0882034437e+00
1.8473115673e-04 2.3434110447e+04 1.5707963268e+00 2.0894364262e+00
1.8488509622e-04 2.3451588482e+04 1.5707963268e+00 2.0906675696e+00
1.8503896578e-04 2.3469081871e+04 1.5707963268e+00 2.0918968766e+00
1.8519276553e-04 2.3486590596e+04 1.5707963268e+00 2.0931243497e+00
1.8534649557e-04 2.3504114637e+04 1.5707963268e+00 2.0943499912e+00
1.8550015600e-04 2.3521653975e+04 1.5707963268e+00 2.0955738038e+00
1.8565374693e-04 2.3539208591e+04 1.5707963268e+00 2.0967957899e+00
1.8580726847e-04 2.3556778465e+04 1.5707963268e+00 2.0980159521e+00
1.8596072073e-04 2.3574363577e+04 1.5707963268e+00 2.0992342927e+00
1.8611410380e-04 2.3591963909e+04 1.5707963268e+00 2.1004508144e+00
1.8626741780e-04 2.3609579441e+04 1.5707963268e+00 2.1016655196e+00
1.8642066283e-04 2.3627210153e+04 1.5707963268e+00 2.1028784108e+00
1.8657383900e-04 2.3644856027e+04 1.5707963268e+00 2.1040894905e+00
1.8672694641e-04 2.3662517042e+04 1.5707963268e+00 2.1052987613e+00
1.8687998516e-04 2.3680193180e+04 1.5707963268e+00 2.1065062255e+00
1.8703295537e-04 2.3697884421e+04 1.5707963268e+00 2.1077118858e+00
1.8718585713e-04 2.3715590745e+04 1.5707963268e+00 2.1089157447e+00
1.8733869056e-04 2.3733312133e+04 1.5707963268e+00 2.1101178045e+00
1.8749145575e-04 2.3751048567e+04 1.5707963268e+00 2.1113180679e+00
1.8764415282e-04 2.3768800025e+04 1.5707963268e+00 2.1125165373e+00
1.8779678186e-04 2.3786566490e+04 1.5707963268e+00 2.1137132153e+00
1.8794934299e-04 2.3804347941e+04 1.5707963268e+00 2.1149081043e+00
1.8810183630e-04 2.3822144360e+04 1.5707963268e+00 2.1161012068e+00
1.8825426190e-04 2.3839955726e+04 1.5707963268e+00 2.1172925254e+00
1.8840661989e-04 2.3857782020e+04 1.5707963268e+00 2.1184820625e+00
1.8855891039e-04 2.3875623224e+04 1.5707963268e+00 2.1196698207e+00
1.8871113349e-04 2.3893479316e+04 1.5707963268e+00 2.1208558024e+00
1.8886328929e-04 2.3911350279e+04 1.5707963268e+00 2.1220400102e+00
1.8901537791e-04 2.3929236093e+04 1.5707963268e+00 2.1232224465e+00
1.8916739944e-04 2.3947136738e+04 1.5707963268e+00 2.1244031139e+00
1.8931935399e-04 2.3965052195e+04 1.5707963268e+00 2.1255820149e+00
1.8947124167e-04 2.3982982444e+04 1.5707963268e+00 2.1267591519e+00
1.8962306257e-04 2.4000927466e+04 1.5707963268e+00 2.1279345276e+00
1.8977481680e-04 2.4018887242e+04 1.5707963268e+00 2.1291081442e+00
1.8992650447e-04 2.4036861753e+04 1.5707963268e+00 2.1302800045e+00
1.9007812567e-04 2.4054850978e+04 1.5707963268e+00 2.1314501109e+00
1.9022968051e-04 2.4072854898e+04 1.5707963268e+00 2.1326184658e+00
1.9038116909e-04 2.4090873494e+04 1.5707963268e+00 2.1337850718e+00
1.9053259152e-04 2.4108906747e+04 1.5707963268e+00 2.1349499314e+00
1.9068394790e-04 2.4126954638e+04 1.5707963268e+00 2.1361130471e+00
1.9083523833e-04 2.4145017146e+04 1.5707963268e+00 2.1372744213e+00
1.9098646291e-04 2.4163094252e+04 1.5707963268e+00 2.1384340567e+00
1.9113762176e-04 2.4181185938e+04 1.5707963268e+00 2.1395919556e+00
1.9128871496e-04 2.4199292183e+04 1.5707963268e+00 2.1407481206e+00
1.9143974262e-04 2.4217412968e+04 1.5707963268e+00 2.1419025543e+00
1.9159070484e-04 2.4235548274e+04 1.5707963268e+00 2.1430552590e+00
1.9174160174e-04 2.4253698082e+04 1.5707963268e+00 2.1442062373e+00
1.9189243340e-04 2.4271862372e+04 1.5707963268e+00 2.1453554916e+00
1.9204319993e-04 2.4290041124e+04 1.5707963268e+00 2.1465030246e+00
1.9219390143e-04 2.4308234320e+04 1.5707963268e+00 2.1476488386e+00
1.9234453801e-04 2.4326441940e+04 1.5707963268e+00 2.1487929362e+00
1.9249510976e-04 2.4344663964e+04 1.5707963268e+00 2.1499353199e+00
1.9264561678e-04 2.4362900374e+04 1.5707963268e+00 2.1510759921e+00
1.9279605919e-04 2.4381151149e+04 1.5707963268e+00 2.1522149554e+00
1.9294643707e-04 2.4399416271e+04 1.5707963268e+00 2.1533522123e+00
1.9309675054e-04 2.4417695720e+04 1.5707963268e+00 2.1544877652e+00
1.9324699969e-04 2.4435989477e+04 1.5707963268e+00 2.1556216166e+00
1.9339718462e-04 2.4454297523e+04 1.5707963268e+00 2.1567537691e+00
1.9354730543e-04 2.4472619837e+04 1.5707963268e+00 2.1578842251e+00
1.9369736223e-04 2.4490956401e+04 1.5707963268e+00 2.1590129872e+00
1.9384735511e-04 2.4509307196e+04 1.5707963268e+00 2.1601400577e+00
1.9399728418e-04 2.4527672202e+04 1.5707963268e+00 2.1612654393e+00
1.9414714953e-04 2.4546051400e+04 1.5707963268e+00 2.1623891343e+00
1.9429695127e-04 2.4564444770e+04 1.5707963268e+00 2.1635111453e+00
1.9444668950e-04 2.4582852293e+04 1.5707963268e+00 2.1646314747e+00
1.9459636431e-04 2.4601273950e+04 1.5707963268e+00 2.1657501251e+00
1.9474597580e-04 2.4619709722e+04 1.5707963268e+00 2.1668670990e+00
1.9489552409e-04 2.4638159589e+04 1.5707963268e+00 2.1679823987e+00
1.9504500926e-04 2.4656623532e+04 1.5707963268e+00 2.1690960269e+00
1.9519443141e-04 2.4675101532e+04 1.5707963268e+00 2.1702079859e+00
1.9534379065e-04 2.4693593569e+04 1.5707963268e+00 2.1713182784e+00
1.9549308707e-04 2.4712099625e+04 1.5707963268e+00 2.1724269066e+00
1.9564232078e-04 2.4730619679e+04 1.5707963268e+00 2.1735338732e+00
1.9579149187e-04 2.4749153713e+04 1.5707963268e+00 2.1746391806e+00
1.9594060044e-04 2.4767701707e+04 1.5707963268e+00 2.1757428313e+00
1.9608964659e-04 2.4786263643e+04 1.5707963268e+00 2.1768448277e+00
1.9623863042e-04 2.4804839500e+04 1.5707963268e+00 2.1779451724e+00
1.9638755203e-04 2.4823429260e+04 1.5707963268e+00 2.1790438678e+00
1.9653641152e-04 2.4842032904e+04 1.5707963268e+00 2.1801409163e+00
1.9668520898e-04 2.4860650411e+04 1.5707963268e+00 2.1812363206e+00
1.9683394451e-04 2.4879281764e+04 1.5707963268e+00 2.1823300829e+00
1.9698261821e-04 2.4897926943e+04 1.5707963268e+00 2.1834222059e+00
1.9713123019e-04 2.4916585928e+04 1.5707963268e+00 2.1845126919e+00
1.9727978053e-04 2.4935258701e+04 1.5707963268e+00 2.1856015435e+00
1.9742826933e-04 2.4953945242e+04 1.5707963268e+00 2.1866887631e+00
1.9757669670e-04 2.4972645532e+04 1.5707963268e+00 2.1877743531e+00
1.9772506273e-04 2.4991359552e+04 1.5707963268e+00 2.1888583161e+00
1.9787336752e-04 2.5010087283e+04 1.5707963268e+00 2.1899406545e+00
1.9802161117e-04 2.5028828705e+04 1.5707963268e+00 2.1910213707e+00
1.9816979376e-04 2.5047583800e+04 1.5707963268e+00 2.1921004673e+00
1.9831791541e-04 2.5066352548e+04 1.5707963268e+00 2.1931779466e+00
1.9846597620e-04 2.5085134931e+04 1.5707963268e+00 2.1942538112e+00
1.9861397624e-04 2.5103930929e+04 1.5707963268e+00 2.1953280634e+00
1.9876191562e-04 2.5122740523e+04 1.5707963268e+00 2.1964007059e+00
1.9890979443e-04 2.5141563693e+04 1.5707963268e+00 2.1974717409e+00
1.9905761278e-04 2.5160400422e+04 1.5707963268e+00 2.1985411710e+00
1.9920537076e-04 2.5179250689e+04 1.5707963268e+00 2.1996089986e+00
1.9935306846e-04 2.5198114476e+04 1.5707963268e+00 2.2006752261e+00
1.9950070599e-04 2.5216991764e+04 1.5707963268e+00 2.2017398561e+00
1.9964828343e-04 2.5235882533e+04 1.5707963268e+00 2.2028028909e+00
1.9979580089e-04 2.5254786765e+04 1.5707963268e+00 2.2038643330e+00
1.9994325846e-04 2.5273704441e+04 1.5707963268e+00 2.2049241848e+00
2.0009065624e-04 2.5292635541e+04 1.5707963268e+00 2.2059824489e+00
2.0023799431e-04 2.5311580047e+04 1.5707963268e+00 2.2070391276e+00
2.0038527279e-04 2.5330537939e+04 1.5707963268e+00 2.2080942233e+00
2.0053249175e-04 2.5349509198e+04 1.5707963268e+00 2.2091477386e+00
2.0067965130e-04 2.5368493806e+04 1.5707963268e+00 2.2101996758e+00
2.0082675154e-04 2.5387491744e+04 1.5707963268e+00 2.2112500373e+00
2.0097379255e-04 2.5406502993e+04 1.5707963268e+00 2.2122988257e+00
2.0112077443e-04 2.5425527533e+04 1.5707963268e+00 2.2133460433e+00
2.0126769728e-04 2.5444565345e+04 1.5707963268e+00 2.2143916926e+00
2.0141456119e-04 2.5463616412e+04 1.5707963268e+00 2.2154357760e+00
2.0156136626e-04 2.5482680714e+04 1.5707963268e+00 2.2164782960e+00
2.0170811258e-04 2.5501758231e+04 1.5707963268e+00 2.2175192549e+00
2.0185480024e-04 2.5520848946e+04 1.5707963268e+00 2.2185586551e+00
2.0200142934e-04 2.5539952839e+04 1.5707963268e+00 2.2195964992e+00
2.0214799997e-04 2.5559069891e+04 1.5707963268e+00 2.2206327895e+00
2.0229451222e-04 2.5578200084e+04 1.5707963268e+00 2.2216675285e+00
2.0244096620e-04 2.5597343399e+04 1.5707963268e+00 2.2227007184e+00
2.0258736198e-04 2.5616499816e+04 1.5707963268e+00 2.2237323619e+00
2.0273369968e-04 2.5635669317e+04 1.5707963268e+00 2.2247624613e+00
2.0287997937e-04 2.5654851884e+04 1.5707963268e+00 2.2257910189e+00
2.0302620116e-04 2.5674047497e+04 1.5707963268e+00 2.2268180373e+00
2.0317236513e-04 2.5693256137e+04 1.5707963268e+00 2.2278435188e+00
2.0331847138e-04 2.5712477786e+04 1.5707963268e+00 2.2288674658e+00
2.0346452000e-04 2.5731712426e+04 1.5707963268e+00 2.2298898807e+00
2.0361051108e-04 2.5750960037e+04 1.5707963268e+00 2.2309107660e+00
2.0375644472e-04 2.5770220600e+04 1.5707963268e+00 2.2319301240e+00
2.0390232101e-04 2.5789494097e+04 1.5707963268e+00 2.2329479571e+00
2.0404814004e-04 2.5808780509e+04 1.5707963268e+00 2.2339642678e+00
2.0419390191e-04 2.5828079818e+04 1.5707963268e+00 2.2349790584e+00
2.0433960670e-04 2.5847392004e+04 1.5707963268e+00 2.2359923313e+00
2.0448525450e-04 2.5866717050e+04 1.5707963268e+00 2.2370040889e+00
2.0463084542e-04 2.5886054936e+04 1.5707963268e+00 2.2380143336e+00
2.0477637953e-04 2.5905405643e+04 1.5707963268e+00 2.2390230678e+00
2.0492185694e-04 2.5924769154e+04 1.5707963268e+00 2.2400302939e+00
2.0506727773e-04 2.5944145449e+04 1.5707963268e+00 2.2410360142e+00
2.0521264199e-04 2.5963534511e+04 1.5707963268e+00 2.2420402312e+00
2.0535794982e-04 2.5982936319e+04 1.5707963268e+00 2.2430429472e+00
2.0550320131e-04 2.6002350856e+04 1.5707963268e+00 2.2440441645e+00
2.0564839654e-04 2.6021778103e+04 1.5707963268e+00 2.2450438857e+00
2.0579353562e-04 2.6041218042e+04 1.5707963268e+00 2.2460421130e+00
2.0593861861e-04 2.6060670654e+04 1.5707963268e+00 2.2470388488e+00
2.0608364563e-04 2.6080135921e+04 1.5707963268e+00 2.2480340956e+00
2.0622861676e-04 2.6099613823e+04 1.5707963268e+00 2.2490278555e+00
2.0637353209e-04 2.6119104343e+04 1.5707963268e+00 2.2500201312e+00
2.0651839171e-04 2.6138607462e+04 1.5707963268e+00 2.2510109247e+00
2.0666319570e-04 2.6158123161e+04 1.5707963268e+00 2.2520002387e+00
2.0680794417e-04 2.6177651422e+04 1.5707963268e+00 2.2529880753e+00
2.0695263719e-04 2.6197192227e+04 1.5707963268e+00 2.2539744371e+00
2.0709727486e-04 2.6216745558e+04 1.5707963268e+00 2.2549593262e+00
2.0724185727e-04 2.6236311395e+04 1.5707963268e+00 2.2559427451e+00
2.0738638451e-04 2.6255889720e+04 1.5707963268e+00 2.2569246962e+00
2.0753085666e-04 2.6275480515e+04 1.5707963268e+00 2.2579051817e+00
2.0767527382e-04 2.6295083762e+04 1.5707963268e+00 2.2588842040e+00
2.0781963608e-04 2.6314699442e+04 1.5707963268e+00 2.2598617656e+00
2.0796394351e-04 2.6334327537e+04 1.5707963268e+00 2.2608378686e+00
2.0810819622e-04 2.6353968029e+04 1.5707963268e+00 2.2618125155e+00
2.0825239428e-04 2.6373620899e+04 1.5707963268e+00 2.2627857085e+00
2.0839653780e-04 2.6393286129e+04 1.5707963268e+00 2.2637574501e+00
2.0854062685e-04 2.6412963700e+04 1.5707963268e+00 2.2647277426e+00
2.0868466153e-04 2.6432653595e+04 1.5707963268e+00 2.2656965883e+00
2.0882864192e-04 2.6452355795e+04 1.5707963268e+00 2.2666639894e+00
2.0897256810e-04 2.6472070282e+04 1.5707963268e+00 2.2676299485e+00
2.0911644018e-04 2.6491797038e+04 1.5707963268e+00 2.2685944677e+00
2.0926025823e-04 2.6511536044e+04 1.5707963268e+00 2.2695575494e+00
2.0940402235e-04 2.6531287282e+04 1.5707963268e+00 2.2705191959e+00
2.0954773262e-04 2.6551050735e+04 1.5707963268e+00 2.2714794095e+00
2.0969138912e-04 2.6570826383e+04 1.5707963268e+00 2.2724381926e+00
2.0983499195e-04 2.6590614210e+04 1.5707963268e+00 2.2733955475e+00
2.0997854119e-04 2.6610414196e+04 1.5707963268e+00 2.2743514765e+00
2.1012203693e-04 2.6630226323e+04 1.5707963268e+00 2.2753059818e+00
2.1026547925e-04 2.6650050574e+04 1.5707963268e+00 2.2762590658e+00
2.1040886824e-04 2.6669886931e+04 1.5707963268e+00 2.2772107308e+00
2.1055220399e-04 2.6689735374e+04 1.5707963268e+00 2.2781609792e+00
2.1069548659e-04 2.6709595887e+04 1.5707963268e+00 2.2791098131e+00
2.1083871612e-04 2.6729468451e+04 1.5707963268e+00 2.2800572349e+00
2.1098189266e-04 2.6749353049e+04 1.5707963268e+00 2.2810032469e+00
2.1112501630e-04 2.6769249661e+04 1.5707963268e+00 2.2819478514e+00
2.1126808713e-04 2.6789158271e+04 1.5707963268e+00 2.2828910507e+00
2.1141110524e-04 2.6809078860e+04 1.5707963268e+00 2.2838328470e+00
2.1155407070e-04 2.6829011411e+04 1.5707963268e+00 2.2847732427e+00
2.1169698361e-04 2.6848955904e+04 1.5707963268e+00 2.2857122400e+00
2.1183984405e-04 2.6868912324e+04 1.5707963268e+00 2.2866498413e+00
2.1198265210e-04 2.6888880650e+04 1.5707963268e+00 2.2875860487e+00
2.1212540785e-04 2.6908860867e+04 1.5707963268e+00 2.2885208646e+00
2.1226811139e-04 2.6928852955e+04 1.5707963268e+00 2.2894542912e+00
2.1241076279e-04 2.6948856897e+04 1.5707963268e+00 2.2903863308e+00
2.1255336215e-04 2.6968872675e+04 1.5707963268e+00 2.2913169857e+00
2.1269590954e-04 2.6988900272e+04 1.5707963268e+00 2.2922462582e+00
2.1283840506e-04 2.7008939669e+04 1.5707963268e+00 2.2931741505e+00
2.1298084879e-04 2.7028990848e+04 1.5707963268e+00 2.2941006648e+00
2.1312324080e-04 2.7049053793e+04 1.5707963268e+00 2.2950258035e+00
2.1326558119e-04 2.7069128485e+04 1.5707963268e+00 2.2959495687e+00
2.1340787003e-04 2.7089214906e+04 1.5707963268e+00 2.2968719628e+00
2.1355010742e-04 2.7109313039e+04 1.5707963268e+00 2.2977929880e+00
2.1369229343e-04 2.7129422866e+04 1.5707963268e+00 2.2987126465e+00
2.1383442815e-04 2.7149544369e+04 1.5707963268e+00 2.2996309406e+00
2.1397651166e-04 2.7169677531e+04 1.5707963268e+00 2.3005478726e+00
2.1411854405e-04 2.7189822334e+04 1.5707963268e+00 2.3014634446e+00
2.1426052539e-04 2.7209978761e+04 1.5707963268e+00 2.3023776589e+00
2.1440245577e-04 2.7230146793e+04 1.5707963268e+00 2.3032905178e+00
2.1454433528e-04 2.7250326414e+04 1.5707963268e+00 2.3042020234e+00
2.1468616399e-04 2.7270517605e+04 1.5707963268e+00 2.3051121781e+00
2.1482794199e-04 2.7290720349e+04 1.5707963268e+00 2.3060209839e+00
2.1496966936e-04 2.7310934629e+04 1.5707963268e+00 2.3069284433e+00
2.1511134618e-04 2.7331160427e+04 1.5707963268e+00 2.3078345583e+00
2.1525297254e-04 2.7351397725e+04 1.5707963268e+00 2.3087393313e+00
2.1539454852e-04 2.7371646506e+04 1.5707963268e+00 2.3096427643e+00
2.1553607419e-04 2.7391906753e+04 1.5707963268e+00 2.3105448598e+00
2.1567754964e-04 2.7412178448e+04 1.5707963268e+00 2.3114456197e+00
2.1581897495e-04 2.7432461574e+04 1.5707963268e+00 2.3123450465e+00
2.1596035021e-04 2.7452756112e+04 1.5707963268e+00 2.3132431422e+00
2.1610167549e-04 2.7473062047e+04 1.5707963268e+00 2.3141399090e+00
2.1624295087e-04 2.7493379360e+04 1.5707963268e+00 2.3150353493e+00
2.1638417644e-04 2.7513708035e+04 1.5707963268e+00 2.3159294651e+00
2.1652535228e-04 2.7534048053e+04 1.5707963268e+00 2.3168222588e+00
2.1666647847e-04 2.7554399398e+04 1.5707963268e+00 2.3177137323e+00
2.1680755508e-04 2.7574762051e+04 1.5707963268e+00 2.3186038881e+00
2.1694858220e-04 2.7595135997e+04 1.5707963268e+00 2.3194927282e+00
2.1708955992e-04 2.7615521217e+04 1.5707963268e+00 2.3203802548e+00
2.1723048830e-04 2.7635917695e+04 1.5707963268e+00 2.3212664702e+00
2.1737136743e-04 2.7656325412e+04 1.5707963268e+00 2.3221513765e+00
2.1751219739e-04 2.7676744353e+04 1.5707963268e+00 2.3230349758e+00
2.1765297825e-04 2.7697174499e+04 1.5707963268e+00 2.3239172705e+00
2.1779371011e-04 2.7717615834e+04 1.5707963268e+00 2.3247982625e+00
2.1793439304e-04 2.7738068340e+04 1.5707963268e+00 2.3256779542e+00
2.1807502711e-04 2.7758532001e+04 1.5707963268e+00 2.3265563476e+00
2.1821561241e-04 2.7779006798e+04 1.5707963268e+00 2.3274334449e+00
2.1835614901e-04 2.7799492716e+04 1.5707963268e+00 2.3283092484e+00
2.1849663701e-04 2.7819989737e+04 1.5707963268e+00 2.3291837601e+00
2.1863707646e-04 2.7840497843e+04 1.5707963268e+00 2.3300569823e+00
2.1877746746e-04 2.7861017018e+04 1.5707963268e+00 2.3309289170e+00
2.1891781008e-04 2.7881547245e+04 1.5707963268e+00 2.3317995664e+00
2.1905810440e-04 2.7902088507e+04 1.5707963268e+00 2.3326689327e+00
2.1919835049e-04 2.7922640787e+04 1.5707963268e+00 2.3335370180e+00
2.1933854845e-04 2.7943204068e+04 1.5707963268e+00 2.3344038245e+00
2.1947869834e-04 2.7963778332e+04 1.5707963268e+00 2.3352693543e+00
2.1961880024e-04 2.7984363564e+04 1.5707963268e+00 2.3361336095e+00
2.1975885423e-04 2.8004959746e+04 1.5707963268e+00 2.3369965923e+00
2.1989886039e-04 2.8025566860e+04 1.5707963268e+00 2.3378583048e+00
2.2003881880e-04 2.8046184892e+04 1.5707963268e+00 2.3387187491e+00
2.2017872953e-04 2.8066813822e+04 1.5707963268e+00 2.3395779275e+00
2.2031859266e-04 2.8087453635e+04 1.5707963268e+00 2.3404358419e+00
2.2045840826e-04 2.8108104315e+04 1.5707963268e+00 2.3412924945e+00
2.2059817643e-04 2.8128765843e+04 1.5707963268e+00 2.3421478874e+00
2.2073789722e-04 2.8149438203e+04 1.5707963268e+00 2.3430020228e+00
2.2087757072e-04 2.8170121379e+04 1.5707963268e+00 2.3438549027e+00
2.2101719701e-04 2.8190815354e+04 1.5707963268e+00 2.3447065294e+00
2.2115677616e-04 2.8211520110e+04 1.5707963268e+00 2.3455569048e+00
2.2129630825e-04 2.8232235632e+04 1.5707963268e+00 2.3464060310e+00
2.2143579335e-04 2.8252961903e+04 1.5707963268e+00 2.3472539103e+00
2.2157523155e-04 2.8273698906e+04 1.5707963268e+00 2.3481005446e+00
2.2171462291e-04 2.8294446624e+04 1.5707963268e+00 2.3489459362e+00
2.2185396751e-04 2.8315205041e+04 1.5707963268e+00 2.3497900870e+00
2.2199326543e-04 2.8335974140e+04 1.5707963268e+00 2.3506329992e+00
2.2213251675e-04 2.8356753905e+04 1.5707963268e+00 2.3514746748e+00
2.2227172154e-04 2.8377544319e+04 1.5707963268e+00 2.3523151159e+00
2.2241087987e-04 2.8398345365e+04 1.5707963268e+00 2.3531543247e+00
2.2254999182e-04 2.8419157027e+04 1.5707963268e+00 2.3539923032e+00
2.2268905747e-04 2.8439979289e+04 1.5707963268e+00 2.3548290535e+00
2.2282807688e-04 2.8460812134e+04 1.5707963268e+00 2.3556645776e+00
2.2296705015e-04 2.8481655545e+04 1.5707963268e+00 2.3564988776e+00
2.2310597733e-04 2.8502509507e+04 1.5707963268e+00 2.3573319557e+00
2.2324485851e-04 2.8523374002e+04 1.5707963268e+00 2.3581638138e+00
2.2338369376e-04 2.8544249014e+04 1.5707963268e+00 2.3589944540e+00
2.2352248315e-04 2.8565134527e+04 1.5707963268e+00 2.3598238784e+00
2.2366122676e-04 2.8586030525e+04 1.5707963268e+00 2.3606520890e+00
2.2379992466e-04 2.8606936992e+04 1.5707963268e+00 2.3614790879e+00
2.2393857693e-04 2.8627853910e+04 1.5707963268e+00 2.3623048772e+00
2.2407718364e-04 2.8648781263e+04 1.5707963268e+00 2.3631294589e+00
2.2421574486e-04 2.8669719036e+04 1.5707963268e+00 2.3639528350e+00
2.2435426067e-04 2.8690667212e+04 1.5707963268e+00 2.3647750076e+00
2.2449273114e-04 2.8711625775e+04 1.5707963268e+00 2.3655959787e+00
2.2463115634e-04 2.8732594709e+04 1.5707963268e+00 2.3664157504e+00
2.2476953635e-04 2.8753573997e+04 1.5707963268e+00 2.3672343246e+00
2.2490787124e-04 2.8774563623e+04 1.5707963268e+00 2.3680517035e+00
2.2504616109e-04 2.8795563571e+04 1.5707963268e+00 2.3688678890e+00
2.2518440596e-04 2.8816573826e+04 1.5707963268e+00 2.3696828833e+00
2.2532260594e-04 2.8837594370e+04 1.5707963268e+00 2.3704966882e+00
2.2546076108e-04 2.8858625188e+04 1.5707963268e+00 2.3713093058e+00
2.2559887147e-04 2.8879666263e+04 1.5707963268e+00 2.3721207382e+00
2.2573693717e-04 2.8900717580e+04 1.5707963268e+00 2.3729309874e+00
2.2587495826e-04 2.8921779123e+04 1.5707963268e+00 2.3737400553e+00
2.2601293482e-04 2.8942850875e+04 1.5707963268e+00 2.3745479440e+00
2.2615086691e-04 2.8963932821e+04 1.5707963268e+00 2.3753546554e+00
2.2628875460e-04 2.8985024945e+04 1.5707963268e+00 2.3761601917e+00
2.2642659797e-04 2.9006127230e+04 1.5707963268e+00 2.3769645547e+00
2.2656439708e-04 2.9027239661e+04 1.5707963268e+00 2.3777677466e+00
2.2670215202e-04 2.9048362221e+04 1.5707963268e+00 2.3785697692e+00
2.2683986285e-04 2.9069494896e+04 1.5707963268e+00 2.3793706245e+00
2.2697752964e-04 2.9090637668e+04 1.5707963268e+00 2.3801703146e+00
2.2711515246e-04 2.9111790523e+04 1.5707963268e+00 2.3809688415e+00
2.2725273139e-04 2.9132953444e+04 1.5707963268e+00 2.3817662071e+00
2.2739026649e-04 2.9154126416e+04 1.5707963268e+00 2.3825624134e+00
2.2752775784e-04 2.9175309422e+04 1.5707963268e+00 2.3833574623e+00
2.2766520551e-04 2.9196502447e+04 1.5707963268e+00 2.3841513560e+00
2.2780260956e-04 2.9217705476e+04 1.5707963268e+00 2.3849440962e+00
2.2793997007e-04 2.9238918492e+04 1.5707963268e+00 2.3857356851e+00
2.2807728711e-04 2.9260141480e+04 1.5707963268e+00 2.3865261245e+00
2.2821456074e-04 2.9281374424e+04 1.5707963268e+00 2.3873154164e+00
2.2835179105e-04 2.9302617309e+04 1.5707963268e+00 2.3881035628e+00
2.2848897809e-04 2.9323870118e+04 1.5707963268e+00 2.3888905657e+00
2.2862612194e-04 2.9345132837e+04 1.5707963268e+00 2.3896764269e+00
2.2876322266e-04 2.9366405449e+04 1.5707963268e+00 2.3904611485e+00
2.2890028033e-04 2.9387687939e+04 1.5707963268e+00 2.3912447324e+00
2.2903729502e-04 2.9408980292e+04 1.5707963268e+00 2.3920271805e+00
2.2917426679e-04 2.9430282492e+04 1.5707963268e+00 2.3928084948e+00
2.2931119572e-04 2.9451594522e+04 1.5707963268e+00 2.3935886773e+00
2.2944808187e-04 2.9472916369e+04 1.5707963268e+00 2.3943677297e+00
2.2958492532e-04 2.9494248017e+04 1.5707963268e+00 2.3951456542e+00
2.2972172612e-04 2.9515589449e+04 1.5707963268e+00 2.3959224526e+00
2.2985848435e-04 2.9536940650e+04 1.5707963268e+00 2.3966981269e+00
2.2999520009e-04 2.9558301606e+04 1.5707963268e+00 2.3974726789e+00
2.3013187339e-04 2.9579672301e+04 1.5707963268e+00 2.3982461106e+00
2.3026850432e-04 2.9601052719e+04 1.5707963268e+00 2.3990184239e+00
2.3040509296e-04 2.9622442845e+04 1.5707963268e+00 2.3997896208e+00
2.3054163936e-04 2.9643842663e+04 1.5707963268e+00 2.4005597031e+00
2.3067814361e-04 2.9665252159e+04 1.5707963268e+00 2.4013286728e+00
2.3081460577e-04 2.9686671317e+04 1.5707963268e+00 2.4020965317e+00
2.3095102589e-04 2.9708100121e+04 1.5707963268e+00 2.4028632818e+00
2.3108740406e-04 2.9729538558e+04 1.5707963268e+00 2.4036289250e+00
2.3122374034e-04 2.9750986610e+04 1.5707963268e+00 2.4043934631e+00
2.3136003480e-04 2.9772444264e+04 1.5707963268e+00 2.4051568981e+00
2.3149628750e-04 2.9793911503e+04 1.5707963268e+00 2.4059192318e+00
2.3163249851e-04 2.9815388313e+04 1.5707963268e+00 2.4066804662e+00
2.3176866790e-04 2.9836874679e+04 1.5707963268e+00 2.4074406032e+00
2.3190479574e-04 2.9858370585e+04 1.5707963268e+00 2.4081996445e+00
2.3204088209e-04 2.9879876017e+04 1.5707963268e+00 2.4089575922e+00
2.3217692701e-04 2.9901390959e+04 1.5707963268e+00 2.4097144480e+00
2.3231293058e-04 2.9922915396e+04 1.5707963268e+00 2.4104702139e+00
2.3244889286e-04 2.9944449313e+04 1.5707963268e+00 2.4112248918e+00
2.3258481392e-04 2.9965992696e+04 1.5707963268e+00 2.4119784834e+00
2.3272069382e-04 2.9987545528e+04 1.5707963268e+00 2.4127309907e+00
2.3285653264e-04 3.0009107796e+04 1.5707963268e+00 2.4134824155e+00
2.3299233042e-04 3.0030679484e+04 1.5707963268e+00 2.4142327597e+00
2.3312808725e-04 3.0052260578e+04 1.5707963268e+00 2.4149820251e+00
2.3326380319e-04 3.0073851061e+04 1.5707963268e+00 2.4157302137e+00
2.3339947829e-04 3.0095450921e+04 1.5707963268e+00 2.4164773272e+00
2.3353511264e-04 3.0117060140e+04 1.5707963268e+00 2.4172233675e+00
2.3367070629e-04 3.0138678706e+04 1.5707963268e+00 2.4179683365e+00
2.3380625930e-04 3.0160306603e+04 1.5707963268e+00 2.4187122359e+00
2.3394177175e-04 3.0181943815e+04 1.5707963268e+00 2.4194550677e+00
2.3407724370e-04 3.0203590329e+04 1.5707963268e+00 2.4201968337e+00
2.3421267521e-04 3.0225246130e+04 1.5707963268e+00 2.4209375357e+00
2.3434806635e-04 3.0246911202e+04 1.5707963268e+00 2.4216771755e+00
2.3448341719e-04 3.0268585532e+04 1.5707963268e+00 2.4224157550e+00
2.3461872777e-04 3.0290269104e+04 1.5707963268e+00 2.4231532760e+00
2.3475399818e-04 3.0311961903e+04 1.5707963268e+00 2.4238897403e+00
2.3488922848e-04 3.0333663916e+04 1.5707963268e+00 2.4246251498e+00
2.3502441873e-04 3.0355375127e+04 1.5707963268e+00 2.4253595062e+00
2.3515956899e-04 3.0377095522e+04 1.5707963268e+00 2.4260928114e+00
2.3529467932e-04 3.0398825086e+04 1.5707963268e+00 2.4268250672e+00
2.3542974980e-04 3.0420563804e+04 1.5707963268e+00 2.4275562753e+00
2.3556478048e-04 3.0442311663e+04 1.5707963268e+00 2.4282864377e+00
2.3569977144e-04 3.0464068647e+04 1.5707963268e+00 2.4290155561e+00
2.3583472272e-04 3.0485834742e+04 1.5707963268e+00 2.4297436323e+00
2.3596963440e-04 3.0507609934e+04 1.5707963268e+00 2.4304706680e+00
2.3610450654e-04 3.0529394207e+04 1.5707963268e+00 2.4311966652e+00
2.3623933920e-04 3.0551187549e+04 1.5707963268e+00 2.4319216256e+00
2.3637413244e-04 3.0572989943e+04 1.5707963268e+00 2.4326455509e+00
2.3650888634e-04 3.0594801376e+04 1.5707963268e+00 2.4333684431e+00
2.3664360094e-04 3.0616621833e+04 1.5707963268e+00 2.4340903037e+00
2.3677827631e-04 3.0638451301e+04 1.5707963268e+00 2.4348111347e+00
2.3691291252e-04 3.0660289764e+04 1.5707963268e+00 2.4355309378e+00
2.3704750963e-04 3.0682137208e+04 1.5707963268e+00 2.4362497147e+00
2.3718206770e-04 3.0703993619e+04 1.5707963268e+00 2.4369674674e+00
2.3731658679e-04 3.0725858983e+04 1.5707963268e+00 2.4376841974e+00
2.3745106697e-04 3.0747733286e+04 1.5707963268e+00 2.4383999066e+00
2.3758550829e-04 3.0769616512e+04 1.5707963268e+00 2.4391145968e+00
2.3771991082e-04 3.0791508649e+04 1.5707963268e+00 2.4398282696e+00
2.3785427463e-04 3.0813409681e+04 1.5707963268e+00 2.4405409270e+00
2.3798859976e-04 3.0835319595e+04 1.5707963268e+00 2.4412525705e+00
2.3812288628e-04 3.0857238376e+04 1.5707963268e+00 2.4419632020e+00
2.3825713426e-04 3.0879166011e+04 1.5707963268e+00 2.4426728233e+00
2.3839134376e-04 3.0901102485e+04 1.5707963268e+00 2.4433814360e+00
2.3852551483e-04 3.0923047784e+04 1.5707963268e+00 2.4440890419e+00
2.3865964754e-04 3.0945001893e+04 1.5707963268e+00 2.4447956428e+00
2.3879374195e-04 3.0966964800e+04 1.5707963268e+00 2.4455012403e+00
2.3892779812e-04 3.0988936490e+04 1.5707963268e+00 2.4462058363e+00
2.3906181611e-04 3.1010916949e+04 1.5707963268e+00 2.4469094324e+00
2.3919579599e-04 3.1032906162e+04 1.5707963268e+00 2.4476120304e+00
2.3932973780e-04 3.1054904116e+04 1.5707963268e+00 2.4483136320e+00
2.3946364162e-04 3.1076910798e+04 1.5707963268e+00 2.4490142389e+00
2.3959750749e-04 3.1098926192e+04 1.5707963268e+00 2.4497138528e+00
2.3973133549e-04 3.1120950286e+04 1.5707963268e+00 2.4504124756e+00
2.3986512568e-04 3.1142983064e+04 1.5707963268e+00 2.4511101088e+00
2.3999887810e-04 3.1165024515e+04 1.5707963268e+00 2.4518067542e+00
2.4013259283e-04 3.1187074622e+04 1.5707963268e+00 2.4525024135e+00
2.4026626992e-04 3.1209133374e+04 1.5707963268e+00 2.4531970884e+00
2.4039990943e-04 3.1231200755e+04 1.5707963268e+00 2.4538907806e+00
2.4053351143e-04 3.1253276752e+04 1.5707963268e+00 2.4545834918e+00
2.4066707596e-04 3.1275361352e+04 1.5707963268e+00 2.4552752237e+00
2.4080060309e-04 3.1297454541e+04 1.5707963268e+00 2.4559659780e+00
2.4093409289e-04 3.1319556304e+04 1.5707963268e+00 2.4566557565e+00
2.4106754540e-04 3.1341666628e+04 1.5707963268e+00 2.4573445606e+00
2.4120096069e-04 3.1363785500e+04 1.5707963268e+00 2.4580323923e+00
2.4133433881e-04 3.1385912906e+04 1.5707963268e+00 2.4587192531e+00
2.4146767983e-04 3.1408048832e+04 1.5707963268e+00 2.4594051447e+00
2.4160098381e-04 3.1430193265e+04 1.5707963268e+00 2.4600900689e+00
2.4173425079e-04 3.1452346190e+04 1.5707963268e+00 2.4607740272e+00
2.4186748085e-04 3.1474507595e+04 1.5707963268e+00 2.4614570213e+00
2.4200067403e-04 3.1496677466e+04 1.5707963268e+00 2.4621390530e+00
2.4213383040e-04 3.1518855789e+04 1.5707963268e+00 2.4628201239e+00
2.4226695002e-04 3.1541042551e+04 1.5707963268e+00 2.4635002356e+00
2.4240003294e-04 3.1563237739e+04 1.5707963268e+00 2.4641793899e+00
2.4253307922e-04 3.1585441338e+04 1.5707963268e+00 2.4648575883e+00
2.4266608892e-04 3.1607653335e+04 1.5707963268e+00 2.4655348325e+00
2.4279906209e-04 3.1629873718e+04 1.5707963268e+00 2.4662111242e+00
2.4293199880e-04 3.1652102472e+04 1.5707963268e+00 2.4668864650e+00
2.4306489910e-04 3.1674339584e+04 1.5707963268e+00 2.4675608566e+00
2.4319776305e-04 3.1696585041e+04 1.5707963268e+00 2.4682343006e+00
2.4333059071e-04 3.1718838829e+04 1.5707963268e+00 2.4689067987e+00
2.4346338213e-04 3.1741100936e+04 1.5707963268e+00 2.4695783525e+00
2.4359613737e-04 3.1763371347e+04 1.5707963268e+00 2.4702489636e+00
2.4372885648e-04 3.1785650050e+04 1.5707963268e+00 2.4709186336e+00
2.4386153953e-04 3.1807937031e+04 1.5707963268e+00 2.4715873643e+00
2.4399418657e-04 3.1830232277e+04 1.5707963268e+00 2.4722551572e+00
2.4412679766e-04 3.1852535775e+04 1.5707963268e+00 2.4729220139e+00
2.4425937286e-04 3.1874847512e+04 1.5707963268e+00 2.4735879361e+00
2.4439191221e-04 3.1897167473e+04 1.5707963268e+00 2.4742529253e+00
2.4452441578e-04 3.1919495648e+04 1.5707963268e+00 2.4749169833e+00
2.4465688362e-04 3.1941832021e+04 1.5707963268e+00 2.4755801116e+00
2.4478931579e-04 3.1964176580e+04 1.5707963268e+00 2.4762423118e+00
2.4492171235e-04 3.1986529312e+04 1.5707963268e+00 2.4769035855e+00
2.4505407335e-04 3.2008890203e+04 1.5707963268e+00 2.4775639344e+00
2.4518639884e-04 3.2031259242e+04 1.5707963268e+00 2.4782233600e+00
2.4531868889e-04 3.2053636414e+04 1.5707963268e+00 2.4788818639e+00
2.4545094354e-04 3.2076021706e+04 1.5707963268e+00 2.4795394478e+00
2.4558316286e-04 3.2098415107e+04 1.5707963268e+00 2.4801961132e+00
2.4571534689e-04 3.2120816602e+04 1.5707963268e+00 2.4808518617e+00
2.4584749570e-04 3.2143226178e+04 1.5707963268e+00 2.4815066949e+00
2.4597960934e-04 3.2165643824e+04 1.5707963268e+00 2.4821606144e+00
2.4611168787e-04 3.2188069525e+04 1.5707963268e+00 2.4828136218e+00
2.4624373133e-04 3.2210503269e+04 1.5707963268e+00 2.4834657186e+00
2.4637573979e-04 3.2232945043e+04 1.5707963268e+00 2.4841169065e+00
2.4650771329e-04 3.2255394835e+04 1.5707963268e+00 2.4847671870e+00
2.4663965190e-04 3.2277852631e+04 1.5707963268e+00 2.4854165616e+00
2.4677155567e-04 3.2300318418e+04 1.5707963268e+00 2.4860650320e+00
2.4690342465e-04 3.2322792184e+04 1.5707963268e+00 2.4867125997e+00
2.4703525889e-04 3.2345273916e+04 1.5707963268e+00 2.4873592663e+00
2.4716705846e-04 3.2367763602e+04 1.5707963268e+00 2.4880050333e+00
2.4729882340e-04 3.2390261227e+04 1.5707963268e+00 2.4886499024e+00
2.4743055378e-04 3.2412766781e+04 1.5707963268e+00 2.4892938749e+00
2.4756224963e-04 3.2435280249e+04 1.5707963268e+00 2.4899369526e+00
2.4769391102e-04 3.2457801620e+04 1.5707963268e+00 2.4905791369e+00
2.4782553801e-04 3.2480330881e+04 1.5707963268e+00 2.4912204295e+00
2.4795713063e-04 3.2502868019e+04 1.5707963268e+00 2.4918608318e+00
2.4808868896e-04 3.2525413021e+04 1.5707963268e+00 2.4925003453e+00
2.4822021304e-04 3.2547965875e+04 1.5707963268e+00 2.4931389717e+00
2.4835170292e-04 3.2570526569e+04 1.5707963268e+00 2.4937767125e+00
2.4848315866e-04 3.2593095089e+04 1.5707963268e+00 2.4944135691e+00
2.4861458031e-04 3.2615671424e+04 1.5707963268e+00 2.4950495432e+00
2.4874596793e-04 3.2638255560e+04 1.5707963268e+00 2.4956846362e+00
2.4887732156e-04 3.2660847485e+04 1.5707963268e+00 2.4963188498e+00
2.4900864127e-04 3.2683447187e+04 1.5707963268e+00 2.4969521853e+00
2.4913992709e-04 3.2706054654e+04 1.5707963268e+00 2.4975846443e+00
2.4927117910e-04 3.2728669872e+04 1.5707963268e+00 2.4982162284e+00
2.4940239733e-04 3.2751292829e+04 1.5707963268e+00 2.4988469391e+00
2.4953358184e-04 3.2773923514e+04 1.5707963268e+00 2.4994767778e+00
2.4966473268e-04 3.2796561913e+04 1.5707963268e+00 2.5001057461e+00
2.4979584991e-04 3.2819208015e+04 1.5707963268e+00 2.5007338455e+00
2.4992693358e-04 3.2841861806e+04 1.5707963268e+00 2.5013610775e+00
2.5005798373e-04 3.2864523276e+04 1.5707963268e+00 2.5019874436e+00
2.5018900043e-04 3.2887192410e+04 1.5707963268e+00 2.5026129453e+00
2.5031998372e-04 3.2909869198e+04 1.5707963268e+00 2.5032375840e+00
2.5045093366e-04 3.2932553626e+04 1.5707963268e+00 2.5038613614e+00
2.5058185029e-04 3.2955245683e+04 1.5707963268e+00 2.5044842788e+00
2.5071273367e-04 3.2977945357e+04 1.5707963268e+00 2.5051063377e+00
2.5084358385e-04 3.3000652634e+04 1.5707963268e+00 2.5057275398e+00
2.5097440089e-04 3.3023367504e+04 1.5707963268e+00 2.5063478863e+00
2.5110518482e-04 3.3046089953e+04 1.5707963268e+00 2.5069673789e+00
2.5123593571e-04 3.3068819970e+04 1.5707963268e+00 2.5075860190e+00
2.5136665361e-04 3.3091557542e+04 1.5707963268e+00 2.5082038080e+00
2.5149733856e-04 3.3114302658e+04 1.5707963268e+00 2.5088207474e+00
2.5162799061e-04 3.3137055306e+04 1.5707963268e+00 2.5094368388e+00
2.5175860983e-04 3.3159815473e+04 1.5707963268e+00 2.5100520835e+00
2.5188919625e-04 3.3182583147e+04 1.5707963268e+00 2.5106664831e+00
2.5201974993e-04 3.3205358316e+04 1.5707963268e+00 2.5112800390e+00
2.5215027093e-04 3.3228140969e+04 1.5707963268e+00 2.5118927526e+00
2.5228075928e-04 3.3250931093e+04 1.5707963268e+00 2.5125046255e+00
2.5241121504e-04 3.3273728676e+04 1.5707963268e+00 2.5131156590e+00
2.5254163826e-04 3.3296533707e+04 1.5707963268e+00 2.5137258547e+00
2.5267202900e-04 3.3319346173e+04 1.5707963268e+00 2.5143352139e+00
2.5280238729e-04 3.3342166062e+04 1.5707963268e+00 2.5149437382e+00
2.5293271320e-04 3.3364993364e+04 1.5707963268e+00 2.5155514289e+00
2.5306300676e-04 3.3387828065e+04 1.5707963268e+00 2.5161582875e+00
2.5319326804e-04 3.3410670154e+04 1.5707963268e+00 2.5167643154e+00
2.5332349708e-04 3.3433519619e+04 1.5707963268e+00 2.5173695142e+00
2.5345369392e-04 3.3456376449e+04 1.5707963268e+00 2.5179738851e+00
2.5358385863e-04 3.3479240631e+04 1.5707963268e+00 2.5185774297e+00
2.5371399125e-04 3.3502112154e+04 1.5707963268e+00 2.5191801494e+00
2.5384409182e-04 3.3524991006e+04 1.5707963268e+00 2.5197820455e+00
2.5397416040e-04 3.3547877175e+04 1.5707963268e+00 2.5203831196e+00
2.5410419704e-04 3.3570770650e+04 1.5707963268e+00 2.5209833730e+00
2.5423420178e-04 3.3593671419e+04 1.5707963268e+00 2.5215828072e+00
2.5436417468e-04 3.3616579470e+04 1.5707963268e+00 2.5221814236e+00
2.5449411578e-04 3.3639494791e+04 1.5707963268e+00 2.5227792235e+00
2.5462402513e-04 3.3662417372e+04 1.5707963268e+00 2.5233762085e+00
2.5475390278e-04 3.3685347200e+04 1.5707963268e+00 2.5239723798e+00
2.5488374879e-04 3.3708284264e+04 1.5707963268e+00 2.5245677390e+00
2.5501356319e-04 3.3731228552e+04 1.5707963268e+00 2.5251622873e+00
2.5514334603e-04 3.3754180052e+04 1.5707963268e+00 2.5257560263e+00
2.5527309738e-04 3.3777138754e+04 1.5707963268e+00 2.5263489573e+00
2.5540281726e-04 3.3800104645e+04 1.5707963268e+00 2.5269410818e+00
2.5553250574e-04 3.3823077714e+04 1.5707963268e+00 2.5275324010e+00
2.5566216285e-04 3.3846057950e+04 1.5707963268e+00 2.5281229164e+00
2.5579178865e-04 3.3869045341e+04 1.5707963268e+00 2.5287126294e+00
2.5592138319e-04 3.3892039875e+04 1.5707963268e+00 2.5293015413e+00
2.5605094651e-04 3.3915041542e+04 1.5707963268e+00 2.5298896536e+00
2.5618047866e-04 3.3938050330e+04 1.5707963268e+00 2.5304769676e+00
2.5630997969e-04 3.3961066227e+04 1.5707963268e+00 2.5310634847e+00
2.5643944964e-04 3.3984089222e+04 1.5707963268e+00 2.5316492063e+00
2.5656888856e-04 3.4007119304e+04 1.5707963268e+00 2.5322341338e+00
2.5669829651e-04 3.4030156462e+04 1.5707963268e+00 2.5328182685e+00
2.5682767352e-04 3.4053200684e+04 1.5707963268e+00 2.5334016117e+00
2.5695701965e-04 3.4076251958e+04 1.5707963268e+00 2.5339841649e+00
2.5708633494e-04 3.4099310274e+04 1.5707963268e+00 2.5345659295e+00
2.5721561944e-04 3.4122375621e+04 1.5707963268e+00 2.5351469067e+00
2.5734487320e-04 3.4145447986e+04 1.5707963268e+00 2.5357270979e+00
2.5747409625e-04 3.4168527360e+04 1.5707963268e+00 2.5363065046e+00
2.5760328866e-04 3.4191613730e+04 1.5707963268e+00 2.5368851280e+00
2.5773245046e-04 3.4214707085e+04 1.5707963268e+00 2.5374629694e+00
2.5786158170e-04 3.4237807415e+04 1.5707963268e+00 2.5380400303e+00
2.5799068244e-04 3.4260914708e+04 1.5707963268e+00 2.5386163120e+00
2.5811975270e-04 3.4284028953e+04 1.5707963268e+00 2.5391918159e+00
2.5824879255e-04 3.4307150139e+04 1.5707963268e+00 2.5397665432e+00
2.5837780203e-04 3.4330278255e+04 1.5707963268e+00 2.5403404953e+00
2.5850678118e-04 3.4353413290e+04 1.5707963268e+00 2.5409136735e+00
2.5863573005e-04 3.4376555233e+04 1.5707963268e+00 2.5414860792e+00
2.5876464869e-04 3.4399704072e+04 1.5707963268e+00 2.5420577137e+00
2.5889353713e-04 3.4422859797e+04 1.5707963268e+00 2.5426285784e+00
2.5902239544e-04 3.4446022397e+04 1.5707963268e+00 2.5431986745e+00
2.5915122365e-04 3.4469191861e+04 1.5707963268e+00 2.5437680034e+00
2.5928002180e-04 3.4492368177e+04 1.5707963268e+00 2.5443365664e+00
2.5940878995e-04 3.4515551336e+04 1.5707963268e+00 2.5449043648e+00
2.5953752814e-04 3.4538741325e+04 1.5707963268e+00 2.5454714000e+00
2.5966623642e-04 3.4561938134e+04 1.5707963268e+00 2.5460376732e+00
2.5979491482e-04 3.4585141753e+04 1.5707963268e+00 2.5466031858e+00
2.5992356340e-04 3.4608352170e+04 1.5707963268e+00 2.5471679390e+00
2.6005218220e-04 3.4631569374e+04 1.5707963268e+00 2.5477319342e+00
2.6018077126e-04 3.4654793355e+04 1.5707963268e+00 2.5482951728e+00
2.6030933064e-04 3.4678024102e+04 1.5707963268e+00 2.5488576558e+00
2.6043786037e-04 3.4701261604e+04 1.5707963268e+00 2.5494193848e+00
2.6056636050e-04 3.4724505850e+04 1.5707963268e+00 2.5499803610e+00
2.6069483107e-04 3.4747756830e+04 1.5707963268e+00 2.5505405856e+00
2.6082327214e-04 3.4771014533e+04 1.5707963268e+00 2.5511000600e+00
2.6095168374e-04 3.4794278948e+04 1.5707963268e+00 2.5516587854e+00
2.6108006591e-04 3.4817550064e+04 1.5707963268e+00 2.5522167632e+00
2.6120841871e-04 3.4840827870e+04 1.5707963268e+00 2.5527739946e+00
2.6133674217e-04 3.4864112357e+04 1.5707963268e+00 2.5533304809e+00
2.6146503635e-04 3.4887403514e+04 1.5707963268e+00 2.5538862234e+00
2.6159330128e-04 3.4910701329e+04 1.5707963268e+00 2.5544412234e+00
2.6172153700e-04 3.4934005792e+04 1.5707963268e+00 2.5549954821e+00
2.6184974358e-04 3.4957316892e+04 1.5707963268e+00 2.5555490008e+00
2.6197792103e-04 3.4980634620e+04 1.5707963268e+00 2.5561017809e+00
2.6210606942e-04 3.5003958964e+04 1.5707963268e+00 2.5566538234e+00
2.6223418878e-04 3.5027289915e+04 1.5707963268e+00 2.5572051298e+00
2.6236227916e-04 3.5050627460e+04 1.5707963268e+00 2.5577557013e+00
2.6249034060e-04 3.5073971591e+04 1.5707963268e+00 2.5583055391e+00
2.6261837314e-04 3.5097322295e+04 1.5707963268e+00 2.5588546445e+00
2.6274637684e-04 3.5120679564e+04 1.5707963268e+00 2.5594030188e+00
2.6287435172e-04 3.5144043387e+04 1.5707963268e+00 2.5599506632e+00
2.6300229784e-04 3.5167413752e+04 1.5707963268e+00 2.5604975789e+00
2.6313021523e-04 3.5190790650e+04 1.5707963268e+00 2.5610437673e+00
2.6325810395e-04 3.5214174070e+04 1.5707963268e+00 2.5615892296e+00
2.6338596403e-04 3.5237564003e+04 1.5707963268e+00 2.5621339669e+00
2.6351379551e-04 3.5260960436e+04 1.5707963268e+00 2.5626779806e+00
2.6364159844e-04 3.5284363361e+04 1.5707963268e+00 2.5632212719e+00
2.6376937287e-04 3.5307772767e+04 1.5707963268e+00 2.5637638420e+00
2.6389711883e-04 3.5331188643e+04 1.5707963268e+00 2.5643056922e+00
2.6402483636e-04 3.5354610980e+04 1.5707963268e+00 2.5648468236e+00
2.6415252552e-04 3.5378039767e+04 1.5707963268e+00 2.5653872376e+00
2.6428018634e-04 3.5401474993e+04 1.5707963268e+00 2.5659269354e+00
2.6440781886e-04 3.5424916649e+04 1.5707963268e+00 2.5664659181e+00
2.6453542312e-04 3.5448364724e+04 1.5707963268e+00 2.5670041871e+00
2.6466299918e-04 3.5471819209e+04 1.5707963268e+00 2.5675417435e+00
