0.0000000000e+00 1.4102991262e+04 1.5707963268e+00 0.0000000000e+00
2.4284880473e-07 1.4102991262e+04 1.5707963268e+00 -3.1446540881e-03
4.8569760945e-07 1.4102999157e+04 1.5707963268e+00 -6.2893081761e-03
7.2854618378e-07 1.4103014945e+04 1.5707963268e+00 -9.4339587437e-03
9.7139429732e-07 1.4103038627e+04 1.5707963268e+00 -1.2578602271e-02
1.2142417197e-06 1.4103070204e+04 1.5707963268e+00 -1.5723235236e-02
1.4570882205e-06 1.4103109675e+04 1.5707963268e+00 -1.8867854120e-02
1.6999335693e-06 1.4103157041e+04 1.5707963268e+00 -2.2012455402e-02
1.9427775357e-06 1.4103212302e+04 1.5707963268e+00 -2.5157035561e-02
2.1856198895e-06 1.4103275458e+04 1.5707963268e+00 -2.8301591078e-02
2.4284604001e-06 1.4103346510e+04 1.5707963268e+00 -3.1446118430e-02
2.6712988372e-06 1.4103425458e+04 1.5707963268e+00 -3.4590614099e-02
2.9141349705e-06 1.4103512303e+04 1.5707963268e+00 -3.7735074563e-02
3.1569685695e-06 1.4103607046e+04 1.5707963268e+00 -4.0879496301e-02
3.3997994039e-06 1.4103709687e+04 1.5707963268e+00 -4.4023875793e-02
3.6426272434e-06 1.4103820227e+04 1.5707963268e+00 -4.7168209518e-02
3.8854518575e-06 1.4103938666e+04 1.5707963268e+00 -5.0312493954e-02
4.1282730160e-06 1.4104065006e+04 1.5707963268e+00 -5.3456725581e-02
4.3710904885e-06 1.4104199247e+04 1.5707963268e+00 -5.6600900878e-02
4.6139040447e-06 1.4104341390e+04 1.5707963268e+00 -5.9745016322e-02
4.8567134542e-06 1.4104491437e+04 1.5707963268e+00 -6.2889068393e-02
5.0995184867e-06 1.4104649389e+04 1.5707963268e+00 -6.6033053569e-02
5.3423189119e-06 1.4104815246e+04 1.5707963268e+00 -6.9176968328e-02
5.5851144994e-06 1.4104989010e+04 1.5707963268e+00 -7.2320809149e-02
5.8279050191e-06 1.4105170682e+04 1.5707963268e+00 -7.5464572508e-02
6.0706902405e-06 1.4105360264e+04 1.5707963268e+00 -7.8608254884e-02
6.3134699335e-06 1.4105557756e+04 1.5707963268e+00 -8.1751852755e-02
6.5562438676e-06 1.4105763161e+04 1.5707963268e+00 -8.4895362596e-02
6.7990118127e-06 1.4105976479e+04 1.5707963268e+00 -8.8038780887e-02
7.0417735386e-06 1.4106197713e+04 1.5707963268e+00 -9.1182104103e-02
7.2845288149e-06 1.4106426864e+04 1.5707963268e+00 -9.4325328721e-02
7.5272774114e-06 1.4106663933e+04 1.5707963268e+00 -9.7468451218e-02
7.7700190979e-06 1.4106908923e+04 1.5707963268e+00 -1.0061146807e-01
8.0127536441e-06 1.4107161836e+04 1.5707963268e+00 -1.0375437575e-01
8.2554808200e-06 1.4107422672e+04 1.5707963268e+00 -1.0689717074e-01
8.4982003952e-06 1.4107691435e+04 1.5707963268e+00 -1.1003984951e-01
8.7409121396e-06 1.4107968125e+04 1.5707963268e+00 -1.1318240854e-01
8.9836158231e-06 1.4108252746e+04 1.5707963268e+00 -1.1632484429e-01
9.2263112154e-06 1.4108545299e+04 1.5707963268e+00 -1.1946715326e-01
9.4689980865e-06 1.4108845787e+04 1.5707963268e+00 -1.2260933190e-01
9.7116762061e-06 1.4109154211e+04 1.5707963268e+00 -1.2575137670e-01
9.9543453442e-06 1.4109470574e+04 1.5707963268e+00 -1.2889328413e-01
1.0197005271e-05 1.4109794878e+04 1.5707963268e+00 -1.3203505066e-01
1.0439655756e-05 1.4110127126e+04 1.5707963268e+00 -1.3517667276e-01
1.0682296569e-05 1.4110467320e+04 1.5707963268e+00 -1.3831814690e-01
1.0924927480e-05 1.4110815463e+04 1.5707963268e+00 -1.4145946957e-01
1.1167548259e-05 1.4111171558e+04 1.5707963268e+00 -1.4460063723e-01
1.1410158676e-05 1.4111535606e+04 1.5707963268e+00 -1.4774164635e-01
1.1652758502e-05 1.4111907611e+04 1.5707963268e+00 -1.5088249340e-01
1.1895347505e-05 1.4112287575e+04 1.5707963268e+00 -1.5402317485e-01
1.2137925457e-05 1.4112675502e+04 1.5707963268e+00 -1.5716368718e-01
1.2380492127e-05 1.4113071394e+04 1.5707963268e+00 -1.6030402685e-01
1.2623047285e-05 1.4113475254e+04 1.5707963268e+00 -1.6344419034e-01
1.2865590701e-05 1.4113887085e+04 1.5707963268e+00 -1.6658417410e-01
1.3108122145e-05 1.4114306890e+04 1.5707963268e+00 -1.6972397462e-01
1.3350641389e-05 1.4114734673e+04 1.5707963268e+00 -1.7286358836e-01
1.3593148200e-05 1.4115170436e+04 1.5707963268e+00 -1.7600301178e-01
1.3835642351e-05 1.4115614183e+04 1.5707963268e+00 -1.7914224135e-01
1.4078123610e-05 1.4116065918e+04 1.5707963268e+00 -1.8228127355e-01
1.4320591748e-05 1.4116525642e+04 1.5707963268e+00 -1.8542010483e-01
1.4563046536e-05 1.4116993361e+04 1.5707963268e+00 -1.8855873167e-01
1.4805487744e-05 1.4117469077e+04 1.5707963268e+00 -1.9169715052e-01
1.5047915141e-05 1.4117952794e+04 1.5707963268e+00 -1.9483535786e-01
1.5290328498e-05 1.4118444516e+04 1.5707963268e+00 -1.9797335014e-01
1.5532727586e-05 1.4118944245e+04 1.5707963268e+00 -2.0111112383e-01
1.5775112174e-05 1.4119451987e+04 1.5707963268e+00 -2.0424867540e-01
1.6017482033e-05 1.4119967745e+04 1.5707963268e+00 -2.0738600130e-01
1.6259836934e-05 1.4120491522e+04 1.5707963268e+00 -2.1052309800e-01
1.6502176647e-05 1.4121023323e+04 1.5707963268e+00 -2.1365996196e-01
1.6744500942e-05 1.4121563151e+04 1.5707963268e+00 -2.1679658964e-01
1.6986809589e-05 1.4122111011e+04 1.5707963268e+00 -2.1993297751e-01
1.7229102360e-05 1.4122666906e+04 1.5707963268e+00 -2.2306912201e-01
1.7471379024e-05 1.4123230841e+04 1.5707963268e+00 -2.2620501962e-01
1.7713639352e-05 1.4123802820e+04 1.5707963268e+00 -2.2934066679e-01
1.7955883115e-05 1.4124382847e+04 1.5707963268e+00 -2.3247605997e-01
1.8198110084e-05 1.4124970927e+04 1.5707963268e+00 -2.3561119563e-01
1.8440320028e-05 1.4125567064e+04 1.5707963268e+00 -2.3874607022e-01
1.8682512719e-05 1.4126171262e+04 1.5707963268e+00 -2.4188068020e-01
1.8924687926e-05 1.4126783526e+04 1.5707963268e+00 -2.4501502203e-01
1.9166845422e-05 1.4127403860e+04 1.5707963268e+00 -2.4814909215e-01
1.9408984976e-05 1.4128032269e+04 1.5707963268e+00 -2.5128288703e-01
1.9651106359e-05 1.4128668758e+04 1.5707963268e+00 -2.5441640311e-01
1.9893209343e-05 1.4129313332e+04 1.5707963268e+00 -2.5754963686e-01
2.0135293697e-05 1.4129965995e+04 1.5707963268e+00 -2.6068258472e-01
2.0377359192e-05 1.4130626752e+04 1.5707963268e+00 -2.6381524314e-01
2.0619405601e-05 1.4131295608e+04 1.5707963268e+00 -2.6694760858e-01
2.0861432693e-05 1.4131972568e+04 1.5707963268e+00 -2.7007967749e-01
2.1103440239e-05 1.4132657636e+04 1.5707963268e+00 -2.7321144632e-01
2.1345428010e-05 1.4133350820e+04 1.5707963268e+00 -2.7634291151e-01
2.1587395778e-05 1.4134052122e+04 1.5707963268e+00 -2.7947406951e-01
2.1829343313e-05 1.4134761549e+04 1.5707963268e+00 -2.8260491677e-01
2.2071270386e-05 1.4135479105e+04 1.5707963268e+00 -2.8573544975e-01
2.2313176769e-05 1.4136204797e+04 1.5707963268e+00 -2.8886566487e-01
2.2555062232e-05 1.4136938629e+04 1.5707963268e+00 -2.9199555860e-01
2.2796926548e-05 1.4137680607e+04 1.5707963268e+00 -2.9512512737e-01
2.3038769486e-05 1.4138430736e+04 1.5707963268e+00 -2.9825436764e-01
2.3280590818e-05 1.4139189022e+04 1.5707963268e+00 -3.0138327583e-01
2.3522390316e-05 1.4139955471e+04 1.5707963268e+00 -3.0451184840e-01
2.3764167751e-05 1.4140730088e+04 1.5707963268e+00 -3.0764008178e-01
2.4005922894e-05 1.4141512879e+04 1.5707963268e+00 -3.1076797242e-01
2.4247655516e-05 1.4142303850e+04 1.5707963268e+00 -3.1389551676e-01
2.4489365390e-05 1.4143103006e+04 1.5707963268e+00 -3.1702271124e-01
2.4731052285e-05 1.4143910354e+04 1.5707963268e+00 -3.2014955229e-01
2.4972715975e-05 1.4144725899e+04 1.5707963268e+00 -3.2327603636e-01
2.5214356231e-05 1.4145549648e+04 1.5707963268e+00 -3.2640215987e-01
2.5455972823e-05 1.4146381607e+04 1.5707963268e+00 -3.2952791928e-01
2.5697565524e-05 1.4147221781e+04 1.5707963268e+00 -3.3265331100e-01
2.5939134106e-05 1.4148070177e+04 1.5707963268e+00 -3.3577833149e-01
2.6180678340e-05 1.4148926801e+04 1.5707963268e+00 -3.3890297716e-01
2.6422197997e-05 1.4149791660e+04 1.5707963268e+00 -3.4202724445e-01
2.6663692851e-05 1.4150664760e+04 1.5707963268e+00 -3.4515112981e-01
2.6905162672e-05 1.4151546107e+04 1.5707963268e+00 -3.4827462965e-01
2.7146607232e-05 1.4152435707e+04 1.5707963268e+00 -3.5139774040e-01
2.7388026304e-05 1.4153333569e+04 1.5707963268e+00 -3.5452045851e-01
2.7629419659e-05 1.4154239697e+04 1.5707963268e+00 -3.5764278039e-01
2.7870787070e-05 1.4155154098e+04 1.5707963268e+00 -3.6076470247e-01
2.8112128308e-05 1.4156076780e+04 1.5707963268e+00 -3.6388622119e-01
2.8353443146e-05 1.4157007749e+04 1.5707963268e+00 -3.6700733296e-01
2.8594731356e-05 1.4157947012e+04 1.5707963268e+00 -3.7012803422e-01
2.8835992710e-05 1.4158894576e+04 1.5707963268e+00 -3.7324832138e-01
2.9077226980e-05 1.4159850447e+04 1.5707963268e+00 -3.7636819087e-01
2.9318433939e-05 1.4160814633e+04 1.5707963268e+00 -3.7948763912e-01
2.9559613359e-05 1.4161787142e+04 1.5707963268e+00 -3.8260666254e-01
2.9800765012e-05 1.4162767979e+04 1.5707963268e+00 -3.8572525755e-01
3.0041888672e-05 1.4163757152e+04 1.5707963268e+00 -3.8884342059e-01
3.0282984110e-05 1.4164754668e+04 1.5707963268e+00 -3.9196114805e-01
3.0524051099e-05 1.4165760535e+04 1.5707963268e+00 -3.9507843638e-01
3.0765089412e-05 1.4166774760e+04 1.5707963268e+00 -3.9819528197e-01
3.1006098821e-05 1.4167797351e+04 1.5707963268e+00 -4.0131168125e-01
3.1247079100e-05 1.4168828314e+04 1.5707963268e+00 -4.0442763063e-01
3.1488030021e-05 1.4169867657e+04 1.5707963268e+00 -4.0754312652e-01
3.1728951357e-05 1.4170915389e+04 1.5707963268e+00 -4.1065816535e-01
3.1969842880e-05 1.4171971516e+04 1.5707963268e+00 -4.1377274352e-01
3.2210704365e-05 1.4173036046e+04 1.5707963268e+00 -4.1688685745e-01
3.2451535583e-05 1.4174108988e+04 1.5707963268e+00 -4.2000050354e-01
3.2692336309e-05 1.4175190348e+04 1.5707963268e+00 -4.2311367820e-01
3.2933106315e-05 1.4176280134e+04 1.5707963268e+00 -4.2622637785e-01
3.3173845374e-05 1.4177378356e+04 1.5707963268e+00 -4.2933859890e-01
3.3414553260e-05 1.4178485019e+04 1.5707963268e+00 -4.3245033774e-01
3.3655229746e-05 1.4179600134e+04 1.5707963268e+00 -4.3556159078e-01
3.3895874606e-05 1.4180723707e+04 1.5707963268e+00 -4.3867235444e-01
3.4136487612e-05 1.4181855746e+04 1.5707963268e+00 -4.4178262511e-01
3.4377068539e-05 1.4182996261e+04 1.5707963268e+00 -4.4489239920e-01
3.4617617161e-05 1.4184145259e+04 1.5707963268e+00 -4.4800167311e-01
3.4858133250e-05 1.4185302748e+04 1.5707963268e+00 -4.5111044324e-01
3.5098616581e-05 1.4186468737e+04 1.5707963268e+00 -4.5421870599e-01
3.5339066927e-05 1.4187643234e+04 1.5707963268e+00 -4.5732645776e-01
3.5579484062e-05 1.4188826248e+04 1.5707963268e+00 -4.6043369495e-01
3.5819867761e-05 1.4190017788e+04 1.5707963268e+00 -4.6354041396e-01
3.6060217797e-05 1.4191217861e+04 1.5707963268e+00 -4.6664661117e-01
3.6300533944e-05 1.4192426476e+04 1.5707963268e+00 -4.6975228300e-01
3.6540815977e-05 1.4193643643e+04 1.5707963268e+00 -4.7285742583e-01
3.6781063670e-05 1.4194869370e+04 1.5707963268e+00 -4.7596203605e-01
3.7021276796e-05 1.4196103665e+04 1.5707963268e+00 -4.7906611006e-01
3.7261455132e-05 1.4197346538e+04 1.5707963268e+00 -4.8216964425e-01
3.7501598450e-05 1.4198597997e+04 1.5707963268e+00 -4.8527263501e-01
3.7741706525e-05 1.4199858052e+04 1.5707963268e+00 -4.8837507872e-01
3.7981779133e-05 1.4201126711e+04 1.5707963268e+00 -4.9147697179e-01
3.8221816047e-05 1.4202403984e+04 1.5707963268e+00 -4.9457831059e-01
3.8461817043e-05 1.4203689879e+04 1.5707963268e+00 -4.9767909151e-01
3.8701781895e-05 1.4204984406e+04 1.5707963268e+00 -5.0077931094e-01
3.8941710378e-05 1.4206287575e+04 1.5707963268e+00 -5.0387896525e-01
3.9181602268e-05 1.4207599393e+04 1.5707963268e+00 -5.0697805084e-01
3.9421457339e-05 1.4208919872e+04 1.5707963268e+00 -5.1007656409e-01
3.9661275367e-05 1.4210249019e+04 1.5707963268e+00 -5.1317450138e-01
3.9901056126e-05 1.4211586845e+04 1.5707963268e+00 -5.1627185908e-01
4.0140799392e-05 1.4212933359e+04 1.5707963268e+00 -5.1936863358e-01
4.0380504941e-05 1.4214288571e+04 1.5707963268e+00 -5.2246482126e-01
4.0620172548e-05 1.4215652490e+04 1.5707963268e+00 -5.2556041849e-01
4.0859801989e-05 1.4217025126e+04 1.5707963268e+00 -5.2865542165e-01
4.1099393038e-05 1.4218406488e+04 1.5707963268e+00 -5.3174982712e-01
4.1338945473e-05 1.4219796587e+04 1.5707963268e+00 -5.3484363126e-01
4.1578459069e-05 1.4221195433e+04 1.5707963268e+00 -5.3793683046e-01
4.1817933602e-05 1.4222603034e+04 1.5707963268e+00 -5.4102942108e-01
4.2057368847e-05 1.4224019402e+04 1.5707963268e+00 -5.4412139950e-01
4.2296764581e-05 1.4225444545e+04 1.5707963268e+00 -5.4721276208e-01
4.2536120581e-05 1.4226878475e+04 1.5707963268e+00 -5.5030350521e-01
4.2775436622e-05 1.4228321201e+04 1.5707963268e+00 -5.5339362523e-01
4.3014712481e-05 1.4229772733e+04 1.5707963268e+00 -5.5648311853e-01
4.3253947934e-05 1.4231233082e+04 1.5707963268e+00 -5.5957198146e-01
4.3493142759e-05 1.4232702258e+04 1.5707963268e+00 -5.6266021040e-01
4.3732296731e-05 1.4234180271e+04 1.5707963268e+00 -5.6574780170e-01
4.3971409627e-05 1.4235667131e+04 1.5707963268e+00 -5.6883475173e-01
4.4210481225e-05 1.4237162849e+04 1.5707963268e+00 -5.7192105686e-01
4.4449511301e-05 1.4238667436e+04 1.5707963268e+00 -5.7500671344e-01
4.4688499633e-05 1.4240180901e+04 1.5707963268e+00 -5.7809171784e-01
4.4927445997e-05 1.4241703257e+04 1.5707963268e+00 -5.8117606640e-01
4.5166350171e-05 1.4243234512e+04 1.5707963268e+00 -5.8425975550e-01
4.5405211933e-05 1.4244774678e+04 1.5707963268e+00 -5.8734278149e-01
4.5644031059e-05 1.4246323765e+04 1.5707963268e+00 -5.9042514073e-01
4.5882807328e-05 1.4247881785e+04 1.5707963268e+00 -5.9350682956e-01
4.6121540517e-05 1.4249448748e+04 1.5707963268e+00 -5.9658784435e-01
4.6360230404e-05 1.4251024664e+04 1.5707963268e+00 -5.9966818145e-01
4.6598876767e-05 1.4252609546e+04 1.5707963268e+00 -6.0274783721e-01
4.6837479383e-05 1.4254203404e+04 1.5707963268e+00 -6.0582680798e-01
4.7076038032e-05 1.4255806248e+04 1.5707963268e+00 -6.0890509011e-01
4.7314552491e-05 1.4257418091e+04 1.5707963268e+00 -6.1198267996e-01
4.7553022539e-05 1.4259038943e+04 1.5707963268e+00 -6.1505957387e-01
4.7791447954e-05 1.4260668815e+04 1.5707963268e+00 -6.1813576818e-01
4.8029828515e-05 1.4262307719e+04 1.5707963268e+00 -6.2121125925e-01
4.8268164000e-05 1.4263955666e+04 1.5707963268e+00 -6.2428604341e-01
4.8506454189e-05 1.4265612667e+04 1.5707963268e+00 -6.2736011703e-01
4.8744698860e-05 1.4267278734e+04 1.5707963268e+00 -6.3043347643e-01
4.8982897792e-05 1.4268953877e+04 1.5707963268e+00 -6.3350611796e-01
4.9221050765e-05 1.4270638110e+04 1.5707963268e+00 -6.3657803796e-01
4.9459157558e-05 1.4272331442e+04 1.5707963268e+00 -6.3964923278e-01
4.9697217951e-05 1.4274033887e+04 1.5707963268e+00 -6.4271969875e-01
4.9935231722e-05 1.4275745454e+04 1.5707963268e+00 -6.4578943221e-01
5.0173198652e-05 1.4277466157e+04 1.5707963268e+00 -6.4885842950e-01
5.0411118520e-05 1.4279196006e+04 1.5707963268e+00 -6.5192668696e-01
5.0648991107e-05 1.4280935014e+04 1.5707963268e+00 -6.5499420093e-01
5.0886816192e-05 1.4282683193e+04 1.5707963268e+00 -6.5806096773e-01
5.1124593555e-05 1.4284440554e+04 1.5707963268e+00 -6.6112698370e-01
5.1362322978e-05 1.4286207109e+04 1.5707963268e+00 -6.6419224519e-01
5.1600004240e-05 1.4287982871e+04 1.5707963268e+00 -6.6725674851e-01
5.1837637122e-05 1.4289767851e+04 1.5707963268e+00 -6.7032049000e-01
5.2075221404e-05 1.4291562061e+04 1.5707963268e+00 -6.7338346599e-01
5.2312756869e-05 1.4293365514e+04 1.5707963268e+00 -6.7644567281e-01
5.2550243295e-05 1.4295178221e+04 1.5707963268e+00 -6.7950710679e-01
5.2787680466e-05 1.4297000196e+04 1.5707963268e+00 -6.8256776427e-01
5.3025068162e-05 1.4298831450e+04 1.5707963268e+00 -6.8562764155e-01
5.3262406163e-05 1.4300671995e+04 1.5707963268e+00 -6.8868673498e-01
5.3499694253e-05 1.4302521844e+04 1.5707963268e+00 -6.9174504087e-01
5.3736932213e-05 1.4304381010e+04 1.5707963268e+00 -6.9480255556e-01
5.3974119824e-05 1.4306249505e+04 1.5707963268e+00 -6.9785927536e-01
5.4211256868e-05 1.4308127341e+04 1.5707963268e+00 -7.0091519660e-01
5.4448343128e-05 1.4310014531e+04 1.5707963268e+00 -7.0397031560e-01
5.4685378386e-05 1.4311911088e+04 1.5707963268e+00 -7.0702462869e-01
5.4922362424e-05 1.4313817024e+04 1.5707963268e+00 -7.1007813217e-01
5.5159295025e-05 1.4315732352e+04 1.5707963268e+00 -7.1313082238e-01
5.5396175972e-05 1.4317657085e+04 1.5707963268e+00 -7.1618269563e-01
5.5633005046e-05 1.4319591236e+04 1.5707963268e+00 -7.1923374823e-01
5.5869782033e-05 1.4321534817e+04 1.5707963268e+00 -7.2228397651e-01
5.6106506714e-05 1.4323487841e+04 1.5707963268e+00 -7.2533337679e-01
5.6343178873e-05 1.4325450321e+04 1.5707963268e+00 -7.2838194537e-01
5.6579798293e-05 1.4327422271e+04 1.5707963268e+00 -7.3142967858e-01
5.6816364759e-05 1.4329403703e+04 1.5707963268e+00 -7.3447657272e-01
5.7052878054e-05 1.4331394631e+04 1.5707963268e+00 -7.3752262411e-01
5.7289337961e-05 1.4333395067e+04 1.5707963268e+00 -7.4056782907e-01
5.7525744265e-05 1.4335405025e+04 1.5707963268e+00 -7.4361218390e-01
5.7762096751e-05 1.4337424518e+04 1.5707963268e+00 -7.4665568491e-01
5.7998395203e-05 1.4339453560e+04 1.5707963268e+00 -7.4969832843e-01
5.8234639405e-05 1.4341492163e+04 1.5707963268e+00 -7.5274011075e-01
5.8470829142e-05 1.4343540340e+04 1.5707963268e+00 -7.5578102818e-01
5.8706964199e-05 1.4345598107e+04 1.5707963268e+00 -7.5882107704e-01
5.8943044362e-05 1.4347665475e+04 1.5707963268e+00 -7.6186025363e-01
5.9179069415e-05 1.4349742458e+04 1.5707963268e+00 -7.6489855426e-01
5.9415039144e-05 1.4351829070e+04 1.5707963268e+00 -7.6793597524e-01
5.9650953335e-05 1.4353925325e+04 1.5707963268e+00 -7.7097251286e-01
5.9886811773e-05 1.4356031236e+04 1.5707963268e+00 -7.7400816344e-01
6.0122614245e-05 1.4358146817e+04 1.5707963268e+00 -7.7704292328e-01
6.0358360537e-05 1.4360272081e+04 1.5707963268e+00 -7.8007678868e-01
6.0594050435e-05 1.4362407042e+04 1.5707963268e+00 -7.8310975595e-01
6.0829683725e-05 1.4364551715e+04 1.5707963268e+00 -7.8614182139e-01
6.1065260195e-05 1.4366706113e+04 1.5707963268e+00 -7.8917298130e-01
6.1300779631e-05 1.4368870249e+04 1.5707963268e+00 -7.9220323198e-01
6.1536241820e-05 1.4371044138e+04 1.5707963268e+00 -7.9523256974e-01
6.1771646550e-05 1.4373227795e+04 1.5707963268e+00 -7.9826099086e-01
6.2006993608e-05 1.4375421231e+04 1.5707963268e+00 -8.0128849166e-01
6.2242282781e-05 1.4377624463e+04 1.5707963268e+00 -8.0431506844e-01
6.2477513858e-05 1.4379837504e+04 1.5707963268e+00 -8.0734071748e-01
6.2712686627e-05 1.4382060368e+04 1.5707963268e+00 -8.1036543509e-01
6.2947800875e-05 1.4384293070e+04 1.5707963268e+00 -8.1338921757e-01
6.3182856391e-05 1.4386535623e+04 1.5707963268e+00 -8.1641206121e-01
6.3417852965e-05 1.4388788042e+04 1.5707963268e+00 -8.1943396232e-01
6.3652790384e-05 1.4391050342e+04 1.5707963268e+00 -8.2245491717e-01
6.3887668437e-05 1.4393322536e+04 1.5707963268e+00 -8.2547492208e-01
6.4122486915e-05 1.4395604639e+04 1.5707963268e+00 -8.2849397334e-01
6.4357245605e-05 1.4397896666e+04 1.5707963268e+00 -8.3151206723e-01
6.4591944299e-05 1.4400198631e+04 1.5707963268e+00 -8.3452920007e-01
6.4826582785e-05 1.4402510548e+04 1.5707963268e+00 -8.3754536813e-01
6.5061160854e-05 1.4404832433e+04 1.5707963268e+00 -8.4056056771e-01
6.5295678296e-05 1.4407164299e+04 1.5707963268e+00 -8.4357479511e-01
6.5530134901e-05 1.4409506162e+04 1.5707963268e+00 -8.4658804662e-01
6.5764530460e-05 1.4411858036e+04 1.5707963268e+00 -8.4960031853e-01
6.5998864765e-05 1.4414219936e+04 1.5707963268e+00 -8.5261160713e-01
6.6233137605e-05 1.4416591877e+04 1.5707963268e+00 -8.5562190872e-01
6.6467348772e-05 1.4418973873e+04 1.5707963268e+00 -8.5863121959e-01
6.6701498059e-05 1.4421365940e+04 1.5707963268e+00 -8.6163953602e-01
6.6935585255e-05 1.4423768092e+04 1.5707963268e+00 -8.6464685430e-01
6.7169610155e-05 1.4426180344e+04 1.5707963268e+00 -8.6765317074e-01
6.7403572549e-05 1.4428602711e+04 1.5707963268e+00 -8.7065848162e-01
6.7637472230e-05 1.4431035209e+04 1.5707963268e+00 -8.7366278322e-01
6.7871308990e-05 1.4433477852e+04 1.5707963268e+00 -8.7666607184e-01
6.8105082623e-05 1.4435930656e+04 1.5707963268e+00 -8.7966834377e-01
6.8338792922e-05 1.4438393635e+04 1.5707963268e+00 -8.8266959530e-01
6.8572439680e-05 1.4440866805e+04 1.5707963268e+00 -8.8566982271e-01
6.8806022689e-05 1.4443350181e+04 1.5707963268e+00 -8.8866902230e-01
6.9039541746e-05 1.4445843778e+04 1.5707963268e+00 -8.9166719035e-01
6.9272996642e-05 1.4448347612e+04 1.5707963268e+00 -8.9466432315e-01
6.9506387172e-05 1.4450861697e+04 1.5707963268e+00 -8.9766041699e-01
6.9739713132e-05 1.4453386050e+04 1.5707963268e+00 -9.0065546816e-01
6.9972974315e-05 1.4455920686e+04 1.5707963268e+00 -9.0364947295e-01
7.0206170516e-05 1.4458465620e+04 1.5707963268e+00 -9.0664242765e-01
7.0439301532e-05 1.4461020867e+04 1.5707963268e+00 -9.0963432854e-01
7.0672367156e-05 1.4463586444e+04 1.5707963268e+00 -9.1262517191e-01
7.0905367185e-05 1.4466162365e+04 1.5707963268e+00 -9.1561495404e-01
7.1138301415e-05 1.4468748647e+04 1.5707963268e+00 -9.1860367124e-01
7.1371169641e-05 1.4471345305e+04 1.5707963268e+00 -9.2159131978e-01
7.1603971661e-05 1.4473952354e+04 1.5707963268e+00 -9.2457789596e-01
7.1836707271e-05 1.4476569811e+04 1.5707963268e+00 -9.2756339606e-01
7.2069376268e-05 1.4479197690e+04 1.5707963268e+00 -9.3054781636e-01
7.2301978449e-05 1.4481836009e+04 1.5707963268e+00 -9.3353115317e-01
7.2534513611e-05 1.4484484782e+04 1.5707963268e+00 -9.3651340276e-01
7.2766981553e-05 1.4487144026e+04 1.5707963268e+00 -9.3949456143e-01
7.2999382071e-05 1.4489813757e+04 1.5707963268e+00 -9.4247462545e-01
7.3231714965e-05 1.4492493989e+04 1.5707963268e+00 -9.4545359113e-01
7.3463980033e-05 1.4495184740e+04 1.5707963268e+00 -9.4843145475e-01
7.3696177073e-05 1.4497886026e+04 1.5707963268e+00 -9.5140821260e-01
7.3928305885e-05 1.4500597861e+04 1.5707963268e+00 -9.5438386097e-01
7.4160366267e-05 1.4503320263e+04 1.5707963268e+00 -9.5735839614e-01
7.4392358020e-05 1.4506053248e+04 1.5707963268e+00 -9.6033181441e-01
7.4624280943e-05 1.4508796831e+04 1.5707963268e+00 -9.6330411207e-01
7.4856134836e-05 1.4511551029e+04 1.5707963268e+00 -9.6627528541e-01
7.5087919500e-05 1.4514315858e+04 1.5707963268e+00 -9.6924533071e-01
7.5319634734e-05 1.4517091335e+04 1.5707963268e+00 -9.7221424427e-01
7.5551280341e-05 1.4519877474e+04 1.5707963268e+00 -9.7518202238e-01
7.5782856122e-05 1.4522674294e+04 1.5707963268e+00 -9.7814866132e-01
7.6014361877e-05 1.4525481809e+04 1.5707963268e+00 -9.8111415740e-01
7.6245797408e-05 1.4528300038e+04 1.5707963268e+00 -9.8407850691e-01
7.6477162518e-05 1.4531128995e+04 1.5707963268e+00 -9.8704170613e-01
7.6708457009e-05 1.4533968697e+04 1.5707963268e+00 -9.9000375136e-01
7.6939680683e-05 1.4536819161e+04 1.5707963268e+00 -9.9296463889e-01
7.7170833343e-05 1.4539680404e+04 1.5707963268e+00 -9.9592436502e-01
7.7401914793e-05 1.4542552441e+04 1.5707963268e+00 -9.9888292603e-01
7.7632924836e-05 1.4545435289e+04 1.5707963268e+00 -1.0018403182e+00
7.7863863276e-05 1.4548328966e+04 1.5707963268e+00 -1.0047965379e+00
7.8094729916e-05 1.4551233487e+04 1.5707963268e+00 -1.0077515814e+00
7.8325524562e-05 1.4554148869e+04 1.5707963268e+00 -1.0107054449e+00
7.8556247018e-05 1.4557075129e+04 1.5707963268e+00 -1.0136581248e+00
7.8786897088e-05 1.4560012283e+04 1.5707963268e+00 -1.0166096174e+00
7.9017474578e-05 1.4562960349e+04 1.5707963268e+00 -1.0195599189e+00
7.9247979294e-05 1.4565919343e+04 1.5707963268e+00 -1.0225090257e+00
7.9478411042e-05 1.4568889282e+04 1.5707963268e+00 -1.0254569341e+00
7.9708769627e-05 1.4571870183e+04 1.5707963268e+00 -1.0284036403e+00
7.9939054856e-05 1.4574862062e+04 1.5707963268e+00 -1.0313491407e+00
8.0169266537e-05 1.4577864937e+04 1.5707963268e+00 -1.0342934316e+00
8.0399404475e-05 1.4580878824e+04 1.5707963268e+00 -1.0372365092e+00
8.0629468479e-05 1.4583903740e+04 1.5707963268e+00 -1.0401783699e+00
8.0859458357e-05 1.4586939703e+04 1.5707963268e+00 -1.0431190100e+00
8.1089373915e-05 1.4589986729e+04 1.5707963268e+00 -1.0460584257e+00
8.1319214964e-05 1.4593044835e+04 1.5707963268e+00 -1.0489966135e+00
8.1548981310e-05 1.4596114039e+04 1.5707963268e+00 -1.0519335695e+00
8.1778672765e-05 1.4599194357e+04 1.5707963268e+00 -1.0548692901e+00
8.2008289136e-05 1.4602285807e+04 1.5707963268e+00 -1.0578037717e+00
8.2237830234e-05 1.4605388405e+04 1.5707963268e+00 -1.0607370105e+00
8.2467295868e-05 1.4608502170e+04 1.5707963268e+00 -1.0636690028e+00
8.2696685849e-05 1.4611627117e+04 1.5707963268e+00 -1.0665997449e+00
8.2925999987e-05 1.4614763265e+04 1.5707963268e+00 -1.0695292332e+00
8.3155238095e-05 1.4617910630e+04 1.5707963268e+00 -1.0724574639e+00
8.3384399982e-05 1.4621069230e+04 1.5707963268e+00 -1.0753844335e+00
8.3613485461e-05 1.4624239082e+04 1.5707963268e+00 -1.0783101381e+00
8.3842494343e-05 1.4627420203e+04 1.5707963268e+00 -1.0812345741e+00
8.4071426441e-05 1.4630612611e+04 1.5707963268e+00 -1.0841577379e+00
8.4300281568e-05 1.4633816324e+04 1.5707963268e+00 -1.0870796257e+00
8.4529059537e-05 1.4637031358e+04 1.5707963268e+00 -1.0900002339e+00
8.4757760161e-05 1.4640257731e+04 1.5707963268e+00 -1.0929195588e+00
8.4986383253e-05 1.4643495460e+04 1.5707963268e+00 -1.0958375967e+00
8.5214928629e-05 1.4646744563e+04 1.5707963268e+00 -1.0987543440e+00
8.5443396102e-05 1.4650005058e+04 1.5707963268e+00 -1.1016697969e+00
8.5671785488e-05 1.4653276961e+04 1.5707963268e+00 -1.1045839518e+00
8.5900096600e-05 1.4656560291e+04 1.5707963268e+00 -1.1074968050e+00
8.6128329256e-05 1.4659855065e+04 1.5707963268e+00 -1.1104083528e+00
8.6356483270e-05 1.4663161300e+04 1.5707963268e+00 -1.1133185916e+00
8.6584558460e-05 1.4666479015e+04 1.5707963268e+00 -1.1162275178e+00
8.6812554640e-05 1.4669808226e+04 1.5707963268e+00 -1.1191351275e+00
8.7040471630e-05 1.4673148952e+04 1.5707963268e+00 -1.1220414173e+00
8.7268309245e-05 1.4676501210e+04 1.5707963268e+00 -1.1249463834e+00
8.7496067304e-05 1.4679865018e+04 1.5707963268e+00 -1.1278500221e+00
8.7723745625e-05 1.4683240393e+04 1.5707963268e+00 -1.1307523298e+00
8.7951344025e-05 1.4686627354e+04 1.5707963268e+00 -1.1336533028e+00
8.8178862324e-05 1.4690025918e+04 1.5707963268e+00 -1.1365529375e+00
8.8406300342e-05 1.4693436102e+04 1.5707963268e+00 -1.1394512303e+00
8.8633657897e-05 1.4696857926e+04 1.5707963268e+00 -1.1423481774e+00
8.8860934809e-05 1.4700291405e+04 1.5707963268e+00 -1.1452437752e+00
8.9088130899e-05 1.4703736559e+04 1.5707963268e+00 -1.1481380201e+00
8.9315245988e-05 1.4707193406e+04 1.5707963268e+00 -1.1510309083e+00
8.9542279897e-05 1.4710661962e+04 1.5707963268e+00 -1.1539224364e+00
8.9769232446e-05 1.4714142246e+04 1.5707963268e+00 -1.1568126005e+00
8.9996103458e-05 1.4717634276e+04 1.5707963268e+00 -1.1597013972e+00
9.0222892756e-05 1.4721138070e+04 1.5707963268e+00 -1.1625888227e+00
9.0449600161e-05 1.4724653646e+04 1.5707963268e+00 -1.1654748733e+00
9.0676225498e-05 1.4728181021e+04 1.5707963268e+00 -1.1683595455e+00
9.0902768588e-05 1.4731720215e+04 1.5707963268e+00 -1.1712428357e+00
9.1129229256e-05 1.4735271244e+04 1.5707963268e+00 -1.1741247401e+00
9.1355607327e-05 1.4738834126e+04 1.5707963268e+00 -1.1770052552e+00
9.1581902625e-05 1.4742408881e+04 1.5707963268e+00 -1.1798843773e+00
9.1808114974e-05 1.4745995525e+04 1.5707963268e+00 -1.1827621028e+00
9.2034244201e-05 1.4749594078e+04 1.5707963268e+00 -1.1856384281e+00
9.2260290131e-05 1.4753204556e+04 1.5707963268e+00 -1.1885133495e+00
9.2486252590e-05 1.4756826979e+04 1.5707963268e+00 -1.1913868635e+00
9.2712131405e-05 1.4760461364e+04 1.5707963268e+00 -1.1942589663e+00
9.2937926403e-05 1.4764107730e+04 1.5707963268e+00 -1.1971296545e+00
9.3163637412e-05 1.4767766094e+04 1.5707963268e+00 -1.1999989243e+00
9.3389264259e-05 1.4771436475e+04 1.5707963268e+00 -1.2028667722e+00
9.3614806773e-05 1.4775118891e+04 1.5707963268e+00 -1.2057331945e+00
9.3840264782e-05 1.4778813360e+04 1.5707963268e+00 -1.2085981877e+00
9.4065638115e-05 1.4782519900e+04 1.5707963268e+00 -1.2114617481e+00
9.4290926603e-05 1.4786238530e+04 1.5707963268e+00 -1.2143238721e+00
9.4516130074e-05 1.4789969268e+04 1.5707963268e+00 -1.2171845562e+00
9.4741248360e-05 1.4793712133e+04 1.5707963268e+00 -1.2200437967e+00
9.4966281291e-05 1.4797467141e+04 1.5707963268e+00 -1.2229015900e+00
9.5191228699e-05 1.4801234312e+04 1.5707963268e+00 -1.2257579326e+00
9.5416090414e-05 1.4805013665e+04 1.5707963268e+00 -1.2286128208e+00
9.5640866270e-05 1.4808805216e+04 1.5707963268e+00 -1.2314662511e+00
9.5865556099e-05 1.4812608985e+04 1.5707963268e+00 -1.2343182199e+00
9.6090159733e-05 1.4816424991e+04 1.5707963268e+00 -1.2371687236e+00
9.6314677007e-05 1.4820253250e+04 1.5707963268e+00 -1.2400177586e+00
9.6539107753e-05 1.4824093782e+04 1.5707963268e+00 -1.2428653213e+00
9.6763451807e-05 1.4827946606e+04 1.5707963268e+00 -1.2457114082e+00
9.6987709003e-05 1.4831811738e+04 1.5707963268e+00 -1.2485560156e+00
9.7211879176e-05 1.4835689199e+04 1.5707963268e+00 -1.2513991401e+00
9.7435962161e-05 1.4839579006e+04 1.5707963268e+00 -1.2542407781e+00
9.7659957796e-05 1.4843481177e+04 1.5707963268e+00 -1.2570809259e+00
9.7883865916e-05 1.4847395731e+04 1.5707963268e+00 -1.2599195800e+00
9.8107686358e-05 1.4851322687e+04 1.5707963268e+00 -1.2627567370e+00
9.8331418961e-05 1.4855262063e+04 1.5707963268e+00 -1.2655923931e+00
9.8555063560e-05 1.4859213877e+04 1.5707963268e+00 -1.2684265449e+00
9.8778619996e-05 1.4863178149e+04 1.5707963268e+00 -1.2712591888e+00
9.9002088106e-05 1.4867154895e+04 1.5707963268e+00 -1.2740903213e+00
9.9225467731e-05 1.4871144135e+04 1.5707963268e+00 -1.2769199387e+00
9.9448758709e-05 1.4875145887e+04 1.5707963268e+00 -1.2797480377e+00
9.9671960881e-05 1.4879160171e+04 1.5707963268e+00 -1.2825746146e+00
9.9895074088e-05 1.4883187003e+04 1.5707963268e+00 -1.2853996660e+00
1.0011809817e-04 1.4887226403e+04 1.5707963268e+00 -1.2882231882e+00
1.0034103297e-04 1.4891278390e+04 1.5707963268e+00 -1.2910451777e+00
1.0056387833e-04 1.4895342981e+04 1.5707963268e+00 -1.2938656311e+00
1.0078663409e-04 1.4899420195e+04 1.5707963268e+00 -1.2966845448e+00
1.0100930009e-04 1.4903510052e+04 1.5707963268e+00 -1.2995019153e+00
1.0123187618e-04 1.4907612568e+04 1.5707963268e+00 -1.3023177391e+00
1.0145436221e-04 1.4911727764e+04 1.5707963268e+00 -1.3051320126e+00
1.0167675801e-04 1.4915855657e+04 1.5707963268e+00 -1.3079447324e+00
1.0189906343e-04 1.4919996266e+04 1.5707963268e+00 -1.3107558950e+00
1.0212127832e-04 1.4924149610e+04 1.5707963268e+00 -1.3135654968e+00
1.0234340252e-04 1.4928315706e+04 1.5707963268e+00 -1.3163735343e+00
1.0256543589e-04 1.4932494575e+04 1.5707963268e+00 -1.3191800042e+00
1.0278737825e-04 1.4936686233e+04 1.5707963268e+00 -1.3219849028e+00
1.0300922947e-04 1.4940890701e+04 1.5707963268e+00 -1.3247882266e+00
1.0323098939e-04 1.4945107996e+04 1.5707963268e+00 -1.3275899723e+00
1.0345265786e-04 1.4949338136e+04 1.5707963268e+00 -1.3303901364e+00
1.0367423473e-04 1.4953581142e+04 1.5707963268e+00 -1.3331887153e+00
1.0389571984e-04 1.4957837030e+04 1.5707963268e+00 -1.3359857055e+00
1.0411711305e-04 1.4962105820e+04 1.5707963268e+00 -1.3387811037e+00
1.0433841421e-04 1.4966387531e+04 1.5707963268e+00 -1.3415749063e+00
1.0455962316e-04 1.4970682180e+04 1.5707963268e+00 -1.3443671100e+00
1.0478073977e-04 1.4974989787e+04 1.5707963268e+00 -1.3471577111e+00
1.0500176387e-04 1.4979310369e+04 1.5707963268e+00 -1.3499467064e+00
1.0522269533e-04 1.4983643947e+04 1.5707963268e+00 -1.3527340923e+00
1.0544353400e-04 1.4987990537e+04 1.5707963268e+00 -1.3555198653e+00
1.0566427972e-04 1.4992350160e+04 1.5707963268e+00 -1.3583040222e+00
1.0588493236e-04 1.4996722832e+04 1.5707963268e+00 -1.3610865593e+00
1.0610549176e-04 1.5001108574e+04 1.5707963268e+00 -1.3638674734e+00
1.0632595779e-04 1.5005507403e+04 1.5707963268e+00 -1.3666467609e+00
1.0654633029e-04 1.5009919338e+04 1.5707963268e+00 -1.3694244184e+00
1.0676660913e-04 1.5014344399e+04 1.5707963268e+00 -1.3722004426e+00
1.0698679415e-04 1.5018782602e+04 1.5707963268e+00 -1.3749748300e+00
1.0720688523e-04 1.5023233967e+04 1.5707963268e+00 -1.3777475772e+00
1.0742688220e-04 1.5027698513e+04 1.5707963268e+00 -1.3805186807e+00
1.0764678494e-04 1.5032176257e+04 1.5707963268e+00 -1.3832881373e+00
1.0786659330e-04 1.5036667219e+04 1.5707963268e+00 -1.3860559434e+00
1.0808630714e-04 1.5041171417e+04 1.5707963268e+00 -1.3888220958e+00
1.0830592631e-04 1.5045688870e+04 1.5707963268e+00 -1.3915865909e+00
1.0852545068e-04 1.5050219597e+04 1.5707963268e+00 -1.3943494255e+00
1.0874488012e-04 1.5054763615e+04 1.5707963268e+00 -1.3971105961e+00
1.0896421447e-04 1.5059320943e+04 1.5707963268e+00 -1.3998700994e+00
1.0918345361e-04 1.5063891600e+04 1.5707963268e+00 -1.4026279320e+00
1.0940259739e-04 1.5068475605e+04 1.5707963268e+00 -1.4053840906e+00
1.0962164567e-04 1.5073072975e+04 1.5707963268e+00 -1.4081385717e+00
1.0984059833e-04 1.5077683730e+04 1.5707963268e+00 -1.4108913720e+00
1.1005945521e-04 1.5082307888e+04 1.5707963268e+00 -1.4136424883e+00
1.1027821620e-04 1.5086945468e+04 1.5707963268e+00 -1.4163919170e+00
1.1049688115e-04 1.5091596488e+04 1.5707963268e+00 -1.4191396550e+00
1.1071544992e-04 1.5096260966e+04 1.5707963268e+00 -1.4218856987e+00
1.1093392239e-04 1.5100938921e+04 1.5707963268e+00 -1.4246300450e+00
1.1115229842e-04 1.5105630371e+04 1.5707963268e+00 -1.4273726905e+00
1.1137057788e-04 1.5110335336e+04 1.5707963268e+00 -1.4301136319e+00
1.1158876063e-04 1.5115053833e+04 1.5707963268e+00 -1.4328528658e+00
1.1180684655e-04 1.5119785880e+04 1.5707963268e+00 -1.4355903890e+00
1.1202483549e-04 1.5124531498e+04 1.5707963268e+00 -1.4383261980e+00
1.1224272734e-04 1.5129290703e+04 1.5707963268e+00 -1.4410602898e+00
1.1246052196e-04 1.5134063514e+04 1.5707963268e+00 -1.4437926608e+00
1.1267821921e-04 1.5138849949e+04 1.5707963268e+00 -1.4465233079e+00
1.1289581898e-04 1.5143650028e+04 1.5707963268e+00 -1.4492522278e+00
1.1311332113e-04 1.5148463768e+04 1.5707963268e+00 -1.4519794172e+00
1.1333072554e-04 1.5153291189e+04 1.5707963268e+00 -1.4547048727e+00
1.1354803207e-04 1.5158132307e+04 1.5707963268e+00 -1.4574285912e+00
1.1376524061e-04 1.5162987142e+04 1.5707963268e+00 -1.4601505694e+00
1.1398235101e-04 1.5167855711e+04 1.5707963268e+00 -1.4628708040e+00
1.1419936317e-04 1.5172738034e+04 1.5707963268e+00 -1.4655892917e+00
1.1441627695e-04 1.5177634129e+04 1.5707963268e+00 -1.4683060294e+00
1.1463309222e-04 1.5182544014e+04 1.5707963268e+00 -1.4710210137e+00
1.1484980887e-04 1.5187467706e+04 1.5707963268e+00 -1.4737342415e+00
1.1506642677e-04 1.5192405226e+04 1.5707963268e+00 -1.4764457094e+00
1.1528294580e-04 1.5197356590e+04 1.5707963268e+00 -1.4791554144e+00
1.1549936583e-04 1.5202321817e+04 1.5707963268e+00 -1.4818633531e+00
1.1571568675e-04 1.5207300925e+04 1.5707963268e+00 -1.4845695223e+00
1.1593190843e-04 1.5212293933e+04 1.5707963268e+00 -1.4872739189e+00
1.1614803075e-04 1.5217300859e+04 1.5707963268e+00 -1.4899765396e+00
1.1636405359e-04 1.5222321721e+04 1.5707963268e+00 -1.4926773812e+00
1.1657997683e-04 1.5227356537e+04 1.5707963268e+00 -1.4953764406e+00
1.1679580036e-04 1.5232405325e+04 1.5707963268e+00 -1.4980737146e+00
1.1701152405e-04 1.5237468104e+04 1.5707963268e+00 -1.5007691999e+00
1.1722714778e-04 1.5242544892e+04 1.5707963268e+00 -1.5034628934e+00
1.1744267145e-04 1.5247635706e+04 1.5707963268e+00 -1.5061547920e+00
1.1765809493e-04 1.5252740565e+04 1.5707963268e+00 -1.5088448925e+00
1.1787341810e-04 1.5257859487e+04 1.5707963268e+00 -1.5115331917e+00
1.1808864086e-04 1.5262992490e+04 1.5707963268e+00 -1.5142196864e+00
1.1830376308e-04 1.5268139593e+04 1.5707963268e+00 -1.5169043736e+00
1.1851878466e-04 1.5273300812e+04 1.5707963268e+00 -1.5195872501e+00
1.1873370547e-04 1.5278476167e+04 1.5707963268e+00 -1.5222683128e+00
1.1894852541e-04 1.5283665674e+04 1.5707963268e+00 -1.5249475585e+00
1.1916324436e-04 1.5288869353e+04 1.5707963268e+00 -1.5276249842e+00
1.1937786221e-04 1.5294087222e+04 1.5707963268e+00 -1.5303005866e+00
1.1959237885e-04 1.5299319297e+04 1.5707963268e+00 -1.5329743628e+00
1.1980679417e-04 1.5304565597e+04 1.5707963268e+00 -1.5356463096e+00
1.2002110806e-04 1.5309826140e+04 1.5707963268e+00 -1.5383164239e+00
1.2023532040e-04 1.5315100944e+04 1.5707963268e+00 -1.5409847026e+00
1.2044943110e-04 1.5320390026e+04 1.5707963268e+00 -1.5436511427e+00
1.2066344004e-04 1.5325693405e+04 1.5707963268e+00 -1.5463157411e+00
1.2087734711e-04 1.5331011099e+04 1.5707963268e+00 -1.5489784947e+00
1.2109115221e-04 1.5336343124e+04 1.5707963268e+00 -1.5516394005e+00
1.2130485523e-04 1.5341689499e+04 1.5707963268e+00 -1.5542984554e+00
1.2151845606e-04 1.5347050242e+04 1.5707963268e+00 -1.5569556563e+00
1.2173195460e-04 1.5352425371e+04 1.5707963268e+00 -1.5596110003e+00
1.2194535075e-04 1.5357814902e+04 1.5707963268e+00 -1.5622644842e+00
1.2215864440e-04 1.5363218854e+04 1.5707963268e+00 -1.5649161052e+00
1.2237183544e-04 1.5368637245e+04 1.5707963268e+00 -1.5675658600e+00
1.2258492377e-04 1.5374070092e+04 1.5707963268e+00 -1.5702137458e+00
1.2279790930e-04 1.5379517412e+04 1.5707963268e+00 -1.5728597596e+00
1.2301079192e-04 1.5384979224e+04 1.5707963268e+00 -1.5755038983e+00
1.2322357152e-04 1.5390455544e+04 1.5707963268e+00 -1.5781461589e+00
1.2343624802e-04 1.5395946391e+04 1.5707963268e+00 -1.5807865385e+00
1.2364882130e-04 1.5401451782e+04 1.5707963268e+00 -1.5834250340e+00
1.2386129126e-04 1.5406971734e+04 1.5707963268e+00 -1.5860616426e+00
1.2407365782e-04 1.5412506265e+04 1.5707963268e+00 -1.5886963613e+00
1.2428592088e-04 1.5418055392e+04 1.5707963268e+00 -1.5913291870e+00
1.2449808032e-04 1.5423619133e+04 1.5707963268e+00 -1.5939601169e+00
1.2471013606e-04 1.5429197504e+04 1.5707963268e+00 -1.5965891480e+00
1.2492208801e-04 1.5434790525e+04 1.5707963268e+00 -1.5992162774e+00
1.2513393606e-04 1.5440398211e+04 1.5707963268e+00 -1.6018415021e+00
1.2534568012e-04 1.5446020580e+04 1.5707963268e+00 -1.6044648193e+00
1.2555732010e-04 1.5451657649e+04 1.5707963268e+00 -1.6070862260e+00
1.2576885590e-04 1.5457309436e+04 1.5707963268e+00 -1.6097057193e+00
1.2598028743e-04 1.5462975958e+04 1.5707963268e+00 -1.6123232964e+00
1.2619161460e-04 1.5468657232e+04 1.5707963268e+00 -1.6149389542e+00
1.2640283731e-04 1.5474353274e+04 1.5707963268e+00 -1.6175526901e+00
1.2661395548e-04 1.5480064103e+04 1.5707963268e+00 -1.6201645010e+00
1.2682496901e-04 1.5485789736e+04 1.5707963268e+00 -1.6227743841e+00
1.2703587781e-04 1.5491530188e+04 1.5707963268e+00 -1.6253823366e+00
1.2724668180e-04 1.5497285478e+04 1.5707963268e+00 -1.6279883556e+00
1.2745738088e-04 1.5503055623e+04 1.5707963268e+00 -1.6305924382e+00
1.2766797497e-04 1.5508840639e+04 1.5707963268e+00 -1.6331945817e+00
1.2787846399e-04 1.5514640543e+04 1.5707963268e+00 -1.6357947832e+00
1.2808884783e-04 1.5520455352e+04 1.5707963268e+00 -1.6383930399e+00
1.2829912642e-04 1.5526285084e+04 1.5707963268e+00 -1.6409893490e+00
1.2850929967e-04 1.5532129754e+04 1.5707963268e+00 -1.6435837076e+00
1.2871936750e-04 1.5537989381e+04 1.5707963268e+00 -1.6461761130e+00
1.2892932981e-04 1.5543863980e+04 1.5707963268e+00 -1.6487665623e+00
1.2913918654e-04 1.5549753568e+04 1.5707963268e+00 -1.6513550529e+00
1.2934893759e-04 1.5555658162e+04 1.5707963268e+00 -1.6539415820e+00
1.2955858289e-04 1.5561577779e+04 1.5707963268e+00 -1.6565261467e+00
1.2976812234e-04 1.5567512435e+04 1.5707963268e+00 -1.6591087443e+00
1.2997755587e-04 1.5573462147e+04 1.5707963268e+00 -1.6616893720e+00
1.3018688341e-04 1.5579426932e+04 1.5707963268e+00 -1.6642680273e+00
1.3039610486e-04 1.5585406805e+04 1.5707963268e+00 -1.6668447072e+00
1.3060522015e-04 1.5591401785e+04 1.5707963268e+00 -1.6694194091e+00
1.3081422920e-04 1.5597411886e+04 1.5707963268e+00 -1.6719921302e+00
1.3102313193e-04 1.5603437125e+04 1.5707963268e+00 -1.6745628679e+00
1.3123192827e-04 1.5609477520e+04 1.5707963268e+00 -1.6771316195e+00
1.3144061814e-04 1.5615533086e+04 1.5707963268e+00 -1.6796983823e+00
1.3164920146e-04 1.5621603839e+04 1.5707963268e+00 -1.6822631535e+00
1.3185767816e-04 1.5627689796e+04 1.5707963268e+00 -1.6848259306e+00
1.3206604816e-04 1.5633790973e+04 1.5707963268e+00 -1.6873867108e+00
1.3227431139e-04 1.5639907387e+04 1.5707963268e+00 -1.6899454915e+00
1.3248246777e-04 1.5646039052e+04 1.5707963268e+00 -1.6925022701e+00
1.3269051724e-04 1.5652185987e+04 1.5707963268e+00 -1.6950570439e+00
1.3289845971e-04 1.5658348206e+04 1.5707963268e+00 -1.6976098103e+00
1.3310629512e-04 1.5664525726e+04 1.5707963268e+00 -1.7001605666e+00
1.3331402340e-04 1.5670718562e+04 1.5707963268e+00 -1.7027093103e+00
1.3352164447e-04 1.5676926732e+04 1.5707963268e+00 -1.7052560388e+00
1.3372915827e-04 1.5683150250e+04 1.5707963268e+00 -1.7078007494e+00
1.3393656473e-04 1.5689389132e+04 1.5707963268e+00 -1.7103434396e+00
1.3414386378e-04 1.5695643395e+04 1.5707963268e+00 -1.7128841067e+00
1.3435105534e-04 1.5701913054e+04 1.5707963268e+00 -1.7154227483e+00
1.3455813936e-04 1.5708198125e+04 1.5707963268e+00 -1.7179593618e+00
1.3476511577e-04 1.5714498624e+04 1.5707963268e+00 -1.7204939446e+00
1.3497198450e-04 1.5720814567e+04 1.5707963268e+00 -1.7230264942e+00
1.3517874549e-04 1.5727145968e+04 1.5707963268e+00 -1.7255570080e+00
1.3538539866e-04 1.5733492844e+04 1.5707963268e+00 -1.7280854835e+00
1.3559194397e-04 1.5739855211e+04 1.5707963268e+00 -1.7306119183e+00
1.3579838134e-04 1.5746233083e+04 1.5707963268e+00 -1.7331363097e+00
1.3600471071e-04 1.5752626477e+04 1.5707963268e+00 -1.7356586554e+00
1.3621093202e-04 1.5759035407e+04 1.5707963268e+00 -1.7381789527e+00
1.3641704520e-04 1.5765459889e+04 1.5707963268e+00 -1.7406971993e+00
1.3662305021e-04 1.5771899939e+04 1.5707963268e+00 -1.7432133927e+00
1.3682894697e-04 1.5778355572e+04 1.5707963268e+00 -1.7457275304e+00
1.3703473543e-04 1.5784826803e+04 1.5707963268e+00 -1.7482396100e+00
1.3724041553e-04 1.5791313647e+04 1.5707963268e+00 -1.7507496290e+00
1.3744598721e-04 1.5797816119e+04 1.5707963268e+00 -1.7532575850e+00
1.3765145041e-04 1.5804334235e+04 1.5707963268e+00 -1.7557634755e+00
1.3785680508e-04 1.5810868010e+04 1.5707963268e+00 -1.7582672982e+00
1.3806205116e-04 1.5817417458e+04 1.5707963268e+00 -1.7607690507e+00
1.3826718859e-04 1.5823982595e+04 1.5707963268e+00 -1.7632687305e+00
1.3847221733e-04 1.5830563436e+04 1.5707963268e+00 -1.7657663353e+00
1.3867713730e-04 1.5837159995e+04 1.5707963268e+00 -1.7682618628e+00
1.3888194847e-04 1.5843772288e+04 1.5707963268e+00 -1.7707553104e+00
1.3908665078e-04 1.5850400329e+04 1.5707963268e+00 -1.7732466760e+00
1.3929124418e-04 1.5857044132e+04 1.5707963268e+00 -1.7757359570e+00
1.3949572860e-04 1.5863703714e+04 1.5707963268e+00 -1.7782231513e+00
1.3970010402e-04 1.5870379088e+04 1.5707963268e+00 -1.7807082565e+00
1.3990437036e-04 1.5877070269e+04 1.5707963268e+00 -1.7831912702e+00
1.4010852759e-04 1.5883777271e+04 1.5707963268e+00 -1.7856721901e+00
1.4031257565e-04 1.5890500110e+04 1.5707963268e+00 -1.7881510140e+00
1.4051651449e-04 1.5897238799e+04 1.5707963268e+00 -1.7906277396e+00
1.4072034408e-04 1.5903993352e+04 1.5707963268e+00 -1.7931023646e+00
1.4092406435e-04 1.5910763786e+04 1.5707963268e+00 -1.7955748867e+00
1.4112767527e-04 1.5917550113e+04 1.5707963268e+00 -1.7980453036e+00
1.4133117678e-04 1.5924352348e+04 1.5707963268e+00 -1.8005136132e+00
1.4153456885e-04 1.5931170505e+04 1.5707963268e+00 -1.8029798132e+00
1.4173785142e-04 1.5938004598e+04 1.5707963268e+00 -1.8054439012e+00
1.4194102446e-04 1.5944854642e+04 1.5707963268e+00 -1.8079058753e+00
1.4214408792e-04 1.5951720651e+04 1.5707963268e+00 -1.8103657330e+00
1.4234704175e-04 1.5958602638e+04 1.5707963268e+00 -1.8128234723e+00
1.4254988592e-04 1.5965500617e+04 1.5707963268e+00 -1.8152790909e+00
1.4275262039e-04 1.5972414603e+04 1.5707963268e+00 -1.8177325866e+00
1.4295524511e-04 1.5979344610e+04 1.5707963268e+00 -1.8201839574e+00
1.4315776004e-04 1.5986290650e+04 1.5707963268e+00 -1.8226332010e+00
1.4336016514e-04 1.5993252739e+04 1.5707963268e+00 -1.8250803152e+00
1.4356246038e-04 1.6000230889e+04 1.5707963268e+00 -1.8275252980e+00
1.4376464571e-04 1.6007225114e+04 1.5707963268e+00 -1.8299681472e+00
1.4396672110e-04 1.6014235428e+04 1.5707963268e+00 -1.8324088608e+00
1.4416868652e-04 1.6021261845e+04 1.5707963268e+00 -1.8348474365e+00
1.4437054192e-04 1.6028304378e+04 1.5707963268e+00 -1.8372838723e+00
1.4457228726e-04 1.6035363040e+04 1.5707963268e+00 -1.8397181661e+00
1.4477392253e-04 1.6042437845e+04 1.5707963268e+00 -1.8421503159e+00
1.4497544767e-04 1.6049528806e+04 1.5707963268e+00 -1.8445803195e+00
1.4517686266e-04 1.6056635936e+04 1.5707963268e+00 -1.8470081750e+00
1.4537816746e-04 1.6063759249e+04 1.5707963268e+00 -1.8494338802e+00
1.4557936204e-04 1.6070898758e+04 1.5707963268e+00 -1.8518574332e+00
1.4578044637e-04 1.6078054476e+04 1.5707963268e+00 -1.8542788318e+00
1.4598142042e-04 1.6085226416e+04 1.5707963268e+00 -1.8566980742e+00
1.4618228416e-04 1.6092414591e+04 1.5707963268e+00 -1.8591151583e+00
1.4638303755e-04 1.6099619014e+04 1.5707963268e+00 -1.8615300820e+00
1.4658368057e-04 1.6106839698e+04 1.5707963268e+00 -1.8639428435e+00
1.4678421319e-04 1.6114076655e+04 1.5707963268e+00 -1.8663534408e+00
1.4698463538e-04 1.6121329899e+04 1.5707963268e+00 -1.8687618718e+00
1.4718494711e-04 1.6128599442e+04 1.5707963268e+00 -1.8711681347e+00
1.4738514836e-04 1.6135885298e+04 1.5707963268e+00 -1.8735722274e+00
1.4758523910e-04 1.6143187477e+04 1.5707963268e+00 -1.8759741482e+00
1.4778521930e-04 1.6150505994e+04 1.5707963268e+00 -1.8783738950e+00
1.4798508895e-04 1.6157840861e+04 1.5707963268e+00 -1.8807714659e+00
1.4818484801e-04 1.6165192089e+04 1.5707963268e+00 -1.8831668592e+00
1.4838449646e-04 1.6172559692e+04 1.5707963268e+00 -1.8855600727e+00
1.4858403428e-04 1.6179943681e+04 1.5707963268e+00 -1.8879511048e+00
1.4878346144e-04 1.6187344070e+04 1.5707963268e+00 -1.8903399535e+00
1.4898277794e-04 1.6194760870e+04 1.5707963268e+00 -1.8927266170e+00
1.4918198373e-04 1.6202194093e+04 1.5707963268e+00 -1.8951110934e+00
1.4938107881e-04 1.6209643752e+04 1.5707963268e+00 -1.8974933809e+00
1.4958006315e-04 1.6217109858e+04 1.5707963268e+00 -1.8998734777e+00
1.4977893674e-04 1.6224592424e+04 1.5707963268e+00 -1.9022513819e+00
1.4997769955e-04 1.6232091461e+04 1.5707963268e+00 -1.9046270918e+00
1.5017635157e-04 1.6239606981e+04 1.5707963268e+00 -1.9070006056e+00
1.5037489278e-04 1.6247138996e+04 1.5707963268e+00 -1.9093719216e+00
1.5057332316e-04 1.6254687518e+04 1.5707963268e+00 -1.9117410378e+00
1.5077164270e-04 1.6262252559e+04 1.5707963268e+00 -1.9141079527e+00
1.5096985138e-04 1.6269834129e+04 1.5707963268e+00 -1.9164726644e+00
1.5116794918e-04 1.6277432242e+04 1.5707963268e+00 -1.9188351712e+00
1.5136593610e-04 1.6285046907e+04 1.5707963268e+00 -1.9211954714e+00
1.5156381212e-04 1.6292678137e+04 1.5707963268e+00 -1.9235535633e+00
1.5176157723e-04 1.6300325943e+04 1.5707963268e+00 -1.9259094451e+00
1.5195923140e-04 1.6307990336e+04 1.5707963268e+00 -1.9282631153e+00
1.5215677464e-04 1.6315671327e+04 1.5707963268e+00 -1.9306145720e+00
1.5235420693e-04 1.6323368928e+04 1.5707963268e+00 -1.9329638137e+00
1.5255152826e-04 1.6331083150e+04 1.5707963268e+00 -1.9353108387e+00
1.5274873862e-04 1.6338814004e+04 1.5707963268e+00 -1.9376556454e+00
1.5294583800e-04 1.6346561500e+04 1.5707963268e+00 -1.9399982321e+00
1.5314282639e-04 1.6354325651e+04 1.5707963268e+00 -1.9423385971e+00
1.5333970378e-04 1.6362106466e+04 1.5707963268e+00 -1.9446767390e+00
1.5353647017e-04 1.6369903956e+04 1.5707963268e+00 -1.9470126560e+00
1.5373312555e-04 1.6377718132e+04 1.5707963268e+00 -1.9493463467e+00
1.5392966991e-04 1.6385549006e+04 1.5707963268e+00 -1.9516778093e+00
1.5412610325e-04 1.6393396587e+04 1.5707963268e+00 -1.9540070425e+00
1.5432242556e-04 1.6401260886e+04 1.5707963268e+00 -1.9563340445e+00
1.5451863684e-04 1.6409141913e+04 1.5707963268e+00 -1.9586588139e+00
1.5471473709e-04 1.6417039679e+04 1.5707963268e+00 -1.9609813491e+00
1.5491072629e-04 1.6424954195e+04 1.5707963268e+00 -1.9633016487e+00
1.5510660445e-04 1.6432885470e+04 1.5707963268e+00 -1.9656197110e+00
1.5530237157e-04 1.6440833516e+04 1.5707963268e+00 -1.9679355347e+00
1.5549802764e-04 1.6448798341e+04 1.5707963268e+00 -1.9702491182e+00
1.5569357266e-04 1.6456779956e+04 1.5707963268e+00 -1.9725604600e+00
1.5588900664e-04 1.6464778371e+04 1.5707963268e+00 -1.9748695587e+00
1.5608432957e-04 1.6472793597e+04 1.5707963268e+00 -1.9771764129e+00
1.5627954146e-04 1.6480825643e+04 1.5707963268e+00 -1.9794810211e+00
1.5647464230e-04 1.6488874518e+04 1.5707963268e+00 -1.9817833818e+00
1.5666963210e-04 1.6496940233e+04 1.5707963268e+00 -1.9840834937e+00
1.5686451086e-04 1.6505022798e+04 1.5707963268e+00 -1.9863813553e+00
1.5705927859e-04 1.6513122221e+04 1.5707963268e+00 -1.9886769653e+00
1.5725393528e-04 1.6521238514e+04 1.5707963268e+00 -1.9909703223e+00
1.5744848095e-04 1.6529371684e+04 1.5707963268e+00 -1.9932614249e+00
1.5764291559e-04 1.6537521741e+04 1.5707963268e+00 -1.9955502717e+00
1.5783723922e-04 1.6545688696e+04 1.5707963268e+00 -1.9978368614e+00
1.5803145183e-04 1.6553872557e+04 1.5707963268e+00 -2.0001211927e+00
1.5822555345e-04 1.6562073334e+04 1.5707963268e+00 -2.0024032642e+00
1.5841954406e-04 1.6570291035e+04 1.5707963268e+00 -2.0046830747e+00
1.5861342369e-04 1.6578525669e+04 1.5707963268e+00 -2.0069606228e+00
1.5880719234e-04 1.6586777247e+04 1.5707963268e+00 -2.0092359072e+00
1.5900085002e-04 1.6595045776e+04 1.5707963268e+00 -2.0115089266e+00
1.5919439674e-04 1.6603331267e+04 1.5707963268e+00 -2.0137796799e+00
1.5938783251e-04 1.6611633726e+04 1.5707963268e+00 -2.0160481657e+00
1.5958115734e-04 1.6619953164e+04 1.5707963268e+00 -2.0183143828e+00
1.5977437124e-04 1.6628289589e+04 1.5707963268e+00 -2.0205783300e+00
1.5996747423e-04 1.6636643010e+04 1.5707963268e+00 -2.0228400060e+00
1.6016046631e-04 1.6645013435e+04 1.5707963268e+00 -2.0250994097e+00
1.6035334751e-04 1.6653400872e+04 1.5707963268e+00 -2.0273565398e+00
1.6054611782e-04 1.6661805331e+04 1.5707963268e+00 -2.0296113951e+00
1.6073877728e-04 1.6670226819e+04 1.5707963268e+00 -2.0318639746e+00
1.6093132589e-04 1.6678665345e+04 1.5707963268e+00 -2.0341142769e+00
1.6112376367e-04 1.6687120917e+04 1.5707963268e+00 -2.0363623011e+00
1.6131609063e-04 1.6695593543e+04 1.5707963268e+00 -2.0386080459e+00
1.6150830680e-04 1.6704083232e+04 1.5707963268e+00 -2.0408515102e+00
1.6170041218e-04 1.6712589991e+04 1.5707963268e+00 -2.0430926929e+00
1.6189240680e-04 1.6721113828e+04 1.5707963268e+00 -2.0453315929e+00
1.6208429068e-04 1.6729654751e+04 1.5707963268e+00 -2.0475682092e+00
1.6227606383e-04 1.6738212768e+04 1.5707963268e+00 -2.0498025405e+00
1.6246772627e-04 1.6746787886e+04 1.5707963268e+00 -2.0520345859e+00
1.6265927803e-04 1.6755380114e+04 1.5707963268e+00 -2.0542643444e+00
1.6285071912e-04 1.6763989459e+04 1.5707963268e+00 -2.0564918148e+00
1.6304204956e-04 1.6772615928e+04 1.5707963268e+00 -2.0587169961e+00
1.6323326939e-04 1.6781259530e+04 1.5707963268e+00 -2.0609398874e+00
1.6342437861e-04 1.6789920270e+04 1.5707963268e+00 -2.0631604875e+00
1.6361537725e-04 1.6798598157e+04 1.5707963268e+00 -2.0653787956e+00
1.6380626534e-04 1.6807293198e+04 1.5707963268e+00 -2.0675948106e+00
1.6399704289e-04 1.6816005400e+04 1.5707963268e+00 -2.0698085316e+00
1.6418770994e-04 1.6824734771e+04 1.5707963268e+00 -2.0720199576e+00
1.6437826651e-04 1.6833481316e+04 1.5707963268e+00 -2.0742290876e+00
1.6456871262e-04 1.6842245043e+04 1.5707963268e+00 -2.0764359207e+00
1.6475904831e-04 1.6851025960e+04 1.5707963268e+00 -2.0786404560e+00
1.6494927358e-04 1.6859824072e+04 1.5707963268e+00 -2.0808426926e+00
1.6513938849e-04 1.6868639387e+04 1.5707963268e+00 -2.0830426296e+00
1.6532939304e-04 1.6877471911e+04 1.5707963268e+00 -2.0852402661e+00
1.6551928727e-04 1.6886321652e+04 1.5707963268e+00 -2.0874356011e+00
1.6570907121e-04 1.6895188614e+04 1.5707963268e+00 -2.0896286339e+00
1.6589874489e-04 1.6904072806e+04 1.5707963268e+00 -2.0918193636e+00
1.6608830834e-04 1.6912974232e+04 1.5707963268e+00 -2.0940077894e+00
1.6627776158e-04 1.6921892901e+04 1.5707963268e+00 -2.0961939103e+00
1.6646710465e-04 1.6930828817e+04 1.5707963268e+00 -2.0983777257e+00
1.6665633758e-04 1.6939781987e+04 1.5707963268e+00 -2.1005592346e+00
1.6684546041e-04 1.6948752418e+04 1.5707963268e+00 -2.1027384364e+00
1.6703447316e-04 1.6957740114e+04 1.5707963268e+00 -2.1049153301e+00
1.6722337586e-04 1.6966745083e+04 1.5707963268e+00 -2.1070899151e+00
1.6741216856e-04 1.6975767330e+04 1.5707963268e+00 -2.1092621906e+00
1.6760085128e-04 1.6984806860e+04 1.5707963268e+00 -2.1114321559e+00
1.6778942406e-04 1.6993863680e+04 1.5707963268e+00 -2.1135998101e+00
1.6797788693e-04 1.7002937796e+04 1.5707963268e+00 -2.1157651526e+00
1.6816623994e-04 1.7012029212e+04 1.5707963268e+00 -2.1179281827e+00
1.6835448311e-04 1.7021137935e+04 1.5707963268e+00 -2.1200888996e+00
1.6854261648e-04 1.7030263970e+04 1.5707963268e+00 -2.1222473028e+00
1.6873064010e-04 1.7039407321e+04 1.5707963268e+00 -2.1244033914e+00
1.6891855399e-04 1.7048567996e+04 1.5707963268e+00 -2.1265571649e+00
1.6910635820e-04 1.7057745998e+04 1.5707963268e+00 -2.1287086226e+00
1.6929405276e-04 1.7066941333e+04 1.5707963268e+00 -2.1308577638e+00
1.6948163771e-04 1.7076154006e+04 1.5707963268e+00 -2.1330045879e+00
1.6966911310e-04 1.7085384023e+04 1.5707963268e+00 -2.1351490944e+00
1.6985647896e-04 1.7094631387e+04 1.5707963268e+00 -2.1372912825e+00
1.7004373533e-04 1.7103896104e+04 1.5707963268e+00 -2.1394311518e+00
1.7023088226e-04 1.7113178179e+04 1.5707963268e+00 -2.1415687016e+00
1.7041791979e-04 1.7122477616e+04 1.5707963268e+00 -2.1437039313e+00
1.7060484795e-04 1.7131794421e+04 1.5707963268e+00 -2.1458368404e+00
1.7079166679e-04 1.7141128597e+04 1.5707963268e+00 -2.1479674284e+00
1.7097837636e-04 1.7150480149e+04 1.5707963268e+00 -2.1500956947e+00
1.7116497670e-04 1.7159849082e+04 1.5707963268e+00 -2.1522216388e+00
1.7135146785e-04 1.7169235400e+04 1.5707963268e+00 -2.1543452602e+00
1.7153784986e-04 1.7178639107e+04 1.5707963268e+00 -2.1564665584e+00
1.7172412276e-04 1.7188060208e+04 1.5707963268e+00 -2.1585855329e+00
1.7191028662e-04 1.7197498706e+04 1.5707963268e+00 -2.1607021832e+00
1.7209634147e-04 1.7206954606e+04 1.5707963268e+00 -2.1628165088e+00
1.7228228736e-04 1.7216427912e+04 1.5707963268e+00 -2.1649285094e+00
1.7246812433e-04 1.7225918627e+04 1.5707963268e+00 -2.1670381845e+00
1.7265385244e-04 1.7235426756e+04 1.5707963268e+00 -2.1691455336e+00
1.7283947173e-04 1.7244952302e+04 1.5707963268e+00 -2.1712505563e+00
1.7302498225e-04 1.7254495269e+04 1.5707963268e+00 -2.1733532522e+00
1.7321038405e-04 1.7264055660e+04 1.5707963268e+00 -2.1754536210e+00
1.7339567718e-04 1.7273633480e+04 1.5707963268e+00 -2.1775516622e+00
1.7358086169e-04 1.7283228731e+04 1.5707963268e+00 -2.1796473755e+00
1.7376593763e-04 1.7292841418e+04 1.5707963268e+00 -2.1817407606e+00
1.7395090505e-04 1.7302471542e+04 1.5707963268e+00 -2.1838318170e+00
1.7413576400e-04 1.7312119109e+04 1.5707963268e+00 -2.1859205444e+00
1.7432051453e-04 1.7321784120e+04 1.5707963268e+00 -2.1880069426e+00
1.7450515669e-04 1.7331466579e+04 1.5707963268e+00 -2.1900910112e+00
1.7468969054e-04 1.7341166489e+04 1.5707963268e+00 -2.1921727499e+00
1.7487411614e-04 1.7350883853e+04 1.5707963268e+00 -2.1942521584e+00
1.7505843352e-04 1.7360618674e+04 1.5707963268e+00 -2.1963292365e+00
1.7524264276e-04 1.7370370955e+04 1.5707963268e+00 -2.1984039838e+00
1.7542674389e-04 1.7380140698e+04 1.5707963268e+00 -2.2004764002e+00
1.7561073699e-04 1.7389927906e+04 1.5707963268e+00 -2.2025464854e+00
1.7579462209e-04 1.7399732582e+04 1.5707963268e+00 -2.2046142391e+00
1.7597839926e-04 1.7409554728e+04 1.5707963268e+00 -2.2066796612e+00
1.7616206856e-04 1.7419394346e+04 1.5707963268e+00 -2.2087427514e+00
1.7634563004e-04 1.7429251440e+04 1.5707963268e+00 -2.2108035096e+00
1.7652908376e-04 1.7439126011e+04 1.5707963268e+00 -2.2128619356e+00
1.7671242977e-04 1.7449018062e+04 1.5707963268e+00 -2.2149180291e+00
1.7689566813e-04 1.7458927595e+04 1.5707963268e+00 -2.2169717900e+00
1.7707879891e-04 1.7468854611e+04 1.5707963268e+00 -2.2190232183e+00
1.7726182216e-04 1.7478799113e+04 1.5707963268e+00 -2.2210723137e+00
1.7744473793e-04 1.7488761103e+04 1.5707963268e+00 -2.2231190761e+00
1.7762754630e-04 1.7498740583e+04 1.5707963268e+00 -2.2251635054e+00
1.7781024731e-04 1.7508737554e+04 1.5707963268e+00 -2.2272056015e+00
1.7799284104e-04 1.7518752019e+04 1.5707963268e+00 -2.2292453643e+00
1.7817532754e-04 1.7528783978e+04 1.5707963268e+00 -2.2312827938e+00
1.7835770686e-04 1.7538833433e+04 1.5707963268e+00 -2.2333178898e+00
1.7853997909e-04 1.7548900387e+04 1.5707963268e+00 -2.2353506524e+00
1.7872214426e-04 1.7558984840e+04 1.5707963268e+00 -2.2373810814e+00
1.7890420246e-04 1.7569086793e+04 1.5707963268e+00 -2.2394091769e+00
1.7908615374e-04 1.7579206249e+04 1.5707963268e+00 -2.2414349387e+00
1.7926799817e-04 1.7589343207e+04 1.5707963268e+00 -2.2434583670e+00
1.7944973580e-04 1.7599497670e+04 1.5707963268e+00 -2.2454794616e+00
1.7963136671e-04 1.7609669639e+04 1.5707963268e+00 -2.2474982227e+00
1.7981289095e-04 1.7619859113e+04 1.5707963268e+00 -2.2495146502e+00
1.7999430860e-04 1.7630066095e+04 1.5707963268e+00 -2.2515287442e+00
1.8017561971e-04 1.7640290585e+04 1.5707963268e+00 -2.2535405047e+00
1.8035682437e-04 1.7650532584e+04 1.5707963268e+00 -2.2555499318e+00
1.8053792262e-04 1.7660792093e+04 1.5707963268e+00 -2.2575570255e+00
1.8071891454e-04 1.7671069112e+04 1.5707963268e+00 -2.2595617859e+00
1.8089980019e-04 1.7681363641e+04 1.5707963268e+00 -2.2615642132e+00
1.8108057964e-04 1.7691675682e+04 1.5707963268e+00 -2.2635643074e+00
1.8126125297e-04 1.7702005234e+04 1.5707963268e+00 -2.2655620685e+00
1.8144182023e-04 1.7712352298e+04 1.5707963268e+00 -2.2675574969e+00
1.8162228150e-04 1.7722716875e+04 1.5707963268e+00 -2.2695505925e+00
1.8180263685e-04 1.7733098964e+04 1.5707963268e+00 -2.2715413556e+00
1.8198288634e-04 1.7743498565e+04 1.5707963268e+00 -2.2735297863e+00
1.8216303004e-04 1.7753915679e+04 1.5707963268e+00 -2.2755158847e+00
1.8234306803e-04 1.7764350306e+04 1.5707963268e+00 -2.2774996511e+00
1.8252300038e-04 1.7774802445e+04 1.5707963268e+00 -2.2794810856e+00
1.8270282715e-04 1.7785272096e+04 1.5707963268e+00 -2.2814601885e+00
1.8288254842e-04 1.7795759259e+04 1.5707963268e+00 -2.2834369599e+00
1.8306216425e-04 1.7806263934e+04 1.5707963268e+00 -2.2854114001e+00
1.8324167473e-04 1.7816786121e+04 1.5707963268e+00 -2.2873835093e+00
1.8342107993e-04 1.7827325818e+04 1.5707963268e+00 -2.2893532877e+00
1.8360037991e-04 1.7837883025e+04 1.5707963268e+00 -2.2913207357e+00
1.8377957475e-04 1.7848457742e+04 1.5707963268e+00 -2.2932858534e+00
1.8395866452e-04 1.7859049969e+04 1.5707963268e+00 -2.2952486412e+00
1.8413764930e-04 1.7869659703e+04 1.5707963268e+00 -2.2972090994e+00
1.8431652916e-04 1.7880286945e+04 1.5707963268e+00 -2.2991672282e+00
1.8449530418e-04 1.7890931693e+04 1.5707963268e+00 -2.3011230280e+00
1.8467397442e-04 1.7901593947e+04 1.5707963268e+00 -2.3030764991e+00
1.8485253998e-04 1.7912273706e+04 1.5707963268e+00 -2.3050276418e+00
1.8503100091e-04 1.7922970968e+04 1.5707963268e+00 -2.3069764565e+00
1.8520935731e-04 1.7933685732e+04 1.5707963268e+00 -2.3089229435e+00
1.8538760923e-04 1.7944417998e+04 1.5707963268e+00 -2.3108671032e+00
1.8556575677e-04 1.7955167763e+04 1.5707963268e+00 -2.3128089360e+00
1.8574380000e-04 1.7965935026e+04 1.5707963268e+00 -2.3147484422e+00
1.8592173899e-04 1.7976719786e+04 1.5707963268e+00 -2.3166856222e+00
1.8609957382e-04 1.7987522042e+04 1.5707963268e+00 -2.3186204766e+00
1.8627730457e-04 1.7998341791e+04 1.5707963268e+00 -2.3205530056e+00
1.8645493133e-04 1.8009179032e+04 1.5707963268e+00 -2.3224832097e+00
1.8663245416e-04 1.8020033763e+04 1.5707963268e+00 -2.3244110894e+00
1.8680987315e-04 1.8030905983e+04 1.5707963268e+00 -2.3263366451e+00
1.8698718837e-04 1.8041795690e+04 1.5707963268e+00 -2.3282598772e+00
1.8716439991e-04 1.8052702881e+04 1.5707963268e+00 -2.3301807863e+00
1.8734150785e-04 1.8063627555e+04 1.5707963268e+00 -2.3320993728e+00
1.8751851226e-04 1.8074569709e+04 1.5707963268e+00 -2.3340156373e+00
1.8769541323e-04 1.8085529341e+04 1.5707963268e+00 -2.3359295801e+00
1.8787221084e-04 1.8096506450e+04 1.5707963268e+00 -2.3378412019e+00
1.8804890517e-04 1.8107501032e+04 1.5707963268e+00 -2.3397505032e+00
1.8822549630e-04 1.8118513086e+04 1.5707963268e+00 -2.3416574844e+00
1.8840198432e-04 1.8129542609e+04 1.5707963268e+00 -2.3435621462e+00
1.8857836929e-04 1.8140589598e+04 1.5707963268e+00 -2.3454644891e+00
1.8875465132e-04 1.8151654051e+04 1.5707963268e+00 -2.3473645137e+00
1.8893083048e-04 1.8162735965e+04 1.5707963268e+00 -2.3492622205e+00
1.8910690685e-04 1.8173835338e+04 1.5707963268e+00 -2.3511576101e+00
1.8928288052e-04 1.8184952166e+04 1.5707963268e+00 -2.3530506832e+00
1.8945875157e-04 1.8196086447e+04 1.5707963268e+00 -2.3549414403e+00
1.8963452009e-04 1.8207238178e+04 1.5707963268e+00 -2.3568298821e+00
1.8981018616e-04 1.8218407356e+04 1.5707963268e+00 -2.3587160091e+00
1.8998574986e-04 1.8229593978e+04 1.5707963268e+00 -2.3605998221e+00
1.9016121129e-04 1.8240798040e+04 1.5707963268e+00 -2.3624813216e+00
1.9033657051e-04 1.8252019540e+04 1.5707963268e+00 -2.3643605084e+00
1.9051182763e-04 1.8263258474e+04 1.5707963268e+00 -2.3662373830e+00
1.9068698273e-04 1.8274514839e+04 1.5707963268e+00 -2.3681119463e+00
1.9086203589e-04 1.8285788632e+04 1.5707963268e+00 -2.3699841988e+00
1.9103698720e-04 1.8297079848e+04 1.5707963268e+00 -2.3718541413e+00
1.9121183674e-04 1.8308388485e+04 1.5707963268e+00 -2.3737217744e+00
1.9138658461e-04 1.8319714538e+04 1.5707963268e+00 -2.3755870989e+00
1.9156123089e-04 1.8331058005e+04 1.5707963268e+00 -2.3774501156e+00
1.9173577567e-04 1.8342418881e+04 1.5707963268e+00 -2.3793108251e+00
1.9191021903e-04 1.8353797163e+04 1.5707963268e+00 -2.3811692282e+00
1.9208456107e-04 1.8365192846e+04 1.5707963268e+00 -2.3830253257e+00
1.9225880187e-04 1.8376605927e+04 1.5707963268e+00 -2.3848791184e+00
1.9243294152e-04 1.8388036402e+04 1.5707963268e+00 -2.3867306069e+00
1.9260698012e-04 1.8399484267e+04 1.5707963268e+00 -2.3885797921e+00
1.9278091774e-04 1.8410949517e+04 1.5707963268e+00 -2.3904266749e+00
1.9295475448e-04 1.8422432148e+04 1.5707963268e+00 -2.3922712560e+00
1.9312849043e-04 1.8433932156e+04 1.5707963268e+00 -2.3941135361e+00
1.9330212569e-04 1.8445449537e+04 1.5707963268e+00 -2.3959535163e+00
1.9347566033e-04 1.8456984286e+04 1.5707963268e+00 -2.3977911972e+00
1.9364909445e-04 1.8468536399e+04 1.5707963268e+00 -2.3996265798e+00
1.9382242814e-04 1.8480105871e+04 1.5707963268e+00 -2.4014596648e+00
1.9399566150e-04 1.8491692698e+04 1.5707963268e+00 -2.4032904532e+00
1.9416879461e-04 1.8503296874e+04 1.5707963268e+00 -2.4051189458e+00
1.9434182756e-04 1.8514918396e+04 1.5707963268e+00 -2.4069451436e+00
1.9451476045e-04 1.8526557258e+04 1.5707963268e+00 -2.4087690474e+00
1.9468759337e-04 1.8538213456e+04 1.5707963268e+00 -2.4105906580e+00
1.9486032641e-04 1.8549886984e+04 1.5707963268e+00 -2.4124099765e+00
1.9503295967e-04 1.8561577837e+04 1.5707963268e+00 -2.4142270038e+00
1.9520549323e-04 1.8573286011e+04 1.5707963268e+00 -2.4160417407e+00
1.9537792720e-04 1.8585011501e+04 1.5707963268e+00 -2.4178541882e+00
1.9555026165e-04 1.8596754300e+04 1.5707963268e+00 -2.4196643473e+00
1.9572249670e-04 1.8608514405e+04 1.5707963268e+00 -2.4214722190e+00
1.9589463242e-04 1.8620291809e+04 1.5707963268e+00 -2.4232778041e+00
1.9606666892e-04 1.8632086507e+04 1.5707963268e+00 -2.4250811037e+00
1.9623860629e-04 1.8643898494e+04 1.5707963268e+00 -2.4268821188e+00
1.9641044462e-04 1.8655727764e+04 1.5707963268e+00 -2.4286808504e+00
1.9658218401e-04 1.8667574312e+04 1.5707963268e+00 -2.4304772994e+00
1.9675382455e-04 1.8679438132e+04 1.5707963268e+00 -2.4322714668e+00
1.9692536635e-04 1.8691319218e+04 1.5707963268e+00 -2.4340633538e+00
1.9709680948e-04 1.8703217564e+04 1.5707963268e+00 -2.4358529614e+00
1.9726815406e-04 1.8715133165e+04 1.5707963268e+00 -2.4376402904e+00
1.9743940017e-04 1.8727066015e+04 1.5707963268e+00 -2.4394253422e+00
1.9761054791e-04 1.8739016108e+04 1.5707963268e+00 -2.4412081176e+00
1.9778159738e-04 1.8750983437e+04 1.5707963268e+00 -2.4429886177e+00
1.9795254868e-04 1.8762967998e+04 1.5707963268e+00 -2.4447668437e+00
1.9812340190e-04 1.8774969782e+04 1.5707963268e+00 -2.4465427967e+00
1.9829415713e-04 1.8786988786e+04 1.5707963268e+00 -2.4483164776e+00
1.9846481448e-04 1.8799025001e+04 1.5707963268e+00 -2.4500878876e+00
1.9863537404e-04 1.8811078422e+04 1.5707963268e+00 -2.4518570279e+00
1.9880583591e-04 1.8823149042e+04 1.5707963268e+00 -2.4536238995e+00
1.9897620019e-04 1.8835236856e+04 1.5707963268e+00 -2.4553885036e+00
1.9914646698e-04 1.8847341855e+04 1.5707963268e+00 -2.4571508414e+00
1.9931663637e-04 1.8859464035e+04 1.5707963268e+00 -2.4589109139e+00
1.9948670846e-04 1.8871603388e+04 1.5707963268e+00 -2.4606687223e+00
1.9965668335e-04 1.8883759907e+04 1.5707963268e+00 -2.4624242678e+00
1.9982656114e-04 1.8895933586e+04 1.5707963268e+00 -2.4641775515e+00
1.9999634193e-04 1.8908124418e+04 1.5707963268e+00 -2.4659285748e+00
2.0016602582e-04 1.8920332396e+04 1.5707963268e+00 -2.4676773386e+00
2.0033561290e-04 1.8932557514e+04 1.5707963268e+00 -2.4694238443e+00
2.0050510328e-04 1.8944799763e+04 1.5707963268e+00 -2.4711680930e+00
2.0067449706e-04 1.8957059137e+04 1.5707963268e+00 -2.4729100859e+00
2.0084379434e-04 1.8969335630e+04 1.5707963268e+00 -2.4746498244e+00
2.0101299521e-04 1.8981629233e+04 1.5707963268e+00 -2.4763873095e+00
2.0118209977e-04 1.8993939940e+04 1.5707963268e+00 -2.4781225426e+00
2.0135110813e-04 1.9006267743e+04 1.5707963268e+00 -2.4798555249e+00
2.0152002039e-04 1.9018612635e+04 1.5707963268e+00 -2.4815862577e+00
2.0168883665e-04 1.9030974608e+04 1.5707963268e+00 -2.4833147422e+00
2.0185755701e-04 1.9043353656e+04 1.5707963268e+00 -2.4850409796e+00
2.0202618157e-04 1.9055749770e+04 1.5707963268e+00 -2.4867649714e+00
2.0219471043e-04 1.9068162943e+04 1.5707963268e+00 -2.4884867187e+00
2.0236314369e-04 1.9080593167e+04 1.5707963268e+00 -2.4902062228e+00
2.0253148146e-04 1.9093040435e+04 1.5707963268e+00 -2.4919234851e+00
2.0269972383e-04 1.9105504739e+04 1.5707963268e+00 -2.4936385070e+00
2.0286787091e-04 1.9117986071e+04 1.5707963268e+00 -2.4953512896e+00
2.0303592281e-04 1.9130484423e+04 1.5707963268e+00 -2.4970618343e+00
2.0320387961e-04 1.9142999787e+04 1.5707963268e+00 -2.4987701425e+00
2.0337174143e-04 1.9155532156e+04 1.5707963268e+00 -2.5004762155e+00
2.0353950837e-04 1.9168081521e+04 1.5707963268e+00 -2.5021800547e+00
2.0370718053e-04 1.9180647874e+04 1.5707963268e+00 -2.5038816614e+00
2.0387475802e-04 1.9193231207e+04 1.5707963268e+00 -2.5055810371e+00
2.0404224093e-04 1.9205831511e+04 1.5707963268e+00 -2.5072781829e+00
2.0420962937e-04 1.9218448779e+04 1.5707963268e+00 -2.5089731005e+00
2.0437692344e-04 1.9231083003e+04 1.5707963268e+00 -2.5106657911e+00
2.0454412325e-04 1.9243734173e+04 1.5707963268e+00 -2.5123562561e+00
2.0471122890e-04 1.9256402282e+04 1.5707963268e+00 -2.5140444970e+00
2.0487824050e-04 1.9269087320e+04 1.5707963268e+00 -2.5157305152e+00
2.0504515815e-04 1.9281789280e+04 1.5707963268e+00 -2.5174143120e+00
2.0521198194e-04 1.9294508153e+04 1.5707963268e+00 -2.5190958890e+00
2.0537871200e-04 1.9307243930e+04 1.5707963268e+00 -2.5207752475e+00
2.0554534841e-04 1.9319996602e+04 1.5707963268e+00 -2.5224523891e+00
2.0571189129e-04 1.9332766161e+04 1.5707963268e+00 -2.5241273151e+00
2.0587834074e-04 1.9345552598e+04 1.5707963268e+00 -2.5258000270e+00
2.0604469687e-04 1.9358355904e+04 1.5707963268e+00 -2.5274705263e+00
2.0621095977e-04 1.9371176070e+04 1.5707963268e+00 -2.5291388144e+00
2.0637712957e-04 1.9384013087e+04 1.5707963268e+00 -2.5308048929e+00
2.0654320635e-04 1.9396866947e+04 1.5707963268e+00 -2.5324687632e+00
2.0670919022e-04 1.9409737639e+04 1.5707963268e+00 -2.5341304268e+00
2.0687508130e-04 1.9422625155e+04 1.5707963268e+00 -2.5357898853e+00
2.0704087969e-04 1.9435529486e+04 1.5707963268e+00 -2.5374471400e+00
2.0720658548e-04 1.9448450623e+04 1.5707963268e+00 -2.5391021927e+00
2.0737219880e-04 1.9461388555e+04 1.5707963268e+00 -2.5407550447e+00
2.0753771974e-04 1.9474343275e+04 1.5707963268e+00 -2.5424056976e+00
2.0770314841e-04 1.9487314772e+04 1.5707963268e+00 -2.5440541529e+00
2.0786848491e-04 1.9500303037e+04 1.5707963268e+00 -2.5457004123e+00
2.0803372936e-04 1.9513308061e+04 1.5707963268e+00 -2.5473444771e+00
2.0819888186e-04 1.9526329833e+04 1.5707963268e+00 -2.5489863491e+00
2.0836394251e-04 1.9539368346e+04 1.5707963268e+00 -2.5506260298e+00
2.0852891142e-04 1.9552423587e+04 1.5707963268e+00 -2.5522635207e+00
2.0869378871e-04 1.9565495550e+04 1.5707963268e+00 -2.5538988234e+00
2.0885857446e-04 1.9578584222e+04 1.5707963268e+00 -2.5555319395e+00
2.0902326880e-04 1.9591689595e+04 1.5707963268e+00 -2.5571628706e+00
2.0918787183e-04 1.9604811659e+04 1.5707963268e+00 -2.5587916183e+00
2.0935238366e-04 1.9617950403e+04 1.5707963268e+00 -2.5604181842e+00
2.0951680439e-04 1.9631105819e+04 1.5707963268e+00 -2.5620425700e+00
2.0968113413e-04 1.9644277895e+04 1.5707963268e+00 -2.5636647771e+00
2.0984537299e-04 1.9657466622e+04 1.5707963268e+00 -2.5652848074e+00
2.1000952108e-04 1.9670671990e+04 1.5707963268e+00 -2.5669026623e+00
2.1017357850e-04 1.9683893989e+04 1.5707963268e+00 -2.5685183435e+00
2.1033754536e-04 1.9697132608e+04 1.5707963268e+00 -2.5701318528e+00
2.1050142177e-04 1.9710387837e+04 1.5707963268e+00 -2.5717431917e+00
2.1066520784e-04 1.9723659666e+04 1.5707963268e+00 -2.5733523618e+00
2.1082890367e-04 1.9736948085e+04 1.5707963268e+00 -2.5749593650e+00
2.1099250938e-04 1.9750253083e+04 1.5707963268e+00 -2.5765642027e+00
2.1115602506e-04 1.9763574650e+04 1.5707963268e+00 -2.5781668768e+00
2.1131945084e-04 1.9776912775e+04 1.5707963268e+00 -2.5797673888e+00
2.1148278682e-04 1.9790267449e+04 1.5707963268e+00 -2.5813657406e+00
2.1164603310e-04 1.9803638659e+04 1.5707963268e+00 -2.5829619337e+00
2.1180918980e-04 1.9817026396e+04 1.5707963268e+00 -2.5845559698e+00
2.1197225702e-04 1.9830430649e+04 1.5707963268e+00 -2.5861478508e+00
2.1213523487e-04 1.9843851407e+04 1.5707963268e+00 -2.5877375783e+00
2.1229812346e-04 1.9857288660e+04 1.5707963268e+00 -2.5893251540e+00
2.1246092291e-04 1.9870742396e+04 1.5707963268e+00 -2.5909105796e+00
2.1262363331e-04 1.9884212605e+04 1.5707963268e+00 -2.5924938569e+00
2.1278625478e-04 1.9897699277e+04 1.5707963268e+00 -2.5940749877e+00
2.1294878742e-04 1.9911202399e+04 1.5707963268e+00 -2.5956539736e+00
2.1311123136e-04 1.9924721962e+04 1.5707963268e+00 -2.5972308164e+00
2.1327358668e-04 1.9938257954e+04 1.5707963268e+00 -2.5988055179e+00
2.1343585351e-04 1.9951810363e+04 1.5707963268e+00 -2.6003780798e+00
2.1359803196e-04 1.9965379180e+04 1.5707963268e+00 -2.6019485039e+00
2.1376012213e-04 1.9978964392e+04 1.5707963268e+00 -2.6035167920e+00
2.1392212413e-04 1.9992565989e+04 1.5707963268e+00 -2.6050829458e+00
2.1408403807e-04 2.0006183959e+04 1.5707963268e+00 -2.6066469672e+00
2.1424586406e-04 2.0019818291e+04 1.5707963268e+00 -2.6082088579e+00
2.1440760221e-04 2.0033468974e+04 1.5707963268e+00 -2.6097686198e+00
2.1456925264e-04 2.0047135997e+04 1.5707963268e+00 -2.6113262545e+00
2.1473081544e-04 2.0060819347e+04 1.5707963268e+00 -2.6128817640e+00
2.1489229073e-04 2.0074519013e+04 1.5707963268e+00 -2.6144351501e+00
2.1505367863e-04 2.0088234985e+04 1.5707963268e+00 -2.6159864145e+00
2.1521497923e-04 2.0101967250e+04 1.5707963268e+00 -2.6175355591e+00
2.1537619266e-04 2.0115715797e+04 1.5707963268e+00 -2.6190825857e+00
2.1553731901e-04 2.0129480614e+04 1.5707963268e+00 -2.6206274961e+00
2.1569835840e-04 2.0143261689e+04 1.5707963268e+00 -2.6221702923e+00
2.1585931094e-04 2.0157059012e+04 1.5707963268e+00 -2.6237109760e+00
2.1602017675e-04 2.0170872569e+04 1.5707963268e+00 -2.6252495491e+00
2.1618095592e-04 2.0184702350e+04 1.5707963268e+00 -2.6267860134e+00
2.1634164857e-04 2.0198548343e+04 1.5707963268e+00 -2.6283203708e+00
2.1650225482e-04 2.0212410534e+04 1.5707963268e+00 -2.6298526232e+00
2.1666277476e-04 2.0226288914e+04 1.5707963268e+00 -2.6313827725e+00
2.1682320852e-04 2.0240183469e+04 1.5707963268e+00 -2.6329108204e+00
2.1698355619e-04 2.0254094189e+04 1.5707963268e+00 -2.6344367690e+00
2.1714381790e-04 2.0268021059e+04 1.5707963268e+00 -2.6359606200e+00
2.1730399375e-04 2.0281964070e+04 1.5707963268e+00 -2.6374823754e+00
2.1746408386e-04 2.0295923208e+04 1.5707963268e+00 -2.6390020371e+00
2.1762408832e-04 2.0309898461e+04 1.5707963268e+00 -2.6405196070e+00
2.1778400727e-04 2.0323889818e+04 1.5707963268e+00 -2.6420350869e+00
2.1794384079e-04 2.0337897265e+04 1.5707963268e+00 -2.6435484789e+00
2.1810358901e-04 2.0351920792e+04 1.5707963268e+00 -2.6450597847e+00
2.1826325204e-04 2.0365960385e+04 1.5707963268e+00 -2.6465690064e+00
2.1842282998e-04 2.0380016031e+04 1.5707963268e+00 -2.6480761458e+00
2.1858232295e-04 2.0394087720e+04 1.5707963268e+00 -2.6495812049e+00
2.1874173106e-04 2.0408175438e+04 1.5707963268e+00 -2.6510841856e+00
2.1890105442e-04 2.0422279172e+04 1.5707963268e+00 -2.6525850899e+00
2.1906029314e-04 2.0436398911e+04 1.5707963268e+00 -2.6540839197e+00
2.1921944732e-04 2.0450534642e+04 1.5707963268e+00 -2.6555806770e+00
2.1937851709e-04 2.0464686352e+04 1.5707963268e+00 -2.6570753636e+00
2.1953750255e-04 2.0478854029e+04 1.5707963268e+00 -2.6585679816e+00
2.1969640381e-04 2.0493037660e+04 1.5707963268e+00 -2.6600585329e+00
2.1985522098e-04 2.0507237232e+04 1.5707963268e+00 -2.6615470196e+00
2.2001395418e-04 2.0521452732e+04 1.5707963268e+00 -2.6630334435e+00
2.2017260352e-04 2.0535684149e+04 1.5707963268e+00 -2.6645178066e+00
2.2033116910e-04 2.0549931469e+04 1.5707963268e+00 -2.6660001109e+00
2.2048965104e-04 2.0564194679e+04 1.5707963268e+00 -2.6674803585e+00
2.2064804944e-04 2.0578473766e+04 1.5707963268e+00 -2.6689585512e+00
2.2080636443e-04 2.0592768718e+04 1.5707963268e+00 -2.6704346911e+00
2.2096459610e-04 2.0607079522e+04 1.5707963268e+00 -2.6719087802e+00
2.2112274458e-04 2.0621406164e+04 1.5707963268e+00 -2.6733808205e+00
2.2128080996e-04 2.0635748632e+04 1.5707963268e+00 -2.6748508140e+00
2.2143879237e-04 2.0650106913e+04 1.5707963268e+00 -2.6763187627e+00
2.2159669192e-04 2.0664480994e+04 1.5707963268e+00 -2.6777846686e+00
2.2175450870e-04 2.0678870861e+04 1.5707963268e+00 -2.6792485337e+00
2.2191224285e-04 2.0693276501e+04 1.5707963268e+00 -2.6807103601e+00
2.2206989446e-04 2.0707697902e+04 1.5707963268e+00 -2.6821701497e+00
2.2222746364e-04 2.0722135050e+04 1.5707963268e+00 -2.6836279047e+00
2.2238495052e-04 2.0736587931e+04 1.5707963268e+00 -2.6850836270e+00
2.2254235519e-04 2.0751056533e+04 1.5707963268e+00 -2.6865373187e+00
2.2269967778e-04 2.0765540843e+04 1.5707963268e+00 -2.6879889818e+00
2.2285691839e-04 2.0780040847e+04 1.5707963268e+00 -2.6894386184e+00
2.2301407713e-04 2.0794556531e+04 1.5707963268e+00 -2.6908862305e+00
2.2317115411e-04 2.0809087882e+04 1.5707963268e+00 -2.6923318202e+00
2.2332814944e-04 2.0823634888e+04 1.5707963268e+00 -2.6937753894e+00
2.2348506325e-04 2.0838197534e+04 1.5707963268e+00 -2.6952169404e+00
2.2364189562e-04 2.0852775806e+04 1.5707963268e+00 -2.6966564752e+00
2.2379864669e-04 2.0867369693e+04 1.5707963268e+00 -2.6980939957e+00
2.2395531655e-04 2.0881979179e+04 1.5707963268e+00 -2.6995295042e+00
2.2411190532e-04 2.0896604251e+04 1.5707963268e+00 -2.7009630026e+00
2.2426841312e-04 2.0911244896e+04 1.5707963268e+00 -2.7023944931e+00
2.2442484004e-04 2.0925901101e+04 1.5707963268e+00 -2.7038239777e+00
2.2458118620e-04 2.0940572850e+04 1.5707963268e+00 -2.7052514585e+00
2.2473745172e-04 2.0955260132e+04 1.5707963268e+00 -2.7066769376e+00
2.2489363669e-04 2.0969962932e+04 1.5707963268e+00 -2.7081004171e+00
2.2504974125e-04 2.0984681236e+04 1.5707963268e+00 -2.7095218991e+00
2.2520576548e-04 2.0999415030e+04 1.5707963268e+00 -2.7109413857e+00
2.2536170952e-04 2.1014164301e+04 1.5707963268e+00 -2.7123588790e+00
2.2551757345e-04 2.1028929035e+04 1.5707963268e+00 -2.7137743811e+00
2.2567335741e-04 2.1043709219e+04 1.5707963268e+00 -2.7151878941e+00
2.2582906149e-04 2.1058504837e+04 1.5707963268e+00 -2.7165994201e+00
2.2598468581e-04 2.1073315876e+04 1.5707963268e+00 -2.7180089613e+00
2.2614023048e-04 2.1088142323e+04 1.5707963268e+00 -2.7194165197e+00
2.2629569561e-04 2.1102984164e+04 1.5707963268e+00 -2.7208220975e+00
2.2645108131e-04 2.1117841383e+04 1.5707963268e+00 -2.7222256969e+00
2.2660638769e-04 2.1132713968e+04 1.5707963268e+00 -2.7236273198e+00
2.2676161486e-04 2.1147601904e+04 1.5707963268e+00 -2.7250269686e+00
2.2691676294e-04 2.1162505177e+04 1.5707963268e+00 -2.7264246452e+00
2.2707183202e-04 2.1177423774e+04 1.5707963268e+00 -2.7278203519e+00
2.2722682223e-04 2.1192357679e+04 1.5707963268e+00 -2.7292140907e+00
2.2738173367e-04 2.1207306879e+04 1.5707963268e+00 -2.7306058639e+00
2.2753656645e-04 2.1222271360e+04 1.5707963268e+00 -2.7319956735e+00
2.2769132069e-04 2.1237251107e+04 1.5707963268e+00 -2.7333835218e+00
2.2784599649e-04 2.1252246106e+04 1.5707963268e+00 -2.7347694109e+00
2.2800059396e-04 2.1267256343e+04 1.5707963268e+00 -2.7361533428e+00
2.2815511322e-04 2.1282281803e+04 1.5707963268e+00 -2.7375353199e+00
2.2830955438e-04 2.1297322473e+04 1.5707963268e+00 -2.7389153442e+00
2.2846391754e-04 2.1312378338e+04 1.5707963268e+00 -2.7402934179e+00
2.2861820281e-04 2.1327449384e+04 1.5707963268e+00 -2.7416695432e+00
2.2877241031e-04 2.1342535595e+04 1.5707963268e+00 -2.7430437223e+00
2.2892654015e-04 2.1357636959e+04 1.5707963268e+00 -2.7444159572e+00
2.2908059243e-04 2.1372753460e+04 1.5707963268e+00 -2.7457862503e+00
2.2923456726e-04 2.1387885083e+04 1.5707963268e+00 -2.7471546036e+00
2.2938846476e-04 2.1403031816e+04 1.5707963268e+00 -2.7485210194e+00
2.2954228503e-04 2.1418193642e+04 1.5707963268e+00 -2.7498854998e+00
2.2969602819e-04 2.1433370547e+04 1.5707963268e+00 -2.7512480470e+00
2.2984969434e-04 2.1448562517e+04 1.5707963268e+00 -2.7526086632e+00
2.3000328360e-04 2.1463769538e+04 1.5707963268e+00 -2.7539673506e+00
2.3015679607e-04 2.1478991594e+04 1.5707963268e+00 -2.7553241114e+00
2.3031023187e-04 2.1494228672e+04 1.5707963268e+00 -2.7566789478e+00
2.3046359110e-04 2.1509480755e+04 1.5707963268e+00 -2.7580318619e+00
2.3061687387e-04 2.1524747831e+04 1.5707963268e+00 -2.7593828560e+00
2.3077008029e-04 2.1540029883e+04 1.5707963268e+00 -2.7607319323e+00
2.3092321047e-04 2.1555326898e+04 1.5707963268e+00 -2.7620790930e+00
2.3107626453e-04 2.1570638861e+04 1.5707963268e+00 -2.7634243402e+00
2.3122924256e-04 2.1585965756e+04 1.5707963268e+00 -2.7647676763e+00
2.3138214468e-04 2.1601307570e+04 1.5707963268e+00 -2.7661091033e+00
2.3153497101e-04 2.1616664287e+04 1.5707963268e+00 -2.7674486236e+00
2.3168772164e-04 2.1632035892e+04 1.5707963268e+00 -2.7687862392e+00
2.3184039668e-04 2.1647422371e+04 1.5707963268e+00 -2.7701219525e+00
2.3199299626e-04 2.1662823709e+04 1.5707963268e+00 -2.7714557657e+00
2.3214552047e-04 2.1678239891e+04 1.5707963268e+00 -2.7727876810e+00
2.3229796942e-04 2.1693670902e+04 1.5707963268e+00 -2.7741177006e+00
2.3245034322e-04 2.1709116727e+04 1.5707963268e+00 -2.7754458267e+00
2.3260264199e-04 2.1724577352e+04 1.5707963268e+00 -2.7767720615e+00
2.3275486583e-04 2.1740052760e+04 1.5707963268e+00 -2.7780964074e+00
2.3290701484e-04 2.1755542938e+04 1.5707963268e+00 -2.7794188664e+00
2.3305908915e-04 2.1771047871e+04 1.5707963268e+00 -2.7807394409e+00
2.3321108885e-04 2.1786567542e+04 1.5707963268e+00 -2.7820581331e+00
2.3336301405e-04 2.1802101938e+04 1.5707963268e+00 -2.7833749452e+00
2.3351486487e-04 2.1817651043e+04 1.5707963268e+00 -2.7846898795e+00
2.3366664141e-04 2.1833214842e+04 1.5707963268e+00 -2.7860029381e+00
2.3381834378e-04 2.1848793321e+04 1.5707963268e+00 -2.7873141234e+00
2.3396997209e-04 2.1864386463e+04 1.5707963268e+00 -2.7886234376e+00
2.3412152644e-04 2.1879994254e+04 1.5707963268e+00 -2.7899308829e+00
2.3427300695e-04 2.1895616679e+04 1.5707963268e+00 -2.7912364616e+00
2.3442441372e-04 2.1911253723e+04 1.5707963268e+00 -2.7925401759e+00
2.3457574686e-04 2.1926905370e+04 1.5707963268e+00 -2.7938420281e+00
2.3472700648e-04 2.1942571605e+04 1.5707963268e+00 -2.7951420204e+00
2.3487819269e-04 2.1958252413e+04 1.5707963268e+00 -2.7964401550e+00
2.3502930559e-04 2.1973947780e+04 1.5707963268e+00 -2.7977364343e+00
2.3518034529e-04 2.1989657688e+04 1.5707963268e+00 -2.7990308605e+00
2.3533131190e-04 2.2005382124e+04 1.5707963268e+00 -2.8003234358e+00
2.3548220553e-04 2.2021121072e+04 1.5707963268e+00 -2.8016141626e+00
2.3563302628e-04 2.2036874517e+04 1.5707963268e+00 -2.8029030429e+00
2.3578377426e-04 2.2052642444e+04 1.5707963268e+00 -2.8041900793e+00
2.3593444958e-04 2.2068424836e+04 1.5707963268e+00 -2.8054752738e+00
2.3608505235e-04 2.2084221679e+04 1.5707963268e+00 -2.8067586287e+00
2.3623558268e-04 2.2100032958e+04 1.5707963268e+00 -2.8080401464e+00
2.3638604066e-04 2.2115858657e+04 1.5707963268e+00 -2.8093198290e+00
2.3653642641e-04 2.2131698761e+04 1.5707963268e+00 -2.8105976789e+00
2.3668674003e-04 2.2147553254e+04 1.5707963268e+00 -2.8118736984e+00
2.3683698164e-04 2.2163422121e+04 1.5707963268e+00 -2.8131478896e+00
2.3698715134e-04 2.2179305347e+04 1.5707963268e+00 -2.8144202549e+00
2.3713724923e-04 2.2195202915e+04 1.5707963268e+00 -2.8156907965e+00
2.3728727542e-04 2.2211114812e+04 1.5707963268e+00 -2.8169595168e+00
2.3743723002e-04 2.2227041020e+04 1.5707963268e+00 -2.8182264179e+00
2.3758711313e-04 2.2242981526e+04 1.5707963268e+00 -2.8194915023e+00
2.3773692487e-04 2.2258936312e+04 1.5707963268e+00 -2.8207547720e+00
2.3788666533e-04 2.2274905364e+04 1.5707963268e+00 -2.8220162295e+00
2.3803633462e-04 2.2290888667e+04 1.5707963268e+00 -2.8232758770e+00
2.3818593286e-04 2.2306886204e+04 1.5707963268e+00 -2.8245337168e+00
2.3833546014e-04 2.2322897961e+04 1.5707963268e+00 -2.8257897511e+00
2.3848491657e-04 2.2338923921e+04 1.5707963268e+00 -2.8270439823e+00
2.3863430226e-04 2.2354964069e+04 1.5707963268e+00 -2.8282964126e+00
2.3878361732e-04 2.2371018389e+04 1.5707963268e+00 -2.8295470444e+00
2.3893286184e-04 2.2387086867e+04 1.5707963268e+00 -2.8307958798e+00
2.3908203594e-04 2.2403169485e+04 1.5707963268e+00 -2.8320429213e+00
2.3923113971e-04 2.2419266230e+04 1.5707963268e+00 -2.8332881710e+00
2.3938017328e-04 2.2435377084e+04 1.5707963268e+00 -2.8345316313e+00
2.3952913673e-04 2.2451502033e+04 1.5707963268e+00 -2.8357733045e+00
2.3967803018e-04 2.2467641060e+04 1.5707963268e+00 -2.8370131928e+00
2.3982685373e-04 2.2483794151e+04 1.5707963268e+00 -2.8382512985e+00
2.3997560749e-04 2.2499961289e+04 1.5707963268e+00 -2.8394876240e+00
2.4012429156e-04 2.2516142459e+04 1.5707963268e+00 -2.8407221715e+00
2.4027290605e-04 2.2532337645e+04 1.5707963268e+00 -2.8419549433e+00
2.4042145106e-04 2.2548546831e+04 1.5707963268e+00 -2.8431859417e+00
2.4056992669e-04 2.2564770002e+04 1.5707963268e+00 -2.8444151690e+00
2.4071833306e-04 2.2581007142e+04 1.5707963268e+00 -2.8456426275e+00
2.4086667026e-04 2.2597258235e+04 1.5707963268e+00 -2.8468683195e+00
2.4101493840e-04 2.2613523266e+04 1.5707963268e+00 -2.8480922473e+00
2.4116313759e-04 2.2629802218e+04 1.5707963268e+00 -2.8493144132e+00
2.4131126792e-04 2.2646095076e+04 1.5707963268e+00 -2.8505348195e+00
2.4145932950e-04 2.2662401824e+04 1.5707963268e+00 -2.8517534684e+00
2.4160732245e-04 2.2678722447e+04 1.5707963268e+00 -2.8529703623e+00
2.4175524685e-04 2.2695056929e+04 1.5707963268e+00 -2.8541855035e+00
2.4190310282e-04 2.2711405253e+04 1.5707963268e+00 -2.8553988943e+00
2.4205089045e-04 2.2727767404e+04 1.5707963268e+00 -2.8566105370e+00
2.4219860986e-04 2.2744143367e+04 1.5707963268e+00 -2.8578204338e+00
2.4234626114e-04 2.2760533125e+04 1.5707963268e+00 -2.8590285871e+00
2.4249384441e-04 2.2776936662e+04 1.5707963268e+00 -2.8602349992e+00
2.4264135975e-04 2.2793353964e+04 1.5707963268e+00 -2.8614396723e+00
2.4278880728e-04 2.2809785013e+04 1.5707963268e+00 -2.8626426088e+00
2.4293618710e-04 2.2826229794e+04 1.5707963268e+00 -2.8638438110e+00
2.4308349932e-04 2.2842688291e+04 1.5707963268e+00 -2.8650432812e+00
2.4323074402e-04 2.2859160489e+04 1.5707963268e+00 -2.8662410217e+00
2.4337792133e-04 2.2875646371e+04 1.5707963268e+00 -2.8674370347e+00
2.4352503134e-04 2.2892145921e+04 1.5707963268e+00 -2.8686313226e+00
2.4367207415e-04 2.2908659125e+04 1.5707963268e+00 -2.8698238878e+00
2.4381904986e-04 2.2925185965e+04 1.5707963268e+00 -2.8710147324e+00
2.4396595859e-04 2.2941726426e+04 1.5707963268e+00 -2.8722038588e+00
2.4411280042e-04 2.2958280491e+04 1.5707963268e+00 -2.8733912693e+00
2.4425957547e-04 2.2974848146e+04 1.5707963268e+00 -2.8745769662e+00
2.4440628384e-04 2.2991429374e+04 1.5707963268e+00 -2.8757609518e+00
2.4455292562e-04 2.3008024159e+04 1.5707963268e+00 -2.8769432284e+00
2.4469950092e-04 2.3024632486e+04 1.5707963268e+00 -2.8781237983e+00
2.4484600985e-04 2.3041254338e+04 1.5707963268e+00 -2.8793026638e+00
2.4499245250e-04 2.3057889699e+04 1.5707963268e+00 -2.8804798273e+00
2.4513882897e-04 2.3074538553e+04 1.5707963268e+00 -2.8816552910e+00
2.4528513937e-04 2.3091200885e+04 1.5707963268e+00 -2.8828290572e+00
2.4543138380e-04 2.3107876679e+04 1.5707963268e+00 -2.8840011282e+00
2.4557756235e-04 2.3124565918e+04 1.5707963268e+00 -2.8851715063e+00
2.4572367514e-04 2.3141268586e+04 1.5707963268e+00 -2.8863401939e+00
2.4586972226e-04 2.3157984669e+04 1.5707963268e+00 -2.8875071932e+00
2.4601570381e-04 2.3174714148e+04 1.5707963268e+00 -2.8886725066e+00
2.4616161990e-04 2.3191457010e+04 1.5707963268e+00 -2.8898361362e+00
2.4630747062e-04 2.3208213237e+04 1.5707963268e+00 -2.8909980846e+00
2.4645325608e-04 2.3224982814e+04 1.5707963268e+00 -2.8921583539e+00
2.4659897637e-04 2.3241765724e+04 1.5707963268e+00 -2.8933169464e+00
2.4674463160e-04 2.3258561952e+04 1.5707963268e+00 -2.8944738645e+00
2.4689022186e-04 2.3275371482e+04 1.5707963268e+00 -2.8956291104e+00
2.4703574727e-04 2.3292194297e+04 1.5707963268e+00 -2.8967826864e+00
2.4718120791e-04 2.3309030382e+04 1.5707963268e+00 -2.8979345950e+00
2.4732660389e-04 2.3325879721e+04 1.5707963268e+00 -2.8990848382e+00
2.4747193530e-04 2.3342742297e+04 1.5707963268e+00 -2.9002334186e+00
2.4761720225e-04 2.3359618095e+04 1.5707963268e+00 -2.9013803383e+00
2.4776240484e-04 2.3376507098e+04 1.5707963268e+00 -2.9025255996e+00
2.4790754317e-04 2.3393409291e+04 1.5707963268e+00 -2.9036692049e+00
2.4805261733e-04 2.3410324658e+04 1.5707963268e+00 -2.9048111564e+00
2.4819762743e-04 2.3427253182e+04 1.5707963268e+00 -2.9059514565e+00
2.4834257356e-04 2.3444194847e+04 1.5707963268e+00 -2.9070901075e+00
2.4848745582e-04 2.3461149638e+04 1.5707963268e+00 -2.9082271115e+00
2.4863227432e-04 2.3478117538e+04 1.5707963268e+00 -2.9093624711e+00
2.4877702915e-04 2.3495098531e+04 1.5707963268e+00 -2.9104961883e+00
2.4892172042e-04 2.3512092602e+04 1.5707963268e+00 -2.9116282656e+00
2.4906634821e-04 2.3529099733e+04 1.5707963268e+00 -2.9127587053e+00
2.4921091263e-04 2.3546119910e+04 1.5707963268e+00 -2.9138875095e+00
2.4935541377e-04 2.3563153117e+04 1.5707963268e+00 -2.9150146807e+00
2.4949985174e-04 2.3580199336e+04 1.5707963268e+00 -2.9161402211e+00
2.4964422664e-04 2.3597258552e+04 1.5707963268e+00 -2.9172641330e+00
2.4978853855e-04 2.3614330749e+04 1.5707963268e+00 -2.9183864187e+00
2.4993278759e-04 2.3631415912e+04 1.5707963268e+00 -2.9195070805e+00
2.5007697384e-04 2.3648514023e+04 1.5707963268e+00 -2.9206261206e+00
2.5022109741e-04 2.3665625067e+04 1.5707963268e+00 -2.9217435415e+00
2.5036515839e-04 2.3682749027e+04 1.5707963268e+00 -2.9228593453e+00
2.5050915688e-04 2.3699885889e+04 1.5707963268e+00 -2.9239735344e+00
2.5065309298e-04 2.3717035635e+04 1.5707963268e+00 -2.9250861110e+00
2.5079696678e-04 2.3734198250e+04 1.5707963268e+00 -2.9261970774e+00
2.5094077839e-04 2.3751373717e+04 1.5707963268e+00 -2.9273064360e+00
2.5108452789e-04 2.3768562021e+04 1.5707963268e+00 -2.9284141889e+00
2.5122821539e-04 2.3785763145e+04 1.5707963268e+00 -2.9295203386e+00
2.5137184099e-04 2.3802977074e+04 1.5707963268e+00 -2.9306248872e+00
2.5151540477e-04 2.3820203791e+04 1.5707963268e+00 -2.9317278371e+00
2.5165890685e-04 2.3837443280e+04 1.5707963268e+00 -2.9328291906e+00
2.5180234730e-04 2.3854695525e+04 1.5707963268e+00 -2.9339289498e+00
2.5194572624e-04 2.3871960511e+04 1.5707963268e+00 -2.9350271172e+00
2.5208904375e-04 2.3889238221e+04 1.5707963268e+00 -2.9361236950e+00
2.5223229993e-04 2.3906528639e+04 1.5707963268e+00 -2.9372186854e+00
2.5237549488e-04 2.3923831749e+04 1.5707963268e+00 -2.9383120908e+00
2.5251862870e-04 2.3941147535e+04 1.5707963268e+00 -2.9394039134e+00
2.5266170148e-04 2.3958475981e+04 1.5707963268e+00 -2.9404941555e+00
2.5280471331e-04 2.3975817070e+04 1.5707963268e+00 -2.9415828194e+00
2.5294766429e-04 2.3993170788e+04 1.5707963268e+00 -2.9426699073e+00
2.5309055452e-04 2.4010537117e+04 1.5707963268e+00 -2.9437554216e+00
2.5323338409e-04 2.4027916043e+04 1.5707963268e+00 -2.9448393645e+00
2.5337615310e-04 2.4045307548e+04 1.5707963268e+00 -2.9459217382e+00
2.5351886164e-04 2.4062711616e+04 1.5707963268e+00 -2.9470025451e+00
2.5366150981e-04 2.4080128232e+04 1.5707963268e+00 -2.9480817874e+00
2.5380409769e-04 2.4097557380e+04 1.5707963268e+00 -2.9491594674e+00
2.5394662540e-04 2.4114999044e+04 1.5707963268e+00 -2.9502355874e+00
2.5408909302e-04 2.4132453207e+04 1.5707963268e+00 -2.9513101496e+00
2.5423150064e-04 2.4149919854e+04 1.5707963268e+00 -2.9523831562e+00
2.5437384837e-04 2.4167398968e+04 1.5707963268e+00 -2.9534546097e+00
2.5451613628e-04 2.4184890534e+04 1.5707963268e+00 -2.9545245121e+00
2.5465836449e-04 2.4202394535e+04 1.5707963268e+00 -2.9555928658e+00
2.5480053308e-04 2.4219910956e+04 1.5707963268e+00 -2.9566596731e+00
2.5494264214e-04 2.4237439780e+04 1.5707963268e+00 -2.9577249361e+00
2.5508469178e-04 2.4254980991e+04 1.5707963268e+00 -2.9587886573e+00
2.5522668208e-04 2.4272534575e+04 1.5707963268e+00 -2.9598508387e+00
2.5536861314e-04 2.4290100513e+04 1.5707963268e+00 -2.9609114827e+00
2.5551048504e-04 2.4307678791e+04 1.5707963268e+00 -2.9619705916e+00
2.5565229789e-04 2.4325269393e+04 1.5707963268e+00 -2.9630281675e+00
2.5579405178e-04 2.4342872302e+04 1.5707963268e+00 -2.9640842128e+00
2.5593574680e-04 2.4360487503e+04 1.5707963268e+00 -2.9651387296e+00
2.5607738304e-04 2.4378114979e+04 1.5707963268e+00 -2.9661917204e+00
2.5621896060e-04 2.4395754714e+04 1.5707963268e+00 -2.9672431872e+00
2.5636047956e-04 2.4413406694e+04 1.5707963268e+00 -2.9682931323e+00
2.5650194003e-04 2.4431070901e+04 1.5707963268e+00 -2.9693415580e+00
2.5664334209e-04 2.4448747319e+04 1.5707963268e+00 -2.9703884666e+00
2.5678468583e-04 2.4466435934e+04 1.5707963268e+00 -2.9714338602e+00
2.5692597135e-04 2.4484136728e+04 1.5707963268e+00 -2.9724777412e+00
2.5706719875e-04 2.4501849686e+04 1.5707963268e+00 -2.9735201117e+00
2.5720836810e-04 2.4519574791e+04 1.5707963268e+00 -2.9745609740e+00
2.5734947951e-04 2.4537312029e+04 1.5707963268e+00 -2.9756003304e+00
2.5749053306e-04 2.4555061383e+04 1.5707963268e+00 -2.9766381830e+00
2.5763152885e-04 2.4572822836e+04 1.5707963268e+00 -2.9776745342e+00
2.5777246696e-04 2.4590596374e+04 1.5707963268e+00 -2.9787093861e+00
2.5791334750e-04 2.4608381980e+04 1.5707963268e+00 -2.9797427410e+00
2.5805417054e-04 2.4626179639e+04 1.5707963268e+00 -2.9807746011e+00
2.5819493619e-04 2.4643989333e+04 1.5707963268e+00 -2.9818049686e+00
2.5833564453e-04 2.4661811049e+04 1.5707963268e+00 -2.9828338459e+00
2.5847629565e-04 2.4679644769e+04 1.5707963268e+00 -2.9838612350e+00
2.5861688964e-04 2.4697490477e+04 1.5707963268e+00 -2.9848871382e+00
2.5875742660e-04 2.4715348159e+04 1.5707963268e+00 -2.9859115578e+00
2.5889790662e-04 2.4733217797e+04 1.5707963268e+00 -2.9869344960e+00
2.5903832978e-04 2.4751099376e+04 1.5707963268e+00 -2.9879559550e+00
2.5917869617e-04 2.4768992881e+04 1.5707963268e+00 -2.9889759369e+00
2.5931900589e-04 2.4786898295e+04 1.5707963268e+00 -2.9899944441e+00
2.5945925902e-04 2.4804815603e+04 1.5707963268e+00 -2.9910114788e+00
2.5959945566e-04 2.4822744788e+04 1.5707963268e+00 -2.9920270431e+00
2.5973959589e-04 2.4840685835e+04 1.5707963268e+00 -2.9930411393e+00
2.5987967981e-04 2.4858638728e+04 1.5707963268e+00 -2.9940537696e+00
2.6001970749e-04 2.4876603451e+04 1.5707963268e+00 -2.9950649362e+00
2.6015967905e-04 2.4894579989e+04 1.5707963268e+00 -2.9960746413e+00
2.6029959455e-04 2.4912568325e+04 1.5707963268e+00 -2.9970828872e+00
2.6043945409e-04 2.4930568443e+04 1.5707963268e+00 -2.9980896759e+00
2.6057925776e-04 2.4948580329e+04 1.5707963268e+00 -2.9990950098e+00
2.6071900565e-04 2.4966603966e+04 1.5707963268e+00 -3.0000988910e+00
2.6085869785e-04 2.4984639338e+04 1.5707963268e+00 -3.0011013217e+00
2.6099833444e-04 2.5002686430e+04 1.5707963268e+00 -3.0021023042e+00
2.6113791552e-04 2.5020745225e+04 1.5707963268e+00 -3.0031018405e+00
2.6127744117e-04 2.5038815709e+04 1.5707963268e+00 -3.0040999331e+00
2.6141691147e-04 2.5056897865e+04 1.5707963268e+00 -3.0050965839e+00
2.6155632653e-04 2.5074991677e+04 1.5707963268e+00 -3.0060917952e+00
2.6169568642e-04 2.5093097130e+04 1.5707963268e+00 -3.0070855692e+00
2.6183499123e-04 2.5111214208e+04 1.5707963268e+00 -3.0080779081e+00
2.6197424106e-04 2.5129342896e+04 1.5707963268e+00 -3.0090688141e+00
2.6211343598e-04 2.5147483177e+04 1.5707963268e+00 -3.0100582894e+00
2.6225257609e-04 2.5165635036e+04 1.5707963268e+00 -3.0110463361e+00
2.6239166148e-04 2.5183798458e+04 1.5707963268e+00 -3.0120329564e+00
2.6253069222e-04 2.5201973425e+04 1.5707963268e+00 -3.0130181525e+00
2.6266966841e-04 2.5220159924e+04 1.5707963268e+00 -3.0140019266e+00
2.6280859013e-04 2.5238357938e+04 1.5707963268e+00 -3.0149842808e+00
2.6294745748e-04 2.5256567452e+04 1.5707963268e+00 -3.0159652174e+00
2.6308627053e-04 2.5274788449e+04 1.5707963268e+00 -3.0169447385e+00
2.6322502938e-04 2.5293020914e+04 1.5707963268e+00 -3.0179228463e+00
2.6336373411e-04 2.5311264832e+04 1.5707963268e+00 -3.0188995429e+00
2.6350238480e-04 2.5329520187e+04 1.5707963268e+00 -3.0198748305e+00
2.6364098154e-04 2.5347786964e+04 1.5707963268e+00 -3.0208487113e+00
2.6377952443e-04 2.5366065146e+04 1.5707963268e+00 -3.0218211875e+00
2.6391801353e-04 2.5384354718e+04 1.5707963268e+00 -3.0227922611e+00
2.6405644895e-04 2.5402655664e+04 1.5707963268e+00 -3.0237619345e+00
2.6419483077e-04 2.5420967970e+04 1.5707963268e+00 -3.0247302096e+00
2.6433315906e-04 2.5439291619e+04 1.5707963268e+00 -3.0256970887e+00
2.6447143392e-04 2.5457626595e+04 1.5707963268e+00 -3.0266625739e+00
2.6460965543e-04 2.5475972884e+04 1.5707963268e+00 -3.0276266675e+00
2.6474782368e-04 2.5494330470e+04 1.5707963268e+00 -3.0285893714e+00
2.6488593875e-04 2.5512699336e+04 1.5707963268e+00 -3.0295506880e+00
2.6502400072e-04 2.5531079469e+04 1.5707963268e+00 -3.0305106192e+00
2.6516200969e-04 2.5549470851e+04 1.5707963268e+00 -3.0314691674e+00
2.6529996573e-04 2.5567873468e+04 1.5707963268e+00 -3.0324263345e+00
2.6543786893e-04 2.5586287304e+04 1.5707963268e+00 -3.0333821228e+00
2.6557571937e-04 2.5604712344e+04 1.5707963268e+00 -3.0343365344e+00
2.6571351715e-04 2.5623148571e+04 1.5707963268e+00 -3.0352895715e+00
2.6585126233e-04 2.5641595972e+04 1.5707963268e+00 -3.0362412361e+00
2.6598895501e-04 2.5660054529e+04 1.5707963268e+00 -3.0371915304e+00
2.6612659527e-04 2.5678524228e+04 1.5707963268e+00 -3.0381404565e+00
2.6626418320e-04 2.5697005054e+04 1.5707963268e+00 -3.0390880166e+00
2.6640171887e-04 2.5715496990e+04 1.5707963268e+00 -3.0400342127e+00
2.6653920237e-04 2.5734000022e+04 1.5707963268e+00 -3.0409790471e+00
2.6667663379e-04 2.5752514134e+04 1.5707963268e+00 -3.0419225218e+00
2.6681401320e-04 2.5771039311e+04 1.5707963268e+00 -3.0428646389e+00
2.6695134069e-04 2.5789575536e+04 1.5707963268e+00 -3.0438054006e+00
2.6708861635e-04 2.5808122796e+04 1.5707963268e+00 -3.0447448090e+00
2.6722584025e-04 2.5826681074e+04 1.5707963268e+00 -3.0456828662e+00
2.6736301248e-04 2.5845250356e+04 1.5707963268e+00 -3.0466195743e+00
2.6750013312e-04 2.5863830625e+04 1.5707963268e+00 -3.0475549355e+00
2.6763720225e-04 2.5882421866e+04 1.5707963268e+00 -3.0484889517e+00
2.6777421995e-04 2.5901024065e+04 1.5707963268e+00 -3.0494216252e+00
2.6791118632e-04 2.5919637206e+04 1.5707963268e+00 -3.0503529581e+00
2.6804810142e-04 2.5938261273e+04 1.5707963268e+00 -3.0512829523e+00
2.6818496535e-04 2.5956896252e+04 1.5707963268e+00 -3.0522116101e+00
2.6832177817e-04 2.5975542126e+04 1.5707963268e+00 -3.0531389336e+00
2.6845853999e-04 2.5994198881e+04 1.5707963268e+00 -3.0540649248e+00
2.6859525086e-04 2.6012866502e+04 1.5707963268e+00 -3.0549895858e+00
2.6873191089e-04 2.6031544973e+04 1.5707963268e+00 -3.0559129187e+00
2.6886852014e-04 2.6050234278e+04 1.5707963268e+00 -3.0568349257e+00
2.6900507870e-04 2.6068934404e+04 1.5707963268e+00 -3.0577556087e+00
2.6914158666e-04 2.6087645334e+04 1.5707963268e+00 -3.0586749699e+00
2.6927804408e-04 2.6106367054e+04 1.5707963268e+00 -3.0595930114e+00
2.6941445106e-04 2.6125099547e+04 1.5707963268e+00 -3.0605097352e+00
2.6955080767e-04 2.6143842800e+04 1.5707963268e+00 -3.0614251434e+00
2.6968711399e-04 2.6162596797e+04 1.5707963268e+00 -3.0623392381e+00
2.6982337011e-04 2.6181361522e+04 1.5707963268e+00 -3.0632520214e+00
2.6995957610e-04 2.6200136961e+04 1.5707963268e+00 -3.0641634953e+00
2.7009573204e-04 2.6218923098e+04 1.5707963268e+00 -3.0650736620e+00
2.7023183802e-04 2.6237719919e+04 1.5707963268e+00 -3.0659825234e+00
2.7036789411e-04 2.6256527408e+04 1.5707963268e+00 -3.0668900817e+00
2.7050390039e-04 2.6275345549e+04 1.5707963268e+00 -3.0677963388e+00
2.7063985695e-04 2.6294174329e+04 1.5707963268e+00 -3.0687012969e+00
2.7077576386e-04 2.6313013732e+04 1.5707963268e+00 -3.0696049581e+00
2.7091162120e-04 2.6331863743e+04 1.5707963268e+00 -3.0705073243e+00
2.7104742905e-04 2.6350724347e+04 1.5707963268e+00 -3.0714083977e+00
2.7118318749e-04 2.6369595529e+04 1.5707963268e+00 -3.0723081802e+00
2.7131889660e-04 2.6388477273e+04 1.5707963268e+00 -3.0732066740e+00
2.7145455645e-04 2.6407369565e+04 1.5707963268e+00 -3.0741038811e+00
2.7159016713e-04 2.6426272391e+04 1.5707963268e+00 -3.0749998035e+00
2.7172572872e-04 2.6445185734e+04 1.5707963268e+00 -3.0758944432e+00
2.7186124129e-04 2.6464109580e+04 1.5707963268e+00 -3.0767878024e+00
2.7199670492e-04 2.6483043914e+04 1.5707963268e+00 -3.0776798830e+00
2.7213211969e-04 2.6501988721e+04 1.5707963268e+00 -3.0785706871e+00
2.7226748568e-04 2.6520943986e+04 1.5707963268e+00 -3.0794602167e+00
2.7240280297e-04 2.6539909694e+04 1.5707963268e+00 -3.0803484738e+00
2.7253807162e-04 2.6558885830e+04 1.5707963268e+00 -3.0812354606e+00
2.7267329173e-04 2.6577872380e+04 1.5707963268e+00 -3.0821211789e+00
2.7280846337e-04 2.6596869329e+04 1.5707963268e+00 -3.0830056309e+00
2.7294358661e-04 2.6615876661e+04 1.5707963268e+00 -3.0838888185e+00
2.7307866154e-04 2.6634894361e+04 1.5707963268e+00 -3.0847707438e+00
2.7321368822e-04 2.6653922416e+04 1.5707963268e+00 -3.0856514087e+00
2.7334866675e-04 2.6672960810e+04 1.5707963268e+00 -3.0865308154e+00
2.7348359719e-04 2.6692009528e+04 1.5707963268e+00 -3.0874089658e+00
2.7361847961e-04 2.6711068556e+04 1.5707963268e+00 -3.0882858619e+00
2.7375331411e-04 2.6730137879e+04 1.5707963268e+00 -3.0891615057e+00
2.7388810075e-04 2.6749217481e+04 1.5707963268e+00 -3.0900358993e+00
2.7402283961e-04 2.6768307349e+04 1.5707963268e+00 -3.0909090446e+00
2.7415753077e-04 2.6787407467e+04 1.5707963268e+00 -3.0917809436e+00
2.7429217431e-04 2.6806517822e+04 1.5707963268e+00 -3.0926515984e+00
2.7442677029e-04 2.6825638397e+04 1.5707963268e+00 -3.0935210109e+00
2.7456131879e-04 2.6844769178e+04 1.5707963268e+00 -3.0943891832e+00
2.7469581990e-04 2.6863910151e+04 1.5707963268e+00 -3.0952561171e+00
2.7483027369e-04 2.6883061301e+04 1.5707963268e+00 -3.0961218148e+00
2.7496468022e-04 2.6902222613e+04 1.5707963268e+00 -3.0969862782e+00
2.7509903959e-04 2.6921394074e+04 1.5707963268e+00 -3.0978495093e+00
2.7523335185e-04 2.6940575667e+04 1.5707963268e+00 -3.0987115100e+00
2.7536761710e-04 2.6959767378e+04 1.5707963268e+00 -3.0995722823e+00
2.7550183539e-04 2.6978969193e+04 1.5707963268e+00 -3.1004318283e+00
2.7563600682e-04 2.6998181098e+04 1.5707963268e+00 -3.1012901499e+00
2.7577013145e-04 2.7017403077e+04 1.5707963268e+00 -3.1021472491e+00
2.7590420935e-04 2.7036635116e+04 1.5707963268e+00 -3.1030031277e+00
2.7603824061e-04 2.7055877201e+04 1.5707963268e+00 -3.1038577879e+00
2.7617222529e-04 2.7075129317e+04 1.5707963268e+00 -3.1047112316e+00
2.7630616348e-04 2.7094391449e+04 1.5707963268e+00 -3.1055634607e+00
2.7644005524e-04 2.7113663583e+04 1.5707963268e+00 -3.1064144772e+00
2.7657390064e-04 2.7132945705e+04 1.5707963268e+00 -3.1072642830e+00
2.7670769977e-04 2.7152237799e+04 1.5707963268e+00 -3.1081128801e+00
2.7684145270e-04 2.7171539853e+04 1.5707963268e+00 -3.1089602705e+00
2.7697515950e-04 2.7190851850e+04 1.5707963268e+00 -3.1098064561e+00
2.7710882024e-04 2.7210173777e+04 1.5707963268e+00 -3.1106514389e+00
2.7724243500e-04 2.7229505619e+04 1.5707963268e+00 -3.1114952208e+00
2.7737600385e-04 2.7248847362e+04 1.5707963268e+00 -3.1123378037e+00
2.7750952686e-04 2.7268198991e+04 1.5707963268e+00 -3.1131791896e+00
2.7764300411e-04 2.7287560492e+04 1.5707963268e+00 -3.1140193804e+00
2.7777643567e-04 2.7306931851e+04 1.5707963268e+00 -3.1148583781e+00
2.7790982161e-04 2.7326313054e+04 1.5707963268e+00 -3.1156961846e+00
2.7804316201e-04 2.7345704085e+04 1.5707963268e+00 -3.1165328018e+00
2.7817645693e-04 2.7365104931e+04 1.5707963268e+00 -3.1173682317e+00
2.7830970645e-04 2.7384515578e+04 1.5707963268e+00 -3.1182024762e+00
2.7844291065e-04 2.7403936010e+04 1.5707963268e+00 -3.1190355371e+00
2.7857606959e-04 2.7423366214e+04 1.5707963268e+00 -3.1198674165e+00
2.7870918335e-04 2.7442806176e+04 1.5707963268e+00 -3.1206981162e+00
2.7884225200e-04 2.7462255881e+04 1.5707963268e+00 -3.1215276382e+00
2.7897527561e-04 2.7481715315e+04 1.5707963268e+00 -3.1223559844e+00
2.7910825425e-04 2.7501184465e+04 1.5707963268e+00 -3.1231831567e+00
2.7924118799e-04 2.7520663314e+04 1.5707963268e+00 -3.1240091569e+00
2.7937407691e-04 2.7540151850e+04 1.5707963268e+00 -3.1248339871e+00
2.7950692108e-04 2.7559650059e+04 1.5707963268e+00 -3.1256576490e+00
2.7963972056e-04 2.7579157925e+04 1.5707963268e+00 -3.1264801447e+00
2.7977247544e-04 2.7598675436e+04 1.5707963268e+00 -3.1273014760e+00
2.7990518577e-04 2.7618202576e+04 1.5707963268e+00 -3.1281216448e+00
2.8003785164e-04 2.7637739332e+04 1.5707963268e+00 -3.1289406529e+00
2.8017047310e-04 2.7657285690e+04 1.5707963268e+00 -3.1297585024e+00
2.8030305024e-04 2.7676841635e+04 1.5707963268e+00 -3.1305751950e+00
2.8043558312e-04 2.7696407154e+04 1.5707963268e+00 -3.1313907328e+00
2.8056807182e-04 2.7715982232e+04 1.5707963268e+00 -3.1322051174e+00
2.8070051640e-04 2.7735566856e+04 1.5707963268e+00 -3.1330183509e+00
2.8083291693e-04 2.7755161011e+04 1.5707963268e+00 -3.1338304351e+00
2.8096527349e-04 2.7774764683e+04 1.5707963268e+00 -3.1346413719e+00
2.8109758614e-04 2.7794377859e+04 1.5707963268e+00 -3.1354511631e+00
2.8122985495e-04 2.7814000524e+04 1.5707963268e+00 -3.1362598107e+00
2.8136207999e-04 2.7833632665e+04 1.5707963268e+00 -3.1370673164e+00
2.8149426134e-04 2.7853274267e+04 1.5707963268e+00 -3.1378736823e+00
2.8162639906e-04 2.7872925317e+04 1.5707963268e+00 -3.1386789100e+00
2.8175849322e-04 2.7892585800e+04 1.5707963268e+00 -3.1394830016e+00
2.8189054390e-04 2.7912255703e+04 1.5707963268e+00 -3.1402859588e+00
2.8202255115e-04 2.7931935012e+04 1.5707963268e+00 -3.1410877835e+00
2.8215451505e-04 2.7951623713e+04 1.5707963268e+00 -3.1418884776e+00
2.8228643567e-04 2.7971321793e+04 1.5707963268e+00 -3.1426880429e+00
2.8241831307e-04 2.7991029236e+04 1.5707963268e+00 -3.1434864812e+00
2.8255014733e-04 2.8010746030e+04 1.5707963268e+00 -3.1442837944e+00
2.8268193851e-04 2.8030472161e+04 1.5707963268e+00 -3.1450799844e+00
2.8281368668e-04 2.8050207615e+04 1.5707963268e+00 -3.1458750530e+00
2.8294539191e-04 2.8069952377e+04 1.5707963268e+00 -3.1466690020e+00
2.8307705428e-04 2.8089706436e+04 1.5707963268e+00 -3.1474618333e+00
2.8320867383e-04 2.8109469775e+04 1.5707963268e+00 -3.1482535487e+00
2.8334025065e-04 2.8129242383e+04 1.5707963268e+00 -3.1490441500e+00
2.8347178480e-04 2.8149024245e+04 1.5707963268e+00 -3.1498336391e+00
2.8360327635e-04 2.8168815347e+04 1.5707963268e+00 -3.1506220178e+00
2.8373472537e-04 2.8188615677e+04 1.5707963268e+00 -3.1514092878e+00
2.8386613192e-04 2.8208425219e+04 1.5707963268e+00 -3.1521954511e+00
2.8399749608e-04 2.8228243961e+04 1.5707963268e+00 -3.1529805095e+00
2.8412881790e-04 2.8248071888e+04 1.5707963268e+00 -3.1537644647e+00
2.8426009745e-04 2.8267908988e+04 1.5707963268e+00 -3.1545473186e+00
2.8439133481e-04 2.8287755247e+04 1.5707963268e+00 -3.1553290729e+00
2.8452253004e-04 2.8307610651e+04 1.5707963268e+00 -3.1561097296e+00
2.8465368321e-04 2.8327475186e+04 1.5707963268e+00 -3.1568892904e+00
2.8478479438e-04 2.8347348839e+04 1.5707963268e+00 -3.1576677571e+00
2.8491586361e-04 2.8367231596e+04 1.5707963268e+00 -3.1584451314e+00
2.8504689099e-04 2.8387123445e+04 1.5707963268e+00 -3.1592214153e+00
2.8517787656e-04 2.8407024371e+04 1.5707963268e+00 -3.1599966105e+00
2.8530882040e-04 2.8426934360e+04 1.5707963268e+00 -3.1607707188e+00
2.8543972258e-04 2.8446853400e+04 1.5707963268e+00 -3.1615437419e+00
2.8557058316e-04 2.8466781477e+04 1.5707963268e+00 -3.1623156818e+00
2.8570140220e-04 2.8486718578e+04 1.5707963268e+00 -3.1630865400e+00
2.8583217977e-04 2.8506664688e+04 1.5707963268e+00 -3.1638563186e+00
2.8596291594e-04 2.8526619795e+04 1.5707963268e+00 -3.1646250191e+00
2.8609361078e-04 2.8546583886e+04 1.5707963268e+00 -3.1653926434e+00
2.8622426434e-04 2.8566556946e+04 1.5707963268e+00 -3.1661591933e+00
2.8635487669e-04 2.8586538963e+04 1.5707963268e+00 -3.1669246706e+00
2.8648544790e-04 2.8606529923e+04 1.5707963268e+00 -3.1676890769e+00
2.8661597804e-04 2.8626529813e+04 1.5707963268e+00 -3.1684524142e+00
2.8674646716e-04 2.8646538620e+04 1.5707963268e+00 -3.1692146841e+00
2.8687691534e-04 2.8666556330e+04 1.5707963268e+00 -3.1699758883e+00
2.8700732263e-04 2.8686582929e+04 1.5707963268e+00 -3.1707360288e+00
2.8713768910e-04 2.8706618406e+04 1.5707963268e+00 -3.1714951072e+00
2.8726801482e-04 2.8726662745e+04 1.5707963268e+00 -3.1722531252e+00
2.8739829985e-04 2.8746715936e+04 1.5707963268e+00 -3.1730100847e+00
2.8752854426e-04 2.8766777963e+04 1.5707963268e+00 -3.1737659874e+00
2.8765874811e-04 2.8786848814e+04 1.5707963268e+00 -3.1745208350e+00
2.8778891145e-04 2.8806928475e+04 1.5707963268e+00 -3.1752746293e+00
2.8791903437e-04 2.8827016934e+04 1.5707963268e+00 -3.1760273720e+00
2.8804911691e-04 2.8847114177e+04 1.5707963268e+00 -3.1767790648e+00
2.8817915915e-04 2.8867220192e+04 1.5707963268e+00 -3.1775297095e+00
2.8830916114e-04 2.8887334964e+04 1.5707963268e+00 -3.1782793079e+00
2.8843912296e-04 2.8907458481e+04 1.5707963268e+00 -3.1790278616e+00
2.8856904466e-04 2.8927590731e+04 1.5707963268e+00 -3.1797753724e+00
2.8869892631e-04 2.8947731699e+04 1.5707963268e+00 -3.1805218420e+00
2.8882876797e-04 2.8967881372e+04 1.5707963268e+00 -3.1812672721e+00
2.8895856970e-04 2.8988039739e+04 1.5707963268e+00 -3.1820116645e+00
2.8908833157e-04 2.9008206785e+04 1.5707963268e+00 -3.1827550208e+00
2.8921805364e-04 2.9028382497e+04 1.5707963268e+00 -3.1834973429e+00
2.8934773596e-04 2.9048566864e+04 1.5707963268e+00 -3.1842386323e+00
2.8947737862e-04 2.9068759871e+04 1.5707963268e+00 -3.1849788909e+00
2.8960698166e-04 2.9088961506e+04 1.5707963268e+00 -3.1857181203e+00
2.8973654514e-04 2.9109171755e+04 1.5707963268e+00 -3.1864563222e+00
2.8986606914e-04 2.9129390607e+04 1.5707963268e+00 -3.1871934984e+00
2.8999555371e-04 2.9149618048e+04 1.5707963268e+00 -3.1879296505e+00
2.9012499892e-04 2.9169854064e+04 1.5707963268e+00 -3.1886647802e+00
2.9025440482e-04 2.9190098644e+04 1.5707963268e+00 -3.1893988893e+00
2.9038377148e-04 2.9210351774e+04 1.5707963268e+00 -3.1901319793e+00
2.9051309897e-04 2.9230613442e+04 1.5707963268e+00 -3.1908640521e+00
2.9064238733e-04 2.9250883634e+04 1.5707963268e+00 -3.1915951093e+00
2.9077163664e-04 2.9271162338e+04 1.5707963268e+00 -3.1923251526e+00
2.9090084695e-04 2.9291449542e+04 1.5707963268e+00 -3.1930541836e+00
2.9103001832e-04 2.9311745231e+04 1.5707963268e+00 -3.1937822041e+00
2.9115915083e-04 2.9332049395e+04 1.5707963268e+00 -3.1945092157e+00
2.9128824452e-04 2.9352362019e+04 1.5707963268e+00 -3.1952352202e+00
2.9141729946e-04 2.9372683091e+04 1.5707963268e+00 -3.1959602191e+00
2.9154631570e-04 2.9393012598e+04 1.5707963268e+00 -3.1966842141e+00
2.9167529332e-04 2.9413350528e+04 1.5707963268e+00 -3.1974072069e+00
2.9180423237e-04 2.9433696869e+04 1.5707963268e+00 -3.1981291993e+00
2.9193313291e-04 2.9454051606e+04 1.5707963268e+00 -3.1988501927e+00
2.9206199500e-04 2.9474414728e+04 1.5707963268e+00 -3.1995701890e+00
2.9219081870e-04 2.9494786223e+04 1.5707963268e+00 -3.2002891897e+00
2.9231960407e-04 2.9515166077e+04 1.5707963268e+00 -3.2010071966e+00
2.9244835118e-04 2.9535554277e+04 1.5707963268e+00 -3.2017242112e+00
2.9257706007e-04 2.9555950812e+04 1.5707963268e+00 -3.2024402352e+00
2.9270573082e-04 2.9576355669e+04 1.5707963268e+00 -3.2031552703e+00
2.9283436348e-04 2.9596768835e+04 1.5707963268e+00 -3.2038693181e+00
2.9296295810e-04 2.9617190297e+04 1.5707963268e+00 -3.2045823802e+00
2.9309151476e-04 2.9637620044e+04 1.5707963268e+00 -3.2052944584e+00
2.9322003351e-04 2.9658058063e+04 1.5707963268e+00 -3.2060055541e+00
2.9334851440e-04 2.9678504340e+04 1.5707963268e+00 -3.2067156691e+00
2.9347695750e-04 2.9698958865e+04 1.5707963268e+00 -3.2074248051e+00
2.9360536287e-04 2.9719421623e+04 1.5707963268e+00 -3.2081329635e+00
2.9373373057e-04 2.9739892604e+04 1.5707963268e+00 -3.2088401461e+00
2.9386206064e-04 2.9760371794e+04 1.5707963268e+00 -3.2095463544e+00
2.9399035317e-04 2.9780859181e+04 1.5707963268e+00 -3.2102515902e+00
2.9411860819e-04 2.9801354752e+04 1.5707963268e+00 -3.2109558549e+00
2.9424682577e-04 2.9821858496e+04 1.5707963268e+00 -3.2116591503e+00
2.9437500597e-04 2.9842370400e+04 1.5707963268e+00 -3.2123614780e+00
2.9450314885e-04 2.9862890452e+04 1.5707963268e+00 -3.2130628395e+00
2.9463125446e-04 2.9883418639e+04 1.5707963268e+00 -3.2137632365e+00
2.9475932287e-04 2.9903954949e+04 1.5707963268e+00 -3.2144626705e+00
2.9488735412e-04 2.9924499369e+04 1.5707963268e+00 -3.2151611432e+00
2.9501534829e-04 2.9945051889e+04 1.5707963268e+00 -3.2158586562e+00
2.9514330542e-04 2.9965612494e+04 1.5707963268e+00 -3.2165552111e+00
2.9527122558e-04 2.9986181174e+04 1.5707963268e+00 -3.2172508095e+00
2.9539910882e-04 3.0006757915e+04 1.5707963268e+00 -3.2179454529e+00
2.9552695519e-04 3.0027342706e+04 1.5707963268e+00 -3.2186391430e+00
2.9565476477e-04 3.0047935534e+04 1.5707963268e+00 -3.2193318813e+00
2.9578253759e-04 3.0068536388e+04 1.5707963268e+00 -3.2200236695e+00
2.9591027373e-04 3.0089145254e+04 1.5707963268e+00 -3.2207145091e+00
2.9603797324e-04 3.0109762122e+04 1.5707963268e+00 -3.2214044017e+00
2.9616563617e-04 3.0130386979e+04 1.5707963268e+00 -3.2220933488e+00
2.9629326259e-04 3.0151019812e+04 1.5707963268e+00 -3.2227813522e+00
2.9642085254e-04 3.0171660610e+04 1.5707963268e+00 -3.2234684132e+00
2.9654840609e-04 3.0192309361e+04 1.5707963268e+00 -3.2241545336e+00
2.9667592329e-04 3.0212966053e+04 1.5707963268e+00 -3.2248397148e+00
2.9680340419e-04 3.0233630672e+04 1.5707963268e+00 -3.2255239585e+00
2.9693084886e-04 3.0254303209e+04 1.5707963268e+00 -3.2262072662e+00
2.9705825736e-04 3.0274983650e+04 1.5707963268e+00 -3.2268896394e+00
2.9718562973e-04 3.0295671984e+04 1.5707963268e+00 -3.2275710798e+00
2.9731296603e-04 3.0316368198e+04 1.5707963268e+00 -3.2282515888e+00
2.9744026632e-04 3.0337072281e+04 1.5707963268e+00 -3.2289311681e+00
2.9756753066e-04 3.0357784221e+04 1.5707963268e+00 -3.2296098192e+00
2.9769475909e-04 3.0378504005e+04 1.5707963268e+00 -3.2302875436e+00
2.9782195168e-04 3.0399231623e+04 1.5707963268e+00 -3.2309643429e+00
2.9794910849e-04 3.0419967061e+04 1.5707963268e+00 -3.2316402186e+00
2.9807622956e-04 3.0440710309e+04 1.5707963268e+00 -3.2323151722e+00
2.9820331495e-04 3.0461461354e+04 1.5707963268e+00 -3.2329892054e+00
2.9833036472e-04 3.0482220185e+04 1.5707963268e+00 -3.2336623196e+00
2.9845737892e-04 3.0502986789e+04 1.5707963268e+00 -3.2343345164e+00
2.9858435761e-04 3.0523761156e+04 1.5707963268e+00 -3.2350057973e+00
2.9871130084e-04 3.0544543272e+04 1.5707963268e+00 -3.2356761638e+00
2.9883820867e-04 3.0565333127e+04 1.5707963268e+00 -3.2363456175e+00
2.9896508115e-04 3.0586130708e+04 1.5707963268e+00 -3.2370141598e+00
2.9909191834e-04 3.0606936005e+04 1.5707963268e+00 -3.2376817924e+00
2.9921872028e-04 3.0627749004e+04 1.5707963268e+00 -3.2383485167e+00
2.9934548705e-04 3.0648569695e+04 1.5707963268e+00 -3.2390143343e+00
2.9947221868e-04 3.0669398066e+04 1.5707963268e+00 -3.2396792466e+00
2.9959891524e-04 3.0690234105e+04 1.5707963268e+00 -3.2403432551e+00
2.9972557677e-04 3.0711077800e+04 1.5707963268e+00 -3.2410063615e+00
2.9985220334e-04 3.0731929140e+04 1.5707963268e+00 -3.2416685671e+00
2.9997879499e-04 3.0752788114e+04 1.5707963268e+00 -3.2423298735e+00
3.0010535179e-04 3.0773654709e+04 1.5707963268e+00 -3.2429902822e+00
3.0023187377e-04 3.0794528914e+04 1.5707963268e+00 -3.2436497947e+00
3.0035836101e-04 3.0815410718e+04 1.5707963268e+00 -3.2443084125e+00
3.0048481354e-04 3.0836300108e+04 1.5707963268e+00 -3.2449661371e+00
3.0061123143e-04 3.0857197074e+04 1.5707963268e+00 -3.2456229699e+00
3.0073761472e-04 3.0878101604e+04 1.5707963268e+00 -3.2462789125e+00
3.0086396348e-04 3.0899013687e+04 1.5707963268e+00 -3.2469339664e+00
3.0099027775e-04 3.0919933310e+04 1.5707963268e+00 -3.2475881330e+00
3.0111655759e-04 3.0940860463e+04 1.5707963268e+00 -3.2482414138e+00
3.0124280305e-04 3.0961795133e+04 1.5707963268e+00 -3.2488938103e+00
3.0136901417e-04 3.0982737311e+04 1.5707963268e+00 -3.2495453239e+00
3.0149519103e-04 3.1003686983e+04 1.5707963268e+00 -3.2501959563e+00
3.0162133366e-04 3.1024644139e+04 1.5707963268e+00 -3.2508457087e+00
3.0174744213e-04 3.1045608768e+04 1.5707963268e+00 -3.2514945827e+00
3.0187351647e-04 3.1066580857e+04 1.5707963268e+00 -3.2521425798e+00
3.0199955675e-04 3.1087560397e+04 1.5707963268e+00 -3.2527897015e+00
3.0212556302e-04 3.1108547374e+04 1.5707963268e+00 -3.2534359491e+00
3.0225153533e-04 3.1129541779e+04 1.5707963268e+00 -3.2540813241e+00
3.0237747373e-04 3.1150543599e+04 1.5707963268e+00 -3.2547258281e+00
3.0250337828e-04 3.1171552824e+04 1.5707963268e+00 -3.2553694624e+00
3.0262924902e-04 3.1192569442e+04 1.5707963268e+00 -3.2560122285e+00
3.0275508601e-04 3.1213593441e+04 1.5707963268e+00 -3.2566541279e+00
3.0288088930e-04 3.1234624812e+04 1.5707963268e+00 -3.2572951620e+00
3.0300665894e-04 3.1255663542e+04 1.5707963268e+00 -3.2579353322e+00
3.0313239498e-04 3.1276709620e+04 1.5707963268e+00 -3.2585746401e+00
3.0325809747e-04 3.1297763035e+04 1.5707963268e+00 -3.2592130870e+00
3.0338376648e-04 3.1318823776e+04 1.5707963268e+00 -3.2598506743e+00
3.0350940203e-04 3.1339891832e+04 1.5707963268e+00 -3.2604874036e+00
3.0363500420e-04 3.1360967191e+04 1.5707963268e+00 -3.2611232763e+00
3.0376057302e-04 3.1382049843e+04 1.5707963268e+00 -3.2617582937e+00
3.0388610855e-04 3.1403139776e+04 1.5707963268e+00 -3.2623924573e+00
3.0401161085e-04 3.1424236979e+04 1.5707963268e+00 -3.2630257686e+00
3.0413707995e-04 3.1445341442e+04 1.5707963268e+00 -3.2636582289e+00
3.0426251592e-04 3.1466453153e+04 1.5707963268e+00 -3.2642898397e+00
3.0438791879e-04 3.1487572101e+04 1.5707963268e+00 -3.2649206024e+00
3.0451328864e-04 3.1508698275e+04 1.5707963268e+00 -3.2655505185e+00
3.0463862549e-04 3.1529831664e+04 1.5707963268e+00 -3.2661795892e+00
3.0476392941e-04 3.1550972257e+04 1.5707963268e+00 -3.2668078161e+00
3.0488920044e-04 3.1572120043e+04 1.5707963268e+00 -3.2674352006e+00
3.0501443864e-04 3.1593275012e+04 1.5707963268e+00 -3.2680617440e+00
3.0513964405e-04 3.1614437151e+04 1.5707963268e+00 -3.2686874478e+00
3.0526481672e-04 3.1635606451e+04 1.5707963268e+00 -3.2693123133e+00
3.0538995671e-04 3.1656782900e+04 1.5707963268e+00 -3.2699363420e+00
3.0551506406e-04 3.1677966488e+04 1.5707963268e+00 -3.2705595353e+00
3.0564013882e-04 3.1699157204e+04 1.5707963268e+00 -3.2711818946e+00
3.0576518105e-04 3.1720355036e+04 1.5707963268e+00 -3.2718034212e+00
3.0589019079e-04 3.1741559974e+04 1.5707963268e+00 -3.2724241165e+00
3.0601516809e-04 3.1762772007e+04 1.5707963268e+00 -3.2730439820e+00
3.0614011300e-04 3.1783991124e+04 1.5707963268e+00 -3.2736630190e+00
3.0626502557e-04 3.1805217315e+04 1.5707963268e+00 -3.2742812289e+00
3.0638990585e-04 3.1826450569e+04 1.5707963268e+00 -3.2748986131e+00
3.0651475389e-04 3.1847690874e+04 1.5707963268e+00 -3.2755151730e+00
3.0663956973e-04 3.1868938221e+04 1.5707963268e+00 -3.2761309099e+00
3.0676435343e-04 3.1890192598e+04 1.5707963268e+00 -3.2767458252e+00
3.0688910504e-04 3.1911453995e+04 1.5707963268e+00 -3.2773599204e+00
3.0701382460e-04 3.1932722400e+04 1.5707963268e+00 -3.2779731966e+00
3.0713851216e-04 3.1953997805e+04 1.5707963268e+00 -3.2785856554e+00
3.0726316777e-04 3.1975280197e+04 1.5707963268e+00 -3.2791972981e+00
3.0738779148e-04 3.1996569565e+04 1.5707963268e+00 -3.2798081260e+00
3.0751238334e-04 3.2017865901e+04 1.5707963268e+00 -3.2804181406e+00
3.0763694340e-04 3.2039169192e+04 1.5707963268e+00 -3.2810273431e+00
3.0776147169e-04 3.2060479428e+04 1.5707963268e+00 -3.2816357349e+00
3.0788596828e-04 3.2081796599e+04 1.5707963268e+00 -3.2822433175e+00
3.0801043321e-04 3.2103120694e+04 1.5707963268e+00 -3.2828500920e+00
3.0813486652e-04 3.2124451702e+04 1.5707963268e+00 -3.2834560600e+00
3.0825926827e-04 3.2145789613e+04 1.5707963268e+00 -3.2840612226e+00
3.0838363851e-04 3.2167134417e+04 1.5707963268e+00 -3.2846655814e+00
3.0850797727e-04 3.2188486102e+04 1.5707963268e+00 -3.2852691375e+00
3.0863228461e-04 3.2209844659e+04 1.5707963268e+00 -3.2858718924e+00
3.0875656058e-04 3.2231210077e+04 1.5707963268e+00 -3.2864738474e+00
3.0888080522e-04 3.2252582345e+04 1.5707963268e+00 -3.2870750038e+00
3.0900501858e-04 3.2273961453e+04 1.5707963268e+00 -3.2876753630e+00
3.0912920071e-04 3.2295347391e+04 1.5707963268e+00 -3.2882749262e+00
3.0925335165e-04 3.2316740148e+04 1.5707963268e+00 -3.2888736949e+00
3.0937747145e-04 3.2338139714e+04 1.5707963268e+00 -3.2894716703e+00
3.0950156016e-04 3.2359546078e+04 1.5707963268e+00 -3.2900688537e+00
3.0962561783e-04 3.2380959231e+04 1.5707963268e+00 -3.2906652466e+00
3.0974964449e-04 3.2402379161e+04 1.5707963268e+00 -3.2912608501e+00
3.0987364021e-04 3.2423805858e+04 1.5707963268e+00 -3.2918556657e+00
3.0999760502e-04 3.2445239312e+04 1.5707963268e+00 -3.2924496946e+00
3.1012153897e-04 3.2466679513e+04 1.5707963268e+00 -3.2930429381e+00
3.1024544211e-04 3.2488126451e+04 1.5707963268e+00 -3.2936353976e+00
3.1036931449e-04 3.2509580115e+04 1.5707963268e+00 -3.2942270744e+00
3.1049315614e-04 3.2531040494e+04 1.5707963268e+00 -3.2948179697e+00
3.1061696712e-04 3.2552507580e+04 1.5707963268e+00 -3.2954080849e+00
3.1074074747e-04 3.2573981361e+04 1.5707963268e+00 -3.2959974213e+00
3.1086449725e-04 3.2595461827e+04 1.5707963268e+00 -3.2965859802e+00
3.1098821648e-04 3.2616948968e+04 1.5707963268e+00 -3.2971737628e+00
3.1111190523e-04 3.2638442774e+04 1.5707963268e+00 -3.2977607705e+00
3.1123556353e-04 3.2659943235e+04 1.5707963268e+00 -3.2983470045e+00
3.1135919143e-04 3.2681450341e+04 1.5707963268e+00 -3.2989324661e+00
3.1148278899e-04 3.2702964081e+04 1.5707963268e+00 -3.2995171567e+00
3.1160635623e-04 3.2724484445e+04 1.5707963268e+00 -3.3001010775e+00
3.1172989321e-04 3.2746011424e+04 1.5707963268e+00 -3.3006842298e+00
3.1185339997e-04 3.2767545006e+04 1.5707963268e+00 -3.3012666149e+00
3.1197687657e-04 3.2789085183e+04 1.5707963268e+00 -3.3018482340e+00
3.1210032303e-04 3.2810631944e+04 1.5707963268e+00 -3.3024290885e+00
3.1222373942e-04 3.2832185279e+04 1.5707963268e+00 -3.3030091796e+00
3.1234712577e-04 3.2853745178e+04 1.5707963268e+00 -3.3035885085e+00
3.1247048213e-04 3.2875311631e+04 1.5707963268e+00 -3.3041670766e+00
3.1259380854e-04 3.2896884628e+04 1.5707963268e+00 -3.3047448851e+00
3.1271710505e-04 3.2918464159e+04 1.5707963268e+00 -3.3053219352e+00
3.1284037170e-04 3.2940050215e+04 1.5707963268e+00 -3.3058982284e+00
3.1296360854e-04 3.2961642784e+04 1.5707963268e+00 -3.3064737657e+00
3.1308681561e-04 3.2983241858e+04 1.5707963268e+00 -3.3070485484e+00
3.1320999295e-04 3.3004847426e+04 1.5707963268e+00 -3.3076225779e+00
3.1333314062e-04 3.3026459478e+04 1.5707963268e+00 -3.3081958554e+00
3.1345625865e-04 3.3048078005e+04 1.5707963268e+00 -3.3087683820e+00
3.1357934709e-04 3.3069702997e+04 1.5707963268e+00 -3.3093401592e+00
3.1370240598e-04 3.3091334443e+04 1.5707963268e+00 -3.3099111880e+00
3.1382543537e-04 3.3112972335e+04 1.5707963268e+00 -3.3104814698e+00
3.1394843531e-04 3.3134616661e+04 1.5707963268e+00 -3.3110510059e+00
3.1407140582e-04 3.3156267413e+04 1.5707963268e+00 -3.3116197973e+00
3.1419434696e-04 3.3177924581e+04 1.5707963268e+00 -3.3121878455e+00
3.1431725878e-04 3.3199588154e+04 1.5707963268e+00 -3.3127551515e+00
3.1444014131e-04 3.3221258124e+04 1.5707963268e+00 -3.3133217167e+00
3.1456299460e-04 3.3242934480e+04 1.5707963268e+00 -3.3138875423e+00
3.1468581869e-04 3.3264617212e+04 1.5707963268e+00 -3.3144526296e+00
3.1480861363e-04 3.3286306312e+04 1.5707963268e+00 -3.3150169796e+00
3.1493137946e-04 3.3308001768e+04 1.5707963268e+00 -3.3155805938e+00
3.1505411622e-04 3.3329703572e+04 1.5707963268e+00 -3.3161434732e+00
3.1517682395e-04 3.3351411714e+04 1.5707963268e+00 -3.3167056191e+00
3.1529950271e-04 3.3373126185e+04 1.5707963268e+00 -3.3172670328e+00
3.1542215252e-04 3.3394846973e+04 1.5707963268e+00 -3.3178277154e+00
3.1554477344e-04 3.3416574071e+04 1.5707963268e+00 -3.3183876682e+00
3.1566736551e-04 3.3438307468e+04 1.5707963268e+00 -3.3189468923e+00
3.1578992876e-04 3.3460047155e+04 1.5707963268e+00 -3.3195053890e+00
3.1591246325e-04 3.3481793122e+04 1.5707963268e+00 -3.3200631596e+00
3.1603496901e-04 3.3503545359e+04 1.5707963268e+00 -3.3206202051e+00
3.1615744609e-04 3.3525303858e+04 1.5707963268e+00 -3.3211765269e+00
3.1627989453e-04 3.3547068608e+04 1.5707963268e+00 -3.3217321260e+00
3.1640231437e-04 3.3568839601e+04 1.5707963268e+00 -3.3222870037e+00
3.1652470566e-04 3.3590616826e+04 1.5707963268e+00 -3.3228411613e+00
3.1664706843e-04 3.3612400273e+04 1.5707963268e+00 -3.3233945999e+00
3.1676940273e-04 3.3634189935e+04 1.5707963268e+00 -3.3239473206e+00
3.1689170861e-04 3.3655985801e+04 1.5707963268e+00 -3.3244993247e+00
3.1701398609e-04 3.3677787861e+04 1.5707963268e+00 -3.3250506134e+00
3.1713623523e-04 3.3699596107e+04 1.5707963268e+00 -3.3256011879e+00
3.1725845606e-04 3.3721410528e+04 1.5707963268e+00 -3.3261510493e+00
3.1738064864e-04 3.3743231116e+04 1.5707963268e+00 -3.3267001988e+00
3.1750281299e-04 3.3765057861e+04 1.5707963268e+00 -3.3272486377e+00
3.1762494916e-04 3.3786890754e+04 1.5707963268e+00 -3.3277963670e+00
3.1774705720e-04 3.3808729785e+04 1.5707963268e+00 -3.3283433880e+00
3.1786913714e-04 3.3830574946e+04 1.5707963268e+00 -3.3288897018e+00
3.1799118902e-04 3.3852426226e+04 1.5707963268e+00 -3.3294353097e+00
3.1811321289e-04 3.3874283616e+04 1.5707963268e+00 -3.3299802127e+00
3.1823520879e-04 3.3896147108e+04 1.5707963268e+00 -3.3305244120e+00
3.1835717676e-04 3.3918016691e+04 1.5707963268e+00 -3.3310679089e+00
3.1847911684e-04 3.3939892357e+04 1.5707963268e+00 -3.3316107045e+00
3.1860102906e-04 3.3961774097e+04 1.5707963268e+00 -3.3321527999e+00
3.1872291348e-04 3.3983661900e+04 1.5707963268e+00 -3.3326941963e+00
3.1884477013e-04 3.4005555759e+04 1.5707963268e+00 -3.3332348948e+00
3.1896659906e-04 3.4027455663e+04 1.5707963268e+00 -3.3337748967e+00
3.1908840030e-04 3.4049361604e+04 1.5707963268e+00 -3.3343142030e+00
3.1921017389e-04 3.4071273572e+04 1.5707963268e+00 -3.3348528150e+00
3.1933191988e-04 3.4093191558e+04 1.5707963268e+00 -3.3353907337e+00
3.1945363830e-04 3.4115115554e+04 1.5707963268e+00 -3.3359279604e+00
3.1957532920e-04 3.4137045549e+04 1.5707963268e+00 -3.3364644961e+00
3.1969699261e-04 3.4158981535e+04 1.5707963268e+00 -3.3370003420e+00
3.1981862858e-04 3.4180923503e+04 1.5707963268e+00 -3.3375354992e+00
3.1994023715e-04 3.4202871443e+04 1.5707963268e+00 -3.3380699690e+00
3.2006181835e-04 3.4224825348e+04 1.5707963268e+00 -3.3386037523e+00
3.2018337223e-04 3.4246785206e+04 1.5707963268e+00 -3.3391368505e+00
3.2030489883e-04 3.4268751010e+04 1.5707963268e+00 -3.3396692645e+00
3.2042639818e-04 3.4290722751e+04 1.5707963268e+00 -3.3402009955e+00
3.2054787032e-04 3.4312700419e+04 1.5707963268e+00 -3.3407320447e+00
3.2066931530e-04 3.4334684005e+04 1.5707963268e+00 -3.3412624131e+00
3.2079073316e-04 3.4356673501e+04 1.5707963268e+00 -3.3417921020e+00
3.2091212393e-04 3.4378668898e+04 1.5707963268e+00 -3.3423211124e+00
3.2103348765e-04 3.4400670186e+04 1.5707963268e+00 -3.3428494454e+00
3.2115482437e-04 3.4422677356e+04 1.5707963268e+00 -3.3433771022e+00
3.2127613412e-04 3.4444690401e+04 1.5707963268e+00 -3.3439040839e+00
3.2139741695e-04 3.4466709310e+04 1.5707963268e+00 -3.3444303916e+00
3.2151867288e-04 3.4488734075e+04 1.5707963268e+00 -3.3449560264e+00
3.2163990196e-04 3.4510764687e+04 1.5707963268e+00 -3.3454809894e+00
3.2176110424e-04 3.4532801137e+04 1.5707963268e+00 -3.3460052818e+00
3.2188227974e-04 3.4554843416e+04 1.5707963268e+00 -3.3465289046e+00
3.2200342851e-04 3.4576891516e+04 1.5707963268e+00 -3.3470518589e+00
3.2212455058e-04 3.4598945427e+04 1.5707963268e+00 -3.3475741459e+00
3.2224564600e-04 3.4621005142e+04 1.5707963268e+00 -3.3480957666e+00
3.2236671480e-04 3.4643070650e+04 1.5707963268e+00 -3.3486167222e+00
3.2248775703e-04 3.4665141943e+04 1.5707963268e+00 -3.3491370137e+00
3.2260877271e-04 3.4687219013e+04 1.5707963268e+00 -3.3496566422e+00
3.2272976190e-04 3.4709301851e+04 1.5707963268e+00 -3.3501756089e+00
3.2285072462e-04 3.4731390448e+04 1.5707963268e+00 -3.3506939148e+00
3.2297166091e-04 3.4753484795e+04 1.5707963268e+00 -3.3512115611e+00
3.2309257082e-04 3.4775584883e+04 1.5707963268e+00 -3.3517285487e+00
3.2321345439e-04 3.4797690705e+04 1.5707963268e+00 -3.3522448788e+00
3.2333431164e-04 3.4819802250e+04 1.5707963268e+00 -3.3527605525e+00
3.2345514262e-04 3.4841919511e+04 1.5707963268e+00 -3.3532755708e+00
3.2357594737e-04 3.4864042479e+04 1.5707963268e+00 -3.3537899348e+00
3.2369672592e-04 3.4886171145e+04 1.5707963268e+00 -3.3543036457e+00
3.2381747831e-04 3.4908305501e+04 1.5707963268e+00 -3.3548167044e+00
3.2393820459e-04 3.4930445537e+04 1.5707963268e+00 -3.3553291121e+00
3.2405890478e-04 3.4952591246e+04 1.5707963268e+00 -3.3558408699e+00
3.2417957892e-04 3.4974742619e+04 1.5707963268e+00 -3.3563519787e+00
3.2430022706e-04 3.4996899647e+04 1.5707963268e+00 -3.3568624397e+00
3.2442084923e-04 3.5019062322e+04 1.5707963268e+00 -3.3573722539e+00
3.2454144547e-04 3.5041230635e+04 1.5707963268e+00 -3.3578814224e+00
3.2466201581e-04 3.5063404577e+04 1.5707963268e+00 -3.3583899463e+00
3.2478256029e-04 3.5085584141e+04 1.5707963268e+00 -3.3588978265e+00
3.2490307896e-04 3.5107769317e+04 1.5707963268e+00 -3.3594050643e+00
3.2502357184e-04 3.5129960097e+04 1.5707963268e+00 -3.3599116606e+00
3.2514403897e-04 3.5152156473e+04 1.5707963268e+00 -3.3604176165e+00
3.2526448039e-04 3.5174358436e+04 1.5707963268e+00 -3.3609229330e+00
3.2538489615e-04 3.5196565978e+04 1.5707963268e+00 -3.3614276112e+00
3.2550528626e-04 3.5218779090e+04 1.5707963268e+00 -3.3619316521e+00
3.2562565078e-04 3.5240997764e+04 1.5707963268e+00 -3.3624350568e+00
3.2574598974e-04 3.5263221991e+04 1.5707963268e+00 -3.3629378264e+00
3.2586630317e-04 3.5285451764e+04 1.5707963268e+00 -3.3634399618e+00
3.2598659111e-04 3.5307687073e+04 1.5707963268e+00 -3.3639414641e+00
3.2610685360e-04 3.5329927910e+04 1.5707963268e+00 -3.3644423344e+00
3.2622709068e-04 3.5352174268e+04 1.5707963268e+00 -3.3649425737e+00
3.2634730237e-04 3.5374426137e+04 1.5707963268e+00 -3.3654421830e+00
3.2646748872e-04 3.5396683510e+04 1.5707963268e+00 -3.3659411633e+00
3.2658764977e-04 3.5418946377e+04 1.5707963268e+00 -3.3664395158e+00
3.2670778555e-04 3.5441214732e+04 1.5707963268e+00 -3.3669372413e+00
3.2682789609e-04 3.5463488564e+04 1.5707963268e+00 -3.3674343411e+00
