0.0000000000e+00 1.5167367961e+04 1.5707963268e+00 0.0000000000e+00
2.2957907132e-07 1.5167367961e+04 1.5707963268e+00 2.9239766082e-03
4.5915814263e-07 1.5167383887e+04 1.5707963268e+00 5.8479532164e-03
6.8873687445e-07 1.5167415737e+04 1.5707963268e+00 8.7719236845e-03
9.1831492726e-07 1.5167463512e+04 1.5707963268e+00 1.1695881872e-02
1.1478919616e-06 1.5167527213e+04 1.5707963268e+00 1.4619821640e-02
1.3774676379e-06 1.5167606839e+04 1.5707963268e+00 1.7543736848e-02
1.6070416168e-06 1.5167702391e+04 1.5707963268e+00 2.0467621356e-02
1.8366135587e-06 1.5167813869e+04 1.5707963268e+00 2.3391469025e-02
2.0661831244e-06 1.5167941274e+04 1.5707963268e+00 2.6315273714e-02
2.2957499743e-06 1.5168084605e+04 1.5707963268e+00 2.9239029286e-02
2.5253137691e-06 1.5168243865e+04 1.5707963268e+00 3.2162729601e-02
2.7548741694e-06 1.5168419053e+04 1.5707963268e+00 3.5086368520e-02
2.9844308360e-06 1.5168610169e+04 1.5707963268e+00 3.8009939905e-02
3.2139834295e-06 1.5168817216e+04 1.5707963268e+00 4.0933437618e-02
3.4435316108e-06 1.5169040193e+04 1.5707963268e+00 4.3856855522e-02
3.6730750407e-06 1.5169279102e+04 1.5707963268e+00 4.6780187479e-02
3.9026133800e-06 1.5169533943e+04 1.5707963268e+00 4.9703427352e-02
4.1321462896e-06 1.5169804718e+04 1.5707963268e+00 5.2626569005e-02
4.3616734307e-06 1.5170091427e+04 1.5707963268e+00 5.5549606303e-02
4.5911944641e-06 1.5170394073e+04 1.5707963268e+00 5.8472533110e-02
4.8207090511e-06 1.5170712655e+04 1.5707963268e+00 6.1395343292e-02
5.0502168528e-06 1.5171047176e+04 1.5707963268e+00 6.4318030713e-02
5.2797175305e-06 1.5171397637e+04 1.5707963268e+00 6.7240589242e-02
5.5092107454e-06 1.5171764039e+04 1.5707963268e+00 7.0163012745e-02
5.7386961591e-06 1.5172146384e+04 1.5707963268e+00 7.3085295090e-02
5.9681734330e-06 1.5172544673e+04 1.5707963268e+00 7.6007430145e-02
6.1976422287e-06 1.5172958908e+04 1.5707963268e+00 7.8929411781e-02
6.4271022079e-06 1.5173389092e+04 1.5707963268e+00 8.1851233866e-02
6.6565530323e-06 1.5173835225e+04 1.5707963268e+00 8.4772890273e-02
6.8859943639e-06 1.5174297309e+04 1.5707963268e+00 8.7694374873e-02
7.1154258645e-06 1.5174775347e+04 1.5707963268e+00 9.0615681539e-02
7.3448471964e-06 1.5175269340e+04 1.5707963268e+00 9.3536804144e-02
7.5742580215e-06 1.5175779291e+04 1.5707963268e+00 9.6457736563e-02
7.8036580024e-06 1.5176305202e+04 1.5707963268e+00 9.9378472671e-02
8.0330468013e-06 1.5176847075e+04 1.5707963268e+00 1.0229900635e-01
8.2624240809e-06 1.5177404911e+04 1.5707963268e+00 1.0521933146e-01
8.4917895037e-06 1.5177978715e+04 1.5707963268e+00 1.0813944190e-01
8.7211427326e-06 1.5178568487e+04 1.5707963268e+00 1.1105933155e-01
8.9504834305e-06 1.5179174231e+04 1.5707963268e+00 1.1397899427e-01
9.1798112604e-06 1.5179795949e+04 1.5707963268e+00 1.1689842396e-01
9.4091258856e-06 1.5180433644e+04 1.5707963268e+00 1.1981761450e-01
9.6384269694e-06 1.5181087317e+04 1.5707963268e+00 1.2273655978e-01
9.8677141753e-06 1.5181756973e+04 1.5707963268e+00 1.2565525367e-01
1.0096987167e-05 1.5182442614e+04 1.5707963268e+00 1.2857369006e-01
1.0326245608e-05 1.5183144243e+04 1.5707963268e+00 1.3149186285e-01
1.0555489162e-05 1.5183861863e+04 1.5707963268e+00 1.3440976593e-01
1.0784717494e-05 1.5184595476e+04 1.5707963268e+00 1.3732739318e-01
1.1013930268e-05 1.5185345087e+04 1.5707963268e+00 1.4024473850e-01
1.1243127148e-05 1.5186110697e+04 1.5707963268e+00 1.4316179578e-01
1.1472307799e-05 1.5186892311e+04 1.5707963268e+00 1.4607855891e-01
1.1701471886e-05 1.5187689931e+04 1.5707963268e+00 1.4899502180e-01
1.1930619073e-05 1.5188503561e+04 1.5707963268e+00 1.5191117835e-01
1.2159749026e-05 1.5189333205e+04 1.5707963268e+00 1.5482702245e-01
1.2388861410e-05 1.5190178866e+04 1.5707963268e+00 1.5774254800e-01
1.2617955891e-05 1.5191040547e+04 1.5707963268e+00 1.6065774891e-01
1.2847032134e-05 1.5191918252e+04 1.5707963268e+00 1.6357261908e-01
1.3076089805e-05 1.5192811985e+04 1.5707963268e+00 1.6648715243e-01
1.3305128570e-05 1.5193721750e+04 1.5707963268e+00 1.6940134285e-01
1.3534148097e-05 1.5194647550e+04 1.5707963268e+00 1.7231518426e-01
1.3763148050e-05 1.5195589389e+04 1.5707963268e+00 1.7522867057e-01
1.3992128097e-05 1.5196547272e+04 1.5707963268e+00 1.7814179570e-01
1.4221087905e-05 1.5197521202e+04 1.5707963268e+00 1.8105455356e-01
1.4450027141e-05 1.5198511183e+04 1.5707963268e+00 1.8396693807e-01
1.4678945473e-05 1.5199517220e+04 1.5707963268e+00 1.8687894315e-01
1.4907842568e-05 1.5200539316e+04 1.5707963268e+00 1.8979056272e-01
1.5136718093e-05 1.5201577477e+04 1.5707963268e+00 1.9270179070e-01
1.5365571717e-05 1.5202631706e+04 1.5707963268e+00 1.9561262103e-01
1.5594403109e-05 1.5203702007e+04 1.5707963268e+00 1.9852304762e-01
1.5823211936e-05 1.5204788387e+04 1.5707963268e+00 2.0143306441e-01
1.6051997869e-05 1.5205890847e+04 1.5707963268e+00 2.0434266533e-01
1.6280760574e-05 1.5207009395e+04 1.5707963268e+00 2.0725184431e-01
1.6509499723e-05 1.5208144033e+04 1.5707963268e+00 2.1016059530e-01
1.6738214984e-05 1.5209294768e+04 1.5707963268e+00 2.1306891222e-01
1.6966906028e-05 1.5210461603e+04 1.5707963268e+00 2.1597678903e-01
1.7195572524e-05 1.5211644544e+04 1.5707963268e+00 2.1888421966e-01
1.7424214142e-05 1.5212843595e+04 1.5707963268e+00 2.2179119805e-01
1.7652830554e-05 1.5214058761e+04 1.5707963268e+00 2.2469771817e-01
1.7881421430e-05 1.5215290049e+04 1.5707963268e+00 2.2760377395e-01
1.8109986442e-05 1.5216537461e+04 1.5707963268e+00 2.3050935936e-01
1.8338525260e-05 1.5217801005e+04 1.5707963268e+00 2.3341446834e-01
1.8567037556e-05 1.5219080685e+04 1.5707963268e+00 2.3631909485e-01
1.8795523004e-05 1.5220376506e+04 1.5707963268e+00 2.3922323286e-01
1.9023981273e-05 1.5221688474e+04 1.5707963268e+00 2.4212687632e-01
1.9252412039e-05 1.5223016594e+04 1.5707963268e+00 2.4503001921e-01
1.9480814972e-05 1.5224360872e+04 1.5707963268e+00 2.4793265549e-01
1.9709189747e-05 1.5225721314e+04 1.5707963268e+00 2.5083477913e-01
1.9937536037e-05 1.5227097924e+04 1.5707963268e+00 2.5373638411e-01
2.0165853515e-05 1.5228490709e+04 1.5707963268e+00 2.5663746440e-01
2.0394141857e-05 1.5229899674e+04 1.5707963268e+00 2.5953801397e-01
2.0622400735e-05 1.5231324825e+04 1.5707963268e+00 2.6243802682e-01
2.0850629826e-05 1.5232766169e+04 1.5707963268e+00 2.6533749693e-01
2.1078828803e-05 1.5234223710e+04 1.5707963268e+00 2.6823641829e-01
2.1306997343e-05 1.5235697456e+04 1.5707963268e+00 2.7113478488e-01
2.1535135121e-05 1.5237187411e+04 1.5707963268e+00 2.7403259069e-01
2.1763241813e-05 1.5238693583e+04 1.5707963268e+00 2.7692982974e-01
2.1991317095e-05 1.5240215976e+04 1.5707963268e+00 2.7982649601e-01
2.2219360645e-05 1.5241754599e+04 1.5707963268e+00 2.8272258350e-01
2.2447372139e-05 1.5243309456e+04 1.5707963268e+00 2.8561808623e-01
2.2675351255e-05 1.5244880555e+04 1.5707963268e+00 2.8851299821e-01
2.2903297670e-05 1.5246467901e+04 1.5707963268e+00 2.9140731343e-01
2.3131211063e-05 1.5248071501e+04 1.5707963268e+00 2.9430102593e-01
2.3359091112e-05 1.5249691362e+04 1.5707963268e+00 2.9719412971e-01
2.3586937495e-05 1.5251327490e+04 1.5707963268e+00 3.0008661880e-01
2.3814749893e-05 1.5252979892e+04 1.5707963268e+00 3.0297848723e-01
2.4042527984e-05 1.5254648574e+04 1.5707963268e+00 3.0586972902e-01
2.4270271449e-05 1.5256333544e+04 1.5707963268e+00 3.0876033820e-01
2.4497979967e-05 1.5258034808e+04 1.5707963268e+00 3.1165030881e-01
2.4725653221e-05 1.5259752373e+04 1.5707963268e+00 3.1453963489e-01
2.4953290889e-05 1.5261486246e+04 1.5707963268e+00 3.1742831048e-01
2.5180892655e-05 1.5263236435e+04 1.5707963268e+00 3.2031632962e-01
2.5408458199e-05 1.5265002945e+04 1.5707963268e+00 3.2320368636e-01
2.5635987205e-05 1.5266785784e+04 1.5707963268e+00 3.2609037477e-01
2.5863479354e-05 1.5268584960e+04 1.5707963268e+00 3.2897638888e-01
2.6090934330e-05 1.5270400480e+04 1.5707963268e+00 3.3186172277e-01
2.6318351815e-05 1.5272232350e+04 1.5707963268e+00 3.3474637049e-01
2.6545731495e-05 1.5274080579e+04 1.5707963268e+00 3.3763032611e-01
2.6773073053e-05 1.5275945173e+04 1.5707963268e+00 3.4051358371e-01
2.7000376174e-05 1.5277826140e+04 1.5707963268e+00 3.4339613736e-01
2.7227640542e-05 1.5279723488e+04 1.5707963268e+00 3.4627798113e-01
2.7454865844e-05 1.5281637224e+04 1.5707963268e+00 3.4915910911e-01
2.7682051765e-05 1.5283567356e+04 1.5707963268e+00 3.5203951539e-01
2.7909197991e-05 1.5285513891e+04 1.5707963268e+00 3.5491919406e-01
2.8136304210e-05 1.5287476838e+04 1.5707963268e+00 3.5779813921e-01
2.8363370108e-05 1.5289456203e+04 1.5707963268e+00 3.6067634493e-01
2.8590395373e-05 1.5291451995e+04 1.5707963268e+00 3.6355380534e-01
2.8817379693e-05 1.5293464222e+04 1.5707963268e+00 3.6643051453e-01
2.9044322756e-05 1.5295492892e+04 1.5707963268e+00 3.6930646663e-01
2.9271224252e-05 1.5297538013e+04 1.5707963268e+00 3.7218165573e-01
2.9498083870e-05 1.5299599592e+04 1.5707963268e+00 3.7505607597e-01
2.9724901300e-05 1.5301677638e+04 1.5707963268e+00 3.7792972147e-01
2.9951676232e-05 1.5303772158e+04 1.5707963268e+00 3.8080258634e-01
3.0178408356e-05 1.5305883163e+04 1.5707963268e+00 3.8367466473e-01
3.0405097364e-05 1.5308010658e+04 1.5707963268e+00 3.8654595077e-01
3.0631742948e-05 1.5310154654e+04 1.5707963268e+00 3.8941643860e-01
3.0858344800e-05 1.5312315157e+04 1.5707963268e+00 3.9228612237e-01
3.1084902612e-05 1.5314492177e+04 1.5707963268e+00 3.9515499622e-01
3.1311416078e-05 1.5316685722e+04 1.5707963268e+00 3.9802305431e-01
3.1537884890e-05 1.5318895801e+04 1.5707963268e+00 4.0089029080e-01
3.1764308744e-05 1.5321122422e+04 1.5707963268e+00 4.0375669985e-01
3.1990687333e-05 1.5323365594e+04 1.5707963268e+00 4.0662227562e-01
3.2217020353e-05 1.5325625325e+04 1.5707963268e+00 4.0948701230e-01
3.2443307499e-05 1.5327901624e+04 1.5707963268e+00 4.1235090405e-01
3.2669548468e-05 1.5330194501e+04 1.5707963268e+00 4.1521394506e-01
3.2895742955e-05 1.5332503963e+04 1.5707963268e+00 4.1807612952e-01
3.3121890657e-05 1.5334830019e+04 1.5707963268e+00 4.2093745161e-01
3.3347991273e-05 1.5337172680e+04 1.5707963268e+00 4.2379790553e-01
3.3574044500e-05 1.5339531952e+04 1.5707963268e+00 4.2665748548e-01
3.3800050036e-05 1.5341907847e+04 1.5707963268e+00 4.2951618568e-01
3.4026007581e-05 1.5344300372e+04 1.5707963268e+00 4.3237400032e-01
3.4251916835e-05 1.5346709536e+04 1.5707963268e+00 4.3523092362e-01
3.4477777497e-05 1.5349135350e+04 1.5707963268e+00 4.3808694981e-01
3.4703589267e-05 1.5351577822e+04 1.5707963268e+00 4.4094207312e-01
3.4929351848e-05 1.5354036961e+04 1.5707963268e+00 4.4379628776e-01
3.5155064941e-05 1.5356512777e+04 1.5707963268e+00 4.4664958798e-01
3.5380728247e-05 1.5359005279e+04 1.5707963268e+00 4.4950196803e-01
3.5606341470e-05 1.5361514476e+04 1.5707963268e+00 4.5235342213e-01
3.5831904313e-05 1.5364040378e+04 1.5707963268e+00 4.5520394456e-01
3.6057416480e-05 1.5366582994e+04 1.5707963268e+00 4.5805352955e-01
3.6282877675e-05 1.5369142335e+04 1.5707963268e+00 4.6090217139e-01
3.6508287602e-05 1.5371718408e+04 1.5707963268e+00 4.6374986433e-01
3.6733645968e-05 1.5374311225e+04 1.5707963268e+00 4.6659660264e-01
3.6958952478e-05 1.5376920795e+04 1.5707963268e+00 4.6944238062e-01
3.7184206839e-05 1.5379547127e+04 1.5707963268e+00 4.7228719253e-01
3.7409408759e-05 1.5382190231e+04 1.5707963268e+00 4.7513103267e-01
3.7634557944e-05 1.5384850117e+04 1.5707963268e+00 4.7797389533e-01
3.7859654102e-05 1.5387526795e+04 1.5707963268e+00 4.8081577482e-01
3.8084696944e-05 1.5390220275e+04 1.5707963268e+00 4.8365666545e-01
3.8309686178e-05 1.5392930566e+04 1.5707963268e+00 4.8649656151e-01
3.8534621513e-05 1.5395657679e+04 1.5707963268e+00 4.8933545734e-01
3.8759502662e-05 1.5398401624e+04 1.5707963268e+00 4.9217334725e-01
3.8984329334e-05 1.5401162410e+04 1.5707963268e+00 4.9501022558e-01
3.9209101242e-05 1.5403940048e+04 1.5707963268e+00 4.9784608665e-01
3.9433818097e-05 1.5406734548e+04 1.5707963268e+00 5.0068092482e-01
3.9658479613e-05 1.5409545920e+04 1.5707963268e+00 5.0351473442e-01
3.9883085504e-05 1.5412374175e+04 1.5707963268e+00 5.0634750982e-01
4.0107635482e-05 1.5415219321e+04 1.5707963268e+00 5.0917924536e-01
4.0332129264e-05 1.5418081371e+04 1.5707963268e+00 5.1200993542e-01
4.0556566563e-05 1.5420960334e+04 1.5707963268e+00 5.1483957437e-01
4.0780947097e-05 1.5423856220e+04 1.5707963268e+00 5.1766815658e-01
4.1005270581e-05 1.5426769040e+04 1.5707963268e+00 5.2049567644e-01
4.1229536733e-05 1.5429698805e+04 1.5707963268e+00 5.2332212833e-01
4.1453745270e-05 1.5432645524e+04 1.5707963268e+00 5.2614750666e-01
4.1677895911e-05 1.5435609209e+04 1.5707963268e+00 5.2897180582e-01
4.1901988374e-05 1.5438589870e+04 1.5707963268e+00 5.3179502022e-01
4.2126022380e-05 1.5441587517e+04 1.5707963268e+00 5.3461714428e-01
4.2349997648e-05 1.5444602162e+04 1.5707963268e+00 5.3743817243e-01
4.2573913899e-05 1.5447633814e+04 1.5707963268e+00 5.4025809907e-01
4.2797770856e-05 1.5450682485e+04 1.5707963268e+00 5.4307691867e-01
4.3021568239e-05 1.5453748185e+04 1.5707963268e+00 5.4589462564e-01
4.3245305771e-05 1.5456830925e+04 1.5707963268e+00 5.4871121444e-01
4.3468983176e-05 1.5459930716e+04 1.5707963268e+00 5.5152667953e-01
4.3692600179e-05 1.5463047569e+04 1.5707963268e+00 5.5434101536e-01
4.3916156503e-05 1.5466181495e+04 1.5707963268e+00 5.5715421641e-01
4.4139651874e-05 1.5469332504e+04 1.5707963268e+00 5.5996627714e-01
4.4363086018e-05 1.5472500607e+04 1.5707963268e+00 5.6277719204e-01
4.4586458661e-05 1.5475685816e+04 1.5707963268e+00 5.6558695559e-01
4.4809769531e-05 1.5478888141e+04 1.5707963268e+00 5.6839556229e-01
4.5033018356e-05 1.5482107594e+04 1.5707963268e+00 5.7120300665e-01
4.5256204864e-05 1.5485344186e+04 1.5707963268e+00 5.7400928316e-01
4.5479328784e-05 1.5488597927e+04 1.5707963268e+00 5.7681438635e-01
4.5702389848e-05 1.5491868829e+04 1.5707963268e+00 5.7961831074e-01
4.5925387784e-05 1.5495156903e+04 1.5707963268e+00 5.8242105085e-01
4.6148322324e-05 1.5498462160e+04 1.5707963268e+00 5.8522260123e-01
4.6371193201e-05 1.5501784612e+04 1.5707963268e+00 5.8802295641e-01
4.6594000147e-05 1.5505124270e+04 1.5707963268e+00 5.9082211096e-01
4.6816742895e-05 1.5508481144e+04 1.5707963268e+00 5.9362005942e-01
4.7039421179e-05 1.5511855247e+04 1.5707963268e+00 5.9641679636e-01
4.7262034734e-05 1.5515246589e+04 1.5707963268e+00 5.9921231637e-01
4.7484583296e-05 1.5518655183e+04 1.5707963268e+00 6.0200661400e-01
4.7707066600e-05 1.5522081039e+04 1.5707963268e+00 6.0479968386e-01
4.7929484382e-05 1.5525524169e+04 1.5707963268e+00 6.0759152054e-01
4.8151836382e-05 1.5528984584e+04 1.5707963268e+00 6.1038211864e-01
4.8374122336e-05 1.5532462296e+04 1.5707963268e+00 6.1317147278e-01
4.8596341983e-05 1.5535957317e+04 1.5707963268e+00 6.1595957756e-01
4.8818495064e-05 1.5539469658e+04 1.5707963268e+00 6.1874642762e-01
4.9040581318e-05 1.5542999330e+04 1.5707963268e+00 6.2153201758e-01
4.9262600486e-05 1.5546546345e+04 1.5707963268e+00 6.2431634210e-01
4.9484552310e-05 1.5550110715e+04 1.5707963268e+00 6.2709939581e-01
4.9706436532e-05 1.5553692451e+04 1.5707963268e+00 6.2988117338e-01
4.9928252896e-05 1.5557291565e+04 1.5707963268e+00 6.3266166946e-01
5.0150001146e-05 1.5560908070e+04 1.5707963268e+00 6.3544087874e-01
5.0371681025e-05 1.5564541975e+04 1.5707963268e+00 6.3821879588e-01
5.0593292279e-05 1.5568193294e+04 1.5707963268e+00 6.4099541558e-01
5.0814834654e-05 1.5571862038e+04 1.5707963268e+00 6.4377073254e-01
5.1036307898e-05 1.5575548218e+04 1.5707963268e+00 6.4654474145e-01
5.1257711757e-05 1.5579251847e+04 1.5707963268e+00 6.4931743704e-01
5.1479045979e-05 1.5582972937e+04 1.5707963268e+00 6.5208881401e-01
5.1700310314e-05 1.5586711499e+04 1.5707963268e+00 6.5485886710e-01
5.1921504510e-05 1.5590467545e+04 1.5707963268e+00 6.5762759105e-01
5.2142628320e-05 1.5594241087e+04 1.5707963268e+00 6.6039498060e-01
5.2363681493e-05 1.5598032137e+04 1.5707963268e+00 6.6316103050e-01
5.2584663782e-05 1.5601840707e+04 1.5707963268e+00 6.6592573551e-01
5.2805574939e-05 1.5605666808e+04 1.5707963268e+00 6.6868909041e-01
5.3026414718e-05 1.5609510454e+04 1.5707963268e+00 6.7145108997e-01
5.3247182873e-05 1.5613371655e+04 1.5707963268e+00 6.7421172899e-01
5.3467879159e-05 1.5617250425e+04 1.5707963268e+00 6.7697100224e-01
5.3688503331e-05 1.5621146774e+04 1.5707963268e+00 6.7972890455e-01
5.3909055146e-05 1.5625060715e+04 1.5707963268e+00 6.8248543072e-01
5.4129534361e-05 1.5628992260e+04 1.5707963268e+00 6.8524057557e-01
5.4349940734e-05 1.5632941421e+04 1.5707963268e+00 6.8799433393e-01
5.4570274024e-05 1.5636908210e+04 1.5707963268e+00 6.9074670064e-01
5.4790533990e-05 1.5640892640e+04 1.5707963268e+00 6.9349767056e-01
5.5010720393e-05 1.5644894722e+04 1.5707963268e+00 6.9624723852e-01
5.5230832993e-05 1.5648914468e+04 1.5707963268e+00 6.9899539941e-01
5.5450871553e-05 1.5652951892e+04 1.5707963268e+00 7.0174214809e-01
5.5670835834e-05 1.5657007004e+04 1.5707963268e+00 7.0448747944e-01
5.5890725601e-05 1.5661079817e+04 1.5707963268e+00 7.0723138837e-01
5.6110540618e-05 1.5665170344e+04 1.5707963268e+00 7.0997386976e-01
5.6330280649e-05 1.5669278596e+04 1.5707963268e+00 7.1271491854e-01
5.6549945460e-05 1.5673404586e+04 1.5707963268e+00 7.1545452961e-01
5.6769534817e-05 1.5677548326e+04 1.5707963268e+00 7.1819269791e-01
5.6989048489e-05 1.5681709828e+04 1.5707963268e+00 7.2092941837e-01
5.7208486242e-05 1.5685889105e+04 1.5707963268e+00 7.2366468594e-01
5.7427847847e-05 1.5690086168e+04 1.5707963268e+00 7.2639849559e-01
5.7647133072e-05 1.5694301031e+04 1.5707963268e+00 7.2913084226e-01
5.7866341688e-05 1.5698533705e+04 1.5707963268e+00 7.3186172094e-01
5.8085473467e-05 1.5702784203e+04 1.5707963268e+00 7.3459112661e-01
5.8304528180e-05 1.5707052537e+04 1.5707963268e+00 7.3731905427e-01
5.8523505600e-05 1.5711338719e+04 1.5707963268e+00 7.4004549892e-01
5.8742405502e-05 1.5715642762e+04 1.5707963268e+00 7.4277045556e-01
5.8961227659e-05 1.5719964678e+04 1.5707963268e+00 7.4549391923e-01
5.9179971846e-05 1.5724304480e+04 1.5707963268e+00 7.4821588496e-01
5.9398637841e-05 1.5728662179e+04 1.5707963268e+00 7.5093634778e-01
5.9617225419e-05 1.5733037788e+04 1.5707963268e+00 7.5365530275e-01
5.9835734359e-05 1.5737431320e+04 1.5707963268e+00 7.5637274493e-01
6.0054164440e-05 1.5741842787e+04 1.5707963268e+00 7.5908866940e-01
6.0272515439e-05 1.5746272201e+04 1.5707963268e+00 7.6180307122e-01
6.0490787139e-05 1.5750719575e+04 1.5707963268e+00 7.6451594549e-01
6.0708979319e-05 1.5755184921e+04 1.5707963268e+00 7.6722728732e-01
6.0927091762e-05 1.5759668252e+04 1.5707963268e+00 7.6993709181e-01
6.1145124250e-05 1.5764169579e+04 1.5707963268e+00 7.7264535409e-01
6.1363076567e-05 1.5768688916e+04 1.5707963268e+00 7.7535206927e-01
6.1580948497e-05 1.5773226275e+04 1.5707963268e+00 7.7805723252e-01
6.1798739826e-05 1.5777781668e+04 1.5707963268e+00 7.8076083897e-01
6.2016450339e-05 1.5782355107e+04 1.5707963268e+00 7.8346288379e-01
6.2234079823e-05 1.5786946606e+04 1.5707963268e+00 7.8616336215e-01
6.2451628066e-05 1.5791556176e+04 1.5707963268e+00 7.8886226923e-01
6.2669094856e-05 1.5796183830e+04 1.5707963268e+00 7.9155960022e-01
6.2886479982e-05 1.5800829580e+04 1.5707963268e+00 7.9425535033e-01
6.3103783236e-05 1.5805493439e+04 1.5707963268e+00 7.9694951476e-01
6.3321004408e-05 1.5810175420e+04 1.5707963268e+00 7.9964208875e-01
6.3538143289e-05 1.5814875534e+04 1.5707963268e+00 8.0233306752e-01
6.3755199673e-05 1.5819593794e+04 1.5707963268e+00 8.0502244632e-01
6.3972173353e-05 1.5824330212e+04 1.5707963268e+00 8.0771022041e-01
6.4189064123e-05 1.5829084802e+04 1.5707963268e+00 8.1039638505e-01
6.4405871779e-05 1.5833857575e+04 1.5707963268e+00 8.1308093551e-01
6.4622596117e-05 1.5838648544e+04 1.5707963268e+00 8.1576386708e-01
6.4839236934e-05 1.5843457721e+04 1.5707963268e+00 8.1844517507e-01
6.5055794027e-05 1.5848285119e+04 1.5707963268e+00 8.2112485477e-01
6.5272267196e-05 1.5853130750e+04 1.5707963268e+00 8.2380290152e-01
6.5488656240e-05 1.5857994627e+04 1.5707963268e+00 8.2647931063e-01
6.5704960959e-05 1.5862876762e+04 1.5707963268e+00 8.2915407745e-01
6.5921181155e-05 1.5867777166e+04 1.5707963268e+00 8.3182719733e-01
6.6137316630e-05 1.5872695854e+04 1.5707963268e+00 8.3449866564e-01
6.6353367186e-05 1.5877632837e+04 1.5707963268e+00 8.3716847774e-01
6.6569332628e-05 1.5882588127e+04 1.5707963268e+00 8.3983662903e-01
6.6785212760e-05 1.5887561738e+04 1.5707963268e+00 8.4250311490e-01
6.7001007388e-05 1.5892553681e+04 1.5707963268e+00 8.4516793076e-01
6.7216716318e-05 1.5897563968e+04 1.5707963268e+00 8.4783107202e-01
6.7432339358e-05 1.5902592613e+04 1.5707963268e+00 8.5049253411e-01
6.7647876316e-05 1.5907639627e+04 1.5707963268e+00 8.5315231249e-01
6.7863327001e-05 1.5912705022e+04 1.5707963268e+00 8.5581040259e-01
6.8078691223e-05 1.5917788812e+04 1.5707963268e+00 8.5846679989e-01
6.8293968793e-05 1.5922891009e+04 1.5707963268e+00 8.6112149986e-01
6.8509159522e-05 1.5928011624e+04 1.5707963268e+00 8.6377449798e-01
6.8724263223e-05 1.5933150670e+04 1.5707963268e+00 8.6642578976e-01
6.8939279710e-05 1.5938308160e+04 1.5707963268e+00 8.6907537069e-01
6.9154208796e-05 1.5943484106e+04 1.5707963268e+00 8.7172323632e-01
6.9369050298e-05 1.5948678519e+04 1.5707963268e+00 8.7436938216e-01
6.9583804031e-05 1.5953891413e+04 1.5707963268e+00 8.7701380377e-01
6.9798469812e-05 1.5959122799e+04 1.5707963268e+00 8.7965649669e-01
7.0013047459e-05 1.5964372690e+04 1.5707963268e+00 8.8229745650e-01
7.0227536791e-05 1.5969641098e+04 1.5707963268e+00 8.8493667878e-01
7.0441937627e-05 1.5974928036e+04 1.5707963268e+00 8.8757415911e-01
7.0656249788e-05 1.5980233514e+04 1.5707963268e+00 8.9020989311e-01
7.0870473096e-05 1.5985557547e+04 1.5707963268e+00 8.9284387639e-01
7.1084607372e-05 1.5990900145e+04 1.5707963268e+00 8.9547610457e-01
7.1298652440e-05 1.5996261322e+04 1.5707963268e+00 8.9810657330e-01
7.1512608124e-05 1.6001641088e+04 1.5707963268e+00 9.0073527822e-01
7.1726474250e-05 1.6007039457e+04 1.5707963268e+00 9.0336221500e-01
7.1940250642e-05 1.6012456440e+04 1.5707963268e+00 9.0598737932e-01
7.2153937127e-05 1.6017892050e+04 1.5707963268e+00 9.0861076686e-01
7.2367533534e-05 1.6023346298e+04 1.5707963268e+00 9.1123237332e-01
7.2581039691e-05 1.6028819197e+04 1.5707963268e+00 9.1385219442e-01
7.2794455428e-05 1.6034310759e+04 1.5707963268e+00 9.1647022588e-01
7.3007780574e-05 1.6039820995e+04 1.5707963268e+00 9.1908646343e-01
7.3221014960e-05 1.6045349918e+04 1.5707963268e+00 9.2170090283e-01
7.3434158420e-05 1.6050897540e+04 1.5707963268e+00 9.2431353983e-01
7.3647210787e-05 1.6056463873e+04 1.5707963268e+00 9.2692437022e-01
7.3860171893e-05 1.6062048929e+04 1.5707963268e+00 9.2953338977e-01
7.4073041574e-05 1.6067652719e+04 1.5707963268e+00 9.3214059428e-01
7.4285819666e-05 1.6073275256e+04 1.5707963268e+00 9.3474597958e-01
7.4498506006e-05 1.6078916551e+04 1.5707963268e+00 9.3734954147e-01
7.4711100430e-05 1.6084576616e+04 1.5707963268e+00 9.3995127580e-01
7.4923602778e-05 1.6090255464e+04 1.5707963268e+00 9.4255117842e-01
7.5136012889e-05 1.6095953106e+04 1.5707963268e+00 9.4514924518e-01
7.5348330603e-05 1.6101669554e+04 1.5707963268e+00 9.4774547197e-01
7.5560555761e-05 1.6107404819e+04 1.5707963268e+00 9.5033985467e-01
7.5772688206e-05 1.6113158914e+04 1.5707963268e+00 9.5293238918e-01
7.5984727780e-05 1.6118931850e+04 1.5707963268e+00 9.5552307141e-01
7.6196674327e-05 1.6124723638e+04 1.5707963268e+00 9.5811189728e-01
7.6408527693e-05 1.6130534292e+04 1.5707963268e+00 9.6069886275e-01
7.6620287722e-05 1.6136363821e+04 1.5707963268e+00 9.6328396376e-01
7.6831954262e-05 1.6142212239e+04 1.5707963268e+00 9.6586719626e-01
7.7043527160e-05 1.6148079556e+04 1.5707963268e+00 9.6844855625e-01
7.7255006265e-05 1.6153965784e+04 1.5707963268e+00 9.7102803972e-01
7.7466391426e-05 1.6159870934e+04 1.5707963268e+00 9.7360564265e-01
7.7677682492e-05 1.6165795019e+04 1.5707963268e+00 9.7618136108e-01
7.7888879317e-05 1.6171738050e+04 1.5707963268e+00 9.7875519104e-01
7.8099981750e-05 1.6177700038e+04 1.5707963268e+00 9.8132712855e-01
7.8310989647e-05 1.6183680994e+04 1.5707963268e+00 9.8389716970e-01
7.8521902859e-05 1.6189680931e+04 1.5707963268e+00 9.8646531053e-01
7.8732721243e-05 1.6195699859e+04 1.5707963268e+00 9.8903154714e-01
7.8943444654e-05 1.6201737790e+04 1.5707963268e+00 9.9159587562e-01
7.9154072949e-05 1.6207794735e+04 1.5707963268e+00 9.9415829208e-01
7.9364605986e-05 1.6213870705e+04 1.5707963268e+00 9.9671879265e-01
7.9575043622e-05 1.6219965713e+04 1.5707963268e+00 9.9927737346e-01
7.9785385717e-05 1.6226079768e+04 1.5707963268e+00 1.0018340307e+00
7.9995632132e-05 1.6232212883e+04 1.5707963268e+00 1.0043887604e+00
8.0205782728e-05 1.6238365068e+04 1.5707963268e+00 1.0069415589e+00
8.0415837367e-05 1.6244536335e+04 1.5707963268e+00 1.0094924223e+00
8.0625795911e-05 1.6250726694e+04 1.5707963268e+00 1.0120413469e+00
8.0835658226e-05 1.6256936158e+04 1.5707963268e+00 1.0145883287e+00
8.1045424177e-05 1.6263164736e+04 1.5707963268e+00 1.0171333642e+00
8.1255093627e-05 1.6269412440e+04 1.5707963268e+00 1.0196764495e+00
8.1464666446e-05 1.6275679281e+04 1.5707963268e+00 1.0222175808e+00
8.1674142499e-05 1.6281965270e+04 1.5707963268e+00 1.0247567546e+00
8.1883521657e-05 1.6288270418e+04 1.5707963268e+00 1.0272939669e+00
8.2092803788e-05 1.6294594735e+04 1.5707963268e+00 1.0298292142e+00
8.2301988762e-05 1.6300938233e+04 1.5707963268e+00 1.0323624928e+00
8.2511076452e-05 1.6307300923e+04 1.5707963268e+00 1.0348937990e+00
8.2720066729e-05 1.6313682814e+04 1.5707963268e+00 1.0374231290e+00
8.2928959466e-05 1.6320083919e+04 1.5707963268e+00 1.0399504794e+00
8.3137754537e-05 1.6326504247e+04 1.5707963268e+00 1.0424758464e+00
8.3346451819e-05 1.6332943809e+04 1.5707963268e+00 1.0449992265e+00
8.3555051185e-05 1.6339402617e+04 1.5707963268e+00 1.0475206160e+00
8.3763552514e-05 1.6345880679e+04 1.5707963268e+00 1.0500400113e+00
8.3971955683e-05 1.6352378008e+04 1.5707963268e+00 1.0525574089e+00
8.4180260570e-05 1.6358894614e+04 1.5707963268e+00 1.0550728053e+00
8.4388467056e-05 1.6365430506e+04 1.5707963268e+00 1.0575861968e+00
8.4596575020e-05 1.6371985697e+04 1.5707963268e+00 1.0600975799e+00
8.4804584344e-05 1.6378560195e+04 1.5707963268e+00 1.0626069512e+00
8.5012494911e-05 1.6385154011e+04 1.5707963268e+00 1.0651143071e+00
8.5220306603e-05 1.6391767156e+04 1.5707963268e+00 1.0676196441e+00
8.5428019305e-05 1.6398399640e+04 1.5707963268e+00 1.0701229588e+00
8.5635632902e-05 1.6405051473e+04 1.5707963268e+00 1.0726242477e+00
8.5843147279e-05 1.6411722666e+04 1.5707963268e+00 1.0751235074e+00
8.6050562324e-05 1.6418413228e+04 1.5707963268e+00 1.0776207344e+00
8.6257877925e-05 1.6425123170e+04 1.5707963268e+00 1.0801159253e+00
8.6465093970e-05 1.6431852501e+04 1.5707963268e+00 1.0826090767e+00
8.6672210348e-05 1.6438601233e+04 1.5707963268e+00 1.0851001852e+00
8.6879226951e-05 1.6445369374e+04 1.5707963268e+00 1.0875892475e+00
8.7086143669e-05 1.6452156935e+04 1.5707963268e+00 1.0900762602e+00
8.7292960396e-05 1.6458963925e+04 1.5707963268e+00 1.0925612199e+00
8.7499677024e-05 1.6465790355e+04 1.5707963268e+00 1.0950441234e+00
8.7706293447e-05 1.6472636234e+04 1.5707963268e+00 1.0975249673e+00
8.7912809561e-05 1.6479501572e+04 1.5707963268e+00 1.1000037482e+00
8.8119225262e-05 1.6486386379e+04 1.5707963268e+00 1.1024804630e+00
8.8325540446e-05 1.6493290665e+04 1.5707963268e+00 1.1049551084e+00
8.8531755012e-05 1.6500214438e+04 1.5707963268e+00 1.1074276811e+00
8.8737868858e-05 1.6507157710e+04 1.5707963268e+00 1.1098981778e+00
8.8943881883e-05 1.6514120488e+04 1.5707963268e+00 1.1123665953e+00
8.9149793988e-05 1.6521102783e+04 1.5707963268e+00 1.1148329305e+00
8.9355605076e-05 1.6528104605e+04 1.5707963268e+00 1.1172971801e+00
8.9561315047e-05 1.6535125962e+04 1.5707963268e+00 1.1197593410e+00
8.9766923805e-05 1.6542166864e+04 1.5707963268e+00 1.1222194099e+00
8.9972431255e-05 1.6549227320e+04 1.5707963268e+00 1.1246773838e+00
9.0177837302e-05 1.6556307340e+04 1.5707963268e+00 1.1271332595e+00
9.0383141851e-05 1.6563406932e+04 1.5707963268e+00 1.1295870338e+00
9.0588344809e-05 1.6570526107e+04 1.5707963268e+00 1.1320387037e+00
9.0793446084e-05 1.6577664872e+04 1.5707963268e+00 1.1344882661e+00
9.0998445585e-05 1.6584823238e+04 1.5707963268e+00 1.1369357179e+00
9.1203343221e-05 1.6592001212e+04 1.5707963268e+00 1.1393810561e+00
9.1408138903e-05 1.6599198805e+04 1.5707963268e+00 1.1418242775e+00
9.1612832543e-05 1.6606416024e+04 1.5707963268e+00 1.1442653792e+00
9.1817424051e-05 1.6613652879e+04 1.5707963268e+00 1.1467043582e+00
9.2021913342e-05 1.6620909379e+04 1.5707963268e+00 1.1491412114e+00
9.2226300330e-05 1.6628185532e+04 1.5707963268e+00 1.1515759358e+00
9.2430584930e-05 1.6635481348e+04 1.5707963268e+00 1.1540085286e+00
9.2634767056e-05 1.6642796834e+04 1.5707963268e+00 1.1564389867e+00
9.2838846627e-05 1.6650131999e+04 1.5707963268e+00 1.1588673072e+00
9.3042823560e-05 1.6657486852e+04 1.5707963268e+00 1.1612934872e+00
9.3246697773e-05 1.6664861402e+04 1.5707963268e+00 1.1637175238e+00
9.3450469186e-05 1.6672255656e+04 1.5707963268e+00 1.1661394140e+00
9.3654137719e-05 1.6679669623e+04 1.5707963268e+00 1.1685591551e+00
9.3857703293e-05 1.6687103312e+04 1.5707963268e+00 1.1709767440e+00
9.4061165830e-05 1.6694556731e+04 1.5707963268e+00 1.1733921781e+00
9.4264525254e-05 1.6702029888e+04 1.5707963268e+00 1.1758054544e+00
9.4467781487e-05 1.6709522791e+04 1.5707963268e+00 1.1782165702e+00
9.4670934456e-05 1.6717035448e+04 1.5707963268e+00 1.1806255226e+00
9.4873984085e-05 1.6724567868e+04 1.5707963268e+00 1.1830323088e+00
9.5076930301e-05 1.6732120058e+04 1.5707963268e+00 1.1854369261e+00
9.5279773032e-05 1.6739692027e+04 1.5707963268e+00 1.1878393718e+00
9.5482512205e-05 1.6747283781e+04 1.5707963268e+00 1.1902396431e+00
9.5685147750e-05 1.6754895330e+04 1.5707963268e+00 1.1926377372e+00
9.5887679596e-05 1.6762526680e+04 1.5707963268e+00 1.1950336515e+00
9.6090107676e-05 1.6770177840e+04 1.5707963268e+00 1.1974273832e+00
9.6292431919e-05 1.6777848818e+04 1.5707963268e+00 1.1998189297e+00
9.6494652260e-05 1.6785539620e+04 1.5707963268e+00 1.2022082884e+00
9.6696768632e-05 1.6793250254e+04 1.5707963268e+00 1.2045954565e+00
9.6898780969e-05 1.6800980728e+04 1.5707963268e+00 1.2069804315e+00
9.7100689206e-05 1.6808731050e+04 1.5707963268e+00 1.2093632108e+00
9.7302493279e-05 1.6816501226e+04 1.5707963268e+00 1.2117437917e+00
9.7504193126e-05 1.6824291264e+04 1.5707963268e+00 1.2141221716e+00
9.7705788685e-05 1.6832101172e+04 1.5707963268e+00 1.2164983480e+00
9.7907279893e-05 1.6839930956e+04 1.5707963268e+00 1.2188723184e+00
9.8108666691e-05 1.6847780623e+04 1.5707963268e+00 1.2212440801e+00
9.8309949019e-05 1.6855650181e+04 1.5707963268e+00 1.2236136308e+00
9.8511126819e-05 1.6863539637e+04 1.5707963268e+00 1.2259809678e+00
9.8712200032e-05 1.6871448997e+04 1.5707963268e+00 1.2283460887e+00
9.8913168603e-05 1.6879378268e+04 1.5707963268e+00 1.2307089910e+00
9.9114032473e-05 1.6887327459e+04 1.5707963268e+00 1.2330696723e+00
9.9314791590e-05 1.6895296574e+04 1.5707963268e+00 1.2354281301e+00
9.9515445897e-05 1.6903285621e+04 1.5707963268e+00 1.2377843620e+00
9.9715995342e-05 1.6911294606e+04 1.5707963268e+00 1.2401383656e+00
9.9916439871e-05 1.6919323536e+04 1.5707963268e+00 1.2424901384e+00
1.0011677943e-04 1.6927372418e+04 1.5707963268e+00 1.2448396782e+00
1.0031701398e-04 1.6935441258e+04 1.5707963268e+00 1.2471869825e+00
1.0051714346e-04 1.6943530063e+04 1.5707963268e+00 1.2495320490e+00
1.0071716781e-04 1.6951638838e+04 1.5707963268e+00 1.2518748754e+00
1.0091708701e-04 1.6959767590e+04 1.5707963268e+00 1.2542154594e+00
1.0111690099e-04 1.6967916326e+04 1.5707963268e+00 1.2565537986e+00
1.0131660971e-04 1.6976085050e+04 1.5707963268e+00 1.2588898908e+00
1.0151621312e-04 1.6984273771e+04 1.5707963268e+00 1.2612237337e+00
1.0171571119e-04 1.6992482492e+04 1.5707963268e+00 1.2635553250e+00
1.0191510385e-04 1.7000711221e+04 1.5707963268e+00 1.2658846626e+00
1.0211439108e-04 1.7008959964e+04 1.5707963268e+00 1.2682117442e+00
1.0231357283e-04 1.7017228726e+04 1.5707963268e+00 1.2705365675e+00
1.0251264905e-04 1.7025517512e+04 1.5707963268e+00 1.2728591305e+00
1.0271161971e-04 1.7033826329e+04 1.5707963268e+00 1.2751794310e+00
1.0291048477e-04 1.7042155183e+04 1.5707963268e+00 1.2774974667e+00
1.0310924419e-04 1.7050504078e+04 1.5707963268e+00 1.2798132356e+00
1.0330789792e-04 1.7058873020e+04 1.5707963268e+00 1.2821267354e+00
1.0350644593e-04 1.7067262015e+04 1.5707963268e+00 1.2844379643e+00
1.0370488819e-04 1.7075671068e+04 1.5707963268e+00 1.2867469199e+00
1.0390322465e-04 1.7084100185e+04 1.5707963268e+00 1.2890536003e+00
1.0410145529e-04 1.7092549370e+04 1.5707963268e+00 1.2913580034e+00
1.0429958007e-04 1.7101018629e+04 1.5707963268e+00 1.2936601271e+00
1.0449759895e-04 1.7109507966e+04 1.5707963268e+00 1.2959599695e+00
1.0469551190e-04 1.7118017388e+04 1.5707963268e+00 1.2982575284e+00
1.0489331890e-04 1.7126546899e+04 1.5707963268e+00 1.3005528020e+00
1.0509101990e-04 1.7135096503e+04 1.5707963268e+00 1.3028457882e+00
1.0528861489e-04 1.7143666205e+04 1.5707963268e+00 1.3051364851e+00
1.0548610382e-04 1.7152256012e+04 1.5707963268e+00 1.3074248907e+00
1.0568348667e-04 1.7160865926e+04 1.5707963268e+00 1.3097110031e+00
1.0588076342e-04 1.7169495952e+04 1.5707963268e+00 1.3119948204e+00
1.0607793404e-04 1.7178146096e+04 1.5707963268e+00 1.3142763407e+00
1.0627499849e-04 1.7186816362e+04 1.5707963268e+00 1.3165555621e+00
1.0647195676e-04 1.7195506754e+04 1.5707963268e+00 1.3188324827e+00
1.0666880882e-04 1.7204217276e+04 1.5707963268e+00 1.3211071007e+00
1.0686555465e-04 1.7212947933e+04 1.5707963268e+00 1.3233794142e+00
1.0706219422e-04 1.7221698729e+04 1.5707963268e+00 1.3256494215e+00
1.0725872751e-04 1.7230469667e+04 1.5707963268e+00 1.3279171207e+00
1.0745515450e-04 1.7239260753e+04 1.5707963268e+00 1.3301825100e+00
1.0765147517e-04 1.7248071991e+04 1.5707963268e+00 1.3324455878e+00
1.0784768949e-04 1.7256903383e+04 1.5707963268e+00 1.3347063521e+00
1.0804379746e-04 1.7265754934e+04 1.5707963268e+00 1.3369648013e+00
1.0823979905e-04 1.7274626648e+04 1.5707963268e+00 1.3392209336e+00
1.0843569424e-04 1.7283518528e+04 1.5707963268e+00 1.3414747474e+00
1.0863148302e-04 1.7292430578e+04 1.5707963268e+00 1.3437262410e+00
1.0882716537e-04 1.7301362802e+04 1.5707963268e+00 1.3459754127e+00
1.0902274128e-04 1.7310315203e+04 1.5707963268e+00 1.3482222608e+00
1.0921821073e-04 1.7319287785e+04 1.5707963268e+00 1.3504667836e+00
1.0941357370e-04 1.7328280550e+04 1.5707963268e+00 1.3527089796e+00
1.0960883019e-04 1.7337293503e+04 1.5707963268e+00 1.3549488472e+00
1.0980398018e-04 1.7346326647e+04 1.5707963268e+00 1.3571863848e+00
1.0999902367e-04 1.7355379984e+04 1.5707963268e+00 1.3594215907e+00
1.1019396063e-04 1.7364453517e+04 1.5707963268e+00 1.3616544634e+00
1.1038879107e-04 1.7373547250e+04 1.5707963268e+00 1.3638850014e+00
1.1058351496e-04 1.7382661186e+04 1.5707963268e+00 1.3661132032e+00
1.1077813231e-04 1.7391795328e+04 1.5707963268e+00 1.3683390671e+00
1.1097264311e-04 1.7400949677e+04 1.5707963268e+00 1.3705625918e+00
1.1116704734e-04 1.7410124238e+04 1.5707963268e+00 1.3727837758e+00
1.1136134501e-04 1.7419319012e+04 1.5707963268e+00 1.3750026175e+00
1.1155553610e-04 1.7428534002e+04 1.5707963268e+00 1.3772191156e+00
1.1174962062e-04 1.7437769212e+04 1.5707963268e+00 1.3794332686e+00
1.1194359855e-04 1.7447024642e+04 1.5707963268e+00 1.3816450751e+00
1.1213746990e-04 1.7456300295e+04 1.5707963268e+00 1.3838545336e+00
1.1233123466e-04 1.7465596175e+04 1.5707963268e+00 1.3860616428e+00
1.1252489284e-04 1.7474912282e+04 1.5707963268e+00 1.3882664014e+00
1.1271844442e-04 1.7484248619e+04 1.5707963268e+00 1.3904688080e+00
1.1291188942e-04 1.7493605189e+04 1.5707963268e+00 1.3926688611e+00
1.1310522782e-04 1.7502981993e+04 1.5707963268e+00 1.3948665596e+00
1.1329845964e-04 1.7512379032e+04 1.5707963268e+00 1.3970619021e+00
1.1349158487e-04 1.7521796310e+04 1.5707963268e+00 1.3992548874e+00
1.1368460352e-04 1.7531233827e+04 1.5707963268e+00 1.4014455140e+00
1.1387751558e-04 1.7540691585e+04 1.5707963268e+00 1.4036337809e+00
1.1407032107e-04 1.7550169587e+04 1.5707963268e+00 1.4058196867e+00
1.1426301999e-04 1.7559667832e+04 1.5707963268e+00 1.4080032302e+00
1.1445561235e-04 1.7569186324e+04 1.5707963268e+00 1.4101844102e+00
1.1464809814e-04 1.7578725063e+04 1.5707963268e+00 1.4123632256e+00
1.1484047738e-04 1.7588284051e+04 1.5707963268e+00 1.4145396751e+00
1.1503275008e-04 1.7597863288e+04 1.5707963268e+00 1.4167137575e+00
1.1522491624e-04 1.7607462777e+04 1.5707963268e+00 1.4188854718e+00
1.1541697587e-04 1.7617082517e+04 1.5707963268e+00 1.4210548168e+00
1.1560892899e-04 1.7626722511e+04 1.5707963268e+00 1.4232217913e+00
1.1580077559e-04 1.7636382759e+04 1.5707963268e+00 1.4253863944e+00
1.1599251571e-04 1.7646063262e+04 1.5707963268e+00 1.4275486248e+00
1.1618414933e-04 1.7655764021e+04 1.5707963268e+00 1.4297084816e+00
1.1637567649e-04 1.7665485036e+04 1.5707963268e+00 1.4318659636e+00
1.1656709719e-04 1.7675226308e+04 1.5707963268e+00 1.4340210699e+00
1.1675841144e-04 1.7684987838e+04 1.5707963268e+00 1.4361737994e+00
1.1694961926e-04 1.7694769626e+04 1.5707963268e+00 1.4383241511e+00
1.1714072067e-04 1.7704571673e+04 1.5707963268e+00 1.4404721241e+00
1.1733171568e-04 1.7714393978e+04 1.5707963268e+00 1.4426177173e+00
1.1752260430e-04 1.7724236543e+04 1.5707963268e+00 1.4447609298e+00
1.1771338657e-04 1.7734099367e+04 1.5707963268e+00 1.4469017607e+00
1.1790406248e-04 1.7743982451e+04 1.5707963268e+00 1.4490402089e+00
1.1809463207e-04 1.7753885794e+04 1.5707963268e+00 1.4511762737e+00
1.1828509534e-04 1.7763809397e+04 1.5707963268e+00 1.4533099542e+00
1.1847545233e-04 1.7773753259e+04 1.5707963268e+00 1.4554412493e+00
1.1866570305e-04 1.7783717381e+04 1.5707963268e+00 1.4575701584e+00
1.1885584752e-04 1.7793701761e+04 1.5707963268e+00 1.4596966804e+00
1.1904588577e-04 1.7803706400e+04 1.5707963268e+00 1.4618208147e+00
1.1923581781e-04 1.7813731297e+04 1.5707963268e+00 1.4639425603e+00
1.1942564368e-04 1.7823776452e+04 1.5707963268e+00 1.4660619166e+00
1.1961536339e-04 1.7833841864e+04 1.5707963268e+00 1.4681788826e+00
1.1980497697e-04 1.7843927532e+04 1.5707963268e+00 1.4702934576e+00
1.1999448444e-04 1.7854033457e+04 1.5707963268e+00 1.4724056409e+00
1.2018388583e-04 1.7864159636e+04 1.5707963268e+00 1.4745154318e+00
1.2037318117e-04 1.7874306069e+04 1.5707963268e+00 1.4766228294e+00
1.2056237048e-04 1.7884472756e+04 1.5707963268e+00 1.4787278331e+00
1.2075145379e-04 1.7894659694e+04 1.5707963268e+00 1.4808304423e+00
1.2094043113e-04 1.7904866884e+04 1.5707963268e+00 1.4829306561e+00
1.2112930253e-04 1.7915094324e+04 1.5707963268e+00 1.4850284740e+00
1.2131806802e-04 1.7925342012e+04 1.5707963268e+00 1.4871238953e+00
1.2150672763e-04 1.7935609948e+04 1.5707963268e+00 1.4892169194e+00
1.2169528139e-04 1.7945898129e+04 1.5707963268e+00 1.4913075457e+00
1.2188372932e-04 1.7956206555e+04 1.5707963268e+00 1.4933957735e+00
1.2207207147e-04 1.7966535224e+04 1.5707963268e+00 1.4954816023e+00
1.2226030787e-04 1.7976884134e+04 1.5707963268e+00 1.4975650315e+00
1.2244843854e-04 1.7987253284e+04 1.5707963268e+00 1.4996460605e+00
1.2263646352e-04 1.7997642671e+04 1.5707963268e+00 1.5017246889e+00
1.2282438286e-04 1.8008052294e+04 1.5707963268e+00 1.5038009160e+00
1.2301219657e-04 1.8018482151e+04 1.5707963268e+00 1.5058747414e+00
1.2319990471e-04 1.8028932240e+04 1.5707963268e+00 1.5079461645e+00
1.2338750729e-04 1.8039402559e+04 1.5707963268e+00 1.5100151850e+00
1.2357500437e-04 1.8049893106e+04 1.5707963268e+00 1.5120818023e+00
1.2376239598e-04 1.8060403878e+04 1.5707963268e+00 1.5141460160e+00
1.2394968215e-04 1.8070934874e+04 1.5707963268e+00 1.5162078256e+00
1.2413686293e-04 1.8081486090e+04 1.5707963268e+00 1.5182672307e+00
1.2432393836e-04 1.8092057524e+04 1.5707963268e+00 1.5203242310e+00
1.2451090846e-04 1.8102649175e+04 1.5707963268e+00 1.5223788260e+00
1.2469777330e-04 1.8113261038e+04 1.5707963268e+00 1.5244310153e+00
1.2488453290e-04 1.8123893112e+04 1.5707963268e+00 1.5264807986e+00
1.2507118730e-04 1.8134545393e+04 1.5707963268e+00 1.5285281756e+00
1.2525773656e-04 1.8145217879e+04 1.5707963268e+00 1.5305731459e+00
1.2544418071e-04 1.8155910568e+04 1.5707963268e+00 1.5326157092e+00
1.2563051980e-04 1.8166623455e+04 1.5707963268e+00 1.5346558652e+00
1.2581675386e-04 1.8177356538e+04 1.5707963268e+00 1.5366936136e+00
1.2600288295e-04 1.8188109813e+04 1.5707963268e+00 1.5387289541e+00
1.2618890711e-04 1.8198883279e+04 1.5707963268e+00 1.5407618866e+00
1.2637482639e-04 1.8209676930e+04 1.5707963268e+00 1.5427924107e+00
1.2656064082e-04 1.8220490764e+04 1.5707963268e+00 1.5448205262e+00
1.2674635046e-04 1.8231324777e+04 1.5707963268e+00 1.5468462328e+00
1.2693195536e-04 1.8242178967e+04 1.5707963268e+00 1.5488695306e+00
1.2711745556e-04 1.8253053328e+04 1.5707963268e+00 1.5508904191e+00
1.2730285111e-04 1.8263947858e+04 1.5707963268e+00 1.5529088983e+00
1.2748814206e-04 1.8274862553e+04 1.5707963268e+00 1.5549249679e+00
1.2767332846e-04 1.8285797409e+04 1.5707963268e+00 1.5569386280e+00
1.2785841035e-04 1.8296752422e+04 1.5707963268e+00 1.5589498782e+00
1.2804338780e-04 1.8307727588e+04 1.5707963268e+00 1.5609587186e+00
1.2822826085e-04 1.8318722903e+04 1.5707963268e+00 1.5629651490e+00
1.2841302955e-04 1.8329738362e+04 1.5707963268e+00 1.5649691694e+00
1.2859769395e-04 1.8340773963e+04 1.5707963268e+00 1.5669707796e+00
1.2878225411e-04 1.8351829700e+04 1.5707963268e+00 1.5689699797e+00
1.2896671008e-04 1.8362905569e+04 1.5707963268e+00 1.5709667695e+00
1.2915106191e-04 1.8374001566e+04 1.5707963268e+00 1.5729611491e+00
1.2933530966e-04 1.8385117686e+04 1.5707963268e+00 1.5749531185e+00
1.2951945339e-04 1.8396253924e+04 1.5707963268e+00 1.5769426775e+00
1.2970349313e-04 1.8407410277e+04 1.5707963268e+00 1.5789298264e+00
1.2988742897e-04 1.8418586738e+04 1.5707963268e+00 1.5809145651e+00
1.3007126094e-04 1.8429783304e+04 1.5707963268e+00 1.5828968936e+00
1.3025498910e-04 1.8440999970e+04 1.5707963268e+00 1.5848768120e+00
1.3043861352e-04 1.8452236730e+04 1.5707963268e+00 1.5868543204e+00
1.3062213425e-04 1.8463493579e+04 1.5707963268e+00 1.5888294188e+00
1.3080555135e-04 1.8474770514e+04 1.5707963268e+00 1.5908021074e+00
1.3098886487e-04 1.8486067527e+04 1.5707963268e+00 1.5927723863e+00
1.3117207489e-04 1.8497384614e+04 1.5707963268e+00 1.5947402557e+00
1.3135518144e-04 1.8508721770e+04 1.5707963268e+00 1.5967057155e+00
1.3153818461e-04 1.8520078990e+04 1.5707963268e+00 1.5986687661e+00
1.3172108444e-04 1.8531456267e+04 1.5707963268e+00 1.6006294076e+00
1.3190388100e-04 1.8542853597e+04 1.5707963268e+00 1.6025876402e+00
1.3208657434e-04 1.8554270973e+04 1.5707963268e+00 1.6045434640e+00
1.3226916454e-04 1.8565708391e+04 1.5707963268e+00 1.6064968793e+00
1.3245165166e-04 1.8577165844e+04 1.5707963268e+00 1.6084478863e+00
1.3263403575e-04 1.8588643326e+04 1.5707963268e+00 1.6103964853e+00
1.3281631688e-04 1.8600140832e+04 1.5707963268e+00 1.6123426765e+00
1.3299849511e-04 1.8611658355e+04 1.5707963268e+00 1.6142864601e+00
1.3318057052e-04 1.8623195890e+04 1.5707963268e+00 1.6162278365e+00
1.3336254315e-04 1.8634753430e+04 1.5707963268e+00 1.6181668060e+00
1.3354441309e-04 1.8646330970e+04 1.5707963268e+00 1.6201033688e+00
1.3372618039e-04 1.8657928502e+04 1.5707963268e+00 1.6220375253e+00
1.3390784512e-04 1.8669546021e+04 1.5707963268e+00 1.6239692757e+00
1.3408940735e-04 1.8681183520e+04 1.5707963268e+00 1.6258986206e+00
1.3427086714e-04 1.8692840993e+04 1.5707963268e+00 1.6278255602e+00
1.3445222456e-04 1.8704518433e+04 1.5707963268e+00 1.6297500948e+00
1.3463347969e-04 1.8716215834e+04 1.5707963268e+00 1.6316722250e+00
1.3481463258e-04 1.8727933188e+04 1.5707963268e+00 1.6335919510e+00
1.3499568331e-04 1.8739670489e+04 1.5707963268e+00 1.6355092733e+00
1.3517663194e-04 1.8751427731e+04 1.5707963268e+00 1.6374241923e+00
1.3535747856e-04 1.8763204906e+04 1.5707963268e+00 1.6393367086e+00
1.3553822321e-04 1.8775002007e+04 1.5707963268e+00 1.6412468224e+00
1.3571886599e-04 1.8786819028e+04 1.5707963268e+00 1.6431545343e+00
1.3589940695e-04 1.8798655960e+04 1.5707963268e+00 1.6450598448e+00
1.3607984618e-04 1.8810512798e+04 1.5707963268e+00 1.6469627543e+00
1.3626018373e-04 1.8822389533e+04 1.5707963268e+00 1.6488632634e+00
1.3644041969e-04 1.8834286159e+04 1.5707963268e+00 1.6507613726e+00
1.3662055412e-04 1.8846202667e+04 1.5707963268e+00 1.6526570824e+00
1.3680058710e-04 1.8858139051e+04 1.5707963268e+00 1.6545503934e+00
1.3698051870e-04 1.8870095303e+04 1.5707963268e+00 1.6564413060e+00
1.3716034901e-04 1.8882071415e+04 1.5707963268e+00 1.6583298210e+00
1.3734007808e-04 1.8894067380e+04 1.5707963268e+00 1.6602159388e+00
1.3751970599e-04 1.8906083189e+04 1.5707963268e+00 1.6620996601e+00
1.3769923283e-04 1.8918118836e+04 1.5707963268e+00 1.6639809854e+00
1.3787865866e-04 1.8930174312e+04 1.5707963268e+00 1.6658599155e+00
1.3805798357e-04 1.8942249608e+04 1.5707963268e+00 1.6677364508e+00
1.3823720762e-04 1.8954344718e+04 1.5707963268e+00 1.6696105922e+00
1.3841633090e-04 1.8966459633e+04 1.5707963268e+00 1.6714823401e+00
1.3859535348e-04 1.8978594345e+04 1.5707963268e+00 1.6733516954e+00
1.3877427544e-04 1.8990748845e+04 1.5707963268e+00 1.6752186586e+00
1.3895309686e-04 1.9002923126e+04 1.5707963268e+00 1.6770832305e+00
1.3913181781e-04 1.9015117178e+04 1.5707963268e+00 1.6789454118e+00
1.3931043837e-04 1.9027330994e+04 1.5707963268e+00 1.6808052032e+00
1.3948895863e-04 1.9039564564e+04 1.5707963268e+00 1.6826626054e+00
1.3966737866e-04 1.9051817882e+04 1.5707963268e+00 1.6845176192e+00
1.3984569854e-04 1.9064090936e+04 1.5707963268e+00 1.6863702454e+00
1.4002391836e-04 1.9076383720e+04 1.5707963268e+00 1.6882204846e+00
1.4020203818e-04 1.9088696224e+04 1.5707963268e+00 1.6900683377e+00
1.4038005810e-04 1.9101028439e+04 1.5707963268e+00 1.6919138055e+00
1.4055797819e-04 1.9113380357e+04 1.5707963268e+00 1.6937568888e+00
1.4073579854e-04 1.9125751968e+04 1.5707963268e+00 1.6955975883e+00
1.4091351922e-04 1.9138143264e+04 1.5707963268e+00 1.6974359050e+00
1.4109114033e-04 1.9150554234e+04 1.5707963268e+00 1.6992718396e+00
1.4126866193e-04 1.9162984871e+04 1.5707963268e+00 1.7011053931e+00
1.4144608413e-04 1.9175435165e+04 1.5707963268e+00 1.7029365662e+00
1.4162340698e-04 1.9187905106e+04 1.5707963268e+00 1.7047653599e+00
1.4180063060e-04 1.9200394685e+04 1.5707963268e+00 1.7065917751e+00
1.4197775504e-04 1.9212903893e+04 1.5707963268e+00 1.7084158125e+00
1.4215478041e-04 1.9225432720e+04 1.5707963268e+00 1.7102374733e+00
1.4233170678e-04 1.9237981157e+04 1.5707963268e+00 1.7120567582e+00
1.4250853424e-04 1.9250549194e+04 1.5707963268e+00 1.7138736682e+00
1.4268526287e-04 1.9263136820e+04 1.5707963268e+00 1.7156882042e+00
1.4286189276e-04 1.9275744028e+04 1.5707963268e+00 1.7175003673e+00
1.4303842400e-04 1.9288370805e+04 1.5707963268e+00 1.7193101583e+00
1.4321485668e-04 1.9301017144e+04 1.5707963268e+00 1.7211175783e+00
1.4339119087e-04 1.9313683033e+04 1.5707963268e+00 1.7229226282e+00
1.4356742666e-04 1.9326368463e+04 1.5707963268e+00 1.7247253091e+00
1.4374356415e-04 1.9339073423e+04 1.5707963268e+00 1.7265256220e+00
1.4391960342e-04 1.9351797904e+04 1.5707963268e+00 1.7283235678e+00
1.4409554455e-04 1.9364541895e+04 1.5707963268e+00 1.7301191477e+00
1.4427138765e-04 1.9377305387e+04 1.5707963268e+00 1.7319123626e+00
1.4444713278e-04 1.9390088367e+04 1.5707963268e+00 1.7337032136e+00
1.4462278005e-04 1.9402890827e+04 1.5707963268e+00 1.7354917019e+00
1.4479832954e-04 1.9415712755e+04 1.5707963268e+00 1.7372778284e+00
1.4497378134e-04 1.9428554142e+04 1.5707963268e+00 1.7390615942e+00
1.4514913554e-04 1.9441414976e+04 1.5707963268e+00 1.7408430006e+00
1.4532439224e-04 1.9454295247e+04 1.5707963268e+00 1.7426220485e+00
1.4549955151e-04 1.9467194945e+04 1.5707963268e+00 1.7443987391e+00
1.4567461346e-04 1.9480114057e+04 1.5707963268e+00 1.7461730736e+00
1.4584957816e-04 1.9493052574e+04 1.5707963268e+00 1.7479450530e+00
1.4602444572e-04 1.9506010485e+04 1.5707963268e+00 1.7497146785e+00
1.4619921623e-04 1.9518987778e+04 1.5707963268e+00 1.7514819514e+00
1.4637388977e-04 1.9531984443e+04 1.5707963268e+00 1.7532468728e+00
1.4654846644e-04 1.9545000469e+04 1.5707963268e+00 1.7550094438e+00
1.4672294632e-04 1.9558035844e+04 1.5707963268e+00 1.7567696656e+00
1.4689732952e-04 1.9571090557e+04 1.5707963268e+00 1.7585275396e+00
1.4707161613e-04 1.9584164597e+04 1.5707963268e+00 1.7602830668e+00
1.4724580623e-04 1.9597257953e+04 1.5707963268e+00 1.7620362485e+00
1.4741989992e-04 1.9610370612e+04 1.5707963268e+00 1.7637870860e+00
1.4759389730e-04 1.9623502565e+04 1.5707963268e+00 1.7655355805e+00
1.4776779846e-04 1.9636653798e+04 1.5707963268e+00 1.7672817333e+00
1.4794160349e-04 1.9649824302e+04 1.5707963268e+00 1.7690255456e+00
1.4811531248e-04 1.9663014063e+04 1.5707963268e+00 1.7707670187e+00
1.4828892554e-04 1.9676223071e+04 1.5707963268e+00 1.7725061539e+00
1.4846244275e-04 1.9689451313e+04 1.5707963268e+00 1.7742429525e+00
1.4863586421e-04 1.9702698778e+04 1.5707963268e+00 1.7759774159e+00
1.4880919002e-04 1.9715965454e+04 1.5707963268e+00 1.7777095452e+00
1.4898242027e-04 1.9729251328e+04 1.5707963268e+00 1.7794393420e+00
1.4915555506e-04 1.9742556390e+04 1.5707963268e+00 1.7811668074e+00
1.4932859448e-04 1.9755880627e+04 1.5707963268e+00 1.7828919429e+00
1.4950153863e-04 1.9769224027e+04 1.5707963268e+00 1.7846147498e+00
1.4967438761e-04 1.9782586578e+04 1.5707963268e+00 1.7863352295e+00
1.4984714150e-04 1.9795968267e+04 1.5707963268e+00 1.7880533834e+00
1.5001980042e-04 1.9809369082e+04 1.5707963268e+00 1.7897692128e+00
1.5019236446e-04 1.9822789011e+04 1.5707963268e+00 1.7914827192e+00
1.5036483371e-04 1.9836228042e+04 1.5707963268e+00 1.7931939039e+00
1.5053720827e-04 1.9849686162e+04 1.5707963268e+00 1.7949027684e+00
1.5070948824e-04 1.9863163359e+04 1.5707963268e+00 1.7966093141e+00
1.5088167371e-04 1.9876659620e+04 1.5707963268e+00 1.7983135424e+00
1.5105376480e-04 1.9890174932e+04 1.5707963268e+00 1.8000154549e+00
1.5122576158e-04 1.9903709283e+04 1.5707963268e+00 1.8017150528e+00
1.5139766417e-04 1.9917262661e+04 1.5707963268e+00 1.8034123378e+00
1.5156947267e-04 1.9930835052e+04 1.5707963268e+00 1.8051073112e+00
1.5174118716e-04 1.9944426443e+04 1.5707963268e+00 1.8067999746e+00
1.5191280775e-04 1.9958036823e+04 1.5707963268e+00 1.8084903295e+00
1.5208433455e-04 1.9971666177e+04 1.5707963268e+00 1.8101783773e+00
1.5225576764e-04 1.9985314493e+04 1.5707963268e+00 1.8118641195e+00
1.5242710713e-04 1.9998981757e+04 1.5707963268e+00 1.8135475578e+00
1.5259835313e-04 2.0012667958e+04 1.5707963268e+00 1.8152286935e+00
1.5276950572e-04 2.0026373081e+04 1.5707963268e+00 1.8169075283e+00
1.5294056501e-04 2.0040097113e+04 1.5707963268e+00 1.8185840637e+00
1.5311153111e-04 2.0053840042e+04 1.5707963268e+00 1.8202583013e+00
1.5328240410e-04 2.0067601853e+04 1.5707963268e+00 1.8219302425e+00
1.5345318410e-04 2.0081382535e+04 1.5707963268e+00 1.8235998891e+00
1.5362387121e-04 2.0095182072e+04 1.5707963268e+00 1.8252672425e+00
1.5379446552e-04 2.0109000452e+04 1.5707963268e+00 1.8269323043e+00
1.5396496714e-04 2.0122837661e+04 1.5707963268e+00 1.8285950762e+00
1.5413537617e-04 2.0136693686e+04 1.5707963268e+00 1.8302555598e+00
1.5430569271e-04 2.0150568513e+04 1.5707963268e+00 1.8319137566e+00
1.5447591686e-04 2.0164462128e+04 1.5707963268e+00 1.8335696684e+00
1.5464604873e-04 2.0178374518e+04 1.5707963268e+00 1.8352232967e+00
1.5481608842e-04 2.0192305669e+04 1.5707963268e+00 1.8368746431e+00
1.5498603604e-04 2.0206255567e+04 1.5707963268e+00 1.8385237094e+00
1.5515589167e-04 2.0220224198e+04 1.5707963268e+00 1.8401704971e+00
1.5532565543e-04 2.0234211549e+04 1.5707963268e+00 1.8418150080e+00
1.5549532743e-04 2.0248217605e+04 1.5707963268e+00 1.8434572437e+00
1.5566490776e-04 2.0262242353e+04 1.5707963268e+00 1.8450972059e+00
1.5583439652e-04 2.0276285778e+04 1.5707963268e+00 1.8467348963e+00
1.5600379383e-04 2.0290347866e+04 1.5707963268e+00 1.8483703166e+00
1.5617309978e-04 2.0304428604e+04 1.5707963268e+00 1.8500034684e+00
1.5634231449e-04 2.0318527976e+04 1.5707963268e+00 1.8516343536e+00
1.5651143804e-04 2.0332645969e+04 1.5707963268e+00 1.8532629738e+00
1.5668047056e-04 2.0346782569e+04 1.5707963268e+00 1.8548893308e+00
1.5684941214e-04 2.0360937761e+04 1.5707963268e+00 1.8565134263e+00
1.5701826288e-04 2.0375111531e+04 1.5707963268e+00 1.8581352620e+00
1.5718702289e-04 2.0389303863e+04 1.5707963268e+00 1.8597548397e+00
1.5735569229e-04 2.0403514745e+04 1.5707963268e+00 1.8613721612e+00
1.5752427116e-04 2.0417744161e+04 1.5707963268e+00 1.8629872282e+00
1.5769275962e-04 2.0431992097e+04 1.5707963268e+00 1.8646000425e+00
1.5786115778e-04 2.0446258538e+04 1.5707963268e+00 1.8662106059e+00
1.5802946573e-04 2.0460543469e+04 1.5707963268e+00 1.8678189201e+00
1.5819768359e-04 2.0474846876e+04 1.5707963268e+00 1.8694249871e+00
1.5836581145e-04 2.0489168744e+04 1.5707963268e+00 1.8710288085e+00
1.5853384943e-04 2.0503509059e+04 1.5707963268e+00 1.8726303862e+00
1.5870179763e-04 2.0517867805e+04 1.5707963268e+00 1.8742297221e+00
1.5886965616e-04 2.0532244967e+04 1.5707963268e+00 1.8758268179e+00
1.5903742512e-04 2.0546640531e+04 1.5707963268e+00 1.8774216755e+00
1.5920510463e-04 2.0561054481e+04 1.5707963268e+00 1.8790142967e+00
1.5937269477e-04 2.0575486803e+04 1.5707963268e+00 1.8806046834e+00
1.5954019568e-04 2.0589937482e+04 1.5707963268e+00 1.8821928374e+00
1.5970760744e-04 2.0604406502e+04 1.5707963268e+00 1.8837787606e+00
1.5987493017e-04 2.0618893849e+04 1.5707963268e+00 1.8853624549e+00
1.6004216397e-04 2.0633399506e+04 1.5707963268e+00 1.8869439222e+00
1.6020930896e-04 2.0647923459e+04 1.5707963268e+00 1.8885231642e+00
1.6037636523e-04 2.0662465693e+04 1.5707963268e+00 1.8901001830e+00
1.6054333290e-04 2.0677026193e+04 1.5707963268e+00 1.8916749805e+00
1.6071021207e-04 2.0691604942e+04 1.5707963268e+00 1.8932475584e+00
1.6087700285e-04 2.0706201926e+04 1.5707963268e+00 1.8948179188e+00
1.6104370535e-04 2.0720817128e+04 1.5707963268e+00 1.8963860636e+00
1.6121031967e-04 2.0735450535e+04 1.5707963268e+00 1.8979519947e+00
1.6137684593e-04 2.0750102130e+04 1.5707963268e+00 1.8995157140e+00
1.6154328423e-04 2.0764771897e+04 1.5707963268e+00 1.9010772234e+00
1.6170963468e-04 2.0779459821e+04 1.5707963268e+00 1.9026365250e+00
1.6187589739e-04 2.0794165886e+04 1.5707963268e+00 1.9041936206e+00
1.6204207246e-04 2.0808890077e+04 1.5707963268e+00 1.9057485123e+00
1.6220816001e-04 2.0823632378e+04 1.5707963268e+00 1.9073012019e+00
1.6237416014e-04 2.0838392773e+04 1.5707963268e+00 1.9088516915e+00
1.6254007297e-04 2.0853171247e+04 1.5707963268e+00 1.9103999830e+00
1.6270589859e-04 2.0867967783e+04 1.5707963268e+00 1.9119460784e+00
1.6287163712e-04 2.0882782365e+04 1.5707963268e+00 1.9134899798e+00
1.6303728867e-04 2.0897614978e+04 1.5707963268e+00 1.9150316891e+00
1.6320285335e-04 2.0912465607e+04 1.5707963268e+00 1.9165712082e+00
1.6336833126e-04 2.0927334233e+04 1.5707963268e+00 1.9181085393e+00
1.6353372251e-04 2.0942220843e+04 1.5707963268e+00 1.9196436844e+00
1.6369902722e-04 2.0957125419e+04 1.5707963268e+00 1.9211766453e+00
1.6386424549e-04 2.0972047946e+04 1.5707963268e+00 1.9227074243e+00
1.6402937743e-04 2.0986988407e+04 1.5707963268e+00 1.9242360233e+00
1.6419442316e-04 2.1001946787e+04 1.5707963268e+00 1.9257624443e+00
1.6435938277e-04 2.1016923069e+04 1.5707963268e+00 1.9272866895e+00
1.6452425638e-04 2.1031917236e+04 1.5707963268e+00 1.9288087608e+00
1.6468904411e-04 2.1046929273e+04 1.5707963268e+00 1.9303286603e+00
1.6485374605e-04 2.1061959163e+04 1.5707963268e+00 1.9318463900e+00
1.6501836232e-04 2.1077006890e+04 1.5707963268e+00 1.9333619522e+00
1.6518289303e-04 2.1092072438e+04 1.5707963268e+00 1.9348753487e+00
1.6534733829e-04 2.1107155789e+04 1.5707963268e+00 1.9363865817e+00
1.6551169821e-04 2.1122256928e+04 1.5707963268e+00 1.9378956533e+00
1.6567597289e-04 2.1137375838e+04 1.5707963268e+00 1.9394025655e+00
1.6584016245e-04 2.1152512503e+04 1.5707963268e+00 1.9409073206e+00
1.6600426700e-04 2.1167666906e+04 1.5707963268e+00 1.9424099204e+00
1.6616828665e-04 2.1182839030e+04 1.5707963268e+00 1.9439103673e+00
1.6633222151e-04 2.1198028859e+04 1.5707963268e+00 1.9454086632e+00
1.6649607168e-04 2.1213236376e+04 1.5707963268e+00 1.9469048103e+00
1.6665983728e-04 2.1228461564e+04 1.5707963268e+00 1.9483988108e+00
1.6682351843e-04 2.1243704407e+04 1.5707963268e+00 1.9498906667e+00
1.6698711522e-04 2.1258964888e+04 1.5707963268e+00 1.9513803802e+00
1.6715062777e-04 2.1274242990e+04 1.5707963268e+00 1.9528679534e+00
1.6731405619e-04 2.1289538696e+04 1.5707963268e+00 1.9543533884e+00
1.6747740059e-04 2.1304851990e+04 1.5707963268e+00 1.9558366875e+00
1.6764066109e-04 2.1320182854e+04 1.5707963268e+00 1.9573178527e+00
1.6780383778e-04 2.1335531272e+04 1.5707963268e+00 1.9587968863e+00
1.6796693079e-04 2.1350897226e+04 1.5707963268e+00 1.9602737903e+00
1.6812994022e-04 2.1366280700e+04 1.5707963268e+00 1.9617485670e+00
1.6829286618e-04 2.1381681677e+04 1.5707963268e+00 1.9632212186e+00
1.6845570879e-04 2.1397100140e+04 1.5707963268e+00 1.9646917471e+00
1.6861846815e-04 2.1412536071e+04 1.5707963268e+00 1.9661601548e+00
1.6878114437e-04 2.1427989453e+04 1.5707963268e+00 1.9676264439e+00
1.6894373758e-04 2.1443460270e+04 1.5707963268e+00 1.9690906165e+00
1.6910624787e-04 2.1458948504e+04 1.5707963268e+00 1.9705526749e+00
1.6926867536e-04 2.1474454137e+04 1.5707963268e+00 1.9720126213e+00
1.6943102016e-04 2.1489977154e+04 1.5707963268e+00 1.9734704578e+00
1.6959328237e-04 2.1505517536e+04 1.5707963268e+00 1.9749261868e+00
1.6975546212e-04 2.1521075266e+04 1.5707963268e+00 1.9763798103e+00
1.6991755951e-04 2.1536650327e+04 1.5707963268e+00 1.9778313306e+00
1.7007957465e-04 2.1552242702e+04 1.5707963268e+00 1.9792807499e+00
1.7024150766e-04 2.1567852373e+04 1.5707963268e+00 1.9807280706e+00
1.7040335864e-04 2.1583479322e+04 1.5707963268e+00 1.9821732947e+00
1.7056512771e-04 2.1599123533e+04 1.5707963268e+00 1.9836164245e+00
1.7072681497e-04 2.1614784988e+04 1.5707963268e+00 1.9850574623e+00
1.7088842054e-04 2.1630463670e+04 1.5707963268e+00 1.9864964103e+00
1.7104994453e-04 2.1646159560e+04 1.5707963268e+00 1.9879332708e+00
1.7121138705e-04 2.1661872642e+04 1.5707963268e+00 1.9893680461e+00
1.7137274821e-04 2.1677602898e+04 1.5707963268e+00 1.9908007382e+00
1.7153402813e-04 2.1693350310e+04 1.5707963268e+00 1.9922313497e+00
1.7169522690e-04 2.1709114860e+04 1.5707963268e+00 1.9936598826e+00
1.7185634465e-04 2.1724896532e+04 1.5707963268e+00 1.9950863393e+00
1.7201738149e-04 2.1740695307e+04 1.5707963268e+00 1.9965107220e+00
1.7217833752e-04 2.1756511168e+04 1.5707963268e+00 1.9979330331e+00
1.7233921286e-04 2.1772344097e+04 1.5707963268e+00 1.9993532748e+00
1.7250000762e-04 2.1788194076e+04 1.5707963268e+00 2.0007714493e+00
1.7266072191e-04 2.1804061088e+04 1.5707963268e+00 2.0021875590e+00
1.7282135584e-04 2.1819945115e+04 1.5707963268e+00 2.0036016062e+00
1.7298190952e-04 2.1835846138e+04 1.5707963268e+00 2.0050135932e+00
1.7314238307e-04 2.1851764141e+04 1.5707963268e+00 2.0064235222e+00
1.7330277659e-04 2.1867699105e+04 1.5707963268e+00 2.0078313956e+00
1.7346309020e-04 2.1883651013e+04 1.5707963268e+00 2.0092372157e+00
1.7362332400e-04 2.1899619846e+04 1.5707963268e+00 2.0106409847e+00
1.7378347811e-04 2.1915605586e+04 1.5707963268e+00 2.0120427050e+00
1.7394355264e-04 2.1931608217e+04 1.5707963268e+00 2.0134423790e+00
1.7410354770e-04 2.1947627719e+04 1.5707963268e+00 2.0148400089e+00
1.7426346340e-04 2.1963664074e+04 1.5707963268e+00 2.0162355970e+00
1.7442329985e-04 2.1979717266e+04 1.5707963268e+00 2.0176291458e+00
1.7458305716e-04 2.1995787275e+04 1.5707963268e+00 2.0190206574e+00
1.7474273545e-04 2.2011874084e+04 1.5707963268e+00 2.0204101343e+00
1.7490233483e-04 2.2027977675e+04 1.5707963268e+00 2.0217975788e+00
1.7506185540e-04 2.2044098029e+04 1.5707963268e+00 2.0231829932e+00
1.7522129727e-04 2.2060235128e+04 1.5707963268e+00 2.0245663799e+00
1.7538066057e-04 2.2076388955e+04 1.5707963268e+00 2.0259477412e+00
1.7553994539e-04 2.2092559490e+04 1.5707963268e+00 2.0273270795e+00
1.7569915186e-04 2.2108746717e+04 1.5707963268e+00 2.0287043971e+00
1.7585828008e-04 2.2124950616e+04 1.5707963268e+00 2.0300796964e+00
1.7601733015e-04 2.2141171170e+04 1.5707963268e+00 2.0314529797e+00
1.7617630220e-04 2.2157408360e+04 1.5707963268e+00 2.0328242494e+00
1.7633519634e-04 2.2173662169e+04 1.5707963268e+00 2.0341935079e+00
1.7649401266e-04 2.2189932577e+04 1.5707963268e+00 2.0355607575e+00
1.7665275130e-04 2.2206219566e+04 1.5707963268e+00 2.0369260006e+00
1.7681141235e-04 2.2222523119e+04 1.5707963268e+00 2.0382892396e+00
1.7696999592e-04 2.2238843216e+04 1.5707963268e+00 2.0396504768e+00
1.7712850213e-04 2.2255179840e+04 1.5707963268e+00 2.0410097147e+00
1.7728693110e-04 2.2271532973e+04 1.5707963268e+00 2.0423669555e+00
1.7744528291e-04 2.2287902595e+04 1.5707963268e+00 2.0437222018e+00
1.7760355770e-04 2.2304288688e+04 1.5707963268e+00 2.0450754559e+00
1.7776175557e-04 2.2320691234e+04 1.5707963268e+00 2.0464267201e+00
1.7791987663e-04 2.2337110215e+04 1.5707963268e+00 2.0477759969e+00
1.7807792099e-04 2.2353545612e+04 1.5707963268e+00 2.0491232886e+00
1.7823588876e-04 2.2369997407e+04 1.5707963268e+00 2.0504685977e+00
1.7839378005e-04 2.2386465580e+04 1.5707963268e+00 2.0518119266e+00
1.7855159497e-04 2.2402950115e+04 1.5707963268e+00 2.0531532776e+00
1.7870933364e-04 2.2419450991e+04 1.5707963268e+00 2.0544926532e+00
1.7886699615e-04 2.2435968191e+04 1.5707963268e+00 2.0558300557e+00
1.7902458264e-04 2.2452501696e+04 1.5707963268e+00 2.0571654877e+00
1.7918209319e-04 2.2469051488e+04 1.5707963268e+00 2.0584989514e+00
1.7933952793e-04 2.2485617548e+04 1.5707963268e+00 2.0598304493e+00
1.7949688696e-04 2.2502199856e+04 1.5707963268e+00 2.0611599838e+00
1.7965417039e-04 2.2518798396e+04 1.5707963268e+00 2.0624875574e+00
1.7981137834e-04 2.2535413148e+04 1.5707963268e+00 2.0638131724e+00
1.7996851091e-04 2.2552044093e+04 1.5707963268e+00 2.0651368313e+00
1.8012556821e-04 2.2568691213e+04 1.5707963268e+00 2.0664585365e+00
1.8028255036e-04 2.2585354490e+04 1.5707963268e+00 2.0677782904e+00
1.8043945746e-04 2.2602033903e+04 1.5707963268e+00 2.0690960955e+00
1.8059628962e-04 2.2618729436e+04 1.5707963268e+00 2.0704119542e+00
1.8075304696e-04 2.2635441069e+04 1.5707963268e+00 2.0717258688e+00
1.8090972958e-04 2.2652168783e+04 1.5707963268e+00 2.0730378420e+00
1.8106633758e-04 2.2668912560e+04 1.5707963268e+00 2.0743478760e+00
1.8122287110e-04 2.2685672381e+04 1.5707963268e+00 2.0756559734e+00
1.8137933022e-04 2.2702448227e+04 1.5707963268e+00 2.0769621365e+00
1.8153571506e-04 2.2719240079e+04 1.5707963268e+00 2.0782663678e+00
1.8169202573e-04 2.2736047919e+04 1.5707963268e+00 2.0795686698e+00
1.8184826234e-04 2.2752871728e+04 1.5707963268e+00 2.0808690449e+00
1.8200442500e-04 2.2769711487e+04 1.5707963268e+00 2.0821674955e+00
1.8216051382e-04 2.2786567177e+04 1.5707963268e+00 2.0834640241e+00
1.8231652890e-04 2.2803438780e+04 1.5707963268e+00 2.0847586332e+00
1.8247247036e-04 2.2820326276e+04 1.5707963268e+00 2.0860513252e+00
1.8262833831e-04 2.2837229647e+04 1.5707963268e+00 2.0873421025e+00
1.8278413285e-04 2.2854148874e+04 1.5707963268e+00 2.0886309676e+00
1.8293985409e-04 2.2871083938e+04 1.5707963268e+00 2.0899179229e+00
1.8309550214e-04 2.2888034820e+04 1.5707963268e+00 2.0912029710e+00
1.8325107712e-04 2.2905001501e+04 1.5707963268e+00 2.0924861143e+00
1.8340657912e-04 2.2921983963e+04 1.5707963268e+00 2.0937673552e+00
1.8356200826e-04 2.2938982186e+04 1.5707963268e+00 2.0950466962e+00
1.8371736465e-04 2.2955996152e+04 1.5707963268e+00 2.0963241397e+00
1.8387264839e-04 2.2973025841e+04 1.5707963268e+00 2.0975996883e+00
1.8402785959e-04 2.2990071235e+04 1.5707963268e+00 2.0988733444e+00
1.8418299837e-04 2.3007132315e+04 1.5707963268e+00 2.1001451104e+00
1.8433806483e-04 2.3024209062e+04 1.5707963268e+00 2.1014149889e+00
1.8449305908e-04 2.3041301456e+04 1.5707963268e+00 2.1026829822e+00
1.8464798122e-04 2.3058409479e+04 1.5707963268e+00 2.1039490930e+00
1.8480283136e-04 2.3075533113e+04 1.5707963268e+00 2.1052133235e+00
1.8495760962e-04 2.3092672337e+04 1.5707963268e+00 2.1064756764e+00
1.8511231610e-04 2.3109827133e+04 1.5707963268e+00 2.1077361541e+00
1.8526695091e-04 2.3126997482e+04 1.5707963268e+00 2.1089947590e+00
1.8542151416e-04 2.3144183365e+04 1.5707963268e+00 2.1102514937e+00
1.8557600595e-04 2.3161384763e+04 1.5707963268e+00 2.1115063606e+00
1.8573042639e-04 2.3178601656e+04 1.5707963268e+00 2.1127593622e+00
1.8588477559e-04 2.3195834027e+04 1.5707963268e+00 2.1140105010e+00
1.8603905365e-04 2.3213081855e+04 1.5707963268e+00 2.1152597794e+00
1.8619326069e-04 2.3230345123e+04 1.5707963268e+00 2.1165071999e+00
1.8634739681e-04 2.3247623810e+04 1.5707963268e+00 2.1177527651e+00
1.8650146213e-04 2.3264917897e+04 1.5707963268e+00 2.1189964774e+00
1.8665545673e-04 2.3282227366e+04 1.5707963268e+00 2.1202383393e+00
1.8680938074e-04 2.3299552198e+04 1.5707963268e+00 2.1214783532e+00
1.8696323426e-04 2.3316892373e+04 1.5707963268e+00 2.1227165217e+00
1.8711701740e-04 2.3334247873e+04 1.5707963268e+00 2.1239528472e+00
1.8727073025e-04 2.3351618678e+04 1.5707963268e+00 2.1251873323e+00
1.8742437294e-04 2.3369004769e+04 1.5707963268e+00 2.1264199794e+00
1.8757794557e-04 2.3386406128e+04 1.5707963268e+00 2.1276507910e+00
1.8773144824e-04 2.3403822734e+04 1.5707963268e+00 2.1288797695e+00
1.8788488106e-04 2.3421254570e+04 1.5707963268e+00 2.1301069176e+00
1.8803824414e-04 2.3438701615e+04 1.5707963268e+00 2.1313322376e+00
1.8819153758e-04 2.3456163851e+04 1.5707963268e+00 2.1325557321e+00
1.8834476149e-04 2.3473641258e+04 1.5707963268e+00 2.1337774035e+00
1.8849791598e-04 2.3491133818e+04 1.5707963268e+00 2.1349972544e+00
1.8865100114e-04 2.3508641512e+04 1.5707963268e+00 2.1362152872e+00
1.8880401710e-04 2.3526164319e+04 1.5707963268e+00 2.1374315044e+00
1.8895696394e-04 2.3543702222e+04 1.5707963268e+00 2.1386459086e+00
1.8910984179e-04 2.3561255201e+04 1.5707963268e+00 2.1398585022e+00
1.8926265074e-04 2.3578823237e+04 1.5707963268e+00 2.1410692876e+00
1.8941539090e-04 2.3596406310e+04 1.5707963268e+00 2.1422782675e+00
1.8956806238e-04 2.3614004402e+04 1.5707963268e+00 2.1434854443e+00
1.8972066528e-04 2.3631617494e+04 1.5707963268e+00 2.1446908204e+00
1.8987319970e-04 2.3649245566e+04 1.5707963268e+00 2.1458943984e+00
1.9002566576e-04 2.3666888598e+04 1.5707963268e+00 2.1470961808e+00
1.9017806355e-04 2.3684546573e+04 1.5707963268e+00 2.1482961701e+00
1.9033039319e-04 2.3702219471e+04 1.5707963268e+00 2.1494943687e+00
1.9048265477e-04 2.3719907273e+04 1.5707963268e+00 2.1506907792e+00
1.9063484841e-04 2.3737609959e+04 1.5707963268e+00 2.1518854041e+00
1.9078697420e-04 2.3755327510e+04 1.5707963268e+00 2.1530782458e+00
1.9093903225e-04 2.3773059908e+04 1.5707963268e+00 2.1542693068e+00
1.9109102267e-04 2.3790807132e+04 1.5707963268e+00 2.1554585897e+00
1.9124294556e-04 2.3808569165e+04 1.5707963268e+00 2.1566460970e+00
1.9139480102e-04 2.3826345986e+04 1.5707963268e+00 2.1578318310e+00
1.9154658917e-04 2.3844137577e+04 1.5707963268e+00 2.1590157944e+00
1.9169831009e-04 2.3861943919e+04 1.5707963268e+00 2.1601979896e+00
1.9184996390e-04 2.3879764992e+04 1.5707963268e+00 2.1613784192e+00
1.9200155071e-04 2.3897600776e+04 1.5707963268e+00 2.1625570855e+00
1.9215307061e-04 2.3915451254e+04 1.5707963268e+00 2.1637339912e+00
1.9230452371e-04 2.3933316406e+04 1.5707963268e+00 2.1649091386e+00
1.9245591011e-04 2.3951196212e+04 1.5707963268e+00 2.1660825304e+00
1.9260722991e-04 2.3969090654e+04 1.5707963268e+00 2.1672541689e+00
1.9275848323e-04 2.3986999712e+04 1.5707963268e+00 2.1684240568e+00
1.9290967016e-04 2.4004923367e+04 1.5707963268e+00 2.1695921964e+00
1.9306079080e-04 2.4022861600e+04 1.5707963268e+00 2.1707585903e+00
1.9321184527e-04 2.4040814392e+04 1.5707963268e+00 2.1719232410e+00
1.9336283366e-04 2.4058781724e+04 1.5707963268e+00 2.1730861509e+00
1.9351375607e-04 2.4076763576e+04 1.5707963268e+00 2.1742473226e+00
1.9366461261e-04 2.4094759930e+04 1.5707963268e+00 2.1754067585e+00
1.9381540338e-04 2.4112770766e+04 1.5707963268e+00 2.1765644612e+00
1.9396612848e-04 2.4130796065e+04 1.5707963268e+00 2.1777204331e+00
1.9411678802e-04 2.4148835808e+04 1.5707963268e+00 2.1788746768e+00
1.9426738210e-04 2.4166889975e+04 1.5707963268e+00 2.1800271946e+00
1.9441791082e-04 2.4184958549e+04 1.5707963268e+00 2.1811779892e+00
1.9456837428e-04 2.4203041509e+04 1.5707963268e+00 2.1823270630e+00
1.9471877259e-04 2.4221138836e+04 1.5707963268e+00 2.1834744184e+00
1.9486910585e-04 2.4239250512e+04 1.5707963268e+00 2.1846200580e+00
1.9501937415e-04 2.4257376516e+04 1.5707963268e+00 2.1857639843e+00
1.9516957760e-04 2.4275516831e+04 1.5707963268e+00 2.1869061998e+00
1.9531971631e-04 2.4293671437e+04 1.5707963268e+00 2.1880467069e+00
1.9546979037e-04 2.4311840314e+04 1.5707963268e+00 2.1891855081e+00
1.9561979988e-04 2.4330023444e+04 1.5707963268e+00 2.1903226059e+00
1.9576974496e-04 2.4348220807e+04 1.5707963268e+00 2.1914580029e+00
1.9591962568e-04 2.4366432385e+04 1.5707963268e+00 2.1925917014e+00
1.9606944217e-04 2.4384658158e+04 1.5707963268e+00 2.1937237040e+00
1.9621919452e-04 2.4402898108e+04 1.5707963268e+00 2.1948540131e+00
1.9636888283e-04 2.4421152214e+04 1.5707963268e+00 2.1959826313e+00
1.9651850720e-04 2.4439420458e+04 1.5707963268e+00 2.1971095610e+00
1.9666806773e-04 2.4457702822e+04 1.5707963268e+00 2.1982348047e+00
1.9681756452e-04 2.4475999285e+04 1.5707963268e+00 2.1993583649e+00
1.9696699768e-04 2.4494309829e+04 1.5707963268e+00 2.2004802440e+00
1.9711636730e-04 2.4512634435e+04 1.5707963268e+00 2.2016004446e+00
1.9726567348e-04 2.4530973083e+04 1.5707963268e+00 2.2027189691e+00
1.9741491633e-04 2.4549325755e+04 1.5707963268e+00 2.2038358200e+00
1.9756409594e-04 2.4567692431e+04 1.5707963268e+00 2.2049509998e+00
1.9771321242e-04 2.4586073092e+04 1.5707963268e+00 2.2060645109e+00
1.9786226585e-04 2.4604467720e+04 1.5707963268e+00 2.2071763559e+00
1.9801125635e-04 2.4622876296e+04 1.5707963268e+00 2.2082865371e+00
1.9816018402e-04 2.4641298799e+04 1.5707963268e+00 2.2093950571e+00
1.9830904894e-04 2.4659735212e+04 1.5707963268e+00 2.2105019183e+00
1.9845785122e-04 2.4678185515e+04 1.5707963268e+00 2.2116071233e+00
1.9860659097e-04 2.4696649690e+04 1.5707963268e+00 2.2127106744e+00
1.9875526827e-04 2.4715127716e+04 1.5707963268e+00 2.2138125742e+00
1.9890388323e-04 2.4733619576e+04 1.5707963268e+00 2.2149128251e+00
1.9905243595e-04 2.4752125250e+04 1.5707963268e+00 2.2160114296e+00
1.9920092652e-04 2.4770644719e+04 1.5707963268e+00 2.2171083901e+00
1.9934935505e-04 2.4789177964e+04 1.5707963268e+00 2.2182037092e+00
1.9949772163e-04 2.4807724967e+04 1.5707963268e+00 2.2192973892e+00
1.9964602636e-04 2.4826285708e+04 1.5707963268e+00 2.2203894327e+00
1.9979426933e-04 2.4844860168e+04 1.5707963268e+00 2.2214798421e+00
1.9994245066e-04 2.4863448328e+04 1.5707963268e+00 2.2225686198e+00
2.0009057043e-04 2.4882050170e+04 1.5707963268e+00 2.2236557684e+00
2.0023862874e-04 2.4900665674e+04 1.5707963268e+00 2.2247412902e+00
2.0038662569e-04 2.4919294822e+04 1.5707963268e+00 2.2258251878e+00
2.0053456138e-04 2.4937937594e+04 1.5707963268e+00 2.2269074635e+00
2.0068243591e-04 2.4956593972e+04 1.5707963268e+00 2.2279881199e+00
2.0083024937e-04 2.4975263936e+04 1.5707963268e+00 2.2290671594e+00
2.0097800185e-04 2.4993947469e+04 1.5707963268e+00 2.2301445844e+00
2.0112569347e-04 2.5012644550e+04 1.5707963268e+00 2.2312203975e+00
2.0127332431e-04 2.5031355161e+04 1.5707963268e+00 2.2322946010e+00
2.0142089447e-04 2.5050079284e+04 1.5707963268e+00 2.2333671973e+00
2.0156840405e-04 2.5068816899e+04 1.5707963268e+00 2.2344381890e+00
2.0171585314e-04 2.5087567987e+04 1.5707963268e+00 2.2355075785e+00
2.0186324184e-04 2.5106332529e+04 1.5707963268e+00 2.2365753683e+00
2.0201057025e-04 2.5125110508e+04 1.5707963268e+00 2.2376415607e+00
2.0215783846e-04 2.5143901903e+04 1.5707963268e+00 2.2387061581e+00
2.0230504657e-04 2.5162706696e+04 1.5707963268e+00 2.2397691632e+00
2.0245219468e-04 2.5181524869e+04 1.5707963268e+00 2.2408305782e+00
2.0259928288e-04 2.5200356402e+04 1.5707963268e+00 2.2418904057e+00
2.0274631127e-04 2.5219201277e+04 1.5707963268e+00 2.2429486480e+00
2.0289327993e-04 2.5238059474e+04 1.5707963268e+00 2.2440053076e+00
2.0304018898e-04 2.5256930975e+04 1.5707963268e+00 2.2450603869e+00
2.0318703850e-04 2.5275815762e+04 1.5707963268e+00 2.2461138884e+00
2.0333382859e-04 2.5294713815e+04 1.5707963268e+00 2.2471658144e+00
2.0348055934e-04 2.5313625116e+04 1.5707963268e+00 2.2482161675e+00
2.0362723085e-04 2.5332549646e+04 1.5707963268e+00 2.2492649499e+00
2.0377384322e-04 2.5351487386e+04 1.5707963268e+00 2.2503121643e+00
2.0392039653e-04 2.5370438318e+04 1.5707963268e+00 2.2513578129e+00
2.0406689088e-04 2.5389402423e+04 1.5707963268e+00 2.2524018982e+00
2.0421332638e-04 2.5408379682e+04 1.5707963268e+00 2.2534444226e+00
2.0435970310e-04 2.5427370076e+04 1.5707963268e+00 2.2544853886e+00
2.0450602115e-04 2.5446373587e+04 1.5707963268e+00 2.2555247985e+00
2.0465228063e-04 2.5465390196e+04 1.5707963268e+00 2.2565626548e+00
2.0479848161e-04 2.5484419885e+04 1.5707963268e+00 2.2575989599e+00
2.0494462420e-04 2.5503462634e+04 1.5707963268e+00 2.2586337161e+00
2.0509070850e-04 2.5522518426e+04 1.5707963268e+00 2.2596669259e+00
2.0523673459e-04 2.5541587241e+04 1.5707963268e+00 2.2606985918e+00
2.0538270257e-04 2.5560669061e+04 1.5707963268e+00 2.2617287160e+00
2.0552861253e-04 2.5579763867e+04 1.5707963268e+00 2.2627573011e+00
2.0567446457e-04 2.5598871641e+04 1.5707963268e+00 2.2637843494e+00
2.0582025878e-04 2.5617992364e+04 1.5707963268e+00 2.2648098633e+00
2.0596599524e-04 2.5637126018e+04 1.5707963268e+00 2.2658338452e+00
2.0611167406e-04 2.5656272584e+04 1.5707963268e+00 2.2668562975e+00
2.0625729533e-04 2.5675432043e+04 1.5707963268e+00 2.2678772226e+00
2.0640285914e-04 2.5694604377e+04 1.5707963268e+00 2.2688966229e+00
2.0654836558e-04 2.5713789568e+04 1.5707963268e+00 2.2699145008e+00
2.0669381474e-04 2.5732987596e+04 1.5707963268e+00 2.2709308587e+00
2.0683920672e-04 2.5752198444e+04 1.5707963268e+00 2.2719456990e+00
2.0698454161e-04 2.5771422093e+04 1.5707963268e+00 2.2729590240e+00
2.0712981950e-04 2.5790658525e+04 1.5707963268e+00 2.2739708361e+00
2.0727504048e-04 2.5809907720e+04 1.5707963268e+00 2.2749811377e+00
2.0742020465e-04 2.5829169661e+04 1.5707963268e+00 2.2759899313e+00
2.0756531209e-04 2.5848444329e+04 1.5707963268e+00 2.2769972191e+00
2.0771036290e-04 2.5867731706e+04 1.5707963268e+00 2.2780030036e+00
2.0785535716e-04 2.5887031773e+04 1.5707963268e+00 2.2790072871e+00
2.0800029498e-04 2.5906344512e+04 1.5707963268e+00 2.2800100720e+00
2.0814517643e-04 2.5925669904e+04 1.5707963268e+00 2.2810113606e+00
2.0829000162e-04 2.5945007932e+04 1.5707963268e+00 2.2820111554e+00
2.0843477063e-04 2.5964358576e+04 1.5707963268e+00 2.2830094587e+00
2.0857948355e-04 2.5983721819e+04 1.5707963268e+00 2.2840062729e+00
2.0872414047e-04 2.6003097642e+04 1.5707963268e+00 2.2850016003e+00
2.0886874149e-04 2.6022486027e+04 1.5707963268e+00 2.2859954432e+00
2.0901328669e-04 2.6041886955e+04 1.5707963268e+00 2.2869878042e+00
2.0915777617e-04 2.6061300408e+04 1.5707963268e+00 2.2879786854e+00
2.0930221001e-04 2.6080726369e+04 1.5707963268e+00 2.2889680893e+00
2.0944658830e-04 2.6100164818e+04 1.5707963268e+00 2.2899560181e+00
2.0959091113e-04 2.6119615737e+04 1.5707963268e+00 2.2909424744e+00
2.0973517860e-04 2.6139079109e+04 1.5707963268e+00 2.2919274603e+00
2.0987939079e-04 2.6158554914e+04 1.5707963268e+00 2.2929109783e+00
2.1002354780e-04 2.6178043135e+04 1.5707963268e+00 2.2938930307e+00
2.1016764970e-04 2.6197543754e+04 1.5707963268e+00 2.2948736198e+00
2.1031169659e-04 2.6217056752e+04 1.5707963268e+00 2.2958527480e+00
2.1045568857e-04 2.6236582112e+04 1.5707963268e+00 2.2968304176e+00
2.1059962571e-04 2.6256119814e+04 1.5707963268e+00 2.2978066310e+00
2.1074350810e-04 2.6275669841e+04 1.5707963268e+00 2.2987813904e+00
2.1088733585e-04 2.6295232176e+04 1.5707963268e+00 2.2997546982e+00
2.1103110902e-04 2.6314806798e+04 1.5707963268e+00 2.3007265568e+00
2.1117482772e-04 2.6334393692e+04 1.5707963268e+00 2.3016969684e+00
2.1131849202e-04 2.6353992838e+04 1.5707963268e+00 2.3026659355e+00
2.1146210202e-04 2.6373604218e+04 1.5707963268e+00 2.3036334602e+00
2.1160565781e-04 2.6393227815e+04 1.5707963268e+00 2.3045995450e+00
2.1174915948e-04 2.6412863610e+04 1.5707963268e+00 2.3055641921e+00
2.1189260710e-04 2.6432511586e+04 1.5707963268e+00 2.3065274039e+00
2.1203600077e-04 2.6452171724e+04 1.5707963268e+00 2.3074891826e+00
2.1217934058e-04 2.6471844006e+04 1.5707963268e+00 2.3084495306e+00
2.1232262661e-04 2.6491528414e+04 1.5707963268e+00 2.3094084503e+00
2.1246585895e-04 2.6511224932e+04 1.5707963268e+00 2.3103659438e+00
2.1260903769e-04 2.6530933539e+04 1.5707963268e+00 2.3113220135e+00
2.1275216291e-04 2.6550654219e+04 1.5707963268e+00 2.3122766617e+00
2.1289523470e-04 2.6570386954e+04 1.5707963268e+00 2.3132298908e+00
2.1303825315e-04 2.6590131725e+04 1.5707963268e+00 2.3141817029e+00
2.1318121834e-04 2.6609888516e+04 1.5707963268e+00 2.3151321004e+00
2.1332413036e-04 2.6629657307e+04 1.5707963268e+00 2.3160810856e+00
2.1346698930e-04 2.6649438082e+04 1.5707963268e+00 2.3170286608e+00
2.1360979524e-04 2.6669230822e+04 1.5707963268e+00 2.3179748283e+00
2.1375254826e-04 2.6689035509e+04 1.5707963268e+00 2.3189195903e+00
2.1389524847e-04 2.6708852126e+04 1.5707963268e+00 2.3198629491e+00
2.1403789593e-04 2.6728680655e+04 1.5707963268e+00 2.3208049070e+00
2.1418049073e-04 2.6748521078e+04 1.5707963268e+00 2.3217454664e+00
2.1432303297e-04 2.6768373378e+04 1.5707963268e+00 2.3226846293e+00
2.1446552272e-04 2.6788237536e+04 1.5707963268e+00 2.3236223983e+00
2.1460796007e-04 2.6808113535e+04 1.5707963268e+00 2.3245587754e+00
2.1475034510e-04 2.6828001357e+04 1.5707963268e+00 2.3254937630e+00
2.1489267791e-04 2.6847900985e+04 1.5707963268e+00 2.3264273634e+00
2.1503495857e-04 2.6867812401e+04 1.5707963268e+00 2.3273595788e+00
2.1517718717e-04 2.6887735587e+04 1.5707963268e+00 2.3282904114e+00
2.1531936380e-04 2.6907670526e+04 1.5707963268e+00 2.3292198636e+00
2.1546148853e-04 2.6927617199e+04 1.5707963268e+00 2.3301479375e+00
2.1560356146e-04 2.6947575590e+04 1.5707963268e+00 2.3310746355e+00
2.1574558266e-04 2.6967545680e+04 1.5707963268e+00 2.3319999598e+00
2.1588755222e-04 2.6987527453e+04 1.5707963268e+00 2.3329239126e+00
2.1602947023e-04 2.7007520890e+04 1.5707963268e+00 2.3338464962e+00
2.1617133676e-04 2.7027525975e+04 1.5707963268e+00 2.3347677128e+00
2.1631315191e-04 2.7047542689e+04 1.5707963268e+00 2.3356875647e+00
2.1645491575e-04 2.7067571015e+04 1.5707963268e+00 2.3366060541e+00
2.1659662837e-04 2.7087610936e+04 1.5707963268e+00 2.3375231832e+00
2.1673828985e-04 2.7107662433e+04 1.5707963268e+00 2.3384389543e+00
2.1687990027e-04 2.7127725491e+04 1.5707963268e+00 2.3393533696e+00
2.1702145972e-04 2.7147800090e+04 1.5707963268e+00 2.3402664314e+00
2.1716296828e-04 2.7167886214e+04 1.5707963268e+00 2.3411781418e+00
2.1730442604e-04 2.7187983846e+04 1.5707963268e+00 2.3420885031e+00
2.1744583306e-04 2.7208092968e+04 1.5707963268e+00 2.3429975175e+00
2.1758718945e-04 2.7228213562e+04 1.5707963268e+00 2.3439051873e+00
2.1772849527e-04 2.7248345612e+04 1.5707963268e+00 2.3448115146e+00
2.1786975062e-04 2.7268489099e+04 1.5707963268e+00 2.3457165016e+00
2.1801095557e-04 2.7288644007e+04 1.5707963268e+00 2.3466201506e+00
2.1815211020e-04 2.7308810319e+04 1.5707963268e+00 2.3475224638e+00
2.1829321460e-04 2.7328988016e+04 1.5707963268e+00 2.3484234433e+00
2.1843426885e-04 2.7349177083e+04 1.5707963268e+00 2.3493230915e+00
2.1857527303e-04 2.7369377501e+04 1.5707963268e+00 2.3502214104e+00
2.1871622722e-04 2.7389589253e+04 1.5707963268e+00 2.3511184023e+00
2.1885713150e-04 2.7409812322e+04 1.5707963268e+00 2.3520140694e+00
2.1899798595e-04 2.7430046691e+04 1.5707963268e+00 2.3529084139e+00
2.1913879066e-04 2.7450292343e+04 1.5707963268e+00 2.3538014379e+00
2.1927954570e-04 2.7470549260e+04 1.5707963268e+00 2.3546931437e+00
2.1942025116e-04 2.7490817426e+04 1.5707963268e+00 2.3555835334e+00
2.1956090711e-04 2.7511096824e+04 1.5707963268e+00 2.3564726092e+00
2.1970151364e-04 2.7531387435e+04 1.5707963268e+00 2.3573603733e+00
2.1984207083e-04 2.7551689244e+04 1.5707963268e+00 2.3582468279e+00
2.1998257875e-04 2.7572002232e+04 1.5707963268e+00 2.3591319751e+00
2.2012303749e-04 2.7592326384e+04 1.5707963268e+00 2.3600158172e+00
2.2026344713e-04 2.7612661682e+04 1.5707963268e+00 2.3608983562e+00
2.2040380774e-04 2.7633008108e+04 1.5707963268e+00 2.3617795944e+00
2.2054411941e-04 2.7653365647e+04 1.5707963268e+00 2.3626595339e+00
2.2068438221e-04 2.7673734281e+04 1.5707963268e+00 2.3635381769e+00
2.2082459623e-04 2.7694113992e+04 1.5707963268e+00 2.3644155255e+00
2.2096476154e-04 2.7714504765e+04 1.5707963268e+00 2.3652915819e+00
2.2110487822e-04 2.7734906582e+04 1.5707963268e+00 2.3661663483e+00
2.2124494636e-04 2.7755319427e+04 1.5707963268e+00 2.3670398267e+00
2.2138496602e-04 2.7775743282e+04 1.5707963268e+00 2.3679120194e+00
2.2152493729e-04 2.7796178130e+04 1.5707963268e+00 2.3687829285e+00
2.2166486025e-04 2.7816623955e+04 1.5707963268e+00 2.3696525561e+00
2.2180473498e-04 2.7837080740e+04 1.5707963268e+00 2.3705209044e+00
2.2194456155e-04 2.7857548468e+04 1.5707963268e+00 2.3713879755e+00
2.2208434004e-04 2.7878027122e+04 1.5707963268e+00 2.3722537715e+00
2.2222407054e-04 2.7898516686e+04 1.5707963268e+00 2.3731182946e+00
2.2236375311e-04 2.7919017143e+04 1.5707963268e+00 2.3739815469e+00
2.2250338783e-04 2.7939528475e+04 1.5707963268e+00 2.3748435305e+00
2.2264297479e-04 2.7960050667e+04 1.5707963268e+00 2.3757042476e+00
2.2278251406e-04 2.7980583702e+04 1.5707963268e+00 2.3765637003e+00
2.2292200572e-04 2.8001127563e+04 1.5707963268e+00 2.3774218906e+00
2.2306144985e-04 2.8021682232e+04 1.5707963268e+00 2.3782788207e+00
2.2320084651e-04 2.8042247695e+04 1.5707963268e+00 2.3791344928e+00
2.2334019580e-04 2.8062823934e+04 1.5707963268e+00 2.3799889088e+00
2.2347949778e-04 2.8083410932e+04 1.5707963268e+00 2.3808420710e+00
2.2361875254e-04 2.8104008672e+04 1.5707963268e+00 2.3816939815e+00
2.2375796015e-04 2.8124617140e+04 1.5707963268e+00 2.3825446422e+00
2.2389712068e-04 2.8145236317e+04 1.5707963268e+00 2.3833940554e+00
2.2403623421e-04 2.8165866187e+04 1.5707963268e+00 2.3842422231e+00
2.2417530082e-04 2.8186506734e+04 1.5707963268e+00 2.3850891475e+00
2.2431432059e-04 2.8207157941e+04 1.5707963268e+00 2.3859348306e+00
2.2445329359e-04 2.8227819792e+04 1.5707963268e+00 2.3867792744e+00
2.2459221989e-04 2.8248492270e+04 1.5707963268e+00 2.3876224812e+00
2.2473109958e-04 2.8269175360e+04 1.5707963268e+00 2.3884644529e+00
2.2486993273e-04 2.8289869044e+04 1.5707963268e+00 2.3893051916e+00
2.2500871940e-04 2.8310573305e+04 1.5707963268e+00 2.3901446995e+00
2.2514745969e-04 2.8331288129e+04 1.5707963268e+00 2.3909829786e+00
2.2528615366e-04 2.8352013498e+04 1.5707963268e+00 2.3918200309e+00
2.2542480138e-04 2.8372749396e+04 1.5707963268e+00 2.3926558585e+00
2.2556340295e-04 2.8393495807e+04 1.5707963268e+00 2.3934904636e+00
2.2570195841e-04 2.8414252715e+04 1.5707963268e+00 2.3943238481e+00
2.2584046787e-04 2.8435020103e+04 1.5707963268e+00 2.3951560141e+00
2.2597893138e-04 2.8455797954e+04 1.5707963268e+00 2.3959869638e+00
2.2611734902e-04 2.8476586254e+04 1.5707963268e+00 2.3968166990e+00
2.2625572086e-04 2.8497384984e+04 1.5707963268e+00 2.3976452219e+00
2.2639404699e-04 2.8518194131e+04 1.5707963268e+00 2.3984725345e+00
2.2653232747e-04 2.8539013676e+04 1.5707963268e+00 2.3992986390e+00
2.2667056238e-04 2.8559843604e+04 1.5707963268e+00 2.4001235372e+00
2.2680875179e-04 2.8580683900e+04 1.5707963268e+00 2.4009472313e+00
2.2694689578e-04 2.8601534546e+04 1.5707963268e+00 2.4017697232e+00
2.2708499442e-04 2.8622395526e+04 1.5707963268e+00 2.4025910151e+00
2.2722304777e-04 2.8643266826e+04 1.5707963268e+00 2.4034111090e+00
2.2736105593e-04 2.8664148428e+04 1.5707963268e+00 2.4042300068e+00
2.2749901895e-04 2.8685040316e+04 1.5707963268e+00 2.4050477107e+00
2.2763693692e-04 2.8705942475e+04 1.5707963268e+00 2.4058642225e+00
2.2777480989e-04 2.8726854888e+04 1.5707963268e+00 2.4066795445e+00
2.2791263796e-04 2.8747777540e+04 1.5707963268e+00 2.4074936785e+00
2.2805042119e-04 2.8768710415e+04 1.5707963268e+00 2.4083066265e+00
2.2818815965e-04 2.8789653496e+04 1.5707963268e+00 2.4091183907e+00
2.2832585341e-04 2.8810606768e+04 1.5707963268e+00 2.4099289730e+00
2.2846350255e-04 2.8831570214e+04 1.5707963268e+00 2.4107383754e+00
2.2860110714e-04 2.8852543820e+04 1.5707963268e+00 2.4115465999e+00
2.2873866725e-04 2.8873527569e+04 1.5707963268e+00 2.4123536485e+00
2.2887618296e-04 2.8894521445e+04 1.5707963268e+00 2.4131595232e+00
2.2901365433e-04 2.8915525432e+04 1.5707963268e+00 2.4139642260e+00
2.2915108143e-04 2.8936539516e+04 1.5707963268e+00 2.4147677589e+00
2.2928846434e-04 2.8957563679e+04 1.5707963268e+00 2.4155701239e+00
2.2942580314e-04 2.8978597906e+04 1.5707963268e+00 2.4163713229e+00
2.2956309788e-04 2.8999642182e+04 1.5707963268e+00 2.4171713580e+00
2.2970034865e-04 2.9020696490e+04 1.5707963268e+00 2.4179702311e+00
2.2983755550e-04 2.9041760815e+04 1.5707963268e+00 2.4187679442e+00
2.2997471853e-04 2.9062835142e+04 1.5707963268e+00 2.4195644993e+00
2.3011183778e-04 2.9083919455e+04 1.5707963268e+00 2.4203598984e+00
2.3024891334e-04 2.9105013737e+04 1.5707963268e+00 2.4211541434e+00
2.3038594528e-04 2.9126117974e+04 1.5707963268e+00 2.4219472362e+00
2.3052293366e-04 2.9147232150e+04 1.5707963268e+00 2.4227391789e+00
2.3065987856e-04 2.9168356249e+04 1.5707963268e+00 2.4235299735e+00
2.3079678004e-04 2.9189490256e+04 1.5707963268e+00 2.4243196217e+00
2.3093363818e-04 2.9210634155e+04 1.5707963268e+00 2.4251081257e+00
2.3107045305e-04 2.9231787930e+04 1.5707963268e+00 2.4258954874e+00
2.3120722471e-04 2.9252951567e+04 1.5707963268e+00 2.4266817086e+00
2.3134395324e-04 2.9274125050e+04 1.5707963268e+00 2.4274667915e+00
2.3148063870e-04 2.9295308363e+04 1.5707963268e+00 2.4282507378e+00
2.3161728117e-04 2.9316501491e+04 1.5707963268e+00 2.4290335496e+00
2.3175388071e-04 2.9337704418e+04 1.5707963268e+00 2.4298152288e+00
2.3189043739e-04 2.9358917129e+04 1.5707963268e+00 2.4305957772e+00
2.3202695128e-04 2.9380139609e+04 1.5707963268e+00 2.4313751970e+00
2.3216342246e-04 2.9401371843e+04 1.5707963268e+00 2.4321534898e+00
2.3229985099e-04 2.9422613814e+04 1.5707963268e+00 2.4329306578e+00
2.3243623693e-04 2.9443865508e+04 1.5707963268e+00 2.4337067028e+00
2.3257258036e-04 2.9465126910e+04 1.5707963268e+00 2.4344816268e+00
2.3270888134e-04 2.9486398003e+04 1.5707963268e+00 2.4352554316e+00
2.3284513995e-04 2.9507678774e+04 1.5707963268e+00 2.4360281192e+00
2.3298135625e-04 2.9528969206e+04 1.5707963268e+00 2.4367996914e+00
2.3311753031e-04 2.9550269285e+04 1.5707963268e+00 2.4375701503e+00
2.3325366220e-04 2.9571578995e+04 1.5707963268e+00 2.4383394976e+00
2.3338975198e-04 2.9592898321e+04 1.5707963268e+00 2.4391077353e+00
2.3352579973e-04 2.9614227249e+04 1.5707963268e+00 2.4398748653e+00
2.3366180551e-04 2.9635565762e+04 1.5707963268e+00 2.4406408895e+00
2.3379776938e-04 2.9656913846e+04 1.5707963268e+00 2.4414058098e+00
2.3393369142e-04 2.9678271485e+04 1.5707963268e+00 2.4421696281e+00
2.3406957169e-04 2.9699638666e+04 1.5707963268e+00 2.4429323462e+00
2.3420541027e-04 2.9721015372e+04 1.5707963268e+00 2.4436939661e+00
2.3434120721e-04 2.9742401588e+04 1.5707963268e+00 2.4444544896e+00
2.3447696258e-04 2.9763797300e+04 1.5707963268e+00 2.4452139186e+00
2.3461267645e-04 2.9785202493e+04 1.5707963268e+00 2.4459722550e+00
2.3474834889e-04 2.9806617151e+04 1.5707963268e+00 2.4467295007e+00
2.3488397996e-04 2.9828041260e+04 1.5707963268e+00 2.4474856575e+00
2.3501956974e-04 2.9849474805e+04 1.5707963268e+00 2.4482407272e+00
2.3515511828e-04 2.9870917771e+04 1.5707963268e+00 2.4489947119e+00
2.3529062565e-04 2.9892370142e+04 1.5707963268e+00 2.4497476132e+00
2.3542609192e-04 2.9913831905e+04 1.5707963268e+00 2.4504994331e+00
2.3556151715e-04 2.9935303044e+04 1.5707963268e+00 2.4512501735e+00
2.3569690141e-04 2.9956783545e+04 1.5707963268e+00 2.4519998361e+00
2.3583224477e-04 2.9978273393e+04 1.5707963268e+00 2.4527484229e+00
2.3596754729e-04 2.9999772572e+04 1.5707963268e+00 2.4534959357e+00
2.3610280903e-04 3.0021281069e+04 1.5707963268e+00 2.4542423763e+00
2.3623803007e-04 3.0042798868e+04 1.5707963268e+00 2.4549877466e+00
2.3637321047e-04 3.0064325955e+04 1.5707963268e+00 2.4557320484e+00
2.3650835028e-04 3.0085862315e+04 1.5707963268e+00 2.4564752835e+00
2.3664344959e-04 3.0107407934e+04 1.5707963268e+00 2.4572174538e+00
2.3677850844e-04 3.0128962796e+04 1.5707963268e+00 2.4579585611e+00
2.3691352691e-04 3.0150526887e+04 1.5707963268e+00 2.4586986073e+00
2.3704850507e-04 3.0172100193e+04 1.5707963268e+00 2.4594375941e+00
2.3718344297e-04 3.0193682699e+04 1.5707963268e+00 2.4601755234e+00
2.3731834067e-04 3.0215274390e+04 1.5707963268e+00 2.4609123970e+00
2.3745319826e-04 3.0236875252e+04 1.5707963268e+00 2.4616482167e+00
2.3758801578e-04 3.0258485271e+04 1.5707963268e+00 2.4623829843e+00
2.3772279330e-04 3.0280104431e+04 1.5707963268e+00 2.4631167017e+00
2.3785753089e-04 3.0301732718e+04 1.5707963268e+00 2.4638493706e+00
2.3799222861e-04 3.0323370119e+04 1.5707963268e+00 2.4645809928e+00
2.3812688653e-04 3.0345016618e+04 1.5707963268e+00 2.4653115702e+00
2.3826150470e-04 3.0366672200e+04 1.5707963268e+00 2.4660411046e+00
2.3839608319e-04 3.0388336853e+04 1.5707963268e+00 2.4667695977e+00
2.3853062207e-04 3.0410010560e+04 1.5707963268e+00 2.4674970513e+00
2.3866512139e-04 3.0431693309e+04 1.5707963268e+00 2.4682234673e+00
2.3879958122e-04 3.0453385084e+04 1.5707963268e+00 2.4689488473e+00
2.3893400163e-04 3.0475085871e+04 1.5707963268e+00 2.4696731933e+00
2.3906838268e-04 3.0496795656e+04 1.5707963268e+00 2.4703965069e+00
2.3920272442e-04 3.0518514425e+04 1.5707963268e+00 2.4711187900e+00
2.3933702692e-04 3.0540242163e+04 1.5707963268e+00 2.4718400443e+00
2.3947129025e-04 3.0561978857e+04 1.5707963268e+00 2.4725602717e+00
2.3960551447e-04 3.0583724491e+04 1.5707963268e+00 2.4732794737e+00
2.3973969963e-04 3.0605479052e+04 1.5707963268e+00 2.4739976524e+00
2.3987384581e-04 3.0627242525e+04 1.5707963268e+00 2.4747148093e+00
2.4000795306e-04 3.0649014897e+04 1.5707963268e+00 2.4754309463e+00
2.4014202144e-04 3.0670796153e+04 1.5707963268e+00 2.4761460651e+00
2.4027605102e-04 3.0692586280e+04 1.5707963268e+00 2.4768601675e+00
2.4041004186e-04 3.0714385262e+04 1.5707963268e+00 2.4775732553e+00
2.4054399402e-04 3.0736193087e+04 1.5707963268e+00 2.4782853301e+00
2.4067790756e-04 3.0758009739e+04 1.5707963268e+00 2.4789963937e+00
2.4081178255e-04 3.0779835206e+04 1.5707963268e+00 2.4797064479e+00
2.4094561904e-04 3.0801669472e+04 1.5707963268e+00 2.4804154944e+00
2.4107941710e-04 3.0823512524e+04 1.5707963268e+00 2.4811235350e+00
2.4121317678e-04 3.0845364348e+04 1.5707963268e+00 2.4818305713e+00
2.4134689815e-04 3.0867224931e+04 1.5707963268e+00 2.4825366051e+00
2.4148058127e-04 3.0889094257e+04 1.5707963268e+00 2.4832416383e+00
2.4161422620e-04 3.0910972314e+04 1.5707963268e+00 2.4839456723e+00
2.4174783300e-04 3.0932859086e+04 1.5707963268e+00 2.4846487091e+00
2.4188140173e-04 3.0954754562e+04 1.5707963268e+00 2.4853507503e+00
2.4201493245e-04 3.0976658726e+04 1.5707963268e+00 2.4860517976e+00
2.4214842522e-04 3.0998571564e+04 1.5707963268e+00 2.4867518528e+00
2.4228188010e-04 3.1020493064e+04 1.5707963268e+00 2.4874509175e+00
2.4241529715e-04 3.1042423211e+04 1.5707963268e+00 2.4881489936e+00
2.4254867644e-04 3.1064361991e+04 1.5707963268e+00 2.4888460826e+00
2.4268201801e-04 3.1086309391e+04 1.5707963268e+00 2.4895421862e+00
2.4281532194e-04 3.1108265397e+04 1.5707963268e+00 2.4902373063e+00
2.4294858828e-04 3.1130229995e+04 1.5707963268e+00 2.4909314445e+00
2.4308181709e-04 3.1152203172e+04 1.5707963268e+00 2.4916246024e+00
2.4321500843e-04 3.1174184913e+04 1.5707963268e+00 2.4923167818e+00
2.4334816235e-04 3.1196175206e+04 1.5707963268e+00 2.4930079844e+00
2.4348127893e-04 3.1218174037e+04 1.5707963268e+00 2.4936982118e+00
2.4361435821e-04 3.1240181392e+04 1.5707963268e+00 2.4943874658e+00
2.4374740026e-04 3.1262197257e+04 1.5707963268e+00 2.4950757479e+00
2.4388040513e-04 3.1284221619e+04 1.5707963268e+00 2.4957630600e+00
2.4401337289e-04 3.1306254465e+04 1.5707963268e+00 2.4964494036e+00
2.4414630358e-04 3.1328295781e+04 1.5707963268e+00 2.4971347805e+00
2.4427919728e-04 3.1350345553e+04 1.5707963268e+00 2.4978191923e+00
2.4441205404e-04 3.1372403767e+04 1.5707963268e+00 2.4985026407e+00
2.4454487392e-04 3.1394470412e+04 1.5707963268e+00 2.4991851273e+00
2.4467765697e-04 3.1416545472e+04 1.5707963268e+00 2.4998666538e+00
2.4481040326e-04 3.1438628935e+04 1.5707963268e+00 2.5005472219e+00
2.4494311284e-04 3.1460720787e+04 1.5707963268e+00 2.5012268333e+00
2.4507578576e-04 3.1482821016e+04 1.5707963268e+00 2.5019054895e+00
2.4520842210e-04 3.1504929606e+04 1.5707963268e+00 2.5025831922e+00
2.4534102190e-04 3.1527046546e+04 1.5707963268e+00 2.5032599431e+00
2.4547358522e-04 3.1549171822e+04 1.5707963268e+00 2.5039357438e+00
2.4560611213e-04 3.1571305420e+04 1.5707963268e+00 2.5046105960e+00
2.4573860267e-04 3.1593447327e+04 1.5707963268e+00 2.5052845013e+00
2.4587105691e-04 3.1615597531e+04 1.5707963268e+00 2.5059574614e+00
2.4600347489e-04 3.1637756018e+04 1.5707963268e+00 2.5066294778e+00
2.4613585669e-04 3.1659922774e+04 1.5707963268e+00 2.5073005522e+00
2.4626820236e-04 3.1682097786e+04 1.5707963268e+00 2.5079706862e+00
2.4640051194e-04 3.1704281042e+04 1.5707963268e+00 2.5086398815e+00
2.4653278551e-04 3.1726472528e+04 1.5707963268e+00 2.5093081397e+00
2.4666502311e-04 3.1748672231e+04 1.5707963268e+00 2.5099754624e+00
2.4679722481e-04 3.1770880137e+04 1.5707963268e+00 2.5106418512e+00
2.4692939065e-04 3.1793096235e+04 1.5707963268e+00 2.5113073078e+00
2.4706152070e-04 3.1815320510e+04 1.5707963268e+00 2.5119718336e+00
2.4719361502e-04 3.1837552950e+04 1.5707963268e+00 2.5126354305e+00
2.4732567365e-04 3.1859793542e+04 1.5707963268e+00 2.5132980999e+00
2.4745769665e-04 3.1882042272e+04 1.5707963268e+00 2.5139598435e+00
2.4758968408e-04 3.1904299128e+04 1.5707963268e+00 2.5146206628e+00
2.4772163600e-04 3.1926564096e+04 1.5707963268e+00 2.5152805595e+00
2.4785355246e-04 3.1948837164e+04 1.5707963268e+00 2.5159395352e+00
2.4798543352e-04 3.1971118319e+04 1.5707963268e+00 2.5165975914e+00
2.4811727923e-04 3.1993407548e+04 1.5707963268e+00 2.5172547297e+00
2.4824908965e-04 3.2015704838e+04 1.5707963268e+00 2.5179109518e+00
2.4838086483e-04 3.2038010177e+04 1.5707963268e+00 2.5185662592e+00
2.4851260482e-04 3.2060323550e+04 1.5707963268e+00 2.5192206535e+00
2.4864430970e-04 3.2082644946e+04 1.5707963268e+00 2.5198741363e+00
2.4877597949e-04 3.2104974352e+04 1.5707963268e+00 2.5205267091e+00
2.4890761428e-04 3.2127311754e+04 1.5707963268e+00 2.5211783735e+00
2.4903921410e-04 3.2149657141e+04 1.5707963268e+00 2.5218291312e+00
2.4917077901e-04 3.2172010499e+04 1.5707963268e+00 2.5224789835e+00
2.4930230907e-04 3.2194371815e+04 1.5707963268e+00 2.5231279323e+00
2.4943380433e-04 3.2216741078e+04 1.5707963268e+00 2.5237759789e+00
2.4956526485e-04 3.2239118274e+04 1.5707963268e+00 2.5244231249e+00
2.4969669067e-04 3.2261503390e+04 1.5707963268e+00 2.5250693720e+00
2.4982808186e-04 3.2283896415e+04 1.5707963268e+00 2.5257147216e+00
2.4995943847e-04 3.2306297334e+04 1.5707963268e+00 2.5263591754e+00
2.5009076055e-04 3.2328706137e+04 1.5707963268e+00 2.5270027348e+00
2.5022204816e-04 3.2351122809e+04 1.5707963268e+00 2.5276454014e+00
2.5035330135e-04 3.2373547340e+04 1.5707963268e+00 2.5282871768e+00
2.5048452017e-04 3.2395979715e+04 1.5707963268e+00 2.5289280624e+00
2.5061570468e-04 3.2418419922e+04 1.5707963268e+00 2.5295680599e+00
2.5074685493e-04 3.2440867950e+04 1.5707963268e+00 2.5302071708e+00
2.5087797097e-04 3.2463323785e+04 1.5707963268e+00 2.5308453965e+00
2.5100905286e-04 3.2485787415e+04 1.5707963268e+00 2.5314827387e+00
2.5114010065e-04 3.2508258828e+04 1.5707963268e+00 2.5321191988e+00
2.5127111439e-04 3.2530738011e+04 1.5707963268e+00 2.5327547785e+00
2.5140209414e-04 3.2553224952e+04 1.5707963268e+00 2.5333894791e+00
2.5153303995e-04 3.2575719638e+04 1.5707963268e+00 2.5340233023e+00
2.5166395187e-04 3.2598222057e+04 1.5707963268e+00 2.5346562494e+00
2.5179482995e-04 3.2620732197e+04 1.5707963268e+00 2.5352883222e+00
2.5192567425e-04 3.2643250045e+04 1.5707963268e+00 2.5359195220e+00
2.5205648483e-04 3.2665775589e+04 1.5707963268e+00 2.5365498504e+00
2.5218726172e-04 3.2688308816e+04 1.5707963268e+00 2.5371793089e+00
2.5231800499e-04 3.2710849716e+04 1.5707963268e+00 2.5378078989e+00
2.5244871468e-04 3.2733398274e+04 1.5707963268e+00 2.5384356221e+00
2.5257939085e-04 3.2755954479e+04 1.5707963268e+00 2.5390624798e+00
2.5271003356e-04 3.2778518319e+04 1.5707963268e+00 2.5396884736e+00
2.5284064284e-04 3.2801089782e+04 1.5707963268e+00 2.5403136050e+00
2.5297121876e-04 3.2823668855e+04 1.5707963268e+00 2.5409378754e+00
2.5310176137e-04 3.2846255526e+04 1.5707963268e+00 2.5415612864e+00
2.5323227071e-04 3.2868849784e+04 1.5707963268e+00 2.5421838394e+00
2.5336274684e-04 3.2891451615e+04 1.5707963268e+00 2.5428055359e+00
2.5349318981e-04 3.2914061009e+04 1.5707963268e+00 2.5434263775e+00
2.5362359968e-04 3.2936677952e+04 1.5707963268e+00 2.5440463655e+00
2.5375397648e-04 3.2959302433e+04 1.5707963268e+00 2.5446655015e+00
2.5388432028e-04 3.2981934440e+04 1.5707963268e+00 2.5452837868e+00
2.5401463113e-04 3.3004573960e+04 1.5707963268e+00 2.5459012231e+00
2.5414490907e-04 3.3027220982e+04 1.5707963268e+00 2.5465178117e+00
2.5427515416e-04 3.3049875494e+04 1.5707963268e+00 2.5471335542e+00
2.5440536644e-04 3.3072537484e+04 1.5707963268e+00 2.5477484519e+00
2.5453554598e-04 3.3095206939e+04 1.5707963268e+00 2.5483625064e+00
2.5466569281e-04 3.3117883849e+04 1.5707963268e+00 2.5489757190e+00
2.5479580699e-04 3.3140568201e+04 1.5707963268e+00 2.5495880914e+00
2.5492588857e-04 3.3163259982e+04 1.5707963268e+00 2.5501996248e+00
2.5505593760e-04 3.3185959182e+04 1.5707963268e+00 2.5508103207e+00
2.5518595413e-04 3.3208665789e+04 1.5707963268e+00 2.5514201807e+00
2.5531593821e-04 3.3231379790e+04 1.5707963268e+00 2.5520292061e+00
2.5544588989e-04 3.3254101174e+04 1.5707963268e+00 2.5526373984e+00
2.5557580922e-04 3.3276829929e+04 1.5707963268e+00 2.5532447590e+00
2.5570569625e-04 3.3299566043e+04 1.5707963268e+00 2.5538512894e+00
2.5583555103e-04 3.3322309505e+04 1.5707963268e+00 2.5544569909e+00
2.5596537361e-04 3.3345060303e+04 1.5707963268e+00 2.5550618651e+00
2.5609516403e-04 3.3367818425e+04 1.5707963268e+00 2.5556659133e+00
2.5622492235e-04 3.3390583859e+04 1.5707963268e+00 2.5562691369e+00
2.5635464863e-04 3.3413356594e+04 1.5707963268e+00 2.5568715375e+00
2.5648434289e-04 3.3436136618e+04 1.5707963268e+00 2.5574731164e+00
2.5661400521e-04 3.3458923920e+04 1.5707963268e+00 2.5580738750e+00
2.5674363561e-04 3.3481718487e+04 1.5707963268e+00 2.5586738147e+00
2.5687323416e-04 3.3504520309e+04 1.5707963268e+00 2.5592729371e+00
2.5700280091e-04 3.3527329373e+04 1.5707963268e+00 2.5598712433e+00
2.5713233589e-04 3.3550145669e+04 1.5707963268e+00 2.5604687350e+00
2.5726183917e-04 3.3572969184e+04 1.5707963268e+00 2.5610654134e+00
2.5739131078e-04 3.3595799907e+04 1.5707963268e+00 2.5616612801e+00
2.5752075078e-04 3.3618637827e+04 1.5707963268e+00 2.5622563363e+00
2.5765015921e-04 3.3641482932e+04 1.5707963268e+00 2.5628505834e+00
2.5777953613e-04 3.3664335210e+04 1.5707963268e+00 2.5634440230e+00
2.5790888158e-04 3.3687194651e+04 1.5707963268e+00 2.5640366563e+00
2.5803819562e-04 3.3710061243e+04 1.5707963268e+00 2.5646284848e+00
2.5816747827e-04 3.3732934974e+04 1.5707963268e+00 2.5652195098e+00
2.5829672961e-04 3.3755815833e+04 1.5707963268e+00 2.5658097328e+00
2.5842594967e-04 3.3778703808e+04 1.5707963268e+00 2.5663991550e+00
2.5855513850e-04 3.3801598889e+04 1.5707963268e+00 2.5669877780e+00
2.5868429615e-04 3.3824501064e+04 1.5707963268e+00 2.5675756030e+00
2.5881342267e-04 3.3847410322e+04 1.5707963268e+00 2.5681626314e+00
2.5894251810e-04 3.3870326651e+04 1.5707963268e+00 2.5687488647e+00
2.5907158249e-04 3.3893250040e+04 1.5707963268e+00 2.5693343042e+00
2.5920061590e-04 3.3916180477e+04 1.5707963268e+00 2.5699189512e+00
2.5932961836e-04 3.3939117953e+04 1.5707963268e+00 2.5705028071e+00
2.5945858992e-04 3.3962062455e+04 1.5707963268e+00 2.5710858733e+00
2.5958753064e-04 3.3985013972e+04 1.5707963268e+00 2.5716681511e+00
2.5971644055e-04 3.4007972493e+04 1.5707963268e+00 2.5722496419e+00
2.5984531970e-04 3.4030938007e+04 1.5707963268e+00 2.5728303471e+00
2.5997416815e-04 3.4053910502e+04 1.5707963268e+00 2.5734102680e+00
2.6010298594e-04 3.4076889969e+04 1.5707963268e+00 2.5739894059e+00
2.6023177311e-04 3.4099876394e+04 1.5707963268e+00 2.5745677623e+00
2.6036052971e-04 3.4122869768e+04 1.5707963268e+00 2.5751453384e+00
2.6048925580e-04 3.4145870080e+04 1.5707963268e+00 2.5757221355e+00
2.6061795140e-04 3.4168877317e+04 1.5707963268e+00 2.5762981551e+00
2.6074661658e-04 3.4191891470e+04 1.5707963268e+00 2.5768733985e+00
2.6087525137e-04 3.4214912527e+04 1.5707963268e+00 2.5774478669e+00
2.6100385582e-04 3.4237940478e+04 1.5707963268e+00 2.5780215618e+00
2.6113242999e-04 3.4260975310e+04 1.5707963268e+00 2.5785944845e+00
2.6126097391e-04 3.4284017014e+04 1.5707963268e+00 2.5791666362e+00
2.6138948763e-04 3.4307065579e+04 1.5707963268e+00 2.5797380184e+00
2.6151797119e-04 3.4330120993e+04 1.5707963268e+00 2.5803086323e+00
2.6164642465e-04 3.4353183245e+04 1.5707963268e+00 2.5808784792e+00
2.6177484804e-04 3.4376252325e+04 1.5707963268e+00 2.5814475605e+00
2.6190324142e-04 3.4399328222e+04 1.5707963268e+00 2.5820158776e+00
2.6203160483e-04 3.4422410925e+04 1.5707963268e+00 2.5825834316e+00
2.6215993831e-04 3.4445500422e+04 1.5707963268e+00 2.5831502240e+00
2.6228824191e-04 3.4468596705e+04 1.5707963268e+00 2.5837162559e+00
2.6241651568e-04 3.4491699760e+04 1.5707963268e+00 2.5842815288e+00
2.6254475965e-04 3.4514809579e+04 1.5707963268e+00 2.5848460440e+00
2.6267297388e-04 3.4537926149e+04 1.5707963268e+00 2.5854098027e+00
2.6280115841e-04 3.4561049461e+04 1.5707963268e+00 2.5859728062e+00
2.6292931328e-04 3.4584179503e+04 1.5707963268e+00 2.5865350558e+00
2.6305743854e-04 3.4607316265e+04 1.5707963268e+00 2.5870965529e+00
2.6318553424e-04 3.4630459736e+04 1.5707963268e+00 2.5876572987e+00
2.6331360041e-04 3.4653609906e+04 1.5707963268e+00 2.5882172945e+00
2.6344163711e-04 3.4676766763e+04 1.5707963268e+00 2.5887765416e+00
2.6356964437e-04 3.4699930298e+04 1.5707963268e+00 2.5893350413e+00
2.6369762224e-04 3.4723100499e+04 1.5707963268e+00 2.5898927948e+00
2.6382557077e-04 3.4746277356e+04 1.5707963268e+00 2.5904498035e+00
2.6395349000e-04 3.4769460859e+04 1.5707963268e+00 2.5910060686e+00
2.6408137998e-04 3.4792650996e+04 1.5707963268e+00 2.5915615914e+00
2.6420924074e-04 3.4815847758e+04 1.5707963268e+00 2.5921163732e+00
2.6433707233e-04 3.4839051133e+04 1.5707963268e+00 2.5926704152e+00
2.6446487480e-04 3.4862261112e+04 1.5707963268e+00 2.5932237187e+00
2.6459264819e-04 3.4885477684e+04 1.5707963268e+00 2.5937762850e+00
2.6472039254e-04 3.4908700837e+04 1.5707963268e+00 2.5943281153e+00
2.6484810790e-04 3.4931930563e+04 1.5707963268e+00 2.5948792109e+00
2.6497579431e-04 3.4955166850e+04 1.5707963268e+00 2.5954295731e+00
2.6510345181e-04 3.4978409688e+04 1.5707963268e+00 2.5959792031e+00
2.6523108045e-04 3.5001659067e+04 1.5707963268e+00 2.5965281021e+00
2.6535868027e-04 3.5024914976e+04 1.5707963268e+00 2.5970762715e+00
2.6548625132e-04 3.5048177405e+04 1.5707963268e+00 2.5976237124e+00
2.6561379363e-04 3.5071446343e+04 1.5707963268e+00 2.5981704261e+00
2.6574130725e-04 3.5094721781e+04 1.5707963268e+00 2.5987164140e+00
2.6586879222e-04 3.5118003707e+04 1.5707963268e+00 2.5992616771e+00
2.6599624859e-04 3.5141292112e+04 1.5707963268e+00 2.5998062167e+00
2.6612367639e-04 3.5164586986e+04 1.5707963268e+00 2.6003500341e+00
2.6625107568e-04 3.5187888317e+04 1.5707963268e+00 2.6008931306e+00
2.6637844649e-04 3.5211196096e+04 1.5707963268e+00 2.6014355073e+00
2.6650578886e-04 3.5234510313e+04 1.5707963268e+00 2.6019771655e+00
2.6663310285e-04 3.5257830957e+04 1.5707963268e+00 2.6025181063e+00
2.6676038848e-04 3.5281158018e+04 1.5707963268e+00 2.6030583312e+00
2.6688764581e-04 3.5304491486e+04 1.5707963268e+00 2.6035978411e+00
2.6701487488e-04 3.5327831351e+04 1.5707963268e+00 2.6041366375e+00
2.6714207572e-04 3.5351177603e+04 1.5707963268e+00 2.6046747215e+00
2.6726924838e-04 3.5374530231e+04 1.5707963268e+00 2.6052120942e+00
2.6739639290e-04 3.5397889226e+04 1.5707963268e+00 2.6057487571e+00
2.6752350933e-04 3.5421254578e+04 1.5707963268e+00 2.6062847111e+00
2.6765059770e-04 3.5444626275e+04 1.5707963268e+00 2.6068199576e+00
2.6777765806e-04 3.5468004309e+04 1.5707963268e+00 2.6073544978e+00
