0.0000000000e+00 1.4546481554e+04 1.5707963268e+00 0.0000000000e+00
2.3680744439e-07 1.4546481554e+04 1.5707963268e+00 3.0487804878e-03
4.7361488879e-07 1.4546493096e+04 1.5707963268e+00 6.0975609756e-03
7.1042203959e-07 1.4546516181e+04 1.5707963268e+00 9.1463366251e-03
9.4722860319e-07 1.4546550808e+04 1.5707963268e+00 1.2195102598e-02
1.1840342860e-06 1.4546596978e+04 1.5707963268e+00 1.5243854056e-02
1.4208387945e-06 1.4546654690e+04 1.5707963268e+00 1.8292586161e-02
1.6576418350e-06 1.4546723946e+04 1.5707963268e+00 2.1341294075e-02
1.8944431140e-06 1.4546804745e+04 1.5707963268e+00 2.4389972959e-02
2.1312423379e-06 1.4546897088e+04 1.5707963268e+00 2.7438617976e-02
2.3680392132e-06 1.4547000975e+04 1.5707963268e+00 3.0487224288e-02
2.6048334464e-06 1.4547116408e+04 1.5707963268e+00 3.3535787056e-02
2.8416247439e-06 1.4547243386e+04 1.5707963268e+00 3.6584301442e-02
3.0784128122e-06 1.4547381910e+04 1.5707963268e+00 3.9632762609e-02
3.3151973579e-06 1.4547531981e+04 1.5707963268e+00 4.2681165719e-02
3.5519780876e-06 1.4547693601e+04 1.5707963268e+00 4.5729505933e-02
3.7887547077e-06 1.4547866769e+04 1.5707963268e+00 4.8777778416e-02
4.0255269249e-06 1.4548051487e+04 1.5707963268e+00 5.1825978328e-02
4.2622944458e-06 1.4548247756e+04 1.5707963268e+00 5.4874100833e-02
4.4990569771e-06 1.4548455577e+04 1.5707963268e+00 5.7922141092e-02
4.7358142255e-06 1.4548674952e+04 1.5707963268e+00 6.0970094270e-02
4.9725658976e-06 1.4548905881e+04 1.5707963268e+00 6.4017955528e-02
5.2093117002e-06 1.4549148366e+04 1.5707963268e+00 6.7065720029e-02
5.4460513401e-06 1.4549402408e+04 1.5707963268e+00 7.0113382937e-02
5.6827845241e-06 1.4549668009e+04 1.5707963268e+00 7.3160939414e-02
5.9195109591e-06 1.4549945170e+04 1.5707963268e+00 7.6208384625e-02
6.1562303520e-06 1.4550233894e+04 1.5707963268e+00 7.9255713732e-02
6.3929424097e-06 1.4550534181e+04 1.5707963268e+00 8.2302921899e-02
6.6296468393e-06 1.4550846034e+04 1.5707963268e+00 8.5350004290e-02
6.8663433477e-06 1.4551169454e+04 1.5707963268e+00 8.8396956068e-02
7.1030316421e-06 1.4551504443e+04 1.5707963268e+00 9.1443772398e-02
7.3397114296e-06 1.4551851003e+04 1.5707963268e+00 9.4490448443e-02
7.5763824174e-06 1.4552209137e+04 1.5707963268e+00 9.7536979368e-02
7.8130443128e-06 1.4552578846e+04 1.5707963268e+00 1.0058336034e-01
8.0496968229e-06 1.4552960133e+04 1.5707963268e+00 1.0362958652e-01
8.2863396553e-06 1.4553352999e+04 1.5707963268e+00 1.0667565307e-01
8.5229725173e-06 1.4553757448e+04 1.5707963268e+00 1.0972155516e-01
8.7595951164e-06 1.4554173481e+04 1.5707963268e+00 1.1276728796e-01
8.9962071602e-06 1.4554601101e+04 1.5707963268e+00 1.1581284662e-01
9.2328083562e-06 1.4555040311e+04 1.5707963268e+00 1.1885822632e-01
9.4693984121e-06 1.4555491113e+04 1.5707963268e+00 1.2190342223e-01
9.7059770357e-06 1.4555953510e+04 1.5707963268e+00 1.2494842949e-01
9.9425439348e-06 1.4556427505e+04 1.5707963268e+00 1.2799324330e-01
1.0179098817e-05 1.4556913100e+04 1.5707963268e+00 1.3103785880e-01
1.0415641391e-05 1.4557410298e+04 1.5707963268e+00 1.3408227117e-01
1.0652171364e-05 1.4557919103e+04 1.5707963268e+00 1.3712647557e-01
1.0888688445e-05 1.4558439517e+04 1.5707963268e+00 1.4017046717e-01
1.1125192341e-05 1.4558971543e+04 1.5707963268e+00 1.4321424114e-01
1.1361682761e-05 1.4559515185e+04 1.5707963268e+00 1.4625779264e-01
1.1598159414e-05 1.4560070446e+04 1.5707963268e+00 1.4930111685e-01
1.1834622007e-05 1.4560637329e+04 1.5707963268e+00 1.5234420893e-01
1.2071070250e-05 1.4561215838e+04 1.5707963268e+00 1.5538706405e-01
1.2307503850e-05 1.4561805975e+04 1.5707963268e+00 1.5842967738e-01
1.2543922517e-05 1.4562407745e+04 1.5707963268e+00 1.6147204409e-01
1.2780325960e-05 1.4563021151e+04 1.5707963268e+00 1.6451415934e-01
1.3016713886e-05 1.4563646197e+04 1.5707963268e+00 1.6755601831e-01
1.3253086006e-05 1.4564282886e+04 1.5707963268e+00 1.7059761616e-01
1.3489442029e-05 1.4564931222e+04 1.5707963268e+00 1.7363894808e-01
1.3725781663e-05 1.4565591209e+04 1.5707963268e+00 1.7668000922e-01
1.3962104617e-05 1.4566262852e+04 1.5707963268e+00 1.7972079476e-01
1.4198410602e-05 1.4566946153e+04 1.5707963268e+00 1.8276129986e-01
1.4434699327e-05 1.4567641118e+04 1.5707963268e+00 1.8580151971e-01
1.4670970501e-05 1.4568347750e+04 1.5707963268e+00 1.8884144947e-01
1.4907223834e-05 1.4569066053e+04 1.5707963268e+00 1.9188108432e-01
1.5143459035e-05 1.4569796032e+04 1.5707963268e+00 1.9492041942e-01
1.5379675816e-05 1.4570537691e+04 1.5707963268e+00 1.9795944995e-01
1.5615873885e-05 1.4571291034e+04 1.5707963268e+00 2.0099817109e-01
1.5852052953e-05 1.4572056066e+04 1.5707963268e+00 2.0403657800e-01
1.6088212731e-05 1.4572832792e+04 1.5707963268e+00 2.0707466586e-01
1.6324352928e-05 1.4573621216e+04 1.5707963268e+00 2.1011242985e-01
1.6560473255e-05 1.4574421342e+04 1.5707963268e+00 2.1314986514e-01
1.6796573424e-05 1.4575233176e+04 1.5707963268e+00 2.1618696690e-01
1.7032653143e-05 1.4576056722e+04 1.5707963268e+00 2.1922373032e-01
1.7268712125e-05 1.4576891986e+04 1.5707963268e+00 2.2226015056e-01
1.7504750081e-05 1.4577738972e+04 1.5707963268e+00 2.2529622280e-01
1.7740766721e-05 1.4578597684e+04 1.5707963268e+00 2.2833194222e-01
1.7976761758e-05 1.4579468130e+04 1.5707963268e+00 2.3136730400e-01
1.8212734901e-05 1.4580350312e+04 1.5707963268e+00 2.3440230332e-01
1.8448685864e-05 1.4581244237e+04 1.5707963268e+00 2.3743693535e-01
1.8684614357e-05 1.4582149910e+04 1.5707963268e+00 2.4047119527e-01
1.8920520092e-05 1.4583067337e+04 1.5707963268e+00 2.4350507826e-01
1.9156402782e-05 1.4583996522e+04 1.5707963268e+00 2.4653857951e-01
1.9392262139e-05 1.4584937471e+04 1.5707963268e+00 2.4957169418e-01
1.9628097874e-05 1.4585890190e+04 1.5707963268e+00 2.5260441746e-01
1.9863909700e-05 1.4586854685e+04 1.5707963268e+00 2.5563674454e-01
2.0099697330e-05 1.4587830960e+04 1.5707963268e+00 2.5866867059e-01
2.0335460477e-05 1.4588819022e+04 1.5707963268e+00 2.6170019079e-01
2.0571198853e-05 1.4589818877e+04 1.5707963268e+00 2.6473130034e-01
2.0806912172e-05 1.4590830531e+04 1.5707963268e+00 2.6776199440e-01
2.1042600145e-05 1.4591853989e+04 1.5707963268e+00 2.7079226818e-01
2.1278262488e-05 1.4592889257e+04 1.5707963268e+00 2.7382211684e-01
2.1513898913e-05 1.4593936343e+04 1.5707963268e+00 2.7685153557e-01
2.1749509134e-05 1.4594995251e+04 1.5707963268e+00 2.7988051956e-01
2.1985092865e-05 1.4596065987e+04 1.5707963268e+00 2.8290906400e-01
2.2220649820e-05 1.4597148560e+04 1.5707963268e+00 2.8593716408e-01
2.2456179713e-05 1.4598242974e+04 1.5707963268e+00 2.8896481497e-01
2.2691682258e-05 1.4599349235e+04 1.5707963268e+00 2.9199201186e-01
2.2927157170e-05 1.4600467352e+04 1.5707963268e+00 2.9501874996e-01
2.3162604164e-05 1.4601597329e+04 1.5707963268e+00 2.9804502443e-01
2.3398022954e-05 1.4602739175e+04 1.5707963268e+00 3.0107083048e-01
2.3633413255e-05 1.4603892894e+04 1.5707963268e+00 3.0409616330e-01
2.3868774782e-05 1.4605058495e+04 1.5707963268e+00 3.0712101807e-01
2.4104107252e-05 1.4606235983e+04 1.5707963268e+00 3.1014538998e-01
2.4339410379e-05 1.4607425367e+04 1.5707963268e+00 3.1316927424e-01
2.4574683880e-05 1.4608626652e+04 1.5707963268e+00 3.1619266602e-01
2.4809927469e-05 1.4609839846e+04 1.5707963268e+00 3.1921556053e-01
2.5045140864e-05 1.4611064956e+04 1.5707963268e+00 3.2223795296e-01
2.5280323781e-05 1.4612301988e+04 1.5707963268e+00 3.2525983850e-01
2.5515475936e-05 1.4613550951e+04 1.5707963268e+00 3.2828121235e-01
2.5750597046e-05 1.4614811851e+04 1.5707963268e+00 3.3130206971e-01
2.5985686827e-05 1.4616084696e+04 1.5707963268e+00 3.3432240577e-01
2.6220744998e-05 1.4617369494e+04 1.5707963268e+00 3.3734221573e-01
2.6455771274e-05 1.4618666250e+04 1.5707963268e+00 3.4036149479e-01
2.6690765375e-05 1.4619974974e+04 1.5707963268e+00 3.4338023815e-01
2.6925727016e-05 1.4621295672e+04 1.5707963268e+00 3.4639844101e-01
2.7160655918e-05 1.4622628353e+04 1.5707963268e+00 3.4941609857e-01
2.7395551796e-05 1.4623973024e+04 1.5707963268e+00 3.5243320603e-01
2.7630414370e-05 1.4625329692e+04 1.5707963268e+00 3.5544975860e-01
2.7865243359e-05 1.4626698366e+04 1.5707963268e+00 3.5846575147e-01
2.8100038481e-05 1.4628079054e+04 1.5707963268e+00 3.6148117986e-01
2.8334799455e-05 1.4629471763e+04 1.5707963268e+00 3.6449603896e-01
2.8569526000e-05 1.4630876501e+04 1.5707963268e+00 3.6751032399e-01
2.8804217836e-05 1.4632293277e+04 1.5707963268e+00 3.7052403014e-01
2.9038874682e-05 1.4633722099e+04 1.5707963268e+00 3.7353715263e-01
2.9273496259e-05 1.4635162975e+04 1.5707963268e+00 3.7654968667e-01
2.9508082285e-05 1.4636615913e+04 1.5707963268e+00 3.7956162747e-01
2.9742632483e-05 1.4638080921e+04 1.5707963268e+00 3.8257297023e-01
2.9977146571e-05 1.4639558008e+04 1.5707963268e+00 3.8558371017e-01
3.0211624271e-05 1.4641047183e+04 1.5707963268e+00 3.8859384249e-01
3.0446065305e-05 1.4642548453e+04 1.5707963268e+00 3.9160336242e-01
3.0680469392e-05 1.4644061828e+04 1.5707963268e+00 3.9461226517e-01
3.0914836255e-05 1.4645587316e+04 1.5707963268e+00 3.9762054595e-01
3.1149165616e-05 1.4647124926e+04 1.5707963268e+00 4.0062819998e-01
3.1383457196e-05 1.4648674666e+04 1.5707963268e+00 4.0363522247e-01
3.1617710717e-05 1.4650236546e+04 1.5707963268e+00 4.0664160865e-01
3.1851925903e-05 1.4651810574e+04 1.5707963268e+00 4.0964735372e-01
3.2086102475e-05 1.4653396759e+04 1.5707963268e+00 4.1265245293e-01
3.2320240157e-05 1.4654995110e+04 1.5707963268e+00 4.1565690147e-01
3.2554338672e-05 1.4656605636e+04 1.5707963268e+00 4.1866069458e-01
3.2788397743e-05 1.4658228347e+04 1.5707963268e+00 4.2166382749e-01
3.3022417094e-05 1.4659863251e+04 1.5707963268e+00 4.2466629540e-01
3.3256396449e-05 1.4661510358e+04 1.5707963268e+00 4.2766809356e-01
3.3490335532e-05 1.4663169677e+04 1.5707963268e+00 4.3066921718e-01
3.3724234068e-05 1.4664841217e+04 1.5707963268e+00 4.3366966150e-01
3.3958091782e-05 1.4666524988e+04 1.5707963268e+00 4.3666942174e-01
3.4191908398e-05 1.4668221000e+04 1.5707963268e+00 4.3966849314e-01
3.4425683642e-05 1.4669929261e+04 1.5707963268e+00 4.4266687092e-01
3.4659417239e-05 1.4671649782e+04 1.5707963268e+00 4.4566455032e-01
3.4893108915e-05 1.4673382571e+04 1.5707963268e+00 4.4866152657e-01
3.5126758397e-05 1.4675127640e+04 1.5707963268e+00 4.5165779490e-01
3.5360365410e-05 1.4676884997e+04 1.5707963268e+00 4.5465335056e-01
3.5593929682e-05 1.4678654652e+04 1.5707963268e+00 4.5764818878e-01
3.5827450938e-05 1.4680436616e+04 1.5707963268e+00 4.6064230480e-01
3.6060928908e-05 1.4682230898e+04 1.5707963268e+00 4.6363569386e-01
3.6294363317e-05 1.4684037508e+04 1.5707963268e+00 4.6662835119e-01
3.6527753894e-05 1.4685856456e+04 1.5707963268e+00 4.6962027205e-01
3.6761100366e-05 1.4687687752e+04 1.5707963268e+00 4.7261145168e-01
3.6994402463e-05 1.4689531407e+04 1.5707963268e+00 4.7560188532e-01
3.7227659913e-05 1.4691387431e+04 1.5707963268e+00 4.7859156822e-01
3.7460872444e-05 1.4693255833e+04 1.5707963268e+00 4.8158049562e-01
3.7694039787e-05 1.4695136625e+04 1.5707963268e+00 4.8456866278e-01
3.7927161670e-05 1.4697029817e+04 1.5707963268e+00 4.8755606495e-01
3.8160237823e-05 1.4698935419e+04 1.5707963268e+00 4.9054269737e-01
3.8393267977e-05 1.4700853441e+04 1.5707963268e+00 4.9352855531e-01
3.8626251862e-05 1.4702783895e+04 1.5707963268e+00 4.9651363401e-01
3.8859189209e-05 1.4704726790e+04 1.5707963268e+00 4.9949792874e-01
3.9092079748e-05 1.4706682138e+04 1.5707963268e+00 5.0248143476e-01
3.9324923212e-05 1.4708649950e+04 1.5707963268e+00 5.0546414731e-01
3.9557719331e-05 1.4710630235e+04 1.5707963268e+00 5.0844606167e-01
3.9790467838e-05 1.4712623005e+04 1.5707963268e+00 5.1142717309e-01
4.0023168466e-05 1.4714628271e+04 1.5707963268e+00 5.1440747684e-01
4.0255820946e-05 1.4716646043e+04 1.5707963268e+00 5.1738696819e-01
4.0488425012e-05 1.4718676333e+04 1.5707963268e+00 5.2036564240e-01
4.0720980397e-05 1.4720719152e+04 1.5707963268e+00 5.2334349474e-01
4.0953486834e-05 1.4722774510e+04 1.5707963268e+00 5.2632052049e-01
4.1185944059e-05 1.4724842419e+04 1.5707963268e+00 5.2929671491e-01
4.1418351803e-05 1.4726922891e+04 1.5707963268e+00 5.3227207327e-01
4.1650709804e-05 1.4729015936e+04 1.5707963268e+00 5.3524659087e-01
4.1883017794e-05 1.4731121565e+04 1.5707963268e+00 5.3822026296e-01
4.2115275510e-05 1.4733239791e+04 1.5707963268e+00 5.4119308483e-01
4.2347482687e-05 1.4735370624e+04 1.5707963268e+00 5.4416505176e-01
4.2579639062e-05 1.4737514076e+04 1.5707963268e+00 5.4713615904e-01
4.2811744369e-05 1.4739670159e+04 1.5707963268e+00 5.5010640194e-01
4.3043798347e-05 1.4741838884e+04 1.5707963268e+00 5.5307577576e-01
4.3275800731e-05 1.4744020262e+04 1.5707963268e+00 5.5604427578e-01
4.3507751260e-05 1.4746214306e+04 1.5707963268e+00 5.5901189728e-01
4.3739649670e-05 1.4748421026e+04 1.5707963268e+00 5.6197863557e-01
4.3971495700e-05 1.4750640436e+04 1.5707963268e+00 5.6494448594e-01
4.4203289089e-05 1.4752872546e+04 1.5707963268e+00 5.6790944368e-01
4.4435029574e-05 1.4755117369e+04 1.5707963268e+00 5.7087350408e-01
4.4666716896e-05 1.4757374916e+04 1.5707963268e+00 5.7383666245e-01
4.4898350792e-05 1.4759645200e+04 1.5707963268e+00 5.7679891409e-01
4.5129931004e-05 1.4761928232e+04 1.5707963268e+00 5.7976025430e-01
4.5361457272e-05 1.4764224025e+04 1.5707963268e+00 5.8272067838e-01
4.5592929335e-05 1.4766532590e+04 1.5707963268e+00 5.8568018165e-01
4.5824346935e-05 1.4768853940e+04 1.5707963268e+00 5.8863875941e-01
4.6055709813e-05 1.4771188088e+04 1.5707963268e+00 5.9159640697e-01
4.6287017711e-05 1.4773535044e+04 1.5707963268e+00 5.9455311965e-01
4.6518270370e-05 1.4775894822e+04 1.5707963268e+00 5.9750889276e-01
4.6749467534e-05 1.4778267435e+04 1.5707963268e+00 6.0046372162e-01
4.6980608944e-05 1.4780652893e+04 1.5707963268e+00 6.0341760154e-01
4.7211694345e-05 1.4783051211e+04 1.5707963268e+00 6.0637052785e-01
4.7442723478e-05 1.4785462400e+04 1.5707963268e+00 6.0932249588e-01
4.7673696090e-05 1.4787886473e+04 1.5707963268e+00 6.1227350094e-01
4.7904611923e-05 1.4790323442e+04 1.5707963268e+00 6.1522353838e-01
4.8135470722e-05 1.4792773321e+04 1.5707963268e+00 6.1817260351e-01
4.8366272233e-05 1.4795236121e+04 1.5707963268e+00 6.2112069166e-01
4.8597016200e-05 1.4797711856e+04 1.5707963268e+00 6.2406779819e-01
4.8827702371e-05 1.4800200539e+04 1.5707963268e+00 6.2701391841e-01
4.9058330490e-05 1.4802702182e+04 1.5707963268e+00 6.2995904768e-01
4.9288900305e-05 1.4805216798e+04 1.5707963268e+00 6.3290318133e-01
4.9519411563e-05 1.4807744400e+04 1.5707963268e+00 6.3584631471e-01
4.9749864012e-05 1.4810285001e+04 1.5707963268e+00 6.3878844316e-01
4.9980257398e-05 1.4812838614e+04 1.5707963268e+00 6.4172956204e-01
5.0210591471e-05 1.4815405252e+04 1.5707963268e+00 6.4466966669e-01
5.0440865979e-05 1.4817984929e+04 1.5707963268e+00 6.4760875248e-01
5.0671080671e-05 1.4820577657e+04 1.5707963268e+00 6.5054681474e-01
5.0901235296e-05 1.4823183449e+04 1.5707963268e+00 6.5348384885e-01
5.1131329606e-05 1.4825802319e+04 1.5707963268e+00 6.5641985017e-01
5.1361363349e-05 1.4828434280e+04 1.5707963268e+00 6.5935481406e-01
5.1591336277e-05 1.4831079346e+04 1.5707963268e+00 6.6228873588e-01
5.1821248141e-05 1.4833737529e+04 1.5707963268e+00 6.6522161101e-01
5.2051098693e-05 1.4836408843e+04 1.5707963268e+00 6.6815343482e-01
5.2280887684e-05 1.4839093302e+04 1.5707963268e+00 6.7108420269e-01
5.2510614867e-05 1.4841790919e+04 1.5707963268e+00 6.7401390998e-01
5.2740279996e-05 1.4844501707e+04 1.5707963268e+00 6.7694255208e-01
5.2969882822e-05 1.4847225681e+04 1.5707963268e+00 6.7987012437e-01
5.3199423101e-05 1.4849962854e+04 1.5707963268e+00 6.8279662224e-01
5.3428900586e-05 1.4852713238e+04 1.5707963268e+00 6.8572204108e-01
5.3658315032e-05 1.4855476849e+04 1.5707963268e+00 6.8864637628e-01
5.3887666194e-05 1.4858253700e+04 1.5707963268e+00 6.9156962322e-01
5.4116953827e-05 1.4861043805e+04 1.5707963268e+00 6.9449177732e-01
5.4346177688e-05 1.4863847177e+04 1.5707963268e+00 6.9741283396e-01
5.4575337533e-05 1.4866663830e+04 1.5707963268e+00 7.0033278855e-01
5.4804433119e-05 1.4869493778e+04 1.5707963268e+00 7.0325163650e-01
5.5033464203e-05 1.4872337036e+04 1.5707963268e+00 7.0616937321e-01
5.5262430543e-05 1.4875193616e+04 1.5707963268e+00 7.0908599409e-01
5.5491331897e-05 1.4878063534e+04 1.5707963268e+00 7.1200149457e-01
5.5720168024e-05 1.4880946803e+04 1.5707963268e+00 7.1491587005e-01
5.5948938683e-05 1.4883843436e+04 1.5707963268e+00 7.1782911595e-01
5.6177643634e-05 1.4886753450e+04 1.5707963268e+00 7.2074122771e-01
5.6406282636e-05 1.4889676857e+04 1.5707963268e+00 7.2365220075e-01
5.6634855451e-05 1.4892613671e+04 1.5707963268e+00 7.2656203049e-01
5.6863361839e-05 1.4895563907e+04 1.5707963268e+00 7.2947071238e-01
5.7091801562e-05 1.4898527580e+04 1.5707963268e+00 7.3237824184e-01
5.7320174381e-05 1.4901504703e+04 1.5707963268e+00 7.3528461431e-01
5.7548480060e-05 1.4904495291e+04 1.5707963268e+00 7.3818982525e-01
5.7776718361e-05 1.4907499358e+04 1.5707963268e+00 7.4109387009e-01
5.8004889047e-05 1.4910516919e+04 1.5707963268e+00 7.4399674428e-01
5.8232991882e-05 1.4913547988e+04 1.5707963268e+00 7.4689844328e-01
5.8461026632e-05 1.4916592579e+04 1.5707963268e+00 7.4979896254e-01
5.8688993059e-05 1.4919650708e+04 1.5707963268e+00 7.5269829753e-01
5.8916890931e-05 1.4922722388e+04 1.5707963268e+00 7.5559644370e-01
5.9144720012e-05 1.4925807634e+04 1.5707963268e+00 7.5849339651e-01
5.9372480069e-05 1.4928906462e+04 1.5707963268e+00 7.6138915145e-01
5.9600170869e-05 1.4932018884e+04 1.5707963268e+00 7.6428370399e-01
5.9827792179e-05 1.4935144917e+04 1.5707963268e+00 7.6717704959e-01
6.0055343767e-05 1.4938284575e+04 1.5707963268e+00 7.7006918374e-01
6.0282825401e-05 1.4941437872e+04 1.5707963268e+00 7.7296010193e-01
6.0510236850e-05 1.4944604824e+04 1.5707963268e+00 7.7584979964e-01
6.0737577883e-05 1.4947785445e+04 1.5707963268e+00 7.7873827236e-01
6.0964848270e-05 1.4950979750e+04 1.5707963268e+00 7.8162551559e-01
6.1192047782e-05 1.4954187754e+04 1.5707963268e+00 7.8451152483e-01
6.1419176188e-05 1.4957409472e+04 1.5707963268e+00 7.8739629557e-01
6.1646233261e-05 1.4960644918e+04 1.5707963268e+00 7.9027982333e-01
6.1873218773e-05 1.4963894109e+04 1.5707963268e+00 7.9316210362e-01
6.2100132495e-05 1.4967157058e+04 1.5707963268e+00 7.9604313194e-01
6.2326974200e-05 1.4970433781e+04 1.5707963268e+00 7.9892290382e-01
6.2553743663e-05 1.4973724293e+04 1.5707963268e+00 8.0180141478e-01
6.2780440656e-05 1.4977028609e+04 1.5707963268e+00 8.0467866033e-01
6.3007064954e-05 1.4980346743e+04 1.5707963268e+00 8.0755463602e-01
6.3233616333e-05 1.4983678712e+04 1.5707963268e+00 8.1042933738e-01
6.3460094568e-05 1.4987024531e+04 1.5707963268e+00 8.1330275994e-01
6.3686499434e-05 1.4990384214e+04 1.5707963268e+00 8.1617489924e-01
6.3912830709e-05 1.4993757777e+04 1.5707963268e+00 8.1904575083e-01
6.4139088169e-05 1.4997145235e+04 1.5707963268e+00 8.2191531026e-01
6.4365271592e-05 1.5000546603e+04 1.5707963268e+00 8.2478357308e-01
6.4591380756e-05 1.5003961897e+04 1.5707963268e+00 8.2765053485e-01
6.4817415440e-05 1.5007391132e+04 1.5707963268e+00 8.3051619113e-01
6.5043375424e-05 1.5010834323e+04 1.5707963268e+00 8.3338053750e-01
6.5269260486e-05 1.5014291486e+04 1.5707963268e+00 8.3624356951e-01
6.5495070407e-05 1.5017762636e+04 1.5707963268e+00 8.3910528274e-01
6.5720804969e-05 1.5021247789e+04 1.5707963268e+00 8.4196567278e-01
6.5946463952e-05 1.5024746960e+04 1.5707963268e+00 8.4482473520e-01
6.6172047138e-05 1.5028260164e+04 1.5707963268e+00 8.4768246559e-01
6.6397554311e-05 1.5031787418e+04 1.5707963268e+00 8.5053885956e-01
6.6622985253e-05 1.5035328736e+04 1.5707963268e+00 8.5339391268e-01
6.6848339748e-05 1.5038884134e+04 1.5707963268e+00 8.5624762057e-01
6.7073617579e-05 1.5042453628e+04 1.5707963268e+00 8.5909997883e-01
6.7298818533e-05 1.5046037234e+04 1.5707963268e+00 8.6195098307e-01
6.7523942393e-05 1.5049634966e+04 1.5707963268e+00 8.6480062890e-01
6.7748988947e-05 1.5053246841e+04 1.5707963268e+00 8.6764891194e-01
6.7973957980e-05 1.5056872874e+04 1.5707963268e+00 8.7049582783e-01
6.8198849280e-05 1.5060513082e+04 1.5707963268e+00 8.7334137218e-01
6.8423662633e-05 1.5064167479e+04 1.5707963268e+00 8.7618554064e-01
6.8648397829e-05 1.5067836081e+04 1.5707963268e+00 8.7902832883e-01
6.8873054656e-05 1.5071518905e+04 1.5707963268e+00 8.8186973240e-01
6.9097632903e-05 1.5075215966e+04 1.5707963268e+00 8.8470974700e-01
6.9322132361e-05 1.5078927279e+04 1.5707963268e+00 8.8754836829e-01
6.9546552819e-05 1.5082652861e+04 1.5707963268e+00 8.9038559191e-01
6.9770894069e-05 1.5086392728e+04 1.5707963268e+00 8.9322141354e-01
6.9995155903e-05 1.5090146895e+04 1.5707963268e+00 8.9605582884e-01
7.0219338112e-05 1.5093915378e+04 1.5707963268e+00 8.9888883348e-01
7.0443440490e-05 1.5097698193e+04 1.5707963268e+00 9.0172042314e-01
7.0667462830e-05 1.5101495357e+04 1.5707963268e+00 9.0455059350e-01
7.0891404925e-05 1.5105306884e+04 1.5707963268e+00 9.0737934025e-01
7.1115266571e-05 1.5109132791e+04 1.5707963268e+00 9.1020665909e-01
7.1339047563e-05 1.5112973094e+04 1.5707963268e+00 9.1303254570e-01
7.1562747697e-05 1.5116827808e+04 1.5707963268e+00 9.1585699580e-01
7.1786366768e-05 1.5120696951e+04 1.5707963268e+00 9.1868000509e-01
7.2009904574e-05 1.5124580537e+04 1.5707963268e+00 9.2150156928e-01
7.2233360913e-05 1.5128478584e+04 1.5707963268e+00 9.2432168410e-01
7.2456735583e-05 1.5132391106e+04 1.5707963268e+00 9.2714034527e-01
7.2680028382e-05 1.5136318120e+04 1.5707963268e+00 9.2995754851e-01
7.2903239110e-05 1.5140259642e+04 1.5707963268e+00 9.3277328957e-01
7.3126367567e-05 1.5144215688e+04 1.5707963268e+00 9.3558756418e-01
7.3349413553e-05 1.5148186275e+04 1.5707963268e+00 9.3840036809e-01
7.3572376871e-05 1.5152171418e+04 1.5707963268e+00 9.4121169704e-01
7.3795257321e-05 1.5156171133e+04 1.5707963268e+00 9.4402154681e-01
7.4018054706e-05 1.5160185437e+04 1.5707963268e+00 9.4682991314e-01
7.4240768830e-05 1.5164214346e+04 1.5707963268e+00 9.4963679181e-01
7.4463399495e-05 1.5168257876e+04 1.5707963268e+00 9.5244217859e-01
7.4685946507e-05 1.5172316043e+04 1.5707963268e+00 9.5524606927e-01
7.4908409670e-05 1.5176388863e+04 1.5707963268e+00 9.5804845961e-01
7.5130788790e-05 1.5180476353e+04 1.5707963268e+00 9.6084934543e-01
7.5353083674e-05 1.5184578528e+04 1.5707963268e+00 9.6364872250e-01
7.5575294127e-05 1.5188695406e+04 1.5707963268e+00 9.6644658664e-01
7.5797419958e-05 1.5192827001e+04 1.5707963268e+00 9.6924293366e-01
7.6019460974e-05 1.5196973331e+04 1.5707963268e+00 9.7203775936e-01
7.6241416984e-05 1.5201134412e+04 1.5707963268e+00 9.7483105957e-01
7.6463287799e-05 1.5205310260e+04 1.5707963268e+00 9.7762283011e-01
7.6685073227e-05 1.5209500891e+04 1.5707963268e+00 9.8041306682e-01
7.6906773079e-05 1.5213706322e+04 1.5707963268e+00 9.8320176554e-01
7.7128387167e-05 1.5217926568e+04 1.5707963268e+00 9.8598892210e-01
7.7349915303e-05 1.5222161647e+04 1.5707963268e+00 9.8877453236e-01
7.7571357299e-05 1.5226411573e+04 1.5707963268e+00 9.9155859217e-01
7.7792712968e-05 1.5230676365e+04 1.5707963268e+00 9.9434109741e-01
7.8013982125e-05 1.5234956038e+04 1.5707963268e+00 9.9712204393e-01
7.8235164583e-05 1.5239250608e+04 1.5707963268e+00 9.9990142761e-01
7.8456260159e-05 1.5243560092e+04 1.5707963268e+00 1.0026792443e+00
7.8677268667e-05 1.5247884505e+04 1.5707963268e+00 1.0054554900e+00
7.8898189925e-05 1.5252223866e+04 1.5707963268e+00 1.0082301605e+00
7.9119023749e-05 1.5256578189e+04 1.5707963268e+00 1.0110032517e+00
7.9339769958e-05 1.5260947491e+04 1.5707963268e+00 1.0137747595e+00
7.9560428369e-05 1.5265331788e+04 1.5707963268e+00 1.0165446799e+00
7.9780998802e-05 1.5269731097e+04 1.5707963268e+00 1.0193130088e+00
8.0001481077e-05 1.5274145435e+04 1.5707963268e+00 1.0220797420e+00
8.0221875014e-05 1.5278574817e+04 1.5707963268e+00 1.0248448756e+00
8.0442180434e-05 1.5283019260e+04 1.5707963268e+00 1.0276084054e+00
8.0662397160e-05 1.5287478780e+04 1.5707963268e+00 1.0303703275e+00
8.0882525012e-05 1.5291953394e+04 1.5707963268e+00 1.0331306377e+00
8.1102563815e-05 1.5296443118e+04 1.5707963268e+00 1.0358893320e+00
8.1322513393e-05 1.5300947968e+04 1.5707963268e+00 1.0386464065e+00
8.1542373569e-05 1.5305467961e+04 1.5707963268e+00 1.0414018570e+00
8.1762144170e-05 1.5310003113e+04 1.5707963268e+00 1.0441556795e+00
8.1981825020e-05 1.5314553441e+04 1.5707963268e+00 1.0469078701e+00
8.2201415946e-05 1.5319118961e+04 1.5707963268e+00 1.0496584247e+00
8.2420916775e-05 1.5323699689e+04 1.5707963268e+00 1.0524073393e+00
8.2640327336e-05 1.5328295642e+04 1.5707963268e+00 1.0551546100e+00
8.2859647457e-05 1.5332906836e+04 1.5707963268e+00 1.0579002327e+00
8.3078876966e-05 1.5337533287e+04 1.5707963268e+00 1.0606442035e+00
8.3298015695e-05 1.5342175012e+04 1.5707963268e+00 1.0633865185e+00
8.3517063473e-05 1.5346832027e+04 1.5707963268e+00 1.0661271735e+00
8.3736020131e-05 1.5351504349e+04 1.5707963268e+00 1.0688661647e+00
8.3954885502e-05 1.5356191994e+04 1.5707963268e+00 1.0716034882e+00
8.4173659419e-05 1.5360894978e+04 1.5707963268e+00 1.0743391400e+00
8.4392341714e-05 1.5365613318e+04 1.5707963268e+00 1.0770731161e+00
8.4610932221e-05 1.5370347030e+04 1.5707963268e+00 1.0798054126e+00
8.4829430776e-05 1.5375096130e+04 1.5707963268e+00 1.0825360257e+00
8.5047837214e-05 1.5379860635e+04 1.5707963268e+00 1.0852649514e+00
8.5266151371e-05 1.5384640561e+04 1.5707963268e+00 1.0879921857e+00
8.5484373084e-05 1.5389435925e+04 1.5707963268e+00 1.0907177249e+00
8.5702502189e-05 1.5394246742e+04 1.5707963268e+00 1.0934415650e+00
8.5920538526e-05 1.5399073029e+04 1.5707963268e+00 1.0961637021e+00
8.6138481934e-05 1.5403914803e+04 1.5707963268e+00 1.0988841323e+00
8.6356332251e-05 1.5408772079e+04 1.5707963268e+00 1.1016028519e+00
8.6574089318e-05 1.5413644875e+04 1.5707963268e+00 1.1043198568e+00
8.6791752977e-05 1.5418533206e+04 1.5707963268e+00 1.1070351434e+00
8.7009323069e-05 1.5423437088e+04 1.5707963268e+00 1.1097487076e+00
8.7226799437e-05 1.5428356538e+04 1.5707963268e+00 1.1124605458e+00
8.7444181922e-05 1.5433291573e+04 1.5707963268e+00 1.1151706540e+00
8.7661470371e-05 1.5438242208e+04 1.5707963268e+00 1.1178790285e+00
8.7878664626e-05 1.5443208459e+04 1.5707963268e+00 1.1205856654e+00
8.8095764534e-05 1.5448190344e+04 1.5707963268e+00 1.1232905610e+00
8.8312769940e-05 1.5453187878e+04 1.5707963268e+00 1.1259937114e+00
8.8529680691e-05 1.5458201077e+04 1.5707963268e+00 1.1286951128e+00
8.8746496634e-05 1.5463229957e+04 1.5707963268e+00 1.1313947615e+00
8.8963217618e-05 1.5468274536e+04 1.5707963268e+00 1.1340926537e+00
8.9179843492e-05 1.5473334829e+04 1.5707963268e+00 1.1367887856e+00
8.9396374104e-05 1.5478410851e+04 1.5707963268e+00 1.1394831535e+00
8.9612809306e-05 1.5483502621e+04 1.5707963268e+00 1.1421757536e+00
8.9829148948e-05 1.5488610152e+04 1.5707963268e+00 1.1448665822e+00
9.0045392882e-05 1.5493733463e+04 1.5707963268e+00 1.1475556356e+00
9.0261540961e-05 1.5498872568e+04 1.5707963268e+00 1.1502429100e+00
9.0477593037e-05 1.5504027484e+04 1.5707963268e+00 1.1529284017e+00
9.0693548966e-05 1.5509198227e+04 1.5707963268e+00 1.1556121070e+00
9.0909408600e-05 1.5514384813e+04 1.5707963268e+00 1.1582940223e+00
9.1125171797e-05 1.5519587259e+04 1.5707963268e+00 1.1609741437e+00
9.1340838411e-05 1.5524805580e+04 1.5707963268e+00 1.1636524678e+00
9.1556408299e-05 1.5530039792e+04 1.5707963268e+00 1.1663289907e+00
9.1771881320e-05 1.5535289911e+04 1.5707963268e+00 1.1690037088e+00
9.1987257332e-05 1.5540555954e+04 1.5707963268e+00 1.1716766184e+00
9.2202536193e-05 1.5545837936e+04 1.5707963268e+00 1.1743477160e+00
9.2417717764e-05 1.5551135873e+04 1.5707963268e+00 1.1770169979e+00
9.2632801904e-05 1.5556449781e+04 1.5707963268e+00 1.1796844604e+00
9.2847788475e-05 1.5561779677e+04 1.5707963268e+00 1.1823500999e+00
9.3062677339e-05 1.5567125576e+04 1.5707963268e+00 1.1850139128e+00
9.3277468360e-05 1.5572487494e+04 1.5707963268e+00 1.1876758956e+00
9.3492161399e-05 1.5577865447e+04 1.5707963268e+00 1.1903360446e+00
9.3706756322e-05 1.5583259450e+04 1.5707963268e+00 1.1929943562e+00
9.3921252993e-05 1.5588669521e+04 1.5707963268e+00 1.1956508269e+00
9.4135651278e-05 1.5594095673e+04 1.5707963268e+00 1.1983054531e+00
9.4349951043e-05 1.5599537924e+04 1.5707963268e+00 1.2009582312e+00
9.4564152157e-05 1.5604996290e+04 1.5707963268e+00 1.2036091577e+00
9.4778254485e-05 1.5610470785e+04 1.5707963268e+00 1.2062582290e+00
9.4992257898e-05 1.5615961425e+04 1.5707963268e+00 1.2089054417e+00
9.5206162264e-05 1.5621468227e+04 1.5707963268e+00 1.2115507922e+00
9.5419967454e-05 1.5626991206e+04 1.5707963268e+00 1.2141942770e+00
9.5633673338e-05 1.5632530378e+04 1.5707963268e+00 1.2168358925e+00
9.5847279789e-05 1.5638085758e+04 1.5707963268e+00 1.2194756354e+00
9.6060786678e-05 1.5643657362e+04 1.5707963268e+00 1.2221135021e+00
9.6274193879e-05 1.5649245205e+04 1.5707963268e+00 1.2247494891e+00
9.6487501265e-05 1.5654849304e+04 1.5707963268e+00 1.2273835930e+00
9.6700708711e-05 1.5660469674e+04 1.5707963268e+00 1.2300158103e+00
9.6913816093e-05 1.5666106330e+04 1.5707963268e+00 1.2326461375e+00
9.7126823287e-05 1.5671759287e+04 1.5707963268e+00 1.2352745713e+00
9.7339730169e-05 1.5677428562e+04 1.5707963268e+00 1.2379011083e+00
9.7552536618e-05 1.5683114170e+04 1.5707963268e+00 1.2405257449e+00
9.7765242511e-05 1.5688816126e+04 1.5707963268e+00 1.2431484778e+00
9.7977847727e-05 1.5694534446e+04 1.5707963268e+00 1.2457693036e+00
9.8190352148e-05 1.5700269145e+04 1.5707963268e+00 1.2483882189e+00
9.8402755652e-05 1.5706020238e+04 1.5707963268e+00 1.2510052204e+00
9.8615058123e-05 1.5711787741e+04 1.5707963268e+00 1.2536203045e+00
9.8827259441e-05 1.5717571668e+04 1.5707963268e+00 1.2562334681e+00
9.9039359490e-05 1.5723372037e+04 1.5707963268e+00 1.2588447078e+00
9.9251358153e-05 1.5729188860e+04 1.5707963268e+00 1.2614540201e+00
9.9463255315e-05 1.5735022155e+04 1.5707963268e+00 1.2640614018e+00
9.9675050861e-05 1.5740871935e+04 1.5707963268e+00 1.2666668496e+00
9.9886744678e-05 1.5746738217e+04 1.5707963268e+00 1.2692703602e+00
1.0009833665e-04 1.5752621014e+04 1.5707963268e+00 1.2718719302e+00
1.0030982667e-04 1.5758520344e+04 1.5707963268e+00 1.2744715563e+00
1.0052121462e-04 1.5764436219e+04 1.5707963268e+00 1.2770692354e+00
1.0073250039e-04 1.5770368656e+04 1.5707963268e+00 1.2796649641e+00
1.0094368387e-04 1.5776317670e+04 1.5707963268e+00 1.2822587391e+00
1.0115476496e-04 1.5782283275e+04 1.5707963268e+00 1.2848505573e+00
1.0136574353e-04 1.5788265486e+04 1.5707963268e+00 1.2874404153e+00
1.0157661949e-04 1.5794264319e+04 1.5707963268e+00 1.2900283100e+00
1.0178739273e-04 1.5800279788e+04 1.5707963268e+00 1.2926142381e+00
1.0199806315e-04 1.5806311908e+04 1.5707963268e+00 1.2951981964e+00
1.0220863062e-04 1.5812360694e+04 1.5707963268e+00 1.2977801818e+00
1.0241909506e-04 1.5818426161e+04 1.5707963268e+00 1.3003601910e+00
1.0262945636e-04 1.5824508323e+04 1.5707963268e+00 1.3029382209e+00
1.0283971440e-04 1.5830607195e+04 1.5707963268e+00 1.3055142683e+00
1.0304986910e-04 1.5836722792e+04 1.5707963268e+00 1.3080883300e+00
1.0325992035e-04 1.5842855128e+04 1.5707963268e+00 1.3106604030e+00
1.0346986805e-04 1.5849004219e+04 1.5707963268e+00 1.3132304840e+00
1.0367971209e-04 1.5855170078e+04 1.5707963268e+00 1.3157985699e+00
1.0388945238e-04 1.5861352720e+04 1.5707963268e+00 1.3183646577e+00
1.0409908882e-04 1.5867552160e+04 1.5707963268e+00 1.3209287442e+00
1.0430862131e-04 1.5873768413e+04 1.5707963268e+00 1.3234908264e+00
1.0451804976e-04 1.5880001491e+04 1.5707963268e+00 1.3260509011e+00
1.0472737406e-04 1.5886251411e+04 1.5707963268e+00 1.3286089653e+00
1.0493659412e-04 1.5892518186e+04 1.5707963268e+00 1.3311650160e+00
1.0514570985e-04 1.5898801831e+04 1.5707963268e+00 1.3337190501e+00
1.0535472116e-04 1.5905102360e+04 1.5707963268e+00 1.3362710645e+00
1.0556362794e-04 1.5911419787e+04 1.5707963268e+00 1.3388210562e+00
1.0577243011e-04 1.5917754126e+04 1.5707963268e+00 1.3413690222e+00
1.0598112757e-04 1.5924105392e+04 1.5707963268e+00 1.3439149596e+00
1.0618972024e-04 1.5930473599e+04 1.5707963268e+00 1.3464588652e+00
1.0639820802e-04 1.5936858760e+04 1.5707963268e+00 1.3490007362e+00
1.0660659082e-04 1.5943260890e+04 1.5707963268e+00 1.3515405696e+00
1.0681486856e-04 1.5949680003e+04 1.5707963268e+00 1.3540783624e+00
1.0702304114e-04 1.5956116113e+04 1.5707963268e+00 1.3566141116e+00
1.0723110848e-04 1.5962569233e+04 1.5707963268e+00 1.3591478143e+00
1.0743907050e-04 1.5969039378e+04 1.5707963268e+00 1.3616794677e+00
1.0764692710e-04 1.5975526562e+04 1.5707963268e+00 1.3642090687e+00
1.0785467821e-04 1.5982030797e+04 1.5707963268e+00 1.3667366145e+00
1.0806232373e-04 1.5988552099e+04 1.5707963268e+00 1.3692621022e+00
1.0826986359e-04 1.5995090480e+04 1.5707963268e+00 1.3717855288e+00
1.0847729770e-04 1.6001645955e+04 1.5707963268e+00 1.3743068916e+00
1.0868462598e-04 1.6008218537e+04 1.5707963268e+00 1.3768261877e+00
1.0889184835e-04 1.6014808239e+04 1.5707963268e+00 1.3793434142e+00
1.0909896473e-04 1.6021415076e+04 1.5707963268e+00 1.3818585683e+00
1.0930597503e-04 1.6028039060e+04 1.5707963268e+00 1.3843716472e+00
1.0951287919e-04 1.6034680205e+04 1.5707963268e+00 1.3868826480e+00
1.0971967711e-04 1.6041338524e+04 1.5707963268e+00 1.3893915680e+00
1.0992636874e-04 1.6048014032e+04 1.5707963268e+00 1.3918984044e+00
1.1013295397e-04 1.6054706740e+04 1.5707963268e+00 1.3944031543e+00
1.1033943276e-04 1.6061416663e+04 1.5707963268e+00 1.3969058151e+00
1.1054580500e-04 1.6068143814e+04 1.5707963268e+00 1.3994063839e+00
1.1075207064e-04 1.6074888206e+04 1.5707963268e+00 1.4019048581e+00
1.1095822961e-04 1.6081649851e+04 1.5707963268e+00 1.4044012348e+00
1.1116428181e-04 1.6088428763e+04 1.5707963268e+00 1.4068955115e+00
1.1137022719e-04 1.6095224956e+04 1.5707963268e+00 1.4093876853e+00
1.1157606568e-04 1.6102038442e+04 1.5707963268e+00 1.4118777536e+00
1.1178179720e-04 1.6108869233e+04 1.5707963268e+00 1.4143657136e+00
1.1198742168e-04 1.6115717344e+04 1.5707963268e+00 1.4168515628e+00
1.1219293905e-04 1.6122582786e+04 1.5707963268e+00 1.4193352985e+00
1.1239834926e-04 1.6129465573e+04 1.5707963268e+00 1.4218169179e+00
1.1260365222e-04 1.6136365717e+04 1.5707963268e+00 1.4242964186e+00
1.1280884787e-04 1.6143283231e+04 1.5707963268e+00 1.4267737978e+00
1.1301393615e-04 1.6150218127e+04 1.5707963268e+00 1.4292490529e+00
1.1321891699e-04 1.6157170419e+04 1.5707963268e+00 1.4317221814e+00
1.1342379033e-04 1.6164140119e+04 1.5707963268e+00 1.4341931806e+00
1.1362855610e-04 1.6171127239e+04 1.5707963268e+00 1.4366620480e+00
1.1383321424e-04 1.6178131792e+04 1.5707963268e+00 1.4391287810e+00
1.1403776469e-04 1.6185153790e+04 1.5707963268e+00 1.4415933771e+00
1.1424220738e-04 1.6192193245e+04 1.5707963268e+00 1.4440558337e+00
1.1444654227e-04 1.6199250170e+04 1.5707963268e+00 1.4465161483e+00
1.1465076928e-04 1.6206324577e+04 1.5707963268e+00 1.4489743184e+00
1.1485488836e-04 1.6213416478e+04 1.5707963268e+00 1.4514303414e+00
1.1505889944e-04 1.6220525886e+04 1.5707963268e+00 1.4538842149e+00
1.1526280248e-04 1.6227652812e+04 1.5707963268e+00 1.4563359365e+00
1.1546659742e-04 1.6234797268e+04 1.5707963268e+00 1.4587855035e+00
1.1567028419e-04 1.6241959267e+04 1.5707963268e+00 1.4612329137e+00
1.1587386275e-04 1.6249138820e+04 1.5707963268e+00 1.4636781645e+00
1.1607733303e-04 1.6256335940e+04 1.5707963268e+00 1.4661212535e+00
1.1628069499e-04 1.6263550637e+04 1.5707963268e+00 1.4685621783e+00
1.1648394858e-04 1.6270782924e+04 1.5707963268e+00 1.4710009366e+00
1.1668709373e-04 1.6278032813e+04 1.5707963268e+00 1.4734375258e+00
1.1689013041e-04 1.6285300315e+04 1.5707963268e+00 1.4758719436e+00
1.1709305855e-04 1.6292585442e+04 1.5707963268e+00 1.4783041877e+00
1.1729587811e-04 1.6299888205e+04 1.5707963268e+00 1.4807342557e+00
1.1749858904e-04 1.6307208615e+04 1.5707963268e+00 1.4831621453e+00
1.1770119129e-04 1.6314546685e+04 1.5707963268e+00 1.4855878540e+00
1.1790368481e-04 1.6321902426e+04 1.5707963268e+00 1.4880113797e+00
1.1810606956e-04 1.6329275848e+04 1.5707963268e+00 1.4904327201e+00
1.1830834548e-04 1.6336666964e+04 1.5707963268e+00 1.4928518727e+00
1.1851051254e-04 1.6344075784e+04 1.5707963268e+00 1.4952688353e+00
1.1871257069e-04 1.6351502319e+04 1.5707963268e+00 1.4976836058e+00
1.1891451989e-04 1.6358946581e+04 1.5707963268e+00 1.5000961817e+00
1.1911636008e-04 1.6366408581e+04 1.5707963268e+00 1.5025065610e+00
1.1931809123e-04 1.6373888329e+04 1.5707963268e+00 1.5049147413e+00
1.1951971331e-04 1.6381385837e+04 1.5707963268e+00 1.5073207204e+00
1.1972122625e-04 1.6388901115e+04 1.5707963268e+00 1.5097244962e+00
1.1992263004e-04 1.6396434175e+04 1.5707963268e+00 1.5121260664e+00
1.2012392462e-04 1.6403985026e+04 1.5707963268e+00 1.5145254288e+00
1.2032510996e-04 1.6411553680e+04 1.5707963268e+00 1.5169225814e+00
1.2052618601e-04 1.6419140147e+04 1.5707963268e+00 1.5193175219e+00
1.2072715275e-04 1.6426744438e+04 1.5707963268e+00 1.5217102482e+00
1.2092801013e-04 1.6434366563e+04 1.5707963268e+00 1.5241007582e+00
1.2112875813e-04 1.6442006533e+04 1.5707963268e+00 1.5264890498e+00
1.2132939669e-04 1.6449664358e+04 1.5707963268e+00 1.5288751209e+00
1.2152992580e-04 1.6457340048e+04 1.5707963268e+00 1.5312589693e+00
1.2173034541e-04 1.6465033614e+04 1.5707963268e+00 1.5336405931e+00
1.2193065550e-04 1.6472745066e+04 1.5707963268e+00 1.5360199901e+00
1.2213085602e-04 1.6480474414e+04 1.5707963268e+00 1.5383971583e+00
1.2233094696e-04 1.6488221668e+04 1.5707963268e+00 1.5407720957e+00
1.2253092827e-04 1.6495986839e+04 1.5707963268e+00 1.5431448002e+00
1.2273079993e-04 1.6503769935e+04 1.5707963268e+00 1.5455152699e+00
1.2293056191e-04 1.6511570967e+04 1.5707963268e+00 1.5478835027e+00
1.2313021418e-04 1.6519389945e+04 1.5707963268e+00 1.5502494967e+00
1.2332975671e-04 1.6527226879e+04 1.5707963268e+00 1.5526132498e+00
1.2352918948e-04 1.6535081777e+04 1.5707963268e+00 1.5549747602e+00
1.2372851246e-04 1.6542954651e+04 1.5707963268e+00 1.5573340259e+00
1.2392772561e-04 1.6550845509e+04 1.5707963268e+00 1.5596910449e+00
1.2412682893e-04 1.6558754361e+04 1.5707963268e+00 1.5620458154e+00
1.2432582238e-04 1.6566681217e+04 1.5707963268e+00 1.5643983354e+00
1.2452470594e-04 1.6574626085e+04 1.5707963268e+00 1.5667486031e+00
1.2472347958e-04 1.6582588975e+04 1.5707963268e+00 1.5690966165e+00
1.2492214330e-04 1.6590569897e+04 1.5707963268e+00 1.5714423738e+00
1.2512069705e-04 1.6598568859e+04 1.5707963268e+00 1.5737858732e+00
1.2531914083e-04 1.6606585871e+04 1.5707963268e+00 1.5761271128e+00
1.2551747460e-04 1.6614620942e+04 1.5707963268e+00 1.5784660908e+00
1.2571569837e-04 1.6622674080e+04 1.5707963268e+00 1.5808028054e+00
1.2591381209e-04 1.6630745295e+04 1.5707963268e+00 1.5831372547e+00
1.2611181576e-04 1.6638834596e+04 1.5707963268e+00 1.5854694370e+00
1.2630970936e-04 1.6646941991e+04 1.5707963268e+00 1.5877993506e+00
1.2650749288e-04 1.6655067489e+04 1.5707963268e+00 1.5901269936e+00
1.2670516629e-04 1.6663211099e+04 1.5707963268e+00 1.5924523644e+00
1.2690272958e-04 1.6671372829e+04 1.5707963268e+00 1.5947754611e+00
1.2710018274e-04 1.6679552688e+04 1.5707963268e+00 1.5970962821e+00
1.2729752575e-04 1.6687750685e+04 1.5707963268e+00 1.5994148257e+00
1.2749475861e-04 1.6695966827e+04 1.5707963268e+00 1.6017310901e+00
1.2769188129e-04 1.6704201123e+04 1.5707963268e+00 1.6040450738e+00
1.2788889379e-04 1.6712453582e+04 1.5707963268e+00 1.6063567749e+00
1.2808579609e-04 1.6720724211e+04 1.5707963268e+00 1.6086661920e+00
1.2828258819e-04 1.6729013019e+04 1.5707963268e+00 1.6109733233e+00
1.2847927007e-04 1.6737320013e+04 1.5707963268e+00 1.6132781672e+00
1.2867584174e-04 1.6745645203e+04 1.5707963268e+00 1.6155807221e+00
1.2887230316e-04 1.6753988595e+04 1.5707963268e+00 1.6178809864e+00
1.2906865436e-04 1.6762350197e+04 1.5707963268e+00 1.6201789585e+00
1.2926489530e-04 1.6770730018e+04 1.5707963268e+00 1.6224746369e+00
1.2946102599e-04 1.6779128065e+04 1.5707963268e+00 1.6247680200e+00
1.2965704643e-04 1.6787544346e+04 1.5707963268e+00 1.6270591062e+00
1.2985295660e-04 1.6795978867e+04 1.5707963268e+00 1.6293478940e+00
1.3004875651e-04 1.6804431638e+04 1.5707963268e+00 1.6316343820e+00
1.3024444614e-04 1.6812902665e+04 1.5707963268e+00 1.6339185685e+00
1.3044002551e-04 1.6821391956e+04 1.5707963268e+00 1.6362004522e+00
1.3063549460e-04 1.6829899517e+04 1.5707963268e+00 1.6384800314e+00
1.3083085341e-04 1.6838425357e+04 1.5707963268e+00 1.6407573049e+00
1.3102610195e-04 1.6846969482e+04 1.5707963268e+00 1.6430322710e+00
1.3122124021e-04 1.6855531900e+04 1.5707963268e+00 1.6453049285e+00
1.3141626819e-04 1.6864112617e+04 1.5707963268e+00 1.6475752758e+00
1.3161118590e-04 1.6872711640e+04 1.5707963268e+00 1.6498433115e+00
1.3180599333e-04 1.6881328977e+04 1.5707963268e+00 1.6521090343e+00
1.3200069049e-04 1.6889964634e+04 1.5707963268e+00 1.6543724428e+00
1.3219527739e-04 1.6898618618e+04 1.5707963268e+00 1.6566335356e+00
1.3238975402e-04 1.6907290935e+04 1.5707963268e+00 1.6588923113e+00
1.3258412040e-04 1.6915981593e+04 1.5707963268e+00 1.6611487686e+00
1.3277837652e-04 1.6924690597e+04 1.5707963268e+00 1.6634029062e+00
1.3297252239e-04 1.6933417954e+04 1.5707963268e+00 1.6656547228e+00
1.3316655802e-04 1.6942163672e+04 1.5707963268e+00 1.6679042170e+00
1.3336048341e-04 1.6950927754e+04 1.5707963268e+00 1.6701513877e+00
1.3355429858e-04 1.6959710210e+04 1.5707963268e+00 1.6723962334e+00
1.3374800353e-04 1.6968511043e+04 1.5707963268e+00 1.6746387529e+00
1.3394159828e-04 1.6977330261e+04 1.5707963268e+00 1.6768789451e+00
1.3413508282e-04 1.6986167869e+04 1.5707963268e+00 1.6791168086e+00
1.3432845717e-04 1.6995023874e+04 1.5707963268e+00 1.6813523423e+00
1.3452172135e-04 1.7003898281e+04 1.5707963268e+00 1.6835855449e+00
1.3471487536e-04 1.7012791096e+04 1.5707963268e+00 1.6858164153e+00
1.3490791922e-04 1.7021702325e+04 1.5707963268e+00 1.6880449522e+00
1.3510085293e-04 1.7030631973e+04 1.5707963268e+00 1.6902711545e+00
1.3529367652e-04 1.7039580047e+04 1.5707963268e+00 1.6924950211e+00
1.3548639000e-04 1.7048546551e+04 1.5707963268e+00 1.6947165508e+00
1.3567899338e-04 1.7057531492e+04 1.5707963268e+00 1.6969357425e+00
1.3587148667e-04 1.7066534874e+04 1.5707963268e+00 1.6991525950e+00
1.3606386990e-04 1.7075556703e+04 1.5707963268e+00 1.7013671074e+00
1.3625614308e-04 1.7084596983e+04 1.5707963268e+00 1.7035792784e+00
1.3644830622e-04 1.7093655721e+04 1.5707963268e+00 1.7057891071e+00
1.3664035935e-04 1.7102732922e+04 1.5707963268e+00 1.7079965923e+00
1.3683230249e-04 1.7111828589e+04 1.5707963268e+00 1.7102017331e+00
1.3702413564e-04 1.7120942729e+04 1.5707963268e+00 1.7124045284e+00
1.3721585884e-04 1.7130075346e+04 1.5707963268e+00 1.7146049771e+00
1.3740747211e-04 1.7139226445e+04 1.5707963268e+00 1.7168030784e+00
1.3759897546e-04 1.7148396030e+04 1.5707963268e+00 1.7189988311e+00
1.3779036891e-04 1.7157584107e+04 1.5707963268e+00 1.7211922343e+00
1.3798165249e-04 1.7166790680e+04 1.5707963268e+00 1.7233832872e+00
1.3817282623e-04 1.7176015753e+04 1.5707963268e+00 1.7255719886e+00
1.3836389014e-04 1.7185259331e+04 1.5707963268e+00 1.7277583377e+00
1.3855484424e-04 1.7194521417e+04 1.5707963268e+00 1.7299423335e+00
1.3874568857e-04 1.7203802018e+04 1.5707963268e+00 1.7321239752e+00
1.3893642315e-04 1.7213101135e+04 1.5707963268e+00 1.7343032619e+00
1.3912704800e-04 1.7222418775e+04 1.5707963268e+00 1.7364801926e+00
1.3931756316e-04 1.7231754940e+04 1.5707963268e+00 1.7386547665e+00
1.3950796864e-04 1.7241109635e+04 1.5707963268e+00 1.7408269828e+00
1.3969826448e-04 1.7250482864e+04 1.5707963268e+00 1.7429968406e+00
1.3988845070e-04 1.7259874630e+04 1.5707963268e+00 1.7451643391e+00
1.4007852734e-04 1.7269284938e+04 1.5707963268e+00 1.7473294775e+00
1.4026849441e-04 1.7278713790e+04 1.5707963268e+00 1.7494922549e+00
1.4045835196e-04 1.7288161191e+04 1.5707963268e+00 1.7516526707e+00
1.4064810001e-04 1.7297627144e+04 1.5707963268e+00 1.7538107239e+00
1.4083773860e-04 1.7307111652e+04 1.5707963268e+00 1.7559664139e+00
1.4102726775e-04 1.7316614719e+04 1.5707963268e+00 1.7581197400e+00
1.4121668750e-04 1.7326136349e+04 1.5707963268e+00 1.7602707013e+00
1.4140599788e-04 1.7335676543e+04 1.5707963268e+00 1.7624192972e+00
1.4159519892e-04 1.7345235307e+04 1.5707963268e+00 1.7645655269e+00
1.4178429067e-04 1.7354812642e+04 1.5707963268e+00 1.7667093898e+00
1.4197327314e-04 1.7364408551e+04 1.5707963268e+00 1.7688508852e+00
1.4216214639e-04 1.7374023038e+04 1.5707963268e+00 1.7709900125e+00
1.4235091043e-04 1.7383656106e+04 1.5707963268e+00 1.7731267709e+00
1.4253956532e-04 1.7393307757e+04 1.5707963268e+00 1.7752611598e+00
1.4272811108e-04 1.7402977993e+04 1.5707963268e+00 1.7773931787e+00
1.4291654776e-04 1.7412666818e+04 1.5707963268e+00 1.7795228268e+00
1.4310487539e-04 1.7422374235e+04 1.5707963268e+00 1.7816501037e+00
1.4329309402e-04 1.7432100244e+04 1.5707963268e+00 1.7837750087e+00
1.4348120367e-04 1.7441844850e+04 1.5707963268e+00 1.7858975412e+00
1.4366920439e-04 1.7451608054e+04 1.5707963268e+00 1.7880177008e+00
1.4385709622e-04 1.7461389858e+04 1.5707963268e+00 1.7901354868e+00
1.4404487920e-04 1.7471190265e+04 1.5707963268e+00 1.7922508987e+00
1.4423255337e-04 1.7481009277e+04 1.5707963268e+00 1.7943639360e+00
1.4442011878e-04 1.7490846896e+04 1.5707963268e+00 1.7964745982e+00
1.4460757546e-04 1.7500703123e+04 1.5707963268e+00 1.7985828848e+00
1.4479492346e-04 1.7510577961e+04 1.5707963268e+00 1.8006887953e+00
1.4498216282e-04 1.7520471411e+04 1.5707963268e+00 1.8027923293e+00
1.4516929359e-04 1.7530383475e+04 1.5707963268e+00 1.8048934863e+00
1.4535631581e-04 1.7540314156e+04 1.5707963268e+00 1.8069922659e+00
1.4554322952e-04 1.7550263453e+04 1.5707963268e+00 1.8090886677e+00
1.4573003478e-04 1.7560231369e+04 1.5707963268e+00 1.8111826911e+00
1.4591673162e-04 1.7570217906e+04 1.5707963268e+00 1.8132743360e+00
1.4610332010e-04 1.7580223064e+04 1.5707963268e+00 1.8153636017e+00
1.4628980025e-04 1.7590246844e+04 1.5707963268e+00 1.8174504881e+00
1.4647617214e-04 1.7600289249e+04 1.5707963268e+00 1.8195349947e+00
1.4666243580e-04 1.7610350279e+04 1.5707963268e+00 1.8216171211e+00
1.4684859128e-04 1.7620429935e+04 1.5707963268e+00 1.8236968671e+00
1.4703463865e-04 1.7630528218e+04 1.5707963268e+00 1.8257742324e+00
1.4722057793e-04 1.7640645129e+04 1.5707963268e+00 1.8278492165e+00
1.4740640919e-04 1.7650780669e+04 1.5707963268e+00 1.8299218193e+00
1.4759213247e-04 1.7660934838e+04 1.5707963268e+00 1.8319920404e+00
1.4777774783e-04 1.7671107638e+04 1.5707963268e+00 1.8340598797e+00
1.4796325532e-04 1.7681299068e+04 1.5707963268e+00 1.8361253367e+00
1.4814865498e-04 1.7691509130e+04 1.5707963268e+00 1.8381884113e+00
1.4833394688e-04 1.7701737823e+04 1.5707963268e+00 1.8402491033e+00
1.4851913107e-04 1.7711985148e+04 1.5707963268e+00 1.8423074124e+00
1.4870420759e-04 1.7722251105e+04 1.5707963268e+00 1.8443633384e+00
1.4888917651e-04 1.7732535695e+04 1.5707963268e+00 1.8464168813e+00
1.4907403788e-04 1.7742838918e+04 1.5707963268e+00 1.8484680406e+00
1.4925879175e-04 1.7753160773e+04 1.5707963268e+00 1.8505168164e+00
1.4944343817e-04 1.7763501261e+04 1.5707963268e+00 1.8525632085e+00
1.4962797722e-04 1.7773860382e+04 1.5707963268e+00 1.8546072166e+00
1.4981240893e-04 1.7784238135e+04 1.5707963268e+00 1.8566488408e+00
1.4999673338e-04 1.7794634520e+04 1.5707963268e+00 1.8586880808e+00
1.5018095061e-04 1.7805049536e+04 1.5707963268e+00 1.8607249367e+00
1.5036506068e-04 1.7815483184e+04 1.5707963268e+00 1.8627594082e+00
1.5054906366e-04 1.7825935463e+04 1.5707963268e+00 1.8647914954e+00
1.5073295960e-04 1.7836406373e+04 1.5707963268e+00 1.8668211981e+00
1.5091674855e-04 1.7846895912e+04 1.5707963268e+00 1.8688485163e+00
1.5110043060e-04 1.7857404080e+04 1.5707963268e+00 1.8708734500e+00
1.5128400578e-04 1.7867930876e+04 1.5707963268e+00 1.8728959992e+00
1.5146747416e-04 1.7878476300e+04 1.5707963268e+00 1.8749161638e+00
1.5165083581e-04 1.7889040350e+04 1.5707963268e+00 1.8769339439e+00
1.5183409078e-04 1.7899623026e+04 1.5707963268e+00 1.8789493394e+00
1.5201723914e-04 1.7910224326e+04 1.5707963268e+00 1.8809623504e+00
1.5220028095e-04 1.7920844249e+04 1.5707963268e+00 1.8829729770e+00
1.5238321628e-04 1.7931482794e+04 1.5707963268e+00 1.8849812191e+00
1.5256604518e-04 1.7942139960e+04 1.5707963268e+00 1.8869870769e+00
1.5274876772e-04 1.7952815745e+04 1.5707963268e+00 1.8889905505e+00
1.5293138396e-04 1.7963510148e+04 1.5707963268e+00 1.8909916398e+00
1.5311389398e-04 1.7974223167e+04 1.5707963268e+00 1.8929903451e+00
1.5329629783e-04 1.7984954801e+04 1.5707963268e+00 1.8949866664e+00
1.5347859558e-04 1.7995705048e+04 1.5707963268e+00 1.8969806038e+00
1.5366078730e-04 1.8006473906e+04 1.5707963268e+00 1.8989721576e+00
1.5384287305e-04 1.8017261374e+04 1.5707963268e+00 1.9009613278e+00
1.5402485291e-04 1.8028067449e+04 1.5707963268e+00 1.9029481147e+00
1.5420672693e-04 1.8038892129e+04 1.5707963268e+00 1.9049325183e+00
1.5438849519e-04 1.8049735414e+04 1.5707963268e+00 1.9069145390e+00
1.5457015775e-04 1.8060597299e+04 1.5707963268e+00 1.9088941768e+00
1.5475171468e-04 1.8071477784e+04 1.5707963268e+00 1.9108714321e+00
1.5493316606e-04 1.8082376865e+04 1.5707963268e+00 1.9128463049e+00
1.5511451195e-04 1.8093294542e+04 1.5707963268e+00 1.9148187957e+00
1.5529575242e-04 1.8104230810e+04 1.5707963268e+00 1.9167889045e+00
1.5547688754e-04 1.8115185668e+04 1.5707963268e+00 1.9187566318e+00
1.5565791739e-04 1.8126159113e+04 1.5707963268e+00 1.9207219777e+00
1.5583884203e-04 1.8137151142e+04 1.5707963268e+00 1.9226849425e+00
1.5601966153e-04 1.8148161753e+04 1.5707963268e+00 1.9246455266e+00
1.5620037598e-04 1.8159190943e+04 1.5707963268e+00 1.9266037303e+00
1.5638098543e-04 1.8170238709e+04 1.5707963268e+00 1.9285595538e+00
1.5656148997e-04 1.8181305049e+04 1.5707963268e+00 1.9305129976e+00
1.5674188966e-04 1.8192389958e+04 1.5707963268e+00 1.9324640619e+00
1.5692218459e-04 1.8203493434e+04 1.5707963268e+00 1.9344127471e+00
1.5710237481e-04 1.8214615475e+04 1.5707963268e+00 1.9363590536e+00
1.5728246042e-04 1.8225756075e+04 1.5707963268e+00 1.9383029819e+00
1.5746244148e-04 1.8236915234e+04 1.5707963268e+00 1.9402445321e+00
1.5764231806e-04 1.8248092946e+04 1.5707963268e+00 1.9421837049e+00
1.5782209025e-04 1.8259289209e+04 1.5707963268e+00 1.9441205005e+00
1.5800175812e-04 1.8270504018e+04 1.5707963268e+00 1.9460549195e+00
1.5818132175e-04 1.8281737372e+04 1.5707963268e+00 1.9479869623e+00
1.5836078121e-04 1.8292989264e+04 1.5707963268e+00 1.9499166292e+00
1.5854013658e-04 1.8304259693e+04 1.5707963268e+00 1.9518439209e+00
1.5871938793e-04 1.8315548655e+04 1.5707963268e+00 1.9537688377e+00
1.5889853535e-04 1.8326856144e+04 1.5707963268e+00 1.9556913802e+00
1.5907757892e-04 1.8338182158e+04 1.5707963268e+00 1.9576115488e+00
1.5925651871e-04 1.8349526692e+04 1.5707963268e+00 1.9595293441e+00
1.5943535479e-04 1.8360889743e+04 1.5707963268e+00 1.9614447666e+00
1.5961408726e-04 1.8372271305e+04 1.5707963268e+00 1.9633578169e+00
1.5979271619e-04 1.8383671376e+04 1.5707963268e+00 1.9652684954e+00
1.5997124165e-04 1.8395089950e+04 1.5707963268e+00 1.9671768027e+00
1.6014966374e-04 1.8406527023e+04 1.5707963268e+00 1.9690827394e+00
1.6032798252e-04 1.8417982591e+04 1.5707963268e+00 1.9709863061e+00
1.6050619809e-04 1.8429456649e+04 1.5707963268e+00 1.9728875034e+00
1.6068431052e-04 1.8440949193e+04 1.5707963268e+00 1.9747863319e+00
1.6086231990e-04 1.8452460218e+04 1.5707963268e+00 1.9766827922e+00
1.6104022630e-04 1.8463989719e+04 1.5707963268e+00 1.9785768848e+00
1.6121802981e-04 1.8475537691e+04 1.5707963268e+00 1.9804686106e+00
1.6139573052e-04 1.8487104130e+04 1.5707963268e+00 1.9823579700e+00
1.6157332850e-04 1.8498689031e+04 1.5707963268e+00 1.9842449639e+00
1.6175082383e-04 1.8510292388e+04 1.5707963268e+00 1.9861295927e+00
1.6192821661e-04 1.8521914197e+04 1.5707963268e+00 1.9880118573e+00
1.6210550692e-04 1.8533554452e+04 1.5707963268e+00 1.9898917583e+00
1.6228269484e-04 1.8545213148e+04 1.5707963268e+00 1.9917692964e+00
1.6245978045e-04 1.8556890280e+04 1.5707963268e+00 1.9936444724e+00
1.6263676385e-04 1.8568585843e+04 1.5707963268e+00 1.9955172869e+00
1.6281364511e-04 1.8580299830e+04 1.5707963268e+00 1.9973877407e+00
1.6299042432e-04 1.8592032237e+04 1.5707963268e+00 1.9992558346e+00
1.6316710157e-04 1.8603783059e+04 1.5707963268e+00 2.0011215693e+00
1.6334367694e-04 1.8615552288e+04 1.5707963268e+00 2.0029849455e+00
1.6352015053e-04 1.8627339920e+04 1.5707963268e+00 2.0048459641e+00
1.6369652241e-04 1.8639145949e+04 1.5707963268e+00 2.0067046259e+00
1.6387279268e-04 1.8650970369e+04 1.5707963268e+00 2.0085609316e+00
1.6404896143e-04 1.8662813174e+04 1.5707963268e+00 2.0104148821e+00
1.6422502873e-04 1.8674674359e+04 1.5707963268e+00 2.0122664782e+00
1.6440099468e-04 1.8686553916e+04 1.5707963268e+00 2.0141157207e+00
1.6457685937e-04 1.8698451840e+04 1.5707963268e+00 2.0159626105e+00
1.6475262289e-04 1.8710368126e+04 1.5707963268e+00 2.0178071485e+00
1.6492828532e-04 1.8722302765e+04 1.5707963268e+00 2.0196493354e+00
1.6510384675e-04 1.8734255753e+04 1.5707963268e+00 2.0214891722e+00
1.6527930729e-04 1.8746227083e+04 1.5707963268e+00 2.0233266597e+00
1.6545466700e-04 1.8758216748e+04 1.5707963268e+00 2.0251617990e+00
1.6562992599e-04 1.8770224742e+04 1.5707963268e+00 2.0269945908e+00
1.6580508435e-04 1.8782251059e+04 1.5707963268e+00 2.0288250361e+00
1.6598014216e-04 1.8794295691e+04 1.5707963268e+00 2.0306531358e+00
1.6615509952e-04 1.8806358632e+04 1.5707963268e+00 2.0324788909e+00
1.6632995652e-04 1.8818439875e+04 1.5707963268e+00 2.0343023023e+00
1.6650471325e-04 1.8830539414e+04 1.5707963268e+00 2.0361233709e+00
1.6667936980e-04 1.8842657240e+04 1.5707963268e+00 2.0379420978e+00
1.6685392627e-04 1.8854793349e+04 1.5707963268e+00 2.0397584840e+00
1.6702838275e-04 1.8866947731e+04 1.5707963268e+00 2.0415725303e+00
1.6720273932e-04 1.8879120381e+04 1.5707963268e+00 2.0433842379e+00
1.6737699609e-04 1.8891311291e+04 1.5707963268e+00 2.0451936077e+00
1.6755115314e-04 1.8903520454e+04 1.5707963268e+00 2.0470006408e+00
1.6772521058e-04 1.8915747863e+04 1.5707963268e+00 2.0488053381e+00
1.6789916849e-04 1.8927993509e+04 1.5707963268e+00 2.0506077008e+00
1.6807302696e-04 1.8940257386e+04 1.5707963268e+00 2.0524077298e+00
1.6824678610e-04 1.8952539487e+04 1.5707963268e+00 2.0542054263e+00
1.6842044600e-04 1.8964839803e+04 1.5707963268e+00 2.0560007913e+00
1.6859400675e-04 1.8977158327e+04 1.5707963268e+00 2.0577938259e+00
1.6876746844e-04 1.8989495052e+04 1.5707963268e+00 2.0595845312e+00
1.6894083118e-04 1.9001849969e+04 1.5707963268e+00 2.0613729083e+00
1.6911409505e-04 1.9014223071e+04 1.5707963268e+00 2.0631589582e+00
1.6928726016e-04 1.9026614350e+04 1.5707963268e+00 2.0649426822e+00
1.6946032660e-04 1.9039023798e+04 1.5707963268e+00 2.0667240813e+00
1.6963329447e-04 1.9051451407e+04 1.5707963268e+00 2.0685031567e+00
1.6980616386e-04 1.9063897169e+04 1.5707963268e+00 2.0702799096e+00
1.6997893487e-04 1.9076361075e+04 1.5707963268e+00 2.0720543411e+00
1.7015160759e-04 1.9088843119e+04 1.5707963268e+00 2.0738264523e+00
1.7032418213e-04 1.9101343290e+04 1.5707963268e+00 2.0755962444e+00
1.7049665858e-04 1.9113861581e+04 1.5707963268e+00 2.0773637187e+00
1.7066903705e-04 1.9126397984e+04 1.5707963268e+00 2.0791288764e+00
1.7084131761e-04 1.9138952491e+04 1.5707963268e+00 2.0808917185e+00
1.7101350039e-04 1.9151525091e+04 1.5707963268e+00 2.0826522465e+00
1.7118558547e-04 1.9164115778e+04 1.5707963268e+00 2.0844104613e+00
1.7135757295e-04 1.9176724543e+04 1.5707963268e+00 2.0861663644e+00
1.7152946293e-04 1.9189351376e+04 1.5707963268e+00 2.0879199570e+00
1.7170125551e-04 1.9201996269e+04 1.5707963268e+00 2.0896712403e+00
1.7187295080e-04 1.9214659214e+04 1.5707963268e+00 2.0914202155e+00
1.7204454888e-04 1.9227340201e+04 1.5707963268e+00 2.0931668840e+00
1.7221604986e-04 1.9240039221e+04 1.5707963268e+00 2.0949112470e+00
1.7238745384e-04 1.9252756266e+04 1.5707963268e+00 2.0966533058e+00
1.7255876092e-04 1.9265491327e+04 1.5707963268e+00 2.0983930618e+00
1.7272997120e-04 1.9278244393e+04 1.5707963268e+00 2.1001305161e+00
1.7290108478e-04 1.9291015457e+04 1.5707963268e+00 2.1018656702e+00
1.7307210177e-04 1.9303804509e+04 1.5707963268e+00 2.1035985253e+00
1.7324302225e-04 1.9316611539e+04 1.5707963268e+00 2.1053290829e+00
1.7341384634e-04 1.9329436539e+04 1.5707963268e+00 2.1070573441e+00
1.7358457413e-04 1.9342279498e+04 1.5707963268e+00 2.1087833105e+00
1.7375520572e-04 1.9355140408e+04 1.5707963268e+00 2.1105069833e+00
1.7392574123e-04 1.9368019259e+04 1.5707963268e+00 2.1122283639e+00
1.7409618074e-04 1.9380916041e+04 1.5707963268e+00 2.1139474538e+00
1.7426652437e-04 1.9393830745e+04 1.5707963268e+00 2.1156642542e+00
1.7443677221e-04 1.9406763361e+04 1.5707963268e+00 2.1173787666e+00
1.7460692437e-04 1.9419713880e+04 1.5707963268e+00 2.1190909924e+00
1.7477698094e-04 1.9432682290e+04 1.5707963268e+00 2.1208009329e+00
1.7494694204e-04 1.9445668584e+04 1.5707963268e+00 2.1225085897e+00
1.7511680777e-04 1.9458672750e+04 1.5707963268e+00 2.1242139641e+00
1.7528657822e-04 1.9471694779e+04 1.5707963268e+00 2.1259170577e+00
1.7545625350e-04 1.9484734660e+04 1.5707963268e+00 2.1276178717e+00
1.7562583372e-04 1.9497792385e+04 1.5707963268e+00 2.1293164077e+00
1.7579531898e-04 1.9510867941e+04 1.5707963268e+00 2.1310126672e+00
1.7596470938e-04 1.9523961320e+04 1.5707963268e+00 2.1327066516e+00
1.7613400503e-04 1.9537072511e+04 1.5707963268e+00 2.1343983624e+00
1.7630320603e-04 1.9550201504e+04 1.5707963268e+00 2.1360878011e+00
1.7647231248e-04 1.9563348288e+04 1.5707963268e+00 2.1377749691e+00
1.7664132450e-04 1.9576512853e+04 1.5707963268e+00 2.1394598681e+00
1.7681024218e-04 1.9589695189e+04 1.5707963268e+00 2.1411424994e+00
1.7697906562e-04 1.9602895284e+04 1.5707963268e+00 2.1428228647e+00
1.7714779495e-04 1.9616113129e+04 1.5707963268e+00 2.1445009654e+00
1.7731643025e-04 1.9629348712e+04 1.5707963268e+00 2.1461768031e+00
1.7748497164e-04 1.9642602024e+04 1.5707963268e+00 2.1478503793e+00
1.7765341922e-04 1.9655873053e+04 1.5707963268e+00 2.1495216955e+00
1.7782177310e-04 1.9669161788e+04 1.5707963268e+00 2.1511907534e+00
1.7799003338e-04 1.9682468219e+04 1.5707963268e+00 2.1528575546e+00
1.7815820017e-04 1.9695792335e+04 1.5707963268e+00 2.1545221005e+00
1.7832627357e-04 1.9709134125e+04 1.5707963268e+00 2.1561843927e+00
1.7849425369e-04 1.9722493577e+04 1.5707963268e+00 2.1578444329e+00
1.7866214064e-04 1.9735870681e+04 1.5707963268e+00 2.1595022227e+00
1.7882993452e-04 1.9749265426e+04 1.5707963268e+00 2.1611577636e+00
1.7899763544e-04 1.9762677800e+04 1.5707963268e+00 2.1628110572e+00
1.7916524351e-04 1.9776107792e+04 1.5707963268e+00 2.1644621053e+00
1.7933275883e-04 1.9789555392e+04 1.5707963268e+00 2.1661109094e+00
1.7950018152e-04 1.9803020587e+04 1.5707963268e+00 2.1677574711e+00
1.7966751167e-04 1.9816503366e+04 1.5707963268e+00 2.1694017921e+00
1.7983474940e-04 1.9830003718e+04 1.5707963268e+00 2.1710438741e+00
1.8000189480e-04 1.9843521632e+04 1.5707963268e+00 2.1726837186e+00
1.8016894800e-04 1.9857057096e+04 1.5707963268e+00 2.1743213275e+00
1.8033590910e-04 1.9870610098e+04 1.5707963268e+00 2.1759567023e+00
1.8050277820e-04 1.9884180626e+04 1.5707963268e+00 2.1775898447e+00
1.8066955542e-04 1.9897768670e+04 1.5707963268e+00 2.1792207564e+00
1.8083624086e-04 1.9911374217e+04 1.5707963268e+00 2.1808494391e+00
1.8100283463e-04 1.9924997256e+04 1.5707963268e+00 2.1824758945e+00
1.8116933683e-04 1.9938637774e+04 1.5707963268e+00 2.1841001243e+00
1.8133574759e-04 1.9952295760e+04 1.5707963268e+00 2.1857221303e+00
1.8150206699e-04 1.9965971202e+04 1.5707963268e+00 2.1873419141e+00
1.8166829516e-04 1.9979664088e+04 1.5707963268e+00 2.1889594775e+00
1.8183443221e-04 1.9993374406e+04 1.5707963268e+00 2.1905748222e+00
1.8200047823e-04 2.0007102144e+04 1.5707963268e+00 2.1921879499e+00
1.8216643335e-04 2.0020847290e+04 1.5707963268e+00 2.1937988625e+00
1.8233229766e-04 2.0034609832e+04 1.5707963268e+00 2.1954075616e+00
1.8249807128e-04 2.0048389757e+04 1.5707963268e+00 2.1970140490e+00
1.8266375432e-04 2.0062187053e+04 1.5707963268e+00 2.1986183266e+00
1.8282934689e-04 2.0076001709e+04 1.5707963268e+00 2.2002203960e+00
1.8299484909e-04 2.0089833711e+04 1.5707963268e+00 2.2018202591e+00
1.8316026104e-04 2.0103683047e+04 1.5707963268e+00 2.2034179176e+00
1.8332558284e-04 2.0117549704e+04 1.5707963268e+00 2.2050133734e+00
1.8349081461e-04 2.0131433672e+04 1.5707963268e+00 2.2066066282e+00
1.8365595646e-04 2.0145334936e+04 1.5707963268e+00 2.2081976838e+00
1.8382100849e-04 2.0159253484e+04 1.5707963268e+00 2.2097865422e+00
1.8398597081e-04 2.0173189304e+04 1.5707963268e+00 2.2113732050e+00
1.8415084354e-04 2.0187142382e+04 1.5707963268e+00 2.2129576742e+00
1.8431562678e-04 2.0201112707e+04 1.5707963268e+00 2.2145399515e+00
1.8448032065e-04 2.0215100266e+04 1.5707963268e+00 2.2161200388e+00
1.8464492525e-04 2.0229105045e+04 1.5707963268e+00 2.2176979379e+00
1.8480944070e-04 2.0243127032e+04 1.5707963268e+00 2.2192736508e+00
1.8497386711e-04 2.0257166214e+04 1.5707963268e+00 2.2208471792e+00
1.8513820459e-04 2.0271222578e+04 1.5707963268e+00 2.2224185251e+00
1.8530245324e-04 2.0285296111e+04 1.5707963268e+00 2.2239876902e+00
1.8546661318e-04 2.0299386801e+04 1.5707963268e+00 2.2255546765e+00
1.8563068452e-04 2.0313494633e+04 1.5707963268e+00 2.2271194859e+00
1.8579466737e-04 2.0327619595e+04 1.5707963268e+00 2.2286821203e+00
1.8595856184e-04 2.0341761674e+04 1.5707963268e+00 2.2302425814e+00
1.8612236804e-04 2.0355920857e+04 1.5707963268e+00 2.2318008714e+00
1.8628608608e-04 2.0370097130e+04 1.5707963268e+00 2.2333569920e+00
1.8644971608e-04 2.0384290480e+04 1.5707963268e+00 2.2349109451e+00
1.8661325815e-04 2.0398500894e+04 1.5707963268e+00 2.2364627328e+00
1.8677671239e-04 2.0412728359e+04 1.5707963268e+00 2.2380123569e+00
1.8694007892e-04 2.0426972861e+04 1.5707963268e+00 2.2395598193e+00
1.8710335785e-04 2.0441234386e+04 1.5707963268e+00 2.2411051220e+00
1.8726654929e-04 2.0455512922e+04 1.5707963268e+00 2.2426482670e+00
1.8742965335e-04 2.0469808454e+04 1.5707963268e+00 2.2441892561e+00
1.8759267015e-04 2.0484120969e+04 1.5707963268e+00 2.2457280913e+00
1.8775559979e-04 2.0498450454e+04 1.5707963268e+00 2.2472647746e+00
1.8791844238e-04 2.0512796895e+04 1.5707963268e+00 2.2487993080e+00
1.8808119805e-04 2.0527160278e+04 1.5707963268e+00 2.2503316935e+00
1.8824386690e-04 2.0541540590e+04 1.5707963268e+00 2.2518619329e+00
1.8840644904e-04 2.0555937816e+04 1.5707963268e+00 2.2533900283e+00
1.8856894458e-04 2.0570351944e+04 1.5707963268e+00 2.2549159816e+00
1.8873135364e-04 2.0584782958e+04 1.5707963268e+00 2.2564397949e+00
1.8889367633e-04 2.0599230846e+04 1.5707963268e+00 2.2579614702e+00
1.8905591275e-04 2.0613695594e+04 1.5707963268e+00 2.2594810094e+00
1.8921806303e-04 2.0628177187e+04 1.5707963268e+00 2.2609984146e+00
1.8938012728e-04 2.0642675611e+04 1.5707963268e+00 2.2625136878e+00
1.8954210559e-04 2.0657190853e+04 1.5707963268e+00 2.2640268309e+00
1.8970399810e-04 2.0671722898e+04 1.5707963268e+00 2.2655378461e+00
1.8986580491e-04 2.0686271733e+04 1.5707963268e+00 2.2670467353e+00
1.9002752613e-04 2.0700837343e+04 1.5707963268e+00 2.2685535006e+00
1.9018916188e-04 2.0715419714e+04 1.5707963268e+00 2.2700581441e+00
1.9035071226e-04 2.0730018832e+04 1.5707963268e+00 2.2715606676e+00
1.9051217739e-04 2.0744634682e+04 1.5707963268e+00 2.2730610734e+00
1.9067355738e-04 2.0759267251e+04 1.5707963268e+00 2.2745593634e+00
1.9083485235e-04 2.0773916524e+04 1.5707963268e+00 2.2760555398e+00
1.9099606240e-04 2.0788582487e+04 1.5707963268e+00 2.2775496045e+00
1.9115718766e-04 2.0803265125e+04 1.5707963268e+00 2.2790415596e+00
1.9131822822e-04 2.0817964424e+04 1.5707963268e+00 2.2805314073e+00
1.9147918421e-04 2.0832680369e+04 1.5707963268e+00 2.2820191496e+00
1.9164005573e-04 2.0847412947e+04 1.5707963268e+00 2.2835047885e+00
1.9180084291e-04 2.0862162142e+04 1.5707963268e+00 2.2849883262e+00
1.9196154584e-04 2.0876927940e+04 1.5707963268e+00 2.2864697647e+00
1.9212216465e-04 2.0891710326e+04 1.5707963268e+00 2.2879491062e+00
1.9228269944e-04 2.0906509286e+04 1.5707963268e+00 2.2894263527e+00
1.9244315034e-04 2.0921324805e+04 1.5707963268e+00 2.2909015063e+00
1.9260351744e-04 2.0936156869e+04 1.5707963268e+00 2.2923745692e+00
1.9276380087e-04 2.0951005462e+04 1.5707963268e+00 2.2938455434e+00
1.9292400074e-04 2.0965870571e+04 1.5707963268e+00 2.2953144312e+00
1.9308411715e-04 2.0980752179e+04 1.5707963268e+00 2.2967812345e+00
1.9324415023e-04 2.0995650273e+04 1.5707963268e+00 2.2982459555e+00
1.9340410008e-04 2.1010564837e+04 1.5707963268e+00 2.2997085964e+00
1.9356396682e-04 2.1025495857e+04 1.5707963268e+00 2.3011691593e+00
1.9372375056e-04 2.1040443318e+04 1.5707963268e+00 2.3026276463e+00
1.9388345141e-04 2.1055407204e+04 1.5707963268e+00 2.3040840596e+00
1.9404306949e-04 2.1070387501e+04 1.5707963268e+00 2.3055384012e+00
1.9420260491e-04 2.1085384194e+04 1.5707963268e+00 2.3069906734e+00
1.9436205777e-04 2.1100397268e+04 1.5707963268e+00 2.3084408784e+00
1.9452142820e-04 2.1115426708e+04 1.5707963268e+00 2.3098890182e+00
1.9468071631e-04 2.1130472498e+04 1.5707963268e+00 2.3113350950e+00
1.9483992220e-04 2.1145534624e+04 1.5707963268e+00 2.3127791111e+00
1.9499904600e-04 2.1160613070e+04 1.5707963268e+00 2.3142210685e+00
1.9515808781e-04 2.1175707821e+04 1.5707963268e+00 2.3156609694e+00
1.9531704774e-04 2.1190818863e+04 1.5707963268e+00 2.3170988161e+00
1.9547592592e-04 2.1205946179e+04 1.5707963268e+00 2.3185346106e+00
1.9563472245e-04 2.1221089754e+04 1.5707963268e+00 2.3199683553e+00
1.9579343744e-04 2.1236249574e+04 1.5707963268e+00 2.3214000522e+00
1.9595207101e-04 2.1251425622e+04 1.5707963268e+00 2.3228297035e+00
1.9611062327e-04 2.1266617884e+04 1.5707963268e+00 2.3242573116e+00
1.9626909433e-04 2.1281826344e+04 1.5707963268e+00 2.3256828785e+00
1.9642748430e-04 2.1297050987e+04 1.5707963268e+00 2.3271064064e+00
1.9658579331e-04 2.1312291797e+04 1.5707963268e+00 2.3285278976e+00
1.9674402145e-04 2.1327548758e+04 1.5707963268e+00 2.3299473543e+00
1.9690216885e-04 2.1342821856e+04 1.5707963268e+00 2.3313647787e+00
1.9706023561e-04 2.1358111075e+04 1.5707963268e+00 2.3327801730e+00
1.9721822185e-04 2.1373416399e+04 1.5707963268e+00 2.3341935394e+00
1.9737612767e-04 2.1388737812e+04 1.5707963268e+00 2.3356048802e+00
1.9753395321e-04 2.1404075300e+04 1.5707963268e+00 2.3370141975e+00
1.9769169855e-04 2.1419428846e+04 1.5707963268e+00 2.3384214936e+00
1.9784936383e-04 2.1434798434e+04 1.5707963268e+00 2.3398267708e+00
1.9800694914e-04 2.1450184050e+04 1.5707963268e+00 2.3412300313e+00
1.9816445461e-04 2.1465585677e+04 1.5707963268e+00 2.3426312773e+00
1.9832188034e-04 2.1481003300e+04 1.5707963268e+00 2.3440305110e+00
1.9847922644e-04 2.1496436903e+04 1.5707963268e+00 2.3454277347e+00
1.9863649304e-04 2.1511886470e+04 1.5707963268e+00 2.3468229507e+00
1.9879368024e-04 2.1527351985e+04 1.5707963268e+00 2.3482161612e+00
1.9895078815e-04 2.1542833432e+04 1.5707963268e+00 2.3496073685e+00
1.9910781689e-04 2.1558330797e+04 1.5707963268e+00 2.3509965748e+00
1.9926476656e-04 2.1573844062e+04 1.5707963268e+00 2.3523837824e+00
1.9942163729e-04 2.1589373211e+04 1.5707963268e+00 2.3537689935e+00
1.9957842917e-04 2.1604918230e+04 1.5707963268e+00 2.3551522104e+00
1.9973514234e-04 2.1620479102e+04 1.5707963268e+00 2.3565334354e+00
1.9989177688e-04 2.1636055811e+04 1.5707963268e+00 2.3579126708e+00
2.0004833293e-04 2.1651648341e+04 1.5707963268e+00 2.3592899187e+00
2.0020481059e-04 2.1667256675e+04 1.5707963268e+00 2.3606651816e+00
2.0036120997e-04 2.1682880799e+04 1.5707963268e+00 2.3620384617e+00
2.0051753118e-04 2.1698520696e+04 1.5707963268e+00 2.3634097613e+00
2.0067377434e-04 2.1714176349e+04 1.5707963268e+00 2.3647790826e+00
2.0082993955e-04 2.1729847744e+04 1.5707963268e+00 2.3661464280e+00
2.0098602694e-04 2.1745534862e+04 1.5707963268e+00 2.3675117997e+00
2.0114203661e-04 2.1761237690e+04 1.5707963268e+00 2.3688752000e+00
2.0129796867e-04 2.1776956209e+04 1.5707963268e+00 2.3702366313e+00
2.0145382323e-04 2.1792690405e+04 1.5707963268e+00 2.3715960958e+00
2.0160960041e-04 2.1808440261e+04 1.5707963268e+00 2.3729535958e+00
2.0176530032e-04 2.1824205760e+04 1.5707963268e+00 2.3743091337e+00
2.0192092307e-04 2.1839986886e+04 1.5707963268e+00 2.3756627117e+00
2.0207646877e-04 2.1855783624e+04 1.5707963268e+00 2.3770143321e+00
2.0223193753e-04 2.1871595957e+04 1.5707963268e+00 2.3783639973e+00
2.0238732946e-04 2.1887423868e+04 1.5707963268e+00 2.3797117096e+00
2.0254264468e-04 2.1903267341e+04 1.5707963268e+00 2.3810574713e+00
2.0269788329e-04 2.1919126360e+04 1.5707963268e+00 2.3824012847e+00
2.0285304541e-04 2.1935000909e+04 1.5707963268e+00 2.3837431521e+00
2.0300813115e-04 2.1950890971e+04 1.5707963268e+00 2.3850830759e+00
2.0316314062e-04 2.1966796529e+04 1.5707963268e+00 2.3864210583e+00
2.0331807393e-04 2.1982717568e+04 1.5707963268e+00 2.3877571018e+00
2.0347293119e-04 2.1998654071e+04 1.5707963268e+00 2.3890912086e+00
2.0362771251e-04 2.2014606021e+04 1.5707963268e+00 2.3904233810e+00
2.0378241801e-04 2.2030573401e+04 1.5707963268e+00 2.3917536214e+00
2.0393704778e-04 2.2046556196e+04 1.5707963268e+00 2.3930819322e+00
2.0409160196e-04 2.2062554389e+04 1.5707963268e+00 2.3944083156e+00
2.0424608064e-04 2.2078567964e+04 1.5707963268e+00 2.3957327741e+00
2.0440048393e-04 2.2094596903e+04 1.5707963268e+00 2.3970553099e+00
2.0455481195e-04 2.2110641190e+04 1.5707963268e+00 2.3983759254e+00
2.0470906481e-04 2.2126700809e+04 1.5707963268e+00 2.3996946229e+00
2.0486324262e-04 2.2142775743e+04 1.5707963268e+00 2.4010114048e+00
2.0501734548e-04 2.2158865975e+04 1.5707963268e+00 2.4023262734e+00
2.0517137351e-04 2.2174971490e+04 1.5707963268e+00 2.4036392311e+00
2.0532532682e-04 2.2191092269e+04 1.5707963268e+00 2.4049502802e+00
2.0547920552e-04 2.2207228297e+04 1.5707963268e+00 2.4062594232e+00
2.0563300971e-04 2.2223379556e+04 1.5707963268e+00 2.4075666622e+00
2.0578673952e-04 2.2239546031e+04 1.5707963268e+00 2.4088719998e+00
2.0594039504e-04 2.2255727704e+04 1.5707963268e+00 2.4101754382e+00
2.0609397640e-04 2.2271924558e+04 1.5707963268e+00 2.4114769798e+00
2.0624748369e-04 2.2288136578e+04 1.5707963268e+00 2.4127766270e+00
2.0640091703e-04 2.2304363745e+04 1.5707963268e+00 2.4140743822e+00
2.0655427652e-04 2.2320606044e+04 1.5707963268e+00 2.4153702476e+00
2.0670756229e-04 2.2336863458e+04 1.5707963268e+00 2.4166642258e+00
2.0686077443e-04 2.2353135969e+04 1.5707963268e+00 2.4179563189e+00
2.0701391306e-04 2.2369423562e+04 1.5707963268e+00 2.4192465295e+00
2.0716697828e-04 2.2385726218e+04 1.5707963268e+00 2.4205348598e+00
2.0731997021e-04 2.2402043922e+04 1.5707963268e+00 2.4218213123e+00
2.0747288895e-04 2.2418376657e+04 1.5707963268e+00 2.4231058894e+00
2.0762573462e-04 2.2434724404e+04 1.5707963268e+00 2.4243885933e+00
2.0777850732e-04 2.2451087149e+04 1.5707963268e+00 2.4256694265e+00
2.0793120716e-04 2.2467464874e+04 1.5707963268e+00 2.4269483913e+00
2.0808383425e-04 2.2483857561e+04 1.5707963268e+00 2.4282254902e+00
2.0823638871e-04 2.2500265194e+04 1.5707963268e+00 2.4295007255e+00
2.0838887063e-04 2.2516687757e+04 1.5707963268e+00 2.4307740995e+00
2.0854128013e-04 2.2533125231e+04 1.5707963268e+00 2.4320456148e+00
2.0869361731e-04 2.2549577601e+04 1.5707963268e+00 2.4333152736e+00
2.0884588229e-04 2.2566044849e+04 1.5707963268e+00 2.4345830783e+00
2.0899807517e-04 2.2582526958e+04 1.5707963268e+00 2.4358490314e+00
2.0915019606e-04 2.2599023911e+04 1.5707963268e+00 2.4371131352e+00
2.0930224507e-04 2.2615535692e+04 1.5707963268e+00 2.4383753920e+00
2.0945422231e-04 2.2632062283e+04 1.5707963268e+00 2.4396358044e+00
2.0960612789e-04 2.2648603667e+04 1.5707963268e+00 2.4408943746e+00
2.0975796191e-04 2.2665159827e+04 1.5707963268e+00 2.4421511051e+00
2.0990972448e-04 2.2681730746e+04 1.5707963268e+00 2.4434059983e+00
2.1006141571e-04 2.2698316407e+04 1.5707963268e+00 2.4446590565e+00
2.1021303571e-04 2.2714916794e+04 1.5707963268e+00 2.4459102821e+00
2.1036458459e-04 2.2731531888e+04 1.5707963268e+00 2.4471596776e+00
2.1051606245e-04 2.2748161673e+04 1.5707963268e+00 2.4484072453e+00
2.1066746940e-04 2.2764806132e+04 1.5707963268e+00 2.4496529876e+00
2.1081880554e-04 2.2781465248e+04 1.5707963268e+00 2.4508969070e+00
2.1097007099e-04 2.2798139003e+04 1.5707963268e+00 2.4521390058e+00
2.1112126586e-04 2.2814827381e+04 1.5707963268e+00 2.4533792864e+00
2.1127239024e-04 2.2831530364e+04 1.5707963268e+00 2.4546177512e+00
2.1142344425e-04 2.2848247935e+04 1.5707963268e+00 2.4558544026e+00
2.1157442800e-04 2.2864980077e+04 1.5707963268e+00 2.4570892430e+00
2.1172534159e-04 2.2881726773e+04 1.5707963268e+00 2.4583222748e+00
2.1187618512e-04 2.2898488006e+04 1.5707963268e+00 2.4595535005e+00
2.1202695871e-04 2.2915263758e+04 1.5707963268e+00 2.4607829224e+00
2.1217766246e-04 2.2932054012e+04 1.5707963268e+00 2.4620105429e+00
2.1232829648e-04 2.2948858752e+04 1.5707963268e+00 2.4632363644e+00
2.1247886087e-04 2.2965677960e+04 1.5707963268e+00 2.4644603893e+00
2.1262935574e-04 2.2982511618e+04 1.5707963268e+00 2.4656826200e+00
2.1277978120e-04 2.2999359710e+04 1.5707963268e+00 2.4669030590e+00
2.1293013735e-04 2.3016222219e+04 1.5707963268e+00 2.4681217086e+00
2.1308042430e-04 2.3033099126e+04 1.5707963268e+00 2.4693385713e+00
2.1323064215e-04 2.3049990416e+04 1.5707963268e+00 2.4705536494e+00
2.1338079102e-04 2.3066896070e+04 1.5707963268e+00 2.4717669453e+00
2.1353087100e-04 2.3083816071e+04 1.5707963268e+00 2.4729784615e+00
2.1368088220e-04 2.3100750403e+04 1.5707963268e+00 2.4741882004e+00
2.1383082474e-04 2.3117699048e+04 1.5707963268e+00 2.4753961643e+00
2.1398069870e-04 2.3134661988e+04 1.5707963268e+00 2.4766023557e+00
2.1413050420e-04 2.3151639207e+04 1.5707963268e+00 2.4778067770e+00
2.1428024135e-04 2.3168630686e+04 1.5707963268e+00 2.4790094306e+00
2.1442991025e-04 2.3185636410e+04 1.5707963268e+00 2.4802103188e+00
2.1457951100e-04 2.3202656360e+04 1.5707963268e+00 2.4814094442e+00
2.1472904371e-04 2.3219690520e+04 1.5707963268e+00 2.4826068091e+00
2.1487850848e-04 2.3236738871e+04 1.5707963268e+00 2.4838024159e+00
2.1502790542e-04 2.3253801397e+04 1.5707963268e+00 2.4849962670e+00
2.1517723464e-04 2.3270878081e+04 1.5707963268e+00 2.4861883648e+00
2.1532649623e-04 2.3287968905e+04 1.5707963268e+00 2.4873787118e+00
2.1547569030e-04 2.3305073851e+04 1.5707963268e+00 2.4885673103e+00
2.1562481697e-04 2.3322192903e+04 1.5707963268e+00 2.4897541628e+00
2.1577387632e-04 2.3339326043e+04 1.5707963268e+00 2.4909392717e+00
2.1592286847e-04 2.3356473254e+04 1.5707963268e+00 2.4921226393e+00
2.1607179351e-04 2.3373634518e+04 1.5707963268e+00 2.4933042681e+00
2.1622065156e-04 2.3390809819e+04 1.5707963268e+00 2.4944841605e+00
2.1636944272e-04 2.3407999138e+04 1.5707963268e+00 2.4956623188e+00
2.1651816709e-04 2.3425202459e+04 1.5707963268e+00 2.4968387456e+00
2.1666682477e-04 2.3442419764e+04 1.5707963268e+00 2.4980134432e+00
2.1681541587e-04 2.3459651036e+04 1.5707963268e+00 2.4991864140e+00
2.1696394049e-04 2.3476896257e+04 1.5707963268e+00 2.5003576605e+00
2.1711239873e-04 2.3494155411e+04 1.5707963268e+00 2.5015271849e+00
2.1726079070e-04 2.3511428479e+04 1.5707963268e+00 2.5026949898e+00
2.1740911650e-04 2.3528715445e+04 1.5707963268e+00 2.5038610776e+00
2.1755737624e-04 2.3546016291e+04 1.5707963268e+00 2.5050254506e+00
2.1770557001e-04 2.3563330999e+04 1.5707963268e+00 2.5061881112e+00
2.1785369792e-04 2.3580659553e+04 1.5707963268e+00 2.5073490619e+00
2.1800176008e-04 2.3598001935e+04 1.5707963268e+00 2.5085083051e+00
2.1814975657e-04 2.3615358128e+04 1.5707963268e+00 2.5096658431e+00
2.1829768752e-04 2.3632728113e+04 1.5707963268e+00 2.5108216785e+00
2.1844555301e-04 2.3650111875e+04 1.5707963268e+00 2.5119758135e+00
2.1859335315e-04 2.3667509395e+04 1.5707963268e+00 2.5131282505e+00
2.1874108805e-04 2.3684920657e+04 1.5707963268e+00 2.5142789921e+00
2.1888875780e-04 2.3702345642e+04 1.5707963268e+00 2.5154280406e+00
2.1903636251e-04 2.3719784334e+04 1.5707963268e+00 2.5165753983e+00
2.1918390228e-04 2.3737236715e+04 1.5707963268e+00 2.5177210677e+00
2.1933137721e-04 2.3754702768e+04 1.5707963268e+00 2.5188650513e+00
2.1947878739e-04 2.3772182475e+04 1.5707963268e+00 2.5200073513e+00
2.1962613295e-04 2.3789675818e+04 1.5707963268e+00 2.5211479702e+00
2.1977341396e-04 2.3807182782e+04 1.5707963268e+00 2.5222869105e+00
2.1992063055e-04 2.3824703348e+04 1.5707963268e+00 2.5234241744e+00
2.2006778280e-04 2.3842237499e+04 1.5707963268e+00 2.5245597644e+00
2.2021487081e-04 2.3859785217e+04 1.5707963268e+00 2.5256936829e+00
2.2036189470e-04 2.3877346485e+04 1.5707963268e+00 2.5268259323e+00
2.2050885455e-04 2.3894921286e+04 1.5707963268e+00 2.5279565149e+00
2.2065575047e-04 2.3912509603e+04 1.5707963268e+00 2.5290854333e+00
2.2080258257e-04 2.3930111417e+04 1.5707963268e+00 2.5302126897e+00
2.2094935093e-04 2.3947726713e+04 1.5707963268e+00 2.5313382866e+00
2.2109605567e-04 2.3965355471e+04 1.5707963268e+00 2.5324622264e+00
2.2124269687e-04 2.3982997676e+04 1.5707963268e+00 2.5335845114e+00
2.2138927465e-04 2.4000653309e+04 1.5707963268e+00 2.5347051441e+00
2.2153578909e-04 2.4018322353e+04 1.5707963268e+00 2.5358241268e+00
2.2168224031e-04 2.4036004791e+04 1.5707963268e+00 2.5369414619e+00
2.2182862839e-04 2.4053700606e+04 1.5707963268e+00 2.5380571519e+00
2.2197495345e-04 2.4071409780e+04 1.5707963268e+00 2.5391711990e+00
2.2212121558e-04 2.4089132296e+04 1.5707963268e+00 2.5402836058e+00
2.2226741487e-04 2.4106868136e+04 1.5707963268e+00 2.5413943746e+00
2.2241355143e-04 2.4124617284e+04 1.5707963268e+00 2.5425035077e+00
2.2255962535e-04 2.4142379721e+04 1.5707963268e+00 2.5436110076e+00
2.2270563674e-04 2.4160155431e+04 1.5707963268e+00 2.5447168766e+00
2.2285158570e-04 2.4177944395e+04 1.5707963268e+00 2.5458211172e+00
2.2299747232e-04 2.4195746598e+04 1.5707963268e+00 2.5469237317e+00
2.2314329670e-04 2.4213562021e+04 1.5707963268e+00 2.5480247224e+00
2.2328905894e-04 2.4231390647e+04 1.5707963268e+00 2.5491240919e+00
2.2343475913e-04 2.4249232459e+04 1.5707963268e+00 2.5502218424e+00
2.2358039738e-04 2.4267087439e+04 1.5707963268e+00 2.5513179763e+00
2.2372597379e-04 2.4284955570e+04 1.5707963268e+00 2.5524124960e+00
2.2387148845e-04 2.4302836836e+04 1.5707963268e+00 2.5535054039e+00
2.2401694146e-04 2.4320731217e+04 1.5707963268e+00 2.5545967024e+00
2.2416233291e-04 2.4338638698e+04 1.5707963268e+00 2.5556863938e+00
2.2430766292e-04 2.4356559261e+04 1.5707963268e+00 2.5567744805e+00
2.2445293156e-04 2.4374492889e+04 1.5707963268e+00 2.5578609649e+00
2.2459813894e-04 2.4392439564e+04 1.5707963268e+00 2.5589458494e+00
2.2474328516e-04 2.4410399268e+04 1.5707963268e+00 2.5600291363e+00
2.2488837032e-04 2.4428371986e+04 1.5707963268e+00 2.5611108279e+00
2.2503339450e-04 2.4446357699e+04 1.5707963268e+00 2.5621909268e+00
2.2517835782e-04 2.4464356390e+04 1.5707963268e+00 2.5632694351e+00
2.2532326036e-04 2.4482368042e+04 1.5707963268e+00 2.5643463554e+00
2.2546810222e-04 2.4500392638e+04 1.5707963268e+00 2.5654216899e+00
2.2561288349e-04 2.4518430160e+04 1.5707963268e+00 2.5664954410e+00
2.2575760428e-04 2.4536480591e+04 1.5707963268e+00 2.5675676111e+00
2.2590226469e-04 2.4554543914e+04 1.5707963268e+00 2.5686382025e+00
2.2604686479e-04 2.4572620111e+04 1.5707963268e+00 2.5697072176e+00
2.2619140470e-04 2.4590709166e+04 1.5707963268e+00 2.5707746588e+00
2.2633588451e-04 2.4608811061e+04 1.5707963268e+00 2.5718405284e+00
2.2648030431e-04 2.4626925779e+04 1.5707963268e+00 2.5729048288e+00
2.2662466420e-04 2.4645053303e+04 1.5707963268e+00 2.5739675623e+00
2.2676896428e-04 2.4663193615e+04 1.5707963268e+00 2.5750287313e+00
2.2691320464e-04 2.4681346698e+04 1.5707963268e+00 2.5760883381e+00
2.2705738537e-04 2.4699512535e+04 1.5707963268e+00 2.5771463850e+00
2.2720150657e-04 2.4717691109e+04 1.5707963268e+00 2.5782028745e+00
2.2734556833e-04 2.4735882403e+04 1.5707963268e+00 2.5792578089e+00
2.2748957076e-04 2.4754086399e+04 1.5707963268e+00 2.5803111905e+00
2.2763351394e-04 2.4772303080e+04 1.5707963268e+00 2.5813630216e+00
2.2777739797e-04 2.4790532430e+04 1.5707963268e+00 2.5824133047e+00
2.2792122295e-04 2.4808774430e+04 1.5707963268e+00 2.5834620420e+00
2.2806498896e-04 2.4827029064e+04 1.5707963268e+00 2.5845092358e+00
2.2820869610e-04 2.4845296315e+04 1.5707963268e+00 2.5855548886e+00
2.2835234447e-04 2.4863576165e+04 1.5707963268e+00 2.5865990027e+00
2.2849593416e-04 2.4881868598e+04 1.5707963268e+00 2.5876415803e+00
2.2863946527e-04 2.4900173595e+04 1.5707963268e+00 2.5886826239e+00
2.2878293788e-04 2.4918491141e+04 1.5707963268e+00 2.5897221357e+00
2.2892635210e-04 2.4936821218e+04 1.5707963268e+00 2.5907601181e+00
2.2906970800e-04 2.4955163808e+04 1.5707963268e+00 2.5917965734e+00
2.2921300570e-04 2.4973518895e+04 1.5707963268e+00 2.5928315040e+00
2.2935624528e-04 2.4991886462e+04 1.5707963268e+00 2.5938649122e+00
2.2949942683e-04 2.5010266491e+04 1.5707963268e+00 2.5948968002e+00
2.2964255044e-04 2.5028658966e+04 1.5707963268e+00 2.5959271705e+00
2.2978561622e-04 2.5047063869e+04 1.5707963268e+00 2.5969560253e+00
2.2992862425e-04 2.5065481183e+04 1.5707963268e+00 2.5979833669e+00
2.3007157462e-04 2.5083910892e+04 1.5707963268e+00 2.5990091977e+00
2.3021446743e-04 2.5102352978e+04 1.5707963268e+00 2.6000335200e+00
2.3035730278e-04 2.5120807424e+04 1.5707963268e+00 2.6010563362e+00
2.3050008074e-04 2.5139274213e+04 1.5707963268e+00 2.6020776484e+00
2.3064280141e-04 2.5157753328e+04 1.5707963268e+00 2.6030974591e+00
2.3078546489e-04 2.5176244753e+04 1.5707963268e+00 2.6041157705e+00
2.3092807127e-04 2.5194748469e+04 1.5707963268e+00 2.6051325849e+00
2.3107062064e-04 2.5213264461e+04 1.5707963268e+00 2.6061479047e+00
2.3121311308e-04 2.5231792710e+04 1.5707963268e+00 2.6071617322e+00
2.3135554870e-04 2.5250333201e+04 1.5707963268e+00 2.6081740696e+00
2.3149792758e-04 2.5268885916e+04 1.5707963268e+00 2.6091849192e+00
2.3164024981e-04 2.5287450838e+04 1.5707963268e+00 2.6101942834e+00
2.3178251549e-04 2.5306027951e+04 1.5707963268e+00 2.6112021645e+00
2.3192472471e-04 2.5324617237e+04 1.5707963268e+00 2.6122085647e+00
2.3206687754e-04 2.5343218679e+04 1.5707963268e+00 2.6132134863e+00
2.3220897410e-04 2.5361832260e+04 1.5707963268e+00 2.6142169317e+00
2.3235101446e-04 2.5380457965e+04 1.5707963268e+00 2.6152189031e+00
2.3249299872e-04 2.5399095774e+04 1.5707963268e+00 2.6162194028e+00
2.3263492697e-04 2.5417745673e+04 1.5707963268e+00 2.6172184331e+00
2.3277679930e-04 2.5436407644e+04 1.5707963268e+00 2.6182159963e+00
2.3291861579e-04 2.5455081669e+04 1.5707963268e+00 2.6192120946e+00
2.3306037654e-04 2.5473767733e+04 1.5707963268e+00 2.6202067303e+00
2.3320208164e-04 2.5492465818e+04 1.5707963268e+00 2.6211999058e+00
2.3334373117e-04 2.5511175907e+04 1.5707963268e+00 2.6221916233e+00
2.3348532523e-04 2.5529897984e+04 1.5707963268e+00 2.6231818850e+00
2.3362686390e-04 2.5548632032e+04 1.5707963268e+00 2.6241706933e+00
2.3376834728e-04 2.5567378034e+04 1.5707963268e+00 2.6251580504e+00
2.3390977545e-04 2.5586135973e+04 1.5707963268e+00 2.6261439586e+00
2.3405114850e-04 2.5604905832e+04 1.5707963268e+00 2.6271284201e+00
2.3419246652e-04 2.5623687595e+04 1.5707963268e+00 2.6281114372e+00
2.3433372960e-04 2.5642481245e+04 1.5707963268e+00 2.6290930122e+00
2.3447493783e-04 2.5661286765e+04 1.5707963268e+00 2.6300731473e+00
2.3461609129e-04 2.5680104139e+04 1.5707963268e+00 2.6310518448e+00
2.3475719008e-04 2.5698933349e+04 1.5707963268e+00 2.6320291069e+00
2.3489823428e-04 2.5717774378e+04 1.5707963268e+00 2.6330049360e+00
2.3503922398e-04 2.5736627212e+04 1.5707963268e+00 2.6339793342e+00
2.3518015927e-04 2.5755491831e+04 1.5707963268e+00 2.6349523038e+00
2.3532104023e-04 2.5774368220e+04 1.5707963268e+00 2.6359238470e+00
2.3546186696e-04 2.5793256363e+04 1.5707963268e+00 2.6368939662e+00
2.3560263954e-04 2.5812156242e+04 1.5707963268e+00 2.6378626635e+00
2.3574335805e-04 2.5831067841e+04 1.5707963268e+00 2.6388299412e+00
2.3588402259e-04 2.5849991142e+04 1.5707963268e+00 2.6397958015e+00
2.3602463324e-04 2.5868926131e+04 1.5707963268e+00 2.6407602466e+00
2.3616519009e-04 2.5887872789e+04 1.5707963268e+00 2.6417232789e+00
2.3630569322e-04 2.5906831101e+04 1.5707963268e+00 2.6426849005e+00
2.3644614273e-04 2.5925801049e+04 1.5707963268e+00 2.6436451137e+00
2.3658653869e-04 2.5944782618e+04 1.5707963268e+00 2.6446039206e+00
2.3672688120e-04 2.5963775790e+04 1.5707963268e+00 2.6455613236e+00
2.3686717034e-04 2.5982780549e+04 1.5707963268e+00 2.6465173248e+00
2.3700740619e-04 2.6001796878e+04 1.5707963268e+00 2.6474719265e+00
2.3714758885e-04 2.6020824761e+04 1.5707963268e+00 2.6484251309e+00
2.3728771840e-04 2.6039864182e+04 1.5707963268e+00 2.6493769401e+00
2.3742779492e-04 2.6058915124e+04 1.5707963268e+00 2.6503273565e+00
2.3756781850e-04 2.6077977569e+04 1.5707963268e+00 2.6512763823e+00
2.3770778923e-04 2.6097051503e+04 1.5707963268e+00 2.6522240196e+00
2.3784770719e-04 2.6116136909e+04 1.5707963268e+00 2.6531702706e+00
2.3798757246e-04 2.6135233769e+04 1.5707963268e+00 2.6541151376e+00
2.3812738513e-04 2.6154342068e+04 1.5707963268e+00 2.6550586228e+00
2.3826714529e-04 2.6173461788e+04 1.5707963268e+00 2.6560007284e+00
2.3840685302e-04 2.6192592915e+04 1.5707963268e+00 2.6569414565e+00
2.3854650840e-04 2.6211735431e+04 1.5707963268e+00 2.6578808094e+00
2.3868611153e-04 2.6230889319e+04 1.5707963268e+00 2.6588187893e+00
2.3882566248e-04 2.6250054564e+04 1.5707963268e+00 2.6597553984e+00
2.3896516133e-04 2.6269231149e+04 1.5707963268e+00 2.6606906388e+00
2.3910460818e-04 2.6288419058e+04 1.5707963268e+00 2.6616245128e+00
2.3924400310e-04 2.6307618275e+04 1.5707963268e+00 2.6625570225e+00
2.3938334618e-04 2.6326828782e+04 1.5707963268e+00 2.6634881701e+00
2.3952263751e-04 2.6346050564e+04 1.5707963268e+00 2.6644179578e+00
2.3966187716e-04 2.6365283605e+04 1.5707963268e+00 2.6653463878e+00
2.3980106523e-04 2.6384527888e+04 1.5707963268e+00 2.6662734623e+00
2.3994020179e-04 2.6403783397e+04 1.5707963268e+00 2.6671991834e+00
2.4007928692e-04 2.6423050115e+04 1.5707963268e+00 2.6681235533e+00
2.4021832072e-04 2.6442328027e+04 1.5707963268e+00 2.6690465742e+00
2.4035730325e-04 2.6461617116e+04 1.5707963268e+00 2.6699682483e+00
2.4049623462e-04 2.6480917365e+04 1.5707963268e+00 2.6708885776e+00
2.4063511489e-04 2.6500228760e+04 1.5707963268e+00 2.6718075645e+00
2.4077394415e-04 2.6519551283e+04 1.5707963268e+00 2.6727252110e+00
2.4091272249e-04 2.6538884919e+04 1.5707963268e+00 2.6736415193e+00
2.4105144998e-04 2.6558229650e+04 1.5707963268e+00 2.6745564916e+00
2.4119012671e-04 2.6577585462e+04 1.5707963268e+00 2.6754701299e+00
2.4132875276e-04 2.6596952338e+04 1.5707963268e+00 2.6763824366e+00
2.4146732821e-04 2.6616330261e+04 1.5707963268e+00 2.6772934137e+00
2.4160585314e-04 2.6635719216e+04 1.5707963268e+00 2.6782030633e+00
2.4174432764e-04 2.6655119187e+04 1.5707963268e+00 2.6791113877e+00
2.4188275178e-04 2.6674530157e+04 1.5707963268e+00 2.6800183889e+00
2.4202112565e-04 2.6693952111e+04 1.5707963268e+00 2.6809240691e+00
2.4215944933e-04 2.6713385032e+04 1.5707963268e+00 2.6818284304e+00
2.4229772290e-04 2.6732828905e+04 1.5707963268e+00 2.6827314750e+00
2.4243594644e-04 2.6752283713e+04 1.5707963268e+00 2.6836332050e+00
2.4257412003e-04 2.6771749440e+04 1.5707963268e+00 2.6845336225e+00
2.4271224375e-04 2.6791226070e+04 1.5707963268e+00 2.6854327297e+00
2.4285031769e-04 2.6810713588e+04 1.5707963268e+00 2.6863305287e+00
2.4298834192e-04 2.6830211978e+04 1.5707963268e+00 2.6872270216e+00
2.4312631652e-04 2.6849721222e+04 1.5707963268e+00 2.6881222105e+00
2.4326424157e-04 2.6869241307e+04 1.5707963268e+00 2.6890160976e+00
2.4340211716e-04 2.6888772215e+04 1.5707963268e+00 2.6899086849e+00
2.4353994337e-04 2.6908313930e+04 1.5707963268e+00 2.6907999746e+00
2.4367772026e-04 2.6927866438e+04 1.5707963268e+00 2.6916899689e+00
2.4381544793e-04 2.6947429721e+04 1.5707963268e+00 2.6925786697e+00
2.4395312645e-04 2.6967003765e+04 1.5707963268e+00 2.6934660792e+00
2.4409075590e-04 2.6986588553e+04 1.5707963268e+00 2.6943521995e+00
2.4422833637e-04 2.7006184069e+04 1.5707963268e+00 2.6952370327e+00
2.4436586792e-04 2.7025790298e+04 1.5707963268e+00 2.6961205810e+00
2.4450335064e-04 2.7045407224e+04 1.5707963268e+00 2.6970028463e+00
2.4464078461e-04 2.7065034830e+04 1.5707963268e+00 2.6978838309e+00
2.4477816991e-04 2.7084673103e+04 1.5707963268e+00 2.6987635367e+00
2.4491550661e-04 2.7104322024e+04 1.5707963268e+00 2.6996419659e+00
2.4505279479e-04 2.7123981580e+04 1.5707963268e+00 2.7005191206e+00
2.4519003454e-04 2.7143651753e+04 1.5707963268e+00 2.7013950028e+00
2.4532722592e-04 2.7163332529e+04 1.5707963268e+00 2.7022696147e+00
2.4546436903e-04 2.7183023891e+04 1.5707963268e+00 2.7031429582e+00
2.4560146393e-04 2.7202725825e+04 1.5707963268e+00 2.7040150356e+00
2.4573851070e-04 2.7222438314e+04 1.5707963268e+00 2.7048858488e+00
2.4587550942e-04 2.7242161343e+04 1.5707963268e+00 2.7057553999e+00
2.4601246018e-04 2.7261894896e+04 1.5707963268e+00 2.7066236910e+00
2.4614936304e-04 2.7281638957e+04 1.5707963268e+00 2.7074907242e+00
2.4628621808e-04 2.7301393511e+04 1.5707963268e+00 2.7083565015e+00
2.4642302539e-04 2.7321158542e+04 1.5707963268e+00 2.7092210250e+00
2.4655978503e-04 2.7340934036e+04 1.5707963268e+00 2.7100842968e+00
2.4669649709e-04 2.7360719975e+04 1.5707963268e+00 2.7109463188e+00
2.4683316164e-04 2.7380516345e+04 1.5707963268e+00 2.7118070932e+00
2.4696977876e-04 2.7400323131e+04 1.5707963268e+00 2.7126666220e+00
2.4710634852e-04 2.7420140316e+04 1.5707963268e+00 2.7135249073e+00
2.4724287100e-04 2.7439967885e+04 1.5707963268e+00 2.7143819511e+00
2.4737934628e-04 2.7459805823e+04 1.5707963268e+00 2.7152377553e+00
2.4751577444e-04 2.7479654114e+04 1.5707963268e+00 2.7160923222e+00
2.4765215554e-04 2.7499512744e+04 1.5707963268e+00 2.7169456537e+00
2.4778848967e-04 2.7519381695e+04 1.5707963268e+00 2.7177977518e+00
2.4792477690e-04 2.7539260954e+04 1.5707963268e+00 2.7186486187e+00
2.4806101731e-04 2.7559150504e+04 1.5707963268e+00 2.7194982562e+00
2.4819721097e-04 2.7579050331e+04 1.5707963268e+00 2.7203466665e+00
2.4833335795e-04 2.7598960418e+04 1.5707963268e+00 2.7211938515e+00
2.4846945834e-04 2.7618880751e+04 1.5707963268e+00 2.7220398134e+00
2.4860551221e-04 2.7638811315e+04 1.5707963268e+00 2.7228845540e+00
2.4874151963e-04 2.7658752093e+04 1.5707963268e+00 2.7237280754e+00
2.4887748068e-04 2.7678703071e+04 1.5707963268e+00 2.7245703797e+00
2.4901339543e-04 2.7698664234e+04 1.5707963268e+00 2.7254114689e+00
2.4914926396e-04 2.7718635566e+04 1.5707963268e+00 2.7262513449e+00
2.4928508633e-04 2.7738617051e+04 1.5707963268e+00 2.7270900097e+00
2.4942086264e-04 2.7758608676e+04 1.5707963268e+00 2.7279274655e+00
2.4955659294e-04 2.7778610424e+04 1.5707963268e+00 2.7287637141e+00
2.4969227732e-04 2.7798622280e+04 1.5707963268e+00 2.7295987575e+00
2.4982791585e-04 2.7818644230e+04 1.5707963268e+00 2.7304325979e+00
2.4996350860e-04 2.7838676257e+04 1.5707963268e+00 2.7312652370e+00
2.5009905565e-04 2.7858718348e+04 1.5707963268e+00 2.7320966770e+00
2.5023455706e-04 2.7878770486e+04 1.5707963268e+00 2.7329269199e+00
2.5037001292e-04 2.7898832657e+04 1.5707963268e+00 2.7337559676e+00
2.5050542329e-04 2.7918904846e+04 1.5707963268e+00 2.7345838220e+00
2.5064078825e-04 2.7938987037e+04 1.5707963268e+00 2.7354104853e+00
2.5077610788e-04 2.7959079215e+04 1.5707963268e+00 2.7362359593e+00
2.5091138224e-04 2.7979181366e+04 1.5707963268e+00 2.7370602460e+00
2.5104661141e-04 2.7999293475e+04 1.5707963268e+00 2.7378833474e+00
2.5118179546e-04 2.8019415526e+04 1.5707963268e+00 2.7387052655e+00
2.5131693446e-04 2.8039547504e+04 1.5707963268e+00 2.7395260022e+00
2.5145202849e-04 2.8059689395e+04 1.5707963268e+00 2.7403455596e+00
2.5158707762e-04 2.8079841184e+04 1.5707963268e+00 2.7411639395e+00
2.5172208191e-04 2.8100002855e+04 1.5707963268e+00 2.7419811439e+00
2.5185704145e-04 2.8120174393e+04 1.5707963268e+00 2.7427971748e+00
2.5199195631e-04 2.8140355785e+04 1.5707963268e+00 2.7436120341e+00
2.5212682655e-04 2.8160547014e+04 1.5707963268e+00 2.7444257238e+00
2.5226165225e-04 2.8180748067e+04 1.5707963268e+00 2.7452382458e+00
2.5239643348e-04 2.8200958928e+04 1.5707963268e+00 2.7460496021e+00
2.5253117031e-04 2.8221179582e+04 1.5707963268e+00 2.7468597946e+00
2.5266586281e-04 2.8241410015e+04 1.5707963268e+00 2.7476688252e+00
2.5280051105e-04 2.8261650212e+04 1.5707963268e+00 2.7484766960e+00
2.5293511511e-04 2.8281900157e+04 1.5707963268e+00 2.7492834087e+00
2.5306967506e-04 2.8302159837e+04 1.5707963268e+00 2.7500889654e+00
2.5320419096e-04 2.8322429237e+04 1.5707963268e+00 2.7508933680e+00
2.5333866289e-04 2.8342708341e+04 1.5707963268e+00 2.7516966184e+00
2.5347309092e-04 2.8362997135e+04 1.5707963268e+00 2.7524987186e+00
2.5360747512e-04 2.8383295605e+04 1.5707963268e+00 2.7532996704e+00
2.5374181555e-04 2.8403603736e+04 1.5707963268e+00 2.7540994757e+00
2.5387611229e-04 2.8423921513e+04 1.5707963268e+00 2.7548981366e+00
2.5401036542e-04 2.8444248921e+04 1.5707963268e+00 2.7556956548e+00
2.5414457499e-04 2.8464585946e+04 1.5707963268e+00 2.7564920323e+00
2.5427874108e-04 2.8484932573e+04 1.5707963268e+00 2.7572872711e+00
2.5441286376e-04 2.8505288788e+04 1.5707963268e+00 2.7580813730e+00
2.5454694309e-04 2.8525654576e+04 1.5707963268e+00 2.7588743399e+00
2.5468097916e-04 2.8546029923e+04 1.5707963268e+00 2.7596661737e+00
2.5481497202e-04 2.8566414813e+04 1.5707963268e+00 2.7604568763e+00
2.5494892175e-04 2.8586809233e+04 1.5707963268e+00 2.7612464497e+00
2.5508282841e-04 2.8607213169e+04 1.5707963268e+00 2.7620348956e+00
2.5521669208e-04 2.8627626604e+04 1.5707963268e+00 2.7628222161e+00
2.5535051282e-04 2.8648049526e+04 1.5707963268e+00 2.7636084129e+00
2.5548429071e-04 2.8668481920e+04 1.5707963268e+00 2.7643934879e+00
2.5561802580e-04 2.8688923770e+04 1.5707963268e+00 2.7651774431e+00
2.5575171817e-04 2.8709375064e+04 1.5707963268e+00 2.7659602803e+00
2.5588536789e-04 2.8729835786e+04 1.5707963268e+00 2.7667420014e+00
2.5601897503e-04 2.8750305922e+04 1.5707963268e+00 2.7675226083e+00
2.5615253965e-04 2.8770785458e+04 1.5707963268e+00 2.7683021028e+00
2.5628606183e-04 2.8791274379e+04 1.5707963268e+00 2.7690804868e+00
2.5641954162e-04 2.8811772671e+04 1.5707963268e+00 2.7698577621e+00
2.5655297910e-04 2.8832280320e+04 1.5707963268e+00 2.7706339307e+00
2.5668637434e-04 2.8852797312e+04 1.5707963268e+00 2.7714089943e+00
2.5681972740e-04 2.8873323632e+04 1.5707963268e+00 2.7721829549e+00
2.5695303835e-04 2.8893859265e+04 1.5707963268e+00 2.7729558142e+00
2.5708630726e-04 2.8914404199e+04 1.5707963268e+00 2.7737275742e+00
2.5721953419e-04 2.8934958418e+04 1.5707963268e+00 2.7744982367e+00
2.5735271921e-04 2.8955521908e+04 1.5707963268e+00 2.7752678035e+00
2.5748586240e-04 2.8976094656e+04 1.5707963268e+00 2.7760362764e+00
2.5761896381e-04 2.8996676647e+04 1.5707963268e+00 2.7768036574e+00
2.5775202351e-04 2.9017267866e+04 1.5707963268e+00 2.7775699482e+00
2.5788504157e-04 2.9037868301e+04 1.5707963268e+00 2.7783351507e+00
2.5801801806e-04 2.9058477936e+04 1.5707963268e+00 2.7790992667e+00
2.5815095304e-04 2.9079096757e+04 1.5707963268e+00 2.7798622981e+00
2.5828384658e-04 2.9099724752e+04 1.5707963268e+00 2.7806242466e+00
2.5841669874e-04 2.9120361904e+04 1.5707963268e+00 2.7813851141e+00
2.5854950960e-04 2.9141008202e+04 1.5707963268e+00 2.7821449024e+00
2.5868227921e-04 2.9161663629e+04 1.5707963268e+00 2.7829036133e+00
2.5881500764e-04 2.9182328173e+04 1.5707963268e+00 2.7836612486e+00
2.5894769496e-04 2.9203001820e+04 1.5707963268e+00 2.7844178102e+00
2.5908034124e-04 2.9223684555e+04 1.5707963268e+00 2.7851732999e+00
2.5921294653e-04 2.9244376365e+04 1.5707963268e+00 2.7859277194e+00
2.5934551090e-04 2.9265077235e+04 1.5707963268e+00 2.7866810706e+00
2.5947803443e-04 2.9285787153e+04 1.5707963268e+00 2.7874333553e+00
2.5961051717e-04 2.9306506103e+04 1.5707963268e+00 2.7881845752e+00
2.5974295919e-04 2.9327234072e+04 1.5707963268e+00 2.7889347322e+00
2.5987536056e-04 2.9347971046e+04 1.5707963268e+00 2.7896838280e+00
2.6000772133e-04 2.9368717012e+04 1.5707963268e+00 2.7904318645e+00
2.6014004158e-04 2.9389471956e+04 1.5707963268e+00 2.7911788434e+00
2.6027232136e-04 2.9410235863e+04 1.5707963268e+00 2.7919247666e+00
2.6040456075e-04 2.9431008720e+04 1.5707963268e+00 2.7926696357e+00
2.6053675980e-04 2.9451790513e+04 1.5707963268e+00 2.7934134526e+00
2.6066891859e-04 2.9472581229e+04 1.5707963268e+00 2.7941562191e+00
2.6080103717e-04 2.9493380853e+04 1.5707963268e+00 2.7948979369e+00
2.6093311561e-04 2.9514189373e+04 1.5707963268e+00 2.7956386078e+00
2.6106515397e-04 2.9535006774e+04 1.5707963268e+00 2.7963782335e+00
2.6119715232e-04 2.9555833043e+04 1.5707963268e+00 2.7971168159e+00
2.6132911071e-04 2.9576668166e+04 1.5707963268e+00 2.7978543567e+00
2.6146102922e-04 2.9597512129e+04 1.5707963268e+00 2.7985908576e+00
2.6159290791e-04 2.9618364919e+04 1.5707963268e+00 2.7993263205e+00
2.6172474684e-04 2.9639226523e+04 1.5707963268e+00 2.8000607470e+00
2.6185654607e-04 2.9660096926e+04 1.5707963268e+00 2.8007941389e+00
2.6198830567e-04 2.9680976115e+04 1.5707963268e+00 2.8015264980e+00
2.6212002570e-04 2.9701864077e+04 1.5707963268e+00 2.8022578260e+00
2.6225170621e-04 2.9722760798e+04 1.5707963268e+00 2.8029881247e+00
2.6238334729e-04 2.9743666264e+04 1.5707963268e+00 2.8037173958e+00
2.6251494898e-04 2.9764580463e+04 1.5707963268e+00 2.8044456410e+00
2.6264651135e-04 2.9785503380e+04 1.5707963268e+00 2.8051728620e+00
2.6277803446e-04 2.9806435002e+04 1.5707963268e+00 2.8058990607e+00
2.6290951837e-04 2.9827375316e+04 1.5707963268e+00 2.8066242387e+00
2.6304096315e-04 2.9848324309e+04 1.5707963268e+00 2.8073483978e+00
2.6317236886e-04 2.9869281966e+04 1.5707963268e+00 2.8080715397e+00
2.6330373556e-04 2.9890248275e+04 1.5707963268e+00 2.8087936660e+00
2.6343506331e-04 2.9911223223e+04 1.5707963268e+00 2.8095147786e+00
2.6356635217e-04 2.9932206795e+04 1.5707963268e+00 2.8102348792e+00
2.6369760221e-04 2.9953198979e+04 1.5707963268e+00 2.8109539694e+00
2.6382881349e-04 2.9974199761e+04 1.5707963268e+00 2.8116720510e+00
2.6395998606e-04 2.9995209128e+04 1.5707963268e+00 2.8123891256e+00
2.6409111999e-04 3.0016227067e+04 1.5707963268e+00 2.8131051950e+00
2.6422221535e-04 3.0037253564e+04 1.5707963268e+00 2.8138202610e+00
2.6435327218e-04 3.0058288607e+04 1.5707963268e+00 2.8145343251e+00
2.6448429055e-04 3.0079332181e+04 1.5707963268e+00 2.8152473891e+00
2.6461527053e-04 3.0100384275e+04 1.5707963268e+00 2.8159594546e+00
2.6474621217e-04 3.0121444874e+04 1.5707963268e+00 2.8166705235e+00
2.6487711554e-04 3.0142513966e+04 1.5707963268e+00 2.8173805973e+00
2.6500798069e-04 3.0163591537e+04 1.5707963268e+00 2.8180896777e+00
2.6513880768e-04 3.0184677575e+04 1.5707963268e+00 2.8187977665e+00
2.6526959658e-04 3.0205772065e+04 1.5707963268e+00 2.8195048653e+00
2.6540034744e-04 3.0226874996e+04 1.5707963268e+00 2.8202109757e+00
2.6553106033e-04 3.0247986354e+04 1.5707963268e+00 2.8209160996e+00
2.6566173530e-04 3.0269106126e+04 1.5707963268e+00 2.8216202385e+00
2.6579237242e-04 3.0290234299e+04 1.5707963268e+00 2.8223233941e+00
2.6592297174e-04 3.0311370860e+04 1.5707963268e+00 2.8230255681e+00
2.6605353332e-04 3.0332515796e+04 1.5707963268e+00 2.8237267621e+00
2.6618405723e-04 3.0353669094e+04 1.5707963268e+00 2.8244269778e+00
2.6631454352e-04 3.0374830742e+04 1.5707963268e+00 2.8251262169e+00
2.6644499225e-04 3.0396000725e+04 1.5707963268e+00 2.8258244810e+00
2.6657540349e-04 3.0417179032e+04 1.5707963268e+00 2.8265217718e+00
2.6670577728e-04 3.0438365649e+04 1.5707963268e+00 2.8272180910e+00
2.6683611369e-04 3.0459560563e+04 1.5707963268e+00 2.8279134401e+00
2.6696641278e-04 3.0480763762e+04 1.5707963268e+00 2.8286078208e+00
2.6709667461e-04 3.0501975233e+04 1.5707963268e+00 2.8293012348e+00
2.6722689923e-04 3.0523194963e+04 1.5707963268e+00 2.8299936837e+00
2.6735708671e-04 3.0544422939e+04 1.5707963268e+00 2.8306851692e+00
2.6748723709e-04 3.0565659148e+04 1.5707963268e+00 2.8313756928e+00
2.6761735045e-04 3.0586903578e+04 1.5707963268e+00 2.8320652563e+00
2.6774742683e-04 3.0608156216e+04 1.5707963268e+00 2.8327538612e+00
2.6787746630e-04 3.0629417049e+04 1.5707963268e+00 2.8334415092e+00
2.6800746892e-04 3.0650686064e+04 1.5707963268e+00 2.8341282019e+00
2.6813743474e-04 3.0671963249e+04 1.5707963268e+00 2.8348139409e+00
2.6826736381e-04 3.0693248592e+04 1.5707963268e+00 2.8354987279e+00
2.6839725621e-04 3.0714542078e+04 1.5707963268e+00 2.8361825644e+00
2.6852711198e-04 3.0735843696e+04 1.5707963268e+00 2.8368654521e+00
2.6865693118e-04 3.0757153434e+04 1.5707963268e+00 2.8375473926e+00
2.6878671387e-04 3.0778471278e+04 1.5707963268e+00 2.8382283874e+00
2.6891646011e-04 3.0799797216e+04 1.5707963268e+00 2.8389084383e+00
2.6904616995e-04 3.0821131235e+04 1.5707963268e+00 2.8395875468e+00
2.6917584345e-04 3.0842473323e+04 1.5707963268e+00 2.8402657145e+00
2.6930548067e-04 3.0863823468e+04 1.5707963268e+00 2.8409429430e+00
2.6943508167e-04 3.0885181656e+04 1.5707963268e+00 2.8416192339e+00
2.6956464650e-04 3.0906547875e+04 1.5707963268e+00 2.8422945888e+00
2.6969417521e-04 3.0927922114e+04 1.5707963268e+00 2.8429690093e+00
2.6982366787e-04 3.0949304358e+04 1.5707963268e+00 2.8436424969e+00
2.6995312453e-04 3.0970694597e+04 1.5707963268e+00 2.8443150533e+00
2.7008254525e-04 3.0992092817e+04 1.5707963268e+00 2.8449866801e+00
2.7021193008e-04 3.1013499006e+04 1.5707963268e+00 2.8456573788e+00
2.7034127908e-04 3.1034913152e+04 1.5707963268e+00 2.8463271509e+00
2.7047059230e-04 3.1056335242e+04 1.5707963268e+00 2.8469959982e+00
2.7059986981e-04 3.1077765265e+04 1.5707963268e+00 2.8476639221e+00
2.7072911165e-04 3.1099203207e+04 1.5707963268e+00 2.8483309242e+00
2.7085831788e-04 3.1120649056e+04 1.5707963268e+00 2.8489970061e+00
2.7098748857e-04 3.1142102801e+04 1.5707963268e+00 2.8496621693e+00
2.7111662375e-04 3.1163564428e+04 1.5707963268e+00 2.8503264155e+00
2.7124572350e-04 3.1185033926e+04 1.5707963268e+00 2.8509897461e+00
2.7137478786e-04 3.1206511282e+04 1.5707963268e+00 2.8516521627e+00
2.7150381689e-04 3.1227996484e+04 1.5707963268e+00 2.8523136669e+00
2.7163281064e-04 3.1249489520e+04 1.5707963268e+00 2.8529742603e+00
2.7176176917e-04 3.1270990378e+04 1.5707963268e+00 2.8536339443e+00
2.7189069254e-04 3.1292499045e+04 1.5707963268e+00 2.8542927205e+00
2.7201958079e-04 3.1314015510e+04 1.5707963268e+00 2.8549505906e+00
2.7214843399e-04 3.1335539760e+04 1.5707963268e+00 2.8556075559e+00
2.7227725218e-04 3.1357071783e+04 1.5707963268e+00 2.8562636181e+00
2.7240603543e-04 3.1378611567e+04 1.5707963268e+00 2.8569187786e+00
2.7253478379e-04 3.1400159100e+04 1.5707963268e+00 2.8575730391e+00
2.7266349730e-04 3.1421714370e+04 1.5707963268e+00 2.8582264010e+00
2.7279217603e-04 3.1443277365e+04 1.5707963268e+00 2.8588788659e+00
2.7292082003e-04 3.1464848073e+04 1.5707963268e+00 2.8595304352e+00
2.7304942936e-04 3.1486426482e+04 1.5707963268e+00 2.8601811106e+00
2.7317800405e-04 3.1508012579e+04 1.5707963268e+00 2.8608308936e+00
2.7330654418e-04 3.1529606354e+04 1.5707963268e+00 2.8614797856e+00
2.7343504980e-04 3.1551207793e+04 1.5707963268e+00 2.8621277882e+00
2.7356352095e-04 3.1572816885e+04 1.5707963268e+00 2.8627749028e+00
2.7369195769e-04 3.1594433619e+04 1.5707963268e+00 2.8634211311e+00
2.7382036008e-04 3.1616057982e+04 1.5707963268e+00 2.8640664744e+00
2.7394872817e-04 3.1637689962e+04 1.5707963268e+00 2.8647109344e+00
2.7407706200e-04 3.1659329547e+04 1.5707963268e+00 2.8653545125e+00
2.7420536164e-04 3.1680976727e+04 1.5707963268e+00 2.8659972102e+00
2.7433362714e-04 3.1702631488e+04 1.5707963268e+00 2.8666390290e+00
2.7446185854e-04 3.1724293819e+04 1.5707963268e+00 2.8672799704e+00
2.7459005591e-04 3.1745963708e+04 1.5707963268e+00 2.8679200359e+00
2.7471821930e-04 3.1767641144e+04 1.5707963268e+00 2.8685592269e+00
2.7484634875e-04 3.1789326114e+04 1.5707963268e+00 2.8691975451e+00
2.7497444432e-04 3.1811018607e+04 1.5707963268e+00 2.8698349918e+00
2.7510250606e-04 3.1832718612e+04 1.5707963268e+00 2.8704715685e+00
2.7523053403e-04 3.1854426116e+04 1.5707963268e+00 2.8711072767e+00
2.7535852828e-04 3.1876141108e+04 1.5707963268e+00 2.8717421180e+00
2.7548648885e-04 3.1897863576e+04 1.5707963268e+00 2.8723760937e+00
2.7561441581e-04 3.1919593509e+04 1.5707963268e+00 2.8730092053e+00
2.7574230920e-04 3.1941330895e+04 1.5707963268e+00 2.8736414543e+00
2.7587016907e-04 3.1963075722e+04 1.5707963268e+00 2.8742728422e+00
2.7599799548e-04 3.1984827979e+04 1.5707963268e+00 2.8749033705e+00
2.7612578847e-04 3.2006587654e+04 1.5707963268e+00 2.8755330405e+00
2.7625354811e-04 3.2028354735e+04 1.5707963268e+00 2.8761618538e+00
2.7638127444e-04 3.2050129212e+04 1.5707963268e+00 2.8767898118e+00
2.7650896750e-04 3.2071911072e+04 1.5707963268e+00 2.8774169160e+00
2.7663662737e-04 3.2093700304e+04 1.5707963268e+00 2.8780431678e+00
2.7676425407e-04 3.2115496897e+04 1.5707963268e+00 2.8786685686e+00
2.7689184767e-04 3.2137300839e+04 1.5707963268e+00 2.8792931200e+00
2.7701940822e-04 3.2159112119e+04 1.5707963268e+00 2.8799168233e+00
2.7714693577e-04 3.2180930724e+04 1.5707963268e+00 2.8805396800e+00
2.7727443036e-04 3.2202756645e+04 1.5707963268e+00 2.8811616916e+00
2.7740189205e-04 3.2224589869e+04 1.5707963268e+00 2.8817828594e+00
2.7752932089e-04 3.2246430385e+04 1.5707963268e+00 2.8824031849e+00
2.7765671693e-04 3.2268278182e+04 1.5707963268e+00 2.8830226696e+00
2.7778408022e-04 3.2290133248e+04 1.5707963268e+00 2.8836413148e+00
2.7791141081e-04 3.2311995571e+04 1.5707963268e+00 2.8842591220e+00
2.7803870875e-04 3.2333865142e+04 1.5707963268e+00 2.8848760927e+00
2.7816597408e-04 3.2355741948e+04 1.5707963268e+00 2.8854922282e+00
2.7829320687e-04 3.2377625978e+04 1.5707963268e+00 2.8861075299e+00
2.7842040716e-04 3.2399517221e+04 1.5707963268e+00 2.8867219993e+00
2.7854757500e-04 3.2421415666e+04 1.5707963268e+00 2.8873356378e+00
2.7867471044e-04 3.2443321301e+04 1.5707963268e+00 2.8879484468e+00
2.7880181353e-04 3.2465234115e+04 1.5707963268e+00 2.8885604277e+00
2.7892888432e-04 3.2487154097e+04 1.5707963268e+00 2.8891715819e+00
2.7905592286e-04 3.2509081237e+04 1.5707963268e+00 2.8897819109e+00
2.7918292919e-04 3.2531015521e+04 1.5707963268e+00 2.8903914159e+00
2.7930990337e-04 3.2552956941e+04 1.5707963268e+00 2.8910000985e+00
2.7943684545e-04 3.2574905483e+04 1.5707963268e+00 2.8916079600e+00
2.7956375547e-04 3.2596861139e+04 1.5707963268e+00 2.8922150018e+00
2.7969063348e-04 3.2618823895e+04 1.5707963268e+00 2.8928212253e+00
2.7981747954e-04 3.2640793742e+04 1.5707963268e+00 2.8934266318e+00
2.7994429369e-04 3.2662770667e+04 1.5707963268e+00 2.8940312229e+00
2.8007107598e-04 3.2684754661e+04 1.5707963268e+00 2.8946349998e+00
2.8019782646e-04 3.2706745712e+04 1.5707963268e+00 2.8952379640e+00
2.8032454518e-04 3.2728743810e+04 1.5707963268e+00 2.8958401168e+00
2.8045123218e-04 3.2750748942e+04 1.5707963268e+00 2.8964414596e+00
2.8057788752e-04 3.2772761098e+04 1.5707963268e+00 2.8970419938e+00
2.8070451124e-04 3.2794780268e+04 1.5707963268e+00 2.8976417207e+00
2.8083110339e-04 3.2816806440e+04 1.5707963268e+00 2.8982406417e+00
2.8095766401e-04 3.2838839603e+04 1.5707963268e+00 2.8988387583e+00
2.8108419317e-04 3.2860879747e+04 1.5707963268e+00 2.8994360716e+00
2.8121069090e-04 3.2882926861e+04 1.5707963268e+00 2.9000325832e+00
2.8133715725e-04 3.2904980933e+04 1.5707963268e+00 2.9006282944e+00
2.8146359227e-04 3.2927041954e+04 1.5707963268e+00 2.9012232065e+00
2.8158999602e-04 3.2949109911e+04 1.5707963268e+00 2.9018173209e+00
2.8171636852e-04 3.2971184795e+04 1.5707963268e+00 2.9024106389e+00
2.8184270984e-04 3.2993266594e+04 1.5707963268e+00 2.9030031619e+00
2.8196902002e-04 3.3015355298e+04 1.5707963268e+00 2.9035948912e+00
2.8209529910e-04 3.3037450896e+04 1.5707963268e+00 2.9041858283e+00
2.8222154714e-04 3.3059553378e+04 1.5707963268e+00 2.9047759743e+00
2.8234776419e-04 3.3081662732e+04 1.5707963268e+00 2.9053653308e+00
2.8247395028e-04 3.3103778947e+04 1.5707963268e+00 2.9059538989e+00
2.8260010546e-04 3.3125902014e+04 1.5707963268e+00 2.9065416801e+00
2.8272622979e-04 3.3148031922e+04 1.5707963268e+00 2.9071286756e+00
2.8285232331e-04 3.3170168659e+04 1.5707963268e+00 2.9077148869e+00
2.8297838606e-04 3.3192312215e+04 1.5707963268e+00 2.9083003152e+00
2.8310441810e-04 3.3214462580e+04 1.5707963268e+00 2.9088849619e+00
2.8323041946e-04 3.3236619743e+04 1.5707963268e+00 2.9094688283e+00
2.8335639020e-04 3.3258783694e+04 1.5707963268e+00 2.9100519157e+00
2.8348233036e-04 3.3280954421e+04 1.5707963268e+00 2.9106342254e+00
2.8360823999e-04 3.3303131915e+04 1.5707963268e+00 2.9112157587e+00
2.8373411913e-04 3.3325316164e+04 1.5707963268e+00 2.9117965171e+00
2.8385996784e-04 3.3347507159e+04 1.5707963268e+00 2.9123765017e+00
2.8398578615e-04 3.3369704888e+04 1.5707963268e+00 2.9129557139e+00
2.8411157411e-04 3.3391909342e+04 1.5707963268e+00 2.9135341549e+00
2.8423733177e-04 3.3414120509e+04 1.5707963268e+00 2.9141118262e+00
2.8436305917e-04 3.3436338380e+04 1.5707963268e+00 2.9146887290e+00
2.8448875636e-04 3.3458562944e+04 1.5707963268e+00 2.9152648646e+00
2.8461442338e-04 3.3480794190e+04 1.5707963268e+00 2.9158402343e+00
2.8474006029e-04 3.3503032108e+04 1.5707963268e+00 2.9164148395e+00
2.8486566712e-04 3.3525276688e+04 1.5707963268e+00 2.9169886813e+00
2.8499124392e-04 3.3547527920e+04 1.5707963268e+00 2.9175617611e+00
2.8511679074e-04 3.3569785792e+04 1.5707963268e+00 2.9181340801e+00
2.8524230761e-04 3.3592050295e+04 1.5707963268e+00 2.9187056398e+00
2.8536779460e-04 3.3614321419e+04 1.5707963268e+00 2.9192764412e+00
2.8549325173e-04 3.3636599152e+04 1.5707963268e+00 2.9198464859e+00
2.8561867906e-04 3.3658883485e+04 1.5707963268e+00 2.9204157749e+00
2.8574407664e-04 3.3681174408e+04 1.5707963268e+00 2.9209843096e+00
2.8586944449e-04 3.3703471910e+04 1.5707963268e+00 2.9215520913e+00
2.8599478268e-04 3.3725775982e+04 1.5707963268e+00 2.9221191212e+00
2.8612009124e-04 3.3748086612e+04 1.5707963268e+00 2.9226854006e+00
2.8624537022e-04 3.3770403790e+04 1.5707963268e+00 2.9232509308e+00
2.8637061966e-04 3.3792727507e+04 1.5707963268e+00 2.9238157131e+00
2.8649583961e-04 3.3815057753e+04 1.5707963268e+00 2.9243797486e+00
2.8662103012e-04 3.3837394516e+04 1.5707963268e+00 2.9249430387e+00
2.8674619122e-04 3.3859737788e+04 1.5707963268e+00 2.9255055847e+00
2.8687132295e-04 3.3882087557e+04 1.5707963268e+00 2.9260673877e+00
2.8699642538e-04 3.3904443814e+04 1.5707963268e+00 2.9266284491e+00
2.8712149853e-04 3.3926806549e+04 1.5707963268e+00 2.9271887701e+00
2.8724654245e-04 3.3949175751e+04 1.5707963268e+00 2.9277483519e+00
2.8737155719e-04 3.3971551411e+04 1.5707963268e+00 2.9283071958e+00
2.8749654278e-04 3.3993933519e+04 1.5707963268e+00 2.9288653031e+00
2.8762149928e-04 3.4016322064e+04 1.5707963268e+00 2.9294226749e+00
2.8774642672e-04 3.4038717037e+04 1.5707963268e+00 2.9299793126e+00
2.8787132516e-04 3.4061118427e+04 1.5707963268e+00 2.9305352173e+00
2.8799619463e-04 3.4083526225e+04 1.5707963268e+00 2.9310903904e+00
2.8812103517e-04 3.4105940420e+04 1.5707963268e+00 2.9316448329e+00
2.8824584683e-04 3.4128361004e+04 1.5707963268e+00 2.9321985463e+00
2.8837062965e-04 3.4150787964e+04 1.5707963268e+00 2.9327515316e+00
2.8849538368e-04 3.4173221293e+04 1.5707963268e+00 2.9333037902e+00
2.8862010896e-04 3.4195660980e+04 1.5707963268e+00 2.9338553232e+00
2.8874480553e-04 3.4218107015e+04 1.5707963268e+00 2.9344061319e+00
2.8886947343e-04 3.4240559388e+04 1.5707963268e+00 2.9349562175e+00
2.8899411270e-04 3.4263018089e+04 1.5707963268e+00 2.9355055812e+00
2.8911872340e-04 3.4285483110e+04 1.5707963268e+00 2.9360542242e+00
2.8924330556e-04 3.4307954438e+04 1.5707963268e+00 2.9366021478e+00
2.8936785922e-04 3.4330432066e+04 1.5707963268e+00 2.9371493532e+00
2.8949238443e-04 3.4352915983e+04 1.5707963268e+00 2.9376958415e+00
2.8961688122e-04 3.4375406180e+04 1.5707963268e+00 2.9382416140e+00
2.8974134965e-04 3.4397902646e+04 1.5707963268e+00 2.9387866719e+00
2.8986578975e-04 3.4420405373e+04 1.5707963268e+00 2.9393310164e+00
2.8999020156e-04 3.4442914349e+04 1.5707963268e+00 2.9398746487e+00
2.9011458514e-04 3.4465429566e+04 1.5707963268e+00 2.9404175700e+00
2.9023894051e-04 3.4487951014e+04 1.5707963268e+00 2.9409597814e+00
2.9036326772e-04 3.4510478684e+04 1.5707963268e+00 2.9415012843e+00
2.9048756681e-04 3.4533012564e+04 1.5707963268e+00 2.9420420797e+00
2.9061183782e-04 3.4555552647e+04 1.5707963268e+00 2.9425821689e+00
2.9073608081e-04 3.4578098922e+04 1.5707963268e+00 2.9431215530e+00
2.9086029579e-04 3.4600651380e+04 1.5707963268e+00 2.9436602333e+00
2.9098448283e-04 3.4623210011e+04 1.5707963268e+00 2.9441982109e+00
2.9110864196e-04 3.4645774806e+04 1.5707963268e+00 2.9447354870e+00
2.9123277322e-04 3.4668345755e+04 1.5707963268e+00 2.9452720628e+00
2.9135687665e-04 3.4690922848e+04 1.5707963268e+00 2.9458079395e+00
2.9148095229e-04 3.4713506076e+04 1.5707963268e+00 2.9463431182e+00
2.9160500019e-04 3.4736095430e+04 1.5707963268e+00 2.9468776001e+00
2.9172902038e-04 3.4758690900e+04 1.5707963268e+00 2.9474113864e+00
2.9185301291e-04 3.4781292476e+04 1.5707963268e+00 2.9479444783e+00
2.9197697781e-04 3.4803900149e+04 1.5707963268e+00 2.9484768769e+00
2.9210091514e-04 3.4826513910e+04 1.5707963268e+00 2.9490085833e+00
2.9222482492e-04 3.4849133750e+04 1.5707963268e+00 2.9495395989e+00
2.9234870720e-04 3.4871759657e+04 1.5707963268e+00 2.9500699246e+00
2.9247256202e-04 3.4894391625e+04 1.5707963268e+00 2.9505995617e+00
2.9259638942e-04 3.4917029642e+04 1.5707963268e+00 2.9511285113e+00
2.9272018944e-04 3.4939673700e+04 1.5707963268e+00 2.9516567746e+00
2.9284396212e-04 3.4962323789e+04 1.5707963268e+00 2.9521843528e+00
2.9296770750e-04 3.4984979901e+04 1.5707963268e+00 2.9527112469e+00
2.9309142562e-04 3.5007642025e+04 1.5707963268e+00 2.9532374582e+00
2.9321511653e-04 3.5030310152e+04 1.5707963268e+00 2.9537629877e+00
2.9333878025e-04 3.5052984273e+04 1.5707963268e+00 2.9542878366e+00
2.9346241683e-04 3.5075664379e+04 1.5707963268e+00 2.9548120061e+00
2.9358602632e-04 3.5098350461e+04 1.5707963268e+00 2.9553354973e+00
2.9370960875e-04 3.5121042509e+04 1.5707963268e+00 2.9558583114e+00
2.9383316415e-04 3.5143740514e+04 1.5707963268e+00 2.9563804494e+00
2.9395669258e-04 3.5166444467e+04 1.5707963268e+00 2.9569019125e+00
2.9408019406e-04 3.5189154358e+04 1.5707963268e+00 2.9574227019e+00
2.9420366865e-04 3.5211870179e+04 1.5707963268e+00 2.9579428186e+00
2.9432711637e-04 3.5234591920e+04 1.5707963268e+00 2.9584622638e+00
2.9445053727e-04 3.5257319573e+04 1.5707963268e+00 2.9589810387e+00
2.9457393138e-04 3.5280053127e+04 1.5707963268e+00 2.9594991442e+00
2.9469729876e-04 3.5302792575e+04 1.5707963268e+00 2.9600165817e+00
2.9482063942e-04 3.5325537906e+04 1.5707963268e+00 2.9605333521e+00
2.9494395342e-04 3.5348289112e+04 1.5707963268e+00 2.9610494566e+00
2.9506724080e-04 3.5371046184e+04 1.5707963268e+00 2.9615648963e+00
2.9519050158e-04 3.5393809112e+04 1.5707963268e+00 2.9620796724e+00
2.9531373582e-04 3.5416577888e+04 1.5707963268e+00 2.9625937859e+00
2.9543694355e-04 3.5439352502e+04 1.5707963268e+00 2.9631072379e+00
2.9556012480e-04 3.5462132946e+04 1.5707963268e+00 2.9636200296e+00
