0.0000000000e+00 1.3482104855e+04 1.5707963268e+00 0.0000000000e+00
2.5292021137e-07 1.3482104855e+04 1.5707963268e+00 -3.2894736842e-03
5.0584042273e-07 1.3482106774e+04 1.5707963268e+00 -6.5789473684e-03
7.5876056485e-07 1.3482110613e+04 1.5707963268e+00 -9.8684201159e-03
1.0116805685e-06 1.3482116372e+04 1.5707963268e+00 -1.3157890990e-02
1.2646003643e-06 1.3482124050e+04 1.5707963268e+00 -1.6447359054e-02
1.5175198832e-06 1.3482133648e+04 1.5707963268e+00 -1.9736823371e-02
1.7704390558e-06 1.3482145166e+04 1.5707963268e+00 -2.3026283005e-02
2.0233578129e-06 1.3482158603e+04 1.5707963268e+00 -2.6315737019e-02
2.2762760852e-06 1.3482173961e+04 1.5707963268e+00 -2.9605184475e-02
2.5291938036e-06 1.3482191238e+04 1.5707963268e+00 -3.2894624437e-02
2.7821108986e-06 1.3482210436e+04 1.5707963268e+00 -3.6184055969e-02
3.0350273010e-06 1.3482231554e+04 1.5707963268e+00 -3.9473478133e-02
3.2879429417e-06 1.3482254593e+04 1.5707963268e+00 -4.2762889991e-02
3.5408577512e-06 1.3482279553e+04 1.5707963268e+00 -4.6052290608e-02
3.7937716603e-06 1.3482306433e+04 1.5707963268e+00 -4.9341679045e-02
4.0466845997e-06 1.3482335235e+04 1.5707963268e+00 -5.2631054366e-02
4.2995965002e-06 1.3482365959e+04 1.5707963268e+00 -5.5920415632e-02
4.5525072924e-06 1.3482398605e+04 1.5707963268e+00 -5.9209761907e-02
4.8054169069e-06 1.3482433172e+04 1.5707963268e+00 -6.2499092253e-02
5.0583252746e-06 1.3482469663e+04 1.5707963268e+00 -6.5788405731e-02
5.3112323260e-06 1.3482508076e+04 1.5707963268e+00 -6.9077701404e-02
5.5641379918e-06 1.3482548413e+04 1.5707963268e+00 -7.2366978334e-02
5.8170422026e-06 1.3482590673e+04 1.5707963268e+00 -7.5656235583e-02
6.0699448892e-06 1.3482634857e+04 1.5707963268e+00 -7.8945472212e-02
6.3228459821e-06 1.3482680966e+04 1.5707963268e+00 -8.2234687282e-02
6.5757454119e-06 1.3482729000e+04 1.5707963268e+00 -8.5523879854e-02
6.8286431093e-06 1.3482778959e+04 1.5707963268e+00 -8.8813048990e-02
7.0815390048e-06 1.3482830844e+04 1.5707963268e+00 -9.2102193751e-02
7.3344330291e-06 1.3482884656e+04 1.5707963268e+00 -9.5391313197e-02
7.5873251126e-06 1.3482940395e+04 1.5707963268e+00 -9.8680406388e-02
7.8402151859e-06 1.3482998061e+04 1.5707963268e+00 -1.0196947238e-01
8.0931031797e-06 1.3483057655e+04 1.5707963268e+00 -1.0525851025e-01
8.3459890243e-06 1.3483119178e+04 1.5707963268e+00 -1.0854751903e-01
8.5988726503e-06 1.3483182630e+04 1.5707963268e+00 -1.1183649781e-01
8.8517539882e-06 1.3483248013e+04 1.5707963268e+00 -1.1512544562e-01
9.1046329684e-06 1.3483315325e+04 1.5707963268e+00 -1.1841436154e-01
9.3575095214e-06 1.3483384570e+04 1.5707963268e+00 -1.2170324462e-01
9.6103835777e-06 1.3483455746e+04 1.5707963268e+00 -1.2499209392e-01
9.8632550676e-06 1.3483528854e+04 1.5707963268e+00 -1.2828090850e-01
1.0116123922e-05 1.3483603896e+04 1.5707963268e+00 -1.3156968741e-01
1.0368990070e-05 1.3483680873e+04 1.5707963268e+00 -1.3485842971e-01
1.0621853443e-05 1.3483759784e+04 1.5707963268e+00 -1.3814713447e-01
1.0874713971e-05 1.3483840631e+04 1.5707963268e+00 -1.4143580073e-01
1.1127571585e-05 1.3483923414e+04 1.5707963268e+00 -1.4472442756e-01
1.1380426215e-05 1.3484008135e+04 1.5707963268e+00 -1.4801301400e-01
1.1633277790e-05 1.3484094794e+04 1.5707963268e+00 -1.5130155912e-01
1.1886126242e-05 1.3484183392e+04 1.5707963268e+00 -1.5459006197e-01
1.2138971500e-05 1.3484273930e+04 1.5707963268e+00 -1.5787852161e-01
1.2391813495e-05 1.3484366408e+04 1.5707963268e+00 -1.6116693708e-01
1.2644652156e-05 1.3484460829e+04 1.5707963268e+00 -1.6445530745e-01
1.2897487415e-05 1.3484557192e+04 1.5707963268e+00 -1.6774363177e-01
1.3150319201e-05 1.3484655499e+04 1.5707963268e+00 -1.7103190909e-01
1.3403147444e-05 1.3484755750e+04 1.5707963268e+00 -1.7432013846e-01
1.3655972074e-05 1.3484857948e+04 1.5707963268e+00 -1.7760831894e-01
1.3908793022e-05 1.3484962092e+04 1.5707963268e+00 -1.8089644958e-01
1.4161610217e-05 1.3485068183e+04 1.5707963268e+00 -1.8418452944e-01
1.4414423589e-05 1.3485176224e+04 1.5707963268e+00 -1.8747255755e-01
1.4667233069e-05 1.3485286214e+04 1.5707963268e+00 -1.9076053298e-01
1.4920038585e-05 1.3485398156e+04 1.5707963268e+00 -1.9404845477e-01
1.5172840069e-05 1.3485512049e+04 1.5707963268e+00 -1.9733632198e-01
1.5425637450e-05 1.3485627896e+04 1.5707963268e+00 -2.0062413365e-01
1.5678430658e-05 1.3485745698e+04 1.5707963268e+00 -2.0391188883e-01
1.5931219623e-05 1.3485865455e+04 1.5707963268e+00 -2.0719958658e-01
1.6184004273e-05 1.3485987168e+04 1.5707963268e+00 -2.1048722593e-01
1.6436784540e-05 1.3486110840e+04 1.5707963268e+00 -2.1377480594e-01
1.6689560353e-05 1.3486236471e+04 1.5707963268e+00 -2.1706232565e-01
1.6942331642e-05 1.3486364063e+04 1.5707963268e+00 -2.2034978411e-01
1.7195098335e-05 1.3486493617e+04 1.5707963268e+00 -2.2363718036e-01
1.7447860364e-05 1.3486625133e+04 1.5707963268e+00 -2.2692451346e-01
1.7700617657e-05 1.3486758615e+04 1.5707963268e+00 -2.3021178244e-01
1.7953370143e-05 1.3486894062e+04 1.5707963268e+00 -2.3349898636e-01
1.8206117753e-05 1.3487031476e+04 1.5707963268e+00 -2.3678612424e-01
1.8458860416e-05 1.3487170859e+04 1.5707963268e+00 -2.4007319514e-01
1.8711598062e-05 1.3487312212e+04 1.5707963268e+00 -2.4336019811e-01
1.8964330619e-05 1.3487455536e+04 1.5707963268e+00 -2.4664713217e-01
1.9217058017e-05 1.3487600833e+04 1.5707963268e+00 -2.4993399637e-01
1.9469780185e-05 1.3487748104e+04 1.5707963268e+00 -2.5322078976e-01
1.9722497053e-05 1.3487897352e+04 1.5707963268e+00 -2.5650751137e-01
1.9975208550e-05 1.3488048576e+04 1.5707963268e+00 -2.5979416024e-01
2.0227914605e-05 1.3488201780e+04 1.5707963268e+00 -2.6308073542e-01
2.0480615147e-05 1.3488356963e+04 1.5707963268e+00 -2.6636723593e-01
2.0733310105e-05 1.3488514129e+04 1.5707963268e+00 -2.6965366082e-01
2.0985999409e-05 1.3488673278e+04 1.5707963268e+00 -2.7294000912e-01
2.1238682988e-05 1.3488834413e+04 1.5707963268e+00 -2.7622627987e-01
2.1491360769e-05 1.3488997534e+04 1.5707963268e+00 -2.7951247211e-01
2.1744032683e-05 1.3489162643e+04 1.5707963268e+00 -2.8279858487e-01
2.1996698658e-05 1.3489329743e+04 1.5707963268e+00 -2.8608461718e-01
2.2249358623e-05 1.3489498834e+04 1.5707963268e+00 -2.8937056808e-01
2.2502012507e-05 1.3489669919e+04 1.5707963268e+00 -2.9265643659e-01
2.2754660239e-05 1.3489842999e+04 1.5707963268e+00 -2.9594222176e-01
2.3007301747e-05 1.3490018076e+04 1.5707963268e+00 -2.9922792262e-01
2.3259936960e-05 1.3490195152e+04 1.5707963268e+00 -3.0251353818e-01
2.3512565807e-05 1.3490374228e+04 1.5707963268e+00 -3.0579906749e-01
2.3765188216e-05 1.3490555306e+04 1.5707963268e+00 -3.0908450958e-01
2.4017804115e-05 1.3490738389e+04 1.5707963268e+00 -3.1236986346e-01
2.4270413434e-05 1.3490923477e+04 1.5707963268e+00 -3.1565512817e-01
2.4523016100e-05 1.3491110574e+04 1.5707963268e+00 -3.1894030274e-01
2.4775612043e-05 1.3491299680e+04 1.5707963268e+00 -3.2222538618e-01
2.5028201189e-05 1.3491490798e+04 1.5707963268e+00 -3.2551037753e-01
2.5280783469e-05 1.3491683929e+04 1.5707963268e+00 -3.2879527581e-01
2.5533358809e-05 1.3491879076e+04 1.5707963268e+00 -3.3208008005e-01
2.5785927138e-05 1.3492076240e+04 1.5707963268e+00 -3.3536478925e-01
2.6038488384e-05 1.3492275424e+04 1.5707963268e+00 -3.3864940246e-01
2.6291042475e-05 1.3492476629e+04 1.5707963268e+00 -3.4193391869e-01
2.6543589339e-05 1.3492679858e+04 1.5707963268e+00 -3.4521833695e-01
2.6796128905e-05 1.3492885112e+04 1.5707963268e+00 -3.4850265627e-01
2.7048661099e-05 1.3493092394e+04 1.5707963268e+00 -3.5178687567e-01
2.7301185851e-05 1.3493301706e+04 1.5707963268e+00 -3.5507099416e-01
2.7553703087e-05 1.3493513049e+04 1.5707963268e+00 -3.5835501076e-01
2.7806212735e-05 1.3493726426e+04 1.5707963268e+00 -3.6163892449e-01
2.8058714724e-05 1.3493941840e+04 1.5707963268e+00 -3.6492273435e-01
2.8311208980e-05 1.3494159292e+04 1.5707963268e+00 -3.6820643938e-01
2.8563695431e-05 1.3494378784e+04 1.5707963268e+00 -3.7149003857e-01
2.8816174005e-05 1.3494600319e+04 1.5707963268e+00 -3.7477353094e-01
2.9068644630e-05 1.3494823899e+04 1.5707963268e+00 -3.7805691550e-01
2.9321107232e-05 1.3495049526e+04 1.5707963268e+00 -3.8134019126e-01
2.9573561739e-05 1.3495277203e+04 1.5707963268e+00 -3.8462335723e-01
2.9826008078e-05 1.3495506931e+04 1.5707963268e+00 -3.8790641242e-01
3.0078446176e-05 1.3495738713e+04 1.5707963268e+00 -3.9118935584e-01
3.0330875961e-05 1.3495972552e+04 1.5707963268e+00 -3.9447218649e-01
3.0583297359e-05 1.3496208450e+04 1.5707963268e+00 -3.9775490337e-01
3.0835710299e-05 1.3496446408e+04 1.5707963268e+00 -4.0103750550e-01
3.1088114705e-05 1.3496686431e+04 1.5707963268e+00 -4.0431999188e-01
3.1340510507e-05 1.3496928519e+04 1.5707963268e+00 -4.0760236150e-01
3.1592897629e-05 1.3497172675e+04 1.5707963268e+00 -4.1088461337e-01
3.1845276000e-05 1.3497418903e+04 1.5707963268e+00 -4.1416674649e-01
3.2097645545e-05 1.3497667203e+04 1.5707963268e+00 -4.1744875986e-01
3.2350006192e-05 1.3497917580e+04 1.5707963268e+00 -4.2073065248e-01
3.2602357867e-05 1.3498170035e+04 1.5707963268e+00 -4.2401242334e-01
3.2854700496e-05 1.3498424571e+04 1.5707963268e+00 -4.2729407144e-01
3.3107034006e-05 1.3498681190e+04 1.5707963268e+00 -4.3057559578e-01
3.3359358323e-05 1.3498939896e+04 1.5707963268e+00 -4.3385699534e-01
3.3611673374e-05 1.3499200690e+04 1.5707963268e+00 -4.3713826913e-01
3.3863979085e-05 1.3499463575e+04 1.5707963268e+00 -4.4041941614e-01
3.4116275382e-05 1.3499728554e+04 1.5707963268e+00 -4.4370043534e-01
3.4368562191e-05 1.3499995630e+04 1.5707963268e+00 -4.4698132575e-01
3.4620839438e-05 1.3500264805e+04 1.5707963268e+00 -4.5026208633e-01
3.4873107049e-05 1.3500536082e+04 1.5707963268e+00 -4.5354271609e-01
3.5125364950e-05 1.3500809464e+04 1.5707963268e+00 -4.5682321400e-01
3.5377613067e-05 1.3501084953e+04 1.5707963268e+00 -4.6010357906e-01
3.5629851325e-05 1.3501362553e+04 1.5707963268e+00 -4.6338381024e-01
3.5882079650e-05 1.3501642265e+04 1.5707963268e+00 -4.6666390653e-01
3.6134297968e-05 1.3501924093e+04 1.5707963268e+00 -4.6994386691e-01
3.6386506204e-05 1.3502208040e+04 1.5707963268e+00 -4.7322369036e-01
3.6638704284e-05 1.3502494109e+04 1.5707963268e+00 -4.7650337586e-01
3.6890892133e-05 1.3502782302e+04 1.5707963268e+00 -4.7978292238e-01
3.7143069677e-05 1.3503072622e+04 1.5707963268e+00 -4.8306232892e-01
3.7395236840e-05 1.3503365073e+04 1.5707963268e+00 -4.8634159443e-01
3.7647393548e-05 1.3503659657e+04 1.5707963268e+00 -4.8962071790e-01
3.7899539725e-05 1.3503956376e+04 1.5707963268e+00 -4.9289969829e-01
3.8151675298e-05 1.3504255235e+04 1.5707963268e+00 -4.9617853459e-01
3.8403800190e-05 1.3504556236e+04 1.5707963268e+00 -4.9945722576e-01
3.8655914326e-05 1.3504859383e+04 1.5707963268e+00 -5.0273577076e-01
3.8908017632e-05 1.3505164677e+04 1.5707963268e+00 -5.0601416858e-01
3.9160110032e-05 1.3505472123e+04 1.5707963268e+00 -5.0929241817e-01
3.9412191450e-05 1.3505781723e+04 1.5707963268e+00 -5.1257051850e-01
3.9664261812e-05 1.3506093480e+04 1.5707963268e+00 -5.1584846854e-01
3.9916321041e-05 1.3506407398e+04 1.5707963268e+00 -5.1912626724e-01
4.0168369062e-05 1.3506723480e+04 1.5707963268e+00 -5.2240391358e-01
4.0420405799e-05 1.3507041728e+04 1.5707963268e+00 -5.2568140651e-01
4.0672431177e-05 1.3507362147e+04 1.5707963268e+00 -5.2895874498e-01
4.0924445118e-05 1.3507684739e+04 1.5707963268e+00 -5.3223592797e-01
4.1176447549e-05 1.3508009507e+04 1.5707963268e+00 -5.3551295441e-01
4.1428438392e-05 1.3508336455e+04 1.5707963268e+00 -5.3878982328e-01
4.1680417571e-05 1.3508665587e+04 1.5707963268e+00 -5.4206653352e-01
4.1932385010e-05 1.3508996904e+04 1.5707963268e+00 -5.4534308409e-01
4.2184340633e-05 1.3509330412e+04 1.5707963268e+00 -5.4861947393e-01
4.2436284363e-05 1.3509666112e+04 1.5707963268e+00 -5.5189570200e-01
4.2688216124e-05 1.3510004009e+04 1.5707963268e+00 -5.5517176725e-01
4.2940135840e-05 1.3510344106e+04 1.5707963268e+00 -5.5844766861e-01
4.3192043433e-05 1.3510686405e+04 1.5707963268e+00 -5.6172340504e-01
4.3443938827e-05 1.3511030912e+04 1.5707963268e+00 -5.6499897549e-01
4.3695821945e-05 1.3511377628e+04 1.5707963268e+00 -5.6827437889e-01
4.3947692710e-05 1.3511726558e+04 1.5707963268e+00 -5.7154961418e-01
4.4199551046e-05 1.3512077705e+04 1.5707963268e+00 -5.7482468030e-01
4.4451396874e-05 1.3512431073e+04 1.5707963268e+00 -5.7809957620e-01
4.4703230119e-05 1.3512786664e+04 1.5707963268e+00 -5.8137430082e-01
4.4955050702e-05 1.3513144484e+04 1.5707963268e+00 -5.8464885307e-01
4.5206858546e-05 1.3513504534e+04 1.5707963268e+00 -5.8792323191e-01
4.5458653574e-05 1.3513866819e+04 1.5707963268e+00 -5.9119743625e-01
4.5710435708e-05 1.3514231343e+04 1.5707963268e+00 -5.9447146504e-01
4.5962204871e-05 1.3514598109e+04 1.5707963268e+00 -5.9774531720e-01
4.6213960985e-05 1.3514967120e+04 1.5707963268e+00 -6.0101899167e-01
4.6465703972e-05 1.3515338381e+04 1.5707963268e+00 -6.0429248736e-01
4.6717433753e-05 1.3515711895e+04 1.5707963268e+00 -6.0756580320e-01
4.6969150252e-05 1.3516087666e+04 1.5707963268e+00 -6.1083893811e-01
4.7220853390e-05 1.3516465698e+04 1.5707963268e+00 -6.1411189103e-01
4.7472543089e-05 1.3516845994e+04 1.5707963268e+00 -6.1738466086e-01
4.7724219270e-05 1.3517228558e+04 1.5707963268e+00 -6.2065724653e-01
4.7975881855e-05 1.3517613394e+04 1.5707963268e+00 -6.2392964695e-01
4.8227530766e-05 1.3518000506e+04 1.5707963268e+00 -6.2720186104e-01
4.8479165924e-05 1.3518389898e+04 1.5707963268e+00 -6.3047388771e-01
4.8730787250e-05 1.3518781573e+04 1.5707963268e+00 -6.3374572588e-01
4.8982394666e-05 1.3519175536e+04 1.5707963268e+00 -6.3701737445e-01
4.9233988092e-05 1.3519571791e+04 1.5707963268e+00 -6.4028883235e-01
4.9485567450e-05 1.3519970340e+04 1.5707963268e+00 -6.4356009846e-01
4.9737132660e-05 1.3520371189e+04 1.5707963268e+00 -6.4683117171e-01
4.9988683644e-05 1.3520774342e+04 1.5707963268e+00 -6.5010205098e-01
5.0240220322e-05 1.3521179801e+04 1.5707963268e+00 -6.5337273520e-01
5.0491742615e-05 1.3521587572e+04 1.5707963268e+00 -6.5664322325e-01
5.0743250443e-05 1.3521997659e+04 1.5707963268e+00 -6.5991351405e-01
5.0994743726e-05 1.3522410065e+04 1.5707963268e+00 -6.6318360647e-01
5.1246222386e-05 1.3522824795e+04 1.5707963268e+00 -6.6645349943e-01
5.1497686342e-05 1.3523241853e+04 1.5707963268e+00 -6.6972319182e-01
5.1749135514e-05 1.3523661242e+04 1.5707963268e+00 -6.7299268252e-01
5.2000569822e-05 1.3524082968e+04 1.5707963268e+00 -6.7626197043e-01
5.2251989187e-05 1.3524507033e+04 1.5707963268e+00 -6.7953105444e-01
5.2503393527e-05 1.3524933444e+04 1.5707963268e+00 -6.8279993344e-01
5.2754782763e-05 1.3525362203e+04 1.5707963268e+00 -6.8606860632e-01
5.3006156815e-05 1.3525793315e+04 1.5707963268e+00 -6.8933707195e-01
5.3257515601e-05 1.3526226784e+04 1.5707963268e+00 -6.9260532921e-01
5.3508859041e-05 1.3526662615e+04 1.5707963268e+00 -6.9587337700e-01
5.3760187055e-05 1.3527100812e+04 1.5707963268e+00 -6.9914121419e-01
5.4011499561e-05 1.3527541379e+04 1.5707963268e+00 -7.0240883966e-01
5.4262796479e-05 1.3527984321e+04 1.5707963268e+00 -7.0567625227e-01
5.4514077727e-05 1.3528429642e+04 1.5707963268e+00 -7.0894345092e-01
5.4765343225e-05 1.3528877346e+04 1.5707963268e+00 -7.1221043446e-01
5.5016592890e-05 1.3529327438e+04 1.5707963268e+00 -7.1547720176e-01
5.5267826643e-05 1.3529779923e+04 1.5707963268e+00 -7.1874375171e-01
5.5519044401e-05 1.3530234804e+04 1.5707963268e+00 -7.2201008315e-01
5.5770246082e-05 1.3530692087e+04 1.5707963268e+00 -7.2527619497e-01
5.6021431605e-05 1.3531151775e+04 1.5707963268e+00 -7.2854208601e-01
5.6272600888e-05 1.3531613874e+04 1.5707963268e+00 -7.3180775514e-01
5.6523753850e-05 1.3532078388e+04 1.5707963268e+00 -7.3507320122e-01
5.6774890407e-05 1.3532545322e+04 1.5707963268e+00 -7.3833842312e-01
5.7026010479e-05 1.3533014680e+04 1.5707963268e+00 -7.4160341967e-01
5.7277113982e-05 1.3533486466e+04 1.5707963268e+00 -7.4486818974e-01
5.7528200834e-05 1.3533960687e+04 1.5707963268e+00 -7.4813273217e-01
5.7779270954e-05 1.3534437345e+04 1.5707963268e+00 -7.5139704583e-01
5.8030324257e-05 1.3534916446e+04 1.5707963268e+00 -7.5466112955e-01
5.8281360662e-05 1.3535397995e+04 1.5707963268e+00 -7.5792498218e-01
5.8532380085e-05 1.3535881997e+04 1.5707963268e+00 -7.6118860257e-01
5.8783382444e-05 1.3536368455e+04 1.5707963268e+00 -7.6445198955e-01
5.9034367656e-05 1.3536857376e+04 1.5707963268e+00 -7.6771514197e-01
5.9285335636e-05 1.3537348764e+04 1.5707963268e+00 -7.7097805867e-01
5.9536286303e-05 1.3537842623e+04 1.5707963268e+00 -7.7424073848e-01
5.9787219573e-05 1.3538338958e+04 1.5707963268e+00 -7.7750318024e-01
6.0038135362e-05 1.3538837776e+04 1.5707963268e+00 -7.8076538278e-01
6.0289033586e-05 1.3539339079e+04 1.5707963268e+00 -7.8402734493e-01
6.0539914162e-05 1.3539842874e+04 1.5707963268e+00 -7.8728906551e-01
6.0790777005e-05 1.3540349165e+04 1.5707963268e+00 -7.9055054336e-01
6.1041622032e-05 1.3540857958e+04 1.5707963268e+00 -7.9381177730e-01
6.1292449159e-05 1.3541369256e+04 1.5707963268e+00 -7.9707276615e-01
6.1543258301e-05 1.3541883066e+04 1.5707963268e+00 -8.0033350873e-01
6.1794049374e-05 1.3542399393e+04 1.5707963268e+00 -8.0359400386e-01
6.2044822294e-05 1.3542918240e+04 1.5707963268e+00 -8.0685425036e-01
6.2295576975e-05 1.3543439615e+04 1.5707963268e+00 -8.1011424705e-01
6.2546313334e-05 1.3543963521e+04 1.5707963268e+00 -8.1337399272e-01
6.2797031285e-05 1.3544489964e+04 1.5707963268e+00 -8.1663348620e-01
6.3047730743e-05 1.3545018948e+04 1.5707963268e+00 -8.1989272629e-01
6.3298411623e-05 1.3545550480e+04 1.5707963268e+00 -8.2315171180e-01
6.3549073840e-05 1.3546084565e+04 1.5707963268e+00 -8.2641044153e-01
6.3799717308e-05 1.3546621207e+04 1.5707963268e+00 -8.2966891429e-01
6.4050341943e-05 1.3547160412e+04 1.5707963268e+00 -8.3292712887e-01
6.4300947658e-05 1.3547702186e+04 1.5707963268e+00 -8.3618508408e-01
6.4551534368e-05 1.3548246532e+04 1.5707963268e+00 -8.3944277870e-01
6.4802101986e-05 1.3548793458e+04 1.5707963268e+00 -8.4270021153e-01
6.5052650428e-05 1.3549342968e+04 1.5707963268e+00 -8.4595738137e-01
6.5303179606e-05 1.3549895068e+04 1.5707963268e+00 -8.4921428700e-01
6.5553689435e-05 1.3550449763e+04 1.5707963268e+00 -8.5247092721e-01
6.5804179828e-05 1.3551007058e+04 1.5707963268e+00 -8.5572730078e-01
6.6054650699e-05 1.3551566959e+04 1.5707963268e+00 -8.5898340650e-01
6.6305101961e-05 1.3552129471e+04 1.5707963268e+00 -8.6223924315e-01
6.6555533527e-05 1.3552694601e+04 1.5707963268e+00 -8.6549480950e-01
6.6805945311e-05 1.3553262352e+04 1.5707963268e+00 -8.6875010434e-01
6.7056337225e-05 1.3553832732e+04 1.5707963268e+00 -8.7200512644e-01
6.7306709182e-05 1.3554405746e+04 1.5707963268e+00 -8.7525987456e-01
6.7557061095e-05 1.3554981398e+04 1.5707963268e+00 -8.7851434748e-01
6.7807392878e-05 1.3555559696e+04 1.5707963268e+00 -8.8176854397e-01
6.8057704441e-05 1.3556140644e+04 1.5707963268e+00 -8.8502246280e-01
6.8307995698e-05 1.3556724247e+04 1.5707963268e+00 -8.8827610271e-01
6.8558266560e-05 1.3557310513e+04 1.5707963268e+00 -8.9152946249e-01
6.8808516940e-05 1.3557899446e+04 1.5707963268e+00 -8.9478254087e-01
6.9058746750e-05 1.3558491053e+04 1.5707963268e+00 -8.9803533663e-01
6.9308955902e-05 1.3559085339e+04 1.5707963268e+00 -9.0128784851e-01
6.9559144307e-05 1.3559682309e+04 1.5707963268e+00 -9.0454007527e-01
6.9809311876e-05 1.3560281970e+04 1.5707963268e+00 -9.0779201566e-01
7.0059458522e-05 1.3560884328e+04 1.5707963268e+00 -9.1104366842e-01
7.0309584156e-05 1.3561489387e+04 1.5707963268e+00 -9.1429503230e-01
7.0559688688e-05 1.3562097156e+04 1.5707963268e+00 -9.1754610604e-01
7.0809772029e-05 1.3562707638e+04 1.5707963268e+00 -9.2079688838e-01
7.1059834092e-05 1.3563320840e+04 1.5707963268e+00 -9.2404737806e-01
7.1309874785e-05 1.3563936769e+04 1.5707963268e+00 -9.2729757381e-01
7.1559894021e-05 1.3564555429e+04 1.5707963268e+00 -9.3054747438e-01
7.1809891709e-05 1.3565176828e+04 1.5707963268e+00 -9.3379707848e-01
7.2059867759e-05 1.3565800970e+04 1.5707963268e+00 -9.3704638485e-01
7.2309822083e-05 1.3566427863e+04 1.5707963268e+00 -9.4029539222e-01
7.2559754589e-05 1.3567057512e+04 1.5707963268e+00 -9.4354409930e-01
7.2809665189e-05 1.3567689923e+04 1.5707963268e+00 -9.4679250483e-01
7.3059553791e-05 1.3568325103e+04 1.5707963268e+00 -9.5004060751e-01
7.3309420306e-05 1.3568963057e+04 1.5707963268e+00 -9.5328840607e-01
7.3559264642e-05 1.3569603792e+04 1.5707963268e+00 -9.5653589922e-01
7.3809086710e-05 1.3570247314e+04 1.5707963268e+00 -9.5978308568e-01
7.4058886418e-05 1.3570893630e+04 1.5707963268e+00 -9.6302996414e-01
7.4308663676e-05 1.3571542744e+04 1.5707963268e+00 -9.6627653333e-01
7.4558418393e-05 1.3572194665e+04 1.5707963268e+00 -9.6952279194e-01
7.4808150476e-05 1.3572849398e+04 1.5707963268e+00 -9.7276873867e-01
7.5057859836e-05 1.3573506949e+04 1.5707963268e+00 -9.7601437223e-01
7.5307546381e-05 1.3574167325e+04 1.5707963268e+00 -9.7925969132e-01
7.5557210018e-05 1.3574830532e+04 1.5707963268e+00 -9.8250469462e-01
7.5806850657e-05 1.3575496576e+04 1.5707963268e+00 -9.8574938084e-01
7.6056468205e-05 1.3576165465e+04 1.5707963268e+00 -9.8899374866e-01
7.6306062570e-05 1.3576837204e+04 1.5707963268e+00 -9.9223779676e-01
7.6555633661e-05 1.3577511800e+04 1.5707963268e+00 -9.9548152384e-01
7.6805181384e-05 1.3578189259e+04 1.5707963268e+00 -9.9872492857e-01
7.7054705647e-05 1.3578869588e+04 1.5707963268e+00 -1.0019680096e+00
7.7304206359e-05 1.3579552794e+04 1.5707963268e+00 -1.0052107657e+00
7.7553683425e-05 1.3580238882e+04 1.5707963268e+00 -1.0084531955e+00
7.7803136754e-05 1.3580927861e+04 1.5707963268e+00 -1.0116952976e+00
7.8052566251e-05 1.3581619735e+04 1.5707963268e+00 -1.0149370708e+00
7.8301971825e-05 1.3582314513e+04 1.5707963268e+00 -1.0181785137e+00
7.8551353381e-05 1.3583012200e+04 1.5707963268e+00 -1.0214196249e+00
7.8800710826e-05 1.3583712804e+04 1.5707963268e+00 -1.0246604031e+00
7.9050044067e-05 1.3584416330e+04 1.5707963268e+00 -1.0279008471e+00
7.9299353009e-05 1.3585122787e+04 1.5707963268e+00 -1.0311409554e+00
7.9548637559e-05 1.3585832180e+04 1.5707963268e+00 -1.0343807266e+00
7.9797897623e-05 1.3586544516e+04 1.5707963268e+00 -1.0376201596e+00
8.0047133107e-05 1.3587259803e+04 1.5707963268e+00 -1.0408592528e+00
8.0296343916e-05 1.3587978047e+04 1.5707963268e+00 -1.0440980050e+00
8.0545529955e-05 1.3588699254e+04 1.5707963268e+00 -1.0473364147e+00
8.0794691131e-05 1.3589423433e+04 1.5707963268e+00 -1.0505744807e+00
8.1043827348e-05 1.3590150589e+04 1.5707963268e+00 -1.0538122016e+00
8.1292938511e-05 1.3590880730e+04 1.5707963268e+00 -1.0570495759e+00
8.1542024525e-05 1.3591613863e+04 1.5707963268e+00 -1.0602866024e+00
8.1791085296e-05 1.3592349995e+04 1.5707963268e+00 -1.0635232797e+00
8.2040120727e-05 1.3593089133e+04 1.5707963268e+00 -1.0667596064e+00
8.2289130723e-05 1.3593831283e+04 1.5707963268e+00 -1.0699955811e+00
8.2538115189e-05 1.3594576453e+04 1.5707963268e+00 -1.0732312024e+00
8.2787074028e-05 1.3595324650e+04 1.5707963268e+00 -1.0764664690e+00
8.3036007145e-05 1.3596075882e+04 1.5707963268e+00 -1.0797013795e+00
8.3284914443e-05 1.3596830155e+04 1.5707963268e+00 -1.0829359325e+00
8.3533795827e-05 1.3597587476e+04 1.5707963268e+00 -1.0861701266e+00
8.3782651199e-05 1.3598347853e+04 1.5707963268e+00 -1.0894039605e+00
8.4031480464e-05 1.3599111293e+04 1.5707963268e+00 -1.0926374326e+00
8.4280283524e-05 1.3599877804e+04 1.5707963268e+00 -1.0958705417e+00
8.4529060282e-05 1.3600647391e+04 1.5707963268e+00 -1.0991032863e+00
8.4777810642e-05 1.3601420064e+04 1.5707963268e+00 -1.1023356651e+00
8.5026534506e-05 1.3602195829e+04 1.5707963268e+00 -1.1055676766e+00
8.5275231777e-05 1.3602974694e+04 1.5707963268e+00 -1.1087993194e+00
8.5523902358e-05 1.3603756665e+04 1.5707963268e+00 -1.1120305921e+00
8.5772546150e-05 1.3604541751e+04 1.5707963268e+00 -1.1152614933e+00
8.6021163057e-05 1.3605329959e+04 1.5707963268e+00 -1.1184920216e+00
8.6269752979e-05 1.3606121296e+04 1.5707963268e+00 -1.1217221755e+00
8.6518315820e-05 1.3606915770e+04 1.5707963268e+00 -1.1249519537e+00
8.6766851480e-05 1.3607713388e+04 1.5707963268e+00 -1.1281813548e+00
8.7015359861e-05 1.3608514158e+04 1.5707963268e+00 -1.1314103772e+00
8.7263840865e-05 1.3609318088e+04 1.5707963268e+00 -1.1346390196e+00
8.7512294393e-05 1.3610125184e+04 1.5707963268e+00 -1.1378672805e+00
8.7760720345e-05 1.3610935456e+04 1.5707963268e+00 -1.1410951585e+00
8.8009118624e-05 1.3611748910e+04 1.5707963268e+00 -1.1443226522e+00
8.8257489130e-05 1.3612565553e+04 1.5707963268e+00 -1.1475497600e+00
8.8505831763e-05 1.3613385395e+04 1.5707963268e+00 -1.1507764807e+00
8.8754146424e-05 1.3614208442e+04 1.5707963268e+00 -1.1540028127e+00
8.9002433014e-05 1.3615034702e+04 1.5707963268e+00 -1.1572287546e+00
8.9250691432e-05 1.3615864184e+04 1.5707963268e+00 -1.1604543049e+00
8.9498921578e-05 1.3616696894e+04 1.5707963268e+00 -1.1636794622e+00
8.9747123353e-05 1.3617532841e+04 1.5707963268e+00 -1.1669042250e+00
8.9995296656e-05 1.3618372032e+04 1.5707963268e+00 -1.1701285918e+00
9.0243441386e-05 1.3619214476e+04 1.5707963268e+00 -1.1733525613e+00
9.0491557444e-05 1.3620060181e+04 1.5707963268e+00 -1.1765761318e+00
9.0739644727e-05 1.3620909153e+04 1.5707963268e+00 -1.1797993021e+00
9.0987703137e-05 1.3621761402e+04 1.5707963268e+00 -1.1830220705e+00
9.1235732570e-05 1.3622616936e+04 1.5707963268e+00 -1.1862444356e+00
9.1483732927e-05 1.3623475761e+04 1.5707963268e+00 -1.1894663959e+00
9.1731704105e-05 1.3624337887e+04 1.5707963268e+00 -1.1926879500e+00
9.1979646003e-05 1.3625203322e+04 1.5707963268e+00 -1.1959090964e+00
9.2227558520e-05 1.3626072073e+04 1.5707963268e+00 -1.1991298335e+00
9.2475441553e-05 1.3626944149e+04 1.5707963268e+00 -1.2023501600e+00
9.2723295001e-05 1.3627819558e+04 1.5707963268e+00 -1.2055700742e+00
9.2971118761e-05 1.3628698308e+04 1.5707963268e+00 -1.2087895747e+00
9.3218912731e-05 1.3629580407e+04 1.5707963268e+00 -1.2120086600e+00
9.3466676809e-05 1.3630465864e+04 1.5707963268e+00 -1.2152273286e+00
9.3714410892e-05 1.3631354686e+04 1.5707963268e+00 -1.2184455790e+00
9.3962114877e-05 1.3632246883e+04 1.5707963268e+00 -1.2216634097e+00
9.4209788660e-05 1.3633142462e+04 1.5707963268e+00 -1.2248808192e+00
9.4457432140e-05 1.3634041432e+04 1.5707963268e+00 -1.2280978059e+00
9.4705045212e-05 1.3634943801e+04 1.5707963268e+00 -1.2313143684e+00
9.4952627774e-05 1.3635849577e+04 1.5707963268e+00 -1.2345305051e+00
9.5200179721e-05 1.3636758770e+04 1.5707963268e+00 -1.2377462145e+00
9.5447700949e-05 1.3637671387e+04 1.5707963268e+00 -1.2409614951e+00
9.5695191356e-05 1.3638587437e+04 1.5707963268e+00 -1.2441763453e+00
9.5942650836e-05 1.3639506928e+04 1.5707963268e+00 -1.2473907636e+00
9.6190079286e-05 1.3640429870e+04 1.5707963268e+00 -1.2506047485e+00
9.6437476601e-05 1.3641356270e+04 1.5707963268e+00 -1.2538182985e+00
9.6684842676e-05 1.3642286137e+04 1.5707963268e+00 -1.2570314119e+00
9.6932177407e-05 1.3643219480e+04 1.5707963268e+00 -1.2602440873e+00
9.7179480689e-05 1.3644156307e+04 1.5707963268e+00 -1.2634563231e+00
9.7426752417e-05 1.3645096628e+04 1.5707963268e+00 -1.2666681178e+00
9.7673992485e-05 1.3646040450e+04 1.5707963268e+00 -1.2698794698e+00
9.7921200789e-05 1.3646987783e+04 1.5707963268e+00 -1.2730903775e+00
9.8168377222e-05 1.3647938636e+04 1.5707963268e+00 -1.2763008394e+00
9.8415521678e-05 1.3648893016e+04 1.5707963268e+00 -1.2795108539e+00
9.8662634053e-05 1.3649850933e+04 1.5707963268e+00 -1.2827204195e+00
9.8909714240e-05 1.3650812396e+04 1.5707963268e+00 -1.2859295346e+00
9.9156762133e-05 1.3651777414e+04 1.5707963268e+00 -1.2891381975e+00
9.9403777625e-05 1.3652745995e+04 1.5707963268e+00 -1.2923464069e+00
9.9650760610e-05 1.3653718149e+04 1.5707963268e+00 -1.2955541609e+00
9.9897710981e-05 1.3654693884e+04 1.5707963268e+00 -1.2987614582e+00
1.0014462863e-04 1.3655673210e+04 1.5707963268e+00 -1.3019682971e+00
1.0039151345e-04 1.3656656135e+04 1.5707963268e+00 -1.3051746759e+00
1.0063836534e-04 1.3657642668e+04 1.5707963268e+00 -1.3083805932e+00
1.0088518419e-04 1.3658632819e+04 1.5707963268e+00 -1.3115860473e+00
1.0113196988e-04 1.3659626597e+04 1.5707963268e+00 -1.3147910366e+00
1.0137872232e-04 1.3660624010e+04 1.5707963268e+00 -1.3179955596e+00
1.0162544140e-04 1.3661625068e+04 1.5707963268e+00 -1.3211996145e+00
1.0187212700e-04 1.3662629781e+04 1.5707963268e+00 -1.3244031999e+00
1.0211877902e-04 1.3663638156e+04 1.5707963268e+00 -1.3276063140e+00
1.0236539735e-04 1.3664650204e+04 1.5707963268e+00 -1.3308089554e+00
1.0261198188e-04 1.3665665934e+04 1.5707963268e+00 -1.3340111223e+00
1.0285853251e-04 1.3666685355e+04 1.5707963268e+00 -1.3372128132e+00
1.0310504912e-04 1.3667708476e+04 1.5707963268e+00 -1.3404140264e+00
1.0335153160e-04 1.3668735306e+04 1.5707963268e+00 -1.3436147603e+00
1.0359797985e-04 1.3669765856e+04 1.5707963268e+00 -1.3468150132e+00
1.0384439376e-04 1.3670800135e+04 1.5707963268e+00 -1.3500147836e+00
1.0409077322e-04 1.3671838151e+04 1.5707963268e+00 -1.3532140698e+00
1.0433711811e-04 1.3672879915e+04 1.5707963268e+00 -1.3564128702e+00
1.0458342834e-04 1.3673925435e+04 1.5707963268e+00 -1.3596111831e+00
1.0482970378e-04 1.3674974722e+04 1.5707963268e+00 -1.3628090068e+00
1.0507594433e-04 1.3676027784e+04 1.5707963268e+00 -1.3660063398e+00
1.0532214988e-04 1.3677084633e+04 1.5707963268e+00 -1.3692031803e+00
1.0556832031e-04 1.3678145276e+04 1.5707963268e+00 -1.3723995268e+00
1.0581445552e-04 1.3679209724e+04 1.5707963268e+00 -1.3755953775e+00
1.0606055540e-04 1.3680277986e+04 1.5707963268e+00 -1.3787907308e+00
1.0630661984e-04 1.3681350072e+04 1.5707963268e+00 -1.3819855850e+00
1.0655264872e-04 1.3682425992e+04 1.5707963268e+00 -1.3851799385e+00
1.0679864193e-04 1.3683505756e+04 1.5707963268e+00 -1.3883737895e+00
1.0704459936e-04 1.3684589373e+04 1.5707963268e+00 -1.3915671365e+00
1.0729052090e-04 1.3685676852e+04 1.5707963268e+00 -1.3947599777e+00
1.0753640644e-04 1.3686768205e+04 1.5707963268e+00 -1.3979523114e+00
1.0778225587e-04 1.3687863440e+04 1.5707963268e+00 -1.4011441360e+00
1.0802806907e-04 1.3688962568e+04 1.5707963268e+00 -1.4043354498e+00
1.0827384594e-04 1.3690065599e+04 1.5707963268e+00 -1.4075262511e+00
1.0851958635e-04 1.3691172542e+04 1.5707963268e+00 -1.4107165381e+00
1.0876529020e-04 1.3692283407e+04 1.5707963268e+00 -1.4139063092e+00
1.0901095738e-04 1.3693398205e+04 1.5707963268e+00 -1.4170955627e+00
1.0925658776e-04 1.3694516945e+04 1.5707963268e+00 -1.4202842969e+00
1.0950218125e-04 1.3695639637e+04 1.5707963268e+00 -1.4234725100e+00
1.0974773772e-04 1.3696766293e+04 1.5707963268e+00 -1.4266602004e+00
1.0999325706e-04 1.3697896921e+04 1.5707963268e+00 -1.4298473664e+00
1.1023873916e-04 1.3699031531e+04 1.5707963268e+00 -1.4330340061e+00
1.1048418391e-04 1.3700170135e+04 1.5707963268e+00 -1.4362201179e+00
1.1072959118e-04 1.3701312742e+04 1.5707963268e+00 -1.4394057002e+00
1.1097496088e-04 1.3702459362e+04 1.5707963268e+00 -1.4425907510e+00
1.1122029287e-04 1.3703610006e+04 1.5707963268e+00 -1.4457752688e+00
1.1146558706e-04 1.3704764684e+04 1.5707963268e+00 -1.4489592517e+00
1.1171084332e-04 1.3705923406e+04 1.5707963268e+00 -1.4521426980e+00
1.1195606154e-04 1.3707086183e+04 1.5707963268e+00 -1.4553256061e+00
1.1220124160e-04 1.3708253025e+04 1.5707963268e+00 -1.4585079741e+00
1.1244638339e-04 1.3709423942e+04 1.5707963268e+00 -1.4616898002e+00
1.1269148680e-04 1.3710598945e+04 1.5707963268e+00 -1.4648710828e+00
1.1293655170e-04 1.3711778044e+04 1.5707963268e+00 -1.4680518201e+00
1.1318157799e-04 1.3712961250e+04 1.5707963268e+00 -1.4712320103e+00
1.1342656555e-04 1.3714148573e+04 1.5707963268e+00 -1.4744116517e+00
1.1367151425e-04 1.3715340024e+04 1.5707963268e+00 -1.4775907424e+00
1.1391642400e-04 1.3716535613e+04 1.5707963268e+00 -1.4807692808e+00
1.1416129466e-04 1.3717735352e+04 1.5707963268e+00 -1.4839472650e+00
1.1440612613e-04 1.3718939249e+04 1.5707963268e+00 -1.4871246933e+00
1.1465091829e-04 1.3720147318e+04 1.5707963268e+00 -1.4903015638e+00
1.1489567101e-04 1.3721359567e+04 1.5707963268e+00 -1.4934778749e+00
1.1514038420e-04 1.3722576007e+04 1.5707963268e+00 -1.4966536247e+00
1.1538505771e-04 1.3723796651e+04 1.5707963268e+00 -1.4998288113e+00
1.1562969145e-04 1.3725021507e+04 1.5707963268e+00 -1.5030034332e+00
1.1587428529e-04 1.3726250587e+04 1.5707963268e+00 -1.5061774883e+00
1.1611883912e-04 1.3727483902e+04 1.5707963268e+00 -1.5093509750e+00
1.1636335281e-04 1.3728721463e+04 1.5707963268e+00 -1.5125238914e+00
1.1660782626e-04 1.3729963281e+04 1.5707963268e+00 -1.5156962356e+00
1.1685225933e-04 1.3731209365e+04 1.5707963268e+00 -1.5188680060e+00
1.1709665192e-04 1.3732459729e+04 1.5707963268e+00 -1.5220392007e+00
1.1734100391e-04 1.3733714382e+04 1.5707963268e+00 -1.5252098178e+00
1.1758531517e-04 1.3734973335e+04 1.5707963268e+00 -1.5283798556e+00
1.1782958560e-04 1.3736236600e+04 1.5707963268e+00 -1.5315493122e+00
1.1807381506e-04 1.3737504187e+04 1.5707963268e+00 -1.5347181858e+00
1.1831800345e-04 1.3738776108e+04 1.5707963268e+00 -1.5378864745e+00
1.1856215064e-04 1.3740052373e+04 1.5707963268e+00 -1.5410541765e+00
1.1880625651e-04 1.3741332995e+04 1.5707963268e+00 -1.5442212900e+00
1.1905032095e-04 1.3742617984e+04 1.5707963268e+00 -1.5473878132e+00
1.1929434383e-04 1.3743907351e+04 1.5707963268e+00 -1.5505537441e+00
1.1953832504e-04 1.3745201107e+04 1.5707963268e+00 -1.5537190809e+00
1.1978226445e-04 1.3746499265e+04 1.5707963268e+00 -1.5568838218e+00
1.2002616195e-04 1.3747801834e+04 1.5707963268e+00 -1.5600479650e+00
1.2027001741e-04 1.3749108827e+04 1.5707963268e+00 -1.5632115084e+00
1.2051383072e-04 1.3750420255e+04 1.5707963268e+00 -1.5663744504e+00
1.2075760175e-04 1.3751736130e+04 1.5707963268e+00 -1.5695367890e+00
1.2100133039e-04 1.3753056461e+04 1.5707963268e+00 -1.5726985223e+00
1.2124501652e-04 1.3754381262e+04 1.5707963268e+00 -1.5758596486e+00
1.2148866000e-04 1.3755710544e+04 1.5707963268e+00 -1.5790201658e+00
1.2173226073e-04 1.3757044317e+04 1.5707963268e+00 -1.5821800721e+00
1.2197581858e-04 1.3758382595e+04 1.5707963268e+00 -1.5853393656e+00
1.2221933343e-04 1.3759725387e+04 1.5707963268e+00 -1.5884980445e+00
1.2246280515e-04 1.3761072706e+04 1.5707963268e+00 -1.5916561068e+00
1.2270623363e-04 1.3762424564e+04 1.5707963268e+00 -1.5948135506e+00
1.2294961875e-04 1.3763780972e+04 1.5707963268e+00 -1.5979703741e+00
1.2319296038e-04 1.3765141941e+04 1.5707963268e+00 -1.6011265753e+00
1.2343625840e-04 1.3766507484e+04 1.5707963268e+00 -1.6042821524e+00
1.2367951269e-04 1.3767877612e+04 1.5707963268e+00 -1.6074371033e+00
1.2392272312e-04 1.3769252338e+04 1.5707963268e+00 -1.6105914263e+00
1.2416588958e-04 1.3770631672e+04 1.5707963268e+00 -1.6137451193e+00
1.2440901194e-04 1.3772015626e+04 1.5707963268e+00 -1.6168981805e+00
1.2465209008e-04 1.3773404214e+04 1.5707963268e+00 -1.6200506079e+00
1.2489512387e-04 1.3774797445e+04 1.5707963268e+00 -1.6232023997e+00
1.2513811320e-04 1.3776195333e+04 1.5707963268e+00 -1.6263535538e+00
1.2538105793e-04 1.3777597889e+04 1.5707963268e+00 -1.6295040683e+00
1.2562395795e-04 1.3779005126e+04 1.5707963268e+00 -1.6326539413e+00
1.2586681313e-04 1.3780417054e+04 1.5707963268e+00 -1.6358031709e+00
1.2610962335e-04 1.3781833687e+04 1.5707963268e+00 -1.6389517550e+00
1.2635238848e-04 1.3783255037e+04 1.5707963268e+00 -1.6420996919e+00
1.2659510840e-04 1.3784681115e+04 1.5707963268e+00 -1.6452469794e+00
1.2683778299e-04 1.3786111933e+04 1.5707963268e+00 -1.6483936156e+00
1.2708041212e-04 1.3787547505e+04 1.5707963268e+00 -1.6515395986e+00
1.2732299567e-04 1.3788987841e+04 1.5707963268e+00 -1.6546849265e+00
1.2756553350e-04 1.3790432954e+04 1.5707963268e+00 -1.6578295971e+00
1.2780802551e-04 1.3791882857e+04 1.5707963268e+00 -1.6609736086e+00
1.2805047156e-04 1.3793337562e+04 1.5707963268e+00 -1.6641169591e+00
1.2829287153e-04 1.3794797081e+04 1.5707963268e+00 -1.6672596464e+00
1.2853522529e-04 1.3796261426e+04 1.5707963268e+00 -1.6704016686e+00
1.2877753272e-04 1.3797730609e+04 1.5707963268e+00 -1.6735430238e+00
1.2901979369e-04 1.3799204644e+04 1.5707963268e+00 -1.6766837099e+00
1.2926200808e-04 1.3800683543e+04 1.5707963268e+00 -1.6798237250e+00
1.2950417576e-04 1.3802167317e+04 1.5707963268e+00 -1.6829630670e+00
1.2974629660e-04 1.3803655980e+04 1.5707963268e+00 -1.6861017340e+00
1.2998837048e-04 1.3805149544e+04 1.5707963268e+00 -1.6892397239e+00
1.3023039727e-04 1.3806648022e+04 1.5707963268e+00 -1.6923770348e+00
1.3047237685e-04 1.3808151426e+04 1.5707963268e+00 -1.6955136646e+00
1.3071430909e-04 1.3809659768e+04 1.5707963268e+00 -1.6986496113e+00
1.3095619386e-04 1.3811173062e+04 1.5707963268e+00 -1.7017848728e+00
1.3119803104e-04 1.3812691320e+04 1.5707963268e+00 -1.7049194473e+00
1.3143982050e-04 1.3814214555e+04 1.5707963268e+00 -1.7080533326e+00
1.3168156211e-04 1.3815742779e+04 1.5707963268e+00 -1.7111865266e+00
1.3192325575e-04 1.3817276005e+04 1.5707963268e+00 -1.7143190275e+00
1.3216490128e-04 1.3818814247e+04 1.5707963268e+00 -1.7174508330e+00
1.3240649858e-04 1.3820357516e+04 1.5707963268e+00 -1.7205819413e+00
1.3264804753e-04 1.3821905826e+04 1.5707963268e+00 -1.7237123502e+00
1.3288954800e-04 1.3823459189e+04 1.5707963268e+00 -1.7268420577e+00
1.3313099985e-04 1.3825017619e+04 1.5707963268e+00 -1.7299710617e+00
1.3337240296e-04 1.3826581129e+04 1.5707963268e+00 -1.7330993603e+00
1.3361375720e-04 1.3828149730e+04 1.5707963268e+00 -1.7362269512e+00
1.3385506244e-04 1.3829723437e+04 1.5707963268e+00 -1.7393538325e+00
1.3409631856e-04 1.3831302263e+04 1.5707963268e+00 -1.7424800021e+00
1.3433752543e-04 1.3832886220e+04 1.5707963268e+00 -1.7456054579e+00
1.3457868291e-04 1.3834475321e+04 1.5707963268e+00 -1.7487301979e+00
1.3481979088e-04 1.3836069580e+04 1.5707963268e+00 -1.7518542199e+00
1.3506084922e-04 1.3837669010e+04 1.5707963268e+00 -1.7549775220e+00
1.3530185778e-04 1.3839273624e+04 1.5707963268e+00 -1.7581001019e+00
1.3554281644e-04 1.3840883434e+04 1.5707963268e+00 -1.7612219576e+00
1.3578372508e-04 1.3842498456e+04 1.5707963268e+00 -1.7643430871e+00
1.3602458356e-04 1.3844118700e+04 1.5707963268e+00 -1.7674634882e+00
1.3626539176e-04 1.3845744182e+04 1.5707963268e+00 -1.7705831588e+00
1.3650614954e-04 1.3847374914e+04 1.5707963268e+00 -1.7737020968e+00
1.3674685677e-04 1.3849010910e+04 1.5707963268e+00 -1.7768203001e+00
1.3698751333e-04 1.3850652182e+04 1.5707963268e+00 -1.7799377667e+00
1.3722811908e-04 1.3852298745e+04 1.5707963268e+00 -1.7830544943e+00
1.3746867389e-04 1.3853950612e+04 1.5707963268e+00 -1.7861704809e+00
1.3770917764e-04 1.3855607796e+04 1.5707963268e+00 -1.7892857243e+00
1.3794963019e-04 1.3857270311e+04 1.5707963268e+00 -1.7924002225e+00
1.3819003142e-04 1.3858938170e+04 1.5707963268e+00 -1.7955139732e+00
1.3843038118e-04 1.3860611387e+04 1.5707963268e+00 -1.7986269744e+00
1.3867067936e-04 1.3862289975e+04 1.5707963268e+00 -1.8017392239e+00
1.3891092582e-04 1.3863973948e+04 1.5707963268e+00 -1.8048507197e+00
1.3915112043e-04 1.3865663321e+04 1.5707963268e+00 -1.8079614594e+00
1.3939126305e-04 1.3867358105e+04 1.5707963268e+00 -1.8110714411e+00
1.3963135357e-04 1.3869058316e+04 1.5707963268e+00 -1.8141806624e+00
1.3987139183e-04 1.3870763966e+04 1.5707963268e+00 -1.8172891214e+00
1.4011137772e-04 1.3872475070e+04 1.5707963268e+00 -1.8203968158e+00
1.4035131111e-04 1.3874191642e+04 1.5707963268e+00 -1.8235037435e+00
1.4059119185e-04 1.3875913695e+04 1.5707963268e+00 -1.8266099022e+00
1.4083101983e-04 1.3877641242e+04 1.5707963268e+00 -1.8297152899e+00
1.4107079490e-04 1.3879374299e+04 1.5707963268e+00 -1.8328199044e+00
1.4131051693e-04 1.3881112878e+04 1.5707963268e+00 -1.8359237434e+00
1.4155018580e-04 1.3882856995e+04 1.5707963268e+00 -1.8390268049e+00
1.4178980137e-04 1.3884606662e+04 1.5707963268e+00 -1.8421290866e+00
1.4202936350e-04 1.3886361894e+04 1.5707963268e+00 -1.8452305863e+00
1.4226887207e-04 1.3888122704e+04 1.5707963268e+00 -1.8483313018e+00
1.4250832695e-04 1.3889889108e+04 1.5707963268e+00 -1.8514312310e+00
1.4274772799e-04 1.3891661118e+04 1.5707963268e+00 -1.8545303716e+00
1.4298707507e-04 1.3893438750e+04 1.5707963268e+00 -1.8576287215e+00
1.4322636805e-04 1.3895222016e+04 1.5707963268e+00 -1.8607262785e+00
1.4346560681e-04 1.3897010932e+04 1.5707963268e+00 -1.8638230403e+00
1.4370479120e-04 1.3898805512e+04 1.5707963268e+00 -1.8669190047e+00
1.4394392110e-04 1.3900605770e+04 1.5707963268e+00 -1.8700141695e+00
1.4418299637e-04 1.3902411719e+04 1.5707963268e+00 -1.8731085325e+00
1.4442201687e-04 1.3904223375e+04 1.5707963268e+00 -1.8762020915e+00
1.4466098248e-04 1.3906040751e+04 1.5707963268e+00 -1.8792948442e+00
1.4489989306e-04 1.3907863863e+04 1.5707963268e+00 -1.8823867884e+00
1.4513874847e-04 1.3909692724e+04 1.5707963268e+00 -1.8854779219e+00
1.4537754859e-04 1.3911527349e+04 1.5707963268e+00 -1.8885682425e+00
1.4561629328e-04 1.3913367752e+04 1.5707963268e+00 -1.8916577478e+00
1.4585498240e-04 1.3915213948e+04 1.5707963268e+00 -1.8947464358e+00
1.4609361582e-04 1.3917065951e+04 1.5707963268e+00 -1.8978343040e+00
1.4633219341e-04 1.3918923776e+04 1.5707963268e+00 -1.9009213503e+00
1.4657071502e-04 1.3920787437e+04 1.5707963268e+00 -1.9040075724e+00
1.4680918054e-04 1.3922656949e+04 1.5707963268e+00 -1.9070929680e+00
1.4704758981e-04 1.3924532327e+04 1.5707963268e+00 -1.9101775349e+00
1.4728594272e-04 1.3926413584e+04 1.5707963268e+00 -1.9132612708e+00
1.4752423912e-04 1.3928300737e+04 1.5707963268e+00 -1.9163441735e+00
1.4776247887e-04 1.3930193799e+04 1.5707963268e+00 -1.9194262407e+00
1.4800066185e-04 1.3932092785e+04 1.5707963268e+00 -1.9225074701e+00
1.4823878791e-04 1.3933997710e+04 1.5707963268e+00 -1.9255878594e+00
1.4847685693e-04 1.3935908589e+04 1.5707963268e+00 -1.9286674063e+00
1.4871486876e-04 1.3937825437e+04 1.5707963268e+00 -1.9317461086e+00
1.4895282328e-04 1.3939748268e+04 1.5707963268e+00 -1.9348239639e+00
1.4919072035e-04 1.3941677097e+04 1.5707963268e+00 -1.9379009701e+00
1.4942855982e-04 1.3943611940e+04 1.5707963268e+00 -1.9409771247e+00
1.4966634157e-04 1.3945552811e+04 1.5707963268e+00 -1.9440524254e+00
1.4990406546e-04 1.3947499724e+04 1.5707963268e+00 -1.9471268701e+00
1.5014173135e-04 1.3949452696e+04 1.5707963268e+00 -1.9502004563e+00
1.5037933912e-04 1.3951411741e+04 1.5707963268e+00 -1.9532731818e+00
1.5061688861e-04 1.3953376874e+04 1.5707963268e+00 -1.9563450442e+00
1.5085437970e-04 1.3955348111e+04 1.5707963268e+00 -1.9594160412e+00
1.5109181225e-04 1.3957325465e+04 1.5707963268e+00 -1.9624861705e+00
1.5132918613e-04 1.3959308953e+04 1.5707963268e+00 -1.9655554298e+00
1.5156650119e-04 1.3961298590e+04 1.5707963268e+00 -1.9686238168e+00
1.5180375730e-04 1.3963294390e+04 1.5707963268e+00 -1.9716913291e+00
1.5204095433e-04 1.3965296369e+04 1.5707963268e+00 -1.9747579643e+00
1.5227809214e-04 1.3967304543e+04 1.5707963268e+00 -1.9778237202e+00
1.5251517059e-04 1.3969318926e+04 1.5707963268e+00 -1.9808885945e+00
1.5275218954e-04 1.3971339534e+04 1.5707963268e+00 -1.9839525846e+00
1.5298914886e-04 1.3973366381e+04 1.5707963268e+00 -1.9870156884e+00
1.5322604842e-04 1.3975399485e+04 1.5707963268e+00 -1.9900779035e+00
1.5346288807e-04 1.3977438859e+04 1.5707963268e+00 -1.9931392274e+00
1.5369966768e-04 1.3979484519e+04 1.5707963268e+00 -1.9961996579e+00
1.5393638710e-04 1.3981536482e+04 1.5707963268e+00 -1.9992591926e+00
1.5417304622e-04 1.3983594761e+04 1.5707963268e+00 -2.0023178291e+00
1.5440964488e-04 1.3985659373e+04 1.5707963268e+00 -2.0053755650e+00
1.5464618295e-04 1.3987730333e+04 1.5707963268e+00 -2.0084323980e+00
1.5488266029e-04 1.3989807656e+04 1.5707963268e+00 -2.0114883258e+00
1.5511907676e-04 1.3991891360e+04 1.5707963268e+00 -2.0145433458e+00
1.5535543224e-04 1.3993981457e+04 1.5707963268e+00 -2.0175974558e+00
1.5559172657e-04 1.3996077966e+04 1.5707963268e+00 -2.0206506534e+00
1.5582795963e-04 1.3998180900e+04 1.5707963268e+00 -2.0237029361e+00
1.5606413127e-04 1.4000290277e+04 1.5707963268e+00 -2.0267543016e+00
1.5630024136e-04 1.4002406111e+04 1.5707963268e+00 -2.0298047475e+00
1.5653628977e-04 1.4004528418e+04 1.5707963268e+00 -2.0328542714e+00
1.5677227634e-04 1.4006657215e+04 1.5707963268e+00 -2.0359028709e+00
1.5700820095e-04 1.4008792516e+04 1.5707963268e+00 -2.0389505435e+00
1.5724406345e-04 1.4010934338e+04 1.5707963268e+00 -2.0419972869e+00
1.5747986371e-04 1.4013082697e+04 1.5707963268e+00 -2.0450430987e+00
1.5771560160e-04 1.4015237608e+04 1.5707963268e+00 -2.0480879764e+00
1.5795127696e-04 1.4017399087e+04 1.5707963268e+00 -2.0511319177e+00
1.5818688967e-04 1.4019567150e+04 1.5707963268e+00 -2.0541749200e+00
1.5842243959e-04 1.4021741814e+04 1.5707963268e+00 -2.0572169810e+00
1.5865792658e-04 1.4023923094e+04 1.5707963268e+00 -2.0602580983e+00
1.5889335049e-04 1.4026111006e+04 1.5707963268e+00 -2.0632982694e+00
1.5912871120e-04 1.4028305567e+04 1.5707963268e+00 -2.0663374919e+00
1.5936400857e-04 1.4030506792e+04 1.5707963268e+00 -2.0693757633e+00
1.5959924244e-04 1.4032714697e+04 1.5707963268e+00 -2.0724130813e+00
1.5983441270e-04 1.4034929298e+04 1.5707963268e+00 -2.0754494433e+00
1.6006951920e-04 1.4037150613e+04 1.5707963268e+00 -2.0784848470e+00
1.6030456179e-04 1.4039378656e+04 1.5707963268e+00 -2.0815192898e+00
1.6053954035e-04 1.4041613444e+04 1.5707963268e+00 -2.0845527693e+00
1.6077445473e-04 1.4043854994e+04 1.5707963268e+00 -2.0875852831e+00
1.6100930479e-04 1.4046103321e+04 1.5707963268e+00 -2.0906168287e+00
1.6124409041e-04 1.4048358442e+04 1.5707963268e+00 -2.0936474036e+00
1.6147881143e-04 1.4050620373e+04 1.5707963268e+00 -2.0966770054e+00
1.6171346771e-04 1.4052889130e+04 1.5707963268e+00 -2.0997056317e+00
1.6194805913e-04 1.4055164730e+04 1.5707963268e+00 -2.1027332798e+00
1.6218258555e-04 1.4057447190e+04 1.5707963268e+00 -2.1057599474e+00
1.6241704681e-04 1.4059736525e+04 1.5707963268e+00 -2.1087856320e+00
1.6265144279e-04 1.4062032752e+04 1.5707963268e+00 -2.1118103311e+00
1.6288577334e-04 1.4064335887e+04 1.5707963268e+00 -2.1148340422e+00
1.6312003833e-04 1.4066645947e+04 1.5707963268e+00 -2.1178567628e+00
1.6335423762e-04 1.4068962949e+04 1.5707963268e+00 -2.1208784905e+00
1.6358837107e-04 1.4071286909e+04 1.5707963268e+00 -2.1238992227e+00
1.6382243854e-04 1.4073617844e+04 1.5707963268e+00 -2.1269189570e+00
1.6405643988e-04 1.4075955769e+04 1.5707963268e+00 -2.1299376908e+00
1.6429037498e-04 1.4078300702e+04 1.5707963268e+00 -2.1329554217e+00
1.6452424367e-04 1.4080652660e+04 1.5707963268e+00 -2.1359721471e+00
1.6475804583e-04 1.4083011659e+04 1.5707963268e+00 -2.1389878645e+00
1.6499178132e-04 1.4085377716e+04 1.5707963268e+00 -2.1420025715e+00
1.6522544999e-04 1.4087750847e+04 1.5707963268e+00 -2.1450162655e+00
1.6545905171e-04 1.4090131069e+04 1.5707963268e+00 -2.1480289440e+00
1.6569258633e-04 1.4092518400e+04 1.5707963268e+00 -2.1510406044e+00
1.6592605373e-04 1.4094912855e+04 1.5707963268e+00 -2.1540512443e+00
1.6615945376e-04 1.4097314452e+04 1.5707963268e+00 -2.1570608612e+00
1.6639278628e-04 1.4099723207e+04 1.5707963268e+00 -2.1600694524e+00
1.6662605115e-04 1.4102139137e+04 1.5707963268e+00 -2.1630770155e+00
1.6685924824e-04 1.4104562260e+04 1.5707963268e+00 -2.1660835479e+00
1.6709237740e-04 1.4106992592e+04 1.5707963268e+00 -2.1690890471e+00
1.6732543849e-04 1.4109430150e+04 1.5707963268e+00 -2.1720935106e+00
1.6755843139e-04 1.4111874950e+04 1.5707963268e+00 -2.1750969358e+00
1.6779135594e-04 1.4114327011e+04 1.5707963268e+00 -2.1780993202e+00
1.6802421201e-04 1.4116786349e+04 1.5707963268e+00 -2.1811006611e+00
1.6825699946e-04 1.4119252981e+04 1.5707963268e+00 -2.1841009562e+00
1.6848971814e-04 1.4121726924e+04 1.5707963268e+00 -2.1871002028e+00
1.6872236793e-04 1.4124208195e+04 1.5707963268e+00 -2.1900983983e+00
1.6895494869e-04 1.4126696812e+04 1.5707963268e+00 -2.1930955402e+00
1.6918746026e-04 1.4129192791e+04 1.5707963268e+00 -2.1960916259e+00
1.6941990252e-04 1.4131696149e+04 1.5707963268e+00 -2.1990866530e+00
1.6965227533e-04 1.4134206904e+04 1.5707963268e+00 -2.2020806187e+00
1.6988457854e-04 1.4136725074e+04 1.5707963268e+00 -2.2050735206e+00
1.7011681203e-04 1.4139250674e+04 1.5707963268e+00 -2.2080653560e+00
1.7034897563e-04 1.4141783723e+04 1.5707963268e+00 -2.2110561224e+00
1.7058106923e-04 1.4144324238e+04 1.5707963268e+00 -2.2140458172e+00
1.7081309269e-04 1.4146872235e+04 1.5707963268e+00 -2.2170344379e+00
1.7104504585e-04 1.4149427733e+04 1.5707963268e+00 -2.2200219818e+00
1.7127692858e-04 1.4151990749e+04 1.5707963268e+00 -2.2230084463e+00
1.7150874075e-04 1.4154561300e+04 1.5707963268e+00 -2.2259938289e+00
1.7174048222e-04 1.4157139403e+04 1.5707963268e+00 -2.2289781270e+00
1.7197215285e-04 1.4159725076e+04 1.5707963268e+00 -2.2319613380e+00
1.7220375249e-04 1.4162318336e+04 1.5707963268e+00 -2.2349434593e+00
1.7243528101e-04 1.4164919201e+04 1.5707963268e+00 -2.2379244882e+00
1.7266673827e-04 1.4167527689e+04 1.5707963268e+00 -2.2409044222e+00
1.7289812414e-04 1.4170143816e+04 1.5707963268e+00 -2.2438832588e+00
1.7312943846e-04 1.4172767600e+04 1.5707963268e+00 -2.2468609952e+00
1.7336068112e-04 1.4175399059e+04 1.5707963268e+00 -2.2498376288e+00
1.7359185196e-04 1.4178038210e+04 1.5707963268e+00 -2.2528131571e+00
1.7382295085e-04 1.4180685072e+04 1.5707963268e+00 -2.2557875775e+00
1.7405397764e-04 1.4183339661e+04 1.5707963268e+00 -2.2587608873e+00
1.7428493221e-04 1.4186001995e+04 1.5707963268e+00 -2.2617330839e+00
1.7451581441e-04 1.4188672092e+04 1.5707963268e+00 -2.2647041647e+00
1.7474662411e-04 1.4191349969e+04 1.5707963268e+00 -2.2676741270e+00
1.7497736116e-04 1.4194035645e+04 1.5707963268e+00 -2.2706429683e+00
1.7520802543e-04 1.4196729137e+04 1.5707963268e+00 -2.2736106859e+00
1.7543861679e-04 1.4199430463e+04 1.5707963268e+00 -2.2765772772e+00
1.7566913508e-04 1.4202139640e+04 1.5707963268e+00 -2.2795427395e+00
1.7589958017e-04 1.4204856686e+04 1.5707963268e+00 -2.2825070702e+00
1.7612995194e-04 1.4207581619e+04 1.5707963268e+00 -2.2854702667e+00
1.7636025023e-04 1.4210314457e+04 1.5707963268e+00 -2.2884323264e+00
1.7659047490e-04 1.4213055218e+04 1.5707963268e+00 -2.2913932465e+00
1.7682062584e-04 1.4215803920e+04 1.5707963268e+00 -2.2943530245e+00
1.7705070288e-04 1.4218560580e+04 1.5707963268e+00 -2.2973116576e+00
1.7728070590e-04 1.4221325217e+04 1.5707963268e+00 -2.3002691434e+00
1.7751063476e-04 1.4224097848e+04 1.5707963268e+00 -2.3032254790e+00
1.7774048932e-04 1.4226878491e+04 1.5707963268e+00 -2.3061806619e+00
1.7797026945e-04 1.4229667164e+04 1.5707963268e+00 -2.3091346894e+00
1.7819997500e-04 1.4232463886e+04 1.5707963268e+00 -2.3120875588e+00
1.7842960584e-04 1.4235268674e+04 1.5707963268e+00 -2.3150392674e+00
1.7865916183e-04 1.4238081546e+04 1.5707963268e+00 -2.3179898127e+00
1.7888864284e-04 1.4240902521e+04 1.5707963268e+00 -2.3209391920e+00
1.7911804872e-04 1.4243731616e+04 1.5707963268e+00 -2.3238874025e+00
1.7934737934e-04 1.4246568850e+04 1.5707963268e+00 -2.3268344417e+00
1.7957663456e-04 1.4249414240e+04 1.5707963268e+00 -2.3297803068e+00
1.7980581425e-04 1.4252267805e+04 1.5707963268e+00 -2.3327249952e+00
1.8003491827e-04 1.4255129563e+04 1.5707963268e+00 -2.3356685041e+00
1.8026394648e-04 1.4257999532e+04 1.5707963268e+00 -2.3386108311e+00
1.8049289875e-04 1.4260877730e+04 1.5707963268e+00 -2.3415519732e+00
1.8072177493e-04 1.4263764176e+04 1.5707963268e+00 -2.3444919279e+00
1.8095057490e-04 1.4266658888e+04 1.5707963268e+00 -2.3474306926e+00
1.8117929851e-04 1.4269561883e+04 1.5707963268e+00 -2.3503682644e+00
1.8140794564e-04 1.4272473181e+04 1.5707963268e+00 -2.3533046407e+00
1.8163651613e-04 1.4275392799e+04 1.5707963268e+00 -2.3562398189e+00
1.8186500986e-04 1.4278320756e+04 1.5707963268e+00 -2.3591737962e+00
1.8209342670e-04 1.4281257070e+04 1.5707963268e+00 -2.3621065700e+00
1.8232176649e-04 1.4284201759e+04 1.5707963268e+00 -2.3650381375e+00
1.8255002912e-04 1.4287154843e+04 1.5707963268e+00 -2.3679684961e+00
1.8277821444e-04 1.4290116338e+04 1.5707963268e+00 -2.3708976430e+00
1.8300632231e-04 1.4293086264e+04 1.5707963268e+00 -2.3738255757e+00
1.8323435261e-04 1.4296064639e+04 1.5707963268e+00 -2.3767522913e+00
1.8346230520e-04 1.4299051481e+04 1.5707963268e+00 -2.3796777871e+00
1.8369017993e-04 1.4302046809e+04 1.5707963268e+00 -2.3826020606e+00
1.8391797668e-04 1.4305050642e+04 1.5707963268e+00 -2.3855251089e+00
1.8414569531e-04 1.4308062997e+04 1.5707963268e+00 -2.3884469293e+00
1.8437333569e-04 1.4311083893e+04 1.5707963268e+00 -2.3913675192e+00
1.8460089768e-04 1.4314113350e+04 1.5707963268e+00 -2.3942868759e+00
1.8482838114e-04 1.4317151384e+04 1.5707963268e+00 -2.3972049965e+00
1.8505578594e-04 1.4320198015e+04 1.5707963268e+00 -2.4001218785e+00
1.8528311195e-04 1.4323253262e+04 1.5707963268e+00 -2.4030375191e+00
1.8551035904e-04 1.4326317142e+04 1.5707963268e+00 -2.4059519156e+00
1.8573752705e-04 1.4329389675e+04 1.5707963268e+00 -2.4088650652e+00
1.8596461588e-04 1.4332470880e+04 1.5707963268e+00 -2.4117769653e+00
1.8619162537e-04 1.4335560774e+04 1.5707963268e+00 -2.4146876131e+00
1.8641855539e-04 1.4338659376e+04 1.5707963268e+00 -2.4175970059e+00
1.8664540582e-04 1.4341766706e+04 1.5707963268e+00 -2.4205051409e+00
1.8687217651e-04 1.4344882781e+04 1.5707963268e+00 -2.4234120156e+00
1.8709886734e-04 1.4348007620e+04 1.5707963268e+00 -2.4263176271e+00
1.8732547817e-04 1.4351141243e+04 1.5707963268e+00 -2.4292219726e+00
1.8755200886e-04 1.4354283668e+04 1.5707963268e+00 -2.4321250496e+00
1.8777845929e-04 1.4357434913e+04 1.5707963268e+00 -2.4350268552e+00
1.8800482932e-04 1.4360594997e+04 1.5707963268e+00 -2.4379273867e+00
1.8823111882e-04 1.4363763939e+04 1.5707963268e+00 -2.4408266414e+00
1.8845732765e-04 1.4366941759e+04 1.5707963268e+00 -2.4437246165e+00
1.8868345568e-04 1.4370128473e+04 1.5707963268e+00 -2.4466213094e+00
1.8890950279e-04 1.4373324103e+04 1.5707963268e+00 -2.4495167172e+00
1.8913546883e-04 1.4376528665e+04 1.5707963268e+00 -2.4524108372e+00
1.8936135368e-04 1.4379742179e+04 1.5707963268e+00 -2.4553036668e+00
1.8958715719e-04 1.4382964665e+04 1.5707963268e+00 -2.4581952031e+00
1.8981287926e-04 1.4386196140e+04 1.5707963268e+00 -2.4610854435e+00
1.9003851973e-04 1.4389436624e+04 1.5707963268e+00 -2.4639743851e+00
1.9026407847e-04 1.4392686135e+04 1.5707963268e+00 -2.4668620252e+00
1.9048955537e-04 1.4395944693e+04 1.5707963268e+00 -2.4697483612e+00
1.9071495028e-04 1.4399212315e+04 1.5707963268e+00 -2.4726333902e+00
1.9094026307e-04 1.4402489023e+04 1.5707963268e+00 -2.4755171095e+00
1.9116549362e-04 1.4405774833e+04 1.5707963268e+00 -2.4783995163e+00
1.9139064179e-04 1.4409069765e+04 1.5707963268e+00 -2.4812806079e+00
1.9161570745e-04 1.4412373839e+04 1.5707963268e+00 -2.4841603816e+00
1.9184069047e-04 1.4415687072e+04 1.5707963268e+00 -2.4870388347e+00
1.9206559072e-04 1.4419009485e+04 1.5707963268e+00 -2.4899159642e+00
1.9229040807e-04 1.4422341095e+04 1.5707963268e+00 -2.4927917676e+00
1.9251514239e-04 1.4425681923e+04 1.5707963268e+00 -2.4956662420e+00
1.9273979356e-04 1.4429031986e+04 1.5707963268e+00 -2.4985393847e+00
1.9296436143e-04 1.4432391305e+04 1.5707963268e+00 -2.5014111930e+00
1.9318884589e-04 1.4435759898e+04 1.5707963268e+00 -2.5042816640e+00
1.9341324680e-04 1.4439137784e+04 1.5707963268e+00 -2.5071507951e+00
1.9363756403e-04 1.4442524982e+04 1.5707963268e+00 -2.5100185835e+00
1.9386179745e-04 1.4445921511e+04 1.5707963268e+00 -2.5128850264e+00
1.9408594695e-04 1.4449327391e+04 1.5707963268e+00 -2.5157501211e+00
1.9431001237e-04 1.4452742640e+04 1.5707963268e+00 -2.5186138647e+00
1.9453399361e-04 1.4456167278e+04 1.5707963268e+00 -2.5214762546e+00
1.9475789053e-04 1.4459601323e+04 1.5707963268e+00 -2.5243372880e+00
1.9498170300e-04 1.4463044796e+04 1.5707963268e+00 -2.5271969622e+00
1.9520543090e-04 1.4466497714e+04 1.5707963268e+00 -2.5300552743e+00
1.9542907409e-04 1.4469960097e+04 1.5707963268e+00 -2.5329122216e+00
1.9565263246e-04 1.4473431965e+04 1.5707963268e+00 -2.5357678013e+00
1.9587610586e-04 1.4476913336e+04 1.5707963268e+00 -2.5386220108e+00
1.9609949418e-04 1.4480404229e+04 1.5707963268e+00 -2.5414748472e+00
1.9632279729e-04 1.4483904664e+04 1.5707963268e+00 -2.5443263077e+00
1.9654601507e-04 1.4487414661e+04 1.5707963268e+00 -2.5471763896e+00
1.9676914737e-04 1.4490934237e+04 1.5707963268e+00 -2.5500250902e+00
1.9699219409e-04 1.4494463413e+04 1.5707963268e+00 -2.5528724066e+00
1.9721515510e-04 1.4498002207e+04 1.5707963268e+00 -2.5557183362e+00
1.9743803026e-04 1.4501550639e+04 1.5707963268e+00 -2.5585628761e+00
1.9766081945e-04 1.4505108728e+04 1.5707963268e+00 -2.5614060235e+00
1.9788352255e-04 1.4508676494e+04 1.5707963268e+00 -2.5642477758e+00
1.9810613943e-04 1.4512253954e+04 1.5707963268e+00 -2.5670881301e+00
1.9832866997e-04 1.4515841130e+04 1.5707963268e+00 -2.5699270838e+00
1.9855111404e-04 1.4519438040e+04 1.5707963268e+00 -2.5727646339e+00
1.9877347152e-04 1.4523044703e+04 1.5707963268e+00 -2.5756007778e+00
1.9899574228e-04 1.4526661138e+04 1.5707963268e+00 -2.5784355127e+00
1.9921792620e-04 1.4530287365e+04 1.5707963268e+00 -2.5812688358e+00
1.9944002316e-04 1.4533923404e+04 1.5707963268e+00 -2.5841007444e+00
1.9966203303e-04 1.4537569273e+04 1.5707963268e+00 -2.5869312356e+00
1.9988395568e-04 1.4541224991e+04 1.5707963268e+00 -2.5897603068e+00
2.0010579101e-04 1.4544890579e+04 1.5707963268e+00 -2.5925879552e+00
2.0032753887e-04 1.4548566055e+04 1.5707963268e+00 -2.5954141779e+00
2.0054919916e-04 1.4552251439e+04 1.5707963268e+00 -2.5982389723e+00
2.0077077175e-04 1.4555946749e+04 1.5707963268e+00 -2.6010623356e+00
2.0099225651e-04 1.4559652006e+04 1.5707963268e+00 -2.6038842649e+00
2.0121365332e-04 1.4563367229e+04 1.5707963268e+00 -2.6067047576e+00
2.0143496206e-04 1.4567092437e+04 1.5707963268e+00 -2.6095238109e+00
2.0165618262e-04 1.4570827649e+04 1.5707963268e+00 -2.6123414220e+00
2.0187731486e-04 1.4574572884e+04 1.5707963268e+00 -2.6151575881e+00
2.0209835868e-04 1.4578328163e+04 1.5707963268e+00 -2.6179723066e+00
2.0231931394e-04 1.4582093504e+04 1.5707963268e+00 -2.6207855745e+00
2.0254018053e-04 1.4585868927e+04 1.5707963268e+00 -2.6235973892e+00
2.0276095832e-04 1.4589654451e+04 1.5707963268e+00 -2.6264077479e+00
2.0298164720e-04 1.4593450095e+04 1.5707963268e+00 -2.6292166479e+00
2.0320224705e-04 1.4597255879e+04 1.5707963268e+00 -2.6320240863e+00
2.0342275775e-04 1.4601071823e+04 1.5707963268e+00 -2.6348300604e+00
2.0364317917e-04 1.4604897945e+04 1.5707963268e+00 -2.6376345675e+00
2.0386351120e-04 1.4608734265e+04 1.5707963268e+00 -2.6404376047e+00
2.0408375373e-04 1.4612580802e+04 1.5707963268e+00 -2.6432391694e+00
2.0430390663e-04 1.4616437576e+04 1.5707963268e+00 -2.6460392588e+00
2.0452396978e-04 1.4620304607e+04 1.5707963268e+00 -2.6488378701e+00
2.0474394307e-04 1.4624181913e+04 1.5707963268e+00 -2.6516350005e+00
2.0496382637e-04 1.4628069513e+04 1.5707963268e+00 -2.6544306474e+00
2.0518361958e-04 1.4631967428e+04 1.5707963268e+00 -2.6572248079e+00
2.0540332257e-04 1.4635875677e+04 1.5707963268e+00 -2.6600174792e+00
2.0562293523e-04 1.4639794279e+04 1.5707963268e+00 -2.6628086588e+00
2.0584245744e-04 1.4643723253e+04 1.5707963268e+00 -2.6655983437e+00
2.0606188909e-04 1.4647662620e+04 1.5707963268e+00 -2.6683865312e+00
2.0628123005e-04 1.4651612397e+04 1.5707963268e+00 -2.6711732186e+00
2.0650048022e-04 1.4655572606e+04 1.5707963268e+00 -2.6739584031e+00
2.0671963947e-04 1.4659543264e+04 1.5707963268e+00 -2.6767420820e+00
2.0693870770e-04 1.4663524392e+04 1.5707963268e+00 -2.6795242526e+00
2.0715768478e-04 1.4667516009e+04 1.5707963268e+00 -2.6823049120e+00
2.0737657061e-04 1.4671518134e+04 1.5707963268e+00 -2.6850840575e+00
2.0759536507e-04 1.4675530786e+04 1.5707963268e+00 -2.6878616865e+00
2.0781406804e-04 1.4679553986e+04 1.5707963268e+00 -2.6906377960e+00
2.0803267941e-04 1.4683587753e+04 1.5707963268e+00 -2.6934123835e+00
2.0825119907e-04 1.4687632105e+04 1.5707963268e+00 -2.6961854461e+00
2.0846962691e-04 1.4691687062e+04 1.5707963268e+00 -2.6989569812e+00
2.0868796280e-04 1.4695752645e+04 1.5707963268e+00 -2.7017269859e+00
2.0890620665e-04 1.4699828871e+04 1.5707963268e+00 -2.7044954575e+00
2.0912435833e-04 1.4703915760e+04 1.5707963268e+00 -2.7072623933e+00
2.0934241774e-04 1.4708013333e+04 1.5707963268e+00 -2.7100277906e+00
2.0956038476e-04 1.4712121608e+04 1.5707963268e+00 -2.7127916466e+00
2.0977825929e-04 1.4716240604e+04 1.5707963268e+00 -2.7155539586e+00
2.0999604120e-04 1.4720370341e+04 1.5707963268e+00 -2.7183147238e+00
2.1021373040e-04 1.4724510839e+04 1.5707963268e+00 -2.7210739396e+00
2.1043132676e-04 1.4728662117e+04 1.5707963268e+00 -2.7238316032e+00
2.1064883019e-04 1.4732824193e+04 1.5707963268e+00 -2.7265877118e+00
2.1086624057e-04 1.4736997088e+04 1.5707963268e+00 -2.7293422628e+00
2.1108355779e-04 1.4741180821e+04 1.5707963268e+00 -2.7320952533e+00
2.1130078174e-04 1.4745375411e+04 1.5707963268e+00 -2.7348466808e+00
2.1151791231e-04 1.4749580878e+04 1.5707963268e+00 -2.7375965424e+00
2.1173494940e-04 1.4753797240e+04 1.5707963268e+00 -2.7403448355e+00
2.1195189289e-04 1.4758024518e+04 1.5707963268e+00 -2.7430915573e+00
2.1216874269e-04 1.4762262730e+04 1.5707963268e+00 -2.7458367052e+00
2.1238549867e-04 1.4766511897e+04 1.5707963268e+00 -2.7485802763e+00
2.1260216074e-04 1.4770772036e+04 1.5707963268e+00 -2.7513222680e+00
2.1281872878e-04 1.4775043168e+04 1.5707963268e+00 -2.7540626775e+00
2.1303520270e-04 1.4779325312e+04 1.5707963268e+00 -2.7568015023e+00
2.1325158238e-04 1.4783618487e+04 1.5707963268e+00 -2.7595387395e+00
2.1346786772e-04 1.4787922713e+04 1.5707963268e+00 -2.7622743864e+00
2.1368405861e-04 1.4792238008e+04 1.5707963268e+00 -2.7650084404e+00
2.1390015495e-04 1.4796564393e+04 1.5707963268e+00 -2.7677408987e+00
2.1411615663e-04 1.4800901886e+04 1.5707963268e+00 -2.7704717586e+00
2.1433206356e-04 1.4805250507e+04 1.5707963268e+00 -2.7732010175e+00
2.1454787561e-04 1.4809610274e+04 1.5707963268e+00 -2.7759286727e+00
2.1476359270e-04 1.4813981208e+04 1.5707963268e+00 -2.7786547213e+00
2.1497921471e-04 1.4818363328e+04 1.5707963268e+00 -2.7813791609e+00
2.1519474155e-04 1.4822756652e+04 1.5707963268e+00 -2.7841019886e+00
2.1541017311e-04 1.4827161200e+04 1.5707963268e+00 -2.7868232018e+00
2.1562550928e-04 1.4831576991e+04 1.5707963268e+00 -2.7895427978e+00
2.1584074998e-04 1.4836004045e+04 1.5707963268e+00 -2.7922607739e+00
2.1605589509e-04 1.4840442380e+04 1.5707963268e+00 -2.7949771274e+00
2.1627094451e-04 1.4844892016e+04 1.5707963268e+00 -2.7976918557e+00
2.1648589814e-04 1.4849352972e+04 1.5707963268e+00 -2.8004049561e+00
2.1670075589e-04 1.4853825268e+04 1.5707963268e+00 -2.8031164258e+00
2.1691551765e-04 1.4858308922e+04 1.5707963268e+00 -2.8058262623e+00
2.1713018331e-04 1.4862803953e+04 1.5707963268e+00 -2.8085344629e+00
2.1734475279e-04 1.4867310381e+04 1.5707963268e+00 -2.8112410249e+00
2.1755922599e-04 1.4871828226e+04 1.5707963268e+00 -2.8139459455e+00
2.1777360279e-04 1.4876357505e+04 1.5707963268e+00 -2.8166492223e+00
2.1798788312e-04 1.4880898238e+04 1.5707963268e+00 -2.8193508525e+00
2.1820206686e-04 1.4885450445e+04 1.5707963268e+00 -2.8220508334e+00
2.1841615391e-04 1.4890014144e+04 1.5707963268e+00 -2.8247491624e+00
2.1863014419e-04 1.4894589354e+04 1.5707963268e+00 -2.8274458369e+00
2.1884403760e-04 1.4899176095e+04 1.5707963268e+00 -2.8301408542e+00
2.1905783403e-04 1.4903774386e+04 1.5707963268e+00 -2.8328342116e+00
2.1927153340e-04 1.4908384245e+04 1.5707963268e+00 -2.8355259065e+00
2.1948513560e-04 1.4913005692e+04 1.5707963268e+00 -2.8382159363e+00
2.1969864054e-04 1.4917638746e+04 1.5707963268e+00 -2.8409042984e+00
2.1991204812e-04 1.4922283426e+04 1.5707963268e+00 -2.8435909901e+00
2.2012535826e-04 1.4926939750e+04 1.5707963268e+00 -2.8462760087e+00
2.2033857085e-04 1.4931607738e+04 1.5707963268e+00 -2.8489593517e+00
2.2055168581e-04 1.4936287409e+04 1.5707963268e+00 -2.8516410163e+00
2.2076470303e-04 1.4940978782e+04 1.5707963268e+00 -2.8543210001e+00
2.2097762243e-04 1.4945681876e+04 1.5707963268e+00 -2.8569993004e+00
2.2119044391e-04 1.4950396709e+04 1.5707963268e+00 -2.8596759145e+00
2.2140316738e-04 1.4955123301e+04 1.5707963268e+00 -2.8623508399e+00
2.2161579275e-04 1.4959861670e+04 1.5707963268e+00 -2.8650240739e+00
2.2182831992e-04 1.4964611835e+04 1.5707963268e+00 -2.8676956139e+00
2.2204074881e-04 1.4969373816e+04 1.5707963268e+00 -2.8703654573e+00
2.2225307932e-04 1.4974147631e+04 1.5707963268e+00 -2.8730336016e+00
2.2246531137e-04 1.4978933299e+04 1.5707963268e+00 -2.8757000441e+00
2.2267744486e-04 1.4983730839e+04 1.5707963268e+00 -2.8783647823e+00
2.2288947970e-04 1.4988540269e+04 1.5707963268e+00 -2.8810278135e+00
2.2310141581e-04 1.4993361609e+04 1.5707963268e+00 -2.8836891351e+00
2.2331325309e-04 1.4998194877e+04 1.5707963268e+00 -2.8863487446e+00
2.2352499146e-04 1.5003040092e+04 1.5707963268e+00 -2.8890066394e+00
2.2373663083e-04 1.5007897273e+04 1.5707963268e+00 -2.8916628170e+00
2.2394817111e-04 1.5012766438e+04 1.5707963268e+00 -2.8943172746e+00
2.2415961221e-04 1.5017647606e+04 1.5707963268e+00 -2.8969700099e+00
2.2437095405e-04 1.5022540797e+04 1.5707963268e+00 -2.8996210201e+00
2.2458219653e-04 1.5027446027e+04 1.5707963268e+00 -2.9022703028e+00
2.2479333959e-04 1.5032363318e+04 1.5707963268e+00 -2.9049178554e+00
2.2500438312e-04 1.5037292686e+04 1.5707963268e+00 -2.9075636753e+00
2.2521532704e-04 1.5042234150e+04 1.5707963268e+00 -2.9102077600e+00
2.2542617127e-04 1.5047187730e+04 1.5707963268e+00 -2.9128501070e+00
2.2563691573e-04 1.5052153443e+04 1.5707963268e+00 -2.9154907136e+00
2.2584756033e-04 1.5057131309e+04 1.5707963268e+00 -2.9181295774e+00
2.2605810498e-04 1.5062121345e+04 1.5707963268e+00 -2.9207666958e+00
2.2626854961e-04 1.5067123571e+04 1.5707963268e+00 -2.9234020662e+00
2.2647889412e-04 1.5072138004e+04 1.5707963268e+00 -2.9260356863e+00
2.2668913845e-04 1.5077164665e+04 1.5707963268e+00 -2.9286675533e+00
2.2689928250e-04 1.5082203569e+04 1.5707963268e+00 -2.9312976649e+00
2.2710932619e-04 1.5087254738e+04 1.5707963268e+00 -2.9339260184e+00
2.2731926945e-04 1.5092318188e+04 1.5707963268e+00 -2.9365526115e+00
2.2752911219e-04 1.5097393938e+04 1.5707963268e+00 -2.9391774415e+00
2.2773885433e-04 1.5102482006e+04 1.5707963268e+00 -2.9418005060e+00
2.2794849580e-04 1.5107582412e+04 1.5707963268e+00 -2.9444218024e+00
2.2815803651e-04 1.5112695172e+04 1.5707963268e+00 -2.9470413283e+00
2.2836747638e-04 1.5117820307e+04 1.5707963268e+00 -2.9496590812e+00
2.2857681534e-04 1.5122957833e+04 1.5707963268e+00 -2.9522750586e+00
2.2878605331e-04 1.5128107769e+04 1.5707963268e+00 -2.9548892580e+00
2.2899519021e-04 1.5133270133e+04 1.5707963268e+00 -2.9575016770e+00
2.2920422596e-04 1.5138444945e+04 1.5707963268e+00 -2.9601123130e+00
2.2941316049e-04 1.5143632221e+04 1.5707963268e+00 -2.9627211636e+00
2.2962199372e-04 1.5148831980e+04 1.5707963268e+00 -2.9653282263e+00
2.2983072557e-04 1.5154044240e+04 1.5707963268e+00 -2.9679334987e+00
2.3003935598e-04 1.5159269019e+04 1.5707963268e+00 -2.9705369783e+00
2.3024788485e-04 1.5164506336e+04 1.5707963268e+00 -2.9731386626e+00
2.3045631213e-04 1.5169756209e+04 1.5707963268e+00 -2.9757385493e+00
2.3066463772e-04 1.5175018655e+04 1.5707963268e+00 -2.9783366358e+00
2.3087286158e-04 1.5180293692e+04 1.5707963268e+00 -2.9809329197e+00
2.3108098360e-04 1.5185581340e+04 1.5707963268e+00 -2.9835273987e+00
2.3128900374e-04 1.5190881615e+04 1.5707963268e+00 -2.9861200702e+00
2.3149692191e-04 1.5196194535e+04 1.5707963268e+00 -2.9887109318e+00
2.3170473803e-04 1.5201520119e+04 1.5707963268e+00 -2.9912999812e+00
2.3191245205e-04 1.5206858385e+04 1.5707963268e+00 -2.9938872159e+00
2.3212006389e-04 1.5212209349e+04 1.5707963268e+00 -2.9964726334e+00
2.3232757347e-04 1.5217573031e+04 1.5707963268e+00 -2.9990562315e+00
2.3253498073e-04 1.5222949448e+04 1.5707963268e+00 -3.0016380077e+00
2.3274228561e-04 1.5228338618e+04 1.5707963268e+00 -3.0042179595e+00
2.3294948802e-04 1.5233740558e+04 1.5707963268e+00 -3.0067960847e+00
2.3315658790e-04 1.5239155287e+04 1.5707963268e+00 -3.0093723808e+00
2.3336358518e-04 1.5244582822e+04 1.5707963268e+00 -3.0119468455e+00
2.3357047980e-04 1.5250023180e+04 1.5707963268e+00 -3.0145194763e+00
2.3377727168e-04 1.5255476380e+04 1.5707963268e+00 -3.0170902709e+00
2.3398396076e-04 1.5260942439e+04 1.5707963268e+00 -3.0196592270e+00
2.3419054698e-04 1.5266421375e+04 1.5707963268e+00 -3.0222263421e+00
2.3439703026e-04 1.5271913205e+04 1.5707963268e+00 -3.0247916140e+00
2.3460341055e-04 1.5277417947e+04 1.5707963268e+00 -3.0273550403e+00
2.3480968778e-04 1.5282935618e+04 1.5707963268e+00 -3.0299166185e+00
2.3501586187e-04 1.5288466236e+04 1.5707963268e+00 -3.0324763465e+00
2.3522193278e-04 1.5294009818e+04 1.5707963268e+00 -3.0350342218e+00
2.3542790043e-04 1.5299566382e+04 1.5707963268e+00 -3.0375902422e+00
2.3563376476e-04 1.5305135946e+04 1.5707963268e+00 -3.0401444053e+00
2.3583952570e-04 1.5310718525e+04 1.5707963268e+00 -3.0426967088e+00
2.3604518321e-04 1.5316314139e+04 1.5707963268e+00 -3.0452471503e+00
2.3625073721e-04 1.5321922804e+04 1.5707963268e+00 -3.0477957276e+00
2.3645618764e-04 1.5327544537e+04 1.5707963268e+00 -3.0503424385e+00
2.3666153445e-04 1.5333179356e+04 1.5707963268e+00 -3.0528872805e+00
2.3686677757e-04 1.5338827278e+04 1.5707963268e+00 -3.0554302514e+00
2.3707191693e-04 1.5344488319e+04 1.5707963268e+00 -3.0579713489e+00
2.3727695250e-04 1.5350162499e+04 1.5707963268e+00 -3.0605105707e+00
2.3748188419e-04 1.5355849832e+04 1.5707963268e+00 -3.0630479146e+00
2.3768671196e-04 1.5361550337e+04 1.5707963268e+00 -3.0655833783e+00
2.3789143575e-04 1.5367264031e+04 1.5707963268e+00 -3.0681169595e+00
2.3809605549e-04 1.5372990930e+04 1.5707963268e+00 -3.0706486560e+00
2.3830057114e-04 1.5378731051e+04 1.5707963268e+00 -3.0731784656e+00
2.3850498264e-04 1.5384484413e+04 1.5707963268e+00 -3.0757063859e+00
2.3870928992e-04 1.5390251030e+04 1.5707963268e+00 -3.0782324148e+00
2.3891349294e-04 1.5396030921e+04 1.5707963268e+00 -3.0807565500e+00
2.3911759164e-04 1.5401824102e+04 1.5707963268e+00 -3.0832787893e+00
2.3932158596e-04 1.5407630590e+04 1.5707963268e+00 -3.0857991305e+00
2.3952547585e-04 1.5413450402e+04 1.5707963268e+00 -3.0883175713e+00
2.3972926125e-04 1.5419283554e+04 1.5707963268e+00 -3.0908341096e+00
2.3993294212e-04 1.5425130064e+04 1.5707963268e+00 -3.0933487431e+00
2.4013651840e-04 1.5430989947e+04 1.5707963268e+00 -3.0958614698e+00
2.4033999004e-04 1.5436863221e+04 1.5707963268e+00 -3.0983722872e+00
2.4054335698e-04 1.5442749903e+04 1.5707963268e+00 -3.1008811934e+00
2.4074661918e-04 1.5448650008e+04 1.5707963268e+00 -3.1033881861e+00
2.4094977658e-04 1.5454563553e+04 1.5707963268e+00 -3.1058932631e+00
2.4115282913e-04 1.5460490555e+04 1.5707963268e+00 -3.1083964223e+00
2.4135577679e-04 1.5466431030e+04 1.5707963268e+00 -3.1108976615e+00
2.4155861950e-04 1.5472384996e+04 1.5707963268e+00 -3.1133969786e+00
2.4176135722e-04 1.5478352467e+04 1.5707963268e+00 -3.1158943714e+00
2.4196398989e-04 1.5484333460e+04 1.5707963268e+00 -3.1183898378e+00
2.4216651748e-04 1.5490327993e+04 1.5707963268e+00 -3.1208833756e+00
2.4236893992e-04 1.5496336080e+04 1.5707963268e+00 -3.1233749828e+00
2.4257125718e-04 1.5502357739e+04 1.5707963268e+00 -3.1258646572e+00
2.4277346921e-04 1.5508392985e+04 1.5707963268e+00 -3.1283523966e+00
2.4297557596e-04 1.5514441834e+04 1.5707963268e+00 -3.1308381991e+00
2.4317757738e-04 1.5520504304e+04 1.5707963268e+00 -3.1333220625e+00
2.4337947344e-04 1.5526580409e+04 1.5707963268e+00 -3.1358039846e+00
2.4358126408e-04 1.5532670166e+04 1.5707963268e+00 -3.1382839635e+00
2.4378294927e-04 1.5538773592e+04 1.5707963268e+00 -3.1407619969e+00
2.4398452895e-04 1.5544890701e+04 1.5707963268e+00 -3.1432380830e+00
2.4418600309e-04 1.5551021509e+04 1.5707963268e+00 -3.1457122195e+00
2.4438737165e-04 1.5557166034e+04 1.5707963268e+00 -3.1481844045e+00
2.4458863458e-04 1.5563324290e+04 1.5707963268e+00 -3.1506546358e+00
2.4478979184e-04 1.5569496293e+04 1.5707963268e+00 -3.1531229115e+00
2.4499084339e-04 1.5575682060e+04 1.5707963268e+00 -3.1555892295e+00
2.4519178918e-04 1.5581881605e+04 1.5707963268e+00 -3.1580535877e+00
2.4539262919e-04 1.5588094945e+04 1.5707963268e+00 -3.1605159842e+00
2.4559336336e-04 1.5594322095e+04 1.5707963268e+00 -3.1629764169e+00
2.4579399167e-04 1.5600563071e+04 1.5707963268e+00 -3.1654348838e+00
2.4599451406e-04 1.5606817888e+04 1.5707963268e+00 -3.1678913829e+00
2.4619493051e-04 1.5613086562e+04 1.5707963268e+00 -3.1703459122e+00
2.4639524097e-04 1.5619369109e+04 1.5707963268e+00 -3.1727984697e+00
2.4659544542e-04 1.5625665543e+04 1.5707963268e+00 -3.1752490535e+00
2.4679554380e-04 1.5631975880e+04 1.5707963268e+00 -3.1776976615e+00
2.4699553609e-04 1.5638300136e+04 1.5707963268e+00 -3.1801442918e+00
2.4719542225e-04 1.5644638326e+04 1.5707963268e+00 -3.1825889424e+00
2.4739520225e-04 1.5650990464e+04 1.5707963268e+00 -3.1850316114e+00
2.4759487605e-04 1.5657356567e+04 1.5707963268e+00 -3.1874722968e+00
2.4779444361e-04 1.5663736650e+04 1.5707963268e+00 -3.1899109967e+00
2.4799390491e-04 1.5670130727e+04 1.5707963268e+00 -3.1923477092e+00
2.4819325991e-04 1.5676538814e+04 1.5707963268e+00 -3.1947824322e+00
2.4839250857e-04 1.5682960926e+04 1.5707963268e+00 -3.1972151640e+00
2.4859165087e-04 1.5689397077e+04 1.5707963268e+00 -3.1996459026e+00
2.4879068677e-04 1.5695847283e+04 1.5707963268e+00 -3.2020746460e+00
2.4898961624e-04 1.5702311559e+04 1.5707963268e+00 -3.2045013925e+00
2.4918843926e-04 1.5708789919e+04 1.5707963268e+00 -3.2069261401e+00
2.4938715579e-04 1.5715282379e+04 1.5707963268e+00 -3.2093488869e+00
2.4958576580e-04 1.5721788952e+04 1.5707963268e+00 -3.2117696310e+00
2.4978426926e-04 1.5728309655e+04 1.5707963268e+00 -3.2141883706e+00
2.4998266615e-04 1.5734844501e+04 1.5707963268e+00 -3.2166051039e+00
2.5018095643e-04 1.5741393505e+04 1.5707963268e+00 -3.2190198289e+00
2.5037914008e-04 1.5747956682e+04 1.5707963268e+00 -3.2214325439e+00
2.5057721707e-04 1.5754534046e+04 1.5707963268e+00 -3.2238432470e+00
2.5077518738e-04 1.5761125612e+04 1.5707963268e+00 -3.2262519363e+00
2.5097305098e-04 1.5767731394e+04 1.5707963268e+00 -3.2286586101e+00
2.5117080784e-04 1.5774351407e+04 1.5707963268e+00 -3.2310632665e+00
2.5136845794e-04 1.5780985664e+04 1.5707963268e+00 -3.2334659038e+00
2.5156600125e-04 1.5787634181e+04 1.5707963268e+00 -3.2358665201e+00
2.5176343775e-04 1.5794296972e+04 1.5707963268e+00 -3.2382651136e+00
2.5196076741e-04 1.5800974050e+04 1.5707963268e+00 -3.2406616826e+00
2.5215799022e-04 1.5807665431e+04 1.5707963268e+00 -3.2430562253e+00
2.5235510615e-04 1.5814371127e+04 1.5707963268e+00 -3.2454487399e+00
2.5255211518e-04 1.5821091154e+04 1.5707963268e+00 -3.2478392246e+00
2.5274901728e-04 1.5827825524e+04 1.5707963268e+00 -3.2502276778e+00
2.5294581244e-04 1.5834574253e+04 1.5707963268e+00 -3.2526140977e+00
2.5314250063e-04 1.5841337354e+04 1.5707963268e+00 -3.2549984825e+00
2.5333908184e-04 1.5848114841e+04 1.5707963268e+00 -3.2573808305e+00
2.5353555604e-04 1.5854906728e+04 1.5707963268e+00 -3.2597611400e+00
2.5373192321e-04 1.5861713028e+04 1.5707963268e+00 -3.2621394093e+00
2.5392818335e-04 1.5868533755e+04 1.5707963268e+00 -3.2645156366e+00
2.5412433642e-04 1.5875368923e+04 1.5707963268e+00 -3.2668898204e+00
2.5432038242e-04 1.5882218546e+04 1.5707963268e+00 -3.2692619589e+00
2.5451632132e-04 1.5889082637e+04 1.5707963268e+00 -3.2716320503e+00
2.5471215310e-04 1.5895961210e+04 1.5707963268e+00 -3.2740000932e+00
2.5490787776e-04 1.5902854278e+04 1.5707963268e+00 -3.2763660857e+00
2.5510349528e-04 1.5909761854e+04 1.5707963268e+00 -3.2787300263e+00
2.5529900563e-04 1.5916683953e+04 1.5707963268e+00 -3.2810919132e+00
2.5549440881e-04 1.5923620586e+04 1.5707963268e+00 -3.2834517449e+00
2.5568970481e-04 1.5930571768e+04 1.5707963268e+00 -3.2858095198e+00
2.5588489360e-04 1.5937537512e+04 1.5707963268e+00 -3.2881652361e+00
2.5607997518e-04 1.5944517831e+04 1.5707963268e+00 -3.2905188924e+00
2.5627494953e-04 1.5951512738e+04 1.5707963268e+00 -3.2928704869e+00
2.5646981664e-04 1.5958522246e+04 1.5707963268e+00 -3.2952200182e+00
2.5666457650e-04 1.5965546368e+04 1.5707963268e+00 -3.2975674845e+00
2.5685922910e-04 1.5972585117e+04 1.5707963268e+00 -3.2999128844e+00
2.5705377443e-04 1.5979638506e+04 1.5707963268e+00 -3.3022562162e+00
2.5724821247e-04 1.5986706548e+04 1.5707963268e+00 -3.3045974785e+00
2.5744254323e-04 1.5993789255e+04 1.5707963268e+00 -3.3069366695e+00
2.5763676668e-04 1.6000886641e+04 1.5707963268e+00 -3.3092737879e+00
2.5783088282e-04 1.6007998718e+04 1.5707963268e+00 -3.3116088321e+00
2.5802489164e-04 1.6015125498e+04 1.5707963268e+00 -3.3139418005e+00
2.5821879314e-04 1.6022266995e+04 1.5707963268e+00 -3.3162726916e+00
2.5841258730e-04 1.6029423221e+04 1.5707963268e+00 -3.3186015039e+00
2.5860627413e-04 1.6036594188e+04 1.5707963268e+00 -3.3209282359e+00
2.5879985361e-04 1.6043779909e+04 1.5707963268e+00 -3.3232528862e+00
2.5899332573e-04 1.6050980395e+04 1.5707963268e+00 -3.3255754532e+00
2.5918669051e-04 1.6058195661e+04 1.5707963268e+00 -3.3278959354e+00
2.5937994792e-04 1.6065425717e+04 1.5707963268e+00 -3.3302143314e+00
2.5957309796e-04 1.6072670575e+04 1.5707963268e+00 -3.3325306397e+00
2.5976614064e-04 1.6079930249e+04 1.5707963268e+00 -3.3348448589e+00
2.5995907594e-04 1.6087204750e+04 1.5707963268e+00 -3.3371569876e+00
2.6015190387e-04 1.6094494090e+04 1.5707963268e+00 -3.3394670242e+00
2.6034462443e-04 1.6101798281e+04 1.5707963268e+00 -3.3417749675e+00
2.6053723760e-04 1.6109117336e+04 1.5707963268e+00 -3.3440808159e+00
2.6072974339e-04 1.6116451265e+04 1.5707963268e+00 -3.3463845680e+00
2.6092214181e-04 1.6123800081e+04 1.5707963268e+00 -3.3486862225e+00
2.6111443284e-04 1.6131163796e+04 1.5707963268e+00 -3.3509857780e+00
2.6130661649e-04 1.6138542421e+04 1.5707963268e+00 -3.3532832331e+00
2.6149869277e-04 1.6145935967e+04 1.5707963268e+00 -3.3555785864e+00
2.6169066166e-04 1.6153344448e+04 1.5707963268e+00 -3.3578718366e+00
2.6188252318e-04 1.6160767873e+04 1.5707963268e+00 -3.3601629822e+00
2.6207427732e-04 1.6168206254e+04 1.5707963268e+00 -3.3624520221e+00
2.6226592409e-04 1.6175659604e+04 1.5707963268e+00 -3.3647389547e+00
2.6245746350e-04 1.6183127933e+04 1.5707963268e+00 -3.3670237789e+00
2.6264889553e-04 1.6190611253e+04 1.5707963268e+00 -3.3693064933e+00
2.6284022021e-04 1.6198109574e+04 1.5707963268e+00 -3.3715870965e+00
2.6303143753e-04 1.6205622909e+04 1.5707963268e+00 -3.3738655873e+00
2.6322254750e-04 1.6213151267e+04 1.5707963268e+00 -3.3761419644e+00
2.6341355012e-04 1.6220694661e+04 1.5707963268e+00 -3.3784162265e+00
2.6360444541e-04 1.6228253101e+04 1.5707963268e+00 -3.3806883723e+00
2.6379523336e-04 1.6235826599e+04 1.5707963268e+00 -3.3829584007e+00
2.6398591399e-04 1.6243415164e+04 1.5707963268e+00 -3.3852263102e+00
2.6417648729e-04 1.6251018809e+04 1.5707963268e+00 -3.3874920997e+00
2.6436695329e-04 1.6258637543e+04 1.5707963268e+00 -3.3897557680e+00
2.6455731199e-04 1.6266271378e+04 1.5707963268e+00 -3.3920173137e+00
2.6474756339e-04 1.6273920324e+04 1.5707963268e+00 -3.3942767358e+00
2.6493770751e-04 1.6281584392e+04 1.5707963268e+00 -3.3965340329e+00
2.6512774436e-04 1.6289263592e+04 1.5707963268e+00 -3.3987892040e+00
2.6531767395e-04 1.6296957935e+04 1.5707963268e+00 -3.4010422477e+00
2.6550749628e-04 1.6304667431e+04 1.5707963268e+00 -3.4032931629e+00
2.6569721137e-04 1.6312392091e+04 1.5707963268e+00 -3.4055419485e+00
2.6588681924e-04 1.6320131925e+04 1.5707963268e+00 -3.4077886033e+00
2.6607631988e-04 1.6327886943e+04 1.5707963268e+00 -3.4100331262e+00
2.6626571333e-04 1.6335657156e+04 1.5707963268e+00 -3.4122755159e+00
2.6645499958e-04 1.6343442573e+04 1.5707963268e+00 -3.4145157713e+00
2.6664417866e-04 1.6351243204e+04 1.5707963268e+00 -3.4167538914e+00
2.6683325058e-04 1.6359059060e+04 1.5707963268e+00 -3.4189898751e+00
2.6702221534e-04 1.6366890151e+04 1.5707963268e+00 -3.4212237211e+00
2.6721107298e-04 1.6374736487e+04 1.5707963268e+00 -3.4234554284e+00
2.6739982350e-04 1.6382598076e+04 1.5707963268e+00 -3.4256849960e+00
2.6758846692e-04 1.6390474930e+04 1.5707963268e+00 -3.4279124227e+00
2.6777700325e-04 1.6398367057e+04 1.5707963268e+00 -3.4301377075e+00
2.6796543252e-04 1.6406274468e+04 1.5707963268e+00 -3.4323608493e+00
2.6815375474e-04 1.6414197172e+04 1.5707963268e+00 -3.4345818471e+00
2.6834196993e-04 1.6422135179e+04 1.5707963268e+00 -3.4368006998e+00
2.6853007810e-04 1.6430088498e+04 1.5707963268e+00 -3.4390174064e+00
2.6871807928e-04 1.6438057138e+04 1.5707963268e+00 -3.4412319659e+00
2.6890597349e-04 1.6446041108e+04 1.5707963268e+00 -3.4434443772e+00
2.6909376074e-04 1.6454040419e+04 1.5707963268e+00 -3.4456546395e+00
2.6928144105e-04 1.6462055080e+04 1.5707963268e+00 -3.4478627515e+00
2.6946901446e-04 1.6470085098e+04 1.5707963268e+00 -3.4500687125e+00
2.6965648097e-04 1.6478130484e+04 1.5707963268e+00 -3.4522725214e+00
2.6984384060e-04 1.6486191247e+04 1.5707963268e+00 -3.4544741772e+00
2.7003109339e-04 1.6494267396e+04 1.5707963268e+00 -3.4566736790e+00
2.7021823936e-04 1.6502358938e+04 1.5707963268e+00 -3.4588710259e+00
2.7040527852e-04 1.6510465885e+04 1.5707963268e+00 -3.4610662169e+00
2.7059221090e-04 1.6518588243e+04 1.5707963268e+00 -3.4632592510e+00
2.7077903653e-04 1.6526726022e+04 1.5707963268e+00 -3.4654501274e+00
2.7096575542e-04 1.6534879231e+04 1.5707963268e+00 -3.4676388452e+00
2.7115236761e-04 1.6543047877e+04 1.5707963268e+00 -3.4698254034e+00
2.7133887312e-04 1.6551231971e+04 1.5707963268e+00 -3.4720098012e+00
2.7152527197e-04 1.6559431519e+04 1.5707963268e+00 -3.4741920377e+00
2.7171156419e-04 1.6567646531e+04 1.5707963268e+00 -3.4763721120e+00
2.7189774981e-04 1.6575877015e+04 1.5707963268e+00 -3.4785500233e+00
2.7208382886e-04 1.6584122979e+04 1.5707963268e+00 -3.4807257707e+00
2.7226980136e-04 1.6592384432e+04 1.5707963268e+00 -3.4828993533e+00
2.7245566734e-04 1.6600661381e+04 1.5707963268e+00 -3.4850707704e+00
2.7264142683e-04 1.6608953835e+04 1.5707963268e+00 -3.4872400212e+00
2.7282707985e-04 1.6617261801e+04 1.5707963268e+00 -3.4894071047e+00
2.7301262644e-04 1.6625585288e+04 1.5707963268e+00 -3.4915720202e+00
2.7319806663e-04 1.6633924303e+04 1.5707963268e+00 -3.4937347670e+00
2.7338340045e-04 1.6642278855e+04 1.5707963268e+00 -3.4958953441e+00
2.7356862793e-04 1.6650648951e+04 1.5707963268e+00 -3.4980537510e+00
2.7375374909e-04 1.6659034599e+04 1.5707963268e+00 -3.5002099867e+00
2.7393876398e-04 1.6667435807e+04 1.5707963268e+00 -3.5023640506e+00
2.7412367261e-04 1.6675852582e+04 1.5707963268e+00 -3.5045159418e+00
2.7430847504e-04 1.6684284931e+04 1.5707963268e+00 -3.5066656598e+00
2.7449317128e-04 1.6692732862e+04 1.5707963268e+00 -3.5088132036e+00
2.7467776137e-04 1.6701196383e+04 1.5707963268e+00 -3.5109585727e+00
2.7486224534e-04 1.6709675501e+04 1.5707963268e+00 -3.5131017663e+00
2.7504662324e-04 1.6718170223e+04 1.5707963268e+00 -3.5152427838e+00
2.7523089509e-04 1.6726680556e+04 1.5707963268e+00 -3.5173816243e+00
2.7541506093e-04 1.6735206508e+04 1.5707963268e+00 -3.5195182873e+00
2.7559912079e-04 1.6743748085e+04 1.5707963268e+00 -3.5216527722e+00
2.7578307471e-04 1.6752305295e+04 1.5707963268e+00 -3.5237850781e+00
2.7596692273e-04 1.6760878144e+04 1.5707963268e+00 -3.5259152046e+00
2.7615066489e-04 1.6769466639e+04 1.5707963268e+00 -3.5280431509e+00
2.7633430121e-04 1.6778070788e+04 1.5707963268e+00 -3.5301689164e+00
2.7651783174e-04 1.6786690596e+04 1.5707963268e+00 -3.5322925005e+00
2.7670125652e-04 1.6795326071e+04 1.5707963268e+00 -3.5344139026e+00
2.7688457558e-04 1.6803977220e+04 1.5707963268e+00 -3.5365331221e+00
2.7706778896e-04 1.6812644048e+04 1.5707963268e+00 -3.5386501585e+00
2.7725089671e-04 1.6821326562e+04 1.5707963268e+00 -3.5407650110e+00
2.7743389886e-04 1.6830024769e+04 1.5707963268e+00 -3.5428776793e+00
2.7761679545e-04 1.6838738675e+04 1.5707963268e+00 -3.5449881626e+00
2.7779958652e-04 1.6847468286e+04 1.5707963268e+00 -3.5470964605e+00
2.7798227212e-04 1.6856213609e+04 1.5707963268e+00 -3.5492025724e+00
2.7816485229e-04 1.6864974650e+04 1.5707963268e+00 -3.5513064978e+00
2.7834732706e-04 1.6873751414e+04 1.5707963268e+00 -3.5534082361e+00
2.7852969648e-04 1.6882543909e+04 1.5707963268e+00 -3.5555077869e+00
2.7871196059e-04 1.6891352139e+04 1.5707963268e+00 -3.5576051497e+00
2.7889411944e-04 1.6900176111e+04 1.5707963268e+00 -3.5597003239e+00
2.7907617306e-04 1.6909015830e+04 1.5707963268e+00 -3.5617933091e+00
2.7925812151e-04 1.6917871303e+04 1.5707963268e+00 -3.5638841048e+00
2.7943996482e-04 1.6926742535e+04 1.5707963268e+00 -3.5659727106e+00
2.7962170304e-04 1.6935629531e+04 1.5707963268e+00 -3.5680591259e+00
2.7980333622e-04 1.6944532298e+04 1.5707963268e+00 -3.5701433504e+00
2.7998486440e-04 1.6953450840e+04 1.5707963268e+00 -3.5722253836e+00
2.8016628763e-04 1.6962385164e+04 1.5707963268e+00 -3.5743052251e+00
2.8034760595e-04 1.6971335274e+04 1.5707963268e+00 -3.5763828745e+00
2.8052881941e-04 1.6980301177e+04 1.5707963268e+00 -3.5784583314e+00
2.8070992806e-04 1.6989282876e+04 1.5707963268e+00 -3.5805315953e+00
2.8089093194e-04 1.6998280378e+04 1.5707963268e+00 -3.5826026660e+00
2.8107183110e-04 1.7007293687e+04 1.5707963268e+00 -3.5846715430e+00
2.8125262560e-04 1.7016322808e+04 1.5707963268e+00 -3.5867382259e+00
2.8143331547e-04 1.7025367747e+04 1.5707963268e+00 -3.5888027145e+00
2.8161390077e-04 1.7034428509e+04 1.5707963268e+00 -3.5908650083e+00
2.8179438155e-04 1.7043505097e+04 1.5707963268e+00 -3.5929251071e+00
2.8197475786e-04 1.7052597518e+04 1.5707963268e+00 -3.5949830104e+00
2.8215502974e-04 1.7061705775e+04 1.5707963268e+00 -3.5970387181e+00
2.8233519725e-04 1.7070829874e+04 1.5707963268e+00 -3.5990922297e+00
2.8251526044e-04 1.7079969819e+04 1.5707963268e+00 -3.6011435450e+00
2.8269521936e-04 1.7089125614e+04 1.5707963268e+00 -3.6031926637e+00
2.8287507406e-04 1.7098297264e+04 1.5707963268e+00 -3.6052395855e+00
2.8305482459e-04 1.7107484774e+04 1.5707963268e+00 -3.6072843102e+00
2.8323447101e-04 1.7116688147e+04 1.5707963268e+00 -3.6093268375e+00
2.8341401337e-04 1.7125907388e+04 1.5707963268e+00 -3.6113671671e+00
2.8359345172e-04 1.7135142502e+04 1.5707963268e+00 -3.6134052988e+00
2.8377278611e-04 1.7144393491e+04 1.5707963268e+00 -3.6154412324e+00
2.8395201661e-04 1.7153660361e+04 1.5707963268e+00 -3.6174749677e+00
2.8413114326e-04 1.7162943115e+04 1.5707963268e+00 -3.6195065044e+00
2.8431016612e-04 1.7172241757e+04 1.5707963268e+00 -3.6215358424e+00
2.8448908524e-04 1.7181556292e+04 1.5707963268e+00 -3.6235629815e+00
2.8466790068e-04 1.7190886722e+04 1.5707963268e+00 -3.6255879214e+00
2.8484661249e-04 1.7200233052e+04 1.5707963268e+00 -3.6276106621e+00
2.8502522074e-04 1.7209595285e+04 1.5707963268e+00 -3.6296312033e+00
2.8520372547e-04 1.7218973425e+04 1.5707963268e+00 -3.6316495449e+00
2.8538212675e-04 1.7228367475e+04 1.5707963268e+00 -3.6336656868e+00
2.8556042463e-04 1.7237777439e+04 1.5707963268e+00 -3.6356796288e+00
2.8573861917e-04 1.7247203320e+04 1.5707963268e+00 -3.6376913709e+00
2.8591671042e-04 1.7256645122e+04 1.5707963268e+00 -3.6397009128e+00
2.8609469845e-04 1.7266102848e+04 1.5707963268e+00 -3.6417082545e+00
2.8627258332e-04 1.7275576501e+04 1.5707963268e+00 -3.6437133959e+00
2.8645036507e-04 1.7285066084e+04 1.5707963268e+00 -3.6457163369e+00
2.8662804378e-04 1.7294571600e+04 1.5707963268e+00 -3.6477170775e+00
2.8680561951e-04 1.7304093053e+04 1.5707963268e+00 -3.6497156176e+00
2.8698309230e-04 1.7313630445e+04 1.5707963268e+00 -3.6517119571e+00
2.8716046222e-04 1.7323183778e+04 1.5707963268e+00 -3.6537060959e+00
2.8733772934e-04 1.7332753057e+04 1.5707963268e+00 -3.6556980341e+00
2.8751489372e-04 1.7342338283e+04 1.5707963268e+00 -3.6576877717e+00
2.8769195541e-04 1.7351939460e+04 1.5707963268e+00 -3.6596753085e+00
2.8786891447e-04 1.7361556589e+04 1.5707963268e+00 -3.6616606446e+00
2.8804577098e-04 1.7371189674e+04 1.5707963268e+00 -3.6636437800e+00
2.8822252499e-04 1.7380838717e+04 1.5707963268e+00 -3.6656247147e+00
2.8839917656e-04 1.7390503719e+04 1.5707963268e+00 -3.6676034488e+00
2.8857572576e-04 1.7400184685e+04 1.5707963268e+00 -3.6695799822e+00
2.8875217266e-04 1.7409881616e+04 1.5707963268e+00 -3.6715543150e+00
2.8892851731e-04 1.7419594513e+04 1.5707963268e+00 -3.6735264473e+00
2.8910475977e-04 1.7429323380e+04 1.5707963268e+00 -3.6754963791e+00
2.8928090013e-04 1.7439068218e+04 1.5707963268e+00 -3.6774641104e+00
2.8945693843e-04 1.7448829030e+04 1.5707963268e+00 -3.6794296415e+00
2.8963287474e-04 1.7458605817e+04 1.5707963268e+00 -3.6813929722e+00
2.8980870914e-04 1.7468398581e+04 1.5707963268e+00 -3.6833541029e+00
2.8998444168e-04 1.7478207324e+04 1.5707963268e+00 -3.6853130334e+00
2.9016007243e-04 1.7488032048e+04 1.5707963268e+00 -3.6872697641e+00
2.9033560146e-04 1.7497872754e+04 1.5707963268e+00 -3.6892242949e+00
2.9051102883e-04 1.7507729445e+04 1.5707963268e+00 -3.6911766260e+00
2.9068635462e-04 1.7517602121e+04 1.5707963268e+00 -3.6931267577e+00
2.9086157888e-04 1.7527490784e+04 1.5707963268e+00 -3.6950746899e+00
2.9103670170e-04 1.7537395435e+04 1.5707963268e+00 -3.6970204230e+00
2.9121172312e-04 1.7547316077e+04 1.5707963268e+00 -3.6989639570e+00
2.9138664323e-04 1.7557252710e+04 1.5707963268e+00 -3.7009052921e+00
2.9156146209e-04 1.7567205335e+04 1.5707963268e+00 -3.7028444286e+00
2.9173617977e-04 1.7577173954e+04 1.5707963268e+00 -3.7047813666e+00
2.9191079635e-04 1.7587158567e+04 1.5707963268e+00 -3.7067161064e+00
2.9208531188e-04 1.7597159176e+04 1.5707963268e+00 -3.7086486481e+00
2.9225972644e-04 1.7607175782e+04 1.5707963268e+00 -3.7105789921e+00
2.9243404010e-04 1.7617208386e+04 1.5707963268e+00 -3.7125071384e+00
2.9260825293e-04 1.7627256988e+04 1.5707963268e+00 -3.7144330874e+00
2.9278236500e-04 1.7637321589e+04 1.5707963268e+00 -3.7163568394e+00
2.9295637639e-04 1.7647402190e+04 1.5707963268e+00 -3.7182783946e+00
2.9313028716e-04 1.7657498792e+04 1.5707963268e+00 -3.7201977532e+00
2.9330409738e-04 1.7667611395e+04 1.5707963268e+00 -3.7221149156e+00
2.9347780713e-04 1.7677739999e+04 1.5707963268e+00 -3.7240298820e+00
2.9365141648e-04 1.7687884606e+04 1.5707963268e+00 -3.7259426528e+00
2.9382492550e-04 1.7698045215e+04 1.5707963268e+00 -3.7278532283e+00
2.9399833427e-04 1.7708221827e+04 1.5707963268e+00 -3.7297616087e+00
2.9417164285e-04 1.7718414442e+04 1.5707963268e+00 -3.7316677945e+00
2.9434485133e-04 1.7728623060e+04 1.5707963268e+00 -3.7335717859e+00
2.9451795977e-04 1.7738847682e+04 1.5707963268e+00 -3.7354735832e+00
2.9469096825e-04 1.7749088307e+04 1.5707963268e+00 -3.7373731870e+00
2.9486387685e-04 1.7759344936e+04 1.5707963268e+00 -3.7392705975e+00
2.9503668563e-04 1.7769617568e+04 1.5707963268e+00 -3.7411658150e+00
2.9520939468e-04 1.7779906203e+04 1.5707963268e+00 -3.7430588401e+00
2.9538200407e-04 1.7790210842e+04 1.5707963268e+00 -3.7449496730e+00
2.9555451386e-04 1.7800531483e+04 1.5707963268e+00 -3.7468383142e+00
2.9572692415e-04 1.7810868127e+04 1.5707963268e+00 -3.7487247640e+00
2.9589923501e-04 1.7821220773e+04 1.5707963268e+00 -3.7506090230e+00
2.9607144650e-04 1.7831589421e+04 1.5707963268e+00 -3.7524910915e+00
2.9624355872e-04 1.7841974070e+04 1.5707963268e+00 -3.7543709700e+00
2.9641557173e-04 1.7852374719e+04 1.5707963268e+00 -3.7562486589e+00
2.9658748561e-04 1.7862791369e+04 1.5707963268e+00 -3.7581241586e+00
2.9675930044e-04 1.7873224018e+04 1.5707963268e+00 -3.7599974697e+00
2.9693101630e-04 1.7883672665e+04 1.5707963268e+00 -3.7618685926e+00
2.9710263326e-04 1.7894137310e+04 1.5707963268e+00 -3.7637375278e+00
2.9727415141e-04 1.7904617952e+04 1.5707963268e+00 -3.7656042758e+00
2.9744557081e-04 1.7915114590e+04 1.5707963268e+00 -3.7674688371e+00
2.9761689156e-04 1.7925627222e+04 1.5707963268e+00 -3.7693312121e+00
2.9778811373e-04 1.7936155849e+04 1.5707963268e+00 -3.7711914015e+00
2.9795923739e-04 1.7946700468e+04 1.5707963268e+00 -3.7730494057e+00
2.9813026264e-04 1.7957261078e+04 1.5707963268e+00 -3.7749052253e+00
2.9830118954e-04 1.7967837679e+04 1.5707963268e+00 -3.7767588607e+00
2.9847201818e-04 1.7978430269e+04 1.5707963268e+00 -3.7786103127e+00
2.9864274863e-04 1.7989038846e+04 1.5707963268e+00 -3.7804595816e+00
2.9881338098e-04 1.7999663409e+04 1.5707963268e+00 -3.7823066682e+00
2.9898391532e-04 1.8010303956e+04 1.5707963268e+00 -3.7841515729e+00
2.9915435171e-04 1.8020960487e+04 1.5707963268e+00 -3.7859942964e+00
2.9932469024e-04 1.8031632998e+04 1.5707963268e+00 -3.7878348393e+00
2.9949493100e-04 1.8042321490e+04 1.5707963268e+00 -3.7896732021e+00
2.9966507406e-04 1.8053025959e+04 1.5707963268e+00 -3.7915093855e+00
2.9983511950e-04 1.8063746404e+04 1.5707963268e+00 -3.7933433900e+00
3.0000506741e-04 1.8074482823e+04 1.5707963268e+00 -3.7951752164e+00
3.0017491788e-04 1.8085235215e+04 1.5707963268e+00 -3.7970048653e+00
3.0034467097e-04 1.8096003577e+04 1.5707963268e+00 -3.7988323372e+00
3.0051432679e-04 1.8106787906e+04 1.5707963268e+00 -3.8006576330e+00
3.0068388540e-04 1.8117588202e+04 1.5707963268e+00 -3.8024807531e+00
3.0085334689e-04 1.8128404462e+04 1.5707963268e+00 -3.8043016984e+00
3.0102271135e-04 1.8139236683e+04 1.5707963268e+00 -3.8061204694e+00
3.0119197886e-04 1.8150084863e+04 1.5707963268e+00 -3.8079370669e+00
3.0136114951e-04 1.8160949000e+04 1.5707963268e+00 -3.8097514916e+00
3.0153022337e-04 1.8171829092e+04 1.5707963268e+00 -3.8115637441e+00
3.0169920053e-04 1.8182725136e+04 1.5707963268e+00 -3.8133738252e+00
3.0186808108e-04 1.8193637129e+04 1.5707963268e+00 -3.8151817356e+00
3.0203686510e-04 1.8204565068e+04 1.5707963268e+00 -3.8169874761e+00
3.0220555269e-04 1.8215508952e+04 1.5707963268e+00 -3.8187910474e+00
3.0237414391e-04 1.8226468777e+04 1.5707963268e+00 -3.8205924501e+00
3.0254263886e-04 1.8237444541e+04 1.5707963268e+00 -3.8223916852e+00
3.0271103762e-04 1.8248436241e+04 1.5707963268e+00 -3.8241887533e+00
3.0287934029e-04 1.8259443873e+04 1.5707963268e+00 -3.8259836552e+00
3.0304754694e-04 1.8270467435e+04 1.5707963268e+00 -3.8277763917e+00
3.0321565766e-04 1.8281506924e+04 1.5707963268e+00 -3.8295669636e+00
3.0338367255e-04 1.8292562336e+04 1.5707963268e+00 -3.8313553717e+00
3.0355159167e-04 1.8303633670e+04 1.5707963268e+00 -3.8331416167e+00
3.0371941514e-04 1.8314720920e+04 1.5707963268e+00 -3.8349256996e+00
3.0388714302e-04 1.8325824085e+04 1.5707963268e+00 -3.8367076210e+00
3.0405477541e-04 1.8336943160e+04 1.5707963268e+00 -3.8384873819e+00
3.0422231239e-04 1.8348078143e+04 1.5707963268e+00 -3.8402649831e+00
3.0438975406e-04 1.8359229029e+04 1.5707963268e+00 -3.8420404255e+00
3.0455710050e-04 1.8370395816e+04 1.5707963268e+00 -3.8438137098e+00
3.0472435180e-04 1.8381578500e+04 1.5707963268e+00 -3.8455848369e+00
3.0489150805e-04 1.8392777077e+04 1.5707963268e+00 -3.8473538078e+00
3.0505856934e-04 1.8403991544e+04 1.5707963268e+00 -3.8491206232e+00
3.0522553575e-04 1.8415221896e+04 1.5707963268e+00 -3.8508852841e+00
3.0539240737e-04 1.8426468131e+04 1.5707963268e+00 -3.8526477914e+00
3.0555918430e-04 1.8437730243e+04 1.5707963268e+00 -3.8544081460e+00
3.0572586662e-04 1.8449008230e+04 1.5707963268e+00 -3.8561663487e+00
3.0589245443e-04 1.8460302087e+04 1.5707963268e+00 -3.8579224005e+00
3.0605894781e-04 1.8471611810e+04 1.5707963268e+00 -3.8596763023e+00
3.0622534685e-04 1.8482937396e+04 1.5707963268e+00 -3.8614280550e+00
3.0639165164e-04 1.8494278839e+04 1.5707963268e+00 -3.8631776596e+00
3.0655786228e-04 1.8505636137e+04 1.5707963268e+00 -3.8649251171e+00
3.0672397885e-04 1.8517009284e+04 1.5707963268e+00 -3.8666704283e+00
3.0689000145e-04 1.8528398276e+04 1.5707963268e+00 -3.8684135943e+00
3.0705593016e-04 1.8539803109e+04 1.5707963268e+00 -3.8701546160e+00
3.0722176507e-04 1.8551223779e+04 1.5707963268e+00 -3.8718934944e+00
3.0738750629e-04 1.8562660280e+04 1.5707963268e+00 -3.8736302304e+00
3.0755315389e-04 1.8574112609e+04 1.5707963268e+00 -3.8753648251e+00
3.0771870798e-04 1.8585580761e+04 1.5707963268e+00 -3.8770972795e+00
3.0788416864e-04 1.8597064732e+04 1.5707963268e+00 -3.8788275945e+00
3.0804953596e-04 1.8608564515e+04 1.5707963268e+00 -3.8805557713e+00
3.0821481004e-04 1.8620080108e+04 1.5707963268e+00 -3.8822818107e+00
3.0837999096e-04 1.8631611504e+04 1.5707963268e+00 -3.8840057139e+00
3.0854507883e-04 1.8643158699e+04 1.5707963268e+00 -3.8857274819e+00
3.0871007373e-04 1.8654721689e+04 1.5707963268e+00 -3.8874471157e+00
3.0887497576e-04 1.8666300468e+04 1.5707963268e+00 -3.8891646163e+00
3.0903978501e-04 1.8677895031e+04 1.5707963268e+00 -3.8908799849e+00
3.0920450157e-04 1.8689505372e+04 1.5707963268e+00 -3.8925932225e+00
3.0936912554e-04 1.8701131488e+04 1.5707963268e+00 -3.8943043302e+00
3.0953365700e-04 1.8712773373e+04 1.5707963268e+00 -3.8960133090e+00
3.0969809606e-04 1.8724431021e+04 1.5707963268e+00 -3.8977201601e+00
3.0986244281e-04 1.8736104427e+04 1.5707963268e+00 -3.8994248845e+00
3.1002669733e-04 1.8747793585e+04 1.5707963268e+00 -3.9011274833e+00
3.1019085973e-04 1.8759498491e+04 1.5707963268e+00 -3.9028279577e+00
3.1035493010e-04 1.8771219139e+04 1.5707963268e+00 -3.9045263088e+00
3.1051890853e-04 1.8782955524e+04 1.5707963268e+00 -3.9062225376e+00
3.1068279511e-04 1.8794707639e+04 1.5707963268e+00 -3.9079166454e+00
3.1084658995e-04 1.8806475479e+04 1.5707963268e+00 -3.9096086333e+00
3.1101029314e-04 1.8818259039e+04 1.5707963268e+00 -3.9112985023e+00
3.1117390477e-04 1.8830058312e+04 1.5707963268e+00 -3.9129862537e+00
3.1133742493e-04 1.8841873294e+04 1.5707963268e+00 -3.9146718886e+00
3.1150085372e-04 1.8853703977e+04 1.5707963268e+00 -3.9163554083e+00
3.1166419124e-04 1.8865550357e+04 1.5707963268e+00 -3.9180368137e+00
3.1182743759e-04 1.8877412427e+04 1.5707963268e+00 -3.9197161062e+00
3.1199059285e-04 1.8889290181e+04 1.5707963268e+00 -3.9213932870e+00
3.1215365712e-04 1.8901183613e+04 1.5707963268e+00 -3.9230683571e+00
3.1231663051e-04 1.8913092717e+04 1.5707963268e+00 -3.9247413179e+00
3.1247951310e-04 1.8925017487e+04 1.5707963268e+00 -3.9264121705e+00
3.1264230499e-04 1.8936957917e+04 1.5707963268e+00 -3.9280809162e+00
3.1280500628e-04 1.8948914001e+04 1.5707963268e+00 -3.9297475561e+00
3.1296761706e-04 1.8960885731e+04 1.5707963268e+00 -3.9314120915e+00
3.1313013743e-04 1.8972873103e+04 1.5707963268e+00 -3.9330745236e+00
3.1329256749e-04 1.8984876108e+04 1.5707963268e+00 -3.9347348538e+00
3.1345490734e-04 1.8996894742e+04 1.5707963268e+00 -3.9363930831e+00
3.1361715706e-04 1.9008928997e+04 1.5707963268e+00 -3.9380492129e+00
3.1377931677e-04 1.9020978867e+04 1.5707963268e+00 -3.9397032444e+00
3.1394138654e-04 1.9033044345e+04 1.5707963268e+00 -3.9413551789e+00
3.1410336649e-04 1.9045125424e+04 1.5707963268e+00 -3.9430050177e+00
3.1426525671e-04 1.9057222099e+04 1.5707963268e+00 -3.9446527621e+00
3.1442705730e-04 1.9069334361e+04 1.5707963268e+00 -3.9462984133e+00
3.1458876835e-04 1.9081462205e+04 1.5707963268e+00 -3.9479419726e+00
3.1475038996e-04 1.9093605623e+04 1.5707963268e+00 -3.9495834414e+00
3.1491192223e-04 1.9105764608e+04 1.5707963268e+00 -3.9512228209e+00
3.1507336526e-04 1.9117939154e+04 1.5707963268e+00 -3.9528601124e+00
3.1523471915e-04 1.9130129253e+04 1.5707963268e+00 -3.9544953174e+00
3.1539598399e-04 1.9142334899e+04 1.5707963268e+00 -3.9561284370e+00
3.1555715988e-04 1.9154556084e+04 1.5707963268e+00 -3.9577594727e+00
3.1571824692e-04 1.9166792802e+04 1.5707963268e+00 -3.9593884257e+00
3.1587924521e-04 1.9179045044e+04 1.5707963268e+00 -3.9610152975e+00
3.1604015485e-04 1.9191312804e+04 1.5707963268e+00 -3.9626400893e+00
3.1620097593e-04 1.9203596074e+04 1.5707963268e+00 -3.9642628026e+00
3.1636170856e-04 1.9215894847e+04 1.5707963268e+00 -3.9658834386e+00
3.1652235284e-04 1.9228209116e+04 1.5707963268e+00 -3.9675019988e+00
3.1668290885e-04 1.9240538873e+04 1.5707963268e+00 -3.9691184845e+00
3.1684337671e-04 1.9252884110e+04 1.5707963268e+00 -3.9707328972e+00
3.1700375651e-04 1.9265244821e+04 1.5707963268e+00 -3.9723452381e+00
3.1716404834e-04 1.9277620997e+04 1.5707963268e+00 -3.9739555087e+00
3.1732425232e-04 1.9290012631e+04 1.5707963268e+00 -3.9755637105e+00
3.1748436854e-04 1.9302419716e+04 1.5707963268e+00 -3.9771698447e+00
3.1764439709e-04 1.9314842242e+04 1.5707963268e+00 -3.9787739128e+00
3.1780433808e-04 1.9327280204e+04 1.5707963268e+00 -3.9803759163e+00
3.1796419161e-04 1.9339733592e+04 1.5707963268e+00 -3.9819758565e+00
3.1812395778e-04 1.9352202399e+04 1.5707963268e+00 -3.9835737349e+00
3.1828363668e-04 1.9364686618e+04 1.5707963268e+00 -3.9851695529e+00
3.1844322842e-04 1.9377186239e+04 1.5707963268e+00 -3.9867633120e+00
3.1860273310e-04 1.9389701256e+04 1.5707963268e+00 -3.9883550136e+00
3.1876215082e-04 1.9402231659e+04 1.5707963268e+00 -3.9899446591e+00
3.1892148167e-04 1.9414777442e+04 1.5707963268e+00 -3.9915322500e+00
3.1908072576e-04 1.9427338595e+04 1.5707963268e+00 -3.9931177879e+00
3.1923988319e-04 1.9439915111e+04 1.5707963268e+00 -3.9947012740e+00
3.1939895405e-04 1.9452506982e+04 1.5707963268e+00 -3.9962827100e+00
3.1955793846e-04 1.9465114198e+04 1.5707963268e+00 -3.9978620973e+00
3.1971683650e-04 1.9477736752e+04 1.5707963268e+00 -3.9994394374e+00
3.1987564829e-04 1.9490374636e+04 1.5707963268e+00 -4.0010147318e+00
3.2003437391e-04 1.9503027840e+04 1.5707963268e+00 -4.0025879819e+00
3.2019301348e-04 1.9515696358e+04 1.5707963268e+00 -4.0041591894e+00
3.2035156709e-04 1.9528380179e+04 1.5707963268e+00 -4.0057283556e+00
3.2051003484e-04 1.9541079295e+04 1.5707963268e+00 -4.0072954821e+00
3.2066841683e-04 1.9553793699e+04 1.5707963268e+00 -4.0088605705e+00
3.2082671318e-04 1.9566523381e+04 1.5707963268e+00 -4.0104236222e+00
3.2098492396e-04 1.9579268332e+04 1.5707963268e+00 -4.0119846388e+00
3.2114304930e-04 1.9592028545e+04 1.5707963268e+00 -4.0135436218e+00
3.2130108928e-04 1.9604804009e+04 1.5707963268e+00 -4.0151005728e+00
3.2145904402e-04 1.9617594717e+04 1.5707963268e+00 -4.0166554932e+00
3.2161691361e-04 1.9630400659e+04 1.5707963268e+00 -4.0182083848e+00
3.2177469815e-04 1.9643221827e+04 1.5707963268e+00 -4.0197592489e+00
3.2193239774e-04 1.9656058212e+04 1.5707963268e+00 -4.0213080872e+00
3.2209001249e-04 1.9668909804e+04 1.5707963268e+00 -4.0228549013e+00
3.2224754250e-04 1.9681776595e+04 1.5707963268e+00 -4.0243996926e+00
3.2240498786e-04 1.9694658575e+04 1.5707963268e+00 -4.0259424629e+00
3.2256234869e-04 1.9707555736e+04 1.5707963268e+00 -4.0274832136e+00
3.2271962508e-04 1.9720468069e+04 1.5707963268e+00 -4.0290219464e+00
3.2287681713e-04 1.9733395564e+04 1.5707963268e+00 -4.0305586628e+00
3.2303392496e-04 1.9746338211e+04 1.5707963268e+00 -4.0320933645e+00
3.2319094864e-04 1.9759296003e+04 1.5707963268e+00 -4.0336260531e+00
3.2334788830e-04 1.9772268929e+04 1.5707963268e+00 -4.0351567301e+00
3.2350474404e-04 1.9785256980e+04 1.5707963268e+00 -4.0366853972e+00
3.2366151594e-04 1.9798260146e+04 1.5707963268e+00 -4.0382120559e+00
3.2381820412e-04 1.9811278420e+04 1.5707963268e+00 -4.0397367080e+00
3.2397480868e-04 1.9824311789e+04 1.5707963268e+00 -4.0412593551e+00
3.2413132973e-04 1.9837360247e+04 1.5707963268e+00 -4.0427799987e+00
3.2428776735e-04 1.9850423782e+04 1.5707963268e+00 -4.0442986405e+00
3.2444412166e-04 1.9863502385e+04 1.5707963268e+00 -4.0458152821e+00
3.2460039276e-04 1.9876596047e+04 1.5707963268e+00 -4.0473299253e+00
3.2475658074e-04 1.9889704758e+04 1.5707963268e+00 -4.0488425716e+00
3.2491268572e-04 1.9902828508e+04 1.5707963268e+00 -4.0503532227e+00
3.2506870780e-04 1.9915967288e+04 1.5707963268e+00 -4.0518618803e+00
3.2522464707e-04 1.9929121088e+04 1.5707963268e+00 -4.0533685460e+00
3.2538050364e-04 1.9942289897e+04 1.5707963268e+00 -4.0548732216e+00
3.2553627761e-04 1.9955473707e+04 1.5707963268e+00 -4.0563759085e+00
3.2569196909e-04 1.9968672507e+04 1.5707963268e+00 -4.0578766087e+00
3.2584757817e-04 1.9981886287e+04 1.5707963268e+00 -4.0593753237e+00
3.2600310496e-04 1.9995115037e+04 1.5707963268e+00 -4.0608720552e+00
3.2615854957e-04 2.0008358748e+04 1.5707963268e+00 -4.0623668049e+00
3.2631391209e-04 2.0021617409e+04 1.5707963268e+00 -4.0638595745e+00
3.2646919263e-04 2.0034891011e+04 1.5707963268e+00 -4.0653503657e+00
3.2662439129e-04 2.0048179542e+04 1.5707963268e+00 -4.0668391803e+00
3.2677950817e-04 2.0061482994e+04 1.5707963268e+00 -4.0683260199e+00
3.2693454338e-04 2.0074801356e+04 1.5707963268e+00 -4.0698108862e+00
3.2708949702e-04 2.0088134617e+04 1.5707963268e+00 -4.0712937810e+00
3.2724436919e-04 2.0101482767e+04 1.5707963268e+00 -4.0727747060e+00
3.2739915999e-04 2.0114845796e+04 1.5707963268e+00 -4.0742536629e+00
3.2755386953e-04 2.0128223695e+04 1.5707963268e+00 -4.0757306535e+00
3.2770849791e-04 2.0141616451e+04 1.5707963268e+00 -4.0772056794e+00
3.2786304523e-04 2.0155024056e+04 1.5707963268e+00 -4.0786787424e+00
3.2801751160e-04 2.0168446498e+04 1.5707963268e+00 -4.0801498443e+00
3.2817189712e-04 2.0181883767e+04 1.5707963268e+00 -4.0816189868e+00
3.2832620189e-04 2.0195335853e+04 1.5707963268e+00 -4.0830861717e+00
3.2848042602e-04 2.0208802745e+04 1.5707963268e+00 -4.0845514007e+00
3.2863456960e-04 2.0222284432e+04 1.5707963268e+00 -4.0860146755e+00
3.2878863274e-04 2.0235780904e+04 1.5707963268e+00 -4.0874759980e+00
3.2894261555e-04 2.0249292151e+04 1.5707963268e+00 -4.0889353700e+00
3.2909651812e-04 2.0262818161e+04 1.5707963268e+00 -4.0903927931e+00
3.2925034057e-04 2.0276358924e+04 1.5707963268e+00 -4.0918482691e+00
3.2940408298e-04 2.0289914429e+04 1.5707963268e+00 -4.0933017999e+00
3.2955774547e-04 2.0303484666e+04 1.5707963268e+00 -4.0947533872e+00
3.2971132814e-04 2.0317069623e+04 1.5707963268e+00 -4.0962030328e+00
3.2986483109e-04 2.0330669289e+04 1.5707963268e+00 -4.0976507386e+00
3.3001825443e-04 2.0344283655e+04 1.5707963268e+00 -4.0990965062e+00
3.3017159826e-04 2.0357912709e+04 1.5707963268e+00 -4.1005403375e+00
3.3032486267e-04 2.0371556439e+04 1.5707963268e+00 -4.1019822343e+00
3.3047804778e-04 2.0385214836e+04 1.5707963268e+00 -4.1034221984e+00
3.3063115369e-04 2.0398887887e+04 1.5707963268e+00 -4.1048602316e+00
3.3078418049e-04 2.0412575583e+04 1.5707963268e+00 -4.1062963357e+00
3.3093712830e-04 2.0426277912e+04 1.5707963268e+00 -4.1077305126e+00
3.3108999721e-04 2.0439994862e+04 1.5707963268e+00 -4.1091627640e+00
3.3124278734e-04 2.0453726424e+04 1.5707963268e+00 -4.1105930919e+00
3.3139549877e-04 2.0467472585e+04 1.5707963268e+00 -4.1120214979e+00
3.3154813162e-04 2.0481233334e+04 1.5707963268e+00 -4.1134479840e+00
3.3170068599e-04 2.0495008660e+04 1.5707963268e+00 -4.1148725520e+00
3.3185316198e-04 2.0508798553e+04 1.5707963268e+00 -4.1162952037e+00
3.3200555970e-04 2.0522603000e+04 1.5707963268e+00 -4.1177159410e+00
3.3215787924e-04 2.0536421990e+04 1.5707963268e+00 -4.1191347656e+00
3.3231012071e-04 2.0550255512e+04 1.5707963268e+00 -4.1205516795e+00
3.3246228422e-04 2.0564103555e+04 1.5707963268e+00 -4.1219666846e+00
3.3261436986e-04 2.0577966107e+04 1.5707963268e+00 -4.1233797826e+00
3.3276637774e-04 2.0591843157e+04 1.5707963268e+00 -4.1247909754e+00
3.3291830796e-04 2.0605734693e+04 1.5707963268e+00 -4.1262002649e+00
3.3307016062e-04 2.0619640705e+04 1.5707963268e+00 -4.1276076529e+00
3.3322193584e-04 2.0633561179e+04 1.5707963268e+00 -4.1290131414e+00
3.3337363370e-04 2.0647496105e+04 1.5707963268e+00 -4.1304167321e+00
3.3352525432e-04 2.0661445472e+04 1.5707963268e+00 -4.1318184270e+00
3.3367679780e-04 2.0675409267e+04 1.5707963268e+00 -4.1332182280e+00
3.3382826423e-04 2.0689387479e+04 1.5707963268e+00 -4.1346161369e+00
3.3397965373e-04 2.0703380096e+04 1.5707963268e+00 -4.1360121555e+00
3.3413096639e-04 2.0717387107e+04 1.5707963268e+00 -4.1374062859e+00
3.3428220232e-04 2.0731408500e+04 1.5707963268e+00 -4.1387985299e+00
3.3443336162e-04 2.0745444263e+04 1.5707963268e+00 -4.1401888893e+00
3.3458444440e-04 2.0759494384e+04 1.5707963268e+00 -4.1415773661e+00
3.3473545075e-04 2.0773558852e+04 1.5707963268e+00 -4.1429639622e+00
3.3488638078e-04 2.0787637655e+04 1.5707963268e+00 -4.1443486794e+00
3.3503723459e-04 2.0801730781e+04 1.5707963268e+00 -4.1457315198e+00
3.3518801228e-04 2.0815838217e+04 1.5707963268e+00 -4.1471124851e+00
3.3533871396e-04 2.0829959953e+04 1.5707963268e+00 -4.1484915773e+00
3.3548933973e-04 2.0844095976e+04 1.5707963268e+00 -4.1498687983e+00
3.3563988969e-04 2.0858246274e+04 1.5707963268e+00 -4.1512441501e+00
3.3579036395e-04 2.0872410836e+04 1.5707963268e+00 -4.1526176345e+00
3.3594076260e-04 2.0886589649e+04 1.5707963268e+00 -4.1539892535e+00
3.3609108576e-04 2.0900782701e+04 1.5707963268e+00 -4.1553590090e+00
3.3624133351e-04 2.0914989980e+04 1.5707963268e+00 -4.1567269028e+00
3.3639150597e-04 2.0929211474e+04 1.5707963268e+00 -4.1580929371e+00
3.3654160324e-04 2.0943447171e+04 1.5707963268e+00 -4.1594571136e+00
3.3669162541e-04 2.0957697059e+04 1.5707963268e+00 -4.1608194344e+00
3.3684157260e-04 2.0971961125e+04 1.5707963268e+00 -4.1621799013e+00
3.3699144490e-04 2.0986239358e+04 1.5707963268e+00 -4.1635385163e+00
3.3714124242e-04 2.1000531745e+04 1.5707963268e+00 -4.1648952813e+00
3.3729096525e-04 2.1014838275e+04 1.5707963268e+00 -4.1662501984e+00
3.3744061351e-04 2.1029158934e+04 1.5707963268e+00 -4.1676032693e+00
3.3759018729e-04 2.1043493710e+04 1.5707963268e+00 -4.1689544962e+00
3.3773968669e-04 2.1057842592e+04 1.5707963268e+00 -4.1703038809e+00
3.3788911182e-04 2.1072205566e+04 1.5707963268e+00 -4.1716514254e+00
3.3803846278e-04 2.1086582621e+04 1.5707963268e+00 -4.1729971316e+00
3.3818773967e-04 2.1100973744e+04 1.5707963268e+00 -4.1743410016e+00
3.3833694259e-04 2.1115378922e+04 1.5707963268e+00 -4.1756830372e+00
3.3848607165e-04 2.1129798144e+04 1.5707963268e+00 -4.1770232405e+00
3.3863512694e-04 2.1144231397e+04 1.5707963268e+00 -4.1783616134e+00
3.3878410858e-04 2.1158678668e+04 1.5707963268e+00 -4.1796981579e+00
3.3893301665e-04 2.1173139945e+04 1.5707963268e+00 -4.1810328759e+00
3.3908185127e-04 2.1187615215e+04 1.5707963268e+00 -4.1823657695e+00
3.3923061253e-04 2.1202104466e+04 1.5707963268e+00 -4.1836968405e+00
3.3937930053e-04 2.1216607685e+04 1.5707963268e+00 -4.1850260911e+00
3.3952791538e-04 2.1231124860e+04 1.5707963268e+00 -4.1863535231e+00
3.3967645718e-04 2.1245655978e+04 1.5707963268e+00 -4.1876791385e+00
3.3982492603e-04 2.1260201026e+04 1.5707963268e+00 -4.1890029394e+00
3.3997332204e-04 2.1274759992e+04 1.5707963268e+00 -4.1903249277e+00
3.4012164529e-04 2.1289332863e+04 1.5707963268e+00 -4.1916451054e+00
3.4026989590e-04 2.1303919627e+04 1.5707963268e+00 -4.1929634745e+00
3.4041807397e-04 2.1318520270e+04 1.5707963268e+00 -4.1942800369e+00
3.4056617959e-04 2.1333134780e+04 1.5707963268e+00 -4.1955947948e+00
3.4071421287e-04 2.1347763145e+04 1.5707963268e+00 -4.1969077501e+00
3.4086217391e-04 2.1362405351e+04 1.5707963268e+00 -4.1982189047e+00
3.4101006282e-04 2.1377061385e+04 1.5707963268e+00 -4.1995282608e+00
3.4115787968e-04 2.1391731236e+04 1.5707963268e+00 -4.2008358202e+00
3.4130562460e-04 2.1406414889e+04 1.5707963268e+00 -4.2021415850e+00
3.4145329769e-04 2.1421112333e+04 1.5707963268e+00 -4.2034455572e+00
3.4160089905e-04 2.1435823554e+04 1.5707963268e+00 -4.2047477389e+00
3.4174842877e-04 2.1450548539e+04 1.5707963268e+00 -4.2060481319e+00
3.4189588696e-04 2.1465287276e+04 1.5707963268e+00 -4.2073467384e+00
3.4204327371e-04 2.1480039752e+04 1.5707963268e+00 -4.2086435603e+00
3.4219058913e-04 2.1494805953e+04 1.5707963268e+00 -4.2099385997e+00
3.4233783332e-04 2.1509585866e+04 1.5707963268e+00 -4.2112318586e+00
3.4248500638e-04 2.1524379480e+04 1.5707963268e+00 -4.2125233389e+00
3.4263210841e-04 2.1539186780e+04 1.5707963268e+00 -4.2138130428e+00
3.4277913950e-04 2.1554007754e+04 1.5707963268e+00 -4.2151009723e+00
3.4292609977e-04 2.1568842388e+04 1.5707963268e+00 -4.2163871293e+00
3.4307298931e-04 2.1583690670e+04 1.5707963268e+00 -4.2176715159e+00
3.4321980822e-04 2.1598552586e+04 1.5707963268e+00 -4.2189541341e+00
3.4336655660e-04 2.1613428124e+04 1.5707963268e+00 -4.2202349860e+00
3.4351323455e-04 2.1628317270e+04 1.5707963268e+00 -4.2215140735e+00
3.4365984218e-04 2.1643220011e+04 1.5707963268e+00 -4.2227913988e+00
3.4380637957e-04 2.1658136335e+04 1.5707963268e+00 -4.2240669638e+00
3.4395284684e-04 2.1673066227e+04 1.5707963268e+00 -4.2253407706e+00
3.4409924408e-04 2.1688009675e+04 1.5707963268e+00 -4.2266128212e+00
3.4424557138e-04 2.1702966665e+04 1.5707963268e+00 -4.2278831177e+00
3.4439182886e-04 2.1717937184e+04 1.5707963268e+00 -4.2291516621e+00
3.4453801661e-04 2.1732921220e+04 1.5707963268e+00 -4.2304184564e+00
3.4468413473e-04 2.1747918758e+04 1.5707963268e+00 -4.2316835027e+00
3.4483018332e-04 2.1762929786e+04 1.5707963268e+00 -4.2329468030e+00
3.4497616248e-04 2.1777954290e+04 1.5707963268e+00 -4.2342083594e+00
3.4512207231e-04 2.1792992258e+04 1.5707963268e+00 -4.2354681739e+00
3.4526791291e-04 2.1808043674e+04 1.5707963268e+00 -4.2367262485e+00
3.4541368437e-04 2.1823108528e+04 1.5707963268e+00 -4.2379825854e+00
3.4555938680e-04 2.1838186804e+04 1.5707963268e+00 -4.2392371865e+00
3.4570502029e-04 2.1853278490e+04 1.5707963268e+00 -4.2404900540e+00
3.4585058495e-04 2.1868383572e+04 1.5707963268e+00 -4.2417411898e+00
3.4599608088e-04 2.1883502037e+04 1.5707963268e+00 -4.2429905960e+00
3.4614150817e-04 2.1898633871e+04 1.5707963268e+00 -4.2442382747e+00
3.4628686691e-04 2.1913779062e+04 1.5707963268e+00 -4.2454842280e+00
3.4643215722e-04 2.1928937595e+04 1.5707963268e+00 -4.2467284578e+00
3.4657737919e-04 2.1944109458e+04 1.5707963268e+00 -4.2479709662e+00
3.4672253291e-04 2.1959294636e+04 1.5707963268e+00 -4.2492117554e+00
3.4686761850e-04 2.1974493117e+04 1.5707963268e+00 -4.2504508274e+00
3.4701263603e-04 2.1989704886e+04 1.5707963268e+00 -4.2516881841e+00
3.4715758562e-04 2.2004929931e+04 1.5707963268e+00 -4.2529238278e+00
3.4730246736e-04 2.2020168238e+04 1.5707963268e+00 -4.2541577604e+00
3.4744728135e-04 2.2035419793e+04 1.5707963268e+00 -4.2553899840e+00
3.4759202769e-04 2.2050684582e+04 1.5707963268e+00 -4.2566205007e+00
3.4773670648e-04 2.2065962593e+04 1.5707963268e+00 -4.2578493125e+00
3.4788131781e-04 2.2081253812e+04 1.5707963268e+00 -4.2590764216e+00
3.4802586178e-04 2.2096558224e+04 1.5707963268e+00 -4.2603018299e+00
3.4817033849e-04 2.2111875818e+04 1.5707963268e+00 -4.2615255396e+00
3.4831474804e-04 2.2127206578e+04 1.5707963268e+00 -4.2627475527e+00
3.4845909053e-04 2.2142550491e+04 1.5707963268e+00 -4.2639678713e+00
3.4860336604e-04 2.2157907544e+04 1.5707963268e+00 -4.2651864975e+00
3.4874757469e-04 2.2173277723e+04 1.5707963268e+00 -4.2664034332e+00
3.4889171657e-04 2.2188661015e+04 1.5707963268e+00 -4.2676186807e+00
3.4903579177e-04 2.2204057405e+04 1.5707963268e+00 -4.2688322420e+00
3.4917980040e-04 2.2219466880e+04 1.5707963268e+00 -4.2700441192e+00
3.4932374255e-04 2.2234889427e+04 1.5707963268e+00 -4.2712543142e+00
3.4946761831e-04 2.2250325031e+04 1.5707963268e+00 -4.2724628293e+00
3.4961142779e-04 2.2265773679e+04 1.5707963268e+00 -4.2736696665e+00
3.4975517108e-04 2.2281235358e+04 1.5707963268e+00 -4.2748748278e+00
3.4989884827e-04 2.2296710053e+04 1.5707963268e+00 -4.2760783153e+00
3.5004245948e-04 2.2312197751e+04 1.5707963268e+00 -4.2772801312e+00
3.5018600478e-04 2.2327698438e+04 1.5707963268e+00 -4.2784802774e+00
3.5032948429e-04 2.2343212100e+04 1.5707963268e+00 -4.2796787562e+00
3.5047289808e-04 2.2358738723e+04 1.5707963268e+00 -4.2808755695e+00
3.5061624628e-04 2.2374278295e+04 1.5707963268e+00 -4.2820707194e+00
3.5075952895e-04 2.2389830800e+04 1.5707963268e+00 -4.2832642080e+00
3.5090274622e-04 2.2405396226e+04 1.5707963268e+00 -4.2844560374e+00
3.5104589816e-04 2.2420974558e+04 1.5707963268e+00 -4.2856462098e+00
3.5118898488e-04 2.2436565783e+04 1.5707963268e+00 -4.2868347270e+00
3.5133200647e-04 2.2452169886e+04 1.5707963268e+00 -4.2880215913e+00
3.5147496304e-04 2.2467786854e+04 1.5707963268e+00 -4.2892068048e+00
3.5161785466e-04 2.2483416673e+04 1.5707963268e+00 -4.2903903694e+00
3.5176068145e-04 2.2499059329e+04 1.5707963268e+00 -4.2915722874e+00
3.5190344349e-04 2.2514714809e+04 1.5707963268e+00 -4.2927525607e+00
3.5204614089e-04 2.2530383098e+04 1.5707963268e+00 -4.2939311915e+00
3.5218877373e-04 2.2546064183e+04 1.5707963268e+00 -4.2951081819e+00
3.5233134211e-04 2.2561758049e+04 1.5707963268e+00 -4.2962835338e+00
3.5247384614e-04 2.2577464683e+04 1.5707963268e+00 -4.2974572496e+00
3.5261628589e-04 2.2593184071e+04 1.5707963268e+00 -4.2986293311e+00
3.5275866148e-04 2.2608916199e+04 1.5707963268e+00 -4.2997997805e+00
3.5290097298e-04 2.2624661053e+04 1.5707963268e+00 -4.3009685999e+00
3.5304322051e-04 2.2640418619e+04 1.5707963268e+00 -4.3021357913e+00
3.5318540415e-04 2.2656188884e+04 1.5707963268e+00 -4.3033013569e+00
3.5332752400e-04 2.2671971832e+04 1.5707963268e+00 -4.3044652988e+00
3.5346958015e-04 2.2687767451e+04 1.5707963268e+00 -4.3056276190e+00
3.5361157270e-04 2.2703575726e+04 1.5707963268e+00 -4.3067883196e+00
3.5375350174e-04 2.2719396644e+04 1.5707963268e+00 -4.3079474027e+00
3.5389536737e-04 2.2735230189e+04 1.5707963268e+00 -4.3091048704e+00
3.5403716967e-04 2.2751076350e+04 1.5707963268e+00 -4.3102607247e+00
3.5417890876e-04 2.2766935110e+04 1.5707963268e+00 -4.3114149679e+00
3.5432058471e-04 2.2782806457e+04 1.5707963268e+00 -4.3125676019e+00
3.5446219762e-04 2.2798690377e+04 1.5707963268e+00 -4.3137186288e+00
3.5460374759e-04 2.2814586855e+04 1.5707963268e+00 -4.3148680508e+00
3.5474523472e-04 2.2830495877e+04 1.5707963268e+00 -4.3160158699e+00
3.5488665909e-04 2.2846417430e+04 1.5707963268e+00 -4.3171620882e+00
3.5502802079e-04 2.2862351499e+04 1.5707963268e+00 -4.3183067078e+00
3.5516931993e-04 2.2878298070e+04 1.5707963268e+00 -4.3194497308e+00
3.5531055659e-04 2.2894257130e+04 1.5707963268e+00 -4.3205911593e+00
3.5545173088e-04 2.2910228663e+04 1.5707963268e+00 -4.3217309954e+00
3.5559284287e-04 2.2926212657e+04 1.5707963268e+00 -4.3228692410e+00
3.5573389267e-04 2.2942209098e+04 1.5707963268e+00 -4.3240058985e+00
3.5587488037e-04 2.2958217970e+04 1.5707963268e+00 -4.3251409697e+00
3.5601580606e-04 2.2974239260e+04 1.5707963268e+00 -4.3262744569e+00
3.5615666983e-04 2.2990272954e+04 1.5707963268e+00 -4.3274063621e+00
3.5629747178e-04 2.3006319039e+04 1.5707963268e+00 -4.3285366873e+00
3.5643821200e-04 2.3022377498e+04 1.5707963268e+00 -4.3296654348e+00
3.5657889058e-04 2.3038448320e+04 1.5707963268e+00 -4.3307926065e+00
3.5671950762e-04 2.3054531489e+04 1.5707963268e+00 -4.3319182045e+00
3.5686006320e-04 2.3070626992e+04 1.5707963268e+00 -4.3330422310e+00
3.5700055743e-04 2.3086734814e+04 1.5707963268e+00 -4.3341646880e+00
3.5714099038e-04 2.3102854942e+04 1.5707963268e+00 -4.3352855776e+00
3.5728136216e-04 2.3118987361e+04 1.5707963268e+00 -4.3364049020e+00
3.5742167286e-04 2.3135132056e+04 1.5707963268e+00 -4.3375226631e+00
3.5756192256e-04 2.3151289015e+04 1.5707963268e+00 -4.3386388630e+00
3.5770211136e-04 2.3167458223e+04 1.5707963268e+00 -4.3397535039e+00
3.5784223935e-04 2.3183639666e+04 1.5707963268e+00 -4.3408665879e+00
3.5798230663e-04 2.3199833329e+04 1.5707963268e+00 -4.3419781170e+00
3.5812231328e-04 2.3216039198e+04 1.5707963268e+00 -4.3430880932e+00
3.5826225939e-04 2.3232257261e+04 1.5707963268e+00 -4.3441965188e+00
3.5840214506e-04 2.3248487501e+04 1.5707963268e+00 -4.3453033957e+00
3.5854197038e-04 2.3264729905e+04 1.5707963268e+00 -4.3464087261e+00
3.5868173544e-04 2.3280984460e+04 1.5707963268e+00 -4.3475125121e+00
3.5882144033e-04 2.3297251150e+04 1.5707963268e+00 -4.3486147556e+00
3.5896108514e-04 2.3313529962e+04 1.5707963268e+00 -4.3497154589e+00
3.5910066996e-04 2.3329820882e+04 1.5707963268e+00 -4.3508146239e+00
3.5924019488e-04 2.3346123894e+04 1.5707963268e+00 -4.3519122528e+00
3.5937966000e-04 2.3362438987e+04 1.5707963268e+00 -4.3530083476e+00
3.5951906539e-04 2.3378766144e+04 1.5707963268e+00 -4.3541029104e+00
3.5965841117e-04 2.3395105352e+04 1.5707963268e+00 -4.3551959434e+00
3.5979769740e-04 2.3411456597e+04 1.5707963268e+00 -4.3562874485e+00
3.5993692419e-04 2.3427819865e+04 1.5707963268e+00 -4.3573774279e+00
3.6007609163e-04 2.3444195141e+04 1.5707963268e+00 -4.3584658836e+00
3.6021519980e-04 2.3460582411e+04 1.5707963268e+00 -4.3595528177e+00
3.6035424879e-04 2.3476981661e+04 1.5707963268e+00 -4.3606382324e+00
3.6049323869e-04 2.3493392878e+04 1.5707963268e+00 -4.3617221295e+00
3.6063216960e-04 2.3509816046e+04 1.5707963268e+00 -4.3628045113e+00
3.6077104160e-04 2.3526251152e+04 1.5707963268e+00 -4.3638853799e+00
3.6090985478e-04 2.3542698181e+04 1.5707963268e+00 -4.3649647372e+00
3.6104860924e-04 2.3559157119e+04 1.5707963268e+00 -4.3660425854e+00
3.6118730505e-04 2.3575627953e+04 1.5707963268e+00 -4.3671189265e+00
3.6132594232e-04 2.3592110668e+04 1.5707963268e+00 -4.3681937626e+00
3.6146452112e-04 2.3608605249e+04 1.5707963268e+00 -4.3692670957e+00
3.6160304155e-04 2.3625111683e+04 1.5707963268e+00 -4.3703389281e+00
3.6174150369e-04 2.3641629955e+04 1.5707963268e+00 -4.3714092616e+00
3.6187990764e-04 2.3658160052e+04 1.5707963268e+00 -4.3724780984e+00
3.6201825349e-04 2.3674701958e+04 1.5707963268e+00 -4.3735454406e+00
3.6215654131e-04 2.3691255661e+04 1.5707963268e+00 -4.3746112901e+00
3.6229477121e-04 2.3707821145e+04 1.5707963268e+00 -4.3756756492e+00
3.6243294326e-04 2.3724398396e+04 1.5707963268e+00 -4.3767385198e+00
3.6257105756e-04 2.3740987401e+04 1.5707963268e+00 -4.3777999041e+00
3.6270911420e-04 2.3757588146e+04 1.5707963268e+00 -4.3788598040e+00
3.6284711325e-04 2.3774200615e+04 1.5707963268e+00 -4.3799182216e+00
3.6298505482e-04 2.3790824795e+04 1.5707963268e+00 -4.3809751591e+00
3.6312293898e-04 2.3807460671e+04 1.5707963268e+00 -4.3820306184e+00
3.6326076583e-04 2.3824108230e+04 1.5707963268e+00 -4.3830846017e+00
3.6339853546e-04 2.3840767458e+04 1.5707963268e+00 -4.3841371109e+00
3.6353624794e-04 2.3857438339e+04 1.5707963268e+00 -4.3851881482e+00
3.6367390337e-04 2.3874120861e+04 1.5707963268e+00 -4.3862377156e+00
3.6381150183e-04 2.3890815008e+04 1.5707963268e+00 -4.3872858152e+00
3.6394904342e-04 2.3907520767e+04 1.5707963268e+00 -4.3883324489e+00
3.6408652821e-04 2.3924238123e+04 1.5707963268e+00 -4.3893776190e+00
3.6422395630e-04 2.3940967063e+04 1.5707963268e+00 -4.3904213274e+00
3.6436132777e-04 2.3957707572e+04 1.5707963268e+00 -4.3914635761e+00
3.6449864271e-04 2.3974459635e+04 1.5707963268e+00 -4.3925043673e+00
3.6463590121e-04 2.3991223240e+04 1.5707963268e+00 -4.3935437030e+00
3.6477310334e-04 2.4007998371e+04 1.5707963268e+00 -4.3945815852e+00
3.6491024921e-04 2.4024785014e+04 1.5707963268e+00 -4.3956180160e+00
3.6504733888e-04 2.4041583156e+04 1.5707963268e+00 -4.3966529974e+00
3.6518437246e-04 2.4058392782e+04 1.5707963268e+00 -4.3976865315e+00
3.6532135002e-04 2.4075213878e+04 1.5707963268e+00 -4.3987186203e+00
3.6545827166e-04 2.4092046430e+04 1.5707963268e+00 -4.3997492660e+00
3.6559513745e-04 2.4108890424e+04 1.5707963268e+00 -4.4007784704e+00
3.6573194748e-04 2.4125745845e+04 1.5707963268e+00 -4.4018062357e+00
3.6586870184e-04 2.4142612679e+04 1.5707963268e+00 -4.4028325639e+00
3.6600540062e-04 2.4159490913e+04 1.5707963268e+00 -4.4038574570e+00
3.6614204389e-04 2.4176380532e+04 1.5707963268e+00 -4.4048809171e+00
3.6627863175e-04 2.4193281522e+04 1.5707963268e+00 -4.4059029462e+00
3.6641516427e-04 2.4210193868e+04 1.5707963268e+00 -4.4069235464e+00
3.6655164156e-04 2.4227117558e+04 1.5707963268e+00 -4.4079427197e+00
3.6668806367e-04 2.4244052576e+04 1.5707963268e+00 -4.4089604681e+00
3.6682443072e-04 2.4260998908e+04 1.5707963268e+00 -4.4099767937e+00
3.6696074277e-04 2.4277956541e+04 1.5707963268e+00 -4.4109916985e+00
3.6709699991e-04 2.4294925460e+04 1.5707963268e+00 -4.4120051845e+00
3.6723320223e-04 2.4311905651e+04 1.5707963268e+00 -4.4130172538e+00
3.6736934981e-04 2.4328897101e+04 1.5707963268e+00 -4.4140279084e+00
3.6750544274e-04 2.4345899794e+04 1.5707963268e+00 -4.4150371503e+00
3.6764148109e-04 2.4362913717e+04 1.5707963268e+00 -4.4160449815e+00
3.6777746496e-04 2.4379938855e+04 1.5707963268e+00 -4.4170514041e+00
3.6791339442e-04 2.4396975195e+04 1.5707963268e+00 -4.4180564201e+00
3.6804926957e-04 2.4414022723e+04 1.5707963268e+00 -4.4190600315e+00
3.6818509048e-04 2.4431081424e+04 1.5707963268e+00 -4.4200622404e+00
3.6832085723e-04 2.4448151284e+04 1.5707963268e+00 -4.4210630487e+00
3.6845656992e-04 2.4465232290e+04 1.5707963268e+00 -4.4220624585e+00
3.6859222862e-04 2.4482324427e+04 1.5707963268e+00 -4.4230604718e+00
3.6872783342e-04 2.4499427681e+04 1.5707963268e+00 -4.4240570907e+00
3.6886338440e-04 2.4516542038e+04 1.5707963268e+00 -4.4250523170e+00
3.6899888164e-04 2.4533667484e+04 1.5707963268e+00 -4.4260461529e+00
3.6913432523e-04 2.4550804004e+04 1.5707963268e+00 -4.4270386004e+00
3.6926971525e-04 2.4567951586e+04 1.5707963268e+00 -4.4280296614e+00
3.6940505177e-04 2.4585110214e+04 1.5707963268e+00 -4.4290193380e+00
3.6954033490e-04 2.4602279875e+04 1.5707963268e+00 -4.4300076322e+00
3.6967556469e-04 2.4619460555e+04 1.5707963268e+00 -4.4309945460e+00
3.6981074125e-04 2.4636652240e+04 1.5707963268e+00 -4.4319800814e+00
3.6994586464e-04 2.4653854915e+04 1.5707963268e+00 -4.4329642404e+00
3.7008093496e-04 2.4671068566e+04 1.5707963268e+00 -4.4339470251e+00
3.7021595228e-04 2.4688293181e+04 1.5707963268e+00 -4.4349284373e+00
3.7035091668e-04 2.4705528743e+04 1.5707963268e+00 -4.4359084791e+00
3.7048582826e-04 2.4722775241e+04 1.5707963268e+00 -4.4368871526e+00
3.7062068708e-04 2.4740032659e+04 1.5707963268e+00 -4.4378644597e+00
3.7075549323e-04 2.4757300983e+04 1.5707963268e+00 -4.4388404024e+00
3.7089024680e-04 2.4774580200e+04 1.5707963268e+00 -4.4398149826e+00
3.7102494785e-04 2.4791870296e+04 1.5707963268e+00 -4.4407882025e+00
3.7115959648e-04 2.4809171256e+04 1.5707963268e+00 -4.4417600640e+00
3.7129419277e-04 2.4826483067e+04 1.5707963268e+00 -4.4427305690e+00
3.7142873679e-04 2.4843805714e+04 1.5707963268e+00 -4.4436997196e+00
3.7156322863e-04 2.4861139184e+04 1.5707963268e+00 -4.4446675178e+00
3.7169766836e-04 2.4878483463e+04 1.5707963268e+00 -4.4456339655e+00
3.7183205607e-04 2.4895838537e+04 1.5707963268e+00 -4.4465990647e+00
3.7196639184e-04 2.4913204391e+04 1.5707963268e+00 -4.4475628174e+00
3.7210067575e-04 2.4930581012e+04 1.5707963268e+00 -4.4485252256e+00
3.7223490787e-04 2.4947968386e+04 1.5707963268e+00 -4.4494862913e+00
3.7236908830e-04 2.4965366499e+04 1.5707963268e+00 -4.4504460164e+00
3.7250321710e-04 2.4982775338e+04 1.5707963268e+00 -4.4514044030e+00
3.7263729436e-04 2.5000194887e+04 1.5707963268e+00 -4.4523614529e+00
3.7277132016e-04 2.5017625133e+04 1.5707963268e+00 -4.4533171682e+00
3.7290529457e-04 2.5035066063e+04 1.5707963268e+00 -4.4542715509e+00
3.7303921768e-04 2.5052517663e+04 1.5707963268e+00 -4.4552246028e+00
3.7317308957e-04 2.5069979917e+04 1.5707963268e+00 -4.4561763261e+00
3.7330691031e-04 2.5087452814e+04 1.5707963268e+00 -4.4571267226e+00
3.7344067999e-04 2.5104936338e+04 1.5707963268e+00 -4.4580757943e+00
3.7357439868e-04 2.5122430476e+04 1.5707963268e+00 -4.4590235432e+00
3.7370806646e-04 2.5139935215e+04 1.5707963268e+00 -4.4599699712e+00
3.7384168341e-04 2.5157450539e+04 1.5707963268e+00 -4.4609150803e+00
3.7397524962e-04 2.5174976436e+04 1.5707963268e+00 -4.4618588725e+00
3.7410876515e-04 2.5192512891e+04 1.5707963268e+00 -4.4628013497e+00
3.7424223008e-04 2.5210059891e+04 1.5707963268e+00 -4.4637425139e+00
3.7437564451e-04 2.5227617422e+04 1.5707963268e+00 -4.4646823670e+00
3.7450900849e-04 2.5245185470e+04 1.5707963268e+00 -4.4656209110e+00
3.7464232212e-04 2.5262764021e+04 1.5707963268e+00 -4.4665581478e+00
3.7477558547e-04 2.5280353061e+04 1.5707963268e+00 -4.4674940794e+00
3.7490879861e-04 2.5297952577e+04 1.5707963268e+00 -4.4684287077e+00
3.7504196163e-04 2.5315562555e+04 1.5707963268e+00 -4.4693620347e+00
3.7517507460e-04 2.5333182981e+04 1.5707963268e+00 -4.4702940623e+00
3.7530813760e-04 2.5350813841e+04 1.5707963268e+00 -4.4712247925e+00
3.7544115071e-04 2.5368455122e+04 1.5707963268e+00 -4.4721542272e+00
3.7557411400e-04 2.5386106809e+04 1.5707963268e+00 -4.4730823683e+00
3.7570702756e-04 2.5403768890e+04 1.5707963268e+00 -4.4740092177e+00
3.7583989145e-04 2.5421441349e+04 1.5707963268e+00 -4.4749347775e+00
3.7597270576e-04 2.5439124174e+04 1.5707963268e+00 -4.4758590496e+00
3.7610547056e-04 2.5456817351e+04 1.5707963268e+00 -4.4767820358e+00
3.7623818593e-04 2.5474520866e+04 1.5707963268e+00 -4.4777037381e+00
3.7637085195e-04 2.5492234705e+04 1.5707963268e+00 -4.4786241585e+00
3.7650346869e-04 2.5509958855e+04 1.5707963268e+00 -4.4795432988e+00
3.7663603623e-04 2.5527693302e+04 1.5707963268e+00 -4.4804611610e+00
3.7676855465e-04 2.5545438032e+04 1.5707963268e+00 -4.4813777470e+00
3.7690102401e-04 2.5563193032e+04 1.5707963268e+00 -4.4822930588e+00
3.7703344440e-04 2.5580958288e+04 1.5707963268e+00 -4.4832070982e+00
3.7716581590e-04 2.5598733785e+04 1.5707963268e+00 -4.4841198672e+00
3.7729813857e-04 2.5616519512e+04 1.5707963268e+00 -4.4850313676e+00
3.7743041250e-04 2.5634315453e+04 1.5707963268e+00 -4.4859416015e+00
3.7756263776e-04 2.5652121596e+04 1.5707963268e+00 -4.4868505706e+00
3.7769481443e-04 2.5669937927e+04 1.5707963268e+00 -4.4877582770e+00
3.7782694257e-04 2.5687764431e+04 1.5707963268e+00 -4.4886647225e+00
3.7795902227e-04 2.5705601096e+04 1.5707963268e+00 -4.4895699091e+00
3.7809105361e-04 2.5723447908e+04 1.5707963268e+00 -4.4904738386e+00
3.7822303665e-04 2.5741304853e+04 1.5707963268e+00 -4.4913765129e+00
3.7835497147e-04 2.5759171918e+04 1.5707963268e+00 -4.4922779340e+00
3.7848685815e-04 2.5777049089e+04 1.5707963268e+00 -4.4931781037e+00
3.7861869675e-04 2.5794936353e+04 1.5707963268e+00 -4.4940770240e+00
3.7875048737e-04 2.5812833696e+04 1.5707963268e+00 -4.4949746967e+00
3.7888223006e-04 2.5830741104e+04 1.5707963268e+00 -4.4958711237e+00
3.7901392490e-04 2.5848658564e+04 1.5707963268e+00 -4.4967663070e+00
3.7914557198e-04 2.5866586063e+04 1.5707963268e+00 -4.4976602484e+00
3.7927717135e-04 2.5884523586e+04 1.5707963268e+00 -4.4985529498e+00
3.7940872311e-04 2.5902471121e+04 1.5707963268e+00 -4.4994444130e+00
3.7954022731e-04 2.5920428654e+04 1.5707963268e+00 -4.5003346401e+00
3.7967168404e-04 2.5938396171e+04 1.5707963268e+00 -4.5012236328e+00
3.7980309336e-04 2.5956373659e+04 1.5707963268e+00 -4.5021113930e+00
3.7993445535e-04 2.5974361104e+04 1.5707963268e+00 -4.5029979227e+00
3.8006577009e-04 2.5992358494e+04 1.5707963268e+00 -4.5038832236e+00
3.8019703765e-04 2.6010365814e+04 1.5707963268e+00 -4.5047672977e+00
3.8032825810e-04 2.6028383051e+04 1.5707963268e+00 -4.5056501469e+00
3.8045943151e-04 2.6046410192e+04 1.5707963268e+00 -4.5065317729e+00
3.8059055795e-04 2.6064447224e+04 1.5707963268e+00 -4.5074121778e+00
3.8072163751e-04 2.6082494132e+04 1.5707963268e+00 -4.5082913633e+00
3.8085267025e-04 2.6100550903e+04 1.5707963268e+00 -4.5091693313e+00
3.8098365625e-04 2.6118617525e+04 1.5707963268e+00 -4.5100460837e+00
3.8111459557e-04 2.6136693983e+04 1.5707963268e+00 -4.5109216223e+00
3.8124548829e-04 2.6154780265e+04 1.5707963268e+00 -4.5117959490e+00
3.8137633448e-04 2.6172876357e+04 1.5707963268e+00 -4.5126690656e+00
3.8150713422e-04 2.6190982245e+04 1.5707963268e+00 -4.5135409741e+00
3.8163788757e-04 2.6209097917e+04 1.5707963268e+00 -4.5144116762e+00
3.8176859462e-04 2.6227223359e+04 1.5707963268e+00 -4.5152811739e+00
3.8189925542e-04 2.6245358557e+04 1.5707963268e+00 -4.5161494689e+00
3.8202987005e-04 2.6263503498e+04 1.5707963268e+00 -4.5170165631e+00
3.8216043859e-04 2.6281658170e+04 1.5707963268e+00 -4.5178824583e+00
3.8229096110e-04 2.6299822559e+04 1.5707963268e+00 -4.5187471565e+00
3.8242143766e-04 2.6317996650e+04 1.5707963268e+00 -4.5196106594e+00
3.8255186833e-04 2.6336180433e+04 1.5707963268e+00 -4.5204729689e+00
3.8268225320e-04 2.6354373892e+04 1.5707963268e+00 -4.5213340868e+00
3.8281259232e-04 2.6372577015e+04 1.5707963268e+00 -4.5221940150e+00
3.8294288577e-04 2.6390789788e+04 1.5707963268e+00 -4.5230527552e+00
3.8307313363e-04 2.6409012199e+04 1.5707963268e+00 -4.5239103093e+00
3.8320333595e-04 2.6427244233e+04 1.5707963268e+00 -4.5247666792e+00
3.8333349282e-04 2.6445485879e+04 1.5707963268e+00 -4.5256218667e+00
3.8346360430e-04 2.6463737122e+04 1.5707963268e+00 -4.5264758736e+00
3.8359367047e-04 2.6481997950e+04 1.5707963268e+00 -4.5273287017e+00
3.8372369139e-04 2.6500268349e+04 1.5707963268e+00 -4.5281803528e+00
3.8385366713e-04 2.6518548306e+04 1.5707963268e+00 -4.5290308288e+00
3.8398359776e-04 2.6536837809e+04 1.5707963268e+00 -4.5298801315e+00
3.8411348336e-04 2.6555136843e+04 1.5707963268e+00 -4.5307282626e+00
3.8424332400e-04 2.6573445396e+04 1.5707963268e+00 -4.5315752241e+00
3.8437311973e-04 2.6591763454e+04 1.5707963268e+00 -4.5324210177e+00
3.8450287064e-04 2.6610091006e+04 1.5707963268e+00 -4.5332656452e+00
3.8463257679e-04 2.6628428036e+04 1.5707963268e+00 -4.5341091085e+00
3.8476223825e-04 2.6646774533e+04 1.5707963268e+00 -4.5349514093e+00
3.8489185510e-04 2.6665130484e+04 1.5707963268e+00 -4.5357925494e+00
3.8502142739e-04 2.6683495875e+04 1.5707963268e+00 -4.5366325307e+00
3.8515095520e-04 2.6701870692e+04 1.5707963268e+00 -4.5374713549e+00
3.8528043860e-04 2.6720254925e+04 1.5707963268e+00 -4.5383090238e+00
3.8540987765e-04 2.6738648558e+04 1.5707963268e+00 -4.5391455393e+00
3.8553927243e-04 2.6757051579e+04 1.5707963268e+00 -4.5399809031e+00
3.8566862301e-04 2.6775463976e+04 1.5707963268e+00 -4.5408151170e+00
3.8579792944e-04 2.6793885735e+04 1.5707963268e+00 -4.5416481828e+00
3.8592719181e-04 2.6812316843e+04 1.5707963268e+00 -4.5424801023e+00
3.8605641018e-04 2.6830757287e+04 1.5707963268e+00 -4.5433108773e+00
3.8618558461e-04 2.6849207055e+04 1.5707963268e+00 -4.5441405095e+00
3.8631471518e-04 2.6867666133e+04 1.5707963268e+00 -4.5449690008e+00
3.8644380195e-04 2.6886134508e+04 1.5707963268e+00 -4.5457963528e+00
3.8657284499e-04 2.6904612168e+04 1.5707963268e+00 -4.5466225675e+00
3.8670184436e-04 2.6923099100e+04 1.5707963268e+00 -4.5474476465e+00
3.8683080015e-04 2.6941595290e+04 1.5707963268e+00 -4.5482715916e+00
3.8695971241e-04 2.6960100726e+04 1.5707963268e+00 -4.5490944046e+00
3.8708858121e-04 2.6978615395e+04 1.5707963268e+00 -4.5499160873e+00
3.8721740661e-04 2.6997139285e+04 1.5707963268e+00 -4.5507366415e+00
3.8734618869e-04 2.7015672381e+04 1.5707963268e+00 -4.5515560688e+00
3.8747492752e-04 2.7034214672e+04 1.5707963268e+00 -4.5523743711e+00
3.8760362315e-04 2.7052766145e+04 1.5707963268e+00 -4.5531915500e+00
3.8773227566e-04 2.7071326786e+04 1.5707963268e+00 -4.5540076075e+00
3.8786088511e-04 2.7089896583e+04 1.5707963268e+00 -4.5548225452e+00
3.8798945157e-04 2.7108475524e+04 1.5707963268e+00 -4.5556363648e+00
3.8811797510e-04 2.7127063595e+04 1.5707963268e+00 -4.5564490682e+00
3.8824645578e-04 2.7145660784e+04 1.5707963268e+00 -4.5572606570e+00
3.8837489367e-04 2.7164267077e+04 1.5707963268e+00 -4.5580711331e+00
3.8850328883e-04 2.7182882463e+04 1.5707963268e+00 -4.5588804981e+00
3.8863164133e-04 2.7201506929e+04 1.5707963268e+00 -4.5596887538e+00
3.8875995123e-04 2.7220140461e+04 1.5707963268e+00 -4.5604959020e+00
3.8888821861e-04 2.7238783047e+04 1.5707963268e+00 -4.5613019443e+00
3.8901644353e-04 2.7257434675e+04 1.5707963268e+00 -4.5621068826e+00
3.8914462605e-04 2.7276095331e+04 1.5707963268e+00 -4.5629107185e+00
3.8927276624e-04 2.7294765004e+04 1.5707963268e+00 -4.5637134537e+00
3.8940086416e-04 2.7313443679e+04 1.5707963268e+00 -4.5645150901e+00
3.8952891988e-04 2.7332131346e+04 1.5707963268e+00 -4.5653156293e+00
3.8965693347e-04 2.7350827991e+04 1.5707963268e+00 -4.5661150731e+00
3.8978490499e-04 2.7369533601e+04 1.5707963268e+00 -4.5669134231e+00
3.8991283450e-04 2.7388248164e+04 1.5707963268e+00 -4.5677106811e+00
3.9004072207e-04 2.7406971668e+04 1.5707963268e+00 -4.5685068488e+00
3.9016856777e-04 2.7425704099e+04 1.5707963268e+00 -4.5693019280e+00
3.9029637165e-04 2.7444445446e+04 1.5707963268e+00 -4.5700959203e+00
3.9042413379e-04 2.7463195695e+04 1.5707963268e+00 -4.5708888275e+00
3.9055185425e-04 2.7481954835e+04 1.5707963268e+00 -4.5716806512e+00
3.9067953309e-04 2.7500722852e+04 1.5707963268e+00 -4.5724713932e+00
3.9080717037e-04 2.7519499734e+04 1.5707963268e+00 -4.5732610551e+00
3.9093476617e-04 2.7538285469e+04 1.5707963268e+00 -4.5740496387e+00
3.9106232054e-04 2.7557080044e+04 1.5707963268e+00 -4.5748371457e+00
3.9118983355e-04 2.7575883446e+04 1.5707963268e+00 -4.5756235778e+00
3.9131730526e-04 2.7594695664e+04 1.5707963268e+00 -4.5764089367e+00
3.9144473574e-04 2.7613516684e+04 1.5707963268e+00 -4.5771932239e+00
3.9157212505e-04 2.7632346495e+04 1.5707963268e+00 -4.5779764414e+00
3.9169947325e-04 2.7651185084e+04 1.5707963268e+00 -4.5787585907e+00
3.9182678041e-04 2.7670032438e+04 1.5707963268e+00 -4.5795396735e+00
3.9195404658e-04 2.7688888545e+04 1.5707963268e+00 -4.5803196915e+00
3.9208127184e-04 2.7707753393e+04 1.5707963268e+00 -4.5810986464e+00
3.9220845625e-04 2.7726626969e+04 1.5707963268e+00 -4.5818765399e+00
3.9233559986e-04 2.7745509261e+04 1.5707963268e+00 -4.5826533736e+00
3.9246270274e-04 2.7764400257e+04 1.5707963268e+00 -4.5834291493e+00
3.9258976496e-04 2.7783299944e+04 1.5707963268e+00 -4.5842038686e+00
3.9271678658e-04 2.7802208310e+04 1.5707963268e+00 -4.5849775331e+00
3.9284376766e-04 2.7821125343e+04 1.5707963268e+00 -4.5857501446e+00
3.9297070825e-04 2.7840051030e+04 1.5707963268e+00 -4.5865217047e+00
3.9309760844e-04 2.7858985360e+04 1.5707963268e+00 -4.5872922150e+00
3.9322446826e-04 2.7877928319e+04 1.5707963268e+00 -4.5880616773e+00
3.9335128780e-04 2.7896879896e+04 1.5707963268e+00 -4.5888300932e+00
3.9347806711e-04 2.7915840078e+04 1.5707963268e+00 -4.5895974643e+00
3.9360480625e-04 2.7934808853e+04 1.5707963268e+00 -4.5903637924e+00
3.9373150528e-04 2.7953786209e+04 1.5707963268e+00 -4.5911290790e+00
3.9385816427e-04 2.7972772134e+04 1.5707963268e+00 -4.5918933258e+00
3.9398478327e-04 2.7991766616e+04 1.5707963268e+00 -4.5926565345e+00
3.9411136236e-04 2.8010769642e+04 1.5707963268e+00 -4.5934187067e+00
3.9423790158e-04 2.8029781200e+04 1.5707963268e+00 -4.5941798440e+00
3.9436440101e-04 2.8048801278e+04 1.5707963268e+00 -4.5949399482e+00
3.9449086070e-04 2.8067829864e+04 1.5707963268e+00 -4.5956990208e+00
3.9461728071e-04 2.8086866946e+04 1.5707963268e+00 -4.5964570634e+00
3.9474366111e-04 2.8105912512e+04 1.5707963268e+00 -4.5972140778e+00
3.9487000195e-04 2.8124966549e+04 1.5707963268e+00 -4.5979700655e+00
3.9499630330e-04 2.8144029046e+04 1.5707963268e+00 -4.5987250282e+00
3.9512256521e-04 2.8163099990e+04 1.5707963268e+00 -4.5994789675e+00
3.9524878776e-04 2.8182179370e+04 1.5707963268e+00 -4.6002318850e+00
3.9537497099e-04 2.8201267173e+04 1.5707963268e+00 -4.6009837824e+00
3.9550111496e-04 2.8220363387e+04 1.5707963268e+00 -4.6017346613e+00
3.9562721975e-04 2.8239468001e+04 1.5707963268e+00 -4.6024845232e+00
3.9575328540e-04 2.8258581002e+04 1.5707963268e+00 -4.6032333699e+00
3.9587931199e-04 2.8277702379e+04 1.5707963268e+00 -4.6039812029e+00
3.9600529956e-04 2.8296832118e+04 1.5707963268e+00 -4.6047280239e+00
3.9613124818e-04 2.8315970210e+04 1.5707963268e+00 -4.6054738344e+00
3.9625715791e-04 2.8335116641e+04 1.5707963268e+00 -4.6062186361e+00
3.9638302880e-04 2.8354271399e+04 1.5707963268e+00 -4.6069624306e+00
3.9650886092e-04 2.8373434473e+04 1.5707963268e+00 -4.6077052194e+00
3.9663465433e-04 2.8392605851e+04 1.5707963268e+00 -4.6084470042e+00
3.9676040908e-04 2.8411785521e+04 1.5707963268e+00 -4.6091877866e+00
3.9688612524e-04 2.8430973470e+04 1.5707963268e+00 -4.6099275682e+00
3.9701180287e-04 2.8450169688e+04 1.5707963268e+00 -4.6106663505e+00
3.9713744201e-04 2.8469374162e+04 1.5707963268e+00 -4.6114041353e+00
3.9726304274e-04 2.8488586881e+04 1.5707963268e+00 -4.6121409239e+00
3.9738860511e-04 2.8507807832e+04 1.5707963268e+00 -4.6128767182e+00
3.9751412918e-04 2.8527037004e+04 1.5707963268e+00 -4.6136115195e+00
3.9763961500e-04 2.8546274385e+04 1.5707963268e+00 -4.6143453296e+00
3.9776506264e-04 2.8565519963e+04 1.5707963268e+00 -4.6150781500e+00
3.9789047216e-04 2.8584773727e+04 1.5707963268e+00 -4.6158099823e+00
3.9801584361e-04 2.8604035664e+04 1.5707963268e+00 -4.6165408280e+00
3.9814117705e-04 2.8623305764e+04 1.5707963268e+00 -4.6172706887e+00
3.9826647254e-04 2.8642584013e+04 1.5707963268e+00 -4.6179995661e+00
3.9839173014e-04 2.8661870401e+04 1.5707963268e+00 -4.6187274616e+00
3.9851694991e-04 2.8681164916e+04 1.5707963268e+00 -4.6194543769e+00
3.9864213189e-04 2.8700467547e+04 1.5707963268e+00 -4.6201803135e+00
3.9876727616e-04 2.8719778280e+04 1.5707963268e+00 -4.6209052730e+00
3.9889238277e-04 2.8739097106e+04 1.5707963268e+00 -4.6216292570e+00
3.9901745177e-04 2.8758424012e+04 1.5707963268e+00 -4.6223522669e+00
3.9914248323e-04 2.8777758986e+04 1.5707963268e+00 -4.6230743044e+00
3.9926747720e-04 2.8797102017e+04 1.5707963268e+00 -4.6237953710e+00
3.9939243373e-04 2.8816453094e+04 1.5707963268e+00 -4.6245154682e+00
3.9951735289e-04 2.8835812204e+04 1.5707963268e+00 -4.6252345977e+00
3.9964223473e-04 2.8855179337e+04 1.5707963268e+00 -4.6259527610e+00
3.9976707931e-04 2.8874554480e+04 1.5707963268e+00 -4.6266699595e+00
3.9989188669e-04 2.8893937622e+04 1.5707963268e+00 -4.6273861950e+00
4.0001665692e-04 2.8913328752e+04 1.5707963268e+00 -4.6281014688e+00
4.0014139006e-04 2.8932727858e+04 1.5707963268e+00 -4.6288157825e+00
4.0026608616e-04 2.8952134928e+04 1.5707963268e+00 -4.6295291378e+00
4.0039074528e-04 2.8971549952e+04 1.5707963268e+00 -4.6302415360e+00
4.0051536749e-04 2.8990972917e+04 1.5707963268e+00 -4.6309529788e+00
4.0063995283e-04 2.9010403812e+04 1.5707963268e+00 -4.6316634677e+00
4.0076450136e-04 2.9029842626e+04 1.5707963268e+00 -4.6323730042e+00
4.0088901313e-04 2.9049289347e+04 1.5707963268e+00 -4.6330815898e+00
4.0101348821e-04 2.9068743964e+04 1.5707963268e+00 -4.6337892260e+00
4.0113792665e-04 2.9088206465e+04 1.5707963268e+00 -4.6344959145e+00
4.0126232850e-04 2.9107676840e+04 1.5707963268e+00 -4.6352016566e+00
4.0138669382e-04 2.9127155076e+04 1.5707963268e+00 -4.6359064540e+00
4.0151102267e-04 2.9146641162e+04 1.5707963268e+00 -4.6366103080e+00
4.0163531509e-04 2.9166135087e+04 1.5707963268e+00 -4.6373132204e+00
4.0175957116e-04 2.9185636840e+04 1.5707963268e+00 -4.6380151924e+00
4.0188379091e-04 2.9205146409e+04 1.5707963268e+00 -4.6387162258e+00
4.0200797441e-04 2.9224663783e+04 1.5707963268e+00 -4.6394163219e+00
4.0213212171e-04 2.9244188950e+04 1.5707963268e+00 -4.6401154823e+00
4.0225623287e-04 2.9263721900e+04 1.5707963268e+00 -4.6408137084e+00
4.0238030795e-04 2.9283262622e+04 1.5707963268e+00 -4.6415110018e+00
4.0250434698e-04 2.9302811103e+04 1.5707963268e+00 -4.6422073640e+00
4.0262835004e-04 2.9322367332e+04 1.5707963268e+00 -4.6429027965e+00
4.0275231718e-04 2.9341931299e+04 1.5707963268e+00 -4.6435973007e+00
4.0287624844e-04 2.9361502993e+04 1.5707963268e+00 -4.6442908782e+00
4.0300014389e-04 2.9381082401e+04 1.5707963268e+00 -4.6449835304e+00
4.0312400358e-04 2.9400669513e+04 1.5707963268e+00 -4.6456752588e+00
4.0324782756e-04 2.9420264318e+04 1.5707963268e+00 -4.6463660649e+00
4.0337161588e-04 2.9439866804e+04 1.5707963268e+00 -4.6470559503e+00
4.0349536861e-04 2.9459476961e+04 1.5707963268e+00 -4.6477449163e+00
4.0361908579e-04 2.9479094776e+04 1.5707963268e+00 -4.6484329644e+00
4.0374276749e-04 2.9498720240e+04 1.5707963268e+00 -4.6491200962e+00
4.0386641374e-04 2.9518353341e+04 1.5707963268e+00 -4.6498063131e+00
4.0399002461e-04 2.9537994068e+04 1.5707963268e+00 -4.6504916165e+00
4.0411360015e-04 2.9557642410e+04 1.5707963268e+00 -4.6511760080e+00
4.0423714042e-04 2.9577298356e+04 1.5707963268e+00 -4.6518594889e+00
4.0436064546e-04 2.9596961894e+04 1.5707963268e+00 -4.6525420609e+00
4.0448411533e-04 2.9616633014e+04 1.5707963268e+00 -4.6532237252e+00
4.0460755008e-04 2.9636311705e+04 1.5707963268e+00 -4.6539044835e+00
4.0473094977e-04 2.9655997956e+04 1.5707963268e+00 -4.6545843370e+00
4.0485431445e-04 2.9675691756e+04 1.5707963268e+00 -4.6552632874e+00
4.0497764417e-04 2.9695393093e+04 1.5707963268e+00 -4.6559413361e+00
4.0510093898e-04 2.9715101957e+04 1.5707963268e+00 -4.6566184844e+00
4.0522419895e-04 2.9734818337e+04 1.5707963268e+00 -4.6572947339e+00
4.0534742411e-04 2.9754542222e+04 1.5707963268e+00 -4.6579700860e+00
4.0547061452e-04 2.9774273601e+04 1.5707963268e+00 -4.6586445421e+00
4.0559377024e-04 2.9794012463e+04 1.5707963268e+00 -4.6593181038e+00
4.0571689132e-04 2.9813758798e+04 1.5707963268e+00 -4.6599907723e+00
4.0583997781e-04 2.9833512593e+04 1.5707963268e+00 -4.6606625492e+00
4.0596302976e-04 2.9853273840e+04 1.5707963268e+00 -4.6613334359e+00
4.0608604722e-04 2.9873042526e+04 1.5707963268e+00 -4.6620034339e+00
4.0620903025e-04 2.9892818641e+04 1.5707963268e+00 -4.6626725445e+00
4.0633197890e-04 2.9912602174e+04 1.5707963268e+00 -4.6633407691e+00
4.0645489321e-04 2.9932393114e+04 1.5707963268e+00 -4.6640081093e+00
4.0657777325e-04 2.9952191451e+04 1.5707963268e+00 -4.6646745665e+00
4.0670061906e-04 2.9971997174e+04 1.5707963268e+00 -4.6653401420e+00
4.0682343070e-04 2.9991810271e+04 1.5707963268e+00 -4.6660048373e+00
4.0694620821e-04 3.0011630733e+04 1.5707963268e+00 -4.6666686538e+00
4.0706895164e-04 3.0031458548e+04 1.5707963268e+00 -4.6673315929e+00
4.0719166106e-04 3.0051293706e+04 1.5707963268e+00 -4.6679936560e+00
4.0731433651e-04 3.0071136196e+04 1.5707963268e+00 -4.6686548446e+00
4.0743697803e-04 3.0090986007e+04 1.5707963268e+00 -4.6693151601e+00
4.0755958569e-04 3.0110843129e+04 1.5707963268e+00 -4.6699746038e+00
4.0768215953e-04 3.0130707551e+04 1.5707963268e+00 -4.6706331771e+00
4.0780469960e-04 3.0150579262e+04 1.5707963268e+00 -4.6712908815e+00
4.0792720596e-04 3.0170458253e+04 1.5707963268e+00 -4.6719477184e+00
4.0804967865e-04 3.0190344511e+04 1.5707963268e+00 -4.6726036892e+00
4.0817211773e-04 3.0210238027e+04 1.5707963268e+00 -4.6732587952e+00
4.0829452324e-04 3.0230138790e+04 1.5707963268e+00 -4.6739130378e+00
4.0841689524e-04 3.0250046789e+04 1.5707963268e+00 -4.6745664185e+00
4.0853923377e-04 3.0269962014e+04 1.5707963268e+00 -4.6752189387e+00
4.0866153889e-04 3.0289884454e+04 1.5707963268e+00 -4.6758705997e+00
4.0878381065e-04 3.0309814099e+04 1.5707963268e+00 -4.6765214028e+00
4.0890604910e-04 3.0329750939e+04 1.5707963268e+00 -4.6771713496e+00
4.0902825428e-04 3.0349694962e+04 1.5707963268e+00 -4.6778204413e+00
4.0915042624e-04 3.0369646158e+04 1.5707963268e+00 -4.6784686794e+00
4.0927256504e-04 3.0389604517e+04 1.5707963268e+00 -4.6791160652e+00
4.0939467073e-04 3.0409570028e+04 1.5707963268e+00 -4.6797626001e+00
4.0951674335e-04 3.0429542681e+04 1.5707963268e+00 -4.6804082855e+00
4.0963878296e-04 3.0449522466e+04 1.5707963268e+00 -4.6810531227e+00
4.0976078960e-04 3.0469509371e+04 1.5707963268e+00 -4.6816971132e+00
4.0988276333e-04 3.0489503388e+04 1.5707963268e+00 -4.6823402582e+00
4.1000470418e-04 3.0509504504e+04 1.5707963268e+00 -4.6829825591e+00
4.1012661222e-04 3.0529512710e+04 1.5707963268e+00 -4.6836240174e+00
4.1024848749e-04 3.0549527996e+04 1.5707963268e+00 -4.6842646343e+00
4.1037033004e-04 3.0569550351e+04 1.5707963268e+00 -4.6849044112e+00
4.1049213992e-04 3.0589579764e+04 1.5707963268e+00 -4.6855433496e+00
4.1061391717e-04 3.0609616226e+04 1.5707963268e+00 -4.6861814506e+00
4.1073566185e-04 3.0629659727e+04 1.5707963268e+00 -4.6868187157e+00
4.1085737401e-04 3.0649710255e+04 1.5707963268e+00 -4.6874551462e+00
4.1097905369e-04 3.0669767800e+04 1.5707963268e+00 -4.6880907435e+00
4.1110070094e-04 3.0689832353e+04 1.5707963268e+00 -4.6887255089e+00
4.1122231580e-04 3.0709903904e+04 1.5707963268e+00 -4.6893594438e+00
4.1134389834e-04 3.0729982440e+04 1.5707963268e+00 -4.6899925495e+00
4.1146544860e-04 3.0750067954e+04 1.5707963268e+00 -4.6906248273e+00
4.1158696661e-04 3.0770160434e+04 1.5707963268e+00 -4.6912562785e+00
4.1170845244e-04 3.0790259870e+04 1.5707963268e+00 -4.6918869046e+00
4.1182990613e-04 3.0810366252e+04 1.5707963268e+00 -4.6925167068e+00
4.1195132773e-04 3.0830479571e+04 1.5707963268e+00 -4.6931456865e+00
4.1207271729e-04 3.0850599814e+04 1.5707963268e+00 -4.6937738450e+00
4.1219407484e-04 3.0870726974e+04 1.5707963268e+00 -4.6944011835e+00
4.1231540045e-04 3.0890861039e+04 1.5707963268e+00 -4.6950277036e+00
4.1243669416e-04 3.0911001999e+04 1.5707963268e+00 -4.6956534063e+00
4.1255795601e-04 3.0931149844e+04 1.5707963268e+00 -4.6962782932e+00
4.1267918606e-04 3.0951304565e+04 1.5707963268e+00 -4.6969023655e+00
4.1280038435e-04 3.0971466151e+04 1.5707963268e+00 -4.6975256244e+00
4.1292155092e-04 3.0991634592e+04 1.5707963268e+00 -4.6981480714e+00
4.1304268583e-04 3.1011809878e+04 1.5707963268e+00 -4.6987697077e+00
4.1316378912e-04 3.1031991999e+04 1.5707963268e+00 -4.6993905347e+00
4.1328486084e-04 3.1052180945e+04 1.5707963268e+00 -4.7000105536e+00
4.1340590104e-04 3.1072376705e+04 1.5707963268e+00 -4.7006297658e+00
4.1352690975e-04 3.1092579271e+04 1.5707963268e+00 -4.7012481725e+00
4.1364788704e-04 3.1112788632e+04 1.5707963268e+00 -4.7018657750e+00
4.1376883294e-04 3.1133004778e+04 1.5707963268e+00 -4.7024825747e+00
4.1388974751e-04 3.1153227699e+04 1.5707963268e+00 -4.7030985729e+00
4.1401063078e-04 3.1173457386e+04 1.5707963268e+00 -4.7037137708e+00
4.1413148281e-04 3.1193693827e+04 1.5707963268e+00 -4.7043281697e+00
4.1425230363e-04 3.1213937015e+04 1.5707963268e+00 -4.7049417709e+00
4.1437309331e-04 3.1234186937e+04 1.5707963268e+00 -4.7055545758e+00
4.1449385188e-04 3.1254443585e+04 1.5707963268e+00 -4.7061665855e+00
4.1461457939e-04 3.1274706949e+04 1.5707963268e+00 -4.7067778014e+00
4.1473527588e-04 3.1294977019e+04 1.5707963268e+00 -4.7073882248e+00
4.1485594140e-04 3.1315253786e+04 1.5707963268e+00 -4.7079978569e+00
4.1497657600e-04 3.1335537238e+04 1.5707963268e+00 -4.7086066990e+00
4.1509717972e-04 3.1355827367e+04 1.5707963268e+00 -4.7092147524e+00
4.1521775262e-04 3.1376124162e+04 1.5707963268e+00 -4.7098220183e+00
4.1533829472e-04 3.1396427615e+04 1.5707963268e+00 -4.7104284981e+00
4.1545880608e-04 3.1416737715e+04 1.5707963268e+00 -4.7110341930e+00
4.1557928675e-04 3.1437054452e+04 1.5707963268e+00 -4.7116391042e+00
4.1569973677e-04 3.1457377817e+04 1.5707963268e+00 -4.7122432331e+00
4.1582015618e-04 3.1477707800e+04 1.5707963268e+00 -4.7128465808e+00
4.1594054503e-04 3.1498044391e+04 1.5707963268e+00 -4.7134491487e+00
4.1606090337e-04 3.1518387581e+04 1.5707963268e+00 -4.7140509380e+00
4.1618123123e-04 3.1538737359e+04 1.5707963268e+00 -4.7146519499e+00
4.1630152867e-04 3.1559093717e+04 1.5707963268e+00 -4.7152521858e+00
4.1642179574e-04 3.1579456644e+04 1.5707963268e+00 -4.7158516469e+00
4.1654203246e-04 3.1599826132e+04 1.5707963268e+00 -4.7164503343e+00
4.1666223889e-04 3.1620202170e+04 1.5707963268e+00 -4.7170482494e+00
4.1678241508e-04 3.1640584748e+04 1.5707963268e+00 -4.7176453935e+00
4.1690256106e-04 3.1660973858e+04 1.5707963268e+00 -4.7182417677e+00
4.1702267689e-04 3.1681369489e+04 1.5707963268e+00 -4.7188373733e+00
4.1714276261e-04 3.1701771632e+04 1.5707963268e+00 -4.7194322115e+00
4.1726281825e-04 3.1722180278e+04 1.5707963268e+00 -4.7200262836e+00
4.1738284387e-04 3.1742595416e+04 1.5707963268e+00 -4.7206195908e+00
4.1750283951e-04 3.1763017038e+04 1.5707963268e+00 -4.7212121343e+00
4.1762280521e-04 3.1783445134e+04 1.5707963268e+00 -4.7218039154e+00
4.1774274102e-04 3.1803879694e+04 1.5707963268e+00 -4.7223949354e+00
4.1786264697e-04 3.1824320709e+04 1.5707963268e+00 -4.7229851953e+00
4.1798252313e-04 3.1844768170e+04 1.5707963268e+00 -4.7235746965e+00
4.1810236952e-04 3.1865222066e+04 1.5707963268e+00 -4.7241634402e+00
4.1822218619e-04 3.1885682389e+04 1.5707963268e+00 -4.7247514276e+00
4.1834197319e-04 3.1906149129e+04 1.5707963268e+00 -4.7253386599e+00
4.1846173056e-04 3.1926622277e+04 1.5707963268e+00 -4.7259251383e+00
4.1858145834e-04 3.1947101823e+04 1.5707963268e+00 -4.7265108641e+00
4.1870115657e-04 3.1967587757e+04 1.5707963268e+00 -4.7270958385e+00
4.1882082531e-04 3.1988080072e+04 1.5707963268e+00 -4.7276800626e+00
4.1894046458e-04 3.2008578756e+04 1.5707963268e+00 -4.7282635377e+00
4.1906007444e-04 3.2029083801e+04 1.5707963268e+00 -4.7288462650e+00
4.1917965493e-04 3.2049595198e+04 1.5707963268e+00 -4.7294282457e+00
4.1929920609e-04 3.2070112937e+04 1.5707963268e+00 -4.7300094811e+00
4.1941872796e-04 3.2090637009e+04 1.5707963268e+00 -4.7305899722e+00
4.1953822059e-04 3.2111167404e+04 1.5707963268e+00 -4.7311697203e+00
4.1965768402e-04 3.2131704113e+04 1.5707963268e+00 -4.7317487266e+00
4.1977711829e-04 3.2152247128e+04 1.5707963268e+00 -4.7323269923e+00
4.1989652345e-04 3.2172796438e+04 1.5707963268e+00 -4.7329045186e+00
4.2001589953e-04 3.2193352035e+04 1.5707963268e+00 -4.7334813066e+00
4.2013524658e-04 3.2213913909e+04 1.5707963268e+00 -4.7340573576e+00
4.2025456464e-04 3.2234482051e+04 1.5707963268e+00 -4.7346326728e+00
4.2037385375e-04 3.2255056452e+04 1.5707963268e+00 -4.7352072533e+00
4.2049311397e-04 3.2275637102e+04 1.5707963268e+00 -4.7357811004e+00
4.2061234531e-04 3.2296223993e+04 1.5707963268e+00 -4.7363542151e+00
4.2073154784e-04 3.2316817116e+04 1.5707963268e+00 -4.7369265987e+00
4.2085072159e-04 3.2337416461e+04 1.5707963268e+00 -4.7374982524e+00
4.2096986661e-04 3.2358022018e+04 1.5707963268e+00 -4.7380691773e+00
4.2108898293e-04 3.2378633780e+04 1.5707963268e+00 -4.7386393747e+00
4.2120807059e-04 3.2399251737e+04 1.5707963268e+00 -4.7392088456e+00
4.2132712965e-04 3.2419875879e+04 1.5707963268e+00 -4.7397775912e+00
4.2144616013e-04 3.2440506198e+04 1.5707963268e+00 -4.7403456128e+00
4.2156516209e-04 3.2461142685e+04 1.5707963268e+00 -4.7409129114e+00
4.2168413556e-04 3.2481785330e+04 1.5707963268e+00 -4.7414794883e+00
4.2180308059e-04 3.2502434125e+04 1.5707963268e+00 -4.7420453446e+00
4.2192199721e-04 3.2523089060e+04 1.5707963268e+00 -4.7426104815e+00
4.2204088546e-04 3.2543750127e+04 1.5707963268e+00 -4.7431749001e+00
4.2215974540e-04 3.2564417317e+04 1.5707963268e+00 -4.7437386016e+00
4.2227857705e-04 3.2585090620e+04 1.5707963268e+00 -4.7443015871e+00
4.2239738047e-04 3.2605770027e+04 1.5707963268e+00 -4.7448638578e+00
4.2251615569e-04 3.2626455530e+04 1.5707963268e+00 -4.7454254148e+00
4.2263490274e-04 3.2647147120e+04 1.5707963268e+00 -4.7459862593e+00
4.2275362168e-04 3.2667844787e+04 1.5707963268e+00 -4.7465463924e+00
4.2287231255e-04 3.2688548524e+04 1.5707963268e+00 -4.7471058153e+00
4.2299097537e-04 3.2709258320e+04 1.5707963268e+00 -4.7476645292e+00
4.2310961021e-04 3.2729974167e+04 1.5707963268e+00 -4.7482225350e+00
4.2322821708e-04 3.2750696057e+04 1.5707963268e+00 -4.7487798341e+00
4.2334679605e-04 3.2771423979e+04 1.5707963268e+00 -4.7493364275e+00
4.2346534713e-04 3.2792157926e+04 1.5707963268e+00 -4.7498923164e+00
4.2358387039e-04 3.2812897889e+04 1.5707963268e+00 -4.7504475018e+00
4.2370236584e-04 3.2833643859e+04 1.5707963268e+00 -4.7510019850e+00
4.2382083355e-04 3.2854395826e+04 1.5707963268e+00 -4.7515557670e+00
4.2393927354e-04 3.2875153783e+04 1.5707963268e+00 -4.7521088491e+00
4.2405768586e-04 3.2895917720e+04 1.5707963268e+00 -4.7526612322e+00
4.2417607054e-04 3.2916687628e+04 1.5707963268e+00 -4.7532129176e+00
4.2429442763e-04 3.2937463500e+04 1.5707963268e+00 -4.7537639063e+00
4.2441275717e-04 3.2958245325e+04 1.5707963268e+00 -4.7543141995e+00
4.2453105918e-04 3.2979033096e+04 1.5707963268e+00 -4.7548637982e+00
4.2464933373e-04 3.2999826804e+04 1.5707963268e+00 -4.7554127037e+00
4.2476758084e-04 3.3020626439e+04 1.5707963268e+00 -4.7559609170e+00
4.2488580055e-04 3.3041431994e+04 1.5707963268e+00 -4.7565084392e+00
4.2500399291e-04 3.3062243459e+04 1.5707963268e+00 -4.7570552714e+00
4.2512215794e-04 3.3083060827e+04 1.5707963268e+00 -4.7576014148e+00
4.2524029570e-04 3.3103884087e+04 1.5707963268e+00 -4.7581468705e+00
4.2535840622e-04 3.3124713232e+04 1.5707963268e+00 -4.7586916395e+00
4.2547648955e-04 3.3145548254e+04 1.5707963268e+00 -4.7592357230e+00
4.2559454570e-04 3.3166389142e+04 1.5707963268e+00 -4.7597791220e+00
4.2571257474e-04 3.3187235889e+04 1.5707963268e+00 -4.7603218376e+00
4.2583057670e-04 3.3208088487e+04 1.5707963268e+00 -4.7608638711e+00
4.2594855161e-04 3.3228946926e+04 1.5707963268e+00 -4.7614052233e+00
4.2606649951e-04 3.3249811198e+04 1.5707963268e+00 -4.7619458955e+00
4.2618442045e-04 3.3270681295e+04 1.5707963268e+00 -4.7624858888e+00
4.2630231446e-04 3.3291557208e+04 1.5707963268e+00 -4.7630252041e+00
4.2642018158e-04 3.3312438928e+04 1.5707963268e+00 -4.7635638427e+00
4.2653802185e-04 3.3333326447e+04 1.5707963268e+00 -4.7641018055e+00
4.2665583531e-04 3.3354219756e+04 1.5707963268e+00 -4.7646390938e+00
4.2677362199e-04 3.3375118848e+04 1.5707963268e+00 -4.7651757085e+00
4.2689138194e-04 3.3396023713e+04 1.5707963268e+00 -4.7657116507e+00
4.2700911518e-04 3.3416934343e+04 1.5707963268e+00 -4.7662469215e+00
4.2712682177e-04 3.3437850729e+04 1.5707963268e+00 -4.7667815220e+00
4.2724450174e-04 3.3458772864e+04 1.5707963268e+00 -4.7673154533e+00
4.2736215512e-04 3.3479700738e+04 1.5707963268e+00 -4.7678487164e+00
4.2747978196e-04 3.3500634344e+04 1.5707963268e+00 -4.7683813125e+00
4.2759738229e-04 3.3521573673e+04 1.5707963268e+00 -4.7689132425e+00
4.2771495615e-04 3.3542518716e+04 1.5707963268e+00 -4.7694445075e+00
4.2783250358e-04 3.3563469465e+04 1.5707963268e+00 -4.7699751087e+00
4.2795002461e-04 3.3584425913e+04 1.5707963268e+00 -4.7705050470e+00
4.2806751929e-04 3.3605388049e+04 1.5707963268e+00 -4.7710343236e+00
4.2818498765e-04 3.3626355867e+04 1.5707963268e+00 -4.7715629394e+00
4.2830242972e-04 3.3647329358e+04 1.5707963268e+00 -4.7720908956e+00
4.2841984555e-04 3.3668308513e+04 1.5707963268e+00 -4.7726181932e+00
4.2853723518e-04 3.3689293324e+04 1.5707963268e+00 -4.7731448333e+00
4.2865459863e-04 3.3710283784e+04 1.5707963268e+00 -4.7736708168e+00
4.2877193595e-04 3.3731279883e+04 1.5707963268e+00 -4.7741961450e+00
4.2888924718e-04 3.3752281613e+04 1.5707963268e+00 -4.7747208187e+00
4.2900653234e-04 3.3773288967e+04 1.5707963268e+00 -4.7752448391e+00
4.2912379149e-04 3.3794301936e+04 1.5707963268e+00 -4.7757682072e+00
4.2924102465e-04 3.3815320511e+04 1.5707963268e+00 -4.7762909240e+00
4.2935823186e-04 3.3836344685e+04 1.5707963268e+00 -4.7768129907e+00
4.2947541317e-04 3.3857374449e+04 1.5707963268e+00 -4.7773344081e+00
4.2959256859e-04 3.3878409796e+04 1.5707963268e+00 -4.7778551774e+00
4.2970969818e-04 3.3899450716e+04 1.5707963268e+00 -4.7783752997e+00
4.2982680197e-04 3.3920497202e+04 1.5707963268e+00 -4.7788947758e+00
4.2994388000e-04 3.3941549246e+04 1.5707963268e+00 -4.7794136069e+00
4.3006093230e-04 3.3962606840e+04 1.5707963268e+00 -4.7799317940e+00
4.3017795891e-04 3.3983669975e+04 1.5707963268e+00 -4.7804493382e+00
4.3029495986e-04 3.4004738643e+04 1.5707963268e+00 -4.7809662404e+00
4.3041193519e-04 3.4025812837e+04 1.5707963268e+00 -4.7814825016e+00
4.3052888494e-04 3.4046892548e+04 1.5707963268e+00 -4.7819981230e+00
4.3064580915e-04 3.4067977768e+04 1.5707963268e+00 -4.7825131055e+00
4.3076270784e-04 3.4089068489e+04 1.5707963268e+00 -4.7830274501e+00
4.3087958106e-04 3.4110164703e+04 1.5707963268e+00 -4.7835411579e+00
4.3099642884e-04 3.4131266402e+04 1.5707963268e+00 -4.7840542299e+00
4.3111325122e-04 3.4152373578e+04 1.5707963268e+00 -4.7845666671e+00
4.3123004823e-04 3.4173486223e+04 1.5707963268e+00 -4.7850784705e+00
4.3134681992e-04 3.4194604330e+04 1.5707963268e+00 -4.7855896411e+00
4.3146356630e-04 3.4215727889e+04 1.5707963268e+00 -4.7861001799e+00
4.3158028743e-04 3.4236856893e+04 1.5707963268e+00 -4.7866100879e+00
4.3169698334e-04 3.4257991334e+04 1.5707963268e+00 -4.7871193662e+00
4.3181365405e-04 3.4279131204e+04 1.5707963268e+00 -4.7876280158e+00
4.3193029962e-04 3.4300276496e+04 1.5707963268e+00 -4.7881360375e+00
4.3204692006e-04 3.4321427201e+04 1.5707963268e+00 -4.7886434326e+00
4.3216351543e-04 3.4342583311e+04 1.5707963268e+00 -4.7891502018e+00
4.3228008575e-04 3.4363744819e+04 1.5707963268e+00 -4.7896563464e+00
4.3239663105e-04 3.4384911717e+04 1.5707963268e+00 -4.7901618671e+00
4.3251315138e-04 3.4406083996e+04 1.5707963268e+00 -4.7906667651e+00
4.3262964677e-04 3.4427261649e+04 1.5707963268e+00 -4.7911710413e+00
4.3274611725e-04 3.4448444668e+04 1.5707963268e+00 -4.7916746968e+00
4.3286256286e-04 3.4469633045e+04 1.5707963268e+00 -4.7921777324e+00
4.3297898364e-04 3.4490826773e+04 1.5707963268e+00 -4.7926801492e+00
4.3309537961e-04 3.4512025844e+04 1.5707963268e+00 -4.7931819482e+00
4.3321175082e-04 3.4533230249e+04 1.5707963268e+00 -4.7936831304e+00
4.3332809729e-04 3.4554439981e+04 1.5707963268e+00 -4.7941836967e+00
4.3344441907e-04 3.4575655033e+04 1.5707963268e+00 -4.7946836481e+00
4.3356071618e-04 3.4596875396e+04 1.5707963268e+00 -4.7951829856e+00
4.3367698867e-04 3.4618101062e+04 1.5707963268e+00 -4.7956817102e+00
4.3379323656e-04 3.4639332025e+04 1.5707963268e+00 -4.7961798229e+00
4.3390945990e-04 3.4660568276e+04 1.5707963268e+00 -4.7966773246e+00
4.3402565870e-04 3.4681809808e+04 1.5707963268e+00 -4.7971742162e+00
4.3414183302e-04 3.4703056612e+04 1.5707963268e+00 -4.7976704989e+00
4.3425798288e-04 3.4724308682e+04 1.5707963268e+00 -4.7981661734e+00
4.3437410832e-04 3.4745566009e+04 1.5707963268e+00 -4.7986612409e+00
4.3449020937e-04 3.4766828586e+04 1.5707963268e+00 -4.7991557023e+00
4.3460628607e-04 3.4788096405e+04 1.5707963268e+00 -4.7996495584e+00
4.3472233844e-04 3.4809369459e+04 1.5707963268e+00 -4.8001428104e+00
4.3483836653e-04 3.4830647740e+04 1.5707963268e+00 -4.8006354591e+00
4.3495437037e-04 3.4851931240e+04 1.5707963268e+00 -4.8011275055e+00
4.3507034999e-04 3.4873219952e+04 1.5707963268e+00 -4.8016189506e+00
4.3518630542e-04 3.4894513867e+04 1.5707963268e+00 -4.8021097952e+00
4.3530223670e-04 3.4915812980e+04 1.5707963268e+00 -4.8026000405e+00
4.3541814387e-04 3.4937117281e+04 1.5707963268e+00 -4.8030896873e+00
4.3553402695e-04 3.4958426764e+04 1.5707963268e+00 -4.8035787365e+00
4.3564988598e-04 3.4979741421e+04 1.5707963268e+00 -4.8040671892e+00
4.3576572099e-04 3.5001061244e+04 1.5707963268e+00 -4.8045550463e+00
4.3588153202e-04 3.5022386226e+04 1.5707963268e+00 -4.8050423086e+00
4.3599731910e-04 3.5043716359e+04 1.5707963268e+00 -4.8055289772e+00
4.3611308226e-04 3.5065051637e+04 1.5707963268e+00 -4.8060150530e+00
4.3622882154e-04 3.5086392050e+04 1.5707963268e+00 -4.8065005370e+00
4.3634453697e-04 3.5107737592e+04 1.5707963268e+00 -4.8069854300e+00
4.3646022858e-04 3.5129088256e+04 1.5707963268e+00 -4.8074697330e+00
4.3657589641e-04 3.5150444034e+04 1.5707963268e+00 -4.8079534470e+00
4.3669154048e-04 3.5171804918e+04 1.5707963268e+00 -4.8084365728e+00
4.3680716084e-04 3.5193170902e+04 1.5707963268e+00 -4.8089191115e+00
4.3692275750e-04 3.5214541977e+04 1.5707963268e+00 -4.8094010639e+00
4.3703833052e-04 3.5235918136e+04 1.5707963268e+00 -4.8098824310e+00
4.3715387992e-04 3.5257299372e+04 1.5707963268e+00 -4.8103632136e+00
4.3726940573e-04 3.5278685678e+04 1.5707963268e+00 -4.8108434128e+00
4.3738490798e-04 3.5300077046e+04 1.5707963268e+00 -4.8113230294e+00
4.3750038671e-04 3.5321473469e+04 1.5707963268e+00 -4.8118020644e+00
4.3761584195e-04 3.5342874939e+04 1.5707963268e+00 -4.8122805187e+00
4.3773127374e-04 3.5364281449e+04 1.5707963268e+00 -4.8127583932e+00
4.3784668210e-04 3.5385692992e+04 1.5707963268e+00 -4.8132356888e+00
4.3796206707e-04 3.5407109561e+04 1.5707963268e+00 -4.8137124064e+00
4.3807742867e-04 3.5428531148e+04 1.5707963268e+00 -4.8141885470e+00
4.3819276695e-04 3.5449957745e+04 1.5707963268e+00 -4.8146641114e+00
4.3830808193e-04 3.5471389346e+04 1.5707963268e+00 -4.8151391007e+00
