0.0000000000e+00 1.3393406796e+04 1.5707963268e+00 0.0000000000e+00
2.5454630637e-07 1.3393406796e+04 1.5707963268e+00 3.3112582781e-03
5.0909261274e-07 1.3393407769e+04 1.5707963268e+00 6.6225165563e-03
7.6363888286e-07 1.3393409714e+04 1.5707963268e+00 9.9337743536e-03
1.0181850805e-06 1.3393412632e+04 1.5707963268e+00 1.3245031189e-02
1.2727311694e-06 1.3393416522e+04 1.5707963268e+00 1.6556286582e-02
1.5272771134e-06 1.3393421384e+04 1.5707963268e+00 1.9867540051e-02
1.7818228761e-06 1.3393427220e+04 1.5707963268e+00 2.3178791116e-02
2.0363684214e-06 1.3393434028e+04 1.5707963268e+00 2.6490039296e-02
2.2909137130e-06 1.3393441809e+04 1.5707963268e+00 2.9801284109e-02
2.5454587146e-06 1.3393450562e+04 1.5707963268e+00 3.3112525075e-02
2.8000033901e-06 1.3393460289e+04 1.5707963268e+00 3.6423761713e-02
3.0545477030e-06 1.3393470988e+04 1.5707963268e+00 3.9734993542e-02
3.3090916173e-06 1.3393482661e+04 1.5707963268e+00 4.3046220080e-02
3.5636350966e-06 1.3393495306e+04 1.5707963268e+00 4.6357440846e-02
3.8181781047e-06 1.3393508926e+04 1.5707963268e+00 4.9668655360e-02
4.0727206052e-06 1.3393523518e+04 1.5707963268e+00 5.2979863140e-02
4.3272625620e-06 1.3393539084e+04 1.5707963268e+00 5.6291063704e-02
4.5818039388e-06 1.3393555624e+04 1.5707963268e+00 5.9602256572e-02
4.8363446992e-06 1.3393573138e+04 1.5707963268e+00 6.2913441262e-02
5.0908848070e-06 1.3393591626e+04 1.5707963268e+00 6.6224617292e-02
5.3454242258e-06 1.3393611089e+04 1.5707963268e+00 6.9535784180e-02
5.5999629195e-06 1.3393631525e+04 1.5707963268e+00 7.2846941446e-02
5.8545008516e-06 1.3393652937e+04 1.5707963268e+00 7.6158088607e-02
6.1090379859e-06 1.3393675323e+04 1.5707963268e+00 7.9469225181e-02
6.3635742861e-06 1.3393698685e+04 1.5707963268e+00 8.2780350687e-02
6.6181097158e-06 1.3393723022e+04 1.5707963268e+00 8.6091464642e-02
6.8726442387e-06 1.3393748335e+04 1.5707963268e+00 8.9402566565e-02
7.1271778184e-06 1.3393774623e+04 1.5707963268e+00 9.2713655971e-02
7.3817104186e-06 1.3393801888e+04 1.5707963268e+00 9.6024732381e-02
7.6362420030e-06 1.3393830129e+04 1.5707963268e+00 9.9335795310e-02
7.8907725351e-06 1.3393859347e+04 1.5707963268e+00 1.0264684428e-01
8.1453019786e-06 1.3393889542e+04 1.5707963268e+00 1.0595787880e-01
8.3998302971e-06 1.3393920714e+04 1.5707963268e+00 1.0926889839e-01
8.6543574543e-06 1.3393952864e+04 1.5707963268e+00 1.1257990257e-01
8.9088834136e-06 1.3393985992e+04 1.5707963268e+00 1.1589089085e-01
9.1634081386e-06 1.3394020099e+04 1.5707963268e+00 1.1920186276e-01
9.4179315930e-06 1.3394055184e+04 1.5707963268e+00 1.2251281780e-01
9.6724537404e-06 1.3394091248e+04 1.5707963268e+00 1.2582375550e-01
9.9269745441e-06 1.3394128291e+04 1.5707963268e+00 1.2913467537e-01
1.0181493968e-05 1.3394166315e+04 1.5707963268e+00 1.3244557693e-01
1.0436011975e-05 1.3394205318e+04 1.5707963268e+00 1.3575645968e-01
1.0690528529e-05 1.3394245303e+04 1.5707963268e+00 1.3906732316e-01
1.0945043594e-05 1.3394286268e+04 1.5707963268e+00 1.4237816686e-01
1.1199557133e-05 1.3394328215e+04 1.5707963268e+00 1.4568899032e-01
1.1454069109e-05 1.3394371143e+04 1.5707963268e+00 1.4899979304e-01
1.1708579486e-05 1.3394415054e+04 1.5707963268e+00 1.5231057453e-01
1.1963088227e-05 1.3394459948e+04 1.5707963268e+00 1.5562133432e-01
1.2217595296e-05 1.3394505825e+04 1.5707963268e+00 1.5893207192e-01
1.2472100657e-05 1.3394552686e+04 1.5707963268e+00 1.6224278683e-01
1.2726604272e-05 1.3394600532e+04 1.5707963268e+00 1.6555347859e-01
1.2981106104e-05 1.3394649361e+04 1.5707963268e+00 1.6886414668e-01
1.3235606118e-05 1.3394699177e+04 1.5707963268e+00 1.7217479065e-01
1.3490104277e-05 1.3394749978e+04 1.5707963268e+00 1.7548540998e-01
1.3744600544e-05 1.3394801765e+04 1.5707963268e+00 1.7879600421e-01
1.3999094882e-05 1.3394854539e+04 1.5707963268e+00 1.8210657283e-01
1.4253587254e-05 1.3394908301e+04 1.5707963268e+00 1.8541711537e-01
1.4508077625e-05 1.3394963050e+04 1.5707963268e+00 1.8872763134e-01
1.4762565956e-05 1.3395018788e+04 1.5707963268e+00 1.9203812024e-01
1.5017052212e-05 1.3395075515e+04 1.5707963268e+00 1.9534858159e-01
1.5271536355e-05 1.3395133232e+04 1.5707963268e+00 1.9865901490e-01
1.5526018349e-05 1.3395191940e+04 1.5707963268e+00 2.0196941969e-01
1.5780498157e-05 1.3395251638e+04 1.5707963268e+00 2.0527979546e-01
1.6034975742e-05 1.3395312328e+04 1.5707963268e+00 2.0859014172e-01
1.6289451068e-05 1.3395374010e+04 1.5707963268e+00 2.1190045798e-01
1.6543924096e-05 1.3395436685e+04 1.5707963268e+00 2.1521074376e-01
1.6798394791e-05 1.3395500353e+04 1.5707963268e+00 2.1852099856e-01
1.7052863116e-05 1.3395565015e+04 1.5707963268e+00 2.2183122189e-01
1.7307329033e-05 1.3395630673e+04 1.5707963268e+00 2.2514141327e-01
1.7561792506e-05 1.3395697326e+04 1.5707963268e+00 2.2845157220e-01
1.7816253497e-05 1.3395764975e+04 1.5707963268e+00 2.3176169818e-01
1.8070711970e-05 1.3395833621e+04 1.5707963268e+00 2.3507179073e-01
1.8325167887e-05 1.3395903265e+04 1.5707963268e+00 2.3838184936e-01
1.8579621212e-05 1.3395973907e+04 1.5707963268e+00 2.4169187357e-01
1.8834071907e-05 1.3396045549e+04 1.5707963268e+00 2.4500186287e-01
1.9088519936e-05 1.3396118190e+04 1.5707963268e+00 2.4831181677e-01
1.9342965261e-05 1.3396191832e+04 1.5707963268e+00 2.5162173477e-01
1.9597407844e-05 1.3396266476e+04 1.5707963268e+00 2.5493161638e-01
1.9851847650e-05 1.3396342121e+04 1.5707963268e+00 2.5824146110e-01
2.0106284640e-05 1.3396418770e+04 1.5707963268e+00 2.6155126844e-01
2.0360718777e-05 1.3396496423e+04 1.5707963268e+00 2.6486103791e-01
2.0615150025e-05 1.3396575080e+04 1.5707963268e+00 2.6817076901e-01
2.0869578345e-05 1.3396654742e+04 1.5707963268e+00 2.7148046124e-01
2.1124003701e-05 1.3396735411e+04 1.5707963268e+00 2.7479011411e-01
2.1378426055e-05 1.3396817088e+04 1.5707963268e+00 2.7809972712e-01
2.1632845370e-05 1.3396899772e+04 1.5707963268e+00 2.8140929978e-01
2.1887261608e-05 1.3396983465e+04 1.5707963268e+00 2.8471883158e-01
2.2141674732e-05 1.3397068168e+04 1.5707963268e+00 2.8802832204e-01
2.2396084705e-05 1.3397153881e+04 1.5707963268e+00 2.9133777064e-01
2.2650491488e-05 1.3397240606e+04 1.5707963268e+00 2.9464717690e-01
2.2904895045e-05 1.3397328344e+04 1.5707963268e+00 2.9795654031e-01
2.3159295338e-05 1.3397417095e+04 1.5707963268e+00 3.0126586037e-01
2.3413692330e-05 1.3397506860e+04 1.5707963268e+00 3.0457513659e-01
2.3668085982e-05 1.3397597641e+04 1.5707963268e+00 3.0788436846e-01
2.3922476258e-05 1.3397689438e+04 1.5707963268e+00 3.1119355549e-01
2.4176863119e-05 1.3397782252e+04 1.5707963268e+00 3.1450269717e-01
2.4431246527e-05 1.3397876084e+04 1.5707963268e+00 3.1781179300e-01
2.4685626446e-05 1.3397970935e+04 1.5707963268e+00 3.2112084248e-01
2.4940002837e-05 1.3398066807e+04 1.5707963268e+00 3.2442984511e-01
2.5194375663e-05 1.3398163700e+04 1.5707963268e+00 3.2773880038e-01
2.5448744885e-05 1.3398261615e+04 1.5707963268e+00 3.3104770779e-01
2.5703110466e-05 1.3398360553e+04 1.5707963268e+00 3.3435656684e-01
2.5957472368e-05 1.3398460515e+04 1.5707963268e+00 3.3766537702e-01
2.6211830553e-05 1.3398561503e+04 1.5707963268e+00 3.4097413782e-01
2.6466184983e-05 1.3398663517e+04 1.5707963268e+00 3.4428284875e-01
2.6720535620e-05 1.3398766559e+04 1.5707963268e+00 3.4759150930e-01
2.6974882426e-05 1.3398870629e+04 1.5707963268e+00 3.5090011895e-01
2.7229225363e-05 1.3398975729e+04 1.5707963268e+00 3.5420867721e-01
2.7483564393e-05 1.3399081859e+04 1.5707963268e+00 3.5751718356e-01
2.7737899478e-05 1.3399189022e+04 1.5707963268e+00 3.6082563750e-01
2.7992230579e-05 1.3399297217e+04 1.5707963268e+00 3.6413403853e-01
2.8246557659e-05 1.3399406447e+04 1.5707963268e+00 3.6744238612e-01
2.8500880678e-05 1.3399516712e+04 1.5707963268e+00 3.7075067977e-01
2.8755199600e-05 1.3399628013e+04 1.5707963268e+00 3.7405891898e-01
2.9009514385e-05 1.3399740352e+04 1.5707963268e+00 3.7736710322e-01
2.9263824995e-05 1.3399853730e+04 1.5707963268e+00 3.8067523200e-01
2.9518131392e-05 1.3399968148e+04 1.5707963268e+00 3.8398330479e-01
2.9772433537e-05 1.3400083607e+04 1.5707963268e+00 3.8729132109e-01
3.0026731392e-05 1.3400200109e+04 1.5707963268e+00 3.9059928039e-01
3.0281024918e-05 1.3400317654e+04 1.5707963268e+00 3.9390718216e-01
3.0535314077e-05 1.3400436244e+04 1.5707963268e+00 3.9721502590e-01
3.0789598830e-05 1.3400555880e+04 1.5707963268e+00 4.0052281110e-01
3.1043879139e-05 1.3400676563e+04 1.5707963268e+00 4.0383053723e-01
3.1298154965e-05 1.3400798296e+04 1.5707963268e+00 4.0713820379e-01
3.1552426269e-05 1.3400921078e+04 1.5707963268e+00 4.1044581025e-01
3.1806693012e-05 1.3401044911e+04 1.5707963268e+00 4.1375335610e-01
3.2060955155e-05 1.3401169797e+04 1.5707963268e+00 4.1706084082e-01
3.2315212661e-05 1.3401295737e+04 1.5707963268e+00 4.2036826390e-01
3.2569465489e-05 1.3401422732e+04 1.5707963268e+00 4.2367562481e-01
3.2823713602e-05 1.3401550784e+04 1.5707963268e+00 4.2698292304e-01
3.3077956959e-05 1.3401679894e+04 1.5707963268e+00 4.3029015806e-01
3.3332195522e-05 1.3401810062e+04 1.5707963268e+00 4.3359732937e-01
3.3586429252e-05 1.3401941292e+04 1.5707963268e+00 4.3690443642e-01
3.3840658110e-05 1.3402073583e+04 1.5707963268e+00 4.4021147872e-01
3.4094882057e-05 1.3402206938e+04 1.5707963268e+00 4.4351845572e-01
3.4349101053e-05 1.3402341358e+04 1.5707963268e+00 4.4682536691e-01
3.4603315059e-05 1.3402476844e+04 1.5707963268e+00 4.5013221177e-01
3.4857524037e-05 1.3402613397e+04 1.5707963268e+00 4.5343898977e-01
3.5111727945e-05 1.3402751020e+04 1.5707963268e+00 4.5674570039e-01
3.5365926747e-05 1.3402889713e+04 1.5707963268e+00 4.6005234310e-01
3.5620120401e-05 1.3403029478e+04 1.5707963268e+00 4.6335891737e-01
3.5874308868e-05 1.3403170316e+04 1.5707963268e+00 4.6666542269e-01
3.6128492109e-05 1.3403312230e+04 1.5707963268e+00 4.6997185851e-01
3.6382670085e-05 1.3403455220e+04 1.5707963268e+00 4.7327822431e-01
3.6636842755e-05 1.3403599288e+04 1.5707963268e+00 4.7658451957e-01
3.6891010080e-05 1.3403744435e+04 1.5707963268e+00 4.7989074375e-01
3.7145172021e-05 1.3403890663e+04 1.5707963268e+00 4.8319689633e-01
3.7399328537e-05 1.3404037974e+04 1.5707963268e+00 4.8650297677e-01
3.7653479589e-05 1.3404186369e+04 1.5707963268e+00 4.8980898454e-01
3.7907625136e-05 1.3404335850e+04 1.5707963268e+00 4.9311491911e-01
3.8161765140e-05 1.3404486418e+04 1.5707963268e+00 4.9642077995e-01
3.8415899560e-05 1.3404638074e+04 1.5707963268e+00 4.9972656651e-01
3.8670028356e-05 1.3404790821e+04 1.5707963268e+00 5.0303227828e-01
3.8924151488e-05 1.3404944660e+04 1.5707963268e+00 5.0633791471e-01
3.9178268916e-05 1.3405099593e+04 1.5707963268e+00 5.0964347526e-01
3.9432380599e-05 1.3405255621e+04 1.5707963268e+00 5.1294895940e-01
3.9686486498e-05 1.3405412746e+04 1.5707963268e+00 5.1625436660e-01
3.9940586572e-05 1.3405570969e+04 1.5707963268e+00 5.1955969631e-01
4.0194680781e-05 1.3405730293e+04 1.5707963268e+00 5.2286494799e-01
4.0448769085e-05 1.3405890719e+04 1.5707963268e+00 5.2617012111e-01
4.0702851443e-05 1.3406052248e+04 1.5707963268e+00 5.2947521512e-01
4.0956927814e-05 1.3406214882e+04 1.5707963268e+00 5.3278022949e-01
4.1210998158e-05 1.3406378624e+04 1.5707963268e+00 5.3608516367e-01
4.1465062436e-05 1.3406543474e+04 1.5707963268e+00 5.3939001711e-01
4.1719120604e-05 1.3406709434e+04 1.5707963268e+00 5.4269478928e-01
4.1973172625e-05 1.3406876507e+04 1.5707963268e+00 5.4599947963e-01
4.2227218455e-05 1.3407044694e+04 1.5707963268e+00 5.4930408761e-01
4.2481258055e-05 1.3407213997e+04 1.5707963268e+00 5.5260861269e-01
4.2735291384e-05 1.3407384417e+04 1.5707963268e+00 5.5591305430e-01
4.2989318401e-05 1.3407555956e+04 1.5707963268e+00 5.5921741191e-01
4.3243339064e-05 1.3407728616e+04 1.5707963268e+00 5.6252168496e-01
4.3497353334e-05 1.3407902400e+04 1.5707963268e+00 5.6582587291e-01
4.3751361168e-05 1.3408077308e+04 1.5707963268e+00 5.6912997521e-01
4.4005362525e-05 1.3408253343e+04 1.5707963268e+00 5.7243399130e-01
4.4259357365e-05 1.3408430506e+04 1.5707963268e+00 5.7573792064e-01
4.4513345646e-05 1.3408608799e+04 1.5707963268e+00 5.7904176266e-01
4.4767327327e-05 1.3408788225e+04 1.5707963268e+00 5.8234551682e-01
4.5021302366e-05 1.3408968784e+04 1.5707963268e+00 5.8564918257e-01
4.5275270722e-05 1.3409150480e+04 1.5707963268e+00 5.8895275934e-01
4.5529232354e-05 1.3409333314e+04 1.5707963268e+00 5.9225624658e-01
4.5783187219e-05 1.3409517287e+04 1.5707963268e+00 5.9555964373e-01
4.6037135276e-05 1.3409702402e+04 1.5707963268e+00 5.9886295025e-01
4.6291076484e-05 1.3409888661e+04 1.5707963268e+00 6.0216616556e-01
4.6545010801e-05 1.3410076065e+04 1.5707963268e+00 6.0546928910e-01
4.6798938184e-05 1.3410264617e+04 1.5707963268e+00 6.0877232033e-01
4.7052858593e-05 1.3410454318e+04 1.5707963268e+00 6.1207525867e-01
4.7306771985e-05 1.3410645171e+04 1.5707963268e+00 6.1537810356e-01
4.7560678318e-05 1.3410837178e+04 1.5707963268e+00 6.1868085445e-01
4.7814577549e-05 1.3411030340e+04 1.5707963268e+00 6.2198351076e-01
4.8068469638e-05 1.3411224660e+04 1.5707963268e+00 6.2528607193e-01
4.8322354542e-05 1.3411420139e+04 1.5707963268e+00 6.2858853739e-01
4.8576232217e-05 1.3411616781e+04 1.5707963268e+00 6.3189090658e-01
4.8830102623e-05 1.3411814586e+04 1.5707963268e+00 6.3519317894e-01
4.9083965717e-05 1.3412013556e+04 1.5707963268e+00 6.3849535388e-01
4.9337821456e-05 1.3412213695e+04 1.5707963268e+00 6.4179743085e-01
4.9591669798e-05 1.3412415004e+04 1.5707963268e+00 6.4509940926e-01
4.9845510699e-05 1.3412617485e+04 1.5707963268e+00 6.4840128855e-01
5.0099344119e-05 1.3412821140e+04 1.5707963268e+00 6.5170306816e-01
5.0353170013e-05 1.3413025972e+04 1.5707963268e+00 6.5500474749e-01
5.0606988339e-05 1.3413231982e+04 1.5707963268e+00 6.5830632598e-01
5.0860799054e-05 1.3413439173e+04 1.5707963268e+00 6.6160780305e-01
5.1114602115e-05 1.3413647547e+04 1.5707963268e+00 6.6490917813e-01
5.1368397480e-05 1.3413857106e+04 1.5707963268e+00 6.6821045064e-01
5.1622185104e-05 1.3414067852e+04 1.5707963268e+00 6.7151162000e-01
5.1875964946e-05 1.3414279787e+04 1.5707963268e+00 6.7481268562e-01
5.2129736962e-05 1.3414492915e+04 1.5707963268e+00 6.7811364694e-01
5.2383501108e-05 1.3414707236e+04 1.5707963268e+00 6.8141450336e-01
5.2637257341e-05 1.3414922754e+04 1.5707963268e+00 6.8471525431e-01
5.2891005618e-05 1.3415139469e+04 1.5707963268e+00 6.8801589921e-01
5.3144745895e-05 1.3415357386e+04 1.5707963268e+00 6.9131643745e-01
5.3398478129e-05 1.3415576506e+04 1.5707963268e+00 6.9461686848e-01
5.3652202276e-05 1.3415796831e+04 1.5707963268e+00 6.9791719168e-01
5.3905918292e-05 1.3416018363e+04 1.5707963268e+00 7.0121740648e-01
5.4159626134e-05 1.3416241106e+04 1.5707963268e+00 7.0451751229e-01
5.4413325758e-05 1.3416465060e+04 1.5707963268e+00 7.0781750852e-01
5.4667017119e-05 1.3416690230e+04 1.5707963268e+00 7.1111739458e-01
5.4920700175e-05 1.3416916616e+04 1.5707963268e+00 7.1441716987e-01
5.5174374880e-05 1.3417144222e+04 1.5707963268e+00 7.1771683381e-01
5.5428041191e-05 1.3417373049e+04 1.5707963268e+00 7.2101638579e-01
5.5681699064e-05 1.3417603101e+04 1.5707963268e+00 7.2431582523e-01
5.5935348453e-05 1.3417834379e+04 1.5707963268e+00 7.2761515152e-01
5.6188989316e-05 1.3418066885e+04 1.5707963268e+00 7.3091436408e-01
5.6442621607e-05 1.3418300624e+04 1.5707963268e+00 7.3421346229e-01
5.6696245281e-05 1.3418535596e+04 1.5707963268e+00 7.3751244557e-01
5.6949860295e-05 1.3418771804e+04 1.5707963268e+00 7.4081131331e-01
5.7203466604e-05 1.3419009251e+04 1.5707963268e+00 7.4411006490e-01
5.7457064162e-05 1.3419247940e+04 1.5707963268e+00 7.4740869976e-01
5.7710652926e-05 1.3419487872e+04 1.5707963268e+00 7.5070721726e-01
5.7964232849e-05 1.3419729050e+04 1.5707963268e+00 7.5400561681e-01
5.8217803888e-05 1.3419971477e+04 1.5707963268e+00 7.5730389781e-01
5.8471365996e-05 1.3420215156e+04 1.5707963268e+00 7.6060205963e-01
5.8724919130e-05 1.3420460088e+04 1.5707963268e+00 7.6390010168e-01
5.8978463244e-05 1.3420706276e+04 1.5707963268e+00 7.6719802335e-01
5.9231998292e-05 1.3420953724e+04 1.5707963268e+00 7.7049582402e-01
5.9485524228e-05 1.3421202433e+04 1.5707963268e+00 7.7379350308e-01
5.9739041009e-05 1.3421452406e+04 1.5707963268e+00 7.7709105992e-01
5.9992548588e-05 1.3421703646e+04 1.5707963268e+00 7.8038849392e-01
6.0246046919e-05 1.3421956156e+04 1.5707963268e+00 7.8368580448e-01
6.0499535957e-05 1.3422209937e+04 1.5707963268e+00 7.8698299096e-01
6.0753015656e-05 1.3422464993e+04 1.5707963268e+00 7.9028005276e-01
6.1006485970e-05 1.3422721327e+04 1.5707963268e+00 7.9357698926e-01
6.1259946853e-05 1.3422978940e+04 1.5707963268e+00 7.9687379983e-01
6.1513398259e-05 1.3423237836e+04 1.5707963268e+00 8.0017048385e-01
6.1766840143e-05 1.3423498018e+04 1.5707963268e+00 8.0346704070e-01
6.2020272457e-05 1.3423759487e+04 1.5707963268e+00 8.0676346976e-01
6.2273695156e-05 1.3424022248e+04 1.5707963268e+00 8.1005977040e-01
6.2527108193e-05 1.3424286302e+04 1.5707963268e+00 8.1335594199e-01
6.2780511522e-05 1.3424551652e+04 1.5707963268e+00 8.1665198391e-01
6.3033905096e-05 1.3424818302e+04 1.5707963268e+00 8.1994789553e-01
6.3287288869e-05 1.3425086253e+04 1.5707963268e+00 8.2324367622e-01
6.3540662794e-05 1.3425355509e+04 1.5707963268e+00 8.2653932534e-01
6.3794026823e-05 1.3425626073e+04 1.5707963268e+00 8.2983484227e-01
6.4047380912e-05 1.3425897947e+04 1.5707963268e+00 8.3313022636e-01
6.4300725011e-05 1.3426171134e+04 1.5707963268e+00 8.3642547699e-01
6.4554059075e-05 1.3426445637e+04 1.5707963268e+00 8.3972059352e-01
6.4807383056e-05 1.3426721459e+04 1.5707963268e+00 8.4301557531e-01
6.5060696906e-05 1.3426998602e+04 1.5707963268e+00 8.4631042172e-01
6.5314000580e-05 1.3427277070e+04 1.5707963268e+00 8.4960513211e-01
6.5567294028e-05 1.3427556866e+04 1.5707963268e+00 8.5289970584e-01
6.5820577204e-05 1.3427837992e+04 1.5707963268e+00 8.5619414227e-01
6.6073850061e-05 1.3428120451e+04 1.5707963268e+00 8.5948844075e-01
6.6327112550e-05 1.3428404247e+04 1.5707963268e+00 8.6278260063e-01
6.6580364623e-05 1.3428689382e+04 1.5707963268e+00 8.6607662128e-01
6.6833606234e-05 1.3428975859e+04 1.5707963268e+00 8.6937050204e-01
6.7086837333e-05 1.3429263681e+04 1.5707963268e+00 8.7266424225e-01
6.7340057874e-05 1.3429552851e+04 1.5707963268e+00 8.7595784128e-01
6.7593267807e-05 1.3429843373e+04 1.5707963268e+00 8.7925129847e-01
6.7846467084e-05 1.3430135249e+04 1.5707963268e+00 8.8254461317e-01
6.8099655658e-05 1.3430428482e+04 1.5707963268e+00 8.8583778471e-01
6.8352833480e-05 1.3430723075e+04 1.5707963268e+00 8.8913081245e-01
6.8606000501e-05 1.3431019032e+04 1.5707963268e+00 8.9242369572e-01
6.8859156673e-05 1.3431316355e+04 1.5707963268e+00 8.9571643387e-01
6.9112301947e-05 1.3431615047e+04 1.5707963268e+00 8.9900902624e-01
6.9365436275e-05 1.3431915112e+04 1.5707963268e+00 9.0230147217e-01
6.9618559607e-05 1.3432216553e+04 1.5707963268e+00 9.0559377098e-01
6.9871671894e-05 1.3432519373e+04 1.5707963268e+00 9.0888592203e-01
7.0124773088e-05 1.3432823575e+04 1.5707963268e+00 9.1217792463e-01
7.0377863139e-05 1.3433129161e+04 1.5707963268e+00 9.1546977813e-01
7.0630941999e-05 1.3433436137e+04 1.5707963268e+00 9.1876148186e-01
7.0884009617e-05 1.3433744503e+04 1.5707963268e+00 9.2205303514e-01
7.1137065944e-05 1.3434054265e+04 1.5707963268e+00 9.2534443730e-01
7.1390110931e-05 1.3434365424e+04 1.5707963268e+00 9.2863568767e-01
7.1643144529e-05 1.3434677984e+04 1.5707963268e+00 9.3192678559e-01
7.1896166686e-05 1.3434991949e+04 1.5707963268e+00 9.3521773036e-01
7.2149177355e-05 1.3435307322e+04 1.5707963268e+00 9.3850852131e-01
7.2402176484e-05 1.3435624105e+04 1.5707963268e+00 9.4179915777e-01
7.2655164023e-05 1.3435942303e+04 1.5707963268e+00 9.4508963905e-01
7.2908139924e-05 1.3436261918e+04 1.5707963268e+00 9.4837996448e-01
7.3161104134e-05 1.3436582953e+04 1.5707963268e+00 9.5167013336e-01
7.3414056605e-05 1.3436905413e+04 1.5707963268e+00 9.5496014502e-01
7.3666997285e-05 1.3437229301e+04 1.5707963268e+00 9.5824999877e-01
7.3919926124e-05 1.3437554619e+04 1.5707963268e+00 9.6153969391e-01
7.4172843071e-05 1.3437881372e+04 1.5707963268e+00 9.6482922977e-01
7.4425748076e-05 1.3438209562e+04 1.5707963268e+00 9.6811860565e-01
7.4678641088e-05 1.3438539193e+04 1.5707963268e+00 9.7140782086e-01
7.4931522056e-05 1.3438870268e+04 1.5707963268e+00 9.7469687470e-01
7.5184390929e-05 1.3439202791e+04 1.5707963268e+00 9.7798576649e-01
7.5437247656e-05 1.3439536765e+04 1.5707963268e+00 9.8127449552e-01
7.5690092185e-05 1.3439872194e+04 1.5707963268e+00 9.8456306109e-01
7.5942924465e-05 1.3440209082e+04 1.5707963268e+00 9.8785146251e-01
7.6195744445e-05 1.3440547430e+04 1.5707963268e+00 9.9113969907e-01
7.6448552074e-05 1.3440887244e+04 1.5707963268e+00 9.9442777007e-01
7.6701347298e-05 1.3441228527e+04 1.5707963268e+00 9.9771567481e-01
7.6954130068e-05 1.3441571282e+04 1.5707963268e+00 1.0010034126e+00
7.7206900331e-05 1.3441915512e+04 1.5707963268e+00 1.0042909827e+00
7.7459658034e-05 1.3442261222e+04 1.5707963268e+00 1.0075783844e+00
7.7712403127e-05 1.3442608415e+04 1.5707963268e+00 1.0108656170e+00
7.7965135556e-05 1.3442957094e+04 1.5707963268e+00 1.0141526798e+00
7.8217855270e-05 1.3443307263e+04 1.5707963268e+00 1.0174395721e+00
7.8470562216e-05 1.3443658925e+04 1.5707963268e+00 1.0207262931e+00
7.8723256341e-05 1.3444012085e+04 1.5707963268e+00 1.0240128422e+00
7.8975937594e-05 1.3444366746e+04 1.5707963268e+00 1.0272992186e+00
7.9228605920e-05 1.3444722911e+04 1.5707963268e+00 1.0305854217e+00
7.9481261268e-05 1.3445080585e+04 1.5707963268e+00 1.0338714506e+00
7.9733903585e-05 1.3445439770e+04 1.5707963268e+00 1.0371573047e+00
7.9986532817e-05 1.3445800471e+04 1.5707963268e+00 1.0404429832e+00
8.0239148911e-05 1.3446162692e+04 1.5707963268e+00 1.0437284854e+00
8.0491751815e-05 1.3446526435e+04 1.5707963268e+00 1.0470138106e+00
8.0744341474e-05 1.3446891706e+04 1.5707963268e+00 1.0502989580e+00
8.0996917835e-05 1.3447258506e+04 1.5707963268e+00 1.0535839270e+00
8.1249480845e-05 1.3447626842e+04 1.5707963268e+00 1.0568687168e+00
8.1502030450e-05 1.3447996715e+04 1.5707963268e+00 1.0601533266e+00
8.1754566596e-05 1.3448368130e+04 1.5707963268e+00 1.0634377557e+00
8.2007089229e-05 1.3448741091e+04 1.5707963268e+00 1.0667220034e+00
8.2259598295e-05 1.3449115602e+04 1.5707963268e+00 1.0700060690e+00
8.2512093741e-05 1.3449491666e+04 1.5707963268e+00 1.0732899516e+00
8.2764575511e-05 1.3449869287e+04 1.5707963268e+00 1.0765736506e+00
8.3017043551e-05 1.3450248470e+04 1.5707963268e+00 1.0798571652e+00
8.3269497807e-05 1.3450629217e+04 1.5707963268e+00 1.0831404947e+00
8.3521938225e-05 1.3451011534e+04 1.5707963268e+00 1.0864236382e+00
8.3774364749e-05 1.3451395423e+04 1.5707963268e+00 1.0897065952e+00
8.4026777325e-05 1.3451780890e+04 1.5707963268e+00 1.0929893647e+00
8.4279175897e-05 1.3452167937e+04 1.5707963268e+00 1.0962719461e+00
8.4531560411e-05 1.3452556569e+04 1.5707963268e+00 1.0995543386e+00
8.4783930812e-05 1.3452946790e+04 1.5707963268e+00 1.1028365414e+00
8.5036287044e-05 1.3453338603e+04 1.5707963268e+00 1.1061185539e+00
8.5288629052e-05 1.3453732014e+04 1.5707963268e+00 1.1094003751e+00
8.5540956780e-05 1.3454127025e+04 1.5707963268e+00 1.1126820044e+00
8.5793270173e-05 1.3454523641e+04 1.5707963268e+00 1.1159634411e+00
8.6045569175e-05 1.3454921866e+04 1.5707963268e+00 1.1192446842e+00
8.6297853730e-05 1.3455321704e+04 1.5707963268e+00 1.1225257331e+00
8.6550123781e-05 1.3455723160e+04 1.5707963268e+00 1.1258065870e+00
8.6802379274e-05 1.3456126236e+04 1.5707963268e+00 1.1290872451e+00
8.7054620151e-05 1.3456530938e+04 1.5707963268e+00 1.1323677067e+00
8.7306846357e-05 1.3456937269e+04 1.5707963268e+00 1.1356479710e+00
8.7559057834e-05 1.3457345234e+04 1.5707963268e+00 1.1389280371e+00
8.7811254527e-05 1.3457754837e+04 1.5707963268e+00 1.1422079044e+00
8.8063436378e-05 1.3458166082e+04 1.5707963268e+00 1.1454875720e+00
8.8315603331e-05 1.3458578973e+04 1.5707963268e+00 1.1487670392e+00
8.8567755328e-05 1.3458993515e+04 1.5707963268e+00 1.1520463051e+00
8.8819892314e-05 1.3459409711e+04 1.5707963268e+00 1.1553253691e+00
8.9072014229e-05 1.3459827567e+04 1.5707963268e+00 1.1586042302e+00
8.9324121018e-05 1.3460247085e+04 1.5707963268e+00 1.1618828878e+00
8.9576212623e-05 1.3460668271e+04 1.5707963268e+00 1.1651613409e+00
8.9828288985e-05 1.3461091129e+04 1.5707963268e+00 1.1684395889e+00
9.0080350048e-05 1.3461515663e+04 1.5707963268e+00 1.1717176310e+00
9.0332395754e-05 1.3461941878e+04 1.5707963268e+00 1.1749954662e+00
9.0584426044e-05 1.3462369777e+04 1.5707963268e+00 1.1782730939e+00
9.0836440861e-05 1.3462799366e+04 1.5707963268e+00 1.1815505133e+00
9.1088440146e-05 1.3463230648e+04 1.5707963268e+00 1.1848277234e+00
9.1340423841e-05 1.3463663628e+04 1.5707963268e+00 1.1881047236e+00
9.1592391888e-05 1.3464098310e+04 1.5707963268e+00 1.1913815130e+00
9.1844344228e-05 1.3464534699e+04 1.5707963268e+00 1.1946580909e+00
9.2096280803e-05 1.3464972800e+04 1.5707963268e+00 1.1979344563e+00
9.2348201553e-05 1.3465412616e+04 1.5707963268e+00 1.2012106086e+00
9.2600106419e-05 1.3465854152e+04 1.5707963268e+00 1.2044865468e+00
9.2851995343e-05 1.3466297413e+04 1.5707963268e+00 1.2077622701e+00
9.3103868266e-05 1.3466742403e+04 1.5707963268e+00 1.2110377778e+00
9.3355725128e-05 1.3467189127e+04 1.5707963268e+00 1.2143130691e+00
9.3607565869e-05 1.3467637590e+04 1.5707963268e+00 1.2175881430e+00
9.3859390430e-05 1.3468087795e+04 1.5707963268e+00 1.2208629988e+00
9.4111198752e-05 1.3468539747e+04 1.5707963268e+00 1.2241376357e+00
9.4362990774e-05 1.3468993452e+04 1.5707963268e+00 1.2274120528e+00
9.4614766436e-05 1.3469448913e+04 1.5707963268e+00 1.2306862493e+00
9.4866525679e-05 1.3469906135e+04 1.5707963268e+00 1.2339602243e+00
9.5118268442e-05 1.3470365124e+04 1.5707963268e+00 1.2372339771e+00
9.5369994665e-05 1.3470825882e+04 1.5707963268e+00 1.2405075067e+00
9.5621704287e-05 1.3471288416e+04 1.5707963268e+00 1.2437808125e+00
9.5873397248e-05 1.3471752730e+04 1.5707963268e+00 1.2470538934e+00
9.6125073486e-05 1.3472218829e+04 1.5707963268e+00 1.2503267487e+00
9.6376732942e-05 1.3472686717e+04 1.5707963268e+00 1.2535993776e+00
9.6628375554e-05 1.3473156399e+04 1.5707963268e+00 1.2568717791e+00
9.6880001261e-05 1.3473627880e+04 1.5707963268e+00 1.2601439525e+00
9.7131610001e-05 1.3474101165e+04 1.5707963268e+00 1.2634158968e+00
9.7383201713e-05 1.3474576258e+04 1.5707963268e+00 1.2666876113e+00
9.7634776337e-05 1.3475053164e+04 1.5707963268e+00 1.2699590951e+00
9.7886333809e-05 1.3475531888e+04 1.5707963268e+00 1.2732303473e+00
9.8137874068e-05 1.3476012436e+04 1.5707963268e+00 1.2765013670e+00
9.8389397052e-05 1.3476494811e+04 1.5707963268e+00 1.2797721535e+00
9.8640902699e-05 1.3476979019e+04 1.5707963268e+00 1.2830427058e+00
9.8892390948e-05 1.3477465064e+04 1.5707963268e+00 1.2863130231e+00
9.9143861734e-05 1.3477952952e+04 1.5707963268e+00 1.2895831045e+00
9.9395314997e-05 1.3478442687e+04 1.5707963268e+00 1.2928529491e+00
9.9646750673e-05 1.3478934275e+04 1.5707963268e+00 1.2961225561e+00
9.9898168700e-05 1.3479427720e+04 1.5707963268e+00 1.2993919246e+00
1.0014956901e-04 1.3479923027e+04 1.5707963268e+00 1.3026610538e+00
1.0040095155e-04 1.3480420202e+04 1.5707963268e+00 1.3059299427e+00
1.0065231625e-04 1.3480919249e+04 1.5707963268e+00 1.3091985904e+00
1.0090366305e-04 1.3481420173e+04 1.5707963268e+00 1.3124669962e+00
1.0115499189e-04 1.3481922980e+04 1.5707963268e+00 1.3157351591e+00
1.0140630269e-04 1.3482427674e+04 1.5707963268e+00 1.3190030781e+00
1.0165759540e-04 1.3482934261e+04 1.5707963268e+00 1.3222707525e+00
1.0190886996e-04 1.3483442746e+04 1.5707963268e+00 1.3255381814e+00
1.0216012629e-04 1.3483953133e+04 1.5707963268e+00 1.3288053638e+00
1.0241136434e-04 1.3484465428e+04 1.5707963268e+00 1.3320722988e+00
1.0266258404e-04 1.3484979637e+04 1.5707963268e+00 1.3353389856e+00
1.0291378533e-04 1.3485495764e+04 1.5707963268e+00 1.3386054233e+00
1.0316496814e-04 1.3486013814e+04 1.5707963268e+00 1.3418716109e+00
1.0341613241e-04 1.3486533793e+04 1.5707963268e+00 1.3451375476e+00
1.0366727807e-04 1.3487055706e+04 1.5707963268e+00 1.3484032325e+00
1.0391840506e-04 1.3487579558e+04 1.5707963268e+00 1.3516686646e+00
1.0416951331e-04 1.3488105354e+04 1.5707963268e+00 1.3549338430e+00
1.0442060275e-04 1.3488633101e+04 1.5707963268e+00 1.3581987668e+00
1.0467167333e-04 1.3489162802e+04 1.5707963268e+00 1.3614634352e+00
1.0492272498e-04 1.3489694464e+04 1.5707963268e+00 1.3647278471e+00
1.0517375762e-04 1.3490228091e+04 1.5707963268e+00 1.3679920017e+00
1.0542477120e-04 1.3490763689e+04 1.5707963268e+00 1.3712558981e+00
1.0567576565e-04 1.3491301264e+04 1.5707963268e+00 1.3745195353e+00
1.0592674090e-04 1.3491840821e+04 1.5707963268e+00 1.3777829124e+00
1.0617769688e-04 1.3492382364e+04 1.5707963268e+00 1.3810460284e+00
1.0642863354e-04 1.3492925901e+04 1.5707963268e+00 1.3843088826e+00
1.0667955080e-04 1.3493471435e+04 1.5707963268e+00 1.3875714738e+00
1.0693044859e-04 1.3494018973e+04 1.5707963268e+00 1.3908338012e+00
1.0718132686e-04 1.3494568520e+04 1.5707963268e+00 1.3940958639e+00
1.0743218552e-04 1.3495120082e+04 1.5707963268e+00 1.3973576608e+00
1.0768302452e-04 1.3495673664e+04 1.5707963268e+00 1.4006191911e+00
1.0793384379e-04 1.3496229271e+04 1.5707963268e+00 1.4038804539e+00
1.0818464326e-04 1.3496786910e+04 1.5707963268e+00 1.4071414481e+00
1.0843542287e-04 1.3497346585e+04 1.5707963268e+00 1.4104021728e+00
1.0868618254e-04 1.3497908302e+04 1.5707963268e+00 1.4136626271e+00
1.0893692220e-04 1.3498472068e+04 1.5707963268e+00 1.4169228101e+00
1.0918764180e-04 1.3499037887e+04 1.5707963268e+00 1.4201827207e+00
1.0943834125e-04 1.3499605765e+04 1.5707963268e+00 1.4234423580e+00
1.0968902050e-04 1.3500175708e+04 1.5707963268e+00 1.4267017210e+00
1.0993967947e-04 1.3500747722e+04 1.5707963268e+00 1.4299608088e+00
1.1019031810e-04 1.3501321811e+04 1.5707963268e+00 1.4332196205e+00
1.1044093631e-04 1.3501897983e+04 1.5707963268e+00 1.4364781550e+00
1.1069153405e-04 1.3502476243e+04 1.5707963268e+00 1.4397364114e+00
1.1094211123e-04 1.3503056596e+04 1.5707963268e+00 1.4429943887e+00
1.1119266779e-04 1.3503639048e+04 1.5707963268e+00 1.4462520859e+00
1.1144320366e-04 1.3504223606e+04 1.5707963268e+00 1.4495095021e+00
1.1169371877e-04 1.3504810274e+04 1.5707963268e+00 1.4527666363e+00
1.1194421305e-04 1.3505399059e+04 1.5707963268e+00 1.4560234874e+00
1.1219468643e-04 1.3505989967e+04 1.5707963268e+00 1.4592800546e+00
1.1244513884e-04 1.3506583003e+04 1.5707963268e+00 1.4625363368e+00
1.1269557021e-04 1.3507178173e+04 1.5707963268e+00 1.4657923331e+00
1.1294598048e-04 1.3507775484e+04 1.5707963268e+00 1.4690480424e+00
1.1319636956e-04 1.3508374941e+04 1.5707963268e+00 1.4723034637e+00
1.1344673739e-04 1.3508976550e+04 1.5707963268e+00 1.4755585962e+00
1.1369708390e-04 1.3509580317e+04 1.5707963268e+00 1.4788134386e+00
1.1394740902e-04 1.3510186248e+04 1.5707963268e+00 1.4820679902e+00
1.1419771267e-04 1.3510794350e+04 1.5707963268e+00 1.4853222497e+00
1.1444799479e-04 1.3511404627e+04 1.5707963268e+00 1.4885762164e+00
1.1469825531e-04 1.3512017087e+04 1.5707963268e+00 1.4918298890e+00
1.1494849414e-04 1.3512631735e+04 1.5707963268e+00 1.4950832667e+00
1.1519871123e-04 1.3513248577e+04 1.5707963268e+00 1.4983363484e+00
1.1544890649e-04 1.3513867620e+04 1.5707963268e+00 1.5015891332e+00
1.1569907986e-04 1.3514488869e+04 1.5707963268e+00 1.5048416198e+00
1.1594923127e-04 1.3515112331e+04 1.5707963268e+00 1.5080938075e+00
1.1619936063e-04 1.3515738012e+04 1.5707963268e+00 1.5113456951e+00
1.1644946789e-04 1.3516365918e+04 1.5707963268e+00 1.5145972816e+00
1.1669955296e-04 1.3516996055e+04 1.5707963268e+00 1.5178485659e+00
1.1694961578e-04 1.3517628430e+04 1.5707963268e+00 1.5210995471e+00
1.1719965627e-04 1.3518263048e+04 1.5707963268e+00 1.5243502242e+00
1.1744967436e-04 1.3518899917e+04 1.5707963268e+00 1.5276005960e+00
1.1769966997e-04 1.3519539042e+04 1.5707963268e+00 1.5308506615e+00
1.1794964303e-04 1.3520180429e+04 1.5707963268e+00 1.5341004198e+00
1.1819959347e-04 1.3520824085e+04 1.5707963268e+00 1.5373498697e+00
1.1844952122e-04 1.3521470017e+04 1.5707963268e+00 1.5405990102e+00
1.1869942619e-04 1.3522118230e+04 1.5707963268e+00 1.5438478402e+00
1.1894930832e-04 1.3522768731e+04 1.5707963268e+00 1.5470963588e+00
1.1919916753e-04 1.3523421526e+04 1.5707963268e+00 1.5503445648e+00
1.1944900375e-04 1.3524076623e+04 1.5707963268e+00 1.5535924572e+00
1.1969881690e-04 1.3524734026e+04 1.5707963268e+00 1.5568400350e+00
1.1994860691e-04 1.3525393743e+04 1.5707963268e+00 1.5600872970e+00
1.2019837371e-04 1.3526055781e+04 1.5707963268e+00 1.5633342422e+00
1.2044811721e-04 1.3526720145e+04 1.5707963268e+00 1.5665808696e+00
1.2069783734e-04 1.3527386843e+04 1.5707963268e+00 1.5698271780e+00
1.2094753403e-04 1.3528055880e+04 1.5707963268e+00 1.5730731664e+00
1.2119720721e-04 1.3528727263e+04 1.5707963268e+00 1.5763188338e+00
1.2144685678e-04 1.3529401000e+04 1.5707963268e+00 1.5795641790e+00
1.2169648269e-04 1.3530077096e+04 1.5707963268e+00 1.5828092009e+00
1.2194608486e-04 1.3530755558e+04 1.5707963268e+00 1.5860538986e+00
1.2219566320e-04 1.3531436393e+04 1.5707963268e+00 1.5892982708e+00
1.2244521764e-04 1.3532119607e+04 1.5707963268e+00 1.5925423165e+00
1.2269474811e-04 1.3532805208e+04 1.5707963268e+00 1.5957860346e+00
1.2294425453e-04 1.3533493202e+04 1.5707963268e+00 1.5990294241e+00
1.2319373682e-04 1.3534183595e+04 1.5707963268e+00 1.6022724837e+00
1.2344319490e-04 1.3534876394e+04 1.5707963268e+00 1.6055152125e+00
1.2369262870e-04 1.3535571607e+04 1.5707963268e+00 1.6087576093e+00
1.2394203814e-04 1.3536269239e+04 1.5707963268e+00 1.6119996730e+00
1.2419142315e-04 1.3536969298e+04 1.5707963268e+00 1.6152414025e+00
1.2444078363e-04 1.3537671791e+04 1.5707963268e+00 1.6184827967e+00
1.2469011953e-04 1.3538376724e+04 1.5707963268e+00 1.6217238545e+00
1.2493943075e-04 1.3539084104e+04 1.5707963268e+00 1.6249645748e+00
1.2518871723e-04 1.3539793939e+04 1.5707963268e+00 1.6282049564e+00
1.2543797888e-04 1.3540506234e+04 1.5707963268e+00 1.6314449982e+00
1.2568721562e-04 1.3541220998e+04 1.5707963268e+00 1.6346846991e+00
1.2593642738e-04 1.3541938236e+04 1.5707963268e+00 1.6379240580e+00
1.2618561407e-04 1.3542657957e+04 1.5707963268e+00 1.6411630737e+00
1.2643477563e-04 1.3543380166e+04 1.5707963268e+00 1.6444017452e+00
1.2668391196e-04 1.3544104872e+04 1.5707963268e+00 1.6476400712e+00
1.2693302299e-04 1.3544832080e+04 1.5707963268e+00 1.6508780506e+00
1.2718210864e-04 1.3545561799e+04 1.5707963268e+00 1.6541156824e+00
1.2743116883e-04 1.3546294034e+04 1.5707963268e+00 1.6573529653e+00
1.2768020348e-04 1.3547028794e+04 1.5707963268e+00 1.6605898982e+00
1.2792921250e-04 1.3547766085e+04 1.5707963268e+00 1.6638264799e+00
1.2817819583e-04 1.3548505915e+04 1.5707963268e+00 1.6670627094e+00
1.2842715338e-04 1.3549248291e+04 1.5707963268e+00 1.6702985853e+00
1.2867608507e-04 1.3549993219e+04 1.5707963268e+00 1.6735341067e+00
1.2892499082e-04 1.3550740708e+04 1.5707963268e+00 1.6767692723e+00
1.2917387054e-04 1.3551490764e+04 1.5707963268e+00 1.6800040810e+00
1.2942272416e-04 1.3552243394e+04 1.5707963268e+00 1.6832385316e+00
1.2967155159e-04 1.3552998607e+04 1.5707963268e+00 1.6864726229e+00
1.2992035276e-04 1.3553756408e+04 1.5707963268e+00 1.6897063537e+00
1.3016912758e-04 1.3554516807e+04 1.5707963268e+00 1.6929397229e+00
1.3041787597e-04 1.3555279809e+04 1.5707963268e+00 1.6961727294e+00
1.3066659785e-04 1.3556045422e+04 1.5707963268e+00 1.6994053718e+00
1.3091529314e-04 1.3556813653e+04 1.5707963268e+00 1.7026376491e+00
1.3116396175e-04 1.3557584511e+04 1.5707963268e+00 1.7058695600e+00
1.3141260360e-04 1.3558358002e+04 1.5707963268e+00 1.7091011034e+00
1.3166121861e-04 1.3559134135e+04 1.5707963268e+00 1.7123322781e+00
1.3190980670e-04 1.3559912915e+04 1.5707963268e+00 1.7155630828e+00
1.3215836778e-04 1.3560694351e+04 1.5707963268e+00 1.7187935164e+00
1.3240690177e-04 1.3561478451e+04 1.5707963268e+00 1.7220235776e+00
1.3265540859e-04 1.3562265222e+04 1.5707963268e+00 1.7252532654e+00
1.3290388815e-04 1.3563054671e+04 1.5707963268e+00 1.7284825784e+00
1.3315234038e-04 1.3563846806e+04 1.5707963268e+00 1.7317115154e+00
1.3340076518e-04 1.3564641635e+04 1.5707963268e+00 1.7349400753e+00
1.3364916247e-04 1.3565439165e+04 1.5707963268e+00 1.7381682568e+00
1.3389753217e-04 1.3566239404e+04 1.5707963268e+00 1.7413960587e+00
1.3414587419e-04 1.3567042360e+04 1.5707963268e+00 1.7446234797e+00
1.3439418846e-04 1.3567848040e+04 1.5707963268e+00 1.7478505188e+00
1.3464247487e-04 1.3568656452e+04 1.5707963268e+00 1.7510771745e+00
1.3489073336e-04 1.3569467603e+04 1.5707963268e+00 1.7543034457e+00
1.3513896384e-04 1.3570281503e+04 1.5707963268e+00 1.7575293312e+00
1.3538716621e-04 1.3571098157e+04 1.5707963268e+00 1.7607548298e+00
1.3563534040e-04 1.3571917575e+04 1.5707963268e+00 1.7639799401e+00
1.3588348631e-04 1.3572739764e+04 1.5707963268e+00 1.7672046609e+00
1.3613160387e-04 1.3573564731e+04 1.5707963268e+00 1.7704289910e+00
1.3637969299e-04 1.3574392486e+04 1.5707963268e+00 1.7736529292e+00
1.3662775357e-04 1.3575223034e+04 1.5707963268e+00 1.7768764742e+00
1.3687578555e-04 1.3576056386e+04 1.5707963268e+00 1.7800996247e+00
1.3712378882e-04 1.3576892548e+04 1.5707963268e+00 1.7833223794e+00
1.3737176330e-04 1.3577731528e+04 1.5707963268e+00 1.7865447372e+00
1.3761970891e-04 1.3578573334e+04 1.5707963268e+00 1.7897666968e+00
1.3786762555e-04 1.3579417975e+04 1.5707963268e+00 1.7929882568e+00
1.3811551315e-04 1.3580265459e+04 1.5707963268e+00 1.7962094160e+00
1.3836337161e-04 1.3581115793e+04 1.5707963268e+00 1.7994301732e+00
1.3861120085e-04 1.3581968985e+04 1.5707963268e+00 1.8026505270e+00
1.3885900078e-04 1.3582825045e+04 1.5707963268e+00 1.8058704763e+00
1.3910677130e-04 1.3583683979e+04 1.5707963268e+00 1.8090900196e+00
1.3935451234e-04 1.3584545796e+04 1.5707963268e+00 1.8123091557e+00
1.3960222380e-04 1.3585410504e+04 1.5707963268e+00 1.8155278834e+00
1.3984990560e-04 1.3586278111e+04 1.5707963268e+00 1.8187462013e+00
1.4009755765e-04 1.3587148626e+04 1.5707963268e+00 1.8219641081e+00
1.4034517986e-04 1.3588022057e+04 1.5707963268e+00 1.8251816025e+00
1.4059277214e-04 1.3588898412e+04 1.5707963268e+00 1.8283986833e+00
1.4084033439e-04 1.3589777699e+04 1.5707963268e+00 1.8316153492e+00
1.4108786654e-04 1.3590659927e+04 1.5707963268e+00 1.8348315987e+00
1.4133536849e-04 1.3591545104e+04 1.5707963268e+00 1.8380474307e+00
1.4158284016e-04 1.3592433239e+04 1.5707963268e+00 1.8412628437e+00
1.4183028144e-04 1.3593324339e+04 1.5707963268e+00 1.8444778366e+00
1.4207769226e-04 1.3594218413e+04 1.5707963268e+00 1.8476924079e+00
1.4232507253e-04 1.3595115470e+04 1.5707963268e+00 1.8509065563e+00
1.4257242214e-04 1.3596015518e+04 1.5707963268e+00 1.8541202805e+00
1.4281974102e-04 1.3596918565e+04 1.5707963268e+00 1.8573335793e+00
1.4306702906e-04 1.3597824620e+04 1.5707963268e+00 1.8605464511e+00
1.4331428619e-04 1.3598733692e+04 1.5707963268e+00 1.8637588948e+00
1.4356151231e-04 1.3599645789e+04 1.5707963268e+00 1.8669709090e+00
1.4380870733e-04 1.3600560920e+04 1.5707963268e+00 1.8701824922e+00
1.4405587115e-04 1.3601479092e+04 1.5707963268e+00 1.8733936433e+00
1.4430300368e-04 1.3602400316e+04 1.5707963268e+00 1.8766043608e+00
1.4455010484e-04 1.3603324599e+04 1.5707963268e+00 1.8798146433e+00
1.4479717454e-04 1.3604251951e+04 1.5707963268e+00 1.8830244896e+00
1.4504421267e-04 1.3605182379e+04 1.5707963268e+00 1.8862338982e+00
1.4529121914e-04 1.3606115893e+04 1.5707963268e+00 1.8894428679e+00
1.4553819387e-04 1.3607052501e+04 1.5707963268e+00 1.8926513972e+00
1.4578513677e-04 1.3607992212e+04 1.5707963268e+00 1.8958594847e+00
1.4603204773e-04 1.3608935035e+04 1.5707963268e+00 1.8990671292e+00
1.4627892667e-04 1.3609880979e+04 1.5707963268e+00 1.9022743291e+00
1.4652577349e-04 1.3610830052e+04 1.5707963268e+00 1.9054810833e+00
1.4677258810e-04 1.3611782263e+04 1.5707963268e+00 1.9086873901e+00
1.4701937040e-04 1.3612737622e+04 1.5707963268e+00 1.9118932484e+00
1.4726612031e-04 1.3613696137e+04 1.5707963268e+00 1.9150986566e+00
1.4751283773e-04 1.3614657817e+04 1.5707963268e+00 1.9183036134e+00
1.4775952255e-04 1.3615622672e+04 1.5707963268e+00 1.9215081174e+00
1.4800617470e-04 1.3616590709e+04 1.5707963268e+00 1.9247121673e+00
1.4825279408e-04 1.3617561938e+04 1.5707963268e+00 1.9279157615e+00
1.4849938058e-04 1.3618536368e+04 1.5707963268e+00 1.9311188987e+00
1.4874593412e-04 1.3619514008e+04 1.5707963268e+00 1.9343215775e+00
1.4899245460e-04 1.3620494868e+04 1.5707963268e+00 1.9375237965e+00
1.4923894192e-04 1.3621478956e+04 1.5707963268e+00 1.9407255542e+00
1.4948539600e-04 1.3622466281e+04 1.5707963268e+00 1.9439268493e+00
1.4973181673e-04 1.3623456853e+04 1.5707963268e+00 1.9471276803e+00
1.4997820402e-04 1.3624450680e+04 1.5707963268e+00 1.9503280458e+00
1.5022455777e-04 1.3625447773e+04 1.5707963268e+00 1.9535279444e+00
1.5047087788e-04 1.3626448139e+04 1.5707963268e+00 1.9567273746e+00
1.5071716427e-04 1.3627451789e+04 1.5707963268e+00 1.9599263350e+00
1.5096341683e-04 1.3628458732e+04 1.5707963268e+00 1.9631248242e+00
1.5120963547e-04 1.3629468977e+04 1.5707963268e+00 1.9663228407e+00
1.5145582009e-04 1.3630482533e+04 1.5707963268e+00 1.9695203831e+00
1.5170197059e-04 1.3631499410e+04 1.5707963268e+00 1.9727174499e+00
1.5194808688e-04 1.3632519616e+04 1.5707963268e+00 1.9759140396e+00
1.5219416885e-04 1.3633543162e+04 1.5707963268e+00 1.9791101509e+00
1.5244021642e-04 1.3634570057e+04 1.5707963268e+00 1.9823057823e+00
1.5268622948e-04 1.3635600311e+04 1.5707963268e+00 1.9855009323e+00
1.5293220794e-04 1.3636633932e+04 1.5707963268e+00 1.9886955994e+00
1.5317815169e-04 1.3637670930e+04 1.5707963268e+00 1.9918897822e+00
1.5342406064e-04 1.3638711315e+04 1.5707963268e+00 1.9950834791e+00
1.5366993470e-04 1.3639755097e+04 1.5707963268e+00 1.9982766888e+00
1.5391577375e-04 1.3640802284e+04 1.5707963268e+00 2.0014694098e+00
1.5416157771e-04 1.3641852887e+04 1.5707963268e+00 2.0046616405e+00
1.5440734647e-04 1.3642906915e+04 1.5707963268e+00 2.0078533794e+00
1.5465307994e-04 1.3643964378e+04 1.5707963268e+00 2.0110446252e+00
1.5489877801e-04 1.3645025285e+04 1.5707963268e+00 2.0142353762e+00
1.5514444059e-04 1.3646089647e+04 1.5707963268e+00 2.0174256311e+00
1.5539006757e-04 1.3647157472e+04 1.5707963268e+00 2.0206153882e+00
1.5563565886e-04 1.3648228771e+04 1.5707963268e+00 2.0238046461e+00
1.5588121436e-04 1.3649303554e+04 1.5707963268e+00 2.0269934034e+00
1.5612673396e-04 1.3650381829e+04 1.5707963268e+00 2.0301816584e+00
1.5637221757e-04 1.3651463608e+04 1.5707963268e+00 2.0333694096e+00
1.5661766508e-04 1.3652548899e+04 1.5707963268e+00 2.0365566556e+00
1.5686307640e-04 1.3653637714e+04 1.5707963268e+00 2.0397433949e+00
1.5710845142e-04 1.3654730061e+04 1.5707963268e+00 2.0429296258e+00
1.5735379004e-04 1.3655825950e+04 1.5707963268e+00 2.0461153470e+00
1.5759909217e-04 1.3656925393e+04 1.5707963268e+00 2.0493005567e+00
1.5784435769e-04 1.3658028397e+04 1.5707963268e+00 2.0524852536e+00
1.5808958650e-04 1.3659134975e+04 1.5707963268e+00 2.0556694361e+00
1.5833477852e-04 1.3660245134e+04 1.5707963268e+00 2.0588531025e+00
1.5857993362e-04 1.3661358887e+04 1.5707963268e+00 2.0620362515e+00
1.5882505172e-04 1.3662476242e+04 1.5707963268e+00 2.0652188814e+00
1.5907013270e-04 1.3663597210e+04 1.5707963268e+00 2.0684009907e+00
1.5931517648e-04 1.3664721801e+04 1.5707963268e+00 2.0715825779e+00
1.5956018293e-04 1.3665850025e+04 1.5707963268e+00 2.0747636413e+00
1.5980515196e-04 1.3666981892e+04 1.5707963268e+00 2.0779441794e+00
1.6005008347e-04 1.3668117413e+04 1.5707963268e+00 2.0811241907e+00
1.6029497736e-04 1.3669256598e+04 1.5707963268e+00 2.0843036736e+00
1.6053983351e-04 1.3670399456e+04 1.5707963268e+00 2.0874826264e+00
1.6078465183e-04 1.3671545999e+04 1.5707963268e+00 2.0906610477e+00
1.6102943221e-04 1.3672696236e+04 1.5707963268e+00 2.0938389358e+00
1.6127417455e-04 1.3673850179e+04 1.5707963268e+00 2.0970162892e+00
1.6151887874e-04 1.3675007837e+04 1.5707963268e+00 2.1001931063e+00
1.6176354469e-04 1.3676169220e+04 1.5707963268e+00 2.1033693855e+00
1.6200817228e-04 1.3677334340e+04 1.5707963268e+00 2.1065451251e+00
1.6225276140e-04 1.3678503206e+04 1.5707963268e+00 2.1097203237e+00
1.6249731197e-04 1.3679675829e+04 1.5707963268e+00 2.1128949795e+00
1.6274182386e-04 1.3680852220e+04 1.5707963268e+00 2.1160690911e+00
1.6298629698e-04 1.3682032389e+04 1.5707963268e+00 2.1192426567e+00
1.6323073121e-04 1.3683216346e+04 1.5707963268e+00 2.1224156748e+00
1.6347512646e-04 1.3684404103e+04 1.5707963268e+00 2.1255881437e+00
1.6371948262e-04 1.3685595669e+04 1.5707963268e+00 2.1287600619e+00
1.6396379958e-04 1.3686791056e+04 1.5707963268e+00 2.1319314277e+00
1.6420807723e-04 1.3687990274e+04 1.5707963268e+00 2.1351022395e+00
1.6445231548e-04 1.3689193334e+04 1.5707963268e+00 2.1382724956e+00
1.6469651420e-04 1.3690400246e+04 1.5707963268e+00 2.1414421945e+00
1.6494067330e-04 1.3691611022e+04 1.5707963268e+00 2.1446113344e+00
1.6518479267e-04 1.3692825671e+04 1.5707963268e+00 2.1477799138e+00
1.6542887220e-04 1.3694044205e+04 1.5707963268e+00 2.1509479310e+00
1.6567291179e-04 1.3695266635e+04 1.5707963268e+00 2.1541153843e+00
1.6591691132e-04 1.3696492971e+04 1.5707963268e+00 2.1572822721e+00
1.6616087069e-04 1.3697723225e+04 1.5707963268e+00 2.1604485928e+00
1.6640478979e-04 1.3698957406e+04 1.5707963268e+00 2.1636143447e+00
1.6664866852e-04 1.3700195527e+04 1.5707963268e+00 2.1667795261e+00
1.6689250676e-04 1.3701437598e+04 1.5707963268e+00 2.1699441353e+00
1.6713630441e-04 1.3702683630e+04 1.5707963268e+00 2.1731081707e+00
1.6738006135e-04 1.3703933633e+04 1.5707963268e+00 2.1762716307e+00
1.6762377749e-04 1.3705187620e+04 1.5707963268e+00 2.1794345135e+00
1.6786745271e-04 1.3706445601e+04 1.5707963268e+00 2.1825968174e+00
1.6811108689e-04 1.3707707587e+04 1.5707963268e+00 2.1857585408e+00
1.6835467994e-04 1.3708973590e+04 1.5707963268e+00 2.1889196820e+00
1.6859823175e-04 1.3710243619e+04 1.5707963268e+00 2.1920802393e+00
1.6884174219e-04 1.3711517688e+04 1.5707963268e+00 2.1952402110e+00
1.6908521117e-04 1.3712795806e+04 1.5707963268e+00 2.1983995954e+00
1.6932863858e-04 1.3714077985e+04 1.5707963268e+00 2.2015583908e+00
1.6957202430e-04 1.3715364236e+04 1.5707963268e+00 2.2047165955e+00
1.6981536822e-04 1.3716654571e+04 1.5707963268e+00 2.2078742077e+00
1.7005867023e-04 1.3717949001e+04 1.5707963268e+00 2.2110312259e+00
1.7030193023e-04 1.3719247536e+04 1.5707963268e+00 2.2141876481e+00
1.7054514810e-04 1.3720550190e+04 1.5707963268e+00 2.2173434728e+00
1.7078832373e-04 1.3721856971e+04 1.5707963268e+00 2.2204986982e+00
1.7103145701e-04 1.3723167894e+04 1.5707963268e+00 2.2236533226e+00
1.7127454783e-04 1.3724482968e+04 1.5707963268e+00 2.2268073442e+00
1.7151759607e-04 1.3725802204e+04 1.5707963268e+00 2.2299607614e+00
1.7176060163e-04 1.3727125616e+04 1.5707963268e+00 2.2331135723e+00
1.7200356439e-04 1.3728453214e+04 1.5707963268e+00 2.2362657752e+00
1.7224648425e-04 1.3729785009e+04 1.5707963268e+00 2.2394173684e+00
1.7248936108e-04 1.3731121014e+04 1.5707963268e+00 2.2425683502e+00
1.7273219478e-04 1.3732461239e+04 1.5707963268e+00 2.2457187187e+00
1.7297498524e-04 1.3733805697e+04 1.5707963268e+00 2.2488684722e+00
1.7321773234e-04 1.3735154398e+04 1.5707963268e+00 2.2520176090e+00
1.7346043596e-04 1.3736507356e+04 1.5707963268e+00 2.2551661273e+00
1.7370309600e-04 1.3737864581e+04 1.5707963268e+00 2.2583140253e+00
1.7394571235e-04 1.3739226085e+04 1.5707963268e+00 2.2614613012e+00
1.7418828488e-04 1.3740591880e+04 1.5707963268e+00 2.2646079533e+00
1.7443081349e-04 1.3741961978e+04 1.5707963268e+00 2.2677539798e+00
1.7467329807e-04 1.3743336390e+04 1.5707963268e+00 2.2708993789e+00
1.7491573849e-04 1.3744715129e+04 1.5707963268e+00 2.2740441489e+00
1.7515813464e-04 1.3746098206e+04 1.5707963268e+00 2.2771882879e+00
1.7540048642e-04 1.3747485633e+04 1.5707963268e+00 2.2803317941e+00
1.7564279370e-04 1.3748877422e+04 1.5707963268e+00 2.2834746657e+00
1.7588505638e-04 1.3750273585e+04 1.5707963268e+00 2.2866169010e+00
1.7612727433e-04 1.3751674134e+04 1.5707963268e+00 2.2897584981e+00
1.7636944744e-04 1.3753079081e+04 1.5707963268e+00 2.2928994552e+00
1.7661157560e-04 1.3754488437e+04 1.5707963268e+00 2.2960397705e+00
1.7685365869e-04 1.3755902216e+04 1.5707963268e+00 2.2991794422e+00
1.7709569660e-04 1.3757320429e+04 1.5707963268e+00 2.3023184685e+00
1.7733768921e-04 1.3758743088e+04 1.5707963268e+00 2.3054568475e+00
1.7757963640e-04 1.3760170206e+04 1.5707963268e+00 2.3085945775e+00
1.7782153807e-04 1.3761601794e+04 1.5707963268e+00 2.3117316565e+00
1.7806339408e-04 1.3763037865e+04 1.5707963268e+00 2.3148680828e+00
1.7830520434e-04 1.3764478430e+04 1.5707963268e+00 2.3180038544e+00
1.7854696872e-04 1.3765923503e+04 1.5707963268e+00 2.3211389697e+00
1.7878868710e-04 1.3767373096e+04 1.5707963268e+00 2.3242734266e+00
1.7903035937e-04 1.3768827220e+04 1.5707963268e+00 2.3274072234e+00
1.7927198541e-04 1.3770285888e+04 1.5707963268e+00 2.3305403583e+00
1.7951356510e-04 1.3771749113e+04 1.5707963268e+00 2.3336728292e+00
1.7975509834e-04 1.3773216906e+04 1.5707963268e+00 2.3368046345e+00
1.7999658499e-04 1.3774689281e+04 1.5707963268e+00 2.3399357722e+00
1.8023802494e-04 1.3776166249e+04 1.5707963268e+00 2.3430662404e+00
1.8047941809e-04 1.3777647824e+04 1.5707963268e+00 2.3461960374e+00
1.8072076429e-04 1.3779134017e+04 1.5707963268e+00 2.3493251611e+00
1.8096206345e-04 1.3780624841e+04 1.5707963268e+00 2.3524536098e+00
1.8120331544e-04 1.3782120309e+04 1.5707963268e+00 2.3555813815e+00
1.8144452014e-04 1.3783620434e+04 1.5707963268e+00 2.3587084743e+00
1.8168567744e-04 1.3785125227e+04 1.5707963268e+00 2.3618348864e+00
1.8192678721e-04 1.3786634702e+04 1.5707963268e+00 2.3649606159e+00
1.8216784934e-04 1.3788148871e+04 1.5707963268e+00 2.3680856608e+00
1.8240886371e-04 1.3789667746e+04 1.5707963268e+00 2.3712100193e+00
1.8264983020e-04 1.3791191342e+04 1.5707963268e+00 2.3743336894e+00
1.8289074870e-04 1.3792719670e+04 1.5707963268e+00 2.3774566693e+00
1.8313161907e-04 1.3794252743e+04 1.5707963268e+00 2.3805789570e+00
1.8337244120e-04 1.3795790573e+04 1.5707963268e+00 2.3837005507e+00
1.8361321498e-04 1.3797333175e+04 1.5707963268e+00 2.3868214483e+00
1.8385394028e-04 1.3798880560e+04 1.5707963268e+00 2.3899416480e+00
1.8409461698e-04 1.3800432742e+04 1.5707963268e+00 2.3930611478e+00
1.8433524497e-04 1.3801989733e+04 1.5707963268e+00 2.3961799458e+00
1.8457582412e-04 1.3803551546e+04 1.5707963268e+00 2.3992980400e+00
1.8481635431e-04 1.3805118194e+04 1.5707963268e+00 2.4024154286e+00
1.8505683542e-04 1.3806689691e+04 1.5707963268e+00 2.4055321096e+00
1.8529726734e-04 1.3808266049e+04 1.5707963268e+00 2.4086480810e+00
1.8553764993e-04 1.3809847282e+04 1.5707963268e+00 2.4117633409e+00
1.8577798309e-04 1.3811433402e+04 1.5707963268e+00 2.4148778873e+00
1.8601826668e-04 1.3813024422e+04 1.5707963268e+00 2.4179917182e+00
1.8625850059e-04 1.3814620356e+04 1.5707963268e+00 2.4211048318e+00
1.8649868469e-04 1.3816221217e+04 1.5707963268e+00 2.4242172260e+00
1.8673881887e-04 1.3817827018e+04 1.5707963268e+00 2.4273288988e+00
1.8697890301e-04 1.3819437772e+04 1.5707963268e+00 2.4304398484e+00
1.8721893697e-04 1.3821053492e+04 1.5707963268e+00 2.4335500726e+00
1.8745892065e-04 1.3822674193e+04 1.5707963268e+00 2.4366595696e+00
1.8769885391e-04 1.3824299886e+04 1.5707963268e+00 2.4397683373e+00
1.8793873663e-04 1.3825930585e+04 1.5707963268e+00 2.4428763738e+00
1.8817856870e-04 1.3827566305e+04 1.5707963268e+00 2.4459836770e+00
1.8841834999e-04 1.3829207057e+04 1.5707963268e+00 2.4490902450e+00
1.8865808037e-04 1.3830852856e+04 1.5707963268e+00 2.4521960757e+00
1.8889775973e-04 1.3832503714e+04 1.5707963268e+00 2.4553011673e+00
1.8913738794e-04 1.3834159646e+04 1.5707963268e+00 2.4584055175e+00
1.8937696488e-04 1.3835820665e+04 1.5707963268e+00 2.4615091245e+00
1.8961649042e-04 1.3837486785e+04 1.5707963268e+00 2.4646119862e+00
1.8985596445e-04 1.3839158018e+04 1.5707963268e+00 2.4677141006e+00
1.9009538683e-04 1.3840834379e+04 1.5707963268e+00 2.4708154657e+00
1.9033475745e-04 1.3842515880e+04 1.5707963268e+00 2.4739160795e+00
1.9057407619e-04 1.3844202537e+04 1.5707963268e+00 2.4770159398e+00
1.9081334290e-04 1.3845894362e+04 1.5707963268e+00 2.4801150448e+00
1.9105255749e-04 1.3847591369e+04 1.5707963268e+00 2.4832133923e+00
1.9129171981e-04 1.3849293572e+04 1.5707963268e+00 2.4863109803e+00
1.9153082974e-04 1.3851000984e+04 1.5707963268e+00 2.4894078068e+00
1.9176988717e-04 1.3852713619e+04 1.5707963268e+00 2.4925038697e+00
1.9200889196e-04 1.3854431492e+04 1.5707963268e+00 2.4955991670e+00
1.9224784400e-04 1.3856154616e+04 1.5707963268e+00 2.4986936965e+00
1.9248674315e-04 1.3857883004e+04 1.5707963268e+00 2.5017874563e+00
1.9272558929e-04 1.3859616671e+04 1.5707963268e+00 2.5048804443e+00
1.9296438230e-04 1.3861355630e+04 1.5707963268e+00 2.5079726584e+00
1.9320312204e-04 1.3863099896e+04 1.5707963268e+00 2.5110640966e+00
1.9344180841e-04 1.3864849482e+04 1.5707963268e+00 2.5141547567e+00
1.9368044127e-04 1.3866604403e+04 1.5707963268e+00 2.5172446367e+00
1.9391902049e-04 1.3868364672e+04 1.5707963268e+00 2.5203337345e+00
1.9415754595e-04 1.3870130304e+04 1.5707963268e+00 2.5234220481e+00
1.9439601752e-04 1.3871901312e+04 1.5707963268e+00 2.5265095752e+00
1.9463443509e-04 1.3873677711e+04 1.5707963268e+00 2.5295963139e+00
1.9487279851e-04 1.3875459514e+04 1.5707963268e+00 2.5326822621e+00
1.9511110767e-04 1.3877246737e+04 1.5707963268e+00 2.5357674175e+00
1.9534936244e-04 1.3879039392e+04 1.5707963268e+00 2.5388517783e+00
1.9558756269e-04 1.3880837495e+04 1.5707963268e+00 2.5419353421e+00
1.9582570830e-04 1.3882641059e+04 1.5707963268e+00 2.5450181070e+00
1.9606379914e-04 1.3884450099e+04 1.5707963268e+00 2.5481000707e+00
1.9630183508e-04 1.3886264630e+04 1.5707963268e+00 2.5511812313e+00
1.9653981599e-04 1.3888084664e+04 1.5707963268e+00 2.5542615865e+00
1.9677774176e-04 1.3889910217e+04 1.5707963268e+00 2.5573411342e+00
1.9701561224e-04 1.3891741304e+04 1.5707963268e+00 2.5604198724e+00
1.9725342733e-04 1.3893577938e+04 1.5707963268e+00 2.5634977988e+00
1.9749118688e-04 1.3895420134e+04 1.5707963268e+00 2.5665749113e+00
1.9772889077e-04 1.3897267906e+04 1.5707963268e+00 2.5696512078e+00
1.9796653887e-04 1.3899121269e+04 1.5707963268e+00 2.5727266862e+00
1.9820413105e-04 1.3900980237e+04 1.5707963268e+00 2.5758013443e+00
1.9844166720e-04 1.3902844826e+04 1.5707963268e+00 2.5788751799e+00
1.9867914717e-04 1.3904715049e+04 1.5707963268e+00 2.5819481909e+00
1.9891657084e-04 1.3906590920e+04 1.5707963268e+00 2.5850203752e+00
1.9915393809e-04 1.3908472456e+04 1.5707963268e+00 2.5880917305e+00
1.9939124878e-04 1.3910359670e+04 1.5707963268e+00 2.5911622547e+00
1.9962850279e-04 1.3912252577e+04 1.5707963268e+00 2.5942319456e+00
1.9986569998e-04 1.3914151191e+04 1.5707963268e+00 2.5973008012e+00
2.0010284024e-04 1.3916055528e+04 1.5707963268e+00 2.6003688190e+00
2.0033992342e-04 1.3917965602e+04 1.5707963268e+00 2.6034359971e+00
2.0057694941e-04 1.3919881428e+04 1.5707963268e+00 2.6065023332e+00
2.0081391807e-04 1.3921803021e+04 1.5707963268e+00 2.6095678252e+00
2.0105082928e-04 1.3923730395e+04 1.5707963268e+00 2.6126324708e+00
2.0128768290e-04 1.3925663566e+04 1.5707963268e+00 2.6156962678e+00
2.0152447880e-04 1.3927602548e+04 1.5707963268e+00 2.6187592141e+00
2.0176121687e-04 1.3929547356e+04 1.5707963268e+00 2.6218213074e+00
2.0199789696e-04 1.3931498006e+04 1.5707963268e+00 2.6248825455e+00
2.0223451895e-04 1.3933454511e+04 1.5707963268e+00 2.6279429263e+00
2.0247108271e-04 1.3935416888e+04 1.5707963268e+00 2.6310024475e+00
2.0270758810e-04 1.3937385151e+04 1.5707963268e+00 2.6340611069e+00
2.0294403501e-04 1.3939359315e+04 1.5707963268e+00 2.6371189022e+00
2.0318042330e-04 1.3941339395e+04 1.5707963268e+00 2.6401758313e+00
2.0341675283e-04 1.3943325407e+04 1.5707963268e+00 2.6432318920e+00
2.0365302349e-04 1.3945317365e+04 1.5707963268e+00 2.6462870819e+00
2.0388923513e-04 1.3947315285e+04 1.5707963268e+00 2.6493413990e+00
2.0412538764e-04 1.3949319181e+04 1.5707963268e+00 2.6523948408e+00
2.0436148087e-04 1.3951329070e+04 1.5707963268e+00 2.6554474052e+00
2.0459751470e-04 1.3953344966e+04 1.5707963268e+00 2.6584990900e+00
2.0483348900e-04 1.3955366885e+04 1.5707963268e+00 2.6615498929e+00
2.0506940364e-04 1.3957394841e+04 1.5707963268e+00 2.6645998116e+00
2.0530525849e-04 1.3959428850e+04 1.5707963268e+00 2.6676488439e+00
2.0554105341e-04 1.3961468928e+04 1.5707963268e+00 2.6706969875e+00
2.0577678828e-04 1.3963515090e+04 1.5707963268e+00 2.6737442402e+00
2.0601246297e-04 1.3965567351e+04 1.5707963268e+00 2.6767905997e+00
2.0624807733e-04 1.3967625726e+04 1.5707963268e+00 2.6798360637e+00
2.0648363126e-04 1.3969690232e+04 1.5707963268e+00 2.6828806300e+00
2.0671912460e-04 1.3971760883e+04 1.5707963268e+00 2.6859242963e+00
2.0695455723e-04 1.3973837695e+04 1.5707963268e+00 2.6889670603e+00
2.0718992903e-04 1.3975920684e+04 1.5707963268e+00 2.6920089197e+00
2.0742523985e-04 1.3978009865e+04 1.5707963268e+00 2.6950498722e+00
2.0766048957e-04 1.3980105254e+04 1.5707963268e+00 2.6980899157e+00
2.0789567806e-04 1.3982206866e+04 1.5707963268e+00 2.7011290476e+00
2.0813080518e-04 1.3984314717e+04 1.5707963268e+00 2.7041672658e+00
2.0836587080e-04 1.3986428822e+04 1.5707963268e+00 2.7072045680e+00
2.0860087480e-04 1.3988549198e+04 1.5707963268e+00 2.7102409519e+00
2.0883581703e-04 1.3990675859e+04 1.5707963268e+00 2.7132764151e+00
2.0907069737e-04 1.3992808823e+04 1.5707963268e+00 2.7163109553e+00
2.0930551569e-04 1.3994948104e+04 1.5707963268e+00 2.7193445703e+00
2.0954027185e-04 1.3997093718e+04 1.5707963268e+00 2.7223772577e+00
2.0977496573e-04 1.3999245681e+04 1.5707963268e+00 2.7254090152e+00
2.1000959718e-04 1.4001404008e+04 1.5707963268e+00 2.7284398404e+00
2.1024416608e-04 1.4003568717e+04 1.5707963268e+00 2.7314697311e+00
2.1047867229e-04 1.4005739822e+04 1.5707963268e+00 2.7344986850e+00
2.1071311569e-04 1.4007917340e+04 1.5707963268e+00 2.7375266996e+00
2.1094749614e-04 1.4010101286e+04 1.5707963268e+00 2.7405537727e+00
2.1118181351e-04 1.4012291677e+04 1.5707963268e+00 2.7435799018e+00
2.1141606767e-04 1.4014488528e+04 1.5707963268e+00 2.7466050848e+00
2.1165025848e-04 1.4016691855e+04 1.5707963268e+00 2.7496293191e+00
2.1188438581e-04 1.4018901675e+04 1.5707963268e+00 2.7526526026e+00
2.1211844953e-04 1.4021118003e+04 1.5707963268e+00 2.7556749327e+00
2.1235244950e-04 1.4023340856e+04 1.5707963268e+00 2.7586963072e+00
2.1258638560e-04 1.4025570250e+04 1.5707963268e+00 2.7617167238e+00
2.1282025769e-04 1.4027806200e+04 1.5707963268e+00 2.7647361800e+00
2.1305406564e-04 1.4030048724e+04 1.5707963268e+00 2.7677546734e+00
2.1328780932e-04 1.4032297836e+04 1.5707963268e+00 2.7707722018e+00
2.1352148858e-04 1.4034553554e+04 1.5707963268e+00 2.7737887627e+00
2.1375510331e-04 1.4036815894e+04 1.5707963268e+00 2.7768043537e+00
2.1398865336e-04 1.4039084871e+04 1.5707963268e+00 2.7798189726e+00
2.1422213861e-04 1.4041360503e+04 1.5707963268e+00 2.7828326168e+00
2.1445555892e-04 1.4043642805e+04 1.5707963268e+00 2.7858452841e+00
2.1468891415e-04 1.4045931794e+04 1.5707963268e+00 2.7888569720e+00
2.1492220418e-04 1.4048227486e+04 1.5707963268e+00 2.7918676782e+00
2.1515542888e-04 1.4050529898e+04 1.5707963268e+00 2.7948774002e+00
2.1538858810e-04 1.4052839046e+04 1.5707963268e+00 2.7978861357e+00
2.1562168171e-04 1.4055154946e+04 1.5707963268e+00 2.8008938822e+00
2.1585470959e-04 1.4057477615e+04 1.5707963268e+00 2.8039006373e+00
2.1608767160e-04 1.4059807069e+04 1.5707963268e+00 2.8069063987e+00
2.1632056760e-04 1.4062143325e+04 1.5707963268e+00 2.8099111640e+00
2.1655339746e-04 1.4064486399e+04 1.5707963268e+00 2.8129149306e+00
2.1678616106e-04 1.4066836309e+04 1.5707963268e+00 2.8159176963e+00
2.1701885824e-04 1.4069193070e+04 1.5707963268e+00 2.8189194586e+00
2.1725148889e-04 1.4071556699e+04 1.5707963268e+00 2.8219202150e+00
2.1748405287e-04 1.4073927212e+04 1.5707963268e+00 2.8249199632e+00
2.1771655005e-04 1.4076304627e+04 1.5707963268e+00 2.8279187007e+00
2.1794898028e-04 1.4078688960e+04 1.5707963268e+00 2.8309164251e+00
2.1818134345e-04 1.4081080228e+04 1.5707963268e+00 2.8339131339e+00
2.1841363941e-04 1.4083478447e+04 1.5707963268e+00 2.8369088247e+00
2.1864586803e-04 1.4085883635e+04 1.5707963268e+00 2.8399034952e+00
2.1887802918e-04 1.4088295807e+04 1.5707963268e+00 2.8428971427e+00
2.1911012272e-04 1.4090714981e+04 1.5707963268e+00 2.8458897650e+00
2.1934214852e-04 1.4093141174e+04 1.5707963268e+00 2.8488813595e+00
2.1957410646e-04 1.4095574402e+04 1.5707963268e+00 2.8518719237e+00
2.1980599638e-04 1.4098014683e+04 1.5707963268e+00 2.8548614554e+00
2.2003781816e-04 1.4100462032e+04 1.5707963268e+00 2.8578499519e+00
2.2026957167e-04 1.4102916468e+04 1.5707963268e+00 2.8608374108e+00
2.2050125678e-04 1.4105378006e+04 1.5707963268e+00 2.8638238297e+00
2.2073287334e-04 1.4107846665e+04 1.5707963268e+00 2.8668092061e+00
2.2096442123e-04 1.4110322460e+04 1.5707963268e+00 2.8697935375e+00
2.2119590030e-04 1.4112805409e+04 1.5707963268e+00 2.8727768214e+00
2.2142731044e-04 1.4115295529e+04 1.5707963268e+00 2.8757590555e+00
2.2165865150e-04 1.4117792837e+04 1.5707963268e+00 2.8787402371e+00
2.2188992336e-04 1.4120297350e+04 1.5707963268e+00 2.8817203639e+00
2.2212112587e-04 1.4122809085e+04 1.5707963268e+00 2.8846994333e+00
2.2235225890e-04 1.4125328060e+04 1.5707963268e+00 2.8876774429e+00
2.2258332233e-04 1.4127854291e+04 1.5707963268e+00 2.8906543901e+00
2.2281431601e-04 1.4130387795e+04 1.5707963268e+00 2.8936302726e+00
2.2304523981e-04 1.4132928590e+04 1.5707963268e+00 2.8966050877e+00
2.2327609360e-04 1.4135476692e+04 1.5707963268e+00 2.8995788330e+00
2.2350687725e-04 1.4138032120e+04 1.5707963268e+00 2.9025515060e+00
2.2373759062e-04 1.4140594890e+04 1.5707963268e+00 2.9055231042e+00
2.2396823358e-04 1.4143165020e+04 1.5707963268e+00 2.9084936251e+00
2.2419880599e-04 1.4145742526e+04 1.5707963268e+00 2.9114630662e+00
2.2442930773e-04 1.4148327427e+04 1.5707963268e+00 2.9144314249e+00
2.2465973865e-04 1.4150919739e+04 1.5707963268e+00 2.9173986988e+00
2.2489009863e-04 1.4153519480e+04 1.5707963268e+00 2.9203648854e+00
2.2512038753e-04 1.4156126667e+04 1.5707963268e+00 2.9233299821e+00
2.2535060522e-04 1.4158741318e+04 1.5707963268e+00 2.9262939864e+00
2.2558075156e-04 1.4161363450e+04 1.5707963268e+00 2.9292568958e+00
2.2581082642e-04 1.4163993080e+04 1.5707963268e+00 2.9322187078e+00
2.2604082967e-04 1.4166630227e+04 1.5707963268e+00 2.9351794198e+00
2.2627076117e-04 1.4169274906e+04 1.5707963268e+00 2.9381390293e+00
2.2650062080e-04 1.4171927137e+04 1.5707963268e+00 2.9410975338e+00
2.2673040841e-04 1.4174586935e+04 1.5707963268e+00 2.9440549307e+00
2.2696012387e-04 1.4177254320e+04 1.5707963268e+00 2.9470112175e+00
2.2718976706e-04 1.4179929308e+04 1.5707963268e+00 2.9499663918e+00
2.2741933783e-04 1.4182611918e+04 1.5707963268e+00 2.9529204508e+00
2.2764883606e-04 1.4185302166e+04 1.5707963268e+00 2.9558733921e+00
2.2787826161e-04 1.4188000070e+04 1.5707963268e+00 2.9588252132e+00
2.2810761435e-04 1.4190705648e+04 1.5707963268e+00 2.9617759114e+00
2.2833689415e-04 1.4193418918e+04 1.5707963268e+00 2.9647254843e+00
2.2856610087e-04 1.4196139896e+04 1.5707963268e+00 2.9676739292e+00
2.2879523437e-04 1.4198868602e+04 1.5707963268e+00 2.9706212437e+00
2.2902429454e-04 1.4201605053e+04 1.5707963268e+00 2.9735674251e+00
2.2925328122e-04 1.4204349266e+04 1.5707963268e+00 2.9765124710e+00
2.2948219430e-04 1.4207101259e+04 1.5707963268e+00 2.9794563787e+00
2.2971103364e-04 1.4209861050e+04 1.5707963268e+00 2.9823991456e+00
2.2993979910e-04 1.4212628657e+04 1.5707963268e+00 2.9853407693e+00
2.3016849055e-04 1.4215404097e+04 1.5707963268e+00 2.9882812471e+00
2.3039710787e-04 1.4218187389e+04 1.5707963268e+00 2.9912205765e+00
2.3062565091e-04 1.4220978549e+04 1.5707963268e+00 2.9941587549e+00
2.3085411955e-04 1.4223777597e+04 1.5707963268e+00 2.9970957797e+00
2.3108251365e-04 1.4226584550e+04 1.5707963268e+00 3.0000316483e+00
2.3131083308e-04 1.4229399426e+04 1.5707963268e+00 3.0029663582e+00
2.3153907771e-04 1.4232222243e+04 1.5707963268e+00 3.0058999067e+00
2.3176724741e-04 1.4235053018e+04 1.5707963268e+00 3.0088322914e+00
2.3199534204e-04 1.4237891770e+04 1.5707963268e+00 3.0117635096e+00
2.3222336147e-04 1.4240738517e+04 1.5707963268e+00 3.0146935586e+00
2.3245130557e-04 1.4243593277e+04 1.5707963268e+00 3.0176224360e+00
2.3267917421e-04 1.4246456067e+04 1.5707963268e+00 3.0205501391e+00
2.3290696726e-04 1.4249326906e+04 1.5707963268e+00 3.0234766654e+00
2.3313468457e-04 1.4252205812e+04 1.5707963268e+00 3.0264020122e+00
2.3336232603e-04 1.4255092803e+04 1.5707963268e+00 3.0293261769e+00
2.3358989151e-04 1.4257987897e+04 1.5707963268e+00 3.0322491570e+00
2.3381738086e-04 1.4260891112e+04 1.5707963268e+00 3.0351709498e+00
2.3404479396e-04 1.4263802466e+04 1.5707963268e+00 3.0380915527e+00
2.3427213067e-04 1.4266721978e+04 1.5707963268e+00 3.0410109632e+00
2.3449939087e-04 1.4269649665e+04 1.5707963268e+00 3.0439291785e+00
2.3472657442e-04 1.4272585545e+04 1.5707963268e+00 3.0468461962e+00
2.3495368120e-04 1.4275529638e+04 1.5707963268e+00 3.0497620135e+00
2.3518071106e-04 1.4278481961e+04 1.5707963268e+00 3.0526766280e+00
2.3540766389e-04 1.4281442532e+04 1.5707963268e+00 3.0555900368e+00
2.3563453955e-04 1.4284411370e+04 1.5707963268e+00 3.0585022376e+00
2.3586133790e-04 1.4287388492e+04 1.5707963268e+00 3.0614132275e+00
2.3608805882e-04 1.4290373918e+04 1.5707963268e+00 3.0643230040e+00
2.3631470218e-04 1.4293367665e+04 1.5707963268e+00 3.0672315645e+00
2.3654126785e-04 1.4296369751e+04 1.5707963268e+00 3.0701389064e+00
2.3676775569e-04 1.4299380196e+04 1.5707963268e+00 3.0730450270e+00
2.3699416558e-04 1.4302399017e+04 1.5707963268e+00 3.0759499236e+00
2.3722049738e-04 1.4305426233e+04 1.5707963268e+00 3.0788535938e+00
2.3744675097e-04 1.4308461862e+04 1.5707963268e+00 3.0817560347e+00
2.3767292622e-04 1.4311505922e+04 1.5707963268e+00 3.0846572439e+00
2.3789902299e-04 1.4314558433e+04 1.5707963268e+00 3.0875572186e+00
2.3812504115e-04 1.4317619411e+04 1.5707963268e+00 3.0904559563e+00
2.3835098059e-04 1.4320688877e+04 1.5707963268e+00 3.0933534542e+00
2.3857684115e-04 1.4323766847e+04 1.5707963268e+00 3.0962497098e+00
2.3880262273e-04 1.4326853341e+04 1.5707963268e+00 3.0991447204e+00
2.3902832518e-04 1.4329948378e+04 1.5707963268e+00 3.1020384833e+00
2.3925394839e-04 1.4333051974e+04 1.5707963268e+00 3.1049309960e+00
2.3947949221e-04 1.4336164150e+04 1.5707963268e+00 3.1078222557e+00
2.3970495652e-04 1.4339284924e+04 1.5707963268e+00 3.1107122599e+00
2.3993034119e-04 1.4342414314e+04 1.5707963268e+00 3.1136010058e+00
2.4015564610e-04 1.4345552338e+04 1.5707963268e+00 3.1164884909e+00
2.4038087111e-04 1.4348699016e+04 1.5707963268e+00 3.1193747124e+00
2.4060601610e-04 1.4351854366e+04 1.5707963268e+00 3.1222596678e+00
2.4083108093e-04 1.4355018406e+04 1.5707963268e+00 3.1251433543e+00
2.4105606548e-04 1.4358191155e+04 1.5707963268e+00 3.1280257694e+00
2.4128096962e-04 1.4361372632e+04 1.5707963268e+00 3.1309069103e+00
2.4150579323e-04 1.4364562855e+04 1.5707963268e+00 3.1337867744e+00
2.4173053617e-04 1.4367761843e+04 1.5707963268e+00 3.1366653590e+00
2.4195519832e-04 1.4370969615e+04 1.5707963268e+00 3.1395426615e+00
2.4217977955e-04 1.4374186188e+04 1.5707963268e+00 3.1424186793e+00
2.4240427973e-04 1.4377411583e+04 1.5707963268e+00 3.1452934095e+00
2.4262869873e-04 1.4380645818e+04 1.5707963268e+00 3.1481668497e+00
2.4285303644e-04 1.4383888910e+04 1.5707963268e+00 3.1510389971e+00
2.4307729271e-04 1.4387140880e+04 1.5707963268e+00 3.1539098491e+00
2.4330146743e-04 1.4390401746e+04 1.5707963268e+00 3.1567794029e+00
2.4352556047e-04 1.4393671526e+04 1.5707963268e+00 3.1596476560e+00
2.4374957169e-04 1.4396950239e+04 1.5707963268e+00 3.1625146057e+00
2.4397350098e-04 1.4400237905e+04 1.5707963268e+00 3.1653802492e+00
2.4419734821e-04 1.4403534541e+04 1.5707963268e+00 3.1682445839e+00
2.4442111325e-04 1.4406840167e+04 1.5707963268e+00 3.1711076072e+00
2.4464479598e-04 1.4410154801e+04 1.5707963268e+00 3.1739693163e+00
2.4486839627e-04 1.4413478462e+04 1.5707963268e+00 3.1768297086e+00
2.4509191399e-04 1.4416811170e+04 1.5707963268e+00 3.1796887815e+00
2.4531534902e-04 1.4420152942e+04 1.5707963268e+00 3.1825465321e+00
2.4553870124e-04 1.4423503798e+04 1.5707963268e+00 3.1854029580e+00
2.4576197051e-04 1.4426863757e+04 1.5707963268e+00 3.1882580563e+00
2.4598515672e-04 1.4430232837e+04 1.5707963268e+00 3.1911118245e+00
2.4620825974e-04 1.4433611057e+04 1.5707963268e+00 3.1939642597e+00
2.4643127944e-04 1.4436998437e+04 1.5707963268e+00 3.1968153595e+00
2.4665421570e-04 1.4440394994e+04 1.5707963268e+00 3.1996651209e+00
2.4687706840e-04 1.4443800749e+04 1.5707963268e+00 3.2025135415e+00
2.4709983741e-04 1.4447215719e+04 1.5707963268e+00 3.2053606185e+00
2.4732252261e-04 1.4450639924e+04 1.5707963268e+00 3.2082063492e+00
2.4754512387e-04 1.4454073383e+04 1.5707963268e+00 3.2110507310e+00
2.4776764107e-04 1.4457516115e+04 1.5707963268e+00 3.2138937610e+00
2.4799007409e-04 1.4460968138e+04 1.5707963268e+00 3.2167354368e+00
2.4821242280e-04 1.4464429472e+04 1.5707963268e+00 3.2195757556e+00
2.4843468708e-04 1.4467900135e+04 1.5707963268e+00 3.2224147146e+00
2.4865686681e-04 1.4471380147e+04 1.5707963268e+00 3.2252523113e+00
2.4887896187e-04 1.4474869526e+04 1.5707963268e+00 3.2280885429e+00
2.4910097213e-04 1.4478368292e+04 1.5707963268e+00 3.2309234067e+00
2.4932289747e-04 1.4481876463e+04 1.5707963268e+00 3.2337569001e+00
2.4954473776e-04 1.4485394059e+04 1.5707963268e+00 3.2365890204e+00
2.4976649290e-04 1.4488921098e+04 1.5707963268e+00 3.2394197648e+00
2.4998816275e-04 1.4492457600e+04 1.5707963268e+00 3.2422491307e+00
2.5020974719e-04 1.4496003583e+04 1.5707963268e+00 3.2450771154e+00
2.5043124611e-04 1.4499559067e+04 1.5707963268e+00 3.2479037162e+00
2.5065265937e-04 1.4503124071e+04 1.5707963268e+00 3.2507289305e+00
2.5087398687e-04 1.4506698613e+04 1.5707963268e+00 3.2535527555e+00
2.5109522848e-04 1.4510282713e+04 1.5707963268e+00 3.2563751885e+00
2.5131638407e-04 1.4513876390e+04 1.5707963268e+00 3.2591962268e+00
2.5153745354e-04 1.4517479662e+04 1.5707963268e+00 3.2620158679e+00
2.5175843675e-04 1.4521092550e+04 1.5707963268e+00 3.2648341088e+00
2.5197933360e-04 1.4524715071e+04 1.5707963268e+00 3.2676509471e+00
2.5220014395e-04 1.4528347246e+04 1.5707963268e+00 3.2704663800e+00
2.5242086769e-04 1.4531989093e+04 1.5707963268e+00 3.2732804047e+00
2.5264150471e-04 1.4535640631e+04 1.5707963268e+00 3.2760930187e+00
2.5286205487e-04 1.4539301880e+04 1.5707963268e+00 3.2789042192e+00
2.5308251807e-04 1.4542972858e+04 1.5707963268e+00 3.2817140035e+00
2.5330289419e-04 1.4546653584e+04 1.5707963268e+00 3.2845223689e+00
2.5352318310e-04 1.4550344079e+04 1.5707963268e+00 3.2873293128e+00
2.5374338469e-04 1.4554044360e+04 1.5707963268e+00 3.2901348325e+00
2.5396349884e-04 1.4557754447e+04 1.5707963268e+00 3.2929389252e+00
2.5418352543e-04 1.4561474360e+04 1.5707963268e+00 3.2957415882e+00
2.5440346435e-04 1.4565204116e+04 1.5707963268e+00 3.2985428190e+00
2.5462331548e-04 1.4568943736e+04 1.5707963268e+00 3.3013426147e+00
2.5484307870e-04 1.4572693239e+04 1.5707963268e+00 3.3041409728e+00
2.5506275390e-04 1.4576452643e+04 1.5707963268e+00 3.3069378905e+00
2.5528234095e-04 1.4580221968e+04 1.5707963268e+00 3.3097333650e+00
2.5550183975e-04 1.4584001232e+04 1.5707963268e+00 3.3125273939e+00
2.5572125017e-04 1.4587790456e+04 1.5707963268e+00 3.3153199743e+00
2.5594057210e-04 1.4591589659e+04 1.5707963268e+00 3.3181111035e+00
2.5615980543e-04 1.4595398858e+04 1.5707963268e+00 3.3209007789e+00
2.5637895004e-04 1.4599218075e+04 1.5707963268e+00 3.3236889978e+00
2.5659800581e-04 1.4603047327e+04 1.5707963268e+00 3.3264757575e+00
2.5681697264e-04 1.4606886634e+04 1.5707963268e+00 3.3292610553e+00
2.5703585040e-04 1.4610736015e+04 1.5707963268e+00 3.3320448885e+00
2.5725463898e-04 1.4614595489e+04 1.5707963268e+00 3.3348272545e+00
2.5747333828e-04 1.4618465076e+04 1.5707963268e+00 3.3376081505e+00
2.5769194816e-04 1.4622344794e+04 1.5707963268e+00 3.3403875739e+00
2.5791046853e-04 1.4626234663e+04 1.5707963268e+00 3.3431655220e+00
2.5812889926e-04 1.4630134702e+04 1.5707963268e+00 3.3459419922e+00
2.5834724025e-04 1.4634044931e+04 1.5707963268e+00 3.3487169816e+00
2.5856549138e-04 1.4637965367e+04 1.5707963268e+00 3.3514904877e+00
2.5878365254e-04 1.4641896031e+04 1.5707963268e+00 3.3542625077e+00
2.5900172362e-04 1.4645836942e+04 1.5707963268e+00 3.3570330390e+00
2.5921970451e-04 1.4649788118e+04 1.5707963268e+00 3.3598020790e+00
2.5943759508e-04 1.4653749580e+04 1.5707963268e+00 3.3625696248e+00
2.5965539525e-04 1.4657721345e+04 1.5707963268e+00 3.3653356739e+00
2.5987310488e-04 1.4661703434e+04 1.5707963268e+00 3.3681002236e+00
2.6009072387e-04 1.4665695866e+04 1.5707963268e+00 3.3708632712e+00
2.6030825212e-04 1.4669698659e+04 1.5707963268e+00 3.3736248140e+00
2.6052568951e-04 1.4673711833e+04 1.5707963268e+00 3.3763848494e+00
2.6074303592e-04 1.4677735407e+04 1.5707963268e+00 3.3791433746e+00
2.6096029126e-04 1.4681769400e+04 1.5707963268e+00 3.3819003871e+00
2.6117745541e-04 1.4685813832e+04 1.5707963268e+00 3.3846558841e+00
2.6139452826e-04 1.4689868721e+04 1.5707963268e+00 3.3874098629e+00
2.6161150971e-04 1.4693934087e+04 1.5707963268e+00 3.3901623210e+00
2.6182839964e-04 1.4698009949e+04 1.5707963268e+00 3.3929132556e+00
2.6204519795e-04 1.4702096326e+04 1.5707963268e+00 3.3956626641e+00
2.6226190453e-04 1.4706193237e+04 1.5707963268e+00 3.3984105438e+00
2.6247851926e-04 1.4710300701e+04 1.5707963268e+00 3.4011568920e+00
2.6269504206e-04 1.4714418738e+04 1.5707963268e+00 3.4039017061e+00
2.6291147280e-04 1.4718547366e+04 1.5707963268e+00 3.4066449834e+00
2.6312781138e-04 1.4722686605e+04 1.5707963268e+00 3.4093867213e+00
2.6334405769e-04 1.4726836474e+04 1.5707963268e+00 3.4121269170e+00
2.6356021164e-04 1.4730996992e+04 1.5707963268e+00 3.4148655681e+00
2.6377627310e-04 1.4735168178e+04 1.5707963268e+00 3.4176026717e+00
2.6399224199e-04 1.4739350052e+04 1.5707963268e+00 3.4203382253e+00
2.6420811818e-04 1.4743542631e+04 1.5707963268e+00 3.4230722261e+00
2.6442390158e-04 1.4747745937e+04 1.5707963268e+00 3.4258046716e+00
2.6463959208e-04 1.4751959987e+04 1.5707963268e+00 3.4285355591e+00
2.6485518958e-04 1.4756184800e+04 1.5707963268e+00 3.4312648859e+00
2.6507069397e-04 1.4760420397e+04 1.5707963268e+00 3.4339926494e+00
2.6528610516e-04 1.4764666796e+04 1.5707963268e+00 3.4367188470e+00
2.6550142303e-04 1.4768924015e+04 1.5707963268e+00 3.4394434760e+00
2.6571664748e-04 1.4773192075e+04 1.5707963268e+00 3.4421665337e+00
2.6593177841e-04 1.4777470993e+04 1.5707963268e+00 3.4448880176e+00
2.6614681573e-04 1.4781760790e+04 1.5707963268e+00 3.4476079250e+00
2.6636175932e-04 1.4786061485e+04 1.5707963268e+00 3.4503262532e+00
2.6657660908e-04 1.4790373095e+04 1.5707963268e+00 3.4530429996e+00
2.6679136492e-04 1.4794695642e+04 1.5707963268e+00 3.4557581617e+00
2.6700602673e-04 1.4799029142e+04 1.5707963268e+00 3.4584717367e+00
2.6722059441e-04 1.4803373616e+04 1.5707963268e+00 3.4611837221e+00
2.6743506786e-04 1.4807729083e+04 1.5707963268e+00 3.4638941152e+00
2.6764944698e-04 1.4812095561e+04 1.5707963268e+00 3.4666029133e+00
2.6786373168e-04 1.4816473069e+04 1.5707963268e+00 3.4693101139e+00
2.6807792184e-04 1.4820861628e+04 1.5707963268e+00 3.4720157144e+00
2.6829201738e-04 1.4825261254e+04 1.5707963268e+00 3.4747197121e+00
2.6850601819e-04 1.4829671969e+04 1.5707963268e+00 3.4774221045e+00
2.6871992418e-04 1.4834093789e+04 1.5707963268e+00 3.4801228888e+00
2.6893373525e-04 1.4838526736e+04 1.5707963268e+00 3.4828220625e+00
2.6914745129e-04 1.4842970826e+04 1.5707963268e+00 3.4855196230e+00
2.6936107222e-04 1.4847426080e+04 1.5707963268e+00 3.4882155677e+00
2.6957459793e-04 1.4851892517e+04 1.5707963268e+00 3.4909098940e+00
2.6978802833e-04 1.4856370154e+04 1.5707963268e+00 3.4936025992e+00
2.7000136332e-04 1.4860859012e+04 1.5707963268e+00 3.4962936808e+00
2.7021460281e-04 1.4865359109e+04 1.5707963268e+00 3.4989831362e+00
2.7042774670e-04 1.4869870464e+04 1.5707963268e+00 3.5016709628e+00
2.7064079489e-04 1.4874393095e+04 1.5707963268e+00 3.5043571580e+00
2.7085374729e-04 1.4878927023e+04 1.5707963268e+00 3.5070417191e+00
2.7106660381e-04 1.4883472265e+04 1.5707963268e+00 3.5097246437e+00
2.7127936435e-04 1.4888028840e+04 1.5707963268e+00 3.5124059291e+00
2.7149202882e-04 1.4892596768e+04 1.5707963268e+00 3.5150855728e+00
2.7170459712e-04 1.4897176067e+04 1.5707963268e+00 3.5177635721e+00
2.7191706916e-04 1.4901766756e+04 1.5707963268e+00 3.5204399245e+00
2.7212944485e-04 1.4906368853e+04 1.5707963268e+00 3.5231146275e+00
2.7234172409e-04 1.4910982378e+04 1.5707963268e+00 3.5257876784e+00
2.7255390680e-04 1.4915607350e+04 1.5707963268e+00 3.5284590746e+00
2.7276599288e-04 1.4920243786e+04 1.5707963268e+00 3.5311288137e+00
2.7297798224e-04 1.4924891706e+04 1.5707963268e+00 3.5337968931e+00
2.7318987479e-04 1.4929551129e+04 1.5707963268e+00 3.5364633101e+00
2.7340167043e-04 1.4934222073e+04 1.5707963268e+00 3.5391280622e+00
2.7361336909e-04 1.4938904557e+04 1.5707963268e+00 3.5417911470e+00
2.7382497066e-04 1.4943598600e+04 1.5707963268e+00 3.5444525618e+00
2.7403647506e-04 1.4948304220e+04 1.5707963268e+00 3.5471123040e+00
2.7424788220e-04 1.4953021437e+04 1.5707963268e+00 3.5497703712e+00
2.7445919200e-04 1.4957750268e+04 1.5707963268e+00 3.5524267608e+00
2.7467040435e-04 1.4962490732e+04 1.5707963268e+00 3.5550814702e+00
2.7488151918e-04 1.4967242848e+04 1.5707963268e+00 3.5577344970e+00
2.7509253640e-04 1.4972006635e+04 1.5707963268e+00 3.5603858386e+00
2.7530345592e-04 1.4976782111e+04 1.5707963268e+00 3.5630354924e+00
2.7551427765e-04 1.4981569295e+04 1.5707963268e+00 3.5656834559e+00
2.7572500151e-04 1.4986368205e+04 1.5707963268e+00 3.5683297266e+00
2.7593562740e-04 1.4991178860e+04 1.5707963268e+00 3.5709743021e+00
2.7614615526e-04 1.4996001278e+04 1.5707963268e+00 3.5736171797e+00
2.7635658498e-04 1.5000835478e+04 1.5707963268e+00 3.5762583570e+00
2.7656691648e-04 1.5005681478e+04 1.5707963268e+00 3.5788978314e+00
2.7677714969e-04 1.5010539298e+04 1.5707963268e+00 3.5815356004e+00
2.7698728451e-04 1.5015408954e+04 1.5707963268e+00 3.5841716616e+00
2.7719732087e-04 1.5020290467e+04 1.5707963268e+00 3.5868060125e+00
2.7740725867e-04 1.5025183853e+04 1.5707963268e+00 3.5894386504e+00
2.7761709784e-04 1.5030089132e+04 1.5707963268e+00 3.5920695731e+00
2.7782683829e-04 1.5035006323e+04 1.5707963268e+00 3.5946987779e+00
2.7803647995e-04 1.5039935442e+04 1.5707963268e+00 3.5973262623e+00
2.7824602272e-04 1.5044876509e+04 1.5707963268e+00 3.5999520240e+00
2.7845546654e-04 1.5049829542e+04 1.5707963268e+00 3.6025760604e+00
2.7866481131e-04 1.5054794560e+04 1.5707963268e+00 3.6051983690e+00
2.7887405695e-04 1.5059771580e+04 1.5707963268e+00 3.6078189474e+00
2.7908320339e-04 1.5064760621e+04 1.5707963268e+00 3.6104377931e+00
2.7929225056e-04 1.5069761701e+04 1.5707963268e+00 3.6130549037e+00
2.7950119835e-04 1.5074774838e+04 1.5707963268e+00 3.6156702766e+00
2.7971004671e-04 1.5079800051e+04 1.5707963268e+00 3.6182839095e+00
2.7991879555e-04 1.5084837358e+04 1.5707963268e+00 3.6208957998e+00
2.8012744479e-04 1.5089886777e+04 1.5707963268e+00 3.6235059452e+00
2.8033599435e-04 1.5094948325e+04 1.5707963268e+00 3.6261143432e+00
2.8054444416e-04 1.5100022022e+04 1.5707963268e+00 3.6287209913e+00
2.8075279414e-04 1.5105107886e+04 1.5707963268e+00 3.6313258871e+00
2.8096104422e-04 1.5110205933e+04 1.5707963268e+00 3.6339290282e+00
2.8116919431e-04 1.5115316184e+04 1.5707963268e+00 3.6365304122e+00
2.8137724435e-04 1.5120438654e+04 1.5707963268e+00 3.6391300366e+00
2.8158519425e-04 1.5125573363e+04 1.5707963268e+00 3.6417278990e+00
2.8179304394e-04 1.5130720329e+04 1.5707963268e+00 3.6443239970e+00
2.8200079336e-04 1.5135879569e+04 1.5707963268e+00 3.6469183282e+00
2.8220844242e-04 1.5141051102e+04 1.5707963268e+00 3.6495108901e+00
2.8241599104e-04 1.5146234945e+04 1.5707963268e+00 3.6521016805e+00
2.8262343917e-04 1.5151431116e+04 1.5707963268e+00 3.6546906968e+00
2.8283078672e-04 1.5156639634e+04 1.5707963268e+00 3.6572779368e+00
2.8303803363e-04 1.5161860515e+04 1.5707963268e+00 3.6598633979e+00
2.8324517981e-04 1.5167093778e+04 1.5707963268e+00 3.6624470778e+00
2.8345222521e-04 1.5172339441e+04 1.5707963268e+00 3.6650289742e+00
2.8365916974e-04 1.5177597521e+04 1.5707963268e+00 3.6676090846e+00
2.8386601334e-04 1.5182868037e+04 1.5707963268e+00 3.6701874067e+00
2.8407275594e-04 1.5188151005e+04 1.5707963268e+00 3.6727639382e+00
2.8427939747e-04 1.5193446444e+04 1.5707963268e+00 3.6753386766e+00
2.8448593786e-04 1.5198754371e+04 1.5707963268e+00 3.6779116196e+00
2.8469237704e-04 1.5204074804e+04 1.5707963268e+00 3.6804827649e+00
2.8489871494e-04 1.5209407761e+04 1.5707963268e+00 3.6830521100e+00
2.8510495150e-04 1.5214753259e+04 1.5707963268e+00 3.6856196527e+00
2.8531108664e-04 1.5220111316e+04 1.5707963268e+00 3.6881853907e+00
2.8551712030e-04 1.5225481949e+04 1.5707963268e+00 3.6907493215e+00
2.8572305242e-04 1.5230865175e+04 1.5707963268e+00 3.6933114429e+00
2.8592888292e-04 1.5236261013e+04 1.5707963268e+00 3.6958717526e+00
2.8613461175e-04 1.5241669480e+04 1.5707963268e+00 3.6984302481e+00
2.8634023883e-04 1.5247090593e+04 1.5707963268e+00 3.7009869273e+00
2.8654576410e-04 1.5252524370e+04 1.5707963268e+00 3.7035417878e+00
2.8675118750e-04 1.5257970827e+04 1.5707963268e+00 3.7060948272e+00
2.8695650896e-04 1.5263429983e+04 1.5707963268e+00 3.7086460433e+00
2.8716172843e-04 1.5268901855e+04 1.5707963268e+00 3.7111954339e+00
2.8736684583e-04 1.5274386460e+04 1.5707963268e+00 3.7137429965e+00
2.8757186110e-04 1.5279883815e+04 1.5707963268e+00 3.7162887290e+00
2.8777677419e-04 1.5285393937e+04 1.5707963268e+00 3.7188326290e+00
2.8798158502e-04 1.5290916844e+04 1.5707963268e+00 3.7213746943e+00
2.8818629355e-04 1.5296452553e+04 1.5707963268e+00 3.7239149226e+00
2.8839089970e-04 1.5302001081e+04 1.5707963268e+00 3.7264533117e+00
2.8859540343e-04 1.5307562445e+04 1.5707963268e+00 3.7289898592e+00
2.8879980466e-04 1.5313136663e+04 1.5707963268e+00 3.7315245630e+00
2.8900410333e-04 1.5318723751e+04 1.5707963268e+00 3.7340574207e+00
2.8920829940e-04 1.5324323726e+04 1.5707963268e+00 3.7365884302e+00
2.8941239280e-04 1.5329936605e+04 1.5707963268e+00 3.7391175892e+00
2.8961638348e-04 1.5335562406e+04 1.5707963268e+00 3.7416448955e+00
2.8982027137e-04 1.5341201145e+04 1.5707963268e+00 3.7441703468e+00
2.9002405641e-04 1.5346852839e+04 1.5707963268e+00 3.7466939410e+00
2.9022773856e-04 1.5352517505e+04 1.5707963268e+00 3.7492156758e+00
2.9043131776e-04 1.5358195160e+04 1.5707963268e+00 3.7517355489e+00
2.9063479394e-04 1.5363885820e+04 1.5707963268e+00 3.7542535583e+00
2.9083816706e-04 1.5369589503e+04 1.5707963268e+00 3.7567697017e+00
2.9104143706e-04 1.5375306226e+04 1.5707963268e+00 3.7592839769e+00
2.9124460389e-04 1.5381036004e+04 1.5707963268e+00 3.7617963818e+00
2.9144766748e-04 1.5386778854e+04 1.5707963268e+00 3.7643069141e+00
2.9165062779e-04 1.5392534794e+04 1.5707963268e+00 3.7668155716e+00
2.9185348477e-04 1.5398303840e+04 1.5707963268e+00 3.7693223523e+00
2.9205623836e-04 1.5404086008e+04 1.5707963268e+00 3.7718272539e+00
2.9225888851e-04 1.5409881315e+04 1.5707963268e+00 3.7743302743e+00
2.9246143517e-04 1.5415689777e+04 1.5707963268e+00 3.7768314114e+00
2.9266387829e-04 1.5421511412e+04 1.5707963268e+00 3.7793306629e+00
2.9286621781e-04 1.5427346234e+04 1.5707963268e+00 3.7818280268e+00
2.9306845370e-04 1.5433194262e+04 1.5707963268e+00 3.7843235008e+00
2.9327058588e-04 1.5439055510e+04 1.5707963268e+00 3.7868170830e+00
2.9347261433e-04 1.5444929996e+04 1.5707963268e+00 3.7893087711e+00
2.9367453898e-04 1.5450817736e+04 1.5707963268e+00 3.7917985631e+00
2.9387635980e-04 1.5456718746e+04 1.5707963268e+00 3.7942864568e+00
2.9407807673e-04 1.5462633042e+04 1.5707963268e+00 3.7967724502e+00
2.9427968972e-04 1.5468560640e+04 1.5707963268e+00 3.7992565411e+00
2.9448119873e-04 1.5474501557e+04 1.5707963268e+00 3.8017387275e+00
2.9468260372e-04 1.5480455808e+04 1.5707963268e+00 3.8042190072e+00
2.9488390463e-04 1.5486423411e+04 1.5707963268e+00 3.8066973782e+00
2.9508510142e-04 1.5492404380e+04 1.5707963268e+00 3.8091738384e+00
2.9528619404e-04 1.5498398732e+04 1.5707963268e+00 3.8116483857e+00
2.9548718246e-04 1.5504406482e+04 1.5707963268e+00 3.8141210182e+00
2.9568806662e-04 1.5510427648e+04 1.5707963268e+00 3.8165917336e+00
2.9588884649e-04 1.5516462244e+04 1.5707963268e+00 3.8190605301e+00
2.9608952202e-04 1.5522510286e+04 1.5707963268e+00 3.8215274055e+00
2.9629009316e-04 1.5528571791e+04 1.5707963268e+00 3.8239923578e+00
2.9649055988e-04 1.5534646774e+04 1.5707963268e+00 3.8264553850e+00
2.9669092214e-04 1.5540735250e+04 1.5707963268e+00 3.8289164851e+00
2.9689117988e-04 1.5546837236e+04 1.5707963268e+00 3.8313756560e+00
2.9709133308e-04 1.5552952747e+04 1.5707963268e+00 3.8338328957e+00
2.9729138169e-04 1.5559081799e+04 1.5707963268e+00 3.8362882023e+00
2.9749132567e-04 1.5565224407e+04 1.5707963268e+00 3.8387415738e+00
2.9769116499e-04 1.5571380587e+04 1.5707963268e+00 3.8411930080e+00
2.9789089959e-04 1.5577550354e+04 1.5707963268e+00 3.8436425032e+00
2.9809052946e-04 1.5583733724e+04 1.5707963268e+00 3.8460900573e+00
2.9829005454e-04 1.5589930712e+04 1.5707963268e+00 3.8485356683e+00
2.9848947480e-04 1.5596141334e+04 1.5707963268e+00 3.8509793342e+00
2.9868879020e-04 1.5602365605e+04 1.5707963268e+00 3.8534210532e+00
2.9888800071e-04 1.5608603540e+04 1.5707963268e+00 3.8558608232e+00
2.9908710629e-04 1.5614855155e+04 1.5707963268e+00 3.8582986424e+00
2.9928610691e-04 1.5621120464e+04 1.5707963268e+00 3.8607345087e+00
2.9948500252e-04 1.5627399483e+04 1.5707963268e+00 3.8631684204e+00
2.9968379310e-04 1.5633692227e+04 1.5707963268e+00 3.8656003753e+00
2.9988247862e-04 1.5639998712e+04 1.5707963268e+00 3.8680303717e+00
3.0008105903e-04 1.5646318951e+04 1.5707963268e+00 3.8704584076e+00
3.0027953431e-04 1.5652652961e+04 1.5707963268e+00 3.8728844812e+00
3.0047790442e-04 1.5659000755e+04 1.5707963268e+00 3.8753085905e+00
3.0067616933e-04 1.5665362350e+04 1.5707963268e+00 3.8777307336e+00
3.0087432901e-04 1.5671737759e+04 1.5707963268e+00 3.8801509087e+00
3.0107238343e-04 1.5678126998e+04 1.5707963268e+00 3.8825691139e+00
3.0127033255e-04 1.5684530082e+04 1.5707963268e+00 3.8849853473e+00
3.0146817635e-04 1.5690947025e+04 1.5707963268e+00 3.8873996071e+00
3.0166591480e-04 1.5697377842e+04 1.5707963268e+00 3.8898118915e+00
3.0186354787e-04 1.5703822547e+04 1.5707963268e+00 3.8922221985e+00
3.0206107553e-04 1.5710281156e+04 1.5707963268e+00 3.8946305264e+00
3.0225849775e-04 1.5716753682e+04 1.5707963268e+00 3.8970368733e+00
3.0245581450e-04 1.5723240140e+04 1.5707963268e+00 3.8994412374e+00
3.0265302576e-04 1.5729740546e+04 1.5707963268e+00 3.9018436169e+00
3.0285013150e-04 1.5736254912e+04 1.5707963268e+00 3.9042440099e+00
3.0304713169e-04 1.5742783254e+04 1.5707963268e+00 3.9066424148e+00
3.0324402631e-04 1.5749325586e+04 1.5707963268e+00 3.9090388297e+00
3.0344081533e-04 1.5755881923e+04 1.5707963268e+00 3.9114332527e+00
3.0363749873e-04 1.5762452277e+04 1.5707963268e+00 3.9138256822e+00
3.0383407649e-04 1.5769036665e+04 1.5707963268e+00 3.9162161164e+00
3.0403054857e-04 1.5775635099e+04 1.5707963268e+00 3.9186045535e+00
3.0422691496e-04 1.5782247594e+04 1.5707963268e+00 3.9209909917e+00
3.0442317563e-04 1.5788874164e+04 1.5707963268e+00 3.9233754294e+00
3.0461933056e-04 1.5795514823e+04 1.5707963268e+00 3.9257578647e+00
3.0481537974e-04 1.5802169585e+04 1.5707963268e+00 3.9281382960e+00
3.0501132312e-04 1.5808838463e+04 1.5707963268e+00 3.9305167214e+00
3.0520716071e-04 1.5815521473e+04 1.5707963268e+00 3.9328931394e+00
3.0540289247e-04 1.5822218627e+04 1.5707963268e+00 3.9352675481e+00
3.0559851839e-04 1.5828929940e+04 1.5707963268e+00 3.9376399460e+00
3.0579403845e-04 1.5835655424e+04 1.5707963268e+00 3.9400103312e+00
3.0598945262e-04 1.5842395094e+04 1.5707963268e+00 3.9423787022e+00
3.0618476089e-04 1.5849148964e+04 1.5707963268e+00 3.9447450572e+00
3.0637996325e-04 1.5855917047e+04 1.5707963268e+00 3.9471093946e+00
3.0657505966e-04 1.5862699356e+04 1.5707963268e+00 3.9494717127e+00
3.0677005013e-04 1.5869495905e+04 1.5707963268e+00 3.9518320098e+00
3.0696493462e-04 1.5876306708e+04 1.5707963268e+00 3.9541902843e+00
3.0715971313e-04 1.5883131777e+04 1.5707963268e+00 3.9565465347e+00
3.0735438564e-04 1.5889971127e+04 1.5707963268e+00 3.9589007591e+00
3.0754895213e-04 1.5896824770e+04 1.5707963268e+00 3.9612529561e+00
3.0774341259e-04 1.5903692720e+04 1.5707963268e+00 3.9636031240e+00
3.0793776700e-04 1.5910574989e+04 1.5707963268e+00 3.9659512612e+00
3.0813201536e-04 1.5917471592e+04 1.5707963268e+00 3.9682973660e+00
3.0832615764e-04 1.5924382541e+04 1.5707963268e+00 3.9706414370e+00
3.0852019384e-04 1.5931307849e+04 1.5707963268e+00 3.9729834726e+00
3.0871412394e-04 1.5938247529e+04 1.5707963268e+00 3.9753234711e+00
3.0890794794e-04 1.5945201594e+04 1.5707963268e+00 3.9776614309e+00
3.0910166581e-04 1.5952170057e+04 1.5707963268e+00 3.9799973507e+00
3.0929527755e-04 1.5959152931e+04 1.5707963268e+00 3.9823312287e+00
3.0948878316e-04 1.5966150229e+04 1.5707963268e+00 3.9846630634e+00
3.0968218261e-04 1.5973161963e+04 1.5707963268e+00 3.9869928534e+00
3.0987547590e-04 1.5980188146e+04 1.5707963268e+00 3.9893205970e+00
3.1006866303e-04 1.5987228790e+04 1.5707963268e+00 3.9916462928e+00
3.1026174397e-04 1.5994283909e+04 1.5707963268e+00 3.9939699393e+00
3.1045471874e-04 1.6001353514e+04 1.5707963268e+00 3.9962915350e+00
3.1064758731e-04 1.6008437619e+04 1.5707963268e+00 3.9986110783e+00
3.1084034968e-04 1.6015536235e+04 1.5707963268e+00 4.0009285678e+00
3.1103300584e-04 1.6022649376e+04 1.5707963268e+00 4.0032440020e+00
3.1122555580e-04 1.6029777052e+04 1.5707963268e+00 4.0055573795e+00
3.1141799954e-04 1.6036919278e+04 1.5707963268e+00 4.0078686987e+00
3.1161033706e-04 1.6044076064e+04 1.5707963268e+00 4.0101779583e+00
3.1180256835e-04 1.6051247422e+04 1.5707963268e+00 4.0124851568e+00
3.1199469341e-04 1.6058433366e+04 1.5707963268e+00 4.0147902927e+00
3.1218671223e-04 1.6065633907e+04 1.5707963268e+00 4.0170933647e+00
3.1237862483e-04 1.6072849057e+04 1.5707963268e+00 4.0193943713e+00
3.1257043118e-04 1.6080078829e+04 1.5707963268e+00 4.0216933112e+00
3.1276213129e-04 1.6087323233e+04 1.5707963268e+00 4.0239901828e+00
3.1295372516e-04 1.6094582281e+04 1.5707963268e+00 4.0262849849e+00
3.1314521278e-04 1.6101855987e+04 1.5707963268e+00 4.0285777160e+00
3.1333659416e-04 1.6109144360e+04 1.5707963268e+00 4.0308683747e+00
3.1352786929e-04 1.6116447414e+04 1.5707963268e+00 4.0331569598e+00
3.1371903818e-04 1.6123765159e+04 1.5707963268e+00 4.0354434698e+00
3.1391010083e-04 1.6131097607e+04 1.5707963268e+00 4.0377279035e+00
3.1410105724e-04 1.6138444769e+04 1.5707963268e+00 4.0400102594e+00
3.1429190740e-04 1.6145806658e+04 1.5707963268e+00 4.0422905362e+00
3.1448265133e-04 1.6153183284e+04 1.5707963268e+00 4.0445687326e+00
3.1467328902e-04 1.6160574659e+04 1.5707963268e+00 4.0468448473e+00
3.1486382047e-04 1.6167980794e+04 1.5707963268e+00 4.0491188790e+00
3.1505424570e-04 1.6175401700e+04 1.5707963268e+00 4.0513908264e+00
3.1524456471e-04 1.6182837389e+04 1.5707963268e+00 4.0536606883e+00
3.1543477749e-04 1.6190287871e+04 1.5707963268e+00 4.0559284632e+00
3.1562488406e-04 1.6197753158e+04 1.5707963268e+00 4.0581941500e+00
3.1581488442e-04 1.6205233260e+04 1.5707963268e+00 4.0604577474e+00
3.1600477858e-04 1.6212728189e+04 1.5707963268e+00 4.0627192541e+00
3.1619456654e-04 1.6220237956e+04 1.5707963268e+00 4.0649786690e+00
3.1638424831e-04 1.6227762571e+04 1.5707963268e+00 4.0672359907e+00
3.1657382389e-04 1.6235302044e+04 1.5707963268e+00 4.0694912181e+00
3.1676329330e-04 1.6242856388e+04 1.5707963268e+00 4.0717443499e+00
3.1695265655e-04 1.6250425612e+04 1.5707963268e+00 4.0739953849e+00
3.1714191364e-04 1.6258009727e+04 1.5707963268e+00 4.0762443219e+00
3.1733106457e-04 1.6265608744e+04 1.5707963268e+00 4.0784911598e+00
3.1752010937e-04 1.6273222673e+04 1.5707963268e+00 4.0807358973e+00
3.1770904805e-04 1.6280851524e+04 1.5707963268e+00 4.0829785333e+00
3.1789788060e-04 1.6288495308e+04 1.5707963268e+00 4.0852190666e+00
3.1808660705e-04 1.6296154035e+04 1.5707963268e+00 4.0874574961e+00
3.1827522740e-04 1.6303827716e+04 1.5707963268e+00 4.0896938205e+00
3.1846374167e-04 1.6311516361e+04 1.5707963268e+00 4.0919280389e+00
3.1865214987e-04 1.6319219979e+04 1.5707963268e+00 4.0941601500e+00
3.1884045201e-04 1.6326938581e+04 1.5707963268e+00 4.0963901528e+00
3.1902864810e-04 1.6334672177e+04 1.5707963268e+00 4.0986180460e+00
3.1921673817e-04 1.6342420777e+04 1.5707963268e+00 4.1008438287e+00
3.1940472222e-04 1.6350184390e+04 1.5707963268e+00 4.1030674997e+00
3.1959260027e-04 1.6357963028e+04 1.5707963268e+00 4.1052890580e+00
3.1978037233e-04 1.6365756698e+04 1.5707963268e+00 4.1075085025e+00
3.1996803843e-04 1.6373565412e+04 1.5707963268e+00 4.1097258320e+00
3.2015559857e-04 1.6381389179e+04 1.5707963268e+00 4.1119410456e+00
3.2034305277e-04 1.6389228008e+04 1.5707963268e+00 4.1141541423e+00
3.2053040105e-04 1.6397081909e+04 1.5707963268e+00 4.1163651209e+00
3.2071764343e-04 1.6404950891e+04 1.5707963268e+00 4.1185739805e+00
3.2090477993e-04 1.6412834964e+04 1.5707963268e+00 4.1207807199e+00
3.2109181056e-04 1.6420734138e+04 1.5707963268e+00 4.1229853384e+00
3.2127873534e-04 1.6428648421e+04 1.5707963268e+00 4.1251878347e+00
3.2146555430e-04 1.6436577823e+04 1.5707963268e+00 4.1273882080e+00
3.2165226744e-04 1.6444522353e+04 1.5707963268e+00 4.1295864572e+00
3.2183887480e-04 1.6452482020e+04 1.5707963268e+00 4.1317825814e+00
3.2202537639e-04 1.6460456833e+04 1.5707963268e+00 4.1339765796e+00
3.2221177224e-04 1.6468446802e+04 1.5707963268e+00 4.1361684508e+00
3.2239806236e-04 1.6476451935e+04 1.5707963268e+00 4.1383581942e+00
3.2258424678e-04 1.6484472240e+04 1.5707963268e+00 4.1405458087e+00
3.2277032552e-04 1.6492507728e+04 1.5707963268e+00 4.1427312936e+00
3.2295629861e-04 1.6500558406e+04 1.5707963268e+00 4.1449146477e+00
3.2314216606e-04 1.6508624284e+04 1.5707963268e+00 4.1470958703e+00
3.2332792790e-04 1.6516705370e+04 1.5707963268e+00 4.1492749604e+00
3.2351358415e-04 1.6524801672e+04 1.5707963268e+00 4.1514519171e+00
3.2369913485e-04 1.6532913199e+04 1.5707963268e+00 4.1536267396e+00
3.2388458001e-04 1.6541039960e+04 1.5707963268e+00 4.1557994270e+00
3.2406991966e-04 1.6549181963e+04 1.5707963268e+00 4.1579699784e+00
3.2425515382e-04 1.6557339217e+04 1.5707963268e+00 4.1601383930e+00
3.2444028253e-04 1.6565511729e+04 1.5707963268e+00 4.1623046700e+00
3.2462530581e-04 1.6573699507e+04 1.5707963268e+00 4.1644688084e+00
3.2481022369e-04 1.6581902561e+04 1.5707963268e+00 4.1666308075e+00
3.2499503619e-04 1.6590120898e+04 1.5707963268e+00 4.1687906665e+00
3.2517974334e-04 1.6598354526e+04 1.5707963268e+00 4.1709483845e+00
3.2536434517e-04 1.6606603453e+04 1.5707963268e+00 4.1731039608e+00
3.2554884172e-04 1.6614867687e+04 1.5707963268e+00 4.1752573946e+00
3.2573323300e-04 1.6623147236e+04 1.5707963268e+00 4.1774086851e+00
3.2591751906e-04 1.6631442107e+04 1.5707963268e+00 4.1795578315e+00
3.2610169991e-04 1.6639752309e+04 1.5707963268e+00 4.1817048330e+00
3.2628577560e-04 1.6648077848e+04 1.5707963268e+00 4.1838496890e+00
3.2646974615e-04 1.6656418734e+04 1.5707963268e+00 4.1859923987e+00
3.2665361159e-04 1.6664774972e+04 1.5707963268e+00 4.1881329614e+00
3.2683737196e-04 1.6673146571e+04 1.5707963268e+00 4.1902713762e+00
3.2702102729e-04 1.6681533538e+04 1.5707963268e+00 4.1924076426e+00
3.2720457761e-04 1.6689935880e+04 1.5707963268e+00 4.1945417598e+00
3.2738802295e-04 1.6698353605e+04 1.5707963268e+00 4.1966737272e+00
3.2757136335e-04 1.6706786720e+04 1.5707963268e+00 4.1988035439e+00
3.2775459885e-04 1.6715235232e+04 1.5707963268e+00 4.2009312095e+00
3.2793772947e-04 1.6723699148e+04 1.5707963268e+00 4.2030567232e+00
3.2812075526e-04 1.6732178475e+04 1.5707963268e+00 4.2051800843e+00
3.2830367624e-04 1.6740673220e+04 1.5707963268e+00 4.2073012922e+00
3.2848649246e-04 1.6749183390e+04 1.5707963268e+00 4.2094203463e+00
3.2866920394e-04 1.6757708992e+04 1.5707963268e+00 4.2115372459e+00
3.2885181074e-04 1.6766250033e+04 1.5707963268e+00 4.2136519905e+00
3.2903431287e-04 1.6774806518e+04 1.5707963268e+00 4.2157645794e+00
3.2921671039e-04 1.6783378456e+04 1.5707963268e+00 4.2178750120e+00
3.2939900333e-04 1.6791965853e+04 1.5707963268e+00 4.2199832877e+00
3.2958119172e-04 1.6800568714e+04 1.5707963268e+00 4.2220894060e+00
3.2976327561e-04 1.6809187048e+04 1.5707963268e+00 4.2241933663e+00
3.2994525504e-04 1.6817820859e+04 1.5707963268e+00 4.2262951680e+00
3.3012713004e-04 1.6826470154e+04 1.5707963268e+00 4.2283948106e+00
3.3030890065e-04 1.6835134940e+04 1.5707963268e+00 4.2304922935e+00
3.3049056692e-04 1.6843815223e+04 1.5707963268e+00 4.2325876163e+00
3.3067212889e-04 1.6852511009e+04 1.5707963268e+00 4.2346807783e+00
3.3085358659e-04 1.6861222303e+04 1.5707963268e+00 4.2367717790e+00
3.3103494007e-04 1.6869949113e+04 1.5707963268e+00 4.2388606181e+00
3.3121618938e-04 1.6878691444e+04 1.5707963268e+00 4.2409472949e+00
3.3139733454e-04 1.6887449301e+04 1.5707963268e+00 4.2430318090e+00
3.3157837561e-04 1.6896222692e+04 1.5707963268e+00 4.2451141599e+00
3.3175931263e-04 1.6905011620e+04 1.5707963268e+00 4.2471943472e+00
3.3194014564e-04 1.6913816093e+04 1.5707963268e+00 4.2492723704e+00
3.3212087468e-04 1.6922636116e+04 1.5707963268e+00 4.2513482290e+00
3.3230149981e-04 1.6931471694e+04 1.5707963268e+00 4.2534219226e+00
3.3248202106e-04 1.6940322833e+04 1.5707963268e+00 4.2554934508e+00
3.3266243849e-04 1.6949189538e+04 1.5707963268e+00 4.2575628132e+00
3.3284275212e-04 1.6958071814e+04 1.5707963268e+00 4.2596300093e+00
3.3302296202e-04 1.6966969668e+04 1.5707963268e+00 4.2616950388e+00
3.3320306823e-04 1.6975883104e+04 1.5707963268e+00 4.2637579012e+00
3.3338307079e-04 1.6984812127e+04 1.5707963268e+00 4.2658185962e+00
3.3356296975e-04 1.6993756743e+04 1.5707963268e+00 4.2678771235e+00
3.3374276517e-04 1.7002716957e+04 1.5707963268e+00 4.2699334826e+00
3.3392245708e-04 1.7011692773e+04 1.5707963268e+00 4.2719876733e+00
3.3410204553e-04 1.7020684196e+04 1.5707963268e+00 4.2740396950e+00
3.3428153058e-04 1.7029691232e+04 1.5707963268e+00 4.2760895477e+00
3.3446091226e-04 1.7038713885e+04 1.5707963268e+00 4.2781372308e+00
3.3464019065e-04 1.7047752160e+04 1.5707963268e+00 4.2801827441e+00
3.3481936577e-04 1.7056806061e+04 1.5707963268e+00 4.2822260874e+00
3.3499843768e-04 1.7065875593e+04 1.5707963268e+00 4.2842672602e+00
3.3517740644e-04 1.7074960762e+04 1.5707963268e+00 4.2863062623e+00
3.3535627208e-04 1.7084061570e+04 1.5707963268e+00 4.2883430935e+00
3.3553503467e-04 1.7093178023e+04 1.5707963268e+00 4.2903777535e+00
3.3571369426e-04 1.7102310125e+04 1.5707963268e+00 4.2924102419e+00
3.3589225089e-04 1.7111457880e+04 1.5707963268e+00 4.2944405587e+00
3.3607070463e-04 1.7120621292e+04 1.5707963268e+00 4.2964687034e+00
3.3624905551e-04 1.7129800366e+04 1.5707963268e+00 4.2984946760e+00
3.3642730360e-04 1.7138995106e+04 1.5707963268e+00 4.3005184762e+00
3.3660544895e-04 1.7148205515e+04 1.5707963268e+00 4.3025401037e+00
3.3678349161e-04 1.7157431598e+04 1.5707963268e+00 4.3045595584e+00
3.3696143164e-04 1.7166673359e+04 1.5707963268e+00 4.3065768401e+00
3.3713926909e-04 1.7175930801e+04 1.5707963268e+00 4.3085919486e+00
3.3731700401e-04 1.7185203928e+04 1.5707963268e+00 4.3106048837e+00
3.3749463646e-04 1.7194492744e+04 1.5707963268e+00 4.3126156453e+00
3.3767216650e-04 1.7203797252e+04 1.5707963268e+00 4.3146242332e+00
3.3784959418e-04 1.7213117456e+04 1.5707963268e+00 4.3166306473e+00
3.3802691956e-04 1.7222453360e+04 1.5707963268e+00 4.3186348874e+00
3.3820414270e-04 1.7231804967e+04 1.5707963268e+00 4.3206369535e+00
3.3838126364e-04 1.7241172280e+04 1.5707963268e+00 4.3226368453e+00
3.3855828246e-04 1.7250555303e+04 1.5707963268e+00 4.3246345629e+00
3.3873519920e-04 1.7259954038e+04 1.5707963268e+00 4.3266301060e+00
3.3891201392e-04 1.7269368490e+04 1.5707963268e+00 4.3286234746e+00
3.3908872669e-04 1.7278798661e+04 1.5707963268e+00 4.3306146687e+00
3.3926533756e-04 1.7288244554e+04 1.5707963268e+00 4.3326036881e+00
3.3944184659e-04 1.7297706173e+04 1.5707963268e+00 4.3345905329e+00
3.3961825384e-04 1.7307183519e+04 1.5707963268e+00 4.3365752029e+00
3.3979455937e-04 1.7316676597e+04 1.5707963268e+00 4.3385576981e+00
3.3997076324e-04 1.7326185409e+04 1.5707963268e+00 4.3405380185e+00
3.4014686551e-04 1.7335709957e+04 1.5707963268e+00 4.3425161640e+00
3.4032286623e-04 1.7345250244e+04 1.5707963268e+00 4.3444921347e+00
3.4049876548e-04 1.7354806273e+04 1.5707963268e+00 4.3464659306e+00
3.4067456331e-04 1.7364378047e+04 1.5707963268e+00 4.3484375516e+00
3.4085025979e-04 1.7373965567e+04 1.5707963268e+00 4.3504069977e+00
3.4102585497e-04 1.7383568837e+04 1.5707963268e+00 4.3523742691e+00
3.4120134892e-04 1.7393187858e+04 1.5707963268e+00 4.3543393657e+00
3.4137674171e-04 1.7402822633e+04 1.5707963268e+00 4.3563022875e+00
3.4155203338e-04 1.7412473165e+04 1.5707963268e+00 4.3582630347e+00
3.4172722402e-04 1.7422139454e+04 1.5707963268e+00 4.3602216072e+00
3.4190231367e-04 1.7431821504e+04 1.5707963268e+00 4.3621780052e+00
3.4207730241e-04 1.7441519316e+04 1.5707963268e+00 4.3641322287e+00
3.4225219030e-04 1.7451232893e+04 1.5707963268e+00 4.3660842779e+00
3.4242697740e-04 1.7460962236e+04 1.5707963268e+00 4.3680341528e+00
3.4260166378e-04 1.7470707346e+04 1.5707963268e+00 4.3699818535e+00
3.4277624951e-04 1.7480468227e+04 1.5707963268e+00 4.3719273801e+00
3.4295073464e-04 1.7490244879e+04 1.5707963268e+00 4.3738707328e+00
3.4312511925e-04 1.7500037305e+04 1.5707963268e+00 4.3758119117e+00
3.4329940340e-04 1.7509845505e+04 1.5707963268e+00 4.3777509170e+00
3.4347358716e-04 1.7519669481e+04 1.5707963268e+00 4.3796877488e+00
3.4364767060e-04 1.7529509236e+04 1.5707963268e+00 4.3816224072e+00
3.4382165377e-04 1.7539364769e+04 1.5707963268e+00 4.3835548924e+00
3.4399553676e-04 1.7549236082e+04 1.5707963268e+00 4.3854852047e+00
3.4416931962e-04 1.7559123178e+04 1.5707963268e+00 4.3874133442e+00
3.4434300242e-04 1.7569026056e+04 1.5707963268e+00 4.3893393111e+00
3.4451658524e-04 1.7578944718e+04 1.5707963268e+00 4.3912631056e+00
3.4469006814e-04 1.7588879166e+04 1.5707963268e+00 4.3931847279e+00
3.4486345119e-04 1.7598829399e+04 1.5707963268e+00 4.3951041783e+00
3.4503673446e-04 1.7608795420e+04 1.5707963268e+00 4.3970214570e+00
3.4520991802e-04 1.7618777228e+04 1.5707963268e+00 4.3989365642e+00
3.4538300194e-04 1.7628774825e+04 1.5707963268e+00 4.4008495002e+00
3.4555598629e-04 1.7638788211e+04 1.5707963268e+00 4.4027602652e+00
3.4572887113e-04 1.7648817388e+04 1.5707963268e+00 4.4046688596e+00
3.4590165655e-04 1.7658862356e+04 1.5707963268e+00 4.4065752835e+00
3.4607434260e-04 1.7668923114e+04 1.5707963268e+00 4.4084795374e+00
3.4624692937e-04 1.7678999665e+04 1.5707963268e+00 4.4103816214e+00
3.4641941692e-04 1.7689092008e+04 1.5707963268e+00 4.4122815359e+00
3.4659180533e-04 1.7699200143e+04 1.5707963268e+00 4.4141792812e+00
3.4676409466e-04 1.7709324072e+04 1.5707963268e+00 4.4160748577e+00
3.4693628500e-04 1.7719463793e+04 1.5707963268e+00 4.4179682656e+00
3.4710837640e-04 1.7729619309e+04 1.5707963268e+00 4.4198595053e+00
3.4728036895e-04 1.7739790617e+04 1.5707963268e+00 4.4217485772e+00
3.4745226272e-04 1.7749977719e+04 1.5707963268e+00 4.4236354816e+00
3.4762405778e-04 1.7760180615e+04 1.5707963268e+00 4.4255202189e+00
3.4779575421e-04 1.7770399304e+04 1.5707963268e+00 4.4274027894e+00
3.4796735207e-04 1.7780633787e+04 1.5707963268e+00 4.4292831936e+00
3.4813885145e-04 1.7790884062e+04 1.5707963268e+00 4.4311614319e+00
3.4831025242e-04 1.7801150131e+04 1.5707963268e+00 4.4330375045e+00
3.4848155505e-04 1.7811431992e+04 1.5707963268e+00 4.4349114121e+00
3.4865275942e-04 1.7821729646e+04 1.5707963268e+00 4.4367831549e+00
3.4882386560e-04 1.7832043091e+04 1.5707963268e+00 4.4386527334e+00
3.4899487368e-04 1.7842372327e+04 1.5707963268e+00 4.4405201481e+00
3.4916578371e-04 1.7852717355e+04 1.5707963268e+00 4.4423853994e+00
3.4933659579e-04 1.7863078172e+04 1.5707963268e+00 4.4442484877e+00
3.4950730998e-04 1.7873454779e+04 1.5707963268e+00 4.4461094135e+00
3.4967792637e-04 1.7883847174e+04 1.5707963268e+00 4.4479681773e+00
3.4984844503e-04 1.7894255357e+04 1.5707963268e+00 4.4498247796e+00
3.5001886604e-04 1.7904679328e+04 1.5707963268e+00 4.4516792209e+00
3.5018918948e-04 1.7915119084e+04 1.5707963268e+00 4.4535315016e+00
3.5035941541e-04 1.7925574625e+04 1.5707963268e+00 4.4553816223e+00
3.5052954393e-04 1.7936045950e+04 1.5707963268e+00 4.4572295834e+00
3.5069957511e-04 1.7946533059e+04 1.5707963268e+00 4.4590753856e+00
3.5086950902e-04 1.7957035949e+04 1.5707963268e+00 4.4609190293e+00
3.5103934575e-04 1.7967554619e+04 1.5707963268e+00 4.4627605151e+00
3.5120908538e-04 1.7978089068e+04 1.5707963268e+00 4.4645998435e+00
3.5137872798e-04 1.7988639296e+04 1.5707963268e+00 4.4664370151e+00
3.5154827364e-04 1.7999205299e+04 1.5707963268e+00 4.4682720304e+00
3.5171772243e-04 1.8009787078e+04 1.5707963268e+00 4.4701048901e+00
3.5188707443e-04 1.8020384630e+04 1.5707963268e+00 4.4719355947e+00
3.5205632972e-04 1.8030997954e+04 1.5707963268e+00 4.4737641448e+00
3.5222548839e-04 1.8041627047e+04 1.5707963268e+00 4.4755905410e+00
3.5239455051e-04 1.8052271910e+04 1.5707963268e+00 4.4774147840e+00
3.5256351617e-04 1.8062932538e+04 1.5707963268e+00 4.4792368742e+00
3.5273238545e-04 1.8073608932e+04 1.5707963268e+00 4.4810568124e+00
3.5290115842e-04 1.8084301088e+04 1.5707963268e+00 4.4828745993e+00
3.5306983517e-04 1.8095009005e+04 1.5707963268e+00 4.4846902353e+00
3.5323841578e-04 1.8105732681e+04 1.5707963268e+00 4.4865037212e+00
3.5340690033e-04 1.8116472114e+04 1.5707963268e+00 4.4883150577e+00
3.5357528891e-04 1.8127227301e+04 1.5707963268e+00 4.4901242454e+00
3.5374358160e-04 1.8137998241e+04 1.5707963268e+00 4.4919312849e+00
3.5391177848e-04 1.8148784931e+04 1.5707963268e+00 4.4937361771e+00
3.5407987962e-04 1.8159587369e+04 1.5707963268e+00 4.4955389224e+00
3.5424788513e-04 1.8170405552e+04 1.5707963268e+00 4.4973395218e+00
3.5441579507e-04 1.8181239478e+04 1.5707963268e+00 4.4991379758e+00
3.5458360954e-04 1.8192089145e+04 1.5707963268e+00 4.5009342852e+00
3.5475132861e-04 1.8202954550e+04 1.5707963268e+00 4.5027284506e+00
3.5491895237e-04 1.8213835690e+04 1.5707963268e+00 4.5045204730e+00
3.5508648091e-04 1.8224732563e+04 1.5707963268e+00 4.5063103529e+00
3.5525391431e-04 1.8235645165e+04 1.5707963268e+00 4.5080980911e+00
3.5542125264e-04 1.8246573495e+04 1.5707963268e+00 4.5098836884e+00
3.5558849601e-04 1.8257517549e+04 1.5707963268e+00 4.5116671455e+00
3.5575564449e-04 1.8268477325e+04 1.5707963268e+00 4.5134484632e+00
3.5592269817e-04 1.8279452818e+04 1.5707963268e+00 4.5152276424e+00
3.5608965713e-04 1.8290444028e+04 1.5707963268e+00 4.5170046837e+00
3.5625652146e-04 1.8301450949e+04 1.5707963268e+00 4.5187795879e+00
3.5642329125e-04 1.8312473580e+04 1.5707963268e+00 4.5205523560e+00
3.5658996657e-04 1.8323511917e+04 1.5707963268e+00 4.5223229887e+00
3.5675654753e-04 1.8334565956e+04 1.5707963268e+00 4.5240914867e+00
3.5692303419e-04 1.8345635695e+04 1.5707963268e+00 4.5258578510e+00
3.5708942666e-04 1.8356721130e+04 1.5707963268e+00 4.5276220824e+00
3.5725572501e-04 1.8367822258e+04 1.5707963268e+00 4.5293841816e+00
3.5742192934e-04 1.8378939074e+04 1.5707963268e+00 4.5311441497e+00
3.5758803973e-04 1.8390071577e+04 1.5707963268e+00 4.5329019873e+00
3.5775405627e-04 1.8401219761e+04 1.5707963268e+00 4.5346576954e+00
3.5791997904e-04 1.8412383624e+04 1.5707963268e+00 4.5364112749e+00
3.5808580814e-04 1.8423563161e+04 1.5707963268e+00 4.5381627266e+00
3.5825154364e-04 1.8434758369e+04 1.5707963268e+00 4.5399120515e+00
3.5841718565e-04 1.8445969244e+04 1.5707963268e+00 4.5416592504e+00
3.5858273425e-04 1.8457195782e+04 1.5707963268e+00 4.5434043241e+00
3.5874818952e-04 1.8468437980e+04 1.5707963268e+00 4.5451472738e+00
3.5891355155e-04 1.8479695832e+04 1.5707963268e+00 4.5468881002e+00
3.5907882044e-04 1.8490969336e+04 1.5707963268e+00 4.5486268042e+00
3.5924399627e-04 1.8502258487e+04 1.5707963268e+00 4.5503633869e+00
3.5940907914e-04 1.8513563281e+04 1.5707963268e+00 4.5520978491e+00
3.5957406912e-04 1.8524883714e+04 1.5707963268e+00 4.5538301919e+00
3.5973896632e-04 1.8536219781e+04 1.5707963268e+00 4.5555604160e+00
3.5990377081e-04 1.8547571478e+04 1.5707963268e+00 4.5572885227e+00
3.6006848270e-04 1.8558938801e+04 1.5707963268e+00 4.5590145127e+00
3.6023310206e-04 1.8570321745e+04 1.5707963268e+00 4.5607383870e+00
3.6039762900e-04 1.8581720306e+04 1.5707963268e+00 4.5624601468e+00
3.6056206360e-04 1.8593134480e+04 1.5707963268e+00 4.5641797929e+00
3.6072640595e-04 1.8604564261e+04 1.5707963268e+00 4.5658973263e+00
3.6089065613e-04 1.8616009645e+04 1.5707963268e+00 4.5676127481e+00
3.6105481426e-04 1.8627470627e+04 1.5707963268e+00 4.5693260593e+00
3.6121888040e-04 1.8638947203e+04 1.5707963268e+00 4.5710372608e+00
3.6138285466e-04 1.8650439368e+04 1.5707963268e+00 4.5727463538e+00
3.6154673713e-04 1.8661947116e+04 1.5707963268e+00 4.5744533392e+00
3.6171052790e-04 1.8673470443e+04 1.5707963268e+00 4.5761582182e+00
3.6187422705e-04 1.8685009345e+04 1.5707963268e+00 4.5778609917e+00
3.6203783468e-04 1.8696563815e+04 1.5707963268e+00 4.5795616608e+00
3.6220135089e-04 1.8708133849e+04 1.5707963268e+00 4.5812602265e+00
3.6236477576e-04 1.8719719442e+04 1.5707963268e+00 4.5829566901e+00
3.6252810939e-04 1.8731320589e+04 1.5707963268e+00 4.5846510524e+00
3.6269135187e-04 1.8742937283e+04 1.5707963268e+00 4.5863433147e+00
3.6285450329e-04 1.8754569521e+04 1.5707963268e+00 4.5880334779e+00
3.6301756375e-04 1.8766217297e+04 1.5707963268e+00 4.5897215433e+00
3.6318053333e-04 1.8777880604e+04 1.5707963268e+00 4.5914075119e+00
3.6334341214e-04 1.8789559439e+04 1.5707963268e+00 4.5930913848e+00
3.6350620025e-04 1.8801253794e+04 1.5707963268e+00 4.5947731631e+00
3.6366889778e-04 1.8812963666e+04 1.5707963268e+00 4.5964528480e+00
3.6383150480e-04 1.8824689047e+04 1.5707963268e+00 4.5981304406e+00
3.6399402142e-04 1.8836429934e+04 1.5707963268e+00 4.5998059421e+00
3.6415644773e-04 1.8848186318e+04 1.5707963268e+00 4.6014793535e+00
3.6431878381e-04 1.8859958196e+04 1.5707963268e+00 4.6031506761e+00
3.6448102977e-04 1.8871745561e+04 1.5707963268e+00 4.6048199110e+00
3.6464318570e-04 1.8883548408e+04 1.5707963268e+00 4.6064870594e+00
3.6480525170e-04 1.8895366729e+04 1.5707963268e+00 4.6081521224e+00
3.6496722785e-04 1.8907200521e+04 1.5707963268e+00 4.6098151013e+00
3.6512911425e-04 1.8919049775e+04 1.5707963268e+00 4.6114759972e+00
3.6529091100e-04 1.8930914487e+04 1.5707963268e+00 4.6131348112e+00
3.6545261819e-04 1.8942794651e+04 1.5707963268e+00 4.6147915448e+00
3.6561423592e-04 1.8954690259e+04 1.5707963268e+00 4.6164461989e+00
3.6577576428e-04 1.8966601306e+04 1.5707963268e+00 4.6180987748e+00
3.6593720336e-04 1.8978527786e+04 1.5707963268e+00 4.6197492739e+00
3.6609855327e-04 1.8990469692e+04 1.5707963268e+00 4.6213976972e+00
3.6625981409e-04 1.9002427018e+04 1.5707963268e+00 4.6230440460e+00
3.6642098592e-04 1.9014399757e+04 1.5707963268e+00 4.6246883216e+00
3.6658206886e-04 1.9026387904e+04 1.5707963268e+00 4.6263305251e+00
3.6674306300e-04 1.9038391451e+04 1.5707963268e+00 4.6279706580e+00
3.6690396844e-04 1.9050410392e+04 1.5707963268e+00 4.6296087213e+00
3.6706478528e-04 1.9062444720e+04 1.5707963268e+00 4.6312447165e+00
3.6722551361e-04 1.9074494429e+04 1.5707963268e+00 4.6328786447e+00
3.6738615352e-04 1.9086559512e+04 1.5707963268e+00 4.6345105072e+00
3.6754670512e-04 1.9098639962e+04 1.5707963268e+00 4.6361403053e+00
3.6770716849e-04 1.9110735772e+04 1.5707963268e+00 4.6377680403e+00
3.6786754375e-04 1.9122846936e+04 1.5707963268e+00 4.6393937136e+00
3.6802783097e-04 1.9134973447e+04 1.5707963268e+00 4.6410173263e+00
3.6818803026e-04 1.9147115297e+04 1.5707963268e+00 4.6426388799e+00
3.6834814172e-04 1.9159272480e+04 1.5707963268e+00 4.6442583755e+00
3.6850816544e-04 1.9171444989e+04 1.5707963268e+00 4.6458758147e+00
3.6866810152e-04 1.9183632816e+04 1.5707963268e+00 4.6474911986e+00
3.6882795005e-04 1.9195835955e+04 1.5707963268e+00 4.6491045286e+00
3.6898771114e-04 1.9208054398e+04 1.5707963268e+00 4.6507158061e+00
3.6914738488e-04 1.9220288138e+04 1.5707963268e+00 4.6523250323e+00
3.6930697137e-04 1.9232537167e+04 1.5707963268e+00 4.6539322087e+00
3.6946647070e-04 1.9244801479e+04 1.5707963268e+00 4.6555373366e+00
3.6962588297e-04 1.9257081066e+04 1.5707963268e+00 4.6571404174e+00
3.6978520829e-04 1.9269375921e+04 1.5707963268e+00 4.6587414524e+00
3.6994444674e-04 1.9281686035e+04 1.5707963268e+00 4.6603404430e+00
3.7010359843e-04 1.9294011403e+04 1.5707963268e+00 4.6619373907e+00
3.7026266345e-04 1.9306352015e+04 1.5707963268e+00 4.6635322967e+00
3.7042164190e-04 1.9318707865e+04 1.5707963268e+00 4.6651251624e+00
3.7058053388e-04 1.9331078945e+04 1.5707963268e+00 4.6667159893e+00
3.7073933949e-04 1.9343465246e+04 1.5707963268e+00 4.6683047788e+00
3.7089805883e-04 1.9355866763e+04 1.5707963268e+00 4.6698915323e+00
3.7105669199e-04 1.9368283485e+04 1.5707963268e+00 4.6714762512e+00
3.7121523907e-04 1.9380715407e+04 1.5707963268e+00 4.6730589369e+00
3.7137370018e-04 1.9393162519e+04 1.5707963268e+00 4.6746395908e+00
3.7153207540e-04 1.9405624815e+04 1.5707963268e+00 4.6762182144e+00
3.7169036484e-04 1.9418102285e+04 1.5707963268e+00 4.6777948091e+00
3.7184856860e-04 1.9430594923e+04 1.5707963268e+00 4.6793693764e+00
3.7200668677e-04 1.9443102719e+04 1.5707963268e+00 4.6809419177e+00
3.7216471946e-04 1.9455625667e+04 1.5707963268e+00 4.6825124344e+00
3.7232266676e-04 1.9468163757e+04 1.5707963268e+00 4.6840809281e+00
3.7248052877e-04 1.9480716981e+04 1.5707963268e+00 4.6856474001e+00
3.7263830559e-04 1.9493285332e+04 1.5707963268e+00 4.6872118520e+00
3.7279599732e-04 1.9505868802e+04 1.5707963268e+00 4.6887742852e+00
3.7295360407e-04 1.9518467381e+04 1.5707963268e+00 4.6903347012e+00
3.7311112592e-04 1.9531081061e+04 1.5707963268e+00 4.6918931016e+00
3.7326856298e-04 1.9543709834e+04 1.5707963268e+00 4.6934494877e+00
3.7342591534e-04 1.9556353692e+04 1.5707963268e+00 4.6950038611e+00
3.7358318311e-04 1.9569012627e+04 1.5707963268e+00 4.6965562233e+00
3.7374036639e-04 1.9581686628e+04 1.5707963268e+00 4.6981065758e+00
3.7389746528e-04 1.9594375689e+04 1.5707963268e+00 4.6996549200e+00
3.7405447986e-04 1.9607079800e+04 1.5707963268e+00 4.7012012577e+00
3.7421141026e-04 1.9619798954e+04 1.5707963268e+00 4.7027455901e+00
3.7436825656e-04 1.9632533140e+04 1.5707963268e+00 4.7042879190e+00
3.7452501886e-04 1.9645282350e+04 1.5707963268e+00 4.7058282457e+00
3.7468169727e-04 1.9658046577e+04 1.5707963268e+00 4.7073665719e+00
3.7483829188e-04 1.9670825810e+04 1.5707963268e+00 4.7089028991e+00
3.7499480279e-04 1.9683620041e+04 1.5707963268e+00 4.7104372288e+00
3.7515123011e-04 1.9696429261e+04 1.5707963268e+00 4.7119695627e+00
3.7530757393e-04 1.9709253461e+04 1.5707963268e+00 4.7134999021e+00
3.7546383436e-04 1.9722092633e+04 1.5707963268e+00 4.7150282488e+00
3.7562001149e-04 1.9734946766e+04 1.5707963268e+00 4.7165546043e+00
3.7577610543e-04 1.9747815853e+04 1.5707963268e+00 4.7180789701e+00
3.7593211627e-04 1.9760699884e+04 1.5707963268e+00 4.7196013479e+00
3.7608804411e-04 1.9773598850e+04 1.5707963268e+00 4.7211217391e+00
3.7624388906e-04 1.9786512741e+04 1.5707963268e+00 4.7226401455e+00
3.7639965122e-04 1.9799441549e+04 1.5707963268e+00 4.7241565686e+00
3.7655533068e-04 1.9812385265e+04 1.5707963268e+00 4.7256710100e+00
3.7671092755e-04 1.9825343878e+04 1.5707963268e+00 4.7271834712e+00
3.7686644193e-04 1.9838317380e+04 1.5707963268e+00 4.7286939540e+00
3.7702187391e-04 1.9851305762e+04 1.5707963268e+00 4.7302024599e+00
3.7717722360e-04 1.9864309013e+04 1.5707963268e+00 4.7317089905e+00
3.7733249110e-04 1.9877327125e+04 1.5707963268e+00 4.7332135474e+00
3.7748767651e-04 1.9890360088e+04 1.5707963268e+00 4.7347161323e+00
3.7764277993e-04 1.9903407892e+04 1.5707963268e+00 4.7362167468e+00
3.7779780146e-04 1.9916470529e+04 1.5707963268e+00 4.7377153926e+00
3.7795274121e-04 1.9929547987e+04 1.5707963268e+00 4.7392120712e+00
3.7810759926e-04 1.9942640259e+04 1.5707963268e+00 4.7407067844e+00
3.7826237573e-04 1.9955747333e+04 1.5707963268e+00 4.7421995337e+00
3.7841707071e-04 1.9968869201e+04 1.5707963268e+00 4.7436903208e+00
3.7857168431e-04 1.9982005853e+04 1.5707963268e+00 4.7451791474e+00
3.7872621662e-04 1.9995157278e+04 1.5707963268e+00 4.7466660151e+00
3.7888066775e-04 2.0008323468e+04 1.5707963268e+00 4.7481509256e+00
3.7903503779e-04 2.0021504412e+04 1.5707963268e+00 4.7496338806e+00
3.7918932686e-04 2.0034700100e+04 1.5707963268e+00 4.7511148817e+00
3.7934353504e-04 2.0047910522e+04 1.5707963268e+00 4.7525939306e+00
3.7949766244e-04 2.0061135669e+04 1.5707963268e+00 4.7540710291e+00
3.7965170917e-04 2.0074375531e+04 1.5707963268e+00 4.7555461787e+00
3.7980567532e-04 2.0087630097e+04 1.5707963268e+00 4.7570193812e+00
3.7995956099e-04 2.0100899357e+04 1.5707963268e+00 4.7584906383e+00
3.8011336629e-04 2.0114183302e+04 1.5707963268e+00 4.7599599516e+00
3.8026709131e-04 2.0127481921e+04 1.5707963268e+00 4.7614273229e+00
3.8042073617e-04 2.0140795204e+04 1.5707963268e+00 4.7628927539e+00
3.8057430094e-04 2.0154123141e+04 1.5707963268e+00 4.7643562462e+00
3.8072778575e-04 2.0167465721e+04 1.5707963268e+00 4.7658178017e+00
3.8088119069e-04 2.0180822935e+04 1.5707963268e+00 4.7672774220e+00
3.8103451586e-04 2.0194194772e+04 1.5707963268e+00 4.7687351088e+00
3.8118776137e-04 2.0207581221e+04 1.5707963268e+00 4.7701908639e+00
3.8134092731e-04 2.0220982273e+04 1.5707963268e+00 4.7716446890e+00
3.8149401378e-04 2.0234397917e+04 1.5707963268e+00 4.7730965858e+00
3.8164702089e-04 2.0247828142e+04 1.5707963268e+00 4.7745465561e+00
3.8179994874e-04 2.0261272939e+04 1.5707963268e+00 4.7759946017e+00
3.8195279743e-04 2.0274732296e+04 1.5707963268e+00 4.7774407241e+00
3.8210556706e-04 2.0288206202e+04 1.5707963268e+00 4.7788849253e+00
3.8225825773e-04 2.0301694649e+04 1.5707963268e+00 4.7803272070e+00
3.8241086954e-04 2.0315197624e+04 1.5707963268e+00 4.7817675709e+00
3.8256340260e-04 2.0328715118e+04 1.5707963268e+00 4.7832060187e+00
3.8271585700e-04 2.0342247119e+04 1.5707963268e+00 4.7846425524e+00
3.8286823285e-04 2.0355793617e+04 1.5707963268e+00 4.7860771735e+00
3.8302053025e-04 2.0369354601e+04 1.5707963268e+00 4.7875098839e+00
3.8317274930e-04 2.0382930060e+04 1.5707963268e+00 4.7889406854e+00
3.8332489010e-04 2.0396519985e+04 1.5707963268e+00 4.7903695797e+00
3.8347695275e-04 2.0410124363e+04 1.5707963268e+00 4.7917965686e+00
3.8362893735e-04 2.0423743183e+04 1.5707963268e+00 4.7932216540e+00
3.8378084401e-04 2.0437376436e+04 1.5707963268e+00 4.7946448376e+00
3.8393267283e-04 2.0451024111e+04 1.5707963268e+00 4.7960661211e+00
3.8408442390e-04 2.0464686195e+04 1.5707963268e+00 4.7974855065e+00
3.8423609733e-04 2.0478362679e+04 1.5707963268e+00 4.7989029954e+00
3.8438769322e-04 2.0492053551e+04 1.5707963268e+00 4.8003185897e+00
3.8453921168e-04 2.0505758800e+04 1.5707963268e+00 4.8017322912e+00
3.8469065279e-04 2.0519478415e+04 1.5707963268e+00 4.8031441018e+00
3.8484201667e-04 2.0533212385e+04 1.5707963268e+00 4.8045540231e+00
3.8499330341e-04 2.0546960700e+04 1.5707963268e+00 4.8059620571e+00
3.8514451312e-04 2.0560723347e+04 1.5707963268e+00 4.8073682056e+00
3.8529564590e-04 2.0574500316e+04 1.5707963268e+00 4.8087724703e+00
3.8544670184e-04 2.0588291595e+04 1.5707963268e+00 4.8101748532e+00
3.8559768106e-04 2.0602097173e+04 1.5707963268e+00 4.8115753560e+00
3.8574858364e-04 2.0615917040e+04 1.5707963268e+00 4.8129739805e+00
3.8589940970e-04 2.0629751183e+04 1.5707963268e+00 4.8143707287e+00
3.8605015933e-04 2.0643599591e+04 1.5707963268e+00 4.8157656023e+00
3.8620083264e-04 2.0657462253e+04 1.5707963268e+00 4.8171586032e+00
3.8635142972e-04 2.0671339158e+04 1.5707963268e+00 4.8185497333e+00
3.8650195067e-04 2.0685230294e+04 1.5707963268e+00 4.8199389943e+00
3.8665239561e-04 2.0699135650e+04 1.5707963268e+00 4.8213263882e+00
3.8680276462e-04 2.0713055214e+04 1.5707963268e+00 4.8227119167e+00
3.8695305781e-04 2.0726988975e+04 1.5707963268e+00 4.8240955818e+00
3.8710327529e-04 2.0740936921e+04 1.5707963268e+00 4.8254773853e+00
3.8725341714e-04 2.0754899041e+04 1.5707963268e+00 4.8268573291e+00
3.8740348348e-04 2.0768875324e+04 1.5707963268e+00 4.8282354150e+00
3.8755347440e-04 2.0782865756e+04 1.5707963268e+00 4.8296116449e+00
3.8770339001e-04 2.0796870328e+04 1.5707963268e+00 4.8309860206e+00
3.8785323040e-04 2.0810889027e+04 1.5707963268e+00 4.8323585442e+00
3.8800299567e-04 2.0824921842e+04 1.5707963268e+00 4.8337292173e+00
3.8815268594e-04 2.0838968761e+04 1.5707963268e+00 4.8350980420e+00
3.8830230129e-04 2.0853029772e+04 1.5707963268e+00 4.8364650200e+00
3.8845184183e-04 2.0867104864e+04 1.5707963268e+00 4.8378301533e+00
3.8860130766e-04 2.0881194024e+04 1.5707963268e+00 4.8391934438e+00
3.8875069889e-04 2.0895297241e+04 1.5707963268e+00 4.8405548933e+00
3.8890001560e-04 2.0909414503e+04 1.5707963268e+00 4.8419145038e+00
3.8904925790e-04 2.0923545799e+04 1.5707963268e+00 4.8432722771e+00
3.8919842590e-04 2.0937691116e+04 1.5707963268e+00 4.8446282152e+00
3.8934751969e-04 2.0951850442e+04 1.5707963268e+00 4.8459823199e+00
3.8949653937e-04 2.0966023767e+04 1.5707963268e+00 4.8473345932e+00
3.8964548504e-04 2.0980211076e+04 1.5707963268e+00 4.8486850369e+00
3.8979435682e-04 2.0994412359e+04 1.5707963268e+00 4.8500336529e+00
3.8994315478e-04 2.1008627604e+04 1.5707963268e+00 4.8513804433e+00
3.9009187904e-04 2.1022856799e+04 1.5707963268e+00 4.8527254098e+00
3.9024052970e-04 2.1037099931e+04 1.5707963268e+00 4.8540685544e+00
3.9038910685e-04 2.1051356989e+04 1.5707963268e+00 4.8554098791e+00
3.9053761061e-04 2.1065627960e+04 1.5707963268e+00 4.8567493856e+00
3.9068604105e-04 2.1079912833e+04 1.5707963268e+00 4.8580870761e+00
3.9083439830e-04 2.1094211594e+04 1.5707963268e+00 4.8594229523e+00
3.9098268244e-04 2.1108524233e+04 1.5707963268e+00 4.8607570163e+00
3.9113089358e-04 2.1122850737e+04 1.5707963268e+00 4.8620892699e+00
3.9127903182e-04 2.1137191093e+04 1.5707963268e+00 4.8634197151e+00
3.9142709725e-04 2.1151545290e+04 1.5707963268e+00 4.8647483538e+00
3.9157508998e-04 2.1165913315e+04 1.5707963268e+00 4.8660751879e+00
3.9172301011e-04 2.1180295156e+04 1.5707963268e+00 4.8674002195e+00
3.9187085774e-04 2.1194690800e+04 1.5707963268e+00 4.8687234504e+00
3.9201863297e-04 2.1209100236e+04 1.5707963268e+00 4.8700448825e+00
3.9216633589e-04 2.1223523451e+04 1.5707963268e+00 4.8713645179e+00
3.9231396661e-04 2.1237960432e+04 1.5707963268e+00 4.8726823584e+00
3.9246152523e-04 2.1252411168e+04 1.5707963268e+00 4.8739984061e+00
3.9260901184e-04 2.1266875646e+04 1.5707963268e+00 4.8753126628e+00
3.9275642656e-04 2.1281353853e+04 1.5707963268e+00 4.8766251305e+00
3.9290376946e-04 2.1295845777e+04 1.5707963268e+00 4.8779358113e+00
3.9305104067e-04 2.1310351406e+04 1.5707963268e+00 4.8792447069e+00
3.9319824027e-04 2.1324870727e+04 1.5707963268e+00 4.8805518195e+00
3.9334536836e-04 2.1339403727e+04 1.5707963268e+00 4.8818571509e+00
3.9349242505e-04 2.1353950395e+04 1.5707963268e+00 4.8831607032e+00
3.9363941043e-04 2.1368510717e+04 1.5707963268e+00 4.8844624782e+00
3.9378632461e-04 2.1383084681e+04 1.5707963268e+00 4.8857624780e+00
3.9393316768e-04 2.1397672274e+04 1.5707963268e+00 4.8870607045e+00
3.9407993973e-04 2.1412273485e+04 1.5707963268e+00 4.8883571597e+00
3.9422664088e-04 2.1426888299e+04 1.5707963268e+00 4.8896518455e+00
3.9437327122e-04 2.1441516705e+04 1.5707963268e+00 4.8909447640e+00
3.9451983085e-04 2.1456158690e+04 1.5707963268e+00 4.8922359171e+00
3.9466631987e-04 2.1470814242e+04 1.5707963268e+00 4.8935253068e+00
3.9481273837e-04 2.1485483346e+04 1.5707963268e+00 4.8948129351e+00
3.9495908646e-04 2.1500165992e+04 1.5707963268e+00 4.8960988040e+00
3.9510536424e-04 2.1514862166e+04 1.5707963268e+00 4.8973829153e+00
3.9525157180e-04 2.1529571855e+04 1.5707963268e+00 4.8986652712e+00
3.9539770924e-04 2.1544295047e+04 1.5707963268e+00 4.8999458737e+00
3.9554377666e-04 2.1559031729e+04 1.5707963268e+00 4.9012247246e+00
3.9568977416e-04 2.1573781887e+04 1.5707963268e+00 4.9025018260e+00
3.9583570184e-04 2.1588545510e+04 1.5707963268e+00 4.9037771798e+00
3.9598155979e-04 2.1603322585e+04 1.5707963268e+00 4.9050507882e+00
3.9612734812e-04 2.1618113098e+04 1.5707963268e+00 4.9063226530e+00
3.9627306693e-04 2.1632917036e+04 1.5707963268e+00 4.9075927762e+00
3.9641871630e-04 2.1647734388e+04 1.5707963268e+00 4.9088611600e+00
3.9656429635e-04 2.1662565139e+04 1.5707963268e+00 4.9101278061e+00
3.9670980716e-04 2.1677409278e+04 1.5707963268e+00 4.9113927168e+00
3.9685524884e-04 2.1692266790e+04 1.5707963268e+00 4.9126558939e+00
3.9700062148e-04 2.1707137664e+04 1.5707963268e+00 4.9139173394e+00
3.9714592519e-04 2.1722021885e+04 1.5707963268e+00 4.9151770554e+00
3.9729116006e-04 2.1736919442e+04 1.5707963268e+00 4.9164350439e+00
3.9743632618e-04 2.1751830321e+04 1.5707963268e+00 4.9176913068e+00
3.9758142366e-04 2.1766754510e+04 1.5707963268e+00 4.9189458463e+00
3.9772645259e-04 2.1781691994e+04 1.5707963268e+00 4.9201986642e+00
3.9787141308e-04 2.1796642762e+04 1.5707963268e+00 4.9214497626e+00
3.9801630521e-04 2.1811606799e+04 1.5707963268e+00 4.9226991435e+00
3.9816112909e-04 2.1826584094e+04 1.5707963268e+00 4.9239468090e+00
3.9830588482e-04 2.1841574632e+04 1.5707963268e+00 4.9251927610e+00
3.9845057248e-04 2.1856578401e+04 1.5707963268e+00 4.9264370016e+00
3.9859519219e-04 2.1871595388e+04 1.5707963268e+00 4.9276795327e+00
3.9873974403e-04 2.1886625580e+04 1.5707963268e+00 4.9289203564e+00
3.9888422810e-04 2.1901668962e+04 1.5707963268e+00 4.9301594747e+00
3.9902864450e-04 2.1916725523e+04 1.5707963268e+00 4.9313968897e+00
3.9917299333e-04 2.1931795249e+04 1.5707963268e+00 4.9326326033e+00
3.9931727468e-04 2.1946878127e+04 1.5707963268e+00 4.9338666176e+00
3.9946148866e-04 2.1961974144e+04 1.5707963268e+00 4.9350989346e+00
3.9960563535e-04 2.1977083286e+04 1.5707963268e+00 4.9363295562e+00
3.9974971486e-04 2.1992205541e+04 1.5707963268e+00 4.9375584847e+00
3.9989372728e-04 2.2007340894e+04 1.5707963268e+00 4.9387857219e+00
4.0003767270e-04 2.2022489333e+04 1.5707963268e+00 4.9400112699e+00
4.0018155123e-04 2.2037650845e+04 1.5707963268e+00 4.9412351307e+00
4.0032536296e-04 2.2052825416e+04 1.5707963268e+00 4.9424573064e+00
4.0046910799e-04 2.2068013032e+04 1.5707963268e+00 4.9436777989e+00
4.0061278641e-04 2.2083213682e+04 1.5707963268e+00 4.9448966104e+00
4.0075639832e-04 2.2098427350e+04 1.5707963268e+00 4.9461137428e+00
4.0089994382e-04 2.2113654025e+04 1.5707963268e+00 4.9473291982e+00
4.0104342300e-04 2.2128893692e+04 1.5707963268e+00 4.9485429785e+00
4.0118683595e-04 2.2144146339e+04 1.5707963268e+00 4.9497550860e+00
4.0133018278e-04 2.2159411951e+04 1.5707963268e+00 4.9509655225e+00
4.0147346358e-04 2.2174690516e+04 1.5707963268e+00 4.9521742901e+00
4.0161667845e-04 2.2189982020e+04 1.5707963268e+00 4.9533813909e+00
4.0175982747e-04 2.2205286450e+04 1.5707963268e+00 4.9545868268e+00
4.0190291075e-04 2.2220603792e+04 1.5707963268e+00 4.9557906000e+00
4.0204592839e-04 2.2235934033e+04 1.5707963268e+00 4.9569927124e+00
4.0218888047e-04 2.2251277159e+04 1.5707963268e+00 4.9581931662e+00
4.0233176709e-04 2.2266633158e+04 1.5707963268e+00 4.9593919632e+00
4.0247458836e-04 2.2282002015e+04 1.5707963268e+00 4.9605891057e+00
4.0261734435e-04 2.2297383717e+04 1.5707963268e+00 4.9617845955e+00
4.0276003517e-04 2.2312778251e+04 1.5707963268e+00 4.9629784349e+00
4.0290266092e-04 2.2328185603e+04 1.5707963268e+00 4.9641706257e+00
4.0304522169e-04 2.2343605760e+04 1.5707963268e+00 4.9653611701e+00
4.0318771757e-04 2.2359038708e+04 1.5707963268e+00 4.9665500700e+00
4.0333014865e-04 2.2374484433e+04 1.5707963268e+00 4.9677373276e+00
4.0347251504e-04 2.2389942923e+04 1.5707963268e+00 4.9689229449e+00
4.0361481683e-04 2.2405414163e+04 1.5707963268e+00 4.9701069238e+00
4.0375705411e-04 2.2420898140e+04 1.5707963268e+00 4.9712892666e+00
4.0389922697e-04 2.2436394841e+04 1.5707963268e+00 4.9724699751e+00
4.0404133551e-04 2.2451904252e+04 1.5707963268e+00 4.9736490515e+00
4.0418337983e-04 2.2467426359e+04 1.5707963268e+00 4.9748264979e+00
4.0432536002e-04 2.2482961149e+04 1.5707963268e+00 4.9760023161e+00
4.0446727617e-04 2.2498508608e+04 1.5707963268e+00 4.9771765084e+00
4.0460912838e-04 2.2514068722e+04 1.5707963268e+00 4.9783490766e+00
4.0475091674e-04 2.2529641479e+04 1.5707963268e+00 4.9795200230e+00
4.0489264134e-04 2.2545226864e+04 1.5707963268e+00 4.9806893495e+00
4.0503430229e-04 2.2560824863e+04 1.5707963268e+00 4.9818570582e+00
4.0517589966e-04 2.2576435464e+04 1.5707963268e+00 4.9830231512e+00
4.0531743356e-04 2.2592058652e+04 1.5707963268e+00 4.9841876304e+00
4.0545890408e-04 2.2607694414e+04 1.5707963268e+00 4.9853504979e+00
4.0560031131e-04 2.2623342737e+04 1.5707963268e+00 4.9865117558e+00
4.0574165535e-04 2.2639003605e+04 1.5707963268e+00 4.9876714062e+00
4.0588293629e-04 2.2654677007e+04 1.5707963268e+00 4.9888294510e+00
4.0602415422e-04 2.2670362928e+04 1.5707963268e+00 4.9899858924e+00
4.0616530923e-04 2.2686061354e+04 1.5707963268e+00 4.9911407323e+00
4.0630640142e-04 2.2701772272e+04 1.5707963268e+00 4.9922939729e+00
4.0644743088e-04 2.2717495668e+04 1.5707963268e+00 4.9934456161e+00
4.0658839771e-04 2.2733231529e+04 1.5707963268e+00 4.9945956641e+00
4.0672930199e-04 2.2748979840e+04 1.5707963268e+00 4.9957441188e+00
4.0687014382e-04 2.2764740588e+04 1.5707963268e+00 4.9968909824e+00
4.0701092330e-04 2.2780513759e+04 1.5707963268e+00 4.9980362569e+00
4.0715164050e-04 2.2796299340e+04 1.5707963268e+00 4.9991799442e+00
4.0729229554e-04 2.2812097317e+04 1.5707963268e+00 5.0003220466e+00
4.0743288849e-04 2.2827907675e+04 1.5707963268e+00 5.0014625660e+00
4.0757341945e-04 2.2843730402e+04 1.5707963268e+00 5.0026015045e+00
4.0771388851e-04 2.2859565483e+04 1.5707963268e+00 5.0037388641e+00
4.0785429577e-04 2.2875412905e+04 1.5707963268e+00 5.0048746469e+00
4.0799464131e-04 2.2891272654e+04 1.5707963268e+00 5.0060088550e+00
4.0813492523e-04 2.2907144717e+04 1.5707963268e+00 5.0071414903e+00
4.0827514762e-04 2.2923029078e+04 1.5707963268e+00 5.0082725549e+00
4.0841530857e-04 2.2938925726e+04 1.5707963268e+00 5.0094020510e+00
4.0855540818e-04 2.2954834645e+04 1.5707963268e+00 5.0105299805e+00
4.0869544652e-04 2.2970755822e+04 1.5707963268e+00 5.0116563454e+00
4.0883542370e-04 2.2986689243e+04 1.5707963268e+00 5.0127811479e+00
4.0897533981e-04 2.3002634895e+04 1.5707963268e+00 5.0139043900e+00
4.0911519494e-04 2.3018592764e+04 1.5707963268e+00 5.0150260737e+00
4.0925498917e-04 2.3034562835e+04 1.5707963268e+00 5.0161462011e+00
4.0939472260e-04 2.3050545096e+04 1.5707963268e+00 5.0172647743e+00
4.0953439532e-04 2.3066539531e+04 1.5707963268e+00 5.0183817952e+00
4.0967400742e-04 2.3082546128e+04 1.5707963268e+00 5.0194972659e+00
4.0981355899e-04 2.3098564873e+04 1.5707963268e+00 5.0206111886e+00
4.0995305012e-04 2.3114595751e+04 1.5707963268e+00 5.0217235651e+00
4.1009248091e-04 2.3130638749e+04 1.5707963268e+00 5.0228343977e+00
4.1023185143e-04 2.3146693853e+04 1.5707963268e+00 5.0239436882e+00
4.1037116179e-04 2.3162761050e+04 1.5707963268e+00 5.0250514388e+00
4.1051041207e-04 2.3178840324e+04 1.5707963268e+00 5.0261576516e+00
4.1064960237e-04 2.3194931663e+04 1.5707963268e+00 5.0272623285e+00
4.1078873276e-04 2.3211035053e+04 1.5707963268e+00 5.0283654716e+00
4.1092780335e-04 2.3227150479e+04 1.5707963268e+00 5.0294670830e+00
4.1106681421e-04 2.3243277929e+04 1.5707963268e+00 5.0305671647e+00
4.1120576545e-04 2.3259417387e+04 1.5707963268e+00 5.0316657187e+00
4.1134465715e-04 2.3275568841e+04 1.5707963268e+00 5.0327627471e+00
4.1148348940e-04 2.3291732276e+04 1.5707963268e+00 5.0338582520e+00
4.1162226228e-04 2.3307907678e+04 1.5707963268e+00 5.0349522353e+00
4.1176097590e-04 2.3324095034e+04 1.5707963268e+00 5.0360446992e+00
4.1189963033e-04 2.3340294329e+04 1.5707963268e+00 5.0371356456e+00
4.1203822567e-04 2.3356505551e+04 1.5707963268e+00 5.0382250766e+00
4.1217676200e-04 2.3372728684e+04 1.5707963268e+00 5.0393129943e+00
4.1231523942e-04 2.3388963715e+04 1.5707963268e+00 5.0403994007e+00
4.1245365801e-04 2.3405210630e+04 1.5707963268e+00 5.0414842978e+00
4.1259201786e-04 2.3421469416e+04 1.5707963268e+00 5.0425676877e+00
4.1273031906e-04 2.3437740058e+04 1.5707963268e+00 5.0436495724e+00
4.1286856170e-04 2.3454022542e+04 1.5707963268e+00 5.0447299539e+00
4.1300674586e-04 2.3470316855e+04 1.5707963268e+00 5.0458088343e+00
4.1314487164e-04 2.3486622983e+04 1.5707963268e+00 5.0468862157e+00
4.1328293912e-04 2.3502940911e+04 1.5707963268e+00 5.0479621000e+00
4.1342094839e-04 2.3519270627e+04 1.5707963268e+00 5.0490364894e+00
4.1355889953e-04 2.3535612115e+04 1.5707963268e+00 5.0501093858e+00
4.1369679265e-04 2.3551965363e+04 1.5707963268e+00 5.0511807912e+00
4.1383462781e-04 2.3568330355e+04 1.5707963268e+00 5.0522507078e+00
4.1397240512e-04 2.3584707079e+04 1.5707963268e+00 5.0533191375e+00
4.1411012466e-04 2.3601095520e+04 1.5707963268e+00 5.0543860824e+00
4.1424778651e-04 2.3617495665e+04 1.5707963268e+00 5.0554515445e+00
4.1438539076e-04 2.3633907499e+04 1.5707963268e+00 5.0565155258e+00
4.1452293750e-04 2.3650331009e+04 1.5707963268e+00 5.0575780285e+00
4.1466042682e-04 2.3666766181e+04 1.5707963268e+00 5.0586390544e+00
4.1479785881e-04 2.3683213001e+04 1.5707963268e+00 5.0596986057e+00
4.1493523354e-04 2.3699671454e+04 1.5707963268e+00 5.0607566843e+00
4.1507255111e-04 2.3716141528e+04 1.5707963268e+00 5.0618132923e+00
4.1520981161e-04 2.3732623207e+04 1.5707963268e+00 5.0628684318e+00
4.1534701511e-04 2.3749116479e+04 1.5707963268e+00 5.0639221047e+00
4.1548416171e-04 2.3765621330e+04 1.5707963268e+00 5.0649743130e+00
4.1562125150e-04 2.3782137744e+04 1.5707963268e+00 5.0660250589e+00
4.1575828455e-04 2.3798665710e+04 1.5707963268e+00 5.0670743443e+00
4.1589526096e-04 2.3815205212e+04 1.5707963268e+00 5.0681221712e+00
4.1603218081e-04 2.3831756236e+04 1.5707963268e+00 5.0691685417e+00
4.1616904418e-04 2.3848318770e+04 1.5707963268e+00 5.0702134579e+00
4.1630585117e-04 2.3864892798e+04 1.5707963268e+00 5.0712569216e+00
4.1644260185e-04 2.3881478307e+04 1.5707963268e+00 5.0722989349e+00
4.1657929632e-04 2.3898075284e+04 1.5707963268e+00 5.0733394999e+00
4.1671593466e-04 2.3914683714e+04 1.5707963268e+00 5.0743786186e+00
4.1685251695e-04 2.3931303583e+04 1.5707963268e+00 5.0754162930e+00
4.1698904328e-04 2.3947934877e+04 1.5707963268e+00 5.0764525250e+00
4.1712551374e-04 2.3964577583e+04 1.5707963268e+00 5.0774873168e+00
4.1726192840e-04 2.3981231687e+04 1.5707963268e+00 5.0785206704e+00
4.1739828736e-04 2.3997897174e+04 1.5707963268e+00 5.0795525876e+00
4.1753459070e-04 2.4014574032e+04 1.5707963268e+00 5.0805830707e+00
4.1767083850e-04 2.4031262245e+04 1.5707963268e+00 5.0816121215e+00
4.1780703085e-04 2.4047961800e+04 1.5707963268e+00 5.0826397421e+00
4.1794316784e-04 2.4064672684e+04 1.5707963268e+00 5.0836659345e+00
4.1807924954e-04 2.4081394882e+04 1.5707963268e+00 5.0846907007e+00
4.1821527604e-04 2.4098128380e+04 1.5707963268e+00 5.0857140427e+00
4.1835124742e-04 2.4114873165e+04 1.5707963268e+00 5.0867359625e+00
4.1848716378e-04 2.4131629223e+04 1.5707963268e+00 5.0877564621e+00
4.1862302519e-04 2.4148396539e+04 1.5707963268e+00 5.0887755436e+00
4.1875883173e-04 2.4165175101e+04 1.5707963268e+00 5.0897932088e+00
4.1889458350e-04 2.4181964893e+04 1.5707963268e+00 5.0908094600e+00
4.1903028057e-04 2.4198765903e+04 1.5707963268e+00 5.0918242989e+00
4.1916592303e-04 2.4215578116e+04 1.5707963268e+00 5.0928377277e+00
4.1930151095e-04 2.4232401519e+04 1.5707963268e+00 5.0938497483e+00
4.1943704444e-04 2.4249236097e+04 1.5707963268e+00 5.0948603628e+00
4.1957252355e-04 2.4266081837e+04 1.5707963268e+00 5.0958695730e+00
4.1970794839e-04 2.4282938725e+04 1.5707963268e+00 5.0968773811e+00
4.1984331904e-04 2.4299806747e+04 1.5707963268e+00 5.0978837890e+00
4.1997863557e-04 2.4316685890e+04 1.5707963268e+00 5.0988887987e+00
4.2011389806e-04 2.4333576138e+04 1.5707963268e+00 5.0998924122e+00
4.2024910661e-04 2.4350477480e+04 1.5707963268e+00 5.1008946315e+00
4.2038426129e-04 2.4367389900e+04 1.5707963268e+00 5.1018954586e+00
4.2051936219e-04 2.4384313385e+04 1.5707963268e+00 5.1028948954e+00
4.2065440939e-04 2.4401247921e+04 1.5707963268e+00 5.1038929441e+00
4.2078940296e-04 2.4418193494e+04 1.5707963268e+00 5.1048896064e+00
4.2092434300e-04 2.4435150091e+04 1.5707963268e+00 5.1058848845e+00
4.2105922958e-04 2.4452117698e+04 1.5707963268e+00 5.1068787802e+00
4.2119406279e-04 2.4469096300e+04 1.5707963268e+00 5.1078712957e+00
4.2132884271e-04 2.4486085884e+04 1.5707963268e+00 5.1088624328e+00
4.2146356941e-04 2.4503086437e+04 1.5707963268e+00 5.1098521936e+00
4.2159824299e-04 2.4520097944e+04 1.5707963268e+00 5.1108405800e+00
4.2173286352e-04 2.4537120391e+04 1.5707963268e+00 5.1118275941e+00
4.2186743108e-04 2.4554153766e+04 1.5707963268e+00 5.1128132377e+00
4.2200194576e-04 2.4571198053e+04 1.5707963268e+00 5.1137975128e+00
4.2213640763e-04 2.4588253240e+04 1.5707963268e+00 5.1147804215e+00
4.2227081678e-04 2.4605319312e+04 1.5707963268e+00 5.1157619657e+00
4.2240517328e-04 2.4622396256e+04 1.5707963268e+00 5.1167421474e+00
4.2253947723e-04 2.4639484058e+04 1.5707963268e+00 5.1177209685e+00
4.2267372869e-04 2.4656582704e+04 1.5707963268e+00 5.1186984310e+00
4.2280792775e-04 2.4673692181e+04 1.5707963268e+00 5.1196745369e+00
4.2294207449e-04 2.4690812474e+04 1.5707963268e+00 5.1206492881e+00
4.2307616899e-04 2.4707943570e+04 1.5707963268e+00 5.1216226866e+00
4.2321021132e-04 2.4725085455e+04 1.5707963268e+00 5.1225947344e+00
4.2334420158e-04 2.4742238116e+04 1.5707963268e+00 5.1235654334e+00
4.2347813984e-04 2.4759401539e+04 1.5707963268e+00 5.1245347856e+00
4.2361202618e-04 2.4776575709e+04 1.5707963268e+00 5.1255027930e+00
4.2374586067e-04 2.4793760614e+04 1.5707963268e+00 5.1264694574e+00
4.2387964341e-04 2.4810956239e+04 1.5707963268e+00 5.1274347809e+00
4.2401337446e-04 2.4828162571e+04 1.5707963268e+00 5.1283987654e+00
4.2414705391e-04 2.4845379597e+04 1.5707963268e+00 5.1293614128e+00
4.2428068184e-04 2.4862607302e+04 1.5707963268e+00 5.1303227252e+00
4.2441425832e-04 2.4879845672e+04 1.5707963268e+00 5.1312827044e+00
4.2454778344e-04 2.4897094695e+04 1.5707963268e+00 5.1322413525e+00
4.2468125727e-04 2.4914354356e+04 1.5707963268e+00 5.1331986712e+00
4.2481467990e-04 2.4931624642e+04 1.5707963268e+00 5.1341546627e+00
4.2494805139e-04 2.4948905539e+04 1.5707963268e+00 5.1351093288e+00
4.2508137184e-04 2.4966197033e+04 1.5707963268e+00 5.1360626715e+00
4.2521464131e-04 2.4983499111e+04 1.5707963268e+00 5.1370146928e+00
4.2534785989e-04 2.5000811759e+04 1.5707963268e+00 5.1379653944e+00
4.2548102765e-04 2.5018134963e+04 1.5707963268e+00 5.1389147785e+00
4.2561414468e-04 2.5035468711e+04 1.5707963268e+00 5.1398628469e+00
4.2574721105e-04 2.5052812987e+04 1.5707963268e+00 5.1408096016e+00
4.2588022683e-04 2.5070167779e+04 1.5707963268e+00 5.1417550445e+00
4.2601319212e-04 2.5087533073e+04 1.5707963268e+00 5.1426991775e+00
4.2614610697e-04 2.5104908855e+04 1.5707963268e+00 5.1436420026e+00
4.2627897148e-04 2.5122295112e+04 1.5707963268e+00 5.1445835216e+00
4.2641178572e-04 2.5139691831e+04 1.5707963268e+00 5.1455237366e+00
4.2654454977e-04 2.5157098996e+04 1.5707963268e+00 5.1464626494e+00
4.2667726370e-04 2.5174516596e+04 1.5707963268e+00 5.1474002619e+00
4.2680992758e-04 2.5191944616e+04 1.5707963268e+00 5.1483365762e+00
4.2694254151e-04 2.5209383043e+04 1.5707963268e+00 5.1492715940e+00
4.2707510555e-04 2.5226831863e+04 1.5707963268e+00 5.1502053174e+00
4.2720761979e-04 2.5244291062e+04 1.5707963268e+00 5.1511377482e+00
4.2734008429e-04 2.5261760628e+04 1.5707963268e+00 5.1520688884e+00
4.2747249914e-04 2.5279240547e+04 1.5707963268e+00 5.1529987398e+00
4.2760486441e-04 2.5296730804e+04 1.5707963268e+00 5.1539273044e+00
4.2773718017e-04 2.5314231387e+04 1.5707963268e+00 5.1548545840e+00
4.2786944651e-04 2.5331742283e+04 1.5707963268e+00 5.1557805807e+00
4.2800166350e-04 2.5349263476e+04 1.5707963268e+00 5.1567052963e+00
4.2813383122e-04 2.5366794955e+04 1.5707963268e+00 5.1576287327e+00
4.2826594973e-04 2.5384336705e+04 1.5707963268e+00 5.1585508917e+00
4.2839801913e-04 2.5401888713e+04 1.5707963268e+00 5.1594717754e+00
4.2853003947e-04 2.5419450966e+04 1.5707963268e+00 5.1603913856e+00
4.2866201085e-04 2.5437023450e+04 1.5707963268e+00 5.1613097243e+00
4.2879393333e-04 2.5454606151e+04 1.5707963268e+00 5.1622267932e+00
4.2892580699e-04 2.5472199056e+04 1.5707963268e+00 5.1631425943e+00
4.2905763191e-04 2.5489802153e+04 1.5707963268e+00 5.1640571295e+00
4.2918940815e-04 2.5507415426e+04 1.5707963268e+00 5.1649704007e+00
4.2932113580e-04 2.5525038864e+04 1.5707963268e+00 5.1658824097e+00
4.2945281493e-04 2.5542672451e+04 1.5707963268e+00 5.1667931586e+00
4.2958444561e-04 2.5560316176e+04 1.5707963268e+00 5.1677026490e+00
4.2971602792e-04 2.5577970024e+04 1.5707963268e+00 5.1686108830e+00
4.2984756194e-04 2.5595633983e+04 1.5707963268e+00 5.1695178624e+00
4.2997904773e-04 2.5613308038e+04 1.5707963268e+00 5.1704235891e+00
4.3011048538e-04 2.5630992177e+04 1.5707963268e+00 5.1713280650e+00
4.3024187495e-04 2.5648686386e+04 1.5707963268e+00 5.1722312919e+00
4.3037321652e-04 2.5666390651e+04 1.5707963268e+00 5.1731332718e+00
4.3050451017e-04 2.5684104960e+04 1.5707963268e+00 5.1740340064e+00
4.3063575597e-04 2.5701829299e+04 1.5707963268e+00 5.1749334977e+00
4.3076695399e-04 2.5719563654e+04 1.5707963268e+00 5.1758317476e+00
4.3089810430e-04 2.5737308013e+04 1.5707963268e+00 5.1767287579e+00
4.3102920698e-04 2.5755062361e+04 1.5707963268e+00 5.1776245304e+00
4.3116026211e-04 2.5772826687e+04 1.5707963268e+00 5.1785190671e+00
4.3129126975e-04 2.5790600975e+04 1.5707963268e+00 5.1794123698e+00
4.3142222998e-04 2.5808385214e+04 1.5707963268e+00 5.1803044403e+00
4.3155314288e-04 2.5826179390e+04 1.5707963268e+00 5.1811952806e+00
4.3168400850e-04 2.5843983489e+04 1.5707963268e+00 5.1820848924e+00
4.3181482694e-04 2.5861797498e+04 1.5707963268e+00 5.1829732777e+00
4.3194559826e-04 2.5879621404e+04 1.5707963268e+00 5.1838604383e+00
4.3207632253e-04 2.5897455195e+04 1.5707963268e+00 5.1847463760e+00
4.3220699983e-04 2.5915298855e+04 1.5707963268e+00 5.1856310927e+00
4.3233763023e-04 2.5933152373e+04 1.5707963268e+00 5.1865145902e+00
4.3246821379e-04 2.5951015735e+04 1.5707963268e+00 5.1873968705e+00
4.3259875060e-04 2.5968888927e+04 1.5707963268e+00 5.1882779352e+00
4.3272924073e-04 2.5986771938e+04 1.5707963268e+00 5.1891577864e+00
4.3285968424e-04 2.6004664752e+04 1.5707963268e+00 5.1900364257e+00
4.3299008121e-04 2.6022567358e+04 1.5707963268e+00 5.1909138551e+00
4.3312043172e-04 2.6040479742e+04 1.5707963268e+00 5.1917900764e+00
4.3325073582e-04 2.6058401891e+04 1.5707963268e+00 5.1926650914e+00
4.3338099360e-04 2.6076333792e+04 1.5707963268e+00 5.1935389020e+00
4.3351120512e-04 2.6094275432e+04 1.5707963268e+00 5.1944115099e+00
4.3364137046e-04 2.6112226796e+04 1.5707963268e+00 5.1952829171e+00
4.3377148969e-04 2.6130187874e+04 1.5707963268e+00 5.1961531253e+00
4.3390156288e-04 2.6148158650e+04 1.5707963268e+00 5.1970221364e+00
4.3403159010e-04 2.6166139113e+04 1.5707963268e+00 5.1978899521e+00
4.3416157141e-04 2.6184129249e+04 1.5707963268e+00 5.1987565744e+00
4.3429150690e-04 2.6202129044e+04 1.5707963268e+00 5.1996220050e+00
4.3442139663e-04 2.6220138487e+04 1.5707963268e+00 5.2004862458e+00
4.3455124068e-04 2.6238157563e+04 1.5707963268e+00 5.2013492985e+00
4.3468103910e-04 2.6256186260e+04 1.5707963268e+00 5.2022111651e+00
4.3481079198e-04 2.6274224565e+04 1.5707963268e+00 5.2030718472e+00
4.3494049939e-04 2.6292272465e+04 1.5707963268e+00 5.2039313467e+00
4.3507016139e-04 2.6310329946e+04 1.5707963268e+00 5.2047896654e+00
4.3519977805e-04 2.6328396996e+04 1.5707963268e+00 5.2056468052e+00
4.3532934944e-04 2.6346473601e+04 1.5707963268e+00 5.2065027677e+00
4.3545887564e-04 2.6364559749e+04 1.5707963268e+00 5.2073575549e+00
4.3558835671e-04 2.6382655427e+04 1.5707963268e+00 5.2082111685e+00
4.3571779273e-04 2.6400760622e+04 1.5707963268e+00 5.2090636103e+00
4.3584718375e-04 2.6418875320e+04 1.5707963268e+00 5.2099148822e+00
4.3597652986e-04 2.6436999509e+04 1.5707963268e+00 5.2107649858e+00
4.3610583112e-04 2.6455133176e+04 1.5707963268e+00 5.2116139231e+00
4.3623508759e-04 2.6473276308e+04 1.5707963268e+00 5.2124616958e+00
4.3636429936e-04 2.6491428892e+04 1.5707963268e+00 5.2133083056e+00
4.3649346648e-04 2.6509590915e+04 1.5707963268e+00 5.2141537544e+00
4.3662258903e-04 2.6527762364e+04 1.5707963268e+00 5.2149980440e+00
4.3675166708e-04 2.6545943227e+04 1.5707963268e+00 5.2158411761e+00
4.3688070068e-04 2.6564133490e+04 1.5707963268e+00 5.2166831525e+00
4.3700968992e-04 2.6582333140e+04 1.5707963268e+00 5.2175239750e+00
4.3713863486e-04 2.6600542166e+04 1.5707963268e+00 5.2183636453e+00
4.3726753557e-04 2.6618760553e+04 1.5707963268e+00 5.2192021654e+00
4.3739639212e-04 2.6636988289e+04 1.5707963268e+00 5.2200395368e+00
4.3752520457e-04 2.6655225361e+04 1.5707963268e+00 5.2208757614e+00
4.3765397299e-04 2.6673471757e+04 1.5707963268e+00 5.2217108410e+00
4.3778269745e-04 2.6691727464e+04 1.5707963268e+00 5.2225447773e+00
4.3791137802e-04 2.6709992468e+04 1.5707963268e+00 5.2233775720e+00
4.3804001477e-04 2.6728266757e+04 1.5707963268e+00 5.2242092271e+00
4.3816860776e-04 2.6746550319e+04 1.5707963268e+00 5.2250397441e+00
4.3829715706e-04 2.6764843140e+04 1.5707963268e+00 5.2258691249e+00
4.3842566274e-04 2.6783145208e+04 1.5707963268e+00 5.2266973712e+00
4.3855412486e-04 2.6801456510e+04 1.5707963268e+00 5.2275244848e+00
4.3868254349e-04 2.6819777034e+04 1.5707963268e+00 5.2283504674e+00
4.3881091871e-04 2.6838106766e+04 1.5707963268e+00 5.2291753208e+00
4.3893925057e-04 2.6856445693e+04 1.5707963268e+00 5.2299990467e+00
4.3906753914e-04 2.6874793805e+04 1.5707963268e+00 5.2308216469e+00
4.3919578449e-04 2.6893151086e+04 1.5707963268e+00 5.2316431230e+00
4.3932398669e-04 2.6911517526e+04 1.5707963268e+00 5.2324634770e+00
4.3945214579e-04 2.6929893111e+04 1.5707963268e+00 5.2332827104e+00
4.3958026188e-04 2.6948277829e+04 1.5707963268e+00 5.2341008251e+00
4.3970833501e-04 2.6966671666e+04 1.5707963268e+00 5.2349178227e+00
4.3983636525e-04 2.6985074611e+04 1.5707963268e+00 5.2357337051e+00
4.3996435267e-04 2.7003486651e+04 1.5707963268e+00 5.2365484738e+00
4.4009229733e-04 2.7021907773e+04 1.5707963268e+00 5.2373621307e+00
4.4022019929e-04 2.7040337964e+04 1.5707963268e+00 5.2381746775e+00
4.4034805864e-04 2.7058777213e+04 1.5707963268e+00 5.2389861160e+00
4.4047587542e-04 2.7077225506e+04 1.5707963268e+00 5.2397964477e+00
4.4060364970e-04 2.7095682831e+04 1.5707963268e+00 5.2406056745e+00
4.4073138156e-04 2.7114149175e+04 1.5707963268e+00 5.2414137981e+00
4.4085907105e-04 2.7132624526e+04 1.5707963268e+00 5.2422208202e+00
4.4098671824e-04 2.7151108872e+04 1.5707963268e+00 5.2430267424e+00
4.4111432319e-04 2.7169602199e+04 1.5707963268e+00 5.2438315666e+00
4.4124188598e-04 2.7188104496e+04 1.5707963268e+00 5.2446352944e+00
4.4136940666e-04 2.7206615750e+04 1.5707963268e+00 5.2454379276e+00
4.4149688530e-04 2.7225135948e+04 1.5707963268e+00 5.2462394678e+00
4.4162432196e-04 2.7243665078e+04 1.5707963268e+00 5.2470399167e+00
4.4175171672e-04 2.7262203128e+04 1.5707963268e+00 5.2478392761e+00
4.4187906962e-04 2.7280750084e+04 1.5707963268e+00 5.2486375476e+00
4.4200638074e-04 2.7299305936e+04 1.5707963268e+00 5.2494347330e+00
4.4213365015e-04 2.7317870670e+04 1.5707963268e+00 5.2502308339e+00
4.4226087790e-04 2.7336444273e+04 1.5707963268e+00 5.2510258520e+00
4.4238806406e-04 2.7355026735e+04 1.5707963268e+00 5.2518197891e+00
4.4251520869e-04 2.7373618041e+04 1.5707963268e+00 5.2526126468e+00
4.4264231186e-04 2.7392218180e+04 1.5707963268e+00 5.2534044268e+00
4.4276937363e-04 2.7410827140e+04 1.5707963268e+00 5.2541951307e+00
4.4289639407e-04 2.7429444908e+04 1.5707963268e+00 5.2549847604e+00
4.4302337323e-04 2.7448071471e+04 1.5707963268e+00 5.2557733173e+00
4.4315031119e-04 2.7466706818e+04 1.5707963268e+00 5.2565608033e+00
4.4327720799e-04 2.7485350937e+04 1.5707963268e+00 5.2573472200e+00
4.4340406372e-04 2.7504003814e+04 1.5707963268e+00 5.2581325691e+00
4.4353087842e-04 2.7522665438e+04 1.5707963268e+00 5.2589168523e+00
4.4365765217e-04 2.7541335797e+04 1.5707963268e+00 5.2597000711e+00
4.4378438503e-04 2.7560014877e+04 1.5707963268e+00 5.2604822273e+00
4.4391107705e-04 2.7578702668e+04 1.5707963268e+00 5.2612633226e+00
4.4403772831e-04 2.7597399156e+04 1.5707963268e+00 5.2620433586e+00
4.4416433885e-04 2.7616104330e+04 1.5707963268e+00 5.2628223370e+00
4.4429090876e-04 2.7634818177e+04 1.5707963268e+00 5.2636002594e+00
4.4441743808e-04 2.7653540686e+04 1.5707963268e+00 5.2643771276e+00
4.4454392688e-04 2.7672271843e+04 1.5707963268e+00 5.2651529430e+00
4.4467037523e-04 2.7691011637e+04 1.5707963268e+00 5.2659277075e+00
4.4479678318e-04 2.7709760056e+04 1.5707963268e+00 5.2667014226e+00
4.4492315079e-04 2.7728517088e+04 1.5707963268e+00 5.2674740900e+00
4.4504947814e-04 2.7747282720e+04 1.5707963268e+00 5.2682457114e+00
4.4517576527e-04 2.7766056940e+04 1.5707963268e+00 5.2690162883e+00
4.4530201226e-04 2.7784839737e+04 1.5707963268e+00 5.2697858225e+00
4.4542821916e-04 2.7803631097e+04 1.5707963268e+00 5.2705543156e+00
4.4555438603e-04 2.7822431010e+04 1.5707963268e+00 5.2713217691e+00
4.4568051294e-04 2.7841239463e+04 1.5707963268e+00 5.2720881848e+00
4.4580659994e-04 2.7860056444e+04 1.5707963268e+00 5.2728535643e+00
4.4593264711e-04 2.7878881941e+04 1.5707963268e+00 5.2736179092e+00
4.4605865449e-04 2.7897715942e+04 1.5707963268e+00 5.2743812212e+00
4.4618462215e-04 2.7916558435e+04 1.5707963268e+00 5.2751435018e+00
4.4631055015e-04 2.7935409408e+04 1.5707963268e+00 5.2759047527e+00
4.4643643855e-04 2.7954268849e+04 1.5707963268e+00 5.2766649755e+00
4.4656228741e-04 2.7973136746e+04 1.5707963268e+00 5.2774241718e+00
4.4668809680e-04 2.7992013087e+04 1.5707963268e+00 5.2781823433e+00
4.4681386676e-04 2.8010897860e+04 1.5707963268e+00 5.2789394916e+00
4.4693959737e-04 2.8029791053e+04 1.5707963268e+00 5.2796956182e+00
4.4706528868e-04 2.8048692655e+04 1.5707963268e+00 5.2804507249e+00
4.4719094075e-04 2.8067602653e+04 1.5707963268e+00 5.2812048131e+00
4.4731655365e-04 2.8086521036e+04 1.5707963268e+00 5.2819578846e+00
4.4744212743e-04 2.8105447791e+04 1.5707963268e+00 5.2827099408e+00
4.4756766214e-04 2.8124382908e+04 1.5707963268e+00 5.2834609835e+00
4.4769315786e-04 2.8143326373e+04 1.5707963268e+00 5.2842110142e+00
4.4781861465e-04 2.8162278175e+04 1.5707963268e+00 5.2849600346e+00
4.4794403255e-04 2.8181238303e+04 1.5707963268e+00 5.2857080461e+00
4.4806941163e-04 2.8200206744e+04 1.5707963268e+00 5.2864550505e+00
4.4819475195e-04 2.8219183487e+04 1.5707963268e+00 5.2872010492e+00
4.4832005357e-04 2.8238168520e+04 1.5707963268e+00 5.2879460439e+00
4.4844531654e-04 2.8257161831e+04 1.5707963268e+00 5.2886900363e+00
4.4857054093e-04 2.8276163408e+04 1.5707963268e+00 5.2894330278e+00
4.4869572680e-04 2.8295173240e+04 1.5707963268e+00 5.2901750200e+00
4.4882087420e-04 2.8314191315e+04 1.5707963268e+00 5.2909160146e+00
4.4894598319e-04 2.8333217622e+04 1.5707963268e+00 5.2916560130e+00
4.4907105383e-04 2.8352252148e+04 1.5707963268e+00 5.2923950170e+00
4.4919608618e-04 2.8371294881e+04 1.5707963268e+00 5.2931330280e+00
4.4932108030e-04 2.8390345811e+04 1.5707963268e+00 5.2938700477e+00
4.4944603625e-04 2.8409404925e+04 1.5707963268e+00 5.2946060775e+00
4.4957095407e-04 2.8428472213e+04 1.5707963268e+00 5.2953411191e+00
4.4969583384e-04 2.8447547661e+04 1.5707963268e+00 5.2960751741e+00
4.4982067561e-04 2.8466631259e+04 1.5707963268e+00 5.2968082440e+00
4.4994547944e-04 2.8485722995e+04 1.5707963268e+00 5.2975403303e+00
4.5007024538e-04 2.8504822857e+04 1.5707963268e+00 5.2982714346e+00
4.5019497349e-04 2.8523930834e+04 1.5707963268e+00 5.2990015586e+00
4.5031966384e-04 2.8543046915e+04 1.5707963268e+00 5.2997307036e+00
4.5044431647e-04 2.8562171087e+04 1.5707963268e+00 5.3004588714e+00
4.5056893145e-04 2.8581303339e+04 1.5707963268e+00 5.3011860634e+00
4.5069350883e-04 2.8600443660e+04 1.5707963268e+00 5.3019122811e+00
4.5081804867e-04 2.8619592038e+04 1.5707963268e+00 5.3026375263e+00
4.5094255102e-04 2.8638748462e+04 1.5707963268e+00 5.3033618002e+00
4.5106701595e-04 2.8657912920e+04 1.5707963268e+00 5.3040851046e+00
4.5119144351e-04 2.8677085400e+04 1.5707963268e+00 5.3048074410e+00
4.5131583376e-04 2.8696265892e+04 1.5707963268e+00 5.3055288109e+00
4.5144018675e-04 2.8715454383e+04 1.5707963268e+00 5.3062492158e+00
4.5156450254e-04 2.8734650863e+04 1.5707963268e+00 5.3069686572e+00
4.5168878118e-04 2.8753855319e+04 1.5707963268e+00 5.3076871368e+00
4.5181302274e-04 2.8773067741e+04 1.5707963268e+00 5.3084046560e+00
4.5193722727e-04 2.8792288117e+04 1.5707963268e+00 5.3091212163e+00
4.5206139483e-04 2.8811516436e+04 1.5707963268e+00 5.3098368193e+00
4.5218552546e-04 2.8830752686e+04 1.5707963268e+00 5.3105514665e+00
4.5230961924e-04 2.8849996856e+04 1.5707963268e+00 5.3112651595e+00
4.5243367620e-04 2.8869248935e+04 1.5707963268e+00 5.3119778996e+00
4.5255769642e-04 2.8888508911e+04 1.5707963268e+00 5.3126896886e+00
4.5268167994e-04 2.8907776773e+04 1.5707963268e+00 5.3134005277e+00
4.5280562682e-04 2.8927052509e+04 1.5707963268e+00 5.3141104187e+00
4.5292953712e-04 2.8946336110e+04 1.5707963268e+00 5.3148193630e+00
4.5305341088e-04 2.8965627562e+04 1.5707963268e+00 5.3155273620e+00
4.5317724818e-04 2.8984926855e+04 1.5707963268e+00 5.3162344174e+00
4.5330104906e-04 2.9004233978e+04 1.5707963268e+00 5.3169405305e+00
4.5342481357e-04 2.9023548919e+04 1.5707963268e+00 5.3176457030e+00
4.5354854178e-04 2.9042871668e+04 1.5707963268e+00 5.3183499362e+00
4.5367223373e-04 2.9062202212e+04 1.5707963268e+00 5.3190532318e+00
4.5379588948e-04 2.9081540541e+04 1.5707963268e+00 5.3197555911e+00
4.5391950909e-04 2.9100886644e+04 1.5707963268e+00 5.3204570158e+00
4.5404309261e-04 2.9120240509e+04 1.5707963268e+00 5.3211575072e+00
4.5416664010e-04 2.9139602126e+04 1.5707963268e+00 5.3218570669e+00
4.5429015161e-04 2.9158971483e+04 1.5707963268e+00 5.3225556963e+00
4.5441362719e-04 2.9178348568e+04 1.5707963268e+00 5.3232533969e+00
4.5453706690e-04 2.9197733372e+04 1.5707963268e+00 5.3239501703e+00
4.5466047080e-04 2.9217125883e+04 1.5707963268e+00 5.3246460178e+00
4.5478383893e-04 2.9236526089e+04 1.5707963268e+00 5.3253409410e+00
4.5490717135e-04 2.9255933980e+04 1.5707963268e+00 5.3260349414e+00
4.5503046811e-04 2.9275349545e+04 1.5707963268e+00 5.3267280203e+00
4.5515372928e-04 2.9294772772e+04 1.5707963268e+00 5.3274201794e+00
4.5527695489e-04 2.9314203651e+04 1.5707963268e+00 5.3281114200e+00
4.5540014502e-04 2.9333642171e+04 1.5707963268e+00 5.3288017436e+00
4.5552329970e-04 2.9353088320e+04 1.5707963268e+00 5.3294911517e+00
4.5564641899e-04 2.9372542088e+04 1.5707963268e+00 5.3301796457e+00
4.5576950296e-04 2.9392003463e+04 1.5707963268e+00 5.3308672271e+00
4.5589255164e-04 2.9411472435e+04 1.5707963268e+00 5.3315538974e+00
4.5601556509e-04 2.9430948992e+04 1.5707963268e+00 5.3322396580e+00
4.5613854337e-04 2.9450433125e+04 1.5707963268e+00 5.3329245104e+00
4.5626148653e-04 2.9469924821e+04 1.5707963268e+00 5.3336084560e+00
4.5638439461e-04 2.9489424070e+04 1.5707963268e+00 5.3342914962e+00
4.5650726769e-04 2.9508930862e+04 1.5707963268e+00 5.3349736326e+00
4.5663010580e-04 2.9528445184e+04 1.5707963268e+00 5.3356548665e+00
4.5675290900e-04 2.9547967027e+04 1.5707963268e+00 5.3363351994e+00
4.5687567734e-04 2.9567496379e+04 1.5707963268e+00 5.3370146328e+00
4.5699841087e-04 2.9587033230e+04 1.5707963268e+00 5.3376931680e+00
4.5712110966e-04 2.9606577569e+04 1.5707963268e+00 5.3383708065e+00
4.5724377374e-04 2.9626129385e+04 1.5707963268e+00 5.3390475498e+00
4.5736640317e-04 2.9645688667e+04 1.5707963268e+00 5.3397233993e+00
4.5748899801e-04 2.9665255405e+04 1.5707963268e+00 5.3403983563e+00
4.5761155830e-04 2.9684829587e+04 1.5707963268e+00 5.3410724224e+00
4.5773408410e-04 2.9704411203e+04 1.5707963268e+00 5.3417455989e+00
4.5785657545e-04 2.9724000242e+04 1.5707963268e+00 5.3424178873e+00
4.5797903242e-04 2.9743596694e+04 1.5707963268e+00 5.3430892891e+00
4.5810145505e-04 2.9763200548e+04 1.5707963268e+00 5.3437598055e+00
4.5822384339e-04 2.9782811793e+04 1.5707963268e+00 5.3444294381e+00
4.5834619750e-04 2.9802430418e+04 1.5707963268e+00 5.3450981882e+00
4.5846851743e-04 2.9822056412e+04 1.5707963268e+00 5.3457660572e+00
4.5859080322e-04 2.9841689766e+04 1.5707963268e+00 5.3464330467e+00
4.5871305493e-04 2.9861330468e+04 1.5707963268e+00 5.3470991579e+00
4.5883527261e-04 2.9880978509e+04 1.5707963268e+00 5.3477643923e+00
4.5895745631e-04 2.9900633876e+04 1.5707963268e+00 5.3484287512e+00
4.5907960608e-04 2.9920296560e+04 1.5707963268e+00 5.3490922362e+00
4.5920172198e-04 2.9939966549e+04 1.5707963268e+00 5.3497548485e+00
4.5932380404e-04 2.9959643835e+04 1.5707963268e+00 5.3504165897e+00
4.5944585234e-04 2.9979328405e+04 1.5707963268e+00 5.3510774609e+00
4.5956786690e-04 2.9999020249e+04 1.5707963268e+00 5.3517374638e+00
4.5968984779e-04 3.0018719357e+04 1.5707963268e+00 5.3523965996e+00
4.5981179506e-04 3.0038425719e+04 1.5707963268e+00 5.3530548698e+00
4.5993370875e-04 3.0058139323e+04 1.5707963268e+00 5.3537122757e+00
4.6005558891e-04 3.0077860159e+04 1.5707963268e+00 5.3543688187e+00
4.6017743561e-04 3.0097588218e+04 1.5707963268e+00 5.3550245002e+00
4.6029924887e-04 3.0117323487e+04 1.5707963268e+00 5.3556793216e+00
4.6042102877e-04 3.0137065958e+04 1.5707963268e+00 5.3563332843e+00
4.6054277533e-04 3.0156815619e+04 1.5707963268e+00 5.3569863895e+00
4.6066448863e-04 3.0176572460e+04 1.5707963268e+00 5.3576386388e+00
4.6078616870e-04 3.0196336470e+04 1.5707963268e+00 5.3582900335e+00
4.6090781559e-04 3.0216107640e+04 1.5707963268e+00 5.3589405749e+00
4.6102942935e-04 3.0235885959e+04 1.5707963268e+00 5.3595902644e+00
4.6115101004e-04 3.0255671416e+04 1.5707963268e+00 5.3602391033e+00
4.6127255770e-04 3.0275464001e+04 1.5707963268e+00 5.3608870932e+00
4.6139407239e-04 3.0295263704e+04 1.5707963268e+00 5.3615342352e+00
4.6151555414e-04 3.0315070515e+04 1.5707963268e+00 5.3621805308e+00
4.6163700301e-04 3.0334884423e+04 1.5707963268e+00 5.3628259813e+00
4.6175841905e-04 3.0354705417e+04 1.5707963268e+00 5.3634705880e+00
4.6187980231e-04 3.0374533489e+04 1.5707963268e+00 5.3641143524e+00
4.6200115284e-04 3.0394368626e+04 1.5707963268e+00 5.3647572758e+00
4.6212247068e-04 3.0414210820e+04 1.5707963268e+00 5.3653993594e+00
4.6224375589e-04 3.0434060059e+04 1.5707963268e+00 5.3660406048e+00
4.6236500850e-04 3.0453916334e+04 1.5707963268e+00 5.3666810131e+00
4.6248622858e-04 3.0473779634e+04 1.5707963268e+00 5.3673205858e+00
4.6260741617e-04 3.0493649950e+04 1.5707963268e+00 5.3679593242e+00
4.6272857131e-04 3.0513527270e+04 1.5707963268e+00 5.3685972296e+00
4.6284969406e-04 3.0533411586e+04 1.5707963268e+00 5.3692343033e+00
4.6297078446e-04 3.0553302885e+04 1.5707963268e+00 5.3698705468e+00
4.6309184257e-04 3.0573201160e+04 1.5707963268e+00 5.3705059613e+00
4.6321286842e-04 3.0593106399e+04 1.5707963268e+00 5.3711405481e+00
4.6333386207e-04 3.0613018592e+04 1.5707963268e+00 5.3717743086e+00
4.6345482357e-04 3.0632937729e+04 1.5707963268e+00 5.3724072442e+00
4.6357575296e-04 3.0652863800e+04 1.5707963268e+00 5.3730393560e+00
4.6369665029e-04 3.0672796796e+04 1.5707963268e+00 5.3736706455e+00
4.6381751561e-04 3.0692736705e+04 1.5707963268e+00 5.3743011140e+00
4.6393834896e-04 3.0712683518e+04 1.5707963268e+00 5.3749307628e+00
4.6405915040e-04 3.0732637225e+04 1.5707963268e+00 5.3755595931e+00
4.6417991996e-04 3.0752597815e+04 1.5707963268e+00 5.3761876064e+00
4.6430065771e-04 3.0772565280e+04 1.5707963268e+00 5.3768148039e+00
4.6442136367e-04 3.0792539608e+04 1.5707963268e+00 5.3774411869e+00
4.6454203791e-04 3.0812520790e+04 1.5707963268e+00 5.3780667568e+00
4.6466268047e-04 3.0832508816e+04 1.5707963268e+00 5.3786915148e+00
4.6478329139e-04 3.0852503676e+04 1.5707963268e+00 5.3793154622e+00
4.6490387072e-04 3.0872505360e+04 1.5707963268e+00 5.3799386004e+00
4.6502441852e-04 3.0892513858e+04 1.5707963268e+00 5.3805609306e+00
4.6514493481e-04 3.0912529160e+04 1.5707963268e+00 5.3811824541e+00
4.6526541966e-04 3.0932551256e+04 1.5707963268e+00 5.3818031723e+00
4.6538587311e-04 3.0952580137e+04 1.5707963268e+00 5.3824230864e+00
4.6550629520e-04 3.0972615792e+04 1.5707963268e+00 5.3830421977e+00
4.6562668598e-04 3.0992658212e+04 1.5707963268e+00 5.3836605075e+00
4.6574704550e-04 3.1012707386e+04 1.5707963268e+00 5.3842780171e+00
4.6586737381e-04 3.1032763306e+04 1.5707963268e+00 5.3848947277e+00
4.6598767094e-04 3.1052825960e+04 1.5707963268e+00 5.3855106407e+00
4.6610793694e-04 3.1072895340e+04 1.5707963268e+00 5.3861257574e+00
4.6622817187e-04 3.1092971436e+04 1.5707963268e+00 5.3867400789e+00
4.6634837576e-04 3.1113054237e+04 1.5707963268e+00 5.3873536066e+00
4.6646854867e-04 3.1133143734e+04 1.5707963268e+00 5.3879663417e+00
4.6658869063e-04 3.1153239917e+04 1.5707963268e+00 5.3885782856e+00
4.6670880170e-04 3.1173342777e+04 1.5707963268e+00 5.3891894395e+00
4.6682888192e-04 3.1193452304e+04 1.5707963268e+00 5.3897998046e+00
4.6694893133e-04 3.1213568488e+04 1.5707963268e+00 5.3904093823e+00
4.6706894998e-04 3.1233691319e+04 1.5707963268e+00 5.3910181737e+00
4.6718893791e-04 3.1253820788e+04 1.5707963268e+00 5.3916261802e+00
4.6730889518e-04 3.1273956885e+04 1.5707963268e+00 5.3922334029e+00
4.6742882182e-04 3.1294099600e+04 1.5707963268e+00 5.3928398433e+00
4.6754871788e-04 3.1314248924e+04 1.5707963268e+00 5.3934455024e+00
4.6766858341e-04 3.1334404847e+04 1.5707963268e+00 5.3940503817e+00
4.6778841844e-04 3.1354567360e+04 1.5707963268e+00 5.3946544822e+00
4.6790822303e-04 3.1374736452e+04 1.5707963268e+00 5.3952578053e+00
4.6802799722e-04 3.1394912115e+04 1.5707963268e+00 5.3958603523e+00
4.6814774105e-04 3.1415094338e+04 1.5707963268e+00 5.3964621243e+00
4.6826745457e-04 3.1435283113e+04 1.5707963268e+00 5.3970631225e+00
4.6838713783e-04 3.1455478430e+04 1.5707963268e+00 5.3976633484e+00
4.6850679086e-04 3.1475680278e+04 1.5707963268e+00 5.3982628030e+00
4.6862641371e-04 3.1495888649e+04 1.5707963268e+00 5.3988614876e+00
4.6874600643e-04 3.1516103533e+04 1.5707963268e+00 5.3994594035e+00
4.6886556906e-04 3.1536324921e+04 1.5707963268e+00 5.4000565519e+00
4.6898510164e-04 3.1556552803e+04 1.5707963268e+00 5.4006529340e+00
4.6910460422e-04 3.1576787170e+04 1.5707963268e+00 5.4012485510e+00
4.6922407684e-04 3.1597028011e+04 1.5707963268e+00 5.4018434042e+00
4.6934351954e-04 3.1617275319e+04 1.5707963268e+00 5.4024374948e+00
4.6946293238e-04 3.1637529083e+04 1.5707963268e+00 5.4030308240e+00
4.6958231539e-04 3.1657789293e+04 1.5707963268e+00 5.4036233930e+00
4.6970166861e-04 3.1678055942e+04 1.5707963268e+00 5.4042152031e+00
4.6982099209e-04 3.1698329018e+04 1.5707963268e+00 5.4048062555e+00
4.6994028588e-04 3.1718608513e+04 1.5707963268e+00 5.4053965513e+00
4.7005955002e-04 3.1738894418e+04 1.5707963268e+00 5.4059860919e+00
4.7017878454e-04 3.1759186723e+04 1.5707963268e+00 5.4065748783e+00
4.7029798950e-04 3.1779485418e+04 1.5707963268e+00 5.4071629119e+00
4.7041716493e-04 3.1799790495e+04 1.5707963268e+00 5.4077501938e+00
4.7053631088e-04 3.1820101944e+04 1.5707963268e+00 5.4083367252e+00
4.7065542739e-04 3.1840419756e+04 1.5707963268e+00 5.4089225074e+00
4.7077451451e-04 3.1860743921e+04 1.5707963268e+00 5.4095075415e+00
4.7089357228e-04 3.1881074431e+04 1.5707963268e+00 5.4100918287e+00
4.7101260074e-04 3.1901411275e+04 1.5707963268e+00 5.4106753702e+00
4.7113159993e-04 3.1921754446e+04 1.5707963268e+00 5.4112581673e+00
4.7125056989e-04 3.1942103933e+04 1.5707963268e+00 5.4118402211e+00
4.7136951068e-04 3.1962459728e+04 1.5707963268e+00 5.4124215327e+00
4.7148842232e-04 3.1982821820e+04 1.5707963268e+00 5.4130021035e+00
4.7160730487e-04 3.2003190202e+04 1.5707963268e+00 5.4135819346e+00
4.7172615837e-04 3.2023564863e+04 1.5707963268e+00 5.4141610271e+00
4.7184498285e-04 3.2043945795e+04 1.5707963268e+00 5.4147393823e+00
4.7196377836e-04 3.2064332989e+04 1.5707963268e+00 5.4153170013e+00
4.7208254494e-04 3.2084726435e+04 1.5707963268e+00 5.4158938853e+00
4.7220128264e-04 3.2105126124e+04 1.5707963268e+00 5.4164700355e+00
4.7231999149e-04 3.2125532048e+04 1.5707963268e+00 5.4170454530e+00
4.7243867154e-04 3.2145944196e+04 1.5707963268e+00 5.4176201391e+00
4.7255732283e-04 3.2166362561e+04 1.5707963268e+00 5.4181940949e+00
4.7267594540e-04 3.2186787132e+04 1.5707963268e+00 5.4187673215e+00
4.7279453929e-04 3.2207217902e+04 1.5707963268e+00 5.4193398202e+00
4.7291310455e-04 3.2227654860e+04 1.5707963268e+00 5.4199115921e+00
4.7303164121e-04 3.2248097998e+04 1.5707963268e+00 5.4204826384e+00
4.7315014932e-04 3.2268547307e+04 1.5707963268e+00 5.4210529602e+00
4.7326862892e-04 3.2289002778e+04 1.5707963268e+00 5.4216225587e+00
4.7338708005e-04 3.2309464401e+04 1.5707963268e+00 5.4221914351e+00
4.7350550274e-04 3.2329932168e+04 1.5707963268e+00 5.4227595904e+00
4.7362389705e-04 3.2350406071e+04 1.5707963268e+00 5.4233270259e+00
4.7374226301e-04 3.2370886099e+04 1.5707963268e+00 5.4238937427e+00
4.7386060067e-04 3.2391372244e+04 1.5707963268e+00 5.4244597420e+00
4.7397891006e-04 3.2411864497e+04 1.5707963268e+00 5.4250250249e+00
4.7409719123e-04 3.2432362850e+04 1.5707963268e+00 5.4255895925e+00
4.7421544421e-04 3.2452867293e+04 1.5707963268e+00 5.4261534460e+00
4.7433366905e-04 3.2473377817e+04 1.5707963268e+00 5.4267165866e+00
4.7445186578e-04 3.2493894414e+04 1.5707963268e+00 5.4272790153e+00
4.7457003446e-04 3.2514417074e+04 1.5707963268e+00 5.4278407334e+00
4.7468817511e-04 3.2534945789e+04 1.5707963268e+00 5.4284017419e+00
4.7480628778e-04 3.2555480551e+04 1.5707963268e+00 5.4289620420e+00
4.7492437251e-04 3.2576021349e+04 1.5707963268e+00 5.4295216348e+00
4.7504242934e-04 3.2596568176e+04 1.5707963268e+00 5.4300805215e+00
4.7516045831e-04 3.2617121023e+04 1.5707963268e+00 5.4306387032e+00
4.7527845946e-04 3.2637679880e+04 1.5707963268e+00 5.4311961809e+00
4.7539643283e-04 3.2658244740e+04 1.5707963268e+00 5.4317529560e+00
4.7551437845e-04 3.2678815593e+04 1.5707963268e+00 5.4323090293e+00
4.7563229638e-04 3.2699392430e+04 1.5707963268e+00 5.4328644022e+00
4.7575018665e-04 3.2719975243e+04 1.5707963268e+00 5.4334190756e+00
4.7586804929e-04 3.2740564024e+04 1.5707963268e+00 5.4339730507e+00
4.7598588436e-04 3.2761158763e+04 1.5707963268e+00 5.4345263287e+00
4.7610369188e-04 3.2781759452e+04 1.5707963268e+00 5.4350789107e+00
4.7622147190e-04 3.2802366081e+04 1.5707963268e+00 5.4356307976e+00
4.7633922446e-04 3.2822978644e+04 1.5707963268e+00 5.4361819908e+00
4.7645694959e-04 3.2843597130e+04 1.5707963268e+00 5.4367324912e+00
4.7657464734e-04 3.2864221531e+04 1.5707963268e+00 5.4372823000e+00
4.7669231774e-04 3.2884851839e+04 1.5707963268e+00 5.4378314183e+00
4.7680996084e-04 3.2905488044e+04 1.5707963268e+00 5.4383798472e+00
4.7692757667e-04 3.2926130139e+04 1.5707963268e+00 5.4389275878e+00
4.7704516528e-04 3.2946778115e+04 1.5707963268e+00 5.4394746412e+00
4.7716272669e-04 3.2967431963e+04 1.5707963268e+00 5.4400210084e+00
4.7728026096e-04 3.2988091675e+04 1.5707963268e+00 5.4405666906e+00
4.7739776811e-04 3.3008757241e+04 1.5707963268e+00 5.4411116889e+00
4.7751524820e-04 3.3029428654e+04 1.5707963268e+00 5.4416560044e+00
4.7763270125e-04 3.3050105906e+04 1.5707963268e+00 5.4421996381e+00
4.7775012730e-04 3.3070788986e+04 1.5707963268e+00 5.4427425912e+00
4.7786752640e-04 3.3091477888e+04 1.5707963268e+00 5.4432848647e+00
4.7798489858e-04 3.3112172602e+04 1.5707963268e+00 5.4438264597e+00
4.7810224388e-04 3.3132873121e+04 1.5707963268e+00 5.4443673773e+00
4.7821956234e-04 3.3153579435e+04 1.5707963268e+00 5.4449076186e+00
4.7833685400e-04 3.3174291536e+04 1.5707963268e+00 5.4454471846e+00
4.7845411890e-04 3.3195009416e+04 1.5707963268e+00 5.4459860765e+00
4.7857135706e-04 3.3215733067e+04 1.5707963268e+00 5.4465242953e+00
4.7868856854e-04 3.3236462479e+04 1.5707963268e+00 5.4470618420e+00
4.7880575337e-04 3.3257197645e+04 1.5707963268e+00 5.4475987179e+00
4.7892291159e-04 3.3277938556e+04 1.5707963268e+00 5.4481349238e+00
4.7904004323e-04 3.3298685203e+04 1.5707963268e+00 5.4486704609e+00
4.7915714833e-04 3.3319437580e+04 1.5707963268e+00 5.4492053303e+00
4.7927422694e-04 3.3340195676e+04 1.5707963268e+00 5.4497395330e+00
4.7939127909e-04 3.3360959484e+04 1.5707963268e+00 5.4502730700e+00
4.7950830481e-04 3.3381728995e+04 1.5707963268e+00 5.4508059425e+00
4.7962530414e-04 3.3402504202e+04 1.5707963268e+00 5.4513381516e+00
4.7974227713e-04 3.3423285096e+04 1.5707963268e+00 5.4518696981e+00
4.7985922381e-04 3.3444071668e+04 1.5707963268e+00 5.4524005833e+00
4.7997614421e-04 3.3464863910e+04 1.5707963268e+00 5.4529308082e+00
4.8009303837e-04 3.3485661815e+04 1.5707963268e+00 5.4534603737e+00
4.8020990634e-04 3.3506465373e+04 1.5707963268e+00 5.4539892810e+00
4.8032674814e-04 3.3527274577e+04 1.5707963268e+00 5.4545175312e+00
4.8044356382e-04 3.3548089418e+04 1.5707963268e+00 5.4550451252e+00
4.8056035342e-04 3.3568909889e+04 1.5707963268e+00 5.4555720641e+00
4.8067711696e-04 3.3589735980e+04 1.5707963268e+00 5.4560983489e+00
4.8079385448e-04 3.3610567685e+04 1.5707963268e+00 5.4566239808e+00
4.8091056603e-04 3.3631404994e+04 1.5707963268e+00 5.4571489606e+00
4.8102725164e-04 3.3652247899e+04 1.5707963268e+00 5.4576732896e+00
4.8114391134e-04 3.3673096393e+04 1.5707963268e+00 5.4581969686e+00
4.8126054518e-04 3.3693950467e+04 1.5707963268e+00 5.4587199988e+00
4.8137715318e-04 3.3714810113e+04 1.5707963268e+00 5.4592423811e+00
4.8149373539e-04 3.3735675323e+04 1.5707963268e+00 5.4597641166e+00
4.8161029185e-04 3.3756546089e+04 1.5707963268e+00 5.4602852064e+00
4.8172682258e-04 3.3777422403e+04 1.5707963268e+00 5.4608056514e+00
4.8184332763e-04 3.3798304256e+04 1.5707963268e+00 5.4613254526e+00
4.8195980703e-04 3.3819191641e+04 1.5707963268e+00 5.4618446112e+00
4.8207626081e-04 3.3840084550e+04 1.5707963268e+00 5.4623631281e+00
4.8219268902e-04 3.3860982975e+04 1.5707963268e+00 5.4628810043e+00
4.8230909169e-04 3.3881886907e+04 1.5707963268e+00 5.4633982409e+00
4.8242546885e-04 3.3902796339e+04 1.5707963268e+00 5.4639148388e+00
4.8254182055e-04 3.3923711262e+04 1.5707963268e+00 5.4644307992e+00
4.8265814681e-04 3.3944631669e+04 1.5707963268e+00 5.4649461229e+00
4.8277444767e-04 3.3965557552e+04 1.5707963268e+00 5.4654608111e+00
4.8289072318e-04 3.3986488902e+04 1.5707963268e+00 5.4659748646e+00
4.8300697335e-04 3.4007425712e+04 1.5707963268e+00 5.4664882846e+00
4.8312319824e-04 3.4028367974e+04 1.5707963268e+00 5.4670010721e+00
4.8323939788e-04 3.4049315680e+04 1.5707963268e+00 5.4675132279e+00
4.8335557229e-04 3.4070268821e+04 1.5707963268e+00 5.4680247532e+00
4.8347172152e-04 3.4091227391e+04 1.5707963268e+00 5.4685356490e+00
4.8358784560e-04 3.4112191381e+04 1.5707963268e+00 5.4690459162e+00
4.8370394457e-04 3.4133160784e+04 1.5707963268e+00 5.4695555558e+00
4.8382001847e-04 3.4154135591e+04 1.5707963268e+00 5.4700645688e+00
4.8393606731e-04 3.4175115794e+04 1.5707963268e+00 5.4705729563e+00
4.8405209116e-04 3.4196101386e+04 1.5707963268e+00 5.4710807192e+00
4.8416809003e-04 3.4217092360e+04 1.5707963268e+00 5.4715878585e+00
4.8428406396e-04 3.4238088706e+04 1.5707963268e+00 5.4720943751e+00
4.8440001299e-04 3.4259090418e+04 1.5707963268e+00 5.4726002702e+00
4.8451593715e-04 3.4280097487e+04 1.5707963268e+00 5.4731055446e+00
4.8463183648e-04 3.4301109907e+04 1.5707963268e+00 5.4736101994e+00
4.8474771101e-04 3.4322127668e+04 1.5707963268e+00 5.4741142355e+00
4.8486356077e-04 3.4343150763e+04 1.5707963268e+00 5.4746176540e+00
4.8497938581e-04 3.4364179185e+04 1.5707963268e+00 5.4751204557e+00
4.8509518616e-04 3.4385212926e+04 1.5707963268e+00 5.4756226416e+00
4.8521096184e-04 3.4406251978e+04 1.5707963268e+00 5.4761242129e+00
4.8532671290e-04 3.4427296334e+04 1.5707963268e+00 5.4766251703e+00
4.8544243937e-04 3.4448345985e+04 1.5707963268e+00 5.4771255149e+00
4.8555814128e-04 3.4469400924e+04 1.5707963268e+00 5.4776252477e+00
4.8567381867e-04 3.4490461143e+04 1.5707963268e+00 5.4781243696e+00
4.8578947157e-04 3.4511526635e+04 1.5707963268e+00 5.4786228816e+00
4.8590510001e-04 3.4532597392e+04 1.5707963268e+00 5.4791207846e+00
4.8602070404e-04 3.4553673407e+04 1.5707963268e+00 5.4796180797e+00
4.8613628368e-04 3.4574754671e+04 1.5707963268e+00 5.4801147677e+00
4.8625183896e-04 3.4595841178e+04 1.5707963268e+00 5.4806108497e+00
4.8636736993e-04 3.4616932919e+04 1.5707963268e+00 5.4811063265e+00
4.8648287662e-04 3.4638029887e+04 1.5707963268e+00 5.4816011993e+00
4.8659835905e-04 3.4659132075e+04 1.5707963268e+00 5.4820954688e+00
4.8671381727e-04 3.4680239474e+04 1.5707963268e+00 5.4825891361e+00
4.8682925130e-04 3.4701352078e+04 1.5707963268e+00 5.4830822021e+00
4.8694466119e-04 3.4722469878e+04 1.5707963268e+00 5.4835746678e+00
4.8706004696e-04 3.4743592868e+04 1.5707963268e+00 5.4840665341e+00
4.8717540864e-04 3.4764721040e+04 1.5707963268e+00 5.4845578019e+00
4.8729074628e-04 3.4785854386e+04 1.5707963268e+00 5.4850484723e+00
4.8740605990e-04 3.4806992898e+04 1.5707963268e+00 5.4855385461e+00
4.8752134953e-04 3.4828136570e+04 1.5707963268e+00 5.4860280243e+00
4.8763661522e-04 3.4849285393e+04 1.5707963268e+00 5.4865169078e+00
4.8775185699e-04 3.4870439361e+04 1.5707963268e+00 5.4870051975e+00
4.8786707488e-04 3.4891598466e+04 1.5707963268e+00 5.4874928945e+00
4.8798226892e-04 3.4912762700e+04 1.5707963268e+00 5.4879799997e+00
4.8809743914e-04 3.4933932057e+04 1.5707963268e+00 5.4884665138e+00
4.8821258558e-04 3.4955106527e+04 1.5707963268e+00 5.4889524380e+00
4.8832770826e-04 3.4976286106e+04 1.5707963268e+00 5.4894377732e+00
4.8844280723e-04 3.4997470783e+04 1.5707963268e+00 5.4899225202e+00
4.8855788251e-04 3.5018660554e+04 1.5707963268e+00 5.4904066800e+00
4.8867293414e-04 3.5039855409e+04 1.5707963268e+00 5.4908902535e+00
4.8878796215e-04 3.5061055343e+04 1.5707963268e+00 5.4913732416e+00
4.8890296657e-04 3.5082260346e+04 1.5707963268e+00 5.4918556453e+00
4.8901794744e-04 3.5103470413e+04 1.5707963268e+00 5.4923374655e+00
4.8913290478e-04 3.5124685535e+04 1.5707963268e+00 5.4928187031e+00
4.8924783863e-04 3.5145905706e+04 1.5707963268e+00 5.4932993590e+00
4.8936274903e-04 3.5167130918e+04 1.5707963268e+00 5.4937794341e+00
4.8947763600e-04 3.5188361164e+04 1.5707963268e+00 5.4942589294e+00
4.8959249957e-04 3.5209596437e+04 1.5707963268e+00 5.4947378458e+00
4.8970733979e-04 3.5230836729e+04 1.5707963268e+00 5.4952161841e+00
4.8982215667e-04 3.5252082033e+04 1.5707963268e+00 5.4956939453e+00
4.8993695026e-04 3.5273332341e+04 1.5707963268e+00 5.4961711303e+00
4.9005172059e-04 3.5294587648e+04 1.5707963268e+00 5.4966477400e+00
4.9016646768e-04 3.5315847945e+04 1.5707963268e+00 5.4971237753e+00
4.9028119157e-04 3.5337113224e+04 1.5707963268e+00 5.4975992371e+00
4.9039589229e-04 3.5358383480e+04 1.5707963268e+00 5.4980741263e+00
4.9051056987e-04 3.5379658705e+04 1.5707963268e+00 5.4985484438e+00
4.9062522435e-04 3.5400938892e+04 1.5707963268e+00 5.4990221905e+00
4.9073985576e-04 3.5422224032e+04 1.5707963268e+00 5.4994953673e+00
4.9085446412e-04 3.5443514121e+04 1.5707963268e+00 5.4999679751e+00
4.9096904947e-04 3.5464809149e+04 1.5707963268e+00 5.5004400148e+00
