0.0000000000e+00 1.4457783495e+04 1.5707963268e+00 0.0000000000e+00
2.3795067516e-07 1.4457783495e+04 1.5707963268e+00 3.0674846626e-03
4.7590135032e-07 1.4457794345e+04 1.5707963268e+00 6.1349693252e-03
7.1385174204e-07 1.4457816045e+04 1.5707963268e+00 9.2024493838e-03
9.5180156687e-07 1.4457848594e+04 1.5707963268e+00 1.2269920234e-02
1.1897505414e-06 1.4457891994e+04 1.5707963268e+00 1.5337377273e-02
1.4276983821e-06 1.4457946244e+04 1.5707963268e+00 1.8404815896e-02
1.6656448057e-06 1.4458011344e+04 1.5707963268e+00 2.1472231500e-02
1.9035895287e-06 1.4458087295e+04 1.5707963268e+00 2.4539619479e-02
2.1415322676e-06 1.4458174098e+04 1.5707963268e+00 2.7606975232e-02
2.3794727392e-06 1.4458271752e+04 1.5707963268e+00 3.0674294153e-02
2.6174106599e-06 1.4458380259e+04 1.5707963268e+00 3.3741571639e-02
2.8553457465e-06 1.4458499619e+04 1.5707963268e+00 3.6808803087e-02
3.0932777155e-06 1.4458629832e+04 1.5707963268e+00 3.9875983892e-02
3.3312062837e-06 1.4458770900e+04 1.5707963268e+00 4.2943109450e-02
3.5691311677e-06 1.4458922824e+04 1.5707963268e+00 4.6010175159e-02
3.8070520842e-06 1.4459085603e+04 1.5707963268e+00 4.9077176415e-02
4.0449687500e-06 1.4459259240e+04 1.5707963268e+00 5.2144108614e-02
4.2828808817e-06 1.4459443735e+04 1.5707963268e+00 5.5210967152e-02
4.5207881962e-06 1.4459639089e+04 1.5707963268e+00 5.8277747426e-02
4.7586904102e-06 1.4459845304e+04 1.5707963268e+00 6.1344444832e-02
4.9965872405e-06 1.4460062381e+04 1.5707963268e+00 6.4411054768e-02
5.2344784041e-06 1.4460290321e+04 1.5707963268e+00 6.7477572629e-02
5.4723636177e-06 1.4460529125e+04 1.5707963268e+00 7.0543993813e-02
5.7102425984e-06 1.4460778796e+04 1.5707963268e+00 7.3610313716e-02
5.9481150630e-06 1.4461039334e+04 1.5707963268e+00 7.6676527735e-02
6.1859807285e-06 1.4461310741e+04 1.5707963268e+00 7.9742631267e-02
6.4238393119e-06 1.4461593019e+04 1.5707963268e+00 8.2808619709e-02
6.6616905303e-06 1.4461886169e+04 1.5707963268e+00 8.5874488457e-02
6.8995341008e-06 1.4462190194e+04 1.5707963268e+00 8.8940232909e-02
7.1373697406e-06 1.4462505095e+04 1.5707963268e+00 9.2005848462e-02
7.3751971667e-06 1.4462830874e+04 1.5707963268e+00 9.5071330513e-02
7.6130160964e-06 1.4463167534e+04 1.5707963268e+00 9.8136674459e-02
7.8508262470e-06 1.4463515075e+04 1.5707963268e+00 1.0120187570e-01
8.0886273357e-06 1.4463873502e+04 1.5707963268e+00 1.0426692963e-01
8.3264190801e-06 1.4464242815e+04 1.5707963268e+00 1.0733183164e-01
8.5642011973e-06 1.4464623017e+04 1.5707963268e+00 1.1039657714e-01
8.8019734050e-06 1.4465014110e+04 1.5707963268e+00 1.1346116153e-01
9.0397354206e-06 1.4465416097e+04 1.5707963268e+00 1.1652558019e-01
9.2774869617e-06 1.4465828980e+04 1.5707963268e+00 1.1958982853e-01
9.5152277460e-06 1.4466252762e+04 1.5707963268e+00 1.2265390195e-01
9.7529574910e-06 1.4466687446e+04 1.5707963268e+00 1.2571779584e-01
9.9906759145e-06 1.4467133034e+04 1.5707963268e+00 1.2878150560e-01
1.0228382734e-05 1.4467589529e+04 1.5707963268e+00 1.3184502663e-01
1.0466077669e-05 1.4468056933e+04 1.5707963268e+00 1.3490835433e-01
1.0703760435e-05 1.4468535251e+04 1.5707963268e+00 1.3797148409e-01
1.0941430751e-05 1.4469024484e+04 1.5707963268e+00 1.4103441132e-01
1.1179088336e-05 1.4469524635e+04 1.5707963268e+00 1.4409713142e-01
1.1416732906e-05 1.4470035709e+04 1.5707963268e+00 1.4715963977e-01
1.1654364182e-05 1.4470557708e+04 1.5707963268e+00 1.5022193178e-01
1.1891981880e-05 1.4471090635e+04 1.5707963268e+00 1.5328400286e-01
1.2129585719e-05 1.4471634494e+04 1.5707963268e+00 1.5634584839e-01
1.2367175418e-05 1.4472189287e+04 1.5707963268e+00 1.5940746377e-01
1.2604750694e-05 1.4472755020e+04 1.5707963268e+00 1.6246884442e-01
1.2842311267e-05 1.4473331694e+04 1.5707963268e+00 1.6552998572e-01
1.3079856856e-05 1.4473919314e+04 1.5707963268e+00 1.6859088307e-01
1.3317387178e-05 1.4474517883e+04 1.5707963268e+00 1.7165153188e-01
1.3554901953e-05 1.4475127405e+04 1.5707963268e+00 1.7471192754e-01
1.3792400900e-05 1.4475747884e+04 1.5707963268e+00 1.7777206545e-01
1.4029883737e-05 1.4476379324e+04 1.5707963268e+00 1.8083194102e-01
1.4267350184e-05 1.4477021728e+04 1.5707963268e+00 1.8389154964e-01
1.4504799959e-05 1.4477675101e+04 1.5707963268e+00 1.8695088672e-01
1.4742232783e-05 1.4478339447e+04 1.5707963268e+00 1.9000994764e-01
1.4979648374e-05 1.4479014769e+04 1.5707963268e+00 1.9306872782e-01
1.5217046452e-05 1.4479701073e+04 1.5707963268e+00 1.9612722266e-01
1.5454426736e-05 1.4480398362e+04 1.5707963268e+00 1.9918542755e-01
1.5691788945e-05 1.4481106640e+04 1.5707963268e+00 2.0224333790e-01
1.5929132801e-05 1.4481825913e+04 1.5707963268e+00 2.0530094911e-01
1.6166458022e-05 1.4482556184e+04 1.5707963268e+00 2.0835825657e-01
1.6403764328e-05 1.4483297458e+04 1.5707963268e+00 2.1141525570e-01
1.6641051439e-05 1.4484049740e+04 1.5707963268e+00 2.1447194188e-01
1.6878319076e-05 1.4484813035e+04 1.5707963268e+00 2.1752831053e-01
1.7115566959e-05 1.4485587346e+04 1.5707963268e+00 2.2058435705e-01
1.7352794807e-05 1.4486372680e+04 1.5707963268e+00 2.2364007683e-01
1.7590002342e-05 1.4487169040e+04 1.5707963268e+00 2.2669546528e-01
1.7827189284e-05 1.4487976432e+04 1.5707963268e+00 2.2975051780e-01
1.8064355353e-05 1.4488794861e+04 1.5707963268e+00 2.3280522980e-01
1.8301500270e-05 1.4489624332e+04 1.5707963268e+00 2.3585959667e-01
1.8538623757e-05 1.4490464850e+04 1.5707963268e+00 2.3891361383e-01
1.8775725534e-05 1.4491316420e+04 1.5707963268e+00 2.4196727666e-01
1.9012805322e-05 1.4492179047e+04 1.5707963268e+00 2.4502058059e-01
1.9249862843e-05 1.4493052738e+04 1.5707963268e+00 2.4807352101e-01
1.9486897818e-05 1.4493937496e+04 1.5707963268e+00 2.5112609332e-01
1.9723909968e-05 1.4494833329e+04 1.5707963268e+00 2.5417829292e-01
1.9960899014e-05 1.4495740240e+04 1.5707963268e+00 2.5723011524e-01
2.0197864680e-05 1.4496658237e+04 1.5707963268e+00 2.6028155566e-01
2.0434806686e-05 1.4497587324e+04 1.5707963268e+00 2.6333260959e-01
2.0671724754e-05 1.4498527508e+04 1.5707963268e+00 2.6638327244e-01
2.0908618608e-05 1.4499478794e+04 1.5707963268e+00 2.6943353961e-01
2.1145487967e-05 1.4500441187e+04 1.5707963268e+00 2.7248340651e-01
2.1382332557e-05 1.4501414695e+04 1.5707963268e+00 2.7553286855e-01
2.1619152097e-05 1.4502399323e+04 1.5707963268e+00 2.7858192112e-01
2.1855946312e-05 1.4503395076e+04 1.5707963268e+00 2.8163055964e-01
2.2092714925e-05 1.4504401962e+04 1.5707963268e+00 2.8467877952e-01
2.2329457657e-05 1.4505419986e+04 1.5707963268e+00 2.8772657615e-01
2.2566174232e-05 1.4506449155e+04 1.5707963268e+00 2.9077394495e-01
2.2802864374e-05 1.4507489475e+04 1.5707963268e+00 2.9382088133e-01
2.3039527805e-05 1.4508540952e+04 1.5707963268e+00 2.9686738069e-01
2.3276164250e-05 1.4509603593e+04 1.5707963268e+00 2.9991343843e-01
2.3512773431e-05 1.4510677404e+04 1.5707963268e+00 3.0295904998e-01
2.3749355073e-05 1.4511762393e+04 1.5707963268e+00 3.0600421073e-01
2.3985908899e-05 1.4512858565e+04 1.5707963268e+00 3.0904891610e-01
2.4222434635e-05 1.4513965927e+04 1.5707963268e+00 3.1209316150e-01
2.4458932002e-05 1.4515084486e+04 1.5707963268e+00 3.1513694233e-01
2.4695400728e-05 1.4516214249e+04 1.5707963268e+00 3.1818025401e-01
2.4931840535e-05 1.4517355224e+04 1.5707963268e+00 3.2122309194e-01
2.5168251148e-05 1.4518507416e+04 1.5707963268e+00 3.2426545153e-01
2.5404632294e-05 1.4519670833e+04 1.5707963268e+00 3.2730732821e-01
2.5640983695e-05 1.4520845481e+04 1.5707963268e+00 3.3034871737e-01
2.5877305079e-05 1.4522031369e+04 1.5707963268e+00 3.3338961443e-01
2.6113596169e-05 1.4523228504e+04 1.5707963268e+00 3.3643001481e-01
2.6349856693e-05 1.4524436892e+04 1.5707963268e+00 3.3946991391e-01
2.6586086374e-05 1.4525656541e+04 1.5707963268e+00 3.4250930714e-01
2.6822284940e-05 1.4526887459e+04 1.5707963268e+00 3.4554818993e-01
2.7058452116e-05 1.4528129652e+04 1.5707963268e+00 3.4858655768e-01
2.7294587629e-05 1.4529383130e+04 1.5707963268e+00 3.5162440581e-01
2.7530691205e-05 1.4530647898e+04 1.5707963268e+00 3.5466172974e-01
2.7766762570e-05 1.4531923965e+04 1.5707963268e+00 3.5769852487e-01
2.8002801452e-05 1.4533211338e+04 1.5707963268e+00 3.6073478662e-01
2.8238807577e-05 1.4534510026e+04 1.5707963268e+00 3.6377051042e-01
2.8474780672e-05 1.4535820036e+04 1.5707963268e+00 3.6680569167e-01
2.8710720465e-05 1.4537141377e+04 1.5707963268e+00 3.6984032579e-01
2.8946626684e-05 1.4538474055e+04 1.5707963268e+00 3.7287440820e-01
2.9182499055e-05 1.4539818079e+04 1.5707963268e+00 3.7590793432e-01
2.9418337307e-05 1.4541173458e+04 1.5707963268e+00 3.7894089956e-01
2.9654141168e-05 1.4542540199e+04 1.5707963268e+00 3.8197329935e-01
2.9889910367e-05 1.4543918311e+04 1.5707963268e+00 3.8500512910e-01
3.0125644631e-05 1.4545307802e+04 1.5707963268e+00 3.8803638423e-01
3.0361343689e-05 1.4546708680e+04 1.5707963268e+00 3.9106706016e-01
3.0597007270e-05 1.4548120954e+04 1.5707963268e+00 3.9409715232e-01
3.0832635104e-05 1.4549544632e+04 1.5707963268e+00 3.9712665612e-01
3.1068226919e-05 1.4550979722e+04 1.5707963268e+00 4.0015556699e-01
3.1303782445e-05 1.4552426235e+04 1.5707963268e+00 4.0318388034e-01
3.1539301411e-05 1.4553884177e+04 1.5707963268e+00 4.0621159161e-01
3.1774783548e-05 1.4555353558e+04 1.5707963268e+00 4.0923869621e-01
3.2010228586e-05 1.4556834386e+04 1.5707963268e+00 4.1226518957e-01
3.2245636254e-05 1.4558326671e+04 1.5707963268e+00 4.1529106711e-01
3.2481006284e-05 1.4559830421e+04 1.5707963268e+00 4.1831632426e-01
3.2716338405e-05 1.4561345646e+04 1.5707963268e+00 4.2134095645e-01
3.2951632350e-05 1.4562872353e+04 1.5707963268e+00 4.2436495909e-01
3.3186887849e-05 1.4564410553e+04 1.5707963268e+00 4.2738832762e-01
3.3422104633e-05 1.4565960255e+04 1.5707963268e+00 4.3041105747e-01
3.3657282435e-05 1.4567521467e+04 1.5707963268e+00 4.3343314406e-01
3.3892420985e-05 1.4569094199e+04 1.5707963268e+00 4.3645458282e-01
3.4127520017e-05 1.4570678460e+04 1.5707963268e+00 4.3947536918e-01
3.4362579262e-05 1.4572274261e+04 1.5707963268e+00 4.4249549858e-01
3.4597598452e-05 1.4573881609e+04 1.5707963268e+00 4.4551496644e-01
3.4832577321e-05 1.4575500514e+04 1.5707963268e+00 4.4853376819e-01
3.5067515601e-05 1.4577130987e+04 1.5707963268e+00 4.5155189927e-01
3.5302413026e-05 1.4578773037e+04 1.5707963268e+00 4.5456935511e-01
3.5537269329e-05 1.4580426673e+04 1.5707963268e+00 4.5758613114e-01
3.5772084243e-05 1.4582091906e+04 1.5707963268e+00 4.6060222280e-01
3.6006857504e-05 1.4583768744e+04 1.5707963268e+00 4.6361762553e-01
3.6241588844e-05 1.4585457198e+04 1.5707963268e+00 4.6663233475e-01
3.6476277998e-05 1.4587157278e+04 1.5707963268e+00 4.6964634591e-01
3.6710924700e-05 1.4588868993e+04 1.5707963268e+00 4.7265965445e-01
3.6945528687e-05 1.4590592354e+04 1.5707963268e+00 4.7567225579e-01
3.7180089692e-05 1.4592327371e+04 1.5707963268e+00 4.7868414539e-01
3.7414607451e-05 1.4594074054e+04 1.5707963268e+00 4.8169531868e-01
3.7649081700e-05 1.4595832413e+04 1.5707963268e+00 4.8470577111e-01
3.7883512174e-05 1.4597602459e+04 1.5707963268e+00 4.8771549811e-01
3.8117898610e-05 1.4599384201e+04 1.5707963268e+00 4.9072449512e-01
3.8352240745e-05 1.4601177650e+04 1.5707963268e+00 4.9373275760e-01
3.8586538314e-05 1.4602982816e+04 1.5707963268e+00 4.9674028098e-01
3.8820791054e-05 1.4604799710e+04 1.5707963268e+00 4.9974706071e-01
3.9054998704e-05 1.4606628343e+04 1.5707963268e+00 5.0275309224e-01
3.9289161000e-05 1.4608468725e+04 1.5707963268e+00 5.0575837102e-01
3.9523277679e-05 1.4610320866e+04 1.5707963268e+00 5.0876289248e-01
3.9757348481e-05 1.4612184778e+04 1.5707963268e+00 5.1176665208e-01
3.9991373143e-05 1.4614060471e+04 1.5707963268e+00 5.1476964528e-01
4.0225351403e-05 1.4615947956e+04 1.5707963268e+00 5.1777186752e-01
4.0459283001e-05 1.4617847244e+04 1.5707963268e+00 5.2077331425e-01
4.0693167676e-05 1.4619758345e+04 1.5707963268e+00 5.2377398093e-01
4.0927005166e-05 1.4621681271e+04 1.5707963268e+00 5.2677386300e-01
4.1160795212e-05 1.4623616032e+04 1.5707963268e+00 5.2977295594e-01
4.1394537553e-05 1.4625562641e+04 1.5707963268e+00 5.3277125518e-01
4.1628231929e-05 1.4627521107e+04 1.5707963268e+00 5.3576875619e-01
4.1861878082e-05 1.4629491442e+04 1.5707963268e+00 5.3876545443e-01
4.2095475751e-05 1.4631473658e+04 1.5707963268e+00 5.4176134536e-01
4.2329024678e-05 1.4633467765e+04 1.5707963268e+00 5.4475642443e-01
4.2562524604e-05 1.4635473775e+04 1.5707963268e+00 5.4775068711e-01
4.2795975271e-05 1.4637491700e+04 1.5707963268e+00 5.5074412887e-01
4.3029376420e-05 1.4639521550e+04 1.5707963268e+00 5.5373674515e-01
4.3262727795e-05 1.4641563338e+04 1.5707963268e+00 5.5672853144e-01
4.3496029136e-05 1.4643617074e+04 1.5707963268e+00 5.5971948319e-01
4.3729280188e-05 1.4645682771e+04 1.5707963268e+00 5.6270959587e-01
4.3962480693e-05 1.4647760440e+04 1.5707963268e+00 5.6569886496e-01
4.4195630394e-05 1.4649850093e+04 1.5707963268e+00 5.6868728591e-01
4.4428729036e-05 1.4651951742e+04 1.5707963268e+00 5.7167485421e-01
4.4661776363e-05 1.4654065398e+04 1.5707963268e+00 5.7466156533e-01
4.4894772118e-05 1.4656191073e+04 1.5707963268e+00 5.7764741473e-01
4.5127716046e-05 1.4658328779e+04 1.5707963268e+00 5.8063239790e-01
4.5360607893e-05 1.4660478529e+04 1.5707963268e+00 5.8361651030e-01
4.5593447403e-05 1.4662640334e+04 1.5707963268e+00 5.8659974742e-01
4.5826234322e-05 1.4664814206e+04 1.5707963268e+00 5.8958210474e-01
4.6058968397e-05 1.4667000157e+04 1.5707963268e+00 5.9256357773e-01
4.6291649372e-05 1.4669198200e+04 1.5707963268e+00 5.9554416188e-01
4.6524276996e-05 1.4671408347e+04 1.5707963268e+00 5.9852385267e-01
4.6756851014e-05 1.4673630609e+04 1.5707963268e+00 6.0150264559e-01
4.6989371175e-05 1.4675865001e+04 1.5707963268e+00 6.0448053611e-01
4.7221837224e-05 1.4678111532e+04 1.5707963268e+00 6.0745751974e-01
4.7454248911e-05 1.4680370217e+04 1.5707963268e+00 6.1043359195e-01
4.7686605984e-05 1.4682641068e+04 1.5707963268e+00 6.1340874824e-01
4.7918908190e-05 1.4684924097e+04 1.5707963268e+00 6.1638298410e-01
4.8151155279e-05 1.4687219316e+04 1.5707963268e+00 6.1935629502e-01
4.8383347001e-05 1.4689526739e+04 1.5707963268e+00 6.2232867649e-01
4.8615483104e-05 1.4691846377e+04 1.5707963268e+00 6.2530012402e-01
4.8847563338e-05 1.4694178244e+04 1.5707963268e+00 6.2827063310e-01
4.9079587454e-05 1.4696522353e+04 1.5707963268e+00 6.3124019923e-01
4.9311555203e-05 1.4698878716e+04 1.5707963268e+00 6.3420881792e-01
4.9543466334e-05 1.4701247346e+04 1.5707963268e+00 6.3717648465e-01
4.9775320601e-05 1.4703628256e+04 1.5707963268e+00 6.4014319495e-01
5.0007117753e-05 1.4706021458e+04 1.5707963268e+00 6.4310894431e-01
5.0238857543e-05 1.4708426967e+04 1.5707963268e+00 6.4607372825e-01
5.0470539723e-05 1.4710844795e+04 1.5707963268e+00 6.4903754227e-01
5.0702164047e-05 1.4713274954e+04 1.5707963268e+00 6.5200038188e-01
5.0933730267e-05 1.4715717459e+04 1.5707963268e+00 6.5496224260e-01
5.1165238136e-05 1.4718172322e+04 1.5707963268e+00 6.5792311994e-01
5.1396687408e-05 1.4720639556e+04 1.5707963268e+00 6.6088300942e-01
5.1628077838e-05 1.4723119176e+04 1.5707963268e+00 6.6384190655e-01
5.1859409180e-05 1.4725611193e+04 1.5707963268e+00 6.6679980686e-01
5.2090681188e-05 1.4728115622e+04 1.5707963268e+00 6.6975670587e-01
5.2321893619e-05 1.4730632475e+04 1.5707963268e+00 6.7271259910e-01
5.2553046227e-05 1.4733161767e+04 1.5707963268e+00 6.7566748209e-01
5.2784138769e-05 1.4735703511e+04 1.5707963268e+00 6.7862135034e-01
5.3015171000e-05 1.4738257720e+04 1.5707963268e+00 6.8157419941e-01
5.3246142679e-05 1.4740824407e+04 1.5707963268e+00 6.8452602481e-01
5.3477053561e-05 1.4743403588e+04 1.5707963268e+00 6.8747682208e-01
5.3707903405e-05 1.4745995274e+04 1.5707963268e+00 6.9042658676e-01
5.3938691967e-05 1.4748599480e+04 1.5707963268e+00 6.9337531438e-01
5.4169419008e-05 1.4751216220e+04 1.5707963268e+00 6.9632300049e-01
5.4400084284e-05 1.4753845507e+04 1.5707963268e+00 6.9926964062e-01
5.4630687556e-05 1.4756487355e+04 1.5707963268e+00 7.0221523033e-01
5.4861228582e-05 1.4759141778e+04 1.5707963268e+00 7.0515976514e-01
5.5091707123e-05 1.4761808790e+04 1.5707963268e+00 7.0810324063e-01
5.5322122939e-05 1.4764488405e+04 1.5707963268e+00 7.1104565232e-01
5.5552475790e-05 1.4767180637e+04 1.5707963268e+00 7.1398699578e-01
5.5782765438e-05 1.4769885500e+04 1.5707963268e+00 7.1692726657e-01
5.6012991644e-05 1.4772603008e+04 1.5707963268e+00 7.1986646023e-01
5.6243154169e-05 1.4775333175e+04 1.5707963268e+00 7.2280457233e-01
5.6473252776e-05 1.4778076015e+04 1.5707963268e+00 7.2574159842e-01
5.6703287228e-05 1.4780831543e+04 1.5707963268e+00 7.2867753408e-01
5.6933257288e-05 1.4783599772e+04 1.5707963268e+00 7.3161237487e-01
5.7163162719e-05 1.4786380717e+04 1.5707963268e+00 7.3454611635e-01
5.7393003285e-05 1.4789174393e+04 1.5707963268e+00 7.3747875410e-01
5.7622778751e-05 1.4791980813e+04 1.5707963268e+00 7.4041028368e-01
5.7852488881e-05 1.4794799992e+04 1.5707963268e+00 7.4334070069e-01
5.8082133440e-05 1.4797631945e+04 1.5707963268e+00 7.4627000069e-01
5.8311712194e-05 1.4800476685e+04 1.5707963268e+00 7.4919817926e-01
5.8541224909e-05 1.4803334228e+04 1.5707963268e+00 7.5212523199e-01
5.8770671352e-05 1.4806204588e+04 1.5707963268e+00 7.5505115446e-01
5.9000051289e-05 1.4809087779e+04 1.5707963268e+00 7.5797594226e-01
5.9229364487e-05 1.4811983817e+04 1.5707963268e+00 7.6089959098e-01
5.9458610715e-05 1.4814892715e+04 1.5707963268e+00 7.6382209621e-01
5.9687789740e-05 1.4817814488e+04 1.5707963268e+00 7.6674345355e-01
5.9916901331e-05 1.4820749152e+04 1.5707963268e+00 7.6966365860e-01
6.0145945257e-05 1.4823696721e+04 1.5707963268e+00 7.7258270696e-01
6.0374921287e-05 1.4826657209e+04 1.5707963268e+00 7.7550059423e-01
6.0603829192e-05 1.4829630632e+04 1.5707963268e+00 7.7841731602e-01
6.0832668742e-05 1.4832617005e+04 1.5707963268e+00 7.8133286794e-01
6.1061439708e-05 1.4835616342e+04 1.5707963268e+00 7.8424724560e-01
6.1290141860e-05 1.4838628658e+04 1.5707963268e+00 7.8716044461e-01
6.1518774971e-05 1.4841653968e+04 1.5707963268e+00 7.9007246059e-01
6.1747338812e-05 1.4844692287e+04 1.5707963268e+00 7.9298328917e-01
6.1975833157e-05 1.4847743631e+04 1.5707963268e+00 7.9589292596e-01
6.2204257779e-05 1.4850808014e+04 1.5707963268e+00 7.9880136659e-01
6.2432612450e-05 1.4853885451e+04 1.5707963268e+00 8.0170860669e-01
6.2660896945e-05 1.4856975958e+04 1.5707963268e+00 8.0461464190e-01
6.2889111038e-05 1.4860079550e+04 1.5707963268e+00 8.0751946784e-01
6.3117254505e-05 1.4863196242e+04 1.5707963268e+00 8.1042308016e-01
6.3345327120e-05 1.4866326049e+04 1.5707963268e+00 8.1332547450e-01
6.3573328660e-05 1.4869468986e+04 1.5707963268e+00 8.1622664649e-01
6.3801258901e-05 1.4872625069e+04 1.5707963268e+00 8.1912659180e-01
6.4029117619e-05 1.4875794313e+04 1.5707963268e+00 8.2202530606e-01
6.4256904592e-05 1.4878976734e+04 1.5707963268e+00 8.2492278493e-01
6.4484619598e-05 1.4882172346e+04 1.5707963268e+00 8.2781902408e-01
6.4712262414e-05 1.4885381165e+04 1.5707963268e+00 8.3071401915e-01
6.4939832820e-05 1.4888603207e+04 1.5707963268e+00 8.3360776581e-01
6.5167330595e-05 1.4891838488e+04 1.5707963268e+00 8.3650025973e-01
6.5394755518e-05 1.4895087021e+04 1.5707963268e+00 8.3939149658e-01
6.5622107369e-05 1.4898348824e+04 1.5707963268e+00 8.4228147203e-01
6.5849385930e-05 1.4901623912e+04 1.5707963268e+00 8.4517018175e-01
6.6076590981e-05 1.4904912300e+04 1.5707963268e+00 8.4805762143e-01
6.6303722303e-05 1.4908214005e+04 1.5707963268e+00 8.5094378675e-01
6.6530779680e-05 1.4911529040e+04 1.5707963268e+00 8.5382867339e-01
6.6757762893e-05 1.4914857423e+04 1.5707963268e+00 8.5671227706e-01
6.6984671726e-05 1.4918199169e+04 1.5707963268e+00 8.5959459343e-01
6.7211505962e-05 1.4921554294e+04 1.5707963268e+00 8.6247561820e-01
6.7438265386e-05 1.4924922813e+04 1.5707963268e+00 8.6535534709e-01
6.7664949781e-05 1.4928304743e+04 1.5707963268e+00 8.6823377578e-01
6.7891558934e-05 1.4931700098e+04 1.5707963268e+00 8.7111089999e-01
6.8118092629e-05 1.4935108896e+04 1.5707963268e+00 8.7398671543e-01
6.8344550653e-05 1.4938531151e+04 1.5707963268e+00 8.7686121782e-01
6.8570932792e-05 1.4941966880e+04 1.5707963268e+00 8.7973440287e-01
6.8797238834e-05 1.4945416098e+04 1.5707963268e+00 8.8260626631e-01
6.9023468567e-05 1.4948878823e+04 1.5707963268e+00 8.8547680386e-01
6.9249621777e-05 1.4952355068e+04 1.5707963268e+00 8.8834601125e-01
6.9475698255e-05 1.4955844851e+04 1.5707963268e+00 8.9121388422e-01
6.9701697790e-05 1.4959348188e+04 1.5707963268e+00 8.9408041850e-01
6.9927620170e-05 1.4962865094e+04 1.5707963268e+00 8.9694560984e-01
7.0153465187e-05 1.4966395585e+04 1.5707963268e+00 8.9980945397e-01
7.0379232631e-05 1.4969939679e+04 1.5707963268e+00 9.0267194666e-01
7.0604922293e-05 1.4973497390e+04 1.5707963268e+00 9.0553308366e-01
7.0830533966e-05 1.4977068735e+04 1.5707963268e+00 9.0839286071e-01
7.1056067442e-05 1.4980653730e+04 1.5707963268e+00 9.1125127359e-01
7.1281522513e-05 1.4984252391e+04 1.5707963268e+00 9.1410831805e-01
7.1506898973e-05 1.4987864735e+04 1.5707963268e+00 9.1696398988e-01
7.1732196616e-05 1.4991490777e+04 1.5707963268e+00 9.1981828483e-01
7.1957415237e-05 1.4995130534e+04 1.5707963268e+00 9.2267119870e-01
7.2182554631e-05 1.4998784022e+04 1.5707963268e+00 9.2552272726e-01
7.2407614593e-05 1.5002451258e+04 1.5707963268e+00 9.2837286630e-01
7.2632594919e-05 1.5006132257e+04 1.5707963268e+00 9.3122161160e-01
7.2857495407e-05 1.5009827037e+04 1.5707963268e+00 9.3406895898e-01
7.3082315852e-05 1.5013535612e+04 1.5707963268e+00 9.3691490421e-01
7.3307056054e-05 1.5017258000e+04 1.5707963268e+00 9.3975944311e-01
7.3531715811e-05 1.5020994218e+04 1.5707963268e+00 9.4260257149e-01
7.3756294921e-05 1.5024744281e+04 1.5707963268e+00 9.4544428516e-01
7.3980793184e-05 1.5028508205e+04 1.5707963268e+00 9.4828457993e-01
7.4205210400e-05 1.5032286008e+04 1.5707963268e+00 9.5112345163e-01
7.4429546369e-05 1.5036077705e+04 1.5707963268e+00 9.5396089608e-01
7.4653800894e-05 1.5039883314e+04 1.5707963268e+00 9.5679690912e-01
7.4877973774e-05 1.5043702850e+04 1.5707963268e+00 9.5963148657e-01
7.5102064813e-05 1.5047536331e+04 1.5707963268e+00 9.6246462429e-01
7.5326073814e-05 1.5051383772e+04 1.5707963268e+00 9.6529631810e-01
7.5550000580e-05 1.5055245190e+04 1.5707963268e+00 9.6812656387e-01
7.5773844914e-05 1.5059120602e+04 1.5707963268e+00 9.7095535745e-01
7.5997606622e-05 1.5063010024e+04 1.5707963268e+00 9.7378269469e-01
7.6221285509e-05 1.5066913473e+04 1.5707963268e+00 9.7660857145e-01
7.6444881379e-05 1.5070830966e+04 1.5707963268e+00 9.7943298362e-01
7.6668394041e-05 1.5074762518e+04 1.5707963268e+00 9.8225592705e-01
7.6891823299e-05 1.5078708147e+04 1.5707963268e+00 9.8507739764e-01
7.7115168963e-05 1.5082667869e+04 1.5707963268e+00 9.8789739125e-01
7.7338430839e-05 1.5086641701e+04 1.5707963268e+00 9.9071590379e-01
7.7561608737e-05 1.5090629659e+04 1.5707963268e+00 9.9353293113e-01
7.7784702465e-05 1.5094631761e+04 1.5707963268e+00 9.9634846919e-01
7.8007711834e-05 1.5098648023e+04 1.5707963268e+00 9.9916251386e-01
7.8230636654e-05 1.5102678461e+04 1.5707963268e+00 1.0019750611e+00
7.8453476735e-05 1.5106723092e+04 1.5707963268e+00 1.0047861067e+00
7.8676231890e-05 1.5110781933e+04 1.5707963268e+00 1.0075956467e+00
7.8898901931e-05 1.5114855001e+04 1.5707963268e+00 1.0104036769e+00
7.9121486669e-05 1.5118942312e+04 1.5707963268e+00 1.0132101934e+00
7.9343985919e-05 1.5123043884e+04 1.5707963268e+00 1.0160151920e+00
7.9566399495e-05 1.5127159732e+04 1.5707963268e+00 1.0188186687e+00
7.9788727210e-05 1.5131289874e+04 1.5707963268e+00 1.0216206194e+00
8.0010968881e-05 1.5135434326e+04 1.5707963268e+00 1.0244210401e+00
8.0233124323e-05 1.5139593105e+04 1.5707963268e+00 1.0272199267e+00
8.0455193352e-05 1.5143766229e+04 1.5707963268e+00 1.0300172752e+00
8.0677175786e-05 1.5147953713e+04 1.5707963268e+00 1.0328130816e+00
8.0899071441e-05 1.5152155574e+04 1.5707963268e+00 1.0356073418e+00
8.1120880136e-05 1.5156371830e+04 1.5707963268e+00 1.0384000519e+00
8.1342601691e-05 1.5160602497e+04 1.5707963268e+00 1.0411912077e+00
8.1564235923e-05 1.5164847593e+04 1.5707963268e+00 1.0439808053e+00
8.1785782654e-05 1.5169107132e+04 1.5707963268e+00 1.0467688407e+00
8.2007241704e-05 1.5173381134e+04 1.5707963268e+00 1.0495553098e+00
8.2228612894e-05 1.5177669614e+04 1.5707963268e+00 1.0523402088e+00
8.2449896047e-05 1.5181972590e+04 1.5707963268e+00 1.0551235335e+00
8.2671090984e-05 1.5186290077e+04 1.5707963268e+00 1.0579052801e+00
8.2892197529e-05 1.5190622094e+04 1.5707963268e+00 1.0606854445e+00
8.3113215505e-05 1.5194968656e+04 1.5707963268e+00 1.0634640227e+00
8.3334144738e-05 1.5199329782e+04 1.5707963268e+00 1.0662410109e+00
8.3554985052e-05 1.5203705487e+04 1.5707963268e+00 1.0690164050e+00
8.3775736272e-05 1.5208095788e+04 1.5707963268e+00 1.0717902012e+00
8.3996398225e-05 1.5212500703e+04 1.5707963268e+00 1.0745623953e+00
8.4216970739e-05 1.5216920248e+04 1.5707963268e+00 1.0773329836e+00
8.4437453639e-05 1.5221354440e+04 1.5707963268e+00 1.0801019620e+00
8.4657846756e-05 1.5225803296e+04 1.5707963268e+00 1.0828693267e+00
8.4878149917e-05 1.5230266833e+04 1.5707963268e+00 1.0856350738e+00
8.5098362952e-05 1.5234745068e+04 1.5707963268e+00 1.0883991992e+00
8.5318485691e-05 1.5239238018e+04 1.5707963268e+00 1.0911616991e+00
8.5538517965e-05 1.5243745699e+04 1.5707963268e+00 1.0939225696e+00
8.5758459605e-05 1.5248268128e+04 1.5707963268e+00 1.0966818069e+00
8.5978310444e-05 1.5252805323e+04 1.5707963268e+00 1.0994394069e+00
8.6198070313e-05 1.5257357300e+04 1.5707963268e+00 1.1021953658e+00
8.6417739048e-05 1.5261924076e+04 1.5707963268e+00 1.1049496799e+00
8.6637316480e-05 1.5266505668e+04 1.5707963268e+00 1.1077023450e+00
8.6856802446e-05 1.5271102092e+04 1.5707963268e+00 1.1104533575e+00
8.7076196780e-05 1.5275713367e+04 1.5707963268e+00 1.1132027135e+00
8.7295499318e-05 1.5280339508e+04 1.5707963268e+00 1.1159504090e+00
8.7514709897e-05 1.5284980533e+04 1.5707963268e+00 1.1186964404e+00
8.7733828355e-05 1.5289636458e+04 1.5707963268e+00 1.1214408036e+00
8.7952854528e-05 1.5294307300e+04 1.5707963268e+00 1.1241834949e+00
8.8171788257e-05 1.5298993076e+04 1.5707963268e+00 1.1269245105e+00
8.8390629379e-05 1.5303693803e+04 1.5707963268e+00 1.1296638466e+00
8.8609377735e-05 1.5308409498e+04 1.5707963268e+00 1.1324014993e+00
8.8828033166e-05 1.5313140177e+04 1.5707963268e+00 1.1351374648e+00
8.9046595513e-05 1.5317885858e+04 1.5707963268e+00 1.1378717393e+00
8.9265064617e-05 1.5322646558e+04 1.5707963268e+00 1.1406043191e+00
8.9483440322e-05 1.5327422292e+04 1.5707963268e+00 1.1433352004e+00
8.9701722470e-05 1.5332213079e+04 1.5707963268e+00 1.1460643794e+00
8.9919910905e-05 1.5337018934e+04 1.5707963268e+00 1.1487918522e+00
9.0138005473e-05 1.5341839875e+04 1.5707963268e+00 1.1515176153e+00
9.0356006018e-05 1.5346675918e+04 1.5707963268e+00 1.1542416647e+00
9.0573912386e-05 1.5351527081e+04 1.5707963268e+00 1.1569639968e+00
9.0791724424e-05 1.5356393379e+04 1.5707963268e+00 1.1596846078e+00
9.1009441979e-05 1.5361274831e+04 1.5707963268e+00 1.1624034940e+00
9.1227064899e-05 1.5366171452e+04 1.5707963268e+00 1.1651206516e+00
9.1444593034e-05 1.5371083259e+04 1.5707963268e+00 1.1678360770e+00
9.1662026231e-05 1.5376010270e+04 1.5707963268e+00 1.1705497664e+00
9.1879364342e-05 1.5380952500e+04 1.5707963268e+00 1.1732617161e+00
9.2096607216e-05 1.5385909967e+04 1.5707963268e+00 1.1759719224e+00
9.2313754706e-05 1.5390882687e+04 1.5707963268e+00 1.1786803817e+00
9.2530806663e-05 1.5395870678e+04 1.5707963268e+00 1.1813870902e+00
9.2747762940e-05 1.5400873955e+04 1.5707963268e+00 1.1840920443e+00
9.2964623391e-05 1.5405892535e+04 1.5707963268e+00 1.1867952404e+00
9.3181387870e-05 1.5410926436e+04 1.5707963268e+00 1.1894966747e+00
9.3398056231e-05 1.5415975673e+04 1.5707963268e+00 1.1921963435e+00
9.3614628330e-05 1.5421040264e+04 1.5707963268e+00 1.1948942434e+00
9.3831104023e-05 1.5426120225e+04 1.5707963268e+00 1.1975903705e+00
9.4047483168e-05 1.5431215573e+04 1.5707963268e+00 1.2002847214e+00
9.4263765622e-05 1.5436326324e+04 1.5707963268e+00 1.2029772924e+00
9.4479951242e-05 1.5441452496e+04 1.5707963268e+00 1.2056680798e+00
9.4696039889e-05 1.5446594103e+04 1.5707963268e+00 1.2083570800e+00
9.4912031422e-05 1.5451751164e+04 1.5707963268e+00 1.2110442896e+00
9.5127925700e-05 1.5456923695e+04 1.5707963268e+00 1.2137297048e+00
9.5343722586e-05 1.5462111712e+04 1.5707963268e+00 1.2164133221e+00
9.5559421942e-05 1.5467315232e+04 1.5707963268e+00 1.2190951379e+00
9.5775023629e-05 1.5472534271e+04 1.5707963268e+00 1.2217751487e+00
9.5990527510e-05 1.5477768846e+04 1.5707963268e+00 1.2244533509e+00
9.6205933451e-05 1.5483018973e+04 1.5707963268e+00 1.2271297409e+00
9.6421241314e-05 1.5488284669e+04 1.5707963268e+00 1.2298043152e+00
9.6636450967e-05 1.5493565950e+04 1.5707963268e+00 1.2324770704e+00
9.6851562274e-05 1.5498862832e+04 1.5707963268e+00 1.2351480028e+00
9.7066575102e-05 1.5504175333e+04 1.5707963268e+00 1.2378171089e+00
9.7281489320e-05 1.5509503469e+04 1.5707963268e+00 1.2404843853e+00
9.7496304794e-05 1.5514847255e+04 1.5707963268e+00 1.2431498284e+00
9.7711021395e-05 1.5520206708e+04 1.5707963268e+00 1.2458134347e+00
9.7925638990e-05 1.5525581845e+04 1.5707963268e+00 1.2484752008e+00
9.8140157452e-05 1.5530972682e+04 1.5707963268e+00 1.2511351233e+00
9.8354576650e-05 1.5536379235e+04 1.5707963268e+00 1.2537931985e+00
9.8568896457e-05 1.5541801520e+04 1.5707963268e+00 1.2564494231e+00
9.8783116745e-05 1.5547239554e+04 1.5707963268e+00 1.2591037937e+00
9.8997237387e-05 1.5552693353e+04 1.5707963268e+00 1.2617563067e+00
9.9211258257e-05 1.5558162933e+04 1.5707963268e+00 1.2644069588e+00
9.9425179229e-05 1.5563648310e+04 1.5707963268e+00 1.2670557465e+00
9.9639000179e-05 1.5569149501e+04 1.5707963268e+00 1.2697026664e+00
9.9852720983e-05 1.5574666522e+04 1.5707963268e+00 1.2723477152e+00
1.0006634152e-04 1.5580199388e+04 1.5707963268e+00 1.2749908893e+00
1.0027986166e-04 1.5585748116e+04 1.5707963268e+00 1.2776321856e+00
1.0049328129e-04 1.5591312722e+04 1.5707963268e+00 1.2802716004e+00
1.0070660028e-04 1.5596893222e+04 1.5707963268e+00 1.2829091306e+00
1.0091981852e-04 1.5602489633e+04 1.5707963268e+00 1.2855447727e+00
1.0113293589e-04 1.5608101969e+04 1.5707963268e+00 1.2881785234e+00
1.0134595226e-04 1.5613730247e+04 1.5707963268e+00 1.2908103793e+00
1.0155886752e-04 1.5619374484e+04 1.5707963268e+00 1.2934403371e+00
1.0177168154e-04 1.5625034694e+04 1.5707963268e+00 1.2960683935e+00
1.0198439423e-04 1.5630710894e+04 1.5707963268e+00 1.2986945452e+00
1.0219700545e-04 1.5636403100e+04 1.5707963268e+00 1.3013187888e+00
1.0240951509e-04 1.5642111327e+04 1.5707963268e+00 1.3039411211e+00
1.0262192304e-04 1.5647835591e+04 1.5707963268e+00 1.3065615388e+00
1.0283422919e-04 1.5653575909e+04 1.5707963268e+00 1.3091800386e+00
1.0304643342e-04 1.5659332296e+04 1.5707963268e+00 1.3117966172e+00
1.0325853561e-04 1.5665104767e+04 1.5707963268e+00 1.3144112714e+00
1.0347053566e-04 1.5670893339e+04 1.5707963268e+00 1.3170239980e+00
1.0368243346e-04 1.5676698027e+04 1.5707963268e+00 1.3196347936e+00
1.0389422890e-04 1.5682518847e+04 1.5707963268e+00 1.3222436551e+00
1.0410592186e-04 1.5688355814e+04 1.5707963268e+00 1.3248505792e+00
1.0431751224e-04 1.5694208944e+04 1.5707963268e+00 1.3274555627e+00
1.0452899992e-04 1.5700078252e+04 1.5707963268e+00 1.3300586025e+00
1.0474038481e-04 1.5705963755e+04 1.5707963268e+00 1.3326596953e+00
1.0495166680e-04 1.5711865467e+04 1.5707963268e+00 1.3352588380e+00
1.0516284578e-04 1.5717783404e+04 1.5707963268e+00 1.3378560273e+00
1.0537392164e-04 1.5723717582e+04 1.5707963268e+00 1.3404512602e+00
1.0558489429e-04 1.5729668015e+04 1.5707963268e+00 1.3430445334e+00
1.0579576361e-04 1.5735634720e+04 1.5707963268e+00 1.3456358439e+00
1.0600652950e-04 1.5741617711e+04 1.5707963268e+00 1.3482251884e+00
1.0621719187e-04 1.5747617005e+04 1.5707963268e+00 1.3508125639e+00
1.0642775061e-04 1.5753632615e+04 1.5707963268e+00 1.3533979672e+00
1.0663820562e-04 1.5759664558e+04 1.5707963268e+00 1.3559813953e+00
1.0684855680e-04 1.5765712849e+04 1.5707963268e+00 1.3585628451e+00
1.0705880406e-04 1.5771777502e+04 1.5707963268e+00 1.3611423134e+00
1.0726894728e-04 1.5777858534e+04 1.5707963268e+00 1.3637197972e+00
1.0747898638e-04 1.5783955958e+04 1.5707963268e+00 1.3662952934e+00
1.0768892126e-04 1.5790069791e+04 1.5707963268e+00 1.3688687990e+00
1.0789875183e-04 1.5796200047e+04 1.5707963268e+00 1.3714403109e+00
1.0810847798e-04 1.5802346741e+04 1.5707963268e+00 1.3740098262e+00
1.0831809962e-04 1.5808509888e+04 1.5707963268e+00 1.3765773417e+00
1.0852761666e-04 1.5814689504e+04 1.5707963268e+00 1.3791428545e+00
1.0873702900e-04 1.5820885602e+04 1.5707963268e+00 1.3817063615e+00
1.0894633656e-04 1.5827098198e+04 1.5707963268e+00 1.3842678598e+00
1.0915553924e-04 1.5833327307e+04 1.5707963268e+00 1.3868273464e+00
1.0936463695e-04 1.5839572944e+04 1.5707963268e+00 1.3893848183e+00
1.0957362959e-04 1.5845835122e+04 1.5707963268e+00 1.3919402725e+00
1.0978251709e-04 1.5852113858e+04 1.5707963268e+00 1.3944937062e+00
1.0999129935e-04 1.5858409165e+04 1.5707963268e+00 1.3970451163e+00
1.1019997628e-04 1.5864721058e+04 1.5707963268e+00 1.3995944999e+00
1.1040854780e-04 1.5871049552e+04 1.5707963268e+00 1.4021418542e+00
1.1061701382e-04 1.5877394662e+04 1.5707963268e+00 1.4046871762e+00
1.1082537425e-04 1.5883756401e+04 1.5707963268e+00 1.4072304629e+00
1.1103362901e-04 1.5890134785e+04 1.5707963268e+00 1.4097717116e+00
1.1124177802e-04 1.5896529827e+04 1.5707963268e+00 1.4123109193e+00
1.1144982118e-04 1.5902941543e+04 1.5707963268e+00 1.4148480832e+00
1.1165775843e-04 1.5909369946e+04 1.5707963268e+00 1.4173832004e+00
1.1186558967e-04 1.5915815051e+04 1.5707963268e+00 1.4199162681e+00
1.1207331482e-04 1.5922276872e+04 1.5707963268e+00 1.4224472834e+00
1.1228093381e-04 1.5928755423e+04 1.5707963268e+00 1.4249762436e+00
1.1248844655e-04 1.5935250718e+04 1.5707963268e+00 1.4275031457e+00
1.1269585296e-04 1.5941762773e+04 1.5707963268e+00 1.4300279870e+00
1.1290315298e-04 1.5948291600e+04 1.5707963268e+00 1.4325507648e+00
1.1311034651e-04 1.5954837213e+04 1.5707963268e+00 1.4350714762e+00
1.1331743348e-04 1.5961399628e+04 1.5707963268e+00 1.4375901184e+00
1.1352441382e-04 1.5967978857e+04 1.5707963268e+00 1.4401066888e+00
1.1373128745e-04 1.5974574914e+04 1.5707963268e+00 1.4426211845e+00
1.1393805430e-04 1.5981187815e+04 1.5707963268e+00 1.4451336028e+00
1.1414471429e-04 1.5987817571e+04 1.5707963268e+00 1.4476439410e+00
1.1435126734e-04 1.5994464198e+04 1.5707963268e+00 1.4501521965e+00
1.1455771339e-04 1.6001127708e+04 1.5707963268e+00 1.4526583663e+00
1.1476405237e-04 1.6007808116e+04 1.5707963268e+00 1.4551624480e+00
1.1497028420e-04 1.6014505436e+04 1.5707963268e+00 1.4576644388e+00
1.1517640882e-04 1.6021219680e+04 1.5707963268e+00 1.4601643361e+00
1.1538242614e-04 1.6027950862e+04 1.5707963268e+00 1.4626621371e+00
1.1558833612e-04 1.6034698996e+04 1.5707963268e+00 1.4651578393e+00
1.1579413867e-04 1.6041464096e+04 1.5707963268e+00 1.4676514399e+00
1.1599983373e-04 1.6048246174e+04 1.5707963268e+00 1.4701429365e+00
1.1620542123e-04 1.6055045244e+04 1.5707963268e+00 1.4726323263e+00
1.1641090111e-04 1.6061861320e+04 1.5707963268e+00 1.4751196068e+00
1.1661627330e-04 1.6068694414e+04 1.5707963268e+00 1.4776047754e+00
1.1682153774e-04 1.6075544540e+04 1.5707963268e+00 1.4800878295e+00
1.1702669437e-04 1.6082411712e+04 1.5707963268e+00 1.4825687665e+00
1.1723174312e-04 1.6089295941e+04 1.5707963268e+00 1.4850475838e+00
1.1743668393e-04 1.6096197242e+04 1.5707963268e+00 1.4875242791e+00
1.1764151673e-04 1.6103115626e+04 1.5707963268e+00 1.4899988496e+00
1.1784624148e-04 1.6110051109e+04 1.5707963268e+00 1.4924712929e+00
1.1805085810e-04 1.6117003701e+04 1.5707963268e+00 1.4949416065e+00
1.1825536654e-04 1.6123973416e+04 1.5707963268e+00 1.4974097879e+00
1.1845976674e-04 1.6130960267e+04 1.5707963268e+00 1.4998758345e+00
1.1866405865e-04 1.6137964267e+04 1.5707963268e+00 1.5023397440e+00
1.1886824220e-04 1.6144985428e+04 1.5707963268e+00 1.5048015139e+00
1.1907231734e-04 1.6152023763e+04 1.5707963268e+00 1.5072611417e+00
1.1927628401e-04 1.6159079284e+04 1.5707963268e+00 1.5097186249e+00
1.1948014217e-04 1.6166152005e+04 1.5707963268e+00 1.5121739612e+00
1.1968389175e-04 1.6173241938e+04 1.5707963268e+00 1.5146271481e+00
1.1988753270e-04 1.6180349094e+04 1.5707963268e+00 1.5170781832e+00
1.2009106497e-04 1.6187473487e+04 1.5707963268e+00 1.5195270642e+00
1.2029448851e-04 1.6194615129e+04 1.5707963268e+00 1.5219737886e+00
1.2049780326e-04 1.6201774032e+04 1.5707963268e+00 1.5244183542e+00
1.2070100919e-04 1.6208950208e+04 1.5707963268e+00 1.5268607584e+00
1.2090410622e-04 1.6216143670e+04 1.5707963268e+00 1.5293009991e+00
1.2110709433e-04 1.6223354430e+04 1.5707963268e+00 1.5317390738e+00
1.2130997346e-04 1.6230582500e+04 1.5707963268e+00 1.5341749803e+00
1.2151274356e-04 1.6237827891e+04 1.5707963268e+00 1.5366087162e+00
1.2171540458e-04 1.6245090616e+04 1.5707963268e+00 1.5390402792e+00
1.2191795649e-04 1.6252370687e+04 1.5707963268e+00 1.5414696671e+00
1.2212039923e-04 1.6259668115e+04 1.5707963268e+00 1.5438968776e+00
1.2232273276e-04 1.6266982913e+04 1.5707963268e+00 1.5463219085e+00
1.2252495704e-04 1.6274315091e+04 1.5707963268e+00 1.5487447574e+00
1.2272707202e-04 1.6281664663e+04 1.5707963268e+00 1.5511654222e+00
1.2292907766e-04 1.6289031638e+04 1.5707963268e+00 1.5535839006e+00
1.2313097392e-04 1.6296416030e+04 1.5707963268e+00 1.5560001904e+00
1.2333276075e-04 1.6303817850e+04 1.5707963268e+00 1.5584142894e+00
1.2353443813e-04 1.6311237108e+04 1.5707963268e+00 1.5608261955e+00
1.2373600600e-04 1.6318673816e+04 1.5707963268e+00 1.5632359064e+00
1.2393746434e-04 1.6326127987e+04 1.5707963268e+00 1.5656434200e+00
1.2413881310e-04 1.6333599630e+04 1.5707963268e+00 1.5680487342e+00
1.2434005224e-04 1.6341088757e+04 1.5707963268e+00 1.5704518468e+00
1.2454118173e-04 1.6348595380e+04 1.5707963268e+00 1.5728527557e+00
1.2474220153e-04 1.6356119509e+04 1.5707963268e+00 1.5752514588e+00
1.2494311161e-04 1.6363661156e+04 1.5707963268e+00 1.5776479540e+00
1.2514391193e-04 1.6371220331e+04 1.5707963268e+00 1.5800422392e+00
1.2534460246e-04 1.6378797045e+04 1.5707963268e+00 1.5824343123e+00
1.2554518316e-04 1.6386391310e+04 1.5707963268e+00 1.5848241712e+00
1.2574565401e-04 1.6394003136e+04 1.5707963268e+00 1.5872118140e+00
1.2594601498e-04 1.6401632534e+04 1.5707963268e+00 1.5895972386e+00
1.2614626602e-04 1.6409279514e+04 1.5707963268e+00 1.5919804429e+00
1.2634640711e-04 1.6416944088e+04 1.5707963268e+00 1.5943614249e+00
1.2654643823e-04 1.6424626265e+04 1.5707963268e+00 1.5967401827e+00
1.2674635934e-04 1.6432326057e+04 1.5707963268e+00 1.5991167143e+00
1.2694617041e-04 1.6440043473e+04 1.5707963268e+00 1.6014910177e+00
1.2714587142e-04 1.6447778524e+04 1.5707963268e+00 1.6038630908e+00
1.2734546234e-04 1.6455531221e+04 1.5707963268e+00 1.6062329319e+00
1.2754494315e-04 1.6463301573e+04 1.5707963268e+00 1.6086005388e+00
1.2774431381e-04 1.6471089591e+04 1.5707963268e+00 1.6109659099e+00
1.2794357431e-04 1.6478895285e+04 1.5707963268e+00 1.6133290430e+00
1.2814272462e-04 1.6486718665e+04 1.5707963268e+00 1.6156899363e+00
1.2834176472e-04 1.6494559741e+04 1.5707963268e+00 1.6180485879e+00
1.2854069459e-04 1.6502418523e+04 1.5707963268e+00 1.6204049960e+00
1.2873951419e-04 1.6510295021e+04 1.5707963268e+00 1.6227591587e+00
1.2893822353e-04 1.6518189244e+04 1.5707963268e+00 1.6251110741e+00
1.2913682256e-04 1.6526101203e+04 1.5707963268e+00 1.6274607405e+00
1.2933531128e-04 1.6534030907e+04 1.5707963268e+00 1.6298081559e+00
1.2953368966e-04 1.6541978366e+04 1.5707963268e+00 1.6321533187e+00
1.2973195768e-04 1.6549943589e+04 1.5707963268e+00 1.6344962269e+00
1.2993011534e-04 1.6557926586e+04 1.5707963268e+00 1.6368368788e+00
1.3012816260e-04 1.6565927367e+04 1.5707963268e+00 1.6391752726e+00
1.3032609946e-04 1.6573945939e+04 1.5707963268e+00 1.6415114067e+00
1.3052392590e-04 1.6581982314e+04 1.5707963268e+00 1.6438452791e+00
1.3072164191e-04 1.6590036500e+04 1.5707963268e+00 1.6461768883e+00
1.3091924746e-04 1.6598108506e+04 1.5707963268e+00 1.6485062325e+00
1.3111674255e-04 1.6606198341e+04 1.5707963268e+00 1.6508333099e+00
1.3131412717e-04 1.6614306015e+04 1.5707963268e+00 1.6531581189e+00
1.3151140130e-04 1.6622431537e+04 1.5707963268e+00 1.6554806579e+00
1.3170856493e-04 1.6630574914e+04 1.5707963268e+00 1.6578009251e+00
1.3190561804e-04 1.6638736157e+04 1.5707963268e+00 1.6601189188e+00
1.3210256064e-04 1.6646915274e+04 1.5707963268e+00 1.6624346375e+00
1.3229939271e-04 1.6655112273e+04 1.5707963268e+00 1.6647480796e+00
1.3249611424e-04 1.6663327164e+04 1.5707963268e+00 1.6670592433e+00
1.3269272522e-04 1.6671559954e+04 1.5707963268e+00 1.6693681272e+00
1.3288922565e-04 1.6679810653e+04 1.5707963268e+00 1.6716747295e+00
1.3308561552e-04 1.6688079268e+04 1.5707963268e+00 1.6739790488e+00
1.3328189483e-04 1.6696365809e+04 1.5707963268e+00 1.6762810835e+00
1.3347806356e-04 1.6704670283e+04 1.5707963268e+00 1.6785808320e+00
1.3367412171e-04 1.6712992699e+04 1.5707963268e+00 1.6808782928e+00
1.3387006928e-04 1.6721333065e+04 1.5707963268e+00 1.6831734644e+00
1.3406590627e-04 1.6729691389e+04 1.5707963268e+00 1.6854663452e+00
1.3426163268e-04 1.6738067678e+04 1.5707963268e+00 1.6877569338e+00
1.3445724849e-04 1.6746461942e+04 1.5707963268e+00 1.6900452287e+00
1.3465275372e-04 1.6754874187e+04 1.5707963268e+00 1.6923312283e+00
1.3484814835e-04 1.6763304422e+04 1.5707963268e+00 1.6946149314e+00
1.3504343239e-04 1.6771752654e+04 1.5707963268e+00 1.6968963363e+00
1.3523860584e-04 1.6780218892e+04 1.5707963268e+00 1.6991754417e+00
1.3543366871e-04 1.6788703142e+04 1.5707963268e+00 1.7014522461e+00
1.3562862098e-04 1.6797205412e+04 1.5707963268e+00 1.7037267482e+00
1.3582346267e-04 1.6805725710e+04 1.5707963268e+00 1.7059989466e+00
1.3601819378e-04 1.6814264044e+04 1.5707963268e+00 1.7082688398e+00
1.3621281431e-04 1.6822820419e+04 1.5707963268e+00 1.7105364266e+00
1.3640732427e-04 1.6831394845e+04 1.5707963268e+00 1.7128017055e+00
1.3660172366e-04 1.6839987327e+04 1.5707963268e+00 1.7150646752e+00
1.3679601249e-04 1.6848597873e+04 1.5707963268e+00 1.7173253345e+00
1.3699019076e-04 1.6857226490e+04 1.5707963268e+00 1.7195836819e+00
1.3718425848e-04 1.6865873186e+04 1.5707963268e+00 1.7218397161e+00
1.3737821566e-04 1.6874537966e+04 1.5707963268e+00 1.7240934360e+00
1.3757206231e-04 1.6883220838e+04 1.5707963268e+00 1.7263448402e+00
1.3776579843e-04 1.6891921809e+04 1.5707963268e+00 1.7285939275e+00
1.3795942404e-04 1.6900640885e+04 1.5707963268e+00 1.7308406965e+00
1.3815293914e-04 1.6909378073e+04 1.5707963268e+00 1.7330851462e+00
1.3834634375e-04 1.6918133379e+04 1.5707963268e+00 1.7353272752e+00
1.3853963788e-04 1.6926906810e+04 1.5707963268e+00 1.7375670823e+00
1.3873282154e-04 1.6935698373e+04 1.5707963268e+00 1.7398045664e+00
1.3892589474e-04 1.6944508073e+04 1.5707963268e+00 1.7420397263e+00
1.3911885750e-04 1.6953335918e+04 1.5707963268e+00 1.7442725608e+00
1.3931170983e-04 1.6962181912e+04 1.5707963268e+00 1.7465030687e+00
1.3950445174e-04 1.6971046063e+04 1.5707963268e+00 1.7487312489e+00
1.3969708325e-04 1.6979928376e+04 1.5707963268e+00 1.7509571004e+00
1.3988960438e-04 1.6988828857e+04 1.5707963268e+00 1.7531806218e+00
1.4008201514e-04 1.6997747512e+04 1.5707963268e+00 1.7554018123e+00
1.4027431555e-04 1.7006684348e+04 1.5707963268e+00 1.7576206706e+00
1.4046650562e-04 1.7015639369e+04 1.5707963268e+00 1.7598371958e+00
1.4065858539e-04 1.7024612582e+04 1.5707963268e+00 1.7620513866e+00
1.4085055485e-04 1.7033603992e+04 1.5707963268e+00 1.7642632422e+00
1.4104241404e-04 1.7042613605e+04 1.5707963268e+00 1.7664727614e+00
1.4123416297e-04 1.7051641426e+04 1.5707963268e+00 1.7686799432e+00
1.4142580167e-04 1.7060687460e+04 1.5707963268e+00 1.7708847867e+00
1.4161733015e-04 1.7069751713e+04 1.5707963268e+00 1.7730872908e+00
1.4180874844e-04 1.7078834190e+04 1.5707963268e+00 1.7752874545e+00
1.4200005656e-04 1.7087934897e+04 1.5707963268e+00 1.7774852769e+00
1.4219125453e-04 1.7097053837e+04 1.5707963268e+00 1.7796807570e+00
1.4238234238e-04 1.7106191018e+04 1.5707963268e+00 1.7818738939e+00
1.4257332013e-04 1.7115346442e+04 1.5707963268e+00 1.7840646866e+00
1.4276418780e-04 1.7124520116e+04 1.5707963268e+00 1.7862531343e+00
1.4295494543e-04 1.7133712044e+04 1.5707963268e+00 1.7884392360e+00
1.4314559304e-04 1.7142922230e+04 1.5707963268e+00 1.7906229908e+00
1.4333613064e-04 1.7152150680e+04 1.5707963268e+00 1.7928043979e+00
1.4352655828e-04 1.7161397399e+04 1.5707963268e+00 1.7949834563e+00
1.4371687598e-04 1.7170662389e+04 1.5707963268e+00 1.7971601653e+00
1.4390708377e-04 1.7179945657e+04 1.5707963268e+00 1.7993345240e+00
1.4409718167e-04 1.7189247206e+04 1.5707963268e+00 1.8015065316e+00
1.4428716972e-04 1.7198567040e+04 1.5707963268e+00 1.8036761873e+00
1.4447704794e-04 1.7207905164e+04 1.5707963268e+00 1.8058434902e+00
1.4466681637e-04 1.7217261583e+04 1.5707963268e+00 1.8080084396e+00
1.4485647504e-04 1.7226636299e+04 1.5707963268e+00 1.8101710347e+00
1.4504602398e-04 1.7236029317e+04 1.5707963268e+00 1.8123312748e+00
1.4523546322e-04 1.7245440642e+04 1.5707963268e+00 1.8144891591e+00
1.4542479279e-04 1.7254870276e+04 1.5707963268e+00 1.8166446869e+00
1.4561401274e-04 1.7264318223e+04 1.5707963268e+00 1.8187978574e+00
1.4580312308e-04 1.7273784488e+04 1.5707963268e+00 1.8209486700e+00
1.4599212386e-04 1.7283269074e+04 1.5707963268e+00 1.8230971239e+00
1.4618101512e-04 1.7292771984e+04 1.5707963268e+00 1.8252432185e+00
1.4636979688e-04 1.7302293222e+04 1.5707963268e+00 1.8273869531e+00
1.4655846919e-04 1.7311832791e+04 1.5707963268e+00 1.8295283271e+00
1.4674703208e-04 1.7321390695e+04 1.5707963268e+00 1.8316673398e+00
1.4693548559e-04 1.7330966936e+04 1.5707963268e+00 1.8338039906e+00
1.4712382975e-04 1.7340561519e+04 1.5707963268e+00 1.8359382789e+00
1.4731206461e-04 1.7350174446e+04 1.5707963268e+00 1.8380702040e+00
1.4750019021e-04 1.7359805719e+04 1.5707963268e+00 1.8401997655e+00
1.4768820657e-04 1.7369455343e+04 1.5707963268e+00 1.8423269626e+00
1.4787611376e-04 1.7379123320e+04 1.5707963268e+00 1.8444517949e+00
1.4806391179e-04 1.7388809652e+04 1.5707963268e+00 1.8465742618e+00
1.4825160072e-04 1.7398514343e+04 1.5707963268e+00 1.8486943628e+00
1.4843918059e-04 1.7408237394e+04 1.5707963268e+00 1.8508120973e+00
1.4862665144e-04 1.7417978810e+04 1.5707963268e+00 1.8529274649e+00
1.4881401331e-04 1.7427738591e+04 1.5707963268e+00 1.8550404650e+00
1.4900126625e-04 1.7437516741e+04 1.5707963268e+00 1.8571510971e+00
1.4918841030e-04 1.7447313262e+04 1.5707963268e+00 1.8592593608e+00
1.4937544550e-04 1.7457128155e+04 1.5707963268e+00 1.8613652557e+00
1.4956237190e-04 1.7466961425e+04 1.5707963268e+00 1.8634687812e+00
1.4974918954e-04 1.7476813071e+04 1.5707963268e+00 1.8655699370e+00
1.4993589847e-04 1.7486683097e+04 1.5707963268e+00 1.8676687226e+00
1.5012249874e-04 1.7496571504e+04 1.5707963268e+00 1.8697651376e+00
1.5030899040e-04 1.7506478295e+04 1.5707963268e+00 1.8718591817e+00
1.5049537348e-04 1.7516403470e+04 1.5707963268e+00 1.8739508544e+00
1.5068164805e-04 1.7526347033e+04 1.5707963268e+00 1.8760401554e+00
1.5086781414e-04 1.7536308984e+04 1.5707963268e+00 1.8781270843e+00
1.5105387181e-04 1.7546289325e+04 1.5707963268e+00 1.8802116408e+00
1.5123982110e-04 1.7556288057e+04 1.5707963268e+00 1.8822938246e+00
1.5142566207e-04 1.7566305183e+04 1.5707963268e+00 1.8843736353e+00
1.5161139477e-04 1.7576340703e+04 1.5707963268e+00 1.8864510726e+00
1.5179701924e-04 1.7586394618e+04 1.5707963268e+00 1.8885261363e+00
1.5198253555e-04 1.7596466931e+04 1.5707963268e+00 1.8905988261e+00
1.5216794373e-04 1.7606557641e+04 1.5707963268e+00 1.8926691416e+00
1.5235324385e-04 1.7616666750e+04 1.5707963268e+00 1.8947370827e+00
1.5253843595e-04 1.7626794259e+04 1.5707963268e+00 1.8968026491e+00
1.5272352010e-04 1.7636940170e+04 1.5707963268e+00 1.8988658406e+00
1.5290849634e-04 1.7647104482e+04 1.5707963268e+00 1.9009266570e+00
1.5309336472e-04 1.7657287196e+04 1.5707963268e+00 1.9029850981e+00
1.5327812531e-04 1.7667488313e+04 1.5707963268e+00 1.9050411636e+00
1.5346277816e-04 1.7677707835e+04 1.5707963268e+00 1.9070948534e+00
1.5364732332e-04 1.7687945760e+04 1.5707963268e+00 1.9091461674e+00
1.5383176086e-04 1.7698202091e+04 1.5707963268e+00 1.9111951054e+00
1.5401609082e-04 1.7708476826e+04 1.5707963268e+00 1.9132416672e+00
1.5420031326e-04 1.7718769967e+04 1.5707963268e+00 1.9152858527e+00
1.5438442825e-04 1.7729081513e+04 1.5707963268e+00 1.9173276619e+00
1.5456843584e-04 1.7739411465e+04 1.5707963268e+00 1.9193670945e+00
1.5475233609e-04 1.7749759823e+04 1.5707963268e+00 1.9214041506e+00
1.5493612906e-04 1.7760126587e+04 1.5707963268e+00 1.9234388301e+00
1.5511981480e-04 1.7770511757e+04 1.5707963268e+00 1.9254711328e+00
1.5530339338e-04 1.7780915332e+04 1.5707963268e+00 1.9275010588e+00
1.5548686487e-04 1.7791337313e+04 1.5707963268e+00 1.9295286079e+00
1.5567022931e-04 1.7801777698e+04 1.5707963268e+00 1.9315537803e+00
1.5585348677e-04 1.7812236489e+04 1.5707963268e+00 1.9335765758e+00
1.5603663732e-04 1.7822713683e+04 1.5707963268e+00 1.9355969944e+00
1.5621968101e-04 1.7833209282e+04 1.5707963268e+00 1.9376150363e+00
1.5640261791e-04 1.7843723283e+04 1.5707963268e+00 1.9396307013e+00
1.5658544808e-04 1.7854255687e+04 1.5707963268e+00 1.9416439895e+00
1.5676817159e-04 1.7864806493e+04 1.5707963268e+00 1.9436549011e+00
1.5695078849e-04 1.7875375699e+04 1.5707963268e+00 1.9456634359e+00
1.5713329886e-04 1.7885963306e+04 1.5707963268e+00 1.9476695942e+00
1.5731570276e-04 1.7896569311e+04 1.5707963268e+00 1.9496733760e+00
1.5749800025e-04 1.7907193715e+04 1.5707963268e+00 1.9516747814e+00
1.5768019140e-04 1.7917836515e+04 1.5707963268e+00 1.9536738105e+00
1.5786227628e-04 1.7928497711e+04 1.5707963268e+00 1.9556704634e+00
1.5804425495e-04 1.7939177301e+04 1.5707963268e+00 1.9576647403e+00
1.5822612748e-04 1.7949875285e+04 1.5707963268e+00 1.9596566413e+00
1.5840789394e-04 1.7960591660e+04 1.5707963268e+00 1.9616461666e+00
1.5858955439e-04 1.7971326425e+04 1.5707963268e+00 1.9636333163e+00
1.5877110891e-04 1.7982079578e+04 1.5707963268e+00 1.9656180907e+00
1.5895255756e-04 1.7992851118e+04 1.5707963268e+00 1.9676004898e+00
1.5913390041e-04 1.8003641044e+04 1.5707963268e+00 1.9695805140e+00
1.5931513753e-04 1.8014449353e+04 1.5707963268e+00 1.9715581634e+00
1.5949626899e-04 1.8025276043e+04 1.5707963268e+00 1.9735334383e+00
1.5967729486e-04 1.8036121113e+04 1.5707963268e+00 1.9755063389e+00
1.5985821522e-04 1.8046984561e+04 1.5707963268e+00 1.9774768655e+00
1.6003903013e-04 1.8057866384e+04 1.5707963268e+00 1.9794450184e+00
1.6021973967e-04 1.8068766580e+04 1.5707963268e+00 1.9814107977e+00
1.6040034390e-04 1.8079685147e+04 1.5707963268e+00 1.9833742039e+00
1.6058084290e-04 1.8090622084e+04 1.5707963268e+00 1.9853352371e+00
1.6076123675e-04 1.8101577386e+04 1.5707963268e+00 1.9872938978e+00
1.6094152551e-04 1.8112551053e+04 1.5707963268e+00 1.9892501863e+00
1.6112170926e-04 1.8123543081e+04 1.5707963268e+00 1.9912041028e+00
1.6130178808e-04 1.8134553467e+04 1.5707963268e+00 1.9931556478e+00
1.6148176203e-04 1.8145582210e+04 1.5707963268e+00 1.9951048216e+00
1.6166163119e-04 1.8156629306e+04 1.5707963268e+00 1.9970516245e+00
1.6184139565e-04 1.8167694753e+04 1.5707963268e+00 1.9989960570e+00
1.6202105546e-04 1.8178778548e+04 1.5707963268e+00 2.0009381195e+00
1.6220061072e-04 1.8189880687e+04 1.5707963268e+00 2.0028778123e+00
1.6238006149e-04 1.8201001168e+04 1.5707963268e+00 2.0048151360e+00
1.6255940785e-04 1.8212139988e+04 1.5707963268e+00 2.0067500908e+00
1.6273864988e-04 1.8223297143e+04 1.5707963268e+00 2.0086826773e+00
1.6291778766e-04 1.8234472630e+04 1.5707963268e+00 2.0106128959e+00
1.6309682126e-04 1.8245666446e+04 1.5707963268e+00 2.0125407470e+00
1.6327575076e-04 1.8256878587e+04 1.5707963268e+00 2.0144662312e+00
1.6345457625e-04 1.8268109051e+04 1.5707963268e+00 2.0163893490e+00
1.6363329779e-04 1.8279357833e+04 1.5707963268e+00 2.0183101008e+00
1.6381191547e-04 1.8290624929e+04 1.5707963268e+00 2.0202284872e+00
1.6399042938e-04 1.8301910337e+04 1.5707963268e+00 2.0221445086e+00
1.6416883958e-04 1.8313214053e+04 1.5707963268e+00 2.0240581657e+00
1.6434714615e-04 1.8324536072e+04 1.5707963268e+00 2.0259694589e+00
1.6452534919e-04 1.8335876390e+04 1.5707963268e+00 2.0278783888e+00
1.6470344877e-04 1.8347235004e+04 1.5707963268e+00 2.0297849560e+00
1.6488144497e-04 1.8358611910e+04 1.5707963268e+00 2.0316891610e+00
1.6505933787e-04 1.8370007104e+04 1.5707963268e+00 2.0335910045e+00
1.6523712755e-04 1.8381420581e+04 1.5707963268e+00 2.0354904871e+00
1.6541481411e-04 1.8392852337e+04 1.5707963268e+00 2.0373876093e+00
1.6559239761e-04 1.8404302368e+04 1.5707963268e+00 2.0392823718e+00
1.6576987815e-04 1.8415770669e+04 1.5707963268e+00 2.0411747752e+00
1.6594725580e-04 1.8427257237e+04 1.5707963268e+00 2.0430648202e+00
1.6612453065e-04 1.8438762065e+04 1.5707963268e+00 2.0449525074e+00
1.6630170279e-04 1.8450285151e+04 1.5707963268e+00 2.0468378375e+00
1.6647877229e-04 1.8461826489e+04 1.5707963268e+00 2.0487208112e+00
1.6665573925e-04 1.8473386074e+04 1.5707963268e+00 2.0506014292e+00
1.6683260375e-04 1.8484963902e+04 1.5707963268e+00 2.0524796921e+00
1.6700936587e-04 1.8496559968e+04 1.5707963268e+00 2.0543556006e+00
1.6718602569e-04 1.8508174267e+04 1.5707963268e+00 2.0562291556e+00
1.6736258331e-04 1.8519806793e+04 1.5707963268e+00 2.0581003577e+00
1.6753903882e-04 1.8531457542e+04 1.5707963268e+00 2.0599692077e+00
1.6771539229e-04 1.8543126509e+04 1.5707963268e+00 2.0618357062e+00
1.6789164381e-04 1.8554813688e+04 1.5707963268e+00 2.0636998542e+00
1.6806779347e-04 1.8566519074e+04 1.5707963268e+00 2.0655616524e+00
1.6824384137e-04 1.8578242662e+04 1.5707963268e+00 2.0674211015e+00
1.6841978758e-04 1.8589984446e+04 1.5707963268e+00 2.0692782023e+00
1.6859563219e-04 1.8601744421e+04 1.5707963268e+00 2.0711329557e+00
1.6877137530e-04 1.8613522581e+04 1.5707963268e+00 2.0729853625e+00
1.6894701699e-04 1.8625318921e+04 1.5707963268e+00 2.0748354235e+00
1.6912255735e-04 1.8637133435e+04 1.5707963268e+00 2.0766831395e+00
1.6929799647e-04 1.8648966116e+04 1.5707963268e+00 2.0785285114e+00
1.6947333444e-04 1.8660816960e+04 1.5707963268e+00 2.0803715401e+00
1.6964857135e-04 1.8672685961e+04 1.5707963268e+00 2.0822122264e+00
1.6982370728e-04 1.8684573112e+04 1.5707963268e+00 2.0840505712e+00
1.6999874234e-04 1.8696478407e+04 1.5707963268e+00 2.0858865754e+00
1.7017367661e-04 1.8708401841e+04 1.5707963268e+00 2.0877202399e+00
1.7034851018e-04 1.8720343406e+04 1.5707963268e+00 2.0895515656e+00
1.7052324314e-04 1.8732303098e+04 1.5707963268e+00 2.0913805535e+00
1.7069787558e-04 1.8744280909e+04 1.5707963268e+00 2.0932072044e+00
1.7087240760e-04 1.8756276834e+04 1.5707963268e+00 2.0950315193e+00
1.7104683929e-04 1.8768290865e+04 1.5707963268e+00 2.0968534992e+00
1.7122117074e-04 1.8780322996e+04 1.5707963268e+00 2.0986731450e+00
1.7139540204e-04 1.8792373222e+04 1.5707963268e+00 2.1004904576e+00
1.7156953329e-04 1.8804441534e+04 1.5707963268e+00 2.1023054382e+00
1.7174356458e-04 1.8816527927e+04 1.5707963268e+00 2.1041180876e+00
1.7191749599e-04 1.8828632394e+04 1.5707963268e+00 2.1059284069e+00
1.7209132764e-04 1.8840754927e+04 1.5707963268e+00 2.1077363971e+00
1.7226505960e-04 1.8852895520e+04 1.5707963268e+00 2.1095420592e+00
1.7243869198e-04 1.8865054166e+04 1.5707963268e+00 2.1113453942e+00
1.7261222486e-04 1.8877230859e+04 1.5707963268e+00 2.1131464032e+00
1.7278565835e-04 1.8889425590e+04 1.5707963268e+00 2.1149450872e+00
1.7295899254e-04 1.8901638353e+04 1.5707963268e+00 2.1167414473e+00
1.7313222752e-04 1.8913869140e+04 1.5707963268e+00 2.1185354846e+00
1.7330536339e-04 1.8926117945e+04 1.5707963268e+00 2.1203272001e+00
1.7347840024e-04 1.8938384760e+04 1.5707963268e+00 2.1221165950e+00
1.7365133817e-04 1.8950669577e+04 1.5707963268e+00 2.1239036703e+00
1.7382417728e-04 1.8962972389e+04 1.5707963268e+00 2.1256884272e+00
1.7399691766e-04 1.8975293189e+04 1.5707963268e+00 2.1274708667e+00
1.7416955941e-04 1.8987631968e+04 1.5707963268e+00 2.1292509900e+00
1.7434210262e-04 1.8999988720e+04 1.5707963268e+00 2.1310287982e+00
1.7451454740e-04 1.9012363437e+04 1.5707963268e+00 2.1328042925e+00
1.7468689384e-04 1.9024756110e+04 1.5707963268e+00 2.1345774741e+00
1.7485914204e-04 1.9037166733e+04 1.5707963268e+00 2.1363483440e+00
1.7503129209e-04 1.9049595296e+04 1.5707963268e+00 2.1381169036e+00
1.7520334410e-04 1.9062041793e+04 1.5707963268e+00 2.1398831539e+00
1.7537529815e-04 1.9074506214e+04 1.5707963268e+00 2.1416470961e+00
1.7554715436e-04 1.9086988553e+04 1.5707963268e+00 2.1434087315e+00
1.7571891282e-04 1.9099488800e+04 1.5707963268e+00 2.1451680613e+00
1.7589057362e-04 1.9112006948e+04 1.5707963268e+00 2.1469250867e+00
1.7606213688e-04 1.9124542988e+04 1.5707963268e+00 2.1486798089e+00
1.7623360267e-04 1.9137096913e+04 1.5707963268e+00 2.1504322292e+00
1.7640497112e-04 1.9149668713e+04 1.5707963268e+00 2.1521823488e+00
1.7657624231e-04 1.9162258380e+04 1.5707963268e+00 2.1539301690e+00
1.7674741634e-04 1.9174865906e+04 1.5707963268e+00 2.1556756910e+00
1.7691849332e-04 1.9187491282e+04 1.5707963268e+00 2.1574189162e+00
1.7708947334e-04 1.9200134499e+04 1.5707963268e+00 2.1591598457e+00
1.7726035651e-04 1.9212795550e+04 1.5707963268e+00 2.1608984810e+00
1.7743114293e-04 1.9225474424e+04 1.5707963268e+00 2.1626348232e+00
1.7760183270e-04 1.9238171113e+04 1.5707963268e+00 2.1643688738e+00
1.7777242591e-04 1.9250885609e+04 1.5707963268e+00 2.1661006340e+00
1.7794292268e-04 1.9263617902e+04 1.5707963268e+00 2.1678301051e+00
1.7811332309e-04 1.9276367984e+04 1.5707963268e+00 2.1695572886e+00
1.7828362726e-04 1.9289135845e+04 1.5707963268e+00 2.1712821857e+00
1.7845383529e-04 1.9301921476e+04 1.5707963268e+00 2.1730047978e+00
1.7862394727e-04 1.9314724869e+04 1.5707963268e+00 2.1747251262e+00
1.7879396332e-04 1.9327546013e+04 1.5707963268e+00 2.1764431724e+00
1.7896388352e-04 1.9340384900e+04 1.5707963268e+00 2.1781589377e+00
1.7913370799e-04 1.9353241520e+04 1.5707963268e+00 2.1798724235e+00
1.7930343683e-04 1.9366115864e+04 1.5707963268e+00 2.1815836313e+00
1.7947307014e-04 1.9379007923e+04 1.5707963268e+00 2.1832925623e+00
1.7964260802e-04 1.9391917687e+04 1.5707963268e+00 2.1849992180e+00
1.7981205058e-04 1.9404845146e+04 1.5707963268e+00 2.1867035999e+00
1.7998139791e-04 1.9417790290e+04 1.5707963268e+00 2.1884057094e+00
1.8015065014e-04 1.9430753111e+04 1.5707963268e+00 2.1901055479e+00
1.8031980735e-04 1.9443733598e+04 1.5707963268e+00 2.1918031169e+00
1.8048886965e-04 1.9456731742e+04 1.5707963268e+00 2.1934984177e+00
1.8065783715e-04 1.9469747533e+04 1.5707963268e+00 2.1951914520e+00
1.8082670995e-04 1.9482780960e+04 1.5707963268e+00 2.1968822211e+00
1.8099548815e-04 1.9495832015e+04 1.5707963268e+00 2.1985707265e+00
1.8116417187e-04 1.9508900686e+04 1.5707963268e+00 2.2002569698e+00
1.8133276119e-04 1.9521986964e+04 1.5707963268e+00 2.2019409524e+00
1.8150125624e-04 1.9535090838e+04 1.5707963268e+00 2.2036226757e+00
1.8166965711e-04 1.9548212300e+04 1.5707963268e+00 2.2053021415e+00
1.8183796391e-04 1.9561351337e+04 1.5707963268e+00 2.2069793510e+00
1.8200617675e-04 1.9574507941e+04 1.5707963268e+00 2.2086543060e+00
1.8217429573e-04 1.9587682100e+04 1.5707963268e+00 2.2103270079e+00
1.8234232095e-04 1.9600873805e+04 1.5707963268e+00 2.2119974582e+00
1.8251025253e-04 1.9614083044e+04 1.5707963268e+00 2.2136656585e+00
1.8267809056e-04 1.9627309808e+04 1.5707963268e+00 2.2153316104e+00
1.8284583516e-04 1.9640554086e+04 1.5707963268e+00 2.2169953154e+00
1.8301348643e-04 1.9653815867e+04 1.5707963268e+00 2.2186567751e+00
1.8318104447e-04 1.9667095141e+04 1.5707963268e+00 2.2203159911e+00
1.8334850940e-04 1.9680391896e+04 1.5707963268e+00 2.2219729650e+00
1.8351588132e-04 1.9693706123e+04 1.5707963268e+00 2.2236276984e+00
1.8368316034e-04 1.9707037810e+04 1.5707963268e+00 2.2252801928e+00
1.8385034656e-04 1.9720386946e+04 1.5707963268e+00 2.2269304499e+00
1.8401744009e-04 1.9733753521e+04 1.5707963268e+00 2.2285784713e+00
1.8418444104e-04 1.9747137524e+04 1.5707963268e+00 2.2302242586e+00
1.8435134951e-04 1.9760538943e+04 1.5707963268e+00 2.2318678135e+00
1.8451816562e-04 1.9773957767e+04 1.5707963268e+00 2.2335091376e+00
1.8468488947e-04 1.9787393987e+04 1.5707963268e+00 2.2351482325e+00
1.8485152117e-04 1.9800847589e+04 1.5707963268e+00 2.2367850999e+00
1.8501806082e-04 1.9814318563e+04 1.5707963268e+00 2.2384197415e+00
1.8518450854e-04 1.9827806899e+04 1.5707963268e+00 2.2400521589e+00
1.8535086443e-04 1.9841312583e+04 1.5707963268e+00 2.2416823539e+00
1.8551712860e-04 1.9854835606e+04 1.5707963268e+00 2.2433103280e+00
1.8568330115e-04 1.9868375955e+04 1.5707963268e+00 2.2449360830e+00
1.8584938221e-04 1.9881933620e+04 1.5707963268e+00 2.2465596206e+00
1.8601537187e-04 1.9895508588e+04 1.5707963268e+00 2.2481809424e+00
1.8618127024e-04 1.9909100849e+04 1.5707963268e+00 2.2498000503e+00
1.8634707744e-04 1.9922710390e+04 1.5707963268e+00 2.2514169458e+00
1.8651279357e-04 1.9936337200e+04 1.5707963268e+00 2.2530316308e+00
1.8667841874e-04 1.9949981267e+04 1.5707963268e+00 2.2546441070e+00
1.8684395306e-04 1.9963642580e+04 1.5707963268e+00 2.2562543760e+00
1.8700939663e-04 1.9977321126e+04 1.5707963268e+00 2.2578624397e+00
1.8717474958e-04 1.9991016894e+04 1.5707963268e+00 2.2594682998e+00
1.8734001200e-04 2.0004729872e+04 1.5707963268e+00 2.2610719580e+00
1.8750518401e-04 2.0018460048e+04 1.5707963268e+00 2.2626734162e+00
1.8767026571e-04 2.0032207410e+04 1.5707963268e+00 2.2642726761e+00
1.8783525722e-04 2.0045971945e+04 1.5707963268e+00 2.2658697394e+00
1.8800015865e-04 2.0059753643e+04 1.5707963268e+00 2.2674646080e+00
1.8816497010e-04 2.0073552491e+04 1.5707963268e+00 2.2690572836e+00
1.8832969168e-04 2.0087368476e+04 1.5707963268e+00 2.2706477680e+00
1.8849432352e-04 2.0101201586e+04 1.5707963268e+00 2.2722360631e+00
1.8865886570e-04 2.0115051810e+04 1.5707963268e+00 2.2738221707e+00
1.8882331835e-04 2.0128919134e+04 1.5707963268e+00 2.2754060925e+00
1.8898768158e-04 2.0142803547e+04 1.5707963268e+00 2.2769878304e+00
1.8915195549e-04 2.0156705036e+04 1.5707963268e+00 2.2785673862e+00
1.8931614020e-04 2.0170623588e+04 1.5707963268e+00 2.2801447618e+00
1.8948023581e-04 2.0184559192e+04 1.5707963268e+00 2.2817199589e+00
1.8964424244e-04 2.0198511834e+04 1.5707963268e+00 2.2832929795e+00
1.8980816020e-04 2.0212481502e+04 1.5707963268e+00 2.2848638254e+00
1.8997198920e-04 2.0226468183e+04 1.5707963268e+00 2.2864324984e+00
1.9013572954e-04 2.0240471866e+04 1.5707963268e+00 2.2879990004e+00
1.9029938135e-04 2.0254492536e+04 1.5707963268e+00 2.2895633334e+00
1.9046294472e-04 2.0268530182e+04 1.5707963268e+00 2.2911254990e+00
1.9062641978e-04 2.0282584790e+04 1.5707963268e+00 2.2926854994e+00
1.9078980663e-04 2.0296656348e+04 1.5707963268e+00 2.2942433362e+00
1.9095310538e-04 2.0310744843e+04 1.5707963268e+00 2.2957990115e+00
1.9111631615e-04 2.0324850262e+04 1.5707963268e+00 2.2973525271e+00
1.9127943904e-04 2.0338972591e+04 1.5707963268e+00 2.2989038849e+00
1.9144247417e-04 2.0353111819e+04 1.5707963268e+00 2.3004530868e+00
1.9160542165e-04 2.0367267932e+04 1.5707963268e+00 2.3020001348e+00
1.9176828159e-04 2.0381440916e+04 1.5707963268e+00 2.3035450308e+00
1.9193105410e-04 2.0395630759e+04 1.5707963268e+00 2.3050877767e+00
1.9209373929e-04 2.0409837448e+04 1.5707963268e+00 2.3066283745e+00
1.9225633727e-04 2.0424060969e+04 1.5707963268e+00 2.3081668260e+00
1.9241884817e-04 2.0438301309e+04 1.5707963268e+00 2.3097031332e+00
1.9258127207e-04 2.0452558455e+04 1.5707963268e+00 2.3112372981e+00
1.9274360911e-04 2.0466832393e+04 1.5707963268e+00 2.3127693226e+00
1.9290585939e-04 2.0481123111e+04 1.5707963268e+00 2.3142992087e+00
1.9306802302e-04 2.0495430595e+04 1.5707963268e+00 2.3158269584e+00
1.9323010012e-04 2.0509754830e+04 1.5707963268e+00 2.3173525735e+00
1.9339209079e-04 2.0524095805e+04 1.5707963268e+00 2.3188760562e+00
1.9355399515e-04 2.0538453505e+04 1.5707963268e+00 2.3203974084e+00
1.9371581331e-04 2.0552827917e+04 1.5707963268e+00 2.3219166320e+00
1.9387754538e-04 2.0567219027e+04 1.5707963268e+00 2.3234337291e+00
1.9403919147e-04 2.0581626821e+04 1.5707963268e+00 2.3249487016e+00
1.9420075170e-04 2.0596051286e+04 1.5707963268e+00 2.3264615516e+00
1.9436222618e-04 2.0610492409e+04 1.5707963268e+00 2.3279722811e+00
1.9452361502e-04 2.0624950175e+04 1.5707963268e+00 2.3294808920e+00
1.9468491833e-04 2.0639424571e+04 1.5707963268e+00 2.3309873864e+00
1.9484613623e-04 2.0653915582e+04 1.5707963268e+00 2.3324917663e+00
1.9500726882e-04 2.0668423196e+04 1.5707963268e+00 2.3339940338e+00
1.9516831622e-04 2.0682947397e+04 1.5707963268e+00 2.3354941909e+00
1.9532927855e-04 2.0697488173e+04 1.5707963268e+00 2.3369922395e+00
1.9549015590e-04 2.0712045509e+04 1.5707963268e+00 2.3384881818e+00
1.9565094840e-04 2.0726619392e+04 1.5707963268e+00 2.3399820198e+00
1.9581165616e-04 2.0741209806e+04 1.5707963268e+00 2.3414737555e+00
1.9597227929e-04 2.0755816739e+04 1.5707963268e+00 2.3429633911e+00
1.9613281791e-04 2.0770440175e+04 1.5707963268e+00 2.3444509284e+00
1.9629327212e-04 2.0785080102e+04 1.5707963268e+00 2.3459363698e+00
1.9645364203e-04 2.0799736504e+04 1.5707963268e+00 2.3474197171e+00
1.9661392777e-04 2.0814409368e+04 1.5707963268e+00 2.3489009724e+00
1.9677412944e-04 2.0829098679e+04 1.5707963268e+00 2.3503801379e+00
1.9693424715e-04 2.0843804423e+04 1.5707963268e+00 2.3518572157e+00
1.9709428102e-04 2.0858526586e+04 1.5707963268e+00 2.3533322077e+00
1.9725423116e-04 2.0873265153e+04 1.5707963268e+00 2.3548051161e+00
1.9741409768e-04 2.0888020110e+04 1.5707963268e+00 2.3562759431e+00
1.9757388070e-04 2.0902791443e+04 1.5707963268e+00 2.3577446906e+00
1.9773358033e-04 2.0917579136e+04 1.5707963268e+00 2.3592113608e+00
1.9789319667e-04 2.0932383177e+04 1.5707963268e+00 2.3606759558e+00
1.9805272985e-04 2.0947203549e+04 1.5707963268e+00 2.3621384778e+00
1.9821217997e-04 2.0962040239e+04 1.5707963268e+00 2.3635989288e+00
1.9837154716e-04 2.0976893233e+04 1.5707963268e+00 2.3650573109e+00
1.9853083151e-04 2.0991762514e+04 1.5707963268e+00 2.3665136263e+00
1.9869003314e-04 2.1006648070e+04 1.5707963268e+00 2.3679678772e+00
1.9884915217e-04 2.1021549884e+04 1.5707963268e+00 2.3694200655e+00
1.9900818871e-04 2.1036467944e+04 1.5707963268e+00 2.3708701936e+00
1.9916714286e-04 2.1051402232e+04 1.5707963268e+00 2.3723182635e+00
1.9932601475e-04 2.1066352736e+04 1.5707963268e+00 2.3737642773e+00
1.9948480449e-04 2.1081319440e+04 1.5707963268e+00 2.3752082372e+00
1.9964351218e-04 2.1096302330e+04 1.5707963268e+00 2.3766501454e+00
1.9980213794e-04 2.1111301390e+04 1.5707963268e+00 2.3780900040e+00
1.9996068189e-04 2.1126316605e+04 1.5707963268e+00 2.3795278152e+00
2.0011914413e-04 2.1141347961e+04 1.5707963268e+00 2.3809635811e+00
2.0027752478e-04 2.1156395444e+04 1.5707963268e+00 2.3823973040e+00
2.0043582395e-04 2.1171459037e+04 1.5707963268e+00 2.3838289859e+00
2.0059404176e-04 2.1186538725e+04 1.5707963268e+00 2.3852586291e+00
2.0075217831e-04 2.1201634495e+04 1.5707963268e+00 2.3866862357e+00
2.0091023371e-04 2.1216746331e+04 1.5707963268e+00 2.3881118079e+00
2.0106820809e-04 2.1231874217e+04 1.5707963268e+00 2.3895353479e+00
2.0122610155e-04 2.1247018139e+04 1.5707963268e+00 2.3909568579e+00
2.0138391421e-04 2.1262178081e+04 1.5707963268e+00 2.3923763400e+00
2.0154164617e-04 2.1277354028e+04 1.5707963268e+00 2.3937937966e+00
2.0169929755e-04 2.1292545966e+04 1.5707963268e+00 2.3952092297e+00
2.0185686847e-04 2.1307753879e+04 1.5707963268e+00 2.3966226416e+00
2.0201435903e-04 2.1322977751e+04 1.5707963268e+00 2.3980340345e+00
2.0217176935e-04 2.1338217568e+04 1.5707963268e+00 2.3994434105e+00
2.0232909953e-04 2.1353473313e+04 1.5707963268e+00 2.4008507720e+00
2.0248634970e-04 2.1368744973e+04 1.5707963268e+00 2.4022561211e+00
2.0264351996e-04 2.1384032531e+04 1.5707963268e+00 2.4036594600e+00
2.0280061043e-04 2.1399335972e+04 1.5707963268e+00 2.4050607909e+00
2.0295762122e-04 2.1414655281e+04 1.5707963268e+00 2.4064601162e+00
2.0311455243e-04 2.1429990442e+04 1.5707963268e+00 2.4078574379e+00
2.0327140419e-04 2.1445341439e+04 1.5707963268e+00 2.4092527584e+00
2.0342817660e-04 2.1460708258e+04 1.5707963268e+00 2.4106460799e+00
2.0358486978e-04 2.1476090883e+04 1.5707963268e+00 2.4120374046e+00
2.0374148384e-04 2.1491489298e+04 1.5707963268e+00 2.4134267347e+00
2.0389801889e-04 2.1506903488e+04 1.5707963268e+00 2.4148140725e+00
2.0405447504e-04 2.1522333437e+04 1.5707963268e+00 2.4161994203e+00
2.0421085241e-04 2.1537779130e+04 1.5707963268e+00 2.4175827802e+00
2.0436715110e-04 2.1553240551e+04 1.5707963268e+00 2.4189641546e+00
2.0452337123e-04 2.1568717683e+04 1.5707963268e+00 2.4203435457e+00
2.0467951291e-04 2.1584210513e+04 1.5707963268e+00 2.4217209557e+00
2.0483557626e-04 2.1599719023e+04 1.5707963268e+00 2.4230963869e+00
2.0499156137e-04 2.1615243199e+04 1.5707963268e+00 2.4244698416e+00
2.0514746837e-04 2.1630783024e+04 1.5707963268e+00 2.4258413221e+00
2.0530329737e-04 2.1646338483e+04 1.5707963268e+00 2.4272108305e+00
2.0545904848e-04 2.1661909560e+04 1.5707963268e+00 2.4285783693e+00
2.0561472181e-04 2.1677496239e+04 1.5707963268e+00 2.4299439405e+00
2.0577031747e-04 2.1693098505e+04 1.5707963268e+00 2.4313075466e+00
2.0592583557e-04 2.1708716341e+04 1.5707963268e+00 2.4326691899e+00
2.0608127623e-04 2.1724349731e+04 1.5707963268e+00 2.4340288724e+00
2.0623663955e-04 2.1739998661e+04 1.5707963268e+00 2.4353865967e+00
2.0639192565e-04 2.1755663113e+04 1.5707963268e+00 2.4367423649e+00
2.0654713464e-04 2.1771343072e+04 1.5707963268e+00 2.4380961794e+00
2.0670226664e-04 2.1787038522e+04 1.5707963268e+00 2.4394480424e+00
2.0685732174e-04 2.1802749447e+04 1.5707963268e+00 2.4407979562e+00
2.0701230006e-04 2.1818475830e+04 1.5707963268e+00 2.4421459231e+00
2.0716720172e-04 2.1834217657e+04 1.5707963268e+00 2.4434919454e+00
2.0732202682e-04 2.1849974911e+04 1.5707963268e+00 2.4448360255e+00
2.0747677548e-04 2.1865747576e+04 1.5707963268e+00 2.4461781655e+00
2.0763144780e-04 2.1881535635e+04 1.5707963268e+00 2.4475183679e+00
2.0778604391e-04 2.1897339074e+04 1.5707963268e+00 2.4488566350e+00
2.0794056390e-04 2.1913157874e+04 1.5707963268e+00 2.4501929689e+00
2.0809500788e-04 2.1928992022e+04 1.5707963268e+00 2.4515273721e+00
2.0824937598e-04 2.1944841500e+04 1.5707963268e+00 2.4528598469e+00
2.0840366830e-04 2.1960706291e+04 1.5707963268e+00 2.4541903955e+00
2.0855788495e-04 2.1976586381e+04 1.5707963268e+00 2.4555190203e+00
2.0871202605e-04 2.1992481753e+04 1.5707963268e+00 2.4568457236e+00
2.0886609169e-04 2.2008392390e+04 1.5707963268e+00 2.4581705078e+00
2.0902008200e-04 2.2024318277e+04 1.5707963268e+00 2.4594933751e+00
2.0917399708e-04 2.2040259396e+04 1.5707963268e+00 2.4608143278e+00
2.0932783704e-04 2.2056215733e+04 1.5707963268e+00 2.4621333684e+00
2.0948160200e-04 2.2072187270e+04 1.5707963268e+00 2.4634504991e+00
2.0963529206e-04 2.2088173991e+04 1.5707963268e+00 2.4647657222e+00
2.0978890733e-04 2.2104175880e+04 1.5707963268e+00 2.4660790402e+00
2.0994244793e-04 2.2120192921e+04 1.5707963268e+00 2.4673904552e+00
2.1009591396e-04 2.2136225096e+04 1.5707963268e+00 2.4686999697e+00
2.1024930554e-04 2.2152272391e+04 1.5707963268e+00 2.4700075860e+00
2.1040262277e-04 2.2168334788e+04 1.5707963268e+00 2.4713133065e+00
2.1055586576e-04 2.2184412271e+04 1.5707963268e+00 2.4726171334e+00
2.1070903462e-04 2.2200504824e+04 1.5707963268e+00 2.4739190691e+00
2.1086212947e-04 2.2216612430e+04 1.5707963268e+00 2.4752191159e+00
2.1101515041e-04 2.2232735073e+04 1.5707963268e+00 2.4765172763e+00
2.1116809756e-04 2.2248872736e+04 1.5707963268e+00 2.4778135525e+00
2.1132097101e-04 2.2265025403e+04 1.5707963268e+00 2.4791079469e+00
2.1147377088e-04 2.2281193057e+04 1.5707963268e+00 2.4804004619e+00
2.1162649729e-04 2.2297375682e+04 1.5707963268e+00 2.4816910997e+00
2.1177915033e-04 2.2313573261e+04 1.5707963268e+00 2.4829798628e+00
2.1193173012e-04 2.2329785778e+04 1.5707963268e+00 2.4842667534e+00
2.1208423677e-04 2.2346013216e+04 1.5707963268e+00 2.4855517741e+00
2.1223667038e-04 2.2362255558e+04 1.5707963268e+00 2.4868349270e+00
2.1238903107e-04 2.2378512789e+04 1.5707963268e+00 2.4881162146e+00
2.1254131894e-04 2.2394784891e+04 1.5707963268e+00 2.4893956392e+00
2.1269353411e-04 2.2411071848e+04 1.5707963268e+00 2.4906732032e+00
2.1284567668e-04 2.2427373644e+04 1.5707963268e+00 2.4919489090e+00
2.1299774676e-04 2.2443690261e+04 1.5707963268e+00 2.4932227588e+00
2.1314974445e-04 2.2460021683e+04 1.5707963268e+00 2.4944947551e+00
2.1330166987e-04 2.2476367893e+04 1.5707963268e+00 2.4957649003e+00
2.1345352313e-04 2.2492728875e+04 1.5707963268e+00 2.4970331966e+00
2.1360530433e-04 2.2509104611e+04 1.5707963268e+00 2.4982996466e+00
2.1375701359e-04 2.2525495087e+04 1.5707963268e+00 2.4995642524e+00
2.1390865100e-04 2.2541900283e+04 1.5707963268e+00 2.5008270166e+00
2.1406021668e-04 2.2558320185e+04 1.5707963268e+00 2.5020879414e+00
2.1421171074e-04 2.2574754775e+04 1.5707963268e+00 2.5033470292e+00
2.1436313328e-04 2.2591204036e+04 1.5707963268e+00 2.5046042825e+00
2.1451448441e-04 2.2607667952e+04 1.5707963268e+00 2.5058597036e+00
2.1466576424e-04 2.2624146505e+04 1.5707963268e+00 2.5071132948e+00
2.1481697288e-04 2.2640639680e+04 1.5707963268e+00 2.5083650586e+00
2.1496811043e-04 2.2657147459e+04 1.5707963268e+00 2.5096149972e+00
2.1511917700e-04 2.2673669826e+04 1.5707963268e+00 2.5108631132e+00
2.1527017270e-04 2.2690206764e+04 1.5707963268e+00 2.5121094088e+00
2.1542109764e-04 2.2706758255e+04 1.5707963268e+00 2.5133538864e+00
2.1557195192e-04 2.2723324284e+04 1.5707963268e+00 2.5145965485e+00
2.1572273566e-04 2.2739904833e+04 1.5707963268e+00 2.5158373974e+00
2.1587344894e-04 2.2756499885e+04 1.5707963268e+00 2.5170764354e+00
2.1602409190e-04 2.2773109425e+04 1.5707963268e+00 2.5183136650e+00
2.1617466462e-04 2.2789733433e+04 1.5707963268e+00 2.5195490886e+00
2.1632516723e-04 2.2806371895e+04 1.5707963268e+00 2.5207827085e+00
2.1647559981e-04 2.2823024793e+04 1.5707963268e+00 2.5220145270e+00
2.1662596249e-04 2.2839692110e+04 1.5707963268e+00 2.5232445467e+00
2.1677625536e-04 2.2856373829e+04 1.5707963268e+00 2.5244727698e+00
2.1692647854e-04 2.2873069934e+04 1.5707963268e+00 2.5256991988e+00
2.1707663213e-04 2.2889780407e+04 1.5707963268e+00 2.5269238360e+00
2.1722671624e-04 2.2906505232e+04 1.5707963268e+00 2.5281466838e+00
2.1737673096e-04 2.2923244391e+04 1.5707963268e+00 2.5293677447e+00
2.1752667642e-04 2.2939997868e+04 1.5707963268e+00 2.5305870209e+00
2.1767655271e-04 2.2956765646e+04 1.5707963268e+00 2.5318045150e+00
2.1782635993e-04 2.2973547708e+04 1.5707963268e+00 2.5330202291e+00
2.1797609821e-04 2.2990344037e+04 1.5707963268e+00 2.5342341659e+00
2.1812576763e-04 2.3007154615e+04 1.5707963268e+00 2.5354463276e+00
2.1827536831e-04 2.3023979426e+04 1.5707963268e+00 2.5366567166e+00
2.1842490035e-04 2.3040818454e+04 1.5707963268e+00 2.5378653354e+00
2.1857436386e-04 2.3057671680e+04 1.5707963268e+00 2.5390721862e+00
2.1872375894e-04 2.3074539089e+04 1.5707963268e+00 2.5402772715e+00
2.1887308570e-04 2.3091420662e+04 1.5707963268e+00 2.5414805938e+00
2.1902234424e-04 2.3108316384e+04 1.5707963268e+00 2.5426821553e+00
2.1917153467e-04 2.3125226236e+04 1.5707963268e+00 2.5438819584e+00
2.1932065708e-04 2.3142150203e+04 1.5707963268e+00 2.5450800057e+00
2.1946971160e-04 2.3159088266e+04 1.5707963268e+00 2.5462762993e+00
2.1961869831e-04 2.3176040410e+04 1.5707963268e+00 2.5474708418e+00
2.1976761734e-04 2.3193006617e+04 1.5707963268e+00 2.5486636355e+00
2.1991646877e-04 2.3209986869e+04 1.5707963268e+00 2.5498546829e+00
2.2006525271e-04 2.3226981151e+04 1.5707963268e+00 2.5510439862e+00
2.2021396927e-04 2.3243989444e+04 1.5707963268e+00 2.5522315479e+00
2.2036261856e-04 2.3261011732e+04 1.5707963268e+00 2.5534173704e+00
2.2051120067e-04 2.3278047998e+04 1.5707963268e+00 2.5546014561e+00
2.2065971571e-04 2.3295098225e+04 1.5707963268e+00 2.5557838073e+00
2.2080816378e-04 2.3312162395e+04 1.5707963268e+00 2.5569644265e+00
2.2095654500e-04 2.3329240492e+04 1.5707963268e+00 2.5581433160e+00
2.2110485945e-04 2.3346332499e+04 1.5707963268e+00 2.5593204783e+00
2.2125310724e-04 2.3363438398e+04 1.5707963268e+00 2.5604959156e+00
2.2140128849e-04 2.3380558173e+04 1.5707963268e+00 2.5616696305e+00
2.2154940328e-04 2.3397691805e+04 1.5707963268e+00 2.5628416253e+00
2.2169745173e-04 2.3414839280e+04 1.5707963268e+00 2.5640119024e+00
2.2184543393e-04 2.3432000578e+04 1.5707963268e+00 2.5651804641e+00
2.2199335000e-04 2.3449175684e+04 1.5707963268e+00 2.5663473130e+00
2.2214120002e-04 2.3466364579e+04 1.5707963268e+00 2.5675124512e+00
2.2228898412e-04 2.3483567248e+04 1.5707963268e+00 2.5686758813e+00
2.2243670237e-04 2.3500783672e+04 1.5707963268e+00 2.5698376057e+00
2.2258435490e-04 2.3518013836e+04 1.5707963268e+00 2.5709976267e+00
2.2273194180e-04 2.3535257721e+04 1.5707963268e+00 2.5721559466e+00
2.2287946318e-04 2.3552515310e+04 1.5707963268e+00 2.5733125680e+00
2.2302691913e-04 2.3569786587e+04 1.5707963268e+00 2.5744674931e+00
2.2317430976e-04 2.3587071535e+04 1.5707963268e+00 2.5756207244e+00
2.2332163516e-04 2.3604370135e+04 1.5707963268e+00 2.5767722643e+00
2.2346889546e-04 2.3621682372e+04 1.5707963268e+00 2.5779221151e+00
2.2361609073e-04 2.3639008228e+04 1.5707963268e+00 2.5790702792e+00
2.2376322109e-04 2.3656347686e+04 1.5707963268e+00 2.5802167590e+00
2.2391028664e-04 2.3673700729e+04 1.5707963268e+00 2.5813615569e+00
2.2405728747e-04 2.3691067340e+04 1.5707963268e+00 2.5825046753e+00
2.2420422369e-04 2.3708447501e+04 1.5707963268e+00 2.5836461166e+00
2.2435109541e-04 2.3725841196e+04 1.5707963268e+00 2.5847858831e+00
2.2449790271e-04 2.3743248407e+04 1.5707963268e+00 2.5859239772e+00
2.2464464570e-04 2.3760669118e+04 1.5707963268e+00 2.5870604013e+00
2.2479132449e-04 2.3778103311e+04 1.5707963268e+00 2.5881951578e+00
2.2493793917e-04 2.3795550969e+04 1.5707963268e+00 2.5893282490e+00
2.2508448985e-04 2.3813012075e+04 1.5707963268e+00 2.5904596774e+00
2.2523097662e-04 2.3830486612e+04 1.5707963268e+00 2.5915894453e+00
2.2537739958e-04 2.3847974563e+04 1.5707963268e+00 2.5927175551e+00
2.2552375884e-04 2.3865475911e+04 1.5707963268e+00 2.5938440092e+00
2.2567005449e-04 2.3882990638e+04 1.5707963268e+00 2.5949688100e+00
2.2581628664e-04 2.3900518728e+04 1.5707963268e+00 2.5960919598e+00
2.2596245538e-04 2.3918060163e+04 1.5707963268e+00 2.5972134610e+00
2.2610856081e-04 2.3935614926e+04 1.5707963268e+00 2.5983333159e+00
2.2625460304e-04 2.3953183001e+04 1.5707963268e+00 2.5994515271e+00
2.2640058216e-04 2.3970764369e+04 1.5707963268e+00 2.6005680967e+00
2.2654649827e-04 2.3988359015e+04 1.5707963268e+00 2.6016830273e+00
2.2669235147e-04 2.4005966920e+04 1.5707963268e+00 2.6027963211e+00
2.2683814186e-04 2.4023588069e+04 1.5707963268e+00 2.6039079806e+00
2.2698386955e-04 2.4041222443e+04 1.5707963268e+00 2.6050180081e+00
2.2712953462e-04 2.4058870025e+04 1.5707963268e+00 2.6061264059e+00
2.2727513717e-04 2.4076530799e+04 1.5707963268e+00 2.6072331766e+00
2.2742067732e-04 2.4094204748e+04 1.5707963268e+00 2.6083383223e+00
2.2756615514e-04 2.4111891854e+04 1.5707963268e+00 2.6094418455e+00
2.2771157075e-04 2.4129592100e+04 1.5707963268e+00 2.6105437486e+00
2.2785692424e-04 2.4147305469e+04 1.5707963268e+00 2.6116440338e+00
2.2800221571e-04 2.4165031944e+04 1.5707963268e+00 2.6127427037e+00
2.2814744525e-04 2.4182771509e+04 1.5707963268e+00 2.6138397605e+00
2.2829261297e-04 2.4200524145e+04 1.5707963268e+00 2.6149352066e+00
2.2843771896e-04 2.4218289836e+04 1.5707963268e+00 2.6160290443e+00
2.2858276332e-04 2.4236068565e+04 1.5707963268e+00 2.6171212761e+00
2.2872774615e-04 2.4253860315e+04 1.5707963268e+00 2.6182119043e+00
2.2887266754e-04 2.4271665069e+04 1.5707963268e+00 2.6193009311e+00
2.2901752759e-04 2.4289482809e+04 1.5707963268e+00 2.6203883591e+00
2.2916232640e-04 2.4307313518e+04 1.5707963268e+00 2.6214741905e+00
2.2930706407e-04 2.4325157181e+04 1.5707963268e+00 2.6225584278e+00
2.2945174069e-04 2.4343013778e+04 1.5707963268e+00 2.6236410731e+00
2.2959635636e-04 2.4360883295e+04 1.5707963268e+00 2.6247221290e+00
2.2974091118e-04 2.4378765712e+04 1.5707963268e+00 2.6258015977e+00
2.2988540524e-04 2.4396661014e+04 1.5707963268e+00 2.6268794817e+00
2.3002983864e-04 2.4414569183e+04 1.5707963268e+00 2.6279557832e+00
2.3017421147e-04 2.4432490203e+04 1.5707963268e+00 2.6290305046e+00
2.3031852384e-04 2.4450424056e+04 1.5707963268e+00 2.6301036482e+00
2.3046277583e-04 2.4468370725e+04 1.5707963268e+00 2.6311752164e+00
2.3060696755e-04 2.4486330193e+04 1.5707963268e+00 2.6322452116e+00
2.3075109909e-04 2.4504302444e+04 1.5707963268e+00 2.6333136360e+00
2.3089517054e-04 2.4522287460e+04 1.5707963268e+00 2.6343804921e+00
2.3103918200e-04 2.4540285224e+04 1.5707963268e+00 2.6354457821e+00
2.3118313356e-04 2.4558295720e+04 1.5707963268e+00 2.6365095084e+00
2.3132702533e-04 2.4576318930e+04 1.5707963268e+00 2.6375716733e+00
2.3147085740e-04 2.4594354837e+04 1.5707963268e+00 2.6386322792e+00
2.3161462985e-04 2.4612403425e+04 1.5707963268e+00 2.6396913284e+00
2.3175834279e-04 2.4630464675e+04 1.5707963268e+00 2.6407488232e+00
2.3190199631e-04 2.4648538573e+04 1.5707963268e+00 2.6418047660e+00
2.3204559051e-04 2.4666625100e+04 1.5707963268e+00 2.6428591591e+00
2.3218912548e-04 2.4684724239e+04 1.5707963268e+00 2.6439120048e+00
2.3233260131e-04 2.4702835974e+04 1.5707963268e+00 2.6449633054e+00
2.3247601810e-04 2.4720960287e+04 1.5707963268e+00 2.6460130633e+00
2.3261937594e-04 2.4739097163e+04 1.5707963268e+00 2.6470612809e+00
2.3276267493e-04 2.4757246583e+04 1.5707963268e+00 2.6481079603e+00
2.3290591516e-04 2.4775408530e+04 1.5707963268e+00 2.6491531040e+00
2.3304909672e-04 2.4793582989e+04 1.5707963268e+00 2.6501967142e+00
2.3319221971e-04 2.4811769942e+04 1.5707963268e+00 2.6512387934e+00
2.3333528422e-04 2.4829969372e+04 1.5707963268e+00 2.6522793437e+00
2.3347829035e-04 2.4848181262e+04 1.5707963268e+00 2.6533183675e+00
2.3362123818e-04 2.4866405596e+04 1.5707963268e+00 2.6543558672e+00
2.3376412782e-04 2.4884642356e+04 1.5707963268e+00 2.6553918450e+00
2.3390695935e-04 2.4902891526e+04 1.5707963268e+00 2.6564263032e+00
2.3404973286e-04 2.4921153088e+04 1.5707963268e+00 2.6574592443e+00
2.3419244846e-04 2.4939427026e+04 1.5707963268e+00 2.6584906703e+00
2.3433510623e-04 2.4957713324e+04 1.5707963268e+00 2.6595205838e+00
2.3447770626e-04 2.4976011963e+04 1.5707963268e+00 2.6605489869e+00
2.3462024865e-04 2.4994322928e+04 1.5707963268e+00 2.6615758820e+00
2.3476273348e-04 2.5012646202e+04 1.5707963268e+00 2.6626012714e+00
2.3490516086e-04 2.5030981767e+04 1.5707963268e+00 2.6636251574e+00
2.3504753088e-04 2.5049329607e+04 1.5707963268e+00 2.6646475422e+00
2.3518984361e-04 2.5067689705e+04 1.5707963268e+00 2.6656684282e+00
2.3533209916e-04 2.5086062045e+04 1.5707963268e+00 2.6666878177e+00
2.3547429763e-04 2.5104446609e+04 1.5707963268e+00 2.6677057130e+00
2.3561643909e-04 2.5122843381e+04 1.5707963268e+00 2.6687221163e+00
2.3575852364e-04 2.5141252344e+04 1.5707963268e+00 2.6697370299e+00
2.3590055137e-04 2.5159673481e+04 1.5707963268e+00 2.6707504562e+00
2.3604252238e-04 2.5178106776e+04 1.5707963268e+00 2.6717623973e+00
2.3618443675e-04 2.5196552211e+04 1.5707963268e+00 2.6727728557e+00
2.3632629457e-04 2.5215009771e+04 1.5707963268e+00 2.6737818336e+00
2.3646809594e-04 2.5233479437e+04 1.5707963268e+00 2.6747893332e+00
2.3660984094e-04 2.5251961194e+04 1.5707963268e+00 2.6757953568e+00
2.3675152968e-04 2.5270455026e+04 1.5707963268e+00 2.6767999068e+00
2.3689316222e-04 2.5288960914e+04 1.5707963268e+00 2.6778029854e+00
2.3703473868e-04 2.5307478843e+04 1.5707963268e+00 2.6788045948e+00
2.3717625913e-04 2.5326008795e+04 1.5707963268e+00 2.6798047374e+00
2.3731772366e-04 2.5344550755e+04 1.5707963268e+00 2.6808034153e+00
2.3745913238e-04 2.5363104705e+04 1.5707963268e+00 2.6818006310e+00
2.3760048536e-04 2.5381670629e+04 1.5707963268e+00 2.6827963865e+00
2.3774178269e-04 2.5400248510e+04 1.5707963268e+00 2.6837906843e+00
2.3788302447e-04 2.5418838332e+04 1.5707963268e+00 2.6847835266e+00
2.3802421078e-04 2.5437440077e+04 1.5707963268e+00 2.6857749156e+00
2.3816534171e-04 2.5456053730e+04 1.5707963268e+00 2.6867648535e+00
2.3830641736e-04 2.5474679274e+04 1.5707963268e+00 2.6877533427e+00
2.3844743780e-04 2.5493316691e+04 1.5707963268e+00 2.6887403854e+00
2.3858840314e-04 2.5511965967e+04 1.5707963268e+00 2.6897259839e+00
2.3872931345e-04 2.5530627083e+04 1.5707963268e+00 2.6907101403e+00
2.3887016883e-04 2.5549300023e+04 1.5707963268e+00 2.6916928570e+00
2.3901096936e-04 2.5567984772e+04 1.5707963268e+00 2.6926741362e+00
2.3915171514e-04 2.5586681312e+04 1.5707963268e+00 2.6936539801e+00
2.3929240624e-04 2.5605389626e+04 1.5707963268e+00 2.6946323910e+00
2.3943304277e-04 2.5624109699e+04 1.5707963268e+00 2.6956093711e+00
2.3957362480e-04 2.5642841514e+04 1.5707963268e+00 2.6965849227e+00
2.3971415242e-04 2.5661585054e+04 1.5707963268e+00 2.6975590480e+00
2.3985462573e-04 2.5680340302e+04 1.5707963268e+00 2.6985317493e+00
2.3999504480e-04 2.5699107243e+04 1.5707963268e+00 2.6995030286e+00
2.4013540973e-04 2.5717885860e+04 1.5707963268e+00 2.7004728884e+00
2.4027572061e-04 2.5736676136e+04 1.5707963268e+00 2.7014413308e+00
2.4041597751e-04 2.5755478055e+04 1.5707963268e+00 2.7024083581e+00
2.4055618053e-04 2.5774291601e+04 1.5707963268e+00 2.7033739725e+00
2.4069632975e-04 2.5793116756e+04 1.5707963268e+00 2.7043381761e+00
2.4083642527e-04 2.5811953506e+04 1.5707963268e+00 2.7053009713e+00
2.4097646716e-04 2.5830801832e+04 1.5707963268e+00 2.7062623602e+00
2.4111645551e-04 2.5849661720e+04 1.5707963268e+00 2.7072223450e+00
2.4125639041e-04 2.5868533152e+04 1.5707963268e+00 2.7081809280e+00
2.4139627195e-04 2.5887416112e+04 1.5707963268e+00 2.7091381115e+00
2.4153610020e-04 2.5906310584e+04 1.5707963268e+00 2.7100938975e+00
2.4167587527e-04 2.5925216551e+04 1.5707963268e+00 2.7110482883e+00
2.4181559723e-04 2.5944133998e+04 1.5707963268e+00 2.7120012861e+00
2.4195526616e-04 2.5963062907e+04 1.5707963268e+00 2.7129528931e+00
2.4209488216e-04 2.5982003263e+04 1.5707963268e+00 2.7139031115e+00
2.4223444530e-04 2.6000955050e+04 1.5707963268e+00 2.7148519435e+00
2.4237395568e-04 2.6019918250e+04 1.5707963268e+00 2.7157993914e+00
2.4251341338e-04 2.6038892847e+04 1.5707963268e+00 2.7167454572e+00
2.4265281849e-04 2.6057878827e+04 1.5707963268e+00 2.7176901432e+00
2.4279217108e-04 2.6076876171e+04 1.5707963268e+00 2.7186334516e+00
2.4293147124e-04 2.6095884865e+04 1.5707963268e+00 2.7195753846e+00
2.4307071906e-04 2.6114904891e+04 1.5707963268e+00 2.7205159444e+00
2.4320991463e-04 2.6133936233e+04 1.5707963268e+00 2.7214551331e+00
2.4334905801e-04 2.6152978876e+04 1.5707963268e+00 2.7223929529e+00
2.4348814931e-04 2.6172032804e+04 1.5707963268e+00 2.7233294060e+00
2.4362718861e-04 2.6191097999e+04 1.5707963268e+00 2.7242644946e+00
2.4376617598e-04 2.6210174446e+04 1.5707963268e+00 2.7251982209e+00
2.4390511151e-04 2.6229262129e+04 1.5707963268e+00 2.7261305870e+00
2.4404399528e-04 2.6248361031e+04 1.5707963268e+00 2.7270615951e+00
2.4418282739e-04 2.6267471137e+04 1.5707963268e+00 2.7279912473e+00
2.4432160791e-04 2.6286592430e+04 1.5707963268e+00 2.7289195459e+00
2.4446033692e-04 2.6305724895e+04 1.5707963268e+00 2.7298464930e+00
2.4459901451e-04 2.6324868514e+04 1.5707963268e+00 2.7307720907e+00
2.4473764076e-04 2.6344023273e+04 1.5707963268e+00 2.7316963413e+00
2.4487621575e-04 2.6363189155e+04 1.5707963268e+00 2.7326192469e+00
2.4501473957e-04 2.6382366144e+04 1.5707963268e+00 2.7335408095e+00
2.4515321230e-04 2.6401554224e+04 1.5707963268e+00 2.7344610315e+00
2.4529163402e-04 2.6420753379e+04 1.5707963268e+00 2.7353799149e+00
2.4543000482e-04 2.6439963593e+04 1.5707963268e+00 2.7362974618e+00
2.4556832476e-04 2.6459184850e+04 1.5707963268e+00 2.7372136745e+00
2.4570659395e-04 2.6478417134e+04 1.5707963268e+00 2.7381285551e+00
2.4584481246e-04 2.6497660429e+04 1.5707963268e+00 2.7390421057e+00
2.4598298036e-04 2.6516914719e+04 1.5707963268e+00 2.7399543284e+00
2.4612109775e-04 2.6536179989e+04 1.5707963268e+00 2.7408652254e+00
2.4625916470e-04 2.6555456222e+04 1.5707963268e+00 2.7417747988e+00
2.4639718130e-04 2.6574743402e+04 1.5707963268e+00 2.7426830508e+00
2.4653514762e-04 2.6594041514e+04 1.5707963268e+00 2.7435899834e+00
2.4667306376e-04 2.6613350542e+04 1.5707963268e+00 2.7444955988e+00
2.4681092978e-04 2.6632670469e+04 1.5707963268e+00 2.7453998992e+00
2.4694874577e-04 2.6652001281e+04 1.5707963268e+00 2.7463028866e+00
2.4708651181e-04 2.6671342960e+04 1.5707963268e+00 2.7472045632e+00
2.4722422798e-04 2.6690695492e+04 1.5707963268e+00 2.7481049311e+00
2.4736189436e-04 2.6710058860e+04 1.5707963268e+00 2.7490039924e+00
2.4749951103e-04 2.6729433050e+04 1.5707963268e+00 2.7499017491e+00
2.4763707807e-04 2.6748818044e+04 1.5707963268e+00 2.7507982036e+00
2.4777459557e-04 2.6768213827e+04 1.5707963268e+00 2.7516933577e+00
2.4791206359e-04 2.6787620384e+04 1.5707963268e+00 2.7525872136e+00
2.4804948223e-04 2.6807037698e+04 1.5707963268e+00 2.7534797735e+00
2.4818685156e-04 2.6826465755e+04 1.5707963268e+00 2.7543710395e+00
2.4832417165e-04 2.6845904538e+04 1.5707963268e+00 2.7552610136e+00
2.4846144260e-04 2.6865354031e+04 1.5707963268e+00 2.7561496978e+00
2.4859866448e-04 2.6884814220e+04 1.5707963268e+00 2.7570370945e+00
2.4873583736e-04 2.6904285088e+04 1.5707963268e+00 2.7579232055e+00
2.4887296133e-04 2.6923766619e+04 1.5707963268e+00 2.7588080330e+00
2.4901003647e-04 2.6943258799e+04 1.5707963268e+00 2.7596915791e+00
2.4914706285e-04 2.6962761611e+04 1.5707963268e+00 2.7605738459e+00
2.4928404055e-04 2.6982275039e+04 1.5707963268e+00 2.7614548354e+00
2.4942096965e-04 2.7001799069e+04 1.5707963268e+00 2.7623345498e+00
2.4955785024e-04 2.7021333685e+04 1.5707963268e+00 2.7632129910e+00
2.4969468238e-04 2.7040878871e+04 1.5707963268e+00 2.7640901612e+00
2.4983146616e-04 2.7060434612e+04 1.5707963268e+00 2.7649660625e+00
2.4996820165e-04 2.7080000891e+04 1.5707963268e+00 2.7658406969e+00
2.5010488894e-04 2.7099577694e+04 1.5707963268e+00 2.7667140664e+00
2.5024152809e-04 2.7119165005e+04 1.5707963268e+00 2.7675861732e+00
2.5037811919e-04 2.7138762809e+04 1.5707963268e+00 2.7684570193e+00
2.5051466231e-04 2.7158371090e+04 1.5707963268e+00 2.7693266068e+00
2.5065115754e-04 2.7177989833e+04 1.5707963268e+00 2.7701949376e+00
2.5078760495e-04 2.7197619022e+04 1.5707963268e+00 2.7710620139e+00
2.5092400461e-04 2.7217258642e+04 1.5707963268e+00 2.7719278378e+00
2.5106035660e-04 2.7236908677e+04 1.5707963268e+00 2.7727924112e+00
2.5119666101e-04 2.7256569112e+04 1.5707963268e+00 2.7736557362e+00
2.5133291790e-04 2.7276239932e+04 1.5707963268e+00 2.7745178148e+00
2.5146912735e-04 2.7295921122e+04 1.5707963268e+00 2.7753786492e+00
2.5160528944e-04 2.7315612665e+04 1.5707963268e+00 2.7762382413e+00
2.5174140425e-04 2.7335314547e+04 1.5707963268e+00 2.7770965931e+00
2.5187747185e-04 2.7355026753e+04 1.5707963268e+00 2.7779537068e+00
2.5201349232e-04 2.7374749267e+04 1.5707963268e+00 2.7788095842e+00
2.5214946573e-04 2.7394482073e+04 1.5707963268e+00 2.7796642276e+00
2.5228539216e-04 2.7414225157e+04 1.5707963268e+00 2.7805176388e+00
2.5242127168e-04 2.7433978503e+04 1.5707963268e+00 2.7813698199e+00
2.5255710438e-04 2.7453742097e+04 1.5707963268e+00 2.7822207729e+00
2.5269289032e-04 2.7473515922e+04 1.5707963268e+00 2.7830704998e+00
2.5282862959e-04 2.7493299965e+04 1.5707963268e+00 2.7839190027e+00
2.5296432224e-04 2.7513094208e+04 1.5707963268e+00 2.7847662836e+00
2.5309996837e-04 2.7532898638e+04 1.5707963268e+00 2.7856123445e+00
2.5323556805e-04 2.7552713239e+04 1.5707963268e+00 2.7864571873e+00
2.5337112135e-04 2.7572537997e+04 1.5707963268e+00 2.7873008141e+00
2.5350662834e-04 2.7592372895e+04 1.5707963268e+00 2.7881432269e+00
2.5364208910e-04 2.7612217919e+04 1.5707963268e+00 2.7889844277e+00
2.5377750371e-04 2.7632073054e+04 1.5707963268e+00 2.7898244184e+00
2.5391287224e-04 2.7651938285e+04 1.5707963268e+00 2.7906632012e+00
2.5404819476e-04 2.7671813596e+04 1.5707963268e+00 2.7915007779e+00
2.5418347134e-04 2.7691698973e+04 1.5707963268e+00 2.7923371505e+00
2.5431870207e-04 2.7711594401e+04 1.5707963268e+00 2.7931723211e+00
2.5445388701e-04 2.7731499864e+04 1.5707963268e+00 2.7940062916e+00
2.5458902623e-04 2.7751415348e+04 1.5707963268e+00 2.7948390641e+00
2.5472411982e-04 2.7771340838e+04 1.5707963268e+00 2.7956706404e+00
2.5485916785e-04 2.7791276318e+04 1.5707963268e+00 2.7965010225e+00
2.5499417038e-04 2.7811221774e+04 1.5707963268e+00 2.7973302125e+00
2.5512912749e-04 2.7831177191e+04 1.5707963268e+00 2.7981582123e+00
2.5526403926e-04 2.7851142554e+04 1.5707963268e+00 2.7989850239e+00
2.5539890576e-04 2.7871117849e+04 1.5707963268e+00 2.7998106492e+00
2.5553372705e-04 2.7891103059e+04 1.5707963268e+00 2.8006350902e+00
2.5566850322e-04 2.7911098171e+04 1.5707963268e+00 2.8014583488e+00
2.5580323433e-04 2.7931103169e+04 1.5707963268e+00 2.8022804271e+00
2.5593792045e-04 2.7951118039e+04 1.5707963268e+00 2.8031013269e+00
2.5607256167e-04 2.7971142766e+04 1.5707963268e+00 2.8039210503e+00
2.5620715805e-04 2.7991177335e+04 1.5707963268e+00 2.8047395991e+00
2.5634170966e-04 2.8011221731e+04 1.5707963268e+00 2.8055569753e+00
2.5647621658e-04 2.8031275940e+04 1.5707963268e+00 2.8063731809e+00
2.5661067888e-04 2.8051339947e+04 1.5707963268e+00 2.8071882178e+00
2.5674509662e-04 2.8071413737e+04 1.5707963268e+00 2.8080020879e+00
2.5687946988e-04 2.8091497296e+04 1.5707963268e+00 2.8088147933e+00
2.5701379874e-04 2.8111590608e+04 1.5707963268e+00 2.8096263357e+00
2.5714808326e-04 2.8131693660e+04 1.5707963268e+00 2.8104367171e+00
2.5728232351e-04 2.8151806436e+04 1.5707963268e+00 2.8112459395e+00
2.5741651956e-04 2.8171928921e+04 1.5707963268e+00 2.8120540048e+00
2.5755067150e-04 2.8192061102e+04 1.5707963268e+00 2.8128609150e+00
2.5768477938e-04 2.8212202964e+04 1.5707963268e+00 2.8136666718e+00
2.5781884327e-04 2.8232354492e+04 1.5707963268e+00 2.8144712773e+00
2.5795286326e-04 2.8252515671e+04 1.5707963268e+00 2.8152747334e+00
2.5808683940e-04 2.8272686487e+04 1.5707963268e+00 2.8160770420e+00
2.5822077177e-04 2.8292866925e+04 1.5707963268e+00 2.8168782049e+00
2.5835466044e-04 2.8313056971e+04 1.5707963268e+00 2.8176782241e+00
2.5848850547e-04 2.8333256611e+04 1.5707963268e+00 2.8184771016e+00
2.5862230695e-04 2.8353465830e+04 1.5707963268e+00 2.8192748391e+00
2.5875606493e-04 2.8373684613e+04 1.5707963268e+00 2.8200714386e+00
2.5888977949e-04 2.8393912946e+04 1.5707963268e+00 2.8208669021e+00
2.5902345070e-04 2.8414150814e+04 1.5707963268e+00 2.8216612313e+00
2.5915707863e-04 2.8434398204e+04 1.5707963268e+00 2.8224544282e+00
2.5929066334e-04 2.8454655100e+04 1.5707963268e+00 2.8232464946e+00
2.5942420491e-04 2.8474921489e+04 1.5707963268e+00 2.8240374325e+00
2.5955770340e-04 2.8495197356e+04 1.5707963268e+00 2.8248272438e+00
2.5969115888e-04 2.8515482687e+04 1.5707963268e+00 2.8256159302e+00
2.5982457143e-04 2.8535777467e+04 1.5707963268e+00 2.8264034938e+00
2.5995794110e-04 2.8556081682e+04 1.5707963268e+00 2.8271899363e+00
2.6009126798e-04 2.8576395318e+04 1.5707963268e+00 2.8279752596e+00
2.6022455212e-04 2.8596718360e+04 1.5707963268e+00 2.8287594657e+00
2.6035779360e-04 2.8617050794e+04 1.5707963268e+00 2.8295425563e+00
2.6049099248e-04 2.8637392607e+04 1.5707963268e+00 2.8303245333e+00
2.6062414884e-04 2.8657743783e+04 1.5707963268e+00 2.8311053987e+00
2.6075726273e-04 2.8678104309e+04 1.5707963268e+00 2.8318851542e+00
2.6089033424e-04 2.8698474170e+04 1.5707963268e+00 2.8326638017e+00
2.6102336342e-04 2.8718853353e+04 1.5707963268e+00 2.8334413431e+00
2.6115635034e-04 2.8739241842e+04 1.5707963268e+00 2.8342177802e+00
2.6128929507e-04 2.8759639625e+04 1.5707963268e+00 2.8349931149e+00
2.6142219768e-04 2.8780046686e+04 1.5707963268e+00 2.8357673489e+00
2.6155505824e-04 2.8800463012e+04 1.5707963268e+00 2.8365404843e+00
2.6168787681e-04 2.8820888589e+04 1.5707963268e+00 2.8373125227e+00
2.6182065346e-04 2.8841323402e+04 1.5707963268e+00 2.8380834660e+00
2.6195338825e-04 2.8861767438e+04 1.5707963268e+00 2.8388533161e+00
2.6208608126e-04 2.8882220682e+04 1.5707963268e+00 2.8396220748e+00
2.6221873255e-04 2.8902683121e+04 1.5707963268e+00 2.8403897439e+00
2.6235134218e-04 2.8923154741e+04 1.5707963268e+00 2.8411563252e+00
2.6248391023e-04 2.8943635526e+04 1.5707963268e+00 2.8419218206e+00
2.6261643676e-04 2.8964125465e+04 1.5707963268e+00 2.8426862319e+00
2.6274892183e-04 2.8984624542e+04 1.5707963268e+00 2.8434495610e+00
2.6288136551e-04 2.9005132744e+04 1.5707963268e+00 2.8442118095e+00
2.6301376787e-04 2.9025650057e+04 1.5707963268e+00 2.8449729794e+00
2.6314612898e-04 2.9046176466e+04 1.5707963268e+00 2.8457330724e+00
2.6327844889e-04 2.9066711959e+04 1.5707963268e+00 2.8464920903e+00
2.6341072768e-04 2.9087256521e+04 1.5707963268e+00 2.8472500351e+00
2.6354296540e-04 2.9107810138e+04 1.5707963268e+00 2.8480069083e+00
2.6367516213e-04 2.9128372797e+04 1.5707963268e+00 2.8487627120e+00
2.6380731794e-04 2.9148944484e+04 1.5707963268e+00 2.8495174478e+00
2.6393943287e-04 2.9169525184e+04 1.5707963268e+00 2.8502711175e+00
2.6407150701e-04 2.9190114885e+04 1.5707963268e+00 2.8510237230e+00
2.6420354042e-04 2.9210713572e+04 1.5707963268e+00 2.8517752660e+00
2.6433553315e-04 2.9231321232e+04 1.5707963268e+00 2.8525257483e+00
2.6446748528e-04 2.9251937852e+04 1.5707963268e+00 2.8532751717e+00
2.6459939687e-04 2.9272563416e+04 1.5707963268e+00 2.8540235380e+00
2.6473126798e-04 2.9293197912e+04 1.5707963268e+00 2.8547708490e+00
2.6486309868e-04 2.9313841326e+04 1.5707963268e+00 2.8555171063e+00
2.6499488903e-04 2.9334493645e+04 1.5707963268e+00 2.8562623119e+00
2.6512663910e-04 2.9355154854e+04 1.5707963268e+00 2.8570064674e+00
2.6525834895e-04 2.9375824941e+04 1.5707963268e+00 2.8577495747e+00
2.6539001865e-04 2.9396503891e+04 1.5707963268e+00 2.8584916355e+00
2.6552164825e-04 2.9417191691e+04 1.5707963268e+00 2.8592326515e+00
2.6565323782e-04 2.9437888328e+04 1.5707963268e+00 2.8599726246e+00
2.6578478743e-04 2.9458593787e+04 1.5707963268e+00 2.8607115564e+00
2.6591629714e-04 2.9479308056e+04 1.5707963268e+00 2.8614494488e+00
2.6604776701e-04 2.9500031121e+04 1.5707963268e+00 2.8621863034e+00
2.6617919710e-04 2.9520762969e+04 1.5707963268e+00 2.8629221221e+00
2.6631058749e-04 2.9541503585e+04 1.5707963268e+00 2.8636569065e+00
2.6644193822e-04 2.9562252957e+04 1.5707963268e+00 2.8643906584e+00
2.6657324937e-04 2.9583011071e+04 1.5707963268e+00 2.8651233796e+00
2.6670452099e-04 2.9603777914e+04 1.5707963268e+00 2.8658550718e+00
2.6683575316e-04 2.9624553472e+04 1.5707963268e+00 2.8665857368e+00
2.6696694592e-04 2.9645337733e+04 1.5707963268e+00 2.8673153761e+00
2.6709809935e-04 2.9666130681e+04 1.5707963268e+00 2.8680439917e+00
2.6722921351e-04 2.9686932306e+04 1.5707963268e+00 2.8687715852e+00
2.6736028845e-04 2.9707742592e+04 1.5707963268e+00 2.8694981583e+00
2.6749132425e-04 2.9728561526e+04 1.5707963268e+00 2.8702237127e+00
2.6762232095e-04 2.9749389097e+04 1.5707963268e+00 2.8709482503e+00
2.6775327864e-04 2.9770225289e+04 1.5707963268e+00 2.8716717726e+00
2.6788419735e-04 2.9791070090e+04 1.5707963268e+00 2.8723942815e+00
2.6801507717e-04 2.9811923487e+04 1.5707963268e+00 2.8731157785e+00
2.6814591814e-04 2.9832785466e+04 1.5707963268e+00 2.8738362655e+00
2.6827672034e-04 2.9853656015e+04 1.5707963268e+00 2.8745557441e+00
2.6840748381e-04 2.9874535120e+04 1.5707963268e+00 2.8752742160e+00
2.6853820863e-04 2.9895422768e+04 1.5707963268e+00 2.8759916830e+00
2.6866889486e-04 2.9916318945e+04 1.5707963268e+00 2.8767081466e+00
2.6879954254e-04 2.9937223639e+04 1.5707963268e+00 2.8774236087e+00
2.6893015176e-04 2.9958136837e+04 1.5707963268e+00 2.8781380709e+00
2.6906072256e-04 2.9979058526e+04 1.5707963268e+00 2.8788515349e+00
2.6919125500e-04 2.9999988692e+04 1.5707963268e+00 2.8795640024e+00
2.6932174916e-04 3.0020927322e+04 1.5707963268e+00 2.8802754751e+00
2.6945220508e-04 3.0041874403e+04 1.5707963268e+00 2.8809859546e+00
2.6958262283e-04 3.0062829923e+04 1.5707963268e+00 2.8816954426e+00
2.6971300247e-04 3.0083793869e+04 1.5707963268e+00 2.8824039409e+00
2.6984334406e-04 3.0104766227e+04 1.5707963268e+00 2.8831114510e+00
2.6997364765e-04 3.0125746984e+04 1.5707963268e+00 2.8838179746e+00
2.7010391332e-04 3.0146736128e+04 1.5707963268e+00 2.8845235135e+00
2.7023414111e-04 3.0167733645e+04 1.5707963268e+00 2.8852280692e+00
2.7036433108e-04 3.0188739523e+04 1.5707963268e+00 2.8859316435e+00
2.7049448331e-04 3.0209753749e+04 1.5707963268e+00 2.8866342380e+00
2.7062459784e-04 3.0230776310e+04 1.5707963268e+00 2.8873358543e+00
2.7075467474e-04 3.0251807193e+04 1.5707963268e+00 2.8880364942e+00
2.7088471406e-04 3.0272846385e+04 1.5707963268e+00 2.8887361592e+00
2.7101471587e-04 3.0293893874e+04 1.5707963268e+00 2.8894348510e+00
2.7114468021e-04 3.0314949646e+04 1.5707963268e+00 2.8901325713e+00
2.7127460717e-04 3.0336013689e+04 1.5707963268e+00 2.8908293217e+00
2.7140449678e-04 3.0357085991e+04 1.5707963268e+00 2.8915251038e+00
2.7153434911e-04 3.0378166537e+04 1.5707963268e+00 2.8922199193e+00
2.7166416421e-04 3.0399255317e+04 1.5707963268e+00 2.8929137698e+00
2.7179394216e-04 3.0420352316e+04 1.5707963268e+00 2.8936066569e+00
2.7192368299e-04 3.0441457523e+04 1.5707963268e+00 2.8942985823e+00
2.7205338678e-04 3.0462570924e+04 1.5707963268e+00 2.8949895477e+00
2.7218305359e-04 3.0483692508e+04 1.5707963268e+00 2.8956795545e+00
2.7231268346e-04 3.0504822260e+04 1.5707963268e+00 2.8963686045e+00
2.7244227645e-04 3.0525960169e+04 1.5707963268e+00 2.8970566993e+00
2.7257183263e-04 3.0547106223e+04 1.5707963268e+00 2.8977438405e+00
2.7270135206e-04 3.0568260408e+04 1.5707963268e+00 2.8984300296e+00
2.7283083478e-04 3.0589422712e+04 1.5707963268e+00 2.8991152684e+00
2.7296028086e-04 3.0610593122e+04 1.5707963268e+00 2.8997995584e+00
2.7308969035e-04 3.0631771627e+04 1.5707963268e+00 2.9004829013e+00
2.7321906332e-04 3.0652958212e+04 1.5707963268e+00 2.9011652985e+00
2.7334839981e-04 3.0674152867e+04 1.5707963268e+00 2.9018467518e+00
2.7347769989e-04 3.0695355578e+04 1.5707963268e+00 2.9025272628e+00
2.7360696362e-04 3.0716566333e+04 1.5707963268e+00 2.9032068329e+00
2.7373619104e-04 3.0737785120e+04 1.5707963268e+00 2.9038854639e+00
2.7386538222e-04 3.0759011926e+04 1.5707963268e+00 2.9045631573e+00
2.7399453722e-04 3.0780246739e+04 1.5707963268e+00 2.9052399147e+00
2.7412365608e-04 3.0801489546e+04 1.5707963268e+00 2.9059157377e+00
2.7425273887e-04 3.0822740335e+04 1.5707963268e+00 2.9065906279e+00
2.7438178564e-04 3.0843999093e+04 1.5707963268e+00 2.9072645868e+00
2.7451079645e-04 3.0865265809e+04 1.5707963268e+00 2.9079376160e+00
2.7463977136e-04 3.0886540471e+04 1.5707963268e+00 2.9086097172e+00
2.7476871041e-04 3.0907823064e+04 1.5707963268e+00 2.9092808918e+00
2.7489761367e-04 3.0929113579e+04 1.5707963268e+00 2.9099511414e+00
2.7502648120e-04 3.0950412001e+04 1.5707963268e+00 2.9106204677e+00
2.7515531304e-04 3.0971718320e+04 1.5707963268e+00 2.9112888722e+00
2.7528410926e-04 3.0993032522e+04 1.5707963268e+00 2.9119563563e+00
2.7541286991e-04 3.1014354596e+04 1.5707963268e+00 2.9126229218e+00
2.7554159504e-04 3.1035684529e+04 1.5707963268e+00 2.9132885702e+00
2.7567028471e-04 3.1057022309e+04 1.5707963268e+00 2.9139533029e+00
2.7579893898e-04 3.1078367924e+04 1.5707963268e+00 2.9146171216e+00
2.7592755790e-04 3.1099721363e+04 1.5707963268e+00 2.9152800278e+00
2.7605614152e-04 3.1121082612e+04 1.5707963268e+00 2.9159420231e+00
2.7618468990e-04 3.1142451660e+04 1.5707963268e+00 2.9166031090e+00
2.7631320310e-04 3.1163828494e+04 1.5707963268e+00 2.9172632870e+00
2.7644168117e-04 3.1185213103e+04 1.5707963268e+00 2.9179225587e+00
2.7657012416e-04 3.1206605475e+04 1.5707963268e+00 2.9185809256e+00
2.7669853213e-04 3.1228005597e+04 1.5707963268e+00 2.9192383892e+00
2.7682690514e-04 3.1249413458e+04 1.5707963268e+00 2.9198949512e+00
2.7695524323e-04 3.1270829045e+04 1.5707963268e+00 2.9205506129e+00
2.7708354647e-04 3.1292252347e+04 1.5707963268e+00 2.9212053760e+00
2.7721181490e-04 3.1313683351e+04 1.5707963268e+00 2.9218592419e+00
2.7734004858e-04 3.1335122046e+04 1.5707963268e+00 2.9225122123e+00
2.7746824756e-04 3.1356568420e+04 1.5707963268e+00 2.9231642885e+00
2.7759641190e-04 3.1378022460e+04 1.5707963268e+00 2.9238154721e+00
2.7772454165e-04 3.1399484156e+04 1.5707963268e+00 2.9244657646e+00
2.7785263687e-04 3.1420953495e+04 1.5707963268e+00 2.9251151676e+00
2.7798069761e-04 3.1442430465e+04 1.5707963268e+00 2.9257636826e+00
2.7810872391e-04 3.1463915054e+04 1.5707963268e+00 2.9264113110e+00
2.7823671585e-04 3.1485407251e+04 1.5707963268e+00 2.9270580543e+00
2.7836467346e-04 3.1506907044e+04 1.5707963268e+00 2.9277039141e+00
2.7849259680e-04 3.1528414421e+04 1.5707963268e+00 2.9283488918e+00
2.7862048593e-04 3.1549929370e+04 1.5707963268e+00 2.9289929890e+00
2.7874834089e-04 3.1571451880e+04 1.5707963268e+00 2.9296362071e+00
2.7887616174e-04 3.1592981938e+04 1.5707963268e+00 2.9302785477e+00
2.7900394854e-04 3.1614519534e+04 1.5707963268e+00 2.9309200121e+00
2.7913170133e-04 3.1636064655e+04 1.5707963268e+00 2.9315606020e+00
2.7925942017e-04 3.1657617290e+04 1.5707963268e+00 2.9322003187e+00
2.7938710511e-04 3.1679177427e+04 1.5707963268e+00 2.9328391638e+00
2.7951475620e-04 3.1700745055e+04 1.5707963268e+00 2.9334771388e+00
2.7964237350e-04 3.1722320161e+04 1.5707963268e+00 2.9341142450e+00
2.7976995706e-04 3.1743902735e+04 1.5707963268e+00 2.9347504841e+00
2.7989750692e-04 3.1765492764e+04 1.5707963268e+00 2.9353858574e+00
2.8002502315e-04 3.1787090238e+04 1.5707963268e+00 2.9360203664e+00
2.8015250578e-04 3.1808695144e+04 1.5707963268e+00 2.9366540127e+00
2.8027995489e-04 3.1830307471e+04 1.5707963268e+00 2.9372867976e+00
2.8040737050e-04 3.1851927208e+04 1.5707963268e+00 2.9379187225e+00
2.8053475269e-04 3.1873554342e+04 1.5707963268e+00 2.9385497891e+00
2.8066210150e-04 3.1895188864e+04 1.5707963268e+00 2.9391799987e+00
2.8078941697e-04 3.1916830760e+04 1.5707963268e+00 2.9398093527e+00
2.8091669917e-04 3.1938480020e+04 1.5707963268e+00 2.9404378527e+00
2.8104394814e-04 3.1960136632e+04 1.5707963268e+00 2.9410655001e+00
2.8117116394e-04 3.1981800586e+04 1.5707963268e+00 2.9416922963e+00
2.8129834661e-04 3.2003471868e+04 1.5707963268e+00 2.9423182427e+00
2.8142549620e-04 3.2025150469e+04 1.5707963268e+00 2.9429433409e+00
2.8155261278e-04 3.2046836376e+04 1.5707963268e+00 2.9435675921e+00
2.8167969638e-04 3.2068529579e+04 1.5707963268e+00 2.9441909980e+00
2.8180674706e-04 3.2090230066e+04 1.5707963268e+00 2.9448135599e+00
2.8193376486e-04 3.2111937826e+04 1.5707963268e+00 2.9454352792e+00
2.8206074985e-04 3.2133652847e+04 1.5707963268e+00 2.9460561573e+00
2.8218770207e-04 3.2155375118e+04 1.5707963268e+00 2.9466761958e+00
2.8231462156e-04 3.2177104628e+04 1.5707963268e+00 2.9472953959e+00
2.8244150839e-04 3.2198841366e+04 1.5707963268e+00 2.9479137592e+00
2.8256836259e-04 3.2220585321e+04 1.5707963268e+00 2.9485312871e+00
2.8269518423e-04 3.2242336480e+04 1.5707963268e+00 2.9491479809e+00
2.8282197334e-04 3.2264094834e+04 1.5707963268e+00 2.9497638420e+00
2.8294872999e-04 3.2285860371e+04 1.5707963268e+00 2.9503788720e+00
2.8307545421e-04 3.2307633080e+04 1.5707963268e+00 2.9509930722e+00
2.8320214606e-04 3.2329412950e+04 1.5707963268e+00 2.9516064439e+00
2.8332880559e-04 3.2351199969e+04 1.5707963268e+00 2.9522189887e+00
2.8345543285e-04 3.2372994126e+04 1.5707963268e+00 2.9528307079e+00
2.8358202789e-04 3.2394795411e+04 1.5707963268e+00 2.9534416028e+00
2.8370859075e-04 3.2416603812e+04 1.5707963268e+00 2.9540516750e+00
2.8383512148e-04 3.2438419319e+04 1.5707963268e+00 2.9546609258e+00
2.8396162014e-04 3.2460241920e+04 1.5707963268e+00 2.9552693565e+00
2.8408808678e-04 3.2482071604e+04 1.5707963268e+00 2.9558769686e+00
2.8421452143e-04 3.2503908360e+04 1.5707963268e+00 2.9564837635e+00
2.8434092416e-04 3.2525752178e+04 1.5707963268e+00 2.9570897425e+00
2.8446729501e-04 3.2547603046e+04 1.5707963268e+00 2.9576949070e+00
2.8459363402e-04 3.2569460954e+04 1.5707963268e+00 2.9582992584e+00
2.8471994125e-04 3.2591325890e+04 1.5707963268e+00 2.9589027981e+00
2.8484621675e-04 3.2613197843e+04 1.5707963268e+00 2.9595055275e+00
2.8497246056e-04 3.2635076803e+04 1.5707963268e+00 2.9601074478e+00
2.8509867273e-04 3.2656962759e+04 1.5707963268e+00 2.9607085606e+00
2.8522485331e-04 3.2678855701e+04 1.5707963268e+00 2.9613088671e+00
2.8535100235e-04 3.2700755616e+04 1.5707963268e+00 2.9619083687e+00
2.8547711989e-04 3.2722662494e+04 1.5707963268e+00 2.9625070668e+00
2.8560320599e-04 3.2744576325e+04 1.5707963268e+00 2.9631049628e+00
2.8572926069e-04 3.2766497098e+04 1.5707963268e+00 2.9637020579e+00
2.8585528404e-04 3.2788424801e+04 1.5707963268e+00 2.9642983536e+00
2.8598127608e-04 3.2810359425e+04 1.5707963268e+00 2.9648938512e+00
2.8610723687e-04 3.2832300958e+04 1.5707963268e+00 2.9654885521e+00
2.8623316645e-04 3.2854249390e+04 1.5707963268e+00 2.9660824575e+00
2.8635906487e-04 3.2876204710e+04 1.5707963268e+00 2.9666755690e+00
2.8648493218e-04 3.2898166908e+04 1.5707963268e+00 2.9672678877e+00
2.8661076842e-04 3.2920135972e+04 1.5707963268e+00 2.9678594150e+00
2.8673657364e-04 3.2942111892e+04 1.5707963268e+00 2.9684501523e+00
2.8686234788e-04 3.2964094657e+04 1.5707963268e+00 2.9690401009e+00
2.8698809121e-04 3.2986084258e+04 1.5707963268e+00 2.9696292621e+00
2.8711380365e-04 3.3008080682e+04 1.5707963268e+00 2.9702176373e+00
2.8723948526e-04 3.3030083920e+04 1.5707963268e+00 2.9708052278e+00
2.8736513608e-04 3.3052093961e+04 1.5707963268e+00 2.9713920349e+00
2.8749075617e-04 3.3074110794e+04 1.5707963268e+00 2.9719780600e+00
2.8761634556e-04 3.3096134410e+04 1.5707963268e+00 2.9725633043e+00
2.8774190431e-04 3.3118164797e+04 1.5707963268e+00 2.9731477693e+00
2.8786743246e-04 3.3140201944e+04 1.5707963268e+00 2.9737314561e+00
2.8799293005e-04 3.3162245842e+04 1.5707963268e+00 2.9743143661e+00
2.8811839714e-04 3.3184296481e+04 1.5707963268e+00 2.9748965007e+00
2.8824383377e-04 3.3206353848e+04 1.5707963268e+00 2.9754778611e+00
2.8836923998e-04 3.3228417935e+04 1.5707963268e+00 2.9760584487e+00
2.8849461582e-04 3.3250488730e+04 1.5707963268e+00 2.9766382647e+00
2.8861996133e-04 3.3272566224e+04 1.5707963268e+00 2.9772173105e+00
2.8874527657e-04 3.3294650405e+04 1.5707963268e+00 2.9777955873e+00
2.8887056158e-04 3.3316741264e+04 1.5707963268e+00 2.9783730965e+00
2.8899581640e-04 3.3338838790e+04 1.5707963268e+00 2.9789498393e+00
2.8912104107e-04 3.3360942973e+04 1.5707963268e+00 2.9795258171e+00
2.8924623566e-04 3.3383053803e+04 1.5707963268e+00 2.9801010311e+00
2.8937140019e-04 3.3405171268e+04 1.5707963268e+00 2.9806754827e+00
2.8949653471e-04 3.3427295360e+04 1.5707963268e+00 2.9812491730e+00
2.8962163927e-04 3.3449426067e+04 1.5707963268e+00 2.9818221035e+00
2.8974671392e-04 3.3471563380e+04 1.5707963268e+00 2.9823942753e+00
2.8987175870e-04 3.3493707287e+04 1.5707963268e+00 2.9829656897e+00
2.8999677365e-04 3.3515857780e+04 1.5707963268e+00 2.9835363482e+00
2.9012175882e-04 3.3538014847e+04 1.5707963268e+00 2.9841062518e+00
2.9024671426e-04 3.3560178479e+04 1.5707963268e+00 2.9846754019e+00
2.9037164000e-04 3.3582348666e+04 1.5707963268e+00 2.9852437997e+00
2.9049653610e-04 3.3604525396e+04 1.5707963268e+00 2.9858114466e+00
2.9062140259e-04 3.3626708661e+04 1.5707963268e+00 2.9863783438e+00
2.9074623953e-04 3.3648898449e+04 1.5707963268e+00 2.9869444925e+00
2.9087104695e-04 3.3671094752e+04 1.5707963268e+00 2.9875098940e+00
2.9099582490e-04 3.3693297558e+04 1.5707963268e+00 2.9880745496e+00
2.9112057342e-04 3.3715506858e+04 1.5707963268e+00 2.9886384606e+00
2.9124529256e-04 3.3737722641e+04 1.5707963268e+00 2.9892016281e+00
2.9136998237e-04 3.3759944898e+04 1.5707963268e+00 2.9897640534e+00
2.9149464288e-04 3.3782173619e+04 1.5707963268e+00 2.9903257379e+00
2.9161927414e-04 3.3804408793e+04 1.5707963268e+00 2.9908866826e+00
2.9174387620e-04 3.3826650411e+04 1.5707963268e+00 2.9914468890e+00
2.9186844909e-04 3.3848898462e+04 1.5707963268e+00 2.9920063582e+00
2.9199299286e-04 3.3871152937e+04 1.5707963268e+00 2.9925650914e+00
2.9211750756e-04 3.3893413826e+04 1.5707963268e+00 2.9931230900e+00
2.9224199322e-04 3.3915681118e+04 1.5707963268e+00 2.9936803550e+00
2.9236644990e-04 3.3937954805e+04 1.5707963268e+00 2.9942368879e+00
2.9249087763e-04 3.3960234875e+04 1.5707963268e+00 2.9947926898e+00
2.9261527645e-04 3.3982521319e+04 1.5707963268e+00 2.9953477619e+00
2.9273964642e-04 3.4004814128e+04 1.5707963268e+00 2.9959021055e+00
2.9286398757e-04 3.4027113291e+04 1.5707963268e+00 2.9964557217e+00
2.9298829995e-04 3.4049418798e+04 1.5707963268e+00 2.9970086119e+00
2.9311258359e-04 3.4071730641e+04 1.5707963268e+00 2.9975607773e+00
2.9323683855e-04 3.4094048808e+04 1.5707963268e+00 2.9981122189e+00
2.9336106486e-04 3.4116373290e+04 1.5707963268e+00 2.9986629382e+00
2.9348526257e-04 3.4138704078e+04 1.5707963268e+00 2.9992129362e+00
2.9360943171e-04 3.4161041161e+04 1.5707963268e+00 2.9997622143e+00
2.9373357234e-04 3.4183384530e+04 1.5707963268e+00 3.0003107735e+00
2.9385768450e-04 3.4205734175e+04 1.5707963268e+00 3.0008586152e+00
2.9398176822e-04 3.4228090087e+04 1.5707963268e+00 3.0014057405e+00
2.9410582355e-04 3.4250452256e+04 1.5707963268e+00 3.0019521506e+00
2.9422985052e-04 3.4272820671e+04 1.5707963268e+00 3.0024978468e+00
2.9435384920e-04 3.4295195325e+04 1.5707963268e+00 3.0030428302e+00
2.9447781960e-04 3.4317576206e+04 1.5707963268e+00 3.0035871020e+00
2.9460176179e-04 3.4339963305e+04 1.5707963268e+00 3.0041306634e+00
2.9472567579e-04 3.4362356612e+04 1.5707963268e+00 3.0046735156e+00
2.9484956165e-04 3.4384756119e+04 1.5707963268e+00 3.0052156599e+00
2.9497341942e-04 3.4407161815e+04 1.5707963268e+00 3.0057570973e+00
2.9509724912e-04 3.4429573691e+04 1.5707963268e+00 3.0062978292e+00
2.9522105082e-04 3.4451991737e+04 1.5707963268e+00 3.0068378566e+00
2.9534482454e-04 3.4474415944e+04 1.5707963268e+00 3.0073771807e+00
2.9546857032e-04 3.4496846302e+04 1.5707963268e+00 3.0079158028e+00
2.9559228822e-04 3.4519282802e+04 1.5707963268e+00 3.0084537239e+00
2.9571597826e-04 3.4541725435e+04 1.5707963268e+00 3.0089909454e+00
2.9583964050e-04 3.4564174190e+04 1.5707963268e+00 3.0095274683e+00
2.9596327497e-04 3.4586629058e+04 1.5707963268e+00 3.0100632938e+00
2.9608688171e-04 3.4609090030e+04 1.5707963268e+00 3.0105984231e+00
2.9621046077e-04 3.4631557097e+04 1.5707963268e+00 3.0111328574e+00
2.9633401218e-04 3.4654030249e+04 1.5707963268e+00 3.0116665978e+00
2.9645753598e-04 3.4676509477e+04 1.5707963268e+00 3.0121996455e+00
2.9658103223e-04 3.4698994770e+04 1.5707963268e+00 3.0127320016e+00
2.9670450095e-04 3.4721486121e+04 1.5707963268e+00 3.0132636674e+00
2.9682794218e-04 3.4743983520e+04 1.5707963268e+00 3.0137946439e+00
2.9695135598e-04 3.4766486956e+04 1.5707963268e+00 3.0143249323e+00
2.9707474237e-04 3.4788996422e+04 1.5707963268e+00 3.0148545339e+00
2.9719810140e-04 3.4811511907e+04 1.5707963268e+00 3.0153834496e+00
2.9732143311e-04 3.4834033403e+04 1.5707963268e+00 3.0159116807e+00
2.9744473754e-04 3.4856560900e+04 1.5707963268e+00 3.0164392283e+00
2.9756801473e-04 3.4879094389e+04 1.5707963268e+00 3.0169660936e+00
2.9769126471e-04 3.4901633860e+04 1.5707963268e+00 3.0174922777e+00
2.9781448754e-04 3.4924179305e+04 1.5707963268e+00 3.0180177817e+00
2.9793768324e-04 3.4946730714e+04 1.5707963268e+00 3.0185426068e+00
2.9806085186e-04 3.4969288078e+04 1.5707963268e+00 3.0190667541e+00
2.9818399344e-04 3.4991851388e+04 1.5707963268e+00 3.0195902248e+00
2.9830710802e-04 3.5014420634e+04 1.5707963268e+00 3.0201130199e+00
2.9843019563e-04 3.5036995808e+04 1.5707963268e+00 3.0206351407e+00
2.9855325632e-04 3.5059576901e+04 1.5707963268e+00 3.0211565882e+00
2.9867629013e-04 3.5082163903e+04 1.5707963268e+00 3.0216773635e+00
2.9879929709e-04 3.5104756804e+04 1.5707963268e+00 3.0221974678e+00
2.9892227725e-04 3.5127355597e+04 1.5707963268e+00 3.0227169023e+00
2.9904523064e-04 3.5149960273e+04 1.5707963268e+00 3.0232356679e+00
2.9916815730e-04 3.5172570821e+04 1.5707963268e+00 3.0237537660e+00
2.9929105728e-04 3.5195187232e+04 1.5707963268e+00 3.0242711974e+00
2.9941393060e-04 3.5217809499e+04 1.5707963268e+00 3.0247879635e+00
2.9953677732e-04 3.5240437612e+04 1.5707963268e+00 3.0253040652e+00
2.9965959746e-04 3.5263071562e+04 1.5707963268e+00 3.0258195037e+00
2.9978239107e-04 3.5285711339e+04 1.5707963268e+00 3.0263342801e+00
2.9990515819e-04 3.5308356936e+04 1.5707963268e+00 3.0268483955e+00
3.0002789885e-04 3.5331008342e+04 1.5707963268e+00 3.0273618510e+00
3.0015061310e-04 3.5353665550e+04 1.5707963268e+00 3.0278746477e+00
3.0027330096e-04 3.5376328550e+04 1.5707963268e+00 3.0283867867e+00
3.0039596249e-04 3.5398997333e+04 1.5707963268e+00 3.0288982691e+00
3.0051859771e-04 3.5421671890e+04 1.5707963268e+00 3.0294090961e+00
3.0064120667e-04 3.5444352213e+04 1.5707963268e+00 3.0299192685e+00
3.0076378941e-04 3.5467038292e+04 1.5707963268e+00 3.0304287877e+00
