0.0000000000e+00 1.3304708738e+04 1.5707963268e+00 0.0000000000e+00
2.5622649825e-07 1.3304708738e+04 1.5707963268e+00 -3.3333333333e-03
5.1245299650e-07 1.3304708738e+04 1.5707963268e+00 -6.6666666667e-03
7.6867949475e-07 1.3304708738e+04 1.5707963268e+00 -1.0000000000e-02
1.0249059930e-06 1.3304708738e+04 1.5707963268e+00 -1.3333333333e-02
1.2811324912e-06 1.3304708738e+04 1.5707963268e+00 -1.6666666667e-02
1.5373589895e-06 1.3304708738e+04 1.5707963268e+00 -2.0000000000e-02
1.7935854877e-06 1.3304708738e+04 1.5707963268e+00 -2.3333333333e-02
2.0498119860e-06 1.3304708738e+04 1.5707963268e+00 -2.6666666667e-02
2.3060384842e-06 1.3304708738e+04 1.5707963268e+00 -3.0000000000e-02
2.5622649825e-06 1.3304708738e+04 1.5707963268e+00 -3.3333333333e-02
2.8184914807e-06 1.3304708738e+04 1.5707963268e+00 -3.6666666667e-02
3.0747179790e-06 1.3304708738e+04 1.5707963268e+00 -4.0000000000e-02
3.3309444772e-06 1.3304708738e+04 1.5707963268e+00 -4.3333333333e-02
3.5871709755e-06 1.3304708738e+04 1.5707963268e+00 -4.6666666667e-02
3.8433974737e-06 1.3304708738e+04 1.5707963268e+00 -5.0000000000e-02
4.0996239720e-06 1.3304708738e+04 1.5707963268e+00 -5.3333333333e-02
4.3558504702e-06 1.3304708738e+04 1.5707963268e+00 -5.6666666667e-02
4.6120769685e-06 1.3304708738e+04 1.5707963268e+00 -6.0000000000e-02
4.8683034667e-06 1.3304708738e+04 1.5707963268e+00 -6.3333333333e-02
5.1245299650e-06 1.3304708738e+04 1.5707963268e+00 -6.6666666667e-02
5.3807564632e-06 1.3304708738e+04 1.5707963268e+00 -7.0000000000e-02
5.6369829615e-06 1.3304708738e+04 1.5707963268e+00 -7.3333333333e-02
5.8932094597e-06 1.3304708738e+04 1.5707963268e+00 -7.6666666667e-02
6.1494359580e-06 1.3304708738e+04 1.5707963268e+00 -8.0000000000e-02
6.4056624562e-06 1.3304708738e+04 1.5707963268e+00 -8.3333333333e-02
6.6618889545e-06 1.3304708738e+04 1.5707963268e+00 -8.6666666667e-02
6.9181154527e-06 1.3304708738e+04 1.5707963268e+00 -9.0000000000e-02
7.1743419510e-06 1.3304708738e+04 1.5707963268e+00 -9.3333333333e-02
7.4305684492e-06 1.3304708738e+04 1.5707963268e+00 -9.6666666667e-02
7.6867949475e-06 1.3304708738e+04 1.5707963268e+00 -1.0000000000e-01
7.9430214457e-06 1.3304708738e+04 1.5707963268e+00 -1.0333333333e-01
8.1992479439e-06 1.3304708738e+04 1.5707963268e+00 -1.0666666667e-01
8.4554744422e-06 1.3304708738e+04 1.5707963268e+00 -1.1000000000e-01
8.7117009404e-06 1.3304708738e+04 1.5707963268e+00 -1.1333333333e-01
8.9679274387e-06 1.3304708738e+04 1.5707963268e+00 -1.1666666667e-01
9.2241539369e-06 1.3304708738e+04 1.5707963268e+00 -1.2000000000e-01
9.4803804352e-06 1.3304708738e+04 1.5707963268e+00 -1.2333333333e-01
9.7366069334e-06 1.3304708738e+04 1.5707963268e+00 -1.2666666667e-01
9.9928334317e-06 1.3304708738e+04 1.5707963268e+00 -1.3000000000e-01
1.0249059930e-05 1.3304708738e+04 1.5707963268e+00 -1.3333333333e-01
1.0505286428e-05 1.3304708738e+04 1.5707963268e+00 -1.3666666667e-01
1.0761512926e-05 1.3304708738e+04 1.5707963268e+00 -1.4000000000e-01
1.1017739425e-05 1.3304708738e+04 1.5707963268e+00 -1.4333333333e-01
1.1273965923e-05 1.3304708738e+04 1.5707963268e+00 -1.4666666667e-01
1.1530192421e-05 1.3304708738e+04 1.5707963268e+00 -1.5000000000e-01
1.1786418919e-05 1.3304708738e+04 1.5707963268e+00 -1.5333333333e-01
1.2042645418e-05 1.3304708738e+04 1.5707963268e+00 -1.5666666667e-01
1.2298871916e-05 1.3304708738e+04 1.5707963268e+00 -1.6000000000e-01
1.2555098414e-05 1.3304708738e+04 1.5707963268e+00 -1.6333333333e-01
1.2811324912e-05 1.3304708738e+04 1.5707963268e+00 -1.6666666667e-01
1.3067551411e-05 1.3304708738e+04 1.5707963268e+00 -1.7000000000e-01
1.3323777909e-05 1.3304708738e+04 1.5707963268e+00 -1.7333333333e-01
1.3580004407e-05 1.3304708738e+04 1.5707963268e+00 -1.7666666667e-01
1.3836230905e-05 1.3304708738e+04 1.5707963268e+00 -1.8000000000e-01
1.4092457404e-05 1.3304708738e+04 1.5707963268e+00 -1.8333333333e-01
1.4348683902e-05 1.3304708738e+04 1.5707963268e+00 -1.8666666667e-01
1.4604910400e-05 1.3304708738e+04 1.5707963268e+00 -1.9000000000e-01
1.4861136898e-05 1.3304708738e+04 1.5707963268e+00 -1.9333333333e-01
1.5117363397e-05 1.3304708738e+04 1.5707963268e+00 -1.9666666667e-01
1.5373589895e-05 1.3304708738e+04 1.5707963268e+00 -2.0000000000e-01
1.5629816393e-05 1.3304708738e+04 1.5707963268e+00 -2.0333333333e-01
1.5886042891e-05 1.3304708738e+04 1.5707963268e+00 -2.0666666667e-01
1.6142269390e-05 1.3304708738e+04 1.5707963268e+00 -2.1000000000e-01
1.6398495888e-05 1.3304708738e+04 1.5707963268e+00 -2.1333333333e-01
1.6654722386e-05 1.3304708738e+04 1.5707963268e+00 -2.1666666667e-01
1.6910948884e-05 1.3304708738e+04 1.5707963268e+00 -2.2000000000e-01
1.7167175383e-05 1.3304708738e+04 1.5707963268e+00 -2.2333333333e-01
1.7423401881e-05 1.3304708738e+04 1.5707963268e+00 -2.2666666667e-01
1.7679628379e-05 1.3304708738e+04 1.5707963268e+00 -2.3000000000e-01
1.7935854877e-05 1.3304708738e+04 1.5707963268e+00 -2.3333333333e-01
1.8192081376e-05 1.3304708738e+04 1.5707963268e+00 -2.3666666667e-01
1.8448307874e-05 1.3304708738e+04 1.5707963268e+00 -2.4000000000e-01
1.8704534372e-05 1.3304708738e+04 1.5707963268e+00 -2.4333333333e-01
1.8960760870e-05 1.3304708738e+04 1.5707963268e+00 -2.4666666667e-01
1.9216987369e-05 1.3304708738e+04 1.5707963268e+00 -2.5000000000e-01
1.9473213867e-05 1.3304708738e+04 1.5707963268e+00 -2.5333333333e-01
1.9729440365e-05 1.3304708738e+04 1.5707963268e+00 -2.5666666667e-01
1.9985666863e-05 1.3304708738e+04 1.5707963268e+00 -2.6000000000e-01
2.0241893362e-05 1.3304708738e+04 1.5707963268e+00 -2.6333333333e-01
2.0498119860e-05 1.3304708738e+04 1.5707963268e+00 -2.6666666667e-01
2.0754346358e-05 1.3304708738e+04 1.5707963268e+00 -2.7000000000e-01
2.1010572856e-05 1.3304708738e+04 1.5707963268e+00 -2.7333333333e-01
2.1266799355e-05 1.3304708738e+04 1.5707963268e+00 -2.7666666667e-01
2.1523025853e-05 1.3304708738e+04 1.5707963268e+00 -2.8000000000e-01
2.1779252351e-05 1.3304708738e+04 1.5707963268e+00 -2.8333333333e-01
2.2035478849e-05 1.3304708738e+04 1.5707963268e+00 -2.8666666667e-01
2.2291705348e-05 1.3304708738e+04 1.5707963268e+00 -2.9000000000e-01
2.2547931846e-05 1.3304708738e+04 1.5707963268e+00 -2.9333333333e-01
2.2804158344e-05 1.3304708738e+04 1.5707963268e+00 -2.9666666667e-01
2.3060384842e-05 1.3304708738e+04 1.5707963268e+00 -3.0000000000e-01
2.3316611341e-05 1.3304708738e+04 1.5707963268e+00 -3.0333333333e-01
2.3572837839e-05 1.3304708738e+04 1.5707963268e+00 -3.0666666667e-01
2.3829064337e-05 1.3304708738e+04 1.5707963268e+00 -3.1000000000e-01
2.4085290835e-05 1.3304708738e+04 1.5707963268e+00 -3.1333333333e-01
2.4341517334e-05 1.3304708738e+04 1.5707963268e+00 -3.1666666667e-01
2.4597743832e-05 1.3304708738e+04 1.5707963268e+00 -3.2000000000e-01
2.4853970330e-05 1.3304708738e+04 1.5707963268e+00 -3.2333333333e-01
2.5110196828e-05 1.3304708738e+04 1.5707963268e+00 -3.2666666667e-01
2.5366423327e-05 1.3304708738e+04 1.5707963268e+00 -3.3000000000e-01
2.5622649825e-05 1.3304708738e+04 1.5707963268e+00 -3.3333333333e-01
2.5878876323e-05 1.3304708738e+04 1.5707963268e+00 -3.3666666667e-01
2.6135102821e-05 1.3304708738e+04 1.5707963268e+00 -3.4000000000e-01
2.6391329320e-05 1.3304708738e+04 1.5707963268e+00 -3.4333333333e-01
2.6647555818e-05 1.3304708738e+04 1.5707963268e+00 -3.4666666667e-01
2.6903782316e-05 1.3304708738e+04 1.5707963268e+00 -3.5000000000e-01
2.7160008814e-05 1.3304708738e+04 1.5707963268e+00 -3.5333333333e-01
2.7416235313e-05 1.3304708738e+04 1.5707963268e+00 -3.5666666667e-01
2.7672461811e-05 1.3304708738e+04 1.5707963268e+00 -3.6000000000e-01
2.7928688309e-05 1.3304708738e+04 1.5707963268e+00 -3.6333333333e-01
2.8184914807e-05 1.3304708738e+04 1.5707963268e+00 -3.6666666667e-01
2.8441141306e-05 1.3304708738e+04 1.5707963268e+00 -3.7000000000e-01
2.8697367804e-05 1.3304708738e+04 1.5707963268e+00 -3.7333333333e-01
2.8953594302e-05 1.3304708738e+04 1.5707963268e+00 -3.7666666667e-01
2.9209820800e-05 1.3304708738e+04 1.5707963268e+00 -3.8000000000e-01
2.9466047299e-05 1.3304708738e+04 1.5707963268e+00 -3.8333333333e-01
2.9722273797e-05 1.3304708738e+04 1.5707963268e+00 -3.8666666667e-01
2.9978500295e-05 1.3304708738e+04 1.5707963268e+00 -3.9000000000e-01
3.0234726793e-05 1.3304708738e+04 1.5707963268e+00 -3.9333333333e-01
3.0490953292e-05 1.3304708738e+04 1.5707963268e+00 -3.9666666667e-01
3.0747179790e-05 1.3304708738e+04 1.5707963268e+00 -4.0000000000e-01
3.1003406288e-05 1.3304708738e+04 1.5707963268e+00 -4.0333333333e-01
3.1259632786e-05 1.3304708738e+04 1.5707963268e+00 -4.0666666667e-01
3.1515859285e-05 1.3304708738e+04 1.5707963268e+00 -4.1000000000e-01
3.1772085783e-05 1.3304708738e+04 1.5707963268e+00 -4.1333333333e-01
3.2028312281e-05 1.3304708738e+04 1.5707963268e+00 -4.1666666667e-01
3.2284538779e-05 1.3304708738e+04 1.5707963268e+00 -4.2000000000e-01
3.2540765278e-05 1.3304708738e+04 1.5707963268e+00 -4.2333333333e-01
3.2796991776e-05 1.3304708738e+04 1.5707963268e+00 -4.2666666667e-01
3.3053218274e-05 1.3304708738e+04 1.5707963268e+00 -4.3000000000e-01
3.3309444772e-05 1.3304708738e+04 1.5707963268e+00 -4.3333333333e-01
3.3565671271e-05 1.3304708738e+04 1.5707963268e+00 -4.3666666667e-01
3.3821897769e-05 1.3304708738e+04 1.5707963268e+00 -4.4000000000e-01
3.4078124267e-05 1.3304708738e+04 1.5707963268e+00 -4.4333333333e-01
3.4334350765e-05 1.3304708738e+04 1.5707963268e+00 -4.4666666667e-01
3.4590577264e-05 1.3304708738e+04 1.5707963268e+00 -4.5000000000e-01
3.4846803762e-05 1.3304708738e+04 1.5707963268e+00 -4.5333333333e-01
3.5103030260e-05 1.3304708738e+04 1.5707963268e+00 -4.5666666667e-01
3.5359256758e-05 1.3304708738e+04 1.5707963268e+00 -4.6000000000e-01
3.5615483257e-05 1.3304708738e+04 1.5707963268e+00 -4.6333333333e-01
3.5871709755e-05 1.3304708738e+04 1.5707963268e+00 -4.6666666667e-01
3.6127936253e-05 1.3304708738e+04 1.5707963268e+00 -4.7000000000e-01
3.6384162751e-05 1.3304708738e+04 1.5707963268e+00 -4.7333333333e-01
3.6640389250e-05 1.3304708738e+04 1.5707963268e+00 -4.7666666667e-01
3.6896615748e-05 1.3304708738e+04 1.5707963268e+00 -4.8000000000e-01
3.7152842246e-05 1.3304708738e+04 1.5707963268e+00 -4.8333333333e-01
3.7409068744e-05 1.3304708738e+04 1.5707963268e+00 -4.8666666667e-01
3.7665295243e-05 1.3304708738e+04 1.5707963268e+00 -4.9000000000e-01
3.7921521741e-05 1.3304708738e+04 1.5707963268e+00 -4.9333333333e-01
3.8177748239e-05 1.3304708738e+04 1.5707963268e+00 -4.9666666667e-01
3.8433974737e-05 1.3304708738e+04 1.5707963268e+00 -5.0000000000e-01
3.8690201236e-05 1.3304708738e+04 1.5707963268e+00 -5.0333333333e-01
3.8946427734e-05 1.3304708738e+04 1.5707963268e+00 -5.0666666667e-01
3.9202654232e-05 1.3304708738e+04 1.5707963268e+00 -5.1000000000e-01
3.9458880730e-05 1.3304708738e+04 1.5707963268e+00 -5.1333333333e-01
3.9715107229e-05 1.3304708738e+04 1.5707963268e+00 -5.1666666667e-01
3.9971333727e-05 1.3304708738e+04 1.5707963268e+00 -5.2000000000e-01
4.0227560225e-05 1.3304708738e+04 1.5707963268e+00 -5.2333333333e-01
4.0483786723e-05 1.3304708738e+04 1.5707963268e+00 -5.2666666667e-01
4.0740013221e-05 1.3304708738e+04 1.5707963268e+00 -5.3000000000e-01
4.0996239720e-05 1.3304708738e+04 1.5707963268e+00 -5.3333333333e-01
4.1252466218e-05 1.3304708738e+04 1.5707963268e+00 -5.3666666667e-01
4.1508692716e-05 1.3304708738e+04 1.5707963268e+00 -5.4000000000e-01
4.1764919214e-05 1.3304708738e+04 1.5707963268e+00 -5.4333333333e-01
4.2021145713e-05 1.3304708738e+04 1.5707963268e+00 -5.4666666667e-01
4.2277372211e-05 1.3304708738e+04 1.5707963268e+00 -5.5000000000e-01
4.2533598709e-05 1.3304708738e+04 1.5707963268e+00 -5.5333333333e-01
4.2789825207e-05 1.3304708738e+04 1.5707963268e+00 -5.5666666667e-01
4.3046051706e-05 1.3304708738e+04 1.5707963268e+00 -5.6000000000e-01
4.3302278204e-05 1.3304708738e+04 1.5707963268e+00 -5.6333333333e-01
4.3558504702e-05 1.3304708738e+04 1.5707963268e+00 -5.6666666667e-01
4.3814731200e-05 1.3304708738e+04 1.5707963268e+00 -5.7000000000e-01
4.4070957699e-05 1.3304708738e+04 1.5707963268e+00 -5.7333333333e-01
4.4327184197e-05 1.3304708738e+04 1.5707963268e+00 -5.7666666667e-01
4.4583410695e-05 1.3304708738e+04 1.5707963268e+00 -5.8000000000e-01
4.4839637193e-05 1.3304708738e+04 1.5707963268e+00 -5.8333333333e-01
4.5095863692e-05 1.3304708738e+04 1.5707963268e+00 -5.8666666667e-01
4.5352090190e-05 1.3304708738e+04 1.5707963268e+00 -5.9000000000e-01
4.5608316688e-05 1.3304708738e+04 1.5707963268e+00 -5.9333333333e-01
4.5864543186e-05 1.3304708738e+04 1.5707963268e+00 -5.9666666667e-01
4.6120769685e-05 1.3304708738e+04 1.5707963268e+00 -6.0000000000e-01
4.6376996183e-05 1.3304708738e+04 1.5707963268e+00 -6.0333333333e-01
4.6633222681e-05 1.3304708738e+04 1.5707963268e+00 -6.0666666667e-01
4.6889449179e-05 1.3304708738e+04 1.5707963268e+00 -6.1000000000e-01
4.7145675678e-05 1.3304708738e+04 1.5707963268e+00 -6.1333333333e-01
4.7401902176e-05 1.3304708738e+04 1.5707963268e+00 -6.1666666667e-01
4.7658128674e-05 1.3304708738e+04 1.5707963268e+00 -6.2000000000e-01
4.7914355172e-05 1.3304708738e+04 1.5707963268e+00 -6.2333333333e-01
4.8170581671e-05 1.3304708738e+04 1.5707963268e+00 -6.2666666667e-01
4.8426808169e-05 1.3304708738e+04 1.5707963268e+00 -6.3000000000e-01
4.8683034667e-05 1.3304708738e+04 1.5707963268e+00 -6.3333333333e-01
4.8939261165e-05 1.3304708738e+04 1.5707963268e+00 -6.3666666667e-01
4.9195487664e-05 1.3304708738e+04 1.5707963268e+00 -6.4000000000e-01
4.9451714162e-05 1.3304708738e+04 1.5707963268e+00 -6.4333333333e-01
4.9707940660e-05 1.3304708738e+04 1.5707963268e+00 -6.4666666667e-01
4.9964167158e-05 1.3304708738e+04 1.5707963268e+00 -6.5000000000e-01
5.0220393657e-05 1.3304708738e+04 1.5707963268e+00 -6.5333333333e-01
5.0476620155e-05 1.3304708738e+04 1.5707963268e+00 -6.5666666667e-01
5.0732846653e-05 1.3304708738e+04 1.5707963268e+00 -6.6000000000e-01
5.0989073151e-05 1.3304708738e+04 1.5707963268e+00 -6.6333333333e-01
5.1245299650e-05 1.3304708738e+04 1.5707963268e+00 -6.6666666667e-01
5.1501526148e-05 1.3304708738e+04 1.5707963268e+00 -6.7000000000e-01
5.1757752646e-05 1.3304708738e+04 1.5707963268e+00 -6.7333333333e-01
5.2013979144e-05 1.3304708738e+04 1.5707963268e+00 -6.7666666667e-01
5.2270205643e-05 1.3304708738e+04 1.5707963268e+00 -6.8000000000e-01
5.2526432141e-05 1.3304708738e+04 1.5707963268e+00 -6.8333333333e-01
5.2782658639e-05 1.3304708738e+04 1.5707963268e+00 -6.8666666667e-01
5.3038885137e-05 1.3304708738e+04 1.5707963268e+00 -6.9000000000e-01
5.3295111636e-05 1.3304708738e+04 1.5707963268e+00 -6.9333333333e-01
5.3551338134e-05 1.3304708738e+04 1.5707963268e+00 -6.9666666667e-01
5.3807564632e-05 1.3304708738e+04 1.5707963268e+00 -7.0000000000e-01
5.4063791130e-05 1.3304708738e+04 1.5707963268e+00 -7.0333333333e-01
5.4320017629e-05 1.3304708738e+04 1.5707963268e+00 -7.0666666667e-01
5.4576244127e-05 1.3304708738e+04 1.5707963268e+00 -7.1000000000e-01
5.4832470625e-05 1.3304708738e+04 1.5707963268e+00 -7.1333333333e-01
5.5088697123e-05 1.3304708738e+04 1.5707963268e+00 -7.1666666667e-01
5.5344923622e-05 1.3304708738e+04 1.5707963268e+00 -7.2000000000e-01
5.5601150120e-05 1.3304708738e+04 1.5707963268e+00 -7.2333333333e-01
5.5857376618e-05 1.3304708738e+04 1.5707963268e+00 -7.2666666667e-01
5.6113603116e-05 1.3304708738e+04 1.5707963268e+00 -7.3000000000e-01
5.6369829615e-05 1.3304708738e+04 1.5707963268e+00 -7.3333333333e-01
5.6626056113e-05 1.3304708738e+04 1.5707963268e+00 -7.3666666667e-01
5.6882282611e-05 1.3304708738e+04 1.5707963268e+00 -7.4000000000e-01
5.7138509109e-05 1.3304708738e+04 1.5707963268e+00 -7.4333333333e-01
5.7394735608e-05 1.3304708738e+04 1.5707963268e+00 -7.4666666667e-01
5.7650962106e-05 1.3304708738e+04 1.5707963268e+00 -7.5000000000e-01
5.7907188604e-05 1.3304708738e+04 1.5707963268e+00 -7.5333333333e-01
5.8163415102e-05 1.3304708738e+04 1.5707963268e+00 -7.5666666667e-01
5.8419641601e-05 1.3304708738e+04 1.5707963268e+00 -7.6000000000e-01
5.8675868099e-05 1.3304708738e+04 1.5707963268e+00 -7.6333333333e-01
5.8932094597e-05 1.3304708738e+04 1.5707963268e+00 -7.6666666667e-01
5.9188321095e-05 1.3304708738e+04 1.5707963268e+00 -7.7000000000e-01
5.9444547594e-05 1.3304708738e+04 1.5707963268e+00 -7.7333333333e-01
5.9700774092e-05 1.3304708738e+04 1.5707963268e+00 -7.7666666667e-01
5.9957000590e-05 1.3304708738e+04 1.5707963268e+00 -7.8000000000e-01
6.0213227088e-05 1.3304708738e+04 1.5707963268e+00 -7.8333333333e-01
6.0469453587e-05 1.3304708738e+04 1.5707963268e+00 -7.8666666667e-01
6.0725680085e-05 1.3304708738e+04 1.5707963268e+00 -7.9000000000e-01
6.0981906583e-05 1.3304708738e+04 1.5707963268e+00 -7.9333333333e-01
6.1238133081e-05 1.3304708738e+04 1.5707963268e+00 -7.9666666667e-01
6.1494359580e-05 1.3304708738e+04 1.5707963268e+00 -8.0000000000e-01
6.1750586078e-05 1.3304708738e+04 1.5707963268e+00 -8.0333333333e-01
6.2006812576e-05 1.3304708738e+04 1.5707963268e+00 -8.0666666667e-01
6.2263039074e-05 1.3304708738e+04 1.5707963268e+00 -8.1000000000e-01
6.2519265573e-05 1.3304708738e+04 1.5707963268e+00 -8.1333333333e-01
6.2775492071e-05 1.3304708738e+04 1.5707963268e+00 -8.1666666667e-01
6.3031718569e-05 1.3304708738e+04 1.5707963268e+00 -8.2000000000e-01
6.3287945067e-05 1.3304708738e+04 1.5707963268e+00 -8.2333333333e-01
6.3544171566e-05 1.3304708738e+04 1.5707963268e+00 -8.2666666667e-01
6.3800398064e-05 1.3304708738e+04 1.5707963268e+00 -8.3000000000e-01
6.4056624562e-05 1.3304708738e+04 1.5707963268e+00 -8.3333333333e-01
6.4312851060e-05 1.3304708738e+04 1.5707963268e+00 -8.3666666667e-01
6.4569077559e-05 1.3304708738e+04 1.5707963268e+00 -8.4000000000e-01
6.4825304057e-05 1.3304708738e+04 1.5707963268e+00 -8.4333333333e-01
6.5081530555e-05 1.3304708738e+04 1.5707963268e+00 -8.4666666667e-01
6.5337757053e-05 1.3304708738e+04 1.5707963268e+00 -8.5000000000e-01
6.5593983552e-05 1.3304708738e+04 1.5707963268e+00 -8.5333333333e-01
6.5850210050e-05 1.3304708738e+04 1.5707963268e+00 -8.5666666667e-01
6.6106436548e-05 1.3304708738e+04 1.5707963268e+00 -8.6000000000e-01
6.6362663046e-05 1.3304708738e+04 1.5707963268e+00 -8.6333333333e-01
6.6618889545e-05 1.3304708738e+04 1.5707963268e+00 -8.6666666667e-01
6.6875116043e-05 1.3304708738e+04 1.5707963268e+00 -8.7000000000e-01
6.7131342541e-05 1.3304708738e+04 1.5707963268e+00 -8.7333333333e-01
6.7387569039e-05 1.3304708738e+04 1.5707963268e+00 -8.7666666667e-01
6.7643795538e-05 1.3304708738e+04 1.5707963268e+00 -8.8000000000e-01
6.7900022036e-05 1.3304708738e+04 1.5707963268e+00 -8.8333333333e-01
6.8156248534e-05 1.3304708738e+04 1.5707963268e+00 -8.8666666667e-01
6.8412475032e-05 1.3304708738e+04 1.5707963268e+00 -8.9000000000e-01
6.8668701531e-05 1.3304708738e+04 1.5707963268e+00 -8.9333333333e-01
6.8924928029e-05 1.3304708738e+04 1.5707963268e+00 -8.9666666667e-01
6.9181154527e-05 1.3304708738e+04 1.5707963268e+00 -9.0000000000e-01
6.9437381025e-05 1.3304708738e+04 1.5707963268e+00 -9.0333333333e-01
6.9693607524e-05 1.3304708738e+04 1.5707963268e+00 -9.0666666667e-01
6.9949834022e-05 1.3304708738e+04 1.5707963268e+00 -9.1000000000e-01
7.0206060520e-05 1.3304708738e+04 1.5707963268e+00 -9.1333333333e-01
7.0462287018e-05 1.3304708738e+04 1.5707963268e+00 -9.1666666667e-01
7.0718513517e-05 1.3304708738e+04 1.5707963268e+00 -9.2000000000e-01
7.0974740015e-05 1.3304708738e+04 1.5707963268e+00 -9.2333333333e-01
7.1230966513e-05 1.3304708738e+04 1.5707963268e+00 -9.2666666667e-01
7.1487193011e-05 1.3304708738e+04 1.5707963268e+00 -9.3000000000e-01
7.1743419510e-05 1.3304708738e+04 1.5707963268e+00 -9.3333333333e-01
7.1999646008e-05 1.3304708738e+04 1.5707963268e+00 -9.3666666667e-01
7.2255872506e-05 1.3304708738e+04 1.5707963268e+00 -9.4000000000e-01
7.2512099004e-05 1.3304708738e+04 1.5707963268e+00 -9.4333333333e-01
7.2768325503e-05 1.3304708738e+04 1.5707963268e+00 -9.4666666667e-01
7.3024552001e-05 1.3304708738e+04 1.5707963268e+00 -9.5000000000e-01
7.3280778499e-05 1.3304708738e+04 1.5707963268e+00 -9.5333333333e-01
7.3537004997e-05 1.3304708738e+04 1.5707963268e+00 -9.5666666667e-01
7.3793231496e-05 1.3304708738e+04 1.5707963268e+00 -9.6000000000e-01
7.4049457994e-05 1.3304708738e+04 1.5707963268e+00 -9.6333333333e-01
7.4305684492e-05 1.3304708738e+04 1.5707963268e+00 -9.6666666667e-01
7.4561910990e-05 1.3304708738e+04 1.5707963268e+00 -9.7000000000e-01
7.4818137489e-05 1.3304708738e+04 1.5707963268e+00 -9.7333333333e-01
7.5074363987e-05 1.3304708738e+04 1.5707963268e+00 -9.7666666667e-01
7.5330590485e-05 1.3304708738e+04 1.5707963268e+00 -9.8000000000e-01
7.5586816983e-05 1.3304708738e+04 1.5707963268e+00 -9.8333333333e-01
7.5843043482e-05 1.3304708738e+04 1.5707963268e+00 -9.8666666667e-01
7.6099269980e-05 1.3304708738e+04 1.5707963268e+00 -9.9000000000e-01
7.6355496478e-05 1.3304708738e+04 1.5707963268e+00 -9.9333333333e-01
7.6611722976e-05 1.3304708738e+04 1.5707963268e+00 -9.9666666667e-01
7.6867949475e-05 1.3304708738e+04 1.5707963268e+00 -1.0000000000e+00
7.7124175973e-05 1.3304708738e+04 1.5707963268e+00 -1.0033333333e+00
7.7380402471e-05 1.3304708738e+04 1.5707963268e+00 -1.0066666667e+00
7.7636628969e-05 1.3304708738e+04 1.5707963268e+00 -1.0100000000e+00
7.7892855468e-05 1.3304708738e+04 1.5707963268e+00 -1.0133333333e+00
7.8149081966e-05 1.3304708738e+04 1.5707963268e+00 -1.0166666667e+00
7.8405308464e-05 1.3304708738e+04 1.5707963268e+00 -1.0200000000e+00
7.8661534962e-05 1.3304708738e+04 1.5707963268e+00 -1.0233333333e+00
7.8917761461e-05 1.3304708738e+04 1.5707963268e+00 -1.0266666667e+00
7.9173987959e-05 1.3304708738e+04 1.5707963268e+00 -1.0300000000e+00
7.9430214457e-05 1.3304708738e+04 1.5707963268e+00 -1.0333333333e+00
7.9686440955e-05 1.3304708738e+04 1.5707963268e+00 -1.0366666667e+00
7.9942667454e-05 1.3304708738e+04 1.5707963268e+00 -1.0400000000e+00
8.0198893952e-05 1.3304708738e+04 1.5707963268e+00 -1.0433333333e+00
8.0455120450e-05 1.3304708738e+04 1.5707963268e+00 -1.0466666667e+00
8.0711346948e-05 1.3304708738e+04 1.5707963268e+00 -1.0500000000e+00
8.0967573446e-05 1.3304708738e+04 1.5707963268e+00 -1.0533333333e+00
8.1223799945e-05 1.3304708738e+04 1.5707963268e+00 -1.0566666667e+00
8.1480026443e-05 1.3304708738e+04 1.5707963268e+00 -1.0600000000e+00
8.1736252941e-05 1.3304708738e+04 1.5707963268e+00 -1.0633333333e+00
8.1992479439e-05 1.3304708738e+04 1.5707963268e+00 -1.0666666667e+00
8.2248705938e-05 1.3304708738e+04 1.5707963268e+00 -1.0700000000e+00
8.2504932436e-05 1.3304708738e+04 1.5707963268e+00 -1.0733333333e+00
8.2761158934e-05 1.3304708738e+04 1.5707963268e+00 -1.0766666667e+00
8.3017385432e-05 1.3304708738e+04 1.5707963268e+00 -1.0800000000e+00
8.3273611931e-05 1.3304708738e+04 1.5707963268e+00 -1.0833333333e+00
8.3529838429e-05 1.3304708738e+04 1.5707963268e+00 -1.0866666667e+00
8.3786064927e-05 1.3304708738e+04 1.5707963268e+00 -1.0900000000e+00
8.4042291425e-05 1.3304708738e+04 1.5707963268e+00 -1.0933333333e+00
8.4298517924e-05 1.3304708738e+04 1.5707963268e+00 -1.0966666667e+00
8.4554744422e-05 1.3304708738e+04 1.5707963268e+00 -1.1000000000e+00
8.4810970920e-05 1.3304708738e+04 1.5707963268e+00 -1.1033333333e+00
8.5067197418e-05 1.3304708738e+04 1.5707963268e+00 -1.1066666667e+00
8.5323423917e-05 1.3304708738e+04 1.5707963268e+00 -1.1100000000e+00
8.5579650415e-05 1.3304708738e+04 1.5707963268e+00 -1.1133333333e+00
8.5835876913e-05 1.3304708738e+04 1.5707963268e+00 -1.1166666667e+00
8.6092103411e-05 1.3304708738e+04 1.5707963268e+00 -1.1200000000e+00
8.6348329910e-05 1.3304708738e+04 1.5707963268e+00 -1.1233333333e+00
8.6604556408e-05 1.3304708738e+04 1.5707963268e+00 -1.1266666667e+00
8.6860782906e-05 1.3304708738e+04 1.5707963268e+00 -1.1300000000e+00
8.7117009404e-05 1.3304708738e+04 1.5707963268e+00 -1.1333333333e+00
8.7373235903e-05 1.3304708738e+04 1.5707963268e+00 -1.1366666667e+00
8.7629462401e-05 1.3304708738e+04 1.5707963268e+00 -1.1400000000e+00
8.7885688899e-05 1.3304708738e+04 1.5707963268e+00 -1.1433333333e+00
8.8141915397e-05 1.3304708738e+04 1.5707963268e+00 -1.1466666667e+00
8.8398141896e-05 1.3304708738e+04 1.5707963268e+00 -1.1500000000e+00
8.8654368394e-05 1.3304708738e+04 1.5707963268e+00 -1.1533333333e+00
8.8910594892e-05 1.3304708738e+04 1.5707963268e+00 -1.1566666667e+00
8.9166821390e-05 1.3304708738e+04 1.5707963268e+00 -1.1600000000e+00
8.9423047889e-05 1.3304708738e+04 1.5707963268e+00 -1.1633333333e+00
8.9679274387e-05 1.3304708738e+04 1.5707963268e+00 -1.1666666667e+00
8.9935500885e-05 1.3304708738e+04 1.5707963268e+00 -1.1700000000e+00
9.0191727383e-05 1.3304708738e+04 1.5707963268e+00 -1.1733333333e+00
9.0447953882e-05 1.3304708738e+04 1.5707963268e+00 -1.1766666667e+00
9.0704180380e-05 1.3304708738e+04 1.5707963268e+00 -1.1800000000e+00
9.0960406878e-05 1.3304708738e+04 1.5707963268e+00 -1.1833333333e+00
9.1216633376e-05 1.3304708738e+04 1.5707963268e+00 -1.1866666667e+00
9.1472859875e-05 1.3304708738e+04 1.5707963268e+00 -1.1900000000e+00
9.1729086373e-05 1.3304708738e+04 1.5707963268e+00 -1.1933333333e+00
9.1985312871e-05 1.3304708738e+04 1.5707963268e+00 -1.1966666667e+00
9.2241539369e-05 1.3304708738e+04 1.5707963268e+00 -1.2000000000e+00
9.2497765868e-05 1.3304708738e+04 1.5707963268e+00 -1.2033333333e+00
9.2753992366e-05 1.3304708738e+04 1.5707963268e+00 -1.2066666667e+00
9.3010218864e-05 1.3304708738e+04 1.5707963268e+00 -1.2100000000e+00
9.3266445362e-05 1.3304708738e+04 1.5707963268e+00 -1.2133333333e+00
9.3522671861e-05 1.3304708738e+04 1.5707963268e+00 -1.2166666667e+00
9.3778898359e-05 1.3304708738e+04 1.5707963268e+00 -1.2200000000e+00
9.4035124857e-05 1.3304708738e+04 1.5707963268e+00 -1.2233333333e+00
9.4291351355e-05 1.3304708738e+04 1.5707963268e+00 -1.2266666667e+00
9.4547577854e-05 1.3304708738e+04 1.5707963268e+00 -1.2300000000e+00
9.4803804352e-05 1.3304708738e+04 1.5707963268e+00 -1.2333333333e+00
9.5060030850e-05 1.3304708738e+04 1.5707963268e+00 -1.2366666667e+00
9.5316257348e-05 1.3304708738e+04 1.5707963268e+00 -1.2400000000e+00
9.5572483847e-05 1.3304708738e+04 1.5707963268e+00 -1.2433333333e+00
9.5828710345e-05 1.3304708738e+04 1.5707963268e+00 -1.2466666667e+00
9.6084936843e-05 1.3304708738e+04 1.5707963268e+00 -1.2500000000e+00
9.6341163341e-05 1.3304708738e+04 1.5707963268e+00 -1.2533333333e+00
9.6597389840e-05 1.3304708738e+04 1.5707963268e+00 -1.2566666667e+00
9.6853616338e-05 1.3304708738e+04 1.5707963268e+00 -1.2600000000e+00
9.7109842836e-05 1.3304708738e+04 1.5707963268e+00 -1.2633333333e+00
9.7366069334e-05 1.3304708738e+04 1.5707963268e+00 -1.2666666667e+00
9.7622295833e-05 1.3304708738e+04 1.5707963268e+00 -1.2700000000e+00
9.7878522331e-05 1.3304708738e+04 1.5707963268e+00 -1.2733333333e+00
9.8134748829e-05 1.3304708738e+04 1.5707963268e+00 -1.2766666667e+00
9.8390975327e-05 1.3304708738e+04 1.5707963268e+00 -1.2800000000e+00
9.8647201826e-05 1.3304708738e+04 1.5707963268e+00 -1.2833333333e+00
9.8903428324e-05 1.3304708738e+04 1.5707963268e+00 -1.2866666667e+00
9.9159654822e-05 1.3304708738e+04 1.5707963268e+00 -1.2900000000e+00
9.9415881320e-05 1.3304708738e+04 1.5707963268e+00 -1.2933333333e+00
9.9672107819e-05 1.3304708738e+04 1.5707963268e+00 -1.2966666667e+00
9.9928334317e-05 1.3304708738e+04 1.5707963268e+00 -1.3000000000e+00
1.0018456082e-04 1.3304708738e+04 1.5707963268e+00 -1.3033333333e+00
1.0044078731e-04 1.3304708738e+04 1.5707963268e+00 -1.3066666667e+00
1.0069701381e-04 1.3304708738e+04 1.5707963268e+00 -1.3100000000e+00
1.0095324031e-04 1.3304708738e+04 1.5707963268e+00 -1.3133333333e+00
1.0120946681e-04 1.3304708738e+04 1.5707963268e+00 -1.3166666667e+00
1.0146569331e-04 1.3304708738e+04 1.5707963268e+00 -1.3200000000e+00
1.0172191980e-04 1.3304708738e+04 1.5707963268e+00 -1.3233333333e+00
1.0197814630e-04 1.3304708738e+04 1.5707963268e+00 -1.3266666667e+00
1.0223437280e-04 1.3304708738e+04 1.5707963268e+00 -1.3300000000e+00
1.0249059930e-04 1.3304708738e+04 1.5707963268e+00 -1.3333333333e+00
1.0274682580e-04 1.3304708738e+04 1.5707963268e+00 -1.3366666667e+00
1.0300305230e-04 1.3304708738e+04 1.5707963268e+00 -1.3400000000e+00
1.0325927879e-04 1.3304708738e+04 1.5707963268e+00 -1.3433333333e+00
1.0351550529e-04 1.3304708738e+04 1.5707963268e+00 -1.3466666667e+00
1.0377173179e-04 1.3304708738e+04 1.5707963268e+00 -1.3500000000e+00
1.0402795829e-04 1.3304708738e+04 1.5707963268e+00 -1.3533333333e+00
1.0428418479e-04 1.3304708738e+04 1.5707963268e+00 -1.3566666667e+00
1.0454041129e-04 1.3304708738e+04 1.5707963268e+00 -1.3600000000e+00
1.0479663778e-04 1.3304708738e+04 1.5707963268e+00 -1.3633333333e+00
1.0505286428e-04 1.3304708738e+04 1.5707963268e+00 -1.3666666667e+00
1.0530909078e-04 1.3304708738e+04 1.5707963268e+00 -1.3700000000e+00
1.0556531728e-04 1.3304708738e+04 1.5707963268e+00 -1.3733333333e+00
1.0582154378e-04 1.3304708738e+04 1.5707963268e+00 -1.3766666667e+00
1.0607777027e-04 1.3304708738e+04 1.5707963268e+00 -1.3800000000e+00
1.0633399677e-04 1.3304708738e+04 1.5707963268e+00 -1.3833333333e+00
1.0659022327e-04 1.3304708738e+04 1.5707963268e+00 -1.3866666667e+00
1.0684644977e-04 1.3304708738e+04 1.5707963268e+00 -1.3900000000e+00
1.0710267627e-04 1.3304708738e+04 1.5707963268e+00 -1.3933333333e+00
1.0735890277e-04 1.3304708738e+04 1.5707963268e+00 -1.3966666667e+00
1.0761512926e-04 1.3304708738e+04 1.5707963268e+00 -1.4000000000e+00
1.0787135576e-04 1.3304708738e+04 1.5707963268e+00 -1.4033333333e+00
1.0812758226e-04 1.3304708738e+04 1.5707963268e+00 -1.4066666667e+00
1.0838380876e-04 1.3304708738e+04 1.5707963268e+00 -1.4100000000e+00
1.0864003526e-04 1.3304708738e+04 1.5707963268e+00 -1.4133333333e+00
1.0889626176e-04 1.3304708738e+04 1.5707963268e+00 -1.4166666667e+00
1.0915248825e-04 1.3304708738e+04 1.5707963268e+00 -1.4200000000e+00
1.0940871475e-04 1.3304708738e+04 1.5707963268e+00 -1.4233333333e+00
1.0966494125e-04 1.3304708738e+04 1.5707963268e+00 -1.4266666667e+00
1.0992116775e-04 1.3304708738e+04 1.5707963268e+00 -1.4300000000e+00
1.1017739425e-04 1.3304708738e+04 1.5707963268e+00 -1.4333333333e+00
1.1043362075e-04 1.3304708738e+04 1.5707963268e+00 -1.4366666667e+00
1.1068984724e-04 1.3304708738e+04 1.5707963268e+00 -1.4400000000e+00
1.1094607374e-04 1.3304708738e+04 1.5707963268e+00 -1.4433333333e+00
1.1120230024e-04 1.3304708738e+04 1.5707963268e+00 -1.4466666667e+00
1.1145852674e-04 1.3304708738e+04 1.5707963268e+00 -1.4500000000e+00
1.1171475324e-04 1.3304708738e+04 1.5707963268e+00 -1.4533333333e+00
1.1197097973e-04 1.3304708738e+04 1.5707963268e+00 -1.4566666667e+00
1.1222720623e-04 1.3304708738e+04 1.5707963268e+00 -1.4600000000e+00
1.1248343273e-04 1.3304708738e+04 1.5707963268e+00 -1.4633333333e+00
1.1273965923e-04 1.3304708738e+04 1.5707963268e+00 -1.4666666667e+00
1.1299588573e-04 1.3304708738e+04 1.5707963268e+00 -1.4700000000e+00
1.1325211223e-04 1.3304708738e+04 1.5707963268e+00 -1.4733333333e+00
1.1350833872e-04 1.3304708738e+04 1.5707963268e+00 -1.4766666667e+00
1.1376456522e-04 1.3304708738e+04 1.5707963268e+00 -1.4800000000e+00
1.1402079172e-04 1.3304708738e+04 1.5707963268e+00 -1.4833333333e+00
1.1427701822e-04 1.3304708738e+04 1.5707963268e+00 -1.4866666667e+00
1.1453324472e-04 1.3304708738e+04 1.5707963268e+00 -1.4900000000e+00
1.1478947122e-04 1.3304708738e+04 1.5707963268e+00 -1.4933333333e+00
1.1504569771e-04 1.3304708738e+04 1.5707963268e+00 -1.4966666667e+00
1.1530192421e-04 1.3304708738e+04 1.5707963268e+00 -1.5000000000e+00
1.1555815071e-04 1.3304708738e+04 1.5707963268e+00 -1.5033333333e+00
1.1581437721e-04 1.3304708738e+04 1.5707963268e+00 -1.5066666667e+00
1.1607060371e-04 1.3304708738e+04 1.5707963268e+00 -1.5100000000e+00
1.1632683020e-04 1.3304708738e+04 1.5707963268e+00 -1.5133333333e+00
1.1658305670e-04 1.3304708738e+04 1.5707963268e+00 -1.5166666667e+00
1.1683928320e-04 1.3304708738e+04 1.5707963268e+00 -1.5200000000e+00
1.1709550970e-04 1.3304708738e+04 1.5707963268e+00 -1.5233333333e+00
1.1735173620e-04 1.3304708738e+04 1.5707963268e+00 -1.5266666667e+00
1.1760796270e-04 1.3304708738e+04 1.5707963268e+00 -1.5300000000e+00
1.1786418919e-04 1.3304708738e+04 1.5707963268e+00 -1.5333333333e+00
1.1812041569e-04 1.3304708738e+04 1.5707963268e+00 -1.5366666667e+00
1.1837664219e-04 1.3304708738e+04 1.5707963268e+00 -1.5400000000e+00
1.1863286869e-04 1.3304708738e+04 1.5707963268e+00 -1.5433333333e+00
1.1888909519e-04 1.3304708738e+04 1.5707963268e+00 -1.5466666667e+00
1.1914532169e-04 1.3304708738e+04 1.5707963268e+00 -1.5500000000e+00
1.1940154818e-04 1.3304708738e+04 1.5707963268e+00 -1.5533333333e+00
1.1965777468e-04 1.3304708738e+04 1.5707963268e+00 -1.5566666667e+00
1.1991400118e-04 1.3304708738e+04 1.5707963268e+00 -1.5600000000e+00
1.2017022768e-04 1.3304708738e+04 1.5707963268e+00 -1.5633333333e+00
1.2042645418e-04 1.3304708738e+04 1.5707963268e+00 -1.5666666667e+00
1.2068268067e-04 1.3304708738e+04 1.5707963268e+00 -1.5700000000e+00
1.2093890717e-04 1.3304708738e+04 1.5707963268e+00 -1.5733333333e+00
1.2119513367e-04 1.3304708738e+04 1.5707963268e+00 -1.5766666667e+00
1.2145136017e-04 1.3304708738e+04 1.5707963268e+00 -1.5800000000e+00
1.2170758667e-04 1.3304708738e+04 1.5707963268e+00 -1.5833333333e+00
1.2196381317e-04 1.3304708738e+04 1.5707963268e+00 -1.5866666667e+00
1.2222003966e-04 1.3304708738e+04 1.5707963268e+00 -1.5900000000e+00
1.2247626616e-04 1.3304708738e+04 1.5707963268e+00 -1.5933333333e+00
1.2273249266e-04 1.3304708738e+04 1.5707963268e+00 -1.5966666667e+00
1.2298871916e-04 1.3304708738e+04 1.5707963268e+00 -1.6000000000e+00
1.2324494566e-04 1.3304708738e+04 1.5707963268e+00 -1.6033333333e+00
1.2350117216e-04 1.3304708738e+04 1.5707963268e+00 -1.6066666667e+00
1.2375739865e-04 1.3304708738e+04 1.5707963268e+00 -1.6100000000e+00
1.2401362515e-04 1.3304708738e+04 1.5707963268e+00 -1.6133333333e+00
1.2426985165e-04 1.3304708738e+04 1.5707963268e+00 -1.6166666667e+00
1.2452607815e-04 1.3304708738e+04 1.5707963268e+00 -1.6200000000e+00
1.2478230465e-04 1.3304708738e+04 1.5707963268e+00 -1.6233333333e+00
1.2503853115e-04 1.3304708738e+04 1.5707963268e+00 -1.6266666667e+00
1.2529475764e-04 1.3304708738e+04 1.5707963268e+00 -1.6300000000e+00
1.2555098414e-04 1.3304708738e+04 1.5707963268e+00 -1.6333333333e+00
1.2580721064e-04 1.3304708738e+04 1.5707963268e+00 -1.6366666667e+00
1.2606343714e-04 1.3304708738e+04 1.5707963268e+00 -1.6400000000e+00
1.2631966364e-04 1.3304708738e+04 1.5707963268e+00 -1.6433333333e+00
1.2657589013e-04 1.3304708738e+04 1.5707963268e+00 -1.6466666667e+00
1.2683211663e-04 1.3304708738e+04 1.5707963268e+00 -1.6500000000e+00
1.2708834313e-04 1.3304708738e+04 1.5707963268e+00 -1.6533333333e+00
1.2734456963e-04 1.3304708738e+04 1.5707963268e+00 -1.6566666667e+00
1.2760079613e-04 1.3304708738e+04 1.5707963268e+00 -1.6600000000e+00
1.2785702263e-04 1.3304708738e+04 1.5707963268e+00 -1.6633333333e+00
1.2811324912e-04 1.3304708738e+04 1.5707963268e+00 -1.6666666667e+00
1.2836947562e-04 1.3304708738e+04 1.5707963268e+00 -1.6700000000e+00
1.2862570212e-04 1.3304708738e+04 1.5707963268e+00 -1.6733333333e+00
1.2888192862e-04 1.3304708738e+04 1.5707963268e+00 -1.6766666667e+00
1.2913815512e-04 1.3304708738e+04 1.5707963268e+00 -1.6800000000e+00
1.2939438162e-04 1.3304708738e+04 1.5707963268e+00 -1.6833333333e+00
1.2965060811e-04 1.3304708738e+04 1.5707963268e+00 -1.6866666667e+00
1.2990683461e-04 1.3304708738e+04 1.5707963268e+00 -1.6900000000e+00
1.3016306111e-04 1.3304708738e+04 1.5707963268e+00 -1.6933333333e+00
1.3041928761e-04 1.3304708738e+04 1.5707963268e+00 -1.6966666667e+00
1.3067551411e-04 1.3304708738e+04 1.5707963268e+00 -1.7000000000e+00
1.3093174060e-04 1.3304708738e+04 1.5707963268e+00 -1.7033333333e+00
1.3118796710e-04 1.3304708738e+04 1.5707963268e+00 -1.7066666667e+00
1.3144419360e-04 1.3304708738e+04 1.5707963268e+00 -1.7100000000e+00
1.3170042010e-04 1.3304708738e+04 1.5707963268e+00 -1.7133333333e+00
1.3195664660e-04 1.3304708738e+04 1.5707963268e+00 -1.7166666667e+00
1.3221287310e-04 1.3304708738e+04 1.5707963268e+00 -1.7200000000e+00
1.3246909959e-04 1.3304708738e+04 1.5707963268e+00 -1.7233333333e+00
1.3272532609e-04 1.3304708738e+04 1.5707963268e+00 -1.7266666667e+00
1.3298155259e-04 1.3304708738e+04 1.5707963268e+00 -1.7300000000e+00
1.3323777909e-04 1.3304708738e+04 1.5707963268e+00 -1.7333333333e+00
1.3349400559e-04 1.3304708738e+04 1.5707963268e+00 -1.7366666667e+00
1.3375023209e-04 1.3304708738e+04 1.5707963268e+00 -1.7400000000e+00
1.3400645858e-04 1.3304708738e+04 1.5707963268e+00 -1.7433333333e+00
1.3426268508e-04 1.3304708738e+04 1.5707963268e+00 -1.7466666667e+00
1.3451891158e-04 1.3304708738e+04 1.5707963268e+00 -1.7500000000e+00
1.3477513808e-04 1.3304708738e+04 1.5707963268e+00 -1.7533333333e+00
1.3503136458e-04 1.3304708738e+04 1.5707963268e+00 -1.7566666667e+00
1.3528759108e-04 1.3304708738e+04 1.5707963268e+00 -1.7600000000e+00
1.3554381757e-04 1.3304708738e+04 1.5707963268e+00 -1.7633333333e+00
1.3580004407e-04 1.3304708738e+04 1.5707963268e+00 -1.7666666667e+00
1.3605627057e-04 1.3304708738e+04 1.5707963268e+00 -1.7700000000e+00
1.3631249707e-04 1.3304708738e+04 1.5707963268e+00 -1.7733333333e+00
1.3656872357e-04 1.3304708738e+04 1.5707963268e+00 -1.7766666667e+00
1.3682495006e-04 1.3304708738e+04 1.5707963268e+00 -1.7800000000e+00
1.3708117656e-04 1.3304708738e+04 1.5707963268e+00 -1.7833333333e+00
1.3733740306e-04 1.3304708738e+04 1.5707963268e+00 -1.7866666667e+00
1.3759362956e-04 1.3304708738e+04 1.5707963268e+00 -1.7900000000e+00
1.3784985606e-04 1.3304708738e+04 1.5707963268e+00 -1.7933333333e+00
1.3810608256e-04 1.3304708738e+04 1.5707963268e+00 -1.7966666667e+00
1.3836230905e-04 1.3304708738e+04 1.5707963268e+00 -1.8000000000e+00
1.3861853555e-04 1.3304708738e+04 1.5707963268e+00 -1.8033333333e+00
1.3887476205e-04 1.3304708738e+04 1.5707963268e+00 -1.8066666667e+00
1.3913098855e-04 1.3304708738e+04 1.5707963268e+00 -1.8100000000e+00
1.3938721505e-04 1.3304708738e+04 1.5707963268e+00 -1.8133333333e+00
1.3964344155e-04 1.3304708738e+04 1.5707963268e+00 -1.8166666667e+00
1.3989966804e-04 1.3304708738e+04 1.5707963268e+00 -1.8200000000e+00
1.4015589454e-04 1.3304708738e+04 1.5707963268e+00 -1.8233333333e+00
1.4041212104e-04 1.3304708738e+04 1.5707963268e+00 -1.8266666667e+00
1.4066834754e-04 1.3304708738e+04 1.5707963268e+00 -1.8300000000e+00
1.4092457404e-04 1.3304708738e+04 1.5707963268e+00 -1.8333333333e+00
1.4118080053e-04 1.3304708738e+04 1.5707963268e+00 -1.8366666667e+00
1.4143702703e-04 1.3304708738e+04 1.5707963268e+00 -1.8400000000e+00
1.4169325353e-04 1.3304708738e+04 1.5707963268e+00 -1.8433333333e+00
1.4194948003e-04 1.3304708738e+04 1.5707963268e+00 -1.8466666667e+00
1.4220570653e-04 1.3304708738e+04 1.5707963268e+00 -1.8500000000e+00
1.4246193303e-04 1.3304708738e+04 1.5707963268e+00 -1.8533333333e+00
1.4271815952e-04 1.3304708738e+04 1.5707963268e+00 -1.8566666667e+00
1.4297438602e-04 1.3304708738e+04 1.5707963268e+00 -1.8600000000e+00
1.4323061252e-04 1.3304708738e+04 1.5707963268e+00 -1.8633333333e+00
1.4348683902e-04 1.3304708738e+04 1.5707963268e+00 -1.8666666667e+00
1.4374306552e-04 1.3304708738e+04 1.5707963268e+00 -1.8700000000e+00
1.4399929202e-04 1.3304708738e+04 1.5707963268e+00 -1.8733333333e+00
1.4425551851e-04 1.3304708738e+04 1.5707963268e+00 -1.8766666667e+00
1.4451174501e-04 1.3304708738e+04 1.5707963268e+00 -1.8800000000e+00
1.4476797151e-04 1.3304708738e+04 1.5707963268e+00 -1.8833333333e+00
1.4502419801e-04 1.3304708738e+04 1.5707963268e+00 -1.8866666667e+00
1.4528042451e-04 1.3304708738e+04 1.5707963268e+00 -1.8900000000e+00
1.4553665101e-04 1.3304708738e+04 1.5707963268e+00 -1.8933333333e+00
1.4579287750e-04 1.3304708738e+04 1.5707963268e+00 -1.8966666667e+00
1.4604910400e-04 1.3304708738e+04 1.5707963268e+00 -1.9000000000e+00
1.4630533050e-04 1.3304708738e+04 1.5707963268e+00 -1.9033333333e+00
1.4656155700e-04 1.3304708738e+04 1.5707963268e+00 -1.9066666667e+00
1.4681778350e-04 1.3304708738e+04 1.5707963268e+00 -1.9100000000e+00
1.4707400999e-04 1.3304708738e+04 1.5707963268e+00 -1.9133333333e+00
1.4733023649e-04 1.3304708738e+04 1.5707963268e+00 -1.9166666667e+00
1.4758646299e-04 1.3304708738e+04 1.5707963268e+00 -1.9200000000e+00
1.4784268949e-04 1.3304708738e+04 1.5707963268e+00 -1.9233333333e+00
1.4809891599e-04 1.3304708738e+04 1.5707963268e+00 -1.9266666667e+00
1.4835514249e-04 1.3304708738e+04 1.5707963268e+00 -1.9300000000e+00
1.4861136898e-04 1.3304708738e+04 1.5707963268e+00 -1.9333333333e+00
1.4886759548e-04 1.3304708738e+04 1.5707963268e+00 -1.9366666667e+00
1.4912382198e-04 1.3304708738e+04 1.5707963268e+00 -1.9400000000e+00
1.4938004848e-04 1.3304708738e+04 1.5707963268e+00 -1.9433333333e+00
1.4963627498e-04 1.3304708738e+04 1.5707963268e+00 -1.9466666667e+00
1.4989250148e-04 1.3304708738e+04 1.5707963268e+00 -1.9500000000e+00
1.5014872797e-04 1.3304708738e+04 1.5707963268e+00 -1.9533333333e+00
1.5040495447e-04 1.3304708738e+04 1.5707963268e+00 -1.9566666667e+00
1.5066118097e-04 1.3304708738e+04 1.5707963268e+00 -1.9600000000e+00
1.5091740747e-04 1.3304708738e+04 1.5707963268e+00 -1.9633333333e+00
1.5117363397e-04 1.3304708738e+04 1.5707963268e+00 -1.9666666667e+00
1.5142986046e-04 1.3304708738e+04 1.5707963268e+00 -1.9700000000e+00
1.5168608696e-04 1.3304708738e+04 1.5707963268e+00 -1.9733333333e+00
1.5194231346e-04 1.3304708738e+04 1.5707963268e+00 -1.9766666667e+00
1.5219853996e-04 1.3304708738e+04 1.5707963268e+00 -1.9800000000e+00
1.5245476646e-04 1.3304708738e+04 1.5707963268e+00 -1.9833333333e+00
1.5271099296e-04 1.3304708738e+04 1.5707963268e+00 -1.9866666667e+00
1.5296721945e-04 1.3304708738e+04 1.5707963268e+00 -1.9900000000e+00
1.5322344595e-04 1.3304708738e+04 1.5707963268e+00 -1.9933333333e+00
1.5347967245e-04 1.3304708738e+04 1.5707963268e+00 -1.9966666667e+00
1.5373589895e-04 1.3304708738e+04 1.5707963268e+00 -2.0000000000e+00
1.5399212545e-04 1.3304708738e+04 1.5707963268e+00 -2.0033333333e+00
1.5424835195e-04 1.3304708738e+04 1.5707963268e+00 -2.0066666667e+00
1.5450457844e-04 1.3304708738e+04 1.5707963268e+00 -2.0100000000e+00
1.5476080494e-04 1.3304708738e+04 1.5707963268e+00 -2.0133333333e+00
1.5501703144e-04 1.3304708738e+04 1.5707963268e+00 -2.0166666667e+00
1.5527325794e-04 1.3304708738e+04 1.5707963268e+00 -2.0200000000e+00
1.5552948444e-04 1.3304708738e+04 1.5707963268e+00 -2.0233333333e+00
1.5578571094e-04 1.3304708738e+04 1.5707963268e+00 -2.0266666667e+00
1.5604193743e-04 1.3304708738e+04 1.5707963268e+00 -2.0300000000e+00
1.5629816393e-04 1.3304708738e+04 1.5707963268e+00 -2.0333333333e+00
1.5655439043e-04 1.3304708738e+04 1.5707963268e+00 -2.0366666667e+00
1.5681061693e-04 1.3304708738e+04 1.5707963268e+00 -2.0400000000e+00
1.5706684343e-04 1.3304708738e+04 1.5707963268e+00 -2.0433333333e+00
1.5732306992e-04 1.3304708738e+04 1.5707963268e+00 -2.0466666667e+00
1.5757929642e-04 1.3304708738e+04 1.5707963268e+00 -2.0500000000e+00
1.5783552292e-04 1.3304708738e+04 1.5707963268e+00 -2.0533333333e+00
1.5809174942e-04 1.3304708738e+04 1.5707963268e+00 -2.0566666667e+00
1.5834797592e-04 1.3304708738e+04 1.5707963268e+00 -2.0600000000e+00
1.5860420242e-04 1.3304708738e+04 1.5707963268e+00 -2.0633333333e+00
1.5886042891e-04 1.3304708738e+04 1.5707963268e+00 -2.0666666667e+00
1.5911665541e-04 1.3304708738e+04 1.5707963268e+00 -2.0700000000e+00
1.5937288191e-04 1.3304708738e+04 1.5707963268e+00 -2.0733333333e+00
1.5962910841e-04 1.3304708738e+04 1.5707963268e+00 -2.0766666667e+00
1.5988533491e-04 1.3304708738e+04 1.5707963268e+00 -2.0800000000e+00
1.6014156141e-04 1.3304708738e+04 1.5707963268e+00 -2.0833333333e+00
1.6039778790e-04 1.3304708738e+04 1.5707963268e+00 -2.0866666667e+00
1.6065401440e-04 1.3304708738e+04 1.5707963268e+00 -2.0900000000e+00
1.6091024090e-04 1.3304708738e+04 1.5707963268e+00 -2.0933333333e+00
1.6116646740e-04 1.3304708738e+04 1.5707963268e+00 -2.0966666667e+00
1.6142269390e-04 1.3304708738e+04 1.5707963268e+00 -2.1000000000e+00
1.6167892039e-04 1.3304708738e+04 1.5707963268e+00 -2.1033333333e+00
1.6193514689e-04 1.3304708738e+04 1.5707963268e+00 -2.1066666667e+00
1.6219137339e-04 1.3304708738e+04 1.5707963268e+00 -2.1100000000e+00
1.6244759989e-04 1.3304708738e+04 1.5707963268e+00 -2.1133333333e+00
1.6270382639e-04 1.3304708738e+04 1.5707963268e+00 -2.1166666667e+00
1.6296005289e-04 1.3304708738e+04 1.5707963268e+00 -2.1200000000e+00
1.6321627938e-04 1.3304708738e+04 1.5707963268e+00 -2.1233333333e+00
1.6347250588e-04 1.3304708738e+04 1.5707963268e+00 -2.1266666667e+00
1.6372873238e-04 1.3304708738e+04 1.5707963268e+00 -2.1300000000e+00
1.6398495888e-04 1.3304708738e+04 1.5707963268e+00 -2.1333333333e+00
1.6424118538e-04 1.3304708738e+04 1.5707963268e+00 -2.1366666667e+00
1.6449741188e-04 1.3304708738e+04 1.5707963268e+00 -2.1400000000e+00
1.6475363837e-04 1.3304708738e+04 1.5707963268e+00 -2.1433333333e+00
1.6500986487e-04 1.3304708738e+04 1.5707963268e+00 -2.1466666667e+00
1.6526609137e-04 1.3304708738e+04 1.5707963268e+00 -2.1500000000e+00
1.6552231787e-04 1.3304708738e+04 1.5707963268e+00 -2.1533333333e+00
1.6577854437e-04 1.3304708738e+04 1.5707963268e+00 -2.1566666667e+00
1.6603477086e-04 1.3304708738e+04 1.5707963268e+00 -2.1600000000e+00
1.6629099736e-04 1.3304708738e+04 1.5707963268e+00 -2.1633333333e+00
1.6654722386e-04 1.3304708738e+04 1.5707963268e+00 -2.1666666667e+00
1.6680345036e-04 1.3304708738e+04 1.5707963268e+00 -2.1700000000e+00
1.6705967686e-04 1.3304708738e+04 1.5707963268e+00 -2.1733333333e+00
1.6731590336e-04 1.3304708738e+04 1.5707963268e+00 -2.1766666667e+00
1.6757212985e-04 1.3304708738e+04 1.5707963268e+00 -2.1800000000e+00
1.6782835635e-04 1.3304708738e+04 1.5707963268e+00 -2.1833333333e+00
1.6808458285e-04 1.3304708738e+04 1.5707963268e+00 -2.1866666667e+00
1.6834080935e-04 1.3304708738e+04 1.5707963268e+00 -2.1900000000e+00
1.6859703585e-04 1.3304708738e+04 1.5707963268e+00 -2.1933333333e+00
1.6885326235e-04 1.3304708738e+04 1.5707963268e+00 -2.1966666667e+00
1.6910948884e-04 1.3304708738e+04 1.5707963268e+00 -2.2000000000e+00
1.6936571534e-04 1.3304708738e+04 1.5707963268e+00 -2.2033333333e+00
1.6962194184e-04 1.3304708738e+04 1.5707963268e+00 -2.2066666667e+00
1.6987816834e-04 1.3304708738e+04 1.5707963268e+00 -2.2100000000e+00
1.7013439484e-04 1.3304708738e+04 1.5707963268e+00 -2.2133333333e+00
1.7039062134e-04 1.3304708738e+04 1.5707963268e+00 -2.2166666667e+00
1.7064684783e-04 1.3304708738e+04 1.5707963268e+00 -2.2200000000e+00
1.7090307433e-04 1.3304708738e+04 1.5707963268e+00 -2.2233333333e+00
1.7115930083e-04 1.3304708738e+04 1.5707963268e+00 -2.2266666667e+00
1.7141552733e-04 1.3304708738e+04 1.5707963268e+00 -2.2300000000e+00
1.7167175383e-04 1.3304708738e+04 1.5707963268e+00 -2.2333333333e+00
1.7192798032e-04 1.3304708738e+04 1.5707963268e+00 -2.2366666667e+00
1.7218420682e-04 1.3304708738e+04 1.5707963268e+00 -2.2400000000e+00
1.7244043332e-04 1.3304708738e+04 1.5707963268e+00 -2.2433333333e+00
1.7269665982e-04 1.3304708738e+04 1.5707963268e+00 -2.2466666667e+00
1.7295288632e-04 1.3304708738e+04 1.5707963268e+00 -2.2500000000e+00
1.7320911282e-04 1.3304708738e+04 1.5707963268e+00 -2.2533333333e+00
1.7346533931e-04 1.3304708738e+04 1.5707963268e+00 -2.2566666667e+00
1.7372156581e-04 1.3304708738e+04 1.5707963268e+00 -2.2600000000e+00
1.7397779231e-04 1.3304708738e+04 1.5707963268e+00 -2.2633333333e+00
1.7423401881e-04 1.3304708738e+04 1.5707963268e+00 -2.2666666667e+00
1.7449024531e-04 1.3304708738e+04 1.5707963268e+00 -2.2700000000e+00
1.7474647181e-04 1.3304708738e+04 1.5707963268e+00 -2.2733333333e+00
1.7500269830e-04 1.3304708738e+04 1.5707963268e+00 -2.2766666667e+00
1.7525892480e-04 1.3304708738e+04 1.5707963268e+00 -2.2800000000e+00
1.7551515130e-04 1.3304708738e+04 1.5707963268e+00 -2.2833333333e+00
1.7577137780e-04 1.3304708738e+04 1.5707963268e+00 -2.2866666667e+00
1.7602760430e-04 1.3304708738e+04 1.5707963268e+00 -2.2900000000e+00
1.7628383079e-04 1.3304708738e+04 1.5707963268e+00 -2.2933333333e+00
1.7654005729e-04 1.3304708738e+04 1.5707963268e+00 -2.2966666667e+00
1.7679628379e-04 1.3304708738e+04 1.5707963268e+00 -2.3000000000e+00
1.7705251029e-04 1.3304708738e+04 1.5707963268e+00 -2.3033333333e+00
1.7730873679e-04 1.3304708738e+04 1.5707963268e+00 -2.3066666667e+00
1.7756496329e-04 1.3304708738e+04 1.5707963268e+00 -2.3100000000e+00
1.7782118978e-04 1.3304708738e+04 1.5707963268e+00 -2.3133333333e+00
1.7807741628e-04 1.3304708738e+04 1.5707963268e+00 -2.3166666667e+00
1.7833364278e-04 1.3304708738e+04 1.5707963268e+00 -2.3200000000e+00
1.7858986928e-04 1.3304708738e+04 1.5707963268e+00 -2.3233333333e+00
1.7884609578e-04 1.3304708738e+04 1.5707963268e+00 -2.3266666667e+00
1.7910232228e-04 1.3304708738e+04 1.5707963268e+00 -2.3300000000e+00
1.7935854877e-04 1.3304708738e+04 1.5707963268e+00 -2.3333333333e+00
1.7961477527e-04 1.3304708738e+04 1.5707963268e+00 -2.3366666667e+00
1.7987100177e-04 1.3304708738e+04 1.5707963268e+00 -2.3400000000e+00
1.8012722827e-04 1.3304708738e+04 1.5707963268e+00 -2.3433333333e+00
1.8038345477e-04 1.3304708738e+04 1.5707963268e+00 -2.3466666667e+00
1.8063968127e-04 1.3304708738e+04 1.5707963268e+00 -2.3500000000e+00
1.8089590776e-04 1.3304708738e+04 1.5707963268e+00 -2.3533333333e+00
1.8115213426e-04 1.3304708738e+04 1.5707963268e+00 -2.3566666667e+00
1.8140836076e-04 1.3304708738e+04 1.5707963268e+00 -2.3600000000e+00
1.8166458726e-04 1.3304708738e+04 1.5707963268e+00 -2.3633333333e+00
1.8192081376e-04 1.3304708738e+04 1.5707963268e+00 -2.3666666667e+00
1.8217704025e-04 1.3304708738e+04 1.5707963268e+00 -2.3700000000e+00
1.8243326675e-04 1.3304708738e+04 1.5707963268e+00 -2.3733333333e+00
1.8268949325e-04 1.3304708738e+04 1.5707963268e+00 -2.3766666667e+00
1.8294571975e-04 1.3304708738e+04 1.5707963268e+00 -2.3800000000e+00
1.8320194625e-04 1.3304708738e+04 1.5707963268e+00 -2.3833333333e+00
1.8345817275e-04 1.3304708738e+04 1.5707963268e+00 -2.3866666667e+00
1.8371439924e-04 1.3304708738e+04 1.5707963268e+00 -2.3900000000e+00
1.8397062574e-04 1.3304708738e+04 1.5707963268e+00 -2.3933333333e+00
1.8422685224e-04 1.3304708738e+04 1.5707963268e+00 -2.3966666667e+00
1.8448307874e-04 1.3304708738e+04 1.5707963268e+00 -2.4000000000e+00
1.8473930524e-04 1.3304708738e+04 1.5707963268e+00 -2.4033333333e+00
1.8499553174e-04 1.3304708738e+04 1.5707963268e+00 -2.4066666667e+00
1.8525175823e-04 1.3304708738e+04 1.5707963268e+00 -2.4100000000e+00
1.8550798473e-04 1.3304708738e+04 1.5707963268e+00 -2.4133333333e+00
1.8576421123e-04 1.3304708738e+04 1.5707963268e+00 -2.4166666667e+00
1.8602043773e-04 1.3304708738e+04 1.5707963268e+00 -2.4200000000e+00
1.8627666423e-04 1.3304708738e+04 1.5707963268e+00 -2.4233333333e+00
1.8653289072e-04 1.3304708738e+04 1.5707963268e+00 -2.4266666667e+00
1.8678911722e-04 1.3304708738e+04 1.5707963268e+00 -2.4300000000e+00
1.8704534372e-04 1.3304708738e+04 1.5707963268e+00 -2.4333333333e+00
1.8730157022e-04 1.3304708738e+04 1.5707963268e+00 -2.4366666667e+00
1.8755779672e-04 1.3304708738e+04 1.5707963268e+00 -2.4400000000e+00
1.8781402322e-04 1.3304708738e+04 1.5707963268e+00 -2.4433333333e+00
1.8807024971e-04 1.3304708738e+04 1.5707963268e+00 -2.4466666667e+00
1.8832647621e-04 1.3304708738e+04 1.5707963268e+00 -2.4500000000e+00
1.8858270271e-04 1.3304708738e+04 1.5707963268e+00 -2.4533333333e+00
1.8883892921e-04 1.3304708738e+04 1.5707963268e+00 -2.4566666667e+00
1.8909515571e-04 1.3304708738e+04 1.5707963268e+00 -2.4600000000e+00
1.8935138221e-04 1.3304708738e+04 1.5707963268e+00 -2.4633333333e+00
1.8960760870e-04 1.3304708738e+04 1.5707963268e+00 -2.4666666667e+00
1.8986383520e-04 1.3304708738e+04 1.5707963268e+00 -2.4700000000e+00
1.9012006170e-04 1.3304708738e+04 1.5707963268e+00 -2.4733333333e+00
1.9037628820e-04 1.3304708738e+04 1.5707963268e+00 -2.4766666667e+00
1.9063251470e-04 1.3304708738e+04 1.5707963268e+00 -2.4800000000e+00
1.9088874120e-04 1.3304708738e+04 1.5707963268e+00 -2.4833333333e+00
1.9114496769e-04 1.3304708738e+04 1.5707963268e+00 -2.4866666667e+00
1.9140119419e-04 1.3304708738e+04 1.5707963268e+00 -2.4900000000e+00
1.9165742069e-04 1.3304708738e+04 1.5707963268e+00 -2.4933333333e+00
1.9191364719e-04 1.3304708738e+04 1.5707963268e+00 -2.4966666667e+00
1.9216987369e-04 1.3304708738e+04 1.5707963268e+00 -2.5000000000e+00
1.9242610018e-04 1.3304708738e+04 1.5707963268e+00 -2.5033333333e+00
1.9268232668e-04 1.3304708738e+04 1.5707963268e+00 -2.5066666667e+00
1.9293855318e-04 1.3304708738e+04 1.5707963268e+00 -2.5100000000e+00
1.9319477968e-04 1.3304708738e+04 1.5707963268e+00 -2.5133333333e+00
1.9345100618e-04 1.3304708738e+04 1.5707963268e+00 -2.5166666667e+00
1.9370723268e-04 1.3304708738e+04 1.5707963268e+00 -2.5200000000e+00
1.9396345917e-04 1.3304708738e+04 1.5707963268e+00 -2.5233333333e+00
1.9421968567e-04 1.3304708738e+04 1.5707963268e+00 -2.5266666667e+00
1.9447591217e-04 1.3304708738e+04 1.5707963268e+00 -2.5300000000e+00
1.9473213867e-04 1.3304708738e+04 1.5707963268e+00 -2.5333333333e+00
1.9498836517e-04 1.3304708738e+04 1.5707963268e+00 -2.5366666667e+00
1.9524459167e-04 1.3304708738e+04 1.5707963268e+00 -2.5400000000e+00
1.9550081816e-04 1.3304708738e+04 1.5707963268e+00 -2.5433333333e+00
1.9575704466e-04 1.3304708738e+04 1.5707963268e+00 -2.5466666667e+00
1.9601327116e-04 1.3304708738e+04 1.5707963268e+00 -2.5500000000e+00
1.9626949766e-04 1.3304708738e+04 1.5707963268e+00 -2.5533333333e+00
1.9652572416e-04 1.3304708738e+04 1.5707963268e+00 -2.5566666667e+00
1.9678195065e-04 1.3304708738e+04 1.5707963268e+00 -2.5600000000e+00
1.9703817715e-04 1.3304708738e+04 1.5707963268e+00 -2.5633333333e+00
1.9729440365e-04 1.3304708738e+04 1.5707963268e+00 -2.5666666667e+00
1.9755063015e-04 1.3304708738e+04 1.5707963268e+00 -2.5700000000e+00
1.9780685665e-04 1.3304708738e+04 1.5707963268e+00 -2.5733333333e+00
1.9806308315e-04 1.3304708738e+04 1.5707963268e+00 -2.5766666667e+00
1.9831930964e-04 1.3304708738e+04 1.5707963268e+00 -2.5800000000e+00
1.9857553614e-04 1.3304708738e+04 1.5707963268e+00 -2.5833333333e+00
1.9883176264e-04 1.3304708738e+04 1.5707963268e+00 -2.5866666667e+00
1.9908798914e-04 1.3304708738e+04 1.5707963268e+00 -2.5900000000e+00
1.9934421564e-04 1.3304708738e+04 1.5707963268e+00 -2.5933333333e+00
1.9960044214e-04 1.3304708738e+04 1.5707963268e+00 -2.5966666667e+00
1.9985666863e-04 1.3304708738e+04 1.5707963268e+00 -2.6000000000e+00
2.0011289513e-04 1.3304708738e+04 1.5707963268e+00 -2.6033333333e+00
2.0036912163e-04 1.3304708738e+04 1.5707963268e+00 -2.6066666667e+00
2.0062534813e-04 1.3304708738e+04 1.5707963268e+00 -2.6100000000e+00
2.0088157463e-04 1.3304708738e+04 1.5707963268e+00 -2.6133333333e+00
2.0113780112e-04 1.3304708738e+04 1.5707963268e+00 -2.6166666667e+00
2.0139402762e-04 1.3304708738e+04 1.5707963268e+00 -2.6200000000e+00
2.0165025412e-04 1.3304708738e+04 1.5707963268e+00 -2.6233333333e+00
2.0190648062e-04 1.3304708738e+04 1.5707963268e+00 -2.6266666667e+00
2.0216270712e-04 1.3304708738e+04 1.5707963268e+00 -2.6300000000e+00
2.0241893362e-04 1.3304708738e+04 1.5707963268e+00 -2.6333333333e+00
2.0267516011e-04 1.3304708738e+04 1.5707963268e+00 -2.6366666667e+00
2.0293138661e-04 1.3304708738e+04 1.5707963268e+00 -2.6400000000e+00
2.0318761311e-04 1.3304708738e+04 1.5707963268e+00 -2.6433333333e+00
2.0344383961e-04 1.3304708738e+04 1.5707963268e+00 -2.6466666667e+00
2.0370006611e-04 1.3304708738e+04 1.5707963268e+00 -2.6500000000e+00
2.0395629261e-04 1.3304708738e+04 1.5707963268e+00 -2.6533333333e+00
2.0421251910e-04 1.3304708738e+04 1.5707963268e+00 -2.6566666667e+00
2.0446874560e-04 1.3304708738e+04 1.5707963268e+00 -2.6600000000e+00
2.0472497210e-04 1.3304708738e+04 1.5707963268e+00 -2.6633333333e+00
2.0498119860e-04 1.3304708738e+04 1.5707963268e+00 -2.6666666667e+00
2.0523742510e-04 1.3304708738e+04 1.5707963268e+00 -2.6700000000e+00
2.0549365160e-04 1.3304708738e+04 1.5707963268e+00 -2.6733333333e+00
2.0574987809e-04 1.3304708738e+04 1.5707963268e+00 -2.6766666667e+00
2.0600610459e-04 1.3304708738e+04 1.5707963268e+00 -2.6800000000e+00
2.0626233109e-04 1.3304708738e+04 1.5707963268e+00 -2.6833333333e+00
2.0651855759e-04 1.3304708738e+04 1.5707963268e+00 -2.6866666667e+00
2.0677478409e-04 1.3304708738e+04 1.5707963268e+00 -2.6900000000e+00
2.0703101058e-04 1.3304708738e+04 1.5707963268e+00 -2.6933333333e+00
2.0728723708e-04 1.3304708738e+04 1.5707963268e+00 -2.6966666667e+00
2.0754346358e-04 1.3304708738e+04 1.5707963268e+00 -2.7000000000e+00
2.0779969008e-04 1.3304708738e+04 1.5707963268e+00 -2.7033333333e+00
2.0805591658e-04 1.3304708738e+04 1.5707963268e+00 -2.7066666667e+00
2.0831214308e-04 1.3304708738e+04 1.5707963268e+00 -2.7100000000e+00
2.0856836957e-04 1.3304708738e+04 1.5707963268e+00 -2.7133333333e+00
2.0882459607e-04 1.3304708738e+04 1.5707963268e+00 -2.7166666667e+00
2.0908082257e-04 1.3304708738e+04 1.5707963268e+00 -2.7200000000e+00
2.0933704907e-04 1.3304708738e+04 1.5707963268e+00 -2.7233333333e+00
2.0959327557e-04 1.3304708738e+04 1.5707963268e+00 -2.7266666667e+00
2.0984950207e-04 1.3304708738e+04 1.5707963268e+00 -2.7300000000e+00
2.1010572856e-04 1.3304708738e+04 1.5707963268e+00 -2.7333333333e+00
2.1036195506e-04 1.3304708738e+04 1.5707963268e+00 -2.7366666667e+00
2.1061818156e-04 1.3304708738e+04 1.5707963268e+00 -2.7400000000e+00
2.1087440806e-04 1.3304708738e+04 1.5707963268e+00 -2.7433333333e+00
2.1113063456e-04 1.3304708738e+04 1.5707963268e+00 -2.7466666667e+00
2.1138686105e-04 1.3304708738e+04 1.5707963268e+00 -2.7500000000e+00
2.1164308755e-04 1.3304708738e+04 1.5707963268e+00 -2.7533333333e+00
2.1189931405e-04 1.3304708738e+04 1.5707963268e+00 -2.7566666667e+00
2.1215554055e-04 1.3304708738e+04 1.5707963268e+00 -2.7600000000e+00
2.1241176705e-04 1.3304708738e+04 1.5707963268e+00 -2.7633333333e+00
2.1266799355e-04 1.3304708738e+04 1.5707963268e+00 -2.7666666667e+00
2.1292422004e-04 1.3304708738e+04 1.5707963268e+00 -2.7700000000e+00
2.1318044654e-04 1.3304708738e+04 1.5707963268e+00 -2.7733333333e+00
2.1343667304e-04 1.3304708738e+04 1.5707963268e+00 -2.7766666667e+00
2.1369289954e-04 1.3304708738e+04 1.5707963268e+00 -2.7800000000e+00
2.1394912604e-04 1.3304708738e+04 1.5707963268e+00 -2.7833333333e+00
2.1420535254e-04 1.3304708738e+04 1.5707963268e+00 -2.7866666667e+00
2.1446157903e-04 1.3304708738e+04 1.5707963268e+00 -2.7900000000e+00
2.1471780553e-04 1.3304708738e+04 1.5707963268e+00 -2.7933333333e+00
2.1497403203e-04 1.3304708738e+04 1.5707963268e+00 -2.7966666667e+00
2.1523025853e-04 1.3304708738e+04 1.5707963268e+00 -2.8000000000e+00
2.1548648503e-04 1.3304708738e+04 1.5707963268e+00 -2.8033333333e+00
2.1574271153e-04 1.3304708738e+04 1.5707963268e+00 -2.8066666667e+00
2.1599893802e-04 1.3304708738e+04 1.5707963268e+00 -2.8100000000e+00
2.1625516452e-04 1.3304708738e+04 1.5707963268e+00 -2.8133333333e+00
2.1651139102e-04 1.3304708738e+04 1.5707963268e+00 -2.8166666667e+00
2.1676761752e-04 1.3304708738e+04 1.5707963268e+00 -2.8200000000e+00
2.1702384402e-04 1.3304708738e+04 1.5707963268e+00 -2.8233333333e+00
2.1728007051e-04 1.3304708738e+04 1.5707963268e+00 -2.8266666667e+00
2.1753629701e-04 1.3304708738e+04 1.5707963268e+00 -2.8300000000e+00
2.1779252351e-04 1.3304708738e+04 1.5707963268e+00 -2.8333333333e+00
2.1804875001e-04 1.3304708738e+04 1.5707963268e+00 -2.8366666667e+00
2.1830497651e-04 1.3304708738e+04 1.5707963268e+00 -2.8400000000e+00
2.1856120301e-04 1.3304708738e+04 1.5707963268e+00 -2.8433333333e+00
2.1881742950e-04 1.3304708738e+04 1.5707963268e+00 -2.8466666667e+00
2.1907365600e-04 1.3304708738e+04 1.5707963268e+00 -2.8500000000e+00
2.1932988250e-04 1.3304708738e+04 1.5707963268e+00 -2.8533333333e+00
2.1958610900e-04 1.3304708738e+04 1.5707963268e+00 -2.8566666667e+00
2.1984233550e-04 1.3304708738e+04 1.5707963268e+00 -2.8600000000e+00
2.2009856200e-04 1.3304708738e+04 1.5707963268e+00 -2.8633333333e+00
2.2035478849e-04 1.3304708738e+04 1.5707963268e+00 -2.8666666667e+00
2.2061101499e-04 1.3304708738e+04 1.5707963268e+00 -2.8700000000e+00
2.2086724149e-04 1.3304708738e+04 1.5707963268e+00 -2.8733333333e+00
2.2112346799e-04 1.3304708738e+04 1.5707963268e+00 -2.8766666667e+00
2.2137969449e-04 1.3304708738e+04 1.5707963268e+00 -2.8800000000e+00
2.2163592098e-04 1.3304708738e+04 1.5707963268e+00 -2.8833333333e+00
2.2189214748e-04 1.3304708738e+04 1.5707963268e+00 -2.8866666667e+00
2.2214837398e-04 1.3304708738e+04 1.5707963268e+00 -2.8900000000e+00
2.2240460048e-04 1.3304708738e+04 1.5707963268e+00 -2.8933333333e+00
2.2266082698e-04 1.3304708738e+04 1.5707963268e+00 -2.8966666667e+00
2.2291705348e-04 1.3304708738e+04 1.5707963268e+00 -2.9000000000e+00
2.2317327997e-04 1.3304708738e+04 1.5707963268e+00 -2.9033333333e+00
2.2342950647e-04 1.3304708738e+04 1.5707963268e+00 -2.9066666667e+00
2.2368573297e-04 1.3304708738e+04 1.5707963268e+00 -2.9100000000e+00
2.2394195947e-04 1.3304708738e+04 1.5707963268e+00 -2.9133333333e+00
2.2419818597e-04 1.3304708738e+04 1.5707963268e+00 -2.9166666667e+00
2.2445441247e-04 1.3304708738e+04 1.5707963268e+00 -2.9200000000e+00
2.2471063896e-04 1.3304708738e+04 1.5707963268e+00 -2.9233333333e+00
2.2496686546e-04 1.3304708738e+04 1.5707963268e+00 -2.9266666667e+00
2.2522309196e-04 1.3304708738e+04 1.5707963268e+00 -2.9300000000e+00
2.2547931846e-04 1.3304708738e+04 1.5707963268e+00 -2.9333333333e+00
2.2573554496e-04 1.3304708738e+04 1.5707963268e+00 -2.9366666667e+00
2.2599177146e-04 1.3304708738e+04 1.5707963268e+00 -2.9400000000e+00
2.2624799795e-04 1.3304708738e+04 1.5707963268e+00 -2.9433333333e+00
2.2650422445e-04 1.3304708738e+04 1.5707963268e+00 -2.9466666667e+00
2.2676045095e-04 1.3304708738e+04 1.5707963268e+00 -2.9500000000e+00
2.2701667745e-04 1.3304708738e+04 1.5707963268e+00 -2.9533333333e+00
2.2727290395e-04 1.3304708738e+04 1.5707963268e+00 -2.9566666667e+00
2.2752913044e-04 1.3304708738e+04 1.5707963268e+00 -2.9600000000e+00
2.2778535694e-04 1.3304708738e+04 1.5707963268e+00 -2.9633333333e+00
2.2804158344e-04 1.3304708738e+04 1.5707963268e+00 -2.9666666667e+00
2.2829780994e-04 1.3304708738e+04 1.5707963268e+00 -2.9700000000e+00
2.2855403644e-04 1.3304708738e+04 1.5707963268e+00 -2.9733333333e+00
2.2881026294e-04 1.3304708738e+04 1.5707963268e+00 -2.9766666667e+00
2.2906648943e-04 1.3304708738e+04 1.5707963268e+00 -2.9800000000e+00
2.2932271593e-04 1.3304708738e+04 1.5707963268e+00 -2.9833333333e+00
2.2957894243e-04 1.3304708738e+04 1.5707963268e+00 -2.9866666667e+00
2.2983516893e-04 1.3304708738e+04 1.5707963268e+00 -2.9900000000e+00
2.3009139543e-04 1.3304708738e+04 1.5707963268e+00 -2.9933333333e+00
2.3034762193e-04 1.3304708738e+04 1.5707963268e+00 -2.9966666667e+00
2.3060384842e-04 1.3304708738e+04 1.5707963268e+00 -3.0000000000e+00
2.3086007492e-04 1.3304708738e+04 1.5707963268e+00 -3.0033333333e+00
2.3111630142e-04 1.3304708738e+04 1.5707963268e+00 -3.0066666667e+00
2.3137252792e-04 1.3304708738e+04 1.5707963268e+00 -3.0100000000e+00
2.3162875442e-04 1.3304708738e+04 1.5707963268e+00 -3.0133333333e+00
2.3188498091e-04 1.3304708738e+04 1.5707963268e+00 -3.0166666667e+00
2.3214120741e-04 1.3304708738e+04 1.5707963268e+00 -3.0200000000e+00
2.3239743391e-04 1.3304708738e+04 1.5707963268e+00 -3.0233333333e+00
2.3265366041e-04 1.3304708738e+04 1.5707963268e+00 -3.0266666667e+00
2.3290988691e-04 1.3304708738e+04 1.5707963268e+00 -3.0300000000e+00
2.3316611341e-04 1.3304708738e+04 1.5707963268e+00 -3.0333333333e+00
2.3342233990e-04 1.3304708738e+04 1.5707963268e+00 -3.0366666667e+00
2.3367856640e-04 1.3304708738e+04 1.5707963268e+00 -3.0400000000e+00
2.3393479290e-04 1.3304708738e+04 1.5707963268e+00 -3.0433333333e+00
2.3419101940e-04 1.3304708738e+04 1.5707963268e+00 -3.0466666667e+00
2.3444724590e-04 1.3304708738e+04 1.5707963268e+00 -3.0500000000e+00
2.3470347240e-04 1.3304708738e+04 1.5707963268e+00 -3.0533333333e+00
2.3495969889e-04 1.3304708738e+04 1.5707963268e+00 -3.0566666667e+00
2.3521592539e-04 1.3304708738e+04 1.5707963268e+00 -3.0600000000e+00
2.3547215189e-04 1.3304708738e+04 1.5707963268e+00 -3.0633333333e+00
2.3572837839e-04 1.3304708738e+04 1.5707963268e+00 -3.0666666667e+00
2.3598460489e-04 1.3304708738e+04 1.5707963268e+00 -3.0700000000e+00
2.3624083139e-04 1.3304708738e+04 1.5707963268e+00 -3.0733333333e+00
2.3649705788e-04 1.3304708738e+04 1.5707963268e+00 -3.0766666667e+00
2.3675328438e-04 1.3304708738e+04 1.5707963268e+00 -3.0800000000e+00
2.3700951088e-04 1.3304708738e+04 1.5707963268e+00 -3.0833333333e+00
2.3726573738e-04 1.3304708738e+04 1.5707963268e+00 -3.0866666667e+00
2.3752196388e-04 1.3304708738e+04 1.5707963268e+00 -3.0900000000e+00
2.3777819037e-04 1.3304708738e+04 1.5707963268e+00 -3.0933333333e+00
2.3803441687e-04 1.3304708738e+04 1.5707963268e+00 -3.0966666667e+00
2.3829064337e-04 1.3304708738e+04 1.5707963268e+00 -3.1000000000e+00
2.3854686987e-04 1.3304708738e+04 1.5707963268e+00 -3.1033333333e+00
2.3880309637e-04 1.3304708738e+04 1.5707963268e+00 -3.1066666667e+00
2.3905932287e-04 1.3304708738e+04 1.5707963268e+00 -3.1100000000e+00
2.3931554936e-04 1.3304708738e+04 1.5707963268e+00 -3.1133333333e+00
2.3957177586e-04 1.3304708738e+04 1.5707963268e+00 -3.1166666667e+00
2.3982800236e-04 1.3304708738e+04 1.5707963268e+00 -3.1200000000e+00
2.4008422886e-04 1.3304708738e+04 1.5707963268e+00 -3.1233333333e+00
2.4034045536e-04 1.3304708738e+04 1.5707963268e+00 -3.1266666667e+00
2.4059668186e-04 1.3304708738e+04 1.5707963268e+00 -3.1300000000e+00
2.4085290835e-04 1.3304708738e+04 1.5707963268e+00 -3.1333333333e+00
2.4110913485e-04 1.3304708738e+04 1.5707963268e+00 -3.1366666667e+00
2.4136536135e-04 1.3304708738e+04 1.5707963268e+00 -3.1400000000e+00
2.4162158785e-04 1.3304708738e+04 1.5707963268e+00 -3.1433333333e+00
2.4187781435e-04 1.3304708738e+04 1.5707963268e+00 -3.1466666667e+00
2.4213404084e-04 1.3304708738e+04 1.5707963268e+00 -3.1500000000e+00
2.4239026734e-04 1.3304708738e+04 1.5707963268e+00 -3.1533333333e+00
2.4264649384e-04 1.3304708738e+04 1.5707963268e+00 -3.1566666667e+00
2.4290272034e-04 1.3304708738e+04 1.5707963268e+00 -3.1600000000e+00
2.4315894684e-04 1.3304708738e+04 1.5707963268e+00 -3.1633333333e+00
2.4341517334e-04 1.3304708738e+04 1.5707963268e+00 -3.1666666667e+00
2.4367139983e-04 1.3304708738e+04 1.5707963268e+00 -3.1700000000e+00
2.4392762633e-04 1.3304708738e+04 1.5707963268e+00 -3.1733333333e+00
2.4418385283e-04 1.3304708738e+04 1.5707963268e+00 -3.1766666667e+00
2.4444007933e-04 1.3304708738e+04 1.5707963268e+00 -3.1800000000e+00
2.4469630583e-04 1.3304708738e+04 1.5707963268e+00 -3.1833333333e+00
2.4495253233e-04 1.3304708738e+04 1.5707963268e+00 -3.1866666667e+00
2.4520875882e-04 1.3304708738e+04 1.5707963268e+00 -3.1900000000e+00
2.4546498532e-04 1.3304708738e+04 1.5707963268e+00 -3.1933333333e+00
2.4572121182e-04 1.3304708738e+04 1.5707963268e+00 -3.1966666667e+00
2.4597743832e-04 1.3304708738e+04 1.5707963268e+00 -3.2000000000e+00
2.4623366482e-04 1.3304708738e+04 1.5707963268e+00 -3.2033333333e+00
2.4648989131e-04 1.3304708738e+04 1.5707963268e+00 -3.2066666667e+00
2.4674611781e-04 1.3304708738e+04 1.5707963268e+00 -3.2100000000e+00
2.4700234431e-04 1.3304708738e+04 1.5707963268e+00 -3.2133333333e+00
2.4725857081e-04 1.3304708738e+04 1.5707963268e+00 -3.2166666667e+00
2.4751479731e-04 1.3304708738e+04 1.5707963268e+00 -3.2200000000e+00
2.4777102381e-04 1.3304708738e+04 1.5707963268e+00 -3.2233333333e+00
2.4802725030e-04 1.3304708738e+04 1.5707963268e+00 -3.2266666667e+00
2.4828347680e-04 1.3304708738e+04 1.5707963268e+00 -3.2300000000e+00
2.4853970330e-04 1.3304708738e+04 1.5707963268e+00 -3.2333333333e+00
2.4879592980e-04 1.3304708738e+04 1.5707963268e+00 -3.2366666667e+00
2.4905215630e-04 1.3304708738e+04 1.5707963268e+00 -3.2400000000e+00
2.4930838280e-04 1.3304708738e+04 1.5707963268e+00 -3.2433333333e+00
2.4956460929e-04 1.3304708738e+04 1.5707963268e+00 -3.2466666667e+00
2.4982083579e-04 1.3304708738e+04 1.5707963268e+00 -3.2500000000e+00
2.5007706229e-04 1.3304708738e+04 1.5707963268e+00 -3.2533333333e+00
2.5033328879e-04 1.3304708738e+04 1.5707963268e+00 -3.2566666667e+00
2.5058951529e-04 1.3304708738e+04 1.5707963268e+00 -3.2600000000e+00
2.5084574179e-04 1.3304708738e+04 1.5707963268e+00 -3.2633333333e+00
2.5110196828e-04 1.3304708738e+04 1.5707963268e+00 -3.2666666667e+00
2.5135819478e-04 1.3304708738e+04 1.5707963268e+00 -3.2700000000e+00
2.5161442128e-04 1.3304708738e+04 1.5707963268e+00 -3.2733333333e+00
2.5187064778e-04 1.3304708738e+04 1.5707963268e+00 -3.2766666667e+00
2.5212687428e-04 1.3304708738e+04 1.5707963268e+00 -3.2800000000e+00
2.5238310077e-04 1.3304708738e+04 1.5707963268e+00 -3.2833333333e+00
2.5263932727e-04 1.3304708738e+04 1.5707963268e+00 -3.2866666667e+00
2.5289555377e-04 1.3304708738e+04 1.5707963268e+00 -3.2900000000e+00
2.5315178027e-04 1.3304708738e+04 1.5707963268e+00 -3.2933333333e+00
2.5340800677e-04 1.3304708738e+04 1.5707963268e+00 -3.2966666667e+00
2.5366423327e-04 1.3304708738e+04 1.5707963268e+00 -3.3000000000e+00
2.5392045976e-04 1.3304708738e+04 1.5707963268e+00 -3.3033333333e+00
2.5417668626e-04 1.3304708738e+04 1.5707963268e+00 -3.3066666667e+00
2.5443291276e-04 1.3304708738e+04 1.5707963268e+00 -3.3100000000e+00
2.5468913926e-04 1.3304708738e+04 1.5707963268e+00 -3.3133333333e+00
2.5494536576e-04 1.3304708738e+04 1.5707963268e+00 -3.3166666667e+00
2.5520159226e-04 1.3304708738e+04 1.5707963268e+00 -3.3200000000e+00
2.5545781875e-04 1.3304708738e+04 1.5707963268e+00 -3.3233333333e+00
2.5571404525e-04 1.3304708738e+04 1.5707963268e+00 -3.3266666667e+00
2.5597027175e-04 1.3304708738e+04 1.5707963268e+00 -3.3300000000e+00
2.5622649825e-04 1.3304708738e+04 1.5707963268e+00 -3.3333333333e+00
2.5648272475e-04 1.3304708738e+04 1.5707963268e+00 -3.3366666667e+00
2.5673895124e-04 1.3304708738e+04 1.5707963268e+00 -3.3400000000e+00
2.5699517774e-04 1.3304708738e+04 1.5707963268e+00 -3.3433333333e+00
2.5725140424e-04 1.3304708738e+04 1.5707963268e+00 -3.3466666667e+00
2.5750763074e-04 1.3304708738e+04 1.5707963268e+00 -3.3500000000e+00
2.5776385724e-04 1.3304708738e+04 1.5707963268e+00 -3.3533333333e+00
2.5802008374e-04 1.3304708738e+04 1.5707963268e+00 -3.3566666667e+00
2.5827631023e-04 1.3304708738e+04 1.5707963268e+00 -3.3600000000e+00
2.5853253673e-04 1.3304708738e+04 1.5707963268e+00 -3.3633333333e+00
2.5878876323e-04 1.3304708738e+04 1.5707963268e+00 -3.3666666667e+00
2.5904498973e-04 1.3304708738e+04 1.5707963268e+00 -3.3700000000e+00
2.5930121623e-04 1.3304708738e+04 1.5707963268e+00 -3.3733333333e+00
2.5955744273e-04 1.3304708738e+04 1.5707963268e+00 -3.3766666667e+00
2.5981366922e-04 1.3304708738e+04 1.5707963268e+00 -3.3800000000e+00
2.6006989572e-04 1.3304708738e+04 1.5707963268e+00 -3.3833333333e+00
2.6032612222e-04 1.3304708738e+04 1.5707963268e+00 -3.3866666667e+00
2.6058234872e-04 1.3304708738e+04 1.5707963268e+00 -3.3900000000e+00
2.6083857522e-04 1.3304708738e+04 1.5707963268e+00 -3.3933333333e+00
2.6109480172e-04 1.3304708738e+04 1.5707963268e+00 -3.3966666667e+00
2.6135102821e-04 1.3304708738e+04 1.5707963268e+00 -3.4000000000e+00
2.6160725471e-04 1.3304708738e+04 1.5707963268e+00 -3.4033333333e+00
2.6186348121e-04 1.3304708738e+04 1.5707963268e+00 -3.4066666667e+00
2.6211970771e-04 1.3304708738e+04 1.5707963268e+00 -3.4100000000e+00
2.6237593421e-04 1.3304708738e+04 1.5707963268e+00 -3.4133333333e+00
2.6263216070e-04 1.3304708738e+04 1.5707963268e+00 -3.4166666667e+00
2.6288838720e-04 1.3304708738e+04 1.5707963268e+00 -3.4200000000e+00
2.6314461370e-04 1.3304708738e+04 1.5707963268e+00 -3.4233333333e+00
2.6340084020e-04 1.3304708738e+04 1.5707963268e+00 -3.4266666667e+00
2.6365706670e-04 1.3304708738e+04 1.5707963268e+00 -3.4300000000e+00
2.6391329320e-04 1.3304708738e+04 1.5707963268e+00 -3.4333333333e+00
2.6416951969e-04 1.3304708738e+04 1.5707963268e+00 -3.4366666667e+00
2.6442574619e-04 1.3304708738e+04 1.5707963268e+00 -3.4400000000e+00
2.6468197269e-04 1.3304708738e+04 1.5707963268e+00 -3.4433333333e+00
2.6493819919e-04 1.3304708738e+04 1.5707963268e+00 -3.4466666667e+00
2.6519442569e-04 1.3304708738e+04 1.5707963268e+00 -3.4500000000e+00
2.6545065219e-04 1.3304708738e+04 1.5707963268e+00 -3.4533333333e+00
2.6570687868e-04 1.3304708738e+04 1.5707963268e+00 -3.4566666667e+00
2.6596310518e-04 1.3304708738e+04 1.5707963268e+00 -3.4600000000e+00
2.6621933168e-04 1.3304708738e+04 1.5707963268e+00 -3.4633333333e+00
2.6647555818e-04 1.3304708738e+04 1.5707963268e+00 -3.4666666667e+00
2.6673178468e-04 1.3304708738e+04 1.5707963268e+00 -3.4700000000e+00
2.6698801117e-04 1.3304708738e+04 1.5707963268e+00 -3.4733333333e+00
2.6724423767e-04 1.3304708738e+04 1.5707963268e+00 -3.4766666667e+00
2.6750046417e-04 1.3304708738e+04 1.5707963268e+00 -3.4800000000e+00
2.6775669067e-04 1.3304708738e+04 1.5707963268e+00 -3.4833333333e+00
2.6801291717e-04 1.3304708738e+04 1.5707963268e+00 -3.4866666667e+00
2.6826914367e-04 1.3304708738e+04 1.5707963268e+00 -3.4900000000e+00
2.6852537016e-04 1.3304708738e+04 1.5707963268e+00 -3.4933333333e+00
2.6878159666e-04 1.3304708738e+04 1.5707963268e+00 -3.4966666667e+00
2.6903782316e-04 1.3304708738e+04 1.5707963268e+00 -3.5000000000e+00
2.6929404966e-04 1.3304708738e+04 1.5707963268e+00 -3.5033333333e+00
2.6955027616e-04 1.3304708738e+04 1.5707963268e+00 -3.5066666667e+00
2.6980650266e-04 1.3304708738e+04 1.5707963268e+00 -3.5100000000e+00
2.7006272915e-04 1.3304708738e+04 1.5707963268e+00 -3.5133333333e+00
2.7031895565e-04 1.3304708738e+04 1.5707963268e+00 -3.5166666667e+00
2.7057518215e-04 1.3304708738e+04 1.5707963268e+00 -3.5200000000e+00
2.7083140865e-04 1.3304708738e+04 1.5707963268e+00 -3.5233333333e+00
2.7108763515e-04 1.3304708738e+04 1.5707963268e+00 -3.5266666667e+00
2.7134386165e-04 1.3304708738e+04 1.5707963268e+00 -3.5300000000e+00
2.7160008814e-04 1.3304708738e+04 1.5707963268e+00 -3.5333333333e+00
2.7185631464e-04 1.3304708738e+04 1.5707963268e+00 -3.5366666667e+00
2.7211254114e-04 1.3304708738e+04 1.5707963268e+00 -3.5400000000e+00
2.7236876764e-04 1.3304708738e+04 1.5707963268e+00 -3.5433333333e+00
2.7262499414e-04 1.3304708738e+04 1.5707963268e+00 -3.5466666667e+00
2.7288122063e-04 1.3304708738e+04 1.5707963268e+00 -3.5500000000e+00
2.7313744713e-04 1.3304708738e+04 1.5707963268e+00 -3.5533333333e+00
2.7339367363e-04 1.3304708738e+04 1.5707963268e+00 -3.5566666667e+00
2.7364990013e-04 1.3304708738e+04 1.5707963268e+00 -3.5600000000e+00
2.7390612663e-04 1.3304708738e+04 1.5707963268e+00 -3.5633333333e+00
2.7416235313e-04 1.3304708738e+04 1.5707963268e+00 -3.5666666667e+00
2.7441857962e-04 1.3304708738e+04 1.5707963268e+00 -3.5700000000e+00
2.7467480612e-04 1.3304708738e+04 1.5707963268e+00 -3.5733333333e+00
2.7493103262e-04 1.3304708738e+04 1.5707963268e+00 -3.5766666667e+00
2.7518725912e-04 1.3304708738e+04 1.5707963268e+00 -3.5800000000e+00
2.7544348562e-04 1.3304708738e+04 1.5707963268e+00 -3.5833333333e+00
2.7569971212e-04 1.3304708738e+04 1.5707963268e+00 -3.5866666667e+00
2.7595593861e-04 1.3304708738e+04 1.5707963268e+00 -3.5900000000e+00
2.7621216511e-04 1.3304708738e+04 1.5707963268e+00 -3.5933333333e+00
2.7646839161e-04 1.3304708738e+04 1.5707963268e+00 -3.5966666667e+00
2.7672461811e-04 1.3304708738e+04 1.5707963268e+00 -3.6000000000e+00
2.7698084461e-04 1.3304708738e+04 1.5707963268e+00 -3.6033333333e+00
2.7723707110e-04 1.3304708738e+04 1.5707963268e+00 -3.6066666667e+00
2.7749329760e-04 1.3304708738e+04 1.5707963268e+00 -3.6100000000e+00
2.7774952410e-04 1.3304708738e+04 1.5707963268e+00 -3.6133333333e+00
2.7800575060e-04 1.3304708738e+04 1.5707963268e+00 -3.6166666667e+00
2.7826197710e-04 1.3304708738e+04 1.5707963268e+00 -3.6200000000e+00
2.7851820360e-04 1.3304708738e+04 1.5707963268e+00 -3.6233333333e+00
2.7877443009e-04 1.3304708738e+04 1.5707963268e+00 -3.6266666667e+00
2.7903065659e-04 1.3304708738e+04 1.5707963268e+00 -3.6300000000e+00
2.7928688309e-04 1.3304708738e+04 1.5707963268e+00 -3.6333333333e+00
2.7954310959e-04 1.3304708738e+04 1.5707963268e+00 -3.6366666667e+00
2.7979933609e-04 1.3304708738e+04 1.5707963268e+00 -3.6400000000e+00
2.8005556259e-04 1.3304708738e+04 1.5707963268e+00 -3.6433333333e+00
2.8031178908e-04 1.3304708738e+04 1.5707963268e+00 -3.6466666667e+00
2.8056801558e-04 1.3304708738e+04 1.5707963268e+00 -3.6500000000e+00
2.8082424208e-04 1.3304708738e+04 1.5707963268e+00 -3.6533333333e+00
2.8108046858e-04 1.3304708738e+04 1.5707963268e+00 -3.6566666667e+00
2.8133669508e-04 1.3304708738e+04 1.5707963268e+00 -3.6600000000e+00
2.8159292157e-04 1.3304708738e+04 1.5707963268e+00 -3.6633333333e+00
2.8184914807e-04 1.3304708738e+04 1.5707963268e+00 -3.6666666667e+00
2.8210537457e-04 1.3304708738e+04 1.5707963268e+00 -3.6700000000e+00
2.8236160107e-04 1.3304708738e+04 1.5707963268e+00 -3.6733333333e+00
2.8261782757e-04 1.3304708738e+04 1.5707963268e+00 -3.6766666667e+00
2.8287405407e-04 1.3304708738e+04 1.5707963268e+00 -3.6800000000e+00
2.8313028056e-04 1.3304708738e+04 1.5707963268e+00 -3.6833333333e+00
2.8338650706e-04 1.3304708738e+04 1.5707963268e+00 -3.6866666667e+00
2.8364273356e-04 1.3304708738e+04 1.5707963268e+00 -3.6900000000e+00
2.8389896006e-04 1.3304708738e+04 1.5707963268e+00 -3.6933333333e+00
2.8415518656e-04 1.3304708738e+04 1.5707963268e+00 -3.6966666667e+00
2.8441141306e-04 1.3304708738e+04 1.5707963268e+00 -3.7000000000e+00
2.8466763955e-04 1.3304708738e+04 1.5707963268e+00 -3.7033333333e+00
2.8492386605e-04 1.3304708738e+04 1.5707963268e+00 -3.7066666667e+00
2.8518009255e-04 1.3304708738e+04 1.5707963268e+00 -3.7100000000e+00
2.8543631905e-04 1.3304708738e+04 1.5707963268e+00 -3.7133333333e+00
2.8569254555e-04 1.3304708738e+04 1.5707963268e+00 -3.7166666667e+00
2.8594877205e-04 1.3304708738e+04 1.5707963268e+00 -3.7200000000e+00
2.8620499854e-04 1.3304708738e+04 1.5707963268e+00 -3.7233333333e+00
2.8646122504e-04 1.3304708738e+04 1.5707963268e+00 -3.7266666667e+00
2.8671745154e-04 1.3304708738e+04 1.5707963268e+00 -3.7300000000e+00
2.8697367804e-04 1.3304708738e+04 1.5707963268e+00 -3.7333333333e+00
2.8722990454e-04 1.3304708738e+04 1.5707963268e+00 -3.7366666667e+00
2.8748613103e-04 1.3304708738e+04 1.5707963268e+00 -3.7400000000e+00
2.8774235753e-04 1.3304708738e+04 1.5707963268e+00 -3.7433333333e+00
2.8799858403e-04 1.3304708738e+04 1.5707963268e+00 -3.7466666667e+00
2.8825481053e-04 1.3304708738e+04 1.5707963268e+00 -3.7500000000e+00
2.8851103703e-04 1.3304708738e+04 1.5707963268e+00 -3.7533333333e+00
2.8876726353e-04 1.3304708738e+04 1.5707963268e+00 -3.7566666667e+00
2.8902349002e-04 1.3304708738e+04 1.5707963268e+00 -3.7600000000e+00
2.8927971652e-04 1.3304708738e+04 1.5707963268e+00 -3.7633333333e+00
2.8953594302e-04 1.3304708738e+04 1.5707963268e+00 -3.7666666667e+00
2.8979216952e-04 1.3304708738e+04 1.5707963268e+00 -3.7700000000e+00
2.9004839602e-04 1.3304708738e+04 1.5707963268e+00 -3.7733333333e+00
2.9030462252e-04 1.3304708738e+04 1.5707963268e+00 -3.7766666667e+00
2.9056084901e-04 1.3304708738e+04 1.5707963268e+00 -3.7800000000e+00
2.9081707551e-04 1.3304708738e+04 1.5707963268e+00 -3.7833333333e+00
2.9107330201e-04 1.3304708738e+04 1.5707963268e+00 -3.7866666667e+00
2.9132952851e-04 1.3304708738e+04 1.5707963268e+00 -3.7900000000e+00
2.9158575501e-04 1.3304708738e+04 1.5707963268e+00 -3.7933333333e+00
2.9184198150e-04 1.3304708738e+04 1.5707963268e+00 -3.7966666667e+00
2.9209820800e-04 1.3304708738e+04 1.5707963268e+00 -3.8000000000e+00
2.9235443450e-04 1.3304708738e+04 1.5707963268e+00 -3.8033333333e+00
2.9261066100e-04 1.3304708738e+04 1.5707963268e+00 -3.8066666667e+00
2.9286688750e-04 1.3304708738e+04 1.5707963268e+00 -3.8100000000e+00
2.9312311400e-04 1.3304708738e+04 1.5707963268e+00 -3.8133333333e+00
2.9337934049e-04 1.3304708738e+04 1.5707963268e+00 -3.8166666667e+00
2.9363556699e-04 1.3304708738e+04 1.5707963268e+00 -3.8200000000e+00
2.9389179349e-04 1.3304708738e+04 1.5707963268e+00 -3.8233333333e+00
2.9414801999e-04 1.3304708738e+04 1.5707963268e+00 -3.8266666667e+00
2.9440424649e-04 1.3304708738e+04 1.5707963268e+00 -3.8300000000e+00
2.9466047299e-04 1.3304708738e+04 1.5707963268e+00 -3.8333333333e+00
2.9491669948e-04 1.3304708738e+04 1.5707963268e+00 -3.8366666667e+00
2.9517292598e-04 1.3304708738e+04 1.5707963268e+00 -3.8400000000e+00
2.9542915248e-04 1.3304708738e+04 1.5707963268e+00 -3.8433333333e+00
2.9568537898e-04 1.3304708738e+04 1.5707963268e+00 -3.8466666667e+00
2.9594160548e-04 1.3304708738e+04 1.5707963268e+00 -3.8500000000e+00
2.9619783198e-04 1.3304708738e+04 1.5707963268e+00 -3.8533333333e+00
2.9645405847e-04 1.3304708738e+04 1.5707963268e+00 -3.8566666667e+00
2.9671028497e-04 1.3304708738e+04 1.5707963268e+00 -3.8600000000e+00
2.9696651147e-04 1.3304708738e+04 1.5707963268e+00 -3.8633333333e+00
2.9722273797e-04 1.3304708738e+04 1.5707963268e+00 -3.8666666667e+00
2.9747896447e-04 1.3304708738e+04 1.5707963268e+00 -3.8700000000e+00
2.9773519096e-04 1.3304708738e+04 1.5707963268e+00 -3.8733333333e+00
2.9799141746e-04 1.3304708738e+04 1.5707963268e+00 -3.8766666667e+00
2.9824764396e-04 1.3304708738e+04 1.5707963268e+00 -3.8800000000e+00
2.9850387046e-04 1.3304708738e+04 1.5707963268e+00 -3.8833333333e+00
2.9876009696e-04 1.3304708738e+04 1.5707963268e+00 -3.8866666667e+00
2.9901632346e-04 1.3304708738e+04 1.5707963268e+00 -3.8900000000e+00
2.9927254995e-04 1.3304708738e+04 1.5707963268e+00 -3.8933333333e+00
2.9952877645e-04 1.3304708738e+04 1.5707963268e+00 -3.8966666667e+00
2.9978500295e-04 1.3304708738e+04 1.5707963268e+00 -3.9000000000e+00
3.0004122945e-04 1.3304708738e+04 1.5707963268e+00 -3.9033333333e+00
3.0029745595e-04 1.3304708738e+04 1.5707963268e+00 -3.9066666667e+00
3.0055368245e-04 1.3304708738e+04 1.5707963268e+00 -3.9100000000e+00
3.0080990894e-04 1.3304708738e+04 1.5707963268e+00 -3.9133333333e+00
3.0106613544e-04 1.3304708738e+04 1.5707963268e+00 -3.9166666667e+00
3.0132236194e-04 1.3304708738e+04 1.5707963268e+00 -3.9200000000e+00
3.0157858844e-04 1.3304708738e+04 1.5707963268e+00 -3.9233333333e+00
3.0183481494e-04 1.3304708738e+04 1.5707963268e+00 -3.9266666667e+00
3.0209104143e-04 1.3304708738e+04 1.5707963268e+00 -3.9300000000e+00
3.0234726793e-04 1.3304708738e+04 1.5707963268e+00 -3.9333333333e+00
3.0260349443e-04 1.3304708738e+04 1.5707963268e+00 -3.9366666667e+00
3.0285972093e-04 1.3304708738e+04 1.5707963268e+00 -3.9400000000e+00
3.0311594743e-04 1.3304708738e+04 1.5707963268e+00 -3.9433333333e+00
3.0337217393e-04 1.3304708738e+04 1.5707963268e+00 -3.9466666667e+00
3.0362840042e-04 1.3304708738e+04 1.5707963268e+00 -3.9500000000e+00
3.0388462692e-04 1.3304708738e+04 1.5707963268e+00 -3.9533333333e+00
3.0414085342e-04 1.3304708738e+04 1.5707963268e+00 -3.9566666667e+00
3.0439707992e-04 1.3304708738e+04 1.5707963268e+00 -3.9600000000e+00
3.0465330642e-04 1.3304708738e+04 1.5707963268e+00 -3.9633333333e+00
3.0490953292e-04 1.3304708738e+04 1.5707963268e+00 -3.9666666667e+00
3.0516575941e-04 1.3304708738e+04 1.5707963268e+00 -3.9700000000e+00
3.0542198591e-04 1.3304708738e+04 1.5707963268e+00 -3.9733333333e+00
3.0567821241e-04 1.3304708738e+04 1.5707963268e+00 -3.9766666667e+00
3.0593443891e-04 1.3304708738e+04 1.5707963268e+00 -3.9800000000e+00
3.0619066541e-04 1.3304708738e+04 1.5707963268e+00 -3.9833333333e+00
3.0644689191e-04 1.3304708738e+04 1.5707963268e+00 -3.9866666667e+00
3.0670311840e-04 1.3304708738e+04 1.5707963268e+00 -3.9900000000e+00
3.0695934490e-04 1.3304708738e+04 1.5707963268e+00 -3.9933333333e+00
3.0721557140e-04 1.3304708738e+04 1.5707963268e+00 -3.9966666667e+00
3.0747179790e-04 1.3304708738e+04 1.5707963268e+00 -4.0000000000e+00
3.0772802440e-04 1.3304708738e+04 1.5707963268e+00 -4.0033333333e+00
3.0798425089e-04 1.3304708738e+04 1.5707963268e+00 -4.0066666667e+00
3.0824047739e-04 1.3304708738e+04 1.5707963268e+00 -4.0100000000e+00
3.0849670389e-04 1.3304708738e+04 1.5707963268e+00 -4.0133333333e+00
3.0875293039e-04 1.3304708738e+04 1.5707963268e+00 -4.0166666667e+00
3.0900915689e-04 1.3304708738e+04 1.5707963268e+00 -4.0200000000e+00
3.0926538339e-04 1.3304708738e+04 1.5707963268e+00 -4.0233333333e+00
3.0952160988e-04 1.3304708738e+04 1.5707963268e+00 -4.0266666667e+00
3.0977783638e-04 1.3304708738e+04 1.5707963268e+00 -4.0300000000e+00
3.1003406288e-04 1.3304708738e+04 1.5707963268e+00 -4.0333333333e+00
3.1029028938e-04 1.3304708738e+04 1.5707963268e+00 -4.0366666667e+00
3.1054651588e-04 1.3304708738e+04 1.5707963268e+00 -4.0400000000e+00
3.1080274238e-04 1.3304708738e+04 1.5707963268e+00 -4.0433333333e+00
3.1105896887e-04 1.3304708738e+04 1.5707963268e+00 -4.0466666667e+00
3.1131519537e-04 1.3304708738e+04 1.5707963268e+00 -4.0500000000e+00
3.1157142187e-04 1.3304708738e+04 1.5707963268e+00 -4.0533333333e+00
3.1182764837e-04 1.3304708738e+04 1.5707963268e+00 -4.0566666667e+00
3.1208387487e-04 1.3304708738e+04 1.5707963268e+00 -4.0600000000e+00
3.1234010136e-04 1.3304708738e+04 1.5707963268e+00 -4.0633333333e+00
3.1259632786e-04 1.3304708738e+04 1.5707963268e+00 -4.0666666667e+00
3.1285255436e-04 1.3304708738e+04 1.5707963268e+00 -4.0700000000e+00
3.1310878086e-04 1.3304708738e+04 1.5707963268e+00 -4.0733333333e+00
3.1336500736e-04 1.3304708738e+04 1.5707963268e+00 -4.0766666667e+00
3.1362123386e-04 1.3304708738e+04 1.5707963268e+00 -4.0800000000e+00
3.1387746035e-04 1.3304708738e+04 1.5707963268e+00 -4.0833333333e+00
3.1413368685e-04 1.3304708738e+04 1.5707963268e+00 -4.0866666667e+00
3.1438991335e-04 1.3304708738e+04 1.5707963268e+00 -4.0900000000e+00
3.1464613985e-04 1.3304708738e+04 1.5707963268e+00 -4.0933333333e+00
3.1490236635e-04 1.3304708738e+04 1.5707963268e+00 -4.0966666667e+00
3.1515859285e-04 1.3304708738e+04 1.5707963268e+00 -4.1000000000e+00
3.1541481934e-04 1.3304708738e+04 1.5707963268e+00 -4.1033333333e+00
3.1567104584e-04 1.3304708738e+04 1.5707963268e+00 -4.1066666667e+00
3.1592727234e-04 1.3304708738e+04 1.5707963268e+00 -4.1100000000e+00
3.1618349884e-04 1.3304708738e+04 1.5707963268e+00 -4.1133333333e+00
3.1643972534e-04 1.3304708738e+04 1.5707963268e+00 -4.1166666667e+00
3.1669595184e-04 1.3304708738e+04 1.5707963268e+00 -4.1200000000e+00
3.1695217833e-04 1.3304708738e+04 1.5707963268e+00 -4.1233333333e+00
3.1720840483e-04 1.3304708738e+04 1.5707963268e+00 -4.1266666667e+00
3.1746463133e-04 1.3304708738e+04 1.5707963268e+00 -4.1300000000e+00
3.1772085783e-04 1.3304708738e+04 1.5707963268e+00 -4.1333333333e+00
3.1797708433e-04 1.3304708738e+04 1.5707963268e+00 -4.1366666667e+00
3.1823331082e-04 1.3304708738e+04 1.5707963268e+00 -4.1400000000e+00
3.1848953732e-04 1.3304708738e+04 1.5707963268e+00 -4.1433333333e+00
3.1874576382e-04 1.3304708738e+04 1.5707963268e+00 -4.1466666667e+00
3.1900199032e-04 1.3304708738e+04 1.5707963268e+00 -4.1500000000e+00
3.1925821682e-04 1.3304708738e+04 1.5707963268e+00 -4.1533333333e+00
3.1951444332e-04 1.3304708738e+04 1.5707963268e+00 -4.1566666667e+00
3.1977066981e-04 1.3304708738e+04 1.5707963268e+00 -4.1600000000e+00
3.2002689631e-04 1.3304708738e+04 1.5707963268e+00 -4.1633333333e+00
3.2028312281e-04 1.3304708738e+04 1.5707963268e+00 -4.1666666667e+00
3.2053934931e-04 1.3304708738e+04 1.5707963268e+00 -4.1700000000e+00
3.2079557581e-04 1.3304708738e+04 1.5707963268e+00 -4.1733333333e+00
3.2105180231e-04 1.3304708738e+04 1.5707963268e+00 -4.1766666667e+00
3.2130802880e-04 1.3304708738e+04 1.5707963268e+00 -4.1800000000e+00
3.2156425530e-04 1.3304708738e+04 1.5707963268e+00 -4.1833333333e+00
3.2182048180e-04 1.3304708738e+04 1.5707963268e+00 -4.1866666667e+00
3.2207670830e-04 1.3304708738e+04 1.5707963268e+00 -4.1900000000e+00
3.2233293480e-04 1.3304708738e+04 1.5707963268e+00 -4.1933333333e+00
3.2258916129e-04 1.3304708738e+04 1.5707963268e+00 -4.1966666667e+00
3.2284538779e-04 1.3304708738e+04 1.5707963268e+00 -4.2000000000e+00
3.2310161429e-04 1.3304708738e+04 1.5707963268e+00 -4.2033333333e+00
3.2335784079e-04 1.3304708738e+04 1.5707963268e+00 -4.2066666667e+00
3.2361406729e-04 1.3304708738e+04 1.5707963268e+00 -4.2100000000e+00
3.2387029379e-04 1.3304708738e+04 1.5707963268e+00 -4.2133333333e+00
3.2412652028e-04 1.3304708738e+04 1.5707963268e+00 -4.2166666667e+00
3.2438274678e-04 1.3304708738e+04 1.5707963268e+00 -4.2200000000e+00
3.2463897328e-04 1.3304708738e+04 1.5707963268e+00 -4.2233333333e+00
3.2489519978e-04 1.3304708738e+04 1.5707963268e+00 -4.2266666667e+00
3.2515142628e-04 1.3304708738e+04 1.5707963268e+00 -4.2300000000e+00
3.2540765278e-04 1.3304708738e+04 1.5707963268e+00 -4.2333333333e+00
3.2566387927e-04 1.3304708738e+04 1.5707963268e+00 -4.2366666667e+00
3.2592010577e-04 1.3304708738e+04 1.5707963268e+00 -4.2400000000e+00
3.2617633227e-04 1.3304708738e+04 1.5707963268e+00 -4.2433333333e+00
3.2643255877e-04 1.3304708738e+04 1.5707963268e+00 -4.2466666667e+00
3.2668878527e-04 1.3304708738e+04 1.5707963268e+00 -4.2500000000e+00
3.2694501176e-04 1.3304708738e+04 1.5707963268e+00 -4.2533333333e+00
3.2720123826e-04 1.3304708738e+04 1.5707963268e+00 -4.2566666667e+00
3.2745746476e-04 1.3304708738e+04 1.5707963268e+00 -4.2600000000e+00
3.2771369126e-04 1.3304708738e+04 1.5707963268e+00 -4.2633333333e+00
3.2796991776e-04 1.3304708738e+04 1.5707963268e+00 -4.2666666667e+00
3.2822614426e-04 1.3304708738e+04 1.5707963268e+00 -4.2700000000e+00
3.2848237075e-04 1.3304708738e+04 1.5707963268e+00 -4.2733333333e+00
3.2873859725e-04 1.3304708738e+04 1.5707963268e+00 -4.2766666667e+00
3.2899482375e-04 1.3304708738e+04 1.5707963268e+00 -4.2800000000e+00
3.2925105025e-04 1.3304708738e+04 1.5707963268e+00 -4.2833333333e+00
3.2950727675e-04 1.3304708738e+04 1.5707963268e+00 -4.2866666667e+00
3.2976350325e-04 1.3304708738e+04 1.5707963268e+00 -4.2900000000e+00
3.3001972974e-04 1.3304708738e+04 1.5707963268e+00 -4.2933333333e+00
3.3027595624e-04 1.3304708738e+04 1.5707963268e+00 -4.2966666667e+00
3.3053218274e-04 1.3304708738e+04 1.5707963268e+00 -4.3000000000e+00
3.3078840924e-04 1.3304708738e+04 1.5707963268e+00 -4.3033333333e+00
3.3104463574e-04 1.3304708738e+04 1.5707963268e+00 -4.3066666667e+00
3.3130086224e-04 1.3304708738e+04 1.5707963268e+00 -4.3100000000e+00
3.3155708873e-04 1.3304708738e+04 1.5707963268e+00 -4.3133333333e+00
3.3181331523e-04 1.3304708738e+04 1.5707963268e+00 -4.3166666667e+00
3.3206954173e-04 1.3304708738e+04 1.5707963268e+00 -4.3200000000e+00
3.3232576823e-04 1.3304708738e+04 1.5707963268e+00 -4.3233333333e+00
3.3258199473e-04 1.3304708738e+04 1.5707963268e+00 -4.3266666667e+00
3.3283822122e-04 1.3304708738e+04 1.5707963268e+00 -4.3300000000e+00
3.3309444772e-04 1.3304708738e+04 1.5707963268e+00 -4.3333333333e+00
3.3335067422e-04 1.3304708738e+04 1.5707963268e+00 -4.3366666667e+00
3.3360690072e-04 1.3304708738e+04 1.5707963268e+00 -4.3400000000e+00
3.3386312722e-04 1.3304708738e+04 1.5707963268e+00 -4.3433333333e+00
3.3411935372e-04 1.3304708738e+04 1.5707963268e+00 -4.3466666667e+00
3.3437558021e-04 1.3304708738e+04 1.5707963268e+00 -4.3500000000e+00
3.3463180671e-04 1.3304708738e+04 1.5707963268e+00 -4.3533333333e+00
3.3488803321e-04 1.3304708738e+04 1.5707963268e+00 -4.3566666667e+00
3.3514425971e-04 1.3304708738e+04 1.5707963268e+00 -4.3600000000e+00
3.3540048621e-04 1.3304708738e+04 1.5707963268e+00 -4.3633333333e+00
3.3565671271e-04 1.3304708738e+04 1.5707963268e+00 -4.3666666667e+00
3.3591293920e-04 1.3304708738e+04 1.5707963268e+00 -4.3700000000e+00
3.3616916570e-04 1.3304708738e+04 1.5707963268e+00 -4.3733333333e+00
3.3642539220e-04 1.3304708738e+04 1.5707963268e+00 -4.3766666667e+00
3.3668161870e-04 1.3304708738e+04 1.5707963268e+00 -4.3800000000e+00
3.3693784520e-04 1.3304708738e+04 1.5707963268e+00 -4.3833333333e+00
3.3719407169e-04 1.3304708738e+04 1.5707963268e+00 -4.3866666667e+00
3.3745029819e-04 1.3304708738e+04 1.5707963268e+00 -4.3900000000e+00
3.3770652469e-04 1.3304708738e+04 1.5707963268e+00 -4.3933333333e+00
3.3796275119e-04 1.3304708738e+04 1.5707963268e+00 -4.3966666667e+00
3.3821897769e-04 1.3304708738e+04 1.5707963268e+00 -4.4000000000e+00
3.3847520419e-04 1.3304708738e+04 1.5707963268e+00 -4.4033333333e+00
3.3873143068e-04 1.3304708738e+04 1.5707963268e+00 -4.4066666667e+00
3.3898765718e-04 1.3304708738e+04 1.5707963268e+00 -4.4100000000e+00
3.3924388368e-04 1.3304708738e+04 1.5707963268e+00 -4.4133333333e+00
3.3950011018e-04 1.3304708738e+04 1.5707963268e+00 -4.4166666667e+00
3.3975633668e-04 1.3304708738e+04 1.5707963268e+00 -4.4200000000e+00
3.4001256318e-04 1.3304708738e+04 1.5707963268e+00 -4.4233333333e+00
3.4026878967e-04 1.3304708738e+04 1.5707963268e+00 -4.4266666667e+00
3.4052501617e-04 1.3304708738e+04 1.5707963268e+00 -4.4300000000e+00
3.4078124267e-04 1.3304708738e+04 1.5707963268e+00 -4.4333333333e+00
3.4103746917e-04 1.3304708738e+04 1.5707963268e+00 -4.4366666667e+00
3.4129369567e-04 1.3304708738e+04 1.5707963268e+00 -4.4400000000e+00
3.4154992217e-04 1.3304708738e+04 1.5707963268e+00 -4.4433333333e+00
3.4180614866e-04 1.3304708738e+04 1.5707963268e+00 -4.4466666667e+00
3.4206237516e-04 1.3304708738e+04 1.5707963268e+00 -4.4500000000e+00
3.4231860166e-04 1.3304708738e+04 1.5707963268e+00 -4.4533333333e+00
3.4257482816e-04 1.3304708738e+04 1.5707963268e+00 -4.4566666667e+00
3.4283105466e-04 1.3304708738e+04 1.5707963268e+00 -4.4600000000e+00
3.4308728115e-04 1.3304708738e+04 1.5707963268e+00 -4.4633333333e+00
3.4334350765e-04 1.3304708738e+04 1.5707963268e+00 -4.4666666667e+00
3.4359973415e-04 1.3304708738e+04 1.5707963268e+00 -4.4700000000e+00
3.4385596065e-04 1.3304708738e+04 1.5707963268e+00 -4.4733333333e+00
3.4411218715e-04 1.3304708738e+04 1.5707963268e+00 -4.4766666667e+00
3.4436841365e-04 1.3304708738e+04 1.5707963268e+00 -4.4800000000e+00
3.4462464014e-04 1.3304708738e+04 1.5707963268e+00 -4.4833333333e+00
3.4488086664e-04 1.3304708738e+04 1.5707963268e+00 -4.4866666667e+00
3.4513709314e-04 1.3304708738e+04 1.5707963268e+00 -4.4900000000e+00
3.4539331964e-04 1.3304708738e+04 1.5707963268e+00 -4.4933333333e+00
3.4564954614e-04 1.3304708738e+04 1.5707963268e+00 -4.4966666667e+00
3.4590577264e-04 1.3304708738e+04 1.5707963268e+00 -4.5000000000e+00
3.4616199913e-04 1.3304708738e+04 1.5707963268e+00 -4.5033333333e+00
3.4641822563e-04 1.3304708738e+04 1.5707963268e+00 -4.5066666667e+00
3.4667445213e-04 1.3304708738e+04 1.5707963268e+00 -4.5100000000e+00
3.4693067863e-04 1.3304708738e+04 1.5707963268e+00 -4.5133333333e+00
3.4718690513e-04 1.3304708738e+04 1.5707963268e+00 -4.5166666667e+00
3.4744313162e-04 1.3304708738e+04 1.5707963268e+00 -4.5200000000e+00
3.4769935812e-04 1.3304708738e+04 1.5707963268e+00 -4.5233333333e+00
3.4795558462e-04 1.3304708738e+04 1.5707963268e+00 -4.5266666667e+00
3.4821181112e-04 1.3304708738e+04 1.5707963268e+00 -4.5300000000e+00
3.4846803762e-04 1.3304708738e+04 1.5707963268e+00 -4.5333333333e+00
3.4872426412e-04 1.3304708738e+04 1.5707963268e+00 -4.5366666667e+00
3.4898049061e-04 1.3304708738e+04 1.5707963268e+00 -4.5400000000e+00
3.4923671711e-04 1.3304708738e+04 1.5707963268e+00 -4.5433333333e+00
3.4949294361e-04 1.3304708738e+04 1.5707963268e+00 -4.5466666667e+00
3.4974917011e-04 1.3304708738e+04 1.5707963268e+00 -4.5500000000e+00
3.5000539661e-04 1.3304708738e+04 1.5707963268e+00 -4.5533333333e+00
3.5026162311e-04 1.3304708738e+04 1.5707963268e+00 -4.5566666667e+00
3.5051784960e-04 1.3304708738e+04 1.5707963268e+00 -4.5600000000e+00
3.5077407610e-04 1.3304708738e+04 1.5707963268e+00 -4.5633333333e+00
3.5103030260e-04 1.3304708738e+04 1.5707963268e+00 -4.5666666667e+00
3.5128652910e-04 1.3304708738e+04 1.5707963268e+00 -4.5700000000e+00
3.5154275560e-04 1.3304708738e+04 1.5707963268e+00 -4.5733333333e+00
3.5179898210e-04 1.3304708738e+04 1.5707963268e+00 -4.5766666667e+00
3.5205520859e-04 1.3304708738e+04 1.5707963268e+00 -4.5800000000e+00
3.5231143509e-04 1.3304708738e+04 1.5707963268e+00 -4.5833333333e+00
3.5256766159e-04 1.3304708738e+04 1.5707963268e+00 -4.5866666667e+00
3.5282388809e-04 1.3304708738e+04 1.5707963268e+00 -4.5900000000e+00
3.5308011459e-04 1.3304708738e+04 1.5707963268e+00 -4.5933333333e+00
3.5333634108e-04 1.3304708738e+04 1.5707963268e+00 -4.5966666667e+00
3.5359256758e-04 1.3304708738e+04 1.5707963268e+00 -4.6000000000e+00
3.5384879408e-04 1.3304708738e+04 1.5707963268e+00 -4.6033333333e+00
3.5410502058e-04 1.3304708738e+04 1.5707963268e+00 -4.6066666667e+00
3.5436124708e-04 1.3304708738e+04 1.5707963268e+00 -4.6100000000e+00
3.5461747358e-04 1.3304708738e+04 1.5707963268e+00 -4.6133333333e+00
3.5487370007e-04 1.3304708738e+04 1.5707963268e+00 -4.6166666667e+00
3.5512992657e-04 1.3304708738e+04 1.5707963268e+00 -4.6200000000e+00
3.5538615307e-04 1.3304708738e+04 1.5707963268e+00 -4.6233333333e+00
3.5564237957e-04 1.3304708738e+04 1.5707963268e+00 -4.6266666667e+00
3.5589860607e-04 1.3304708738e+04 1.5707963268e+00 -4.6300000000e+00
3.5615483257e-04 1.3304708738e+04 1.5707963268e+00 -4.6333333333e+00
3.5641105906e-04 1.3304708738e+04 1.5707963268e+00 -4.6366666667e+00
3.5666728556e-04 1.3304708738e+04 1.5707963268e+00 -4.6400000000e+00
3.5692351206e-04 1.3304708738e+04 1.5707963268e+00 -4.6433333333e+00
3.5717973856e-04 1.3304708738e+04 1.5707963268e+00 -4.6466666667e+00
3.5743596506e-04 1.3304708738e+04 1.5707963268e+00 -4.6500000000e+00
3.5769219155e-04 1.3304708738e+04 1.5707963268e+00 -4.6533333333e+00
3.5794841805e-04 1.3304708738e+04 1.5707963268e+00 -4.6566666667e+00
3.5820464455e-04 1.3304708738e+04 1.5707963268e+00 -4.6600000000e+00
3.5846087105e-04 1.3304708738e+04 1.5707963268e+00 -4.6633333333e+00
3.5871709755e-04 1.3304708738e+04 1.5707963268e+00 -4.6666666667e+00
3.5897332405e-04 1.3304708738e+04 1.5707963268e+00 -4.6700000000e+00
3.5922955054e-04 1.3304708738e+04 1.5707963268e+00 -4.6733333333e+00
3.5948577704e-04 1.3304708738e+04 1.5707963268e+00 -4.6766666667e+00
3.5974200354e-04 1.3304708738e+04 1.5707963268e+00 -4.6800000000e+00
3.5999823004e-04 1.3304708738e+04 1.5707963268e+00 -4.6833333333e+00
3.6025445654e-04 1.3304708738e+04 1.5707963268e+00 -4.6866666667e+00
3.6051068304e-04 1.3304708738e+04 1.5707963268e+00 -4.6900000000e+00
3.6076690953e-04 1.3304708738e+04 1.5707963268e+00 -4.6933333333e+00
3.6102313603e-04 1.3304708738e+04 1.5707963268e+00 -4.6966666667e+00
3.6127936253e-04 1.3304708738e+04 1.5707963268e+00 -4.7000000000e+00
3.6153558903e-04 1.3304708738e+04 1.5707963268e+00 -4.7033333333e+00
3.6179181553e-04 1.3304708738e+04 1.5707963268e+00 -4.7066666667e+00
3.6204804202e-04 1.3304708738e+04 1.5707963268e+00 -4.7100000000e+00
3.6230426852e-04 1.3304708738e+04 1.5707963268e+00 -4.7133333333e+00
3.6256049502e-04 1.3304708738e+04 1.5707963268e+00 -4.7166666667e+00
3.6281672152e-04 1.3304708738e+04 1.5707963268e+00 -4.7200000000e+00
3.6307294802e-04 1.3304708738e+04 1.5707963268e+00 -4.7233333333e+00
3.6332917452e-04 1.3304708738e+04 1.5707963268e+00 -4.7266666667e+00
3.6358540101e-04 1.3304708738e+04 1.5707963268e+00 -4.7300000000e+00
3.6384162751e-04 1.3304708738e+04 1.5707963268e+00 -4.7333333333e+00
3.6409785401e-04 1.3304708738e+04 1.5707963268e+00 -4.7366666667e+00
3.6435408051e-04 1.3304708738e+04 1.5707963268e+00 -4.7400000000e+00
3.6461030701e-04 1.3304708738e+04 1.5707963268e+00 -4.7433333333e+00
3.6486653351e-04 1.3304708738e+04 1.5707963268e+00 -4.7466666667e+00
3.6512276000e-04 1.3304708738e+04 1.5707963268e+00 -4.7500000000e+00
3.6537898650e-04 1.3304708738e+04 1.5707963268e+00 -4.7533333333e+00
3.6563521300e-04 1.3304708738e+04 1.5707963268e+00 -4.7566666667e+00
3.6589143950e-04 1.3304708738e+04 1.5707963268e+00 -4.7600000000e+00
3.6614766600e-04 1.3304708738e+04 1.5707963268e+00 -4.7633333333e+00
3.6640389250e-04 1.3304708738e+04 1.5707963268e+00 -4.7666666667e+00
3.6666011899e-04 1.3304708738e+04 1.5707963268e+00 -4.7700000000e+00
3.6691634549e-04 1.3304708738e+04 1.5707963268e+00 -4.7733333333e+00
3.6717257199e-04 1.3304708738e+04 1.5707963268e+00 -4.7766666667e+00
3.6742879849e-04 1.3304708738e+04 1.5707963268e+00 -4.7800000000e+00
3.6768502499e-04 1.3304708738e+04 1.5707963268e+00 -4.7833333333e+00
3.6794125148e-04 1.3304708738e+04 1.5707963268e+00 -4.7866666667e+00
3.6819747798e-04 1.3304708738e+04 1.5707963268e+00 -4.7900000000e+00
3.6845370448e-04 1.3304708738e+04 1.5707963268e+00 -4.7933333333e+00
3.6870993098e-04 1.3304708738e+04 1.5707963268e+00 -4.7966666667e+00
3.6896615748e-04 1.3304708738e+04 1.5707963268e+00 -4.8000000000e+00
3.6922238398e-04 1.3304708738e+04 1.5707963268e+00 -4.8033333333e+00
3.6947861047e-04 1.3304708738e+04 1.5707963268e+00 -4.8066666667e+00
3.6973483697e-04 1.3304708738e+04 1.5707963268e+00 -4.8100000000e+00
3.6999106347e-04 1.3304708738e+04 1.5707963268e+00 -4.8133333333e+00
3.7024728997e-04 1.3304708738e+04 1.5707963268e+00 -4.8166666667e+00
3.7050351647e-04 1.3304708738e+04 1.5707963268e+00 -4.8200000000e+00
3.7075974297e-04 1.3304708738e+04 1.5707963268e+00 -4.8233333333e+00
3.7101596946e-04 1.3304708738e+04 1.5707963268e+00 -4.8266666667e+00
3.7127219596e-04 1.3304708738e+04 1.5707963268e+00 -4.8300000000e+00
3.7152842246e-04 1.3304708738e+04 1.5707963268e+00 -4.8333333333e+00
3.7178464896e-04 1.3304708738e+04 1.5707963268e+00 -4.8366666667e+00
3.7204087546e-04 1.3304708738e+04 1.5707963268e+00 -4.8400000000e+00
3.7229710195e-04 1.3304708738e+04 1.5707963268e+00 -4.8433333333e+00
3.7255332845e-04 1.3304708738e+04 1.5707963268e+00 -4.8466666667e+00
3.7280955495e-04 1.3304708738e+04 1.5707963268e+00 -4.8500000000e+00
3.7306578145e-04 1.3304708738e+04 1.5707963268e+00 -4.8533333333e+00
3.7332200795e-04 1.3304708738e+04 1.5707963268e+00 -4.8566666667e+00
3.7357823445e-04 1.3304708738e+04 1.5707963268e+00 -4.8600000000e+00
3.7383446094e-04 1.3304708738e+04 1.5707963268e+00 -4.8633333333e+00
3.7409068744e-04 1.3304708738e+04 1.5707963268e+00 -4.8666666667e+00
3.7434691394e-04 1.3304708738e+04 1.5707963268e+00 -4.8700000000e+00
3.7460314044e-04 1.3304708738e+04 1.5707963268e+00 -4.8733333333e+00
3.7485936694e-04 1.3304708738e+04 1.5707963268e+00 -4.8766666667e+00
3.7511559344e-04 1.3304708738e+04 1.5707963268e+00 -4.8800000000e+00
3.7537181993e-04 1.3304708738e+04 1.5707963268e+00 -4.8833333333e+00
3.7562804643e-04 1.3304708738e+04 1.5707963268e+00 -4.8866666667e+00
3.7588427293e-04 1.3304708738e+04 1.5707963268e+00 -4.8900000000e+00
3.7614049943e-04 1.3304708738e+04 1.5707963268e+00 -4.8933333333e+00
3.7639672593e-04 1.3304708738e+04 1.5707963268e+00 -4.8966666667e+00
3.7665295243e-04 1.3304708738e+04 1.5707963268e+00 -4.9000000000e+00
3.7690917892e-04 1.3304708738e+04 1.5707963268e+00 -4.9033333333e+00
3.7716540542e-04 1.3304708738e+04 1.5707963268e+00 -4.9066666667e+00
3.7742163192e-04 1.3304708738e+04 1.5707963268e+00 -4.9100000000e+00
3.7767785842e-04 1.3304708738e+04 1.5707963268e+00 -4.9133333333e+00
3.7793408492e-04 1.3304708738e+04 1.5707963268e+00 -4.9166666667e+00
3.7819031141e-04 1.3304708738e+04 1.5707963268e+00 -4.9200000000e+00
3.7844653791e-04 1.3304708738e+04 1.5707963268e+00 -4.9233333333e+00
3.7870276441e-04 1.3304708738e+04 1.5707963268e+00 -4.9266666667e+00
3.7895899091e-04 1.3304708738e+04 1.5707963268e+00 -4.9300000000e+00
3.7921521741e-04 1.3304708738e+04 1.5707963268e+00 -4.9333333333e+00
3.7947144391e-04 1.3304708738e+04 1.5707963268e+00 -4.9366666667e+00
3.7972767040e-04 1.3304708738e+04 1.5707963268e+00 -4.9400000000e+00
3.7998389690e-04 1.3304708738e+04 1.5707963268e+00 -4.9433333333e+00
3.8024012340e-04 1.3304708738e+04 1.5707963268e+00 -4.9466666667e+00
3.8049634990e-04 1.3304708738e+04 1.5707963268e+00 -4.9500000000e+00
3.8075257640e-04 1.3304708738e+04 1.5707963268e+00 -4.9533333333e+00
3.8100880290e-04 1.3304708738e+04 1.5707963268e+00 -4.9566666667e+00
3.8126502939e-04 1.3304708738e+04 1.5707963268e+00 -4.9600000000e+00
3.8152125589e-04 1.3304708738e+04 1.5707963268e+00 -4.9633333333e+00
3.8177748239e-04 1.3304708738e+04 1.5707963268e+00 -4.9666666667e+00
3.8203370889e-04 1.3304708738e+04 1.5707963268e+00 -4.9700000000e+00
3.8228993539e-04 1.3304708738e+04 1.5707963268e+00 -4.9733333333e+00
3.8254616188e-04 1.3304708738e+04 1.5707963268e+00 -4.9766666667e+00
3.8280238838e-04 1.3304708738e+04 1.5707963268e+00 -4.9800000000e+00
3.8305861488e-04 1.3304708738e+04 1.5707963268e+00 -4.9833333333e+00
3.8331484138e-04 1.3304708738e+04 1.5707963268e+00 -4.9866666667e+00
3.8357106788e-04 1.3304708738e+04 1.5707963268e+00 -4.9900000000e+00
3.8382729438e-04 1.3304708738e+04 1.5707963268e+00 -4.9933333333e+00
3.8408352087e-04 1.3304708738e+04 1.5707963268e+00 -4.9966666667e+00
3.8433974737e-04 1.3304708738e+04 1.5707963268e+00 -5.0000000000e+00
3.8459597387e-04 1.3304708738e+04 1.5707963268e+00 -5.0033333333e+00
3.8485220037e-04 1.3304708738e+04 1.5707963268e+00 -5.0066666667e+00
3.8510842687e-04 1.3304708738e+04 1.5707963268e+00 -5.0100000000e+00
3.8536465337e-04 1.3304708738e+04 1.5707963268e+00 -5.0133333333e+00
3.8562087986e-04 1.3304708738e+04 1.5707963268e+00 -5.0166666667e+00
3.8587710636e-04 1.3304708738e+04 1.5707963268e+00 -5.0200000000e+00
3.8613333286e-04 1.3304708738e+04 1.5707963268e+00 -5.0233333333e+00
3.8638955936e-04 1.3304708738e+04 1.5707963268e+00 -5.0266666667e+00
3.8664578586e-04 1.3304708738e+04 1.5707963268e+00 -5.0300000000e+00
3.8690201236e-04 1.3304708738e+04 1.5707963268e+00 -5.0333333333e+00
3.8715823885e-04 1.3304708738e+04 1.5707963268e+00 -5.0366666667e+00
3.8741446535e-04 1.3304708738e+04 1.5707963268e+00 -5.0400000000e+00
3.8767069185e-04 1.3304708738e+04 1.5707963268e+00 -5.0433333333e+00
3.8792691835e-04 1.3304708738e+04 1.5707963268e+00 -5.0466666667e+00
3.8818314485e-04 1.3304708738e+04 1.5707963268e+00 -5.0500000000e+00
3.8843937134e-04 1.3304708738e+04 1.5707963268e+00 -5.0533333333e+00
3.8869559784e-04 1.3304708738e+04 1.5707963268e+00 -5.0566666667e+00
3.8895182434e-04 1.3304708738e+04 1.5707963268e+00 -5.0600000000e+00
3.8920805084e-04 1.3304708738e+04 1.5707963268e+00 -5.0633333333e+00
3.8946427734e-04 1.3304708738e+04 1.5707963268e+00 -5.0666666667e+00
3.8972050384e-04 1.3304708738e+04 1.5707963268e+00 -5.0700000000e+00
3.8997673033e-04 1.3304708738e+04 1.5707963268e+00 -5.0733333333e+00
3.9023295683e-04 1.3304708738e+04 1.5707963268e+00 -5.0766666667e+00
3.9048918333e-04 1.3304708738e+04 1.5707963268e+00 -5.0800000000e+00
3.9074540983e-04 1.3304708738e+04 1.5707963268e+00 -5.0833333333e+00
3.9100163633e-04 1.3304708738e+04 1.5707963268e+00 -5.0866666667e+00
3.9125786283e-04 1.3304708738e+04 1.5707963268e+00 -5.0900000000e+00
3.9151408932e-04 1.3304708738e+04 1.5707963268e+00 -5.0933333333e+00
3.9177031582e-04 1.3304708738e+04 1.5707963268e+00 -5.0966666667e+00
3.9202654232e-04 1.3304708738e+04 1.5707963268e+00 -5.1000000000e+00
3.9228276882e-04 1.3304708738e+04 1.5707963268e+00 -5.1033333333e+00
3.9253899532e-04 1.3304708738e+04 1.5707963268e+00 -5.1066666667e+00
3.9279522181e-04 1.3304708738e+04 1.5707963268e+00 -5.1100000000e+00
3.9305144831e-04 1.3304708738e+04 1.5707963268e+00 -5.1133333333e+00
3.9330767481e-04 1.3304708738e+04 1.5707963268e+00 -5.1166666667e+00
3.9356390131e-04 1.3304708738e+04 1.5707963268e+00 -5.1200000000e+00
3.9382012781e-04 1.3304708738e+04 1.5707963268e+00 -5.1233333333e+00
3.9407635431e-04 1.3304708738e+04 1.5707963268e+00 -5.1266666667e+00
3.9433258080e-04 1.3304708738e+04 1.5707963268e+00 -5.1300000000e+00
3.9458880730e-04 1.3304708738e+04 1.5707963268e+00 -5.1333333333e+00
3.9484503380e-04 1.3304708738e+04 1.5707963268e+00 -5.1366666667e+00
3.9510126030e-04 1.3304708738e+04 1.5707963268e+00 -5.1400000000e+00
3.9535748680e-04 1.3304708738e+04 1.5707963268e+00 -5.1433333333e+00
3.9561371330e-04 1.3304708738e+04 1.5707963268e+00 -5.1466666667e+00
3.9586993979e-04 1.3304708738e+04 1.5707963268e+00 -5.1500000000e+00
3.9612616629e-04 1.3304708738e+04 1.5707963268e+00 -5.1533333333e+00
3.9638239279e-04 1.3304708738e+04 1.5707963268e+00 -5.1566666667e+00
3.9663861929e-04 1.3304708738e+04 1.5707963268e+00 -5.1600000000e+00
3.9689484579e-04 1.3304708738e+04 1.5707963268e+00 -5.1633333333e+00
3.9715107229e-04 1.3304708738e+04 1.5707963268e+00 -5.1666666667e+00
3.9740729878e-04 1.3304708738e+04 1.5707963268e+00 -5.1700000000e+00
3.9766352528e-04 1.3304708738e+04 1.5707963268e+00 -5.1733333333e+00
3.9791975178e-04 1.3304708738e+04 1.5707963268e+00 -5.1766666667e+00
3.9817597828e-04 1.3304708738e+04 1.5707963268e+00 -5.1800000000e+00
3.9843220478e-04 1.3304708738e+04 1.5707963268e+00 -5.1833333333e+00
3.9868843127e-04 1.3304708738e+04 1.5707963268e+00 -5.1866666667e+00
3.9894465777e-04 1.3304708738e+04 1.5707963268e+00 -5.1900000000e+00
3.9920088427e-04 1.3304708738e+04 1.5707963268e+00 -5.1933333333e+00
3.9945711077e-04 1.3304708738e+04 1.5707963268e+00 -5.1966666667e+00
3.9971333727e-04 1.3304708738e+04 1.5707963268e+00 -5.2000000000e+00
3.9996956377e-04 1.3304708738e+04 1.5707963268e+00 -5.2033333333e+00
4.0022579026e-04 1.3304708738e+04 1.5707963268e+00 -5.2066666667e+00
4.0048201676e-04 1.3304708738e+04 1.5707963268e+00 -5.2100000000e+00
4.0073824326e-04 1.3304708738e+04 1.5707963268e+00 -5.2133333333e+00
4.0099446976e-04 1.3304708738e+04 1.5707963268e+00 -5.2166666667e+00
4.0125069626e-04 1.3304708738e+04 1.5707963268e+00 -5.2200000000e+00
4.0150692276e-04 1.3304708738e+04 1.5707963268e+00 -5.2233333333e+00
4.0176314925e-04 1.3304708738e+04 1.5707963268e+00 -5.2266666667e+00
4.0201937575e-04 1.3304708738e+04 1.5707963268e+00 -5.2300000000e+00
4.0227560225e-04 1.3304708738e+04 1.5707963268e+00 -5.2333333333e+00
4.0253182875e-04 1.3304708738e+04 1.5707963268e+00 -5.2366666667e+00
4.0278805525e-04 1.3304708738e+04 1.5707963268e+00 -5.2400000000e+00
4.0304428174e-04 1.3304708738e+04 1.5707963268e+00 -5.2433333333e+00
4.0330050824e-04 1.3304708738e+04 1.5707963268e+00 -5.2466666667e+00
4.0355673474e-04 1.3304708738e+04 1.5707963268e+00 -5.2500000000e+00
4.0381296124e-04 1.3304708738e+04 1.5707963268e+00 -5.2533333333e+00
4.0406918774e-04 1.3304708738e+04 1.5707963268e+00 -5.2566666667e+00
4.0432541424e-04 1.3304708738e+04 1.5707963268e+00 -5.2600000000e+00
4.0458164073e-04 1.3304708738e+04 1.5707963268e+00 -5.2633333333e+00
4.0483786723e-04 1.3304708738e+04 1.5707963268e+00 -5.2666666667e+00
4.0509409373e-04 1.3304708738e+04 1.5707963268e+00 -5.2700000000e+00
4.0535032023e-04 1.3304708738e+04 1.5707963268e+00 -5.2733333333e+00
4.0560654673e-04 1.3304708738e+04 1.5707963268e+00 -5.2766666667e+00
4.0586277323e-04 1.3304708738e+04 1.5707963268e+00 -5.2800000000e+00
4.0611899972e-04 1.3304708738e+04 1.5707963268e+00 -5.2833333333e+00
4.0637522622e-04 1.3304708738e+04 1.5707963268e+00 -5.2866666667e+00
4.0663145272e-04 1.3304708738e+04 1.5707963268e+00 -5.2900000000e+00
4.0688767922e-04 1.3304708738e+04 1.5707963268e+00 -5.2933333333e+00
4.0714390572e-04 1.3304708738e+04 1.5707963268e+00 -5.2966666667e+00
4.0740013221e-04 1.3304708738e+04 1.5707963268e+00 -5.3000000000e+00
4.0765635871e-04 1.3304708738e+04 1.5707963268e+00 -5.3033333333e+00
4.0791258521e-04 1.3304708738e+04 1.5707963268e+00 -5.3066666667e+00
4.0816881171e-04 1.3304708738e+04 1.5707963268e+00 -5.3100000000e+00
4.0842503821e-04 1.3304708738e+04 1.5707963268e+00 -5.3133333333e+00
4.0868126471e-04 1.3304708738e+04 1.5707963268e+00 -5.3166666667e+00
4.0893749120e-04 1.3304708738e+04 1.5707963268e+00 -5.3200000000e+00
4.0919371770e-04 1.3304708738e+04 1.5707963268e+00 -5.3233333333e+00
4.0944994420e-04 1.3304708738e+04 1.5707963268e+00 -5.3266666667e+00
4.0970617070e-04 1.3304708738e+04 1.5707963268e+00 -5.3300000000e+00
4.0996239720e-04 1.3304708738e+04 1.5707963268e+00 -5.3333333333e+00
4.1021862370e-04 1.3304708738e+04 1.5707963268e+00 -5.3366666667e+00
4.1047485019e-04 1.3304708738e+04 1.5707963268e+00 -5.3400000000e+00
4.1073107669e-04 1.3304708738e+04 1.5707963268e+00 -5.3433333333e+00
4.1098730319e-04 1.3304708738e+04 1.5707963268e+00 -5.3466666667e+00
4.1124352969e-04 1.3304708738e+04 1.5707963268e+00 -5.3500000000e+00
4.1149975619e-04 1.3304708738e+04 1.5707963268e+00 -5.3533333333e+00
4.1175598269e-04 1.3304708738e+04 1.5707963268e+00 -5.3566666667e+00
4.1201220918e-04 1.3304708738e+04 1.5707963268e+00 -5.3600000000e+00
4.1226843568e-04 1.3304708738e+04 1.5707963268e+00 -5.3633333333e+00
4.1252466218e-04 1.3304708738e+04 1.5707963268e+00 -5.3666666667e+00
4.1278088868e-04 1.3304708738e+04 1.5707963268e+00 -5.3700000000e+00
4.1303711518e-04 1.3304708738e+04 1.5707963268e+00 -5.3733333333e+00
4.1329334167e-04 1.3304708738e+04 1.5707963268e+00 -5.3766666667e+00
4.1354956817e-04 1.3304708738e+04 1.5707963268e+00 -5.3800000000e+00
4.1380579467e-04 1.3304708738e+04 1.5707963268e+00 -5.3833333333e+00
4.1406202117e-04 1.3304708738e+04 1.5707963268e+00 -5.3866666667e+00
4.1431824767e-04 1.3304708738e+04 1.5707963268e+00 -5.3900000000e+00
4.1457447417e-04 1.3304708738e+04 1.5707963268e+00 -5.3933333333e+00
4.1483070066e-04 1.3304708738e+04 1.5707963268e+00 -5.3966666667e+00
4.1508692716e-04 1.3304708738e+04 1.5707963268e+00 -5.4000000000e+00
4.1534315366e-04 1.3304708738e+04 1.5707963268e+00 -5.4033333333e+00
4.1559938016e-04 1.3304708738e+04 1.5707963268e+00 -5.4066666667e+00
4.1585560666e-04 1.3304708738e+04 1.5707963268e+00 -5.4100000000e+00
4.1611183316e-04 1.3304708738e+04 1.5707963268e+00 -5.4133333333e+00
4.1636805965e-04 1.3304708738e+04 1.5707963268e+00 -5.4166666667e+00
4.1662428615e-04 1.3304708738e+04 1.5707963268e+00 -5.4200000000e+00
4.1688051265e-04 1.3304708738e+04 1.5707963268e+00 -5.4233333333e+00
4.1713673915e-04 1.3304708738e+04 1.5707963268e+00 -5.4266666667e+00
4.1739296565e-04 1.3304708738e+04 1.5707963268e+00 -5.4300000000e+00
4.1764919214e-04 1.3304708738e+04 1.5707963268e+00 -5.4333333333e+00
4.1790541864e-04 1.3304708738e+04 1.5707963268e+00 -5.4366666667e+00
4.1816164514e-04 1.3304708738e+04 1.5707963268e+00 -5.4400000000e+00
4.1841787164e-04 1.3304708738e+04 1.5707963268e+00 -5.4433333333e+00
4.1867409814e-04 1.3304708738e+04 1.5707963268e+00 -5.4466666667e+00
4.1893032464e-04 1.3304708738e+04 1.5707963268e+00 -5.4500000000e+00
4.1918655113e-04 1.3304708738e+04 1.5707963268e+00 -5.4533333333e+00
4.1944277763e-04 1.3304708738e+04 1.5707963268e+00 -5.4566666667e+00
4.1969900413e-04 1.3304708738e+04 1.5707963268e+00 -5.4600000000e+00
4.1995523063e-04 1.3304708738e+04 1.5707963268e+00 -5.4633333333e+00
4.2021145713e-04 1.3304708738e+04 1.5707963268e+00 -5.4666666667e+00
4.2046768363e-04 1.3304708738e+04 1.5707963268e+00 -5.4700000000e+00
4.2072391012e-04 1.3304708738e+04 1.5707963268e+00 -5.4733333333e+00
4.2098013662e-04 1.3304708738e+04 1.5707963268e+00 -5.4766666667e+00
4.2123636312e-04 1.3304708738e+04 1.5707963268e+00 -5.4800000000e+00
4.2149258962e-04 1.3304708738e+04 1.5707963268e+00 -5.4833333333e+00
4.2174881612e-04 1.3304708738e+04 1.5707963268e+00 -5.4866666667e+00
4.2200504262e-04 1.3304708738e+04 1.5707963268e+00 -5.4900000000e+00
4.2226126911e-04 1.3304708738e+04 1.5707963268e+00 -5.4933333333e+00
4.2251749561e-04 1.3304708738e+04 1.5707963268e+00 -5.4966666667e+00
4.2277372211e-04 1.3304708738e+04 1.5707963268e+00 -5.5000000000e+00
4.2302994861e-04 1.3304708738e+04 1.5707963268e+00 -5.5033333333e+00
4.2328617511e-04 1.3304708738e+04 1.5707963268e+00 -5.5066666667e+00
4.2354240160e-04 1.3304708738e+04 1.5707963268e+00 -5.5100000000e+00
4.2379862810e-04 1.3304708738e+04 1.5707963268e+00 -5.5133333333e+00
4.2405485460e-04 1.3304708738e+04 1.5707963268e+00 -5.5166666667e+00
4.2431108110e-04 1.3304708738e+04 1.5707963268e+00 -5.5200000000e+00
4.2456730760e-04 1.3304708738e+04 1.5707963268e+00 -5.5233333333e+00
4.2482353410e-04 1.3304708738e+04 1.5707963268e+00 -5.5266666667e+00
4.2507976059e-04 1.3304708738e+04 1.5707963268e+00 -5.5300000000e+00
4.2533598709e-04 1.3304708738e+04 1.5707963268e+00 -5.5333333333e+00
4.2559221359e-04 1.3304708738e+04 1.5707963268e+00 -5.5366666667e+00
4.2584844009e-04 1.3304708738e+04 1.5707963268e+00 -5.5400000000e+00
4.2610466659e-04 1.3304708738e+04 1.5707963268e+00 -5.5433333333e+00
4.2636089309e-04 1.3304708738e+04 1.5707963268e+00 -5.5466666667e+00
4.2661711958e-04 1.3304708738e+04 1.5707963268e+00 -5.5500000000e+00
4.2687334608e-04 1.3304708738e+04 1.5707963268e+00 -5.5533333333e+00
4.2712957258e-04 1.3304708738e+04 1.5707963268e+00 -5.5566666667e+00
4.2738579908e-04 1.3304708738e+04 1.5707963268e+00 -5.5600000000e+00
4.2764202558e-04 1.3304708738e+04 1.5707963268e+00 -5.5633333333e+00
4.2789825207e-04 1.3304708738e+04 1.5707963268e+00 -5.5666666667e+00
4.2815447857e-04 1.3304708738e+04 1.5707963268e+00 -5.5700000000e+00
4.2841070507e-04 1.3304708738e+04 1.5707963268e+00 -5.5733333333e+00
4.2866693157e-04 1.3304708738e+04 1.5707963268e+00 -5.5766666667e+00
4.2892315807e-04 1.3304708738e+04 1.5707963268e+00 -5.5800000000e+00
4.2917938457e-04 1.3304708738e+04 1.5707963268e+00 -5.5833333333e+00
4.2943561106e-04 1.3304708738e+04 1.5707963268e+00 -5.5866666667e+00
4.2969183756e-04 1.3304708738e+04 1.5707963268e+00 -5.5900000000e+00
4.2994806406e-04 1.3304708738e+04 1.5707963268e+00 -5.5933333333e+00
4.3020429056e-04 1.3304708738e+04 1.5707963268e+00 -5.5966666667e+00
4.3046051706e-04 1.3304708738e+04 1.5707963268e+00 -5.6000000000e+00
4.3071674356e-04 1.3304708738e+04 1.5707963268e+00 -5.6033333333e+00
4.3097297005e-04 1.3304708738e+04 1.5707963268e+00 -5.6066666667e+00
4.3122919655e-04 1.3304708738e+04 1.5707963268e+00 -5.6100000000e+00
4.3148542305e-04 1.3304708738e+04 1.5707963268e+00 -5.6133333333e+00
4.3174164955e-04 1.3304708738e+04 1.5707963268e+00 -5.6166666667e+00
4.3199787605e-04 1.3304708738e+04 1.5707963268e+00 -5.6200000000e+00
4.3225410255e-04 1.3304708738e+04 1.5707963268e+00 -5.6233333333e+00
4.3251032904e-04 1.3304708738e+04 1.5707963268e+00 -5.6266666667e+00
4.3276655554e-04 1.3304708738e+04 1.5707963268e+00 -5.6300000000e+00
4.3302278204e-04 1.3304708738e+04 1.5707963268e+00 -5.6333333333e+00
4.3327900854e-04 1.3304708738e+04 1.5707963268e+00 -5.6366666667e+00
4.3353523504e-04 1.3304708738e+04 1.5707963268e+00 -5.6400000000e+00
4.3379146153e-04 1.3304708738e+04 1.5707963268e+00 -5.6433333333e+00
4.3404768803e-04 1.3304708738e+04 1.5707963268e+00 -5.6466666667e+00
4.3430391453e-04 1.3304708738e+04 1.5707963268e+00 -5.6500000000e+00
4.3456014103e-04 1.3304708738e+04 1.5707963268e+00 -5.6533333333e+00
4.3481636753e-04 1.3304708738e+04 1.5707963268e+00 -5.6566666667e+00
4.3507259403e-04 1.3304708738e+04 1.5707963268e+00 -5.6600000000e+00
4.3532882052e-04 1.3304708738e+04 1.5707963268e+00 -5.6633333333e+00
4.3558504702e-04 1.3304708738e+04 1.5707963268e+00 -5.6666666667e+00
4.3584127352e-04 1.3304708738e+04 1.5707963268e+00 -5.6700000000e+00
4.3609750002e-04 1.3304708738e+04 1.5707963268e+00 -5.6733333333e+00
4.3635372652e-04 1.3304708738e+04 1.5707963268e+00 -5.6766666667e+00
4.3660995302e-04 1.3304708738e+04 1.5707963268e+00 -5.6800000000e+00
4.3686617951e-04 1.3304708738e+04 1.5707963268e+00 -5.6833333333e+00
4.3712240601e-04 1.3304708738e+04 1.5707963268e+00 -5.6866666667e+00
4.3737863251e-04 1.3304708738e+04 1.5707963268e+00 -5.6900000000e+00
4.3763485901e-04 1.3304708738e+04 1.5707963268e+00 -5.6933333333e+00
4.3789108551e-04 1.3304708738e+04 1.5707963268e+00 -5.6966666667e+00
4.3814731200e-04 1.3304708738e+04 1.5707963268e+00 -5.7000000000e+00
4.3840353850e-04 1.3304708738e+04 1.5707963268e+00 -5.7033333333e+00
4.3865976500e-04 1.3304708738e+04 1.5707963268e+00 -5.7066666667e+00
4.3891599150e-04 1.3304708738e+04 1.5707963268e+00 -5.7100000000e+00
4.3917221800e-04 1.3304708738e+04 1.5707963268e+00 -5.7133333333e+00
4.3942844450e-04 1.3304708738e+04 1.5707963268e+00 -5.7166666667e+00
4.3968467099e-04 1.3304708738e+04 1.5707963268e+00 -5.7200000000e+00
4.3994089749e-04 1.3304708738e+04 1.5707963268e+00 -5.7233333333e+00
4.4019712399e-04 1.3304708738e+04 1.5707963268e+00 -5.7266666667e+00
4.4045335049e-04 1.3304708738e+04 1.5707963268e+00 -5.7300000000e+00
4.4070957699e-04 1.3304708738e+04 1.5707963268e+00 -5.7333333333e+00
4.4096580349e-04 1.3304708738e+04 1.5707963268e+00 -5.7366666667e+00
4.4122202998e-04 1.3304708738e+04 1.5707963268e+00 -5.7400000000e+00
4.4147825648e-04 1.3304708738e+04 1.5707963268e+00 -5.7433333333e+00
4.4173448298e-04 1.3304708738e+04 1.5707963268e+00 -5.7466666667e+00
4.4199070948e-04 1.3304708738e+04 1.5707963268e+00 -5.7500000000e+00
4.4224693598e-04 1.3304708738e+04 1.5707963268e+00 -5.7533333333e+00
4.4250316247e-04 1.3304708738e+04 1.5707963268e+00 -5.7566666667e+00
4.4275938897e-04 1.3304708738e+04 1.5707963268e+00 -5.7600000000e+00
4.4301561547e-04 1.3304708738e+04 1.5707963268e+00 -5.7633333333e+00
4.4327184197e-04 1.3304708738e+04 1.5707963268e+00 -5.7666666667e+00
4.4352806847e-04 1.3304708738e+04 1.5707963268e+00 -5.7700000000e+00
4.4378429497e-04 1.3304708738e+04 1.5707963268e+00 -5.7733333333e+00
4.4404052146e-04 1.3304708738e+04 1.5707963268e+00 -5.7766666667e+00
4.4429674796e-04 1.3304708738e+04 1.5707963268e+00 -5.7800000000e+00
4.4455297446e-04 1.3304708738e+04 1.5707963268e+00 -5.7833333333e+00
4.4480920096e-04 1.3304708738e+04 1.5707963268e+00 -5.7866666667e+00
4.4506542746e-04 1.3304708738e+04 1.5707963268e+00 -5.7900000000e+00
4.4532165396e-04 1.3304708738e+04 1.5707963268e+00 -5.7933333333e+00
4.4557788045e-04 1.3304708738e+04 1.5707963268e+00 -5.7966666667e+00
4.4583410695e-04 1.3304708738e+04 1.5707963268e+00 -5.8000000000e+00
4.4609033345e-04 1.3304708738e+04 1.5707963268e+00 -5.8033333333e+00
4.4634655995e-04 1.3304708738e+04 1.5707963268e+00 -5.8066666667e+00
4.4660278645e-04 1.3304708738e+04 1.5707963268e+00 -5.8100000000e+00
4.4685901295e-04 1.3304708738e+04 1.5707963268e+00 -5.8133333333e+00
4.4711523944e-04 1.3304708738e+04 1.5707963268e+00 -5.8166666667e+00
4.4737146594e-04 1.3304708738e+04 1.5707963268e+00 -5.8200000000e+00
4.4762769244e-04 1.3304708738e+04 1.5707963268e+00 -5.8233333333e+00
4.4788391894e-04 1.3304708738e+04 1.5707963268e+00 -5.8266666667e+00
4.4814014544e-04 1.3304708738e+04 1.5707963268e+00 -5.8300000000e+00
4.4839637193e-04 1.3304708738e+04 1.5707963268e+00 -5.8333333333e+00
4.4865259843e-04 1.3304708738e+04 1.5707963268e+00 -5.8366666667e+00
4.4890882493e-04 1.3304708738e+04 1.5707963268e+00 -5.8400000000e+00
4.4916505143e-04 1.3304708738e+04 1.5707963268e+00 -5.8433333333e+00
4.4942127793e-04 1.3304708738e+04 1.5707963268e+00 -5.8466666667e+00
4.4967750443e-04 1.3304708738e+04 1.5707963268e+00 -5.8500000000e+00
4.4993373092e-04 1.3304708738e+04 1.5707963268e+00 -5.8533333333e+00
4.5018995742e-04 1.3304708738e+04 1.5707963268e+00 -5.8566666667e+00
4.5044618392e-04 1.3304708738e+04 1.5707963268e+00 -5.8600000000e+00
4.5070241042e-04 1.3304708738e+04 1.5707963268e+00 -5.8633333333e+00
4.5095863692e-04 1.3304708738e+04 1.5707963268e+00 -5.8666666667e+00
4.5121486342e-04 1.3304708738e+04 1.5707963268e+00 -5.8700000000e+00
4.5147108991e-04 1.3304708738e+04 1.5707963268e+00 -5.8733333333e+00
4.5172731641e-04 1.3304708738e+04 1.5707963268e+00 -5.8766666667e+00
4.5198354291e-04 1.3304708738e+04 1.5707963268e+00 -5.8800000000e+00
4.5223976941e-04 1.3304708738e+04 1.5707963268e+00 -5.8833333333e+00
4.5249599591e-04 1.3304708738e+04 1.5707963268e+00 -5.8866666667e+00
4.5275222240e-04 1.3304708738e+04 1.5707963268e+00 -5.8900000000e+00
4.5300844890e-04 1.3304708738e+04 1.5707963268e+00 -5.8933333333e+00
4.5326467540e-04 1.3304708738e+04 1.5707963268e+00 -5.8966666667e+00
4.5352090190e-04 1.3304708738e+04 1.5707963268e+00 -5.9000000000e+00
4.5377712840e-04 1.3304708738e+04 1.5707963268e+00 -5.9033333333e+00
4.5403335490e-04 1.3304708738e+04 1.5707963268e+00 -5.9066666667e+00
4.5428958139e-04 1.3304708738e+04 1.5707963268e+00 -5.9100000000e+00
4.5454580789e-04 1.3304708738e+04 1.5707963268e+00 -5.9133333333e+00
4.5480203439e-04 1.3304708738e+04 1.5707963268e+00 -5.9166666667e+00
4.5505826089e-04 1.3304708738e+04 1.5707963268e+00 -5.9200000000e+00
4.5531448739e-04 1.3304708738e+04 1.5707963268e+00 -5.9233333333e+00
4.5557071389e-04 1.3304708738e+04 1.5707963268e+00 -5.9266666667e+00
4.5582694038e-04 1.3304708738e+04 1.5707963268e+00 -5.9300000000e+00
4.5608316688e-04 1.3304708738e+04 1.5707963268e+00 -5.9333333333e+00
4.5633939338e-04 1.3304708738e+04 1.5707963268e+00 -5.9366666667e+00
4.5659561988e-04 1.3304708738e+04 1.5707963268e+00 -5.9400000000e+00
4.5685184638e-04 1.3304708738e+04 1.5707963268e+00 -5.9433333333e+00
4.5710807288e-04 1.3304708738e+04 1.5707963268e+00 -5.9466666667e+00
4.5736429937e-04 1.3304708738e+04 1.5707963268e+00 -5.9500000000e+00
4.5762052587e-04 1.3304708738e+04 1.5707963268e+00 -5.9533333333e+00
4.5787675237e-04 1.3304708738e+04 1.5707963268e+00 -5.9566666667e+00
4.5813297887e-04 1.3304708738e+04 1.5707963268e+00 -5.9600000000e+00
4.5838920537e-04 1.3304708738e+04 1.5707963268e+00 -5.9633333333e+00
4.5864543186e-04 1.3304708738e+04 1.5707963268e+00 -5.9666666667e+00
4.5890165836e-04 1.3304708738e+04 1.5707963268e+00 -5.9700000000e+00
4.5915788486e-04 1.3304708738e+04 1.5707963268e+00 -5.9733333333e+00
4.5941411136e-04 1.3304708738e+04 1.5707963268e+00 -5.9766666667e+00
4.5967033786e-04 1.3304708738e+04 1.5707963268e+00 -5.9800000000e+00
4.5992656436e-04 1.3304708738e+04 1.5707963268e+00 -5.9833333333e+00
4.6018279085e-04 1.3304708738e+04 1.5707963268e+00 -5.9866666667e+00
4.6043901735e-04 1.3304708738e+04 1.5707963268e+00 -5.9900000000e+00
4.6069524385e-04 1.3304708738e+04 1.5707963268e+00 -5.9933333333e+00
4.6095147035e-04 1.3304708738e+04 1.5707963268e+00 -5.9966666667e+00
4.6120769685e-04 1.3304708738e+04 1.5707963268e+00 -6.0000000000e+00
4.6146392335e-04 1.3304708738e+04 1.5707963268e+00 -6.0033333333e+00
4.6172014984e-04 1.3304708738e+04 1.5707963268e+00 -6.0066666667e+00
4.6197637634e-04 1.3304708738e+04 1.5707963268e+00 -6.0100000000e+00
4.6223260284e-04 1.3304708738e+04 1.5707963268e+00 -6.0133333333e+00
4.6248882934e-04 1.3304708738e+04 1.5707963268e+00 -6.0166666667e+00
4.6274505584e-04 1.3304708738e+04 1.5707963268e+00 -6.0200000000e+00
4.6300128233e-04 1.3304708738e+04 1.5707963268e+00 -6.0233333333e+00
4.6325750883e-04 1.3304708738e+04 1.5707963268e+00 -6.0266666667e+00
4.6351373533e-04 1.3304708738e+04 1.5707963268e+00 -6.0300000000e+00
4.6376996183e-04 1.3304708738e+04 1.5707963268e+00 -6.0333333333e+00
4.6402618833e-04 1.3304708738e+04 1.5707963268e+00 -6.0366666667e+00
4.6428241483e-04 1.3304708738e+04 1.5707963268e+00 -6.0400000000e+00
4.6453864132e-04 1.3304708738e+04 1.5707963268e+00 -6.0433333333e+00
4.6479486782e-04 1.3304708738e+04 1.5707963268e+00 -6.0466666667e+00
4.6505109432e-04 1.3304708738e+04 1.5707963268e+00 -6.0500000000e+00
4.6530732082e-04 1.3304708738e+04 1.5707963268e+00 -6.0533333333e+00
4.6556354732e-04 1.3304708738e+04 1.5707963268e+00 -6.0566666667e+00
4.6581977382e-04 1.3304708738e+04 1.5707963268e+00 -6.0600000000e+00
4.6607600031e-04 1.3304708738e+04 1.5707963268e+00 -6.0633333333e+00
4.6633222681e-04 1.3304708738e+04 1.5707963268e+00 -6.0666666667e+00
4.6658845331e-04 1.3304708738e+04 1.5707963268e+00 -6.0700000000e+00
4.6684467981e-04 1.3304708738e+04 1.5707963268e+00 -6.0733333333e+00
4.6710090631e-04 1.3304708738e+04 1.5707963268e+00 -6.0766666667e+00
4.6735713281e-04 1.3304708738e+04 1.5707963268e+00 -6.0800000000e+00
4.6761335930e-04 1.3304708738e+04 1.5707963268e+00 -6.0833333333e+00
4.6786958580e-04 1.3304708738e+04 1.5707963268e+00 -6.0866666667e+00
4.6812581230e-04 1.3304708738e+04 1.5707963268e+00 -6.0900000000e+00
4.6838203880e-04 1.3304708738e+04 1.5707963268e+00 -6.0933333333e+00
4.6863826530e-04 1.3304708738e+04 1.5707963268e+00 -6.0966666667e+00
4.6889449179e-04 1.3304708738e+04 1.5707963268e+00 -6.1000000000e+00
4.6915071829e-04 1.3304708738e+04 1.5707963268e+00 -6.1033333333e+00
4.6940694479e-04 1.3304708738e+04 1.5707963268e+00 -6.1066666667e+00
4.6966317129e-04 1.3304708738e+04 1.5707963268e+00 -6.1100000000e+00
4.6991939779e-04 1.3304708738e+04 1.5707963268e+00 -6.1133333333e+00
4.7017562429e-04 1.3304708738e+04 1.5707963268e+00 -6.1166666667e+00
4.7043185078e-04 1.3304708738e+04 1.5707963268e+00 -6.1200000000e+00
4.7068807728e-04 1.3304708738e+04 1.5707963268e+00 -6.1233333333e+00
4.7094430378e-04 1.3304708738e+04 1.5707963268e+00 -6.1266666667e+00
4.7120053028e-04 1.3304708738e+04 1.5707963268e+00 -6.1300000000e+00
4.7145675678e-04 1.3304708738e+04 1.5707963268e+00 -6.1333333333e+00
4.7171298328e-04 1.3304708738e+04 1.5707963268e+00 -6.1366666667e+00
4.7196920977e-04 1.3304708738e+04 1.5707963268e+00 -6.1400000000e+00
4.7222543627e-04 1.3304708738e+04 1.5707963268e+00 -6.1433333333e+00
4.7248166277e-04 1.3304708738e+04 1.5707963268e+00 -6.1466666667e+00
4.7273788927e-04 1.3304708738e+04 1.5707963268e+00 -6.1500000000e+00
4.7299411577e-04 1.3304708738e+04 1.5707963268e+00 -6.1533333333e+00
4.7325034226e-04 1.3304708738e+04 1.5707963268e+00 -6.1566666667e+00
4.7350656876e-04 1.3304708738e+04 1.5707963268e+00 -6.1600000000e+00
4.7376279526e-04 1.3304708738e+04 1.5707963268e+00 -6.1633333333e+00
4.7401902176e-04 1.3304708738e+04 1.5707963268e+00 -6.1666666667e+00
4.7427524826e-04 1.3304708738e+04 1.5707963268e+00 -6.1700000000e+00
4.7453147476e-04 1.3304708738e+04 1.5707963268e+00 -6.1733333333e+00
4.7478770125e-04 1.3304708738e+04 1.5707963268e+00 -6.1766666667e+00
4.7504392775e-04 1.3304708738e+04 1.5707963268e+00 -6.1800000000e+00
4.7530015425e-04 1.3304708738e+04 1.5707963268e+00 -6.1833333333e+00
4.7555638075e-04 1.3304708738e+04 1.5707963268e+00 -6.1866666667e+00
4.7581260725e-04 1.3304708738e+04 1.5707963268e+00 -6.1900000000e+00
4.7606883375e-04 1.3304708738e+04 1.5707963268e+00 -6.1933333333e+00
4.7632506024e-04 1.3304708738e+04 1.5707963268e+00 -6.1966666667e+00
4.7658128674e-04 1.3304708738e+04 1.5707963268e+00 -6.2000000000e+00
4.7683751324e-04 1.3304708738e+04 1.5707963268e+00 -6.2033333333e+00
4.7709373974e-04 1.3304708738e+04 1.5707963268e+00 -6.2066666667e+00
4.7734996624e-04 1.3304708738e+04 1.5707963268e+00 -6.2100000000e+00
4.7760619274e-04 1.3304708738e+04 1.5707963268e+00 -6.2133333333e+00
4.7786241923e-04 1.3304708738e+04 1.5707963268e+00 -6.2166666667e+00
4.7811864573e-04 1.3304708738e+04 1.5707963268e+00 -6.2200000000e+00
4.7837487223e-04 1.3304708738e+04 1.5707963268e+00 -6.2233333333e+00
4.7863109873e-04 1.3304708738e+04 1.5707963268e+00 -6.2266666667e+00
4.7888732523e-04 1.3304708738e+04 1.5707963268e+00 -6.2300000000e+00
4.7914355172e-04 1.3304708738e+04 1.5707963268e+00 -6.2333333333e+00
4.7939977822e-04 1.3304708738e+04 1.5707963268e+00 -6.2366666667e+00
4.7965600472e-04 1.3304708738e+04 1.5707963268e+00 -6.2400000000e+00
4.7991223122e-04 1.3304708738e+04 1.5707963268e+00 -6.2433333333e+00
4.8016845772e-04 1.3304708738e+04 1.5707963268e+00 -6.2466666667e+00
4.8042468422e-04 1.3304708738e+04 1.5707963268e+00 -6.2500000000e+00
4.8068091071e-04 1.3304708738e+04 1.5707963268e+00 -6.2533333333e+00
4.8093713721e-04 1.3304708738e+04 1.5707963268e+00 -6.2566666667e+00
4.8119336371e-04 1.3304708738e+04 1.5707963268e+00 -6.2600000000e+00
4.8144959021e-04 1.3304708738e+04 1.5707963268e+00 -6.2633333333e+00
4.8170581671e-04 1.3304708738e+04 1.5707963268e+00 -6.2666666667e+00
4.8196204321e-04 1.3304708738e+04 1.5707963268e+00 -6.2700000000e+00
4.8221826970e-04 1.3304708738e+04 1.5707963268e+00 -6.2733333333e+00
4.8247449620e-04 1.3304708738e+04 1.5707963268e+00 -6.2766666667e+00
4.8273072270e-04 1.3304708738e+04 1.5707963268e+00 -6.2800000000e+00
4.8298694920e-04 1.3304708738e+04 1.5707963268e+00 -6.2833333333e+00
4.8324317570e-04 1.3304708738e+04 1.5707963268e+00 -6.2866666667e+00
4.8349940219e-04 1.3304708738e+04 1.5707963268e+00 -6.2900000000e+00
4.8375562869e-04 1.3304708738e+04 1.5707963268e+00 -6.2933333333e+00
4.8401185519e-04 1.3304708738e+04 1.5707963268e+00 -6.2966666667e+00
4.8426808169e-04 1.3304708738e+04 1.5707963268e+00 -6.3000000000e+00
4.8452430819e-04 1.3304708738e+04 1.5707963268e+00 -6.3033333333e+00
4.8478053469e-04 1.3304708738e+04 1.5707963268e+00 -6.3066666667e+00
4.8503676118e-04 1.3304708738e+04 1.5707963268e+00 -6.3100000000e+00
4.8529298768e-04 1.3304708738e+04 1.5707963268e+00 -6.3133333333e+00
4.8554921418e-04 1.3304708738e+04 1.5707963268e+00 -6.3166666667e+00
4.8580544068e-04 1.3304708738e+04 1.5707963268e+00 -6.3200000000e+00
4.8606166718e-04 1.3304708738e+04 1.5707963268e+00 -6.3233333333e+00
4.8631789368e-04 1.3304708738e+04 1.5707963268e+00 -6.3266666667e+00
4.8657412017e-04 1.3304708738e+04 1.5707963268e+00 -6.3300000000e+00
4.8683034667e-04 1.3304708738e+04 1.5707963268e+00 -6.3333333333e+00
4.8708657317e-04 1.3304708738e+04 1.5707963268e+00 -6.3366666667e+00
4.8734279967e-04 1.3304708738e+04 1.5707963268e+00 -6.3400000000e+00
4.8759902617e-04 1.3304708738e+04 1.5707963268e+00 -6.3433333333e+00
4.8785525266e-04 1.3304708738e+04 1.5707963268e+00 -6.3466666667e+00
4.8811147916e-04 1.3304708738e+04 1.5707963268e+00 -6.3500000000e+00
4.8836770566e-04 1.3304708738e+04 1.5707963268e+00 -6.3533333333e+00
4.8862393216e-04 1.3304708738e+04 1.5707963268e+00 -6.3566666667e+00
4.8888015866e-04 1.3304708738e+04 1.5707963268e+00 -6.3600000000e+00
4.8913638516e-04 1.3304708738e+04 1.5707963268e+00 -6.3633333333e+00
4.8939261165e-04 1.3304708738e+04 1.5707963268e+00 -6.3666666667e+00
4.8964883815e-04 1.3304708738e+04 1.5707963268e+00 -6.3700000000e+00
4.8990506465e-04 1.3304708738e+04 1.5707963268e+00 -6.3733333333e+00
4.9016129115e-04 1.3304708738e+04 1.5707963268e+00 -6.3766666667e+00
4.9041751765e-04 1.3304708738e+04 1.5707963268e+00 -6.3800000000e+00
4.9067374415e-04 1.3304708738e+04 1.5707963268e+00 -6.3833333333e+00
4.9092997064e-04 1.3304708738e+04 1.5707963268e+00 -6.3866666667e+00
4.9118619714e-04 1.3304708738e+04 1.5707963268e+00 -6.3900000000e+00
4.9144242364e-04 1.3304708738e+04 1.5707963268e+00 -6.3933333333e+00
4.9169865014e-04 1.3304708738e+04 1.5707963268e+00 -6.3966666667e+00
4.9195487664e-04 1.3304708738e+04 1.5707963268e+00 -6.4000000000e+00
4.9221110314e-04 1.3304708738e+04 1.5707963268e+00 -6.4033333333e+00
4.9246732963e-04 1.3304708738e+04 1.5707963268e+00 -6.4066666667e+00
4.9272355613e-04 1.3304708738e+04 1.5707963268e+00 -6.4100000000e+00
4.9297978263e-04 1.3304708738e+04 1.5707963268e+00 -6.4133333333e+00
4.9323600913e-04 1.3304708738e+04 1.5707963268e+00 -6.4166666667e+00
4.9349223563e-04 1.3304708738e+04 1.5707963268e+00 -6.4200000000e+00
4.9374846212e-04 1.3304708738e+04 1.5707963268e+00 -6.4233333333e+00
4.9400468862e-04 1.3304708738e+04 1.5707963268e+00 -6.4266666667e+00
4.9426091512e-04 1.3304708738e+04 1.5707963268e+00 -6.4300000000e+00
4.9451714162e-04 1.3304708738e+04 1.5707963268e+00 -6.4333333333e+00
4.9477336812e-04 1.3304708738e+04 1.5707963268e+00 -6.4366666667e+00
4.9502959462e-04 1.3304708738e+04 1.5707963268e+00 -6.4400000000e+00
4.9528582111e-04 1.3304708738e+04 1.5707963268e+00 -6.4433333333e+00
4.9554204761e-04 1.3304708738e+04 1.5707963268e+00 -6.4466666667e+00
4.9579827411e-04 1.3304708738e+04 1.5707963268e+00 -6.4500000000e+00
4.9605450061e-04 1.3304708738e+04 1.5707963268e+00 -6.4533333333e+00
4.9631072711e-04 1.3304708738e+04 1.5707963268e+00 -6.4566666667e+00
4.9656695361e-04 1.3304708738e+04 1.5707963268e+00 -6.4600000000e+00
4.9682318010e-04 1.3304708738e+04 1.5707963268e+00 -6.4633333333e+00
4.9707940660e-04 1.3304708738e+04 1.5707963268e+00 -6.4666666667e+00
4.9733563310e-04 1.3304708738e+04 1.5707963268e+00 -6.4700000000e+00
4.9759185960e-04 1.3304708738e+04 1.5707963268e+00 -6.4733333333e+00
4.9784808610e-04 1.3304708738e+04 1.5707963268e+00 -6.4766666667e+00
4.9810431259e-04 1.3304708738e+04 1.5707963268e+00 -6.4800000000e+00
4.9836053909e-04 1.3304708738e+04 1.5707963268e+00 -6.4833333333e+00
4.9861676559e-04 1.3304708738e+04 1.5707963268e+00 -6.4866666667e+00
4.9887299209e-04 1.3304708738e+04 1.5707963268e+00 -6.4900000000e+00
4.9912921859e-04 1.3304708738e+04 1.5707963268e+00 -6.4933333333e+00
4.9938544509e-04 1.3304708738e+04 1.5707963268e+00 -6.4966666667e+00
4.9964167158e-04 1.3304708738e+04 1.5707963268e+00 -6.5000000000e+00
4.9989789808e-04 1.3304708738e+04 1.5707963268e+00 -6.5033333333e+00
5.0015412458e-04 1.3304708738e+04 1.5707963268e+00 -6.5066666667e+00
5.0041035108e-04 1.3304708738e+04 1.5707963268e+00 -6.5100000000e+00
5.0066657758e-04 1.3304708738e+04 1.5707963268e+00 -6.5133333333e+00
5.0092280408e-04 1.3304708738e+04 1.5707963268e+00 -6.5166666667e+00
5.0117903057e-04 1.3304708738e+04 1.5707963268e+00 -6.5200000000e+00
5.0143525707e-04 1.3304708738e+04 1.5707963268e+00 -6.5233333333e+00
5.0169148357e-04 1.3304708738e+04 1.5707963268e+00 -6.5266666667e+00
5.0194771007e-04 1.3304708738e+04 1.5707963268e+00 -6.5300000000e+00
5.0220393657e-04 1.3304708738e+04 1.5707963268e+00 -6.5333333333e+00
5.0246016307e-04 1.3304708738e+04 1.5707963268e+00 -6.5366666667e+00
5.0271638956e-04 1.3304708738e+04 1.5707963268e+00 -6.5400000000e+00
5.0297261606e-04 1.3304708738e+04 1.5707963268e+00 -6.5433333333e+00
5.0322884256e-04 1.3304708738e+04 1.5707963268e+00 -6.5466666667e+00
5.0348506906e-04 1.3304708738e+04 1.5707963268e+00 -6.5500000000e+00
5.0374129556e-04 1.3304708738e+04 1.5707963268e+00 -6.5533333333e+00
5.0399752205e-04 1.3304708738e+04 1.5707963268e+00 -6.5566666667e+00
5.0425374855e-04 1.3304708738e+04 1.5707963268e+00 -6.5600000000e+00
5.0450997505e-04 1.3304708738e+04 1.5707963268e+00 -6.5633333333e+00
5.0476620155e-04 1.3304708738e+04 1.5707963268e+00 -6.5666666667e+00
5.0502242805e-04 1.3304708738e+04 1.5707963268e+00 -6.5700000000e+00
5.0527865455e-04 1.3304708738e+04 1.5707963268e+00 -6.5733333333e+00
5.0553488104e-04 1.3304708738e+04 1.5707963268e+00 -6.5766666667e+00
5.0579110754e-04 1.3304708738e+04 1.5707963268e+00 -6.5800000000e+00
5.0604733404e-04 1.3304708738e+04 1.5707963268e+00 -6.5833333333e+00
5.0630356054e-04 1.3304708738e+04 1.5707963268e+00 -6.5866666667e+00
5.0655978704e-04 1.3304708738e+04 1.5707963268e+00 -6.5900000000e+00
5.0681601354e-04 1.3304708738e+04 1.5707963268e+00 -6.5933333333e+00
5.0707224003e-04 1.3304708738e+04 1.5707963268e+00 -6.5966666667e+00
5.0732846653e-04 1.3304708738e+04 1.5707963268e+00 -6.6000000000e+00
5.0758469303e-04 1.3304708738e+04 1.5707963268e+00 -6.6033333333e+00
5.0784091953e-04 1.3304708738e+04 1.5707963268e+00 -6.6066666667e+00
5.0809714603e-04 1.3304708738e+04 1.5707963268e+00 -6.6100000000e+00
5.0835337252e-04 1.3304708738e+04 1.5707963268e+00 -6.6133333333e+00
5.0860959902e-04 1.3304708738e+04 1.5707963268e+00 -6.6166666667e+00
5.0886582552e-04 1.3304708738e+04 1.5707963268e+00 -6.6200000000e+00
5.0912205202e-04 1.3304708738e+04 1.5707963268e+00 -6.6233333333e+00
5.0937827852e-04 1.3304708738e+04 1.5707963268e+00 -6.6266666667e+00
5.0963450502e-04 1.3304708738e+04 1.5707963268e+00 -6.6300000000e+00
5.0989073151e-04 1.3304708738e+04 1.5707963268e+00 -6.6333333333e+00
5.1014695801e-04 1.3304708738e+04 1.5707963268e+00 -6.6366666667e+00
5.1040318451e-04 1.3304708738e+04 1.5707963268e+00 -6.6400000000e+00
5.1065941101e-04 1.3304708738e+04 1.5707963268e+00 -6.6433333333e+00
5.1091563751e-04 1.3304708738e+04 1.5707963268e+00 -6.6466666667e+00
5.1117186401e-04 1.3304708738e+04 1.5707963268e+00 -6.6500000000e+00
5.1142809050e-04 1.3304708738e+04 1.5707963268e+00 -6.6533333333e+00
5.1168431700e-04 1.3304708738e+04 1.5707963268e+00 -6.6566666667e+00
5.1194054350e-04 1.3304708738e+04 1.5707963268e+00 -6.6600000000e+00
5.1219677000e-04 1.3304708738e+04 1.5707963268e+00 -6.6633333333e+00
5.1245299650e-04 1.3304708738e+04 1.5707963268e+00 -6.6666666667e+00
5.1270922300e-04 1.3304708738e+04 1.5707963268e+00 -6.6700000000e+00
5.1296544949e-04 1.3304708738e+04 1.5707963268e+00 -6.6733333333e+00
5.1322167599e-04 1.3304708738e+04 1.5707963268e+00 -6.6766666667e+00
5.1347790249e-04 1.3304708738e+04 1.5707963268e+00 -6.6800000000e+00
5.1373412899e-04 1.3304708738e+04 1.5707963268e+00 -6.6833333333e+00
5.1399035549e-04 1.3304708738e+04 1.5707963268e+00 -6.6866666667e+00
5.1424658198e-04 1.3304708738e+04 1.5707963268e+00 -6.6900000000e+00
5.1450280848e-04 1.3304708738e+04 1.5707963268e+00 -6.6933333333e+00
5.1475903498e-04 1.3304708738e+04 1.5707963268e+00 -6.6966666667e+00
5.1501526148e-04 1.3304708738e+04 1.5707963268e+00 -6.7000000000e+00
5.1527148798e-04 1.3304708738e+04 1.5707963268e+00 -6.7033333333e+00
5.1552771448e-04 1.3304708738e+04 1.5707963268e+00 -6.7066666667e+00
5.1578394097e-04 1.3304708738e+04 1.5707963268e+00 -6.7100000000e+00
5.1604016747e-04 1.3304708738e+04 1.5707963268e+00 -6.7133333333e+00
5.1629639397e-04 1.3304708738e+04 1.5707963268e+00 -6.7166666667e+00
5.1655262047e-04 1.3304708738e+04 1.5707963268e+00 -6.7200000000e+00
5.1680884697e-04 1.3304708738e+04 1.5707963268e+00 -6.7233333333e+00
5.1706507347e-04 1.3304708738e+04 1.5707963268e+00 -6.7266666667e+00
5.1732129996e-04 1.3304708738e+04 1.5707963268e+00 -6.7300000000e+00
5.1757752646e-04 1.3304708738e+04 1.5707963268e+00 -6.7333333333e+00
5.1783375296e-04 1.3304708738e+04 1.5707963268e+00 -6.7366666667e+00
5.1808997946e-04 1.3304708738e+04 1.5707963268e+00 -6.7400000000e+00
5.1834620596e-04 1.3304708738e+04 1.5707963268e+00 -6.7433333333e+00
5.1860243245e-04 1.3304708738e+04 1.5707963268e+00 -6.7466666667e+00
5.1885865895e-04 1.3304708738e+04 1.5707963268e+00 -6.7500000000e+00
5.1911488545e-04 1.3304708738e+04 1.5707963268e+00 -6.7533333333e+00
5.1937111195e-04 1.3304708738e+04 1.5707963268e+00 -6.7566666667e+00
5.1962733845e-04 1.3304708738e+04 1.5707963268e+00 -6.7600000000e+00
5.1988356495e-04 1.3304708738e+04 1.5707963268e+00 -6.7633333333e+00
5.2013979144e-04 1.3304708738e+04 1.5707963268e+00 -6.7666666667e+00
5.2039601794e-04 1.3304708738e+04 1.5707963268e+00 -6.7700000000e+00
5.2065224444e-04 1.3304708738e+04 1.5707963268e+00 -6.7733333333e+00
5.2090847094e-04 1.3304708738e+04 1.5707963268e+00 -6.7766666667e+00
5.2116469744e-04 1.3304708738e+04 1.5707963268e+00 -6.7800000000e+00
5.2142092394e-04 1.3304708738e+04 1.5707963268e+00 -6.7833333333e+00
5.2167715043e-04 1.3304708738e+04 1.5707963268e+00 -6.7866666667e+00
5.2193337693e-04 1.3304708738e+04 1.5707963268e+00 -6.7900000000e+00
5.2218960343e-04 1.3304708738e+04 1.5707963268e+00 -6.7933333333e+00
5.2244582993e-04 1.3304708738e+04 1.5707963268e+00 -6.7966666667e+00
5.2270205643e-04 1.3304708738e+04 1.5707963268e+00 -6.8000000000e+00
5.2295828292e-04 1.3304708738e+04 1.5707963268e+00 -6.8033333333e+00
5.2321450942e-04 1.3304708738e+04 1.5707963268e+00 -6.8066666667e+00
5.2347073592e-04 1.3304708738e+04 1.5707963268e+00 -6.8100000000e+00
5.2372696242e-04 1.3304708738e+04 1.5707963268e+00 -6.8133333333e+00
5.2398318892e-04 1.3304708738e+04 1.5707963268e+00 -6.8166666667e+00
5.2423941542e-04 1.3304708738e+04 1.5707963268e+00 -6.8200000000e+00
5.2449564191e-04 1.3304708738e+04 1.5707963268e+00 -6.8233333333e+00
5.2475186841e-04 1.3304708738e+04 1.5707963268e+00 -6.8266666667e+00
5.2500809491e-04 1.3304708738e+04 1.5707963268e+00 -6.8300000000e+00
5.2526432141e-04 1.3304708738e+04 1.5707963268e+00 -6.8333333333e+00
5.2552054791e-04 1.3304708738e+04 1.5707963268e+00 -6.8366666667e+00
5.2577677441e-04 1.3304708738e+04 1.5707963268e+00 -6.8400000000e+00
5.2603300090e-04 1.3304708738e+04 1.5707963268e+00 -6.8433333333e+00
5.2628922740e-04 1.3304708738e+04 1.5707963268e+00 -6.8466666667e+00
5.2654545390e-04 1.3304708738e+04 1.5707963268e+00 -6.8500000000e+00
5.2680168040e-04 1.3304708738e+04 1.5707963268e+00 -6.8533333333e+00
5.2705790690e-04 1.3304708738e+04 1.5707963268e+00 -6.8566666667e+00
5.2731413340e-04 1.3304708738e+04 1.5707963268e+00 -6.8600000000e+00
5.2757035989e-04 1.3304708738e+04 1.5707963268e+00 -6.8633333333e+00
5.2782658639e-04 1.3304708738e+04 1.5707963268e+00 -6.8666666667e+00
5.2808281289e-04 1.3304708738e+04 1.5707963268e+00 -6.8700000000e+00
5.2833903939e-04 1.3304708738e+04 1.5707963268e+00 -6.8733333333e+00
5.2859526589e-04 1.3304708738e+04 1.5707963268e+00 -6.8766666667e+00
5.2885149238e-04 1.3304708738e+04 1.5707963268e+00 -6.8800000000e+00
5.2910771888e-04 1.3304708738e+04 1.5707963268e+00 -6.8833333333e+00
5.2936394538e-04 1.3304708738e+04 1.5707963268e+00 -6.8866666667e+00
5.2962017188e-04 1.3304708738e+04 1.5707963268e+00 -6.8900000000e+00
5.2987639838e-04 1.3304708738e+04 1.5707963268e+00 -6.8933333333e+00
5.3013262488e-04 1.3304708738e+04 1.5707963268e+00 -6.8966666667e+00
5.3038885137e-04 1.3304708738e+04 1.5707963268e+00 -6.9000000000e+00
5.3064507787e-04 1.3304708738e+04 1.5707963268e+00 -6.9033333333e+00
5.3090130437e-04 1.3304708738e+04 1.5707963268e+00 -6.9066666667e+00
5.3115753087e-04 1.3304708738e+04 1.5707963268e+00 -6.9100000000e+00
5.3141375737e-04 1.3304708738e+04 1.5707963268e+00 -6.9133333333e+00
5.3166998387e-04 1.3304708738e+04 1.5707963268e+00 -6.9166666667e+00
5.3192621036e-04 1.3304708738e+04 1.5707963268e+00 -6.9200000000e+00
5.3218243686e-04 1.3304708738e+04 1.5707963268e+00 -6.9233333333e+00
5.3243866336e-04 1.3304708738e+04 1.5707963268e+00 -6.9266666667e+00
5.3269488986e-04 1.3304708738e+04 1.5707963268e+00 -6.9300000000e+00
5.3295111636e-04 1.3304708738e+04 1.5707963268e+00 -6.9333333333e+00
5.3320734285e-04 1.3304708738e+04 1.5707963268e+00 -6.9366666667e+00
5.3346356935e-04 1.3304708738e+04 1.5707963268e+00 -6.9400000000e+00
5.3371979585e-04 1.3304708738e+04 1.5707963268e+00 -6.9433333333e+00
5.3397602235e-04 1.3304708738e+04 1.5707963268e+00 -6.9466666667e+00
5.3423224885e-04 1.3304708738e+04 1.5707963268e+00 -6.9500000000e+00
5.3448847535e-04 1.3304708738e+04 1.5707963268e+00 -6.9533333333e+00
5.3474470184e-04 1.3304708738e+04 1.5707963268e+00 -6.9566666667e+00
5.3500092834e-04 1.3304708738e+04 1.5707963268e+00 -6.9600000000e+00
5.3525715484e-04 1.3304708738e+04 1.5707963268e+00 -6.9633333333e+00
5.3551338134e-04 1.3304708738e+04 1.5707963268e+00 -6.9666666667e+00
5.3576960784e-04 1.3304708738e+04 1.5707963268e+00 -6.9700000000e+00
5.3602583434e-04 1.3304708738e+04 1.5707963268e+00 -6.9733333333e+00
5.3628206083e-04 1.3304708738e+04 1.5707963268e+00 -6.9766666667e+00
5.3653828733e-04 1.3304708738e+04 1.5707963268e+00 -6.9800000000e+00
5.3679451383e-04 1.3304708738e+04 1.5707963268e+00 -6.9833333333e+00
5.3705074033e-04 1.3304708738e+04 1.5707963268e+00 -6.9866666667e+00
5.3730696683e-04 1.3304708738e+04 1.5707963268e+00 -6.9900000000e+00
5.3756319333e-04 1.3304708738e+04 1.5707963268e+00 -6.9933333333e+00
5.3781941982e-04 1.3304708738e+04 1.5707963268e+00 -6.9966666667e+00
5.3807564632e-04 1.3304708738e+04 1.5707963268e+00 -7.0000000000e+00
5.3833187282e-04 1.3304708738e+04 1.5707963268e+00 -7.0033333333e+00
5.3858809932e-04 1.3304708738e+04 1.5707963268e+00 -7.0066666667e+00
5.3884432582e-04 1.3304708738e+04 1.5707963268e+00 -7.0100000000e+00
5.3910055231e-04 1.3304708738e+04 1.5707963268e+00 -7.0133333333e+00
5.3935677881e-04 1.3304708738e+04 1.5707963268e+00 -7.0166666667e+00
5.3961300531e-04 1.3304708738e+04 1.5707963268e+00 -7.0200000000e+00
5.3986923181e-04 1.3304708738e+04 1.5707963268e+00 -7.0233333333e+00
5.4012545831e-04 1.3304708738e+04 1.5707963268e+00 -7.0266666667e+00
5.4038168481e-04 1.3304708738e+04 1.5707963268e+00 -7.0300000000e+00
5.4063791130e-04 1.3304708738e+04 1.5707963268e+00 -7.0333333333e+00
5.4089413780e-04 1.3304708738e+04 1.5707963268e+00 -7.0366666667e+00
5.4115036430e-04 1.3304708738e+04 1.5707963268e+00 -7.0400000000e+00
5.4140659080e-04 1.3304708738e+04 1.5707963268e+00 -7.0433333333e+00
5.4166281730e-04 1.3304708738e+04 1.5707963268e+00 -7.0466666667e+00
5.4191904380e-04 1.3304708738e+04 1.5707963268e+00 -7.0500000000e+00
5.4217527029e-04 1.3304708738e+04 1.5707963268e+00 -7.0533333333e+00
5.4243149679e-04 1.3304708738e+04 1.5707963268e+00 -7.0566666667e+00
5.4268772329e-04 1.3304708738e+04 1.5707963268e+00 -7.0600000000e+00
5.4294394979e-04 1.3304708738e+04 1.5707963268e+00 -7.0633333333e+00
5.4320017629e-04 1.3304708738e+04 1.5707963268e+00 -7.0666666667e+00
5.4345640278e-04 1.3304708738e+04 1.5707963268e+00 -7.0700000000e+00
5.4371262928e-04 1.3304708738e+04 1.5707963268e+00 -7.0733333333e+00
5.4396885578e-04 1.3304708738e+04 1.5707963268e+00 -7.0766666667e+00
5.4422508228e-04 1.3304708738e+04 1.5707963268e+00 -7.0800000000e+00
5.4448130878e-04 1.3304708738e+04 1.5707963268e+00 -7.0833333333e+00
5.4473753528e-04 1.3304708738e+04 1.5707963268e+00 -7.0866666667e+00
5.4499376177e-04 1.3304708738e+04 1.5707963268e+00 -7.0900000000e+00
5.4524998827e-04 1.3304708738e+04 1.5707963268e+00 -7.0933333333e+00
5.4550621477e-04 1.3304708738e+04 1.5707963268e+00 -7.0966666667e+00
5.4576244127e-04 1.3304708738e+04 1.5707963268e+00 -7.1000000000e+00
5.4601866777e-04 1.3304708738e+04 1.5707963268e+00 -7.1033333333e+00
5.4627489427e-04 1.3304708738e+04 1.5707963268e+00 -7.1066666667e+00
5.4653112076e-04 1.3304708738e+04 1.5707963268e+00 -7.1100000000e+00
5.4678734726e-04 1.3304708738e+04 1.5707963268e+00 -7.1133333333e+00
5.4704357376e-04 1.3304708738e+04 1.5707963268e+00 -7.1166666667e+00
5.4729980026e-04 1.3304708738e+04 1.5707963268e+00 -7.1200000000e+00
5.4755602676e-04 1.3304708738e+04 1.5707963268e+00 -7.1233333333e+00
5.4781225326e-04 1.3304708738e+04 1.5707963268e+00 -7.1266666667e+00
5.4806847975e-04 1.3304708738e+04 1.5707963268e+00 -7.1300000000e+00
5.4832470625e-04 1.3304708738e+04 1.5707963268e+00 -7.1333333333e+00
5.4858093275e-04 1.3304708738e+04 1.5707963268e+00 -7.1366666667e+00
5.4883715925e-04 1.3304708738e+04 1.5707963268e+00 -7.1400000000e+00
5.4909338575e-04 1.3304708738e+04 1.5707963268e+00 -7.1433333333e+00
5.4934961224e-04 1.3304708738e+04 1.5707963268e+00 -7.1466666667e+00
5.4960583874e-04 1.3304708738e+04 1.5707963268e+00 -7.1500000000e+00
5.4986206524e-04 1.3304708738e+04 1.5707963268e+00 -7.1533333333e+00
5.5011829174e-04 1.3304708738e+04 1.5707963268e+00 -7.1566666667e+00
5.5037451824e-04 1.3304708738e+04 1.5707963268e+00 -7.1600000000e+00
5.5063074474e-04 1.3304708738e+04 1.5707963268e+00 -7.1633333333e+00
5.5088697123e-04 1.3304708738e+04 1.5707963268e+00 -7.1666666667e+00
5.5114319773e-04 1.3304708738e+04 1.5707963268e+00 -7.1700000000e+00
5.5139942423e-04 1.3304708738e+04 1.5707963268e+00 -7.1733333333e+00
5.5165565073e-04 1.3304708738e+04 1.5707963268e+00 -7.1766666667e+00
5.5191187723e-04 1.3304708738e+04 1.5707963268e+00 -7.1800000000e+00
5.5216810373e-04 1.3304708738e+04 1.5707963268e+00 -7.1833333333e+00
5.5242433022e-04 1.3304708738e+04 1.5707963268e+00 -7.1866666667e+00
5.5268055672e-04 1.3304708738e+04 1.5707963268e+00 -7.1900000000e+00
5.5293678322e-04 1.3304708738e+04 1.5707963268e+00 -7.1933333333e+00
5.5319300972e-04 1.3304708738e+04 1.5707963268e+00 -7.1966666667e+00
5.5344923622e-04 1.3304708738e+04 1.5707963268e+00 -7.2000000000e+00
5.5370546271e-04 1.3304708738e+04 1.5707963268e+00 -7.2033333333e+00
5.5396168921e-04 1.3304708738e+04 1.5707963268e+00 -7.2066666667e+00
5.5421791571e-04 1.3304708738e+04 1.5707963268e+00 -7.2100000000e+00
5.5447414221e-04 1.3304708738e+04 1.5707963268e+00 -7.2133333333e+00
5.5473036871e-04 1.3304708738e+04 1.5707963268e+00 -7.2166666667e+00
5.5498659521e-04 1.3304708738e+04 1.5707963268e+00 -7.2200000000e+00
5.5524282170e-04 1.3304708738e+04 1.5707963268e+00 -7.2233333333e+00
5.5549904820e-04 1.3304708738e+04 1.5707963268e+00 -7.2266666667e+00
5.5575527470e-04 1.3304708738e+04 1.5707963268e+00 -7.2300000000e+00
5.5601150120e-04 1.3304708738e+04 1.5707963268e+00 -7.2333333333e+00
5.5626772770e-04 1.3304708738e+04 1.5707963268e+00 -7.2366666667e+00
5.5652395420e-04 1.3304708738e+04 1.5707963268e+00 -7.2400000000e+00
5.5678018069e-04 1.3304708738e+04 1.5707963268e+00 -7.2433333333e+00
5.5703640719e-04 1.3304708738e+04 1.5707963268e+00 -7.2466666667e+00
5.5729263369e-04 1.3304708738e+04 1.5707963268e+00 -7.2500000000e+00
5.5754886019e-04 1.3304708738e+04 1.5707963268e+00 -7.2533333333e+00
5.5780508669e-04 1.3304708738e+04 1.5707963268e+00 -7.2566666667e+00
5.5806131319e-04 1.3304708738e+04 1.5707963268e+00 -7.2600000000e+00
5.5831753968e-04 1.3304708738e+04 1.5707963268e+00 -7.2633333333e+00
5.5857376618e-04 1.3304708738e+04 1.5707963268e+00 -7.2666666667e+00
5.5882999268e-04 1.3304708738e+04 1.5707963268e+00 -7.2700000000e+00
5.5908621918e-04 1.3304708738e+04 1.5707963268e+00 -7.2733333333e+00
5.5934244568e-04 1.3304708738e+04 1.5707963268e+00 -7.2766666667e+00
5.5959867217e-04 1.3304708738e+04 1.5707963268e+00 -7.2800000000e+00
5.5985489867e-04 1.3304708738e+04 1.5707963268e+00 -7.2833333333e+00
5.6011112517e-04 1.3304708738e+04 1.5707963268e+00 -7.2866666667e+00
5.6036735167e-04 1.3304708738e+04 1.5707963268e+00 -7.2900000000e+00
5.6062357817e-04 1.3304708738e+04 1.5707963268e+00 -7.2933333333e+00
5.6087980467e-04 1.3304708738e+04 1.5707963268e+00 -7.2966666667e+00
5.6113603116e-04 1.3304708738e+04 1.5707963268e+00 -7.3000000000e+00
5.6139225766e-04 1.3304708738e+04 1.5707963268e+00 -7.3033333333e+00
5.6164848416e-04 1.3304708738e+04 1.5707963268e+00 -7.3066666667e+00
5.6190471066e-04 1.3304708738e+04 1.5707963268e+00 -7.3100000000e+00
5.6216093716e-04 1.3304708738e+04 1.5707963268e+00 -7.3133333333e+00
5.6241716366e-04 1.3304708738e+04 1.5707963268e+00 -7.3166666667e+00
5.6267339015e-04 1.3304708738e+04 1.5707963268e+00 -7.3200000000e+00
5.6292961665e-04 1.3304708738e+04 1.5707963268e+00 -7.3233333333e+00
5.6318584315e-04 1.3304708738e+04 1.5707963268e+00 -7.3266666667e+00
5.6344206965e-04 1.3304708738e+04 1.5707963268e+00 -7.3300000000e+00
5.6369829615e-04 1.3304708738e+04 1.5707963268e+00 -7.3333333333e+00
5.6395452264e-04 1.3304708738e+04 1.5707963268e+00 -7.3366666667e+00
5.6421074914e-04 1.3304708738e+04 1.5707963268e+00 -7.3400000000e+00
5.6446697564e-04 1.3304708738e+04 1.5707963268e+00 -7.3433333333e+00
5.6472320214e-04 1.3304708738e+04 1.5707963268e+00 -7.3466666667e+00
5.6497942864e-04 1.3304708738e+04 1.5707963268e+00 -7.3500000000e+00
5.6523565514e-04 1.3304708738e+04 1.5707963268e+00 -7.3533333333e+00
5.6549188163e-04 1.3304708738e+04 1.5707963268e+00 -7.3566666667e+00
5.6574810813e-04 1.3304708738e+04 1.5707963268e+00 -7.3600000000e+00
5.6600433463e-04 1.3304708738e+04 1.5707963268e+00 -7.3633333333e+00
5.6626056113e-04 1.3304708738e+04 1.5707963268e+00 -7.3666666667e+00
5.6651678763e-04 1.3304708738e+04 1.5707963268e+00 -7.3700000000e+00
5.6677301413e-04 1.3304708738e+04 1.5707963268e+00 -7.3733333333e+00
5.6702924062e-04 1.3304708738e+04 1.5707963268e+00 -7.3766666667e+00
5.6728546712e-04 1.3304708738e+04 1.5707963268e+00 -7.3800000000e+00
5.6754169362e-04 1.3304708738e+04 1.5707963268e+00 -7.3833333333e+00
5.6779792012e-04 1.3304708738e+04 1.5707963268e+00 -7.3866666667e+00
5.6805414662e-04 1.3304708738e+04 1.5707963268e+00 -7.3900000000e+00
5.6831037311e-04 1.3304708738e+04 1.5707963268e+00 -7.3933333333e+00
5.6856659961e-04 1.3304708738e+04 1.5707963268e+00 -7.3966666667e+00
5.6882282611e-04 1.3304708738e+04 1.5707963268e+00 -7.4000000000e+00
5.6907905261e-04 1.3304708738e+04 1.5707963268e+00 -7.4033333333e+00
5.6933527911e-04 1.3304708738e+04 1.5707963268e+00 -7.4066666667e+00
5.6959150561e-04 1.3304708738e+04 1.5707963268e+00 -7.4100000000e+00
5.6984773210e-04 1.3304708738e+04 1.5707963268e+00 -7.4133333333e+00
5.7010395860e-04 1.3304708738e+04 1.5707963268e+00 -7.4166666667e+00
5.7036018510e-04 1.3304708738e+04 1.5707963268e+00 -7.4200000000e+00
5.7061641160e-04 1.3304708738e+04 1.5707963268e+00 -7.4233333333e+00
5.7087263810e-04 1.3304708738e+04 1.5707963268e+00 -7.4266666667e+00
5.7112886460e-04 1.3304708738e+04 1.5707963268e+00 -7.4300000000e+00
5.7138509109e-04 1.3304708738e+04 1.5707963268e+00 -7.4333333333e+00
5.7164131759e-04 1.3304708738e+04 1.5707963268e+00 -7.4366666667e+00
5.7189754409e-04 1.3304708738e+04 1.5707963268e+00 -7.4400000000e+00
5.7215377059e-04 1.3304708738e+04 1.5707963268e+00 -7.4433333333e+00
5.7240999709e-04 1.3304708738e+04 1.5707963268e+00 -7.4466666667e+00
5.7266622359e-04 1.3304708738e+04 1.5707963268e+00 -7.4500000000e+00
5.7292245008e-04 1.3304708738e+04 1.5707963268e+00 -7.4533333333e+00
5.7317867658e-04 1.3304708738e+04 1.5707963268e+00 -7.4566666667e+00
5.7343490308e-04 1.3304708738e+04 1.5707963268e+00 -7.4600000000e+00
5.7369112958e-04 1.3304708738e+04 1.5707963268e+00 -7.4633333333e+00
5.7394735608e-04 1.3304708738e+04 1.5707963268e+00 -7.4666666667e+00
5.7420358257e-04 1.3304708738e+04 1.5707963268e+00 -7.4700000000e+00
5.7445980907e-04 1.3304708738e+04 1.5707963268e+00 -7.4733333333e+00
5.7471603557e-04 1.3304708738e+04 1.5707963268e+00 -7.4766666667e+00
5.7497226207e-04 1.3304708738e+04 1.5707963268e+00 -7.4800000000e+00
5.7522848857e-04 1.3304708738e+04 1.5707963268e+00 -7.4833333333e+00
5.7548471507e-04 1.3304708738e+04 1.5707963268e+00 -7.4866666667e+00
5.7574094156e-04 1.3304708738e+04 1.5707963268e+00 -7.4900000000e+00
5.7599716806e-04 1.3304708738e+04 1.5707963268e+00 -7.4933333333e+00
5.7625339456e-04 1.3304708738e+04 1.5707963268e+00 -7.4966666667e+00
5.7650962106e-04 1.3304708738e+04 1.5707963268e+00 -7.5000000000e+00
5.7676584756e-04 1.3304708738e+04 1.5707963268e+00 -7.5033333333e+00
5.7702207406e-04 1.3304708738e+04 1.5707963268e+00 -7.5066666667e+00
5.7727830055e-04 1.3304708738e+04 1.5707963268e+00 -7.5100000000e+00
5.7753452705e-04 1.3304708738e+04 1.5707963268e+00 -7.5133333333e+00
5.7779075355e-04 1.3304708738e+04 1.5707963268e+00 -7.5166666667e+00
5.7804698005e-04 1.3304708738e+04 1.5707963268e+00 -7.5200000000e+00
5.7830320655e-04 1.3304708738e+04 1.5707963268e+00 -7.5233333333e+00
5.7855943304e-04 1.3304708738e+04 1.5707963268e+00 -7.5266666667e+00
5.7881565954e-04 1.3304708738e+04 1.5707963268e+00 -7.5300000000e+00
5.7907188604e-04 1.3304708738e+04 1.5707963268e+00 -7.5333333333e+00
5.7932811254e-04 1.3304708738e+04 1.5707963268e+00 -7.5366666667e+00
5.7958433904e-04 1.3304708738e+04 1.5707963268e+00 -7.5400000000e+00
5.7984056554e-04 1.3304708738e+04 1.5707963268e+00 -7.5433333333e+00
5.8009679203e-04 1.3304708738e+04 1.5707963268e+00 -7.5466666667e+00
5.8035301853e-04 1.3304708738e+04 1.5707963268e+00 -7.5500000000e+00
5.8060924503e-04 1.3304708738e+04 1.5707963268e+00 -7.5533333333e+00
5.8086547153e-04 1.3304708738e+04 1.5707963268e+00 -7.5566666667e+00
5.8112169803e-04 1.3304708738e+04 1.5707963268e+00 -7.5600000000e+00
5.8137792453e-04 1.3304708738e+04 1.5707963268e+00 -7.5633333333e+00
5.8163415102e-04 1.3304708738e+04 1.5707963268e+00 -7.5666666667e+00
5.8189037752e-04 1.3304708738e+04 1.5707963268e+00 -7.5700000000e+00
5.8214660402e-04 1.3304708738e+04 1.5707963268e+00 -7.5733333333e+00
5.8240283052e-04 1.3304708738e+04 1.5707963268e+00 -7.5766666667e+00
5.8265905702e-04 1.3304708738e+04 1.5707963268e+00 -7.5800000000e+00
5.8291528352e-04 1.3304708738e+04 1.5707963268e+00 -7.5833333333e+00
5.8317151001e-04 1.3304708738e+04 1.5707963268e+00 -7.5866666667e+00
5.8342773651e-04 1.3304708738e+04 1.5707963268e+00 -7.5900000000e+00
5.8368396301e-04 1.3304708738e+04 1.5707963268e+00 -7.5933333333e+00
5.8394018951e-04 1.3304708738e+04 1.5707963268e+00 -7.5966666667e+00
5.8419641601e-04 1.3304708738e+04 1.5707963268e+00 -7.6000000000e+00
5.8445264250e-04 1.3304708738e+04 1.5707963268e+00 -7.6033333333e+00
5.8470886900e-04 1.3304708738e+04 1.5707963268e+00 -7.6066666667e+00
5.8496509550e-04 1.3304708738e+04 1.5707963268e+00 -7.6100000000e+00
5.8522132200e-04 1.3304708738e+04 1.5707963268e+00 -7.6133333333e+00
5.8547754850e-04 1.3304708738e+04 1.5707963268e+00 -7.6166666667e+00
5.8573377500e-04 1.3304708738e+04 1.5707963268e+00 -7.6200000000e+00
5.8599000149e-04 1.3304708738e+04 1.5707963268e+00 -7.6233333333e+00
5.8624622799e-04 1.3304708738e+04 1.5707963268e+00 -7.6266666667e+00
5.8650245449e-04 1.3304708738e+04 1.5707963268e+00 -7.6300000000e+00
5.8675868099e-04 1.3304708738e+04 1.5707963268e+00 -7.6333333333e+00
5.8701490749e-04 1.3304708738e+04 1.5707963268e+00 -7.6366666667e+00
5.8727113399e-04 1.3304708738e+04 1.5707963268e+00 -7.6400000000e+00
5.8752736048e-04 1.3304708738e+04 1.5707963268e+00 -7.6433333333e+00
5.8778358698e-04 1.3304708738e+04 1.5707963268e+00 -7.6466666667e+00
5.8803981348e-04 1.3304708738e+04 1.5707963268e+00 -7.6500000000e+00
5.8829603998e-04 1.3304708738e+04 1.5707963268e+00 -7.6533333333e+00
5.8855226648e-04 1.3304708738e+04 1.5707963268e+00 -7.6566666667e+00
5.8880849297e-04 1.3304708738e+04 1.5707963268e+00 -7.6600000000e+00
5.8906471947e-04 1.3304708738e+04 1.5707963268e+00 -7.6633333333e+00
5.8932094597e-04 1.3304708738e+04 1.5707963268e+00 -7.6666666667e+00
5.8957717247e-04 1.3304708738e+04 1.5707963268e+00 -7.6700000000e+00
5.8983339897e-04 1.3304708738e+04 1.5707963268e+00 -7.6733333333e+00
5.9008962547e-04 1.3304708738e+04 1.5707963268e+00 -7.6766666667e+00
5.9034585196e-04 1.3304708738e+04 1.5707963268e+00 -7.6800000000e+00
5.9060207846e-04 1.3304708738e+04 1.5707963268e+00 -7.6833333333e+00
5.9085830496e-04 1.3304708738e+04 1.5707963268e+00 -7.6866666667e+00
5.9111453146e-04 1.3304708738e+04 1.5707963268e+00 -7.6900000000e+00
5.9137075796e-04 1.3304708738e+04 1.5707963268e+00 -7.6933333333e+00
5.9162698446e-04 1.3304708738e+04 1.5707963268e+00 -7.6966666667e+00
5.9188321095e-04 1.3304708738e+04 1.5707963268e+00 -7.7000000000e+00
5.9213943745e-04 1.3304708738e+04 1.5707963268e+00 -7.7033333333e+00
5.9239566395e-04 1.3304708738e+04 1.5707963268e+00 -7.7066666667e+00
5.9265189045e-04 1.3304708738e+04 1.5707963268e+00 -7.7100000000e+00
5.9290811695e-04 1.3304708738e+04 1.5707963268e+00 -7.7133333333e+00
5.9316434345e-04 1.3304708738e+04 1.5707963268e+00 -7.7166666667e+00
5.9342056994e-04 1.3304708738e+04 1.5707963268e+00 -7.7200000000e+00
5.9367679644e-04 1.3304708738e+04 1.5707963268e+00 -7.7233333333e+00
5.9393302294e-04 1.3304708738e+04 1.5707963268e+00 -7.7266666667e+00
5.9418924944e-04 1.3304708738e+04 1.5707963268e+00 -7.7300000000e+00
5.9444547594e-04 1.3304708738e+04 1.5707963268e+00 -7.7333333333e+00
5.9470170243e-04 1.3304708738e+04 1.5707963268e+00 -7.7366666667e+00
5.9495792893e-04 1.3304708738e+04 1.5707963268e+00 -7.7400000000e+00
5.9521415543e-04 1.3304708738e+04 1.5707963268e+00 -7.7433333333e+00
5.9547038193e-04 1.3304708738e+04 1.5707963268e+00 -7.7466666667e+00
5.9572660843e-04 1.3304708738e+04 1.5707963268e+00 -7.7500000000e+00
5.9598283493e-04 1.3304708738e+04 1.5707963268e+00 -7.7533333333e+00
5.9623906142e-04 1.3304708738e+04 1.5707963268e+00 -7.7566666667e+00
5.9649528792e-04 1.3304708738e+04 1.5707963268e+00 -7.7600000000e+00
5.9675151442e-04 1.3304708738e+04 1.5707963268e+00 -7.7633333333e+00
5.9700774092e-04 1.3304708738e+04 1.5707963268e+00 -7.7666666667e+00
5.9726396742e-04 1.3304708738e+04 1.5707963268e+00 -7.7700000000e+00
5.9752019392e-04 1.3304708738e+04 1.5707963268e+00 -7.7733333333e+00
5.9777642041e-04 1.3304708738e+04 1.5707963268e+00 -7.7766666667e+00
5.9803264691e-04 1.3304708738e+04 1.5707963268e+00 -7.7800000000e+00
5.9828887341e-04 1.3304708738e+04 1.5707963268e+00 -7.7833333333e+00
5.9854509991e-04 1.3304708738e+04 1.5707963268e+00 -7.7866666667e+00
5.9880132641e-04 1.3304708738e+04 1.5707963268e+00 -7.7900000000e+00
5.9905755290e-04 1.3304708738e+04 1.5707963268e+00 -7.7933333333e+00
5.9931377940e-04 1.3304708738e+04 1.5707963268e+00 -7.7966666667e+00
5.9957000590e-04 1.3304708738e+04 1.5707963268e+00 -7.8000000000e+00
5.9982623240e-04 1.3304708738e+04 1.5707963268e+00 -7.8033333333e+00
6.0008245890e-04 1.3304708738e+04 1.5707963268e+00 -7.8066666667e+00
6.0033868540e-04 1.3304708738e+04 1.5707963268e+00 -7.8100000000e+00
6.0059491189e-04 1.3304708738e+04 1.5707963268e+00 -7.8133333333e+00
6.0085113839e-04 1.3304708738e+04 1.5707963268e+00 -7.8166666667e+00
6.0110736489e-04 1.3304708738e+04 1.5707963268e+00 -7.8200000000e+00
6.0136359139e-04 1.3304708738e+04 1.5707963268e+00 -7.8233333333e+00
6.0161981789e-04 1.3304708738e+04 1.5707963268e+00 -7.8266666667e+00
6.0187604439e-04 1.3304708738e+04 1.5707963268e+00 -7.8300000000e+00
6.0213227088e-04 1.3304708738e+04 1.5707963268e+00 -7.8333333333e+00
6.0238849738e-04 1.3304708738e+04 1.5707963268e+00 -7.8366666667e+00
6.0264472388e-04 1.3304708738e+04 1.5707963268e+00 -7.8400000000e+00
6.0290095038e-04 1.3304708738e+04 1.5707963268e+00 -7.8433333333e+00
6.0315717688e-04 1.3304708738e+04 1.5707963268e+00 -7.8466666667e+00
6.0341340338e-04 1.3304708738e+04 1.5707963268e+00 -7.8500000000e+00
6.0366962987e-04 1.3304708738e+04 1.5707963268e+00 -7.8533333333e+00
6.0392585637e-04 1.3304708738e+04 1.5707963268e+00 -7.8566666667e+00
6.0418208287e-04 1.3304708738e+04 1.5707963268e+00 -7.8600000000e+00
6.0443830937e-04 1.3304708738e+04 1.5707963268e+00 -7.8633333333e+00
6.0469453587e-04 1.3304708738e+04 1.5707963268e+00 -7.8666666667e+00
6.0495076236e-04 1.3304708738e+04 1.5707963268e+00 -7.8700000000e+00
6.0520698886e-04 1.3304708738e+04 1.5707963268e+00 -7.8733333333e+00
6.0546321536e-04 1.3304708738e+04 1.5707963268e+00 -7.8766666667e+00
6.0571944186e-04 1.3304708738e+04 1.5707963268e+00 -7.8800000000e+00
6.0597566836e-04 1.3304708738e+04 1.5707963268e+00 -7.8833333333e+00
6.0623189486e-04 1.3304708738e+04 1.5707963268e+00 -7.8866666667e+00
6.0648812135e-04 1.3304708738e+04 1.5707963268e+00 -7.8900000000e+00
6.0674434785e-04 1.3304708738e+04 1.5707963268e+00 -7.8933333333e+00
6.0700057435e-04 1.3304708738e+04 1.5707963268e+00 -7.8966666667e+00
6.0725680085e-04 1.3304708738e+04 1.5707963268e+00 -7.9000000000e+00
6.0751302735e-04 1.3304708738e+04 1.5707963268e+00 -7.9033333333e+00
6.0776925385e-04 1.3304708738e+04 1.5707963268e+00 -7.9066666667e+00
6.0802548034e-04 1.3304708738e+04 1.5707963268e+00 -7.9100000000e+00
6.0828170684e-04 1.3304708738e+04 1.5707963268e+00 -7.9133333333e+00
6.0853793334e-04 1.3304708738e+04 1.5707963268e+00 -7.9166666667e+00
6.0879415984e-04 1.3304708738e+04 1.5707963268e+00 -7.9200000000e+00
6.0905038634e-04 1.3304708738e+04 1.5707963268e+00 -7.9233333333e+00
6.0930661283e-04 1.3304708738e+04 1.5707963268e+00 -7.9266666667e+00
6.0956283933e-04 1.3304708738e+04 1.5707963268e+00 -7.9300000000e+00
6.0981906583e-04 1.3304708738e+04 1.5707963268e+00 -7.9333333333e+00
6.1007529233e-04 1.3304708738e+04 1.5707963268e+00 -7.9366666667e+00
6.1033151883e-04 1.3304708738e+04 1.5707963268e+00 -7.9400000000e+00
6.1058774533e-04 1.3304708738e+04 1.5707963268e+00 -7.9433333333e+00
6.1084397182e-04 1.3304708738e+04 1.5707963268e+00 -7.9466666667e+00
6.1110019832e-04 1.3304708738e+04 1.5707963268e+00 -7.9500000000e+00
6.1135642482e-04 1.3304708738e+04 1.5707963268e+00 -7.9533333333e+00
6.1161265132e-04 1.3304708738e+04 1.5707963268e+00 -7.9566666667e+00
6.1186887782e-04 1.3304708738e+04 1.5707963268e+00 -7.9600000000e+00
6.1212510432e-04 1.3304708738e+04 1.5707963268e+00 -7.9633333333e+00
6.1238133081e-04 1.3304708738e+04 1.5707963268e+00 -7.9666666667e+00
6.1263755731e-04 1.3304708738e+04 1.5707963268e+00 -7.9700000000e+00
6.1289378381e-04 1.3304708738e+04 1.5707963268e+00 -7.9733333333e+00
6.1315001031e-04 1.3304708738e+04 1.5707963268e+00 -7.9766666667e+00
6.1340623681e-04 1.3304708738e+04 1.5707963268e+00 -7.9800000000e+00
6.1366246330e-04 1.3304708738e+04 1.5707963268e+00 -7.9833333333e+00
6.1391868980e-04 1.3304708738e+04 1.5707963268e+00 -7.9866666667e+00
6.1417491630e-04 1.3304708738e+04 1.5707963268e+00 -7.9900000000e+00
6.1443114280e-04 1.3304708738e+04 1.5707963268e+00 -7.9933333333e+00
6.1468736930e-04 1.3304708738e+04 1.5707963268e+00 -7.9966666667e+00
6.1494359580e-04 1.3304708738e+04 1.5707963268e+00 -8.0000000000e+00
6.1519982229e-04 1.3304708738e+04 1.5707963268e+00 -8.0033333333e+00
6.1545604879e-04 1.3304708738e+04 1.5707963268e+00 -8.0066666667e+00
6.1571227529e-04 1.3304708738e+04 1.5707963268e+00 -8.0100000000e+00
6.1596850179e-04 1.3304708738e+04 1.5707963268e+00 -8.0133333333e+00
6.1622472829e-04 1.3304708738e+04 1.5707963268e+00 -8.0166666667e+00
6.1648095479e-04 1.3304708738e+04 1.5707963268e+00 -8.0200000000e+00
6.1673718128e-04 1.3304708738e+04 1.5707963268e+00 -8.0233333333e+00
6.1699340778e-04 1.3304708738e+04 1.5707963268e+00 -8.0266666667e+00
6.1724963428e-04 1.3304708738e+04 1.5707963268e+00 -8.0300000000e+00
6.1750586078e-04 1.3304708738e+04 1.5707963268e+00 -8.0333333333e+00
6.1776208728e-04 1.3304708738e+04 1.5707963268e+00 -8.0366666667e+00
6.1801831378e-04 1.3304708738e+04 1.5707963268e+00 -8.0400000000e+00
6.1827454027e-04 1.3304708738e+04 1.5707963268e+00 -8.0433333333e+00
6.1853076677e-04 1.3304708738e+04 1.5707963268e+00 -8.0466666667e+00
6.1878699327e-04 1.3304708738e+04 1.5707963268e+00 -8.0500000000e+00
6.1904321977e-04 1.3304708738e+04 1.5707963268e+00 -8.0533333333e+00
6.1929944627e-04 1.3304708738e+04 1.5707963268e+00 -8.0566666667e+00
6.1955567276e-04 1.3304708738e+04 1.5707963268e+00 -8.0600000000e+00
6.1981189926e-04 1.3304708738e+04 1.5707963268e+00 -8.0633333333e+00
6.2006812576e-04 1.3304708738e+04 1.5707963268e+00 -8.0666666667e+00
6.2032435226e-04 1.3304708738e+04 1.5707963268e+00 -8.0700000000e+00
6.2058057876e-04 1.3304708738e+04 1.5707963268e+00 -8.0733333333e+00
6.2083680526e-04 1.3304708738e+04 1.5707963268e+00 -8.0766666667e+00
6.2109303175e-04 1.3304708738e+04 1.5707963268e+00 -8.0800000000e+00
6.2134925825e-04 1.3304708738e+04 1.5707963268e+00 -8.0833333333e+00
6.2160548475e-04 1.3304708738e+04 1.5707963268e+00 -8.0866666667e+00
6.2186171125e-04 1.3304708738e+04 1.5707963268e+00 -8.0900000000e+00
6.2211793775e-04 1.3304708738e+04 1.5707963268e+00 -8.0933333333e+00
6.2237416425e-04 1.3304708738e+04 1.5707963268e+00 -8.0966666667e+00
6.2263039074e-04 1.3304708738e+04 1.5707963268e+00 -8.1000000000e+00
6.2288661724e-04 1.3304708738e+04 1.5707963268e+00 -8.1033333333e+00
6.2314284374e-04 1.3304708738e+04 1.5707963268e+00 -8.1066666667e+00
6.2339907024e-04 1.3304708738e+04 1.5707963268e+00 -8.1100000000e+00
6.2365529674e-04 1.3304708738e+04 1.5707963268e+00 -8.1133333333e+00
6.2391152323e-04 1.3304708738e+04 1.5707963268e+00 -8.1166666667e+00
6.2416774973e-04 1.3304708738e+04 1.5707963268e+00 -8.1200000000e+00
6.2442397623e-04 1.3304708738e+04 1.5707963268e+00 -8.1233333333e+00
6.2468020273e-04 1.3304708738e+04 1.5707963268e+00 -8.1266666667e+00
6.2493642923e-04 1.3304708738e+04 1.5707963268e+00 -8.1300000000e+00
6.2519265573e-04 1.3304708738e+04 1.5707963268e+00 -8.1333333333e+00
6.2544888222e-04 1.3304708738e+04 1.5707963268e+00 -8.1366666667e+00
6.2570510872e-04 1.3304708738e+04 1.5707963268e+00 -8.1400000000e+00
6.2596133522e-04 1.3304708738e+04 1.5707963268e+00 -8.1433333333e+00
6.2621756172e-04 1.3304708738e+04 1.5707963268e+00 -8.1466666667e+00
6.2647378822e-04 1.3304708738e+04 1.5707963268e+00 -8.1500000000e+00
6.2673001472e-04 1.3304708738e+04 1.5707963268e+00 -8.1533333333e+00
6.2698624121e-04 1.3304708738e+04 1.5707963268e+00 -8.1566666667e+00
6.2724246771e-04 1.3304708738e+04 1.5707963268e+00 -8.1600000000e+00
6.2749869421e-04 1.3304708738e+04 1.5707963268e+00 -8.1633333333e+00
6.2775492071e-04 1.3304708738e+04 1.5707963268e+00 -8.1666666667e+00
6.2801114721e-04 1.3304708738e+04 1.5707963268e+00 -8.1700000000e+00
6.2826737371e-04 1.3304708738e+04 1.5707963268e+00 -8.1733333333e+00
6.2852360020e-04 1.3304708738e+04 1.5707963268e+00 -8.1766666667e+00
6.2877982670e-04 1.3304708738e+04 1.5707963268e+00 -8.1800000000e+00
6.2903605320e-04 1.3304708738e+04 1.5707963268e+00 -8.1833333333e+00
6.2929227970e-04 1.3304708738e+04 1.5707963268e+00 -8.1866666667e+00
6.2954850620e-04 1.3304708738e+04 1.5707963268e+00 -8.1900000000e+00
6.2980473269e-04 1.3304708738e+04 1.5707963268e+00 -8.1933333333e+00
6.3006095919e-04 1.3304708738e+04 1.5707963268e+00 -8.1966666667e+00
6.3031718569e-04 1.3304708738e+04 1.5707963268e+00 -8.2000000000e+00
6.3057341219e-04 1.3304708738e+04 1.5707963268e+00 -8.2033333333e+00
6.3082963869e-04 1.3304708738e+04 1.5707963268e+00 -8.2066666667e+00
6.3108586519e-04 1.3304708738e+04 1.5707963268e+00 -8.2100000000e+00
6.3134209168e-04 1.3304708738e+04 1.5707963268e+00 -8.2133333333e+00
6.3159831818e-04 1.3304708738e+04 1.5707963268e+00 -8.2166666667e+00
6.3185454468e-04 1.3304708738e+04 1.5707963268e+00 -8.2200000000e+00
6.3211077118e-04 1.3304708738e+04 1.5707963268e+00 -8.2233333333e+00
6.3236699768e-04 1.3304708738e+04 1.5707963268e+00 -8.2266666667e+00
6.3262322418e-04 1.3304708738e+04 1.5707963268e+00 -8.2300000000e+00
6.3287945067e-04 1.3304708738e+04 1.5707963268e+00 -8.2333333333e+00
6.3313567717e-04 1.3304708738e+04 1.5707963268e+00 -8.2366666667e+00
6.3339190367e-04 1.3304708738e+04 1.5707963268e+00 -8.2400000000e+00
6.3364813017e-04 1.3304708738e+04 1.5707963268e+00 -8.2433333333e+00
6.3390435667e-04 1.3304708738e+04 1.5707963268e+00 -8.2466666667e+00
6.3416058316e-04 1.3304708738e+04 1.5707963268e+00 -8.2500000000e+00
6.3441680966e-04 1.3304708738e+04 1.5707963268e+00 -8.2533333333e+00
6.3467303616e-04 1.3304708738e+04 1.5707963268e+00 -8.2566666667e+00
6.3492926266e-04 1.3304708738e+04 1.5707963268e+00 -8.2600000000e+00
6.3518548916e-04 1.3304708738e+04 1.5707963268e+00 -8.2633333333e+00
6.3544171566e-04 1.3304708738e+04 1.5707963268e+00 -8.2666666667e+00
6.3569794215e-04 1.3304708738e+04 1.5707963268e+00 -8.2700000000e+00
6.3595416865e-04 1.3304708738e+04 1.5707963268e+00 -8.2733333333e+00
6.3621039515e-04 1.3304708738e+04 1.5707963268e+00 -8.2766666667e+00
6.3646662165e-04 1.3304708738e+04 1.5707963268e+00 -8.2800000000e+00
6.3672284815e-04 1.3304708738e+04 1.5707963268e+00 -8.2833333333e+00
6.3697907465e-04 1.3304708738e+04 1.5707963268e+00 -8.2866666667e+00
6.3723530114e-04 1.3304708738e+04 1.5707963268e+00 -8.2900000000e+00
6.3749152764e-04 1.3304708738e+04 1.5707963268e+00 -8.2933333333e+00
6.3774775414e-04 1.3304708738e+04 1.5707963268e+00 -8.2966666667e+00
6.3800398064e-04 1.3304708738e+04 1.5707963268e+00 -8.3000000000e+00
6.3826020714e-04 1.3304708738e+04 1.5707963268e+00 -8.3033333333e+00
6.3851643364e-04 1.3304708738e+04 1.5707963268e+00 -8.3066666667e+00
6.3877266013e-04 1.3304708738e+04 1.5707963268e+00 -8.3100000000e+00
6.3902888663e-04 1.3304708738e+04 1.5707963268e+00 -8.3133333333e+00
6.3928511313e-04 1.3304708738e+04 1.5707963268e+00 -8.3166666667e+00
6.3954133963e-04 1.3304708738e+04 1.5707963268e+00 -8.3200000000e+00
6.3979756613e-04 1.3304708738e+04 1.5707963268e+00 -8.3233333333e+00
6.4005379262e-04 1.3304708738e+04 1.5707963268e+00 -8.3266666667e+00
6.4031001912e-04 1.3304708738e+04 1.5707963268e+00 -8.3300000000e+00
6.4056624562e-04 1.3304708738e+04 1.5707963268e+00 -8.3333333333e+00
6.4082247212e-04 1.3304708738e+04 1.5707963268e+00 -8.3366666667e+00
6.4107869862e-04 1.3304708738e+04 1.5707963268e+00 -8.3400000000e+00
6.4133492512e-04 1.3304708738e+04 1.5707963268e+00 -8.3433333333e+00
6.4159115161e-04 1.3304708738e+04 1.5707963268e+00 -8.3466666667e+00
6.4184737811e-04 1.3304708738e+04 1.5707963268e+00 -8.3500000000e+00
6.4210360461e-04 1.3304708738e+04 1.5707963268e+00 -8.3533333333e+00
6.4235983111e-04 1.3304708738e+04 1.5707963268e+00 -8.3566666667e+00
6.4261605761e-04 1.3304708738e+04 1.5707963268e+00 -8.3600000000e+00
6.4287228411e-04 1.3304708738e+04 1.5707963268e+00 -8.3633333333e+00
6.4312851060e-04 1.3304708738e+04 1.5707963268e+00 -8.3666666667e+00
6.4338473710e-04 1.3304708738e+04 1.5707963268e+00 -8.3700000000e+00
6.4364096360e-04 1.3304708738e+04 1.5707963268e+00 -8.3733333333e+00
6.4389719010e-04 1.3304708738e+04 1.5707963268e+00 -8.3766666667e+00
6.4415341660e-04 1.3304708738e+04 1.5707963268e+00 -8.3800000000e+00
6.4440964309e-04 1.3304708738e+04 1.5707963268e+00 -8.3833333333e+00
6.4466586959e-04 1.3304708738e+04 1.5707963268e+00 -8.3866666667e+00
6.4492209609e-04 1.3304708738e+04 1.5707963268e+00 -8.3900000000e+00
6.4517832259e-04 1.3304708738e+04 1.5707963268e+00 -8.3933333333e+00
6.4543454909e-04 1.3304708738e+04 1.5707963268e+00 -8.3966666667e+00
6.4569077559e-04 1.3304708738e+04 1.5707963268e+00 -8.4000000000e+00
6.4594700208e-04 1.3304708738e+04 1.5707963268e+00 -8.4033333333e+00
6.4620322858e-04 1.3304708738e+04 1.5707963268e+00 -8.4066666667e+00
6.4645945508e-04 1.3304708738e+04 1.5707963268e+00 -8.4100000000e+00
6.4671568158e-04 1.3304708738e+04 1.5707963268e+00 -8.4133333333e+00
6.4697190808e-04 1.3304708738e+04 1.5707963268e+00 -8.4166666667e+00
6.4722813458e-04 1.3304708738e+04 1.5707963268e+00 -8.4200000000e+00
6.4748436107e-04 1.3304708738e+04 1.5707963268e+00 -8.4233333333e+00
6.4774058757e-04 1.3304708738e+04 1.5707963268e+00 -8.4266666667e+00
6.4799681407e-04 1.3304708738e+04 1.5707963268e+00 -8.4300000000e+00
6.4825304057e-04 1.3304708738e+04 1.5707963268e+00 -8.4333333333e+00
6.4850926707e-04 1.3304708738e+04 1.5707963268e+00 -8.4366666667e+00
6.4876549356e-04 1.3304708738e+04 1.5707963268e+00 -8.4400000000e+00
6.4902172006e-04 1.3304708738e+04 1.5707963268e+00 -8.4433333333e+00
6.4927794656e-04 1.3304708738e+04 1.5707963268e+00 -8.4466666667e+00
6.4953417306e-04 1.3304708738e+04 1.5707963268e+00 -8.4500000000e+00
6.4979039956e-04 1.3304708738e+04 1.5707963268e+00 -8.4533333333e+00
6.5004662606e-04 1.3304708738e+04 1.5707963268e+00 -8.4566666667e+00
6.5030285255e-04 1.3304708738e+04 1.5707963268e+00 -8.4600000000e+00
6.5055907905e-04 1.3304708738e+04 1.5707963268e+00 -8.4633333333e+00
6.5081530555e-04 1.3304708738e+04 1.5707963268e+00 -8.4666666667e+00
6.5107153205e-04 1.3304708738e+04 1.5707963268e+00 -8.4700000000e+00
6.5132775855e-04 1.3304708738e+04 1.5707963268e+00 -8.4733333333e+00
6.5158398505e-04 1.3304708738e+04 1.5707963268e+00 -8.4766666667e+00
6.5184021154e-04 1.3304708738e+04 1.5707963268e+00 -8.4800000000e+00
6.5209643804e-04 1.3304708738e+04 1.5707963268e+00 -8.4833333333e+00
6.5235266454e-04 1.3304708738e+04 1.5707963268e+00 -8.4866666667e+00
6.5260889104e-04 1.3304708738e+04 1.5707963268e+00 -8.4900000000e+00
6.5286511754e-04 1.3304708738e+04 1.5707963268e+00 -8.4933333333e+00
6.5312134404e-04 1.3304708738e+04 1.5707963268e+00 -8.4966666667e+00
6.5337757053e-04 1.3304708738e+04 1.5707963268e+00 -8.5000000000e+00
6.5363379703e-04 1.3304708738e+04 1.5707963268e+00 -8.5033333333e+00
6.5389002353e-04 1.3304708738e+04 1.5707963268e+00 -8.5066666667e+00
6.5414625003e-04 1.3304708738e+04 1.5707963268e+00 -8.5100000000e+00
6.5440247653e-04 1.3304708738e+04 1.5707963268e+00 -8.5133333333e+00
6.5465870302e-04 1.3304708738e+04 1.5707963268e+00 -8.5166666667e+00
6.5491492952e-04 1.3304708738e+04 1.5707963268e+00 -8.5200000000e+00
6.5517115602e-04 1.3304708738e+04 1.5707963268e+00 -8.5233333333e+00
6.5542738252e-04 1.3304708738e+04 1.5707963268e+00 -8.5266666667e+00
6.5568360902e-04 1.3304708738e+04 1.5707963268e+00 -8.5300000000e+00
6.5593983552e-04 1.3304708738e+04 1.5707963268e+00 -8.5333333333e+00
6.5619606201e-04 1.3304708738e+04 1.5707963268e+00 -8.5366666667e+00
6.5645228851e-04 1.3304708738e+04 1.5707963268e+00 -8.5400000000e+00
6.5670851501e-04 1.3304708738e+04 1.5707963268e+00 -8.5433333333e+00
6.5696474151e-04 1.3304708738e+04 1.5707963268e+00 -8.5466666667e+00
6.5722096801e-04 1.3304708738e+04 1.5707963268e+00 -8.5500000000e+00
6.5747719451e-04 1.3304708738e+04 1.5707963268e+00 -8.5533333333e+00
6.5773342100e-04 1.3304708738e+04 1.5707963268e+00 -8.5566666667e+00
6.5798964750e-04 1.3304708738e+04 1.5707963268e+00 -8.5600000000e+00
6.5824587400e-04 1.3304708738e+04 1.5707963268e+00 -8.5633333333e+00
6.5850210050e-04 1.3304708738e+04 1.5707963268e+00 -8.5666666667e+00
6.5875832700e-04 1.3304708738e+04 1.5707963268e+00 -8.5700000000e+00
6.5901455349e-04 1.3304708738e+04 1.5707963268e+00 -8.5733333333e+00
6.5927077999e-04 1.3304708738e+04 1.5707963268e+00 -8.5766666667e+00
6.5952700649e-04 1.3304708738e+04 1.5707963268e+00 -8.5800000000e+00
6.5978323299e-04 1.3304708738e+04 1.5707963268e+00 -8.5833333333e+00
6.6003945949e-04 1.3304708738e+04 1.5707963268e+00 -8.5866666667e+00
6.6029568599e-04 1.3304708738e+04 1.5707963268e+00 -8.5900000000e+00
6.6055191248e-04 1.3304708738e+04 1.5707963268e+00 -8.5933333333e+00
6.6080813898e-04 1.3304708738e+04 1.5707963268e+00 -8.5966666667e+00
6.6106436548e-04 1.3304708738e+04 1.5707963268e+00 -8.6000000000e+00
6.6132059198e-04 1.3304708738e+04 1.5707963268e+00 -8.6033333333e+00
6.6157681848e-04 1.3304708738e+04 1.5707963268e+00 -8.6066666667e+00
6.6183304498e-04 1.3304708738e+04 1.5707963268e+00 -8.6100000000e+00
6.6208927147e-04 1.3304708738e+04 1.5707963268e+00 -8.6133333333e+00
6.6234549797e-04 1.3304708738e+04 1.5707963268e+00 -8.6166666667e+00
6.6260172447e-04 1.3304708738e+04 1.5707963268e+00 -8.6200000000e+00
6.6285795097e-04 1.3304708738e+04 1.5707963268e+00 -8.6233333333e+00
6.6311417747e-04 1.3304708738e+04 1.5707963268e+00 -8.6266666667e+00
6.6337040397e-04 1.3304708738e+04 1.5707963268e+00 -8.6300000000e+00
6.6362663046e-04 1.3304708738e+04 1.5707963268e+00 -8.6333333333e+00
6.6388285696e-04 1.3304708738e+04 1.5707963268e+00 -8.6366666667e+00
6.6413908346e-04 1.3304708738e+04 1.5707963268e+00 -8.6400000000e+00
6.6439530996e-04 1.3304708738e+04 1.5707963268e+00 -8.6433333333e+00
6.6465153646e-04 1.3304708738e+04 1.5707963268e+00 -8.6466666667e+00
6.6490776295e-04 1.3304708738e+04 1.5707963268e+00 -8.6500000000e+00
6.6516398945e-04 1.3304708738e+04 1.5707963268e+00 -8.6533333333e+00
6.6542021595e-04 1.3304708738e+04 1.5707963268e+00 -8.6566666667e+00
6.6567644245e-04 1.3304708738e+04 1.5707963268e+00 -8.6600000000e+00
6.6593266895e-04 1.3304708738e+04 1.5707963268e+00 -8.6633333333e+00
6.6618889545e-04 1.3304708738e+04 1.5707963268e+00 -8.6666666667e+00
6.6644512194e-04 1.3304708738e+04 1.5707963268e+00 -8.6700000000e+00
6.6670134844e-04 1.3304708738e+04 1.5707963268e+00 -8.6733333333e+00
6.6695757494e-04 1.3304708738e+04 1.5707963268e+00 -8.6766666667e+00
6.6721380144e-04 1.3304708738e+04 1.5707963268e+00 -8.6800000000e+00
6.6747002794e-04 1.3304708738e+04 1.5707963268e+00 -8.6833333333e+00
6.6772625444e-04 1.3304708738e+04 1.5707963268e+00 -8.6866666667e+00
6.6798248093e-04 1.3304708738e+04 1.5707963268e+00 -8.6900000000e+00
6.6823870743e-04 1.3304708738e+04 1.5707963268e+00 -8.6933333333e+00
6.6849493393e-04 1.3304708738e+04 1.5707963268e+00 -8.6966666667e+00
6.6875116043e-04 1.3304708738e+04 1.5707963268e+00 -8.7000000000e+00
6.6900738693e-04 1.3304708738e+04 1.5707963268e+00 -8.7033333333e+00
6.6926361342e-04 1.3304708738e+04 1.5707963268e+00 -8.7066666667e+00
6.6951983992e-04 1.3304708738e+04 1.5707963268e+00 -8.7100000000e+00
6.6977606642e-04 1.3304708738e+04 1.5707963268e+00 -8.7133333333e+00
6.7003229292e-04 1.3304708738e+04 1.5707963268e+00 -8.7166666667e+00
6.7028851942e-04 1.3304708738e+04 1.5707963268e+00 -8.7200000000e+00
6.7054474592e-04 1.3304708738e+04 1.5707963268e+00 -8.7233333333e+00
6.7080097241e-04 1.3304708738e+04 1.5707963268e+00 -8.7266666667e+00
6.7105719891e-04 1.3304708738e+04 1.5707963268e+00 -8.7300000000e+00
6.7131342541e-04 1.3304708738e+04 1.5707963268e+00 -8.7333333333e+00
6.7156965191e-04 1.3304708738e+04 1.5707963268e+00 -8.7366666667e+00
6.7182587841e-04 1.3304708738e+04 1.5707963268e+00 -8.7400000000e+00
6.7208210491e-04 1.3304708738e+04 1.5707963268e+00 -8.7433333333e+00
6.7233833140e-04 1.3304708738e+04 1.5707963268e+00 -8.7466666667e+00
6.7259455790e-04 1.3304708738e+04 1.5707963268e+00 -8.7500000000e+00
6.7285078440e-04 1.3304708738e+04 1.5707963268e+00 -8.7533333333e+00
6.7310701090e-04 1.3304708738e+04 1.5707963268e+00 -8.7566666667e+00
6.7336323740e-04 1.3304708738e+04 1.5707963268e+00 -8.7600000000e+00
6.7361946390e-04 1.3304708738e+04 1.5707963268e+00 -8.7633333333e+00
6.7387569039e-04 1.3304708738e+04 1.5707963268e+00 -8.7666666667e+00
6.7413191689e-04 1.3304708738e+04 1.5707963268e+00 -8.7700000000e+00
6.7438814339e-04 1.3304708738e+04 1.5707963268e+00 -8.7733333333e+00
6.7464436989e-04 1.3304708738e+04 1.5707963268e+00 -8.7766666667e+00
6.7490059639e-04 1.3304708738e+04 1.5707963268e+00 -8.7800000000e+00
6.7515682288e-04 1.3304708738e+04 1.5707963268e+00 -8.7833333333e+00
6.7541304938e-04 1.3304708738e+04 1.5707963268e+00 -8.7866666667e+00
6.7566927588e-04 1.3304708738e+04 1.5707963268e+00 -8.7900000000e+00
6.7592550238e-04 1.3304708738e+04 1.5707963268e+00 -8.7933333333e+00
6.7618172888e-04 1.3304708738e+04 1.5707963268e+00 -8.7966666667e+00
6.7643795538e-04 1.3304708738e+04 1.5707963268e+00 -8.8000000000e+00
6.7669418187e-04 1.3304708738e+04 1.5707963268e+00 -8.8033333333e+00
6.7695040837e-04 1.3304708738e+04 1.5707963268e+00 -8.8066666667e+00
6.7720663487e-04 1.3304708738e+04 1.5707963268e+00 -8.8100000000e+00
6.7746286137e-04 1.3304708738e+04 1.5707963268e+00 -8.8133333333e+00
6.7771908787e-04 1.3304708738e+04 1.5707963268e+00 -8.8166666667e+00
6.7797531437e-04 1.3304708738e+04 1.5707963268e+00 -8.8200000000e+00
6.7823154086e-04 1.3304708738e+04 1.5707963268e+00 -8.8233333333e+00
6.7848776736e-04 1.3304708738e+04 1.5707963268e+00 -8.8266666667e+00
6.7874399386e-04 1.3304708738e+04 1.5707963268e+00 -8.8300000000e+00
6.7900022036e-04 1.3304708738e+04 1.5707963268e+00 -8.8333333333e+00
6.7925644686e-04 1.3304708738e+04 1.5707963268e+00 -8.8366666667e+00
6.7951267335e-04 1.3304708738e+04 1.5707963268e+00 -8.8400000000e+00
6.7976889985e-04 1.3304708738e+04 1.5707963268e+00 -8.8433333333e+00
6.8002512635e-04 1.3304708738e+04 1.5707963268e+00 -8.8466666667e+00
6.8028135285e-04 1.3304708738e+04 1.5707963268e+00 -8.8500000000e+00
6.8053757935e-04 1.3304708738e+04 1.5707963268e+00 -8.8533333333e+00
6.8079380585e-04 1.3304708738e+04 1.5707963268e+00 -8.8566666667e+00
6.8105003234e-04 1.3304708738e+04 1.5707963268e+00 -8.8600000000e+00
6.8130625884e-04 1.3304708738e+04 1.5707963268e+00 -8.8633333333e+00
6.8156248534e-04 1.3304708738e+04 1.5707963268e+00 -8.8666666667e+00
6.8181871184e-04 1.3304708738e+04 1.5707963268e+00 -8.8700000000e+00
6.8207493834e-04 1.3304708738e+04 1.5707963268e+00 -8.8733333333e+00
6.8233116484e-04 1.3304708738e+04 1.5707963268e+00 -8.8766666667e+00
6.8258739133e-04 1.3304708738e+04 1.5707963268e+00 -8.8800000000e+00
6.8284361783e-04 1.3304708738e+04 1.5707963268e+00 -8.8833333333e+00
6.8309984433e-04 1.3304708738e+04 1.5707963268e+00 -8.8866666667e+00
6.8335607083e-04 1.3304708738e+04 1.5707963268e+00 -8.8900000000e+00
6.8361229733e-04 1.3304708738e+04 1.5707963268e+00 -8.8933333333e+00
6.8386852383e-04 1.3304708738e+04 1.5707963268e+00 -8.8966666667e+00
6.8412475032e-04 1.3304708738e+04 1.5707963268e+00 -8.9000000000e+00
6.8438097682e-04 1.3304708738e+04 1.5707963268e+00 -8.9033333333e+00
6.8463720332e-04 1.3304708738e+04 1.5707963268e+00 -8.9066666667e+00
6.8489342982e-04 1.3304708738e+04 1.5707963268e+00 -8.9100000000e+00
6.8514965632e-04 1.3304708738e+04 1.5707963268e+00 -8.9133333333e+00
6.8540588281e-04 1.3304708738e+04 1.5707963268e+00 -8.9166666667e+00
6.8566210931e-04 1.3304708738e+04 1.5707963268e+00 -8.9200000000e+00
6.8591833581e-04 1.3304708738e+04 1.5707963268e+00 -8.9233333333e+00
6.8617456231e-04 1.3304708738e+04 1.5707963268e+00 -8.9266666667e+00
6.8643078881e-04 1.3304708738e+04 1.5707963268e+00 -8.9300000000e+00
6.8668701531e-04 1.3304708738e+04 1.5707963268e+00 -8.9333333333e+00
6.8694324180e-04 1.3304708738e+04 1.5707963268e+00 -8.9366666667e+00
6.8719946830e-04 1.3304708738e+04 1.5707963268e+00 -8.9400000000e+00
6.8745569480e-04 1.3304708738e+04 1.5707963268e+00 -8.9433333333e+00
6.8771192130e-04 1.3304708738e+04 1.5707963268e+00 -8.9466666667e+00
6.8796814780e-04 1.3304708738e+04 1.5707963268e+00 -8.9500000000e+00
6.8822437430e-04 1.3304708738e+04 1.5707963268e+00 -8.9533333333e+00
6.8848060079e-04 1.3304708738e+04 1.5707963268e+00 -8.9566666667e+00
6.8873682729e-04 1.3304708738e+04 1.5707963268e+00 -8.9600000000e+00
6.8899305379e-04 1.3304708738e+04 1.5707963268e+00 -8.9633333333e+00
6.8924928029e-04 1.3304708738e+04 1.5707963268e+00 -8.9666666667e+00
6.8950550679e-04 1.3304708738e+04 1.5707963268e+00 -8.9700000000e+00
6.8976173328e-04 1.3304708738e+04 1.5707963268e+00 -8.9733333333e+00
6.9001795978e-04 1.3304708738e+04 1.5707963268e+00 -8.9766666667e+00
6.9027418628e-04 1.3304708738e+04 1.5707963268e+00 -8.9800000000e+00
6.9053041278e-04 1.3304708738e+04 1.5707963268e+00 -8.9833333333e+00
6.9078663928e-04 1.3304708738e+04 1.5707963268e+00 -8.9866666667e+00
6.9104286578e-04 1.3304708738e+04 1.5707963268e+00 -8.9900000000e+00
6.9129909227e-04 1.3304708738e+04 1.5707963268e+00 -8.9933333333e+00
6.9155531877e-04 1.3304708738e+04 1.5707963268e+00 -8.9966666667e+00
6.9181154527e-04 1.3304708738e+04 1.5707963268e+00 -9.0000000000e+00
6.9206777177e-04 1.3304708738e+04 1.5707963268e+00 -9.0033333333e+00
6.9232399827e-04 1.3304708738e+04 1.5707963268e+00 -9.0066666667e+00
6.9258022477e-04 1.3304708738e+04 1.5707963268e+00 -9.0100000000e+00
6.9283645126e-04 1.3304708738e+04 1.5707963268e+00 -9.0133333333e+00
6.9309267776e-04 1.3304708738e+04 1.5707963268e+00 -9.0166666667e+00
6.9334890426e-04 1.3304708738e+04 1.5707963268e+00 -9.0200000000e+00
6.9360513076e-04 1.3304708738e+04 1.5707963268e+00 -9.0233333333e+00
6.9386135726e-04 1.3304708738e+04 1.5707963268e+00 -9.0266666667e+00
6.9411758375e-04 1.3304708738e+04 1.5707963268e+00 -9.0300000000e+00
6.9437381025e-04 1.3304708738e+04 1.5707963268e+00 -9.0333333333e+00
6.9463003675e-04 1.3304708738e+04 1.5707963268e+00 -9.0366666667e+00
6.9488626325e-04 1.3304708738e+04 1.5707963268e+00 -9.0400000000e+00
6.9514248975e-04 1.3304708738e+04 1.5707963268e+00 -9.0433333333e+00
6.9539871625e-04 1.3304708738e+04 1.5707963268e+00 -9.0466666667e+00
6.9565494274e-04 1.3304708738e+04 1.5707963268e+00 -9.0500000000e+00
6.9591116924e-04 1.3304708738e+04 1.5707963268e+00 -9.0533333333e+00
6.9616739574e-04 1.3304708738e+04 1.5707963268e+00 -9.0566666667e+00
6.9642362224e-04 1.3304708738e+04 1.5707963268e+00 -9.0600000000e+00
6.9667984874e-04 1.3304708738e+04 1.5707963268e+00 -9.0633333333e+00
6.9693607524e-04 1.3304708738e+04 1.5707963268e+00 -9.0666666667e+00
6.9719230173e-04 1.3304708738e+04 1.5707963268e+00 -9.0700000000e+00
6.9744852823e-04 1.3304708738e+04 1.5707963268e+00 -9.0733333333e+00
6.9770475473e-04 1.3304708738e+04 1.5707963268e+00 -9.0766666667e+00
6.9796098123e-04 1.3304708738e+04 1.5707963268e+00 -9.0800000000e+00
6.9821720773e-04 1.3304708738e+04 1.5707963268e+00 -9.0833333333e+00
6.9847343423e-04 1.3304708738e+04 1.5707963268e+00 -9.0866666667e+00
6.9872966072e-04 1.3304708738e+04 1.5707963268e+00 -9.0900000000e+00
6.9898588722e-04 1.3304708738e+04 1.5707963268e+00 -9.0933333333e+00
6.9924211372e-04 1.3304708738e+04 1.5707963268e+00 -9.0966666667e+00
6.9949834022e-04 1.3304708738e+04 1.5707963268e+00 -9.1000000000e+00
6.9975456672e-04 1.3304708738e+04 1.5707963268e+00 -9.1033333333e+00
7.0001079321e-04 1.3304708738e+04 1.5707963268e+00 -9.1066666667e+00
7.0026701971e-04 1.3304708738e+04 1.5707963268e+00 -9.1100000000e+00
7.0052324621e-04 1.3304708738e+04 1.5707963268e+00 -9.1133333333e+00
7.0077947271e-04 1.3304708738e+04 1.5707963268e+00 -9.1166666667e+00
7.0103569921e-04 1.3304708738e+04 1.5707963268e+00 -9.1200000000e+00
7.0129192571e-04 1.3304708738e+04 1.5707963268e+00 -9.1233333333e+00
7.0154815220e-04 1.3304708738e+04 1.5707963268e+00 -9.1266666667e+00
7.0180437870e-04 1.3304708738e+04 1.5707963268e+00 -9.1300000000e+00
7.0206060520e-04 1.3304708738e+04 1.5707963268e+00 -9.1333333333e+00
7.0231683170e-04 1.3304708738e+04 1.5707963268e+00 -9.1366666667e+00
7.0257305820e-04 1.3304708738e+04 1.5707963268e+00 -9.1400000000e+00
7.0282928470e-04 1.3304708738e+04 1.5707963268e+00 -9.1433333333e+00
7.0308551119e-04 1.3304708738e+04 1.5707963268e+00 -9.1466666667e+00
7.0334173769e-04 1.3304708738e+04 1.5707963268e+00 -9.1500000000e+00
7.0359796419e-04 1.3304708738e+04 1.5707963268e+00 -9.1533333333e+00
7.0385419069e-04 1.3304708738e+04 1.5707963268e+00 -9.1566666667e+00
7.0411041719e-04 1.3304708738e+04 1.5707963268e+00 -9.1600000000e+00
7.0436664368e-04 1.3304708738e+04 1.5707963268e+00 -9.1633333333e+00
7.0462287018e-04 1.3304708738e+04 1.5707963268e+00 -9.1666666667e+00
7.0487909668e-04 1.3304708738e+04 1.5707963268e+00 -9.1700000000e+00
7.0513532318e-04 1.3304708738e+04 1.5707963268e+00 -9.1733333333e+00
7.0539154968e-04 1.3304708738e+04 1.5707963268e+00 -9.1766666667e+00
7.0564777618e-04 1.3304708738e+04 1.5707963268e+00 -9.1800000000e+00
7.0590400267e-04 1.3304708738e+04 1.5707963268e+00 -9.1833333333e+00
7.0616022917e-04 1.3304708738e+04 1.5707963268e+00 -9.1866666667e+00
7.0641645567e-04 1.3304708738e+04 1.5707963268e+00 -9.1900000000e+00
7.0667268217e-04 1.3304708738e+04 1.5707963268e+00 -9.1933333333e+00
7.0692890867e-04 1.3304708738e+04 1.5707963268e+00 -9.1966666667e+00
7.0718513517e-04 1.3304708738e+04 1.5707963268e+00 -9.2000000000e+00
7.0744136166e-04 1.3304708738e+04 1.5707963268e+00 -9.2033333333e+00
7.0769758816e-04 1.3304708738e+04 1.5707963268e+00 -9.2066666667e+00
7.0795381466e-04 1.3304708738e+04 1.5707963268e+00 -9.2100000000e+00
7.0821004116e-04 1.3304708738e+04 1.5707963268e+00 -9.2133333333e+00
7.0846626766e-04 1.3304708738e+04 1.5707963268e+00 -9.2166666667e+00
7.0872249416e-04 1.3304708738e+04 1.5707963268e+00 -9.2200000000e+00
7.0897872065e-04 1.3304708738e+04 1.5707963268e+00 -9.2233333333e+00
7.0923494715e-04 1.3304708738e+04 1.5707963268e+00 -9.2266666667e+00
7.0949117365e-04 1.3304708738e+04 1.5707963268e+00 -9.2300000000e+00
7.0974740015e-04 1.3304708738e+04 1.5707963268e+00 -9.2333333333e+00
7.1000362665e-04 1.3304708738e+04 1.5707963268e+00 -9.2366666667e+00
7.1025985314e-04 1.3304708738e+04 1.5707963268e+00 -9.2400000000e+00
7.1051607964e-04 1.3304708738e+04 1.5707963268e+00 -9.2433333333e+00
7.1077230614e-04 1.3304708738e+04 1.5707963268e+00 -9.2466666667e+00
7.1102853264e-04 1.3304708738e+04 1.5707963268e+00 -9.2500000000e+00
7.1128475914e-04 1.3304708738e+04 1.5707963268e+00 -9.2533333333e+00
7.1154098564e-04 1.3304708738e+04 1.5707963268e+00 -9.2566666667e+00
7.1179721213e-04 1.3304708738e+04 1.5707963268e+00 -9.2600000000e+00
7.1205343863e-04 1.3304708738e+04 1.5707963268e+00 -9.2633333333e+00
7.1230966513e-04 1.3304708738e+04 1.5707963268e+00 -9.2666666667e+00
7.1256589163e-04 1.3304708738e+04 1.5707963268e+00 -9.2700000000e+00
7.1282211813e-04 1.3304708738e+04 1.5707963268e+00 -9.2733333333e+00
7.1307834463e-04 1.3304708738e+04 1.5707963268e+00 -9.2766666667e+00
7.1333457112e-04 1.3304708738e+04 1.5707963268e+00 -9.2800000000e+00
7.1359079762e-04 1.3304708738e+04 1.5707963268e+00 -9.2833333333e+00
7.1384702412e-04 1.3304708738e+04 1.5707963268e+00 -9.2866666667e+00
7.1410325062e-04 1.3304708738e+04 1.5707963268e+00 -9.2900000000e+00
7.1435947712e-04 1.3304708738e+04 1.5707963268e+00 -9.2933333333e+00
7.1461570361e-04 1.3304708738e+04 1.5707963268e+00 -9.2966666667e+00
7.1487193011e-04 1.3304708738e+04 1.5707963268e+00 -9.3000000000e+00
7.1512815661e-04 1.3304708738e+04 1.5707963268e+00 -9.3033333333e+00
7.1538438311e-04 1.3304708738e+04 1.5707963268e+00 -9.3066666667e+00
7.1564060961e-04 1.3304708738e+04 1.5707963268e+00 -9.3100000000e+00
7.1589683611e-04 1.3304708738e+04 1.5707963268e+00 -9.3133333333e+00
7.1615306260e-04 1.3304708738e+04 1.5707963268e+00 -9.3166666667e+00
7.1640928910e-04 1.3304708738e+04 1.5707963268e+00 -9.3200000000e+00
7.1666551560e-04 1.3304708738e+04 1.5707963268e+00 -9.3233333333e+00
7.1692174210e-04 1.3304708738e+04 1.5707963268e+00 -9.3266666667e+00
7.1717796860e-04 1.3304708738e+04 1.5707963268e+00 -9.3300000000e+00
7.1743419510e-04 1.3304708738e+04 1.5707963268e+00 -9.3333333333e+00
7.1769042159e-04 1.3304708738e+04 1.5707963268e+00 -9.3366666667e+00
7.1794664809e-04 1.3304708738e+04 1.5707963268e+00 -9.3400000000e+00
7.1820287459e-04 1.3304708738e+04 1.5707963268e+00 -9.3433333333e+00
7.1845910109e-04 1.3304708738e+04 1.5707963268e+00 -9.3466666667e+00
7.1871532759e-04 1.3304708738e+04 1.5707963268e+00 -9.3500000000e+00
7.1897155409e-04 1.3304708738e+04 1.5707963268e+00 -9.3533333333e+00
7.1922778058e-04 1.3304708738e+04 1.5707963268e+00 -9.3566666667e+00
7.1948400708e-04 1.3304708738e+04 1.5707963268e+00 -9.3600000000e+00
7.1974023358e-04 1.3304708738e+04 1.5707963268e+00 -9.3633333333e+00
7.1999646008e-04 1.3304708738e+04 1.5707963268e+00 -9.3666666667e+00
7.2025268658e-04 1.3304708738e+04 1.5707963268e+00 -9.3700000000e+00
7.2050891307e-04 1.3304708738e+04 1.5707963268e+00 -9.3733333333e+00
7.2076513957e-04 1.3304708738e+04 1.5707963268e+00 -9.3766666667e+00
7.2102136607e-04 1.3304708738e+04 1.5707963268e+00 -9.3800000000e+00
7.2127759257e-04 1.3304708738e+04 1.5707963268e+00 -9.3833333333e+00
7.2153381907e-04 1.3304708738e+04 1.5707963268e+00 -9.3866666667e+00
7.2179004557e-04 1.3304708738e+04 1.5707963268e+00 -9.3900000000e+00
7.2204627206e-04 1.3304708738e+04 1.5707963268e+00 -9.3933333333e+00
7.2230249856e-04 1.3304708738e+04 1.5707963268e+00 -9.3966666667e+00
7.2255872506e-04 1.3304708738e+04 1.5707963268e+00 -9.4000000000e+00
7.2281495156e-04 1.3304708738e+04 1.5707963268e+00 -9.4033333333e+00
7.2307117806e-04 1.3304708738e+04 1.5707963268e+00 -9.4066666667e+00
7.2332740456e-04 1.3304708738e+04 1.5707963268e+00 -9.4100000000e+00
7.2358363105e-04 1.3304708738e+04 1.5707963268e+00 -9.4133333333e+00
7.2383985755e-04 1.3304708738e+04 1.5707963268e+00 -9.4166666667e+00
7.2409608405e-04 1.3304708738e+04 1.5707963268e+00 -9.4200000000e+00
7.2435231055e-04 1.3304708738e+04 1.5707963268e+00 -9.4233333333e+00
7.2460853705e-04 1.3304708738e+04 1.5707963268e+00 -9.4266666667e+00
7.2486476354e-04 1.3304708738e+04 1.5707963268e+00 -9.4300000000e+00
7.2512099004e-04 1.3304708738e+04 1.5707963268e+00 -9.4333333333e+00
7.2537721654e-04 1.3304708738e+04 1.5707963268e+00 -9.4366666667e+00
7.2563344304e-04 1.3304708738e+04 1.5707963268e+00 -9.4400000000e+00
7.2588966954e-04 1.3304708738e+04 1.5707963268e+00 -9.4433333333e+00
7.2614589604e-04 1.3304708738e+04 1.5707963268e+00 -9.4466666667e+00
7.2640212253e-04 1.3304708738e+04 1.5707963268e+00 -9.4500000000e+00
7.2665834903e-04 1.3304708738e+04 1.5707963268e+00 -9.4533333333e+00
7.2691457553e-04 1.3304708738e+04 1.5707963268e+00 -9.4566666667e+00
7.2717080203e-04 1.3304708738e+04 1.5707963268e+00 -9.4600000000e+00
7.2742702853e-04 1.3304708738e+04 1.5707963268e+00 -9.4633333333e+00
7.2768325503e-04 1.3304708738e+04 1.5707963268e+00 -9.4666666667e+00
7.2793948152e-04 1.3304708738e+04 1.5707963268e+00 -9.4700000000e+00
7.2819570802e-04 1.3304708738e+04 1.5707963268e+00 -9.4733333333e+00
7.2845193452e-04 1.3304708738e+04 1.5707963268e+00 -9.4766666667e+00
7.2870816102e-04 1.3304708738e+04 1.5707963268e+00 -9.4800000000e+00
7.2896438752e-04 1.3304708738e+04 1.5707963268e+00 -9.4833333333e+00
7.2922061401e-04 1.3304708738e+04 1.5707963268e+00 -9.4866666667e+00
7.2947684051e-04 1.3304708738e+04 1.5707963268e+00 -9.4900000000e+00
7.2973306701e-04 1.3304708738e+04 1.5707963268e+00 -9.4933333333e+00
7.2998929351e-04 1.3304708738e+04 1.5707963268e+00 -9.4966666667e+00
7.3024552001e-04 1.3304708738e+04 1.5707963268e+00 -9.5000000000e+00
7.3050174651e-04 1.3304708738e+04 1.5707963268e+00 -9.5033333333e+00
7.3075797300e-04 1.3304708738e+04 1.5707963268e+00 -9.5066666667e+00
7.3101419950e-04 1.3304708738e+04 1.5707963268e+00 -9.5100000000e+00
7.3127042600e-04 1.3304708738e+04 1.5707963268e+00 -9.5133333333e+00
7.3152665250e-04 1.3304708738e+04 1.5707963268e+00 -9.5166666667e+00
7.3178287900e-04 1.3304708738e+04 1.5707963268e+00 -9.5200000000e+00
7.3203910550e-04 1.3304708738e+04 1.5707963268e+00 -9.5233333333e+00
7.3229533199e-04 1.3304708738e+04 1.5707963268e+00 -9.5266666667e+00
7.3255155849e-04 1.3304708738e+04 1.5707963268e+00 -9.5300000000e+00
7.3280778499e-04 1.3304708738e+04 1.5707963268e+00 -9.5333333333e+00
7.3306401149e-04 1.3304708738e+04 1.5707963268e+00 -9.5366666667e+00
7.3332023799e-04 1.3304708738e+04 1.5707963268e+00 -9.5400000000e+00
7.3357646449e-04 1.3304708738e+04 1.5707963268e+00 -9.5433333333e+00
7.3383269098e-04 1.3304708738e+04 1.5707963268e+00 -9.5466666667e+00
7.3408891748e-04 1.3304708738e+04 1.5707963268e+00 -9.5500000000e+00
7.3434514398e-04 1.3304708738e+04 1.5707963268e+00 -9.5533333333e+00
7.3460137048e-04 1.3304708738e+04 1.5707963268e+00 -9.5566666667e+00
7.3485759698e-04 1.3304708738e+04 1.5707963268e+00 -9.5600000000e+00
7.3511382347e-04 1.3304708738e+04 1.5707963268e+00 -9.5633333333e+00
7.3537004997e-04 1.3304708738e+04 1.5707963268e+00 -9.5666666667e+00
7.3562627647e-04 1.3304708738e+04 1.5707963268e+00 -9.5700000000e+00
7.3588250297e-04 1.3304708738e+04 1.5707963268e+00 -9.5733333333e+00
7.3613872947e-04 1.3304708738e+04 1.5707963268e+00 -9.5766666667e+00
7.3639495597e-04 1.3304708738e+04 1.5707963268e+00 -9.5800000000e+00
7.3665118246e-04 1.3304708738e+04 1.5707963268e+00 -9.5833333333e+00
7.3690740896e-04 1.3304708738e+04 1.5707963268e+00 -9.5866666667e+00
7.3716363546e-04 1.3304708738e+04 1.5707963268e+00 -9.5900000000e+00
7.3741986196e-04 1.3304708738e+04 1.5707963268e+00 -9.5933333333e+00
7.3767608846e-04 1.3304708738e+04 1.5707963268e+00 -9.5966666667e+00
7.3793231496e-04 1.3304708738e+04 1.5707963268e+00 -9.6000000000e+00
7.3818854145e-04 1.3304708738e+04 1.5707963268e+00 -9.6033333333e+00
7.3844476795e-04 1.3304708738e+04 1.5707963268e+00 -9.6066666667e+00
7.3870099445e-04 1.3304708738e+04 1.5707963268e+00 -9.6100000000e+00
7.3895722095e-04 1.3304708738e+04 1.5707963268e+00 -9.6133333333e+00
7.3921344745e-04 1.3304708738e+04 1.5707963268e+00 -9.6166666667e+00
7.3946967394e-04 1.3304708738e+04 1.5707963268e+00 -9.6200000000e+00
7.3972590044e-04 1.3304708738e+04 1.5707963268e+00 -9.6233333333e+00
7.3998212694e-04 1.3304708738e+04 1.5707963268e+00 -9.6266666667e+00
7.4023835344e-04 1.3304708738e+04 1.5707963268e+00 -9.6300000000e+00
7.4049457994e-04 1.3304708738e+04 1.5707963268e+00 -9.6333333333e+00
7.4075080644e-04 1.3304708738e+04 1.5707963268e+00 -9.6366666667e+00
7.4100703293e-04 1.3304708738e+04 1.5707963268e+00 -9.6400000000e+00
7.4126325943e-04 1.3304708738e+04 1.5707963268e+00 -9.6433333333e+00
7.4151948593e-04 1.3304708738e+04 1.5707963268e+00 -9.6466666667e+00
7.4177571243e-04 1.3304708738e+04 1.5707963268e+00 -9.6500000000e+00
7.4203193893e-04 1.3304708738e+04 1.5707963268e+00 -9.6533333333e+00
7.4228816543e-04 1.3304708738e+04 1.5707963268e+00 -9.6566666667e+00
7.4254439192e-04 1.3304708738e+04 1.5707963268e+00 -9.6600000000e+00
7.4280061842e-04 1.3304708738e+04 1.5707963268e+00 -9.6633333333e+00
7.4305684492e-04 1.3304708738e+04 1.5707963268e+00 -9.6666666667e+00
7.4331307142e-04 1.3304708738e+04 1.5707963268e+00 -9.6700000000e+00
7.4356929792e-04 1.3304708738e+04 1.5707963268e+00 -9.6733333333e+00
7.4382552442e-04 1.3304708738e+04 1.5707963268e+00 -9.6766666667e+00
7.4408175091e-04 1.3304708738e+04 1.5707963268e+00 -9.6800000000e+00
7.4433797741e-04 1.3304708738e+04 1.5707963268e+00 -9.6833333333e+00
7.4459420391e-04 1.3304708738e+04 1.5707963268e+00 -9.6866666667e+00
7.4485043041e-04 1.3304708738e+04 1.5707963268e+00 -9.6900000000e+00
7.4510665691e-04 1.3304708738e+04 1.5707963268e+00 -9.6933333333e+00
7.4536288340e-04 1.3304708738e+04 1.5707963268e+00 -9.6966666667e+00
7.4561910990e-04 1.3304708738e+04 1.5707963268e+00 -9.7000000000e+00
7.4587533640e-04 1.3304708738e+04 1.5707963268e+00 -9.7033333333e+00
7.4613156290e-04 1.3304708738e+04 1.5707963268e+00 -9.7066666667e+00
7.4638778940e-04 1.3304708738e+04 1.5707963268e+00 -9.7100000000e+00
7.4664401590e-04 1.3304708738e+04 1.5707963268e+00 -9.7133333333e+00
7.4690024239e-04 1.3304708738e+04 1.5707963268e+00 -9.7166666667e+00
7.4715646889e-04 1.3304708738e+04 1.5707963268e+00 -9.7200000000e+00
7.4741269539e-04 1.3304708738e+04 1.5707963268e+00 -9.7233333333e+00
7.4766892189e-04 1.3304708738e+04 1.5707963268e+00 -9.7266666667e+00
7.4792514839e-04 1.3304708738e+04 1.5707963268e+00 -9.7300000000e+00
7.4818137489e-04 1.3304708738e+04 1.5707963268e+00 -9.7333333333e+00
7.4843760138e-04 1.3304708738e+04 1.5707963268e+00 -9.7366666667e+00
7.4869382788e-04 1.3304708738e+04 1.5707963268e+00 -9.7400000000e+00
7.4895005438e-04 1.3304708738e+04 1.5707963268e+00 -9.7433333333e+00
7.4920628088e-04 1.3304708738e+04 1.5707963268e+00 -9.7466666667e+00
7.4946250738e-04 1.3304708738e+04 1.5707963268e+00 -9.7500000000e+00
7.4971873387e-04 1.3304708738e+04 1.5707963268e+00 -9.7533333333e+00
7.4997496037e-04 1.3304708738e+04 1.5707963268e+00 -9.7566666667e+00
7.5023118687e-04 1.3304708738e+04 1.5707963268e+00 -9.7600000000e+00
7.5048741337e-04 1.3304708738e+04 1.5707963268e+00 -9.7633333333e+00
7.5074363987e-04 1.3304708738e+04 1.5707963268e+00 -9.7666666667e+00
7.5099986637e-04 1.3304708738e+04 1.5707963268e+00 -9.7700000000e+00
7.5125609286e-04 1.3304708738e+04 1.5707963268e+00 -9.7733333333e+00
7.5151231936e-04 1.3304708738e+04 1.5707963268e+00 -9.7766666667e+00
7.5176854586e-04 1.3304708738e+04 1.5707963268e+00 -9.7800000000e+00
7.5202477236e-04 1.3304708738e+04 1.5707963268e+00 -9.7833333333e+00
7.5228099886e-04 1.3304708738e+04 1.5707963268e+00 -9.7866666667e+00
7.5253722536e-04 1.3304708738e+04 1.5707963268e+00 -9.7900000000e+00
7.5279345185e-04 1.3304708738e+04 1.5707963268e+00 -9.7933333333e+00
7.5304967835e-04 1.3304708738e+04 1.5707963268e+00 -9.7966666667e+00
7.5330590485e-04 1.3304708738e+04 1.5707963268e+00 -9.8000000000e+00
7.5356213135e-04 1.3304708738e+04 1.5707963268e+00 -9.8033333333e+00
7.5381835785e-04 1.3304708738e+04 1.5707963268e+00 -9.8066666667e+00
7.5407458435e-04 1.3304708738e+04 1.5707963268e+00 -9.8100000000e+00
7.5433081084e-04 1.3304708738e+04 1.5707963268e+00 -9.8133333333e+00
7.5458703734e-04 1.3304708738e+04 1.5707963268e+00 -9.8166666667e+00
7.5484326384e-04 1.3304708738e+04 1.5707963268e+00 -9.8200000000e+00
7.5509949034e-04 1.3304708738e+04 1.5707963268e+00 -9.8233333333e+00
7.5535571684e-04 1.3304708738e+04 1.5707963268e+00 -9.8266666667e+00
7.5561194333e-04 1.3304708738e+04 1.5707963268e+00 -9.8300000000e+00
7.5586816983e-04 1.3304708738e+04 1.5707963268e+00 -9.8333333333e+00
7.5612439633e-04 1.3304708738e+04 1.5707963268e+00 -9.8366666667e+00
7.5638062283e-04 1.3304708738e+04 1.5707963268e+00 -9.8400000000e+00
7.5663684933e-04 1.3304708738e+04 1.5707963268e+00 -9.8433333333e+00
7.5689307583e-04 1.3304708738e+04 1.5707963268e+00 -9.8466666667e+00
7.5714930232e-04 1.3304708738e+04 1.5707963268e+00 -9.8500000000e+00
7.5740552882e-04 1.3304708738e+04 1.5707963268e+00 -9.8533333333e+00
7.5766175532e-04 1.3304708738e+04 1.5707963268e+00 -9.8566666667e+00
7.5791798182e-04 1.3304708738e+04 1.5707963268e+00 -9.8600000000e+00
7.5817420832e-04 1.3304708738e+04 1.5707963268e+00 -9.8633333333e+00
7.5843043482e-04 1.3304708738e+04 1.5707963268e+00 -9.8666666667e+00
7.5868666131e-04 1.3304708738e+04 1.5707963268e+00 -9.8700000000e+00
7.5894288781e-04 1.3304708738e+04 1.5707963268e+00 -9.8733333333e+00
7.5919911431e-04 1.3304708738e+04 1.5707963268e+00 -9.8766666667e+00
7.5945534081e-04 1.3304708738e+04 1.5707963268e+00 -9.8800000000e+00
7.5971156731e-04 1.3304708738e+04 1.5707963268e+00 -9.8833333333e+00
7.5996779380e-04 1.3304708738e+04 1.5707963268e+00 -9.8866666667e+00
7.6022402030e-04 1.3304708738e+04 1.5707963268e+00 -9.8900000000e+00
7.6048024680e-04 1.3304708738e+04 1.5707963268e+00 -9.8933333333e+00
7.6073647330e-04 1.3304708738e+04 1.5707963268e+00 -9.8966666667e+00
7.6099269980e-04 1.3304708738e+04 1.5707963268e+00 -9.9000000000e+00
7.6124892630e-04 1.3304708738e+04 1.5707963268e+00 -9.9033333333e+00
7.6150515279e-04 1.3304708738e+04 1.5707963268e+00 -9.9066666667e+00
7.6176137929e-04 1.3304708738e+04 1.5707963268e+00 -9.9100000000e+00
7.6201760579e-04 1.3304708738e+04 1.5707963268e+00 -9.9133333333e+00
7.6227383229e-04 1.3304708738e+04 1.5707963268e+00 -9.9166666667e+00
7.6253005879e-04 1.3304708738e+04 1.5707963268e+00 -9.9200000000e+00
7.6278628529e-04 1.3304708738e+04 1.5707963268e+00 -9.9233333333e+00
7.6304251178e-04 1.3304708738e+04 1.5707963268e+00 -9.9266666667e+00
7.6329873828e-04 1.3304708738e+04 1.5707963268e+00 -9.9300000000e+00
7.6355496478e-04 1.3304708738e+04 1.5707963268e+00 -9.9333333333e+00
7.6381119128e-04 1.3304708738e+04 1.5707963268e+00 -9.9366666667e+00
7.6406741778e-04 1.3304708738e+04 1.5707963268e+00 -9.9400000000e+00
7.6432364428e-04 1.3304708738e+04 1.5707963268e+00 -9.9433333333e+00
7.6457987077e-04 1.3304708738e+04 1.5707963268e+00 -9.9466666667e+00
7.6483609727e-04 1.3304708738e+04 1.5707963268e+00 -9.9500000000e+00
7.6509232377e-04 1.3304708738e+04 1.5707963268e+00 -9.9533333333e+00
7.6534855027e-04 1.3304708738e+04 1.5707963268e+00 -9.9566666667e+00
7.6560477677e-04 1.3304708738e+04 1.5707963268e+00 -9.9600000000e+00
7.6586100326e-04 1.3304708738e+04 1.5707963268e+00 -9.9633333333e+00
7.6611722976e-04 1.3304708738e+04 1.5707963268e+00 -9.9666666667e+00
7.6637345626e-04 1.3304708738e+04 1.5707963268e+00 -9.9700000000e+00
7.6662968276e-04 1.3304708738e+04 1.5707963268e+00 -9.9733333333e+00
7.6688590926e-04 1.3304708738e+04 1.5707963268e+00 -9.9766666667e+00
7.6714213576e-04 1.3304708738e+04 1.5707963268e+00 -9.9800000000e+00
7.6739836225e-04 1.3304708738e+04 1.5707963268e+00 -9.9833333333e+00
7.6765458875e-04 1.3304708738e+04 1.5707963268e+00 -9.9866666667e+00
7.6791081525e-04 1.3304708738e+04 1.5707963268e+00 -9.9900000000e+00
7.6816704175e-04 1.3304708738e+04 1.5707963268e+00 -9.9933333333e+00
7.6842326825e-04 1.3304708738e+04 1.5707963268e+00 -9.9966666667e+00
7.6867949475e-04 1.3304708738e+04 1.5707963268e+00 -1.0000000000e+01
7.6893572124e-04 1.3304708738e+04 1.5707963268e+00 -1.0003333333e+01
7.6919194774e-04 1.3304708738e+04 1.5707963268e+00 -1.0006666667e+01
7.6944817424e-04 1.3304708738e+04 1.5707963268e+00 -1.0010000000e+01
7.6970440074e-04 1.3304708738e+04 1.5707963268e+00 -1.0013333333e+01
7.6996062724e-04 1.3304708738e+04 1.5707963268e+00 -1.0016666667e+01
7.7021685373e-04 1.3304708738e+04 1.5707963268e+00 -1.0020000000e+01
7.7047308023e-04 1.3304708738e+04 1.5707963268e+00 -1.0023333333e+01
7.7072930673e-04 1.3304708738e+04 1.5707963268e+00 -1.0026666667e+01
7.7098553323e-04 1.3304708738e+04 1.5707963268e+00 -1.0030000000e+01
7.7124175973e-04 1.3304708738e+04 1.5707963268e+00 -1.0033333333e+01
7.7149798623e-04 1.3304708738e+04 1.5707963268e+00 -1.0036666667e+01
7.7175421272e-04 1.3304708738e+04 1.5707963268e+00 -1.0040000000e+01
7.7201043922e-04 1.3304708738e+04 1.5707963268e+00 -1.0043333333e+01
7.7226666572e-04 1.3304708738e+04 1.5707963268e+00 -1.0046666667e+01
7.7252289222e-04 1.3304708738e+04 1.5707963268e+00 -1.0050000000e+01
7.7277911872e-04 1.3304708738e+04 1.5707963268e+00 -1.0053333333e+01
7.7303534522e-04 1.3304708738e+04 1.5707963268e+00 -1.0056666667e+01
7.7329157171e-04 1.3304708738e+04 1.5707963268e+00 -1.0060000000e+01
7.7354779821e-04 1.3304708738e+04 1.5707963268e+00 -1.0063333333e+01
7.7380402471e-04 1.3304708738e+04 1.5707963268e+00 -1.0066666667e+01
7.7406025121e-04 1.3304708738e+04 1.5707963268e+00 -1.0070000000e+01
7.7431647771e-04 1.3304708738e+04 1.5707963268e+00 -1.0073333333e+01
7.7457270420e-04 1.3304708738e+04 1.5707963268e+00 -1.0076666667e+01
7.7482893070e-04 1.3304708738e+04 1.5707963268e+00 -1.0080000000e+01
7.7508515720e-04 1.3304708738e+04 1.5707963268e+00 -1.0083333333e+01
7.7534138370e-04 1.3304708738e+04 1.5707963268e+00 -1.0086666667e+01
7.7559761020e-04 1.3304708738e+04 1.5707963268e+00 -1.0090000000e+01
7.7585383670e-04 1.3304708738e+04 1.5707963268e+00 -1.0093333333e+01
7.7611006319e-04 1.3304708738e+04 1.5707963268e+00 -1.0096666667e+01
7.7636628969e-04 1.3304708738e+04 1.5707963268e+00 -1.0100000000e+01
7.7662251619e-04 1.3304708738e+04 1.5707963268e+00 -1.0103333333e+01
7.7687874269e-04 1.3304708738e+04 1.5707963268e+00 -1.0106666667e+01
7.7713496919e-04 1.3304708738e+04 1.5707963268e+00 -1.0110000000e+01
7.7739119569e-04 1.3304708738e+04 1.5707963268e+00 -1.0113333333e+01
7.7764742218e-04 1.3304708738e+04 1.5707963268e+00 -1.0116666667e+01
7.7790364868e-04 1.3304708738e+04 1.5707963268e+00 -1.0120000000e+01
7.7815987518e-04 1.3304708738e+04 1.5707963268e+00 -1.0123333333e+01
7.7841610168e-04 1.3304708738e+04 1.5707963268e+00 -1.0126666667e+01
7.7867232818e-04 1.3304708738e+04 1.5707963268e+00 -1.0130000000e+01
7.7892855468e-04 1.3304708738e+04 1.5707963268e+00 -1.0133333333e+01
7.7918478117e-04 1.3304708738e+04 1.5707963268e+00 -1.0136666667e+01
7.7944100767e-04 1.3304708738e+04 1.5707963268e+00 -1.0140000000e+01
7.7969723417e-04 1.3304708738e+04 1.5707963268e+00 -1.0143333333e+01
7.7995346067e-04 1.3304708738e+04 1.5707963268e+00 -1.0146666667e+01
7.8020968717e-04 1.3304708738e+04 1.5707963268e+00 -1.0150000000e+01
7.8046591366e-04 1.3304708738e+04 1.5707963268e+00 -1.0153333333e+01
7.8072214016e-04 1.3304708738e+04 1.5707963268e+00 -1.0156666667e+01
7.8097836666e-04 1.3304708738e+04 1.5707963268e+00 -1.0160000000e+01
7.8123459316e-04 1.3304708738e+04 1.5707963268e+00 -1.0163333333e+01
7.8149081966e-04 1.3304708738e+04 1.5707963268e+00 -1.0166666667e+01
7.8174704616e-04 1.3304708738e+04 1.5707963268e+00 -1.0170000000e+01
7.8200327265e-04 1.3304708738e+04 1.5707963268e+00 -1.0173333333e+01
7.8225949915e-04 1.3304708738e+04 1.5707963268e+00 -1.0176666667e+01
7.8251572565e-04 1.3304708738e+04 1.5707963268e+00 -1.0180000000e+01
7.8277195215e-04 1.3304708738e+04 1.5707963268e+00 -1.0183333333e+01
7.8302817865e-04 1.3304708738e+04 1.5707963268e+00 -1.0186666667e+01
7.8328440515e-04 1.3304708738e+04 1.5707963268e+00 -1.0190000000e+01
7.8354063164e-04 1.3304708738e+04 1.5707963268e+00 -1.0193333333e+01
7.8379685814e-04 1.3304708738e+04 1.5707963268e+00 -1.0196666667e+01
7.8405308464e-04 1.3304708738e+04 1.5707963268e+00 -1.0200000000e+01
7.8430931114e-04 1.3304708738e+04 1.5707963268e+00 -1.0203333333e+01
7.8456553764e-04 1.3304708738e+04 1.5707963268e+00 -1.0206666667e+01
7.8482176413e-04 1.3304708738e+04 1.5707963268e+00 -1.0210000000e+01
7.8507799063e-04 1.3304708738e+04 1.5707963268e+00 -1.0213333333e+01
7.8533421713e-04 1.3304708738e+04 1.5707963268e+00 -1.0216666667e+01
7.8559044363e-04 1.3304708738e+04 1.5707963268e+00 -1.0220000000e+01
7.8584667013e-04 1.3304708738e+04 1.5707963268e+00 -1.0223333333e+01
7.8610289663e-04 1.3304708738e+04 1.5707963268e+00 -1.0226666667e+01
7.8635912312e-04 1.3304708738e+04 1.5707963268e+00 -1.0230000000e+01
7.8661534962e-04 1.3304708738e+04 1.5707963268e+00 -1.0233333333e+01
7.8687157612e-04 1.3304708738e+04 1.5707963268e+00 -1.0236666667e+01
7.8712780262e-04 1.3304708738e+04 1.5707963268e+00 -1.0240000000e+01
7.8738402912e-04 1.3304708738e+04 1.5707963268e+00 -1.0243333333e+01
7.8764025562e-04 1.3304708738e+04 1.5707963268e+00 -1.0246666667e+01
7.8789648211e-04 1.3304708738e+04 1.5707963268e+00 -1.0250000000e+01
7.8815270861e-04 1.3304708738e+04 1.5707963268e+00 -1.0253333333e+01
7.8840893511e-04 1.3304708738e+04 1.5707963268e+00 -1.0256666667e+01
7.8866516161e-04 1.3304708738e+04 1.5707963268e+00 -1.0260000000e+01
7.8892138811e-04 1.3304708738e+04 1.5707963268e+00 -1.0263333333e+01
7.8917761461e-04 1.3304708738e+04 1.5707963268e+00 -1.0266666667e+01
7.8943384110e-04 1.3304708738e+04 1.5707963268e+00 -1.0270000000e+01
7.8969006760e-04 1.3304708738e+04 1.5707963268e+00 -1.0273333333e+01
7.8994629410e-04 1.3304708738e+04 1.5707963268e+00 -1.0276666667e+01
7.9020252060e-04 1.3304708738e+04 1.5707963268e+00 -1.0280000000e+01
7.9045874710e-04 1.3304708738e+04 1.5707963268e+00 -1.0283333333e+01
7.9071497359e-04 1.3304708738e+04 1.5707963268e+00 -1.0286666667e+01
7.9097120009e-04 1.3304708738e+04 1.5707963268e+00 -1.0290000000e+01
7.9122742659e-04 1.3304708738e+04 1.5707963268e+00 -1.0293333333e+01
7.9148365309e-04 1.3304708738e+04 1.5707963268e+00 -1.0296666667e+01
7.9173987959e-04 1.3304708738e+04 1.5707963268e+00 -1.0300000000e+01
7.9199610609e-04 1.3304708738e+04 1.5707963268e+00 -1.0303333333e+01
7.9225233258e-04 1.3304708738e+04 1.5707963268e+00 -1.0306666667e+01
7.9250855908e-04 1.3304708738e+04 1.5707963268e+00 -1.0310000000e+01
7.9276478558e-04 1.3304708738e+04 1.5707963268e+00 -1.0313333333e+01
7.9302101208e-04 1.3304708738e+04 1.5707963268e+00 -1.0316666667e+01
7.9327723858e-04 1.3304708738e+04 1.5707963268e+00 -1.0320000000e+01
7.9353346508e-04 1.3304708738e+04 1.5707963268e+00 -1.0323333333e+01
7.9378969157e-04 1.3304708738e+04 1.5707963268e+00 -1.0326666667e+01
7.9404591807e-04 1.3304708738e+04 1.5707963268e+00 -1.0330000000e+01
7.9430214457e-04 1.3304708738e+04 1.5707963268e+00 -1.0333333333e+01
7.9455837107e-04 1.3304708738e+04 1.5707963268e+00 -1.0336666667e+01
7.9481459757e-04 1.3304708738e+04 1.5707963268e+00 -1.0340000000e+01
7.9507082406e-04 1.3304708738e+04 1.5707963268e+00 -1.0343333333e+01
7.9532705056e-04 1.3304708738e+04 1.5707963268e+00 -1.0346666667e+01
7.9558327706e-04 1.3304708738e+04 1.5707963268e+00 -1.0350000000e+01
7.9583950356e-04 1.3304708738e+04 1.5707963268e+00 -1.0353333333e+01
7.9609573006e-04 1.3304708738e+04 1.5707963268e+00 -1.0356666667e+01
7.9635195656e-04 1.3304708738e+04 1.5707963268e+00 -1.0360000000e+01
7.9660818305e-04 1.3304708738e+04 1.5707963268e+00 -1.0363333333e+01
7.9686440955e-04 1.3304708738e+04 1.5707963268e+00 -1.0366666667e+01
7.9712063605e-04 1.3304708738e+04 1.5707963268e+00 -1.0370000000e+01
7.9737686255e-04 1.3304708738e+04 1.5707963268e+00 -1.0373333333e+01
7.9763308905e-04 1.3304708738e+04 1.5707963268e+00 -1.0376666667e+01
7.9788931555e-04 1.3304708738e+04 1.5707963268e+00 -1.0380000000e+01
7.9814554204e-04 1.3304708738e+04 1.5707963268e+00 -1.0383333333e+01
7.9840176854e-04 1.3304708738e+04 1.5707963268e+00 -1.0386666667e+01
7.9865799504e-04 1.3304708738e+04 1.5707963268e+00 -1.0390000000e+01
7.9891422154e-04 1.3304708738e+04 1.5707963268e+00 -1.0393333333e+01
7.9917044804e-04 1.3304708738e+04 1.5707963268e+00 -1.0396666667e+01
7.9942667454e-04 1.3304708738e+04 1.5707963268e+00 -1.0400000000e+01
7.9968290103e-04 1.3304708738e+04 1.5707963268e+00 -1.0403333333e+01
7.9993912753e-04 1.3304708738e+04 1.5707963268e+00 -1.0406666667e+01
8.0019535403e-04 1.3304708738e+04 1.5707963268e+00 -1.0410000000e+01
8.0045158053e-04 1.3304708738e+04 1.5707963268e+00 -1.0413333333e+01
8.0070780703e-04 1.3304708738e+04 1.5707963268e+00 -1.0416666667e+01
8.0096403352e-04 1.3304708738e+04 1.5707963268e+00 -1.0420000000e+01
8.0122026002e-04 1.3304708738e+04 1.5707963268e+00 -1.0423333333e+01
8.0147648652e-04 1.3304708738e+04 1.5707963268e+00 -1.0426666667e+01
8.0173271302e-04 1.3304708738e+04 1.5707963268e+00 -1.0430000000e+01
8.0198893952e-04 1.3304708738e+04 1.5707963268e+00 -1.0433333333e+01
8.0224516602e-04 1.3304708738e+04 1.5707963268e+00 -1.0436666667e+01
8.0250139251e-04 1.3304708738e+04 1.5707963268e+00 -1.0440000000e+01
8.0275761901e-04 1.3304708738e+04 1.5707963268e+00 -1.0443333333e+01
8.0301384551e-04 1.3304708738e+04 1.5707963268e+00 -1.0446666667e+01
8.0327007201e-04 1.3304708738e+04 1.5707963268e+00 -1.0450000000e+01
8.0352629851e-04 1.3304708738e+04 1.5707963268e+00 -1.0453333333e+01
8.0378252501e-04 1.3304708738e+04 1.5707963268e+00 -1.0456666667e+01
8.0403875150e-04 1.3304708738e+04 1.5707963268e+00 -1.0460000000e+01
8.0429497800e-04 1.3304708738e+04 1.5707963268e+00 -1.0463333333e+01
8.0455120450e-04 1.3304708738e+04 1.5707963268e+00 -1.0466666667e+01
8.0480743100e-04 1.3304708738e+04 1.5707963268e+00 -1.0470000000e+01
8.0506365750e-04 1.3304708738e+04 1.5707963268e+00 -1.0473333333e+01
8.0531988399e-04 1.3304708738e+04 1.5707963268e+00 -1.0476666667e+01
8.0557611049e-04 1.3304708738e+04 1.5707963268e+00 -1.0480000000e+01
8.0583233699e-04 1.3304708738e+04 1.5707963268e+00 -1.0483333333e+01
8.0608856349e-04 1.3304708738e+04 1.5707963268e+00 -1.0486666667e+01
8.0634478999e-04 1.3304708738e+04 1.5707963268e+00 -1.0490000000e+01
8.0660101649e-04 1.3304708738e+04 1.5707963268e+00 -1.0493333333e+01
8.0685724298e-04 1.3304708738e+04 1.5707963268e+00 -1.0496666667e+01
8.0711346948e-04 1.3304708738e+04 1.5707963268e+00 -1.0500000000e+01
8.0736969598e-04 1.3304708738e+04 1.5707963268e+00 -1.0503333333e+01
8.0762592248e-04 1.3304708738e+04 1.5707963268e+00 -1.0506666667e+01
8.0788214898e-04 1.3304708738e+04 1.5707963268e+00 -1.0510000000e+01
8.0813837548e-04 1.3304708738e+04 1.5707963268e+00 -1.0513333333e+01
8.0839460197e-04 1.3304708738e+04 1.5707963268e+00 -1.0516666667e+01
8.0865082847e-04 1.3304708738e+04 1.5707963268e+00 -1.0520000000e+01
8.0890705497e-04 1.3304708738e+04 1.5707963268e+00 -1.0523333333e+01
8.0916328147e-04 1.3304708738e+04 1.5707963268e+00 -1.0526666667e+01
8.0941950797e-04 1.3304708738e+04 1.5707963268e+00 -1.0530000000e+01
8.0967573447e-04 1.3304708738e+04 1.5707963268e+00 -1.0533333333e+01
8.0993196096e-04 1.3304708738e+04 1.5707963268e+00 -1.0536666667e+01
8.1018818746e-04 1.3304708738e+04 1.5707963268e+00 -1.0540000000e+01
8.1044441396e-04 1.3304708738e+04 1.5707963268e+00 -1.0543333333e+01
8.1070064046e-04 1.3304708738e+04 1.5707963268e+00 -1.0546666667e+01
8.1095686696e-04 1.3304708738e+04 1.5707963268e+00 -1.0550000000e+01
8.1121309345e-04 1.3304708738e+04 1.5707963268e+00 -1.0553333333e+01
8.1146931995e-04 1.3304708738e+04 1.5707963268e+00 -1.0556666667e+01
8.1172554645e-04 1.3304708738e+04 1.5707963268e+00 -1.0560000000e+01
8.1198177295e-04 1.3304708738e+04 1.5707963268e+00 -1.0563333333e+01
8.1223799945e-04 1.3304708738e+04 1.5707963268e+00 -1.0566666667e+01
8.1249422595e-04 1.3304708738e+04 1.5707963268e+00 -1.0570000000e+01
8.1275045244e-04 1.3304708738e+04 1.5707963268e+00 -1.0573333333e+01
8.1300667894e-04 1.3304708738e+04 1.5707963268e+00 -1.0576666667e+01
8.1326290544e-04 1.3304708738e+04 1.5707963268e+00 -1.0580000000e+01
8.1351913194e-04 1.3304708738e+04 1.5707963268e+00 -1.0583333333e+01
8.1377535844e-04 1.3304708738e+04 1.5707963268e+00 -1.0586666667e+01
8.1403158494e-04 1.3304708738e+04 1.5707963268e+00 -1.0590000000e+01
8.1428781143e-04 1.3304708738e+04 1.5707963268e+00 -1.0593333333e+01
8.1454403793e-04 1.3304708738e+04 1.5707963268e+00 -1.0596666667e+01
8.1480026443e-04 1.3304708738e+04 1.5707963268e+00 -1.0600000000e+01
8.1505649093e-04 1.3304708738e+04 1.5707963268e+00 -1.0603333333e+01
8.1531271743e-04 1.3304708738e+04 1.5707963268e+00 -1.0606666667e+01
8.1556894392e-04 1.3304708738e+04 1.5707963268e+00 -1.0610000000e+01
8.1582517042e-04 1.3304708738e+04 1.5707963268e+00 -1.0613333333e+01
8.1608139692e-04 1.3304708738e+04 1.5707963268e+00 -1.0616666667e+01
8.1633762342e-04 1.3304708738e+04 1.5707963268e+00 -1.0620000000e+01
8.1659384992e-04 1.3304708738e+04 1.5707963268e+00 -1.0623333333e+01
8.1685007642e-04 1.3304708738e+04 1.5707963268e+00 -1.0626666667e+01
8.1710630291e-04 1.3304708738e+04 1.5707963268e+00 -1.0630000000e+01
8.1736252941e-04 1.3304708738e+04 1.5707963268e+00 -1.0633333333e+01
8.1761875591e-04 1.3304708738e+04 1.5707963268e+00 -1.0636666667e+01
8.1787498241e-04 1.3304708738e+04 1.5707963268e+00 -1.0640000000e+01
8.1813120891e-04 1.3304708738e+04 1.5707963268e+00 -1.0643333333e+01
8.1838743541e-04 1.3304708738e+04 1.5707963268e+00 -1.0646666667e+01
8.1864366190e-04 1.3304708738e+04 1.5707963268e+00 -1.0650000000e+01
8.1889988840e-04 1.3304708738e+04 1.5707963268e+00 -1.0653333333e+01
8.1915611490e-04 1.3304708738e+04 1.5707963268e+00 -1.0656666667e+01
8.1941234140e-04 1.3304708738e+04 1.5707963268e+00 -1.0660000000e+01
8.1966856790e-04 1.3304708738e+04 1.5707963268e+00 -1.0663333333e+01
8.1992479439e-04 1.3304708738e+04 1.5707963268e+00 -1.0666666667e+01
8.2018102089e-04 1.3304708738e+04 1.5707963268e+00 -1.0670000000e+01
8.2043724739e-04 1.3304708738e+04 1.5707963268e+00 -1.0673333333e+01
8.2069347389e-04 1.3304708738e+04 1.5707963268e+00 -1.0676666667e+01
8.2094970039e-04 1.3304708738e+04 1.5707963268e+00 -1.0680000000e+01
8.2120592689e-04 1.3304708738e+04 1.5707963268e+00 -1.0683333333e+01
8.2146215338e-04 1.3304708738e+04 1.5707963268e+00 -1.0686666667e+01
8.2171837988e-04 1.3304708738e+04 1.5707963268e+00 -1.0690000000e+01
8.2197460638e-04 1.3304708738e+04 1.5707963268e+00 -1.0693333333e+01
8.2223083288e-04 1.3304708738e+04 1.5707963268e+00 -1.0696666667e+01
8.2248705938e-04 1.3304708738e+04 1.5707963268e+00 -1.0700000000e+01
8.2274328588e-04 1.3304708738e+04 1.5707963268e+00 -1.0703333333e+01
8.2299951237e-04 1.3304708738e+04 1.5707963268e+00 -1.0706666667e+01
8.2325573887e-04 1.3304708738e+04 1.5707963268e+00 -1.0710000000e+01
8.2351196537e-04 1.3304708738e+04 1.5707963268e+00 -1.0713333333e+01
8.2376819187e-04 1.3304708738e+04 1.5707963268e+00 -1.0716666667e+01
8.2402441837e-04 1.3304708738e+04 1.5707963268e+00 -1.0720000000e+01
8.2428064487e-04 1.3304708738e+04 1.5707963268e+00 -1.0723333333e+01
8.2453687136e-04 1.3304708738e+04 1.5707963268e+00 -1.0726666667e+01
8.2479309786e-04 1.3304708738e+04 1.5707963268e+00 -1.0730000000e+01
8.2504932436e-04 1.3304708738e+04 1.5707963268e+00 -1.0733333333e+01
8.2530555086e-04 1.3304708738e+04 1.5707963268e+00 -1.0736666667e+01
8.2556177736e-04 1.3304708738e+04 1.5707963268e+00 -1.0740000000e+01
8.2581800385e-04 1.3304708738e+04 1.5707963268e+00 -1.0743333333e+01
8.2607423035e-04 1.3304708738e+04 1.5707963268e+00 -1.0746666667e+01
8.2633045685e-04 1.3304708738e+04 1.5707963268e+00 -1.0750000000e+01
8.2658668335e-04 1.3304708738e+04 1.5707963268e+00 -1.0753333333e+01
8.2684290985e-04 1.3304708738e+04 1.5707963268e+00 -1.0756666667e+01
8.2709913635e-04 1.3304708738e+04 1.5707963268e+00 -1.0760000000e+01
8.2735536284e-04 1.3304708738e+04 1.5707963268e+00 -1.0763333333e+01
8.2761158934e-04 1.3304708738e+04 1.5707963268e+00 -1.0766666667e+01
8.2786781584e-04 1.3304708738e+04 1.5707963268e+00 -1.0770000000e+01
8.2812404234e-04 1.3304708738e+04 1.5707963268e+00 -1.0773333333e+01
8.2838026884e-04 1.3304708738e+04 1.5707963268e+00 -1.0776666667e+01
8.2863649534e-04 1.3304708738e+04 1.5707963268e+00 -1.0780000000e+01
8.2889272183e-04 1.3304708738e+04 1.5707963268e+00 -1.0783333333e+01
8.2914894833e-04 1.3304708738e+04 1.5707963268e+00 -1.0786666667e+01
8.2940517483e-04 1.3304708738e+04 1.5707963268e+00 -1.0790000000e+01
8.2966140133e-04 1.3304708738e+04 1.5707963268e+00 -1.0793333333e+01
8.2991762783e-04 1.3304708738e+04 1.5707963268e+00 -1.0796666667e+01
8.3017385432e-04 1.3304708738e+04 1.5707963268e+00 -1.0800000000e+01
8.3043008082e-04 1.3304708738e+04 1.5707963268e+00 -1.0803333333e+01
8.3068630732e-04 1.3304708738e+04 1.5707963268e+00 -1.0806666667e+01
8.3094253382e-04 1.3304708738e+04 1.5707963268e+00 -1.0810000000e+01
8.3119876032e-04 1.3304708738e+04 1.5707963268e+00 -1.0813333333e+01
8.3145498682e-04 1.3304708738e+04 1.5707963268e+00 -1.0816666667e+01
8.3171121331e-04 1.3304708738e+04 1.5707963268e+00 -1.0820000000e+01
8.3196743981e-04 1.3304708738e+04 1.5707963268e+00 -1.0823333333e+01
8.3222366631e-04 1.3304708738e+04 1.5707963268e+00 -1.0826666667e+01
8.3247989281e-04 1.3304708738e+04 1.5707963268e+00 -1.0830000000e+01
8.3273611931e-04 1.3304708738e+04 1.5707963268e+00 -1.0833333333e+01
8.3299234581e-04 1.3304708738e+04 1.5707963268e+00 -1.0836666667e+01
8.3324857230e-04 1.3304708738e+04 1.5707963268e+00 -1.0840000000e+01
8.3350479880e-04 1.3304708738e+04 1.5707963268e+00 -1.0843333333e+01
8.3376102530e-04 1.3304708738e+04 1.5707963268e+00 -1.0846666667e+01
8.3401725180e-04 1.3304708738e+04 1.5707963268e+00 -1.0850000000e+01
8.3427347830e-04 1.3304708738e+04 1.5707963268e+00 -1.0853333333e+01
8.3452970480e-04 1.3304708738e+04 1.5707963268e+00 -1.0856666667e+01
8.3478593129e-04 1.3304708738e+04 1.5707963268e+00 -1.0860000000e+01
8.3504215779e-04 1.3304708738e+04 1.5707963268e+00 -1.0863333333e+01
8.3529838429e-04 1.3304708738e+04 1.5707963268e+00 -1.0866666667e+01
8.3555461079e-04 1.3304708738e+04 1.5707963268e+00 -1.0870000000e+01
8.3581083729e-04 1.3304708738e+04 1.5707963268e+00 -1.0873333333e+01
8.3606706378e-04 1.3304708738e+04 1.5707963268e+00 -1.0876666667e+01
8.3632329028e-04 1.3304708738e+04 1.5707963268e+00 -1.0880000000e+01
8.3657951678e-04 1.3304708738e+04 1.5707963268e+00 -1.0883333333e+01
8.3683574328e-04 1.3304708738e+04 1.5707963268e+00 -1.0886666667e+01
8.3709196978e-04 1.3304708738e+04 1.5707963268e+00 -1.0890000000e+01
8.3734819628e-04 1.3304708738e+04 1.5707963268e+00 -1.0893333333e+01
8.3760442277e-04 1.3304708738e+04 1.5707963268e+00 -1.0896666667e+01
8.3786064927e-04 1.3304708738e+04 1.5707963268e+00 -1.0900000000e+01
8.3811687577e-04 1.3304708738e+04 1.5707963268e+00 -1.0903333333e+01
8.3837310227e-04 1.3304708738e+04 1.5707963268e+00 -1.0906666667e+01
8.3862932877e-04 1.3304708738e+04 1.5707963268e+00 -1.0910000000e+01
8.3888555527e-04 1.3304708738e+04 1.5707963268e+00 -1.0913333333e+01
8.3914178176e-04 1.3304708738e+04 1.5707963268e+00 -1.0916666667e+01
8.3939800826e-04 1.3304708738e+04 1.5707963268e+00 -1.0920000000e+01
8.3965423476e-04 1.3304708738e+04 1.5707963268e+00 -1.0923333333e+01
8.3991046126e-04 1.3304708738e+04 1.5707963268e+00 -1.0926666667e+01
8.4016668776e-04 1.3304708738e+04 1.5707963268e+00 -1.0930000000e+01
8.4042291425e-04 1.3304708738e+04 1.5707963268e+00 -1.0933333333e+01
8.4067914075e-04 1.3304708738e+04 1.5707963268e+00 -1.0936666667e+01
8.4093536725e-04 1.3304708738e+04 1.5707963268e+00 -1.0940000000e+01
8.4119159375e-04 1.3304708738e+04 1.5707963268e+00 -1.0943333333e+01
8.4144782025e-04 1.3304708738e+04 1.5707963268e+00 -1.0946666667e+01
8.4170404675e-04 1.3304708738e+04 1.5707963268e+00 -1.0950000000e+01
8.4196027324e-04 1.3304708738e+04 1.5707963268e+00 -1.0953333333e+01
8.4221649974e-04 1.3304708738e+04 1.5707963268e+00 -1.0956666667e+01
8.4247272624e-04 1.3304708738e+04 1.5707963268e+00 -1.0960000000e+01
8.4272895274e-04 1.3304708738e+04 1.5707963268e+00 -1.0963333333e+01
8.4298517924e-04 1.3304708738e+04 1.5707963268e+00 -1.0966666667e+01
8.4324140574e-04 1.3304708738e+04 1.5707963268e+00 -1.0970000000e+01
8.4349763223e-04 1.3304708738e+04 1.5707963268e+00 -1.0973333333e+01
8.4375385873e-04 1.3304708738e+04 1.5707963268e+00 -1.0976666667e+01
8.4401008523e-04 1.3304708738e+04 1.5707963268e+00 -1.0980000000e+01
8.4426631173e-04 1.3304708738e+04 1.5707963268e+00 -1.0983333333e+01
8.4452253823e-04 1.3304708738e+04 1.5707963268e+00 -1.0986666667e+01
8.4477876473e-04 1.3304708738e+04 1.5707963268e+00 -1.0990000000e+01
8.4503499122e-04 1.3304708738e+04 1.5707963268e+00 -1.0993333333e+01
8.4529121772e-04 1.3304708738e+04 1.5707963268e+00 -1.0996666667e+01
8.4554744422e-04 1.3304708738e+04 1.5707963268e+00 -1.1000000000e+01
8.4580367072e-04 1.3304708738e+04 1.5707963268e+00 -1.1003333333e+01
8.4605989722e-04 1.3304708738e+04 1.5707963268e+00 -1.1006666667e+01
8.4631612371e-04 1.3304708738e+04 1.5707963268e+00 -1.1010000000e+01
8.4657235021e-04 1.3304708738e+04 1.5707963268e+00 -1.1013333333e+01
8.4682857671e-04 1.3304708738e+04 1.5707963268e+00 -1.1016666667e+01
8.4708480321e-04 1.3304708738e+04 1.5707963268e+00 -1.1020000000e+01
8.4734102971e-04 1.3304708738e+04 1.5707963268e+00 -1.1023333333e+01
8.4759725621e-04 1.3304708738e+04 1.5707963268e+00 -1.1026666667e+01
8.4785348270e-04 1.3304708738e+04 1.5707963268e+00 -1.1030000000e+01
8.4810970920e-04 1.3304708738e+04 1.5707963268e+00 -1.1033333333e+01
8.4836593570e-04 1.3304708738e+04 1.5707963268e+00 -1.1036666667e+01
8.4862216220e-04 1.3304708738e+04 1.5707963268e+00 -1.1040000000e+01
8.4887838870e-04 1.3304708738e+04 1.5707963268e+00 -1.1043333333e+01
8.4913461520e-04 1.3304708738e+04 1.5707963268e+00 -1.1046666667e+01
8.4939084169e-04 1.3304708738e+04 1.5707963268e+00 -1.1050000000e+01
8.4964706819e-04 1.3304708738e+04 1.5707963268e+00 -1.1053333333e+01
8.4990329469e-04 1.3304708738e+04 1.5707963268e+00 -1.1056666667e+01
8.5015952119e-04 1.3304708738e+04 1.5707963268e+00 -1.1060000000e+01
8.5041574769e-04 1.3304708738e+04 1.5707963268e+00 -1.1063333333e+01
8.5067197418e-04 1.3304708738e+04 1.5707963268e+00 -1.1066666667e+01
8.5092820068e-04 1.3304708738e+04 1.5707963268e+00 -1.1070000000e+01
8.5118442718e-04 1.3304708738e+04 1.5707963268e+00 -1.1073333333e+01
8.5144065368e-04 1.3304708738e+04 1.5707963268e+00 -1.1076666667e+01
8.5169688018e-04 1.3304708738e+04 1.5707963268e+00 -1.1080000000e+01
8.5195310668e-04 1.3304708738e+04 1.5707963268e+00 -1.1083333333e+01
8.5220933317e-04 1.3304708738e+04 1.5707963268e+00 -1.1086666667e+01
8.5246555967e-04 1.3304708738e+04 1.5707963268e+00 -1.1090000000e+01
8.5272178617e-04 1.3304708738e+04 1.5707963268e+00 -1.1093333333e+01
8.5297801267e-04 1.3304708738e+04 1.5707963268e+00 -1.1096666667e+01
8.5323423917e-04 1.3304708738e+04 1.5707963268e+00 -1.1100000000e+01
8.5349046567e-04 1.3304708738e+04 1.5707963268e+00 -1.1103333333e+01
8.5374669216e-04 1.3304708738e+04 1.5707963268e+00 -1.1106666667e+01
8.5400291866e-04 1.3304708738e+04 1.5707963268e+00 -1.1110000000e+01
8.5425914516e-04 1.3304708738e+04 1.5707963268e+00 -1.1113333333e+01
8.5451537166e-04 1.3304708738e+04 1.5707963268e+00 -1.1116666667e+01
8.5477159816e-04 1.3304708738e+04 1.5707963268e+00 -1.1120000000e+01
8.5502782465e-04 1.3304708738e+04 1.5707963268e+00 -1.1123333333e+01
8.5528405115e-04 1.3304708738e+04 1.5707963268e+00 -1.1126666667e+01
8.5554027765e-04 1.3304708738e+04 1.5707963268e+00 -1.1130000000e+01
8.5579650415e-04 1.3304708738e+04 1.5707963268e+00 -1.1133333333e+01
8.5605273065e-04 1.3304708738e+04 1.5707963268e+00 -1.1136666667e+01
8.5630895715e-04 1.3304708738e+04 1.5707963268e+00 -1.1140000000e+01
8.5656518364e-04 1.3304708738e+04 1.5707963268e+00 -1.1143333333e+01
8.5682141014e-04 1.3304708738e+04 1.5707963268e+00 -1.1146666667e+01
8.5707763664e-04 1.3304708738e+04 1.5707963268e+00 -1.1150000000e+01
8.5733386314e-04 1.3304708738e+04 1.5707963268e+00 -1.1153333333e+01
8.5759008964e-04 1.3304708738e+04 1.5707963268e+00 -1.1156666667e+01
8.5784631614e-04 1.3304708738e+04 1.5707963268e+00 -1.1160000000e+01
8.5810254263e-04 1.3304708738e+04 1.5707963268e+00 -1.1163333333e+01
8.5835876913e-04 1.3304708738e+04 1.5707963268e+00 -1.1166666667e+01
8.5861499563e-04 1.3304708738e+04 1.5707963268e+00 -1.1170000000e+01
8.5887122213e-04 1.3304708738e+04 1.5707963268e+00 -1.1173333333e+01
8.5912744863e-04 1.3304708738e+04 1.5707963268e+00 -1.1176666667e+01
8.5938367513e-04 1.3304708738e+04 1.5707963268e+00 -1.1180000000e+01
8.5963990162e-04 1.3304708738e+04 1.5707963268e+00 -1.1183333333e+01
8.5989612812e-04 1.3304708738e+04 1.5707963268e+00 -1.1186666667e+01
8.6015235462e-04 1.3304708738e+04 1.5707963268e+00 -1.1190000000e+01
8.6040858112e-04 1.3304708738e+04 1.5707963268e+00 -1.1193333333e+01
8.6066480762e-04 1.3304708738e+04 1.5707963268e+00 -1.1196666667e+01
8.6092103411e-04 1.3304708738e+04 1.5707963268e+00 -1.1200000000e+01
8.6117726061e-04 1.3304708738e+04 1.5707963268e+00 -1.1203333333e+01
8.6143348711e-04 1.3304708738e+04 1.5707963268e+00 -1.1206666667e+01
8.6168971361e-04 1.3304708738e+04 1.5707963268e+00 -1.1210000000e+01
8.6194594011e-04 1.3304708738e+04 1.5707963268e+00 -1.1213333333e+01
8.6220216661e-04 1.3304708738e+04 1.5707963268e+00 -1.1216666667e+01
8.6245839310e-04 1.3304708738e+04 1.5707963268e+00 -1.1220000000e+01
8.6271461960e-04 1.3304708738e+04 1.5707963268e+00 -1.1223333333e+01
8.6297084610e-04 1.3304708738e+04 1.5707963268e+00 -1.1226666667e+01
8.6322707260e-04 1.3304708738e+04 1.5707963268e+00 -1.1230000000e+01
8.6348329910e-04 1.3304708738e+04 1.5707963268e+00 -1.1233333333e+01
8.6373952560e-04 1.3304708738e+04 1.5707963268e+00 -1.1236666667e+01
8.6399575209e-04 1.3304708738e+04 1.5707963268e+00 -1.1240000000e+01
8.6425197859e-04 1.3304708738e+04 1.5707963268e+00 -1.1243333333e+01
8.6450820509e-04 1.3304708738e+04 1.5707963268e+00 -1.1246666667e+01
8.6476443159e-04 1.3304708738e+04 1.5707963268e+00 -1.1250000000e+01
8.6502065809e-04 1.3304708738e+04 1.5707963268e+00 -1.1253333333e+01
8.6527688458e-04 1.3304708738e+04 1.5707963268e+00 -1.1256666667e+01
8.6553311108e-04 1.3304708738e+04 1.5707963268e+00 -1.1260000000e+01
8.6578933758e-04 1.3304708738e+04 1.5707963268e+00 -1.1263333333e+01
8.6604556408e-04 1.3304708738e+04 1.5707963268e+00 -1.1266666667e+01
8.6630179058e-04 1.3304708738e+04 1.5707963268e+00 -1.1270000000e+01
8.6655801708e-04 1.3304708738e+04 1.5707963268e+00 -1.1273333333e+01
8.6681424357e-04 1.3304708738e+04 1.5707963268e+00 -1.1276666667e+01
8.6707047007e-04 1.3304708738e+04 1.5707963268e+00 -1.1280000000e+01
8.6732669657e-04 1.3304708738e+04 1.5707963268e+00 -1.1283333333e+01
8.6758292307e-04 1.3304708738e+04 1.5707963268e+00 -1.1286666667e+01
8.6783914957e-04 1.3304708738e+04 1.5707963268e+00 -1.1290000000e+01
8.6809537607e-04 1.3304708738e+04 1.5707963268e+00 -1.1293333333e+01
8.6835160256e-04 1.3304708738e+04 1.5707963268e+00 -1.1296666667e+01
8.6860782906e-04 1.3304708738e+04 1.5707963268e+00 -1.1300000000e+01
8.6886405556e-04 1.3304708738e+04 1.5707963268e+00 -1.1303333333e+01
8.6912028206e-04 1.3304708738e+04 1.5707963268e+00 -1.1306666667e+01
8.6937650856e-04 1.3304708738e+04 1.5707963268e+00 -1.1310000000e+01
8.6963273506e-04 1.3304708738e+04 1.5707963268e+00 -1.1313333333e+01
8.6988896155e-04 1.3304708738e+04 1.5707963268e+00 -1.1316666667e+01
8.7014518805e-04 1.3304708738e+04 1.5707963268e+00 -1.1320000000e+01
8.7040141455e-04 1.3304708738e+04 1.5707963268e+00 -1.1323333333e+01
8.7065764105e-04 1.3304708738e+04 1.5707963268e+00 -1.1326666667e+01
8.7091386755e-04 1.3304708738e+04 1.5707963268e+00 -1.1330000000e+01
8.7117009404e-04 1.3304708738e+04 1.5707963268e+00 -1.1333333333e+01
8.7142632054e-04 1.3304708738e+04 1.5707963268e+00 -1.1336666667e+01
8.7168254704e-04 1.3304708738e+04 1.5707963268e+00 -1.1340000000e+01
8.7193877354e-04 1.3304708738e+04 1.5707963268e+00 -1.1343333333e+01
8.7219500004e-04 1.3304708738e+04 1.5707963268e+00 -1.1346666667e+01
8.7245122654e-04 1.3304708738e+04 1.5707963268e+00 -1.1350000000e+01
8.7270745303e-04 1.3304708738e+04 1.5707963268e+00 -1.1353333333e+01
8.7296367953e-04 1.3304708738e+04 1.5707963268e+00 -1.1356666667e+01
8.7321990603e-04 1.3304708738e+04 1.5707963268e+00 -1.1360000000e+01
8.7347613253e-04 1.3304708738e+04 1.5707963268e+00 -1.1363333333e+01
8.7373235903e-04 1.3304708738e+04 1.5707963268e+00 -1.1366666667e+01
8.7398858553e-04 1.3304708738e+04 1.5707963268e+00 -1.1370000000e+01
8.7424481202e-04 1.3304708738e+04 1.5707963268e+00 -1.1373333333e+01
8.7450103852e-04 1.3304708738e+04 1.5707963268e+00 -1.1376666667e+01
8.7475726502e-04 1.3304708738e+04 1.5707963268e+00 -1.1380000000e+01
8.7501349152e-04 1.3304708738e+04 1.5707963268e+00 -1.1383333333e+01
8.7526971802e-04 1.3304708738e+04 1.5707963268e+00 -1.1386666667e+01
8.7552594451e-04 1.3304708738e+04 1.5707963268e+00 -1.1390000000e+01
8.7578217101e-04 1.3304708738e+04 1.5707963268e+00 -1.1393333333e+01
8.7603839751e-04 1.3304708738e+04 1.5707963268e+00 -1.1396666667e+01
8.7629462401e-04 1.3304708738e+04 1.5707963268e+00 -1.1400000000e+01
8.7655085051e-04 1.3304708738e+04 1.5707963268e+00 -1.1403333333e+01
8.7680707701e-04 1.3304708738e+04 1.5707963268e+00 -1.1406666667e+01
8.7706330350e-04 1.3304708738e+04 1.5707963268e+00 -1.1410000000e+01
8.7731953000e-04 1.3304708738e+04 1.5707963268e+00 -1.1413333333e+01
8.7757575650e-04 1.3304708738e+04 1.5707963268e+00 -1.1416666667e+01
8.7783198300e-04 1.3304708738e+04 1.5707963268e+00 -1.1420000000e+01
8.7808820950e-04 1.3304708738e+04 1.5707963268e+00 -1.1423333333e+01
8.7834443600e-04 1.3304708738e+04 1.5707963268e+00 -1.1426666667e+01
8.7860066249e-04 1.3304708738e+04 1.5707963268e+00 -1.1430000000e+01
8.7885688899e-04 1.3304708738e+04 1.5707963268e+00 -1.1433333333e+01
8.7911311549e-04 1.3304708738e+04 1.5707963268e+00 -1.1436666667e+01
8.7936934199e-04 1.3304708738e+04 1.5707963268e+00 -1.1440000000e+01
8.7962556849e-04 1.3304708738e+04 1.5707963268e+00 -1.1443333333e+01
8.7988179499e-04 1.3304708738e+04 1.5707963268e+00 -1.1446666667e+01
8.8013802148e-04 1.3304708738e+04 1.5707963268e+00 -1.1450000000e+01
8.8039424798e-04 1.3304708738e+04 1.5707963268e+00 -1.1453333333e+01
8.8065047448e-04 1.3304708738e+04 1.5707963268e+00 -1.1456666667e+01
8.8090670098e-04 1.3304708738e+04 1.5707963268e+00 -1.1460000000e+01
8.8116292748e-04 1.3304708738e+04 1.5707963268e+00 -1.1463333333e+01
8.8141915397e-04 1.3304708738e+04 1.5707963268e+00 -1.1466666667e+01
8.8167538047e-04 1.3304708738e+04 1.5707963268e+00 -1.1470000000e+01
8.8193160697e-04 1.3304708738e+04 1.5707963268e+00 -1.1473333333e+01
8.8218783347e-04 1.3304708738e+04 1.5707963268e+00 -1.1476666667e+01
8.8244405997e-04 1.3304708738e+04 1.5707963268e+00 -1.1480000000e+01
8.8270028647e-04 1.3304708738e+04 1.5707963268e+00 -1.1483333333e+01
8.8295651296e-04 1.3304708738e+04 1.5707963268e+00 -1.1486666667e+01
8.8321273946e-04 1.3304708738e+04 1.5707963268e+00 -1.1490000000e+01
8.8346896596e-04 1.3304708738e+04 1.5707963268e+00 -1.1493333333e+01
8.8372519246e-04 1.3304708738e+04 1.5707963268e+00 -1.1496666667e+01
8.8398141896e-04 1.3304708738e+04 1.5707963268e+00 -1.1500000000e+01
8.8423764546e-04 1.3304708738e+04 1.5707963268e+00 -1.1503333333e+01
8.8449387195e-04 1.3304708738e+04 1.5707963268e+00 -1.1506666667e+01
8.8475009845e-04 1.3304708738e+04 1.5707963268e+00 -1.1510000000e+01
8.8500632495e-04 1.3304708738e+04 1.5707963268e+00 -1.1513333333e+01
8.8526255145e-04 1.3304708738e+04 1.5707963268e+00 -1.1516666667e+01
8.8551877795e-04 1.3304708738e+04 1.5707963268e+00 -1.1520000000e+01
8.8577500444e-04 1.3304708738e+04 1.5707963268e+00 -1.1523333333e+01
8.8603123094e-04 1.3304708738e+04 1.5707963268e+00 -1.1526666667e+01
8.8628745744e-04 1.3304708738e+04 1.5707963268e+00 -1.1530000000e+01
8.8654368394e-04 1.3304708738e+04 1.5707963268e+00 -1.1533333333e+01
8.8679991044e-04 1.3304708738e+04 1.5707963268e+00 -1.1536666667e+01
8.8705613694e-04 1.3304708738e+04 1.5707963268e+00 -1.1540000000e+01
8.8731236343e-04 1.3304708738e+04 1.5707963268e+00 -1.1543333333e+01
8.8756858993e-04 1.3304708738e+04 1.5707963268e+00 -1.1546666667e+01
8.8782481643e-04 1.3304708738e+04 1.5707963268e+00 -1.1550000000e+01
8.8808104293e-04 1.3304708738e+04 1.5707963268e+00 -1.1553333333e+01
8.8833726943e-04 1.3304708738e+04 1.5707963268e+00 -1.1556666667e+01
8.8859349593e-04 1.3304708738e+04 1.5707963268e+00 -1.1560000000e+01
8.8884972242e-04 1.3304708738e+04 1.5707963268e+00 -1.1563333333e+01
8.8910594892e-04 1.3304708738e+04 1.5707963268e+00 -1.1566666667e+01
8.8936217542e-04 1.3304708738e+04 1.5707963268e+00 -1.1570000000e+01
8.8961840192e-04 1.3304708738e+04 1.5707963268e+00 -1.1573333333e+01
8.8987462842e-04 1.3304708738e+04 1.5707963268e+00 -1.1576666667e+01
8.9013085492e-04 1.3304708738e+04 1.5707963268e+00 -1.1580000000e+01
8.9038708141e-04 1.3304708738e+04 1.5707963268e+00 -1.1583333333e+01
8.9064330791e-04 1.3304708738e+04 1.5707963268e+00 -1.1586666667e+01
8.9089953441e-04 1.3304708738e+04 1.5707963268e+00 -1.1590000000e+01
8.9115576091e-04 1.3304708738e+04 1.5707963268e+00 -1.1593333333e+01
8.9141198741e-04 1.3304708738e+04 1.5707963268e+00 -1.1596666667e+01
8.9166821390e-04 1.3304708738e+04 1.5707963268e+00 -1.1600000000e+01
8.9192444040e-04 1.3304708738e+04 1.5707963268e+00 -1.1603333333e+01
8.9218066690e-04 1.3304708738e+04 1.5707963268e+00 -1.1606666667e+01
8.9243689340e-04 1.3304708738e+04 1.5707963268e+00 -1.1610000000e+01
8.9269311990e-04 1.3304708738e+04 1.5707963268e+00 -1.1613333333e+01
8.9294934640e-04 1.3304708738e+04 1.5707963268e+00 -1.1616666667e+01
8.9320557289e-04 1.3304708738e+04 1.5707963268e+00 -1.1620000000e+01
8.9346179939e-04 1.3304708738e+04 1.5707963268e+00 -1.1623333333e+01
8.9371802589e-04 1.3304708738e+04 1.5707963268e+00 -1.1626666667e+01
8.9397425239e-04 1.3304708738e+04 1.5707963268e+00 -1.1630000000e+01
8.9423047889e-04 1.3304708738e+04 1.5707963268e+00 -1.1633333333e+01
8.9448670539e-04 1.3304708738e+04 1.5707963268e+00 -1.1636666667e+01
8.9474293188e-04 1.3304708738e+04 1.5707963268e+00 -1.1640000000e+01
8.9499915838e-04 1.3304708738e+04 1.5707963268e+00 -1.1643333333e+01
8.9525538488e-04 1.3304708738e+04 1.5707963268e+00 -1.1646666667e+01
8.9551161138e-04 1.3304708738e+04 1.5707963268e+00 -1.1650000000e+01
8.9576783788e-04 1.3304708738e+04 1.5707963268e+00 -1.1653333333e+01
8.9602406437e-04 1.3304708738e+04 1.5707963268e+00 -1.1656666667e+01
8.9628029087e-04 1.3304708738e+04 1.5707963268e+00 -1.1660000000e+01
8.9653651737e-04 1.3304708738e+04 1.5707963268e+00 -1.1663333333e+01
8.9679274387e-04 1.3304708738e+04 1.5707963268e+00 -1.1666666667e+01
8.9704897037e-04 1.3304708738e+04 1.5707963268e+00 -1.1670000000e+01
8.9730519687e-04 1.3304708738e+04 1.5707963268e+00 -1.1673333333e+01
8.9756142336e-04 1.3304708738e+04 1.5707963268e+00 -1.1676666667e+01
8.9781764986e-04 1.3304708738e+04 1.5707963268e+00 -1.1680000000e+01
8.9807387636e-04 1.3304708738e+04 1.5707963268e+00 -1.1683333333e+01
8.9833010286e-04 1.3304708738e+04 1.5707963268e+00 -1.1686666667e+01
8.9858632936e-04 1.3304708738e+04 1.5707963268e+00 -1.1690000000e+01
8.9884255586e-04 1.3304708738e+04 1.5707963268e+00 -1.1693333333e+01
8.9909878235e-04 1.3304708738e+04 1.5707963268e+00 -1.1696666667e+01
8.9935500885e-04 1.3304708738e+04 1.5707963268e+00 -1.1700000000e+01
8.9961123535e-04 1.3304708738e+04 1.5707963268e+00 -1.1703333333e+01
8.9986746185e-04 1.3304708738e+04 1.5707963268e+00 -1.1706666667e+01
9.0012368835e-04 1.3304708738e+04 1.5707963268e+00 -1.1710000000e+01
9.0037991484e-04 1.3304708738e+04 1.5707963268e+00 -1.1713333333e+01
9.0063614134e-04 1.3304708738e+04 1.5707963268e+00 -1.1716666667e+01
9.0089236784e-04 1.3304708738e+04 1.5707963268e+00 -1.1720000000e+01
9.0114859434e-04 1.3304708738e+04 1.5707963268e+00 -1.1723333333e+01
9.0140482084e-04 1.3304708738e+04 1.5707963268e+00 -1.1726666667e+01
9.0166104734e-04 1.3304708738e+04 1.5707963268e+00 -1.1730000000e+01
9.0191727383e-04 1.3304708738e+04 1.5707963268e+00 -1.1733333333e+01
9.0217350033e-04 1.3304708738e+04 1.5707963268e+00 -1.1736666667e+01
9.0242972683e-04 1.3304708738e+04 1.5707963268e+00 -1.1740000000e+01
9.0268595333e-04 1.3304708738e+04 1.5707963268e+00 -1.1743333333e+01
9.0294217983e-04 1.3304708738e+04 1.5707963268e+00 -1.1746666667e+01
9.0319840633e-04 1.3304708738e+04 1.5707963268e+00 -1.1750000000e+01
9.0345463282e-04 1.3304708738e+04 1.5707963268e+00 -1.1753333333e+01
9.0371085932e-04 1.3304708738e+04 1.5707963268e+00 -1.1756666667e+01
9.0396708582e-04 1.3304708738e+04 1.5707963268e+00 -1.1760000000e+01
9.0422331232e-04 1.3304708738e+04 1.5707963268e+00 -1.1763333333e+01
9.0447953882e-04 1.3304708738e+04 1.5707963268e+00 -1.1766666667e+01
9.0473576532e-04 1.3304708738e+04 1.5707963268e+00 -1.1770000000e+01
9.0499199181e-04 1.3304708738e+04 1.5707963268e+00 -1.1773333333e+01
9.0524821831e-04 1.3304708738e+04 1.5707963268e+00 -1.1776666667e+01
9.0550444481e-04 1.3304708738e+04 1.5707963268e+00 -1.1780000000e+01
9.0576067131e-04 1.3304708738e+04 1.5707963268e+00 -1.1783333333e+01
9.0601689781e-04 1.3304708738e+04 1.5707963268e+00 -1.1786666667e+01
9.0627312430e-04 1.3304708738e+04 1.5707963268e+00 -1.1790000000e+01
9.0652935080e-04 1.3304708738e+04 1.5707963268e+00 -1.1793333333e+01
9.0678557730e-04 1.3304708738e+04 1.5707963268e+00 -1.1796666667e+01
9.0704180380e-04 1.3304708738e+04 1.5707963268e+00 -1.1800000000e+01
9.0729803030e-04 1.3304708738e+04 1.5707963268e+00 -1.1803333333e+01
9.0755425680e-04 1.3304708738e+04 1.5707963268e+00 -1.1806666667e+01
9.0781048329e-04 1.3304708738e+04 1.5707963268e+00 -1.1810000000e+01
9.0806670979e-04 1.3304708738e+04 1.5707963268e+00 -1.1813333333e+01
9.0832293629e-04 1.3304708738e+04 1.5707963268e+00 -1.1816666667e+01
9.0857916279e-04 1.3304708738e+04 1.5707963268e+00 -1.1820000000e+01
9.0883538929e-04 1.3304708738e+04 1.5707963268e+00 -1.1823333333e+01
9.0909161579e-04 1.3304708738e+04 1.5707963268e+00 -1.1826666667e+01
9.0934784228e-04 1.3304708738e+04 1.5707963268e+00 -1.1830000000e+01
9.0960406878e-04 1.3304708738e+04 1.5707963268e+00 -1.1833333333e+01
9.0986029528e-04 1.3304708738e+04 1.5707963268e+00 -1.1836666667e+01
9.1011652178e-04 1.3304708738e+04 1.5707963268e+00 -1.1840000000e+01
9.1037274828e-04 1.3304708738e+04 1.5707963268e+00 -1.1843333333e+01
9.1062897477e-04 1.3304708738e+04 1.5707963268e+00 -1.1846666667e+01
9.1088520127e-04 1.3304708738e+04 1.5707963268e+00 -1.1850000000e+01
9.1114142777e-04 1.3304708738e+04 1.5707963268e+00 -1.1853333333e+01
9.1139765427e-04 1.3304708738e+04 1.5707963268e+00 -1.1856666667e+01
9.1165388077e-04 1.3304708738e+04 1.5707963268e+00 -1.1860000000e+01
9.1191010727e-04 1.3304708738e+04 1.5707963268e+00 -1.1863333333e+01
9.1216633376e-04 1.3304708738e+04 1.5707963268e+00 -1.1866666667e+01
9.1242256026e-04 1.3304708738e+04 1.5707963268e+00 -1.1870000000e+01
9.1267878676e-04 1.3304708738e+04 1.5707963268e+00 -1.1873333333e+01
9.1293501326e-04 1.3304708738e+04 1.5707963268e+00 -1.1876666667e+01
9.1319123976e-04 1.3304708738e+04 1.5707963268e+00 -1.1880000000e+01
9.1344746626e-04 1.3304708738e+04 1.5707963268e+00 -1.1883333333e+01
9.1370369275e-04 1.3304708738e+04 1.5707963268e+00 -1.1886666667e+01
9.1395991925e-04 1.3304708738e+04 1.5707963268e+00 -1.1890000000e+01
9.1421614575e-04 1.3304708738e+04 1.5707963268e+00 -1.1893333333e+01
9.1447237225e-04 1.3304708738e+04 1.5707963268e+00 -1.1896666667e+01
9.1472859875e-04 1.3304708738e+04 1.5707963268e+00 -1.1900000000e+01
9.1498482525e-04 1.3304708738e+04 1.5707963268e+00 -1.1903333333e+01
9.1524105174e-04 1.3304708738e+04 1.5707963268e+00 -1.1906666667e+01
9.1549727824e-04 1.3304708738e+04 1.5707963268e+00 -1.1910000000e+01
9.1575350474e-04 1.3304708738e+04 1.5707963268e+00 -1.1913333333e+01
9.1600973124e-04 1.3304708738e+04 1.5707963268e+00 -1.1916666667e+01
9.1626595774e-04 1.3304708738e+04 1.5707963268e+00 -1.1920000000e+01
9.1652218423e-04 1.3304708738e+04 1.5707963268e+00 -1.1923333333e+01
9.1677841073e-04 1.3304708738e+04 1.5707963268e+00 -1.1926666667e+01
9.1703463723e-04 1.3304708738e+04 1.5707963268e+00 -1.1930000000e+01
9.1729086373e-04 1.3304708738e+04 1.5707963268e+00 -1.1933333333e+01
9.1754709023e-04 1.3304708738e+04 1.5707963268e+00 -1.1936666667e+01
9.1780331673e-04 1.3304708738e+04 1.5707963268e+00 -1.1940000000e+01
9.1805954322e-04 1.3304708738e+04 1.5707963268e+00 -1.1943333333e+01
9.1831576972e-04 1.3304708738e+04 1.5707963268e+00 -1.1946666667e+01
9.1857199622e-04 1.3304708738e+04 1.5707963268e+00 -1.1950000000e+01
9.1882822272e-04 1.3304708738e+04 1.5707963268e+00 -1.1953333333e+01
9.1908444922e-04 1.3304708738e+04 1.5707963268e+00 -1.1956666667e+01
9.1934067572e-04 1.3304708738e+04 1.5707963268e+00 -1.1960000000e+01
9.1959690221e-04 1.3304708738e+04 1.5707963268e+00 -1.1963333333e+01
9.1985312871e-04 1.3304708738e+04 1.5707963268e+00 -1.1966666667e+01
9.2010935521e-04 1.3304708738e+04 1.5707963268e+00 -1.1970000000e+01
9.2036558171e-04 1.3304708738e+04 1.5707963268e+00 -1.1973333333e+01
9.2062180821e-04 1.3304708738e+04 1.5707963268e+00 -1.1976666667e+01
9.2087803470e-04 1.3304708738e+04 1.5707963268e+00 -1.1980000000e+01
9.2113426120e-04 1.3304708738e+04 1.5707963268e+00 -1.1983333333e+01
9.2139048770e-04 1.3304708738e+04 1.5707963268e+00 -1.1986666667e+01
9.2164671420e-04 1.3304708738e+04 1.5707963268e+00 -1.1990000000e+01
9.2190294070e-04 1.3304708738e+04 1.5707963268e+00 -1.1993333333e+01
9.2215916720e-04 1.3304708738e+04 1.5707963268e+00 -1.1996666667e+01
9.2241539369e-04 1.3304708738e+04 1.5707963268e+00 -1.2000000000e+01
9.2267162019e-04 1.3304708738e+04 1.5707963268e+00 -1.2003333333e+01
9.2292784669e-04 1.3304708738e+04 1.5707963268e+00 -1.2006666667e+01
9.2318407319e-04 1.3304708738e+04 1.5707963268e+00 -1.2010000000e+01
9.2344029969e-04 1.3304708738e+04 1.5707963268e+00 -1.2013333333e+01
9.2369652619e-04 1.3304708738e+04 1.5707963268e+00 -1.2016666667e+01
9.2395275268e-04 1.3304708738e+04 1.5707963268e+00 -1.2020000000e+01
9.2420897918e-04 1.3304708738e+04 1.5707963268e+00 -1.2023333333e+01
9.2446520568e-04 1.3304708738e+04 1.5707963268e+00 -1.2026666667e+01
9.2472143218e-04 1.3304708738e+04 1.5707963268e+00 -1.2030000000e+01
9.2497765868e-04 1.3304708738e+04 1.5707963268e+00 -1.2033333333e+01
9.2523388518e-04 1.3304708738e+04 1.5707963268e+00 -1.2036666667e+01
9.2549011167e-04 1.3304708738e+04 1.5707963268e+00 -1.2040000000e+01
9.2574633817e-04 1.3304708738e+04 1.5707963268e+00 -1.2043333333e+01
9.2600256467e-04 1.3304708738e+04 1.5707963268e+00 -1.2046666667e+01
9.2625879117e-04 1.3304708738e+04 1.5707963268e+00 -1.2050000000e+01
9.2651501767e-04 1.3304708738e+04 1.5707963268e+00 -1.2053333333e+01
9.2677124416e-04 1.3304708738e+04 1.5707963268e+00 -1.2056666667e+01
9.2702747066e-04 1.3304708738e+04 1.5707963268e+00 -1.2060000000e+01
9.2728369716e-04 1.3304708738e+04 1.5707963268e+00 -1.2063333333e+01
9.2753992366e-04 1.3304708738e+04 1.5707963268e+00 -1.2066666667e+01
9.2779615016e-04 1.3304708738e+04 1.5707963268e+00 -1.2070000000e+01
9.2805237666e-04 1.3304708738e+04 1.5707963268e+00 -1.2073333333e+01
9.2830860315e-04 1.3304708738e+04 1.5707963268e+00 -1.2076666667e+01
9.2856482965e-04 1.3304708738e+04 1.5707963268e+00 -1.2080000000e+01
9.2882105615e-04 1.3304708738e+04 1.5707963268e+00 -1.2083333333e+01
9.2907728265e-04 1.3304708738e+04 1.5707963268e+00 -1.2086666667e+01
9.2933350915e-04 1.3304708738e+04 1.5707963268e+00 -1.2090000000e+01
9.2958973565e-04 1.3304708738e+04 1.5707963268e+00 -1.2093333333e+01
9.2984596214e-04 1.3304708738e+04 1.5707963268e+00 -1.2096666667e+01
9.3010218864e-04 1.3304708738e+04 1.5707963268e+00 -1.2100000000e+01
9.3035841514e-04 1.3304708738e+04 1.5707963268e+00 -1.2103333333e+01
9.3061464164e-04 1.3304708738e+04 1.5707963268e+00 -1.2106666667e+01
9.3087086814e-04 1.3304708738e+04 1.5707963268e+00 -1.2110000000e+01
9.3112709463e-04 1.3304708738e+04 1.5707963268e+00 -1.2113333333e+01
9.3138332113e-04 1.3304708738e+04 1.5707963268e+00 -1.2116666667e+01
9.3163954763e-04 1.3304708738e+04 1.5707963268e+00 -1.2120000000e+01
9.3189577413e-04 1.3304708738e+04 1.5707963268e+00 -1.2123333333e+01
9.3215200063e-04 1.3304708738e+04 1.5707963268e+00 -1.2126666667e+01
9.3240822713e-04 1.3304708738e+04 1.5707963268e+00 -1.2130000000e+01
9.3266445362e-04 1.3304708738e+04 1.5707963268e+00 -1.2133333333e+01
9.3292068012e-04 1.3304708738e+04 1.5707963268e+00 -1.2136666667e+01
9.3317690662e-04 1.3304708738e+04 1.5707963268e+00 -1.2140000000e+01
9.3343313312e-04 1.3304708738e+04 1.5707963268e+00 -1.2143333333e+01
9.3368935962e-04 1.3304708738e+04 1.5707963268e+00 -1.2146666667e+01
9.3394558612e-04 1.3304708738e+04 1.5707963268e+00 -1.2150000000e+01
9.3420181261e-04 1.3304708738e+04 1.5707963268e+00 -1.2153333333e+01
9.3445803911e-04 1.3304708738e+04 1.5707963268e+00 -1.2156666667e+01
9.3471426561e-04 1.3304708738e+04 1.5707963268e+00 -1.2160000000e+01
9.3497049211e-04 1.3304708738e+04 1.5707963268e+00 -1.2163333333e+01
9.3522671861e-04 1.3304708738e+04 1.5707963268e+00 -1.2166666667e+01
9.3548294510e-04 1.3304708738e+04 1.5707963268e+00 -1.2170000000e+01
9.3573917160e-04 1.3304708738e+04 1.5707963268e+00 -1.2173333333e+01
9.3599539810e-04 1.3304708738e+04 1.5707963268e+00 -1.2176666667e+01
9.3625162460e-04 1.3304708738e+04 1.5707963268e+00 -1.2180000000e+01
9.3650785110e-04 1.3304708738e+04 1.5707963268e+00 -1.2183333333e+01
9.3676407760e-04 1.3304708738e+04 1.5707963268e+00 -1.2186666667e+01
9.3702030409e-04 1.3304708738e+04 1.5707963268e+00 -1.2190000000e+01
9.3727653059e-04 1.3304708738e+04 1.5707963268e+00 -1.2193333333e+01
9.3753275709e-04 1.3304708738e+04 1.5707963268e+00 -1.2196666667e+01
9.3778898359e-04 1.3304708738e+04 1.5707963268e+00 -1.2200000000e+01
9.3804521009e-04 1.3304708738e+04 1.5707963268e+00 -1.2203333333e+01
9.3830143659e-04 1.3304708738e+04 1.5707963268e+00 -1.2206666667e+01
9.3855766308e-04 1.3304708738e+04 1.5707963268e+00 -1.2210000000e+01
9.3881388958e-04 1.3304708738e+04 1.5707963268e+00 -1.2213333333e+01
9.3907011608e-04 1.3304708738e+04 1.5707963268e+00 -1.2216666667e+01
9.3932634258e-04 1.3304708738e+04 1.5707963268e+00 -1.2220000000e+01
9.3958256908e-04 1.3304708738e+04 1.5707963268e+00 -1.2223333333e+01
9.3983879558e-04 1.3304708738e+04 1.5707963268e+00 -1.2226666667e+01
9.4009502207e-04 1.3304708738e+04 1.5707963268e+00 -1.2230000000e+01
9.4035124857e-04 1.3304708738e+04 1.5707963268e+00 -1.2233333333e+01
9.4060747507e-04 1.3304708738e+04 1.5707963268e+00 -1.2236666667e+01
9.4086370157e-04 1.3304708738e+04 1.5707963268e+00 -1.2240000000e+01
9.4111992807e-04 1.3304708738e+04 1.5707963268e+00 -1.2243333333e+01
9.4137615456e-04 1.3304708738e+04 1.5707963268e+00 -1.2246666667e+01
9.4163238106e-04 1.3304708738e+04 1.5707963268e+00 -1.2250000000e+01
9.4188860756e-04 1.3304708738e+04 1.5707963268e+00 -1.2253333333e+01
9.4214483406e-04 1.3304708738e+04 1.5707963268e+00 -1.2256666667e+01
9.4240106056e-04 1.3304708738e+04 1.5707963268e+00 -1.2260000000e+01
9.4265728706e-04 1.3304708738e+04 1.5707963268e+00 -1.2263333333e+01
9.4291351355e-04 1.3304708738e+04 1.5707963268e+00 -1.2266666667e+01
9.4316974005e-04 1.3304708738e+04 1.5707963268e+00 -1.2270000000e+01
9.4342596655e-04 1.3304708738e+04 1.5707963268e+00 -1.2273333333e+01
9.4368219305e-04 1.3304708738e+04 1.5707963268e+00 -1.2276666667e+01
9.4393841955e-04 1.3304708738e+04 1.5707963268e+00 -1.2280000000e+01
9.4419464605e-04 1.3304708738e+04 1.5707963268e+00 -1.2283333333e+01
9.4445087254e-04 1.3304708738e+04 1.5707963268e+00 -1.2286666667e+01
9.4470709904e-04 1.3304708738e+04 1.5707963268e+00 -1.2290000000e+01
9.4496332554e-04 1.3304708738e+04 1.5707963268e+00 -1.2293333333e+01
9.4521955204e-04 1.3304708738e+04 1.5707963268e+00 -1.2296666667e+01
9.4547577854e-04 1.3304708738e+04 1.5707963268e+00 -1.2300000000e+01
9.4573200503e-04 1.3304708738e+04 1.5707963268e+00 -1.2303333333e+01
9.4598823153e-04 1.3304708738e+04 1.5707963268e+00 -1.2306666667e+01
9.4624445803e-04 1.3304708738e+04 1.5707963268e+00 -1.2310000000e+01
9.4650068453e-04 1.3304708738e+04 1.5707963268e+00 -1.2313333333e+01
9.4675691103e-04 1.3304708738e+04 1.5707963268e+00 -1.2316666667e+01
9.4701313753e-04 1.3304708738e+04 1.5707963268e+00 -1.2320000000e+01
9.4726936402e-04 1.3304708738e+04 1.5707963268e+00 -1.2323333333e+01
9.4752559052e-04 1.3304708738e+04 1.5707963268e+00 -1.2326666667e+01
9.4778181702e-04 1.3304708738e+04 1.5707963268e+00 -1.2330000000e+01
9.4803804352e-04 1.3304708738e+04 1.5707963268e+00 -1.2333333333e+01
9.4829427002e-04 1.3304708738e+04 1.5707963268e+00 -1.2336666667e+01
9.4855049652e-04 1.3304708738e+04 1.5707963268e+00 -1.2340000000e+01
9.4880672301e-04 1.3304708738e+04 1.5707963268e+00 -1.2343333333e+01
9.4906294951e-04 1.3304708738e+04 1.5707963268e+00 -1.2346666667e+01
9.4931917601e-04 1.3304708738e+04 1.5707963268e+00 -1.2350000000e+01
9.4957540251e-04 1.3304708738e+04 1.5707963268e+00 -1.2353333333e+01
9.4983162901e-04 1.3304708738e+04 1.5707963268e+00 -1.2356666667e+01
9.5008785551e-04 1.3304708738e+04 1.5707963268e+00 -1.2360000000e+01
9.5034408200e-04 1.3304708738e+04 1.5707963268e+00 -1.2363333333e+01
9.5060030850e-04 1.3304708738e+04 1.5707963268e+00 -1.2366666667e+01
9.5085653500e-04 1.3304708738e+04 1.5707963268e+00 -1.2370000000e+01
9.5111276150e-04 1.3304708738e+04 1.5707963268e+00 -1.2373333333e+01
9.5136898800e-04 1.3304708738e+04 1.5707963268e+00 -1.2376666667e+01
9.5162521449e-04 1.3304708738e+04 1.5707963268e+00 -1.2380000000e+01
9.5188144099e-04 1.3304708738e+04 1.5707963268e+00 -1.2383333333e+01
9.5213766749e-04 1.3304708738e+04 1.5707963268e+00 -1.2386666667e+01
9.5239389399e-04 1.3304708738e+04 1.5707963268e+00 -1.2390000000e+01
9.5265012049e-04 1.3304708738e+04 1.5707963268e+00 -1.2393333333e+01
9.5290634699e-04 1.3304708738e+04 1.5707963268e+00 -1.2396666667e+01
9.5316257348e-04 1.3304708738e+04 1.5707963268e+00 -1.2400000000e+01
9.5341879998e-04 1.3304708738e+04 1.5707963268e+00 -1.2403333333e+01
9.5367502648e-04 1.3304708738e+04 1.5707963268e+00 -1.2406666667e+01
9.5393125298e-04 1.3304708738e+04 1.5707963268e+00 -1.2410000000e+01
9.5418747948e-04 1.3304708738e+04 1.5707963268e+00 -1.2413333333e+01
9.5444370598e-04 1.3304708738e+04 1.5707963268e+00 -1.2416666667e+01
9.5469993247e-04 1.3304708738e+04 1.5707963268e+00 -1.2420000000e+01
9.5495615897e-04 1.3304708738e+04 1.5707963268e+00 -1.2423333333e+01
9.5521238547e-04 1.3304708738e+04 1.5707963268e+00 -1.2426666667e+01
9.5546861197e-04 1.3304708738e+04 1.5707963268e+00 -1.2430000000e+01
9.5572483847e-04 1.3304708738e+04 1.5707963268e+00 -1.2433333333e+01
9.5598106496e-04 1.3304708738e+04 1.5707963268e+00 -1.2436666667e+01
9.5623729146e-04 1.3304708738e+04 1.5707963268e+00 -1.2440000000e+01
9.5649351796e-04 1.3304708738e+04 1.5707963268e+00 -1.2443333333e+01
9.5674974446e-04 1.3304708738e+04 1.5707963268e+00 -1.2446666667e+01
9.5700597096e-04 1.3304708738e+04 1.5707963268e+00 -1.2450000000e+01
9.5726219746e-04 1.3304708738e+04 1.5707963268e+00 -1.2453333333e+01
9.5751842395e-04 1.3304708738e+04 1.5707963268e+00 -1.2456666667e+01
9.5777465045e-04 1.3304708738e+04 1.5707963268e+00 -1.2460000000e+01
9.5803087695e-04 1.3304708738e+04 1.5707963268e+00 -1.2463333333e+01
9.5828710345e-04 1.3304708738e+04 1.5707963268e+00 -1.2466666667e+01
9.5854332995e-04 1.3304708738e+04 1.5707963268e+00 -1.2470000000e+01
9.5879955645e-04 1.3304708738e+04 1.5707963268e+00 -1.2473333333e+01
9.5905578294e-04 1.3304708738e+04 1.5707963268e+00 -1.2476666667e+01
9.5931200944e-04 1.3304708738e+04 1.5707963268e+00 -1.2480000000e+01
9.5956823594e-04 1.3304708738e+04 1.5707963268e+00 -1.2483333333e+01
9.5982446244e-04 1.3304708738e+04 1.5707963268e+00 -1.2486666667e+01
9.6008068894e-04 1.3304708738e+04 1.5707963268e+00 -1.2490000000e+01
9.6033691544e-04 1.3304708738e+04 1.5707963268e+00 -1.2493333333e+01
9.6059314193e-04 1.3304708738e+04 1.5707963268e+00 -1.2496666667e+01
9.6084936843e-04 1.3304708738e+04 1.5707963268e+00 -1.2500000000e+01
9.6110559493e-04 1.3304708738e+04 1.5707963268e+00 -1.2503333333e+01
9.6136182143e-04 1.3304708738e+04 1.5707963268e+00 -1.2506666667e+01
9.6161804793e-04 1.3304708738e+04 1.5707963268e+00 -1.2510000000e+01
9.6187427442e-04 1.3304708738e+04 1.5707963268e+00 -1.2513333333e+01
9.6213050092e-04 1.3304708738e+04 1.5707963268e+00 -1.2516666667e+01
9.6238672742e-04 1.3304708738e+04 1.5707963268e+00 -1.2520000000e+01
9.6264295392e-04 1.3304708738e+04 1.5707963268e+00 -1.2523333333e+01
9.6289918042e-04 1.3304708738e+04 1.5707963268e+00 -1.2526666667e+01
9.6315540692e-04 1.3304708738e+04 1.5707963268e+00 -1.2530000000e+01
9.6341163341e-04 1.3304708738e+04 1.5707963268e+00 -1.2533333333e+01
9.6366785991e-04 1.3304708738e+04 1.5707963268e+00 -1.2536666667e+01
9.6392408641e-04 1.3304708738e+04 1.5707963268e+00 -1.2540000000e+01
9.6418031291e-04 1.3304708738e+04 1.5707963268e+00 -1.2543333333e+01
9.6443653941e-04 1.3304708738e+04 1.5707963268e+00 -1.2546666667e+01
9.6469276591e-04 1.3304708738e+04 1.5707963268e+00 -1.2550000000e+01
9.6494899240e-04 1.3304708738e+04 1.5707963268e+00 -1.2553333333e+01
9.6520521890e-04 1.3304708738e+04 1.5707963268e+00 -1.2556666667e+01
9.6546144540e-04 1.3304708738e+04 1.5707963268e+00 -1.2560000000e+01
9.6571767190e-04 1.3304708738e+04 1.5707963268e+00 -1.2563333333e+01
9.6597389840e-04 1.3304708738e+04 1.5707963268e+00 -1.2566666667e+01
9.6623012489e-04 1.3304708738e+04 1.5707963268e+00 -1.2570000000e+01
9.6648635139e-04 1.3304708738e+04 1.5707963268e+00 -1.2573333333e+01
9.6674257789e-04 1.3304708738e+04 1.5707963268e+00 -1.2576666667e+01
9.6699880439e-04 1.3304708738e+04 1.5707963268e+00 -1.2580000000e+01
9.6725503089e-04 1.3304708738e+04 1.5707963268e+00 -1.2583333333e+01
9.6751125739e-04 1.3304708738e+04 1.5707963268e+00 -1.2586666667e+01
9.6776748388e-04 1.3304708738e+04 1.5707963268e+00 -1.2590000000e+01
9.6802371038e-04 1.3304708738e+04 1.5707963268e+00 -1.2593333333e+01
9.6827993688e-04 1.3304708738e+04 1.5707963268e+00 -1.2596666667e+01
9.6853616338e-04 1.3304708738e+04 1.5707963268e+00 -1.2600000000e+01
9.6879238988e-04 1.3304708738e+04 1.5707963268e+00 -1.2603333333e+01
9.6904861638e-04 1.3304708738e+04 1.5707963268e+00 -1.2606666667e+01
9.6930484287e-04 1.3304708738e+04 1.5707963268e+00 -1.2610000000e+01
9.6956106937e-04 1.3304708738e+04 1.5707963268e+00 -1.2613333333e+01
9.6981729587e-04 1.3304708738e+04 1.5707963268e+00 -1.2616666667e+01
9.7007352237e-04 1.3304708738e+04 1.5707963268e+00 -1.2620000000e+01
9.7032974887e-04 1.3304708738e+04 1.5707963268e+00 -1.2623333333e+01
9.7058597537e-04 1.3304708738e+04 1.5707963268e+00 -1.2626666667e+01
9.7084220186e-04 1.3304708738e+04 1.5707963268e+00 -1.2630000000e+01
9.7109842836e-04 1.3304708738e+04 1.5707963268e+00 -1.2633333333e+01
9.7135465486e-04 1.3304708738e+04 1.5707963268e+00 -1.2636666667e+01
9.7161088136e-04 1.3304708738e+04 1.5707963268e+00 -1.2640000000e+01
9.7186710786e-04 1.3304708738e+04 1.5707963268e+00 -1.2643333333e+01
9.7212333435e-04 1.3304708738e+04 1.5707963268e+00 -1.2646666667e+01
9.7237956085e-04 1.3304708738e+04 1.5707963268e+00 -1.2650000000e+01
9.7263578735e-04 1.3304708738e+04 1.5707963268e+00 -1.2653333333e+01
9.7289201385e-04 1.3304708738e+04 1.5707963268e+00 -1.2656666667e+01
9.7314824035e-04 1.3304708738e+04 1.5707963268e+00 -1.2660000000e+01
9.7340446685e-04 1.3304708738e+04 1.5707963268e+00 -1.2663333333e+01
9.7366069334e-04 1.3304708738e+04 1.5707963268e+00 -1.2666666667e+01
9.7391691984e-04 1.3304708738e+04 1.5707963268e+00 -1.2670000000e+01
9.7417314634e-04 1.3304708738e+04 1.5707963268e+00 -1.2673333333e+01
9.7442937284e-04 1.3304708738e+04 1.5707963268e+00 -1.2676666667e+01
9.7468559934e-04 1.3304708738e+04 1.5707963268e+00 -1.2680000000e+01
9.7494182584e-04 1.3304708738e+04 1.5707963268e+00 -1.2683333333e+01
9.7519805233e-04 1.3304708738e+04 1.5707963268e+00 -1.2686666667e+01
9.7545427883e-04 1.3304708738e+04 1.5707963268e+00 -1.2690000000e+01
9.7571050533e-04 1.3304708738e+04 1.5707963268e+00 -1.2693333333e+01
9.7596673183e-04 1.3304708738e+04 1.5707963268e+00 -1.2696666667e+01
9.7622295833e-04 1.3304708738e+04 1.5707963268e+00 -1.2700000000e+01
9.7647918482e-04 1.3304708738e+04 1.5707963268e+00 -1.2703333333e+01
9.7673541132e-04 1.3304708738e+04 1.5707963268e+00 -1.2706666667e+01
9.7699163782e-04 1.3304708738e+04 1.5707963268e+00 -1.2710000000e+01
9.7724786432e-04 1.3304708738e+04 1.5707963268e+00 -1.2713333333e+01
9.7750409082e-04 1.3304708738e+04 1.5707963268e+00 -1.2716666667e+01
9.7776031732e-04 1.3304708738e+04 1.5707963268e+00 -1.2720000000e+01
9.7801654381e-04 1.3304708738e+04 1.5707963268e+00 -1.2723333333e+01
9.7827277031e-04 1.3304708738e+04 1.5707963268e+00 -1.2726666667e+01
9.7852899681e-04 1.3304708738e+04 1.5707963268e+00 -1.2730000000e+01
9.7878522331e-04 1.3304708738e+04 1.5707963268e+00 -1.2733333333e+01
9.7904144981e-04 1.3304708738e+04 1.5707963268e+00 -1.2736666667e+01
9.7929767631e-04 1.3304708738e+04 1.5707963268e+00 -1.2740000000e+01
9.7955390280e-04 1.3304708738e+04 1.5707963268e+00 -1.2743333333e+01
9.7981012930e-04 1.3304708738e+04 1.5707963268e+00 -1.2746666667e+01
9.8006635580e-04 1.3304708738e+04 1.5707963268e+00 -1.2750000000e+01
9.8032258230e-04 1.3304708738e+04 1.5707963268e+00 -1.2753333333e+01
9.8057880880e-04 1.3304708738e+04 1.5707963268e+00 -1.2756666667e+01
9.8083503529e-04 1.3304708738e+04 1.5707963268e+00 -1.2760000000e+01
9.8109126179e-04 1.3304708738e+04 1.5707963268e+00 -1.2763333333e+01
9.8134748829e-04 1.3304708738e+04 1.5707963268e+00 -1.2766666667e+01
9.8160371479e-04 1.3304708738e+04 1.5707963268e+00 -1.2770000000e+01
9.8185994129e-04 1.3304708738e+04 1.5707963268e+00 -1.2773333333e+01
9.8211616779e-04 1.3304708738e+04 1.5707963268e+00 -1.2776666667e+01
9.8237239428e-04 1.3304708738e+04 1.5707963268e+00 -1.2780000000e+01
9.8262862078e-04 1.3304708738e+04 1.5707963268e+00 -1.2783333333e+01
9.8288484728e-04 1.3304708738e+04 1.5707963268e+00 -1.2786666667e+01
9.8314107378e-04 1.3304708738e+04 1.5707963268e+00 -1.2790000000e+01
9.8339730028e-04 1.3304708738e+04 1.5707963268e+00 -1.2793333333e+01
9.8365352678e-04 1.3304708738e+04 1.5707963268e+00 -1.2796666667e+01
9.8390975327e-04 1.3304708738e+04 1.5707963268e+00 -1.2800000000e+01
9.8416597977e-04 1.3304708738e+04 1.5707963268e+00 -1.2803333333e+01
9.8442220627e-04 1.3304708738e+04 1.5707963268e+00 -1.2806666667e+01
9.8467843277e-04 1.3304708738e+04 1.5707963268e+00 -1.2810000000e+01
9.8493465927e-04 1.3304708738e+04 1.5707963268e+00 -1.2813333333e+01
9.8519088577e-04 1.3304708738e+04 1.5707963268e+00 -1.2816666667e+01
9.8544711226e-04 1.3304708738e+04 1.5707963268e+00 -1.2820000000e+01
9.8570333876e-04 1.3304708738e+04 1.5707963268e+00 -1.2823333333e+01
9.8595956526e-04 1.3304708738e+04 1.5707963268e+00 -1.2826666667e+01
9.8621579176e-04 1.3304708738e+04 1.5707963268e+00 -1.2830000000e+01
9.8647201826e-04 1.3304708738e+04 1.5707963268e+00 -1.2833333333e+01
9.8672824475e-04 1.3304708738e+04 1.5707963268e+00 -1.2836666667e+01
9.8698447125e-04 1.3304708738e+04 1.5707963268e+00 -1.2840000000e+01
9.8724069775e-04 1.3304708738e+04 1.5707963268e+00 -1.2843333333e+01
9.8749692425e-04 1.3304708738e+04 1.5707963268e+00 -1.2846666667e+01
9.8775315075e-04 1.3304708738e+04 1.5707963268e+00 -1.2850000000e+01
9.8800937725e-04 1.3304708738e+04 1.5707963268e+00 -1.2853333333e+01
9.8826560374e-04 1.3304708738e+04 1.5707963268e+00 -1.2856666667e+01
9.8852183024e-04 1.3304708738e+04 1.5707963268e+00 -1.2860000000e+01
9.8877805674e-04 1.3304708738e+04 1.5707963268e+00 -1.2863333333e+01
9.8903428324e-04 1.3304708738e+04 1.5707963268e+00 -1.2866666667e+01
9.8929050974e-04 1.3304708738e+04 1.5707963268e+00 -1.2870000000e+01
9.8954673624e-04 1.3304708738e+04 1.5707963268e+00 -1.2873333333e+01
9.8980296273e-04 1.3304708738e+04 1.5707963268e+00 -1.2876666667e+01
9.9005918923e-04 1.3304708738e+04 1.5707963268e+00 -1.2880000000e+01
9.9031541573e-04 1.3304708738e+04 1.5707963268e+00 -1.2883333333e+01
9.9057164223e-04 1.3304708738e+04 1.5707963268e+00 -1.2886666667e+01
9.9082786873e-04 1.3304708738e+04 1.5707963268e+00 -1.2890000000e+01
9.9108409522e-04 1.3304708738e+04 1.5707963268e+00 -1.2893333333e+01
9.9134032172e-04 1.3304708738e+04 1.5707963268e+00 -1.2896666667e+01
9.9159654822e-04 1.3304708738e+04 1.5707963268e+00 -1.2900000000e+01
9.9185277472e-04 1.3304708738e+04 1.5707963268e+00 -1.2903333333e+01
9.9210900122e-04 1.3304708738e+04 1.5707963268e+00 -1.2906666667e+01
9.9236522772e-04 1.3304708738e+04 1.5707963268e+00 -1.2910000000e+01
9.9262145421e-04 1.3304708738e+04 1.5707963268e+00 -1.2913333333e+01
9.9287768071e-04 1.3304708738e+04 1.5707963268e+00 -1.2916666667e+01
9.9313390721e-04 1.3304708738e+04 1.5707963268e+00 -1.2920000000e+01
9.9339013371e-04 1.3304708738e+04 1.5707963268e+00 -1.2923333333e+01
9.9364636021e-04 1.3304708738e+04 1.5707963268e+00 -1.2926666667e+01
9.9390258671e-04 1.3304708738e+04 1.5707963268e+00 -1.2930000000e+01
9.9415881320e-04 1.3304708738e+04 1.5707963268e+00 -1.2933333333e+01
9.9441503970e-04 1.3304708738e+04 1.5707963268e+00 -1.2936666667e+01
9.9467126620e-04 1.3304708738e+04 1.5707963268e+00 -1.2940000000e+01
9.9492749270e-04 1.3304708738e+04 1.5707963268e+00 -1.2943333333e+01
9.9518371920e-04 1.3304708738e+04 1.5707963268e+00 -1.2946666667e+01
9.9543994570e-04 1.3304708738e+04 1.5707963268e+00 -1.2950000000e+01
9.9569617219e-04 1.3304708738e+04 1.5707963268e+00 -1.2953333333e+01
9.9595239869e-04 1.3304708738e+04 1.5707963268e+00 -1.2956666667e+01
9.9620862519e-04 1.3304708738e+04 1.5707963268e+00 -1.2960000000e+01
9.9646485169e-04 1.3304708738e+04 1.5707963268e+00 -1.2963333333e+01
9.9672107819e-04 1.3304708738e+04 1.5707963268e+00 -1.2966666667e+01
9.9697730468e-04 1.3304708738e+04 1.5707963268e+00 -1.2970000000e+01
9.9723353118e-04 1.3304708738e+04 1.5707963268e+00 -1.2973333333e+01
9.9748975768e-04 1.3304708738e+04 1.5707963268e+00 -1.2976666667e+01
9.9774598418e-04 1.3304708738e+04 1.5707963268e+00 -1.2980000000e+01
9.9800221068e-04 1.3304708738e+04 1.5707963268e+00 -1.2983333333e+01
9.9825843718e-04 1.3304708738e+04 1.5707963268e+00 -1.2986666667e+01
9.9851466367e-04 1.3304708738e+04 1.5707963268e+00 -1.2990000000e+01
9.9877089017e-04 1.3304708738e+04 1.5707963268e+00 -1.2993333333e+01
9.9902711667e-04 1.3304708738e+04 1.5707963268e+00 -1.2996666667e+01
9.9928334317e-04 1.3304708738e+04 1.5707963268e+00 -1.3000000000e+01
9.9953956967e-04 1.3304708738e+04 1.5707963268e+00 -1.3003333333e+01
9.9979579617e-04 1.3304708738e+04 1.5707963268e+00 -1.3006666667e+01
1.0000520227e-03 1.3304708738e+04 1.5707963268e+00 -1.3010000000e+01
1.0003082492e-03 1.3304708738e+04 1.5707963268e+00 -1.3013333333e+01
1.0005644757e-03 1.3304708738e+04 1.5707963268e+00 -1.3016666667e+01
1.0008207022e-03 1.3304708738e+04 1.5707963268e+00 -1.3020000000e+01
1.0010769287e-03 1.3304708738e+04 1.5707963268e+00 -1.3023333333e+01
1.0013331552e-03 1.3304708738e+04 1.5707963268e+00 -1.3026666667e+01
1.0015893817e-03 1.3304708738e+04 1.5707963268e+00 -1.3030000000e+01
1.0018456082e-03 1.3304708738e+04 1.5707963268e+00 -1.3033333333e+01
1.0021018346e-03 1.3304708738e+04 1.5707963268e+00 -1.3036666667e+01
1.0023580611e-03 1.3304708738e+04 1.5707963268e+00 -1.3040000000e+01
1.0026142876e-03 1.3304708738e+04 1.5707963268e+00 -1.3043333333e+01
1.0028705141e-03 1.3304708738e+04 1.5707963268e+00 -1.3046666667e+01
1.0031267406e-03 1.3304708738e+04 1.5707963268e+00 -1.3050000000e+01
1.0033829671e-03 1.3304708738e+04 1.5707963268e+00 -1.3053333333e+01
1.0036391936e-03 1.3304708738e+04 1.5707963268e+00 -1.3056666667e+01
1.0038954201e-03 1.3304708738e+04 1.5707963268e+00 -1.3060000000e+01
1.0041516466e-03 1.3304708738e+04 1.5707963268e+00 -1.3063333333e+01
1.0044078731e-03 1.3304708738e+04 1.5707963268e+00 -1.3066666667e+01
1.0046640996e-03 1.3304708738e+04 1.5707963268e+00 -1.3070000000e+01
1.0049203261e-03 1.3304708738e+04 1.5707963268e+00 -1.3073333333e+01
1.0051765526e-03 1.3304708738e+04 1.5707963268e+00 -1.3076666667e+01
1.0054327791e-03 1.3304708738e+04 1.5707963268e+00 -1.3080000000e+01
1.0056890056e-03 1.3304708738e+04 1.5707963268e+00 -1.3083333333e+01
1.0059452321e-03 1.3304708738e+04 1.5707963268e+00 -1.3086666667e+01
1.0062014586e-03 1.3304708738e+04 1.5707963268e+00 -1.3090000000e+01
1.0064576851e-03 1.3304708738e+04 1.5707963268e+00 -1.3093333333e+01
1.0067139116e-03 1.3304708738e+04 1.5707963268e+00 -1.3096666667e+01
1.0069701381e-03 1.3304708738e+04 1.5707963268e+00 -1.3100000000e+01
1.0072263646e-03 1.3304708738e+04 1.5707963268e+00 -1.3103333333e+01
1.0074825911e-03 1.3304708738e+04 1.5707963268e+00 -1.3106666667e+01
1.0077388176e-03 1.3304708738e+04 1.5707963268e+00 -1.3110000000e+01
1.0079950441e-03 1.3304708738e+04 1.5707963268e+00 -1.3113333333e+01
1.0082512706e-03 1.3304708738e+04 1.5707963268e+00 -1.3116666667e+01
1.0085074971e-03 1.3304708738e+04 1.5707963268e+00 -1.3120000000e+01
1.0087637236e-03 1.3304708738e+04 1.5707963268e+00 -1.3123333333e+01
1.0090199501e-03 1.3304708738e+04 1.5707963268e+00 -1.3126666667e+01
1.0092761766e-03 1.3304708738e+04 1.5707963268e+00 -1.3130000000e+01
1.0095324031e-03 1.3304708738e+04 1.5707963268e+00 -1.3133333333e+01
1.0097886296e-03 1.3304708738e+04 1.5707963268e+00 -1.3136666667e+01
1.0100448561e-03 1.3304708738e+04 1.5707963268e+00 -1.3140000000e+01
1.0103010826e-03 1.3304708738e+04 1.5707963268e+00 -1.3143333333e+01
1.0105573091e-03 1.3304708738e+04 1.5707963268e+00 -1.3146666667e+01
1.0108135356e-03 1.3304708738e+04 1.5707963268e+00 -1.3150000000e+01
1.0110697621e-03 1.3304708738e+04 1.5707963268e+00 -1.3153333333e+01
1.0113259886e-03 1.3304708738e+04 1.5707963268e+00 -1.3156666667e+01
1.0115822151e-03 1.3304708738e+04 1.5707963268e+00 -1.3160000000e+01
1.0118384416e-03 1.3304708738e+04 1.5707963268e+00 -1.3163333333e+01
1.0120946681e-03 1.3304708738e+04 1.5707963268e+00 -1.3166666667e+01
1.0123508946e-03 1.3304708738e+04 1.5707963268e+00 -1.3170000000e+01
1.0126071211e-03 1.3304708738e+04 1.5707963268e+00 -1.3173333333e+01
1.0128633476e-03 1.3304708738e+04 1.5707963268e+00 -1.3176666667e+01
1.0131195741e-03 1.3304708738e+04 1.5707963268e+00 -1.3180000000e+01
1.0133758006e-03 1.3304708738e+04 1.5707963268e+00 -1.3183333333e+01
1.0136320271e-03 1.3304708738e+04 1.5707963268e+00 -1.3186666667e+01
1.0138882536e-03 1.3304708738e+04 1.5707963268e+00 -1.3190000000e+01
1.0141444801e-03 1.3304708738e+04 1.5707963268e+00 -1.3193333333e+01
1.0144007066e-03 1.3304708738e+04 1.5707963268e+00 -1.3196666667e+01
1.0146569331e-03 1.3304708738e+04 1.5707963268e+00 -1.3200000000e+01
1.0149131596e-03 1.3304708738e+04 1.5707963268e+00 -1.3203333333e+01
1.0151693861e-03 1.3304708738e+04 1.5707963268e+00 -1.3206666667e+01
1.0154256126e-03 1.3304708738e+04 1.5707963268e+00 -1.3210000000e+01
1.0156818391e-03 1.3304708738e+04 1.5707963268e+00 -1.3213333333e+01
1.0159380656e-03 1.3304708738e+04 1.5707963268e+00 -1.3216666667e+01
1.0161942921e-03 1.3304708738e+04 1.5707963268e+00 -1.3220000000e+01
1.0164505186e-03 1.3304708738e+04 1.5707963268e+00 -1.3223333333e+01
1.0167067450e-03 1.3304708738e+04 1.5707963268e+00 -1.3226666667e+01
1.0169629715e-03 1.3304708738e+04 1.5707963268e+00 -1.3230000000e+01
1.0172191980e-03 1.3304708738e+04 1.5707963268e+00 -1.3233333333e+01
1.0174754245e-03 1.3304708738e+04 1.5707963268e+00 -1.3236666667e+01
1.0177316510e-03 1.3304708738e+04 1.5707963268e+00 -1.3240000000e+01
1.0179878775e-03 1.3304708738e+04 1.5707963268e+00 -1.3243333333e+01
1.0182441040e-03 1.3304708738e+04 1.5707963268e+00 -1.3246666667e+01
1.0185003305e-03 1.3304708738e+04 1.5707963268e+00 -1.3250000000e+01
1.0187565570e-03 1.3304708738e+04 1.5707963268e+00 -1.3253333333e+01
1.0190127835e-03 1.3304708738e+04 1.5707963268e+00 -1.3256666667e+01
1.0192690100e-03 1.3304708738e+04 1.5707963268e+00 -1.3260000000e+01
1.0195252365e-03 1.3304708738e+04 1.5707963268e+00 -1.3263333333e+01
1.0197814630e-03 1.3304708738e+04 1.5707963268e+00 -1.3266666667e+01
1.0200376895e-03 1.3304708738e+04 1.5707963268e+00 -1.3270000000e+01
1.0202939160e-03 1.3304708738e+04 1.5707963268e+00 -1.3273333333e+01
1.0205501425e-03 1.3304708738e+04 1.5707963268e+00 -1.3276666667e+01
1.0208063690e-03 1.3304708738e+04 1.5707963268e+00 -1.3280000000e+01
1.0210625955e-03 1.3304708738e+04 1.5707963268e+00 -1.3283333333e+01
1.0213188220e-03 1.3304708738e+04 1.5707963268e+00 -1.3286666667e+01
1.0215750485e-03 1.3304708738e+04 1.5707963268e+00 -1.3290000000e+01
1.0218312750e-03 1.3304708738e+04 1.5707963268e+00 -1.3293333333e+01
1.0220875015e-03 1.3304708738e+04 1.5707963268e+00 -1.3296666667e+01
1.0223437280e-03 1.3304708738e+04 1.5707963268e+00 -1.3300000000e+01
1.0225999545e-03 1.3304708738e+04 1.5707963268e+00 -1.3303333333e+01
1.0228561810e-03 1.3304708738e+04 1.5707963268e+00 -1.3306666667e+01
1.0231124075e-03 1.3304708738e+04 1.5707963268e+00 -1.3310000000e+01
1.0233686340e-03 1.3304708738e+04 1.5707963268e+00 -1.3313333333e+01
1.0236248605e-03 1.3304708738e+04 1.5707963268e+00 -1.3316666667e+01
1.0238810870e-03 1.3304708738e+04 1.5707963268e+00 -1.3320000000e+01
1.0241373135e-03 1.3304708738e+04 1.5707963268e+00 -1.3323333333e+01
1.0243935400e-03 1.3304708738e+04 1.5707963268e+00 -1.3326666667e+01
1.0246497665e-03 1.3304708738e+04 1.5707963268e+00 -1.3330000000e+01
1.0249059930e-03 1.3304708738e+04 1.5707963268e+00 -1.3333333333e+01
1.0251622195e-03 1.3304708738e+04 1.5707963268e+00 -1.3336666667e+01
1.0254184460e-03 1.3304708738e+04 1.5707963268e+00 -1.3340000000e+01
1.0256746725e-03 1.3304708738e+04 1.5707963268e+00 -1.3343333333e+01
1.0259308990e-03 1.3304708738e+04 1.5707963268e+00 -1.3346666667e+01
1.0261871255e-03 1.3304708738e+04 1.5707963268e+00 -1.3350000000e+01
1.0264433520e-03 1.3304708738e+04 1.5707963268e+00 -1.3353333333e+01
1.0266995785e-03 1.3304708738e+04 1.5707963268e+00 -1.3356666667e+01
1.0269558050e-03 1.3304708738e+04 1.5707963268e+00 -1.3360000000e+01
1.0272120315e-03 1.3304708738e+04 1.5707963268e+00 -1.3363333333e+01
1.0274682580e-03 1.3304708738e+04 1.5707963268e+00 -1.3366666667e+01
1.0277244845e-03 1.3304708738e+04 1.5707963268e+00 -1.3370000000e+01
1.0279807110e-03 1.3304708738e+04 1.5707963268e+00 -1.3373333333e+01
1.0282369375e-03 1.3304708738e+04 1.5707963268e+00 -1.3376666667e+01
1.0284931640e-03 1.3304708738e+04 1.5707963268e+00 -1.3380000000e+01
1.0287493905e-03 1.3304708738e+04 1.5707963268e+00 -1.3383333333e+01
1.0290056170e-03 1.3304708738e+04 1.5707963268e+00 -1.3386666667e+01
1.0292618435e-03 1.3304708738e+04 1.5707963268e+00 -1.3390000000e+01
1.0295180700e-03 1.3304708738e+04 1.5707963268e+00 -1.3393333333e+01
1.0297742965e-03 1.3304708738e+04 1.5707963268e+00 -1.3396666667e+01
1.0300305230e-03 1.3304708738e+04 1.5707963268e+00 -1.3400000000e+01
1.0302867495e-03 1.3304708738e+04 1.5707963268e+00 -1.3403333333e+01
1.0305429760e-03 1.3304708738e+04 1.5707963268e+00 -1.3406666667e+01
1.0307992025e-03 1.3304708738e+04 1.5707963268e+00 -1.3410000000e+01
1.0310554290e-03 1.3304708738e+04 1.5707963268e+00 -1.3413333333e+01
1.0313116554e-03 1.3304708738e+04 1.5707963268e+00 -1.3416666667e+01
1.0315678819e-03 1.3304708738e+04 1.5707963268e+00 -1.3420000000e+01
1.0318241084e-03 1.3304708738e+04 1.5707963268e+00 -1.3423333333e+01
1.0320803349e-03 1.3304708738e+04 1.5707963268e+00 -1.3426666667e+01
1.0323365614e-03 1.3304708738e+04 1.5707963268e+00 -1.3430000000e+01
1.0325927879e-03 1.3304708738e+04 1.5707963268e+00 -1.3433333333e+01
1.0328490144e-03 1.3304708738e+04 1.5707963268e+00 -1.3436666667e+01
1.0331052409e-03 1.3304708738e+04 1.5707963268e+00 -1.3440000000e+01
1.0333614674e-03 1.3304708738e+04 1.5707963268e+00 -1.3443333333e+01
1.0336176939e-03 1.3304708738e+04 1.5707963268e+00 -1.3446666667e+01
1.0338739204e-03 1.3304708738e+04 1.5707963268e+00 -1.3450000000e+01
1.0341301469e-03 1.3304708738e+04 1.5707963268e+00 -1.3453333333e+01
1.0343863734e-03 1.3304708738e+04 1.5707963268e+00 -1.3456666667e+01
1.0346425999e-03 1.3304708738e+04 1.5707963268e+00 -1.3460000000e+01
1.0348988264e-03 1.3304708738e+04 1.5707963268e+00 -1.3463333333e+01
1.0351550529e-03 1.3304708738e+04 1.5707963268e+00 -1.3466666667e+01
1.0354112794e-03 1.3304708738e+04 1.5707963268e+00 -1.3470000000e+01
1.0356675059e-03 1.3304708738e+04 1.5707963268e+00 -1.3473333333e+01
1.0359237324e-03 1.3304708738e+04 1.5707963268e+00 -1.3476666667e+01
1.0361799589e-03 1.3304708738e+04 1.5707963268e+00 -1.3480000000e+01
1.0364361854e-03 1.3304708738e+04 1.5707963268e+00 -1.3483333333e+01
1.0366924119e-03 1.3304708738e+04 1.5707963268e+00 -1.3486666667e+01
1.0369486384e-03 1.3304708738e+04 1.5707963268e+00 -1.3490000000e+01
1.0372048649e-03 1.3304708738e+04 1.5707963268e+00 -1.3493333333e+01
1.0374610914e-03 1.3304708738e+04 1.5707963268e+00 -1.3496666667e+01
1.0377173179e-03 1.3304708738e+04 1.5707963268e+00 -1.3500000000e+01
1.0379735444e-03 1.3304708738e+04 1.5707963268e+00 -1.3503333333e+01
1.0382297709e-03 1.3304708738e+04 1.5707963268e+00 -1.3506666667e+01
1.0384859974e-03 1.3304708738e+04 1.5707963268e+00 -1.3510000000e+01
1.0387422239e-03 1.3304708738e+04 1.5707963268e+00 -1.3513333333e+01
1.0389984504e-03 1.3304708738e+04 1.5707963268e+00 -1.3516666667e+01
1.0392546769e-03 1.3304708738e+04 1.5707963268e+00 -1.3520000000e+01
1.0395109034e-03 1.3304708738e+04 1.5707963268e+00 -1.3523333333e+01
1.0397671299e-03 1.3304708738e+04 1.5707963268e+00 -1.3526666667e+01
1.0400233564e-03 1.3304708738e+04 1.5707963268e+00 -1.3530000000e+01
1.0402795829e-03 1.3304708738e+04 1.5707963268e+00 -1.3533333333e+01
1.0405358094e-03 1.3304708738e+04 1.5707963268e+00 -1.3536666667e+01
1.0407920359e-03 1.3304708738e+04 1.5707963268e+00 -1.3540000000e+01
1.0410482624e-03 1.3304708738e+04 1.5707963268e+00 -1.3543333333e+01
1.0413044889e-03 1.3304708738e+04 1.5707963268e+00 -1.3546666667e+01
1.0415607154e-03 1.3304708738e+04 1.5707963268e+00 -1.3550000000e+01
1.0418169419e-03 1.3304708738e+04 1.5707963268e+00 -1.3553333333e+01
1.0420731684e-03 1.3304708738e+04 1.5707963268e+00 -1.3556666667e+01
1.0423293949e-03 1.3304708738e+04 1.5707963268e+00 -1.3560000000e+01
1.0425856214e-03 1.3304708738e+04 1.5707963268e+00 -1.3563333333e+01
1.0428418479e-03 1.3304708738e+04 1.5707963268e+00 -1.3566666667e+01
1.0430980744e-03 1.3304708738e+04 1.5707963268e+00 -1.3570000000e+01
1.0433543009e-03 1.3304708738e+04 1.5707963268e+00 -1.3573333333e+01
1.0436105274e-03 1.3304708738e+04 1.5707963268e+00 -1.3576666667e+01
1.0438667539e-03 1.3304708738e+04 1.5707963268e+00 -1.3580000000e+01
1.0441229804e-03 1.3304708738e+04 1.5707963268e+00 -1.3583333333e+01
1.0443792069e-03 1.3304708738e+04 1.5707963268e+00 -1.3586666667e+01
1.0446354334e-03 1.3304708738e+04 1.5707963268e+00 -1.3590000000e+01
1.0448916599e-03 1.3304708738e+04 1.5707963268e+00 -1.3593333333e+01
1.0451478864e-03 1.3304708738e+04 1.5707963268e+00 -1.3596666667e+01
1.0454041129e-03 1.3304708738e+04 1.5707963268e+00 -1.3600000000e+01
1.0456603394e-03 1.3304708738e+04 1.5707963268e+00 -1.3603333333e+01
1.0459165659e-03 1.3304708738e+04 1.5707963268e+00 -1.3606666667e+01
1.0461727923e-03 1.3304708738e+04 1.5707963268e+00 -1.3610000000e+01
1.0464290188e-03 1.3304708738e+04 1.5707963268e+00 -1.3613333333e+01
1.0466852453e-03 1.3304708738e+04 1.5707963268e+00 -1.3616666667e+01
1.0469414718e-03 1.3304708738e+04 1.5707963268e+00 -1.3620000000e+01
1.0471976983e-03 1.3304708738e+04 1.5707963268e+00 -1.3623333333e+01
1.0474539248e-03 1.3304708738e+04 1.5707963268e+00 -1.3626666667e+01
1.0477101513e-03 1.3304708738e+04 1.5707963268e+00 -1.3630000000e+01
1.0479663778e-03 1.3304708738e+04 1.5707963268e+00 -1.3633333333e+01
1.0482226043e-03 1.3304708738e+04 1.5707963268e+00 -1.3636666667e+01
1.0484788308e-03 1.3304708738e+04 1.5707963268e+00 -1.3640000000e+01
1.0487350573e-03 1.3304708738e+04 1.5707963268e+00 -1.3643333333e+01
1.0489912838e-03 1.3304708738e+04 1.5707963268e+00 -1.3646666667e+01
1.0492475103e-03 1.3304708738e+04 1.5707963268e+00 -1.3650000000e+01
1.0495037368e-03 1.3304708738e+04 1.5707963268e+00 -1.3653333333e+01
1.0497599633e-03 1.3304708738e+04 1.5707963268e+00 -1.3656666667e+01
1.0500161898e-03 1.3304708738e+04 1.5707963268e+00 -1.3660000000e+01
1.0502724163e-03 1.3304708738e+04 1.5707963268e+00 -1.3663333333e+01
1.0505286428e-03 1.3304708738e+04 1.5707963268e+00 -1.3666666667e+01
1.0507848693e-03 1.3304708738e+04 1.5707963268e+00 -1.3670000000e+01
1.0510410958e-03 1.3304708738e+04 1.5707963268e+00 -1.3673333333e+01
1.0512973223e-03 1.3304708738e+04 1.5707963268e+00 -1.3676666667e+01
1.0515535488e-03 1.3304708738e+04 1.5707963268e+00 -1.3680000000e+01
1.0518097753e-03 1.3304708738e+04 1.5707963268e+00 -1.3683333333e+01
1.0520660018e-03 1.3304708738e+04 1.5707963268e+00 -1.3686666667e+01
1.0523222283e-03 1.3304708738e+04 1.5707963268e+00 -1.3690000000e+01
1.0525784548e-03 1.3304708738e+04 1.5707963268e+00 -1.3693333333e+01
1.0528346813e-03 1.3304708738e+04 1.5707963268e+00 -1.3696666667e+01
1.0530909078e-03 1.3304708738e+04 1.5707963268e+00 -1.3700000000e+01
1.0533471343e-03 1.3304708738e+04 1.5707963268e+00 -1.3703333333e+01
1.0536033608e-03 1.3304708738e+04 1.5707963268e+00 -1.3706666667e+01
1.0538595873e-03 1.3304708738e+04 1.5707963268e+00 -1.3710000000e+01
1.0541158138e-03 1.3304708738e+04 1.5707963268e+00 -1.3713333333e+01
1.0543720403e-03 1.3304708738e+04 1.5707963268e+00 -1.3716666667e+01
1.0546282668e-03 1.3304708738e+04 1.5707963268e+00 -1.3720000000e+01
1.0548844933e-03 1.3304708738e+04 1.5707963268e+00 -1.3723333333e+01
1.0551407198e-03 1.3304708738e+04 1.5707963268e+00 -1.3726666667e+01
1.0553969463e-03 1.3304708738e+04 1.5707963268e+00 -1.3730000000e+01
1.0556531728e-03 1.3304708738e+04 1.5707963268e+00 -1.3733333333e+01
1.0559093993e-03 1.3304708738e+04 1.5707963268e+00 -1.3736666667e+01
1.0561656258e-03 1.3304708738e+04 1.5707963268e+00 -1.3740000000e+01
1.0564218523e-03 1.3304708738e+04 1.5707963268e+00 -1.3743333333e+01
1.0566780788e-03 1.3304708738e+04 1.5707963268e+00 -1.3746666667e+01
1.0569343053e-03 1.3304708738e+04 1.5707963268e+00 -1.3750000000e+01
1.0571905318e-03 1.3304708738e+04 1.5707963268e+00 -1.3753333333e+01
1.0574467583e-03 1.3304708738e+04 1.5707963268e+00 -1.3756666667e+01
1.0577029848e-03 1.3304708738e+04 1.5707963268e+00 -1.3760000000e+01
1.0579592113e-03 1.3304708738e+04 1.5707963268e+00 -1.3763333333e+01
1.0582154378e-03 1.3304708738e+04 1.5707963268e+00 -1.3766666667e+01
1.0584716643e-03 1.3304708738e+04 1.5707963268e+00 -1.3770000000e+01
1.0587278908e-03 1.3304708738e+04 1.5707963268e+00 -1.3773333333e+01
1.0589841173e-03 1.3304708738e+04 1.5707963268e+00 -1.3776666667e+01
1.0592403438e-03 1.3304708738e+04 1.5707963268e+00 -1.3780000000e+01
1.0594965703e-03 1.3304708738e+04 1.5707963268e+00 -1.3783333333e+01
1.0597527968e-03 1.3304708738e+04 1.5707963268e+00 -1.3786666667e+01
1.0600090233e-03 1.3304708738e+04 1.5707963268e+00 -1.3790000000e+01
1.0602652498e-03 1.3304708738e+04 1.5707963268e+00 -1.3793333333e+01
1.0605214763e-03 1.3304708738e+04 1.5707963268e+00 -1.3796666667e+01
1.0607777027e-03 1.3304708738e+04 1.5707963268e+00 -1.3800000000e+01
1.0610339292e-03 1.3304708738e+04 1.5707963268e+00 -1.3803333333e+01
1.0612901557e-03 1.3304708738e+04 1.5707963268e+00 -1.3806666667e+01
1.0615463822e-03 1.3304708738e+04 1.5707963268e+00 -1.3810000000e+01
1.0618026087e-03 1.3304708738e+04 1.5707963268e+00 -1.3813333333e+01
1.0620588352e-03 1.3304708738e+04 1.5707963268e+00 -1.3816666667e+01
1.0623150617e-03 1.3304708738e+04 1.5707963268e+00 -1.3820000000e+01
1.0625712882e-03 1.3304708738e+04 1.5707963268e+00 -1.3823333333e+01
1.0628275147e-03 1.3304708738e+04 1.5707963268e+00 -1.3826666667e+01
1.0630837412e-03 1.3304708738e+04 1.5707963268e+00 -1.3830000000e+01
1.0633399677e-03 1.3304708738e+04 1.5707963268e+00 -1.3833333333e+01
1.0635961942e-03 1.3304708738e+04 1.5707963268e+00 -1.3836666667e+01
1.0638524207e-03 1.3304708738e+04 1.5707963268e+00 -1.3840000000e+01
1.0641086472e-03 1.3304708738e+04 1.5707963268e+00 -1.3843333333e+01
1.0643648737e-03 1.3304708738e+04 1.5707963268e+00 -1.3846666667e+01
1.0646211002e-03 1.3304708738e+04 1.5707963268e+00 -1.3850000000e+01
1.0648773267e-03 1.3304708738e+04 1.5707963268e+00 -1.3853333333e+01
1.0651335532e-03 1.3304708738e+04 1.5707963268e+00 -1.3856666667e+01
1.0653897797e-03 1.3304708738e+04 1.5707963268e+00 -1.3860000000e+01
1.0656460062e-03 1.3304708738e+04 1.5707963268e+00 -1.3863333333e+01
1.0659022327e-03 1.3304708738e+04 1.5707963268e+00 -1.3866666667e+01
1.0661584592e-03 1.3304708738e+04 1.5707963268e+00 -1.3870000000e+01
1.0664146857e-03 1.3304708738e+04 1.5707963268e+00 -1.3873333333e+01
1.0666709122e-03 1.3304708738e+04 1.5707963268e+00 -1.3876666667e+01
1.0669271387e-03 1.3304708738e+04 1.5707963268e+00 -1.3880000000e+01
1.0671833652e-03 1.3304708738e+04 1.5707963268e+00 -1.3883333333e+01
1.0674395917e-03 1.3304708738e+04 1.5707963268e+00 -1.3886666667e+01
1.0676958182e-03 1.3304708738e+04 1.5707963268e+00 -1.3890000000e+01
1.0679520447e-03 1.3304708738e+04 1.5707963268e+00 -1.3893333333e+01
1.0682082712e-03 1.3304708738e+04 1.5707963268e+00 -1.3896666667e+01
1.0684644977e-03 1.3304708738e+04 1.5707963268e+00 -1.3900000000e+01
1.0687207242e-03 1.3304708738e+04 1.5707963268e+00 -1.3903333333e+01
1.0689769507e-03 1.3304708738e+04 1.5707963268e+00 -1.3906666667e+01
1.0692331772e-03 1.3304708738e+04 1.5707963268e+00 -1.3910000000e+01
1.0694894037e-03 1.3304708738e+04 1.5707963268e+00 -1.3913333333e+01
1.0697456302e-03 1.3304708738e+04 1.5707963268e+00 -1.3916666667e+01
1.0700018567e-03 1.3304708738e+04 1.5707963268e+00 -1.3920000000e+01
1.0702580832e-03 1.3304708738e+04 1.5707963268e+00 -1.3923333333e+01
1.0705143097e-03 1.3304708738e+04 1.5707963268e+00 -1.3926666667e+01
1.0707705362e-03 1.3304708738e+04 1.5707963268e+00 -1.3930000000e+01
1.0710267627e-03 1.3304708738e+04 1.5707963268e+00 -1.3933333333e+01
1.0712829892e-03 1.3304708738e+04 1.5707963268e+00 -1.3936666667e+01
1.0715392157e-03 1.3304708738e+04 1.5707963268e+00 -1.3940000000e+01
1.0717954422e-03 1.3304708738e+04 1.5707963268e+00 -1.3943333333e+01
1.0720516687e-03 1.3304708738e+04 1.5707963268e+00 -1.3946666667e+01
1.0723078952e-03 1.3304708738e+04 1.5707963268e+00 -1.3950000000e+01
1.0725641217e-03 1.3304708738e+04 1.5707963268e+00 -1.3953333333e+01
1.0728203482e-03 1.3304708738e+04 1.5707963268e+00 -1.3956666667e+01
1.0730765747e-03 1.3304708738e+04 1.5707963268e+00 -1.3960000000e+01
1.0733328012e-03 1.3304708738e+04 1.5707963268e+00 -1.3963333333e+01
1.0735890277e-03 1.3304708738e+04 1.5707963268e+00 -1.3966666667e+01
1.0738452542e-03 1.3304708738e+04 1.5707963268e+00 -1.3970000000e+01
1.0741014807e-03 1.3304708738e+04 1.5707963268e+00 -1.3973333333e+01
1.0743577072e-03 1.3304708738e+04 1.5707963268e+00 -1.3976666667e+01
1.0746139337e-03 1.3304708738e+04 1.5707963268e+00 -1.3980000000e+01
1.0748701602e-03 1.3304708738e+04 1.5707963268e+00 -1.3983333333e+01
1.0751263867e-03 1.3304708738e+04 1.5707963268e+00 -1.3986666667e+01
1.0753826131e-03 1.3304708738e+04 1.5707963268e+00 -1.3990000000e+01
1.0756388396e-03 1.3304708738e+04 1.5707963268e+00 -1.3993333333e+01
1.0758950661e-03 1.3304708738e+04 1.5707963268e+00 -1.3996666667e+01
1.0761512926e-03 1.3304708738e+04 1.5707963268e+00 -1.4000000000e+01
1.0764075191e-03 1.3304708738e+04 1.5707963268e+00 -1.4003333333e+01
1.0766637456e-03 1.3304708738e+04 1.5707963268e+00 -1.4006666667e+01
1.0769199721e-03 1.3304708738e+04 1.5707963268e+00 -1.4010000000e+01
1.0771761986e-03 1.3304708738e+04 1.5707963268e+00 -1.4013333333e+01
1.0774324251e-03 1.3304708738e+04 1.5707963268e+00 -1.4016666667e+01
1.0776886516e-03 1.3304708738e+04 1.5707963268e+00 -1.4020000000e+01
1.0779448781e-03 1.3304708738e+04 1.5707963268e+00 -1.4023333333e+01
1.0782011046e-03 1.3304708738e+04 1.5707963268e+00 -1.4026666667e+01
1.0784573311e-03 1.3304708738e+04 1.5707963268e+00 -1.4030000000e+01
1.0787135576e-03 1.3304708738e+04 1.5707963268e+00 -1.4033333333e+01
1.0789697841e-03 1.3304708738e+04 1.5707963268e+00 -1.4036666667e+01
1.0792260106e-03 1.3304708738e+04 1.5707963268e+00 -1.4040000000e+01
1.0794822371e-03 1.3304708738e+04 1.5707963268e+00 -1.4043333333e+01
1.0797384636e-03 1.3304708738e+04 1.5707963268e+00 -1.4046666667e+01
1.0799946901e-03 1.3304708738e+04 1.5707963268e+00 -1.4050000000e+01
1.0802509166e-03 1.3304708738e+04 1.5707963268e+00 -1.4053333333e+01
1.0805071431e-03 1.3304708738e+04 1.5707963268e+00 -1.4056666667e+01
1.0807633696e-03 1.3304708738e+04 1.5707963268e+00 -1.4060000000e+01
1.0810195961e-03 1.3304708738e+04 1.5707963268e+00 -1.4063333333e+01
1.0812758226e-03 1.3304708738e+04 1.5707963268e+00 -1.4066666667e+01
1.0815320491e-03 1.3304708738e+04 1.5707963268e+00 -1.4070000000e+01
1.0817882756e-03 1.3304708738e+04 1.5707963268e+00 -1.4073333333e+01
1.0820445021e-03 1.3304708738e+04 1.5707963268e+00 -1.4076666667e+01
1.0823007286e-03 1.3304708738e+04 1.5707963268e+00 -1.4080000000e+01
1.0825569551e-03 1.3304708738e+04 1.5707963268e+00 -1.4083333333e+01
1.0828131816e-03 1.3304708738e+04 1.5707963268e+00 -1.4086666667e+01
1.0830694081e-03 1.3304708738e+04 1.5707963268e+00 -1.4090000000e+01
1.0833256346e-03 1.3304708738e+04 1.5707963268e+00 -1.4093333333e+01
1.0835818611e-03 1.3304708738e+04 1.5707963268e+00 -1.4096666667e+01
1.0838380876e-03 1.3304708738e+04 1.5707963268e+00 -1.4100000000e+01
1.0840943141e-03 1.3304708738e+04 1.5707963268e+00 -1.4103333333e+01
1.0843505406e-03 1.3304708738e+04 1.5707963268e+00 -1.4106666667e+01
1.0846067671e-03 1.3304708738e+04 1.5707963268e+00 -1.4110000000e+01
1.0848629936e-03 1.3304708738e+04 1.5707963268e+00 -1.4113333333e+01
1.0851192201e-03 1.3304708738e+04 1.5707963268e+00 -1.4116666667e+01
1.0853754466e-03 1.3304708738e+04 1.5707963268e+00 -1.4120000000e+01
1.0856316731e-03 1.3304708738e+04 1.5707963268e+00 -1.4123333333e+01
1.0858878996e-03 1.3304708738e+04 1.5707963268e+00 -1.4126666667e+01
1.0861441261e-03 1.3304708738e+04 1.5707963268e+00 -1.4130000000e+01
1.0864003526e-03 1.3304708738e+04 1.5707963268e+00 -1.4133333333e+01
1.0866565791e-03 1.3304708738e+04 1.5707963268e+00 -1.4136666667e+01
1.0869128056e-03 1.3304708738e+04 1.5707963268e+00 -1.4140000000e+01
1.0871690321e-03 1.3304708738e+04 1.5707963268e+00 -1.4143333333e+01
1.0874252586e-03 1.3304708738e+04 1.5707963268e+00 -1.4146666667e+01
1.0876814851e-03 1.3304708738e+04 1.5707963268e+00 -1.4150000000e+01
1.0879377116e-03 1.3304708738e+04 1.5707963268e+00 -1.4153333333e+01
1.0881939381e-03 1.3304708738e+04 1.5707963268e+00 -1.4156666667e+01
1.0884501646e-03 1.3304708738e+04 1.5707963268e+00 -1.4160000000e+01
1.0887063911e-03 1.3304708738e+04 1.5707963268e+00 -1.4163333333e+01
1.0889626176e-03 1.3304708738e+04 1.5707963268e+00 -1.4166666667e+01
1.0892188441e-03 1.3304708738e+04 1.5707963268e+00 -1.4170000000e+01
1.0894750706e-03 1.3304708738e+04 1.5707963268e+00 -1.4173333333e+01
1.0897312971e-03 1.3304708738e+04 1.5707963268e+00 -1.4176666667e+01
1.0899875235e-03 1.3304708738e+04 1.5707963268e+00 -1.4180000000e+01
1.0902437500e-03 1.3304708738e+04 1.5707963268e+00 -1.4183333333e+01
1.0904999765e-03 1.3304708738e+04 1.5707963268e+00 -1.4186666667e+01
1.0907562030e-03 1.3304708738e+04 1.5707963268e+00 -1.4190000000e+01
1.0910124295e-03 1.3304708738e+04 1.5707963268e+00 -1.4193333333e+01
1.0912686560e-03 1.3304708738e+04 1.5707963268e+00 -1.4196666667e+01
1.0915248825e-03 1.3304708738e+04 1.5707963268e+00 -1.4200000000e+01
1.0917811090e-03 1.3304708738e+04 1.5707963268e+00 -1.4203333333e+01
1.0920373355e-03 1.3304708738e+04 1.5707963268e+00 -1.4206666667e+01
1.0922935620e-03 1.3304708738e+04 1.5707963268e+00 -1.4210000000e+01
1.0925497885e-03 1.3304708738e+04 1.5707963268e+00 -1.4213333333e+01
1.0928060150e-03 1.3304708738e+04 1.5707963268e+00 -1.4216666667e+01
1.0930622415e-03 1.3304708738e+04 1.5707963268e+00 -1.4220000000e+01
1.0933184680e-03 1.3304708738e+04 1.5707963268e+00 -1.4223333333e+01
1.0935746945e-03 1.3304708738e+04 1.5707963268e+00 -1.4226666667e+01
1.0938309210e-03 1.3304708738e+04 1.5707963268e+00 -1.4230000000e+01
1.0940871475e-03 1.3304708738e+04 1.5707963268e+00 -1.4233333333e+01
1.0943433740e-03 1.3304708738e+04 1.5707963268e+00 -1.4236666667e+01
1.0945996005e-03 1.3304708738e+04 1.5707963268e+00 -1.4240000000e+01
1.0948558270e-03 1.3304708738e+04 1.5707963268e+00 -1.4243333333e+01
1.0951120535e-03 1.3304708738e+04 1.5707963268e+00 -1.4246666667e+01
1.0953682800e-03 1.3304708738e+04 1.5707963268e+00 -1.4250000000e+01
1.0956245065e-03 1.3304708738e+04 1.5707963268e+00 -1.4253333333e+01
1.0958807330e-03 1.3304708738e+04 1.5707963268e+00 -1.4256666667e+01
1.0961369595e-03 1.3304708738e+04 1.5707963268e+00 -1.4260000000e+01
1.0963931860e-03 1.3304708738e+04 1.5707963268e+00 -1.4263333333e+01
1.0966494125e-03 1.3304708738e+04 1.5707963268e+00 -1.4266666667e+01
1.0969056390e-03 1.3304708738e+04 1.5707963268e+00 -1.4270000000e+01
1.0971618655e-03 1.3304708738e+04 1.5707963268e+00 -1.4273333333e+01
1.0974180920e-03 1.3304708738e+04 1.5707963268e+00 -1.4276666667e+01
1.0976743185e-03 1.3304708738e+04 1.5707963268e+00 -1.4280000000e+01
1.0979305450e-03 1.3304708738e+04 1.5707963268e+00 -1.4283333333e+01
1.0981867715e-03 1.3304708738e+04 1.5707963268e+00 -1.4286666667e+01
1.0984429980e-03 1.3304708738e+04 1.5707963268e+00 -1.4290000000e+01
1.0986992245e-03 1.3304708738e+04 1.5707963268e+00 -1.4293333333e+01
1.0989554510e-03 1.3304708738e+04 1.5707963268e+00 -1.4296666667e+01
1.0992116775e-03 1.3304708738e+04 1.5707963268e+00 -1.4300000000e+01
1.0994679040e-03 1.3304708738e+04 1.5707963268e+00 -1.4303333333e+01
1.0997241305e-03 1.3304708738e+04 1.5707963268e+00 -1.4306666667e+01
1.0999803570e-03 1.3304708738e+04 1.5707963268e+00 -1.4310000000e+01
1.1002365835e-03 1.3304708738e+04 1.5707963268e+00 -1.4313333333e+01
1.1004928100e-03 1.3304708738e+04 1.5707963268e+00 -1.4316666667e+01
1.1007490365e-03 1.3304708738e+04 1.5707963268e+00 -1.4320000000e+01
1.1010052630e-03 1.3304708738e+04 1.5707963268e+00 -1.4323333333e+01
1.1012614895e-03 1.3304708738e+04 1.5707963268e+00 -1.4326666667e+01
1.1015177160e-03 1.3304708738e+04 1.5707963268e+00 -1.4330000000e+01
1.1017739425e-03 1.3304708738e+04 1.5707963268e+00 -1.4333333333e+01
1.1020301690e-03 1.3304708738e+04 1.5707963268e+00 -1.4336666667e+01
1.1022863955e-03 1.3304708738e+04 1.5707963268e+00 -1.4340000000e+01
1.1025426220e-03 1.3304708738e+04 1.5707963268e+00 -1.4343333333e+01
1.1027988485e-03 1.3304708738e+04 1.5707963268e+00 -1.4346666667e+01
1.1030550750e-03 1.3304708738e+04 1.5707963268e+00 -1.4350000000e+01
1.1033113015e-03 1.3304708738e+04 1.5707963268e+00 -1.4353333333e+01
1.1035675280e-03 1.3304708738e+04 1.5707963268e+00 -1.4356666667e+01
1.1038237545e-03 1.3304708738e+04 1.5707963268e+00 -1.4360000000e+01
1.1040799810e-03 1.3304708738e+04 1.5707963268e+00 -1.4363333333e+01
1.1043362075e-03 1.3304708738e+04 1.5707963268e+00 -1.4366666667e+01
1.1045924339e-03 1.3304708738e+04 1.5707963268e+00 -1.4370000000e+01
1.1048486604e-03 1.3304708738e+04 1.5707963268e+00 -1.4373333333e+01
1.1051048869e-03 1.3304708738e+04 1.5707963268e+00 -1.4376666667e+01
1.1053611134e-03 1.3304708738e+04 1.5707963268e+00 -1.4380000000e+01
1.1056173399e-03 1.3304708738e+04 1.5707963268e+00 -1.4383333333e+01
1.1058735664e-03 1.3304708738e+04 1.5707963268e+00 -1.4386666667e+01
1.1061297929e-03 1.3304708738e+04 1.5707963268e+00 -1.4390000000e+01
1.1063860194e-03 1.3304708738e+04 1.5707963268e+00 -1.4393333333e+01
1.1066422459e-03 1.3304708738e+04 1.5707963268e+00 -1.4396666667e+01
1.1068984724e-03 1.3304708738e+04 1.5707963268e+00 -1.4400000000e+01
1.1071546989e-03 1.3304708738e+04 1.5707963268e+00 -1.4403333333e+01
1.1074109254e-03 1.3304708738e+04 1.5707963268e+00 -1.4406666667e+01
1.1076671519e-03 1.3304708738e+04 1.5707963268e+00 -1.4410000000e+01
1.1079233784e-03 1.3304708738e+04 1.5707963268e+00 -1.4413333333e+01
1.1081796049e-03 1.3304708738e+04 1.5707963268e+00 -1.4416666667e+01
1.1084358314e-03 1.3304708738e+04 1.5707963268e+00 -1.4420000000e+01
1.1086920579e-03 1.3304708738e+04 1.5707963268e+00 -1.4423333333e+01
1.1089482844e-03 1.3304708738e+04 1.5707963268e+00 -1.4426666667e+01
1.1092045109e-03 1.3304708738e+04 1.5707963268e+00 -1.4430000000e+01
1.1094607374e-03 1.3304708738e+04 1.5707963268e+00 -1.4433333333e+01
1.1097169639e-03 1.3304708738e+04 1.5707963268e+00 -1.4436666667e+01
1.1099731904e-03 1.3304708738e+04 1.5707963268e+00 -1.4440000000e+01
1.1102294169e-03 1.3304708738e+04 1.5707963268e+00 -1.4443333333e+01
1.1104856434e-03 1.3304708738e+04 1.5707963268e+00 -1.4446666667e+01
1.1107418699e-03 1.3304708738e+04 1.5707963268e+00 -1.4450000000e+01
1.1109980964e-03 1.3304708738e+04 1.5707963268e+00 -1.4453333333e+01
1.1112543229e-03 1.3304708738e+04 1.5707963268e+00 -1.4456666667e+01
1.1115105494e-03 1.3304708738e+04 1.5707963268e+00 -1.4460000000e+01
1.1117667759e-03 1.3304708738e+04 1.5707963268e+00 -1.4463333333e+01
1.1120230024e-03 1.3304708738e+04 1.5707963268e+00 -1.4466666667e+01
1.1122792289e-03 1.3304708738e+04 1.5707963268e+00 -1.4470000000e+01
1.1125354554e-03 1.3304708738e+04 1.5707963268e+00 -1.4473333333e+01
1.1127916819e-03 1.3304708738e+04 1.5707963268e+00 -1.4476666667e+01
1.1130479084e-03 1.3304708738e+04 1.5707963268e+00 -1.4480000000e+01
1.1133041349e-03 1.3304708738e+04 1.5707963268e+00 -1.4483333333e+01
1.1135603614e-03 1.3304708738e+04 1.5707963268e+00 -1.4486666667e+01
1.1138165879e-03 1.3304708738e+04 1.5707963268e+00 -1.4490000000e+01
1.1140728144e-03 1.3304708738e+04 1.5707963268e+00 -1.4493333333e+01
1.1143290409e-03 1.3304708738e+04 1.5707963268e+00 -1.4496666667e+01
1.1145852674e-03 1.3304708738e+04 1.5707963268e+00 -1.4500000000e+01
1.1148414939e-03 1.3304708738e+04 1.5707963268e+00 -1.4503333333e+01
1.1150977204e-03 1.3304708738e+04 1.5707963268e+00 -1.4506666667e+01
1.1153539469e-03 1.3304708738e+04 1.5707963268e+00 -1.4510000000e+01
1.1156101734e-03 1.3304708738e+04 1.5707963268e+00 -1.4513333333e+01
1.1158663999e-03 1.3304708738e+04 1.5707963268e+00 -1.4516666667e+01
1.1161226264e-03 1.3304708738e+04 1.5707963268e+00 -1.4520000000e+01
1.1163788529e-03 1.3304708738e+04 1.5707963268e+00 -1.4523333333e+01
1.1166350794e-03 1.3304708738e+04 1.5707963268e+00 -1.4526666667e+01
1.1168913059e-03 1.3304708738e+04 1.5707963268e+00 -1.4530000000e+01
1.1171475324e-03 1.3304708738e+04 1.5707963268e+00 -1.4533333333e+01
1.1174037589e-03 1.3304708738e+04 1.5707963268e+00 -1.4536666667e+01
1.1176599854e-03 1.3304708738e+04 1.5707963268e+00 -1.4540000000e+01
1.1179162119e-03 1.3304708738e+04 1.5707963268e+00 -1.4543333333e+01
1.1181724384e-03 1.3304708738e+04 1.5707963268e+00 -1.4546666667e+01
1.1184286649e-03 1.3304708738e+04 1.5707963268e+00 -1.4550000000e+01
1.1186848914e-03 1.3304708738e+04 1.5707963268e+00 -1.4553333333e+01
1.1189411179e-03 1.3304708738e+04 1.5707963268e+00 -1.4556666667e+01
1.1191973443e-03 1.3304708738e+04 1.5707963268e+00 -1.4560000000e+01
1.1194535708e-03 1.3304708738e+04 1.5707963268e+00 -1.4563333333e+01
1.1197097973e-03 1.3304708738e+04 1.5707963268e+00 -1.4566666667e+01
1.1199660238e-03 1.3304708738e+04 1.5707963268e+00 -1.4570000000e+01
1.1202222503e-03 1.3304708738e+04 1.5707963268e+00 -1.4573333333e+01
1.1204784768e-03 1.3304708738e+04 1.5707963268e+00 -1.4576666667e+01
1.1207347033e-03 1.3304708738e+04 1.5707963268e+00 -1.4580000000e+01
1.1209909298e-03 1.3304708738e+04 1.5707963268e+00 -1.4583333333e+01
1.1212471563e-03 1.3304708738e+04 1.5707963268e+00 -1.4586666667e+01
1.1215033828e-03 1.3304708738e+04 1.5707963268e+00 -1.4590000000e+01
1.1217596093e-03 1.3304708738e+04 1.5707963268e+00 -1.4593333333e+01
1.1220158358e-03 1.3304708738e+04 1.5707963268e+00 -1.4596666667e+01
1.1222720623e-03 1.3304708738e+04 1.5707963268e+00 -1.4600000000e+01
1.1225282888e-03 1.3304708738e+04 1.5707963268e+00 -1.4603333333e+01
1.1227845153e-03 1.3304708738e+04 1.5707963268e+00 -1.4606666667e+01
1.1230407418e-03 1.3304708738e+04 1.5707963268e+00 -1.4610000000e+01
1.1232969683e-03 1.3304708738e+04 1.5707963268e+00 -1.4613333333e+01
1.1235531948e-03 1.3304708738e+04 1.5707963268e+00 -1.4616666667e+01
1.1238094213e-03 1.3304708738e+04 1.5707963268e+00 -1.4620000000e+01
1.1240656478e-03 1.3304708738e+04 1.5707963268e+00 -1.4623333333e+01
1.1243218743e-03 1.3304708738e+04 1.5707963268e+00 -1.4626666667e+01
1.1245781008e-03 1.3304708738e+04 1.5707963268e+00 -1.4630000000e+01
1.1248343273e-03 1.3304708738e+04 1.5707963268e+00 -1.4633333333e+01
1.1250905538e-03 1.3304708738e+04 1.5707963268e+00 -1.4636666667e+01
1.1253467803e-03 1.3304708738e+04 1.5707963268e+00 -1.4640000000e+01
1.1256030068e-03 1.3304708738e+04 1.5707963268e+00 -1.4643333333e+01
1.1258592333e-03 1.3304708738e+04 1.5707963268e+00 -1.4646666667e+01
1.1261154598e-03 1.3304708738e+04 1.5707963268e+00 -1.4650000000e+01
1.1263716863e-03 1.3304708738e+04 1.5707963268e+00 -1.4653333333e+01
1.1266279128e-03 1.3304708738e+04 1.5707963268e+00 -1.4656666667e+01
1.1268841393e-03 1.3304708738e+04 1.5707963268e+00 -1.4660000000e+01
1.1271403658e-03 1.3304708738e+04 1.5707963268e+00 -1.4663333333e+01
1.1273965923e-03 1.3304708738e+04 1.5707963268e+00 -1.4666666667e+01
1.1276528188e-03 1.3304708738e+04 1.5707963268e+00 -1.4670000000e+01
1.1279090453e-03 1.3304708738e+04 1.5707963268e+00 -1.4673333333e+01
1.1281652718e-03 1.3304708738e+04 1.5707963268e+00 -1.4676666667e+01
1.1284214983e-03 1.3304708738e+04 1.5707963268e+00 -1.4680000000e+01
1.1286777248e-03 1.3304708738e+04 1.5707963268e+00 -1.4683333333e+01
1.1289339513e-03 1.3304708738e+04 1.5707963268e+00 -1.4686666667e+01
1.1291901778e-03 1.3304708738e+04 1.5707963268e+00 -1.4690000000e+01
1.1294464043e-03 1.3304708738e+04 1.5707963268e+00 -1.4693333333e+01
1.1297026308e-03 1.3304708738e+04 1.5707963268e+00 -1.4696666667e+01
1.1299588573e-03 1.3304708738e+04 1.5707963268e+00 -1.4700000000e+01
1.1302150838e-03 1.3304708738e+04 1.5707963268e+00 -1.4703333333e+01
1.1304713103e-03 1.3304708738e+04 1.5707963268e+00 -1.4706666667e+01
1.1307275368e-03 1.3304708738e+04 1.5707963268e+00 -1.4710000000e+01
1.1309837633e-03 1.3304708738e+04 1.5707963268e+00 -1.4713333333e+01
1.1312399898e-03 1.3304708738e+04 1.5707963268e+00 -1.4716666667e+01
1.1314962163e-03 1.3304708738e+04 1.5707963268e+00 -1.4720000000e+01
1.1317524428e-03 1.3304708738e+04 1.5707963268e+00 -1.4723333333e+01
1.1320086693e-03 1.3304708738e+04 1.5707963268e+00 -1.4726666667e+01
1.1322648958e-03 1.3304708738e+04 1.5707963268e+00 -1.4730000000e+01
1.1325211223e-03 1.3304708738e+04 1.5707963268e+00 -1.4733333333e+01
1.1327773488e-03 1.3304708738e+04 1.5707963268e+00 -1.4736666667e+01
1.1330335753e-03 1.3304708738e+04 1.5707963268e+00 -1.4740000000e+01
1.1332898018e-03 1.3304708738e+04 1.5707963268e+00 -1.4743333333e+01
1.1335460283e-03 1.3304708738e+04 1.5707963268e+00 -1.4746666667e+01
1.1338022547e-03 1.3304708738e+04 1.5707963268e+00 -1.4750000000e+01
1.1340584812e-03 1.3304708738e+04 1.5707963268e+00 -1.4753333333e+01
1.1343147077e-03 1.3304708738e+04 1.5707963268e+00 -1.4756666667e+01
1.1345709342e-03 1.3304708738e+04 1.5707963268e+00 -1.4760000000e+01
1.1348271607e-03 1.3304708738e+04 1.5707963268e+00 -1.4763333333e+01
1.1350833872e-03 1.3304708738e+04 1.5707963268e+00 -1.4766666667e+01
1.1353396137e-03 1.3304708738e+04 1.5707963268e+00 -1.4770000000e+01
1.1355958402e-03 1.3304708738e+04 1.5707963268e+00 -1.4773333333e+01
1.1358520667e-03 1.3304708738e+04 1.5707963268e+00 -1.4776666667e+01
1.1361082932e-03 1.3304708738e+04 1.5707963268e+00 -1.4780000000e+01
1.1363645197e-03 1.3304708738e+04 1.5707963268e+00 -1.4783333333e+01
1.1366207462e-03 1.3304708738e+04 1.5707963268e+00 -1.4786666667e+01
1.1368769727e-03 1.3304708738e+04 1.5707963268e+00 -1.4790000000e+01
1.1371331992e-03 1.3304708738e+04 1.5707963268e+00 -1.4793333333e+01
1.1373894257e-03 1.3304708738e+04 1.5707963268e+00 -1.4796666667e+01
1.1376456522e-03 1.3304708738e+04 1.5707963268e+00 -1.4800000000e+01
1.1379018787e-03 1.3304708738e+04 1.5707963268e+00 -1.4803333333e+01
1.1381581052e-03 1.3304708738e+04 1.5707963268e+00 -1.4806666667e+01
1.1384143317e-03 1.3304708738e+04 1.5707963268e+00 -1.4810000000e+01
1.1386705582e-03 1.3304708738e+04 1.5707963268e+00 -1.4813333333e+01
1.1389267847e-03 1.3304708738e+04 1.5707963268e+00 -1.4816666667e+01
1.1391830112e-03 1.3304708738e+04 1.5707963268e+00 -1.4820000000e+01
1.1394392377e-03 1.3304708738e+04 1.5707963268e+00 -1.4823333333e+01
1.1396954642e-03 1.3304708738e+04 1.5707963268e+00 -1.4826666667e+01
1.1399516907e-03 1.3304708738e+04 1.5707963268e+00 -1.4830000000e+01
1.1402079172e-03 1.3304708738e+04 1.5707963268e+00 -1.4833333333e+01
1.1404641437e-03 1.3304708738e+04 1.5707963268e+00 -1.4836666667e+01
1.1407203702e-03 1.3304708738e+04 1.5707963268e+00 -1.4840000000e+01
1.1409765967e-03 1.3304708738e+04 1.5707963268e+00 -1.4843333333e+01
1.1412328232e-03 1.3304708738e+04 1.5707963268e+00 -1.4846666667e+01
1.1414890497e-03 1.3304708738e+04 1.5707963268e+00 -1.4850000000e+01
1.1417452762e-03 1.3304708738e+04 1.5707963268e+00 -1.4853333333e+01
1.1420015027e-03 1.3304708738e+04 1.5707963268e+00 -1.4856666667e+01
1.1422577292e-03 1.3304708738e+04 1.5707963268e+00 -1.4860000000e+01
1.1425139557e-03 1.3304708738e+04 1.5707963268e+00 -1.4863333333e+01
1.1427701822e-03 1.3304708738e+04 1.5707963268e+00 -1.4866666667e+01
1.1430264087e-03 1.3304708738e+04 1.5707963268e+00 -1.4870000000e+01
1.1432826352e-03 1.3304708738e+04 1.5707963268e+00 -1.4873333333e+01
1.1435388617e-03 1.3304708738e+04 1.5707963268e+00 -1.4876666667e+01
1.1437950882e-03 1.3304708738e+04 1.5707963268e+00 -1.4880000000e+01
1.1440513147e-03 1.3304708738e+04 1.5707963268e+00 -1.4883333333e+01
1.1443075412e-03 1.3304708738e+04 1.5707963268e+00 -1.4886666667e+01
1.1445637677e-03 1.3304708738e+04 1.5707963268e+00 -1.4890000000e+01
1.1448199942e-03 1.3304708738e+04 1.5707963268e+00 -1.4893333333e+01
1.1450762207e-03 1.3304708738e+04 1.5707963268e+00 -1.4896666667e+01
1.1453324472e-03 1.3304708738e+04 1.5707963268e+00 -1.4900000000e+01
1.1455886737e-03 1.3304708738e+04 1.5707963268e+00 -1.4903333333e+01
1.1458449002e-03 1.3304708738e+04 1.5707963268e+00 -1.4906666667e+01
1.1461011267e-03 1.3304708738e+04 1.5707963268e+00 -1.4910000000e+01
1.1463573532e-03 1.3304708738e+04 1.5707963268e+00 -1.4913333333e+01
1.1466135797e-03 1.3304708738e+04 1.5707963268e+00 -1.4916666667e+01
1.1468698062e-03 1.3304708738e+04 1.5707963268e+00 -1.4920000000e+01
1.1471260327e-03 1.3304708738e+04 1.5707963268e+00 -1.4923333333e+01
1.1473822592e-03 1.3304708738e+04 1.5707963268e+00 -1.4926666667e+01
1.1476384857e-03 1.3304708738e+04 1.5707963268e+00 -1.4930000000e+01
1.1478947122e-03 1.3304708738e+04 1.5707963268e+00 -1.4933333333e+01
1.1481509387e-03 1.3304708738e+04 1.5707963268e+00 -1.4936666667e+01
1.1484071651e-03 1.3304708738e+04 1.5707963268e+00 -1.4940000000e+01
1.1486633916e-03 1.3304708738e+04 1.5707963268e+00 -1.4943333333e+01
1.1489196181e-03 1.3304708738e+04 1.5707963268e+00 -1.4946666667e+01
1.1491758446e-03 1.3304708738e+04 1.5707963268e+00 -1.4950000000e+01
1.1494320711e-03 1.3304708738e+04 1.5707963268e+00 -1.4953333333e+01
1.1496882976e-03 1.3304708738e+04 1.5707963268e+00 -1.4956666667e+01
1.1499445241e-03 1.3304708738e+04 1.5707963268e+00 -1.4960000000e+01
1.1502007506e-03 1.3304708738e+04 1.5707963268e+00 -1.4963333333e+01
1.1504569771e-03 1.3304708738e+04 1.5707963268e+00 -1.4966666667e+01
1.1507132036e-03 1.3304708738e+04 1.5707963268e+00 -1.4970000000e+01
1.1509694301e-03 1.3304708738e+04 1.5707963268e+00 -1.4973333333e+01
1.1512256566e-03 1.3304708738e+04 1.5707963268e+00 -1.4976666667e+01
1.1514818831e-03 1.3304708738e+04 1.5707963268e+00 -1.4980000000e+01
1.1517381096e-03 1.3304708738e+04 1.5707963268e+00 -1.4983333333e+01
1.1519943361e-03 1.3304708738e+04 1.5707963268e+00 -1.4986666667e+01
1.1522505626e-03 1.3304708738e+04 1.5707963268e+00 -1.4990000000e+01
1.1525067891e-03 1.3304708738e+04 1.5707963268e+00 -1.4993333333e+01
1.1527630156e-03 1.3304708738e+04 1.5707963268e+00 -1.4996666667e+01
1.1530192421e-03 1.3304708738e+04 1.5707963268e+00 -1.5000000000e+01
1.1532754686e-03 1.3304708738e+04 1.5707963268e+00 -1.5003333333e+01
1.1535316951e-03 1.3304708738e+04 1.5707963268e+00 -1.5006666667e+01
1.1537879216e-03 1.3304708738e+04 1.5707963268e+00 -1.5010000000e+01
1.1540441481e-03 1.3304708738e+04 1.5707963268e+00 -1.5013333333e+01
1.1543003746e-03 1.3304708738e+04 1.5707963268e+00 -1.5016666667e+01
1.1545566011e-03 1.3304708738e+04 1.5707963268e+00 -1.5020000000e+01
1.1548128276e-03 1.3304708738e+04 1.5707963268e+00 -1.5023333333e+01
1.1550690541e-03 1.3304708738e+04 1.5707963268e+00 -1.5026666667e+01
1.1553252806e-03 1.3304708738e+04 1.5707963268e+00 -1.5030000000e+01
1.1555815071e-03 1.3304708738e+04 1.5707963268e+00 -1.5033333333e+01
1.1558377336e-03 1.3304708738e+04 1.5707963268e+00 -1.5036666667e+01
1.1560939601e-03 1.3304708738e+04 1.5707963268e+00 -1.5040000000e+01
1.1563501866e-03 1.3304708738e+04 1.5707963268e+00 -1.5043333333e+01
1.1566064131e-03 1.3304708738e+04 1.5707963268e+00 -1.5046666667e+01
1.1568626396e-03 1.3304708738e+04 1.5707963268e+00 -1.5050000000e+01
1.1571188661e-03 1.3304708738e+04 1.5707963268e+00 -1.5053333333e+01
1.1573750926e-03 1.3304708738e+04 1.5707963268e+00 -1.5056666667e+01
1.1576313191e-03 1.3304708738e+04 1.5707963268e+00 -1.5060000000e+01
1.1578875456e-03 1.3304708738e+04 1.5707963268e+00 -1.5063333333e+01
1.1581437721e-03 1.3304708738e+04 1.5707963268e+00 -1.5066666667e+01
1.1583999986e-03 1.3304708738e+04 1.5707963268e+00 -1.5070000000e+01
1.1586562251e-03 1.3304708738e+04 1.5707963268e+00 -1.5073333333e+01
1.1589124516e-03 1.3304708738e+04 1.5707963268e+00 -1.5076666667e+01
1.1591686781e-03 1.3304708738e+04 1.5707963268e+00 -1.5080000000e+01
1.1594249046e-03 1.3304708738e+04 1.5707963268e+00 -1.5083333333e+01
1.1596811311e-03 1.3304708738e+04 1.5707963268e+00 -1.5086666667e+01
1.1599373576e-03 1.3304708738e+04 1.5707963268e+00 -1.5090000000e+01
1.1601935841e-03 1.3304708738e+04 1.5707963268e+00 -1.5093333333e+01
1.1604498106e-03 1.3304708738e+04 1.5707963268e+00 -1.5096666667e+01
1.1607060371e-03 1.3304708738e+04 1.5707963268e+00 -1.5100000000e+01
1.1609622636e-03 1.3304708738e+04 1.5707963268e+00 -1.5103333333e+01
1.1612184901e-03 1.3304708738e+04 1.5707963268e+00 -1.5106666667e+01
1.1614747166e-03 1.3304708738e+04 1.5707963268e+00 -1.5110000000e+01
1.1617309431e-03 1.3304708738e+04 1.5707963268e+00 -1.5113333333e+01
1.1619871696e-03 1.3304708738e+04 1.5707963268e+00 -1.5116666667e+01
1.1622433961e-03 1.3304708738e+04 1.5707963268e+00 -1.5120000000e+01
1.1624996226e-03 1.3304708738e+04 1.5707963268e+00 -1.5123333333e+01
1.1627558491e-03 1.3304708738e+04 1.5707963268e+00 -1.5126666667e+01
1.1630120755e-03 1.3304708738e+04 1.5707963268e+00 -1.5130000000e+01
1.1632683020e-03 1.3304708738e+04 1.5707963268e+00 -1.5133333333e+01
1.1635245285e-03 1.3304708738e+04 1.5707963268e+00 -1.5136666667e+01
1.1637807550e-03 1.3304708738e+04 1.5707963268e+00 -1.5140000000e+01
1.1640369815e-03 1.3304708738e+04 1.5707963268e+00 -1.5143333333e+01
1.1642932080e-03 1.3304708738e+04 1.5707963268e+00 -1.5146666667e+01
1.1645494345e-03 1.3304708738e+04 1.5707963268e+00 -1.5150000000e+01
1.1648056610e-03 1.3304708738e+04 1.5707963268e+00 -1.5153333333e+01
1.1650618875e-03 1.3304708738e+04 1.5707963268e+00 -1.5156666667e+01
1.1653181140e-03 1.3304708738e+04 1.5707963268e+00 -1.5160000000e+01
1.1655743405e-03 1.3304708738e+04 1.5707963268e+00 -1.5163333333e+01
1.1658305670e-03 1.3304708738e+04 1.5707963268e+00 -1.5166666667e+01
1.1660867935e-03 1.3304708738e+04 1.5707963268e+00 -1.5170000000e+01
1.1663430200e-03 1.3304708738e+04 1.5707963268e+00 -1.5173333333e+01
1.1665992465e-03 1.3304708738e+04 1.5707963268e+00 -1.5176666667e+01
1.1668554730e-03 1.3304708738e+04 1.5707963268e+00 -1.5180000000e+01
1.1671116995e-03 1.3304708738e+04 1.5707963268e+00 -1.5183333333e+01
1.1673679260e-03 1.3304708738e+04 1.5707963268e+00 -1.5186666667e+01
1.1676241525e-03 1.3304708738e+04 1.5707963268e+00 -1.5190000000e+01
1.1678803790e-03 1.3304708738e+04 1.5707963268e+00 -1.5193333333e+01
1.1681366055e-03 1.3304708738e+04 1.5707963268e+00 -1.5196666667e+01
1.1683928320e-03 1.3304708738e+04 1.5707963268e+00 -1.5200000000e+01
1.1686490585e-03 1.3304708738e+04 1.5707963268e+00 -1.5203333333e+01
1.1689052850e-03 1.3304708738e+04 1.5707963268e+00 -1.5206666667e+01
1.1691615115e-03 1.3304708738e+04 1.5707963268e+00 -1.5210000000e+01
1.1694177380e-03 1.3304708738e+04 1.5707963268e+00 -1.5213333333e+01
1.1696739645e-03 1.3304708738e+04 1.5707963268e+00 -1.5216666667e+01
1.1699301910e-03 1.3304708738e+04 1.5707963268e+00 -1.5220000000e+01
1.1701864175e-03 1.3304708738e+04 1.5707963268e+00 -1.5223333333e+01
1.1704426440e-03 1.3304708738e+04 1.5707963268e+00 -1.5226666667e+01
1.1706988705e-03 1.3304708738e+04 1.5707963268e+00 -1.5230000000e+01
1.1709550970e-03 1.3304708738e+04 1.5707963268e+00 -1.5233333333e+01
1.1712113235e-03 1.3304708738e+04 1.5707963268e+00 -1.5236666667e+01
1.1714675500e-03 1.3304708738e+04 1.5707963268e+00 -1.5240000000e+01
1.1717237765e-03 1.3304708738e+04 1.5707963268e+00 -1.5243333333e+01
1.1719800030e-03 1.3304708738e+04 1.5707963268e+00 -1.5246666667e+01
1.1722362295e-03 1.3304708738e+04 1.5707963268e+00 -1.5250000000e+01
1.1724924560e-03 1.3304708738e+04 1.5707963268e+00 -1.5253333333e+01
1.1727486825e-03 1.3304708738e+04 1.5707963268e+00 -1.5256666667e+01
1.1730049090e-03 1.3304708738e+04 1.5707963268e+00 -1.5260000000e+01
1.1732611355e-03 1.3304708738e+04 1.5707963268e+00 -1.5263333333e+01
1.1735173620e-03 1.3304708738e+04 1.5707963268e+00 -1.5266666667e+01
1.1737735885e-03 1.3304708738e+04 1.5707963268e+00 -1.5270000000e+01
1.1740298150e-03 1.3304708738e+04 1.5707963268e+00 -1.5273333333e+01
1.1742860415e-03 1.3304708738e+04 1.5707963268e+00 -1.5276666667e+01
1.1745422680e-03 1.3304708738e+04 1.5707963268e+00 -1.5280000000e+01
1.1747984945e-03 1.3304708738e+04 1.5707963268e+00 -1.5283333333e+01
1.1750547210e-03 1.3304708738e+04 1.5707963268e+00 -1.5286666667e+01
1.1753109475e-03 1.3304708738e+04 1.5707963268e+00 -1.5290000000e+01
1.1755671740e-03 1.3304708738e+04 1.5707963268e+00 -1.5293333333e+01
1.1758234005e-03 1.3304708738e+04 1.5707963268e+00 -1.5296666667e+01
1.1760796270e-03 1.3304708738e+04 1.5707963268e+00 -1.5300000000e+01
1.1763358535e-03 1.3304708738e+04 1.5707963268e+00 -1.5303333333e+01
1.1765920800e-03 1.3304708738e+04 1.5707963268e+00 -1.5306666667e+01
1.1768483065e-03 1.3304708738e+04 1.5707963268e+00 -1.5310000000e+01
1.1771045330e-03 1.3304708738e+04 1.5707963268e+00 -1.5313333333e+01
1.1773607595e-03 1.3304708738e+04 1.5707963268e+00 -1.5316666667e+01
1.1776169859e-03 1.3304708738e+04 1.5707963268e+00 -1.5320000000e+01
1.1778732124e-03 1.3304708738e+04 1.5707963268e+00 -1.5323333333e+01
1.1781294389e-03 1.3304708738e+04 1.5707963268e+00 -1.5326666667e+01
1.1783856654e-03 1.3304708738e+04 1.5707963268e+00 -1.5330000000e+01
1.1786418919e-03 1.3304708738e+04 1.5707963268e+00 -1.5333333333e+01
1.1788981184e-03 1.3304708738e+04 1.5707963268e+00 -1.5336666667e+01
1.1791543449e-03 1.3304708738e+04 1.5707963268e+00 -1.5340000000e+01
1.1794105714e-03 1.3304708738e+04 1.5707963268e+00 -1.5343333333e+01
1.1796667979e-03 1.3304708738e+04 1.5707963268e+00 -1.5346666667e+01
1.1799230244e-03 1.3304708738e+04 1.5707963268e+00 -1.5350000000e+01
1.1801792509e-03 1.3304708738e+04 1.5707963268e+00 -1.5353333333e+01
1.1804354774e-03 1.3304708738e+04 1.5707963268e+00 -1.5356666667e+01
1.1806917039e-03 1.3304708738e+04 1.5707963268e+00 -1.5360000000e+01
1.1809479304e-03 1.3304708738e+04 1.5707963268e+00 -1.5363333333e+01
1.1812041569e-03 1.3304708738e+04 1.5707963268e+00 -1.5366666667e+01
1.1814603834e-03 1.3304708738e+04 1.5707963268e+00 -1.5370000000e+01
1.1817166099e-03 1.3304708738e+04 1.5707963268e+00 -1.5373333333e+01
1.1819728364e-03 1.3304708738e+04 1.5707963268e+00 -1.5376666667e+01
1.1822290629e-03 1.3304708738e+04 1.5707963268e+00 -1.5380000000e+01
1.1824852894e-03 1.3304708738e+04 1.5707963268e+00 -1.5383333333e+01
1.1827415159e-03 1.3304708738e+04 1.5707963268e+00 -1.5386666667e+01
1.1829977424e-03 1.3304708738e+04 1.5707963268e+00 -1.5390000000e+01
1.1832539689e-03 1.3304708738e+04 1.5707963268e+00 -1.5393333333e+01
1.1835101954e-03 1.3304708738e+04 1.5707963268e+00 -1.5396666667e+01
1.1837664219e-03 1.3304708738e+04 1.5707963268e+00 -1.5400000000e+01
1.1840226484e-03 1.3304708738e+04 1.5707963268e+00 -1.5403333333e+01
1.1842788749e-03 1.3304708738e+04 1.5707963268e+00 -1.5406666667e+01
1.1845351014e-03 1.3304708738e+04 1.5707963268e+00 -1.5410000000e+01
1.1847913279e-03 1.3304708738e+04 1.5707963268e+00 -1.5413333333e+01
1.1850475544e-03 1.3304708738e+04 1.5707963268e+00 -1.5416666667e+01
1.1853037809e-03 1.3304708738e+04 1.5707963268e+00 -1.5420000000e+01
1.1855600074e-03 1.3304708738e+04 1.5707963268e+00 -1.5423333333e+01
1.1858162339e-03 1.3304708738e+04 1.5707963268e+00 -1.5426666667e+01
1.1860724604e-03 1.3304708738e+04 1.5707963268e+00 -1.5430000000e+01
1.1863286869e-03 1.3304708738e+04 1.5707963268e+00 -1.5433333333e+01
1.1865849134e-03 1.3304708738e+04 1.5707963268e+00 -1.5436666667e+01
1.1868411399e-03 1.3304708738e+04 1.5707963268e+00 -1.5440000000e+01
1.1870973664e-03 1.3304708738e+04 1.5707963268e+00 -1.5443333333e+01
1.1873535929e-03 1.3304708738e+04 1.5707963268e+00 -1.5446666667e+01
1.1876098194e-03 1.3304708738e+04 1.5707963268e+00 -1.5450000000e+01
1.1878660459e-03 1.3304708738e+04 1.5707963268e+00 -1.5453333333e+01
1.1881222724e-03 1.3304708738e+04 1.5707963268e+00 -1.5456666667e+01
1.1883784989e-03 1.3304708738e+04 1.5707963268e+00 -1.5460000000e+01
1.1886347254e-03 1.3304708738e+04 1.5707963268e+00 -1.5463333333e+01
1.1888909519e-03 1.3304708738e+04 1.5707963268e+00 -1.5466666667e+01
1.1891471784e-03 1.3304708738e+04 1.5707963268e+00 -1.5470000000e+01
1.1894034049e-03 1.3304708738e+04 1.5707963268e+00 -1.5473333333e+01
1.1896596314e-03 1.3304708738e+04 1.5707963268e+00 -1.5476666667e+01
1.1899158579e-03 1.3304708738e+04 1.5707963268e+00 -1.5480000000e+01
1.1901720844e-03 1.3304708738e+04 1.5707963268e+00 -1.5483333333e+01
1.1904283109e-03 1.3304708738e+04 1.5707963268e+00 -1.5486666667e+01
1.1906845374e-03 1.3304708738e+04 1.5707963268e+00 -1.5490000000e+01
1.1909407639e-03 1.3304708738e+04 1.5707963268e+00 -1.5493333333e+01
1.1911969904e-03 1.3304708738e+04 1.5707963268e+00 -1.5496666667e+01
1.1914532169e-03 1.3304708738e+04 1.5707963268e+00 -1.5500000000e+01
1.1917094434e-03 1.3304708738e+04 1.5707963268e+00 -1.5503333333e+01
1.1919656699e-03 1.3304708738e+04 1.5707963268e+00 -1.5506666667e+01
1.1922218963e-03 1.3304708738e+04 1.5707963268e+00 -1.5510000000e+01
1.1924781228e-03 1.3304708738e+04 1.5707963268e+00 -1.5513333333e+01
1.1927343493e-03 1.3304708738e+04 1.5707963268e+00 -1.5516666667e+01
1.1929905758e-03 1.3304708738e+04 1.5707963268e+00 -1.5520000000e+01
1.1932468023e-03 1.3304708738e+04 1.5707963268e+00 -1.5523333333e+01
1.1935030288e-03 1.3304708738e+04 1.5707963268e+00 -1.5526666667e+01
1.1937592553e-03 1.3304708738e+04 1.5707963268e+00 -1.5530000000e+01
1.1940154818e-03 1.3304708738e+04 1.5707963268e+00 -1.5533333333e+01
1.1942717083e-03 1.3304708738e+04 1.5707963268e+00 -1.5536666667e+01
1.1945279348e-03 1.3304708738e+04 1.5707963268e+00 -1.5540000000e+01
1.1947841613e-03 1.3304708738e+04 1.5707963268e+00 -1.5543333333e+01
1.1950403878e-03 1.3304708738e+04 1.5707963268e+00 -1.5546666667e+01
1.1952966143e-03 1.3304708738e+04 1.5707963268e+00 -1.5550000000e+01
1.1955528408e-03 1.3304708738e+04 1.5707963268e+00 -1.5553333333e+01
1.1958090673e-03 1.3304708738e+04 1.5707963268e+00 -1.5556666667e+01
1.1960652938e-03 1.3304708738e+04 1.5707963268e+00 -1.5560000000e+01
1.1963215203e-03 1.3304708738e+04 1.5707963268e+00 -1.5563333333e+01
1.1965777468e-03 1.3304708738e+04 1.5707963268e+00 -1.5566666667e+01
1.1968339733e-03 1.3304708738e+04 1.5707963268e+00 -1.5570000000e+01
1.1970901998e-03 1.3304708738e+04 1.5707963268e+00 -1.5573333333e+01
1.1973464263e-03 1.3304708738e+04 1.5707963268e+00 -1.5576666667e+01
1.1976026528e-03 1.3304708738e+04 1.5707963268e+00 -1.5580000000e+01
1.1978588793e-03 1.3304708738e+04 1.5707963268e+00 -1.5583333333e+01
1.1981151058e-03 1.3304708738e+04 1.5707963268e+00 -1.5586666667e+01
1.1983713323e-03 1.3304708738e+04 1.5707963268e+00 -1.5590000000e+01
1.1986275588e-03 1.3304708738e+04 1.5707963268e+00 -1.5593333333e+01
1.1988837853e-03 1.3304708738e+04 1.5707963268e+00 -1.5596666667e+01
1.1991400118e-03 1.3304708738e+04 1.5707963268e+00 -1.5600000000e+01
1.1993962383e-03 1.3304708738e+04 1.5707963268e+00 -1.5603333333e+01
1.1996524648e-03 1.3304708738e+04 1.5707963268e+00 -1.5606666667e+01
1.1999086913e-03 1.3304708738e+04 1.5707963268e+00 -1.5610000000e+01
1.2001649178e-03 1.3304708738e+04 1.5707963268e+00 -1.5613333333e+01
1.2004211443e-03 1.3304708738e+04 1.5707963268e+00 -1.5616666667e+01
1.2006773708e-03 1.3304708738e+04 1.5707963268e+00 -1.5620000000e+01
1.2009335973e-03 1.3304708738e+04 1.5707963268e+00 -1.5623333333e+01
1.2011898238e-03 1.3304708738e+04 1.5707963268e+00 -1.5626666667e+01
1.2014460503e-03 1.3304708738e+04 1.5707963268e+00 -1.5630000000e+01
1.2017022768e-03 1.3304708738e+04 1.5707963268e+00 -1.5633333333e+01
1.2019585033e-03 1.3304708738e+04 1.5707963268e+00 -1.5636666667e+01
1.2022147298e-03 1.3304708738e+04 1.5707963268e+00 -1.5640000000e+01
1.2024709563e-03 1.3304708738e+04 1.5707963268e+00 -1.5643333333e+01
1.2027271828e-03 1.3304708738e+04 1.5707963268e+00 -1.5646666667e+01
1.2029834093e-03 1.3304708738e+04 1.5707963268e+00 -1.5650000000e+01
1.2032396358e-03 1.3304708738e+04 1.5707963268e+00 -1.5653333333e+01
1.2034958623e-03 1.3304708738e+04 1.5707963268e+00 -1.5656666667e+01
1.2037520888e-03 1.3304708738e+04 1.5707963268e+00 -1.5660000000e+01
1.2040083153e-03 1.3304708738e+04 1.5707963268e+00 -1.5663333333e+01
1.2042645418e-03 1.3304708738e+04 1.5707963268e+00 -1.5666666667e+01
1.2045207683e-03 1.3304708738e+04 1.5707963268e+00 -1.5670000000e+01
1.2047769948e-03 1.3304708738e+04 1.5707963268e+00 -1.5673333333e+01
1.2050332213e-03 1.3304708738e+04 1.5707963268e+00 -1.5676666667e+01
1.2052894478e-03 1.3304708738e+04 1.5707963268e+00 -1.5680000000e+01
1.2055456743e-03 1.3304708738e+04 1.5707963268e+00 -1.5683333333e+01
1.2058019008e-03 1.3304708738e+04 1.5707963268e+00 -1.5686666667e+01
1.2060581273e-03 1.3304708738e+04 1.5707963268e+00 -1.5690000000e+01
1.2063143538e-03 1.3304708738e+04 1.5707963268e+00 -1.5693333333e+01
1.2065705803e-03 1.3304708738e+04 1.5707963268e+00 -1.5696666667e+01
1.2068268068e-03 1.3304708738e+04 1.5707963268e+00 -1.5700000000e+01
1.2070830332e-03 1.3304708738e+04 1.5707963268e+00 -1.5703333333e+01
1.2073392597e-03 1.3304708738e+04 1.5707963268e+00 -1.5706666667e+01
1.2075954862e-03 1.3304708738e+04 1.5707963268e+00 -1.5710000000e+01
1.2078517127e-03 1.3304708738e+04 1.5707963268e+00 -1.5713333333e+01
1.2081079392e-03 1.3304708738e+04 1.5707963268e+00 -1.5716666667e+01
1.2083641657e-03 1.3304708738e+04 1.5707963268e+00 -1.5720000000e+01
1.2086203922e-03 1.3304708738e+04 1.5707963268e+00 -1.5723333333e+01
1.2088766187e-03 1.3304708738e+04 1.5707963268e+00 -1.5726666667e+01
1.2091328452e-03 1.3304708738e+04 1.5707963268e+00 -1.5730000000e+01
1.2093890717e-03 1.3304708738e+04 1.5707963268e+00 -1.5733333333e+01
1.2096452982e-03 1.3304708738e+04 1.5707963268e+00 -1.5736666667e+01
1.2099015247e-03 1.3304708738e+04 1.5707963268e+00 -1.5740000000e+01
1.2101577512e-03 1.3304708738e+04 1.5707963268e+00 -1.5743333333e+01
1.2104139777e-03 1.3304708738e+04 1.5707963268e+00 -1.5746666667e+01
1.2106702042e-03 1.3304708738e+04 1.5707963268e+00 -1.5750000000e+01
1.2109264307e-03 1.3304708738e+04 1.5707963268e+00 -1.5753333333e+01
1.2111826572e-03 1.3304708738e+04 1.5707963268e+00 -1.5756666667e+01
1.2114388837e-03 1.3304708738e+04 1.5707963268e+00 -1.5760000000e+01
1.2116951102e-03 1.3304708738e+04 1.5707963268e+00 -1.5763333333e+01
1.2119513367e-03 1.3304708738e+04 1.5707963268e+00 -1.5766666667e+01
1.2122075632e-03 1.3304708738e+04 1.5707963268e+00 -1.5770000000e+01
1.2124637897e-03 1.3304708738e+04 1.5707963268e+00 -1.5773333333e+01
1.2127200162e-03 1.3304708738e+04 1.5707963268e+00 -1.5776666667e+01
1.2129762427e-03 1.3304708738e+04 1.5707963268e+00 -1.5780000000e+01
1.2132324692e-03 1.3304708738e+04 1.5707963268e+00 -1.5783333333e+01
1.2134886957e-03 1.3304708738e+04 1.5707963268e+00 -1.5786666667e+01
1.2137449222e-03 1.3304708738e+04 1.5707963268e+00 -1.5790000000e+01
1.2140011487e-03 1.3304708738e+04 1.5707963268e+00 -1.5793333333e+01
1.2142573752e-03 1.3304708738e+04 1.5707963268e+00 -1.5796666667e+01
1.2145136017e-03 1.3304708738e+04 1.5707963268e+00 -1.5800000000e+01
1.2147698282e-03 1.3304708738e+04 1.5707963268e+00 -1.5803333333e+01
1.2150260547e-03 1.3304708738e+04 1.5707963268e+00 -1.5806666667e+01
1.2152822812e-03 1.3304708738e+04 1.5707963268e+00 -1.5810000000e+01
1.2155385077e-03 1.3304708738e+04 1.5707963268e+00 -1.5813333333e+01
1.2157947342e-03 1.3304708738e+04 1.5707963268e+00 -1.5816666667e+01
1.2160509607e-03 1.3304708738e+04 1.5707963268e+00 -1.5820000000e+01
1.2163071872e-03 1.3304708738e+04 1.5707963268e+00 -1.5823333333e+01
1.2165634137e-03 1.3304708738e+04 1.5707963268e+00 -1.5826666667e+01
1.2168196402e-03 1.3304708738e+04 1.5707963268e+00 -1.5830000000e+01
1.2170758667e-03 1.3304708738e+04 1.5707963268e+00 -1.5833333333e+01
1.2173320932e-03 1.3304708738e+04 1.5707963268e+00 -1.5836666667e+01
1.2175883197e-03 1.3304708738e+04 1.5707963268e+00 -1.5840000000e+01
1.2178445462e-03 1.3304708738e+04 1.5707963268e+00 -1.5843333333e+01
1.2181007727e-03 1.3304708738e+04 1.5707963268e+00 -1.5846666667e+01
1.2183569992e-03 1.3304708738e+04 1.5707963268e+00 -1.5850000000e+01
1.2186132257e-03 1.3304708738e+04 1.5707963268e+00 -1.5853333333e+01
1.2188694522e-03 1.3304708738e+04 1.5707963268e+00 -1.5856666667e+01
1.2191256787e-03 1.3304708738e+04 1.5707963268e+00 -1.5860000000e+01
1.2193819052e-03 1.3304708738e+04 1.5707963268e+00 -1.5863333333e+01
1.2196381317e-03 1.3304708738e+04 1.5707963268e+00 -1.5866666667e+01
1.2198943582e-03 1.3304708738e+04 1.5707963268e+00 -1.5870000000e+01
1.2201505847e-03 1.3304708738e+04 1.5707963268e+00 -1.5873333333e+01
1.2204068112e-03 1.3304708738e+04 1.5707963268e+00 -1.5876666667e+01
1.2206630377e-03 1.3304708738e+04 1.5707963268e+00 -1.5880000000e+01
1.2209192642e-03 1.3304708738e+04 1.5707963268e+00 -1.5883333333e+01
1.2211754907e-03 1.3304708738e+04 1.5707963268e+00 -1.5886666667e+01
1.2214317172e-03 1.3304708738e+04 1.5707963268e+00 -1.5890000000e+01
1.2216879436e-03 1.3304708738e+04 1.5707963268e+00 -1.5893333333e+01
1.2219441701e-03 1.3304708738e+04 1.5707963268e+00 -1.5896666667e+01
1.2222003966e-03 1.3304708738e+04 1.5707963268e+00 -1.5900000000e+01
1.2224566231e-03 1.3304708738e+04 1.5707963268e+00 -1.5903333333e+01
1.2227128496e-03 1.3304708738e+04 1.5707963268e+00 -1.5906666667e+01
1.2229690761e-03 1.3304708738e+04 1.5707963268e+00 -1.5910000000e+01
1.2232253026e-03 1.3304708738e+04 1.5707963268e+00 -1.5913333333e+01
1.2234815291e-03 1.3304708738e+04 1.5707963268e+00 -1.5916666667e+01
1.2237377556e-03 1.3304708738e+04 1.5707963268e+00 -1.5920000000e+01
1.2239939821e-03 1.3304708738e+04 1.5707963268e+00 -1.5923333333e+01
1.2242502086e-03 1.3304708738e+04 1.5707963268e+00 -1.5926666667e+01
1.2245064351e-03 1.3304708738e+04 1.5707963268e+00 -1.5930000000e+01
1.2247626616e-03 1.3304708738e+04 1.5707963268e+00 -1.5933333333e+01
1.2250188881e-03 1.3304708738e+04 1.5707963268e+00 -1.5936666667e+01
1.2252751146e-03 1.3304708738e+04 1.5707963268e+00 -1.5940000000e+01
1.2255313411e-03 1.3304708738e+04 1.5707963268e+00 -1.5943333333e+01
1.2257875676e-03 1.3304708738e+04 1.5707963268e+00 -1.5946666667e+01
1.2260437941e-03 1.3304708738e+04 1.5707963268e+00 -1.5950000000e+01
1.2263000206e-03 1.3304708738e+04 1.5707963268e+00 -1.5953333333e+01
1.2265562471e-03 1.3304708738e+04 1.5707963268e+00 -1.5956666667e+01
1.2268124736e-03 1.3304708738e+04 1.5707963268e+00 -1.5960000000e+01
1.2270687001e-03 1.3304708738e+04 1.5707963268e+00 -1.5963333333e+01
1.2273249266e-03 1.3304708738e+04 1.5707963268e+00 -1.5966666667e+01
1.2275811531e-03 1.3304708738e+04 1.5707963268e+00 -1.5970000000e+01
1.2278373796e-03 1.3304708738e+04 1.5707963268e+00 -1.5973333333e+01
1.2280936061e-03 1.3304708738e+04 1.5707963268e+00 -1.5976666667e+01
1.2283498326e-03 1.3304708738e+04 1.5707963268e+00 -1.5980000000e+01
1.2286060591e-03 1.3304708738e+04 1.5707963268e+00 -1.5983333333e+01
1.2288622856e-03 1.3304708738e+04 1.5707963268e+00 -1.5986666667e+01
1.2291185121e-03 1.3304708738e+04 1.5707963268e+00 -1.5990000000e+01
1.2293747386e-03 1.3304708738e+04 1.5707963268e+00 -1.5993333333e+01
1.2296309651e-03 1.3304708738e+04 1.5707963268e+00 -1.5996666667e+01
1.2298871916e-03 1.3304708738e+04 1.5707963268e+00 -1.6000000000e+01
1.2301434181e-03 1.3304708738e+04 1.5707963268e+00 -1.6003333333e+01
1.2303996446e-03 1.3304708738e+04 1.5707963268e+00 -1.6006666667e+01
1.2306558711e-03 1.3304708738e+04 1.5707963268e+00 -1.6010000000e+01
1.2309120976e-03 1.3304708738e+04 1.5707963268e+00 -1.6013333333e+01
1.2311683241e-03 1.3304708738e+04 1.5707963268e+00 -1.6016666667e+01
1.2314245506e-03 1.3304708738e+04 1.5707963268e+00 -1.6020000000e+01
1.2316807771e-03 1.3304708738e+04 1.5707963268e+00 -1.6023333333e+01
1.2319370036e-03 1.3304708738e+04 1.5707963268e+00 -1.6026666667e+01
1.2321932301e-03 1.3304708738e+04 1.5707963268e+00 -1.6030000000e+01
1.2324494566e-03 1.3304708738e+04 1.5707963268e+00 -1.6033333333e+01
1.2327056831e-03 1.3304708738e+04 1.5707963268e+00 -1.6036666667e+01
1.2329619096e-03 1.3304708738e+04 1.5707963268e+00 -1.6040000000e+01
1.2332181361e-03 1.3304708738e+04 1.5707963268e+00 -1.6043333333e+01
1.2334743626e-03 1.3304708738e+04 1.5707963268e+00 -1.6046666667e+01
1.2337305891e-03 1.3304708738e+04 1.5707963268e+00 -1.6050000000e+01
1.2339868156e-03 1.3304708738e+04 1.5707963268e+00 -1.6053333333e+01
1.2342430421e-03 1.3304708738e+04 1.5707963268e+00 -1.6056666667e+01
1.2344992686e-03 1.3304708738e+04 1.5707963268e+00 -1.6060000000e+01
1.2347554951e-03 1.3304708738e+04 1.5707963268e+00 -1.6063333333e+01
1.2350117216e-03 1.3304708738e+04 1.5707963268e+00 -1.6066666667e+01
1.2352679481e-03 1.3304708738e+04 1.5707963268e+00 -1.6070000000e+01
1.2355241746e-03 1.3304708738e+04 1.5707963268e+00 -1.6073333333e+01
1.2357804011e-03 1.3304708738e+04 1.5707963268e+00 -1.6076666667e+01
1.2360366276e-03 1.3304708738e+04 1.5707963268e+00 -1.6080000000e+01
1.2362928540e-03 1.3304708738e+04 1.5707963268e+00 -1.6083333333e+01
1.2365490805e-03 1.3304708738e+04 1.5707963268e+00 -1.6086666667e+01
1.2368053070e-03 1.3304708738e+04 1.5707963268e+00 -1.6090000000e+01
1.2370615335e-03 1.3304708738e+04 1.5707963268e+00 -1.6093333333e+01
1.2373177600e-03 1.3304708738e+04 1.5707963268e+00 -1.6096666667e+01
1.2375739865e-03 1.3304708738e+04 1.5707963268e+00 -1.6100000000e+01
1.2378302130e-03 1.3304708738e+04 1.5707963268e+00 -1.6103333333e+01
1.2380864395e-03 1.3304708738e+04 1.5707963268e+00 -1.6106666667e+01
1.2383426660e-03 1.3304708738e+04 1.5707963268e+00 -1.6110000000e+01
1.2385988925e-03 1.3304708738e+04 1.5707963268e+00 -1.6113333333e+01
1.2388551190e-03 1.3304708738e+04 1.5707963268e+00 -1.6116666667e+01
1.2391113455e-03 1.3304708738e+04 1.5707963268e+00 -1.6120000000e+01
1.2393675720e-03 1.3304708738e+04 1.5707963268e+00 -1.6123333333e+01
1.2396237985e-03 1.3304708738e+04 1.5707963268e+00 -1.6126666667e+01
1.2398800250e-03 1.3304708738e+04 1.5707963268e+00 -1.6130000000e+01
1.2401362515e-03 1.3304708738e+04 1.5707963268e+00 -1.6133333333e+01
1.2403924780e-03 1.3304708738e+04 1.5707963268e+00 -1.6136666667e+01
1.2406487045e-03 1.3304708738e+04 1.5707963268e+00 -1.6140000000e+01
1.2409049310e-03 1.3304708738e+04 1.5707963268e+00 -1.6143333333e+01
1.2411611575e-03 1.3304708738e+04 1.5707963268e+00 -1.6146666667e+01
1.2414173840e-03 1.3304708738e+04 1.5707963268e+00 -1.6150000000e+01
1.2416736105e-03 1.3304708738e+04 1.5707963268e+00 -1.6153333333e+01
1.2419298370e-03 1.3304708738e+04 1.5707963268e+00 -1.6156666667e+01
1.2421860635e-03 1.3304708738e+04 1.5707963268e+00 -1.6160000000e+01
1.2424422900e-03 1.3304708738e+04 1.5707963268e+00 -1.6163333333e+01
1.2426985165e-03 1.3304708738e+04 1.5707963268e+00 -1.6166666667e+01
1.2429547430e-03 1.3304708738e+04 1.5707963268e+00 -1.6170000000e+01
1.2432109695e-03 1.3304708738e+04 1.5707963268e+00 -1.6173333333e+01
1.2434671960e-03 1.3304708738e+04 1.5707963268e+00 -1.6176666667e+01
1.2437234225e-03 1.3304708738e+04 1.5707963268e+00 -1.6180000000e+01
1.2439796490e-03 1.3304708738e+04 1.5707963268e+00 -1.6183333333e+01
1.2442358755e-03 1.3304708738e+04 1.5707963268e+00 -1.6186666667e+01
1.2444921020e-03 1.3304708738e+04 1.5707963268e+00 -1.6190000000e+01
1.2447483285e-03 1.3304708738e+04 1.5707963268e+00 -1.6193333333e+01
1.2450045550e-03 1.3304708738e+04 1.5707963268e+00 -1.6196666667e+01
1.2452607815e-03 1.3304708738e+04 1.5707963268e+00 -1.6200000000e+01
1.2455170080e-03 1.3304708738e+04 1.5707963268e+00 -1.6203333333e+01
1.2457732345e-03 1.3304708738e+04 1.5707963268e+00 -1.6206666667e+01
1.2460294610e-03 1.3304708738e+04 1.5707963268e+00 -1.6210000000e+01
1.2462856875e-03 1.3304708738e+04 1.5707963268e+00 -1.6213333333e+01
1.2465419140e-03 1.3304708738e+04 1.5707963268e+00 -1.6216666667e+01
1.2467981405e-03 1.3304708738e+04 1.5707963268e+00 -1.6220000000e+01
1.2470543670e-03 1.3304708738e+04 1.5707963268e+00 -1.6223333333e+01
1.2473105935e-03 1.3304708738e+04 1.5707963268e+00 -1.6226666667e+01
1.2475668200e-03 1.3304708738e+04 1.5707963268e+00 -1.6230000000e+01
1.2478230465e-03 1.3304708738e+04 1.5707963268e+00 -1.6233333333e+01
1.2480792730e-03 1.3304708738e+04 1.5707963268e+00 -1.6236666667e+01
1.2483354995e-03 1.3304708738e+04 1.5707963268e+00 -1.6240000000e+01
1.2485917260e-03 1.3304708738e+04 1.5707963268e+00 -1.6243333333e+01
1.2488479525e-03 1.3304708738e+04 1.5707963268e+00 -1.6246666667e+01
1.2491041790e-03 1.3304708738e+04 1.5707963268e+00 -1.6250000000e+01
1.2493604055e-03 1.3304708738e+04 1.5707963268e+00 -1.6253333333e+01
1.2496166320e-03 1.3304708738e+04 1.5707963268e+00 -1.6256666667e+01
1.2498728585e-03 1.3304708738e+04 1.5707963268e+00 -1.6260000000e+01
1.2501290850e-03 1.3304708738e+04 1.5707963268e+00 -1.6263333333e+01
1.2503853115e-03 1.3304708738e+04 1.5707963268e+00 -1.6266666667e+01
1.2506415380e-03 1.3304708738e+04 1.5707963268e+00 -1.6270000000e+01
1.2508977644e-03 1.3304708738e+04 1.5707963268e+00 -1.6273333333e+01
1.2511539909e-03 1.3304708738e+04 1.5707963268e+00 -1.6276666667e+01
1.2514102174e-03 1.3304708738e+04 1.5707963268e+00 -1.6280000000e+01
1.2516664439e-03 1.3304708738e+04 1.5707963268e+00 -1.6283333333e+01
1.2519226704e-03 1.3304708738e+04 1.5707963268e+00 -1.6286666667e+01
1.2521788969e-03 1.3304708738e+04 1.5707963268e+00 -1.6290000000e+01
1.2524351234e-03 1.3304708738e+04 1.5707963268e+00 -1.6293333333e+01
1.2526913499e-03 1.3304708738e+04 1.5707963268e+00 -1.6296666667e+01
1.2529475764e-03 1.3304708738e+04 1.5707963268e+00 -1.6300000000e+01
1.2532038029e-03 1.3304708738e+04 1.5707963268e+00 -1.6303333333e+01
1.2534600294e-03 1.3304708738e+04 1.5707963268e+00 -1.6306666667e+01
1.2537162559e-03 1.3304708738e+04 1.5707963268e+00 -1.6310000000e+01
1.2539724824e-03 1.3304708738e+04 1.5707963268e+00 -1.6313333333e+01
1.2542287089e-03 1.3304708738e+04 1.5707963268e+00 -1.6316666667e+01
1.2544849354e-03 1.3304708738e+04 1.5707963268e+00 -1.6320000000e+01
1.2547411619e-03 1.3304708738e+04 1.5707963268e+00 -1.6323333333e+01
1.2549973884e-03 1.3304708738e+04 1.5707963268e+00 -1.6326666667e+01
1.2552536149e-03 1.3304708738e+04 1.5707963268e+00 -1.6330000000e+01
1.2555098414e-03 1.3304708738e+04 1.5707963268e+00 -1.6333333333e+01
1.2557660679e-03 1.3304708738e+04 1.5707963268e+00 -1.6336666667e+01
1.2560222944e-03 1.3304708738e+04 1.5707963268e+00 -1.6340000000e+01
1.2562785209e-03 1.3304708738e+04 1.5707963268e+00 -1.6343333333e+01
1.2565347474e-03 1.3304708738e+04 1.5707963268e+00 -1.6346666667e+01
1.2567909739e-03 1.3304708738e+04 1.5707963268e+00 -1.6350000000e+01
1.2570472004e-03 1.3304708738e+04 1.5707963268e+00 -1.6353333333e+01
1.2573034269e-03 1.3304708738e+04 1.5707963268e+00 -1.6356666667e+01
1.2575596534e-03 1.3304708738e+04 1.5707963268e+00 -1.6360000000e+01
1.2578158799e-03 1.3304708738e+04 1.5707963268e+00 -1.6363333333e+01
1.2580721064e-03 1.3304708738e+04 1.5707963268e+00 -1.6366666667e+01
1.2583283329e-03 1.3304708738e+04 1.5707963268e+00 -1.6370000000e+01
1.2585845594e-03 1.3304708738e+04 1.5707963268e+00 -1.6373333333e+01
1.2588407859e-03 1.3304708738e+04 1.5707963268e+00 -1.6376666667e+01
1.2590970124e-03 1.3304708738e+04 1.5707963268e+00 -1.6380000000e+01
1.2593532389e-03 1.3304708738e+04 1.5707963268e+00 -1.6383333333e+01
1.2596094654e-03 1.3304708738e+04 1.5707963268e+00 -1.6386666667e+01
1.2598656919e-03 1.3304708738e+04 1.5707963268e+00 -1.6390000000e+01
1.2601219184e-03 1.3304708738e+04 1.5707963268e+00 -1.6393333333e+01
1.2603781449e-03 1.3304708738e+04 1.5707963268e+00 -1.6396666667e+01
1.2606343714e-03 1.3304708738e+04 1.5707963268e+00 -1.6400000000e+01
1.2608905979e-03 1.3304708738e+04 1.5707963268e+00 -1.6403333333e+01
1.2611468244e-03 1.3304708738e+04 1.5707963268e+00 -1.6406666667e+01
1.2614030509e-03 1.3304708738e+04 1.5707963268e+00 -1.6410000000e+01
1.2616592774e-03 1.3304708738e+04 1.5707963268e+00 -1.6413333333e+01
1.2619155039e-03 1.3304708738e+04 1.5707963268e+00 -1.6416666667e+01
1.2621717304e-03 1.3304708738e+04 1.5707963268e+00 -1.6420000000e+01
1.2624279569e-03 1.3304708738e+04 1.5707963268e+00 -1.6423333333e+01
1.2626841834e-03 1.3304708738e+04 1.5707963268e+00 -1.6426666667e+01
1.2629404099e-03 1.3304708738e+04 1.5707963268e+00 -1.6430000000e+01
1.2631966364e-03 1.3304708738e+04 1.5707963268e+00 -1.6433333333e+01
1.2634528629e-03 1.3304708738e+04 1.5707963268e+00 -1.6436666667e+01
1.2637090894e-03 1.3304708738e+04 1.5707963268e+00 -1.6440000000e+01
1.2639653159e-03 1.3304708738e+04 1.5707963268e+00 -1.6443333333e+01
1.2642215424e-03 1.3304708738e+04 1.5707963268e+00 -1.6446666667e+01
1.2644777689e-03 1.3304708738e+04 1.5707963268e+00 -1.6450000000e+01
1.2647339954e-03 1.3304708738e+04 1.5707963268e+00 -1.6453333333e+01
1.2649902219e-03 1.3304708738e+04 1.5707963268e+00 -1.6456666667e+01
1.2652464484e-03 1.3304708738e+04 1.5707963268e+00 -1.6460000000e+01
1.2655026748e-03 1.3304708738e+04 1.5707963268e+00 -1.6463333333e+01
1.2657589013e-03 1.3304708738e+04 1.5707963268e+00 -1.6466666667e+01
1.2660151278e-03 1.3304708738e+04 1.5707963268e+00 -1.6470000000e+01
1.2662713543e-03 1.3304708738e+04 1.5707963268e+00 -1.6473333333e+01
1.2665275808e-03 1.3304708738e+04 1.5707963268e+00 -1.6476666667e+01
1.2667838073e-03 1.3304708738e+04 1.5707963268e+00 -1.6480000000e+01
1.2670400338e-03 1.3304708738e+04 1.5707963268e+00 -1.6483333333e+01
1.2672962603e-03 1.3304708738e+04 1.5707963268e+00 -1.6486666667e+01
1.2675524868e-03 1.3304708738e+04 1.5707963268e+00 -1.6490000000e+01
1.2678087133e-03 1.3304708738e+04 1.5707963268e+00 -1.6493333333e+01
1.2680649398e-03 1.3304708738e+04 1.5707963268e+00 -1.6496666667e+01
1.2683211663e-03 1.3304708738e+04 1.5707963268e+00 -1.6500000000e+01
1.2685773928e-03 1.3304708738e+04 1.5707963268e+00 -1.6503333333e+01
1.2688336193e-03 1.3304708738e+04 1.5707963268e+00 -1.6506666667e+01
1.2690898458e-03 1.3304708738e+04 1.5707963268e+00 -1.6510000000e+01
1.2693460723e-03 1.3304708738e+04 1.5707963268e+00 -1.6513333333e+01
1.2696022988e-03 1.3304708738e+04 1.5707963268e+00 -1.6516666667e+01
1.2698585253e-03 1.3304708738e+04 1.5707963268e+00 -1.6520000000e+01
1.2701147518e-03 1.3304708738e+04 1.5707963268e+00 -1.6523333333e+01
1.2703709783e-03 1.3304708738e+04 1.5707963268e+00 -1.6526666667e+01
1.2706272048e-03 1.3304708738e+04 1.5707963268e+00 -1.6530000000e+01
1.2708834313e-03 1.3304708738e+04 1.5707963268e+00 -1.6533333333e+01
1.2711396578e-03 1.3304708738e+04 1.5707963268e+00 -1.6536666667e+01
1.2713958843e-03 1.3304708738e+04 1.5707963268e+00 -1.6540000000e+01
1.2716521108e-03 1.3304708738e+04 1.5707963268e+00 -1.6543333333e+01
1.2719083373e-03 1.3304708738e+04 1.5707963268e+00 -1.6546666667e+01
1.2721645638e-03 1.3304708738e+04 1.5707963268e+00 -1.6550000000e+01
1.2724207903e-03 1.3304708738e+04 1.5707963268e+00 -1.6553333333e+01
1.2726770168e-03 1.3304708738e+04 1.5707963268e+00 -1.6556666667e+01
1.2729332433e-03 1.3304708738e+04 1.5707963268e+00 -1.6560000000e+01
1.2731894698e-03 1.3304708738e+04 1.5707963268e+00 -1.6563333333e+01
1.2734456963e-03 1.3304708738e+04 1.5707963268e+00 -1.6566666667e+01
1.2737019228e-03 1.3304708738e+04 1.5707963268e+00 -1.6570000000e+01
1.2739581493e-03 1.3304708738e+04 1.5707963268e+00 -1.6573333333e+01
1.2742143758e-03 1.3304708738e+04 1.5707963268e+00 -1.6576666667e+01
1.2744706023e-03 1.3304708738e+04 1.5707963268e+00 -1.6580000000e+01
1.2747268288e-03 1.3304708738e+04 1.5707963268e+00 -1.6583333333e+01
1.2749830553e-03 1.3304708738e+04 1.5707963268e+00 -1.6586666667e+01
1.2752392818e-03 1.3304708738e+04 1.5707963268e+00 -1.6590000000e+01
1.2754955083e-03 1.3304708738e+04 1.5707963268e+00 -1.6593333333e+01
1.2757517348e-03 1.3304708738e+04 1.5707963268e+00 -1.6596666667e+01
1.2760079613e-03 1.3304708738e+04 1.5707963268e+00 -1.6600000000e+01
1.2762641878e-03 1.3304708738e+04 1.5707963268e+00 -1.6603333333e+01
1.2765204143e-03 1.3304708738e+04 1.5707963268e+00 -1.6606666667e+01
1.2767766408e-03 1.3304708738e+04 1.5707963268e+00 -1.6610000000e+01
1.2770328673e-03 1.3304708738e+04 1.5707963268e+00 -1.6613333333e+01
1.2772890938e-03 1.3304708738e+04 1.5707963268e+00 -1.6616666667e+01
1.2775453203e-03 1.3304708738e+04 1.5707963268e+00 -1.6620000000e+01
1.2778015468e-03 1.3304708738e+04 1.5707963268e+00 -1.6623333333e+01
1.2780577733e-03 1.3304708738e+04 1.5707963268e+00 -1.6626666667e+01
1.2783139998e-03 1.3304708738e+04 1.5707963268e+00 -1.6630000000e+01
1.2785702263e-03 1.3304708738e+04 1.5707963268e+00 -1.6633333333e+01
1.2788264528e-03 1.3304708738e+04 1.5707963268e+00 -1.6636666667e+01
1.2790826793e-03 1.3304708738e+04 1.5707963268e+00 -1.6640000000e+01
1.2793389058e-03 1.3304708738e+04 1.5707963268e+00 -1.6643333333e+01
1.2795951323e-03 1.3304708738e+04 1.5707963268e+00 -1.6646666667e+01
1.2798513588e-03 1.3304708738e+04 1.5707963268e+00 -1.6650000000e+01
1.2801075852e-03 1.3304708738e+04 1.5707963268e+00 -1.6653333333e+01
1.2803638117e-03 1.3304708738e+04 1.5707963268e+00 -1.6656666667e+01
1.2806200382e-03 1.3304708738e+04 1.5707963268e+00 -1.6660000000e+01
1.2808762647e-03 1.3304708738e+04 1.5707963268e+00 -1.6663333333e+01
