0.0000000000e+00 1.4014293204e+04 1.5707963268e+00 0.0000000000e+00
2.4416193642e-07 1.4014293204e+04 1.5707963268e+00 -3.1645569620e-03
4.8832387283e-07 1.4014300310e+04 1.5707963268e+00 -6.3291139241e-03
7.3248559580e-07 1.4014314522e+04 1.5707963268e+00 -9.4936676768e-03
9.7664689185e-07 1.4014335841e+04 1.5707963268e+00 -1.2658215011e-02
1.2208075475e-06 1.4014364265e+04 1.5707963268e+00 -1.5822752718e-02
1.4649673494e-06 1.4014399796e+04 1.5707963268e+00 -1.8987277587e-02
1.7091260840e-06 1.4014442434e+04 1.5707963268e+00 -2.2151786411e-02
1.9532835379e-06 1.4014492179e+04 1.5707963268e+00 -2.5316275979e-02
2.1974394976e-06 1.4014549030e+04 1.5707963268e+00 -2.8480743082e-02
2.4415937497e-06 1.4014612990e+04 1.5707963268e+00 -3.1645184511e-02
2.6857460807e-06 1.4014684058e+04 1.5707963268e+00 -3.4809597056e-02
2.9298962772e-06 1.4014762234e+04 1.5707963268e+00 -3.7973977508e-02
3.1740441258e-06 1.4014847520e+04 1.5707963268e+00 -4.1138322657e-02
3.4181894130e-06 1.4014939915e+04 1.5707963268e+00 -4.4302629293e-02
3.6623319254e-06 1.4015039421e+04 1.5707963268e+00 -4.7466894206e-02
3.9064714495e-06 1.4015146038e+04 1.5707963268e+00 -5.0631114188e-02
4.1506077719e-06 1.4015259768e+04 1.5707963268e+00 -5.3795286026e-02
4.3947406792e-06 1.4015380610e+04 1.5707963268e+00 -5.6959406511e-02
4.6388699579e-06 1.4015508566e+04 1.5707963268e+00 -6.0123472434e-02
4.8829953946e-06 1.4015643637e+04 1.5707963268e+00 -6.3287480582e-02
5.1271167759e-06 1.4015785824e+04 1.5707963268e+00 -6.6451427745e-02
5.3712338883e-06 1.4015935128e+04 1.5707963268e+00 -6.9615310713e-02
5.6153465185e-06 1.4016091550e+04 1.5707963268e+00 -7.2779126274e-02
5.8594544530e-06 1.4016255091e+04 1.5707963268e+00 -7.5942871217e-02
6.1035574784e-06 1.4016425752e+04 1.5707963268e+00 -7.9106542331e-02
6.3476553813e-06 1.4016603536e+04 1.5707963268e+00 -8.2270136402e-02
6.5917479483e-06 1.4016788442e+04 1.5707963268e+00 -8.5433650220e-02
6.8358349659e-06 1.4016980473e+04 1.5707963268e+00 -8.8597080572e-02
7.0799162208e-06 1.4017179631e+04 1.5707963268e+00 -9.1760424246e-02
7.3239914995e-06 1.4017385915e+04 1.5707963268e+00 -9.4923678028e-02
7.5680605887e-06 1.4017599329e+04 1.5707963268e+00 -9.8086838706e-02
7.8121232750e-06 1.4017819874e+04 1.5707963268e+00 -1.0124990307e-01
8.0561793449e-06 1.4018047552e+04 1.5707963268e+00 -1.0441286789e-01
8.3002285851e-06 1.4018282363e+04 1.5707963268e+00 -1.0757572998e-01
8.5442707821e-06 1.4018524311e+04 1.5707963268e+00 -1.1073848610e-01
8.7883057227e-06 1.4018773397e+04 1.5707963268e+00 -1.1390113305e-01
9.0323331934e-06 1.4019029623e+04 1.5707963268e+00 -1.1706366760e-01
9.2763529808e-06 1.4019292991e+04 1.5707963268e+00 -1.2022608656e-01
9.5203648716e-06 1.4019563502e+04 1.5707963268e+00 -1.2338838669e-01
9.7643686524e-06 1.4019841160e+04 1.5707963268e+00 -1.2655056478e-01
1.0008364110e-05 1.4020125966e+04 1.5707963268e+00 -1.2971261762e-01
1.0252351030e-05 1.4020417922e+04 1.5707963268e+00 -1.3287454199e-01
1.0496329201e-05 1.4020717031e+04 1.5707963268e+00 -1.3603633467e-01
1.0740298408e-05 1.4021023296e+04 1.5707963268e+00 -1.3919799244e-01
1.0984258439e-05 1.4021336717e+04 1.5707963268e+00 -1.4235951209e-01
1.1228209079e-05 1.4021657298e+04 1.5707963268e+00 -1.4552089040e-01
1.1472150116e-05 1.4021985042e+04 1.5707963268e+00 -1.4868212414e-01
1.1716081335e-05 1.4022319951e+04 1.5707963268e+00 -1.5184321010e-01
1.1960002525e-05 1.4022662027e+04 1.5707963268e+00 -1.5500414506e-01
1.2203913472e-05 1.4023011273e+04 1.5707963268e+00 -1.5816492580e-01
1.2447813961e-05 1.4023367692e+04 1.5707963268e+00 -1.6132554909e-01
1.2691703780e-05 1.4023731287e+04 1.5707963268e+00 -1.6448601172e-01
1.2935582716e-05 1.4024102061e+04 1.5707963268e+00 -1.6764631046e-01
1.3179450556e-05 1.4024480015e+04 1.5707963268e+00 -1.7080644209e-01
1.3423307085e-05 1.4024865154e+04 1.5707963268e+00 -1.7396640338e-01
1.3667152091e-05 1.4025257481e+04 1.5707963268e+00 -1.7712619112e-01
1.3910985360e-05 1.4025656998e+04 1.5707963268e+00 -1.8028580208e-01
1.4154806679e-05 1.4026063708e+04 1.5707963268e+00 -1.8344523303e-01
1.4398615835e-05 1.4026477615e+04 1.5707963268e+00 -1.8660448075e-01
1.4642412615e-05 1.4026898722e+04 1.5707963268e+00 -1.8976354201e-01
1.4886196805e-05 1.4027327032e+04 1.5707963268e+00 -1.9292241359e-01
1.5129968192e-05 1.4027762549e+04 1.5707963268e+00 -1.9608109226e-01
1.5373726563e-05 1.4028205275e+04 1.5707963268e+00 -1.9923957478e-01
1.5617471704e-05 1.4028655215e+04 1.5707963268e+00 -2.0239785794e-01
1.5861203402e-05 1.4029112372e+04 1.5707963268e+00 -2.0555593850e-01
1.6104921445e-05 1.4029576750e+04 1.5707963268e+00 -2.0871381323e-01
1.6348625618e-05 1.4030048351e+04 1.5707963268e+00 -2.1187147891e-01
1.6592315709e-05 1.4030527180e+04 1.5707963268e+00 -2.1502893230e-01
1.6835991504e-05 1.4031013241e+04 1.5707963268e+00 -2.1818617016e-01
1.7079652791e-05 1.4031506537e+04 1.5707963268e+00 -2.2134318928e-01
1.7323299355e-05 1.4032007072e+04 1.5707963268e+00 -2.2449998640e-01
1.7566930984e-05 1.4032514850e+04 1.5707963268e+00 -2.2765655831e-01
1.7810547465e-05 1.4033029875e+04 1.5707963268e+00 -2.3081290177e-01
1.8054148584e-05 1.4033552151e+04 1.5707963268e+00 -2.3396901353e-01
1.8297734129e-05 1.4034081683e+04 1.5707963268e+00 -2.3712489037e-01
1.8541303885e-05 1.4034618473e+04 1.5707963268e+00 -2.4028052904e-01
1.8784857641e-05 1.4035162527e+04 1.5707963268e+00 -2.4343592631e-01
1.9028395182e-05 1.4035713848e+04 1.5707963268e+00 -2.4659107895e-01
1.9271916296e-05 1.4036272441e+04 1.5707963268e+00 -2.4974598371e-01
1.9515420769e-05 1.4036838311e+04 1.5707963268e+00 -2.5290063735e-01
1.9758908389e-05 1.4037411461e+04 1.5707963268e+00 -2.5605503663e-01
2.0002378942e-05 1.4037991896e+04 1.5707963268e+00 -2.5920917831e-01
2.0245832216e-05 1.4038579621e+04 1.5707963268e+00 -2.6236305915e-01
2.0489267996e-05 1.4039174640e+04 1.5707963268e+00 -2.6551667590e-01
2.0732686071e-05 1.4039776958e+04 1.5707963268e+00 -2.6867002533e-01
2.0976086227e-05 1.4040386580e+04 1.5707963268e+00 -2.7182310418e-01
2.1219468250e-05 1.4041003510e+04 1.5707963268e+00 -2.7497590921e-01
2.1462831929e-05 1.4041627752e+04 1.5707963268e+00 -2.7812843717e-01
2.1706177049e-05 1.4042259313e+04 1.5707963268e+00 -2.8128068482e-01
2.1949503399e-05 1.4042898196e+04 1.5707963268e+00 -2.8443264891e-01
2.2192810764e-05 1.4043544408e+04 1.5707963268e+00 -2.8758432619e-01
2.2436098932e-05 1.4044197952e+04 1.5707963268e+00 -2.9073571340e-01
2.2679367689e-05 1.4044858833e+04 1.5707963268e+00 -2.9388680731e-01
2.2922616824e-05 1.4045527058e+04 1.5707963268e+00 -2.9703760465e-01
2.3165846123e-05 1.4046202631e+04 1.5707963268e+00 -3.0018810217e-01
2.3409055372e-05 1.4046885558e+04 1.5707963268e+00 -3.0333829662e-01
2.3652244360e-05 1.4047575843e+04 1.5707963268e+00 -3.0648818475e-01
2.3895412873e-05 1.4048273492e+04 1.5707963268e+00 -3.0963776330e-01
2.4138560697e-05 1.4048978510e+04 1.5707963268e+00 -3.1278702901e-01
2.4381687622e-05 1.4049690904e+04 1.5707963268e+00 -3.1593597863e-01
2.4624793432e-05 1.4050410677e+04 1.5707963268e+00 -3.1908460889e-01
2.4867877916e-05 1.4051137837e+04 1.5707963268e+00 -3.2223291654e-01
2.5110940861e-05 1.4051872389e+04 1.5707963268e+00 -3.2538089832e-01
2.5353982054e-05 1.4052614337e+04 1.5707963268e+00 -3.2852855097e-01
2.5597001282e-05 1.4053363689e+04 1.5707963268e+00 -3.3167587122e-01
2.5839998332e-05 1.4054120449e+04 1.5707963268e+00 -3.3482285580e-01
2.6082972991e-05 1.4054884625e+04 1.5707963268e+00 -3.3796950147e-01
2.6325925047e-05 1.4055656220e+04 1.5707963268e+00 -3.4111580494e-01
2.6568854287e-05 1.4056435242e+04 1.5707963268e+00 -3.4426176296e-01
2.6811760498e-05 1.4057221697e+04 1.5707963268e+00 -3.4740737225e-01
2.7054643468e-05 1.4058015590e+04 1.5707963268e+00 -3.5055262955e-01
2.7297502983e-05 1.4058816928e+04 1.5707963268e+00 -3.5369753159e-01
2.7540338831e-05 1.4059625717e+04 1.5707963268e+00 -3.5684207510e-01
2.7783150799e-05 1.4060441963e+04 1.5707963268e+00 -3.5998625680e-01
2.8025938675e-05 1.4061265673e+04 1.5707963268e+00 -3.6313007343e-01
2.8268702246e-05 1.4062096852e+04 1.5707963268e+00 -3.6627352170e-01
2.8511441300e-05 1.4062935507e+04 1.5707963268e+00 -3.6941659835e-01
2.8754155623e-05 1.4063781645e+04 1.5707963268e+00 -3.7255930009e-01
2.8996845003e-05 1.4064635272e+04 1.5707963268e+00 -3.7570162366e-01
2.9239509229e-05 1.4065496394e+04 1.5707963268e+00 -3.7884356576e-01
2.9482148086e-05 1.4066365019e+04 1.5707963268e+00 -3.8198512313e-01
2.9724761362e-05 1.4067241152e+04 1.5707963268e+00 -3.8512629248e-01
2.9967348846e-05 1.4068124801e+04 1.5707963268e+00 -3.8826707053e-01
3.0209910324e-05 1.4069015973e+04 1.5707963268e+00 -3.9140745400e-01
3.0452445585e-05 1.4069914674e+04 1.5707963268e+00 -3.9454743960e-01
3.0694954414e-05 1.4070820911e+04 1.5707963268e+00 -3.9768702405e-01
3.0937436602e-05 1.4071734691e+04 1.5707963268e+00 -4.0082620406e-01
3.1179891934e-05 1.4072656020e+04 1.5707963268e+00 -4.0396497635e-01
3.1422320198e-05 1.4073584908e+04 1.5707963268e+00 -4.0710333762e-01
3.1664721183e-05 1.4074521359e+04 1.5707963268e+00 -4.1024128459e-01
3.1907094675e-05 1.4075465381e+04 1.5707963268e+00 -4.1337881395e-01
3.2149440463e-05 1.4076416982e+04 1.5707963268e+00 -4.1651592244e-01
3.2391758334e-05 1.4077376169e+04 1.5707963268e+00 -4.1965260674e-01
3.2634048076e-05 1.4078342949e+04 1.5707963268e+00 -4.2278886356e-01
3.2876309476e-05 1.4079317329e+04 1.5707963268e+00 -4.2592468961e-01
3.3118542323e-05 1.4080299318e+04 1.5707963268e+00 -4.2906008160e-01
3.3360746405e-05 1.4081288921e+04 1.5707963268e+00 -4.3219503621e-01
3.3602921508e-05 1.4082286148e+04 1.5707963268e+00 -4.3532955016e-01
3.3845067422e-05 1.4083291005e+04 1.5707963268e+00 -4.3846362014e-01
3.4087183933e-05 1.4084303500e+04 1.5707963268e+00 -4.4159724285e-01
3.4329270830e-05 1.4085323641e+04 1.5707963268e+00 -4.4473041499e-01
3.4571327902e-05 1.4086351436e+04 1.5707963268e+00 -4.4786313325e-01
3.4813354934e-05 1.4087386892e+04 1.5707963268e+00 -4.5099539432e-01
3.5055351717e-05 1.4088430017e+04 1.5707963268e+00 -4.5412719491e-01
3.5297318038e-05 1.4089480820e+04 1.5707963268e+00 -4.5725853169e-01
3.5539253684e-05 1.4090539307e+04 1.5707963268e+00 -4.6038940137e-01
3.5781158445e-05 1.4091605487e+04 1.5707963268e+00 -4.6351980062e-01
3.6023032108e-05 1.4092679369e+04 1.5707963268e+00 -4.6664972615e-01
3.6264874461e-05 1.4093760960e+04 1.5707963268e+00 -4.6977917462e-01
3.6506685292e-05 1.4094850268e+04 1.5707963268e+00 -4.7290814274e-01
3.6748464391e-05 1.4095947302e+04 1.5707963268e+00 -4.7603662718e-01
3.6990211544e-05 1.4097052070e+04 1.5707963268e+00 -4.7916462463e-01
3.7231926541e-05 1.4098164580e+04 1.5707963268e+00 -4.8229213177e-01
3.7473609169e-05 1.4099284841e+04 1.5707963268e+00 -4.8541914527e-01
3.7715259217e-05 1.4100412861e+04 1.5707963268e+00 -4.8854566181e-01
3.7956876474e-05 1.4101548649e+04 1.5707963268e+00 -4.9167167809e-01
3.8198460728e-05 1.4102692213e+04 1.5707963268e+00 -4.9479719075e-01
3.8440011767e-05 1.4103843561e+04 1.5707963268e+00 -4.9792219650e-01
3.8681529380e-05 1.4105002703e+04 1.5707963268e+00 -5.0104669199e-01
3.8923013355e-05 1.4106169647e+04 1.5707963268e+00 -5.0417067390e-01
3.9164463481e-05 1.4107344401e+04 1.5707963268e+00 -5.0729413890e-01
3.9405879547e-05 1.4108526975e+04 1.5707963268e+00 -5.1041708365e-01
3.9647261341e-05 1.4109717378e+04 1.5707963268e+00 -5.1353950484e-01
3.9888608652e-05 1.4110915618e+04 1.5707963268e+00 -5.1666139912e-01
4.0129921269e-05 1.4112121705e+04 1.5707963268e+00 -5.1978276315e-01
4.0371198980e-05 1.4113335647e+04 1.5707963268e+00 -5.2290359361e-01
4.0612441574e-05 1.4114557453e+04 1.5707963268e+00 -5.2602388716e-01
4.0853648841e-05 1.4115787133e+04 1.5707963268e+00 -5.2914364044e-01
4.1094820569e-05 1.4117024695e+04 1.5707963268e+00 -5.3226285014e-01
4.1335956547e-05 1.4118270150e+04 1.5707963268e+00 -5.3538151290e-01
4.1577056563e-05 1.4119523505e+04 1.5707963268e+00 -5.3849962538e-01
4.1818120408e-05 1.4120784771e+04 1.5707963268e+00 -5.4161718423e-01
4.2059147870e-05 1.4122053958e+04 1.5707963268e+00 -5.4473418612e-01
4.2300138738e-05 1.4123331073e+04 1.5707963268e+00 -5.4785062769e-01
4.2541092802e-05 1.4124616127e+04 1.5707963268e+00 -5.5096650559e-01
4.2782009850e-05 1.4125909130e+04 1.5707963268e+00 -5.5408181648e-01
4.3022889672e-05 1.4127210090e+04 1.5707963268e+00 -5.5719655701e-01
4.3263732058e-05 1.4128519018e+04 1.5707963268e+00 -5.6031072381e-01
4.3504536796e-05 1.4129835924e+04 1.5707963268e+00 -5.6342431354e-01
4.3745303676e-05 1.4131160816e+04 1.5707963268e+00 -5.6653732284e-01
4.3986032487e-05 1.4132493705e+04 1.5707963268e+00 -5.6964974835e-01
4.4226723020e-05 1.4133834601e+04 1.5707963268e+00 -5.7276158672e-01
4.4467375063e-05 1.4135183513e+04 1.5707963268e+00 -5.7587283459e-01
4.4707988406e-05 1.4136540452e+04 1.5707963268e+00 -5.7898348859e-01
4.4948562839e-05 1.4137905427e+04 1.5707963268e+00 -5.8209354536e-01
4.5189098152e-05 1.4139278449e+04 1.5707963268e+00 -5.8520300153e-01
4.5429594134e-05 1.4140659527e+04 1.5707963268e+00 -5.8831185375e-01
4.5670050575e-05 1.4142048672e+04 1.5707963268e+00 -5.9142009865e-01
4.5910467265e-05 1.4143445894e+04 1.5707963268e+00 -5.9452773285e-01
4.6150843994e-05 1.4144851203e+04 1.5707963268e+00 -5.9763475299e-01
4.6391180552e-05 1.4146264609e+04 1.5707963268e+00 -6.0074115569e-01
4.6631476729e-05 1.4147686124e+04 1.5707963268e+00 -6.0384693759e-01
4.6871732316e-05 1.4149115756e+04 1.5707963268e+00 -6.0695209531e-01
4.7111947101e-05 1.4150553517e+04 1.5707963268e+00 -6.1005662547e-01
4.7352120877e-05 1.4151999418e+04 1.5707963268e+00 -6.1316052470e-01
4.7592253432e-05 1.4153453468e+04 1.5707963268e+00 -6.1626378961e-01
4.7832344557e-05 1.4154915678e+04 1.5707963268e+00 -6.1936641684e-01
4.8072394043e-05 1.4156386059e+04 1.5707963268e+00 -6.2246840299e-01
4.8312401681e-05 1.4157864622e+04 1.5707963268e+00 -6.2556974469e-01
4.8552367260e-05 1.4159351378e+04 1.5707963268e+00 -6.2867043855e-01
4.8792290571e-05 1.4160846336e+04 1.5707963268e+00 -6.3177048118e-01
4.9032171405e-05 1.4162349509e+04 1.5707963268e+00 -6.3486986921e-01
4.9272009553e-05 1.4163860907e+04 1.5707963268e+00 -6.3796859923e-01
4.9511804805e-05 1.4165380540e+04 1.5707963268e+00 -6.4106666786e-01
4.9751556953e-05 1.4166908420e+04 1.5707963268e+00 -6.4416407172e-01
4.9991265788e-05 1.4168444559e+04 1.5707963268e+00 -6.4726080740e-01
5.0230931099e-05 1.4169988966e+04 1.5707963268e+00 -6.5035687151e-01
5.0470552679e-05 1.4171541653e+04 1.5707963268e+00 -6.5345226066e-01
5.0710130319e-05 1.4173102632e+04 1.5707963268e+00 -6.5654697146e-01
5.0949663810e-05 1.4174671914e+04 1.5707963268e+00 -6.5964100049e-01
5.1189152943e-05 1.4176249509e+04 1.5707963268e+00 -6.6273434437e-01
5.1428597509e-05 1.4177835429e+04 1.5707963268e+00 -6.6582699969e-01
5.1667997300e-05 1.4179429687e+04 1.5707963268e+00 -6.6891896304e-01
5.1907352108e-05 1.4181032292e+04 1.5707963268e+00 -6.7201023104e-01
5.2146661724e-05 1.4182643257e+04 1.5707963268e+00 -6.7510080026e-01
5.2385925940e-05 1.4184262592e+04 1.5707963268e+00 -6.7819066731e-01
5.2625144547e-05 1.4185890311e+04 1.5707963268e+00 -6.8127982877e-01
5.2864317338e-05 1.4187526424e+04 1.5707963268e+00 -6.8436828123e-01
5.3103444104e-05 1.4189170942e+04 1.5707963268e+00 -6.8745602129e-01
5.3342524638e-05 1.4190823879e+04 1.5707963268e+00 -6.9054304553e-01
5.3581558731e-05 1.4192485245e+04 1.5707963268e+00 -6.9362935054e-01
5.3820546175e-05 1.4194155052e+04 1.5707963268e+00 -6.9671493290e-01
5.4059486764e-05 1.4195833312e+04 1.5707963268e+00 -6.9979978920e-01
5.4298380288e-05 1.4197520037e+04 1.5707963268e+00 -7.0288391601e-01
5.4537226541e-05 1.4199215240e+04 1.5707963268e+00 -7.0596730993e-01
5.4776025315e-05 1.4200918931e+04 1.5707963268e+00 -7.0904996752e-01
5.5014776403e-05 1.4202631124e+04 1.5707963268e+00 -7.1213188536e-01
5.5253479597e-05 1.4204351830e+04 1.5707963268e+00 -7.1521306004e-01
5.5492134691e-05 1.4206081061e+04 1.5707963268e+00 -7.1829348812e-01
5.5730741476e-05 1.4207818830e+04 1.5707963268e+00 -7.2137316619e-01
5.5969299746e-05 1.4209565148e+04 1.5707963268e+00 -7.2445209081e-01
5.6207809295e-05 1.4211320029e+04 1.5707963268e+00 -7.2753025855e-01
5.6446269914e-05 1.4213083484e+04 1.5707963268e+00 -7.3060766598e-01
5.6684681398e-05 1.4214855526e+04 1.5707963268e+00 -7.3368430967e-01
5.6923043540e-05 1.4216636167e+04 1.5707963268e+00 -7.3676018619e-01
5.7161356132e-05 1.4218425420e+04 1.5707963268e+00 -7.3983529211e-01
5.7399618970e-05 1.4220223298e+04 1.5707963268e+00 -7.4290962398e-01
5.7637831846e-05 1.4222029812e+04 1.5707963268e+00 -7.4598317837e-01
5.7875994553e-05 1.4223844976e+04 1.5707963268e+00 -7.4905595185e-01
5.8114106887e-05 1.4225668802e+04 1.5707963268e+00 -7.5212794096e-01
5.8352168640e-05 1.4227501302e+04 1.5707963268e+00 -7.5519914227e-01
5.8590179607e-05 1.4229342491e+04 1.5707963268e+00 -7.5826955235e-01
5.8828139582e-05 1.4231192380e+04 1.5707963268e+00 -7.6133916773e-01
5.9066048360e-05 1.4233050982e+04 1.5707963268e+00 -7.6440798498e-01
5.9303905733e-05 1.4234918310e+04 1.5707963268e+00 -7.6747600066e-01
5.9541711498e-05 1.4236794378e+04 1.5707963268e+00 -7.7054321130e-01
5.9779465448e-05 1.4238679197e+04 1.5707963268e+00 -7.7360961348e-01
6.0017167379e-05 1.4240572782e+04 1.5707963268e+00 -7.7667520372e-01
6.0254817084e-05 1.4242475145e+04 1.5707963268e+00 -7.7973997859e-01
6.0492414359e-05 1.4244386299e+04 1.5707963268e+00 -7.8280393462e-01
6.0729958999e-05 1.4246306258e+04 1.5707963268e+00 -7.8586706837e-01
6.0967450799e-05 1.4248235035e+04 1.5707963268e+00 -7.8892937638e-01
6.1204889555e-05 1.4250172642e+04 1.5707963268e+00 -7.9199085519e-01
6.1442275060e-05 1.4252119094e+04 1.5707963268e+00 -7.9505150134e-01
6.1679607112e-05 1.4254074403e+04 1.5707963268e+00 -7.9811131138e-01
6.1916885506e-05 1.4256038584e+04 1.5707963268e+00 -8.0117028184e-01
6.2154110037e-05 1.4258011649e+04 1.5707963268e+00 -8.0422840926e-01
6.2391280501e-05 1.4259993612e+04 1.5707963268e+00 -8.0728569018e-01
6.2628396694e-05 1.4261984486e+04 1.5707963268e+00 -8.1034212113e-01
6.2865458412e-05 1.4263984285e+04 1.5707963268e+00 -8.1339769865e-01
6.3102465452e-05 1.4265993023e+04 1.5707963268e+00 -8.1645241927e-01
6.3339417609e-05 1.4268010713e+04 1.5707963268e+00 -8.1950627952e-01
6.3576314680e-05 1.4270037370e+04 1.5707963268e+00 -8.2255927594e-01
6.3813156462e-05 1.4272073006e+04 1.5707963268e+00 -8.2561140504e-01
6.4049942752e-05 1.4274117635e+04 1.5707963268e+00 -8.2866266337e-01
6.4286673345e-05 1.4276171272e+04 1.5707963268e+00 -8.3171304745e-01
6.4523348040e-05 1.4278233930e+04 1.5707963268e+00 -8.3476255380e-01
6.4759966634e-05 1.4280305623e+04 1.5707963268e+00 -8.3781117896e-01
6.4996528922e-05 1.4282386365e+04 1.5707963268e+00 -8.4085891943e-01
6.5233034704e-05 1.4284476171e+04 1.5707963268e+00 -8.4390577175e-01
6.5469483776e-05 1.4286575053e+04 1.5707963268e+00 -8.4695173243e-01
6.5705875936e-05 1.4288683027e+04 1.5707963268e+00 -8.4999679800e-01
6.5942210982e-05 1.4290800106e+04 1.5707963268e+00 -8.5304096498e-01
6.6178488712e-05 1.4292926304e+04 1.5707963268e+00 -8.5608422988e-01
6.6414708923e-05 1.4295061636e+04 1.5707963268e+00 -8.5912658922e-01
6.6650871415e-05 1.4297206116e+04 1.5707963268e+00 -8.6216803952e-01
6.6886975985e-05 1.4299359758e+04 1.5707963268e+00 -8.6520857729e-01
6.7123022431e-05 1.4301522577e+04 1.5707963268e+00 -8.6824819904e-01
6.7359010554e-05 1.4303694587e+04 1.5707963268e+00 -8.7128690129e-01
6.7594940150e-05 1.4305875802e+04 1.5707963268e+00 -8.7432468055e-01
6.7830811020e-05 1.4308066237e+04 1.5707963268e+00 -8.7736153333e-01
6.8066622962e-05 1.4310265906e+04 1.5707963268e+00 -8.8039745614e-01
6.8302375776e-05 1.4312474825e+04 1.5707963268e+00 -8.8343244548e-01
6.8538069260e-05 1.4314693006e+04 1.5707963268e+00 -8.8646649787e-01
6.8773703216e-05 1.4316920466e+04 1.5707963268e+00 -8.8949960981e-01
6.9009277441e-05 1.4319157218e+04 1.5707963268e+00 -8.9253177780e-01
6.9244791736e-05 1.4321403278e+04 1.5707963268e+00 -8.9556299836e-01
6.9480245902e-05 1.4323658660e+04 1.5707963268e+00 -8.9859326797e-01
6.9715639738e-05 1.4325923379e+04 1.5707963268e+00 -9.0162258316e-01
6.9950973044e-05 1.4328197450e+04 1.5707963268e+00 -9.0465094041e-01
7.0186245622e-05 1.4330480887e+04 1.5707963268e+00 -9.0767833623e-01
7.0421457271e-05 1.4332773706e+04 1.5707963268e+00 -9.1070476712e-01
7.0656607794e-05 1.4335075921e+04 1.5707963268e+00 -9.1373022957e-01
7.0891696989e-05 1.4337387548e+04 1.5707963268e+00 -9.1675472009e-01
7.1126724660e-05 1.4339708602e+04 1.5707963268e+00 -9.1977823517e-01
7.1361690607e-05 1.4342039096e+04 1.5707963268e+00 -9.2280077131e-01
7.1596594631e-05 1.4344379048e+04 1.5707963268e+00 -9.2582232500e-01
7.1831436535e-05 1.4346728471e+04 1.5707963268e+00 -9.2884289274e-01
7.2066216120e-05 1.4349087382e+04 1.5707963268e+00 -9.3186247102e-01
7.2300933188e-05 1.4351455794e+04 1.5707963268e+00 -9.3488105633e-01
7.2535587542e-05 1.4353833724e+04 1.5707963268e+00 -9.3789864517e-01
7.2770178983e-05 1.4356221186e+04 1.5707963268e+00 -9.4091523402e-01
7.3004707315e-05 1.4358618197e+04 1.5707963268e+00 -9.4393081938e-01
7.3239172340e-05 1.4361024771e+04 1.5707963268e+00 -9.4694539773e-01
7.3473573861e-05 1.4363440924e+04 1.5707963268e+00 -9.4995896557e-01
7.3707911682e-05 1.4365866671e+04 1.5707963268e+00 -9.5297151938e-01
7.3942185605e-05 1.4368302027e+04 1.5707963268e+00 -9.5598305564e-01
7.4176395434e-05 1.4370747009e+04 1.5707963268e+00 -9.5899357086e-01
7.4410540973e-05 1.4373201632e+04 1.5707963268e+00 -9.6200306150e-01
7.4644622025e-05 1.4375665911e+04 1.5707963268e+00 -9.6501152407e-01
7.4878638395e-05 1.4378139862e+04 1.5707963268e+00 -9.6801895503e-01
7.5112589886e-05 1.4380623501e+04 1.5707963268e+00 -9.7102535088e-01
7.5346476305e-05 1.4383116843e+04 1.5707963268e+00 -9.7403070809e-01
7.5580297454e-05 1.4385619904e+04 1.5707963268e+00 -9.7703502316e-01
7.5814053138e-05 1.4388132701e+04 1.5707963268e+00 -9.8003829255e-01
7.6047743164e-05 1.4390655247e+04 1.5707963268e+00 -9.8304051276e-01
7.6281367336e-05 1.4393187561e+04 1.5707963268e+00 -9.8604168026e-01
7.6514925459e-05 1.4395729657e+04 1.5707963268e+00 -9.8904179154e-01
7.6748417339e-05 1.4398281551e+04 1.5707963268e+00 -9.9204084307e-01
7.6981842783e-05 1.4400843259e+04 1.5707963268e+00 -9.9503883133e-01
7.7215201595e-05 1.4403414798e+04 1.5707963268e+00 -9.9803575280e-01
7.7448493583e-05 1.4405996183e+04 1.5707963268e+00 -1.0010316040e+00
7.7681718553e-05 1.4408587430e+04 1.5707963268e+00 -1.0040263813e+00
7.7914876311e-05 1.4411188556e+04 1.5707963268e+00 -1.0070200812e+00
7.8147966664e-05 1.4413799576e+04 1.5707963268e+00 -1.0100127003e+00
7.8380989420e-05 1.4416420507e+04 1.5707963268e+00 -1.0130042350e+00
7.8613944386e-05 1.4419051365e+04 1.5707963268e+00 -1.0159946818e+00
7.8846831369e-05 1.4421692165e+04 1.5707963268e+00 -1.0189840370e+00
7.9079650177e-05 1.4424342926e+04 1.5707963268e+00 -1.0219722974e+00
7.9312400618e-05 1.4427003662e+04 1.5707963268e+00 -1.0249594592e+00
7.9545082501e-05 1.4429674390e+04 1.5707963268e+00 -1.0279455189e+00
7.9777695634e-05 1.4432355126e+04 1.5707963268e+00 -1.0309304731e+00
8.0010239824e-05 1.4435045887e+04 1.5707963268e+00 -1.0339143183e+00
8.0242714882e-05 1.4437746690e+04 1.5707963268e+00 -1.0368970508e+00
8.0475120617e-05 1.4440457550e+04 1.5707963268e+00 -1.0398786672e+00
8.0707456837e-05 1.4443178484e+04 1.5707963268e+00 -1.0428591639e+00
8.0939723352e-05 1.4445909508e+04 1.5707963268e+00 -1.0458385374e+00
8.1171919973e-05 1.4448650640e+04 1.5707963268e+00 -1.0488167842e+00
8.1404046509e-05 1.4451401896e+04 1.5707963268e+00 -1.0517939007e+00
8.1636102770e-05 1.4454163292e+04 1.5707963268e+00 -1.0547698834e+00
8.1868088567e-05 1.4456934845e+04 1.5707963268e+00 -1.0577447289e+00
8.2100003711e-05 1.4459716572e+04 1.5707963268e+00 -1.0607184335e+00
8.2331848012e-05 1.4462508490e+04 1.5707963268e+00 -1.0636909937e+00
8.2563621282e-05 1.4465310615e+04 1.5707963268e+00 -1.0666624060e+00
8.2795323333e-05 1.4468122963e+04 1.5707963268e+00 -1.0696326669e+00
8.3026953976e-05 1.4470945553e+04 1.5707963268e+00 -1.0726017729e+00
8.3258513023e-05 1.4473778400e+04 1.5707963268e+00 -1.0755697203e+00
8.3490000286e-05 1.4476621521e+04 1.5707963268e+00 -1.0785365058e+00
8.3721415578e-05 1.4479474934e+04 1.5707963268e+00 -1.0815021257e+00
8.3952758712e-05 1.4482338656e+04 1.5707963268e+00 -1.0844665765e+00
8.4184029500e-05 1.4485212702e+04 1.5707963268e+00 -1.0874298547e+00
8.4415227756e-05 1.4488097091e+04 1.5707963268e+00 -1.0903919568e+00
8.4646353293e-05 1.4490991839e+04 1.5707963268e+00 -1.0933528792e+00
8.4877405925e-05 1.4493896964e+04 1.5707963268e+00 -1.0963126184e+00
8.5108385466e-05 1.4496812482e+04 1.5707963268e+00 -1.0992711709e+00
8.5339291731e-05 1.4499738410e+04 1.5707963268e+00 -1.1022285331e+00
8.5570124533e-05 1.4502674766e+04 1.5707963268e+00 -1.1051847016e+00
8.5800883688e-05 1.4505621567e+04 1.5707963268e+00 -1.1081396727e+00
8.6031569011e-05 1.4508578830e+04 1.5707963268e+00 -1.1110934430e+00
8.6262180317e-05 1.4511546572e+04 1.5707963268e+00 -1.1140460089e+00
8.6492717421e-05 1.4514524810e+04 1.5707963268e+00 -1.1169973670e+00
8.6723180141e-05 1.4517513562e+04 1.5707963268e+00 -1.1199475135e+00
8.6953568291e-05 1.4520512845e+04 1.5707963268e+00 -1.1228964452e+00
8.7183881688e-05 1.4523522677e+04 1.5707963268e+00 -1.1258441583e+00
8.7414120149e-05 1.4526543074e+04 1.5707963268e+00 -1.1287906495e+00
8.7644283491e-05 1.4529574055e+04 1.5707963268e+00 -1.1317359151e+00
8.7874371532e-05 1.4532615635e+04 1.5707963268e+00 -1.1346799516e+00
8.8104384088e-05 1.4535667834e+04 1.5707963268e+00 -1.1376227556e+00
8.8334320978e-05 1.4538730668e+04 1.5707963268e+00 -1.1405643234e+00
8.8564182020e-05 1.4541804155e+04 1.5707963268e+00 -1.1435046516e+00
8.8793967032e-05 1.4544888312e+04 1.5707963268e+00 -1.1464437366e+00
8.9023675832e-05 1.4547983158e+04 1.5707963268e+00 -1.1493815749e+00
8.9253308241e-05 1.4551088708e+04 1.5707963268e+00 -1.1523181630e+00
8.9482864077e-05 1.4554204982e+04 1.5707963268e+00 -1.1552534974e+00
8.9712343160e-05 1.4557331996e+04 1.5707963268e+00 -1.1581875745e+00
8.9941745310e-05 1.4560469769e+04 1.5707963268e+00 -1.1611203907e+00
9.0171070347e-05 1.4563618318e+04 1.5707963268e+00 -1.1640519427e+00
9.0400318091e-05 1.4566777660e+04 1.5707963268e+00 -1.1669822269e+00
9.0629488363e-05 1.4569947814e+04 1.5707963268e+00 -1.1699112397e+00
9.0858580985e-05 1.4573128796e+04 1.5707963268e+00 -1.1728389776e+00
9.1087595777e-05 1.4576320626e+04 1.5707963268e+00 -1.1757654371e+00
9.1316532562e-05 1.4579523320e+04 1.5707963268e+00 -1.1786906147e+00
9.1545391162e-05 1.4582736897e+04 1.5707963268e+00 -1.1816145069e+00
9.1774171398e-05 1.4585961374e+04 1.5707963268e+00 -1.1845371101e+00
9.2002873093e-05 1.4589196769e+04 1.5707963268e+00 -1.1874584208e+00
9.2231496072e-05 1.4592443100e+04 1.5707963268e+00 -1.1903784356e+00
9.2460040155e-05 1.4595700385e+04 1.5707963268e+00 -1.1932971509e+00
9.2688505168e-05 1.4598968641e+04 1.5707963268e+00 -1.1962145631e+00
9.2916890935e-05 1.4602247887e+04 1.5707963268e+00 -1.1991306688e+00
9.3145197279e-05 1.4605538141e+04 1.5707963268e+00 -1.2020454645e+00
9.3373424024e-05 1.4608839421e+04 1.5707963268e+00 -1.2049589466e+00
9.3601570997e-05 1.4612151744e+04 1.5707963268e+00 -1.2078711117e+00
9.3829638022e-05 1.4615475129e+04 1.5707963268e+00 -1.2107819562e+00
9.4057624924e-05 1.4618809594e+04 1.5707963268e+00 -1.2136914766e+00
9.4285531530e-05 1.4622155157e+04 1.5707963268e+00 -1.2165996694e+00
9.4513357666e-05 1.4625511835e+04 1.5707963268e+00 -1.2195065311e+00
9.4741103157e-05 1.4628879647e+04 1.5707963268e+00 -1.2224120582e+00
9.4968767832e-05 1.4632258612e+04 1.5707963268e+00 -1.2253162472e+00
9.5196351518e-05 1.4635648747e+04 1.5707963268e+00 -1.2282190946e+00
9.5423854041e-05 1.4639050070e+04 1.5707963268e+00 -1.2311205968e+00
9.5651275230e-05 1.4642462599e+04 1.5707963268e+00 -1.2340207505e+00
9.5878614913e-05 1.4645886354e+04 1.5707963268e+00 -1.2369195520e+00
9.6105872918e-05 1.4649321351e+04 1.5707963268e+00 -1.2398169979e+00
9.6333049075e-05 1.4652767610e+04 1.5707963268e+00 -1.2427130847e+00
9.6560143213e-05 1.4656225149e+04 1.5707963268e+00 -1.2456078089e+00
9.6787155161e-05 1.4659693985e+04 1.5707963268e+00 -1.2485011670e+00
9.7014084749e-05 1.4663174137e+04 1.5707963268e+00 -1.2513931555e+00
9.7240931808e-05 1.4666665623e+04 1.5707963268e+00 -1.2542837708e+00
9.7467696168e-05 1.4670168462e+04 1.5707963268e+00 -1.2571730096e+00
9.7694377661e-05 1.4673682673e+04 1.5707963268e+00 -1.2600608684e+00
9.7920976118e-05 1.4677208272e+04 1.5707963268e+00 -1.2629473435e+00
9.8147491370e-05 1.4680745280e+04 1.5707963268e+00 -1.2658324317e+00
9.8373923249e-05 1.4684293713e+04 1.5707963268e+00 -1.2687161292e+00
9.8600271589e-05 1.4687853592e+04 1.5707963268e+00 -1.2715984328e+00
9.8826536222e-05 1.4691424933e+04 1.5707963268e+00 -1.2744793389e+00
9.9052716981e-05 1.4695007756e+04 1.5707963268e+00 -1.2773588440e+00
9.9278813699e-05 1.4698602078e+04 1.5707963268e+00 -1.2802369446e+00
9.9504826212e-05 1.4702207919e+04 1.5707963268e+00 -1.2831136373e+00
9.9730754352e-05 1.4705825297e+04 1.5707963268e+00 -1.2859889186e+00
9.9956597955e-05 1.4709454230e+04 1.5707963268e+00 -1.2888627850e+00
1.0018235686e-04 1.4713094737e+04 1.5707963268e+00 -1.2917352330e+00
1.0040803089e-04 1.4716746837e+04 1.5707963268e+00 -1.2946062592e+00
1.0063361989e-04 1.4720410547e+04 1.5707963268e+00 -1.2974758601e+00
1.0085912370e-04 1.4724085887e+04 1.5707963268e+00 -1.3003440322e+00
1.0108454215e-04 1.4727772876e+04 1.5707963268e+00 -1.3032107721e+00
1.0130987508e-04 1.4731471530e+04 1.5707963268e+00 -1.3060760764e+00
1.0153512233e-04 1.4735181870e+04 1.5707963268e+00 -1.3089399414e+00
1.0176028373e-04 1.4738903914e+04 1.5707963268e+00 -1.3118023639e+00
1.0198535912e-04 1.4742637681e+04 1.5707963268e+00 -1.3146633402e+00
1.0221034834e-04 1.4746383188e+04 1.5707963268e+00 -1.3175228671e+00
1.0243525123e-04 1.4750140456e+04 1.5707963268e+00 -1.3203809410e+00
1.0266006763e-04 1.4753909501e+04 1.5707963268e+00 -1.3232375584e+00
1.0288479738e-04 1.4757690344e+04 1.5707963268e+00 -1.3260927160e+00
1.0310944032e-04 1.4761483003e+04 1.5707963268e+00 -1.3289464102e+00
1.0333399629e-04 1.4765287496e+04 1.5707963268e+00 -1.3317986376e+00
1.0355846512e-04 1.4769103842e+04 1.5707963268e+00 -1.3346493949e+00
1.0378284667e-04 1.4772932060e+04 1.5707963268e+00 -1.3374986785e+00
1.0400714078e-04 1.4776772169e+04 1.5707963268e+00 -1.3403464850e+00
1.0423134727e-04 1.4780624187e+04 1.5707963268e+00 -1.3431928109e+00
1.0445546601e-04 1.4784488133e+04 1.5707963268e+00 -1.3460376529e+00
1.0467949683e-04 1.4788364026e+04 1.5707963268e+00 -1.3488810075e+00
1.0490343957e-04 1.4792251884e+04 1.5707963268e+00 -1.3517228713e+00
1.0512729408e-04 1.4796151727e+04 1.5707963268e+00 -1.3545632408e+00
1.0535106020e-04 1.4800063573e+04 1.5707963268e+00 -1.3574021127e+00
1.0557473778e-04 1.4803987441e+04 1.5707963268e+00 -1.3602394834e+00
1.0579832666e-04 1.4807923349e+04 1.5707963268e+00 -1.3630753497e+00
1.0602182669e-04 1.4811871317e+04 1.5707963268e+00 -1.3659097080e+00
1.0624523771e-04 1.4815831364e+04 1.5707963268e+00 -1.3687425549e+00
1.0646855957e-04 1.4819803507e+04 1.5707963268e+00 -1.3715738871e+00
1.0669179212e-04 1.4823787767e+04 1.5707963268e+00 -1.3744037012e+00
1.0691493520e-04 1.4827784161e+04 1.5707963268e+00 -1.3772319936e+00
1.0713798866e-04 1.4831792708e+04 1.5707963268e+00 -1.3800587611e+00
1.0736095235e-04 1.4835813428e+04 1.5707963268e+00 -1.3828840002e+00
1.0758382612e-04 1.4839846340e+04 1.5707963268e+00 -1.3857077075e+00
1.0780660982e-04 1.4843891461e+04 1.5707963268e+00 -1.3885298797e+00
1.0802930329e-04 1.4847948812e+04 1.5707963268e+00 -1.3913505133e+00
1.0825190639e-04 1.4852018410e+04 1.5707963268e+00 -1.3941696049e+00
1.0847441896e-04 1.4856100275e+04 1.5707963268e+00 -1.3969871512e+00
1.0869684086e-04 1.4860194426e+04 1.5707963268e+00 -1.3998031488e+00
1.0891917194e-04 1.4864300881e+04 1.5707963268e+00 -1.4026175942e+00
1.0914141205e-04 1.4868419660e+04 1.5707963268e+00 -1.4054304842e+00
1.0936356103e-04 1.4872550780e+04 1.5707963268e+00 -1.4082418153e+00
1.0958561876e-04 1.4876694262e+04 1.5707963268e+00 -1.4110515842e+00
1.0980758506e-04 1.4880850124e+04 1.5707963268e+00 -1.4138597875e+00
1.1002945981e-04 1.4885018385e+04 1.5707963268e+00 -1.4166664218e+00
1.1025124285e-04 1.4889199063e+04 1.5707963268e+00 -1.4194714838e+00
1.1047293404e-04 1.4893392178e+04 1.5707963268e+00 -1.4222749702e+00
1.1069453324e-04 1.4897597749e+04 1.5707963268e+00 -1.4250768774e+00
1.1091604029e-04 1.4901815794e+04 1.5707963268e+00 -1.4278772023e+00
1.1113745505e-04 1.4906046333e+04 1.5707963268e+00 -1.4306759414e+00
1.1135877738e-04 1.4910289384e+04 1.5707963268e+00 -1.4334730915e+00
1.1158000714e-04 1.4914544966e+04 1.5707963268e+00 -1.4362686491e+00
1.1180114419e-04 1.4918813098e+04 1.5707963268e+00 -1.4390626109e+00
1.1202218837e-04 1.4923093799e+04 1.5707963268e+00 -1.4418549736e+00
1.1224313955e-04 1.4927387088e+04 1.5707963268e+00 -1.4446457339e+00
1.1246399759e-04 1.4931692984e+04 1.5707963268e+00 -1.4474348884e+00
1.1268476234e-04 1.4936011506e+04 1.5707963268e+00 -1.4502224338e+00
1.1290543367e-04 1.4940342672e+04 1.5707963268e+00 -1.4530083668e+00
1.1312601144e-04 1.4944686501e+04 1.5707963268e+00 -1.4557926841e+00
1.1334649550e-04 1.4949043014e+04 1.5707963268e+00 -1.4585753823e+00
1.1356688572e-04 1.4953412227e+04 1.5707963268e+00 -1.4613564581e+00
1.1378718195e-04 1.4957794161e+04 1.5707963268e+00 -1.4641359083e+00
1.1400738406e-04 1.4962188834e+04 1.5707963268e+00 -1.4669137295e+00
1.1422749192e-04 1.4966596265e+04 1.5707963268e+00 -1.4696899184e+00
1.1444750538e-04 1.4971016472e+04 1.5707963268e+00 -1.4724644717e+00
1.1466742430e-04 1.4975449476e+04 1.5707963268e+00 -1.4752373862e+00
1.1488724856e-04 1.4979895294e+04 1.5707963268e+00 -1.4780086585e+00
1.1510697801e-04 1.4984353946e+04 1.5707963268e+00 -1.4807782854e+00
1.1532661252e-04 1.4988825450e+04 1.5707963268e+00 -1.4835462636e+00
1.1554615196e-04 1.4993309826e+04 1.5707963268e+00 -1.4863125898e+00
1.1576559619e-04 1.4997807091e+04 1.5707963268e+00 -1.4890772607e+00
1.1598494508e-04 1.5002317266e+04 1.5707963268e+00 -1.4918402731e+00
1.1620419848e-04 1.5006840369e+04 1.5707963268e+00 -1.4946016237e+00
1.1642335628e-04 1.5011376418e+04 1.5707963268e+00 -1.4973613092e+00
1.1664241834e-04 1.5015925433e+04 1.5707963268e+00 -1.5001193264e+00
1.1686138453e-04 1.5020487433e+04 1.5707963268e+00 -1.5028756720e+00
1.1708025470e-04 1.5025062435e+04 1.5707963268e+00 -1.5056303429e+00
1.1729902875e-04 1.5029650460e+04 1.5707963268e+00 -1.5083833356e+00
1.1751770653e-04 1.5034251526e+04 1.5707963268e+00 -1.5111346471e+00
1.1773628791e-04 1.5038865652e+04 1.5707963268e+00 -1.5138842741e+00
1.1795477276e-04 1.5043492856e+04 1.5707963268e+00 -1.5166322132e+00
1.1817316097e-04 1.5048133157e+04 1.5707963268e+00 -1.5193784614e+00
1.1839145239e-04 1.5052786575e+04 1.5707963268e+00 -1.5221230154e+00
1.1860964690e-04 1.5057453127e+04 1.5707963268e+00 -1.5248658720e+00
1.1882774437e-04 1.5062132833e+04 1.5707963268e+00 -1.5276070279e+00
1.1904574468e-04 1.5066825712e+04 1.5707963268e+00 -1.5303464799e+00
1.1926364769e-04 1.5071531782e+04 1.5707963268e+00 -1.5330842249e+00
1.1948145329e-04 1.5076251062e+04 1.5707963268e+00 -1.5358202597e+00
1.1969916136e-04 1.5080983570e+04 1.5707963268e+00 -1.5385545810e+00
1.1991677175e-04 1.5085729327e+04 1.5707963268e+00 -1.5412871857e+00
1.2013428435e-04 1.5090488349e+04 1.5707963268e+00 -1.5440180706e+00
1.2035169904e-04 1.5095260656e+04 1.5707963268e+00 -1.5467472324e+00
1.2056901570e-04 1.5100046267e+04 1.5707963268e+00 -1.5494746681e+00
1.2078623419e-04 1.5104845200e+04 1.5707963268e+00 -1.5522003745e+00
1.2100335440e-04 1.5109657474e+04 1.5707963268e+00 -1.5549243483e+00
1.2122037621e-04 1.5114483107e+04 1.5707963268e+00 -1.5576465865e+00
1.2143729949e-04 1.5119322119e+04 1.5707963268e+00 -1.5603670858e+00
1.2165412413e-04 1.5124174528e+04 1.5707963268e+00 -1.5630858432e+00
1.2187085001e-04 1.5129040352e+04 1.5707963268e+00 -1.5658028555e+00
1.2208747700e-04 1.5133919610e+04 1.5707963268e+00 -1.5685181195e+00
1.2230400499e-04 1.5138812321e+04 1.5707963268e+00 -1.5712316321e+00
1.2252043385e-04 1.5143718504e+04 1.5707963268e+00 -1.5739433901e+00
1.2273676348e-04 1.5148638176e+04 1.5707963268e+00 -1.5766533905e+00
1.2295299375e-04 1.5153571357e+04 1.5707963268e+00 -1.5793616302e+00
1.2316912455e-04 1.5158518065e+04 1.5707963268e+00 -1.5820681059e+00
1.2338515576e-04 1.5163478318e+04 1.5707963268e+00 -1.5847728147e+00
1.2360108727e-04 1.5168452135e+04 1.5707963268e+00 -1.5874757534e+00
1.2381691895e-04 1.5173439535e+04 1.5707963268e+00 -1.5901769188e+00
1.2403265070e-04 1.5178440536e+04 1.5707963268e+00 -1.5928763080e+00
1.2424828240e-04 1.5183455156e+04 1.5707963268e+00 -1.5955739178e+00
1.2446381394e-04 1.5188483415e+04 1.5707963268e+00 -1.5982697452e+00
1.2467924521e-04 1.5193525330e+04 1.5707963268e+00 -1.6009637869e+00
1.2489457609e-04 1.5198580919e+04 1.5707963268e+00 -1.6036560401e+00
1.2510980647e-04 1.5203650202e+04 1.5707963268e+00 -1.6063465017e+00
1.2532493623e-04 1.5208733196e+04 1.5707963268e+00 -1.6090351684e+00
1.2553996528e-04 1.5213829921e+04 1.5707963268e+00 -1.6117220374e+00
1.2575489350e-04 1.5218940394e+04 1.5707963268e+00 -1.6144071056e+00
1.2596972078e-04 1.5224064633e+04 1.5707963268e+00 -1.6170903698e+00
1.2618444701e-04 1.5229202657e+04 1.5707963268e+00 -1.6197718272e+00
1.2639907208e-04 1.5234354485e+04 1.5707963268e+00 -1.6224514746e+00
1.2661359588e-04 1.5239520134e+04 1.5707963268e+00 -1.6251293090e+00
1.2682801831e-04 1.5244699623e+04 1.5707963268e+00 -1.6278053275e+00
1.2704233926e-04 1.5249892970e+04 1.5707963268e+00 -1.6304795269e+00
1.2725655863e-04 1.5255100193e+04 1.5707963268e+00 -1.6331519043e+00
1.2747067630e-04 1.5260321311e+04 1.5707963268e+00 -1.6358224567e+00
1.2768469218e-04 1.5265556341e+04 1.5707963268e+00 -1.6384911811e+00
1.2789860615e-04 1.5270805302e+04 1.5707963268e+00 -1.6411580744e+00
1.2811241812e-04 1.5276068212e+04 1.5707963268e+00 -1.6438231338e+00
1.2832612798e-04 1.5281345089e+04 1.5707963268e+00 -1.6464863563e+00
1.2853973563e-04 1.5286635951e+04 1.5707963268e+00 -1.6491477387e+00
1.2875324097e-04 1.5291940816e+04 1.5707963268e+00 -1.6518072783e+00
1.2896664389e-04 1.5297259702e+04 1.5707963268e+00 -1.6544649721e+00
1.2917994430e-04 1.5302592628e+04 1.5707963268e+00 -1.6571208170e+00
1.2939314208e-04 1.5307939611e+04 1.5707963268e+00 -1.6597748101e+00
1.2960623715e-04 1.5313300669e+04 1.5707963268e+00 -1.6624269486e+00
1.2981922941e-04 1.5318675820e+04 1.5707963268e+00 -1.6650772294e+00
1.3003211875e-04 1.5324065083e+04 1.5707963268e+00 -1.6677256496e+00
1.3024490508e-04 1.5329468474e+04 1.5707963268e+00 -1.6703722064e+00
1.3045758829e-04 1.5334886012e+04 1.5707963268e+00 -1.6730168968e+00
1.3067016830e-04 1.5340317715e+04 1.5707963268e+00 -1.6756597179e+00
1.3088264500e-04 1.5345763601e+04 1.5707963268e+00 -1.6783006667e+00
1.3109501831e-04 1.5351223687e+04 1.5707963268e+00 -1.6809397405e+00
1.3130728812e-04 1.5356697991e+04 1.5707963268e+00 -1.6835769363e+00
1.3151945434e-04 1.5362186531e+04 1.5707963268e+00 -1.6862122512e+00
1.3173151687e-04 1.5367689325e+04 1.5707963268e+00 -1.6888456824e+00
1.3194347563e-04 1.5373206390e+04 1.5707963268e+00 -1.6914772270e+00
1.3215533051e-04 1.5378737745e+04 1.5707963268e+00 -1.6941068821e+00
1.3236708144e-04 1.5384283405e+04 1.5707963268e+00 -1.6967346448e+00
1.3257872830e-04 1.5389843391e+04 1.5707963268e+00 -1.6993605124e+00
1.3279027103e-04 1.5395417718e+04 1.5707963268e+00 -1.7019844820e+00
1.3300170951e-04 1.5401006404e+04 1.5707963268e+00 -1.7046065508e+00
1.3321304367e-04 1.5406609468e+04 1.5707963268e+00 -1.7072267158e+00
1.3342427341e-04 1.5412226926e+04 1.5707963268e+00 -1.7098449744e+00
1.3363539865e-04 1.5417858796e+04 1.5707963268e+00 -1.7124613237e+00
1.3384641929e-04 1.5423505095e+04 1.5707963268e+00 -1.7150757608e+00
1.3405733526e-04 1.5429165842e+04 1.5707963268e+00 -1.7176882831e+00
1.3426814645e-04 1.5434841052e+04 1.5707963268e+00 -1.7202988876e+00
1.3447885280e-04 1.5440530744e+04 1.5707963268e+00 -1.7229075717e+00
1.3468945420e-04 1.5446234936e+04 1.5707963268e+00 -1.7255143325e+00
1.3489995057e-04 1.5451953643e+04 1.5707963268e+00 -1.7281191673e+00
1.3511034184e-04 1.5457686884e+04 1.5707963268e+00 -1.7307220733e+00
1.3532062791e-04 1.5463434676e+04 1.5707963268e+00 -1.7333230477e+00
1.3553080871e-04 1.5469197035e+04 1.5707963268e+00 -1.7359220878e+00
1.3574088414e-04 1.5474973980e+04 1.5707963268e+00 -1.7385191910e+00
1.3595085414e-04 1.5480765527e+04 1.5707963268e+00 -1.7411143543e+00
1.3616071860e-04 1.5486571694e+04 1.5707963268e+00 -1.7437075751e+00
1.3637047747e-04 1.5492392497e+04 1.5707963268e+00 -1.7462988508e+00
1.3658013064e-04 1.5498227953e+04 1.5707963268e+00 -1.7488881785e+00
1.3678967806e-04 1.5504078080e+04 1.5707963268e+00 -1.7514755556e+00
1.3699911962e-04 1.5509942895e+04 1.5707963268e+00 -1.7540609794e+00
1.3720845527e-04 1.5515822414e+04 1.5707963268e+00 -1.7566444471e+00
1.3741768491e-04 1.5521716654e+04 1.5707963268e+00 -1.7592259562e+00
1.3762680847e-04 1.5527625633e+04 1.5707963268e+00 -1.7618055040e+00
1.3783582588e-04 1.5533549367e+04 1.5707963268e+00 -1.7643830877e+00
1.3804473705e-04 1.5539487872e+04 1.5707963268e+00 -1.7669587047e+00
1.3825354192e-04 1.5545441167e+04 1.5707963268e+00 -1.7695323524e+00
1.3846224041e-04 1.5551409266e+04 1.5707963268e+00 -1.7721040281e+00
1.3867083244e-04 1.5557392188e+04 1.5707963268e+00 -1.7746737293e+00
1.3887931793e-04 1.5563389949e+04 1.5707963268e+00 -1.7772414532e+00
1.3908769683e-04 1.5569402565e+04 1.5707963268e+00 -1.7798071972e+00
1.3929596904e-04 1.5575430053e+04 1.5707963268e+00 -1.7823709588e+00
1.3950413451e-04 1.5581472430e+04 1.5707963268e+00 -1.7849327354e+00
1.3971219316e-04 1.5587529712e+04 1.5707963268e+00 -1.7874925243e+00
1.3992014492e-04 1.5593601915e+04 1.5707963268e+00 -1.7900503230e+00
1.4012798972e-04 1.5599689056e+04 1.5707963268e+00 -1.7926061289e+00
1.4033572749e-04 1.5605791152e+04 1.5707963268e+00 -1.7951599394e+00
1.4054335816e-04 1.5611908219e+04 1.5707963268e+00 -1.7977117520e+00
1.4075088166e-04 1.5618040273e+04 1.5707963268e+00 -1.8002615640e+00
1.4095829793e-04 1.5624187330e+04 1.5707963268e+00 -1.8028093731e+00
1.4116560689e-04 1.5630349406e+04 1.5707963268e+00 -1.8053551765e+00
1.4137280849e-04 1.5636526519e+04 1.5707963268e+00 -1.8078989719e+00
1.4157990265e-04 1.5642718684e+04 1.5707963268e+00 -1.8104407567e+00
1.4178688932e-04 1.5648925917e+04 1.5707963268e+00 -1.8129805283e+00
1.4199376842e-04 1.5655148234e+04 1.5707963268e+00 -1.8155182843e+00
1.4220053989e-04 1.5661385651e+04 1.5707963268e+00 -1.8180540222e+00
1.4240720367e-04 1.5667638185e+04 1.5707963268e+00 -1.8205877395e+00
1.4261375970e-04 1.5673905851e+04 1.5707963268e+00 -1.8231194337e+00
1.4282020791e-04 1.5680188665e+04 1.5707963268e+00 -1.8256491023e+00
1.4302654824e-04 1.5686486644e+04 1.5707963268e+00 -1.8281767430e+00
1.4323278063e-04 1.5692799802e+04 1.5707963268e+00 -1.8307023531e+00
1.4343890503e-04 1.5699128157e+04 1.5707963268e+00 -1.8332259304e+00
1.4364492137e-04 1.5705471722e+04 1.5707963268e+00 -1.8357474723e+00
1.4385082958e-04 1.5711830515e+04 1.5707963268e+00 -1.8382669764e+00
1.4405662963e-04 1.5718204551e+04 1.5707963268e+00 -1.8407844404e+00
1.4426232144e-04 1.5724593846e+04 1.5707963268e+00 -1.8432998618e+00
1.4446790496e-04 1.5730998414e+04 1.5707963268e+00 -1.8458132382e+00
1.4467338013e-04 1.5737418273e+04 1.5707963268e+00 -1.8483245672e+00
1.4487874689e-04 1.5743853436e+04 1.5707963268e+00 -1.8508338465e+00
1.4508400520e-04 1.5750303921e+04 1.5707963268e+00 -1.8533410736e+00
1.4528915500e-04 1.5756769741e+04 1.5707963268e+00 -1.8558462462e+00
1.4549419623e-04 1.5763250913e+04 1.5707963268e+00 -1.8583493620e+00
1.4569912883e-04 1.5769747451e+04 1.5707963268e+00 -1.8608504186e+00
1.4590395277e-04 1.5776259372e+04 1.5707963268e+00 -1.8633494137e+00
1.4610866797e-04 1.5782786690e+04 1.5707963268e+00 -1.8658463449e+00
1.4631327440e-04 1.5789329420e+04 1.5707963268e+00 -1.8683412099e+00
1.4651777200e-04 1.5795887578e+04 1.5707963268e+00 -1.8708340064e+00
1.4672216073e-04 1.5802461178e+04 1.5707963268e+00 -1.8733247322e+00
1.4692644052e-04 1.5809050237e+04 1.5707963268e+00 -1.8758133849e+00
1.4713061133e-04 1.5815654768e+04 1.5707963268e+00 -1.8782999622e+00
1.4733467312e-04 1.5822274787e+04 1.5707963268e+00 -1.8807844619e+00
1.4753862584e-04 1.5828910308e+04 1.5707963268e+00 -1.8832668817e+00
1.4774246943e-04 1.5835561347e+04 1.5707963268e+00 -1.8857472193e+00
1.4794620385e-04 1.5842227918e+04 1.5707963268e+00 -1.8882254726e+00
1.4814982906e-04 1.5848910036e+04 1.5707963268e+00 -1.8907016392e+00
1.4835334501e-04 1.5855607716e+04 1.5707963268e+00 -1.8931757170e+00
1.4855675166e-04 1.5862320973e+04 1.5707963268e+00 -1.8956477037e+00
1.4876004896e-04 1.5869049820e+04 1.5707963268e+00 -1.8981175972e+00
1.4896323686e-04 1.5875794273e+04 1.5707963268e+00 -1.9005853951e+00
1.4916631533e-04 1.5882554346e+04 1.5707963268e+00 -1.9030510954e+00
1.4936928432e-04 1.5889330054e+04 1.5707963268e+00 -1.9055146959e+00
1.4957214380e-04 1.5896121411e+04 1.5707963268e+00 -1.9079761944e+00
1.4977489371e-04 1.5902928431e+04 1.5707963268e+00 -1.9104355886e+00
1.4997753402e-04 1.5909751129e+04 1.5707963268e+00 -1.9128928766e+00
1.5018006470e-04 1.5916589519e+04 1.5707963268e+00 -1.9153480561e+00
1.5038248569e-04 1.5923443615e+04 1.5707963268e+00 -1.9178011250e+00
1.5058479696e-04 1.5930313431e+04 1.5707963268e+00 -1.9202520813e+00
1.5078699848e-04 1.5937198982e+04 1.5707963268e+00 -1.9227009226e+00
1.5098909021e-04 1.5944100282e+04 1.5707963268e+00 -1.9251476471e+00
1.5119107210e-04 1.5951017344e+04 1.5707963268e+00 -1.9275922526e+00
1.5139294413e-04 1.5957950182e+04 1.5707963268e+00 -1.9300347369e+00
1.5159470625e-04 1.5964898811e+04 1.5707963268e+00 -1.9324750981e+00
1.5179635844e-04 1.5971863245e+04 1.5707963268e+00 -1.9349133340e+00
1.5199790066e-04 1.5978843496e+04 1.5707963268e+00 -1.9373494427e+00
1.5219933287e-04 1.5985839579e+04 1.5707963268e+00 -1.9397834221e+00
1.5240065505e-04 1.5992851508e+04 1.5707963268e+00 -1.9422152701e+00
1.5260186715e-04 1.5999879296e+04 1.5707963268e+00 -1.9446449847e+00
1.5280296916e-04 1.6006922957e+04 1.5707963268e+00 -1.9470725639e+00
1.5300396103e-04 1.6013982504e+04 1.5707963268e+00 -1.9494980057e+00
1.5320484273e-04 1.6021057951e+04 1.5707963268e+00 -1.9519213081e+00
1.5340561425e-04 1.6028149311e+04 1.5707963268e+00 -1.9543424692e+00
1.5360627553e-04 1.6035256598e+04 1.5707963268e+00 -1.9567614869e+00
1.5380682657e-04 1.6042379824e+04 1.5707963268e+00 -1.9591783593e+00
1.5400726733e-04 1.6049519004e+04 1.5707963268e+00 -1.9615930844e+00
1.5420759778e-04 1.6056674150e+04 1.5707963268e+00 -1.9640056604e+00
1.5440781790e-04 1.6063845276e+04 1.5707963268e+00 -1.9664160852e+00
1.5460792765e-04 1.6071032394e+04 1.5707963268e+00 -1.9688243569e+00
1.5480792702e-04 1.6078235518e+04 1.5707963268e+00 -1.9712304737e+00
1.5500781598e-04 1.6085454661e+04 1.5707963268e+00 -1.9736344336e+00
1.5520759450e-04 1.6092689835e+04 1.5707963268e+00 -1.9760362348e+00
1.5540726256e-04 1.6099941054e+04 1.5707963268e+00 -1.9784358753e+00
1.5560682014e-04 1.6107208330e+04 1.5707963268e+00 -1.9808333533e+00
1.5580626722e-04 1.6114491676e+04 1.5707963268e+00 -1.9832286669e+00
1.5600560377e-04 1.6121791105e+04 1.5707963268e+00 -1.9856218143e+00
1.5620482976e-04 1.6129106629e+04 1.5707963268e+00 -1.9880127936e+00
1.5640394519e-04 1.6136438262e+04 1.5707963268e+00 -1.9904016031e+00
1.5660295003e-04 1.6143786014e+04 1.5707963268e+00 -1.9927882408e+00
1.5680184426e-04 1.6151149900e+04 1.5707963268e+00 -1.9951727050e+00
1.5700062786e-04 1.6158529931e+04 1.5707963268e+00 -1.9975549940e+00
1.5719930082e-04 1.6165926120e+04 1.5707963268e+00 -1.9999351058e+00
1.5739786311e-04 1.6173338479e+04 1.5707963268e+00 -2.0023130387e+00
1.5759631472e-04 1.6180767021e+04 1.5707963268e+00 -2.0046887909e+00
1.5779465563e-04 1.6188211756e+04 1.5707963268e+00 -2.0070623608e+00
1.5799288583e-04 1.6195672699e+04 1.5707963268e+00 -2.0094337465e+00
1.5819100530e-04 1.6203149860e+04 1.5707963268e+00 -2.0118029464e+00
1.5838901402e-04 1.6210643252e+04 1.5707963268e+00 -2.0141699586e+00
1.5858691199e-04 1.6218152886e+04 1.5707963268e+00 -2.0165347815e+00
1.5878469919e-04 1.6225678775e+04 1.5707963268e+00 -2.0188974134e+00
1.5898237560e-04 1.6233220930e+04 1.5707963268e+00 -2.0212578526e+00
1.5917994121e-04 1.6240779363e+04 1.5707963268e+00 -2.0236160973e+00
1.5937739602e-04 1.6248354086e+04 1.5707963268e+00 -2.0259721460e+00
1.5957474000e-04 1.6255945110e+04 1.5707963268e+00 -2.0283259970e+00
1.5977197316e-04 1.6263552448e+04 1.5707963268e+00 -2.0306776486e+00
1.5996909547e-04 1.6271176109e+04 1.5707963268e+00 -2.0330270992e+00
1.6016610694e-04 1.6278816107e+04 1.5707963268e+00 -2.0353743471e+00
1.6036300754e-04 1.6286472452e+04 1.5707963268e+00 -2.0377193908e+00
1.6055979729e-04 1.6294145156e+04 1.5707963268e+00 -2.0400622286e+00
1.6075647615e-04 1.6301834230e+04 1.5707963268e+00 -2.0424028589e+00
1.6095304414e-04 1.6309539685e+04 1.5707963268e+00 -2.0447412802e+00
1.6114950124e-04 1.6317261532e+04 1.5707963268e+00 -2.0470774909e+00
1.6134584744e-04 1.6324999783e+04 1.5707963268e+00 -2.0494114893e+00
1.6154208275e-04 1.6332754448e+04 1.5707963268e+00 -2.0517432741e+00
1.6173820716e-04 1.6340525539e+04 1.5707963268e+00 -2.0540728436e+00
1.6193422066e-04 1.6348313065e+04 1.5707963268e+00 -2.0564001962e+00
1.6213012325e-04 1.6356117039e+04 1.5707963268e+00 -2.0587253305e+00
1.6232591492e-04 1.6363937471e+04 1.5707963268e+00 -2.0610482450e+00
1.6252159568e-04 1.6371774372e+04 1.5707963268e+00 -2.0633689382e+00
1.6271716553e-04 1.6379627751e+04 1.5707963268e+00 -2.0656874085e+00
1.6291262445e-04 1.6387497621e+04 1.5707963268e+00 -2.0680036546e+00
1.6310797246e-04 1.6395383991e+04 1.5707963268e+00 -2.0703176749e+00
1.6330320955e-04 1.6403286871e+04 1.5707963268e+00 -2.0726294679e+00
1.6349833572e-04 1.6411206273e+04 1.5707963268e+00 -2.0749390324e+00
1.6369335098e-04 1.6419142206e+04 1.5707963268e+00 -2.0772463667e+00
1.6388825532e-04 1.6427094682e+04 1.5707963268e+00 -2.0795514695e+00
1.6408304875e-04 1.6435063709e+04 1.5707963268e+00 -2.0818543394e+00
1.6427773126e-04 1.6443049298e+04 1.5707963268e+00 -2.0841549750e+00
1.6447230288e-04 1.6451051459e+04 1.5707963268e+00 -2.0864533749e+00
1.6466676359e-04 1.6459070203e+04 1.5707963268e+00 -2.0887495377e+00
1.6486111341e-04 1.6467105538e+04 1.5707963268e+00 -2.0910434621e+00
1.6505535233e-04 1.6475157476e+04 1.5707963268e+00 -2.0933351467e+00
1.6524948037e-04 1.6483226025e+04 1.5707963268e+00 -2.0956245902e+00
1.6544349753e-04 1.6491311196e+04 1.5707963268e+00 -2.0979117912e+00
1.6563740382e-04 1.6499412998e+04 1.5707963268e+00 -2.1001967484e+00
1.6583119925e-04 1.6507531440e+04 1.5707963268e+00 -2.1024794605e+00
1.6602488382e-04 1.6515666533e+04 1.5707963268e+00 -2.1047599262e+00
1.6621845754e-04 1.6523818286e+04 1.5707963268e+00 -2.1070381443e+00
1.6641192042e-04 1.6531986708e+04 1.5707963268e+00 -2.1093141133e+00
1.6660527248e-04 1.6540171809e+04 1.5707963268e+00 -2.1115878322e+00
1.6679851371e-04 1.6548373597e+04 1.5707963268e+00 -2.1138592996e+00
1.6699164414e-04 1.6556592083e+04 1.5707963268e+00 -2.1161285143e+00
1.6718466378e-04 1.6564827274e+04 1.5707963268e+00 -2.1183954751e+00
1.6737757263e-04 1.6573079181e+04 1.5707963268e+00 -2.1206601807e+00
1.6757037071e-04 1.6581347812e+04 1.5707963268e+00 -2.1229226299e+00
1.6776305804e-04 1.6589633176e+04 1.5707963268e+00 -2.1251828216e+00
1.6795563462e-04 1.6597935282e+04 1.5707963268e+00 -2.1274407546e+00
1.6814810047e-04 1.6606254139e+04 1.5707963268e+00 -2.1296964276e+00
1.6834045561e-04 1.6614589756e+04 1.5707963268e+00 -2.1319498395e+00
1.6853270005e-04 1.6622942141e+04 1.5707963268e+00 -2.1342009892e+00
1.6872483380e-04 1.6631311303e+04 1.5707963268e+00 -2.1364498756e+00
1.6891685689e-04 1.6639697250e+04 1.5707963268e+00 -2.1386964974e+00
1.6910876934e-04 1.6648099991e+04 1.5707963268e+00 -2.1409408537e+00
1.6930057115e-04 1.6656519534e+04 1.5707963268e+00 -2.1431829432e+00
1.6949226234e-04 1.6664955888e+04 1.5707963268e+00 -2.1454227649e+00
1.6968384295e-04 1.6673409060e+04 1.5707963268e+00 -2.1476603177e+00
1.6987531297e-04 1.6681879060e+04 1.5707963268e+00 -2.1498956005e+00
1.7006667245e-04 1.6690365895e+04 1.5707963268e+00 -2.1521286124e+00
1.7025792138e-04 1.6698869573e+04 1.5707963268e+00 -2.1543593521e+00
1.7044905981e-04 1.6707390102e+04 1.5707963268e+00 -2.1565878188e+00
1.7064008774e-04 1.6715927490e+04 1.5707963268e+00 -2.1588140113e+00
1.7083100520e-04 1.6724481745e+04 1.5707963268e+00 -2.1610379287e+00
1.7102181222e-04 1.6733052875e+04 1.5707963268e+00 -2.1632595699e+00
1.7121250881e-04 1.6741640887e+04 1.5707963268e+00 -2.1654789340e+00
1.7140309500e-04 1.6750245789e+04 1.5707963268e+00 -2.1676960200e+00
1.7159357081e-04 1.6758867588e+04 1.5707963268e+00 -2.1699108268e+00
1.7178393627e-04 1.6767506293e+04 1.5707963268e+00 -2.1721233537e+00
1.7197419140e-04 1.6776161911e+04 1.5707963268e+00 -2.1743335996e+00
1.7216433624e-04 1.6784834448e+04 1.5707963268e+00 -2.1765415635e+00
1.7235437079e-04 1.6793523912e+04 1.5707963268e+00 -2.1787472446e+00
1.7254429510e-04 1.6802230311e+04 1.5707963268e+00 -2.1809506419e+00
1.7273410919e-04 1.6810953651e+04 1.5707963268e+00 -2.1831517547e+00
1.7292381309e-04 1.6819693940e+04 1.5707963268e+00 -2.1853505818e+00
1.7311340682e-04 1.6828451184e+04 1.5707963268e+00 -2.1875471226e+00
1.7330289042e-04 1.6837225391e+04 1.5707963268e+00 -2.1897413760e+00
1.7349226391e-04 1.6846016567e+04 1.5707963268e+00 -2.1919333414e+00
1.7368152733e-04 1.6854824720e+04 1.5707963268e+00 -2.1941230178e+00
1.7387068070e-04 1.6863649855e+04 1.5707963268e+00 -2.1963104044e+00
1.7405972405e-04 1.6872491980e+04 1.5707963268e+00 -2.1984955003e+00
1.7424865743e-04 1.6881351101e+04 1.5707963268e+00 -2.2006783048e+00
1.7443748085e-04 1.6890227224e+04 1.5707963268e+00 -2.2028588172e+00
1.7462619435e-04 1.6899120357e+04 1.5707963268e+00 -2.2050370365e+00
1.7481479797e-04 1.6908030505e+04 1.5707963268e+00 -2.2072129620e+00
1.7500329174e-04 1.6916957675e+04 1.5707963268e+00 -2.2093865930e+00
1.7519167569e-04 1.6925901873e+04 1.5707963268e+00 -2.2115579287e+00
1.7537994986e-04 1.6934863105e+04 1.5707963268e+00 -2.2137269684e+00
1.7556811428e-04 1.6943841377e+04 1.5707963268e+00 -2.2158937114e+00
1.7575616898e-04 1.6952836695e+04 1.5707963268e+00 -2.2180581569e+00
1.7594411401e-04 1.6961849066e+04 1.5707963268e+00 -2.2202203042e+00
1.7613194940e-04 1.6970878494e+04 1.5707963268e+00 -2.2223801526e+00
1.7631967519e-04 1.6979924987e+04 1.5707963268e+00 -2.2245377016e+00
1.7650729142e-04 1.6988988549e+04 1.5707963268e+00 -2.2266929503e+00
1.7669479811e-04 1.6998069186e+04 1.5707963268e+00 -2.2288458981e+00
1.7688219532e-04 1.7007166903e+04 1.5707963268e+00 -2.2309965445e+00
1.7706948308e-04 1.7016281707e+04 1.5707963268e+00 -2.2331448887e+00
1.7725666143e-04 1.7025413603e+04 1.5707963268e+00 -2.2352909301e+00
1.7744373041e-04 1.7034562596e+04 1.5707963268e+00 -2.2374346682e+00
1.7763069006e-04 1.7043728691e+04 1.5707963268e+00 -2.2395761023e+00
1.7781754043e-04 1.7052911894e+04 1.5707963268e+00 -2.2417152319e+00
1.7800428154e-04 1.7062112209e+04 1.5707963268e+00 -2.2438520563e+00
1.7819091346e-04 1.7071329642e+04 1.5707963268e+00 -2.2459865750e+00
1.7837743621e-04 1.7080564198e+04 1.5707963268e+00 -2.2481187874e+00
1.7856384984e-04 1.7089815882e+04 1.5707963268e+00 -2.2502486931e+00
1.7875015439e-04 1.7099084699e+04 1.5707963268e+00 -2.2523762914e+00
1.7893634992e-04 1.7108370652e+04 1.5707963268e+00 -2.2545015819e+00
1.7912243646e-04 1.7117673748e+04 1.5707963268e+00 -2.2566245640e+00
1.7930841405e-04 1.7126993991e+04 1.5707963268e+00 -2.2587452373e+00
1.7949428275e-04 1.7136331384e+04 1.5707963268e+00 -2.2608636012e+00
1.7968004260e-04 1.7145685934e+04 1.5707963268e+00 -2.2629796554e+00
1.7986569364e-04 1.7155057644e+04 1.5707963268e+00 -2.2650933993e+00
1.8005123593e-04 1.7164446518e+04 1.5707963268e+00 -2.2672048324e+00
1.8023666950e-04 1.7173852562e+04 1.5707963268e+00 -2.2693139544e+00
1.8042199441e-04 1.7183275778e+04 1.5707963268e+00 -2.2714207649e+00
1.8060721071e-04 1.7192716172e+04 1.5707963268e+00 -2.2735252633e+00
1.8079231844e-04 1.7202173747e+04 1.5707963268e+00 -2.2756274494e+00
1.8097731765e-04 1.7211648507e+04 1.5707963268e+00 -2.2777273226e+00
1.8116220839e-04 1.7221140456e+04 1.5707963268e+00 -2.2798248827e+00
1.8134699072e-04 1.7230649598e+04 1.5707963268e+00 -2.2819201292e+00
1.8153166468e-04 1.7240175937e+04 1.5707963268e+00 -2.2840130619e+00
1.8171623032e-04 1.7249719476e+04 1.5707963268e+00 -2.2861036803e+00
1.8190068770e-04 1.7259280220e+04 1.5707963268e+00 -2.2881919841e+00
1.8208503687e-04 1.7268858171e+04 1.5707963268e+00 -2.2902779730e+00
1.8226927787e-04 1.7278453333e+04 1.5707963268e+00 -2.2923616467e+00
1.8245341077e-04 1.7288065710e+04 1.5707963268e+00 -2.2944430048e+00
1.8263743561e-04 1.7297695305e+04 1.5707963268e+00 -2.2965220472e+00
1.8282135245e-04 1.7307342121e+04 1.5707963268e+00 -2.2985987735e+00
1.8300516134e-04 1.7317006161e+04 1.5707963268e+00 -2.3006731834e+00
1.8318886234e-04 1.7326687429e+04 1.5707963268e+00 -2.3027452767e+00
1.8337245550e-04 1.7336385927e+04 1.5707963268e+00 -2.3048150531e+00
1.8355594088e-04 1.7346101658e+04 1.5707963268e+00 -2.3068825125e+00
1.8373931853e-04 1.7355834626e+04 1.5707963268e+00 -2.3089476545e+00
1.8392258851e-04 1.7365584833e+04 1.5707963268e+00 -2.3110104791e+00
1.8410575087e-04 1.7375352282e+04 1.5707963268e+00 -2.3130709859e+00
1.8428880568e-04 1.7385136976e+04 1.5707963268e+00 -2.3151291748e+00
1.8447175299e-04 1.7394938916e+04 1.5707963268e+00 -2.3171850456e+00
1.8465459286e-04 1.7404758107e+04 1.5707963268e+00 -2.3192385982e+00
1.8483732534e-04 1.7414594549e+04 1.5707963268e+00 -2.3212898324e+00
1.8501995050e-04 1.7424448247e+04 1.5707963268e+00 -2.3233387480e+00
1.8520246840e-04 1.7434319201e+04 1.5707963268e+00 -2.3253853450e+00
1.8538487909e-04 1.7444207414e+04 1.5707963268e+00 -2.3274296232e+00
1.8556718263e-04 1.7454112889e+04 1.5707963268e+00 -2.3294715824e+00
1.8574937909e-04 1.7464035627e+04 1.5707963268e+00 -2.3315112227e+00
1.8593146852e-04 1.7473975630e+04 1.5707963268e+00 -2.3335485439e+00
1.8611345099e-04 1.7483932901e+04 1.5707963268e+00 -2.3355835459e+00
1.8629532656e-04 1.7493907441e+04 1.5707963268e+00 -2.3376162286e+00
1.8647709529e-04 1.7503899252e+04 1.5707963268e+00 -2.3396465921e+00
1.8665875725e-04 1.7513908336e+04 1.5707963268e+00 -2.3416746363e+00
1.8684031249e-04 1.7523934694e+04 1.5707963268e+00 -2.3437003611e+00
1.8702176107e-04 1.7533978329e+04 1.5707963268e+00 -2.3457237666e+00
1.8720310308e-04 1.7544039241e+04 1.5707963268e+00 -2.3477448527e+00
1.8738433856e-04 1.7554117432e+04 1.5707963268e+00 -2.3497636193e+00
1.8756546758e-04 1.7564212903e+04 1.5707963268e+00 -2.3517800667e+00
1.8774649021e-04 1.7574325656e+04 1.5707963268e+00 -2.3537941947e+00
1.8792740651e-04 1.7584455692e+04 1.5707963268e+00 -2.3558060033e+00
1.8810821654e-04 1.7594603012e+04 1.5707963268e+00 -2.3578154928e+00
1.8828892038e-04 1.7604767618e+04 1.5707963268e+00 -2.3598226630e+00
1.8846951810e-04 1.7614949509e+04 1.5707963268e+00 -2.3618275141e+00
1.8865000974e-04 1.7625148688e+04 1.5707963268e+00 -2.3638300461e+00
1.8883039540e-04 1.7635365154e+04 1.5707963268e+00 -2.3658302592e+00
1.8901067512e-04 1.7645598909e+04 1.5707963268e+00 -2.3678281534e+00
1.8919084899e-04 1.7655849954e+04 1.5707963268e+00 -2.3698237289e+00
1.8937091706e-04 1.7666118289e+04 1.5707963268e+00 -2.3718169857e+00
1.8955087941e-04 1.7676403914e+04 1.5707963268e+00 -2.3738079241e+00
1.8973073611e-04 1.7686706831e+04 1.5707963268e+00 -2.3757965441e+00
1.8991048722e-04 1.7697027040e+04 1.5707963268e+00 -2.3777828460e+00
1.9009013282e-04 1.7707364540e+04 1.5707963268e+00 -2.3797668298e+00
1.9026967297e-04 1.7717719333e+04 1.5707963268e+00 -2.3817484958e+00
1.9044910775e-04 1.7728091418e+04 1.5707963268e+00 -2.3837278441e+00
1.9062843723e-04 1.7738480796e+04 1.5707963268e+00 -2.3857048750e+00
1.9080766148e-04 1.7748887467e+04 1.5707963268e+00 -2.3876795887e+00
1.9098678057e-04 1.7759311430e+04 1.5707963268e+00 -2.3896519853e+00
1.9116579457e-04 1.7769752686e+04 1.5707963268e+00 -2.3916220651e+00
1.9134470356e-04 1.7780211235e+04 1.5707963268e+00 -2.3935898284e+00
1.9152350760e-04 1.7790687076e+04 1.5707963268e+00 -2.3955552754e+00
1.9170220678e-04 1.7801180209e+04 1.5707963268e+00 -2.3975184064e+00
1.9188080116e-04 1.7811690634e+04 1.5707963268e+00 -2.3994792216e+00
1.9205929082e-04 1.7822218350e+04 1.5707963268e+00 -2.4014377214e+00
1.9223767583e-04 1.7832763357e+04 1.5707963268e+00 -2.4033939060e+00
1.9241595627e-04 1.7843325654e+04 1.5707963268e+00 -2.4053477757e+00
1.9259413221e-04 1.7853905240e+04 1.5707963268e+00 -2.4072993309e+00
1.9277220373e-04 1.7864502116e+04 1.5707963268e+00 -2.4092485719e+00
1.9295017090e-04 1.7875116279e+04 1.5707963268e+00 -2.4111954990e+00
1.9312803381e-04 1.7885747730e+04 1.5707963268e+00 -2.4131401126e+00
1.9330579251e-04 1.7896396467e+04 1.5707963268e+00 -2.4150824130e+00
1.9348344710e-04 1.7907062490e+04 1.5707963268e+00 -2.4170224006e+00
1.9366099765e-04 1.7917745797e+04 1.5707963268e+00 -2.4189600758e+00
1.9383844424e-04 1.7928446387e+04 1.5707963268e+00 -2.4208954390e+00
1.9401578694e-04 1.7939164259e+04 1.5707963268e+00 -2.4228284905e+00
1.9419302583e-04 1.7949899412e+04 1.5707963268e+00 -2.4247592309e+00
1.9437016099e-04 1.7960651844e+04 1.5707963268e+00 -2.4266876604e+00
1.9454719251e-04 1.7971421553e+04 1.5707963268e+00 -2.4286137796e+00
1.9472412045e-04 1.7982208540e+04 1.5707963268e+00 -2.4305375889e+00
1.9490094489e-04 1.7993012801e+04 1.5707963268e+00 -2.4324590887e+00
1.9507766593e-04 1.8003834336e+04 1.5707963268e+00 -2.4343782796e+00
1.9525428363e-04 1.8014673142e+04 1.5707963268e+00 -2.4362951619e+00
1.9543079807e-04 1.8025529218e+04 1.5707963268e+00 -2.4382097362e+00
1.9560720935e-04 1.8036402562e+04 1.5707963268e+00 -2.4401220030e+00
1.9578351753e-04 1.8047293172e+04 1.5707963268e+00 -2.4420319627e+00
1.9595972271e-04 1.8058201047e+04 1.5707963268e+00 -2.4439396159e+00
1.9613582495e-04 1.8069126183e+04 1.5707963268e+00 -2.4458449631e+00
1.9631182435e-04 1.8080068580e+04 1.5707963268e+00 -2.4477480049e+00
1.9648772098e-04 1.8091028234e+04 1.5707963268e+00 -2.4496487417e+00
1.9666351493e-04 1.8102005144e+04 1.5707963268e+00 -2.4515471742e+00
1.9683920628e-04 1.8112999307e+04 1.5707963268e+00 -2.4534433029e+00
1.9701479512e-04 1.8124010721e+04 1.5707963268e+00 -2.4553371284e+00
1.9719028152e-04 1.8135039384e+04 1.5707963268e+00 -2.4572286513e+00
1.9736566557e-04 1.8146085292e+04 1.5707963268e+00 -2.4591178722e+00
1.9754094735e-04 1.8157148444e+04 1.5707963268e+00 -2.4610047916e+00
1.9771612696e-04 1.8168228837e+04 1.5707963268e+00 -2.4628894103e+00
1.9789120446e-04 1.8179326467e+04 1.5707963268e+00 -2.4647717287e+00
1.9806617996e-04 1.8190441333e+04 1.5707963268e+00 -2.4666517477e+00
1.9824105352e-04 1.8201573431e+04 1.5707963268e+00 -2.4685294677e+00
1.9841582525e-04 1.8212722758e+04 1.5707963268e+00 -2.4704048895e+00
1.9859049521e-04 1.8223889312e+04 1.5707963268e+00 -2.4722780137e+00
1.9876506351e-04 1.8235073089e+04 1.5707963268e+00 -2.4741488411e+00
1.9893953023e-04 1.8246274087e+04 1.5707963268e+00 -2.4760173722e+00
1.9911389544e-04 1.8257492301e+04 1.5707963268e+00 -2.4778836078e+00
1.9928815925e-04 1.8268727730e+04 1.5707963268e+00 -2.4797475486e+00
1.9946232173e-04 1.8279980368e+04 1.5707963268e+00 -2.4816091953e+00
1.9963638297e-04 1.8291250214e+04 1.5707963268e+00 -2.4834685487e+00
1.9981034307e-04 1.8302537263e+04 1.5707963268e+00 -2.4853256094e+00
1.9998420210e-04 1.8313841513e+04 1.5707963268e+00 -2.4871803782e+00
2.0015796017e-04 1.8325162959e+04 1.5707963268e+00 -2.4890328559e+00
2.0033161735e-04 1.8336501597e+04 1.5707963268e+00 -2.4908830433e+00
2.0050517373e-04 1.8347857425e+04 1.5707963268e+00 -2.4927309410e+00
2.0067862940e-04 1.8359230438e+04 1.5707963268e+00 -2.4945765499e+00
2.0085198446e-04 1.8370620632e+04 1.5707963268e+00 -2.4964198708e+00
2.0102523899e-04 1.8382028004e+04 1.5707963268e+00 -2.4982609045e+00
2.0119839308e-04 1.8393452549e+04 1.5707963268e+00 -2.5000996518e+00
2.0137144683e-04 1.8404894264e+04 1.5707963268e+00 -2.5019361135e+00
2.0154440031e-04 1.8416353144e+04 1.5707963268e+00 -2.5037702904e+00
2.0171725363e-04 1.8427829186e+04 1.5707963268e+00 -2.5056021834e+00
2.0189000687e-04 1.8439322384e+04 1.5707963268e+00 -2.5074317934e+00
2.0206266013e-04 1.8450832734e+04 1.5707963268e+00 -2.5092591211e+00
2.0223521349e-04 1.8462360233e+04 1.5707963268e+00 -2.5110841676e+00
2.0240766704e-04 1.8473904876e+04 1.5707963268e+00 -2.5129069335e+00
2.0258002089e-04 1.8485466657e+04 1.5707963268e+00 -2.5147274199e+00
2.0275227511e-04 1.8497045574e+04 1.5707963268e+00 -2.5165456276e+00
2.0292442981e-04 1.8508641620e+04 1.5707963268e+00 -2.5183615575e+00
2.0309648507e-04 1.8520254791e+04 1.5707963268e+00 -2.5201752105e+00
2.0326844100e-04 1.8531885084e+04 1.5707963268e+00 -2.5219865876e+00
2.0344029767e-04 1.8543532491e+04 1.5707963268e+00 -2.5237956897e+00
2.0361205518e-04 1.8555197010e+04 1.5707963268e+00 -2.5256025178e+00
2.0378371364e-04 1.8566878634e+04 1.5707963268e+00 -2.5274070727e+00
2.0395527312e-04 1.8578577359e+04 1.5707963268e+00 -2.5292093555e+00
2.0412673373e-04 1.8590293180e+04 1.5707963268e+00 -2.5310093671e+00
2.0429809556e-04 1.8602026091e+04 1.5707963268e+00 -2.5328071084e+00
2.0446935870e-04 1.8613776088e+04 1.5707963268e+00 -2.5346025806e+00
2.0464052325e-04 1.8625543165e+04 1.5707963268e+00 -2.5363957845e+00
2.0481158930e-04 1.8637327316e+04 1.5707963268e+00 -2.5381867212e+00
2.0498255694e-04 1.8649128537e+04 1.5707963268e+00 -2.5399753918e+00
2.0515342628e-04 1.8660946821e+04 1.5707963268e+00 -2.5417617971e+00
2.0532419741e-04 1.8672782164e+04 1.5707963268e+00 -2.5435459382e+00
2.0549487042e-04 1.8684634560e+04 1.5707963268e+00 -2.5453278163e+00
2.0566544541e-04 1.8696504002e+04 1.5707963268e+00 -2.5471074323e+00
2.0583592248e-04 1.8708390486e+04 1.5707963268e+00 -2.5488847873e+00
2.0600630172e-04 1.8720294006e+04 1.5707963268e+00 -2.5506598823e+00
2.0617658322e-04 1.8732214555e+04 1.5707963268e+00 -2.5524327185e+00
2.0634676709e-04 1.8744152128e+04 1.5707963268e+00 -2.5542032969e+00
2.0651685342e-04 1.8756106719e+04 1.5707963268e+00 -2.5559716186e+00
2.0668684231e-04 1.8768078322e+04 1.5707963268e+00 -2.5577376847e+00
2.0685673386e-04 1.8780066930e+04 1.5707963268e+00 -2.5595014963e+00
2.0702652816e-04 1.8792072538e+04 1.5707963268e+00 -2.5612630546e+00
2.0719622531e-04 1.8804095140e+04 1.5707963268e+00 -2.5630223606e+00
2.0736582540e-04 1.8816134728e+04 1.5707963268e+00 -2.5647794155e+00
2.0753532855e-04 1.8828191298e+04 1.5707963268e+00 -2.5665342205e+00
2.0770473484e-04 1.8840264842e+04 1.5707963268e+00 -2.5682867767e+00
2.0787404437e-04 1.8852355354e+04 1.5707963268e+00 -2.5700370852e+00
2.0804325725e-04 1.8864462827e+04 1.5707963268e+00 -2.5717851472e+00
2.0821237356e-04 1.8876587256e+04 1.5707963268e+00 -2.5735309640e+00
2.0838139342e-04 1.8888728633e+04 1.5707963268e+00 -2.5752745366e+00
2.0855031691e-04 1.8900886951e+04 1.5707963268e+00 -2.5770158663e+00
2.0871914414e-04 1.8913062204e+04 1.5707963268e+00 -2.5787549542e+00
2.0888787521e-04 1.8925254385e+04 1.5707963268e+00 -2.5804918017e+00
2.0905651022e-04 1.8937463488e+04 1.5707963268e+00 -2.5822264099e+00
2.0922504927e-04 1.8949689505e+04 1.5707963268e+00 -2.5839587800e+00
2.0939349245e-04 1.8961932429e+04 1.5707963268e+00 -2.5856889132e+00
2.0956183987e-04 1.8974192253e+04 1.5707963268e+00 -2.5874168109e+00
2.0973009163e-04 1.8986468971e+04 1.5707963268e+00 -2.5891424742e+00
2.0989824782e-04 1.8998762575e+04 1.5707963268e+00 -2.5908659045e+00
2.1006630856e-04 1.9011073057e+04 1.5707963268e+00 -2.5925871029e+00
2.1023427393e-04 1.9023400411e+04 1.5707963268e+00 -2.5943060708e+00
2.1040214405e-04 1.9035744630e+04 1.5707963268e+00 -2.5960228094e+00
2.1056991901e-04 1.9048105705e+04 1.5707963268e+00 -2.5977373200e+00
2.1073759891e-04 1.9060483630e+04 1.5707963268e+00 -2.5994496040e+00
2.1090518386e-04 1.9072878396e+04 1.5707963268e+00 -2.6011596626e+00
2.1107267396e-04 1.9085289998e+04 1.5707963268e+00 -2.6028674972e+00
2.1124006930e-04 1.9097718425e+04 1.5707963268e+00 -2.6045731090e+00
2.1140737000e-04 1.9110163672e+04 1.5707963268e+00 -2.6062764994e+00
2.1157457615e-04 1.9122625731e+04 1.5707963268e+00 -2.6079776697e+00
2.1174168785e-04 1.9135104593e+04 1.5707963268e+00 -2.6096766214e+00
2.1190870522e-04 1.9147600251e+04 1.5707963268e+00 -2.6113733556e+00
2.1207562834e-04 1.9160112696e+04 1.5707963268e+00 -2.6130678739e+00
2.1224245733e-04 1.9172641922e+04 1.5707963268e+00 -2.6147601775e+00
2.1240919228e-04 1.9185187920e+04 1.5707963268e+00 -2.6164502678e+00
2.1257583330e-04 1.9197750681e+04 1.5707963268e+00 -2.6181381462e+00
2.1274238050e-04 1.9210330199e+04 1.5707963268e+00 -2.6198238142e+00
2.1290883397e-04 1.9222926464e+04 1.5707963268e+00 -2.6215072730e+00
2.1307519382e-04 1.9235539469e+04 1.5707963268e+00 -2.6231885241e+00
2.1324146015e-04 1.9248169204e+04 1.5707963268e+00 -2.6248675690e+00
2.1340763307e-04 1.9260815663e+04 1.5707963268e+00 -2.6265444090e+00
2.1357371268e-04 1.9273478836e+04 1.5707963268e+00 -2.6282190455e+00
2.1373969909e-04 1.9286158715e+04 1.5707963268e+00 -2.6298914801e+00
2.1390559239e-04 1.9298855292e+04 1.5707963268e+00 -2.6315617141e+00
2.1407139270e-04 1.9311568558e+04 1.5707963268e+00 -2.6332297489e+00
2.1423710011e-04 1.9324298504e+04 1.5707963268e+00 -2.6348955861e+00
2.1440271474e-04 1.9337045122e+04 1.5707963268e+00 -2.6365592271e+00
2.1456823669e-04 1.9349808403e+04 1.5707963268e+00 -2.6382206734e+00
2.1473366605e-04 1.9362588338e+04 1.5707963268e+00 -2.6398799264e+00
2.1489900294e-04 1.9375384919e+04 1.5707963268e+00 -2.6415369877e+00
2.1506424747e-04 1.9388198137e+04 1.5707963268e+00 -2.6431918587e+00
2.1522939973e-04 1.9401027982e+04 1.5707963268e+00 -2.6448445409e+00
2.1539445983e-04 1.9413874447e+04 1.5707963268e+00 -2.6464950358e+00
2.1555942788e-04 1.9426737521e+04 1.5707963268e+00 -2.6481433449e+00
2.1572430398e-04 1.9439617196e+04 1.5707963268e+00 -2.6497894699e+00
2.1588908824e-04 1.9452513462e+04 1.5707963268e+00 -2.6514334121e+00
2.1605378077e-04 1.9465426311e+04 1.5707963268e+00 -2.6530751731e+00
2.1621838166e-04 1.9478355734e+04 1.5707963268e+00 -2.6547147544e+00
2.1638289103e-04 1.9491301720e+04 1.5707963268e+00 -2.6563521577e+00
2.1654730899e-04 1.9504264261e+04 1.5707963268e+00 -2.6579873844e+00
2.1671163563e-04 1.9517243347e+04 1.5707963268e+00 -2.6596204361e+00
2.1687587106e-04 1.9530238970e+04 1.5707963268e+00 -2.6612513144e+00
2.1704001540e-04 1.9543251119e+04 1.5707963268e+00 -2.6628800209e+00
2.1720406874e-04 1.9556279784e+04 1.5707963268e+00 -2.6645065570e+00
2.1736803120e-04 1.9569324957e+04 1.5707963268e+00 -2.6661309245e+00
2.1753190288e-04 1.9582386628e+04 1.5707963268e+00 -2.6677531249e+00
2.1769568389e-04 1.9595464787e+04 1.5707963268e+00 -2.6693731598e+00
2.1785937433e-04 1.9608559425e+04 1.5707963268e+00 -2.6709910308e+00
2.1802297431e-04 1.9621670531e+04 1.5707963268e+00 -2.6726067395e+00
2.1818648394e-04 1.9634798096e+04 1.5707963268e+00 -2.6742202876e+00
2.1834990332e-04 1.9647942110e+04 1.5707963268e+00 -2.6758316766e+00
2.1851323257e-04 1.9661102563e+04 1.5707963268e+00 -2.6774409083e+00
2.1867647178e-04 1.9674279445e+04 1.5707963268e+00 -2.6790479841e+00
2.1883962108e-04 1.9687472746e+04 1.5707963268e+00 -2.6806529058e+00
2.1900268055e-04 1.9700682456e+04 1.5707963268e+00 -2.6822556751e+00
2.1916565033e-04 1.9713908566e+04 1.5707963268e+00 -2.6838562935e+00
2.1932853050e-04 1.9727151064e+04 1.5707963268e+00 -2.6854547628e+00
2.1949132117e-04 1.9740409941e+04 1.5707963268e+00 -2.6870510846e+00
2.1965402247e-04 1.9753685186e+04 1.5707963268e+00 -2.6886452605e+00
2.1981663448e-04 1.9766976790e+04 1.5707963268e+00 -2.6902372923e+00
2.1997915733e-04 1.9780284741e+04 1.5707963268e+00 -2.6918271817e+00
2.2014159112e-04 1.9793609030e+04 1.5707963268e+00 -2.6934149303e+00
2.2030393596e-04 1.9806949646e+04 1.5707963268e+00 -2.6950005399e+00
2.2046619195e-04 1.9820306578e+04 1.5707963268e+00 -2.6965840121e+00
2.2062835920e-04 1.9833679817e+04 1.5707963268e+00 -2.6981653486e+00
2.2079043783e-04 1.9847069351e+04 1.5707963268e+00 -2.6997445512e+00
2.2095242794e-04 1.9860475170e+04 1.5707963268e+00 -2.7013216216e+00
2.2111432963e-04 1.9873897263e+04 1.5707963268e+00 -2.7028965615e+00
2.2127614303e-04 1.9887335620e+04 1.5707963268e+00 -2.7044693727e+00
2.2143786823e-04 1.9900790230e+04 1.5707963268e+00 -2.7060400569e+00
2.2159950535e-04 1.9914261082e+04 1.5707963268e+00 -2.7076086157e+00
2.2176105449e-04 1.9927748165e+04 1.5707963268e+00 -2.7091750511e+00
2.2192251576e-04 1.9941251469e+04 1.5707963268e+00 -2.7107393647e+00
2.2208388927e-04 1.9954770982e+04 1.5707963268e+00 -2.7123015584e+00
2.2224517514e-04 1.9968306693e+04 1.5707963268e+00 -2.7138616337e+00
2.2240637346e-04 1.9981858593e+04 1.5707963268e+00 -2.7154195927e+00
2.2256748435e-04 1.9995426668e+04 1.5707963268e+00 -2.7169754369e+00
2.2272850792e-04 2.0009010909e+04 1.5707963268e+00 -2.7185291683e+00
2.2288944427e-04 2.0022611305e+04 1.5707963268e+00 -2.7200807885e+00
2.2305029352e-04 2.0036227844e+04 1.5707963268e+00 -2.7216302994e+00
2.2321105578e-04 2.0049860514e+04 1.5707963268e+00 -2.7231777028e+00
2.2337173115e-04 2.0063509305e+04 1.5707963268e+00 -2.7247230005e+00
2.2353231974e-04 2.0077174206e+04 1.5707963268e+00 -2.7262661943e+00
2.2369282167e-04 2.0090855205e+04 1.5707963268e+00 -2.7278072860e+00
2.2385323704e-04 2.0104552290e+04 1.5707963268e+00 -2.7293462775e+00
2.2401356596e-04 2.0118265451e+04 1.5707963268e+00 -2.7308831705e+00
2.2417380854e-04 2.0131994676e+04 1.5707963268e+00 -2.7324179669e+00
2.2433396489e-04 2.0145739953e+04 1.5707963268e+00 -2.7339506686e+00
2.2449403512e-04 2.0159501271e+04 1.5707963268e+00 -2.7354812773e+00
2.2465401934e-04 2.0173278618e+04 1.5707963268e+00 -2.7370097949e+00
2.2481391767e-04 2.0187071983e+04 1.5707963268e+00 -2.7385362233e+00
2.2497373020e-04 2.0200881353e+04 1.5707963268e+00 -2.7400605643e+00
2.2513345705e-04 2.0214706718e+04 1.5707963268e+00 -2.7415828198e+00
2.2529309833e-04 2.0228548066e+04 1.5707963268e+00 -2.7431029917e+00
2.2545265415e-04 2.0242405384e+04 1.5707963268e+00 -2.7446210818e+00
2.2561212461e-04 2.0256278661e+04 1.5707963268e+00 -2.7461370920e+00
2.2577150984e-04 2.0270167885e+04 1.5707963268e+00 -2.7476510242e+00
2.2593080993e-04 2.0284073045e+04 1.5707963268e+00 -2.7491628802e+00
2.2609002500e-04 2.0297994128e+04 1.5707963268e+00 -2.7506726620e+00
2.2624915516e-04 2.0311931122e+04 1.5707963268e+00 -2.7521803715e+00
2.2640820052e-04 2.0325884015e+04 1.5707963268e+00 -2.7536860105e+00
2.2656716118e-04 2.0339852796e+04 1.5707963268e+00 -2.7551895810e+00
2.2672603727e-04 2.0353837452e+04 1.5707963268e+00 -2.7566910848e+00
2.2688482888e-04 2.0367837971e+04 1.5707963268e+00 -2.7581905240e+00
2.2704353613e-04 2.0381854341e+04 1.5707963268e+00 -2.7596879003e+00
2.2720215913e-04 2.0395886549e+04 1.5707963268e+00 -2.7611832158e+00
2.2736069799e-04 2.0409934584e+04 1.5707963268e+00 -2.7626764723e+00
2.2751915282e-04 2.0423998434e+04 1.5707963268e+00 -2.7641676718e+00
2.2767752372e-04 2.0438078085e+04 1.5707963268e+00 -2.7656568162e+00
2.2783581082e-04 2.0452173526e+04 1.5707963268e+00 -2.7671439075e+00
2.2799401421e-04 2.0466284744e+04 1.5707963268e+00 -2.7686289476e+00
2.2815213401e-04 2.0480411727e+04 1.5707963268e+00 -2.7701119384e+00
2.2831017033e-04 2.0494554462e+04 1.5707963268e+00 -2.7715928820e+00
2.2846812329e-04 2.0508712938e+04 1.5707963268e+00 -2.7730717802e+00
2.2862599298e-04 2.0522887140e+04 1.5707963268e+00 -2.7745486351e+00
2.2878377952e-04 2.0537077058e+04 1.5707963268e+00 -2.7760234485e+00
2.2894148302e-04 2.0551282677e+04 1.5707963268e+00 -2.7774962226e+00
2.2909910360e-04 2.0565503987e+04 1.5707963268e+00 -2.7789669592e+00
2.2925664135e-04 2.0579740973e+04 1.5707963268e+00 -2.7804356603e+00
2.2941409640e-04 2.0593993623e+04 1.5707963268e+00 -2.7819023279e+00
2.2957146885e-04 2.0608261926e+04 1.5707963268e+00 -2.7833669640e+00
2.2972875881e-04 2.0622545867e+04 1.5707963268e+00 -2.7848295706e+00
2.2988596639e-04 2.0636845434e+04 1.5707963268e+00 -2.7862901497e+00
2.3004309170e-04 2.0651160614e+04 1.5707963268e+00 -2.7877487033e+00
2.3020013486e-04 2.0665491394e+04 1.5707963268e+00 -2.7892052333e+00
2.3035709597e-04 2.0679837763e+04 1.5707963268e+00 -2.7906597419e+00
2.3051397514e-04 2.0694199705e+04 1.5707963268e+00 -2.7921122310e+00
2.3067077249e-04 2.0708577209e+04 1.5707963268e+00 -2.7935627026e+00
2.3082748812e-04 2.0722970262e+04 1.5707963268e+00 -2.7950111587e+00
2.3098412214e-04 2.0737378851e+04 1.5707963268e+00 -2.7964576014e+00
2.3114067467e-04 2.0751802962e+04 1.5707963268e+00 -2.7979020326e+00
2.3129714581e-04 2.0766242582e+04 1.5707963268e+00 -2.7993444545e+00
2.3145353568e-04 2.0780697699e+04 1.5707963268e+00 -2.8007848691e+00
2.3160984438e-04 2.0795168299e+04 1.5707963268e+00 -2.8022232783e+00
2.3176607202e-04 2.0809654369e+04 1.5707963268e+00 -2.8036596843e+00
2.3192221873e-04 2.0824155896e+04 1.5707963268e+00 -2.8050940891e+00
2.3207828459e-04 2.0838672867e+04 1.5707963268e+00 -2.8065264946e+00
2.3223426974e-04 2.0853205267e+04 1.5707963268e+00 -2.8079569031e+00
2.3239017427e-04 2.0867753085e+04 1.5707963268e+00 -2.8093853165e+00
2.3254599829e-04 2.0882316307e+04 1.5707963268e+00 -2.8108117369e+00
2.3270174192e-04 2.0896894919e+04 1.5707963268e+00 -2.8122361663e+00
2.3285740527e-04 2.0911488908e+04 1.5707963268e+00 -2.8136586069e+00
2.3301298844e-04 2.0926098261e+04 1.5707963268e+00 -2.8150790606e+00
2.3316849155e-04 2.0940722964e+04 1.5707963268e+00 -2.8164975296e+00
2.3332391471e-04 2.0955363003e+04 1.5707963268e+00 -2.8179140160e+00
2.3347925802e-04 2.0970018366e+04 1.5707963268e+00 -2.8193285217e+00
2.3363452160e-04 2.0984689038e+04 1.5707963268e+00 -2.8207410490e+00
2.3378970555e-04 2.0999375006e+04 1.5707963268e+00 -2.8221515999e+00
2.3394481000e-04 2.1014076257e+04 1.5707963268e+00 -2.8235601764e+00
2.3409983503e-04 2.1028792777e+04 1.5707963268e+00 -2.8249667807e+00
2.3425478078e-04 2.1043524552e+04 1.5707963268e+00 -2.8263714148e+00
2.3440964734e-04 2.1058271568e+04 1.5707963268e+00 -2.8277740810e+00
2.3456443482e-04 2.1073033813e+04 1.5707963268e+00 -2.8291747811e+00
2.3471914335e-04 2.1087811271e+04 1.5707963268e+00 -2.8305735175e+00
2.3487377301e-04 2.1102603930e+04 1.5707963268e+00 -2.8319702921e+00
2.3502832393e-04 2.1117411776e+04 1.5707963268e+00 -2.8333651071e+00
2.3518279622e-04 2.1132234794e+04 1.5707963268e+00 -2.8347579646e+00
2.3533718998e-04 2.1147072972e+04 1.5707963268e+00 -2.8361488667e+00
2.3549150533e-04 2.1161926294e+04 1.5707963268e+00 -2.8375378155e+00
2.3564574237e-04 2.1176794748e+04 1.5707963268e+00 -2.8389248132e+00
2.3579990122e-04 2.1191678319e+04 1.5707963268e+00 -2.8403098619e+00
2.3595398197e-04 2.1206576994e+04 1.5707963268e+00 -2.8416929637e+00
2.3610798475e-04 2.1221490758e+04 1.5707963268e+00 -2.8430741207e+00
2.3626190967e-04 2.1236419597e+04 1.5707963268e+00 -2.8444533351e+00
2.3641575682e-04 2.1251363498e+04 1.5707963268e+00 -2.8458306090e+00
2.3656952633e-04 2.1266322446e+04 1.5707963268e+00 -2.8472059445e+00
2.3672321829e-04 2.1281296428e+04 1.5707963268e+00 -2.8485793439e+00
2.3687683283e-04 2.1296285429e+04 1.5707963268e+00 -2.8499508091e+00
2.3703037004e-04 2.1311289435e+04 1.5707963268e+00 -2.8513203425e+00
2.3718383004e-04 2.1326308433e+04 1.5707963268e+00 -2.8526879461e+00
2.3733721294e-04 2.1341342407e+04 1.5707963268e+00 -2.8540536220e+00
2.3749051885e-04 2.1356391344e+04 1.5707963268e+00 -2.8554173725e+00
2.3764374787e-04 2.1371455229e+04 1.5707963268e+00 -2.8567791997e+00
2.3779690012e-04 2.1386534049e+04 1.5707963268e+00 -2.8581391057e+00
2.3794997570e-04 2.1401627789e+04 1.5707963268e+00 -2.8594970928e+00
2.3810297473e-04 2.1416736434e+04 1.5707963268e+00 -2.8608531630e+00
2.3825589730e-04 2.1431859971e+04 1.5707963268e+00 -2.8622073185e+00
2.3840874354e-04 2.1446998385e+04 1.5707963268e+00 -2.8635595616e+00
2.3856151355e-04 2.1462151662e+04 1.5707963268e+00 -2.8649098944e+00
2.3871420743e-04 2.1477319788e+04 1.5707963268e+00 -2.8662583190e+00
2.3886682530e-04 2.1492502747e+04 1.5707963268e+00 -2.8676048376e+00
2.3901936727e-04 2.1507700526e+04 1.5707963268e+00 -2.8689494525e+00
2.3917183344e-04 2.1522913111e+04 1.5707963268e+00 -2.8702921657e+00
2.3932422393e-04 2.1538140486e+04 1.5707963268e+00 -2.8716329796e+00
2.3947653883e-04 2.1553382638e+04 1.5707963268e+00 -2.8729718962e+00
2.3962877827e-04 2.1568639551e+04 1.5707963268e+00 -2.8743089177e+00
2.3978094234e-04 2.1583911212e+04 1.5707963268e+00 -2.8756440464e+00
2.3993303116e-04 2.1599197606e+04 1.5707963268e+00 -2.8769772843e+00
2.4008504484e-04 2.1614498717e+04 1.5707963268e+00 -2.8783086339e+00
2.4023698348e-04 2.1629814533e+04 1.5707963268e+00 -2.8796380971e+00
2.4038884719e-04 2.1645145038e+04 1.5707963268e+00 -2.8809656762e+00
2.4054063608e-04 2.1660490217e+04 1.5707963268e+00 -2.8822913735e+00
2.4069235025e-04 2.1675850056e+04 1.5707963268e+00 -2.8836151910e+00
2.4084398983e-04 2.1691224540e+04 1.5707963268e+00 -2.8849371311e+00
2.4099555490e-04 2.1706613654e+04 1.5707963268e+00 -2.8862571959e+00
2.4114704559e-04 2.1722017385e+04 1.5707963268e+00 -2.8875753876e+00
2.4129846200e-04 2.1737435717e+04 1.5707963268e+00 -2.8888917085e+00
2.4144980423e-04 2.1752868635e+04 1.5707963268e+00 -2.8902061607e+00
2.4160107240e-04 2.1768316124e+04 1.5707963268e+00 -2.8915187464e+00
2.4175226661e-04 2.1783778171e+04 1.5707963268e+00 -2.8928294680e+00
2.4190338697e-04 2.1799254760e+04 1.5707963268e+00 -2.8941383275e+00
2.4205443359e-04 2.1814745876e+04 1.5707963268e+00 -2.8954453272e+00
2.4220540657e-04 2.1830251504e+04 1.5707963268e+00 -2.8967504694e+00
2.4235630602e-04 2.1845771630e+04 1.5707963268e+00 -2.8980537562e+00
2.4250713206e-04 2.1861306239e+04 1.5707963268e+00 -2.8993551898e+00
2.4265788478e-04 2.1876855316e+04 1.5707963268e+00 -2.9006547726e+00
2.4280856429e-04 2.1892418846e+04 1.5707963268e+00 -2.9019525066e+00
2.4295917071e-04 2.1907996815e+04 1.5707963268e+00 -2.9032483943e+00
2.4310970413e-04 2.1923589206e+04 1.5707963268e+00 -2.9045424376e+00
2.4326016467e-04 2.1939196006e+04 1.5707963268e+00 -2.9058346390e+00
2.4341055242e-04 2.1954817198e+04 1.5707963268e+00 -2.9071250007e+00
2.4356086751e-04 2.1970452770e+04 1.5707963268e+00 -2.9084135248e+00
2.4371111003e-04 2.1986102705e+04 1.5707963268e+00 -2.9097002136e+00
2.4386128010e-04 2.2001766988e+04 1.5707963268e+00 -2.9109850693e+00
2.4401137781e-04 2.2017445604e+04 1.5707963268e+00 -2.9122680942e+00
2.4416140328e-04 2.2033138539e+04 1.5707963268e+00 -2.9135492905e+00
2.4431135660e-04 2.2048845777e+04 1.5707963268e+00 -2.9148286605e+00
2.4446123790e-04 2.2064567303e+04 1.5707963268e+00 -2.9161062064e+00
2.4461104727e-04 2.2080303103e+04 1.5707963268e+00 -2.9173819304e+00
2.4476078482e-04 2.2096053160e+04 1.5707963268e+00 -2.9186558348e+00
2.4491045066e-04 2.2111817460e+04 1.5707963268e+00 -2.9199279218e+00
2.4506004488e-04 2.2127595989e+04 1.5707963268e+00 -2.9211981937e+00
2.4520956761e-04 2.2143388729e+04 1.5707963268e+00 -2.9224666527e+00
2.4535901894e-04 2.2159195668e+04 1.5707963268e+00 -2.9237333011e+00
2.4550839898e-04 2.2175016789e+04 1.5707963268e+00 -2.9249981411e+00
2.4565770784e-04 2.2190852076e+04 1.5707963268e+00 -2.9262611750e+00
2.4580694562e-04 2.2206701516e+04 1.5707963268e+00 -2.9275224050e+00
2.4595611242e-04 2.2222565093e+04 1.5707963268e+00 -2.9287818334e+00
2.4610520836e-04 2.2238442791e+04 1.5707963268e+00 -2.9300394624e+00
2.4625423353e-04 2.2254334596e+04 1.5707963268e+00 -2.9312952943e+00
2.4640318805e-04 2.2270240491e+04 1.5707963268e+00 -2.9325493313e+00
2.4655207201e-04 2.2286160463e+04 1.5707963268e+00 -2.9338015757e+00
2.4670088553e-04 2.2302094495e+04 1.5707963268e+00 -2.9350520298e+00
2.4684962871e-04 2.2318042572e+04 1.5707963268e+00 -2.9363006958e+00
2.4699830165e-04 2.2334004679e+04 1.5707963268e+00 -2.9375475760e+00
2.4714690446e-04 2.2349980801e+04 1.5707963268e+00 -2.9387926726e+00
2.4729543724e-04 2.2365970922e+04 1.5707963268e+00 -2.9400359879e+00
2.4744390010e-04 2.2381975027e+04 1.5707963268e+00 -2.9412775242e+00
2.4759229314e-04 2.2397993101e+04 1.5707963268e+00 -2.9425172837e+00
2.4774061647e-04 2.2414025128e+04 1.5707963268e+00 -2.9437552687e+00
2.4788887019e-04 2.2430071093e+04 1.5707963268e+00 -2.9449914814e+00
2.4803705440e-04 2.2446130981e+04 1.5707963268e+00 -2.9462259241e+00
2.4818516922e-04 2.2462204776e+04 1.5707963268e+00 -2.9474585992e+00
2.4833321474e-04 2.2478292463e+04 1.5707963268e+00 -2.9486895087e+00
2.4848119106e-04 2.2494394026e+04 1.5707963268e+00 -2.9499186551e+00
2.4862909830e-04 2.2510509450e+04 1.5707963268e+00 -2.9511460406e+00
2.4877693656e-04 2.2526638719e+04 1.5707963268e+00 -2.9523716674e+00
2.4892470594e-04 2.2542781818e+04 1.5707963268e+00 -2.9535955379e+00
2.4907240654e-04 2.2558938733e+04 1.5707963268e+00 -2.9548176543e+00
2.4922003846e-04 2.2575109446e+04 1.5707963268e+00 -2.9560380188e+00
2.4936760182e-04 2.2591293943e+04 1.5707963268e+00 -2.9572566337e+00
2.4951509671e-04 2.2607492208e+04 1.5707963268e+00 -2.9584735014e+00
2.4966252324e-04 2.2623704226e+04 1.5707963268e+00 -2.9596886240e+00
2.4980988151e-04 2.2639929981e+04 1.5707963268e+00 -2.9609020039e+00
2.4995717163e-04 2.2656169458e+04 1.5707963268e+00 -2.9621136433e+00
2.5010439369e-04 2.2672422641e+04 1.5707963268e+00 -2.9633235445e+00
2.5025154780e-04 2.2688689515e+04 1.5707963268e+00 -2.9645317098e+00
2.5039863406e-04 2.2704970064e+04 1.5707963268e+00 -2.9657381414e+00
2.5054565258e-04 2.2721264272e+04 1.5707963268e+00 -2.9669428417e+00
2.5069260346e-04 2.2737572125e+04 1.5707963268e+00 -2.9681458128e+00
2.5083948680e-04 2.2753893606e+04 1.5707963268e+00 -2.9693470571e+00
2.5098630271e-04 2.2770228700e+04 1.5707963268e+00 -2.9705465769e+00
2.5113305127e-04 2.2786577391e+04 1.5707963268e+00 -2.9717443743e+00
2.5127973261e-04 2.2802939664e+04 1.5707963268e+00 -2.9729404518e+00
2.5142634682e-04 2.2819315503e+04 1.5707963268e+00 -2.9741348116e+00
2.5157289400e-04 2.2835704893e+04 1.5707963268e+00 -2.9753274559e+00
2.5171937425e-04 2.2852107818e+04 1.5707963268e+00 -2.9765183870e+00
2.5186578768e-04 2.2868524262e+04 1.5707963268e+00 -2.9777076072e+00
2.5201213439e-04 2.2884954210e+04 1.5707963268e+00 -2.9788951189e+00
2.5215841448e-04 2.2901397646e+04 1.5707963268e+00 -2.9800809241e+00
2.5230462804e-04 2.2917854554e+04 1.5707963268e+00 -2.9812650253e+00
2.5245077520e-04 2.2934324919e+04 1.5707963268e+00 -2.9824474248e+00
2.5259685603e-04 2.2950808726e+04 1.5707963268e+00 -2.9836281247e+00
2.5274287065e-04 2.2967305958e+04 1.5707963268e+00 -2.9848071274e+00
2.5288881916e-04 2.2983816600e+04 1.5707963268e+00 -2.9859844351e+00
2.5303470166e-04 2.3000340636e+04 1.5707963268e+00 -2.9871600501e+00
2.5318051824e-04 2.3016878051e+04 1.5707963268e+00 -2.9883339748e+00
2.5332626901e-04 2.3033428828e+04 1.5707963268e+00 -2.9895062113e+00
2.5347195407e-04 2.3049992953e+04 1.5707963268e+00 -2.9906767620e+00
2.5361757353e-04 2.3066570409e+04 1.5707963268e+00 -2.9918456291e+00
2.5376312747e-04 2.3083161181e+04 1.5707963268e+00 -2.9930128150e+00
2.5390861601e-04 2.3099765254e+04 1.5707963268e+00 -2.9941783218e+00
2.5405403924e-04 2.3116382610e+04 1.5707963268e+00 -2.9953421519e+00
2.5419939726e-04 2.3133013236e+04 1.5707963268e+00 -2.9965043075e+00
2.5434469018e-04 2.3149657114e+04 1.5707963268e+00 -2.9976647910e+00
2.5448991808e-04 2.3166314230e+04 1.5707963268e+00 -2.9988236045e+00
2.5463508108e-04 2.3182984567e+04 1.5707963268e+00 -2.9999807504e+00
2.5478017927e-04 2.3199668110e+04 1.5707963268e+00 -3.0011362310e+00
2.5492521275e-04 2.3216364843e+04 1.5707963268e+00 -3.0022900485e+00
2.5507018163e-04 2.3233074751e+04 1.5707963268e+00 -3.0034422052e+00
2.5521508599e-04 2.3249797817e+04 1.5707963268e+00 -3.0045927034e+00
2.5535992595e-04 2.3266534026e+04 1.5707963268e+00 -3.0057415453e+00
2.5550470159e-04 2.3283283363e+04 1.5707963268e+00 -3.0068887333e+00
2.5564941303e-04 2.3300045811e+04 1.5707963268e+00 -3.0080342695e+00
2.5579406035e-04 2.3316821354e+04 1.5707963268e+00 -3.0091781564e+00
2.5593864366e-04 2.3333609977e+04 1.5707963268e+00 -3.0103203961e+00
2.5608316305e-04 2.3350411665e+04 1.5707963268e+00 -3.0114609909e+00
2.5622761863e-04 2.3367226401e+04 1.5707963268e+00 -3.0125999431e+00
2.5637201049e-04 2.3384054170e+04 1.5707963268e+00 -3.0137372550e+00
2.5651633873e-04 2.3400894955e+04 1.5707963268e+00 -3.0148729288e+00
2.5666060345e-04 2.3417748742e+04 1.5707963268e+00 -3.0160069668e+00
2.5680480475e-04 2.3434615514e+04 1.5707963268e+00 -3.0171393714e+00
2.5694894272e-04 2.3451495256e+04 1.5707963268e+00 -3.0182701447e+00
2.5709301747e-04 2.3468387951e+04 1.5707963268e+00 -3.0193992890e+00
2.5723702909e-04 2.3485293584e+04 1.5707963268e+00 -3.0205268066e+00
2.5738097768e-04 2.3502212140e+04 1.5707963268e+00 -3.0216526998e+00
2.5752486334e-04 2.3519143602e+04 1.5707963268e+00 -3.0227769708e+00
2.5766868617e-04 2.3536087955e+04 1.5707963268e+00 -3.0238996219e+00
2.5781244625e-04 2.3553045183e+04 1.5707963268e+00 -3.0250206554e+00
2.5795614370e-04 2.3570015270e+04 1.5707963268e+00 -3.0261400735e+00
2.5809977860e-04 2.3586998200e+04 1.5707963268e+00 -3.0272578786e+00
2.5824335106e-04 2.3603993958e+04 1.5707963268e+00 -3.0283740728e+00
2.5838686116e-04 2.3621002528e+04 1.5707963268e+00 -3.0294886585e+00
2.5853030902e-04 2.3638023894e+04 1.5707963268e+00 -3.0306016378e+00
2.5867369472e-04 2.3655058039e+04 1.5707963268e+00 -3.0317130132e+00
2.5881701836e-04 2.3672104950e+04 1.5707963268e+00 -3.0328227867e+00
2.5896028004e-04 2.3689164609e+04 1.5707963268e+00 -3.0339309608e+00
2.5910347986e-04 2.3706237000e+04 1.5707963268e+00 -3.0350375376e+00
2.5924661790e-04 2.3723322109e+04 1.5707963268e+00 -3.0361425194e+00
2.5938969427e-04 2.3740419919e+04 1.5707963268e+00 -3.0372459085e+00
2.5953270907e-04 2.3757530415e+04 1.5707963268e+00 -3.0383477071e+00
2.5967566238e-04 2.3774653580e+04 1.5707963268e+00 -3.0394479176e+00
2.5981855431e-04 2.3791789399e+04 1.5707963268e+00 -3.0405465421e+00
2.5996138495e-04 2.3808937857e+04 1.5707963268e+00 -3.0416435829e+00
2.6010415440e-04 2.3826098936e+04 1.5707963268e+00 -3.0427390422e+00
2.6024686275e-04 2.3843272622e+04 1.5707963268e+00 -3.0438329224e+00
2.6038951010e-04 2.3860458899e+04 1.5707963268e+00 -3.0449252257e+00
2.6053209653e-04 2.3877657751e+04 1.5707963268e+00 -3.0460159543e+00
2.6067462216e-04 2.3894869162e+04 1.5707963268e+00 -3.0471051105e+00
2.6081708707e-04 2.3912093116e+04 1.5707963268e+00 -3.0481926965e+00
2.6095949135e-04 2.3929329598e+04 1.5707963268e+00 -3.0492787146e+00
2.6110183511e-04 2.3946578592e+04 1.5707963268e+00 -3.0503631670e+00
2.6124411843e-04 2.3963840082e+04 1.5707963268e+00 -3.0514460560e+00
2.6138634142e-04 2.3981114052e+04 1.5707963268e+00 -3.0525273839e+00
2.6152850416e-04 2.3998400487e+04 1.5707963268e+00 -3.0536071529e+00
2.6167060676e-04 2.4015699370e+04 1.5707963268e+00 -3.0546853651e+00
2.6181264929e-04 2.4033010687e+04 1.5707963268e+00 -3.0557620230e+00
2.6195463187e-04 2.4050334420e+04 1.5707963268e+00 -3.0568371287e+00
2.6209655458e-04 2.4067670555e+04 1.5707963268e+00 -3.0579106844e+00
2.6223841751e-04 2.4085019076e+04 1.5707963268e+00 -3.0589826924e+00
2.6238022076e-04 2.4102379966e+04 1.5707963268e+00 -3.0600531550e+00
2.6252196443e-04 2.4119753211e+04 1.5707963268e+00 -3.0611220744e+00
2.6266364861e-04 2.4137138794e+04 1.5707963268e+00 -3.0621894527e+00
2.6280527338e-04 2.4154536700e+04 1.5707963268e+00 -3.0632552924e+00
2.6294683885e-04 2.4171946912e+04 1.5707963268e+00 -3.0643195955e+00
2.6308834511e-04 2.4189369415e+04 1.5707963268e+00 -3.0653823644e+00
2.6322979224e-04 2.4206804194e+04 1.5707963268e+00 -3.0664436013e+00
2.6337118035e-04 2.4224251233e+04 1.5707963268e+00 -3.0675033083e+00
2.6351250952e-04 2.4241710515e+04 1.5707963268e+00 -3.0685614878e+00
2.6365377985e-04 2.4259182026e+04 1.5707963268e+00 -3.0696181420e+00
2.6379499144e-04 2.4276665749e+04 1.5707963268e+00 -3.0706732730e+00
2.6393614436e-04 2.4294161668e+04 1.5707963268e+00 -3.0717268832e+00
2.6407723872e-04 2.4311669769e+04 1.5707963268e+00 -3.0727789747e+00
2.6421827461e-04 2.4329190034e+04 1.5707963268e+00 -3.0738295498e+00
2.6435925211e-04 2.4346722450e+04 1.5707963268e+00 -3.0748786107e+00
2.6450017133e-04 2.4364266998e+04 1.5707963268e+00 -3.0759261596e+00
2.6464103235e-04 2.4381823666e+04 1.5707963268e+00 -3.0769721987e+00
2.6478183526e-04 2.4399392435e+04 1.5707963268e+00 -3.0780167304e+00
2.6492258016e-04 2.4416973291e+04 1.5707963268e+00 -3.0790597567e+00
2.6506326714e-04 2.4434566218e+04 1.5707963268e+00 -3.0801012799e+00
2.6520389629e-04 2.4452171200e+04 1.5707963268e+00 -3.0811413023e+00
2.6534446769e-04 2.4469788222e+04 1.5707963268e+00 -3.0821798259e+00
2.6548498145e-04 2.4487417268e+04 1.5707963268e+00 -3.0832168532e+00
2.6562543765e-04 2.4505058322e+04 1.5707963268e+00 -3.0842523862e+00
2.6576583638e-04 2.4522711368e+04 1.5707963268e+00 -3.0852864272e+00
2.6590617774e-04 2.4540376391e+04 1.5707963268e+00 -3.0863189783e+00
2.6604646180e-04 2.4558053376e+04 1.5707963268e+00 -3.0873500419e+00
2.6618668868e-04 2.4575742306e+04 1.5707963268e+00 -3.0883796201e+00
2.6632685844e-04 2.4593443165e+04 1.5707963268e+00 -3.0894077150e+00
2.6646697120e-04 2.4611155940e+04 1.5707963268e+00 -3.0904343290e+00
2.6660702702e-04 2.4628880612e+04 1.5707963268e+00 -3.0914594642e+00
2.6674702601e-04 2.4646617168e+04 1.5707963268e+00 -3.0924831229e+00
2.6688696826e-04 2.4664365591e+04 1.5707963268e+00 -3.0935053071e+00
2.6702685385e-04 2.4682125865e+04 1.5707963268e+00 -3.0945260192e+00
2.6716668287e-04 2.4699897976e+04 1.5707963268e+00 -3.0955452612e+00
2.6730645541e-04 2.4717681907e+04 1.5707963268e+00 -3.0965630355e+00
2.6744617157e-04 2.4735477642e+04 1.5707963268e+00 -3.0975793442e+00
2.6758583143e-04 2.4753285167e+04 1.5707963268e+00 -3.0985941895e+00
2.6772543508e-04 2.4771104466e+04 1.5707963268e+00 -3.0996075736e+00
2.6786498261e-04 2.4788935523e+04 1.5707963268e+00 -3.1006194987e+00
2.6800447411e-04 2.4806778322e+04 1.5707963268e+00 -3.1016299669e+00
2.6814390966e-04 2.4824632847e+04 1.5707963268e+00 -3.1026389804e+00
2.6828328936e-04 2.4842499085e+04 1.5707963268e+00 -3.1036465416e+00
2.6842261329e-04 2.4860377017e+04 1.5707963268e+00 -3.1046526524e+00
2.6856188155e-04 2.4878266631e+04 1.5707963268e+00 -3.1056573151e+00
2.6870109421e-04 2.4896167908e+04 1.5707963268e+00 -3.1066605319e+00
2.6884025137e-04 2.4914080835e+04 1.5707963268e+00 -3.1076623050e+00
2.6897935312e-04 2.4932005395e+04 1.5707963268e+00 -3.1086626365e+00
2.6911839954e-04 2.4949941573e+04 1.5707963268e+00 -3.1096615287e+00
2.6925739073e-04 2.4967889354e+04 1.5707963268e+00 -3.1106589836e+00
2.6939632676e-04 2.4985848721e+04 1.5707963268e+00 -3.1116550035e+00
2.6953520773e-04 2.5003819660e+04 1.5707963268e+00 -3.1126495905e+00
2.6967403373e-04 2.5021802155e+04 1.5707963268e+00 -3.1136427468e+00
2.6981280483e-04 2.5039796190e+04 1.5707963268e+00 -3.1146344745e+00
2.6995152113e-04 2.5057801750e+04 1.5707963268e+00 -3.1156247759e+00
2.7009018272e-04 2.5075818820e+04 1.5707963268e+00 -3.1166136531e+00
2.7022878968e-04 2.5093847383e+04 1.5707963268e+00 -3.1176011083e+00
2.7036734210e-04 2.5111887425e+04 1.5707963268e+00 -3.1185871435e+00
2.7050584006e-04 2.5129938931e+04 1.5707963268e+00 -3.1195717610e+00
2.7064428365e-04 2.5148001883e+04 1.5707963268e+00 -3.1205549630e+00
2.7078267296e-04 2.5166076268e+04 1.5707963268e+00 -3.1215367515e+00
2.7092100808e-04 2.5184162070e+04 1.5707963268e+00 -3.1225171288e+00
2.7105928908e-04 2.5202259272e+04 1.5707963268e+00 -3.1234960970e+00
2.7119751606e-04 2.5220367861e+04 1.5707963268e+00 -3.1244736582e+00
2.7133568910e-04 2.5238487820e+04 1.5707963268e+00 -3.1254498146e+00
2.7147380829e-04 2.5256619134e+04 1.5707963268e+00 -3.1264245683e+00
2.7161187371e-04 2.5274761788e+04 1.5707963268e+00 -3.1273979215e+00
2.7174988545e-04 2.5292915766e+04 1.5707963268e+00 -3.1283698763e+00
2.7188784359e-04 2.5311081053e+04 1.5707963268e+00 -3.1293404349e+00
2.7202574822e-04 2.5329257634e+04 1.5707963268e+00 -3.1303095993e+00
2.7216359942e-04 2.5347445493e+04 1.5707963268e+00 -3.1312773718e+00
2.7230139728e-04 2.5365644614e+04 1.5707963268e+00 -3.1322437545e+00
2.7243914188e-04 2.5383854983e+04 1.5707963268e+00 -3.1332087495e+00
2.7257683331e-04 2.5402076584e+04 1.5707963268e+00 -3.1341723589e+00
2.7271447166e-04 2.5420309402e+04 1.5707963268e+00 -3.1351345848e+00
2.7285205699e-04 2.5438553422e+04 1.5707963268e+00 -3.1360954295e+00
2.7298958941e-04 2.5456808628e+04 1.5707963268e+00 -3.1370548949e+00
2.7312706900e-04 2.5475075004e+04 1.5707963268e+00 -3.1380129833e+00
2.7326449583e-04 2.5493352536e+04 1.5707963268e+00 -3.1389696968e+00
2.7340187000e-04 2.5511641209e+04 1.5707963268e+00 -3.1399250374e+00
2.7353919158e-04 2.5529941007e+04 1.5707963268e+00 -3.1408790073e+00
2.7367646066e-04 2.5548251914e+04 1.5707963268e+00 -3.1418316087e+00
2.7381367733e-04 2.5566573916e+04 1.5707963268e+00 -3.1427828436e+00
2.7395084166e-04 2.5584906998e+04 1.5707963268e+00 -3.1437327141e+00
2.7408795374e-04 2.5603251143e+04 1.5707963268e+00 -3.1446812223e+00
2.7422501366e-04 2.5621606337e+04 1.5707963268e+00 -3.1456283705e+00
2.7436202149e-04 2.5639972565e+04 1.5707963268e+00 -3.1465741605e+00
2.7449897732e-04 2.5658349812e+04 1.5707963268e+00 -3.1475185947e+00
2.7463588123e-04 2.5676738062e+04 1.5707963268e+00 -3.1484616750e+00
2.7477273331e-04 2.5695137300e+04 1.5707963268e+00 -3.1494034036e+00
2.7490953363e-04 2.5713547510e+04 1.5707963268e+00 -3.1503437825e+00
2.7504628229e-04 2.5731968679e+04 1.5707963268e+00 -3.1512828139e+00
2.7518297935e-04 2.5750400790e+04 1.5707963268e+00 -3.1522204999e+00
2.7531962491e-04 2.5768843829e+04 1.5707963268e+00 -3.1531568425e+00
2.7545621904e-04 2.5787297780e+04 1.5707963268e+00 -3.1540918439e+00
2.7559276183e-04 2.5805762628e+04 1.5707963268e+00 -3.1550255061e+00
2.7572925336e-04 2.5824238359e+04 1.5707963268e+00 -3.1559578312e+00
2.7586569371e-04 2.5842724956e+04 1.5707963268e+00 -3.1568888213e+00
2.7600208297e-04 2.5861222406e+04 1.5707963268e+00 -3.1578184784e+00
2.7613842120e-04 2.5879730692e+04 1.5707963268e+00 -3.1587468048e+00
2.7627470850e-04 2.5898249800e+04 1.5707963268e+00 -3.1596738023e+00
2.7641094495e-04 2.5916779715e+04 1.5707963268e+00 -3.1605994732e+00
2.7654713062e-04 2.5935320421e+04 1.5707963268e+00 -3.1615238195e+00
2.7668326560e-04 2.5953871905e+04 1.5707963268e+00 -3.1624468432e+00
2.7681934997e-04 2.5972434150e+04 1.5707963268e+00 -3.1633685464e+00
2.7695538381e-04 2.5991007141e+04 1.5707963268e+00 -3.1642889313e+00
2.7709136719e-04 2.6009590864e+04 1.5707963268e+00 -3.1652079998e+00
2.7722730021e-04 2.6028185304e+04 1.5707963268e+00 -3.1661257540e+00
2.7736318294e-04 2.6046790446e+04 1.5707963268e+00 -3.1670421960e+00
2.7749901545e-04 2.6065406274e+04 1.5707963268e+00 -3.1679573278e+00
2.7763479784e-04 2.6084032774e+04 1.5707963268e+00 -3.1688711516e+00
2.7777053017e-04 2.6102669931e+04 1.5707963268e+00 -3.1697836693e+00
2.7790621254e-04 2.6121317730e+04 1.5707963268e+00 -3.1706948830e+00
2.7804184501e-04 2.6139976156e+04 1.5707963268e+00 -3.1716047947e+00
2.7817742767e-04 2.6158645194e+04 1.5707963268e+00 -3.1725134066e+00
2.7831296060e-04 2.6177324829e+04 1.5707963268e+00 -3.1734207206e+00
2.7844844388e-04 2.6196015046e+04 1.5707963268e+00 -3.1743267388e+00
2.7858387758e-04 2.6214715831e+04 1.5707963268e+00 -3.1752314632e+00
2.7871926179e-04 2.6233427168e+04 1.5707963268e+00 -3.1761348959e+00
2.7885459658e-04 2.6252149043e+04 1.5707963268e+00 -3.1770370389e+00
2.7898988204e-04 2.6270881441e+04 1.5707963268e+00 -3.1779378943e+00
2.7912511823e-04 2.6289624347e+04 1.5707963268e+00 -3.1788374640e+00
2.7926030525e-04 2.6308377747e+04 1.5707963268e+00 -3.1797357501e+00
2.7939544316e-04 2.6327141624e+04 1.5707963268e+00 -3.1806327547e+00
2.7953053205e-04 2.6345915965e+04 1.5707963268e+00 -3.1815284797e+00
2.7966557199e-04 2.6364700756e+04 1.5707963268e+00 -3.1824229272e+00
2.7980056306e-04 2.6383495980e+04 1.5707963268e+00 -3.1833160993e+00
2.7993550535e-04 2.6402301623e+04 1.5707963268e+00 -3.1842079978e+00
2.8007039892e-04 2.6421117672e+04 1.5707963268e+00 -3.1850986249e+00
2.8020524386e-04 2.6439944110e+04 1.5707963268e+00 -3.1859879826e+00
2.8034004024e-04 2.6458780923e+04 1.5707963268e+00 -3.1868760728e+00
2.8047478813e-04 2.6477628097e+04 1.5707963268e+00 -3.1877628976e+00
2.8060948763e-04 2.6496485616e+04 1.5707963268e+00 -3.1886484590e+00
2.8074413880e-04 2.6515353467e+04 1.5707963268e+00 -3.1895327590e+00
2.8087874172e-04 2.6534231634e+04 1.5707963268e+00 -3.1904157996e+00
2.8101329647e-04 2.6553120103e+04 1.5707963268e+00 -3.1912975828e+00
2.8114780312e-04 2.6572018859e+04 1.5707963268e+00 -3.1921781106e+00
2.8128226176e-04 2.6590927887e+04 1.5707963268e+00 -3.1930573850e+00
2.8141667245e-04 2.6609847174e+04 1.5707963268e+00 -3.1939354080e+00
2.8155103528e-04 2.6628776703e+04 1.5707963268e+00 -3.1948121816e+00
2.8168535031e-04 2.6647716462e+04 1.5707963268e+00 -3.1956877077e+00
2.8181961764e-04 2.6666666434e+04 1.5707963268e+00 -3.1965619884e+00
2.8195383732e-04 2.6685626607e+04 1.5707963268e+00 -3.1974350257e+00
2.8208800944e-04 2.6704596964e+04 1.5707963268e+00 -3.1983068215e+00
2.8222213408e-04 2.6723577491e+04 1.5707963268e+00 -3.1991773778e+00
2.8235621131e-04 2.6742568175e+04 1.5707963268e+00 -3.2000466965e+00
2.8249024120e-04 2.6761569000e+04 1.5707963268e+00 -3.2009147798e+00
2.8262422383e-04 2.6780579952e+04 1.5707963268e+00 -3.2017816295e+00
2.8275815927e-04 2.6799601017e+04 1.5707963268e+00 -3.2026472476e+00
2.8289204761e-04 2.6818632179e+04 1.5707963268e+00 -3.2035116360e+00
2.8302588891e-04 2.6837673425e+04 1.5707963268e+00 -3.2043747969e+00
2.8315968325e-04 2.6856724740e+04 1.5707963268e+00 -3.2052367320e+00
2.8329343071e-04 2.6875786110e+04 1.5707963268e+00 -3.2060974434e+00
2.8342713135e-04 2.6894857520e+04 1.5707963268e+00 -3.2069569330e+00
2.8356078526e-04 2.6913938956e+04 1.5707963268e+00 -3.2078152029e+00
2.8369439251e-04 2.6933030404e+04 1.5707963268e+00 -3.2086722548e+00
2.8382795317e-04 2.6952131848e+04 1.5707963268e+00 -3.2095280909e+00
2.8396146732e-04 2.6971243275e+04 1.5707963268e+00 -3.2103827130e+00
2.8409493502e-04 2.6990364671e+04 1.5707963268e+00 -3.2112361231e+00
2.8422835636e-04 2.7009496021e+04 1.5707963268e+00 -3.2120883232e+00
2.8436173141e-04 2.7028637310e+04 1.5707963268e+00 -3.2129393151e+00
2.8449506025e-04 2.7047788525e+04 1.5707963268e+00 -3.2137891009e+00
2.8462834293e-04 2.7066949650e+04 1.5707963268e+00 -3.2146376824e+00
2.8476157955e-04 2.7086120673e+04 1.5707963268e+00 -3.2154850617e+00
2.8489477016e-04 2.7105301578e+04 1.5707963268e+00 -3.2163312405e+00
2.8502791486e-04 2.7124492352e+04 1.5707963268e+00 -3.2171762209e+00
2.8516101370e-04 2.7143692980e+04 1.5707963268e+00 -3.2180200049e+00
2.8529406676e-04 2.7162903447e+04 1.5707963268e+00 -3.2188625942e+00
2.8542707411e-04 2.7182123740e+04 1.5707963268e+00 -3.2197039909e+00
2.8556003583e-04 2.7201353845e+04 1.5707963268e+00 -3.2205441969e+00
2.8569295199e-04 2.7220593747e+04 1.5707963268e+00 -3.2213832140e+00
2.8582582266e-04 2.7239843432e+04 1.5707963268e+00 -3.2222210442e+00
2.8595864792e-04 2.7259102886e+04 1.5707963268e+00 -3.2230576895e+00
2.8609142783e-04 2.7278372095e+04 1.5707963268e+00 -3.2238931517e+00
2.8622416246e-04 2.7297651044e+04 1.5707963268e+00 -3.2247274327e+00
2.8635685190e-04 2.7316939720e+04 1.5707963268e+00 -3.2255605345e+00
2.8648949621e-04 2.7336238108e+04 1.5707963268e+00 -3.2263924589e+00
2.8662209546e-04 2.7355546195e+04 1.5707963268e+00 -3.2272232079e+00
2.8675464973e-04 2.7374863966e+04 1.5707963268e+00 -3.2280527833e+00
2.8688715908e-04 2.7394191408e+04 1.5707963268e+00 -3.2288811871e+00
2.8701962359e-04 2.7413528505e+04 1.5707963268e+00 -3.2297084211e+00
2.8715204332e-04 2.7432875245e+04 1.5707963268e+00 -3.2305344873e+00
2.8728441836e-04 2.7452231613e+04 1.5707963268e+00 -3.2313593875e+00
2.8741674877e-04 2.7471597595e+04 1.5707963268e+00 -3.2321831236e+00
2.8754903461e-04 2.7490973177e+04 1.5707963268e+00 -3.2330056975e+00
2.8768127597e-04 2.7510358346e+04 1.5707963268e+00 -3.2338271111e+00
2.8781347292e-04 2.7529753087e+04 1.5707963268e+00 -3.2346473663e+00
2.8794562551e-04 2.7549157386e+04 1.5707963268e+00 -3.2354664649e+00
2.8807773383e-04 2.7568571230e+04 1.5707963268e+00 -3.2362844088e+00
2.8820979794e-04 2.7587994604e+04 1.5707963268e+00 -3.2371011999e+00
2.8834181792e-04 2.7607427494e+04 1.5707963268e+00 -3.2379168401e+00
2.8847379383e-04 2.7626869888e+04 1.5707963268e+00 -3.2387313312e+00
2.8860572574e-04 2.7646321770e+04 1.5707963268e+00 -3.2395446752e+00
2.8873761373e-04 2.7665783128e+04 1.5707963268e+00 -3.2403568737e+00
2.8886945786e-04 2.7685253946e+04 1.5707963268e+00 -3.2411679288e+00
2.8900125820e-04 2.7704734212e+04 1.5707963268e+00 -3.2419778423e+00
2.8913301482e-04 2.7724223912e+04 1.5707963268e+00 -3.2427866160e+00
2.8926472780e-04 2.7743723031e+04 1.5707963268e+00 -3.2435942518e+00
2.8939639719e-04 2.7763231556e+04 1.5707963268e+00 -3.2444007516e+00
2.8952802307e-04 2.7782749474e+04 1.5707963268e+00 -3.2452061171e+00
2.8965960552e-04 2.7802276770e+04 1.5707963268e+00 -3.2460103503e+00
2.8979114459e-04 2.7821813430e+04 1.5707963268e+00 -3.2468134529e+00
2.8992264035e-04 2.7841359442e+04 1.5707963268e+00 -3.2476154269e+00
2.9005409288e-04 2.7860914791e+04 1.5707963268e+00 -3.2484162740e+00
2.9018550224e-04 2.7880479464e+04 1.5707963268e+00 -3.2492159961e+00
2.9031686850e-04 2.7900053447e+04 1.5707963268e+00 -3.2500145951e+00
2.9044819174e-04 2.7919636726e+04 1.5707963268e+00 -3.2508120727e+00
2.9057947200e-04 2.7939229287e+04 1.5707963268e+00 -3.2516084308e+00
2.9071070938e-04 2.7958831118e+04 1.5707963268e+00 -3.2524036712e+00
2.9084190393e-04 2.7978442204e+04 1.5707963268e+00 -3.2531977957e+00
2.9097305571e-04 2.7998062533e+04 1.5707963268e+00 -3.2539908062e+00
2.9110416481e-04 2.8017692089e+04 1.5707963268e+00 -3.2547827045e+00
2.9123523128e-04 2.8037330860e+04 1.5707963268e+00 -3.2555734924e+00
2.9136625520e-04 2.8056978832e+04 1.5707963268e+00 -3.2563631716e+00
2.9149723663e-04 2.8076635992e+04 1.5707963268e+00 -3.2571517441e+00
2.9162817563e-04 2.8096302326e+04 1.5707963268e+00 -3.2579392117e+00
2.9175907228e-04 2.8115977821e+04 1.5707963268e+00 -3.2587255760e+00
2.9188992664e-04 2.8135662463e+04 1.5707963268e+00 -3.2595108390e+00
2.9202073878e-04 2.8155356238e+04 1.5707963268e+00 -3.2602950025e+00
2.9215150877e-04 2.8175059133e+04 1.5707963268e+00 -3.2610780681e+00
2.9228223667e-04 2.8194771136e+04 1.5707963268e+00 -3.2618600378e+00
2.9241292254e-04 2.8214492231e+04 1.5707963268e+00 -3.2626409134e+00
2.9254356646e-04 2.8234222407e+04 1.5707963268e+00 -3.2634206965e+00
2.9267416849e-04 2.8253961649e+04 1.5707963268e+00 -3.2641993891e+00
2.9280472870e-04 2.8273709944e+04 1.5707963268e+00 -3.2649769928e+00
2.9293524715e-04 2.8293467279e+04 1.5707963268e+00 -3.2657535096e+00
2.9306572391e-04 2.8313233641e+04 1.5707963268e+00 -3.2665289411e+00
2.9319615905e-04 2.8333009015e+04 1.5707963268e+00 -3.2673032891e+00
2.9332655263e-04 2.8352793389e+04 1.5707963268e+00 -3.2680765554e+00
2.9345690471e-04 2.8372586750e+04 1.5707963268e+00 -3.2688487419e+00
2.9358721536e-04 2.8392389084e+04 1.5707963268e+00 -3.2696198502e+00
2.9371748465e-04 2.8412200378e+04 1.5707963268e+00 -3.2703898821e+00
2.9384771264e-04 2.8432020618e+04 1.5707963268e+00 -3.2711588394e+00
2.9397789940e-04 2.8451849792e+04 1.5707963268e+00 -3.2719267238e+00
2.9410804499e-04 2.8471687886e+04 1.5707963268e+00 -3.2726935372e+00
2.9423814948e-04 2.8491534887e+04 1.5707963268e+00 -3.2734592813e+00
2.9436821293e-04 2.8511390782e+04 1.5707963268e+00 -3.2742239578e+00
2.9449823541e-04 2.8531255558e+04 1.5707963268e+00 -3.2749875684e+00
2.9462821697e-04 2.8551129200e+04 1.5707963268e+00 -3.2757501151e+00
2.9475815769e-04 2.8571011698e+04 1.5707963268e+00 -3.2765115994e+00
2.9488805763e-04 2.8590903036e+04 1.5707963268e+00 -3.2772720231e+00
2.9501791686e-04 2.8610803203e+04 1.5707963268e+00 -3.2780313880e+00
2.9514773543e-04 2.8630712184e+04 1.5707963268e+00 -3.2787896958e+00
2.9527751342e-04 2.8650629967e+04 1.5707963268e+00 -3.2795469483e+00
2.9540725087e-04 2.8670556539e+04 1.5707963268e+00 -3.2803031472e+00
2.9553694787e-04 2.8690491887e+04 1.5707963268e+00 -3.2810582942e+00
2.9566660448e-04 2.8710435998e+04 1.5707963268e+00 -3.2818123910e+00
2.9579622074e-04 2.8730388858e+04 1.5707963268e+00 -3.2825654394e+00
2.9592579674e-04 2.8750350455e+04 1.5707963268e+00 -3.2833174412e+00
2.9605533253e-04 2.8770320776e+04 1.5707963268e+00 -3.2840683979e+00
2.9618482818e-04 2.8790299808e+04 1.5707963268e+00 -3.2848183115e+00
2.9631428375e-04 2.8810287537e+04 1.5707963268e+00 -3.2855671835e+00
2.9644369930e-04 2.8830283951e+04 1.5707963268e+00 -3.2863150157e+00
2.9657307489e-04 2.8850289037e+04 1.5707963268e+00 -3.2870618098e+00
2.9670241059e-04 2.8870302783e+04 1.5707963268e+00 -3.2878075675e+00
2.9683170647e-04 2.8890325174e+04 1.5707963268e+00 -3.2885522905e+00
2.9696096257e-04 2.8910356198e+04 1.5707963268e+00 -3.2892959805e+00
2.9709017897e-04 2.8930395843e+04 1.5707963268e+00 -3.2900386393e+00
2.9721935573e-04 2.8950444096e+04 1.5707963268e+00 -3.2907802685e+00
2.9734849291e-04 2.8970500943e+04 1.5707963268e+00 -3.2915208698e+00
2.9747759057e-04 2.8990566372e+04 1.5707963268e+00 -3.2922604450e+00
2.9760664878e-04 2.9010640371e+04 1.5707963268e+00 -3.2929989957e+00
2.9773566759e-04 2.9030722925e+04 1.5707963268e+00 -3.2937365236e+00
2.9786464706e-04 2.9050814023e+04 1.5707963268e+00 -3.2944730303e+00
2.9799358727e-04 2.9070913652e+04 1.5707963268e+00 -3.2952085177e+00
2.9812248827e-04 2.9091021799e+04 1.5707963268e+00 -3.2959429873e+00
2.9825135012e-04 2.9111138452e+04 1.5707963268e+00 -3.2966764409e+00
2.9838017288e-04 2.9131263597e+04 1.5707963268e+00 -3.2974088801e+00
2.9850895662e-04 2.9151397222e+04 1.5707963268e+00 -3.2981403066e+00
2.9863770139e-04 2.9171539315e+04 1.5707963268e+00 -3.2988707220e+00
2.9876640726e-04 2.9191689862e+04 1.5707963268e+00 -3.2996001281e+00
2.9889507429e-04 2.9211848851e+04 1.5707963268e+00 -3.3003285266e+00
2.9902370254e-04 2.9232016270e+04 1.5707963268e+00 -3.3010559190e+00
2.9915229206e-04 2.9252192105e+04 1.5707963268e+00 -3.3017823070e+00
2.9928084293e-04 2.9272376345e+04 1.5707963268e+00 -3.3025076923e+00
2.9940935519e-04 2.9292568976e+04 1.5707963268e+00 -3.3032320766e+00
2.9953782892e-04 2.9312769987e+04 1.5707963268e+00 -3.3039554615e+00
2.9966626416e-04 2.9332979364e+04 1.5707963268e+00 -3.3046778487e+00
2.9979466099e-04 2.9353197095e+04 1.5707963268e+00 -3.3053992397e+00
2.9992301945e-04 2.9373423168e+04 1.5707963268e+00 -3.3061196364e+00
3.0005133962e-04 2.9393657569e+04 1.5707963268e+00 -3.3068390402e+00
3.0017962155e-04 2.9413900288e+04 1.5707963268e+00 -3.3075574529e+00
3.0030786530e-04 2.9434151310e+04 1.5707963268e+00 -3.3082748761e+00
3.0043607092e-04 2.9454410624e+04 1.5707963268e+00 -3.3089913115e+00
3.0056423849e-04 2.9474678217e+04 1.5707963268e+00 -3.3097067605e+00
3.0069236805e-04 2.9494954078e+04 1.5707963268e+00 -3.3104212250e+00
3.0082045967e-04 2.9515238192e+04 1.5707963268e+00 -3.3111347066e+00
3.0094851341e-04 2.9535530549e+04 1.5707963268e+00 -3.3118472067e+00
3.0107652933e-04 2.9555831135e+04 1.5707963268e+00 -3.3125587272e+00
3.0120450748e-04 2.9576139939e+04 1.5707963268e+00 -3.3132692695e+00
3.0133244792e-04 2.9596456948e+04 1.5707963268e+00 -3.3139788354e+00
3.0146035072e-04 2.9616782150e+04 1.5707963268e+00 -3.3146874265e+00
3.0158821592e-04 2.9637115532e+04 1.5707963268e+00 -3.3153950443e+00
3.0171604360e-04 2.9657457082e+04 1.5707963268e+00 -3.3161016904e+00
3.0184383380e-04 2.9677806788e+04 1.5707963268e+00 -3.3168073665e+00
3.0197158659e-04 2.9698164638e+04 1.5707963268e+00 -3.3175120743e+00
3.0209930203e-04 2.9718530619e+04 1.5707963268e+00 -3.3182158152e+00
3.0222698017e-04 2.9738904719e+04 1.5707963268e+00 -3.3189185909e+00
3.0235462107e-04 2.9759286926e+04 1.5707963268e+00 -3.3196204030e+00
3.0248222478e-04 2.9779677229e+04 1.5707963268e+00 -3.3203212532e+00
3.0260979138e-04 2.9800075613e+04 1.5707963268e+00 -3.3210211429e+00
3.0273732090e-04 2.9820482069e+04 1.5707963268e+00 -3.3217200737e+00
3.0286481342e-04 2.9840896582e+04 1.5707963268e+00 -3.3224180474e+00
3.0299226899e-04 2.9861319142e+04 1.5707963268e+00 -3.3231150654e+00
3.0311968767e-04 2.9881749737e+04 1.5707963268e+00 -3.3238111294e+00
3.0324706950e-04 2.9902188353e+04 1.5707963268e+00 -3.3245062409e+00
3.0337441456e-04 2.9922634979e+04 1.5707963268e+00 -3.3252004015e+00
3.0350172290e-04 2.9943089603e+04 1.5707963268e+00 -3.3258936128e+00
3.0362899457e-04 2.9963552213e+04 1.5707963268e+00 -3.3265858764e+00
3.0375622964e-04 2.9984022797e+04 1.5707963268e+00 -3.3272771938e+00
3.0388342815e-04 3.0004501343e+04 1.5707963268e+00 -3.3279675666e+00
3.0401059017e-04 3.0024987839e+04 1.5707963268e+00 -3.3286569964e+00
3.0413771575e-04 3.0045482273e+04 1.5707963268e+00 -3.3293454847e+00
3.0426480494e-04 3.0065984632e+04 1.5707963268e+00 -3.3300330331e+00
3.0439185782e-04 3.0086494906e+04 1.5707963268e+00 -3.3307196432e+00
3.0451887442e-04 3.0107013082e+04 1.5707963268e+00 -3.3314053166e+00
3.0464585481e-04 3.0127539148e+04 1.5707963268e+00 -3.3320900547e+00
3.0477279904e-04 3.0148073092e+04 1.5707963268e+00 -3.3327738591e+00
3.0489970718e-04 3.0168614903e+04 1.5707963268e+00 -3.3334567314e+00
3.0502657926e-04 3.0189164569e+04 1.5707963268e+00 -3.3341386731e+00
3.0515341536e-04 3.0209722077e+04 1.5707963268e+00 -3.3348196859e+00
3.0528021553e-04 3.0230287416e+04 1.5707963268e+00 -3.3354997711e+00
3.0540697981e-04 3.0250860575e+04 1.5707963268e+00 -3.3361789304e+00
3.0553370827e-04 3.0271441540e+04 1.5707963268e+00 -3.3368571653e+00
3.0566040097e-04 3.0292030301e+04 1.5707963268e+00 -3.3375344773e+00
3.0578705795e-04 3.0312626846e+04 1.5707963268e+00 -3.3382108680e+00
3.0591367928e-04 3.0333231163e+04 1.5707963268e+00 -3.3388863389e+00
3.0604026501e-04 3.0353843241e+04 1.5707963268e+00 -3.3395608916e+00
3.0616681518e-04 3.0374463067e+04 1.5707963268e+00 -3.3402345275e+00
3.0629332987e-04 3.0395090630e+04 1.5707963268e+00 -3.3409072481e+00
3.0641980912e-04 3.0415725918e+04 1.5707963268e+00 -3.3415790551e+00
3.0654625298e-04 3.0436368920e+04 1.5707963268e+00 -3.3422499499e+00
3.0667266152e-04 3.0457019623e+04 1.5707963268e+00 -3.3429199340e+00
3.0679903478e-04 3.0477678017e+04 1.5707963268e+00 -3.3435890089e+00
3.0692537283e-04 3.0498344090e+04 1.5707963268e+00 -3.3442571763e+00
3.0705167571e-04 3.0519017830e+04 1.5707963268e+00 -3.3449244375e+00
3.0717794348e-04 3.0539699225e+04 1.5707963268e+00 -3.3455907940e+00
3.0730417619e-04 3.0560388265e+04 1.5707963268e+00 -3.3462562475e+00
3.0743037390e-04 3.0581084936e+04 1.5707963268e+00 -3.3469207993e+00
3.0755653666e-04 3.0601789229e+04 1.5707963268e+00 -3.3475844510e+00
3.0768266452e-04 3.0622501131e+04 1.5707963268e+00 -3.3482472041e+00
3.0780875754e-04 3.0643220631e+04 1.5707963268e+00 -3.3489090600e+00
3.0793481578e-04 3.0663947717e+04 1.5707963268e+00 -3.3495700203e+00
3.0806083927e-04 3.0684682378e+04 1.5707963268e+00 -3.3502300865e+00
3.0818682809e-04 3.0705424603e+04 1.5707963268e+00 -3.3508892600e+00
3.0831278228e-04 3.0726174379e+04 1.5707963268e+00 -3.3515475423e+00
3.0843870190e-04 3.0746931696e+04 1.5707963268e+00 -3.3522049350e+00
3.0856458699e-04 3.0767696543e+04 1.5707963268e+00 -3.3528614394e+00
3.0869043762e-04 3.0788468907e+04 1.5707963268e+00 -3.3535170571e+00
3.0881625383e-04 3.0809248778e+04 1.5707963268e+00 -3.3541717895e+00
3.0894203567e-04 3.0830036144e+04 1.5707963268e+00 -3.3548256381e+00
3.0906778321e-04 3.0850830993e+04 1.5707963268e+00 -3.3554786045e+00
3.0919349649e-04 3.0871633315e+04 1.5707963268e+00 -3.3561306899e+00
3.0931917556e-04 3.0892443098e+04 1.5707963268e+00 -3.3567818960e+00
3.0944482048e-04 3.0913260331e+04 1.5707963268e+00 -3.3574322242e+00
3.0957043130e-04 3.0934085003e+04 1.5707963268e+00 -3.3580816759e+00
3.0969600807e-04 3.0954917102e+04 1.5707963268e+00 -3.3587302526e+00
3.0982155085e-04 3.0975756617e+04 1.5707963268e+00 -3.3593779557e+00
3.0994705968e-04 3.0996603536e+04 1.5707963268e+00 -3.3600247867e+00
3.1007253462e-04 3.1017457850e+04 1.5707963268e+00 -3.3606707471e+00
3.1019797571e-04 3.1038319546e+04 1.5707963268e+00 -3.3613158384e+00
3.1032338302e-04 3.1059188613e+04 1.5707963268e+00 -3.3619600618e+00
3.1044875660e-04 3.1080065040e+04 1.5707963268e+00 -3.3626034190e+00
3.1057409649e-04 3.1100948816e+04 1.5707963268e+00 -3.3632459112e+00
3.1069940274e-04 3.1121839930e+04 1.5707963268e+00 -3.3638875401e+00
3.1082467541e-04 3.1142738371e+04 1.5707963268e+00 -3.3645283070e+00
3.1094991455e-04 3.1163644128e+04 1.5707963268e+00 -3.3651682133e+00
3.1107512021e-04 3.1184557189e+04 1.5707963268e+00 -3.3658072605e+00
3.1120029244e-04 3.1205477543e+04 1.5707963268e+00 -3.3664454500e+00
3.1132543130e-04 3.1226405180e+04 1.5707963268e+00 -3.3670827832e+00
3.1145053682e-04 3.1247340088e+04 1.5707963268e+00 -3.3677192616e+00
3.1157560907e-04 3.1268282257e+04 1.5707963268e+00 -3.3683548866e+00
3.1170064810e-04 3.1289231675e+04 1.5707963268e+00 -3.3689896595e+00
3.1182565395e-04 3.1310188332e+04 1.5707963268e+00 -3.3696235819e+00
3.1195062667e-04 3.1331152216e+04 1.5707963268e+00 -3.3702566551e+00
3.1207556632e-04 3.1352123316e+04 1.5707963268e+00 -3.3708888806e+00
3.1220047295e-04 3.1373101622e+04 1.5707963268e+00 -3.3715202597e+00
3.1232534661e-04 3.1394087123e+04 1.5707963268e+00 -3.3721507939e+00
3.1245018734e-04 3.1415079807e+04 1.5707963268e+00 -3.3727804846e+00
3.1257499520e-04 3.1436079664e+04 1.5707963268e+00 -3.3734093331e+00
3.1269977023e-04 3.1457086684e+04 1.5707963268e+00 -3.3740373409e+00
3.1282451250e-04 3.1478100854e+04 1.5707963268e+00 -3.3746645094e+00
3.1294922203e-04 3.1499122165e+04 1.5707963268e+00 -3.3752908399e+00
3.1307389890e-04 3.1520150605e+04 1.5707963268e+00 -3.3759163339e+00
3.1319854314e-04 3.1541186163e+04 1.5707963268e+00 -3.3765409928e+00
3.1332315481e-04 3.1562228830e+04 1.5707963268e+00 -3.3771648179e+00
3.1344773395e-04 3.1583278594e+04 1.5707963268e+00 -3.3777878107e+00
3.1357228062e-04 3.1604335444e+04 1.5707963268e+00 -3.3784099724e+00
3.1369679486e-04 3.1625399369e+04 1.5707963268e+00 -3.3790313046e+00
3.1382127672e-04 3.1646470360e+04 1.5707963268e+00 -3.3796518085e+00
3.1394572625e-04 3.1667548404e+04 1.5707963268e+00 -3.3802714856e+00
3.1407014351e-04 3.1688633492e+04 1.5707963268e+00 -3.3808903372e+00
3.1419452853e-04 3.1709725613e+04 1.5707963268e+00 -3.3815083648e+00
3.1431888138e-04 3.1730824756e+04 1.5707963268e+00 -3.3821255696e+00
3.1444320209e-04 3.1751930910e+04 1.5707963268e+00 -3.3827419530e+00
3.1456749072e-04 3.1773044065e+04 1.5707963268e+00 -3.3833575165e+00
3.1469174731e-04 3.1794164211e+04 1.5707963268e+00 -3.3839722613e+00
3.1481597191e-04 3.1815291335e+04 1.5707963268e+00 -3.3845861889e+00
3.1494016458e-04 3.1836425429e+04 1.5707963268e+00 -3.3851993005e+00
3.1506432535e-04 3.1857566482e+04 1.5707963268e+00 -3.3858115976e+00
3.1518845429e-04 3.1878714482e+04 1.5707963268e+00 -3.3864230815e+00
3.1531255142e-04 3.1899869420e+04 1.5707963268e+00 -3.3870337536e+00
3.1543661682e-04 3.1921031284e+04 1.5707963268e+00 -3.3876436152e+00
3.1556065051e-04 3.1942200065e+04 1.5707963268e+00 -3.3882526676e+00
3.1568465255e-04 3.1963375751e+04 1.5707963268e+00 -3.3888609123e+00
3.1580862300e-04 3.1984558333e+04 1.5707963268e+00 -3.3894683504e+00
3.1593256188e-04 3.2005747800e+04 1.5707963268e+00 -3.3900749835e+00
3.1605646926e-04 3.2026944141e+04 1.5707963268e+00 -3.3906808128e+00
3.1618034518e-04 3.2048147346e+04 1.5707963268e+00 -3.3912858396e+00
3.1630418969e-04 3.2069357405e+04 1.5707963268e+00 -3.3918900654e+00
3.1642800283e-04 3.2090574307e+04 1.5707963268e+00 -3.3924934913e+00
3.1655178465e-04 3.2111798042e+04 1.5707963268e+00 -3.3930961188e+00
3.1667553521e-04 3.2133028600e+04 1.5707963268e+00 -3.3936979492e+00
3.1679925453e-04 3.2154265969e+04 1.5707963268e+00 -3.3942989838e+00
3.1692294269e-04 3.2175510141e+04 1.5707963268e+00 -3.3948992240e+00
3.1704659971e-04 3.2196761103e+04 1.5707963268e+00 -3.3954986709e+00
3.1717022565e-04 3.2218018847e+04 1.5707963268e+00 -3.3960973261e+00
3.1729382055e-04 3.2239283362e+04 1.5707963268e+00 -3.3966951907e+00
3.1741738447e-04 3.2260554637e+04 1.5707963268e+00 -3.3972922661e+00
3.1754091744e-04 3.2281832663e+04 1.5707963268e+00 -3.3978885537e+00
3.1766441951e-04 3.2303117429e+04 1.5707963268e+00 -3.3984840546e+00
3.1778789073e-04 3.2324408924e+04 1.5707963268e+00 -3.3990787703e+00
3.1791133115e-04 3.2345707140e+04 1.5707963268e+00 -3.3996727020e+00
3.1803474081e-04 3.2367012065e+04 1.5707963268e+00 -3.4002658510e+00
3.1815811976e-04 3.2388323689e+04 1.5707963268e+00 -3.4008582187e+00
3.1828146805e-04 3.2409642002e+04 1.5707963268e+00 -3.4014498062e+00
3.1840478571e-04 3.2430966994e+04 1.5707963268e+00 -3.4020406150e+00
3.1852807280e-04 3.2452298655e+04 1.5707963268e+00 -3.4026306464e+00
3.1865132936e-04 3.2473636975e+04 1.5707963268e+00 -3.4032199015e+00
3.1877455544e-04 3.2494981944e+04 1.5707963268e+00 -3.4038083817e+00
3.1889775108e-04 3.2516333551e+04 1.5707963268e+00 -3.4043960883e+00
3.1902091634e-04 3.2537691786e+04 1.5707963268e+00 -3.4049830226e+00
3.1914405124e-04 3.2559056640e+04 1.5707963268e+00 -3.4055691858e+00
3.1926715585e-04 3.2580428102e+04 1.5707963268e+00 -3.4061545792e+00
3.1939023020e-04 3.2601806163e+04 1.5707963268e+00 -3.4067392042e+00
3.1951327434e-04 3.2623190812e+04 1.5707963268e+00 -3.4073230619e+00
3.1963628831e-04 3.2644582039e+04 1.5707963268e+00 -3.4079061537e+00
3.1975927217e-04 3.2665979835e+04 1.5707963268e+00 -3.4084884808e+00
3.1988222595e-04 3.2687384189e+04 1.5707963268e+00 -3.4090700445e+00
3.2000514970e-04 3.2708795091e+04 1.5707963268e+00 -3.4096508461e+00
3.2012804347e-04 3.2730212533e+04 1.5707963268e+00 -3.4102308868e+00
3.2025090729e-04 3.2751636502e+04 1.5707963268e+00 -3.4108101679e+00
3.2037374122e-04 3.2773066991e+04 1.5707963268e+00 -3.4113886906e+00
3.2049654530e-04 3.2794503988e+04 1.5707963268e+00 -3.4119664563e+00
3.2061931957e-04 3.2815947484e+04 1.5707963268e+00 -3.4125434661e+00
3.2074206408e-04 3.2837397470e+04 1.5707963268e+00 -3.4131197213e+00
3.2086477887e-04 3.2858853934e+04 1.5707963268e+00 -3.4136952232e+00
3.2098746398e-04 3.2880316868e+04 1.5707963268e+00 -3.4142699730e+00
3.2111011947e-04 3.2901786262e+04 1.5707963268e+00 -3.4148439720e+00
3.2123274537e-04 3.2923262105e+04 1.5707963268e+00 -3.4154172213e+00
3.2135534173e-04 3.2944744389e+04 1.5707963268e+00 -3.4159897224e+00
3.2147790859e-04 3.2966233103e+04 1.5707963268e+00 -3.4165614763e+00
3.2160044599e-04 3.2987728237e+04 1.5707963268e+00 -3.4171324843e+00
3.2172295399e-04 3.3009229782e+04 1.5707963268e+00 -3.4177027478e+00
3.2184543262e-04 3.3030737728e+04 1.5707963268e+00 -3.4182722678e+00
3.2196788193e-04 3.3052252066e+04 1.5707963268e+00 -3.4188410456e+00
3.2209030195e-04 3.3073772785e+04 1.5707963268e+00 -3.4194090825e+00
3.2221269274e-04 3.3095299876e+04 1.5707963268e+00 -3.4199763797e+00
3.2233505434e-04 3.3116833330e+04 1.5707963268e+00 -3.4205429384e+00
3.2245738679e-04 3.3138373136e+04 1.5707963268e+00 -3.4211087599e+00
3.2257969013e-04 3.3159919286e+04 1.5707963268e+00 -3.4216738453e+00
3.2270196441e-04 3.3181471769e+04 1.5707963268e+00 -3.4222381958e+00
3.2282420966e-04 3.3203030576e+04 1.5707963268e+00 -3.4228018128e+00
3.2294642594e-04 3.3224595697e+04 1.5707963268e+00 -3.4233646974e+00
3.2306861329e-04 3.3246167122e+04 1.5707963268e+00 -3.4239268508e+00
3.2319077174e-04 3.3267744843e+04 1.5707963268e+00 -3.4244882743e+00
3.2331290135e-04 3.3289328850e+04 1.5707963268e+00 -3.4250489689e+00
3.2343500214e-04 3.3310919132e+04 1.5707963268e+00 -3.4256089361e+00
3.2355707418e-04 3.3332515682e+04 1.5707963268e+00 -3.4261681768e+00
3.2367911749e-04 3.3354118488e+04 1.5707963268e+00 -3.4267266924e+00
3.2380113212e-04 3.3375727542e+04 1.5707963268e+00 -3.4272844841e+00
3.2392311812e-04 3.3397342834e+04 1.5707963268e+00 -3.4278415531e+00
3.2404507552e-04 3.3418964355e+04 1.5707963268e+00 -3.4283979004e+00
3.2416700437e-04 3.3440592095e+04 1.5707963268e+00 -3.4289535274e+00
3.2428890471e-04 3.3462226045e+04 1.5707963268e+00 -3.4295084353e+00
3.2441077658e-04 3.3483866195e+04 1.5707963268e+00 -3.4300626251e+00
3.2453262002e-04 3.3505512536e+04 1.5707963268e+00 -3.4306160982e+00
3.2465443508e-04 3.3527165059e+04 1.5707963268e+00 -3.4311688557e+00
3.2477622180e-04 3.3548823755e+04 1.5707963268e+00 -3.4317208987e+00
3.2489798022e-04 3.3570488613e+04 1.5707963268e+00 -3.4322722285e+00
3.2501971037e-04 3.3592159625e+04 1.5707963268e+00 -3.4328228462e+00
3.2514141231e-04 3.3613836781e+04 1.5707963268e+00 -3.4333727530e+00
3.2526308607e-04 3.3635520072e+04 1.5707963268e+00 -3.4339219502e+00
3.2538473170e-04 3.3657209489e+04 1.5707963268e+00 -3.4344704387e+00
3.2550634923e-04 3.3678905023e+04 1.5707963268e+00 -3.4350182200e+00
3.2562793872e-04 3.3700606663e+04 1.5707963268e+00 -3.4355652950e+00
3.2574950018e-04 3.3722314402e+04 1.5707963268e+00 -3.4361116649e+00
3.2587103368e-04 3.3744028229e+04 1.5707963268e+00 -3.4366573310e+00
3.2599253925e-04 3.3765748136e+04 1.5707963268e+00 -3.4372022944e+00
3.2611401694e-04 3.3787474113e+04 1.5707963268e+00 -3.4377465562e+00
3.2623546677e-04 3.3809206151e+04 1.5707963268e+00 -3.4382901177e+00
3.2635688880e-04 3.3830944241e+04 1.5707963268e+00 -3.4388329799e+00
3.2647828306e-04 3.3852688374e+04 1.5707963268e+00 -3.4393751440e+00
3.2659964960e-04 3.3874438541e+04 1.5707963268e+00 -3.4399166112e+00
3.2672098845e-04 3.3896194732e+04 1.5707963268e+00 -3.4404573827e+00
3.2684229966e-04 3.3917956938e+04 1.5707963268e+00 -3.4409974594e+00
3.2696358326e-04 3.3939725151e+04 1.5707963268e+00 -3.4415368427e+00
3.2708483930e-04 3.3961499361e+04 1.5707963268e+00 -3.4420755337e+00
3.2720606782e-04 3.3983279559e+04 1.5707963268e+00 -3.4426135335e+00
3.2732726885e-04 3.4005065737e+04 1.5707963268e+00 -3.4431508432e+00
3.2744844244e-04 3.4026857884e+04 1.5707963268e+00 -3.4436874639e+00
3.2756958863e-04 3.4048655992e+04 1.5707963268e+00 -3.4442233969e+00
3.2769070746e-04 3.4070460053e+04 1.5707963268e+00 -3.4447586433e+00
3.2781179896e-04 3.4092270056e+04 1.5707963268e+00 -3.4452932041e+00
3.2793286318e-04 3.4114085994e+04 1.5707963268e+00 -3.4458270805e+00
3.2805390016e-04 3.4135907856e+04 1.5707963268e+00 -3.4463602737e+00
3.2817490993e-04 3.4157735635e+04 1.5707963268e+00 -3.4468927847e+00
3.2829589254e-04 3.4179569321e+04 1.5707963268e+00 -3.4474246147e+00
3.2841684802e-04 3.4201408905e+04 1.5707963268e+00 -3.4479557648e+00
3.2853777642e-04 3.4223254378e+04 1.5707963268e+00 -3.4484862362e+00
3.2865867777e-04 3.4245105732e+04 1.5707963268e+00 -3.4490160298e+00
3.2877955212e-04 3.4266962958e+04 1.5707963268e+00 -3.4495451470e+00
3.2890039950e-04 3.4288826046e+04 1.5707963268e+00 -3.4500735887e+00
3.2902121995e-04 3.4310694988e+04 1.5707963268e+00 -3.4506013561e+00
3.2914201352e-04 3.4332569775e+04 1.5707963268e+00 -3.4511284503e+00
3.2926278023e-04 3.4354450398e+04 1.5707963268e+00 -3.4516548724e+00
3.2938352013e-04 3.4376336848e+04 1.5707963268e+00 -3.4521806235e+00
3.2950423326e-04 3.4398229118e+04 1.5707963268e+00 -3.4527057047e+00
3.2962491966e-04 3.4420127196e+04 1.5707963268e+00 -3.4532301172e+00
3.2974557936e-04 3.4442031076e+04 1.5707963268e+00 -3.4537538619e+00
3.2986621241e-04 3.4463940748e+04 1.5707963268e+00 -3.4542769401e+00
3.2998681884e-04 3.4485856204e+04 1.5707963268e+00 -3.4547993527e+00
3.3010739870e-04 3.4507777434e+04 1.5707963268e+00 -3.4553211010e+00
3.3022795201e-04 3.4529704431e+04 1.5707963268e+00 -3.4558421859e+00
3.3034847882e-04 3.4551637185e+04 1.5707963268e+00 -3.4563626087e+00
3.3046897917e-04 3.4573575687e+04 1.5707963268e+00 -3.4568823703e+00
3.3058945309e-04 3.4595519930e+04 1.5707963268e+00 -3.4574014718e+00
3.3070990063e-04 3.4617469904e+04 1.5707963268e+00 -3.4579199144e+00
3.3083032181e-04 3.4639425600e+04 1.5707963268e+00 -3.4584376992e+00
3.3095071669e-04 3.4661387011e+04 1.5707963268e+00 -3.4589548271e+00
3.3107108530e-04 3.4683354127e+04 1.5707963268e+00 -3.4594712993e+00
3.3119142767e-04 3.4705326940e+04 1.5707963268e+00 -3.4599871169e+00
3.3131174384e-04 3.4727305441e+04 1.5707963268e+00 -3.4605022809e+00
3.3143203385e-04 3.4749289622e+04 1.5707963268e+00 -3.4610167924e+00
3.3155229774e-04 3.4771279474e+04 1.5707963268e+00 -3.4615306525e+00
3.3167253555e-04 3.4793274989e+04 1.5707963268e+00 -3.4620438622e+00
3.3179274731e-04 3.4815276158e+04 1.5707963268e+00 -3.4625564226e+00
3.3191293307e-04 3.4837282972e+04 1.5707963268e+00 -3.4630683348e+00
3.3203309285e-04 3.4859295423e+04 1.5707963268e+00 -3.4635795999e+00
3.3215322670e-04 3.4881313503e+04 1.5707963268e+00 -3.4640902188e+00
3.3227333465e-04 3.4903337203e+04 1.5707963268e+00 -3.4646001927e+00
3.3239341674e-04 3.4925366515e+04 1.5707963268e+00 -3.4651095227e+00
3.3251347301e-04 3.4947401429e+04 1.5707963268e+00 -3.4656182096e+00
3.3263350350e-04 3.4969441939e+04 1.5707963268e+00 -3.4661262548e+00
3.3275350823e-04 3.4991488034e+04 1.5707963268e+00 -3.4666336591e+00
3.3287348726e-04 3.5013539708e+04 1.5707963268e+00 -3.4671404236e+00
3.3299344061e-04 3.5035596951e+04 1.5707963268e+00 -3.4676465494e+00
3.3311336832e-04 3.5057659755e+04 1.5707963268e+00 -3.4681520375e+00
3.3323327044e-04 3.5079728112e+04 1.5707963268e+00 -3.4686568889e+00
3.3335314699e-04 3.5101802013e+04 1.5707963268e+00 -3.4691611048e+00
3.3347299801e-04 3.5123881450e+04 1.5707963268e+00 -3.4696646861e+00
3.3359282354e-04 3.5145966415e+04 1.5707963268e+00 -3.4701676339e+00
3.3371262362e-04 3.5168056900e+04 1.5707963268e+00 -3.4706699493e+00
3.3383239828e-04 3.5190152895e+04 1.5707963268e+00 -3.4711716332e+00
3.3395214756e-04 3.5212254394e+04 1.5707963268e+00 -3.4716726866e+00
3.3407187149e-04 3.5234361386e+04 1.5707963268e+00 -3.4721731107e+00
3.3419157011e-04 3.5256473865e+04 1.5707963268e+00 -3.4726729064e+00
3.3431124346e-04 3.5278591823e+04 1.5707963268e+00 -3.4731720748e+00
3.3443089158e-04 3.5300715249e+04 1.5707963268e+00 -3.4736706169e+00
3.3455051449e-04 3.5322844138e+04 1.5707963268e+00 -3.4741685338e+00
3.3467011224e-04 3.5344978480e+04 1.5707963268e+00 -3.4746658263e+00
3.3478968486e-04 3.5367118267e+04 1.5707963268e+00 -3.4751624957e+00
3.3490923239e-04 3.5389263491e+04 1.5707963268e+00 -3.4756585428e+00
3.3502875485e-04 3.5411414144e+04 1.5707963268e+00 -3.4761539687e+00
3.3514825230e-04 3.5433570217e+04 1.5707963268e+00 -3.4766487744e+00
3.3526772476e-04 3.5455731703e+04 1.5707963268e+00 -3.4771429609e+00
3.3538717228e-04 3.5477898594e+04 1.5707963268e+00 -3.4776365293e+00
