0.0000000000e+00 1.3925595146e+04 1.5707963268e+00 0.0000000000e+00
2.4551374575e-07 1.3925595146e+04 1.5707963268e+00 3.1847133758e-03
4.9102749151e-07 1.3925601443e+04 1.5707963268e+00 6.3694267516e-03
7.3654104248e-07 1.3925614038e+04 1.5707963268e+00 9.5541372471e-03
9.8205420390e-07 1.3925632930e+04 1.5707963268e+00 1.2738841982e-02
1.2275667810e-06 1.3925658119e+04 1.5707963268e+00 1.5923538076e-02
1.4730785790e-06 1.3925689606e+04 1.5707963268e+00 1.9108222649e-02
1.7185894031e-06 1.3925727391e+04 1.5707963268e+00 2.2292892820e-02
1.9640990585e-06 1.3925771474e+04 1.5707963268e+00 2.5477545709e-02
2.2096073505e-06 1.3925821855e+04 1.5707963268e+00 2.8662178435e-02
2.4551140843e-06 1.3925878535e+04 1.5707963268e+00 3.1846788119e-02
2.7006190651e-06 1.3925941514e+04 1.5707963268e+00 3.5031371879e-02
2.9461220982e-06 1.3926010793e+04 1.5707963268e+00 3.8215926835e-02
3.1916229887e-06 1.3926086372e+04 1.5707963268e+00 4.1400450105e-02
3.4371215419e-06 1.3926168252e+04 1.5707963268e+00 4.4584938810e-02
3.6826175630e-06 1.3926256433e+04 1.5707963268e+00 4.7769390068e-02
3.9281108572e-06 1.3926350916e+04 1.5707963268e+00 5.0953800997e-02
4.1736012298e-06 1.3926451702e+04 1.5707963268e+00 5.4138168717e-02
4.4190884860e-06 1.3926558792e+04 1.5707963268e+00 5.7322490345e-02
4.6645724309e-06 1.3926672186e+04 1.5707963268e+00 6.0506763002e-02
4.9100528698e-06 1.3926791886e+04 1.5707963268e+00 6.3690983803e-02
5.1555296079e-06 1.3926917892e+04 1.5707963268e+00 6.6875149868e-02
5.4010024505e-06 1.3927050205e+04 1.5707963268e+00 7.0059258314e-02
5.6464712027e-06 1.3927188826e+04 1.5707963268e+00 7.3243306258e-02
5.8919356697e-06 1.3927333757e+04 1.5707963268e+00 7.6427290818e-02
6.1373956567e-06 1.3927484999e+04 1.5707963268e+00 7.9611209111e-02
6.3828509690e-06 1.3927642552e+04 1.5707963268e+00 8.2795058254e-02
6.6283014117e-06 1.3927806419e+04 1.5707963268e+00 8.5978835362e-02
6.8737467900e-06 1.3927976600e+04 1.5707963268e+00 8.9162537553e-02
7.1191869092e-06 1.3928153096e+04 1.5707963268e+00 9.2346161941e-02
7.3646215744e-06 1.3928335910e+04 1.5707963268e+00 9.5529705644e-02
7.6100505907e-06 1.3928525042e+04 1.5707963268e+00 9.8713165775e-02
7.8554737635e-06 1.3928720495e+04 1.5707963268e+00 1.0189653945e-01
8.1008908977e-06 1.3928922269e+04 1.5707963268e+00 1.0507982378e-01
8.3463017987e-06 1.3929130367e+04 1.5707963268e+00 1.0826301589e-01
8.5917062716e-06 1.3929344790e+04 1.5707963268e+00 1.1144611288e-01
8.8371041216e-06 1.3929565540e+04 1.5707963268e+00 1.1462911187e-01
9.0824951538e-06 1.3929792618e+04 1.5707963268e+00 1.1781200998e-01
9.3278791733e-06 1.3930026026e+04 1.5707963268e+00 1.2099480431e-01
9.5732559854e-06 1.3930265767e+04 1.5707963268e+00 1.2417749198e-01
9.8186253951e-06 1.3930511842e+04 1.5707963268e+00 1.2736007010e-01
1.0063987208e-05 1.3930764254e+04 1.5707963268e+00 1.3054253577e-01
1.0309341228e-05 1.3931023003e+04 1.5707963268e+00 1.3372488612e-01
1.0554687262e-05 1.3931288093e+04 1.5707963268e+00 1.3690711826e-01
1.0800025114e-05 1.3931559526e+04 1.5707963268e+00 1.4008922928e-01
1.1045354589e-05 1.3931837303e+04 1.5707963268e+00 1.4327121631e-01
1.1290675492e-05 1.3932121428e+04 1.5707963268e+00 1.4645307645e-01
1.1535987629e-05 1.3932411901e+04 1.5707963268e+00 1.4963480680e-01
1.1781290805e-05 1.3932708727e+04 1.5707963268e+00 1.5281640448e-01
1.2026584825e-05 1.3933011906e+04 1.5707963268e+00 1.5599786660e-01
1.2271869493e-05 1.3933321442e+04 1.5707963268e+00 1.5917919026e-01
1.2517144615e-05 1.3933637337e+04 1.5707963268e+00 1.6236037257e-01
1.2762409996e-05 1.3933959594e+04 1.5707963268e+00 1.6554141062e-01
1.3007665442e-05 1.3934288215e+04 1.5707963268e+00 1.6872230154e-01
1.3252910756e-05 1.3934623203e+04 1.5707963268e+00 1.7190304242e-01
1.3498145745e-05 1.3934964560e+04 1.5707963268e+00 1.7508363037e-01
1.3743370213e-05 1.3935312290e+04 1.5707963268e+00 1.7826406248e-01
1.3988583965e-05 1.3935666395e+04 1.5707963268e+00 1.8144433587e-01
1.4233786806e-05 1.3936026879e+04 1.5707963268e+00 1.8462444763e-01
1.4478978542e-05 1.3936393743e+04 1.5707963268e+00 1.8780439487e-01
1.4724158977e-05 1.3936766992e+04 1.5707963268e+00 1.9098417469e-01
1.4969327917e-05 1.3937146627e+04 1.5707963268e+00 1.9416378418e-01
1.5214485166e-05 1.3937532653e+04 1.5707963268e+00 1.9734322044e-01
1.5459630529e-05 1.3937925072e+04 1.5707963268e+00 2.0052248059e-01
1.5704763812e-05 1.3938323888e+04 1.5707963268e+00 2.0370156170e-01
1.5949884819e-05 1.3938729104e+04 1.5707963268e+00 2.0688046088e-01
1.6194993356e-05 1.3939140722e+04 1.5707963268e+00 2.1005917523e-01
1.6440089227e-05 1.3939558748e+04 1.5707963268e+00 2.1323770184e-01
1.6685172237e-05 1.3939983182e+04 1.5707963268e+00 2.1641603781e-01
1.6930242191e-05 1.3940414031e+04 1.5707963268e+00 2.1959418022e-01
1.7175298895e-05 1.3940851296e+04 1.5707963268e+00 2.2277212619e-01
1.7420342152e-05 1.3941294981e+04 1.5707963268e+00 2.2594987278e-01
1.7665371769e-05 1.3941745091e+04 1.5707963268e+00 2.2912741711e-01
1.7910387549e-05 1.3942201628e+04 1.5707963268e+00 2.3230475625e-01
1.8155389299e-05 1.3942664596e+04 1.5707963268e+00 2.3548188731e-01
1.8400376822e-05 1.3943134000e+04 1.5707963268e+00 2.3865880736e-01
1.8645349924e-05 1.3943609843e+04 1.5707963268e+00 2.4183551350e-01
1.8890308409e-05 1.3944092128e+04 1.5707963268e+00 2.4501200282e-01
1.9135252083e-05 1.3944580860e+04 1.5707963268e+00 2.4818827239e-01
1.9380180750e-05 1.3945076043e+04 1.5707963268e+00 2.5136431932e-01
1.9625094215e-05 1.3945577681e+04 1.5707963268e+00 2.5454014067e-01
1.9869992283e-05 1.3946085777e+04 1.5707963268e+00 2.5771573354e-01
2.0114874759e-05 1.3946600337e+04 1.5707963268e+00 2.6089109502e-01
2.0359741448e-05 1.3947121364e+04 1.5707963268e+00 2.6406622217e-01
2.0604592154e-05 1.3947648862e+04 1.5707963268e+00 2.6724111209e-01
2.0849426682e-05 1.3948182836e+04 1.5707963268e+00 2.7041576184e-01
2.1094244838e-05 1.3948723289e+04 1.5707963268e+00 2.7359016853e-01
2.1339046425e-05 1.3949270228e+04 1.5707963268e+00 2.7676432921e-01
2.1583831249e-05 1.3949823655e+04 1.5707963268e+00 2.7993824097e-01
2.1828599114e-05 1.3950383575e+04 1.5707963268e+00 2.8311190088e-01
2.2073349825e-05 1.3950949993e+04 1.5707963268e+00 2.8628530603e-01
2.2318083188e-05 1.3951522914e+04 1.5707963268e+00 2.8945845348e-01
2.2562799006e-05 1.3952102342e+04 1.5707963268e+00 2.9263134031e-01
2.2807497084e-05 1.3952688282e+04 1.5707963268e+00 2.9580396359e-01
2.3052177228e-05 1.3953280738e+04 1.5707963268e+00 2.9897632039e-01
2.3296839242e-05 1.3953879716e+04 1.5707963268e+00 3.0214840778e-01
2.3541482930e-05 1.3954485220e+04 1.5707963268e+00 3.0532022283e-01
2.3786108097e-05 1.3955097255e+04 1.5707963268e+00 3.0849176262e-01
2.4030714548e-05 1.3955715827e+04 1.5707963268e+00 3.1166302419e-01
2.4275302088e-05 1.3956340939e+04 1.5707963268e+00 3.1483400464e-01
2.4519870521e-05 1.3956972598e+04 1.5707963268e+00 3.1800470101e-01
2.4764419652e-05 1.3957610808e+04 1.5707963268e+00 3.2117511036e-01
2.5008949286e-05 1.3958255575e+04 1.5707963268e+00 3.2434522978e-01
2.5253459227e-05 1.3958906903e+04 1.5707963268e+00 3.2751505631e-01
2.5497949280e-05 1.3959564798e+04 1.5707963268e+00 3.3068458701e-01
2.5742419249e-05 1.3960229266e+04 1.5707963268e+00 3.3385381895e-01
2.5986868940e-05 1.3960900311e+04 1.5707963268e+00 3.3702274918e-01
2.6231298156e-05 1.3961577939e+04 1.5707963268e+00 3.4019137476e-01
2.6475706702e-05 1.3962262156e+04 1.5707963268e+00 3.4335969275e-01
2.6720094384e-05 1.3962952967e+04 1.5707963268e+00 3.4652770019e-01
2.6964461004e-05 1.3963650377e+04 1.5707963268e+00 3.4969539415e-01
2.7208806369e-05 1.3964354393e+04 1.5707963268e+00 3.5286277167e-01
2.7453130283e-05 1.3965065020e+04 1.5707963268e+00 3.5602982981e-01
2.7697432549e-05 1.3965782264e+04 1.5707963268e+00 3.5919656562e-01
2.7941712973e-05 1.3966506130e+04 1.5707963268e+00 3.6236297614e-01
2.8185971360e-05 1.3967236624e+04 1.5707963268e+00 3.6552905842e-01
2.8430207513e-05 1.3967973753e+04 1.5707963268e+00 3.6869480950e-01
2.8674421237e-05 1.3968717521e+04 1.5707963268e+00 3.7186022644e-01
2.8918612337e-05 1.3969467936e+04 1.5707963268e+00 3.7502530627e-01
2.9162780618e-05 1.3970225003e+04 1.5707963268e+00 3.7819004604e-01
2.9406925883e-05 1.3970988729e+04 1.5707963268e+00 3.8135444279e-01
2.9651047937e-05 1.3971759118e+04 1.5707963268e+00 3.8451849355e-01
2.9895146585e-05 1.3972536179e+04 1.5707963268e+00 3.8768219537e-01
3.0139221631e-05 1.3973319916e+04 1.5707963268e+00 3.9084554529e-01
3.0383272879e-05 1.3974110336e+04 1.5707963268e+00 3.9400854032e-01
3.0627300135e-05 1.3974907446e+04 1.5707963268e+00 3.9717117753e-01
3.0871303202e-05 1.3975711251e+04 1.5707963268e+00 4.0033345392e-01
3.1115281885e-05 1.3976521759e+04 1.5707963268e+00 4.0349536654e-01
3.1359235988e-05 1.3977338976e+04 1.5707963268e+00 4.0665691242e-01
3.1603165316e-05 1.3978162908e+04 1.5707963268e+00 4.0981808858e-01
3.1847069673e-05 1.3978993562e+04 1.5707963268e+00 4.1297889205e-01
3.2090948863e-05 1.3979830944e+04 1.5707963268e+00 4.1613931986e-01
3.2334802692e-05 1.3980675062e+04 1.5707963268e+00 4.1929936904e-01
3.2578630963e-05 1.3981525922e+04 1.5707963268e+00 4.2245903660e-01
3.2822433480e-05 1.3982383531e+04 1.5707963268e+00 4.2561831956e-01
3.3066210048e-05 1.3983247896e+04 1.5707963268e+00 4.2877721495e-01
3.3309960472e-05 1.3984119023e+04 1.5707963268e+00 4.3193571979e-01
3.3553684556e-05 1.3984996919e+04 1.5707963268e+00 4.3509383109e-01
3.3797382104e-05 1.3985881593e+04 1.5707963268e+00 4.3825154588e-01
3.4041052920e-05 1.3986773050e+04 1.5707963268e+00 4.4140886115e-01
3.4284696809e-05 1.3987671297e+04 1.5707963268e+00 4.4456577393e-01
3.4528313575e-05 1.3988576343e+04 1.5707963268e+00 4.4772228124e-01
3.4771903023e-05 1.3989488194e+04 1.5707963268e+00 4.5087838007e-01
3.5015464956e-05 1.3990406857e+04 1.5707963268e+00 4.5403406743e-01
3.5258999180e-05 1.3991332339e+04 1.5707963268e+00 4.5718934034e-01
3.5502505498e-05 1.3992264649e+04 1.5707963268e+00 4.6034419580e-01
3.5745983714e-05 1.3993203793e+04 1.5707963268e+00 4.6349863082e-01
3.5989433634e-05 1.3994149779e+04 1.5707963268e+00 4.6665264239e-01
3.6232855061e-05 1.3995102615e+04 1.5707963268e+00 4.6980622751e-01
3.6476247800e-05 1.3996062307e+04 1.5707963268e+00 4.7295938320e-01
3.6719611654e-05 1.3997028864e+04 1.5707963268e+00 4.7611210643e-01
3.6962946429e-05 1.3998002293e+04 1.5707963268e+00 4.7926439422e-01
3.7206251928e-05 1.3998982602e+04 1.5707963268e+00 4.8241624356e-01
3.7449527956e-05 1.3999969799e+04 1.5707963268e+00 4.8556765143e-01
3.7692774317e-05 1.4000963891e+04 1.5707963268e+00 4.8871861484e-01
3.7935990815e-05 1.4001964887e+04 1.5707963268e+00 4.9186913076e-01
3.8179177255e-05 1.4002972794e+04 1.5707963268e+00 4.9501919619e-01
3.8422333441e-05 1.4003987620e+04 1.5707963268e+00 4.9816880813e-01
3.8665459177e-05 1.4005009373e+04 1.5707963268e+00 5.0131796354e-01
3.8908554267e-05 1.4006038062e+04 1.5707963268e+00 5.0446665941e-01
3.9151618516e-05 1.4007073694e+04 1.5707963268e+00 5.0761489274e-01
3.9394651728e-05 1.4008116278e+04 1.5707963268e+00 5.1076266049e-01
3.9637653707e-05 1.4009165822e+04 1.5707963268e+00 5.1390995965e-01
3.9880624258e-05 1.4010222333e+04 1.5707963268e+00 5.1705678719e-01
4.0123563184e-05 1.4011285821e+04 1.5707963268e+00 5.2020314009e-01
4.0366470290e-05 1.4012356294e+04 1.5707963268e+00 5.2334901533e-01
4.0609345381e-05 1.4013433759e+04 1.5707963268e+00 5.2649440987e-01
4.0852188260e-05 1.4014518227e+04 1.5707963268e+00 5.2963932068e-01
4.1094998731e-05 1.4015609704e+04 1.5707963268e+00 5.3278374474e-01
4.1337776600e-05 1.4016708200e+04 1.5707963268e+00 5.3592767902e-01
4.1580521670e-05 1.4017813723e+04 1.5707963268e+00 5.3907112047e-01
4.1823233746e-05 1.4018926282e+04 1.5707963268e+00 5.4221406607e-01
4.2065912632e-05 1.4020045886e+04 1.5707963268e+00 5.4535651276e-01
4.2308558131e-05 1.4021172543e+04 1.5707963268e+00 5.4849845753e-01
4.2551170050e-05 1.4022306262e+04 1.5707963268e+00 5.5163989732e-01
4.2793748190e-05 1.4023447052e+04 1.5707963268e+00 5.5478082909e-01
4.3036292358e-05 1.4024594923e+04 1.5707963268e+00 5.5792124979e-01
4.3278802357e-05 1.4025749881e+04 1.5707963268e+00 5.6106115639e-01
4.3521277992e-05 1.4026911938e+04 1.5707963268e+00 5.6420054582e-01
4.3763719066e-05 1.4028081102e+04 1.5707963268e+00 5.6733941506e-01
4.4006125385e-05 1.4029257382e+04 1.5707963268e+00 5.7047776103e-01
4.4248496752e-05 1.4030440787e+04 1.5707963268e+00 5.7361558069e-01
4.4490832972e-05 1.4031631326e+04 1.5707963268e+00 5.7675287098e-01
4.4733133850e-05 1.4032829009e+04 1.5707963268e+00 5.7988962885e-01
4.4975399188e-05 1.4034033845e+04 1.5707963268e+00 5.8302585124e-01
4.5217628793e-05 1.4035245843e+04 1.5707963268e+00 5.8616153509e-01
4.5459822467e-05 1.4036465012e+04 1.5707963268e+00 5.8929667733e-01
4.5701980016e-05 1.4037691363e+04 1.5707963268e+00 5.9243127490e-01
4.5944101244e-05 1.4038924904e+04 1.5707963268e+00 5.9556532475e-01
4.6186185956e-05 1.4040165645e+04 1.5707963268e+00 5.9869882379e-01
4.6428233954e-05 1.4041413596e+04 1.5707963268e+00 6.0183176896e-01
4.6670245045e-05 1.4042668766e+04 1.5707963268e+00 6.0496415720e-01
4.6912219033e-05 1.4043931166e+04 1.5707963268e+00 6.0809598542e-01
4.7154155721e-05 1.4045200804e+04 1.5707963268e+00 6.1122725056e-01
4.7396054915e-05 1.4046477690e+04 1.5707963268e+00 6.1435794953e-01
4.7637916418e-05 1.4047761835e+04 1.5707963268e+00 6.1748807926e-01
4.7879740035e-05 1.4049053248e+04 1.5707963268e+00 6.2061763668e-01
4.8121525571e-05 1.4050351939e+04 1.5707963268e+00 6.2374661869e-01
4.8363272830e-05 1.4051657918e+04 1.5707963268e+00 6.2687502222e-01
4.8604981617e-05 1.4052971195e+04 1.5707963268e+00 6.3000284417e-01
4.8846651736e-05 1.4054291780e+04 1.5707963268e+00 6.3313008147e-01
4.9088282991e-05 1.4055619684e+04 1.5707963268e+00 6.3625673103e-01
4.9329875188e-05 1.4056954916e+04 1.5707963268e+00 6.3938278975e-01
4.9571428131e-05 1.4058297487e+04 1.5707963268e+00 6.4250825454e-01
4.9812941623e-05 1.4059647407e+04 1.5707963268e+00 6.4563312231e-01
5.0054415471e-05 1.4061004686e+04 1.5707963268e+00 6.4875738996e-01
5.0295849478e-05 1.4062369334e+04 1.5707963268e+00 6.5188105440e-01
5.0537243449e-05 1.4063741363e+04 1.5707963268e+00 6.5500411252e-01
5.0778597189e-05 1.4065120782e+04 1.5707963268e+00 6.5812656122e-01
5.1019910503e-05 1.4066507602e+04 1.5707963268e+00 6.6124839740e-01
5.1261183194e-05 1.4067901833e+04 1.5707963268e+00 6.6436961796e-01
5.1502415069e-05 1.4069303486e+04 1.5707963268e+00 6.6749021978e-01
5.1743605931e-05 1.4070712572e+04 1.5707963268e+00 6.7061019976e-01
5.1984755585e-05 1.4072129102e+04 1.5707963268e+00 6.7372955479e-01
5.2225863836e-05 1.4073553086e+04 1.5707963268e+00 6.7684828176e-01
5.2466930489e-05 1.4074984534e+04 1.5707963268e+00 6.7996637754e-01
5.2707955349e-05 1.4076423458e+04 1.5707963268e+00 6.8308383903e-01
5.2948938220e-05 1.4077869869e+04 1.5707963268e+00 6.8620066311e-01
5.3189878908e-05 1.4079323778e+04 1.5707963268e+00 6.8931684666e-01
5.3430777217e-05 1.4080785195e+04 1.5707963268e+00 6.9243238655e-01
5.3671632952e-05 1.4082254131e+04 1.5707963268e+00 6.9554727966e-01
5.3912445918e-05 1.4083730598e+04 1.5707963268e+00 6.9866152286e-01
5.4153215920e-05 1.4085214607e+04 1.5707963268e+00 7.0177511304e-01
5.4393942764e-05 1.4086706168e+04 1.5707963268e+00 7.0488804705e-01
5.4634626253e-05 1.4088205294e+04 1.5707963268e+00 7.0800032178e-01
5.4875266194e-05 1.4089711994e+04 1.5707963268e+00 7.1111193408e-01
5.5115862391e-05 1.4091226282e+04 1.5707963268e+00 7.1422288081e-01
5.5356414649e-05 1.4092748167e+04 1.5707963268e+00 7.1733315886e-01
5.5596922774e-05 1.4094277662e+04 1.5707963268e+00 7.2044276507e-01
5.5837386571e-05 1.4095814777e+04 1.5707963268e+00 7.2355169630e-01
5.6077805844e-05 1.4097359525e+04 1.5707963268e+00 7.2665994942e-01
5.6318180400e-05 1.4098911916e+04 1.5707963268e+00 7.2976752127e-01
5.6558510043e-05 1.4100471963e+04 1.5707963268e+00 7.3287440872e-01
5.6798794579e-05 1.4102039676e+04 1.5707963268e+00 7.3598060861e-01
5.7039033813e-05 1.4103615069e+04 1.5707963268e+00 7.3908611780e-01
5.7279227551e-05 1.4105198151e+04 1.5707963268e+00 7.4219093313e-01
5.7519375597e-05 1.4106788936e+04 1.5707963268e+00 7.4529505145e-01
5.7759477758e-05 1.4108387434e+04 1.5707963268e+00 7.4839846961e-01
5.7999533839e-05 1.4109993658e+04 1.5707963268e+00 7.5150118444e-01
5.8239543646e-05 1.4111607620e+04 1.5707963268e+00 7.5460319280e-01
5.8479506983e-05 1.4113229331e+04 1.5707963268e+00 7.5770449151e-01
5.8719423658e-05 1.4114858804e+04 1.5707963268e+00 7.6080507741e-01
5.8959293474e-05 1.4116496051e+04 1.5707963268e+00 7.6390494735e-01
5.9199116239e-05 1.4118141083e+04 1.5707963268e+00 7.6700409815e-01
5.9438891757e-05 1.4119793912e+04 1.5707963268e+00 7.7010252665e-01
5.9678619835e-05 1.4121454552e+04 1.5707963268e+00 7.7320022967e-01
5.9918300279e-05 1.4123123014e+04 1.5707963268e+00 7.7629720405e-01
6.0157932894e-05 1.4124799310e+04 1.5707963268e+00 7.7939344660e-01
6.0397517486e-05 1.4126483452e+04 1.5707963268e+00 7.8248895416e-01
6.0637053862e-05 1.4128175454e+04 1.5707963268e+00 7.8558372355e-01
6.0876541827e-05 1.4129875327e+04 1.5707963268e+00 7.8867775158e-01
6.1115981187e-05 1.4131583084e+04 1.5707963268e+00 7.9177103508e-01
6.1355371749e-05 1.4133298737e+04 1.5707963268e+00 7.9486357086e-01
6.1594713319e-05 1.4135022300e+04 1.5707963268e+00 7.9795535574e-01
6.1834005703e-05 1.4136753783e+04 1.5707963268e+00 8.0104638653e-01
6.2073248707e-05 1.4138493200e+04 1.5707963268e+00 8.0413666004e-01
6.2312442137e-05 1.4140240564e+04 1.5707963268e+00 8.0722617309e-01
6.2551585801e-05 1.4141995888e+04 1.5707963268e+00 8.1031492247e-01
6.2790679504e-05 1.4143759183e+04 1.5707963268e+00 8.1340290500e-01
6.3029723053e-05 1.4145530464e+04 1.5707963268e+00 8.1649011748e-01
6.3268716255e-05 1.4147309742e+04 1.5707963268e+00 8.1957655671e-01
6.3507658916e-05 1.4149097030e+04 1.5707963268e+00 8.2266221949e-01
6.3746550843e-05 1.4150892342e+04 1.5707963268e+00 8.2574710263e-01
6.3985391842e-05 1.4152695691e+04 1.5707963268e+00 8.2883120291e-01
6.4224181721e-05 1.4154507089e+04 1.5707963268e+00 8.3191451713e-01
6.4462920286e-05 1.4156326549e+04 1.5707963268e+00 8.3499704209e-01
6.4701607345e-05 1.4158154085e+04 1.5707963268e+00 8.3807877457e-01
6.4940242703e-05 1.4159989710e+04 1.5707963268e+00 8.4115971138e-01
6.5178826169e-05 1.4161833437e+04 1.5707963268e+00 8.4423984928e-01
6.5417357550e-05 1.4163685279e+04 1.5707963268e+00 8.4731918508e-01
6.5655836652e-05 1.4165545249e+04 1.5707963268e+00 8.5039771555e-01
6.5894263283e-05 1.4167413361e+04 1.5707963268e+00 8.5347543748e-01
6.6132637250e-05 1.4169289627e+04 1.5707963268e+00 8.5655234765e-01
6.6370958361e-05 1.4171174063e+04 1.5707963268e+00 8.5962844283e-01
6.6609226423e-05 1.4173066680e+04 1.5707963268e+00 8.6270371981e-01
6.6847441244e-05 1.4174967492e+04 1.5707963268e+00 8.6577817535e-01
6.7085602631e-05 1.4176876513e+04 1.5707963268e+00 8.6885180624e-01
6.7323710392e-05 1.4178793757e+04 1.5707963268e+00 8.7192460924e-01
6.7561764335e-05 1.4180719236e+04 1.5707963268e+00 8.7499658113e-01
6.7799764267e-05 1.4182652965e+04 1.5707963268e+00 8.7806771867e-01
6.8037709997e-05 1.4184594958e+04 1.5707963268e+00 8.8113801863e-01
6.8275601332e-05 1.4186545228e+04 1.5707963268e+00 8.8420747777e-01
6.8513438081e-05 1.4188503788e+04 1.5707963268e+00 8.8727609286e-01
6.8751220052e-05 1.4190470653e+04 1.5707963268e+00 8.9034386066e-01
6.8988947053e-05 1.4192445837e+04 1.5707963268e+00 8.9341077792e-01
6.9226618892e-05 1.4194429352e+04 1.5707963268e+00 8.9647684142e-01
6.9464235378e-05 1.4196421215e+04 1.5707963268e+00 8.9954204789e-01
6.9701796319e-05 1.4198421437e+04 1.5707963268e+00 9.0260639411e-01
6.9939301524e-05 1.4200430034e+04 1.5707963268e+00 9.0566987681e-01
7.0176750801e-05 1.4202447019e+04 1.5707963268e+00 9.0873249276e-01
7.0414143960e-05 1.4204472407e+04 1.5707963268e+00 9.1179423869e-01
7.0651480808e-05 1.4206506211e+04 1.5707963268e+00 9.1485511137e-01
7.0888761156e-05 1.4208548446e+04 1.5707963268e+00 9.1791510753e-01
7.1125984812e-05 1.4210599126e+04 1.5707963268e+00 9.2097422392e-01
7.1363151585e-05 1.4212658265e+04 1.5707963268e+00 9.2403245728e-01
7.1600261284e-05 1.4214725878e+04 1.5707963268e+00 9.2708980436e-01
7.1837313719e-05 1.4216801978e+04 1.5707963268e+00 9.3014626189e-01
7.2074308699e-05 1.4218886581e+04 1.5707963268e+00 9.3320182661e-01
7.2311246034e-05 1.4220979701e+04 1.5707963268e+00 9.3625649526e-01
7.2548125532e-05 1.4223081352e+04 1.5707963268e+00 9.3931026457e-01
7.2784947005e-05 1.4225191549e+04 1.5707963268e+00 9.4236313128e-01
7.3021710261e-05 1.4227310305e+04 1.5707963268e+00 9.4541509211e-01
7.3258415111e-05 1.4229437637e+04 1.5707963268e+00 9.4846614381e-01
7.3495061365e-05 1.4231573558e+04 1.5707963268e+00 9.5151628309e-01
7.3731648832e-05 1.4233718083e+04 1.5707963268e+00 9.5456550668e-01
7.3968177323e-05 1.4235871227e+04 1.5707963268e+00 9.5761381131e-01
7.4204646648e-05 1.4238033004e+04 1.5707963268e+00 9.6066119370e-01
7.4441056618e-05 1.4240203430e+04 1.5707963268e+00 9.6370765058e-01
7.4677407043e-05 1.4242382518e+04 1.5707963268e+00 9.6675317866e-01
7.4913697734e-05 1.4244570285e+04 1.5707963268e+00 9.6979777466e-01
7.5149928502e-05 1.4246766745e+04 1.5707963268e+00 9.7284143531e-01
7.5386099157e-05 1.4248971912e+04 1.5707963268e+00 9.7588415731e-01
7.5622209510e-05 1.4251185802e+04 1.5707963268e+00 9.7892593739e-01
7.5858259373e-05 1.4253408430e+04 1.5707963268e+00 9.8196677225e-01
7.6094248557e-05 1.4255639811e+04 1.5707963268e+00 9.8500665861e-01
7.6330176873e-05 1.4257879959e+04 1.5707963268e+00 9.8804559318e-01
7.6566044133e-05 1.4260128891e+04 1.5707963268e+00 9.9108357267e-01
7.6801850147e-05 1.4262386621e+04 1.5707963268e+00 9.9412059377e-01
7.7037594729e-05 1.4264653164e+04 1.5707963268e+00 9.9715665321e-01
7.7273277689e-05 1.4266928536e+04 1.5707963268e+00 1.0001917477e+00
7.7508898840e-05 1.4269212752e+04 1.5707963268e+00 1.0032258739e+00
7.7744457993e-05 1.4271505827e+04 1.5707963268e+00 1.0062590285e+00
7.7979954962e-05 1.4273807776e+04 1.5707963268e+00 1.0092912083e+00
7.8215389558e-05 1.4276118616e+04 1.5707963268e+00 1.0123224099e+00
7.8450761593e-05 1.4278438360e+04 1.5707963268e+00 1.0153526301e+00
7.8686070881e-05 1.4280767026e+04 1.5707963268e+00 1.0183818655e+00
7.8921317233e-05 1.4283104628e+04 1.5707963268e+00 1.0214101128e+00
7.9156500464e-05 1.4285451182e+04 1.5707963268e+00 1.0244373687e+00
7.9391620386e-05 1.4287806703e+04 1.5707963268e+00 1.0274636300e+00
7.9626676811e-05 1.4290171207e+04 1.5707963268e+00 1.0304888932e+00
7.9861669554e-05 1.4292544710e+04 1.5707963268e+00 1.0335131552e+00
8.0096598427e-05 1.4294927227e+04 1.5707963268e+00 1.0365364125e+00
8.0331463245e-05 1.4297318774e+04 1.5707963268e+00 1.0395586619e+00
8.0566263820e-05 1.4299719367e+04 1.5707963268e+00 1.0425799000e+00
8.0800999968e-05 1.4302129022e+04 1.5707963268e+00 1.0456001236e+00
8.1035671501e-05 1.4304547754e+04 1.5707963268e+00 1.0486193293e+00
8.1270278234e-05 1.4306975579e+04 1.5707963268e+00 1.0516375138e+00
8.1504819981e-05 1.4309412514e+04 1.5707963268e+00 1.0546546738e+00
8.1739296556e-05 1.4311858573e+04 1.5707963268e+00 1.0576708059e+00
8.1973707775e-05 1.4314313774e+04 1.5707963268e+00 1.0606859069e+00
8.2208053451e-05 1.4316778131e+04 1.5707963268e+00 1.0636999734e+00
8.2442333401e-05 1.4319251662e+04 1.5707963268e+00 1.0667130021e+00
8.2676547438e-05 1.4321734381e+04 1.5707963268e+00 1.0697249897e+00
8.2910695378e-05 1.4324226306e+04 1.5707963268e+00 1.0727359328e+00
8.3144777036e-05 1.4326727452e+04 1.5707963268e+00 1.0757458281e+00
8.3378792228e-05 1.4329237836e+04 1.5707963268e+00 1.0787546724e+00
8.3612740770e-05 1.4331757473e+04 1.5707963268e+00 1.0817624621e+00
8.3846622476e-05 1.4334286381e+04 1.5707963268e+00 1.0847691941e+00
8.4080437165e-05 1.4336824574e+04 1.5707963268e+00 1.0877748650e+00
8.4314184650e-05 1.4339372070e+04 1.5707963268e+00 1.0907794715e+00
8.4547864750e-05 1.4341928885e+04 1.5707963268e+00 1.0937830102e+00
8.4781477279e-05 1.4344495035e+04 1.5707963268e+00 1.0967854778e+00
8.5015022056e-05 1.4347070537e+04 1.5707963268e+00 1.0997868709e+00
8.5248498896e-05 1.4349655406e+04 1.5707963268e+00 1.1027871863e+00
8.5481907618e-05 1.4352249660e+04 1.5707963268e+00 1.1057864205e+00
8.5715248037e-05 1.4354853315e+04 1.5707963268e+00 1.1087845703e+00
8.5948519971e-05 1.4357466388e+04 1.5707963268e+00 1.1117816323e+00
8.6181723239e-05 1.4360088895e+04 1.5707963268e+00 1.1147776032e+00
8.6414857657e-05 1.4362720852e+04 1.5707963268e+00 1.1177724795e+00
8.6647923043e-05 1.4365362277e+04 1.5707963268e+00 1.1207662581e+00
8.6880919216e-05 1.4368013185e+04 1.5707963268e+00 1.1237589355e+00
8.7113845994e-05 1.4370673595e+04 1.5707963268e+00 1.1267505084e+00
8.7346703195e-05 1.4373343521e+04 1.5707963268e+00 1.1297409735e+00
8.7579490638e-05 1.4376022982e+04 1.5707963268e+00 1.1327303273e+00
8.7812208142e-05 1.4378711993e+04 1.5707963268e+00 1.1357185666e+00
8.8044855525e-05 1.4381410573e+04 1.5707963268e+00 1.1387056881e+00
8.8277432607e-05 1.4384118736e+04 1.5707963268e+00 1.1416916882e+00
8.8509939208e-05 1.4386836502e+04 1.5707963268e+00 1.1446765638e+00
8.8742375146e-05 1.4389563885e+04 1.5707963268e+00 1.1476603115e+00
8.8974740242e-05 1.4392300904e+04 1.5707963268e+00 1.1506429278e+00
8.9207034316e-05 1.4395047575e+04 1.5707963268e+00 1.1536244096e+00
8.9439257188e-05 1.4397803915e+04 1.5707963268e+00 1.1566047533e+00
8.9671408677e-05 1.4400569942e+04 1.5707963268e+00 1.1595839557e+00
8.9903488606e-05 1.4403345672e+04 1.5707963268e+00 1.1625620134e+00
9.0135496794e-05 1.4406131122e+04 1.5707963268e+00 1.1655389231e+00
9.0367433062e-05 1.4408926309e+04 1.5707963268e+00 1.1685146813e+00
9.0599297233e-05 1.4411731251e+04 1.5707963268e+00 1.1714892848e+00
9.0831089126e-05 1.4414545966e+04 1.5707963268e+00 1.1744627302e+00
9.1062808564e-05 1.4417370469e+04 1.5707963268e+00 1.1774350141e+00
9.1294455369e-05 1.4420204778e+04 1.5707963268e+00 1.1804061332e+00
9.1526029363e-05 1.4423048911e+04 1.5707963268e+00 1.1833760840e+00
9.1757530367e-05 1.4425902884e+04 1.5707963268e+00 1.1863448634e+00
9.1988958205e-05 1.4428766716e+04 1.5707963268e+00 1.1893124679e+00
9.2220312698e-05 1.4431640423e+04 1.5707963268e+00 1.1922788940e+00
9.2451593671e-05 1.4434524022e+04 1.5707963268e+00 1.1952441386e+00
9.2682800946e-05 1.4437417532e+04 1.5707963268e+00 1.1982081982e+00
9.2913934346e-05 1.4440320970e+04 1.5707963268e+00 1.2011710695e+00
9.3144993695e-05 1.4443234352e+04 1.5707963268e+00 1.2041327491e+00
9.3375978817e-05 1.4446157697e+04 1.5707963268e+00 1.2070932336e+00
9.3606889536e-05 1.4449091023e+04 1.5707963268e+00 1.2100525197e+00
9.3837725676e-05 1.4452034345e+04 1.5707963268e+00 1.2130106040e+00
9.4068487062e-05 1.4454987683e+04 1.5707963268e+00 1.2159674831e+00
9.4299173518e-05 1.4457951054e+04 1.5707963268e+00 1.2189231538e+00
9.4529784869e-05 1.4460924474e+04 1.5707963268e+00 1.2218776126e+00
9.4760320941e-05 1.4463907963e+04 1.5707963268e+00 1.2248308562e+00
9.4990781558e-05 1.4466901537e+04 1.5707963268e+00 1.2277828812e+00
9.5221166547e-05 1.4469905215e+04 1.5707963268e+00 1.2307336842e+00
9.5451475734e-05 1.4472919014e+04 1.5707963268e+00 1.2336832619e+00
9.5681708945e-05 1.4475942951e+04 1.5707963268e+00 1.2366316110e+00
9.5911866005e-05 1.4478977045e+04 1.5707963268e+00 1.2395787279e+00
9.6141946743e-05 1.4482021313e+04 1.5707963268e+00 1.2425246095e+00
9.6371950984e-05 1.4485075773e+04 1.5707963268e+00 1.2454692524e+00
9.6601878556e-05 1.4488140443e+04 1.5707963268e+00 1.2484126530e+00
9.6831729286e-05 1.4491215341e+04 1.5707963268e+00 1.2513548082e+00
9.7061503001e-05 1.4494300485e+04 1.5707963268e+00 1.2542957146e+00
9.7291199531e-05 1.4497395892e+04 1.5707963268e+00 1.2572353687e+00
9.7520818703e-05 1.4500501580e+04 1.5707963268e+00 1.2601737672e+00
9.7750360345e-05 1.4503617568e+04 1.5707963268e+00 1.2631109068e+00
9.7979824286e-05 1.4506743874e+04 1.5707963268e+00 1.2660467840e+00
9.8209210355e-05 1.4509880514e+04 1.5707963268e+00 1.2689813956e+00
9.8438518381e-05 1.4513027509e+04 1.5707963268e+00 1.2719147382e+00
9.8667748194e-05 1.4516184875e+04 1.5707963268e+00 1.2748468083e+00
9.8896899623e-05 1.4519352630e+04 1.5707963268e+00 1.2777776027e+00
9.9125972499e-05 1.4522530793e+04 1.5707963268e+00 1.2807071179e+00
9.9354966652e-05 1.4525719381e+04 1.5707963268e+00 1.2836353507e+00
9.9583881912e-05 1.4528918414e+04 1.5707963268e+00 1.2865622976e+00
9.9812718110e-05 1.4532127909e+04 1.5707963268e+00 1.2894879552e+00
1.0004147508e-04 1.4535347884e+04 1.5707963268e+00 1.2924123203e+00
1.0027015264e-04 1.4538578357e+04 1.5707963268e+00 1.2953353895e+00
1.0049875064e-04 1.4541819347e+04 1.5707963268e+00 1.2982571594e+00
1.0072726891e-04 1.4545070871e+04 1.5707963268e+00 1.3011776266e+00
1.0095570727e-04 1.4548332949e+04 1.5707963268e+00 1.3040967877e+00
1.0118406556e-04 1.4551605598e+04 1.5707963268e+00 1.3070146395e+00
1.0141234361e-04 1.4554888837e+04 1.5707963268e+00 1.3099311786e+00
1.0164054126e-04 1.4558182684e+04 1.5707963268e+00 1.3128464015e+00
1.0186865833e-04 1.4561487158e+04 1.5707963268e+00 1.3157603050e+00
1.0209669467e-04 1.4564802276e+04 1.5707963268e+00 1.3186728857e+00
1.0232465010e-04 1.4568128057e+04 1.5707963268e+00 1.3215841402e+00
1.0255252446e-04 1.4571464519e+04 1.5707963268e+00 1.3244940651e+00
1.0278031759e-04 1.4574811682e+04 1.5707963268e+00 1.3274026572e+00
1.0300802932e-04 1.4578169563e+04 1.5707963268e+00 1.3303099130e+00
1.0323565948e-04 1.4581538180e+04 1.5707963268e+00 1.3332158293e+00
1.0346320791e-04 1.4584917553e+04 1.5707963268e+00 1.3361204025e+00
1.0369067445e-04 1.4588307700e+04 1.5707963268e+00 1.3390236295e+00
1.0391805893e-04 1.4591708639e+04 1.5707963268e+00 1.3419255068e+00
1.0414536118e-04 1.4595120389e+04 1.5707963268e+00 1.3448260311e+00
1.0437258105e-04 1.4598542968e+04 1.5707963268e+00 1.3477251990e+00
1.0459971838e-04 1.4601976394e+04 1.5707963268e+00 1.3506230072e+00
1.0482677299e-04 1.4605420688e+04 1.5707963268e+00 1.3535194523e+00
1.0505374473e-04 1.4608875866e+04 1.5707963268e+00 1.3564145310e+00
1.0528063344e-04 1.4612341948e+04 1.5707963268e+00 1.3593082399e+00
1.0550743895e-04 1.4615818952e+04 1.5707963268e+00 1.3622005757e+00
1.0573416110e-04 1.4619306898e+04 1.5707963268e+00 1.3650915351e+00
1.0596079973e-04 1.4622805803e+04 1.5707963268e+00 1.3679811146e+00
1.0618735468e-04 1.4626315686e+04 1.5707963268e+00 1.3708693110e+00
1.0641382578e-04 1.4629836566e+04 1.5707963268e+00 1.3737561210e+00
1.0664021289e-04 1.4633368461e+04 1.5707963268e+00 1.3766415410e+00
1.0686651584e-04 1.4636911391e+04 1.5707963268e+00 1.3795255679e+00
1.0709273447e-04 1.4640465374e+04 1.5707963268e+00 1.3824081983e+00
1.0731886862e-04 1.4644030429e+04 1.5707963268e+00 1.3852894288e+00
1.0754491813e-04 1.4647606575e+04 1.5707963268e+00 1.3881692561e+00
1.0777088284e-04 1.4651193830e+04 1.5707963268e+00 1.3910476768e+00
1.0799676260e-04 1.4654792213e+04 1.5707963268e+00 1.3939246877e+00
1.0822255724e-04 1.4658401743e+04 1.5707963268e+00 1.3968002854e+00
1.0844826662e-04 1.4662022438e+04 1.5707963268e+00 1.3996744666e+00
1.0867389057e-04 1.4665654319e+04 1.5707963268e+00 1.4025472278e+00
1.0889942893e-04 1.4669297402e+04 1.5707963268e+00 1.4054185659e+00
1.0912488156e-04 1.4672951709e+04 1.5707963268e+00 1.4082884774e+00
1.0935024828e-04 1.4676617256e+04 1.5707963268e+00 1.4111569591e+00
1.0957552896e-04 1.4680294063e+04 1.5707963268e+00 1.4140240076e+00
1.0980072343e-04 1.4683982149e+04 1.5707963268e+00 1.4168896196e+00
1.1002583153e-04 1.4687681533e+04 1.5707963268e+00 1.4197537917e+00
1.1025085312e-04 1.4691392234e+04 1.5707963268e+00 1.4226165207e+00
1.1047578804e-04 1.4695114271e+04 1.5707963268e+00 1.4254778031e+00
1.1070063613e-04 1.4698847662e+04 1.5707963268e+00 1.4283376358e+00
1.1092539724e-04 1.4702592426e+04 1.5707963268e+00 1.4311960154e+00
1.1115007122e-04 1.4706348583e+04 1.5707963268e+00 1.4340529385e+00
1.1137465792e-04 1.4710116152e+04 1.5707963268e+00 1.4369084019e+00
1.1159915718e-04 1.4713895151e+04 1.5707963268e+00 1.4397624022e+00
1.1182356884e-04 1.4717685600e+04 1.5707963268e+00 1.4426149362e+00
1.1204789277e-04 1.4721487517e+04 1.5707963268e+00 1.4454660005e+00
1.1227212880e-04 1.4725300921e+04 1.5707963268e+00 1.4483155917e+00
1.1249627679e-04 1.4729125832e+04 1.5707963268e+00 1.4511637067e+00
1.1272033658e-04 1.4732962268e+04 1.5707963268e+00 1.4540103421e+00
1.1294430803e-04 1.4736810249e+04 1.5707963268e+00 1.4568554946e+00
1.1316819099e-04 1.4740669793e+04 1.5707963268e+00 1.4596991608e+00
1.1339198530e-04 1.4744540920e+04 1.5707963268e+00 1.4625413376e+00
1.1361569081e-04 1.4748423649e+04 1.5707963268e+00 1.4653820216e+00
1.1383930739e-04 1.4752317998e+04 1.5707963268e+00 1.4682212094e+00
1.1406283487e-04 1.4756223987e+04 1.5707963268e+00 1.4710588979e+00
1.1428627311e-04 1.4760141635e+04 1.5707963268e+00 1.4738950837e+00
1.1450962197e-04 1.4764070961e+04 1.5707963268e+00 1.4767297636e+00
1.1473288130e-04 1.4768011983e+04 1.5707963268e+00 1.4795629342e+00
1.1495605094e-04 1.4771964722e+04 1.5707963268e+00 1.4823945922e+00
1.1517913076e-04 1.4775929197e+04 1.5707963268e+00 1.4852247345e+00
1.1540212061e-04 1.4779905425e+04 1.5707963268e+00 1.4880533576e+00
1.1562502033e-04 1.4783893427e+04 1.5707963268e+00 1.4908804584e+00
1.1584782980e-04 1.4787893222e+04 1.5707963268e+00 1.4937060335e+00
1.1607054885e-04 1.4791904828e+04 1.5707963268e+00 1.4965300797e+00
1.1629317735e-04 1.4795928265e+04 1.5707963268e+00 1.4993525937e+00
1.1651571516e-04 1.4799963552e+04 1.5707963268e+00 1.5021735723e+00
1.1673816212e-04 1.4804010708e+04 1.5707963268e+00 1.5049930121e+00
1.1696051810e-04 1.4808069752e+04 1.5707963268e+00 1.5078109099e+00
1.1718278296e-04 1.4812140704e+04 1.5707963268e+00 1.5106272624e+00
1.1740495654e-04 1.4816223582e+04 1.5707963268e+00 1.5134420665e+00
1.1762703872e-04 1.4820318406e+04 1.5707963268e+00 1.5162553188e+00
1.1784902934e-04 1.4824425195e+04 1.5707963268e+00 1.5190670161e+00
1.1807092827e-04 1.4828543968e+04 1.5707963268e+00 1.5218771550e+00
1.1829273536e-04 1.4832674744e+04 1.5707963268e+00 1.5246857325e+00
1.1851445048e-04 1.4836817542e+04 1.5707963268e+00 1.5274927452e+00
1.1873607349e-04 1.4840972381e+04 1.5707963268e+00 1.5302981899e+00
1.1895760424e-04 1.4845139282e+04 1.5707963268e+00 1.5331020634e+00
1.1917904259e-04 1.4849318262e+04 1.5707963268e+00 1.5359043623e+00
1.1940038842e-04 1.4853509341e+04 1.5707963268e+00 1.5387050836e+00
1.1962164158e-04 1.4857712538e+04 1.5707963268e+00 1.5415042238e+00
1.1984280192e-04 1.4861927873e+04 1.5707963268e+00 1.5443017799e+00
1.2006386933e-04 1.4866155364e+04 1.5707963268e+00 1.5470977486e+00
1.2028484365e-04 1.4870395031e+04 1.5707963268e+00 1.5498921267e+00
1.2050572475e-04 1.4874646892e+04 1.5707963268e+00 1.5526849109e+00
1.2072651250e-04 1.4878910968e+04 1.5707963268e+00 1.5554760980e+00
1.2094720676e-04 1.4883187276e+04 1.5707963268e+00 1.5582656849e+00
1.2116780739e-04 1.4887475837e+04 1.5707963268e+00 1.5610536682e+00
1.2138831426e-04 1.4891776670e+04 1.5707963268e+00 1.5638400449e+00
1.2160872724e-04 1.4896089793e+04 1.5707963268e+00 1.5666248116e+00
1.2182904619e-04 1.4900415226e+04 1.5707963268e+00 1.5694079653e+00
1.2204927098e-04 1.4904752988e+04 1.5707963268e+00 1.5721895026e+00
1.2226940147e-04 1.4909103098e+04 1.5707963268e+00 1.5749694204e+00
1.2248943754e-04 1.4913465576e+04 1.5707963268e+00 1.5777477155e+00
1.2270937905e-04 1.4917840440e+04 1.5707963268e+00 1.5805243848e+00
1.2292922586e-04 1.4922227709e+04 1.5707963268e+00 1.5832994249e+00
1.2314897786e-04 1.4926627403e+04 1.5707963268e+00 1.5860728328e+00
1.2336863490e-04 1.4931039541e+04 1.5707963268e+00 1.5888446053e+00
1.2358819686e-04 1.4935464143e+04 1.5707963268e+00 1.5916147392e+00
1.2380766361e-04 1.4939901226e+04 1.5707963268e+00 1.5943832313e+00
1.2402703501e-04 1.4944350811e+04 1.5707963268e+00 1.5971500784e+00
1.2424631095e-04 1.4948812916e+04 1.5707963268e+00 1.5999152775e+00
1.2446549128e-04 1.4953287560e+04 1.5707963268e+00 1.6026788252e+00
1.2468457589e-04 1.4957774764e+04 1.5707963268e+00 1.6054407185e+00
1.2490356465e-04 1.4962274545e+04 1.5707963268e+00 1.6082009543e+00
1.2512245742e-04 1.4966786923e+04 1.5707963268e+00 1.6109595293e+00
1.2534125408e-04 1.4971311916e+04 1.5707963268e+00 1.6137164404e+00
1.2555995451e-04 1.4975849545e+04 1.5707963268e+00 1.6164716845e+00
1.2577855858e-04 1.4980399829e+04 1.5707963268e+00 1.6192252584e+00
1.2599706617e-04 1.4984962785e+04 1.5707963268e+00 1.6219771591e+00
1.2621547715e-04 1.4989538433e+04 1.5707963268e+00 1.6247273833e+00
1.2643379139e-04 1.4994126793e+04 1.5707963268e+00 1.6274759279e+00
1.2665200877e-04 1.4998727884e+04 1.5707963268e+00 1.6302227899e+00
1.2687012918e-04 1.5003341724e+04 1.5707963268e+00 1.6329679660e+00
1.2708815248e-04 1.5007968332e+04 1.5707963268e+00 1.6357114533e+00
1.2730607855e-04 1.5012607728e+04 1.5707963268e+00 1.6384532485e+00
1.2752390728e-04 1.5017259930e+04 1.5707963268e+00 1.6411933486e+00
1.2774163854e-04 1.5021924958e+04 1.5707963268e+00 1.6439317504e+00
1.2795927221e-04 1.5026602831e+04 1.5707963268e+00 1.6466684509e+00
1.2817680817e-04 1.5031293567e+04 1.5707963268e+00 1.6494034470e+00
1.2839424630e-04 1.5035997186e+04 1.5707963268e+00 1.6521367355e+00
1.2861158648e-04 1.5040713706e+04 1.5707963268e+00 1.6548683134e+00
1.2882882859e-04 1.5045443146e+04 1.5707963268e+00 1.6575981777e+00
1.2904597252e-04 1.5050185527e+04 1.5707963268e+00 1.6603263251e+00
1.2926301814e-04 1.5054940865e+04 1.5707963268e+00 1.6630527528e+00
1.2947996534e-04 1.5059709181e+04 1.5707963268e+00 1.6657774575e+00
1.2969681400e-04 1.5064490493e+04 1.5707963268e+00 1.6685004362e+00
1.2991356401e-04 1.5069284820e+04 1.5707963268e+00 1.6712216859e+00
1.3013021525e-04 1.5074092181e+04 1.5707963268e+00 1.6739412035e+00
1.3034676760e-04 1.5078912595e+04 1.5707963268e+00 1.6766589859e+00
1.3056322095e-04 1.5083746080e+04 1.5707963268e+00 1.6793750302e+00
1.3077957519e-04 1.5088592657e+04 1.5707963268e+00 1.6820893332e+00
1.3099583020e-04 1.5093452342e+04 1.5707963268e+00 1.6848018920e+00
1.3121198586e-04 1.5098325156e+04 1.5707963268e+00 1.6875127034e+00
1.3142804207e-04 1.5103211117e+04 1.5707963268e+00 1.6902217645e+00
1.3164399871e-04 1.5108110244e+04 1.5707963268e+00 1.6929290723e+00
1.3185985568e-04 1.5113022556e+04 1.5707963268e+00 1.6956346237e+00
1.3207561285e-04 1.5117948071e+04 1.5707963268e+00 1.6983384157e+00
1.3229127012e-04 1.5122886808e+04 1.5707963268e+00 1.7010404453e+00
1.3250682738e-04 1.5127838787e+04 1.5707963268e+00 1.7037407095e+00
1.3272228452e-04 1.5132804025e+04 1.5707963268e+00 1.7064392053e+00
1.3293764143e-04 1.5137782541e+04 1.5707963268e+00 1.7091359297e+00
1.3315289800e-04 1.5142774354e+04 1.5707963268e+00 1.7118308797e+00
1.3336805412e-04 1.5147779483e+04 1.5707963268e+00 1.7145240524e+00
1.3358310968e-04 1.5152797947e+04 1.5707963268e+00 1.7172154447e+00
1.3379806459e-04 1.5157829763e+04 1.5707963268e+00 1.7199050537e+00
1.3401291872e-04 1.5162874951e+04 1.5707963268e+00 1.7225928764e+00
1.3422767198e-04 1.5167933529e+04 1.5707963268e+00 1.7252789099e+00
1.3444232426e-04 1.5173005517e+04 1.5707963268e+00 1.7279631511e+00
1.3465687545e-04 1.5178090931e+04 1.5707963268e+00 1.7306455972e+00
1.3487132546e-04 1.5183189792e+04 1.5707963268e+00 1.7333262452e+00
1.3508567416e-04 1.5188302117e+04 1.5707963268e+00 1.7360050922e+00
1.3529992147e-04 1.5193427925e+04 1.5707963268e+00 1.7386821351e+00
1.3551406728e-04 1.5198567234e+04 1.5707963268e+00 1.7413573711e+00
1.3572811149e-04 1.5203720064e+04 1.5707963268e+00 1.7440307973e+00
1.3594205399e-04 1.5208886432e+04 1.5707963268e+00 1.7467024108e+00
1.3615589469e-04 1.5214066357e+04 1.5707963268e+00 1.7493722085e+00
1.3636963348e-04 1.5219259857e+04 1.5707963268e+00 1.7520401877e+00
1.3658327026e-04 1.5224466951e+04 1.5707963268e+00 1.7547063453e+00
1.3679680493e-04 1.5229687657e+04 1.5707963268e+00 1.7573706786e+00
1.3701023740e-04 1.5234921993e+04 1.5707963268e+00 1.7600331846e+00
1.3722356757e-04 1.5240169978e+04 1.5707963268e+00 1.7626938604e+00
1.3743679533e-04 1.5245431630e+04 1.5707963268e+00 1.7653527032e+00
1.3764992059e-04 1.5250706967e+04 1.5707963268e+00 1.7680097100e+00
1.3786294325e-04 1.5255996008e+04 1.5707963268e+00 1.7706648781e+00
1.3807586322e-04 1.5261298771e+04 1.5707963268e+00 1.7733182045e+00
1.3828868040e-04 1.5266615274e+04 1.5707963268e+00 1.7759696864e+00
1.3850139469e-04 1.5271945535e+04 1.5707963268e+00 1.7786193209e+00
1.3871400600e-04 1.5277289572e+04 1.5707963268e+00 1.7812671052e+00
1.3892651424e-04 1.5282647404e+04 1.5707963268e+00 1.7839130364e+00
1.3913891931e-04 1.5288019049e+04 1.5707963268e+00 1.7865571118e+00
1.3935122112e-04 1.5293404524e+04 1.5707963268e+00 1.7891993284e+00
1.3956341958e-04 1.5298803848e+04 1.5707963268e+00 1.7918396836e+00
1.3977551459e-04 1.5304217039e+04 1.5707963268e+00 1.7944781743e+00
1.3998750606e-04 1.5309644115e+04 1.5707963268e+00 1.7971147979e+00
1.4019939391e-04 1.5315085094e+04 1.5707963268e+00 1.7997495516e+00
1.4041117803e-04 1.5320539994e+04 1.5707963268e+00 1.8023824324e+00
1.4062285835e-04 1.5326008832e+04 1.5707963268e+00 1.8050134378e+00
1.4083443477e-04 1.5331491628e+04 1.5707963268e+00 1.8076425648e+00
1.4104590720e-04 1.5336988398e+04 1.5707963268e+00 1.8102698107e+00
1.4125727556e-04 1.5342499160e+04 1.5707963268e+00 1.8128951727e+00
1.4146853976e-04 1.5348023933e+04 1.5707963268e+00 1.8155186480e+00
1.4167969970e-04 1.5353562733e+04 1.5707963268e+00 1.8181402340e+00
1.4189075531e-04 1.5359115580e+04 1.5707963268e+00 1.8207599278e+00
1.4210170650e-04 1.5364682491e+04 1.5707963268e+00 1.8233777266e+00
1.4231255318e-04 1.5370263482e+04 1.5707963268e+00 1.8259936279e+00
1.4252329527e-04 1.5375858573e+04 1.5707963268e+00 1.8286076288e+00
1.4273393269e-04 1.5381467781e+04 1.5707963268e+00 1.8312197265e+00
1.4294446534e-04 1.5387091123e+04 1.5707963268e+00 1.8338299185e+00
1.4315489315e-04 1.5392728617e+04 1.5707963268e+00 1.8364382019e+00
1.4336521604e-04 1.5398380281e+04 1.5707963268e+00 1.8390445741e+00
1.4357543392e-04 1.5404046131e+04 1.5707963268e+00 1.8416490324e+00
1.4378554671e-04 1.5409726187e+04 1.5707963268e+00 1.8442515740e+00
1.4399555433e-04 1.5415420464e+04 1.5707963268e+00 1.8468521963e+00
1.4420545670e-04 1.5421128981e+04 1.5707963268e+00 1.8494508966e+00
1.4441525374e-04 1.5426851755e+04 1.5707963268e+00 1.8520476723e+00
1.4462494538e-04 1.5432588804e+04 1.5707963268e+00 1.8546425206e+00
1.4483453153e-04 1.5438340144e+04 1.5707963268e+00 1.8572354390e+00
1.4504401211e-04 1.5444105793e+04 1.5707963268e+00 1.8598264247e+00
1.4525338705e-04 1.5449885769e+04 1.5707963268e+00 1.8624154752e+00
1.4546265627e-04 1.5455680088e+04 1.5707963268e+00 1.8650025877e+00
1.4567181970e-04 1.5461488769e+04 1.5707963268e+00 1.8675877597e+00
1.4588087725e-04 1.5467311827e+04 1.5707963268e+00 1.8701709885e+00
1.4608982886e-04 1.5473149280e+04 1.5707963268e+00 1.8727522716e+00
1.4629867445e-04 1.5479001146e+04 1.5707963268e+00 1.8753316063e+00
1.4650741395e-04 1.5484867442e+04 1.5707963268e+00 1.8779089900e+00
1.4671604728e-04 1.5490748184e+04 1.5707963268e+00 1.8804844201e+00
1.4692457436e-04 1.5496643389e+04 1.5707963268e+00 1.8830578941e+00
1.4713299514e-04 1.5502553075e+04 1.5707963268e+00 1.8856294093e+00
1.4734130953e-04 1.5508477259e+04 1.5707963268e+00 1.8881989632e+00
1.4754951747e-04 1.5514415957e+04 1.5707963268e+00 1.8907665533e+00
1.4775761888e-04 1.5520369186e+04 1.5707963268e+00 1.8933321769e+00
1.4796561370e-04 1.5526336964e+04 1.5707963268e+00 1.8958958316e+00
1.4817350185e-04 1.5532319306e+04 1.5707963268e+00 1.8984575147e+00
1.4838128327e-04 1.5538316231e+04 1.5707963268e+00 1.9010172238e+00
1.4858895789e-04 1.5544327753e+04 1.5707963268e+00 1.9035749563e+00
1.4879652564e-04 1.5550353891e+04 1.5707963268e+00 1.9061307097e+00
1.4900398646e-04 1.5556394661e+04 1.5707963268e+00 1.9086844815e+00
1.4921134027e-04 1.5562450080e+04 1.5707963268e+00 1.9112362692e+00
1.4941858702e-04 1.5568520163e+04 1.5707963268e+00 1.9137860704e+00
1.4962572663e-04 1.5574604928e+04 1.5707963268e+00 1.9163338824e+00
1.4983275905e-04 1.5580704392e+04 1.5707963268e+00 1.9188797029e+00
1.5003968420e-04 1.5586818570e+04 1.5707963268e+00 1.9214235293e+00
1.5024650204e-04 1.5592947479e+04 1.5707963268e+00 1.9239653593e+00
1.5045321248e-04 1.5599091135e+04 1.5707963268e+00 1.9265051903e+00
1.5065981548e-04 1.5605249556e+04 1.5707963268e+00 1.9290430199e+00
1.5086631096e-04 1.5611422756e+04 1.5707963268e+00 1.9315788456e+00
1.5107269888e-04 1.5617610753e+04 1.5707963268e+00 1.9341126651e+00
1.5127897916e-04 1.5623813563e+04 1.5707963268e+00 1.9366444759e+00
1.5148515175e-04 1.5630031201e+04 1.5707963268e+00 1.9391742756e+00
1.5169121659e-04 1.5636263685e+04 1.5707963268e+00 1.9417020618e+00
1.5189717362e-04 1.5642511030e+04 1.5707963268e+00 1.9442278320e+00
1.5210302278e-04 1.5648773252e+04 1.5707963268e+00 1.9467515840e+00
1.5230876401e-04 1.5655050367e+04 1.5707963268e+00 1.9492733153e+00
1.5251439727e-04 1.5661342391e+04 1.5707963268e+00 1.9517930235e+00
1.5271992248e-04 1.5667649341e+04 1.5707963268e+00 1.9543107063e+00
1.5292533960e-04 1.5673971232e+04 1.5707963268e+00 1.9568263613e+00
1.5313064857e-04 1.5680308080e+04 1.5707963268e+00 1.9593399862e+00
1.5333584934e-04 1.5686659900e+04 1.5707963268e+00 1.9618515786e+00
1.5354094185e-04 1.5693026709e+04 1.5707963268e+00 1.9643611362e+00
1.5374592605e-04 1.5699408523e+04 1.5707963268e+00 1.9668686567e+00
1.5395080189e-04 1.5705805356e+04 1.5707963268e+00 1.9693741377e+00
1.5415556931e-04 1.5712217225e+04 1.5707963268e+00 1.9718775770e+00
1.5436022827e-04 1.5718644146e+04 1.5707963268e+00 1.9743789722e+00
1.5456477871e-04 1.5725086133e+04 1.5707963268e+00 1.9768783211e+00
1.5476922057e-04 1.5731543202e+04 1.5707963268e+00 1.9793756214e+00
1.5497355383e-04 1.5738015370e+04 1.5707963268e+00 1.9818708707e+00
1.5517777841e-04 1.5744502650e+04 1.5707963268e+00 1.9843640669e+00
1.5538189428e-04 1.5751005059e+04 1.5707963268e+00 1.9868552077e+00
1.5558590138e-04 1.5757522613e+04 1.5707963268e+00 1.9893442909e+00
1.5578979968e-04 1.5764055325e+04 1.5707963268e+00 1.9918313141e+00
1.5599358911e-04 1.5770603212e+04 1.5707963268e+00 1.9943162752e+00
1.5619726965e-04 1.5777166288e+04 1.5707963268e+00 1.9967991720e+00
1.5640084123e-04 1.5783744569e+04 1.5707963268e+00 1.9992800022e+00
1.5660430382e-04 1.5790338071e+04 1.5707963268e+00 2.0017587637e+00
1.5680765738e-04 1.5796946807e+04 1.5707963268e+00 2.0042354542e+00
1.5701090185e-04 1.5803570793e+04 1.5707963268e+00 2.0067100715e+00
1.5721403719e-04 1.5810210044e+04 1.5707963268e+00 2.0091826135e+00
1.5741706337e-04 1.5816864575e+04 1.5707963268e+00 2.0116530781e+00
1.5761998033e-04 1.5823534401e+04 1.5707963268e+00 2.0141214630e+00
1.5782278805e-04 1.5830219536e+04 1.5707963268e+00 2.0165877661e+00
1.5802548648e-04 1.5836919995e+04 1.5707963268e+00 2.0190519853e+00
1.5822807557e-04 1.5843635794e+04 1.5707963268e+00 2.0215141185e+00
1.5843055529e-04 1.5850366946e+04 1.5707963268e+00 2.0239741634e+00
1.5863292560e-04 1.5857113467e+04 1.5707963268e+00 2.0264321181e+00
1.5883518646e-04 1.5863875370e+04 1.5707963268e+00 2.0288879803e+00
1.5903733784e-04 1.5870652671e+04 1.5707963268e+00 2.0313417481e+00
1.5923937969e-04 1.5877445383e+04 1.5707963268e+00 2.0337934193e+00
1.5944131198e-04 1.5884253522e+04 1.5707963268e+00 2.0362429918e+00
1.5964313468e-04 1.5891077102e+04 1.5707963268e+00 2.0386904636e+00
1.5984484774e-04 1.5897916136e+04 1.5707963268e+00 2.0411358326e+00
1.6004645114e-04 1.5904770640e+04 1.5707963268e+00 2.0435790968e+00
1.6024794483e-04 1.5911640627e+04 1.5707963268e+00 2.0460202542e+00
1.6044932879e-04 1.5918526112e+04 1.5707963268e+00 2.0484593026e+00
1.6065060299e-04 1.5925427108e+04 1.5707963268e+00 2.0508962402e+00
1.6085176738e-04 1.5932343631e+04 1.5707963268e+00 2.0533310648e+00
1.6105282195e-04 1.5939275693e+04 1.5707963268e+00 2.0557637745e+00
1.6125376665e-04 1.5946223309e+04 1.5707963268e+00 2.0581943673e+00
1.6145460145e-04 1.5953186492e+04 1.5707963268e+00 2.0606228412e+00
1.6165532634e-04 1.5960165257e+04 1.5707963268e+00 2.0630491942e+00
1.6185594127e-04 1.5967159618e+04 1.5707963268e+00 2.0654734244e+00
1.6205644622e-04 1.5974169587e+04 1.5707963268e+00 2.0678955298e+00
1.6225684116e-04 1.5981195179e+04 1.5707963268e+00 2.0703155085e+00
1.6245712606e-04 1.5988236408e+04 1.5707963268e+00 2.0727333585e+00
1.6265730090e-04 1.5995293286e+04 1.5707963268e+00 2.0751490780e+00
1.6285736565e-04 1.6002365828e+04 1.5707963268e+00 2.0775626649e+00
1.6305732028e-04 1.6009454047e+04 1.5707963268e+00 2.0799741175e+00
1.6325716477e-04 1.6016557957e+04 1.5707963268e+00 2.0823834337e+00
1.6345689909e-04 1.6023677570e+04 1.5707963268e+00 2.0847906118e+00
1.6365652322e-04 1.6030812900e+04 1.5707963268e+00 2.0871956498e+00
1.6385603714e-04 1.6037963961e+04 1.5707963268e+00 2.0895985459e+00
1.6405544082e-04 1.6045130765e+04 1.5707963268e+00 2.0919992982e+00
1.6425473424e-04 1.6052313326e+04 1.5707963268e+00 2.0943979049e+00
1.6445391738e-04 1.6059511656e+04 1.5707963268e+00 2.0967943641e+00
1.6465299022e-04 1.6066725770e+04 1.5707963268e+00 2.0991886740e+00
1.6485195273e-04 1.6073955679e+04 1.5707963268e+00 2.1015808329e+00
1.6505080490e-04 1.6081201397e+04 1.5707963268e+00 2.1039708388e+00
1.6524954671e-04 1.6088462936e+04 1.5707963268e+00 2.1063586900e+00
1.6544817814e-04 1.6095740310e+04 1.5707963268e+00 2.1087443847e+00
1.6564669917e-04 1.6103033531e+04 1.5707963268e+00 2.1111279212e+00
1.6584510978e-04 1.6110342612e+04 1.5707963268e+00 2.1135092977e+00
1.6604340996e-04 1.6117667565e+04 1.5707963268e+00 2.1158885123e+00
1.6624159969e-04 1.6125008403e+04 1.5707963268e+00 2.1182655634e+00
1.6643967895e-04 1.6132365139e+04 1.5707963268e+00 2.1206404493e+00
1.6663764773e-04 1.6139737785e+04 1.5707963268e+00 2.1230131681e+00
1.6683550601e-04 1.6147126353e+04 1.5707963268e+00 2.1253837182e+00
1.6703325379e-04 1.6154530856e+04 1.5707963268e+00 2.1277520980e+00
1.6723089104e-04 1.6161951306e+04 1.5707963268e+00 2.1301183056e+00
1.6742841775e-04 1.6169387716e+04 1.5707963268e+00 2.1324823394e+00
1.6762583392e-04 1.6176840096e+04 1.5707963268e+00 2.1348441977e+00
1.6782313952e-04 1.6184308461e+04 1.5707963268e+00 2.1372038789e+00
1.6802033456e-04 1.6191792821e+04 1.5707963268e+00 2.1395613814e+00
1.6821741901e-04 1.6199293188e+04 1.5707963268e+00 2.1419167033e+00
1.6841439287e-04 1.6206809575e+04 1.5707963268e+00 2.1442698433e+00
1.6861125612e-04 1.6214341994e+04 1.5707963268e+00 2.1466207995e+00
1.6880800877e-04 1.6221890455e+04 1.5707963268e+00 2.1489695704e+00
1.6900465080e-04 1.6229454972e+04 1.5707963268e+00 2.1513161545e+00
1.6920118220e-04 1.6237035555e+04 1.5707963268e+00 2.1536605500e+00
1.6939760297e-04 1.6244632217e+04 1.5707963268e+00 2.1560027554e+00
1.6959391309e-04 1.6252244969e+04 1.5707963268e+00 2.1583427692e+00
1.6979011257e-04 1.6259873821e+04 1.5707963268e+00 2.1606805898e+00
1.6998620140e-04 1.6267518787e+04 1.5707963268e+00 2.1630162157e+00
1.7018217957e-04 1.6275179877e+04 1.5707963268e+00 2.1653496452e+00
1.7037804709e-04 1.6282857102e+04 1.5707963268e+00 2.1676808769e+00
1.7057380393e-04 1.6290550474e+04 1.5707963268e+00 2.1700099093e+00
1.7076945011e-04 1.6298260005e+04 1.5707963268e+00 2.1723367408e+00
1.7096498562e-04 1.6305985704e+04 1.5707963268e+00 2.1746613699e+00
1.7116041046e-04 1.6313727583e+04 1.5707963268e+00 2.1769837952e+00
1.7135572462e-04 1.6321485654e+04 1.5707963268e+00 2.1793040152e+00
1.7155092811e-04 1.6329259927e+04 1.5707963268e+00 2.1816220284e+00
1.7174602093e-04 1.6337050413e+04 1.5707963268e+00 2.1839378334e+00
1.7194100307e-04 1.6344857122e+04 1.5707963268e+00 2.1862514287e+00
1.7213587454e-04 1.6352680067e+04 1.5707963268e+00 2.1885628128e+00
1.7233063533e-04 1.6360519256e+04 1.5707963268e+00 2.1908719845e+00
1.7252528546e-04 1.6368374702e+04 1.5707963268e+00 2.1931789421e+00
1.7271982492e-04 1.6376246414e+04 1.5707963268e+00 2.1954836844e+00
1.7291425371e-04 1.6384134403e+04 1.5707963268e+00 2.1977862100e+00
1.7310857185e-04 1.6392038680e+04 1.5707963268e+00 2.2000865175e+00
1.7330277932e-04 1.6399959255e+04 1.5707963268e+00 2.2023846054e+00
1.7349687615e-04 1.6407896138e+04 1.5707963268e+00 2.2046804725e+00
1.7369086233e-04 1.6415849339e+04 1.5707963268e+00 2.2069741174e+00
1.7388473787e-04 1.6423818869e+04 1.5707963268e+00 2.2092655387e+00
1.7407850278e-04 1.6431804737e+04 1.5707963268e+00 2.2115547352e+00
1.7427215706e-04 1.6439806955e+04 1.5707963268e+00 2.2138417055e+00
1.7446570072e-04 1.6447825531e+04 1.5707963268e+00 2.2161264483e+00
1.7465913377e-04 1.6455860476e+04 1.5707963268e+00 2.2184089623e+00
1.7485245622e-04 1.6463911800e+04 1.5707963268e+00 2.2206892463e+00
1.7504566807e-04 1.6471979512e+04 1.5707963268e+00 2.2229672989e+00
1.7523876934e-04 1.6480063622e+04 1.5707963268e+00 2.2252431189e+00
1.7543176004e-04 1.6488164140e+04 1.5707963268e+00 2.2275167051e+00
1.7562464018e-04 1.6496281075e+04 1.5707963268e+00 2.2297880561e+00
1.7581740977e-04 1.6504414437e+04 1.5707963268e+00 2.2320571709e+00
1.7601006882e-04 1.6512564236e+04 1.5707963268e+00 2.2343240481e+00
1.7620261734e-04 1.6520730481e+04 1.5707963268e+00 2.2365886866e+00
1.7639505535e-04 1.6528913180e+04 1.5707963268e+00 2.2388510851e+00
1.7658738286e-04 1.6537112344e+04 1.5707963268e+00 2.2411112425e+00
1.7677959989e-04 1.6545327982e+04 1.5707963268e+00 2.2433691576e+00
1.7697170644e-04 1.6553560102e+04 1.5707963268e+00 2.2456248292e+00
1.7716370255e-04 1.6561808715e+04 1.5707963268e+00 2.2478782562e+00
1.7735558821e-04 1.6570073828e+04 1.5707963268e+00 2.2501294375e+00
1.7754736345e-04 1.6578355450e+04 1.5707963268e+00 2.2523783719e+00
1.7773902828e-04 1.6586653592e+04 1.5707963268e+00 2.2546250582e+00
1.7793058273e-04 1.6594968261e+04 1.5707963268e+00 2.2568694955e+00
1.7812202680e-04 1.6603299466e+04 1.5707963268e+00 2.2591116825e+00
1.7831336053e-04 1.6611647216e+04 1.5707963268e+00 2.2613516182e+00
1.7850458392e-04 1.6620011519e+04 1.5707963268e+00 2.2635893016e+00
1.7869569700e-04 1.6628392385e+04 1.5707963268e+00 2.2658247315e+00
1.7888669978e-04 1.6636789820e+04 1.5707963268e+00 2.2680579069e+00
1.7907759229e-04 1.6645203835e+04 1.5707963268e+00 2.2702888268e+00
1.7926837455e-04 1.6653634437e+04 1.5707963268e+00 2.2725174902e+00
1.7945904658e-04 1.6662081634e+04 1.5707963268e+00 2.2747438959e+00
1.7964960841e-04 1.6670545435e+04 1.5707963268e+00 2.2769680431e+00
1.7984006004e-04 1.6679025848e+04 1.5707963268e+00 2.2791899306e+00
1.8003040152e-04 1.6687522880e+04 1.5707963268e+00 2.2814095576e+00
1.8022063286e-04 1.6696036540e+04 1.5707963268e+00 2.2836269230e+00
1.8041075408e-04 1.6704566836e+04 1.5707963268e+00 2.2858420260e+00
1.8060076522e-04 1.6713113775e+04 1.5707963268e+00 2.2880548654e+00
1.8079066629e-04 1.6721677366e+04 1.5707963268e+00 2.2902654404e+00
1.8098045733e-04 1.6730257616e+04 1.5707963268e+00 2.2924737501e+00
1.8117013835e-04 1.6738854533e+04 1.5707963268e+00 2.2946797936e+00
1.8135970939e-04 1.6747468123e+04 1.5707963268e+00 2.2968835698e+00
1.8154917048e-04 1.6756098396e+04 1.5707963268e+00 2.2990850780e+00
1.8173852163e-04 1.6764745358e+04 1.5707963268e+00 2.3012843173e+00
1.8192776288e-04 1.6773409016e+04 1.5707963268e+00 2.3034812867e+00
1.8211689427e-04 1.6782089378e+04 1.5707963268e+00 2.3056759854e+00
1.8230591581e-04 1.6790786451e+04 1.5707963268e+00 2.3078684126e+00
1.8249482753e-04 1.6799500243e+04 1.5707963268e+00 2.3100585674e+00
1.8268362948e-04 1.6808230759e+04 1.5707963268e+00 2.3122464489e+00
1.8287232167e-04 1.6816978009e+04 1.5707963268e+00 2.3144320565e+00
1.8306090415e-04 1.6825741997e+04 1.5707963268e+00 2.3166153892e+00
1.8324937694e-04 1.6834522732e+04 1.5707963268e+00 2.3187964462e+00
1.8343774007e-04 1.6843320219e+04 1.5707963268e+00 2.3209752268e+00
1.8362599358e-04 1.6852134467e+04 1.5707963268e+00 2.3231517303e+00
1.8381413751e-04 1.6860965480e+04 1.5707963268e+00 2.3253259557e+00
1.8400217187e-04 1.6869813267e+04 1.5707963268e+00 2.3274979025e+00
1.8419009672e-04 1.6878677833e+04 1.5707963268e+00 2.3296675697e+00
1.8437791209e-04 1.6887559185e+04 1.5707963268e+00 2.3318349568e+00
1.8456561800e-04 1.6896457330e+04 1.5707963268e+00 2.3340000630e+00
1.8475321450e-04 1.6905372273e+04 1.5707963268e+00 2.3361628876e+00
1.8494070162e-04 1.6914304021e+04 1.5707963268e+00 2.3383234299e+00
1.8512807940e-04 1.6923252580e+04 1.5707963268e+00 2.3404816892e+00
1.8531534788e-04 1.6932217956e+04 1.5707963268e+00 2.3426376648e+00
1.8550250710e-04 1.6941200156e+04 1.5707963268e+00 2.3447913561e+00
1.8568955708e-04 1.6950199184e+04 1.5707963268e+00 2.3469427624e+00
1.8587649788e-04 1.6959215048e+04 1.5707963268e+00 2.3490918831e+00
1.8606332953e-04 1.6968247753e+04 1.5707963268e+00 2.3512387175e+00
1.8625005208e-04 1.6977297304e+04 1.5707963268e+00 2.3533832651e+00
1.8643666555e-04 1.6986363708e+04 1.5707963268e+00 2.3555255252e+00
1.8662316999e-04 1.6995446969e+04 1.5707963268e+00 2.3576654972e+00
1.8680956545e-04 1.7004547094e+04 1.5707963268e+00 2.3598031806e+00
1.8699585197e-04 1.7013664088e+04 1.5707963268e+00 2.3619385748e+00
1.8718202958e-04 1.7022797956e+04 1.5707963268e+00 2.3640716792e+00
1.8736809833e-04 1.7031948703e+04 1.5707963268e+00 2.3662024932e+00
1.8755405826e-04 1.7041116336e+04 1.5707963268e+00 2.3683310164e+00
1.8773990943e-04 1.7050300859e+04 1.5707963268e+00 2.3704572481e+00
1.8792565186e-04 1.7059502276e+04 1.5707963268e+00 2.3725811880e+00
1.8811128561e-04 1.7068720594e+04 1.5707963268e+00 2.3747028354e+00
1.8829681071e-04 1.7077955818e+04 1.5707963268e+00 2.3768221899e+00
1.8848222723e-04 1.7087207951e+04 1.5707963268e+00 2.3789392510e+00
1.8866753519e-04 1.7096476999e+04 1.5707963268e+00 2.3810540183e+00
1.8885273465e-04 1.7105762966e+04 1.5707963268e+00 2.3831664912e+00
1.8903782566e-04 1.7115065858e+04 1.5707963268e+00 2.3852766693e+00
1.8922280826e-04 1.7124385679e+04 1.5707963268e+00 2.3873845522e+00
1.8940768250e-04 1.7133722433e+04 1.5707963268e+00 2.3894901394e+00
1.8959244843e-04 1.7143076126e+04 1.5707963268e+00 2.3915934306e+00
1.8977710610e-04 1.7152446760e+04 1.5707963268e+00 2.3936944253e+00
1.8996165555e-04 1.7161834341e+04 1.5707963268e+00 2.3957931232e+00
1.9014609683e-04 1.7171238873e+04 1.5707963268e+00 2.3978895238e+00
1.9033043000e-04 1.7180660360e+04 1.5707963268e+00 2.3999836267e+00
1.9051465511e-04 1.7190098806e+04 1.5707963268e+00 2.4020754317e+00
1.9069877220e-04 1.7199554215e+04 1.5707963268e+00 2.4041649384e+00
1.9088278133e-04 1.7209026591e+04 1.5707963268e+00 2.4062521464e+00
1.9106668255e-04 1.7218515938e+04 1.5707963268e+00 2.4083370555e+00
1.9125047592e-04 1.7228022260e+04 1.5707963268e+00 2.4104196652e+00
1.9143416147e-04 1.7237545561e+04 1.5707963268e+00 2.4124999753e+00
1.9161773928e-04 1.7247085844e+04 1.5707963268e+00 2.4145779855e+00
1.9180120938e-04 1.7256643113e+04 1.5707963268e+00 2.4166536955e+00
1.9198457184e-04 1.7266217371e+04 1.5707963268e+00 2.4187271050e+00
1.9216782671e-04 1.7275808621e+04 1.5707963268e+00 2.4207982138e+00
1.9235097404e-04 1.7285416869e+04 1.5707963268e+00 2.4228670217e+00
1.9253401390e-04 1.7295042115e+04 1.5707963268e+00 2.4249335283e+00
1.9271694632e-04 1.7304684364e+04 1.5707963268e+00 2.4269977336e+00
1.9289977138e-04 1.7314343620e+04 1.5707963268e+00 2.4290596371e+00
1.9308248913e-04 1.7324019884e+04 1.5707963268e+00 2.4311192388e+00
1.9326509962e-04 1.7333713160e+04 1.5707963268e+00 2.4331765385e+00
1.9344760291e-04 1.7343423451e+04 1.5707963268e+00 2.4352315359e+00
1.9362999906e-04 1.7353150760e+04 1.5707963268e+00 2.4372842309e+00
1.9381228812e-04 1.7362895090e+04 1.5707963268e+00 2.4393346233e+00
1.9399447017e-04 1.7372656443e+04 1.5707963268e+00 2.4413827131e+00
1.9417654525e-04 1.7382434823e+04 1.5707963268e+00 2.4434284999e+00
1.9435851342e-04 1.7392230231e+04 1.5707963268e+00 2.4454719838e+00
1.9454037475e-04 1.7402042670e+04 1.5707963268e+00 2.4475131646e+00
1.9472212929e-04 1.7411872143e+04 1.5707963268e+00 2.4495520422e+00
1.9490377711e-04 1.7421718651e+04 1.5707963268e+00 2.4515886165e+00
1.9508531826e-04 1.7431582199e+04 1.5707963268e+00 2.4536228873e+00
1.9526675281e-04 1.7441462786e+04 1.5707963268e+00 2.4556548548e+00
1.9544808082e-04 1.7451360417e+04 1.5707963268e+00 2.4576845187e+00
1.9562930235e-04 1.7461275092e+04 1.5707963268e+00 2.4597118790e+00
1.9581041746e-04 1.7471206814e+04 1.5707963268e+00 2.4617369357e+00
1.9599142622e-04 1.7481155585e+04 1.5707963268e+00 2.4637596888e+00
1.9617232869e-04 1.7491121406e+04 1.5707963268e+00 2.4657801382e+00
1.9635312494e-04 1.7501104280e+04 1.5707963268e+00 2.4677982839e+00
1.9653381502e-04 1.7511104208e+04 1.5707963268e+00 2.4698141259e+00
1.9671439901e-04 1.7521121192e+04 1.5707963268e+00 2.4718276643e+00
1.9689487696e-04 1.7531155233e+04 1.5707963268e+00 2.4738388991e+00
1.9707524895e-04 1.7541206333e+04 1.5707963268e+00 2.4758478303e+00
1.9725551504e-04 1.7551274494e+04 1.5707963268e+00 2.4778544579e+00
1.9743567529e-04 1.7561359716e+04 1.5707963268e+00 2.4798587820e+00
1.9761572977e-04 1.7571462002e+04 1.5707963268e+00 2.4818608027e+00
1.9779567855e-04 1.7581581352e+04 1.5707963268e+00 2.4838605200e+00
1.9797552170e-04 1.7591717767e+04 1.5707963268e+00 2.4858579341e+00
1.9815525928e-04 1.7601871249e+04 1.5707963268e+00 2.4878530450e+00
1.9833489136e-04 1.7612041798e+04 1.5707963268e+00 2.4898458528e+00
1.9851441801e-04 1.7622229416e+04 1.5707963268e+00 2.4918363578e+00
1.9869383930e-04 1.7632434103e+04 1.5707963268e+00 2.4938245599e+00
1.9887315529e-04 1.7642655861e+04 1.5707963268e+00 2.4958104594e+00
1.9905236607e-04 1.7652894689e+04 1.5707963268e+00 2.4977940563e+00
1.9923147168e-04 1.7663150589e+04 1.5707963268e+00 2.4997753510e+00
1.9941047222e-04 1.7673423561e+04 1.5707963268e+00 2.5017543434e+00
1.9958936774e-04 1.7683713606e+04 1.5707963268e+00 2.5037310339e+00
1.9976815832e-04 1.7694020724e+04 1.5707963268e+00 2.5057054226e+00
1.9994684403e-04 1.7704344915e+04 1.5707963268e+00 2.5076775097e+00
2.0012542494e-04 1.7714686180e+04 1.5707963268e+00 2.5096472954e+00
2.0030390113e-04 1.7725044520e+04 1.5707963268e+00 2.5116147800e+00
2.0048227266e-04 1.7735419933e+04 1.5707963268e+00 2.5135799637e+00
2.0066053960e-04 1.7745812421e+04 1.5707963268e+00 2.5155428468e+00
2.0083870204e-04 1.7756221983e+04 1.5707963268e+00 2.5175034294e+00
2.0101676004e-04 1.7766648620e+04 1.5707963268e+00 2.5194617119e+00
2.0119471368e-04 1.7777092331e+04 1.5707963268e+00 2.5214176946e+00
2.0137256303e-04 1.7787553115e+04 1.5707963268e+00 2.5233713777e+00
2.0155030817e-04 1.7798030974e+04 1.5707963268e+00 2.5253227616e+00
2.0172794917e-04 1.7808525906e+04 1.5707963268e+00 2.5272718465e+00
2.0190548611e-04 1.7819037911e+04 1.5707963268e+00 2.5292186328e+00
2.0208291905e-04 1.7829566988e+04 1.5707963268e+00 2.5311631208e+00
2.0226024809e-04 1.7840113138e+04 1.5707963268e+00 2.5331053108e+00
2.0243747329e-04 1.7850676359e+04 1.5707963268e+00 2.5350452032e+00
2.0261459472e-04 1.7861256650e+04 1.5707963268e+00 2.5369827984e+00
2.0279161248e-04 1.7871854012e+04 1.5707963268e+00 2.5389180968e+00
2.0296852663e-04 1.7882468443e+04 1.5707963268e+00 2.5408510986e+00
2.0314533724e-04 1.7893099942e+04 1.5707963268e+00 2.5427818044e+00
2.0332204441e-04 1.7903748509e+04 1.5707963268e+00 2.5447102144e+00
2.0349864820e-04 1.7914414142e+04 1.5707963268e+00 2.5466363292e+00
2.0367514870e-04 1.7925096840e+04 1.5707963268e+00 2.5485601491e+00
2.0385154598e-04 1.7935796602e+04 1.5707963268e+00 2.5504816746e+00
2.0402784013e-04 1.7946513427e+04 1.5707963268e+00 2.5524009062e+00
2.0420403122e-04 1.7957247313e+04 1.5707963268e+00 2.5543178442e+00
2.0438011932e-04 1.7967998260e+04 1.5707963268e+00 2.5562324891e+00
2.0455610453e-04 1.7978766265e+04 1.5707963268e+00 2.5581448415e+00
2.0473198692e-04 1.7989551328e+04 1.5707963268e+00 2.5600549018e+00
2.0490776658e-04 1.8000353446e+04 1.5707963268e+00 2.5619626705e+00
2.0508344357e-04 1.8011172619e+04 1.5707963268e+00 2.5638681480e+00
2.0525901799e-04 1.8022008843e+04 1.5707963268e+00 2.5657713350e+00
2.0543448992e-04 1.8032862118e+04 1.5707963268e+00 2.5676722319e+00
2.0560985943e-04 1.8043732442e+04 1.5707963268e+00 2.5695708393e+00
2.0578512662e-04 1.8054619813e+04 1.5707963268e+00 2.5714671577e+00
2.0596029155e-04 1.8065524228e+04 1.5707963268e+00 2.5733611877e+00
2.0613535432e-04 1.8076445686e+04 1.5707963268e+00 2.5752529298e+00
2.0631031501e-04 1.8087384184e+04 1.5707963268e+00 2.5771423846e+00
2.0648517369e-04 1.8098339721e+04 1.5707963268e+00 2.5790295527e+00
2.0665993046e-04 1.8109312295e+04 1.5707963268e+00 2.5809144347e+00
2.0683458540e-04 1.8120301902e+04 1.5707963268e+00 2.5827970311e+00
2.0700913859e-04 1.8131308540e+04 1.5707963268e+00 2.5846773427e+00
2.0718359012e-04 1.8142332207e+04 1.5707963268e+00 2.5865553700e+00
2.0735794006e-04 1.8153372901e+04 1.5707963268e+00 2.5884311136e+00
2.0753218852e-04 1.8164430619e+04 1.5707963268e+00 2.5903045743e+00
2.0770633556e-04 1.8175505357e+04 1.5707963268e+00 2.5921757526e+00
2.0788038128e-04 1.8186597115e+04 1.5707963268e+00 2.5940446491e+00
2.0805432577e-04 1.8197705888e+04 1.5707963268e+00 2.5959112647e+00
2.0822816910e-04 1.8208831674e+04 1.5707963268e+00 2.5977756000e+00
2.0840191136e-04 1.8219974469e+04 1.5707963268e+00 2.5996376555e+00
2.0857555265e-04 1.8231134272e+04 1.5707963268e+00 2.6014974322e+00
2.0874909305e-04 1.8242311078e+04 1.5707963268e+00 2.6033549306e+00
2.0892253264e-04 1.8253504885e+04 1.5707963268e+00 2.6052101514e+00
2.0909587151e-04 1.8264715690e+04 1.5707963268e+00 2.6070630955e+00
2.0926910975e-04 1.8275943489e+04 1.5707963268e+00 2.6089137635e+00
2.0944224745e-04 1.8287188278e+04 1.5707963268e+00 2.6107621563e+00
2.0961528470e-04 1.8298450056e+04 1.5707963268e+00 2.6126082744e+00
2.0978822158e-04 1.8309728817e+04 1.5707963268e+00 2.6144521188e+00
2.0996105819e-04 1.8321024559e+04 1.5707963268e+00 2.6162936902e+00
2.1013379461e-04 1.8332337278e+04 1.5707963268e+00 2.6181329893e+00
2.1030643093e-04 1.8343666970e+04 1.5707963268e+00 2.6199700170e+00
2.1047896724e-04 1.8355013632e+04 1.5707963268e+00 2.6218047741e+00
2.1065140363e-04 1.8366377260e+04 1.5707963268e+00 2.6236372614e+00
2.1082374019e-04 1.8377757849e+04 1.5707963268e+00 2.6254674797e+00
2.1099597701e-04 1.8389155397e+04 1.5707963268e+00 2.6272954298e+00
2.1116811419e-04 1.8400569899e+04 1.5707963268e+00 2.6291211126e+00
2.1134015180e-04 1.8412001351e+04 1.5707963268e+00 2.6309445289e+00
2.1151208995e-04 1.8423449748e+04 1.5707963268e+00 2.6327656796e+00
2.1168392872e-04 1.8434915088e+04 1.5707963268e+00 2.6345845655e+00
2.1185566821e-04 1.8446397365e+04 1.5707963268e+00 2.6364011876e+00
2.1202730851e-04 1.8457896576e+04 1.5707963268e+00 2.6382155467e+00
2.1219884970e-04 1.8469412715e+04 1.5707963268e+00 2.6400276437e+00
2.1237029188e-04 1.8480945779e+04 1.5707963268e+00 2.6418374796e+00
2.1254163515e-04 1.8492495763e+04 1.5707963268e+00 2.6436450551e+00
2.1271287960e-04 1.8504062662e+04 1.5707963268e+00 2.6454503713e+00
2.1288402531e-04 1.8515646472e+04 1.5707963268e+00 2.6472534291e+00
2.1305507238e-04 1.8527247188e+04 1.5707963268e+00 2.6490542294e+00
2.1322602091e-04 1.8538864805e+04 1.5707963268e+00 2.6508527732e+00
2.1339687099e-04 1.8550499320e+04 1.5707963268e+00 2.6526490614e+00
2.1356762270e-04 1.8562150725e+04 1.5707963268e+00 2.6544430950e+00
2.1373827616e-04 1.8573819018e+04 1.5707963268e+00 2.6562348749e+00
2.1390883144e-04 1.8585504193e+04 1.5707963268e+00 2.6580244023e+00
2.1407928865e-04 1.8597206244e+04 1.5707963268e+00 2.6598116779e+00
2.1424964788e-04 1.8608925167e+04 1.5707963268e+00 2.6615967029e+00
2.1441990922e-04 1.8620660956e+04 1.5707963268e+00 2.6633794782e+00
2.1459007277e-04 1.8632413607e+04 1.5707963268e+00 2.6651600050e+00
2.1476013862e-04 1.8644183113e+04 1.5707963268e+00 2.6669382841e+00
2.1493010687e-04 1.8655969471e+04 1.5707963268e+00 2.6687143166e+00
2.1509997762e-04 1.8667772673e+04 1.5707963268e+00 2.6704881037e+00
2.1526975095e-04 1.8679592715e+04 1.5707963268e+00 2.6722596462e+00
2.1543942698e-04 1.8691429591e+04 1.5707963268e+00 2.6740289454e+00
2.1560900578e-04 1.8703283296e+04 1.5707963268e+00 2.6757960022e+00
2.1577848746e-04 1.8715153823e+04 1.5707963268e+00 2.6775608178e+00
2.1594787212e-04 1.8727041168e+04 1.5707963268e+00 2.6793233931e+00
2.1611715985e-04 1.8738945324e+04 1.5707963268e+00 2.6810837295e+00
2.1628635075e-04 1.8750866285e+04 1.5707963268e+00 2.6828418278e+00
2.1645544492e-04 1.8762804046e+04 1.5707963268e+00 2.6845976893e+00
2.1662444245e-04 1.8774758601e+04 1.5707963268e+00 2.6863513150e+00
2.1679334344e-04 1.8786729943e+04 1.5707963268e+00 2.6881027061e+00
2.1696214799e-04 1.8798718067e+04 1.5707963268e+00 2.6898518637e+00
2.1713085620e-04 1.8810722966e+04 1.5707963268e+00 2.6915987891e+00
2.1729946816e-04 1.8822744634e+04 1.5707963268e+00 2.6933434832e+00
2.1746798398e-04 1.8834783066e+04 1.5707963268e+00 2.6950859473e+00
2.1763640374e-04 1.8846838253e+04 1.5707963268e+00 2.6968261825e+00
2.1780472756e-04 1.8858910191e+04 1.5707963268e+00 2.6985641901e+00
2.1797295552e-04 1.8870998873e+04 1.5707963268e+00 2.7002999712e+00
2.1814108774e-04 1.8883104292e+04 1.5707963268e+00 2.7020335270e+00
2.1830912430e-04 1.8895226442e+04 1.5707963268e+00 2.7037648587e+00
2.1847706531e-04 1.8907365316e+04 1.5707963268e+00 2.7054939676e+00
2.1864491086e-04 1.8919520907e+04 1.5707963268e+00 2.7072208547e+00
2.1881266106e-04 1.8931693209e+04 1.5707963268e+00 2.7089455215e+00
2.1898031600e-04 1.8943882215e+04 1.5707963268e+00 2.7106679690e+00
2.1914787579e-04 1.8956087918e+04 1.5707963268e+00 2.7123881985e+00
2.1931534052e-04 1.8968310311e+04 1.5707963268e+00 2.7141062114e+00
2.1948271031e-04 1.8980549387e+04 1.5707963268e+00 2.7158220087e+00
2.1964998523e-04 1.8992805140e+04 1.5707963268e+00 2.7175355919e+00
2.1981716541e-04 1.9005077561e+04 1.5707963268e+00 2.7192469622e+00
2.1998425093e-04 1.9017366645e+04 1.5707963268e+00 2.7209561208e+00
2.2015124190e-04 1.9029672383e+04 1.5707963268e+00 2.7226630690e+00
2.2031813842e-04 1.9041994769e+04 1.5707963268e+00 2.7243678082e+00
2.2048494059e-04 1.9054333795e+04 1.5707963268e+00 2.7260703397e+00
2.2065164851e-04 1.9066689454e+04 1.5707963268e+00 2.7277706647e+00
2.2081826229e-04 1.9079061739e+04 1.5707963268e+00 2.7294687845e+00
2.2098478203e-04 1.9091450641e+04 1.5707963268e+00 2.7311647006e+00
2.2115120782e-04 1.9103856155e+04 1.5707963268e+00 2.7328584142e+00
2.2131753977e-04 1.9116278271e+04 1.5707963268e+00 2.7345499266e+00
2.2148377798e-04 1.9128716982e+04 1.5707963268e+00 2.7362392393e+00
2.2164992256e-04 1.9141172281e+04 1.5707963268e+00 2.7379263535e+00
2.2181597360e-04 1.9153644160e+04 1.5707963268e+00 2.7396112707e+00
2.2198193121e-04 1.9166132611e+04 1.5707963268e+00 2.7412939922e+00
2.2214779550e-04 1.9178637626e+04 1.5707963268e+00 2.7429745194e+00
2.2231356656e-04 1.9191159198e+04 1.5707963268e+00 2.7446528536e+00
2.2247924449e-04 1.9203697318e+04 1.5707963268e+00 2.7463289963e+00
2.2264482941e-04 1.9216251978e+04 1.5707963268e+00 2.7480029489e+00
2.2281032141e-04 1.9228823171e+04 1.5707963268e+00 2.7496747127e+00
2.2297572060e-04 1.9241410888e+04 1.5707963268e+00 2.7513442892e+00
2.2314102708e-04 1.9254015121e+04 1.5707963268e+00 2.7530116798e+00
2.2330624095e-04 1.9266635861e+04 1.5707963268e+00 2.7546768859e+00
2.2347136232e-04 1.9279273102e+04 1.5707963268e+00 2.7563399090e+00
2.2363639129e-04 1.9291926833e+04 1.5707963268e+00 2.7580007505e+00
2.2380132797e-04 1.9304597047e+04 1.5707963268e+00 2.7596594118e+00
2.2396617246e-04 1.9317283736e+04 1.5707963268e+00 2.7613158944e+00
2.2413092486e-04 1.9329986891e+04 1.5707963268e+00 2.7629701998e+00
2.2429558529e-04 1.9342706503e+04 1.5707963268e+00 2.7646223295e+00
2.2446015383e-04 1.9355442564e+04 1.5707963268e+00 2.7662722849e+00
2.2462463060e-04 1.9368195065e+04 1.5707963268e+00 2.7679200674e+00
2.2478901571e-04 1.9380963997e+04 1.5707963268e+00 2.7695656787e+00
2.2495330925e-04 1.9393749353e+04 1.5707963268e+00 2.7712091201e+00
2.2511751133e-04 1.9406551122e+04 1.5707963268e+00 2.7728503933e+00
2.2528162206e-04 1.9419369296e+04 1.5707963268e+00 2.7744894996e+00
2.2544564155e-04 1.9432203867e+04 1.5707963268e+00 2.7761264406e+00
2.2560956989e-04 1.9445054825e+04 1.5707963268e+00 2.7777612179e+00
2.2577340719e-04 1.9457922161e+04 1.5707963268e+00 2.7793938330e+00
2.2593715356e-04 1.9470805866e+04 1.5707963268e+00 2.7810242873e+00
2.2610080911e-04 1.9483705932e+04 1.5707963268e+00 2.7826525825e+00
2.2626437393e-04 1.9496622348e+04 1.5707963268e+00 2.7842787201e+00
2.2642784814e-04 1.9509555106e+04 1.5707963268e+00 2.7859027017e+00
2.2659123185e-04 1.9522504197e+04 1.5707963268e+00 2.7875245288e+00
2.2675452514e-04 1.9535469611e+04 1.5707963268e+00 2.7891442029e+00
2.2691772814e-04 1.9548451340e+04 1.5707963268e+00 2.7907617257e+00
2.2708084095e-04 1.9561449372e+04 1.5707963268e+00 2.7923770988e+00
2.2724386368e-04 1.9574463700e+04 1.5707963268e+00 2.7939903237e+00
2.2740679643e-04 1.9587494314e+04 1.5707963268e+00 2.7956014021e+00
2.2756963930e-04 1.9600541203e+04 1.5707963268e+00 2.7972103354e+00
2.2773239241e-04 1.9613604359e+04 1.5707963268e+00 2.7988171254e+00
2.2789505586e-04 1.9626683772e+04 1.5707963268e+00 2.8004217737e+00
2.2805762976e-04 1.9639779433e+04 1.5707963268e+00 2.8020242818e+00
2.2822011421e-04 1.9652891330e+04 1.5707963268e+00 2.8036246514e+00
2.2838250932e-04 1.9666019456e+04 1.5707963268e+00 2.8052228841e+00
2.2854481520e-04 1.9679163800e+04 1.5707963268e+00 2.8068189816e+00
2.2870703196e-04 1.9692324351e+04 1.5707963268e+00 2.8084129455e+00
2.2886915970e-04 1.9705501101e+04 1.5707963268e+00 2.8100047774e+00
2.2903119852e-04 1.9718694039e+04 1.5707963268e+00 2.8115944791e+00
2.2919314855e-04 1.9731903155e+04 1.5707963268e+00 2.8131820521e+00
2.2935500988e-04 1.9745128440e+04 1.5707963268e+00 2.8147674982e+00
2.2951678262e-04 1.9758369882e+04 1.5707963268e+00 2.8163508190e+00
2.2967846687e-04 1.9771627473e+04 1.5707963268e+00 2.8179320162e+00
2.2984006276e-04 1.9784901201e+04 1.5707963268e+00 2.8195110914e+00
2.3000157037e-04 1.9798191057e+04 1.5707963268e+00 2.8210880464e+00
2.3016298983e-04 1.9811497030e+04 1.5707963268e+00 2.8226628829e+00
2.3032432124e-04 1.9824819110e+04 1.5707963268e+00 2.8242356026e+00
2.3048556470e-04 1.9838157287e+04 1.5707963268e+00 2.8258062071e+00
2.3064672033e-04 1.9851511550e+04 1.5707963268e+00 2.8273746982e+00
2.3080778823e-04 1.9864881888e+04 1.5707963268e+00 2.8289410777e+00
2.3096876851e-04 1.9878268292e+04 1.5707963268e+00 2.8305053471e+00
2.3112966128e-04 1.9891670751e+04 1.5707963268e+00 2.8320675084e+00
2.3129046664e-04 1.9905089254e+04 1.5707963268e+00 2.8336275631e+00
2.3145118471e-04 1.9918523790e+04 1.5707963268e+00 2.8351855130e+00
2.3161181559e-04 1.9931974349e+04 1.5707963268e+00 2.8367413600e+00
2.3177235939e-04 1.9945440921e+04 1.5707963268e+00 2.8382951057e+00
2.3193281622e-04 1.9958923493e+04 1.5707963268e+00 2.8398467519e+00
2.3209318619e-04 1.9972422057e+04 1.5707963268e+00 2.8413963003e+00
2.3225346941e-04 1.9985936600e+04 1.5707963268e+00 2.8429437528e+00
2.3241366598e-04 1.9999467112e+04 1.5707963268e+00 2.8444891110e+00
2.3257377601e-04 2.0013013582e+04 1.5707963268e+00 2.8460323769e+00
2.3273379961e-04 2.0026575999e+04 1.5707963268e+00 2.8475735521e+00
2.3289373689e-04 2.0040154352e+04 1.5707963268e+00 2.8491126385e+00
2.3305358796e-04 2.0053748631e+04 1.5707963268e+00 2.8506496378e+00
2.3321335293e-04 2.0067358823e+04 1.5707963268e+00 2.8521845519e+00
2.3337303191e-04 2.0080984918e+04 1.5707963268e+00 2.8537173825e+00
2.3353262499e-04 2.0094626904e+04 1.5707963268e+00 2.8552481314e+00
2.3369213231e-04 2.0108284771e+04 1.5707963268e+00 2.8567768006e+00
2.3385155395e-04 2.0121958507e+04 1.5707963268e+00 2.8583033917e+00
2.3401089003e-04 2.0135648101e+04 1.5707963268e+00 2.8598279067e+00
2.3417014067e-04 2.0149353542e+04 1.5707963268e+00 2.8613503473e+00
2.3432930596e-04 2.0163074818e+04 1.5707963268e+00 2.8628707154e+00
2.3448838602e-04 2.0176811917e+04 1.5707963268e+00 2.8643890129e+00
2.3464738096e-04 2.0190564829e+04 1.5707963268e+00 2.8659052414e+00
2.3480629088e-04 2.0204333542e+04 1.5707963268e+00 2.8674194031e+00
2.3496511590e-04 2.0218118044e+04 1.5707963268e+00 2.8689314995e+00
2.3512385612e-04 2.0231918324e+04 1.5707963268e+00 2.8704415328e+00
2.3528251166e-04 2.0245734370e+04 1.5707963268e+00 2.8719495046e+00
2.3544108261e-04 2.0259566171e+04 1.5707963268e+00 2.8734554168e+00
2.3559956910e-04 2.0273413715e+04 1.5707963268e+00 2.8749592714e+00
2.3575797123e-04 2.0287276990e+04 1.5707963268e+00 2.8764610702e+00
2.3591628911e-04 2.0301155984e+04 1.5707963268e+00 2.8779608152e+00
2.3607452285e-04 2.0315050686e+04 1.5707963268e+00 2.8794585080e+00
2.3623267255e-04 2.0328961084e+04 1.5707963268e+00 2.8809541508e+00
2.3639073833e-04 2.0342887165e+04 1.5707963268e+00 2.8824477453e+00
2.3654872030e-04 2.0356828919e+04 1.5707963268e+00 2.8839392935e+00
2.3670661857e-04 2.0370786333e+04 1.5707963268e+00 2.8854287973e+00
2.3686443324e-04 2.0384759395e+04 1.5707963268e+00 2.8869162585e+00
2.3702216442e-04 2.0398748094e+04 1.5707963268e+00 2.8884016791e+00
2.3717981223e-04 2.0412752416e+04 1.5707963268e+00 2.8898850611e+00
2.3733737677e-04 2.0426772350e+04 1.5707963268e+00 2.8913664063e+00
2.3749485816e-04 2.0440807885e+04 1.5707963268e+00 2.8928457166e+00
2.3765225650e-04 2.0454859007e+04 1.5707963268e+00 2.8943229940e+00
2.3780957190e-04 2.0468925705e+04 1.5707963268e+00 2.8957982405e+00
2.3796680446e-04 2.0483007966e+04 1.5707963268e+00 2.8972714579e+00
2.3812395431e-04 2.0497105779e+04 1.5707963268e+00 2.8987426482e+00
2.3828102155e-04 2.0511219130e+04 1.5707963268e+00 2.9002118133e+00
2.3843800629e-04 2.0525348008e+04 1.5707963268e+00 2.9016789553e+00
2.3859490864e-04 2.0539492400e+04 1.5707963268e+00 2.9031440760e+00
2.3875172871e-04 2.0553652293e+04 1.5707963268e+00 2.9046071775e+00
2.3890846660e-04 2.0567827677e+04 1.5707963268e+00 2.9060682616e+00
2.3906512243e-04 2.0582018537e+04 1.5707963268e+00 2.9075273304e+00
2.3922169630e-04 2.0596224861e+04 1.5707963268e+00 2.9089843858e+00
2.3937818834e-04 2.0610446638e+04 1.5707963268e+00 2.9104394297e+00
2.3953459863e-04 2.0624683853e+04 1.5707963268e+00 2.9118924643e+00
2.3969092730e-04 2.0638936496e+04 1.5707963268e+00 2.9133434914e+00
2.3984717446e-04 2.0653204553e+04 1.5707963268e+00 2.9147925130e+00
2.4000334021e-04 2.0667488011e+04 1.5707963268e+00 2.9162395312e+00
2.4015942466e-04 2.0681786858e+04 1.5707963268e+00 2.9176845479e+00
2.4031542792e-04 2.0696101081e+04 1.5707963268e+00 2.9191275652e+00
2.4047135011e-04 2.0710430667e+04 1.5707963268e+00 2.9205685849e+00
2.4062719133e-04 2.0724775604e+04 1.5707963268e+00 2.9220076092e+00
2.4078295168e-04 2.0739135879e+04 1.5707963268e+00 2.9234446400e+00
2.4093863129e-04 2.0753511479e+04 1.5707963268e+00 2.9248796794e+00
2.4109423026e-04 2.0767902390e+04 1.5707963268e+00 2.9263127294e+00
2.4124974869e-04 2.0782308601e+04 1.5707963268e+00 2.9277437919e+00
2.4140518670e-04 2.0796730098e+04 1.5707963268e+00 2.9291728690e+00
2.4156054440e-04 2.0811166868e+04 1.5707963268e+00 2.9305999628e+00
2.4171582190e-04 2.0825618899e+04 1.5707963268e+00 2.9320250753e+00
2.4187101930e-04 2.0840086177e+04 1.5707963268e+00 2.9334482084e+00
2.4202613672e-04 2.0854568689e+04 1.5707963268e+00 2.9348693643e+00
2.4218117426e-04 2.0869066422e+04 1.5707963268e+00 2.9362885450e+00
2.4233613203e-04 2.0883579363e+04 1.5707963268e+00 2.9377057525e+00
2.4249101015e-04 2.0898107498e+04 1.5707963268e+00 2.9391209888e+00
2.4264580872e-04 2.0912650816e+04 1.5707963268e+00 2.9405342561e+00
2.4280052785e-04 2.0927209302e+04 1.5707963268e+00 2.9419455563e+00
2.4295516765e-04 2.0941782943e+04 1.5707963268e+00 2.9433548916e+00
2.4310972823e-04 2.0956371726e+04 1.5707963268e+00 2.9447622640e+00
2.4326420970e-04 2.0970975638e+04 1.5707963268e+00 2.9461676755e+00
2.4341861217e-04 2.0985594665e+04 1.5707963268e+00 2.9475711282e+00
2.4357293574e-04 2.1000228794e+04 1.5707963268e+00 2.9489726242e+00
2.4372718053e-04 2.1014878012e+04 1.5707963268e+00 2.9503721655e+00
2.4388134664e-04 2.1029542306e+04 1.5707963268e+00 2.9517697543e+00
2.4403543419e-04 2.1044221661e+04 1.5707963268e+00 2.9531653926e+00
2.4418944328e-04 2.1058916064e+04 1.5707963268e+00 2.9545590825e+00
2.4434337402e-04 2.1073625503e+04 1.5707963268e+00 2.9559508261e+00
2.4449722652e-04 2.1088349963e+04 1.5707963268e+00 2.9573406254e+00
2.4465100089e-04 2.1103089430e+04 1.5707963268e+00 2.9587284826e+00
2.4480469723e-04 2.1117843893e+04 1.5707963268e+00 2.9601143998e+00
2.4495831567e-04 2.1132613335e+04 1.5707963268e+00 2.9614983789e+00
2.4511185630e-04 2.1147397746e+04 1.5707963268e+00 2.9628804222e+00
2.4526531923e-04 2.1162197109e+04 1.5707963268e+00 2.9642605318e+00
2.4541870458e-04 2.1177011413e+04 1.5707963268e+00 2.9656387097e+00
2.4557201245e-04 2.1191840642e+04 1.5707963268e+00 2.9670149580e+00
2.4572524294e-04 2.1206684785e+04 1.5707963268e+00 2.9683892789e+00
2.4587839618e-04 2.1221543825e+04 1.5707963268e+00 2.9697616745e+00
2.4603147226e-04 2.1236417751e+04 1.5707963268e+00 2.9711321469e+00
2.4618447130e-04 2.1251306549e+04 1.5707963268e+00 2.9725006982e+00
2.4633739340e-04 2.1266210203e+04 1.5707963268e+00 2.9738673305e+00
2.4649023868e-04 2.1281128701e+04 1.5707963268e+00 2.9752320459e+00
2.4664300723e-04 2.1296062029e+04 1.5707963268e+00 2.9765948466e+00
2.4679569918e-04 2.1311010173e+04 1.5707963268e+00 2.9779557347e+00
2.4694831462e-04 2.1325973119e+04 1.5707963268e+00 2.9793147124e+00
2.4710085366e-04 2.1340950853e+04 1.5707963268e+00 2.9806717817e+00
2.4725331642e-04 2.1355943360e+04 1.5707963268e+00 2.9820269448e+00
2.4740570300e-04 2.1370950628e+04 1.5707963268e+00 2.9833802038e+00
2.4755801351e-04 2.1385972642e+04 1.5707963268e+00 2.9847315609e+00
2.4771024806e-04 2.1401009389e+04 1.5707963268e+00 2.9860810183e+00
2.4786240676e-04 2.1416060853e+04 1.5707963268e+00 2.9874285780e+00
2.4801448970e-04 2.1431127021e+04 1.5707963268e+00 2.9887742421e+00
2.4816649701e-04 2.1446207879e+04 1.5707963268e+00 2.9901180130e+00
2.4831842879e-04 2.1461303413e+04 1.5707963268e+00 2.9914598926e+00
2.4847028515e-04 2.1476413609e+04 1.5707963268e+00 2.9927998832e+00
2.4862206619e-04 2.1491538452e+04 1.5707963268e+00 2.9941379870e+00
2.4877377202e-04 2.1506677929e+04 1.5707963268e+00 2.9954742060e+00
2.4892540275e-04 2.1521832025e+04 1.5707963268e+00 2.9968085424e+00
2.4907695849e-04 2.1537000726e+04 1.5707963268e+00 2.9981409984e+00
2.4922843934e-04 2.1552184017e+04 1.5707963268e+00 2.9994715762e+00
2.4937984542e-04 2.1567381886e+04 1.5707963268e+00 3.0008002779e+00
2.4953117683e-04 2.1582594316e+04 1.5707963268e+00 3.0021271056e+00
2.4968243367e-04 2.1597821294e+04 1.5707963268e+00 3.0034520617e+00
2.4983361606e-04 2.1613062806e+04 1.5707963268e+00 3.0047751482e+00
2.4998472409e-04 2.1628318838e+04 1.5707963268e+00 3.0060963672e+00
2.5013575789e-04 2.1643589374e+04 1.5707963268e+00 3.0074157211e+00
2.5028671755e-04 2.1658874401e+04 1.5707963268e+00 3.0087332119e+00
2.5043760319e-04 2.1674173904e+04 1.5707963268e+00 3.0100488419e+00
2.5058841490e-04 2.1689487868e+04 1.5707963268e+00 3.0113626131e+00
2.5073915281e-04 2.1704816281e+04 1.5707963268e+00 3.0126745279e+00
2.5088981700e-04 2.1720159126e+04 1.5707963268e+00 3.0139845883e+00
2.5104040760e-04 2.1735516389e+04 1.5707963268e+00 3.0152927967e+00
2.5119092470e-04 2.1750888057e+04 1.5707963268e+00 3.0165991551e+00
2.5134136841e-04 2.1766274114e+04 1.5707963268e+00 3.0179036657e+00
2.5149173885e-04 2.1781674546e+04 1.5707963268e+00 3.0192063308e+00
2.5164203611e-04 2.1797089338e+04 1.5707963268e+00 3.0205071525e+00
2.5179226030e-04 2.1812518476e+04 1.5707963268e+00 3.0218061330e+00
2.5194241153e-04 2.1827961946e+04 1.5707963268e+00 3.0231032746e+00
2.5209248991e-04 2.1843419732e+04 1.5707963268e+00 3.0243985794e+00
2.5224249554e-04 2.1858891820e+04 1.5707963268e+00 3.0256920496e+00
2.5239242853e-04 2.1874378196e+04 1.5707963268e+00 3.0269836874e+00
2.5254228898e-04 2.1889878844e+04 1.5707963268e+00 3.0282734951e+00
2.5269207700e-04 2.1905393751e+04 1.5707963268e+00 3.0295614747e+00
2.5284179270e-04 2.1920922901e+04 1.5707963268e+00 3.0308476287e+00
2.5299143618e-04 2.1936466280e+04 1.5707963268e+00 3.0321319590e+00
2.5314100755e-04 2.1952023874e+04 1.5707963268e+00 3.0334144680e+00
2.5329050691e-04 2.1967595666e+04 1.5707963268e+00 3.0346951579e+00
2.5343993436e-04 2.1983181643e+04 1.5707963268e+00 3.0359740309e+00
2.5358929003e-04 2.1998781791e+04 1.5707963268e+00 3.0372510891e+00
2.5373857400e-04 2.2014396093e+04 1.5707963268e+00 3.0385263348e+00
2.5388778639e-04 2.2030024535e+04 1.5707963268e+00 3.0397997703e+00
2.5403692730e-04 2.2045667104e+04 1.5707963268e+00 3.0410713976e+00
2.5418599683e-04 2.2061323783e+04 1.5707963268e+00 3.0423412191e+00
2.5433499510e-04 2.2076994557e+04 1.5707963268e+00 3.0436092370e+00
2.5448392220e-04 2.2092679413e+04 1.5707963268e+00 3.0448754535e+00
2.5463277824e-04 2.2108378335e+04 1.5707963268e+00 3.0461398707e+00
2.5478156333e-04 2.2124091309e+04 1.5707963268e+00 3.0474024910e+00
2.5493027757e-04 2.2139818319e+04 1.5707963268e+00 3.0486633165e+00
2.5507892106e-04 2.2155559350e+04 1.5707963268e+00 3.0499223495e+00
2.5522749392e-04 2.2171314388e+04 1.5707963268e+00 3.0511795922e+00
2.5537599624e-04 2.2187083418e+04 1.5707963268e+00 3.0524350469e+00
2.5552442813e-04 2.2202866425e+04 1.5707963268e+00 3.0536887157e+00
2.5567278970e-04 2.2218663394e+04 1.5707963268e+00 3.0549406008e+00
2.5582108104e-04 2.2234474309e+04 1.5707963268e+00 3.0561907046e+00
2.5596930227e-04 2.2250299156e+04 1.5707963268e+00 3.0574390292e+00
2.5611745348e-04 2.2266137921e+04 1.5707963268e+00 3.0586855769e+00
2.5626553478e-04 2.2281990587e+04 1.5707963268e+00 3.0599303499e+00
2.5641354628e-04 2.2297857140e+04 1.5707963268e+00 3.0611733504e+00
2.5656148808e-04 2.2313737565e+04 1.5707963268e+00 3.0624145807e+00
2.5670936028e-04 2.2329631846e+04 1.5707963268e+00 3.0636540430e+00
2.5685716299e-04 2.2345539970e+04 1.5707963268e+00 3.0648917395e+00
2.5700489631e-04 2.2361461920e+04 1.5707963268e+00 3.0661276725e+00
2.5715256034e-04 2.2377397682e+04 1.5707963268e+00 3.0673618442e+00
2.5730015519e-04 2.2393347240e+04 1.5707963268e+00 3.0685942569e+00
2.5744768096e-04 2.2409310580e+04 1.5707963268e+00 3.0698249127e+00
2.5759513776e-04 2.2425287686e+04 1.5707963268e+00 3.0710538140e+00
2.5774252568e-04 2.2441278544e+04 1.5707963268e+00 3.0722809630e+00
2.5788984483e-04 2.2457283137e+04 1.5707963268e+00 3.0735063618e+00
2.5803709532e-04 2.2473301452e+04 1.5707963268e+00 3.0747300128e+00
2.5818427724e-04 2.2489333472e+04 1.5707963268e+00 3.0759519182e+00
2.5833139071e-04 2.2505379183e+04 1.5707963268e+00 3.0771720802e+00
2.5847843581e-04 2.2521438569e+04 1.5707963268e+00 3.0783905011e+00
2.5862541266e-04 2.2537511616e+04 1.5707963268e+00 3.0796071832e+00
2.5877232136e-04 2.2553598308e+04 1.5707963268e+00 3.0808221286e+00
2.5891916201e-04 2.2569698630e+04 1.5707963268e+00 3.0820353395e+00
2.5906593471e-04 2.2585812566e+04 1.5707963268e+00 3.0832468184e+00
2.5921263957e-04 2.2601940102e+04 1.5707963268e+00 3.0844565673e+00
2.5935927668e-04 2.2618081222e+04 1.5707963268e+00 3.0856645886e+00
2.5950584615e-04 2.2634235911e+04 1.5707963268e+00 3.0868708845e+00
2.5965234809e-04 2.2650404154e+04 1.5707963268e+00 3.0880754572e+00
2.5979878258e-04 2.2666585936e+04 1.5707963268e+00 3.0892783090e+00
2.5994514975e-04 2.2682781240e+04 1.5707963268e+00 3.0904794421e+00
2.6009144968e-04 2.2698990053e+04 1.5707963268e+00 3.0916788588e+00
2.6023768247e-04 2.2715212358e+04 1.5707963268e+00 3.0928765613e+00
2.6038384824e-04 2.2731448141e+04 1.5707963268e+00 3.0940725519e+00
2.6052994708e-04 2.2747697386e+04 1.5707963268e+00 3.0952668329e+00
2.6067597909e-04 2.2763960078e+04 1.5707963268e+00 3.0964594063e+00
2.6082194438e-04 2.2780236201e+04 1.5707963268e+00 3.0976502747e+00
2.6096784304e-04 2.2796525740e+04 1.5707963268e+00 3.0988394400e+00
2.6111367518e-04 2.2812828680e+04 1.5707963268e+00 3.1000269047e+00
2.6125944090e-04 2.2829145006e+04 1.5707963268e+00 3.1012126710e+00
2.6140514029e-04 2.2845474702e+04 1.5707963268e+00 3.1023967411e+00
2.6155077347e-04 2.2861817753e+04 1.5707963268e+00 3.1035791173e+00
2.6169634052e-04 2.2878174143e+04 1.5707963268e+00 3.1047598017e+00
2.6184184155e-04 2.2894543857e+04 1.5707963268e+00 3.1059387968e+00
2.6198727667e-04 2.2910926880e+04 1.5707963268e+00 3.1071161046e+00
2.6213264596e-04 2.2927323197e+04 1.5707963268e+00 3.1082917276e+00
2.6227794954e-04 2.2943732791e+04 1.5707963268e+00 3.1094656678e+00
2.6242318750e-04 2.2960155648e+04 1.5707963268e+00 3.1106379276e+00
2.6256835994e-04 2.2976591752e+04 1.5707963268e+00 3.1118085093e+00
2.6271346696e-04 2.2993041088e+04 1.5707963268e+00 3.1129774150e+00
2.6285850866e-04 2.3009503640e+04 1.5707963268e+00 3.1141446470e+00
2.6300348514e-04 2.3025979394e+04 1.5707963268e+00 3.1153102076e+00
2.6314839651e-04 2.3042468333e+04 1.5707963268e+00 3.1164740991e+00
2.6329324285e-04 2.3058970442e+04 1.5707963268e+00 3.1176363236e+00
2.6343802428e-04 2.3075485706e+04 1.5707963268e+00 3.1187968834e+00
2.6358274088e-04 2.3092014109e+04 1.5707963268e+00 3.1199557808e+00
2.6372739276e-04 2.3108555636e+04 1.5707963268e+00 3.1211130180e+00
2.6387198002e-04 2.3125110271e+04 1.5707963268e+00 3.1222685972e+00
2.6401650276e-04 2.3141678000e+04 1.5707963268e+00 3.1234225208e+00
2.6416096107e-04 2.3158258806e+04 1.5707963268e+00 3.1245747910e+00
2.6430535505e-04 2.3174852674e+04 1.5707963268e+00 3.1257254100e+00
2.6444968481e-04 2.3191459588e+04 1.5707963268e+00 3.1268743800e+00
2.6459395044e-04 2.3208079534e+04 1.5707963268e+00 3.1280217034e+00
2.6473815203e-04 2.3224712495e+04 1.5707963268e+00 3.1291673823e+00
2.6488228970e-04 2.3241358457e+04 1.5707963268e+00 3.1303114191e+00
2.6502636353e-04 2.3258017404e+04 1.5707963268e+00 3.1314538159e+00
2.6517037363e-04 2.3274689319e+04 1.5707963268e+00 3.1325945750e+00
2.6531432009e-04 2.3291374189e+04 1.5707963268e+00 3.1337336986e+00
2.6545820301e-04 2.3308071997e+04 1.5707963268e+00 3.1348711891e+00
2.6560202249e-04 2.3324782727e+04 1.5707963268e+00 3.1360070486e+00
2.6574577862e-04 2.3341506365e+04 1.5707963268e+00 3.1371412794e+00
2.6588947151e-04 2.3358242895e+04 1.5707963268e+00 3.1382738837e+00
2.6603310125e-04 2.3374992301e+04 1.5707963268e+00 3.1394048638e+00
2.6617666793e-04 2.3391754568e+04 1.5707963268e+00 3.1405342219e+00
2.6632017167e-04 2.3408529681e+04 1.5707963268e+00 3.1416619603e+00
2.6646361254e-04 2.3425317623e+04 1.5707963268e+00 3.1427880812e+00
2.6660699066e-04 2.3442118379e+04 1.5707963268e+00 3.1439125869e+00
2.6675030611e-04 2.3458931935e+04 1.5707963268e+00 3.1450354795e+00
2.6689355900e-04 2.3475758274e+04 1.5707963268e+00 3.1461567614e+00
2.6703674941e-04 2.3492597380e+04 1.5707963268e+00 3.1472764348e+00
2.6717987745e-04 2.3509449239e+04 1.5707963268e+00 3.1483945019e+00
2.6732294322e-04 2.3526313835e+04 1.5707963268e+00 3.1495109650e+00
2.6746594681e-04 2.3543191152e+04 1.5707963268e+00 3.1506258262e+00
2.6760888831e-04 2.3560081174e+04 1.5707963268e+00 3.1517390880e+00
2.6775176782e-04 2.3576983887e+04 1.5707963268e+00 3.1528507523e+00
2.6789458544e-04 2.3593899275e+04 1.5707963268e+00 3.1539608216e+00
2.6803734127e-04 2.3610827322e+04 1.5707963268e+00 3.1550692981e+00
2.6818003540e-04 2.3627768013e+04 1.5707963268e+00 3.1561761839e+00
2.6832266792e-04 2.3644721331e+04 1.5707963268e+00 3.1572814814e+00
2.6846523893e-04 2.3661687263e+04 1.5707963268e+00 3.1583851928e+00
2.6860774853e-04 2.3678665791e+04 1.5707963268e+00 3.1594873202e+00
2.6875019681e-04 2.3695656902e+04 1.5707963268e+00 3.1605878659e+00
2.6889258387e-04 2.3712660578e+04 1.5707963268e+00 3.1616868323e+00
2.6903490980e-04 2.3729676805e+04 1.5707963268e+00 3.1627842214e+00
2.6917717469e-04 2.3746705567e+04 1.5707963268e+00 3.1638800355e+00
2.6931937865e-04 2.3763746848e+04 1.5707963268e+00 3.1649742769e+00
2.6946152177e-04 2.3780800633e+04 1.5707963268e+00 3.1660669478e+00
2.6960360414e-04 2.3797866907e+04 1.5707963268e+00 3.1671580504e+00
2.6974562585e-04 2.3814945654e+04 1.5707963268e+00 3.1682475869e+00
2.6988758700e-04 2.3832036858e+04 1.5707963268e+00 3.1693355596e+00
2.7002948769e-04 2.3849140504e+04 1.5707963268e+00 3.1704219707e+00
2.7017132801e-04 2.3866256577e+04 1.5707963268e+00 3.1715068225e+00
2.7031310805e-04 2.3883385060e+04 1.5707963268e+00 3.1725901170e+00
2.7045482790e-04 2.3900525939e+04 1.5707963268e+00 3.1736718567e+00
2.7059648767e-04 2.3917679198e+04 1.5707963268e+00 3.1747520436e+00
2.7073808744e-04 2.3934844821e+04 1.5707963268e+00 3.1758306800e+00
2.7087962731e-04 2.3952022792e+04 1.5707963268e+00 3.1769077682e+00
2.7102110737e-04 2.3969213097e+04 1.5707963268e+00 3.1779833103e+00
2.7116252772e-04 2.3986415720e+04 1.5707963268e+00 3.1790573086e+00
2.7130388844e-04 2.4003630645e+04 1.5707963268e+00 3.1801297653e+00
2.7144518964e-04 2.4020857857e+04 1.5707963268e+00 3.1812006826e+00
2.7158643139e-04 2.4038097340e+04 1.5707963268e+00 3.1822700627e+00
2.7172761381e-04 2.4055349079e+04 1.5707963268e+00 3.1833379079e+00
2.7186873697e-04 2.4072613059e+04 1.5707963268e+00 3.1844042203e+00
2.7200980098e-04 2.4089889263e+04 1.5707963268e+00 3.1854690022e+00
2.7215080592e-04 2.4107177676e+04 1.5707963268e+00 3.1865322557e+00
2.7229175189e-04 2.4124478283e+04 1.5707963268e+00 3.1875939832e+00
2.7243263898e-04 2.4141791068e+04 1.5707963268e+00 3.1886541867e+00
2.7257346728e-04 2.4159116016e+04 1.5707963268e+00 3.1897128685e+00
2.7271423689e-04 2.4176453112e+04 1.5707963268e+00 3.1907700309e+00
2.7285494789e-04 2.4193802339e+04 1.5707963268e+00 3.1918256759e+00
2.7299560037e-04 2.4211163683e+04 1.5707963268e+00 3.1928798059e+00
2.7313619444e-04 2.4228537127e+04 1.5707963268e+00 3.1939324230e+00
2.7327673018e-04 2.4245922657e+04 1.5707963268e+00 3.1949835294e+00
2.7341720767e-04 2.4263320257e+04 1.5707963268e+00 3.1960331274e+00
2.7355762703e-04 2.4280729911e+04 1.5707963268e+00 3.1970812191e+00
2.7369798832e-04 2.4298151604e+04 1.5707963268e+00 3.1981278067e+00
2.7383829166e-04 2.4315585321e+04 1.5707963268e+00 3.1991728924e+00
2.7397853711e-04 2.4333031046e+04 1.5707963268e+00 3.2002164784e+00
2.7411872479e-04 2.4350488764e+04 1.5707963268e+00 3.2012585670e+00
2.7425885477e-04 2.4367958458e+04 1.5707963268e+00 3.2022991603e+00
2.7439892716e-04 2.4385440115e+04 1.5707963268e+00 3.2033382605e+00
2.7453894203e-04 2.4402933718e+04 1.5707963268e+00 3.2043758697e+00
2.7467889948e-04 2.4420439251e+04 1.5707963268e+00 3.2054119903e+00
2.7481879960e-04 2.4437956700e+04 1.5707963268e+00 3.2064466243e+00
2.7495864248e-04 2.4455486049e+04 1.5707963268e+00 3.2074797740e+00
2.7509842821e-04 2.4473027283e+04 1.5707963268e+00 3.2085114415e+00
2.7523815688e-04 2.4490580386e+04 1.5707963268e+00 3.2095416290e+00
2.7537782858e-04 2.4508145342e+04 1.5707963268e+00 3.2105703388e+00
2.7551744340e-04 2.4525722137e+04 1.5707963268e+00 3.2115975729e+00
2.7565700143e-04 2.4543310755e+04 1.5707963268e+00 3.2126233337e+00
2.7579650275e-04 2.4560911180e+04 1.5707963268e+00 3.2136476231e+00
2.7593594746e-04 2.4578523398e+04 1.5707963268e+00 3.2146704435e+00
2.7607533565e-04 2.4596147392e+04 1.5707963268e+00 3.2156917970e+00
2.7621466740e-04 2.4613783148e+04 1.5707963268e+00 3.2167116858e+00
2.7635394281e-04 2.4631430649e+04 1.5707963268e+00 3.2177301121e+00
2.7649316196e-04 2.4649089882e+04 1.5707963268e+00 3.2187470779e+00
2.7663232494e-04 2.4666760829e+04 1.5707963268e+00 3.2197625856e+00
2.7677143184e-04 2.4684443476e+04 1.5707963268e+00 3.2207766372e+00
2.7691048275e-04 2.4702137808e+04 1.5707963268e+00 3.2217892350e+00
2.7704947775e-04 2.4719843809e+04 1.5707963268e+00 3.2228003810e+00
2.7718841694e-04 2.4737561464e+04 1.5707963268e+00 3.2238100776e+00
2.7732730040e-04 2.4755290758e+04 1.5707963268e+00 3.2248183267e+00
2.7746612822e-04 2.4773031674e+04 1.5707963268e+00 3.2258251306e+00
2.7760490050e-04 2.4790784199e+04 1.5707963268e+00 3.2268304915e+00
2.7774361730e-04 2.4808548316e+04 1.5707963268e+00 3.2278344115e+00
2.7788227873e-04 2.4826324010e+04 1.5707963268e+00 3.2288368927e+00
2.7802088487e-04 2.4844111266e+04 1.5707963268e+00 3.2298379373e+00
2.7815943581e-04 2.4861910069e+04 1.5707963268e+00 3.2308375476e+00
2.7829793163e-04 2.4879720403e+04 1.5707963268e+00 3.2318357255e+00
2.7843637243e-04 2.4897542253e+04 1.5707963268e+00 3.2328324733e+00
2.7857475828e-04 2.4915375603e+04 1.5707963268e+00 3.2338277931e+00
2.7871308928e-04 2.4933220439e+04 1.5707963268e+00 3.2348216871e+00
2.7885136552e-04 2.4951076746e+04 1.5707963268e+00 3.2358141574e+00
2.7898958707e-04 2.4968944507e+04 1.5707963268e+00 3.2368052062e+00
2.7912775403e-04 2.4986823708e+04 1.5707963268e+00 3.2377948355e+00
2.7926586648e-04 2.5004714333e+04 1.5707963268e+00 3.2387830476e+00
2.7940392450e-04 2.5022616368e+04 1.5707963268e+00 3.2397698446e+00
2.7954192819e-04 2.5040529796e+04 1.5707963268e+00 3.2407552285e+00
2.7967987763e-04 2.5058454604e+04 1.5707963268e+00 3.2417392016e+00
2.7981777291e-04 2.5076390774e+04 1.5707963268e+00 3.2427217661e+00
2.7995561410e-04 2.5094338293e+04 1.5707963268e+00 3.2437029239e+00
2.8009340131e-04 2.5112297146e+04 1.5707963268e+00 3.2446826772e+00
2.8023113460e-04 2.5130267316e+04 1.5707963268e+00 3.2456610283e+00
2.8036881407e-04 2.5148248788e+04 1.5707963268e+00 3.2466379791e+00
2.8050643981e-04 2.5166241549e+04 1.5707963268e+00 3.2476135319e+00
2.8064401189e-04 2.5184245581e+04 1.5707963268e+00 3.2485876887e+00
2.8078153040e-04 2.5202260871e+04 1.5707963268e+00 3.2495604516e+00
2.8091899543e-04 2.5220287403e+04 1.5707963268e+00 3.2505318229e+00
2.8105640707e-04 2.5238325162e+04 1.5707963268e+00 3.2515018046e+00
2.8119376539e-04 2.5256374133e+04 1.5707963268e+00 3.2524703987e+00
2.8133107047e-04 2.5274434300e+04 1.5707963268e+00 3.2534376076e+00
2.8146832242e-04 2.5292505649e+04 1.5707963268e+00 3.2544034331e+00
2.8160552130e-04 2.5310588164e+04 1.5707963268e+00 3.2553678776e+00
2.8174266721e-04 2.5328681831e+04 1.5707963268e+00 3.2563309430e+00
2.8187976022e-04 2.5346786633e+04 1.5707963268e+00 3.2572926314e+00
2.8201680043e-04 2.5364902557e+04 1.5707963268e+00 3.2582529451e+00
2.8215378790e-04 2.5383029587e+04 1.5707963268e+00 3.2592118860e+00
2.8229072274e-04 2.5401167708e+04 1.5707963268e+00 3.2601694564e+00
2.8242760502e-04 2.5419316905e+04 1.5707963268e+00 3.2611256582e+00
2.8256443482e-04 2.5437477162e+04 1.5707963268e+00 3.2620804936e+00
2.8270121223e-04 2.5455648466e+04 1.5707963268e+00 3.2630339647e+00
2.8283793733e-04 2.5473830800e+04 1.5707963268e+00 3.2639860735e+00
2.8297461020e-04 2.5492024150e+04 1.5707963268e+00 3.2649368222e+00
2.8311123093e-04 2.5510228500e+04 1.5707963268e+00 3.2658862129e+00
2.8324779960e-04 2.5528443837e+04 1.5707963268e+00 3.2668342476e+00
2.8338431629e-04 2.5546670144e+04 1.5707963268e+00 3.2677809284e+00
2.8352078109e-04 2.5564907406e+04 1.5707963268e+00 3.2687262575e+00
2.8365719407e-04 2.5583155610e+04 1.5707963268e+00 3.2696702368e+00
2.8379355532e-04 2.5601414739e+04 1.5707963268e+00 3.2706128686e+00
2.8392986492e-04 2.5619684780e+04 1.5707963268e+00 3.2715541547e+00
2.8406612295e-04 2.5637965716e+04 1.5707963268e+00 3.2724940975e+00
2.8420232950e-04 2.5656257533e+04 1.5707963268e+00 3.2734326988e+00
2.8433848464e-04 2.5674560216e+04 1.5707963268e+00 3.2743699608e+00
2.8447458846e-04 2.5692873750e+04 1.5707963268e+00 3.2753058855e+00
2.8461064103e-04 2.5711198120e+04 1.5707963268e+00 3.2762404751e+00
2.8474664245e-04 2.5729533312e+04 1.5707963268e+00 3.2771737316e+00
2.8488259279e-04 2.5747879310e+04 1.5707963268e+00 3.2781056570e+00
2.8501849213e-04 2.5766236099e+04 1.5707963268e+00 3.2790362534e+00
2.8515434055e-04 2.5784603666e+04 1.5707963268e+00 3.2799655229e+00
2.8529013814e-04 2.5802981994e+04 1.5707963268e+00 3.2808934675e+00
2.8542588497e-04 2.5821371068e+04 1.5707963268e+00 3.2818200893e+00
2.8556158112e-04 2.5839770875e+04 1.5707963268e+00 3.2827453904e+00
2.8569722668e-04 2.5858181400e+04 1.5707963268e+00 3.2836693728e+00
2.8583282173e-04 2.5876602626e+04 1.5707963268e+00 3.2845920385e+00
2.8596836634e-04 2.5895034541e+04 1.5707963268e+00 3.2855133896e+00
2.8610386060e-04 2.5913477128e+04 1.5707963268e+00 3.2864334281e+00
2.8623930458e-04 2.5931930373e+04 1.5707963268e+00 3.2873521561e+00
2.8637469837e-04 2.5950394262e+04 1.5707963268e+00 3.2882695757e+00
2.8651004204e-04 2.5968868779e+04 1.5707963268e+00 3.2891856888e+00
2.8664533568e-04 2.5987353910e+04 1.5707963268e+00 3.2901004976e+00
2.8678057936e-04 2.6005849639e+04 1.5707963268e+00 3.2910140040e+00
2.8691577317e-04 2.6024355953e+04 1.5707963268e+00 3.2919262100e+00
2.8705091717e-04 2.6042872837e+04 1.5707963268e+00 3.2928371178e+00
2.8718601146e-04 2.6061400276e+04 1.5707963268e+00 3.2937467293e+00
2.8732105611e-04 2.6079938254e+04 1.5707963268e+00 3.2946550466e+00
2.8745605120e-04 2.6098486759e+04 1.5707963268e+00 3.2955620716e+00
2.8759099680e-04 2.6117045774e+04 1.5707963268e+00 3.2964678065e+00
2.8772589300e-04 2.6135615285e+04 1.5707963268e+00 3.2973722533e+00
2.8786073988e-04 2.6154195277e+04 1.5707963268e+00 3.2982754138e+00
2.8799553751e-04 2.6172785737e+04 1.5707963268e+00 3.2991772903e+00
2.8813028597e-04 2.6191386648e+04 1.5707963268e+00 3.3000778846e+00
2.8826498534e-04 2.6209997998e+04 1.5707963268e+00 3.3009771989e+00
2.8839963569e-04 2.6228619770e+04 1.5707963268e+00 3.3018752350e+00
2.8853423712e-04 2.6247251950e+04 1.5707963268e+00 3.3027719951e+00
2.8866878968e-04 2.6265894525e+04 1.5707963268e+00 3.3036674811e+00
2.8880329346e-04 2.6284547478e+04 1.5707963268e+00 3.3045616950e+00
2.8893774854e-04 2.6303210797e+04 1.5707963268e+00 3.3054546389e+00
2.8907215500e-04 2.6321884465e+04 1.5707963268e+00 3.3063463147e+00
2.8920651290e-04 2.6340568469e+04 1.5707963268e+00 3.3072367244e+00
2.8934082234e-04 2.6359262794e+04 1.5707963268e+00 3.3081258701e+00
2.8947508338e-04 2.6377967426e+04 1.5707963268e+00 3.3090137536e+00
2.8960929611e-04 2.6396682349e+04 1.5707963268e+00 3.3099003771e+00
2.8974346059e-04 2.6415407551e+04 1.5707963268e+00 3.3107857425e+00
2.8987757691e-04 2.6434143015e+04 1.5707963268e+00 3.3116698517e+00
2.9001164514e-04 2.6452888728e+04 1.5707963268e+00 3.3125527069e+00
2.9014566536e-04 2.6471644675e+04 1.5707963268e+00 3.3134343099e+00
2.9027963765e-04 2.6490410841e+04 1.5707963268e+00 3.3143146627e+00
2.9041356207e-04 2.6509187213e+04 1.5707963268e+00 3.3151937673e+00
2.9054743871e-04 2.6527973776e+04 1.5707963268e+00 3.3160716257e+00
2.9068126765e-04 2.6546770515e+04 1.5707963268e+00 3.3169482398e+00
2.9081504895e-04 2.6565577417e+04 1.5707963268e+00 3.3178236117e+00
2.9094878270e-04 2.6584394466e+04 1.5707963268e+00 3.3186977433e+00
2.9108246896e-04 2.6603221648e+04 1.5707963268e+00 3.3195706365e+00
2.9121610782e-04 2.6622058950e+04 1.5707963268e+00 3.3204422934e+00
2.9134969935e-04 2.6640906356e+04 1.5707963268e+00 3.3213127159e+00
2.9148324363e-04 2.6659763852e+04 1.5707963268e+00 3.3221819059e+00
2.9161674072e-04 2.6678631425e+04 1.5707963268e+00 3.3230498654e+00
2.9175019071e-04 2.6697509059e+04 1.5707963268e+00 3.3239165964e+00
2.9188359367e-04 2.6716396740e+04 1.5707963268e+00 3.3247821007e+00
2.9201694968e-04 2.6735294454e+04 1.5707963268e+00 3.3256463805e+00
2.9215025880e-04 2.6754202188e+04 1.5707963268e+00 3.3265094375e+00
2.9228352111e-04 2.6773119926e+04 1.5707963268e+00 3.3273712739e+00
2.9241673669e-04 2.6792047654e+04 1.5707963268e+00 3.3282318914e+00
2.9254990561e-04 2.6810985359e+04 1.5707963268e+00 3.3290912920e+00
2.9268302795e-04 2.6829933025e+04 1.5707963268e+00 3.3299494778e+00
2.9281610377e-04 2.6848890639e+04 1.5707963268e+00 3.3308064505e+00
2.9294913316e-04 2.6867858187e+04 1.5707963268e+00 3.3316622123e+00
2.9308211619e-04 2.6886835654e+04 1.5707963268e+00 3.3325167649e+00
2.9321505292e-04 2.6905823026e+04 1.5707963268e+00 3.3333701103e+00
2.9334794344e-04 2.6924820290e+04 1.5707963268e+00 3.3342222504e+00
2.9348078781e-04 2.6943827430e+04 1.5707963268e+00 3.3350731872e+00
2.9361358611e-04 2.6962844433e+04 1.5707963268e+00 3.3359229227e+00
2.9374633842e-04 2.6981871285e+04 1.5707963268e+00 3.3367714586e+00
2.9387904480e-04 2.7000907971e+04 1.5707963268e+00 3.3376187969e+00
2.9401170533e-04 2.7019954478e+04 1.5707963268e+00 3.3384649396e+00
2.9414432008e-04 2.7039010791e+04 1.5707963268e+00 3.3393098886e+00
2.9427688912e-04 2.7058076897e+04 1.5707963268e+00 3.3401536457e+00
2.9440941253e-04 2.7077152781e+04 1.5707963268e+00 3.3409962129e+00
2.9454189038e-04 2.7096238430e+04 1.5707963268e+00 3.3418375921e+00
2.9467432273e-04 2.7115333829e+04 1.5707963268e+00 3.3426777852e+00
2.9480670967e-04 2.7134438964e+04 1.5707963268e+00 3.3435167940e+00
2.9493905126e-04 2.7153553821e+04 1.5707963268e+00 3.3443546206e+00
2.9507134758e-04 2.7172678387e+04 1.5707963268e+00 3.3451912667e+00
2.9520359870e-04 2.7191812647e+04 1.5707963268e+00 3.3460267343e+00
2.9533580468e-04 2.7210956588e+04 1.5707963268e+00 3.3468610253e+00
2.9546796561e-04 2.7230110196e+04 1.5707963268e+00 3.3476941416e+00
2.9560008155e-04 2.7249273455e+04 1.5707963268e+00 3.3485260850e+00
2.9573215257e-04 2.7268446354e+04 1.5707963268e+00 3.3493568574e+00
2.9586417875e-04 2.7287628878e+04 1.5707963268e+00 3.3501864608e+00
2.9599616015e-04 2.7306821012e+04 1.5707963268e+00 3.3510148969e+00
2.9612809684e-04 2.7326022744e+04 1.5707963268e+00 3.3518421677e+00
2.9625998891e-04 2.7345234058e+04 1.5707963268e+00 3.3526682751e+00
2.9639183641e-04 2.7364454943e+04 1.5707963268e+00 3.3534932209e+00
2.9652363942e-04 2.7383685382e+04 1.5707963268e+00 3.3543170070e+00
2.9665539800e-04 2.7402925364e+04 1.5707963268e+00 3.3551396353e+00
2.9678711224e-04 2.7422174874e+04 1.5707963268e+00 3.3559611076e+00
2.9691878219e-04 2.7441433897e+04 1.5707963268e+00 3.3567814258e+00
2.9705040793e-04 2.7460702422e+04 1.5707963268e+00 3.3576005917e+00
2.9718198954e-04 2.7479980433e+04 1.5707963268e+00 3.3584186073e+00
2.9731352707e-04 2.7499267917e+04 1.5707963268e+00 3.3592354743e+00
2.9744502059e-04 2.7518564860e+04 1.5707963268e+00 3.3600511947e+00
2.9757647019e-04 2.7537871249e+04 1.5707963268e+00 3.3608657702e+00
2.9770787592e-04 2.7557187070e+04 1.5707963268e+00 3.3616792028e+00
2.9783923786e-04 2.7576512309e+04 1.5707963268e+00 3.3624914942e+00
2.9797055607e-04 2.7595846952e+04 1.5707963268e+00 3.3633026464e+00
2.9810183063e-04 2.7615190986e+04 1.5707963268e+00 3.3641126611e+00
2.9823306160e-04 2.7634544398e+04 1.5707963268e+00 3.3649215402e+00
2.9836424906e-04 2.7653907173e+04 1.5707963268e+00 3.3657292855e+00
2.9849539306e-04 2.7673279299e+04 1.5707963268e+00 3.3665358989e+00
2.9862649369e-04 2.7692660760e+04 1.5707963268e+00 3.3673413822e+00
2.9875755100e-04 2.7712051545e+04 1.5707963268e+00 3.3681457373e+00
2.9888856507e-04 2.7731451639e+04 1.5707963268e+00 3.3689489659e+00
2.9901953596e-04 2.7750861028e+04 1.5707963268e+00 3.3697510699e+00
2.9915046375e-04 2.7770279700e+04 1.5707963268e+00 3.3705520511e+00
2.9928134850e-04 2.7789707641e+04 1.5707963268e+00 3.3713519113e+00
2.9941219028e-04 2.7809144837e+04 1.5707963268e+00 3.3721506523e+00
2.9954298915e-04 2.7828591274e+04 1.5707963268e+00 3.3729482761e+00
2.9967374519e-04 2.7848046940e+04 1.5707963268e+00 3.3737447843e+00
2.9980445846e-04 2.7867511820e+04 1.5707963268e+00 3.3745401787e+00
2.9993512903e-04 2.7886985902e+04 1.5707963268e+00 3.3753344613e+00
3.0006575696e-04 2.7906469172e+04 1.5707963268e+00 3.3761276338e+00
3.0019634233e-04 2.7925961616e+04 1.5707963268e+00 3.3769196979e+00
3.0032688520e-04 2.7945463222e+04 1.5707963268e+00 3.3777106556e+00
3.0045738564e-04 2.7964973975e+04 1.5707963268e+00 3.3785005085e+00
3.0058784371e-04 2.7984493862e+04 1.5707963268e+00 3.3792892586e+00
3.0071825949e-04 2.8004022871e+04 1.5707963268e+00 3.3800769075e+00
3.0084863303e-04 2.8023560987e+04 1.5707963268e+00 3.3808634571e+00
3.0097896441e-04 2.8043108198e+04 1.5707963268e+00 3.3816489092e+00
3.0110925369e-04 2.8062664489e+04 1.5707963268e+00 3.3824332655e+00
3.0123950094e-04 2.8082229848e+04 1.5707963268e+00 3.3832165279e+00
3.0136970622e-04 2.8101804262e+04 1.5707963268e+00 3.3839986981e+00
3.0149986959e-04 2.8121387717e+04 1.5707963268e+00 3.3847797778e+00
3.0162999114e-04 2.8140980200e+04 1.5707963268e+00 3.3855597690e+00
3.0176007092e-04 2.8160581698e+04 1.5707963268e+00 3.3863386732e+00
3.0189010899e-04 2.8180192197e+04 1.5707963268e+00 3.3871164924e+00
3.0202010543e-04 2.8199811684e+04 1.5707963268e+00 3.3878932283e+00
3.0215006029e-04 2.8219440146e+04 1.5707963268e+00 3.3886688827e+00
3.0227997365e-04 2.8239077571e+04 1.5707963268e+00 3.3894434572e+00
3.0240984557e-04 2.8258723944e+04 1.5707963268e+00 3.3902169537e+00
3.0253967611e-04 2.8278379252e+04 1.5707963268e+00 3.3909893740e+00
3.0266946534e-04 2.8298043484e+04 1.5707963268e+00 3.3917607197e+00
3.0279921332e-04 2.8317716624e+04 1.5707963268e+00 3.3925309927e+00
3.0292892013e-04 2.8337398661e+04 1.5707963268e+00 3.3933001946e+00
3.0305858581e-04 2.8357089581e+04 1.5707963268e+00 3.3940683273e+00
3.0318821045e-04 2.8376789371e+04 1.5707963268e+00 3.3948353926e+00
3.0331779410e-04 2.8396498019e+04 1.5707963268e+00 3.3956013920e+00
3.0344733682e-04 2.8416215510e+04 1.5707963268e+00 3.3963663274e+00
3.0357683869e-04 2.8435941832e+04 1.5707963268e+00 3.3971302005e+00
3.0370629976e-04 2.8455676973e+04 1.5707963268e+00 3.3978930131e+00
3.0383572010e-04 2.8475420918e+04 1.5707963268e+00 3.3986547669e+00
3.0396509977e-04 2.8495173656e+04 1.5707963268e+00 3.3994154635e+00
3.0409443884e-04 2.8514935172e+04 1.5707963268e+00 3.4001751049e+00
3.0422373737e-04 2.8534705455e+04 1.5707963268e+00 3.4009336925e+00
3.0435299543e-04 2.8554484491e+04 1.5707963268e+00 3.4016912283e+00
3.0448221307e-04 2.8574272267e+04 1.5707963268e+00 3.4024477139e+00
3.0461139037e-04 2.8594068770e+04 1.5707963268e+00 3.4032031511e+00
3.0474052738e-04 2.8613873988e+04 1.5707963268e+00 3.4039575415e+00
3.0486962417e-04 2.8633687908e+04 1.5707963268e+00 3.4047108868e+00
3.0499868079e-04 2.8653510517e+04 1.5707963268e+00 3.4054631889e+00
3.0512769733e-04 2.8673341801e+04 1.5707963268e+00 3.4062144493e+00
3.0525667382e-04 2.8693181749e+04 1.5707963268e+00 3.4069646698e+00
3.0538561035e-04 2.8713030347e+04 1.5707963268e+00 3.4077138521e+00
3.0551450697e-04 2.8732887582e+04 1.5707963268e+00 3.4084619980e+00
3.0564336374e-04 2.8752753442e+04 1.5707963268e+00 3.4092091090e+00
3.0577218073e-04 2.8772627915e+04 1.5707963268e+00 3.4099551869e+00
3.0590095800e-04 2.8792510986e+04 1.5707963268e+00 3.4107002334e+00
3.0602969561e-04 2.8812402644e+04 1.5707963268e+00 3.4114442502e+00
3.0615839362e-04 2.8832302876e+04 1.5707963268e+00 3.4121872390e+00
3.0628705210e-04 2.8852211669e+04 1.5707963268e+00 3.4129292015e+00
3.0641567110e-04 2.8872129011e+04 1.5707963268e+00 3.4136701392e+00
3.0654425069e-04 2.8892054888e+04 1.5707963268e+00 3.4144100540e+00
3.0667279094e-04 2.8911989289e+04 1.5707963268e+00 3.4151489476e+00
3.0680129189e-04 2.8931932200e+04 1.5707963268e+00 3.4158868215e+00
3.0692975362e-04 2.8951883608e+04 1.5707963268e+00 3.4166236774e+00
3.0705817618e-04 2.8971843502e+04 1.5707963268e+00 3.4173595171e+00
3.0718655963e-04 2.8991811869e+04 1.5707963268e+00 3.4180943422e+00
3.0731490405e-04 2.9011788696e+04 1.5707963268e+00 3.4188281544e+00
3.0744320947e-04 2.9031773971e+04 1.5707963268e+00 3.4195609552e+00
3.0757147598e-04 2.9051767680e+04 1.5707963268e+00 3.4202927465e+00
3.0769970363e-04 2.9071769812e+04 1.5707963268e+00 3.4210235299e+00
3.0782789248e-04 2.9091780354e+04 1.5707963268e+00 3.4217533069e+00
3.0795604258e-04 2.9111799293e+04 1.5707963268e+00 3.4224820793e+00
3.0808415401e-04 2.9131826618e+04 1.5707963268e+00 3.4232098488e+00
3.0821222682e-04 2.9151862315e+04 1.5707963268e+00 3.4239366169e+00
3.0834026107e-04 2.9171906372e+04 1.5707963268e+00 3.4246623853e+00
3.0846825682e-04 2.9191958777e+04 1.5707963268e+00 3.4253871557e+00
3.0859621413e-04 2.9212019517e+04 1.5707963268e+00 3.4261109297e+00
3.0872413306e-04 2.9232088580e+04 1.5707963268e+00 3.4268337089e+00
3.0885201368e-04 2.9252165953e+04 1.5707963268e+00 3.4275554950e+00
3.0897985603e-04 2.9272251625e+04 1.5707963268e+00 3.4282762896e+00
3.0910766019e-04 2.9292345582e+04 1.5707963268e+00 3.4289960944e+00
3.0923542620e-04 2.9312447813e+04 1.5707963268e+00 3.4297149110e+00
3.0936315413e-04 2.9332558305e+04 1.5707963268e+00 3.4304327409e+00
3.0949084404e-04 2.9352677046e+04 1.5707963268e+00 3.4311495859e+00
3.0961849599e-04 2.9372804023e+04 1.5707963268e+00 3.4318654476e+00
3.0974611003e-04 2.9392939224e+04 1.5707963268e+00 3.4325803275e+00
3.0987368623e-04 2.9413082638e+04 1.5707963268e+00 3.4332942273e+00
3.1000122465e-04 2.9433234251e+04 1.5707963268e+00 3.4340071486e+00
3.1012872533e-04 2.9453394052e+04 1.5707963268e+00 3.4347190931e+00
3.1025618835e-04 2.9473562028e+04 1.5707963268e+00 3.4354300623e+00
3.1038361376e-04 2.9493738167e+04 1.5707963268e+00 3.4361400578e+00
3.1051100161e-04 2.9513922457e+04 1.5707963268e+00 3.4368490812e+00
3.1063835198e-04 2.9534114886e+04 1.5707963268e+00 3.4375571343e+00
3.1076566490e-04 2.9554315442e+04 1.5707963268e+00 3.4382642184e+00
3.1089294045e-04 2.9574524112e+04 1.5707963268e+00 3.4389703353e+00
3.1102017869e-04 2.9594740884e+04 1.5707963268e+00 3.4396754866e+00
3.1114737966e-04 2.9614965747e+04 1.5707963268e+00 3.4403796737e+00
3.1127454342e-04 2.9635198688e+04 1.5707963268e+00 3.4410828984e+00
3.1140167004e-04 2.9655439695e+04 1.5707963268e+00 3.4417851623e+00
3.1152875958e-04 2.9675688756e+04 1.5707963268e+00 3.4424864668e+00
3.1165581208e-04 2.9695945859e+04 1.5707963268e+00 3.4431868136e+00
3.1178282761e-04 2.9716210993e+04 1.5707963268e+00 3.4438862042e+00
3.1190980622e-04 2.9736484144e+04 1.5707963268e+00 3.4445846403e+00
3.1203674797e-04 2.9756765302e+04 1.5707963268e+00 3.4452821235e+00
3.1216365293e-04 2.9777054453e+04 1.5707963268e+00 3.4459786552e+00
3.1229052114e-04 2.9797351587e+04 1.5707963268e+00 3.4466742371e+00
3.1241735265e-04 2.9817656691e+04 1.5707963268e+00 3.4473688707e+00
3.1254414754e-04 2.9837969753e+04 1.5707963268e+00 3.4480625576e+00
3.1267090586e-04 2.9858290761e+04 1.5707963268e+00 3.4487552994e+00
3.1279762765e-04 2.9878619704e+04 1.5707963268e+00 3.4494470976e+00
3.1292431299e-04 2.9898956570e+04 1.5707963268e+00 3.4501379537e+00
3.1305096192e-04 2.9919301346e+04 1.5707963268e+00 3.4508278695e+00
3.1317757450e-04 2.9939654021e+04 1.5707963268e+00 3.4515168463e+00
3.1330415079e-04 2.9960014583e+04 1.5707963268e+00 3.4522048857e+00
3.1343069084e-04 2.9980383021e+04 1.5707963268e+00 3.4528919894e+00
3.1355719471e-04 3.0000759322e+04 1.5707963268e+00 3.4535781587e+00
3.1368366246e-04 3.0021143475e+04 1.5707963268e+00 3.4542633954e+00
3.1381009413e-04 3.0041535467e+04 1.5707963268e+00 3.4549477009e+00
3.1393648980e-04 3.0061935288e+04 1.5707963268e+00 3.4556310768e+00
3.1406284950e-04 3.0082342925e+04 1.5707963268e+00 3.4563135245e+00
3.1418917330e-04 3.0102758367e+04 1.5707963268e+00 3.4569950457e+00
3.1431546126e-04 3.0123181602e+04 1.5707963268e+00 3.4576756419e+00
3.1444171342e-04 3.0143612618e+04 1.5707963268e+00 3.4583553146e+00
3.1456792985e-04 3.0164051404e+04 1.5707963268e+00 3.4590340652e+00
3.1469411060e-04 3.0184497948e+04 1.5707963268e+00 3.4597118955e+00
3.1482025572e-04 3.0204952238e+04 1.5707963268e+00 3.4603888068e+00
3.1494636526e-04 3.0225414263e+04 1.5707963268e+00 3.4610648007e+00
3.1507243929e-04 3.0245884011e+04 1.5707963268e+00 3.4617398787e+00
3.1519847786e-04 3.0266361471e+04 1.5707963268e+00 3.4624140424e+00
3.1532448102e-04 3.0286846631e+04 1.5707963268e+00 3.4630872931e+00
3.1545044883e-04 3.0307339479e+04 1.5707963268e+00 3.4637596326e+00
3.1557638134e-04 3.0327840004e+04 1.5707963268e+00 3.4644310621e+00
3.1570227860e-04 3.0348348194e+04 1.5707963268e+00 3.4651015834e+00
3.1582814067e-04 3.0368864038e+04 1.5707963268e+00 3.4657711978e+00
3.1595396761e-04 3.0389387525e+04 1.5707963268e+00 3.4664399069e+00
3.1607975946e-04 3.0409918642e+04 1.5707963268e+00 3.4671077121e+00
3.1620551629e-04 3.0430457379e+04 1.5707963268e+00 3.4677746150e+00
3.1633123814e-04 3.0451003724e+04 1.5707963268e+00 3.4684406171e+00
3.1645692506e-04 3.0471557666e+04 1.5707963268e+00 3.4691057198e+00
3.1658257713e-04 3.0492119192e+04 1.5707963268e+00 3.4697699246e+00
3.1670819437e-04 3.0512688293e+04 1.5707963268e+00 3.4704332330e+00
3.1683377686e-04 3.0533264955e+04 1.5707963268e+00 3.4710956466e+00
3.1695932464e-04 3.0553849169e+04 1.5707963268e+00 3.4717571667e+00
3.1708483776e-04 3.0574440922e+04 1.5707963268e+00 3.4724177949e+00
3.1721031628e-04 3.0595040204e+04 1.5707963268e+00 3.4730775326e+00
3.1733576026e-04 3.0615647002e+04 1.5707963268e+00 3.4737363814e+00
3.1746116974e-04 3.0636261306e+04 1.5707963268e+00 3.4743943426e+00
3.1758654478e-04 3.0656883105e+04 1.5707963268e+00 3.4750514178e+00
3.1771188543e-04 3.0677512387e+04 1.5707963268e+00 3.4757076084e+00
3.1783719174e-04 3.0698149140e+04 1.5707963268e+00 3.4763629159e+00
3.1796246376e-04 3.0718793354e+04 1.5707963268e+00 3.4770173418e+00
3.1808770156e-04 3.0739445018e+04 1.5707963268e+00 3.4776708874e+00
3.1821290517e-04 3.0760104120e+04 1.5707963268e+00 3.4783235544e+00
3.1833807466e-04 3.0780770648e+04 1.5707963268e+00 3.4789753440e+00
3.1846321007e-04 3.0801444593e+04 1.5707963268e+00 3.4796262579e+00
3.1858831146e-04 3.0822125942e+04 1.5707963268e+00 3.4802762973e+00
3.1871337887e-04 3.0842814685e+04 1.5707963268e+00 3.4809254638e+00
3.1883841237e-04 3.0863510810e+04 1.5707963268e+00 3.4815737589e+00
3.1896341200e-04 3.0884214307e+04 1.5707963268e+00 3.4822211839e+00
3.1908837781e-04 3.0904925163e+04 1.5707963268e+00 3.4828677403e+00
3.1921330986e-04 3.0925643369e+04 1.5707963268e+00 3.4835134295e+00
3.1933820820e-04 3.0946368913e+04 1.5707963268e+00 3.4841582531e+00
3.1946307287e-04 3.0967101783e+04 1.5707963268e+00 3.4848022123e+00
3.1958790394e-04 3.0987841970e+04 1.5707963268e+00 3.4854453087e+00
3.1971270144e-04 3.1008589461e+04 1.5707963268e+00 3.4860875437e+00
3.1983746544e-04 3.1029344247e+04 1.5707963268e+00 3.4867289186e+00
3.1996219598e-04 3.1050106315e+04 1.5707963268e+00 3.4873694350e+00
3.2008689312e-04 3.1070875656e+04 1.5707963268e+00 3.4880090943e+00
3.2021155690e-04 3.1091652257e+04 1.5707963268e+00 3.4886478978e+00
3.2033618737e-04 3.1112436109e+04 1.5707963268e+00 3.4892858470e+00
3.2046078459e-04 3.1133227199e+04 1.5707963268e+00 3.4899229433e+00
3.2058534861e-04 3.1154025518e+04 1.5707963268e+00 3.4905591881e+00
3.2070987947e-04 3.1174831054e+04 1.5707963268e+00 3.4911945828e+00
3.2083437724e-04 3.1195643797e+04 1.5707963268e+00 3.4918291288e+00
3.2095884195e-04 3.1216463735e+04 1.5707963268e+00 3.4924628276e+00
3.2108327366e-04 3.1237290858e+04 1.5707963268e+00 3.4930956806e+00
3.2120767242e-04 3.1258125155e+04 1.5707963268e+00 3.4937276890e+00
3.2133203827e-04 3.1278966616e+04 1.5707963268e+00 3.4943588544e+00
3.2145637127e-04 3.1299815228e+04 1.5707963268e+00 3.4949891782e+00
3.2158067148e-04 3.1320670982e+04 1.5707963268e+00 3.4956186617e+00
3.2170493893e-04 3.1341533867e+04 1.5707963268e+00 3.4962473063e+00
3.2182917367e-04 3.1362403871e+04 1.5707963268e+00 3.4968751134e+00
3.2195337577e-04 3.1383280985e+04 1.5707963268e+00 3.4975020844e+00
3.2207754526e-04 3.1404165198e+04 1.5707963268e+00 3.4981282207e+00
3.2220168219e-04 3.1425056499e+04 1.5707963268e+00 3.4987535237e+00
3.2232578663e-04 3.1445954876e+04 1.5707963268e+00 3.4993779947e+00
3.2244985860e-04 3.1466860320e+04 1.5707963268e+00 3.5000016351e+00
3.2257389817e-04 3.1487772820e+04 1.5707963268e+00 3.5006244464e+00
3.2269790538e-04 3.1508692366e+04 1.5707963268e+00 3.5012464298e+00
3.2282188029e-04 3.1529618945e+04 1.5707963268e+00 3.5018675867e+00
3.2294582293e-04 3.1550552549e+04 1.5707963268e+00 3.5024879186e+00
3.2306973336e-04 3.1571493166e+04 1.5707963268e+00 3.5031074268e+00
3.2319361163e-04 3.1592440786e+04 1.5707963268e+00 3.5037261126e+00
3.2331745779e-04 3.1613395398e+04 1.5707963268e+00 3.5043439774e+00
3.2344127188e-04 3.1634356992e+04 1.5707963268e+00 3.5049610225e+00
3.2356505396e-04 3.1655325557e+04 1.5707963268e+00 3.5055772494e+00
3.2368880406e-04 3.1676301082e+04 1.5707963268e+00 3.5061926594e+00
3.2381252225e-04 3.1697283558e+04 1.5707963268e+00 3.5068072538e+00
3.2393620856e-04 3.1718272973e+04 1.5707963268e+00 3.5074210340e+00
3.2405986305e-04 3.1739269318e+04 1.5707963268e+00 3.5080340013e+00
3.2418348576e-04 3.1760272581e+04 1.5707963268e+00 3.5086461571e+00
3.2430707675e-04 3.1781282752e+04 1.5707963268e+00 3.5092575027e+00
3.2443063605e-04 3.1802299822e+04 1.5707963268e+00 3.5098680395e+00
3.2455416373e-04 3.1823323778e+04 1.5707963268e+00 3.5104777687e+00
3.2467765981e-04 3.1844354612e+04 1.5707963268e+00 3.5110866918e+00
3.2480112436e-04 3.1865392313e+04 1.5707963268e+00 3.5116948101e+00
3.2492455742e-04 3.1886436869e+04 1.5707963268e+00 3.5123021249e+00
3.2504795904e-04 3.1907488272e+04 1.5707963268e+00 3.5129086375e+00
3.2517132926e-04 3.1928546510e+04 1.5707963268e+00 3.5135143493e+00
3.2529466813e-04 3.1949611574e+04 1.5707963268e+00 3.5141192616e+00
3.2541797570e-04 3.1970683453e+04 1.5707963268e+00 3.5147233756e+00
3.2554125202e-04 3.1991762136e+04 1.5707963268e+00 3.5153266929e+00
3.2566449713e-04 3.2012847614e+04 1.5707963268e+00 3.5159292145e+00
3.2578771108e-04 3.2033939876e+04 1.5707963268e+00 3.5165309419e+00
3.2591089391e-04 3.2055038912e+04 1.5707963268e+00 3.5171318764e+00
3.2603404568e-04 3.2076144711e+04 1.5707963268e+00 3.5177320193e+00
3.2615716643e-04 3.2097257265e+04 1.5707963268e+00 3.5183313719e+00
3.2628025620e-04 3.2118376561e+04 1.5707963268e+00 3.5189299356e+00
3.2640331505e-04 3.2139502591e+04 1.5707963268e+00 3.5195277115e+00
3.2652634301e-04 3.2160635344e+04 1.5707963268e+00 3.5201247010e+00
3.2664934014e-04 3.2181774809e+04 1.5707963268e+00 3.5207209055e+00
3.2677230648e-04 3.2202920977e+04 1.5707963268e+00 3.5213163262e+00
3.2689524208e-04 3.2224073838e+04 1.5707963268e+00 3.5219109644e+00
3.2701814698e-04 3.2245233381e+04 1.5707963268e+00 3.5225048214e+00
3.2714102123e-04 3.2266399597e+04 1.5707963268e+00 3.5230978985e+00
3.2726386487e-04 3.2287572475e+04 1.5707963268e+00 3.5236901970e+00
3.2738667796e-04 3.2308752005e+04 1.5707963268e+00 3.5242817182e+00
3.2750946053e-04 3.2329938178e+04 1.5707963268e+00 3.5248724634e+00
3.2763221264e-04 3.2351130983e+04 1.5707963268e+00 3.5254624338e+00
3.2775493432e-04 3.2372330409e+04 1.5707963268e+00 3.5260516307e+00
3.2787762562e-04 3.2393536449e+04 1.5707963268e+00 3.5266400555e+00
3.2800028660e-04 3.2414749090e+04 1.5707963268e+00 3.5272277093e+00
3.2812291728e-04 3.2435968323e+04 1.5707963268e+00 3.5278145935e+00
3.2824551773e-04 3.2457194139e+04 1.5707963268e+00 3.5284007093e+00
3.2836808797e-04 3.2478426528e+04 1.5707963268e+00 3.5289860580e+00
3.2849062807e-04 3.2499665478e+04 1.5707963268e+00 3.5295706409e+00
3.2861313806e-04 3.2520910981e+04 1.5707963268e+00 3.5301544592e+00
3.2873561799e-04 3.2542163027e+04 1.5707963268e+00 3.5307375142e+00
3.2885806790e-04 3.2563421606e+04 1.5707963268e+00 3.5313198072e+00
3.2898048784e-04 3.2584686708e+04 1.5707963268e+00 3.5319013394e+00
3.2910287785e-04 3.2605958322e+04 1.5707963268e+00 3.5324821121e+00
3.2922523798e-04 3.2627236440e+04 1.5707963268e+00 3.5330621265e+00
3.2934756827e-04 3.2648521051e+04 1.5707963268e+00 3.5336413839e+00
3.2946986877e-04 3.2669812146e+04 1.5707963268e+00 3.5342198855e+00
3.2959213951e-04 3.2691109715e+04 1.5707963268e+00 3.5347976327e+00
3.2971438055e-04 3.2712413748e+04 1.5707963268e+00 3.5353746265e+00
3.2983659193e-04 3.2733724235e+04 1.5707963268e+00 3.5359508683e+00
3.2995877369e-04 3.2755041167e+04 1.5707963268e+00 3.5365263593e+00
3.3008092588e-04 3.2776364534e+04 1.5707963268e+00 3.5371011008e+00
3.3020304853e-04 3.2797694325e+04 1.5707963268e+00 3.5376750940e+00
3.3032514170e-04 3.2819030533e+04 1.5707963268e+00 3.5382483401e+00
3.3044720543e-04 3.2840373145e+04 1.5707963268e+00 3.5388208404e+00
3.3056923976e-04 3.2861722155e+04 1.5707963268e+00 3.5393925960e+00
3.3069124473e-04 3.2883077550e+04 1.5707963268e+00 3.5399636083e+00
3.3081322039e-04 3.2904439322e+04 1.5707963268e+00 3.5405338784e+00
3.3093516679e-04 3.2925807462e+04 1.5707963268e+00 3.5411034076e+00
3.3105708395e-04 3.2947181959e+04 1.5707963268e+00 3.5416721971e+00
3.3117897194e-04 3.2968562804e+04 1.5707963268e+00 3.5422402481e+00
3.3130083079e-04 3.2989949988e+04 1.5707963268e+00 3.5428075619e+00
3.3142266054e-04 3.3011343500e+04 1.5707963268e+00 3.5433741396e+00
3.3154446123e-04 3.3032743332e+04 1.5707963268e+00 3.5439399824e+00
3.3166623292e-04 3.3054149473e+04 1.5707963268e+00 3.5445050917e+00
3.3178797564e-04 3.3075561915e+04 1.5707963268e+00 3.5450694685e+00
3.3190968944e-04 3.3096980648e+04 1.5707963268e+00 3.5456331141e+00
3.3203137436e-04 3.3118405662e+04 1.5707963268e+00 3.5461960297e+00
3.3215303043e-04 3.3139836947e+04 1.5707963268e+00 3.5467582166e+00
3.3227465771e-04 3.3161274495e+04 1.5707963268e+00 3.5473196758e+00
3.3239625624e-04 3.3182718296e+04 1.5707963268e+00 3.5478804086e+00
3.3251782605e-04 3.3204168340e+04 1.5707963268e+00 3.5484404163e+00
3.3263936720e-04 3.3225624619e+04 1.5707963268e+00 3.5489996999e+00
3.3276087971e-04 3.3247087122e+04 1.5707963268e+00 3.5495582607e+00
3.3288236364e-04 3.3268555840e+04 1.5707963268e+00 3.5501160999e+00
3.3300381903e-04 3.3290030765e+04 1.5707963268e+00 3.5506732187e+00
3.3312524592e-04 3.3311511885e+04 1.5707963268e+00 3.5512296182e+00
3.3324664435e-04 3.3332999193e+04 1.5707963268e+00 3.5517852997e+00
3.3336801436e-04 3.3354492679e+04 1.5707963268e+00 3.5523402643e+00
3.3348935600e-04 3.3375992334e+04 1.5707963268e+00 3.5528945132e+00
3.3361066930e-04 3.3397498147e+04 1.5707963268e+00 3.5534480476e+00
3.3373195431e-04 3.3419010111e+04 1.5707963268e+00 3.5540008687e+00
3.3385321107e-04 3.3440528215e+04 1.5707963268e+00 3.5545529776e+00
3.3397443962e-04 3.3462052451e+04 1.5707963268e+00 3.5551043754e+00
3.3409564000e-04 3.3483582809e+04 1.5707963268e+00 3.5556550635e+00
3.3421681225e-04 3.3505119280e+04 1.5707963268e+00 3.5562050429e+00
3.3433795642e-04 3.3526661855e+04 1.5707963268e+00 3.5567543149e+00
3.3445907255e-04 3.3548210525e+04 1.5707963268e+00 3.5573028805e+00
3.3458016067e-04 3.3569765280e+04 1.5707963268e+00 3.5578507409e+00
3.3470122083e-04 3.3591326111e+04 1.5707963268e+00 3.5583978973e+00
3.3482225307e-04 3.3612893009e+04 1.5707963268e+00 3.5589443509e+00
3.3494325743e-04 3.3634465965e+04 1.5707963268e+00 3.5594901029e+00
3.3506423394e-04 3.3656044970e+04 1.5707963268e+00 3.5600351542e+00
3.3518518266e-04 3.3677630015e+04 1.5707963268e+00 3.5605795062e+00
3.3530610362e-04 3.3699221090e+04 1.5707963268e+00 3.5611231600e+00
3.3542699687e-04 3.3720818187e+04 1.5707963268e+00 3.5616661167e+00
3.3554786243e-04 3.3742421296e+04 1.5707963268e+00 3.5622083774e+00
3.3566870036e-04 3.3764030409e+04 1.5707963268e+00 3.5627499433e+00
3.3578951069e-04 3.3785645516e+04 1.5707963268e+00 3.5632908156e+00
3.3591029347e-04 3.3807266609e+04 1.5707963268e+00 3.5638309954e+00
3.3603104873e-04 3.3828893677e+04 1.5707963268e+00 3.5643704838e+00
3.3615177651e-04 3.3850526713e+04 1.5707963268e+00 3.5649092820e+00
3.3627247685e-04 3.3872165708e+04 1.5707963268e+00 3.5654473910e+00
3.3639314981e-04 3.3893810652e+04 1.5707963268e+00 3.5659848121e+00
3.3651379540e-04 3.3915461536e+04 1.5707963268e+00 3.5665215464e+00
3.3663441368e-04 3.3937118352e+04 1.5707963268e+00 3.5670575949e+00
3.3675500468e-04 3.3958781091e+04 1.5707963268e+00 3.5675929588e+00
3.3687556844e-04 3.3980449743e+04 1.5707963268e+00 3.5681276393e+00
3.3699610501e-04 3.4002124300e+04 1.5707963268e+00 3.5686616374e+00
3.3711661442e-04 3.4023804752e+04 1.5707963268e+00 3.5691949543e+00
3.3723709671e-04 3.4045491092e+04 1.5707963268e+00 3.5697275911e+00
3.3735755192e-04 3.4067183310e+04 1.5707963268e+00 3.5702595489e+00
3.3747798009e-04 3.4088881397e+04 1.5707963268e+00 3.5707908288e+00
3.3759838126e-04 3.4110585345e+04 1.5707963268e+00 3.5713214320e+00
3.3771875547e-04 3.4132295145e+04 1.5707963268e+00 3.5718513595e+00
3.3783910276e-04 3.4154010787e+04 1.5707963268e+00 3.5723806124e+00
3.3795942317e-04 3.4175732263e+04 1.5707963268e+00 3.5729091919e+00
3.3807971673e-04 3.4197459565e+04 1.5707963268e+00 3.5734370991e+00
3.3819998348e-04 3.4219192684e+04 1.5707963268e+00 3.5739643350e+00
3.3832022347e-04 3.4240931610e+04 1.5707963268e+00 3.5744909008e+00
3.3844043673e-04 3.4262676335e+04 1.5707963268e+00 3.5750167976e+00
3.3856062330e-04 3.4284426851e+04 1.5707963268e+00 3.5755420264e+00
3.3868078322e-04 3.4306183148e+04 1.5707963268e+00 3.5760665884e+00
3.3880091653e-04 3.4327945219e+04 1.5707963268e+00 3.5765904846e+00
3.3892102326e-04 3.4349713053e+04 1.5707963268e+00 3.5771137161e+00
3.3904110346e-04 3.4371486644e+04 1.5707963268e+00 3.5776362841e+00
3.3916115716e-04 3.4393265981e+04 1.5707963268e+00 3.5781581896e+00
3.3928118441e-04 3.4415051057e+04 1.5707963268e+00 3.5786794337e+00
3.3940118523e-04 3.4436841862e+04 1.5707963268e+00 3.5792000174e+00
3.3952115967e-04 3.4458638389e+04 1.5707963268e+00 3.5797199419e+00
3.3964110777e-04 3.4480440628e+04 1.5707963268e+00 3.5802392082e+00
3.3976102956e-04 3.4502248572e+04 1.5707963268e+00 3.5807578175e+00
3.3988092508e-04 3.4524062210e+04 1.5707963268e+00 3.5812757707e+00
3.4000079438e-04 3.4545881536e+04 1.5707963268e+00 3.5817930690e+00
3.4012063747e-04 3.4567706540e+04 1.5707963268e+00 3.5823097135e+00
3.4024045442e-04 3.4589537214e+04 1.5707963268e+00 3.5828257051e+00
3.4036024524e-04 3.4611373549e+04 1.5707963268e+00 3.5833410450e+00
3.4048000999e-04 3.4633215537e+04 1.5707963268e+00 3.5838557342e+00
3.4059974870e-04 3.4655063169e+04 1.5707963268e+00 3.5843697739e+00
3.4071946139e-04 3.4676916437e+04 1.5707963268e+00 3.5848831650e+00
3.4083914813e-04 3.4698775333e+04 1.5707963268e+00 3.5853959086e+00
3.4095880893e-04 3.4720639848e+04 1.5707963268e+00 3.5859080058e+00
3.4107844383e-04 3.4742509973e+04 1.5707963268e+00 3.5864194576e+00
3.4119805289e-04 3.4764385700e+04 1.5707963268e+00 3.5869302651e+00
3.4131763612e-04 3.4786267021e+04 1.5707963268e+00 3.5874404293e+00
3.4143719357e-04 3.4808153927e+04 1.5707963268e+00 3.5879499513e+00
3.4155672528e-04 3.4830046411e+04 1.5707963268e+00 3.5884588322e+00
3.4167623127e-04 3.4851944463e+04 1.5707963268e+00 3.5889670729e+00
3.4179571160e-04 3.4873848075e+04 1.5707963268e+00 3.5894746746e+00
3.4191516629e-04 3.4895757239e+04 1.5707963268e+00 3.5899816382e+00
3.4203459539e-04 3.4917671947e+04 1.5707963268e+00 3.5904879649e+00
3.4215399892e-04 3.4939592190e+04 1.5707963268e+00 3.5909936556e+00
3.4227337693e-04 3.4961517960e+04 1.5707963268e+00 3.5914987113e+00
3.4239272945e-04 3.4983449249e+04 1.5707963268e+00 3.5920031332e+00
3.4251205652e-04 3.5005386049e+04 1.5707963268e+00 3.5925069223e+00
3.4263135818e-04 3.5027328350e+04 1.5707963268e+00 3.5930100795e+00
3.4275063445e-04 3.5049276146e+04 1.5707963268e+00 3.5935126060e+00
3.4286988538e-04 3.5071229427e+04 1.5707963268e+00 3.5940145027e+00
3.4298911101e-04 3.5093188186e+04 1.5707963268e+00 3.5945157707e+00
3.4310831136e-04 3.5115152415e+04 1.5707963268e+00 3.5950164109e+00
3.4322748648e-04 3.5137122104e+04 1.5707963268e+00 3.5955164245e+00
3.4334663640e-04 3.5159097247e+04 1.5707963268e+00 3.5960158124e+00
3.4346576116e-04 3.5181077834e+04 1.5707963268e+00 3.5965145757e+00
3.4358486079e-04 3.5203063858e+04 1.5707963268e+00 3.5970127153e+00
3.4370393533e-04 3.5225055311e+04 1.5707963268e+00 3.5975102323e+00
3.4382298482e-04 3.5247052184e+04 1.5707963268e+00 3.5980071278e+00
3.4394200928e-04 3.5269054469e+04 1.5707963268e+00 3.5985034026e+00
3.4406100876e-04 3.5291062159e+04 1.5707963268e+00 3.5989990579e+00
3.4417998330e-04 3.5313075244e+04 1.5707963268e+00 3.5994940945e+00
3.4429893292e-04 3.5335093718e+04 1.5707963268e+00 3.5999885137e+00
3.4441785766e-04 3.5357117572e+04 1.5707963268e+00 3.6004823162e+00
3.4453675756e-04 3.5379146798e+04 1.5707963268e+00 3.6009755032e+00
3.4465563265e-04 3.5401181388e+04 1.5707963268e+00 3.6014680756e+00
3.4477448297e-04 3.5423221333e+04 1.5707963268e+00 3.6019600345e+00
3.4489330855e-04 3.5445266627e+04 1.5707963268e+00 3.6024513808e+00
3.4501210943e-04 3.5467317261e+04 1.5707963268e+00 3.6029421156e+00
