0.0000000000e+00 1.4635179612e+04 1.5707963268e+00 0.0000000000e+00
2.3569409810e-07 1.4635179612e+04 1.5707963268e+00 3.0303030303e-03
4.7138819621e-07 1.4635191829e+04 1.5707963268e+00 6.0606060606e-03
7.0708199161e-07 1.4635216264e+04 1.5707963268e+00 9.0909040316e-03
9.4277518161e-07 1.4635252916e+04 1.5707963268e+00 1.2121191884e-02
1.1784674635e-06 1.4635301786e+04 1.5707963268e+00 1.5151464558e-02
1.4141585346e-06 1.4635362874e+04 1.5707963268e+00 1.8181716995e-02
1.6498480923e-06 1.4635436179e+04 1.5707963268e+00 2.1211944136e-02
1.8855358338e-06 1.4635521704e+04 1.5707963268e+00 2.4242140920e-02
2.1212214566e-06 1.4635619447e+04 1.5707963268e+00 2.7272302290e-02
2.3569046579e-06 1.4635729409e+04 1.5707963268e+00 3.0302423187e-02
2.5925851351e-06 1.4635851592e+04 1.5707963268e+00 3.3332498550e-02
2.8282625857e-06 1.4635985995e+04 1.5707963268e+00 3.6362523322e-02
3.0639367070e-06 1.4636132620e+04 1.5707963268e+00 3.9392492444e-02
3.2996071966e-06 1.4636291466e+04 1.5707963268e+00 4.2422400857e-02
3.5352737518e-06 1.4636462536e+04 1.5707963268e+00 4.5452243502e-02
3.7709360701e-06 1.4636645830e+04 1.5707963268e+00 4.8482015321e-02
4.0065938492e-06 1.4636841349e+04 1.5707963268e+00 5.1511711256e-02
4.2422467864e-06 1.4637049093e+04 1.5707963268e+00 5.4541326249e-02
4.4778945794e-06 1.4637269065e+04 1.5707963268e+00 5.7570855241e-02
4.7135369259e-06 1.4637501266e+04 1.5707963268e+00 6.0600293175e-02
4.9491735235e-06 1.4637745696e+04 1.5707963268e+00 6.3629634993e-02
5.1848040699e-06 1.4638002357e+04 1.5707963268e+00 6.6658875638e-02
5.4204282627e-06 1.4638271251e+04 1.5707963268e+00 6.9688010053e-02
5.6560458000e-06 1.4638552379e+04 1.5707963268e+00 7.2717033179e-02
5.8916563793e-06 1.4638845742e+04 1.5707963268e+00 7.5745939961e-02
6.1272596987e-06 1.4639151342e+04 1.5707963268e+00 7.8774725342e-02
6.3628554560e-06 1.4639469182e+04 1.5707963268e+00 8.1803384264e-02
6.5984433493e-06 1.4639799262e+04 1.5707963268e+00 8.4831911673e-02
6.8340230765e-06 1.4640141585e+04 1.5707963268e+00 8.7860302511e-02
7.0695943358e-06 1.4640496152e+04 1.5707963268e+00 9.0888551724e-02
7.3051568253e-06 1.4640862966e+04 1.5707963268e+00 9.3916654255e-02
7.5407102433e-06 1.4641242029e+04 1.5707963268e+00 9.6944605049e-02
7.7762542880e-06 1.4641633342e+04 1.5707963268e+00 9.9972399052e-02
8.0117886577e-06 1.4642036908e+04 1.5707963268e+00 1.0300003121e-01
8.2473130508e-06 1.4642452730e+04 1.5707963268e+00 1.0602749646e-01
8.4828271659e-06 1.4642880809e+04 1.5707963268e+00 1.0905478976e-01
8.7183307014e-06 1.4643321148e+04 1.5707963268e+00 1.1208190606e-01
8.9538233561e-06 1.4643773750e+04 1.5707963268e+00 1.1510884029e-01
9.1893048285e-06 1.4644238617e+04 1.5707963268e+00 1.1813558740e-01
9.4247748175e-06 1.4644715751e+04 1.5707963268e+00 1.2116214235e-01
9.6602330219e-06 1.4645205156e+04 1.5707963268e+00 1.2418850007e-01
9.8956791406e-06 1.4645706834e+04 1.5707963268e+00 1.2721465552e-01
1.0131112873e-05 1.4646220789e+04 1.5707963268e+00 1.3024060365e-01
1.0366533917e-05 1.4646747022e+04 1.5707963268e+00 1.3326633940e-01
1.0601941974e-05 1.4647285537e+04 1.5707963268e+00 1.3629185773e-01
1.0837336741e-05 1.4647836338e+04 1.5707963268e+00 1.3931715357e-01
1.1072717918e-05 1.4648399426e+04 1.5707963268e+00 1.4234222189e-01
1.1308085205e-05 1.4648974806e+04 1.5707963268e+00 1.4536705763e-01
1.1543438302e-05 1.4649562480e+04 1.5707963268e+00 1.4839165575e-01
1.1778776908e-05 1.4650162453e+04 1.5707963268e+00 1.5141601118e-01
1.2014100722e-05 1.4650774727e+04 1.5707963268e+00 1.5444011890e-01
1.2249409445e-05 1.4651399306e+04 1.5707963268e+00 1.5746397384e-01
1.2484702777e-05 1.4652036193e+04 1.5707963268e+00 1.6048757096e-01
1.2719980417e-05 1.4652685392e+04 1.5707963268e+00 1.6351090521e-01
1.2955242066e-05 1.4653346907e+04 1.5707963268e+00 1.6653397154e-01
1.3190487424e-05 1.4654020741e+04 1.5707963268e+00 1.6955676492e-01
1.3425716192e-05 1.4654706899e+04 1.5707963268e+00 1.7257928029e-01
1.3660928070e-05 1.4655405384e+04 1.5707963268e+00 1.7560151261e-01
1.3896122759e-05 1.4656116200e+04 1.5707963268e+00 1.7862345683e-01
1.4131299959e-05 1.4656839352e+04 1.5707963268e+00 1.8164510791e-01
1.4366459372e-05 1.4657574842e+04 1.5707963268e+00 1.8466646081e-01
1.4601600697e-05 1.4658322676e+04 1.5707963268e+00 1.8768751048e-01
1.4836723638e-05 1.4659082858e+04 1.5707963268e+00 1.9070825188e-01
1.5071827894e-05 1.4659855392e+04 1.5707963268e+00 1.9372867996e-01
1.5306913168e-05 1.4660640283e+04 1.5707963268e+00 1.9674878970e-01
1.5541979160e-05 1.4661437534e+04 1.5707963268e+00 1.9976857604e-01
1.5777025572e-05 1.4662247151e+04 1.5707963268e+00 2.0278803394e-01
1.6012052107e-05 1.4663069137e+04 1.5707963268e+00 2.0580715838e-01
1.6247058465e-05 1.4663903499e+04 1.5707963268e+00 2.0882594430e-01
1.6482044350e-05 1.4664750239e+04 1.5707963268e+00 2.1184438666e-01
1.6717009463e-05 1.4665609364e+04 1.5707963268e+00 2.1486248044e-01
1.6951953507e-05 1.4666480878e+04 1.5707963268e+00 2.1788022060e-01
1.7186876184e-05 1.4667364786e+04 1.5707963268e+00 2.2089760209e-01
1.7421777197e-05 1.4668261093e+04 1.5707963268e+00 2.2391461988e-01
1.7656656249e-05 1.4669169803e+04 1.5707963268e+00 2.2693126894e-01
1.7891513042e-05 1.4670090923e+04 1.5707963268e+00 2.2994754423e-01
1.8126347280e-05 1.4671024458e+04 1.5707963268e+00 2.3296344072e-01
1.8361158666e-05 1.4671970412e+04 1.5707963268e+00 2.3597895337e-01
1.8595946903e-05 1.4672928790e+04 1.5707963268e+00 2.3899407716e-01
1.8830711696e-05 1.4673899600e+04 1.5707963268e+00 2.4200880705e-01
1.9065452747e-05 1.4674882845e+04 1.5707963268e+00 2.4502313801e-01
1.9300169762e-05 1.4675878531e+04 1.5707963268e+00 2.4803706502e-01
1.9534862443e-05 1.4676886664e+04 1.5707963268e+00 2.5105058303e-01
1.9769530495e-05 1.4677907250e+04 1.5707963268e+00 2.5406368703e-01
2.0004173622e-05 1.4678940295e+04 1.5707963268e+00 2.5707637198e-01
2.0238791530e-05 1.4679985803e+04 1.5707963268e+00 2.6008863287e-01
2.0473383923e-05 1.4681043782e+04 1.5707963268e+00 2.6310046465e-01
2.0707950505e-05 1.4682114236e+04 1.5707963268e+00 2.6611186232e-01
2.0942490983e-05 1.4683197173e+04 1.5707963268e+00 2.6912282083e-01
2.1177005061e-05 1.4684292598e+04 1.5707963268e+00 2.7213333518e-01
2.1411492445e-05 1.4685400516e+04 1.5707963268e+00 2.7514340034e-01
2.1645952840e-05 1.4686520936e+04 1.5707963268e+00 2.7815301128e-01
2.1880385953e-05 1.4687653862e+04 1.5707963268e+00 2.8116216298e-01
2.2114791490e-05 1.4688799301e+04 1.5707963268e+00 2.8417085043e-01
2.2349169156e-05 1.4689957259e+04 1.5707963268e+00 2.8717906861e-01
2.2583518659e-05 1.4691127744e+04 1.5707963268e+00 2.9018681249e-01
2.2817839705e-05 1.4692310760e+04 1.5707963268e+00 2.9319407707e-01
2.3052132000e-05 1.4693506316e+04 1.5707963268e+00 2.9620085732e-01
2.3286395253e-05 1.4694714418e+04 1.5707963268e+00 2.9920714822e-01
2.3520629170e-05 1.4695935072e+04 1.5707963268e+00 3.0221294478e-01
2.3754833458e-05 1.4697168285e+04 1.5707963268e+00 3.0521824196e-01
2.3989007826e-05 1.4698414064e+04 1.5707963268e+00 3.0822303477e-01
2.4223151982e-05 1.4699672416e+04 1.5707963268e+00 3.1122731818e-01
2.4457265633e-05 1.4700943349e+04 1.5707963268e+00 3.1423108719e-01
2.4691348487e-05 1.4702226868e+04 1.5707963268e+00 3.1723433679e-01
2.4925400254e-05 1.4703522982e+04 1.5707963268e+00 3.2023706197e-01
2.5159420643e-05 1.4704831696e+04 1.5707963268e+00 3.2323925772e-01
2.5393409361e-05 1.4706153020e+04 1.5707963268e+00 3.2624091904e-01
2.5627366119e-05 1.4707486959e+04 1.5707963268e+00 3.2924204093e-01
2.5861290625e-05 1.4708833522e+04 1.5707963268e+00 3.3224261837e-01
2.6095182590e-05 1.4710192715e+04 1.5707963268e+00 3.3524264637e-01
2.6329041723e-05 1.4711564547e+04 1.5707963268e+00 3.3824211993e-01
2.6562867735e-05 1.4712949025e+04 1.5707963268e+00 3.4124103404e-01
2.6796660336e-05 1.4714346155e+04 1.5707963268e+00 3.4423938370e-01
2.7030419237e-05 1.4715755947e+04 1.5707963268e+00 3.4723716393e-01
2.7264144148e-05 1.4717178408e+04 1.5707963268e+00 3.5023436971e-01
2.7497834780e-05 1.4718613546e+04 1.5707963268e+00 3.5323099606e-01
2.7731490845e-05 1.4720061368e+04 1.5707963268e+00 3.5622703798e-01
2.7965112055e-05 1.4721521883e+04 1.5707963268e+00 3.5922249048e-01
2.8198698121e-05 1.4722995098e+04 1.5707963268e+00 3.6221734857e-01
2.8432248755e-05 1.4724481022e+04 1.5707963268e+00 3.6521160725e-01
2.8665763670e-05 1.4725979662e+04 1.5707963268e+00 3.6820526154e-01
2.8899242578e-05 1.4727491027e+04 1.5707963268e+00 3.7119830645e-01
2.9132685193e-05 1.4729015126e+04 1.5707963268e+00 3.7419073699e-01
2.9366091226e-05 1.4730551966e+04 1.5707963268e+00 3.7718254817e-01
2.9599460393e-05 1.4732101556e+04 1.5707963268e+00 3.8017373502e-01
2.9832792405e-05 1.4733663904e+04 1.5707963268e+00 3.8316429255e-01
3.0066086978e-05 1.4735239019e+04 1.5707963268e+00 3.8615421578e-01
3.0299343825e-05 1.4736826910e+04 1.5707963268e+00 3.8914349973e-01
3.0532562661e-05 1.4738427584e+04 1.5707963268e+00 3.9213213942e-01
3.0765743200e-05 1.4740041051e+04 1.5707963268e+00 3.9512012987e-01
3.0998885158e-05 1.4741667319e+04 1.5707963268e+00 3.9810746611e-01
3.1231988250e-05 1.4743306398e+04 1.5707963268e+00 4.0109414317e-01
3.1465052191e-05 1.4744958296e+04 1.5707963268e+00 4.0408015607e-01
3.1698076697e-05 1.4746623021e+04 1.5707963268e+00 4.0706549984e-01
3.1931061484e-05 1.4748300584e+04 1.5707963268e+00 4.1005016951e-01
3.2164006269e-05 1.4749990993e+04 1.5707963268e+00 4.1303416011e-01
3.2396910768e-05 1.4751694256e+04 1.5707963268e+00 4.1601746668e-01
3.2629774699e-05 1.4753410385e+04 1.5707963268e+00 4.1900008426e-01
3.2862597778e-05 1.4755139386e+04 1.5707963268e+00 4.2198200787e-01
3.3095379723e-05 1.4756881270e+04 1.5707963268e+00 4.2496323255e-01
3.3328120252e-05 1.4758636047e+04 1.5707963268e+00 4.2794375336e-01
3.3560819084e-05 1.4760403725e+04 1.5707963268e+00 4.3092356532e-01
3.3793475936e-05 1.4762184314e+04 1.5707963268e+00 4.3390266349e-01
3.4026090527e-05 1.4763977823e+04 1.5707963268e+00 4.3688104290e-01
3.4258662577e-05 1.4765784263e+04 1.5707963268e+00 4.3985869860e-01
3.4491191804e-05 1.4767603642e+04 1.5707963268e+00 4.4283562564e-01
3.4723677929e-05 1.4769435970e+04 1.5707963268e+00 4.4581181907e-01
3.4956120672e-05 1.4771281258e+04 1.5707963268e+00 4.4878727395e-01
3.5188519752e-05 1.4773139514e+04 1.5707963268e+00 4.5176198532e-01
3.5420874891e-05 1.4775010749e+04 1.5707963268e+00 4.5473594824e-01
3.5653185809e-05 1.4776894973e+04 1.5707963268e+00 4.5770915778e-01
3.5885452228e-05 1.4778792196e+04 1.5707963268e+00 4.6068160897e-01
3.6117673870e-05 1.4780702427e+04 1.5707963268e+00 4.6365329690e-01
3.6349850455e-05 1.4782625677e+04 1.5707963268e+00 4.6662421661e-01
3.6581981707e-05 1.4784561956e+04 1.5707963268e+00 4.6959436318e-01
3.6814067347e-05 1.4786511274e+04 1.5707963268e+00 4.7256373166e-01
3.7046107100e-05 1.4788473641e+04 1.5707963268e+00 4.7553231714e-01
3.7278100688e-05 1.4790449068e+04 1.5707963268e+00 4.7850011467e-01
3.7510047835e-05 1.4792437565e+04 1.5707963268e+00 4.8146711934e-01
3.7741948264e-05 1.4794439142e+04 1.5707963268e+00 4.8443332621e-01
3.7973801701e-05 1.4796453811e+04 1.5707963268e+00 4.8739873036e-01
3.8205607868e-05 1.4798481580e+04 1.5707963268e+00 4.9036332686e-01
3.8437366493e-05 1.4800522462e+04 1.5707963268e+00 4.9332711081e-01
3.8669077299e-05 1.4802576466e+04 1.5707963268e+00 4.9629007727e-01
3.8900740013e-05 1.4804643604e+04 1.5707963268e+00 4.9925222134e-01
3.9132354360e-05 1.4806723886e+04 1.5707963268e+00 5.0221353810e-01
3.9363920067e-05 1.4808817322e+04 1.5707963268e+00 5.0517402263e-01
3.9595436861e-05 1.4810923924e+04 1.5707963268e+00 5.0813367004e-01
3.9826904468e-05 1.4813043703e+04 1.5707963268e+00 5.1109247540e-01
4.0058322617e-05 1.4815176670e+04 1.5707963268e+00 5.1405043382e-01
4.0289691034e-05 1.4817322835e+04 1.5707963268e+00 5.1700754040e-01
4.0521009448e-05 1.4819482209e+04 1.5707963268e+00 5.1996379022e-01
4.0752277588e-05 1.4821654805e+04 1.5707963268e+00 5.2291917840e-01
4.0983495183e-05 1.4823840632e+04 1.5707963268e+00 5.2587370004e-01
4.1214661961e-05 1.4826039702e+04 1.5707963268e+00 5.2882735024e-01
4.1445777652e-05 1.4828252027e+04 1.5707963268e+00 5.3178012411e-01
4.1676841988e-05 1.4830477618e+04 1.5707963268e+00 5.3473201676e-01
4.1907854697e-05 1.4832716485e+04 1.5707963268e+00 5.3768302330e-01
4.2138815510e-05 1.4834968641e+04 1.5707963268e+00 5.4063313885e-01
4.2369724160e-05 1.4837234098e+04 1.5707963268e+00 5.4358235853e-01
4.2600580377e-05 1.4839512865e+04 1.5707963268e+00 5.4653067745e-01
4.2831383894e-05 1.4841804956e+04 1.5707963268e+00 5.4947809075e-01
4.3062134442e-05 1.4844110381e+04 1.5707963268e+00 5.5242459353e-01
4.3292831755e-05 1.4846429153e+04 1.5707963268e+00 5.5537018094e-01
4.3523475565e-05 1.4848761283e+04 1.5707963268e+00 5.5831484809e-01
4.3754065607e-05 1.4851106782e+04 1.5707963268e+00 5.6125859013e-01
4.3984601613e-05 1.4853465663e+04 1.5707963268e+00 5.6420140219e-01
4.4215083319e-05 1.4855837938e+04 1.5707963268e+00 5.6714327940e-01
4.4445510459e-05 1.4858223619e+04 1.5707963268e+00 5.7008421691e-01
4.4675882769e-05 1.4860622716e+04 1.5707963268e+00 5.7302420985e-01
4.4906199983e-05 1.4863035243e+04 1.5707963268e+00 5.7596325337e-01
4.5136461838e-05 1.4865461212e+04 1.5707963268e+00 5.7890134263e-01
4.5366668071e-05 1.4867900634e+04 1.5707963268e+00 5.8183847276e-01
4.5596818417e-05 1.4870353522e+04 1.5707963268e+00 5.8477463893e-01
4.5826912614e-05 1.4872819888e+04 1.5707963268e+00 5.8770983629e-01
4.6056950401e-05 1.4875299744e+04 1.5707963268e+00 5.9064406000e-01
4.6286931514e-05 1.4877793103e+04 1.5707963268e+00 5.9357730522e-01
4.6516855693e-05 1.4880299977e+04 1.5707963268e+00 5.9650956711e-01
4.6746722675e-05 1.4882820377e+04 1.5707963268e+00 5.9944084084e-01
4.6976532202e-05 1.4885354318e+04 1.5707963268e+00 6.0237112159e-01
4.7206284012e-05 1.4887901810e+04 1.5707963268e+00 6.0530040452e-01
4.7435977845e-05 1.4890462868e+04 1.5707963268e+00 6.0822868481e-01
4.7665613443e-05 1.4893037502e+04 1.5707963268e+00 6.1115595763e-01
4.7895190545e-05 1.4895625726e+04 1.5707963268e+00 6.1408221818e-01
4.8124708895e-05 1.4898227553e+04 1.5707963268e+00 6.1700746163e-01
4.8354168233e-05 1.4900842995e+04 1.5707963268e+00 6.1993168318e-01
4.8583568303e-05 1.4903472065e+04 1.5707963268e+00 6.2285487801e-01
4.8812908846e-05 1.4906114776e+04 1.5707963268e+00 6.2577704131e-01
4.9042189607e-05 1.4908771141e+04 1.5707963268e+00 6.2869816829e-01
4.9271410328e-05 1.4911441172e+04 1.5707963268e+00 6.3161825414e-01
4.9500570755e-05 1.4914124882e+04 1.5707963268e+00 6.3453729406e-01
4.9729670632e-05 1.4916822284e+04 1.5707963268e+00 6.3745528327e-01
4.9958709703e-05 1.4919533392e+04 1.5707963268e+00 6.4037221698e-01
5.0187687716e-05 1.4922258219e+04 1.5707963268e+00 6.4328809038e-01
5.0416604414e-05 1.4924996777e+04 1.5707963268e+00 6.4620289871e-01
5.0645459546e-05 1.4927749079e+04 1.5707963268e+00 6.4911663717e-01
5.0874252858e-05 1.4930515139e+04 1.5707963268e+00 6.5202930100e-01
5.1102984097e-05 1.4933294971e+04 1.5707963268e+00 6.5494088541e-01
5.1331653012e-05 1.4936088586e+04 1.5707963268e+00 6.5785138564e-01
5.1560259350e-05 1.4938895999e+04 1.5707963268e+00 6.6076079691e-01
5.1788802861e-05 1.4941717223e+04 1.5707963268e+00 6.6366911447e-01
5.2017283294e-05 1.4944552272e+04 1.5707963268e+00 6.6657633356e-01
5.2245700399e-05 1.4947401157e+04 1.5707963268e+00 6.6948244941e-01
5.2474053925e-05 1.4950263895e+04 1.5707963268e+00 6.7238745727e-01
5.2702343625e-05 1.4953140496e+04 1.5707963268e+00 6.7529135239e-01
5.2930569248e-05 1.4956030976e+04 1.5707963268e+00 6.7819413003e-01
5.3158730547e-05 1.4958935348e+04 1.5707963268e+00 6.8109578544e-01
5.3386827275e-05 1.4961853625e+04 1.5707963268e+00 6.8399631388e-01
5.3614859183e-05 1.4964785820e+04 1.5707963268e+00 6.8689571062e-01
5.3842826025e-05 1.4967731949e+04 1.5707963268e+00 6.8979397092e-01
5.4070727555e-05 1.4970692024e+04 1.5707963268e+00 6.9269109005e-01
5.4298563527e-05 1.4973666059e+04 1.5707963268e+00 6.9558706330e-01
5.4526333695e-05 1.4976654068e+04 1.5707963268e+00 6.9848188593e-01
5.4754037816e-05 1.4979656065e+04 1.5707963268e+00 7.0137555323e-01
5.4981675644e-05 1.4982672063e+04 1.5707963268e+00 7.0426806050e-01
5.5209246936e-05 1.4985702077e+04 1.5707963268e+00 7.0715940300e-01
5.5436751449e-05 1.4988746120e+04 1.5707963268e+00 7.1004957605e-01
5.5664188939e-05 1.4991804207e+04 1.5707963268e+00 7.1293857494e-01
5.5891559166e-05 1.4994876351e+04 1.5707963268e+00 7.1582639497e-01
5.6118861886e-05 1.4997962567e+04 1.5707963268e+00 7.1871303145e-01
5.6346096859e-05 1.5001062868e+04 1.5707963268e+00 7.2159847968e-01
5.6573263845e-05 1.5004177269e+04 1.5707963268e+00 7.2448273499e-01
5.6800362602e-05 1.5007305784e+04 1.5707963268e+00 7.2736579268e-01
5.7027392892e-05 1.5010448427e+04 1.5707963268e+00 7.3024764808e-01
5.7254354476e-05 1.5013605212e+04 1.5707963268e+00 7.3312829651e-01
5.7481247114e-05 1.5016776154e+04 1.5707963268e+00 7.3600773332e-01
5.7708070569e-05 1.5019961266e+04 1.5707963268e+00 7.3888595382e-01
5.7934824603e-05 1.5023160563e+04 1.5707963268e+00 7.4176295336e-01
5.8161508979e-05 1.5026374060e+04 1.5707963268e+00 7.4463872728e-01
5.8388123462e-05 1.5029601770e+04 1.5707963268e+00 7.4751327093e-01
5.8614667814e-05 1.5032843709e+04 1.5707963268e+00 7.5038657965e-01
5.8841141802e-05 1.5036099890e+04 1.5707963268e+00 7.5325864881e-01
5.9067545189e-05 1.5039370328e+04 1.5707963268e+00 7.5612947377e-01
5.9293877742e-05 1.5042655038e+04 1.5707963268e+00 7.5899904988e-01
5.9520139227e-05 1.5045954034e+04 1.5707963268e+00 7.6186737252e-01
5.9746329411e-05 1.5049267331e+04 1.5707963268e+00 7.6473443706e-01
5.9972448061e-05 1.5052594943e+04 1.5707963268e+00 7.6760023888e-01
6.0198494945e-05 1.5055936885e+04 1.5707963268e+00 7.7046477335e-01
6.0424469832e-05 1.5059293171e+04 1.5707963268e+00 7.7332803587e-01
6.0650372491e-05 1.5062663816e+04 1.5707963268e+00 7.7619002183e-01
6.0876202692e-05 1.5066048835e+04 1.5707963268e+00 7.7905072662e-01
6.1101960204e-05 1.5069448243e+04 1.5707963268e+00 7.8191014565e-01
6.1327644799e-05 1.5072862054e+04 1.5707963268e+00 7.8476827431e-01
6.1553256247e-05 1.5076290284e+04 1.5707963268e+00 7.8762510801e-01
6.1778794322e-05 1.5079732946e+04 1.5707963268e+00 7.9048064218e-01
6.2004258794e-05 1.5083190056e+04 1.5707963268e+00 7.9333487223e-01
6.2229649438e-05 1.5086661629e+04 1.5707963268e+00 7.9618779359e-01
6.2454966027e-05 1.5090147679e+04 1.5707963268e+00 7.9903940168e-01
6.2680208335e-05 1.5093648222e+04 1.5707963268e+00 8.0188969193e-01
6.2905376137e-05 1.5097163272e+04 1.5707963268e+00 8.0473865979e-01
6.3130469208e-05 1.5100692844e+04 1.5707963268e+00 8.0758630070e-01
6.3355487324e-05 1.5104236954e+04 1.5707963268e+00 8.1043261011e-01
6.3580430263e-05 1.5107795616e+04 1.5707963268e+00 8.1327758347e-01
6.3805297800e-05 1.5111368846e+04 1.5707963268e+00 8.1612121624e-01
6.4030089713e-05 1.5114956658e+04 1.5707963268e+00 8.1896350388e-01
6.4254805782e-05 1.5118559067e+04 1.5707963268e+00 8.2180444186e-01
6.4479445785e-05 1.5122176089e+04 1.5707963268e+00 8.2464402566e-01
6.4704009500e-05 1.5125807739e+04 1.5707963268e+00 8.2748225075e-01
6.4928496710e-05 1.5129454032e+04 1.5707963268e+00 8.3031911262e-01
6.5152907193e-05 1.5133114983e+04 1.5707963268e+00 8.3315460676e-01
6.5377240732e-05 1.5136790607e+04 1.5707963268e+00 8.3598872866e-01
6.5601497108e-05 1.5140480920e+04 1.5707963268e+00 8.3882147382e-01
6.5825676104e-05 1.5144185937e+04 1.5707963268e+00 8.4165283775e-01
6.6049777503e-05 1.5147905672e+04 1.5707963268e+00 8.4448281596e-01
6.6273801089e-05 1.5151640142e+04 1.5707963268e+00 8.4731140396e-01
6.6497746645e-05 1.5155389362e+04 1.5707963268e+00 8.5013859728e-01
6.6721613958e-05 1.5159153346e+04 1.5707963268e+00 8.5296439143e-01
6.6945402812e-05 1.5162932111e+04 1.5707963268e+00 8.5578878197e-01
6.7169112994e-05 1.5166725671e+04 1.5707963268e+00 8.5861176441e-01
6.7392744290e-05 1.5170534042e+04 1.5707963268e+00 8.6143333431e-01
6.7616296488e-05 1.5174357240e+04 1.5707963268e+00 8.6425348722e-01
6.7839769376e-05 1.5178195279e+04 1.5707963268e+00 8.6707221868e-01
6.8063162743e-05 1.5182048176e+04 1.5707963268e+00 8.6988952427e-01
6.8286476378e-05 1.5185915945e+04 1.5707963268e+00 8.7270539955e-01
6.8509710070e-05 1.5189798602e+04 1.5707963268e+00 8.7551984008e-01
6.8732863611e-05 1.5193696163e+04 1.5707963268e+00 8.7833284145e-01
6.8955936792e-05 1.5197608644e+04 1.5707963268e+00 8.8114439924e-01
6.9178929404e-05 1.5201536058e+04 1.5707963268e+00 8.8395450903e-01
6.9401841240e-05 1.5205478423e+04 1.5707963268e+00 8.8676316644e-01
6.9624672092e-05 1.5209435754e+04 1.5707963268e+00 8.8957036705e-01
6.9847421756e-05 1.5213408066e+04 1.5707963268e+00 8.9237610647e-01
7.0070090024e-05 1.5217395374e+04 1.5707963268e+00 8.9518038032e-01
7.0292676692e-05 1.5221397695e+04 1.5707963268e+00 8.9798318421e-01
7.0515181557e-05 1.5225415044e+04 1.5707963268e+00 9.0078451378e-01
7.0737604413e-05 1.5229447437e+04 1.5707963268e+00 9.0358436465e-01
7.0959945058e-05 1.5233494889e+04 1.5707963268e+00 9.0638273246e-01
7.1182203290e-05 1.5237557416e+04 1.5707963268e+00 9.0917961285e-01
7.1404378906e-05 1.5241635033e+04 1.5707963268e+00 9.1197500148e-01
7.1626471707e-05 1.5245727756e+04 1.5707963268e+00 9.1476889400e-01
7.1848481491e-05 1.5249835602e+04 1.5707963268e+00 9.1756128608e-01
7.2070408058e-05 1.5253958585e+04 1.5707963268e+00 9.2035217337e-01
7.2292251210e-05 1.5258096721e+04 1.5707963268e+00 9.2314155156e-01
7.2514010747e-05 1.5262250026e+04 1.5707963268e+00 9.2592941634e-01
7.2735686473e-05 1.5266418516e+04 1.5707963268e+00 9.2871576338e-01
7.2957278190e-05 1.5270602206e+04 1.5707963268e+00 9.3150058838e-01
7.3178785702e-05 1.5274801112e+04 1.5707963268e+00 9.3428388705e-01
7.3400208812e-05 1.5279015251e+04 1.5707963268e+00 9.3706565508e-01
7.3621547326e-05 1.5283244636e+04 1.5707963268e+00 9.3984588821e-01
7.3842801049e-05 1.5287489286e+04 1.5707963268e+00 9.4262458214e-01
7.4063969788e-05 1.5291749214e+04 1.5707963268e+00 9.4540173260e-01
7.4285053349e-05 1.5296024438e+04 1.5707963268e+00 9.4817733534e-01
7.4506051540e-05 1.5300314972e+04 1.5707963268e+00 9.5095138608e-01
7.4726964169e-05 1.5304620832e+04 1.5707963268e+00 9.5372388058e-01
7.4947791046e-05 1.5308942035e+04 1.5707963268e+00 9.5649481459e-01
7.5168531978e-05 1.5313278596e+04 1.5707963268e+00 9.5926418388e-01
7.5389186778e-05 1.5317630532e+04 1.5707963268e+00 9.6203198421e-01
7.5609755256e-05 1.5321997856e+04 1.5707963268e+00 9.6479821136e-01
7.5830237224e-05 1.5326380587e+04 1.5707963268e+00 9.6756286111e-01
7.6050632493e-05 1.5330778739e+04 1.5707963268e+00 9.7032592925e-01
7.6270940878e-05 1.5335192328e+04 1.5707963268e+00 9.7308741157e-01
7.6491162191e-05 1.5339621370e+04 1.5707963268e+00 9.7584730388e-01
7.6711296247e-05 1.5344065881e+04 1.5707963268e+00 9.7860560200e-01
7.6931342862e-05 1.5348525877e+04 1.5707963268e+00 9.8136230173e-01
7.7151301850e-05 1.5353001373e+04 1.5707963268e+00 9.8411739891e-01
7.7371173029e-05 1.5357492386e+04 1.5707963268e+00 9.8687088936e-01
7.7590956216e-05 1.5361998932e+04 1.5707963268e+00 9.8962276892e-01
7.7810651229e-05 1.5366521025e+04 1.5707963268e+00 9.9237303345e-01
7.8030257886e-05 1.5371058682e+04 1.5707963268e+00 9.9512167879e-01
7.8249776006e-05 1.5375611920e+04 1.5707963268e+00 9.9786870082e-01
7.8469205410e-05 1.5380180753e+04 1.5707963268e+00 1.0006140954e+00
7.8688545919e-05 1.5384765197e+04 1.5707963268e+00 1.0033578584e+00
7.8907797353e-05 1.5389365269e+04 1.5707963268e+00 1.0060999857e+00
7.9126959535e-05 1.5393980985e+04 1.5707963268e+00 1.0088404732e+00
7.9346032288e-05 1.5398612359e+04 1.5707963268e+00 1.0115793168e+00
7.9565015435e-05 1.5403259408e+04 1.5707963268e+00 1.0143165123e+00
7.9783908800e-05 1.5407922149e+04 1.5707963268e+00 1.0170520559e+00
8.0002712209e-05 1.5412600596e+04 1.5707963268e+00 1.0197859432e+00
8.0221425487e-05 1.5417294765e+04 1.5707963268e+00 1.0225181703e+00
8.0440048461e-05 1.5422004673e+04 1.5707963268e+00 1.0252487332e+00
8.0658580958e-05 1.5426730335e+04 1.5707963268e+00 1.0279776277e+00
8.0877022805e-05 1.5431471768e+04 1.5707963268e+00 1.0307048497e+00
8.1095373831e-05 1.5436228986e+04 1.5707963268e+00 1.0334303954e+00
8.1313633866e-05 1.5441002006e+04 1.5707963268e+00 1.0361542606e+00
8.1531802740e-05 1.5445790843e+04 1.5707963268e+00 1.0388764413e+00
8.1749880282e-05 1.5450595514e+04 1.5707963268e+00 1.0415969335e+00
8.1967866326e-05 1.5455416035e+04 1.5707963268e+00 1.0443157332e+00
8.2185760702e-05 1.5460252420e+04 1.5707963268e+00 1.0470328364e+00
8.2403563244e-05 1.5465104686e+04 1.5707963268e+00 1.0497482391e+00
8.2621273785e-05 1.5469972848e+04 1.5707963268e+00 1.0524619373e+00
8.2838892161e-05 1.5474856923e+04 1.5707963268e+00 1.0551739270e+00
8.3056418205e-05 1.5479756927e+04 1.5707963268e+00 1.0578842044e+00
8.3273851754e-05 1.5484672874e+04 1.5707963268e+00 1.0605927653e+00
8.3491192645e-05 1.5489604781e+04 1.5707963268e+00 1.0632996059e+00
8.3708440715e-05 1.5494552664e+04 1.5707963268e+00 1.0660047223e+00
8.3925595801e-05 1.5499516538e+04 1.5707963268e+00 1.0687081104e+00
8.4142657743e-05 1.5504496418e+04 1.5707963268e+00 1.0714097665e+00
8.4359626380e-05 1.5509492322e+04 1.5707963268e+00 1.0741096864e+00
8.4576501553e-05 1.5514504264e+04 1.5707963268e+00 1.0768078665e+00
8.4793283102e-05 1.5519532261e+04 1.5707963268e+00 1.0795043026e+00
8.5009970869e-05 1.5524576327e+04 1.5707963268e+00 1.0821989910e+00
8.5226564697e-05 1.5529636479e+04 1.5707963268e+00 1.0848919279e+00
8.5443064430e-05 1.5534712732e+04 1.5707963268e+00 1.0875831092e+00
8.5659469910e-05 1.5539805102e+04 1.5707963268e+00 1.0902725311e+00
8.5875780983e-05 1.5544913605e+04 1.5707963268e+00 1.0929601898e+00
8.6091997495e-05 1.5550038256e+04 1.5707963268e+00 1.0956460815e+00
8.6308119291e-05 1.5555179071e+04 1.5707963268e+00 1.0983302023e+00
8.6524146218e-05 1.5560336065e+04 1.5707963268e+00 1.1010125483e+00
8.6740078125e-05 1.5565509255e+04 1.5707963268e+00 1.1036931158e+00
8.6955914860e-05 1.5570698655e+04 1.5707963268e+00 1.1063719009e+00
8.7171656272e-05 1.5575904282e+04 1.5707963268e+00 1.1090488999e+00
8.7387302212e-05 1.5581126151e+04 1.5707963268e+00 1.1117241089e+00
8.7602852529e-05 1.5586364277e+04 1.5707963268e+00 1.1143975241e+00
8.7818307075e-05 1.5591618676e+04 1.5707963268e+00 1.1170691418e+00
8.8033665703e-05 1.5596889364e+04 1.5707963268e+00 1.1197389583e+00
8.8248928267e-05 1.5602176355e+04 1.5707963268e+00 1.1224069697e+00
8.8464094618e-05 1.5607479667e+04 1.5707963268e+00 1.1250731723e+00
8.8679164613e-05 1.5612799313e+04 1.5707963268e+00 1.1277375624e+00
8.8894138107e-05 1.5618135309e+04 1.5707963268e+00 1.1304001362e+00
8.9109014955e-05 1.5623487672e+04 1.5707963268e+00 1.1330608901e+00
8.9323795014e-05 1.5628856415e+04 1.5707963268e+00 1.1357198202e+00
8.9538478143e-05 1.5634241556e+04 1.5707963268e+00 1.1383769230e+00
8.9753064199e-05 1.5639643109e+04 1.5707963268e+00 1.1410321947e+00
8.9967553042e-05 1.5645061089e+04 1.5707963268e+00 1.1436856316e+00
9.0181944532e-05 1.5650495511e+04 1.5707963268e+00 1.1463372300e+00
9.0396238529e-05 1.5655946392e+04 1.5707963268e+00 1.1489869864e+00
9.0610434894e-05 1.5661413747e+04 1.5707963268e+00 1.1516348970e+00
9.0824533491e-05 1.5666897590e+04 1.5707963268e+00 1.1542809582e+00
9.1038534181e-05 1.5672397937e+04 1.5707963268e+00 1.1569251664e+00
9.1252436829e-05 1.5677914804e+04 1.5707963268e+00 1.1595675179e+00
9.1466241300e-05 1.5683448204e+04 1.5707963268e+00 1.1622080092e+00
9.1679947458e-05 1.5688998155e+04 1.5707963268e+00 1.1648466365e+00
9.1893555170e-05 1.5694564670e+04 1.5707963268e+00 1.1674833964e+00
9.2107064302e-05 1.5700147766e+04 1.5707963268e+00 1.1701182852e+00
9.2320474723e-05 1.5705747456e+04 1.5707963268e+00 1.1727512994e+00
9.2533786300e-05 1.5711363757e+04 1.5707963268e+00 1.1753824354e+00
9.2746998903e-05 1.5716996683e+04 1.5707963268e+00 1.1780116896e+00
9.2960112402e-05 1.5722646250e+04 1.5707963268e+00 1.1806390584e+00
9.3173126667e-05 1.5728312472e+04 1.5707963268e+00 1.1832645385e+00
9.3386041571e-05 1.5733995365e+04 1.5707963268e+00 1.1858881262e+00
9.3598856985e-05 1.5739694943e+04 1.5707963268e+00 1.1885098179e+00
9.3811572782e-05 1.5745411221e+04 1.5707963268e+00 1.1911296103e+00
9.4024188836e-05 1.5751144215e+04 1.5707963268e+00 1.1937474998e+00
9.4236705023e-05 1.5756893939e+04 1.5707963268e+00 1.1963634829e+00
9.4449121216e-05 1.5762660408e+04 1.5707963268e+00 1.1989775562e+00
9.4661437294e-05 1.5768443637e+04 1.5707963268e+00 1.2015897162e+00
9.4873653132e-05 1.5774243641e+04 1.5707963268e+00 1.2041999593e+00
9.5085768608e-05 1.5780060435e+04 1.5707963268e+00 1.2068082823e+00
9.5297783601e-05 1.5785894033e+04 1.5707963268e+00 1.2094146816e+00
9.5509697990e-05 1.5791744450e+04 1.5707963268e+00 1.2120191538e+00
9.5721511655e-05 1.5797611701e+04 1.5707963268e+00 1.2146216956e+00
9.5933224478e-05 1.5803495801e+04 1.5707963268e+00 1.2172223034e+00
9.6144836339e-05 1.5809396764e+04 1.5707963268e+00 1.2198209740e+00
9.6356347122e-05 1.5815314605e+04 1.5707963268e+00 1.2224177039e+00
9.6567756710e-05 1.5821249339e+04 1.5707963268e+00 1.2250124898e+00
9.6779064986e-05 1.5827200979e+04 1.5707963268e+00 1.2276053282e+00
9.6990271835e-05 1.5833169541e+04 1.5707963268e+00 1.2301962159e+00
9.7201377144e-05 1.5839155040e+04 1.5707963268e+00 1.2327851496e+00
9.7412380798e-05 1.5845157488e+04 1.5707963268e+00 1.2353721258e+00
9.7623282685e-05 1.5851176902e+04 1.5707963268e+00 1.2379571412e+00
9.7834082692e-05 1.5857213296e+04 1.5707963268e+00 1.2405401927e+00
9.8044780709e-05 1.5863266683e+04 1.5707963268e+00 1.2431212768e+00
9.8255376625e-05 1.5869337078e+04 1.5707963268e+00 1.2457003902e+00
9.8465870331e-05 1.5875424496e+04 1.5707963268e+00 1.2482775298e+00
9.8676261716e-05 1.5881528951e+04 1.5707963268e+00 1.2508526922e+00
9.8886550674e-05 1.5887650456e+04 1.5707963268e+00 1.2534258742e+00
9.9096737098e-05 1.5893789027e+04 1.5707963268e+00 1.2559970725e+00
9.9306820879e-05 1.5899944677e+04 1.5707963268e+00 1.2585662840e+00
9.9516801914e-05 1.5906117421e+04 1.5707963268e+00 1.2611335053e+00
9.9726680097e-05 1.5912307273e+04 1.5707963268e+00 1.2636987334e+00
9.9936455323e-05 1.5918514246e+04 1.5707963268e+00 1.2662619649e+00
1.0014612749e-04 1.5924738355e+04 1.5707963268e+00 1.2688231967e+00
1.0035569649e-04 1.5930979614e+04 1.5707963268e+00 1.2713824256e+00
1.0056516224e-04 1.5937238037e+04 1.5707963268e+00 1.2739396485e+00
1.0077452461e-04 1.5943513637e+04 1.5707963268e+00 1.2764948623e+00
1.0098378352e-04 1.5949806429e+04 1.5707963268e+00 1.2790480636e+00
1.0119293887e-04 1.5956116426e+04 1.5707963268e+00 1.2815992496e+00
1.0140199055e-04 1.5962443643e+04 1.5707963268e+00 1.2841484169e+00
1.0161093848e-04 1.5968788092e+04 1.5707963268e+00 1.2866955626e+00
1.0181978254e-04 1.5975149789e+04 1.5707963268e+00 1.2892406834e+00
1.0202852265e-04 1.5981528746e+04 1.5707963268e+00 1.2917837765e+00
1.0223715872e-04 1.5987924976e+04 1.5707963268e+00 1.2943248385e+00
1.0244569063e-04 1.5994338495e+04 1.5707963268e+00 1.2968638666e+00
1.0265411831e-04 1.6000769315e+04 1.5707963268e+00 1.2994008576e+00
1.0286244166e-04 1.6007217450e+04 1.5707963268e+00 1.3019358085e+00
1.0307066059e-04 1.6013682913e+04 1.5707963268e+00 1.3044687164e+00
1.0327877500e-04 1.6020165718e+04 1.5707963268e+00 1.3069995780e+00
1.0348678481e-04 1.6026665878e+04 1.5707963268e+00 1.3095283906e+00
1.0369468992e-04 1.6033183407e+04 1.5707963268e+00 1.3120551510e+00
1.0390249024e-04 1.6039718318e+04 1.5707963268e+00 1.3145798563e+00
1.0411018570e-04 1.6046270624e+04 1.5707963268e+00 1.3171025036e+00
1.0431777619e-04 1.6052840338e+04 1.5707963268e+00 1.3196230898e+00
1.0452526164e-04 1.6059427474e+04 1.5707963268e+00 1.3221416121e+00
1.0473264195e-04 1.6066032045e+04 1.5707963268e+00 1.3246580674e+00
1.0493991705e-04 1.6072654064e+04 1.5707963268e+00 1.3271724529e+00
1.0514708684e-04 1.6079293544e+04 1.5707963268e+00 1.3296847657e+00
1.0535415125e-04 1.6085950498e+04 1.5707963268e+00 1.3321950029e+00
1.0556111018e-04 1.6092624939e+04 1.5707963268e+00 1.3347031615e+00
1.0576796357e-04 1.6099316881e+04 1.5707963268e+00 1.3372092388e+00
1.0597471133e-04 1.6106026335e+04 1.5707963268e+00 1.3397132318e+00
1.0618135337e-04 1.6112753314e+04 1.5707963268e+00 1.3422151377e+00
1.0638788962e-04 1.6119497833e+04 1.5707963268e+00 1.3447149536e+00
1.0659432000e-04 1.6126259902e+04 1.5707963268e+00 1.3472126768e+00
1.0680064443e-04 1.6133039536e+04 1.5707963268e+00 1.3497083045e+00
1.0700686284e-04 1.6139836746e+04 1.5707963268e+00 1.3522018337e+00
1.0721297514e-04 1.6146651546e+04 1.5707963268e+00 1.3546932619e+00
1.0741898127e-04 1.6153483947e+04 1.5707963268e+00 1.3571825860e+00
1.0762488114e-04 1.6160333963e+04 1.5707963268e+00 1.3596698035e+00
1.0783067468e-04 1.6167201606e+04 1.5707963268e+00 1.3621549115e+00
1.0803636183e-04 1.6174086888e+04 1.5707963268e+00 1.3646379074e+00
1.0824194250e-04 1.6180989822e+04 1.5707963268e+00 1.3671187883e+00
1.0844741662e-04 1.6187910419e+04 1.5707963268e+00 1.3695975516e+00
1.0865278413e-04 1.6194848693e+04 1.5707963268e+00 1.3720741945e+00
1.0885804496e-04 1.6201804656e+04 1.5707963268e+00 1.3745487145e+00
1.0906319902e-04 1.6208778319e+04 1.5707963268e+00 1.3770211087e+00
1.0926824627e-04 1.6215769695e+04 1.5707963268e+00 1.3794913746e+00
1.0947318662e-04 1.6222778797e+04 1.5707963268e+00 1.3819595095e+00
1.0967802001e-04 1.6229805635e+04 1.5707963268e+00 1.3844255107e+00
1.0988274638e-04 1.6236850221e+04 1.5707963268e+00 1.3868893756e+00
1.1008736566e-04 1.6243912569e+04 1.5707963268e+00 1.3893511017e+00
1.1029187778e-04 1.6250992690e+04 1.5707963268e+00 1.3918106862e+00
1.1049628268e-04 1.6258090595e+04 1.5707963268e+00 1.3942681267e+00
1.1070058030e-04 1.6265206296e+04 1.5707963268e+00 1.3967234205e+00
1.1090477057e-04 1.6272339806e+04 1.5707963268e+00 1.3991765651e+00
1.1110885344e-04 1.6279491135e+04 1.5707963268e+00 1.4016275579e+00
1.1131282884e-04 1.6286660296e+04 1.5707963268e+00 1.4040763964e+00
1.1151669671e-04 1.6293847299e+04 1.5707963268e+00 1.4065230781e+00
1.1172045699e-04 1.6301052157e+04 1.5707963268e+00 1.4089676004e+00
1.1192410963e-04 1.6308274881e+04 1.5707963268e+00 1.4114099608e+00
1.1212765457e-04 1.6315515482e+04 1.5707963268e+00 1.4138501569e+00
1.1233109175e-04 1.6322773972e+04 1.5707963268e+00 1.4162881862e+00
1.1253442111e-04 1.6330050362e+04 1.5707963268e+00 1.4187240463e+00
1.1273764260e-04 1.6337344662e+04 1.5707963268e+00 1.4211577346e+00
1.1294075616e-04 1.6344656886e+04 1.5707963268e+00 1.4235892487e+00
1.1314376175e-04 1.6351987042e+04 1.5707963268e+00 1.4260185863e+00
1.1334665930e-04 1.6359335143e+04 1.5707963268e+00 1.4284457449e+00
1.1354944876e-04 1.6366701200e+04 1.5707963268e+00 1.4308707221e+00
1.1375213009e-04 1.6374085223e+04 1.5707963268e+00 1.4332935155e+00
1.1395470323e-04 1.6381487224e+04 1.5707963268e+00 1.4357141228e+00
1.1415716813e-04 1.6388907213e+04 1.5707963268e+00 1.4381325416e+00
1.1435952474e-04 1.6396345201e+04 1.5707963268e+00 1.4405487695e+00
1.1456177302e-04 1.6403801199e+04 1.5707963268e+00 1.4429628043e+00
1.1476391292e-04 1.6411275217e+04 1.5707963268e+00 1.4453746435e+00
1.1496594438e-04 1.6418767266e+04 1.5707963268e+00 1.4477842850e+00
1.1516786737e-04 1.6426277357e+04 1.5707963268e+00 1.4501917264e+00
1.1536968184e-04 1.6433805500e+04 1.5707963268e+00 1.4525969654e+00
1.1557138774e-04 1.6441351706e+04 1.5707963268e+00 1.4549999998e+00
1.1577298503e-04 1.6448915985e+04 1.5707963268e+00 1.4574008272e+00
1.1597447367e-04 1.6456498347e+04 1.5707963268e+00 1.4597994456e+00
1.1617585361e-04 1.6464098802e+04 1.5707963268e+00 1.4621958526e+00
1.1637712481e-04 1.6471717362e+04 1.5707963268e+00 1.4645900460e+00
1.1657828724e-04 1.6479354035e+04 1.5707963268e+00 1.4669820237e+00
1.1677934084e-04 1.6487008832e+04 1.5707963268e+00 1.4693717834e+00
1.1698028559e-04 1.6494681763e+04 1.5707963268e+00 1.4717593230e+00
1.1718112144e-04 1.6502372839e+04 1.5707963268e+00 1.4741446403e+00
1.1738184836e-04 1.6510082068e+04 1.5707963268e+00 1.4765277331e+00
1.1758246630e-04 1.6517809461e+04 1.5707963268e+00 1.4789085994e+00
1.1778297524e-04 1.6525555027e+04 1.5707963268e+00 1.4812872371e+00
1.1798337513e-04 1.6533318777e+04 1.5707963268e+00 1.4836636439e+00
1.1818366595e-04 1.6541100720e+04 1.5707963268e+00 1.4860378178e+00
1.1838384765e-04 1.6548900865e+04 1.5707963268e+00 1.4884097568e+00
1.1858392021e-04 1.6556719222e+04 1.5707963268e+00 1.4907794587e+00
1.1878388358e-04 1.6564555801e+04 1.5707963268e+00 1.4931469216e+00
1.1898373775e-04 1.6572410610e+04 1.5707963268e+00 1.4955121433e+00
1.1918348267e-04 1.6580283660e+04 1.5707963268e+00 1.4978751219e+00
1.1938311833e-04 1.6588174960e+04 1.5707963268e+00 1.5002358554e+00
1.1958264468e-04 1.6596084518e+04 1.5707963268e+00 1.5025943416e+00
1.1978206170e-04 1.6604012345e+04 1.5707963268e+00 1.5049505788e+00
1.1998136936e-04 1.6611958448e+04 1.5707963268e+00 1.5073045648e+00
1.2018056763e-04 1.6619922837e+04 1.5707963268e+00 1.5096562977e+00
1.2037965649e-04 1.6627905522e+04 1.5707963268e+00 1.5120057757e+00
1.2057863591e-04 1.6635906510e+04 1.5707963268e+00 1.5143529967e+00
1.2077750587e-04 1.6643925812e+04 1.5707963268e+00 1.5166979588e+00
1.2097626634e-04 1.6651963434e+04 1.5707963268e+00 1.5190406601e+00
1.2117491730e-04 1.6660019388e+04 1.5707963268e+00 1.5213810988e+00
1.2137345872e-04 1.6668093680e+04 1.5707963268e+00 1.5237192730e+00
1.2157189058e-04 1.6676186319e+04 1.5707963268e+00 1.5260551808e+00
1.2177021286e-04 1.6684297315e+04 1.5707963268e+00 1.5283888203e+00
1.2196842554e-04 1.6692426675e+04 1.5707963268e+00 1.5307201897e+00
1.2216652860e-04 1.6700574408e+04 1.5707963268e+00 1.5330492873e+00
1.2236452202e-04 1.6708740522e+04 1.5707963268e+00 1.5353761111e+00
1.2256240578e-04 1.6716925026e+04 1.5707963268e+00 1.5377006594e+00
1.2276017987e-04 1.6725127927e+04 1.5707963268e+00 1.5400229305e+00
1.2295784426e-04 1.6733349234e+04 1.5707963268e+00 1.5423429225e+00
1.2315539894e-04 1.6741588954e+04 1.5707963268e+00 1.5446606336e+00
1.2335284389e-04 1.6749847097e+04 1.5707963268e+00 1.5469760623e+00
1.2355017910e-04 1.6758123669e+04 1.5707963268e+00 1.5492892067e+00
1.2374740455e-04 1.6766418679e+04 1.5707963268e+00 1.5516000651e+00
1.2394452024e-04 1.6774732134e+04 1.5707963268e+00 1.5539086358e+00
1.2414152614e-04 1.6783064042e+04 1.5707963268e+00 1.5562149171e+00
1.2433842224e-04 1.6791414410e+04 1.5707963268e+00 1.5585189075e+00
1.2453520854e-04 1.6799783247e+04 1.5707963268e+00 1.5608206051e+00
1.2473188502e-04 1.6808170560e+04 1.5707963268e+00 1.5631200084e+00
1.2492845167e-04 1.6816576356e+04 1.5707963268e+00 1.5654171158e+00
1.2512490848e-04 1.6825000642e+04 1.5707963268e+00 1.5677119255e+00
1.2532125545e-04 1.6833443427e+04 1.5707963268e+00 1.5700044361e+00
1.2551749256e-04 1.6841904716e+04 1.5707963268e+00 1.5722946460e+00
1.2571361982e-04 1.6850384518e+04 1.5707963268e+00 1.5745825535e+00
1.2590963720e-04 1.6858882839e+04 1.5707963268e+00 1.5768681571e+00
1.2610554471e-04 1.6867399687e+04 1.5707963268e+00 1.5791514552e+00
1.2630134233e-04 1.6875935068e+04 1.5707963268e+00 1.5814324464e+00
1.2649703008e-04 1.6884488989e+04 1.5707963268e+00 1.5837111291e+00
1.2669260793e-04 1.6893061457e+04 1.5707963268e+00 1.5859875018e+00
1.2688807589e-04 1.6901652479e+04 1.5707963268e+00 1.5882615630e+00
1.2708343396e-04 1.6910262062e+04 1.5707963268e+00 1.5905333112e+00
1.2727868213e-04 1.6918890212e+04 1.5707963268e+00 1.5928027451e+00
1.2747382041e-04 1.6927536935e+04 1.5707963268e+00 1.5950698630e+00
1.2766884878e-04 1.6936202239e+04 1.5707963268e+00 1.5973346636e+00
1.2786376726e-04 1.6944886129e+04 1.5707963268e+00 1.5995971455e+00
1.2805857584e-04 1.6953588612e+04 1.5707963268e+00 1.6018573073e+00
1.2825327453e-04 1.6962309694e+04 1.5707963268e+00 1.6041151476e+00
1.2844786332e-04 1.6971049381e+04 1.5707963268e+00 1.6063706649e+00
1.2864234223e-04 1.6979807679e+04 1.5707963268e+00 1.6086238580e+00
1.2883671124e-04 1.6988584595e+04 1.5707963268e+00 1.6108747254e+00
1.2903097037e-04 1.6997380135e+04 1.5707963268e+00 1.6131232659e+00
1.2922511963e-04 1.7006194304e+04 1.5707963268e+00 1.6153694781e+00
1.2941915901e-04 1.7015027108e+04 1.5707963268e+00 1.6176133607e+00
1.2961308853e-04 1.7023878552e+04 1.5707963268e+00 1.6198549124e+00
1.2980690818e-04 1.7032748644e+04 1.5707963268e+00 1.6220941320e+00
1.3000061799e-04 1.7041637387e+04 1.5707963268e+00 1.6243310181e+00
1.3019421795e-04 1.7050544788e+04 1.5707963268e+00 1.6265655695e+00
1.3038770808e-04 1.7059470853e+04 1.5707963268e+00 1.6287977850e+00
1.3058108838e-04 1.7068415586e+04 1.5707963268e+00 1.6310276633e+00
1.3077435887e-04 1.7077378992e+04 1.5707963268e+00 1.6332552032e+00
1.3096751955e-04 1.7086361078e+04 1.5707963268e+00 1.6354804036e+00
1.3116057044e-04 1.7095361848e+04 1.5707963268e+00 1.6377032633e+00
1.3135351155e-04 1.7104381308e+04 1.5707963268e+00 1.6399237810e+00
1.3154634289e-04 1.7113419462e+04 1.5707963268e+00 1.6421419556e+00
1.3173906448e-04 1.7122476316e+04 1.5707963268e+00 1.6443577861e+00
1.3193167632e-04 1.7131551873e+04 1.5707963268e+00 1.6465712711e+00
1.3212417844e-04 1.7140646140e+04 1.5707963268e+00 1.6487824098e+00
1.3231657085e-04 1.7149759121e+04 1.5707963268e+00 1.6509912008e+00
1.3250885357e-04 1.7158890820e+04 1.5707963268e+00 1.6531976432e+00
1.3270102660e-04 1.7168041242e+04 1.5707963268e+00 1.6554017359e+00
1.3289308998e-04 1.7177210391e+04 1.5707963268e+00 1.6576034778e+00
1.3308504371e-04 1.7186398273e+04 1.5707963268e+00 1.6598028679e+00
1.3327688782e-04 1.7195604891e+04 1.5707963268e+00 1.6619999051e+00
1.3346862232e-04 1.7204830250e+04 1.5707963268e+00 1.6641945885e+00
1.3366024724e-04 1.7214074353e+04 1.5707963268e+00 1.6663869170e+00
1.3385176259e-04 1.7223337206e+04 1.5707963268e+00 1.6685768896e+00
1.3404316839e-04 1.7232618812e+04 1.5707963268e+00 1.6707645054e+00
1.3423446468e-04 1.7241919175e+04 1.5707963268e+00 1.6729497634e+00
1.3442565146e-04 1.7251238298e+04 1.5707963268e+00 1.6751326626e+00
1.3461672876e-04 1.7260576187e+04 1.5707963268e+00 1.6773132022e+00
1.3480769661e-04 1.7269932844e+04 1.5707963268e+00 1.6794913811e+00
1.3499855503e-04 1.7279308274e+04 1.5707963268e+00 1.6816671986e+00
1.3518930405e-04 1.7288702479e+04 1.5707963268e+00 1.6838406536e+00
1.3537994368e-04 1.7298115464e+04 1.5707963268e+00 1.6860117454e+00
1.3557047396e-04 1.7307547232e+04 1.5707963268e+00 1.6881804731e+00
1.3576089491e-04 1.7316997787e+04 1.5707963268e+00 1.6903468357e+00
1.3595120656e-04 1.7326467130e+04 1.5707963268e+00 1.6925108325e+00
1.3614140894e-04 1.7335955267e+04 1.5707963268e+00 1.6946724627e+00
1.3633150207e-04 1.7345462200e+04 1.5707963268e+00 1.6968317254e+00
1.3652148599e-04 1.7354987932e+04 1.5707963268e+00 1.6989886199e+00
1.3671136071e-04 1.7364532467e+04 1.5707963268e+00 1.7011431453e+00
1.3690112629e-04 1.7374095806e+04 1.5707963268e+00 1.7032953009e+00
1.3709078273e-04 1.7383677954e+04 1.5707963268e+00 1.7054450860e+00
1.3728033008e-04 1.7393278912e+04 1.5707963268e+00 1.7075924998e+00
1.3746976837e-04 1.7402898684e+04 1.5707963268e+00 1.7097375416e+00
1.3765909763e-04 1.7412537272e+04 1.5707963268e+00 1.7118802106e+00
1.3784831789e-04 1.7422194679e+04 1.5707963268e+00 1.7140205062e+00
1.3803742918e-04 1.7431870906e+04 1.5707963268e+00 1.7161584276e+00
1.3822643155e-04 1.7441565958e+04 1.5707963268e+00 1.7182939743e+00
1.3841532502e-04 1.7451279836e+04 1.5707963268e+00 1.7204271455e+00
1.3860410963e-04 1.7461012542e+04 1.5707963268e+00 1.7225579407e+00
1.3879278541e-04 1.7470764078e+04 1.5707963268e+00 1.7246863591e+00
1.3898135241e-04 1.7480534447e+04 1.5707963268e+00 1.7268124002e+00
1.3916981066e-04 1.7490323650e+04 1.5707963268e+00 1.7289360634e+00
1.3935816019e-04 1.7500131690e+04 1.5707963268e+00 1.7310573480e+00
1.3954640105e-04 1.7509958568e+04 1.5707963268e+00 1.7331762535e+00
1.3973453328e-04 1.7519804287e+04 1.5707963268e+00 1.7352927793e+00
1.3992255690e-04 1.7529668848e+04 1.5707963268e+00 1.7374069250e+00
1.4011047197e-04 1.7539552252e+04 1.5707963268e+00 1.7395186899e+00
1.4029827852e-04 1.7549454502e+04 1.5707963268e+00 1.7416280735e+00
1.4048597660e-04 1.7559375598e+04 1.5707963268e+00 1.7437350754e+00
1.4067356624e-04 1.7569315542e+04 1.5707963268e+00 1.7458396949e+00
1.4086104749e-04 1.7579274336e+04 1.5707963268e+00 1.7479419318e+00
1.4104842039e-04 1.7589251981e+04 1.5707963268e+00 1.7500417854e+00
1.4123568498e-04 1.7599248477e+04 1.5707963268e+00 1.7521392553e+00
1.4142284131e-04 1.7609263827e+04 1.5707963268e+00 1.7542343411e+00
1.4160988942e-04 1.7619298031e+04 1.5707963268e+00 1.7563270424e+00
1.4179682935e-04 1.7629351090e+04 1.5707963268e+00 1.7584173588e+00
1.4198366116e-04 1.7639423005e+04 1.5707963268e+00 1.7605052898e+00
1.4217038488e-04 1.7649513777e+04 1.5707963268e+00 1.7625908351e+00
1.4235700057e-04 1.7659623407e+04 1.5707963268e+00 1.7646739942e+00
1.4254350826e-04 1.7669751895e+04 1.5707963268e+00 1.7667547669e+00
1.4272990801e-04 1.7679899242e+04 1.5707963268e+00 1.7688331528e+00
1.4291619987e-04 1.7690065448e+04 1.5707963268e+00 1.7709091515e+00
1.4310238388e-04 1.7700250514e+04 1.5707963268e+00 1.7729827628e+00
1.4328846009e-04 1.7710454440e+04 1.5707963268e+00 1.7750539863e+00
1.4347442856e-04 1.7720677226e+04 1.5707963268e+00 1.7771228218e+00
1.4366028932e-04 1.7730918874e+04 1.5707963268e+00 1.7791892689e+00
1.4384604244e-04 1.7741179382e+04 1.5707963268e+00 1.7812533275e+00
1.4403168796e-04 1.7751458751e+04 1.5707963268e+00 1.7833149971e+00
1.4421722594e-04 1.7761756981e+04 1.5707963268e+00 1.7853742777e+00
1.4440265642e-04 1.7772074072e+04 1.5707963268e+00 1.7874311690e+00
1.4458797946e-04 1.7782410023e+04 1.5707963268e+00 1.7894856707e+00
1.4477319511e-04 1.7792764835e+04 1.5707963268e+00 1.7915377827e+00
1.4495830343e-04 1.7803138507e+04 1.5707963268e+00 1.7935875048e+00
1.4514330447e-04 1.7813531038e+04 1.5707963268e+00 1.7956348367e+00
1.4532819829e-04 1.7823942429e+04 1.5707963268e+00 1.7976797785e+00
1.4551298493e-04 1.7834372678e+04 1.5707963268e+00 1.7997223298e+00
1.4569766445e-04 1.7844821785e+04 1.5707963268e+00 1.8017624907e+00
1.4588223692e-04 1.7855289750e+04 1.5707963268e+00 1.8038002608e+00
1.4606670239e-04 1.7865776571e+04 1.5707963268e+00 1.8058356402e+00
1.4625106091e-04 1.7876282248e+04 1.5707963268e+00 1.8078686288e+00
1.4643531253e-04 1.7886806780e+04 1.5707963268e+00 1.8098992264e+00
1.4661945733e-04 1.7897350165e+04 1.5707963268e+00 1.8119274331e+00
1.4680349536e-04 1.7907912404e+04 1.5707963268e+00 1.8139532487e+00
1.4698742667e-04 1.7918493494e+04 1.5707963268e+00 1.8159766731e+00
1.4717125133e-04 1.7929093434e+04 1.5707963268e+00 1.8179977065e+00
1.4735496940e-04 1.7939712223e+04 1.5707963268e+00 1.8200163487e+00
1.4753858093e-04 1.7950349860e+04 1.5707963268e+00 1.8220325998e+00
1.4772208599e-04 1.7961006343e+04 1.5707963268e+00 1.8240464597e+00
1.4790548463e-04 1.7971681671e+04 1.5707963268e+00 1.8260579285e+00
1.4808877693e-04 1.7982375841e+04 1.5707963268e+00 1.8280670063e+00
1.4827196293e-04 1.7993088854e+04 1.5707963268e+00 1.8300736930e+00
1.4845504271e-04 1.8003820706e+04 1.5707963268e+00 1.8320779887e+00
1.4863801633e-04 1.8014571395e+04 1.5707963268e+00 1.8340798936e+00
1.4882088385e-04 1.8025340921e+04 1.5707963268e+00 1.8360794076e+00
1.4900364533e-04 1.8036129281e+04 1.5707963268e+00 1.8380765309e+00
1.4918630084e-04 1.8046936472e+04 1.5707963268e+00 1.8400712637e+00
1.4936885045e-04 1.8057762493e+04 1.5707963268e+00 1.8420636059e+00
1.4955129421e-04 1.8068607342e+04 1.5707963268e+00 1.8440535578e+00
1.4973363220e-04 1.8079471016e+04 1.5707963268e+00 1.8460411195e+00
1.4991586449e-04 1.8090353513e+04 1.5707963268e+00 1.8480262912e+00
1.5009799112e-04 1.8101254831e+04 1.5707963268e+00 1.8500090731e+00
1.5028001219e-04 1.8112174967e+04 1.5707963268e+00 1.8519894653e+00
1.5046192774e-04 1.8123113918e+04 1.5707963268e+00 1.8539674680e+00
1.5064373786e-04 1.8134071682e+04 1.5707963268e+00 1.8559430814e+00
1.5082544260e-04 1.8145048256e+04 1.5707963268e+00 1.8579163059e+00
1.5100704204e-04 1.8156043637e+04 1.5707963268e+00 1.8598871415e+00
1.5118853625e-04 1.8167057823e+04 1.5707963268e+00 1.8618555886e+00
1.5136992529e-04 1.8178090810e+04 1.5707963268e+00 1.8638216475e+00
1.5155120924e-04 1.8189142596e+04 1.5707963268e+00 1.8657853183e+00
1.5173238816e-04 1.8200213177e+04 1.5707963268e+00 1.8677466014e+00
1.5191346213e-04 1.8211302550e+04 1.5707963268e+00 1.8697054971e+00
1.5209443122e-04 1.8222410712e+04 1.5707963268e+00 1.8716620057e+00
1.5227529550e-04 1.8233537660e+04 1.5707963268e+00 1.8736161275e+00
1.5245605504e-04 1.8244683390e+04 1.5707963268e+00 1.8755678628e+00
1.5263670991e-04 1.8255847899e+04 1.5707963268e+00 1.8775172121e+00
1.5281726020e-04 1.8267031183e+04 1.5707963268e+00 1.8794641756e+00
1.5299770596e-04 1.8278233239e+04 1.5707963268e+00 1.8814087537e+00
1.5317804728e-04 1.8289454063e+04 1.5707963268e+00 1.8833509469e+00
1.5335828422e-04 1.8300693651e+04 1.5707963268e+00 1.8852907555e+00
1.5353841687e-04 1.8311952000e+04 1.5707963268e+00 1.8872281799e+00
1.5371844530e-04 1.8323229105e+04 1.5707963268e+00 1.8891632205e+00
1.5389836958e-04 1.8334524962e+04 1.5707963268e+00 1.8910958778e+00
1.5407818978e-04 1.8345839569e+04 1.5707963268e+00 1.8930261523e+00
1.5425790599e-04 1.8357172919e+04 1.5707963268e+00 1.8949540443e+00
1.5443751829e-04 1.8368525010e+04 1.5707963268e+00 1.8968795544e+00
1.5461702674e-04 1.8379895837e+04 1.5707963268e+00 1.8988026830e+00
1.5479643142e-04 1.8391285396e+04 1.5707963268e+00 1.9007234306e+00
1.5497573242e-04 1.8402693682e+04 1.5707963268e+00 1.9026417977e+00
1.5515492981e-04 1.8414120690e+04 1.5707963268e+00 1.9045577849e+00
1.5533402366e-04 1.8425566417e+04 1.5707963268e+00 1.9064713926e+00
1.5551301407e-04 1.8437030857e+04 1.5707963268e+00 1.9083826214e+00
1.5569190110e-04 1.8448514007e+04 1.5707963268e+00 1.9102914719e+00
1.5587068483e-04 1.8460015860e+04 1.5707963268e+00 1.9121979446e+00
1.5604936535e-04 1.8471536413e+04 1.5707963268e+00 1.9141020402e+00
1.5622794274e-04 1.8483075661e+04 1.5707963268e+00 1.9160037590e+00
1.5640641707e-04 1.8494633598e+04 1.5707963268e+00 1.9179031019e+00
1.5658478843e-04 1.8506210219e+04 1.5707963268e+00 1.9198000693e+00
1.5676305689e-04 1.8517805520e+04 1.5707963268e+00 1.9216946620e+00
1.5694122255e-04 1.8529419494e+04 1.5707963268e+00 1.9235868805e+00
1.5711928547e-04 1.8541052138e+04 1.5707963268e+00 1.9254767255e+00
1.5729724575e-04 1.8552703446e+04 1.5707963268e+00 1.9273641976e+00
1.5747510347e-04 1.8564373411e+04 1.5707963268e+00 1.9292492975e+00
1.5765285870e-04 1.8576062029e+04 1.5707963268e+00 1.9311320259e+00
1.5783051154e-04 1.8587769295e+04 1.5707963268e+00 1.9330123834e+00
1.5800806206e-04 1.8599495202e+04 1.5707963268e+00 1.9348903709e+00
1.5818551036e-04 1.8611239745e+04 1.5707963268e+00 1.9367659889e+00
1.5836285650e-04 1.8623002918e+04 1.5707963268e+00 1.9386392382e+00
1.5854010059e-04 1.8634784715e+04 1.5707963268e+00 1.9405101195e+00
1.5871724269e-04 1.8646585131e+04 1.5707963268e+00 1.9423786337e+00
1.5889428291e-04 1.8658404160e+04 1.5707963268e+00 1.9442447814e+00
1.5907122132e-04 1.8670241795e+04 1.5707963268e+00 1.9461085633e+00
1.5924805801e-04 1.8682098030e+04 1.5707963268e+00 1.9479699804e+00
1.5942479307e-04 1.8693972860e+04 1.5707963268e+00 1.9498290333e+00
1.5960142658e-04 1.8705866278e+04 1.5707963268e+00 1.9516857230e+00
1.5977795863e-04 1.8717778277e+04 1.5707963268e+00 1.9535400501e+00
1.5995438930e-04 1.8729708852e+04 1.5707963268e+00 1.9553920155e+00
1.6013071869e-04 1.8741657996e+04 1.5707963268e+00 1.9572416200e+00
1.6030694689e-04 1.8753625703e+04 1.5707963268e+00 1.9590888646e+00
1.6048307397e-04 1.8765611965e+04 1.5707963268e+00 1.9609337499e+00
1.6065910003e-04 1.8777616777e+04 1.5707963268e+00 1.9627762770e+00
1.6083502516e-04 1.8789640131e+04 1.5707963268e+00 1.9646164467e+00
1.6101084944e-04 1.8801682021e+04 1.5707963268e+00 1.9664542598e+00
1.6118657297e-04 1.8813742440e+04 1.5707963268e+00 1.9682897173e+00
1.6136219583e-04 1.8825821381e+04 1.5707963268e+00 1.9701228201e+00
1.6153771812e-04 1.8837918838e+04 1.5707963268e+00 1.9719535691e+00
1.6171313993e-04 1.8850034802e+04 1.5707963268e+00 1.9737819652e+00
1.6188846134e-04 1.8862169268e+04 1.5707963268e+00 1.9756080093e+00
1.6206368244e-04 1.8874322227e+04 1.5707963268e+00 1.9774317025e+00
1.6223880334e-04 1.8886493673e+04 1.5707963268e+00 1.9792530457e+00
1.6241382411e-04 1.8898683598e+04 1.5707963268e+00 1.9810720398e+00
1.6258874485e-04 1.8910891996e+04 1.5707963268e+00 1.9828886858e+00
1.6276356566e-04 1.8923118857e+04 1.5707963268e+00 1.9847029848e+00
1.6293828662e-04 1.8935364176e+04 1.5707963268e+00 1.9865149377e+00
1.6311290782e-04 1.8947627945e+04 1.5707963268e+00 1.9883245455e+00
1.6328742937e-04 1.8959910155e+04 1.5707963268e+00 1.9901318093e+00
1.6346185134e-04 1.8972210799e+04 1.5707963268e+00 1.9919367300e+00
1.6363617385e-04 1.8984529870e+04 1.5707963268e+00 1.9937393089e+00
1.6381039697e-04 1.8996867359e+04 1.5707963268e+00 1.9955395468e+00
1.6398452080e-04 1.9009223260e+04 1.5707963268e+00 1.9973374448e+00
1.6415854545e-04 1.9021597563e+04 1.5707963268e+00 1.9991330041e+00
1.6433247099e-04 1.9033990260e+04 1.5707963268e+00 2.0009262257e+00
1.6450629753e-04 1.9046401345e+04 1.5707963268e+00 2.0027171107e+00
1.6468002516e-04 1.9058830808e+04 1.5707963268e+00 2.0045056603e+00
1.6485365397e-04 1.9071278641e+04 1.5707963268e+00 2.0062918754e+00
1.6502718407e-04 1.9083744837e+04 1.5707963268e+00 2.0080757573e+00
1.6520061554e-04 1.9096229386e+04 1.5707963268e+00 2.0098573071e+00
1.6537394849e-04 1.9108732281e+04 1.5707963268e+00 2.0116365259e+00
1.6554718300e-04 1.9121253512e+04 1.5707963268e+00 2.0134134149e+00
1.6572031918e-04 1.9133793072e+04 1.5707963268e+00 2.0151879753e+00
1.6589335712e-04 1.9146350952e+04 1.5707963268e+00 2.0169602081e+00
1.6606629692e-04 1.9158927143e+04 1.5707963268e+00 2.0187301147e+00
1.6623913867e-04 1.9171521637e+04 1.5707963268e+00 2.0204976961e+00
1.6641188247e-04 1.9184134425e+04 1.5707963268e+00 2.0222629537e+00
1.6658452843e-04 1.9196765497e+04 1.5707963268e+00 2.0240258885e+00
1.6675707663e-04 1.9209414845e+04 1.5707963268e+00 2.0257865019e+00
1.6692952718e-04 1.9222082461e+04 1.5707963268e+00 2.0275447950e+00
1.6710188017e-04 1.9234768334e+04 1.5707963268e+00 2.0293007691e+00
1.6727413570e-04 1.9247472457e+04 1.5707963268e+00 2.0310544255e+00
1.6744629388e-04 1.9260194820e+04 1.5707963268e+00 2.0328057653e+00
1.6761835479e-04 1.9272935413e+04 1.5707963268e+00 2.0345547899e+00
1.6779031855e-04 1.9285694228e+04 1.5707963268e+00 2.0363015006e+00
1.6796218524e-04 1.9298471255e+04 1.5707963268e+00 2.0380458986e+00
1.6813395496e-04 1.9311266484e+04 1.5707963268e+00 2.0397879852e+00
1.6830562783e-04 1.9324079907e+04 1.5707963268e+00 2.0415277618e+00
1.6847720393e-04 1.9336911514e+04 1.5707963268e+00 2.0432652296e+00
1.6864868337e-04 1.9349761296e+04 1.5707963268e+00 2.0450003899e+00
1.6882006625e-04 1.9362629242e+04 1.5707963268e+00 2.0467332442e+00
1.6899135266e-04 1.9375515343e+04 1.5707963268e+00 2.0484637937e+00
1.6916254272e-04 1.9388419589e+04 1.5707963268e+00 2.0501920398e+00
1.6933363651e-04 1.9401341971e+04 1.5707963268e+00 2.0519179839e+00
1.6950463415e-04 1.9414282479e+04 1.5707963268e+00 2.0536416272e+00
1.6967553573e-04 1.9427241102e+04 1.5707963268e+00 2.0553629713e+00
1.6984634135e-04 1.9440217832e+04 1.5707963268e+00 2.0570820174e+00
1.7001705111e-04 1.9453212657e+04 1.5707963268e+00 2.0587987670e+00
1.7018766513e-04 1.9466225568e+04 1.5707963268e+00 2.0605132215e+00
1.7035818349e-04 1.9479256555e+04 1.5707963268e+00 2.0622253823e+00
1.7052860631e-04 1.9492305607e+04 1.5707963268e+00 2.0639352507e+00
1.7069893368e-04 1.9505372714e+04 1.5707963268e+00 2.0656428284e+00
1.7086916571e-04 1.9518457867e+04 1.5707963268e+00 2.0673481165e+00
1.7103930249e-04 1.9531561054e+04 1.5707963268e+00 2.0690511168e+00
1.7120934415e-04 1.9544682265e+04 1.5707963268e+00 2.0707518304e+00
1.7137929076e-04 1.9557821490e+04 1.5707963268e+00 2.0724502591e+00
1.7154914245e-04 1.9570978718e+04 1.5707963268e+00 2.0741464041e+00
1.7171889931e-04 1.9584153938e+04 1.5707963268e+00 2.0758402670e+00
1.7188856145e-04 1.9597347141e+04 1.5707963268e+00 2.0775318493e+00
1.7205812896e-04 1.9610558315e+04 1.5707963268e+00 2.0792211524e+00
1.7222760197e-04 1.9623787449e+04 1.5707963268e+00 2.0809081780e+00
1.7239698056e-04 1.9637034533e+04 1.5707963268e+00 2.0825929274e+00
1.7256626485e-04 1.9650299556e+04 1.5707963268e+00 2.0842754023e+00
1.7273545493e-04 1.9663582507e+04 1.5707963268e+00 2.0859556040e+00
1.7290455092e-04 1.9676883375e+04 1.5707963268e+00 2.0876335343e+00
1.7307355291e-04 1.9690202149e+04 1.5707963268e+00 2.0893091946e+00
1.7324246102e-04 1.9703538818e+04 1.5707963268e+00 2.0909825865e+00
1.7341127535e-04 1.9716893371e+04 1.5707963268e+00 2.0926537115e+00
1.7357999600e-04 1.9730265797e+04 1.5707963268e+00 2.0943225712e+00
1.7374862307e-04 1.9743656084e+04 1.5707963268e+00 2.0959891672e+00
1.7391715669e-04 1.9757064221e+04 1.5707963268e+00 2.0976535010e+00
1.7408559694e-04 1.9770490197e+04 1.5707963268e+00 2.0993155744e+00
1.7425394394e-04 1.9783934000e+04 1.5707963268e+00 2.1009753888e+00
1.7442219780e-04 1.9797395620e+04 1.5707963268e+00 2.1026329459e+00
1.7459035861e-04 1.9810875043e+04 1.5707963268e+00 2.1042882472e+00
1.7475842649e-04 1.9824372260e+04 1.5707963268e+00 2.1059412945e+00
1.7492640154e-04 1.9837887259e+04 1.5707963268e+00 2.1075920893e+00
1.7509428386e-04 1.9851420027e+04 1.5707963268e+00 2.1092406333e+00
1.7526207358e-04 1.9864970553e+04 1.5707963268e+00 2.1108869282e+00
1.7542977078e-04 1.9878538825e+04 1.5707963268e+00 2.1125309755e+00
1.7559737559e-04 1.9892124832e+04 1.5707963268e+00 2.1141727770e+00
1.7576488810e-04 1.9905728561e+04 1.5707963268e+00 2.1158123343e+00
1.7593230843e-04 1.9919350002e+04 1.5707963268e+00 2.1174496491e+00
1.7609963667e-04 1.9932989141e+04 1.5707963268e+00 2.1190847231e+00
1.7626687295e-04 1.9946645967e+04 1.5707963268e+00 2.1207175579e+00
1.7643401736e-04 1.9960320467e+04 1.5707963268e+00 2.1223481553e+00
1.7660107002e-04 1.9974012631e+04 1.5707963268e+00 2.1239765170e+00
1.7676803103e-04 1.9987722445e+04 1.5707963268e+00 2.1256026447e+00
1.7693490050e-04 2.0001449897e+04 1.5707963268e+00 2.1272265401e+00
1.7710167854e-04 2.0015194975e+04 1.5707963268e+00 2.1288482049e+00
1.7726836526e-04 2.0028957668e+04 1.5707963268e+00 2.1304676409e+00
1.7743496076e-04 2.0042737962e+04 1.5707963268e+00 2.1320848498e+00
1.7760146516e-04 2.0056535844e+04 1.5707963268e+00 2.1336998334e+00
1.7776787855e-04 2.0070351304e+04 1.5707963268e+00 2.1353125933e+00
1.7793420107e-04 2.0084184328e+04 1.5707963268e+00 2.1369231315e+00
1.7810043280e-04 2.0098034903e+04 1.5707963268e+00 2.1385314496e+00
1.7826657386e-04 2.0111903018e+04 1.5707963268e+00 2.1401375494e+00
1.7843262436e-04 2.0125788659e+04 1.5707963268e+00 2.1417414328e+00
1.7859858440e-04 2.0139691814e+04 1.5707963268e+00 2.1433431014e+00
1.7876445411e-04 2.0153612470e+04 1.5707963268e+00 2.1449425571e+00
1.7893023358e-04 2.0167550614e+04 1.5707963268e+00 2.1465398018e+00
1.7909592292e-04 2.0181506234e+04 1.5707963268e+00 2.1481348371e+00
1.7926152225e-04 2.0195479317e+04 1.5707963268e+00 2.1497276649e+00
1.7942703168e-04 2.0209469850e+04 1.5707963268e+00 2.1513182871e+00
1.7959245131e-04 2.0223477819e+04 1.5707963268e+00 2.1529067055e+00
1.7975778126e-04 2.0237503212e+04 1.5707963268e+00 2.1544929219e+00
1.7992302163e-04 2.0251546016e+04 1.5707963268e+00 2.1560769381e+00
1.8008817253e-04 2.0265606218e+04 1.5707963268e+00 2.1576587561e+00
1.8025323408e-04 2.0279683805e+04 1.5707963268e+00 2.1592383776e+00
1.8041820639e-04 2.0293778763e+04 1.5707963268e+00 2.1608158045e+00
1.8058308956e-04 2.0307891079e+04 1.5707963268e+00 2.1623910387e+00
1.8074788371e-04 2.0322020740e+04 1.5707963268e+00 2.1639640821e+00
1.8091258894e-04 2.0336167734e+04 1.5707963268e+00 2.1655349365e+00
1.8107720537e-04 2.0350332045e+04 1.5707963268e+00 2.1671036038e+00
1.8124173310e-04 2.0364513662e+04 1.5707963268e+00 2.1686700860e+00
1.8140617226e-04 2.0378712570e+04 1.5707963268e+00 2.1702343848e+00
1.8157052294e-04 2.0392928757e+04 1.5707963268e+00 2.1717965023e+00
1.8173478526e-04 2.0407162208e+04 1.5707963268e+00 2.1733564404e+00
1.8189895933e-04 2.0421412910e+04 1.5707963268e+00 2.1749142008e+00
1.8206304527e-04 2.0435680849e+04 1.5707963268e+00 2.1764697857e+00
1.8222704318e-04 2.0449966013e+04 1.5707963268e+00 2.1780231968e+00
1.8239095317e-04 2.0464268387e+04 1.5707963268e+00 2.1795744362e+00
1.8255477535e-04 2.0478587957e+04 1.5707963268e+00 2.1811235058e+00
1.8271850984e-04 2.0492924710e+04 1.5707963268e+00 2.1826704075e+00
1.8288215675e-04 2.0507278632e+04 1.5707963268e+00 2.1842151433e+00
1.8304571619e-04 2.0521649709e+04 1.5707963268e+00 2.1857577151e+00
1.8320918826e-04 2.0536037928e+04 1.5707963268e+00 2.1872981249e+00
1.8337257309e-04 2.0550443273e+04 1.5707963268e+00 2.1888363746e+00
1.8353587078e-04 2.0564865733e+04 1.5707963268e+00 2.1903724663e+00
1.8369908145e-04 2.0579305291e+04 1.5707963268e+00 2.1919064019e+00
1.8386220520e-04 2.0593761935e+04 1.5707963268e+00 2.1934381834e+00
1.8402524215e-04 2.0608235650e+04 1.5707963268e+00 2.1949678129e+00
1.8418819241e-04 2.0622726422e+04 1.5707963268e+00 2.1964952922e+00
1.8435105610e-04 2.0637234238e+04 1.5707963268e+00 2.1980206233e+00
1.8451383331e-04 2.0651759082e+04 1.5707963268e+00 2.1995438084e+00
1.8467652417e-04 2.0666300941e+04 1.5707963268e+00 2.2010648494e+00
1.8483912879e-04 2.0680859800e+04 1.5707963268e+00 2.2025837484e+00
1.8500164728e-04 2.0695435645e+04 1.5707963268e+00 2.2041005073e+00
1.8516407974e-04 2.0710028462e+04 1.5707963268e+00 2.2056151281e+00
1.8532642631e-04 2.0724638236e+04 1.5707963268e+00 2.2071276130e+00
1.8548868707e-04 2.0739264954e+04 1.5707963268e+00 2.2086379639e+00
1.8565086216e-04 2.0753908599e+04 1.5707963268e+00 2.2101461830e+00
1.8581295167e-04 2.0768569159e+04 1.5707963268e+00 2.2116522721e+00
1.8597495573e-04 2.0783246618e+04 1.5707963268e+00 2.2131562335e+00
1.8613687444e-04 2.0797940962e+04 1.5707963268e+00 2.2146580691e+00
1.8629870791e-04 2.0812652177e+04 1.5707963268e+00 2.2161577811e+00
1.8646045627e-04 2.0827380247e+04 1.5707963268e+00 2.2176553714e+00
1.8662211961e-04 2.0842125158e+04 1.5707963268e+00 2.2191508422e+00
1.8678369806e-04 2.0856886895e+04 1.5707963268e+00 2.2206441955e+00
1.8694519173e-04 2.0871665444e+04 1.5707963268e+00 2.2221354335e+00
1.8710660072e-04 2.0886460790e+04 1.5707963268e+00 2.2236245582e+00
1.8726792516e-04 2.0901272918e+04 1.5707963268e+00 2.2251115716e+00
1.8742916514e-04 2.0916101814e+04 1.5707963268e+00 2.2265964760e+00
1.8759032080e-04 2.0930947461e+04 1.5707963268e+00 2.2280792734e+00
1.8775139223e-04 2.0945809846e+04 1.5707963268e+00 2.2295599658e+00
1.8791237955e-04 2.0960688954e+04 1.5707963268e+00 2.2310385555e+00
1.8807328288e-04 2.0975584769e+04 1.5707963268e+00 2.2325150445e+00
1.8823410232e-04 2.0990497276e+04 1.5707963268e+00 2.2339894350e+00
1.8839483799e-04 2.1005426461e+04 1.5707963268e+00 2.2354617290e+00
1.8855549000e-04 2.1020372309e+04 1.5707963268e+00 2.2369319288e+00
1.8871605846e-04 2.1035334803e+04 1.5707963268e+00 2.2384000364e+00
1.8887654349e-04 2.1050313930e+04 1.5707963268e+00 2.2398660539e+00
1.8903694520e-04 2.1065309674e+04 1.5707963268e+00 2.2413299836e+00
1.8919726371e-04 2.1080322020e+04 1.5707963268e+00 2.2427918276e+00
1.8935749911e-04 2.1095350952e+04 1.5707963268e+00 2.2442515879e+00
1.8951765153e-04 2.1110396456e+04 1.5707963268e+00 2.2457092668e+00
1.8967772109e-04 2.1125458516e+04 1.5707963268e+00 2.2471648665e+00
1.8983770788e-04 2.1140537116e+04 1.5707963268e+00 2.2486183890e+00
1.8999761203e-04 2.1155632242e+04 1.5707963268e+00 2.2500698366e+00
1.9015743365e-04 2.1170743878e+04 1.5707963268e+00 2.2515192114e+00
1.9031717284e-04 2.1185872008e+04 1.5707963268e+00 2.2529665157e+00
1.9047682973e-04 2.1201016618e+04 1.5707963268e+00 2.2544117514e+00
1.9063640443e-04 2.1216177691e+04 1.5707963268e+00 2.2558549210e+00
1.9079589705e-04 2.1231355213e+04 1.5707963268e+00 2.2572960265e+00
1.9095530769e-04 2.1246549167e+04 1.5707963268e+00 2.2587350701e+00
1.9111463648e-04 2.1261759538e+04 1.5707963268e+00 2.2601720541e+00
1.9127388353e-04 2.1276986311e+04 1.5707963268e+00 2.2616069806e+00
1.9143304894e-04 2.1292229469e+04 1.5707963268e+00 2.2630398519e+00
1.9159213284e-04 2.1307488998e+04 1.5707963268e+00 2.2644706700e+00
1.9175113533e-04 2.1322764882e+04 1.5707963268e+00 2.2658994374e+00
1.9191005653e-04 2.1338057104e+04 1.5707963268e+00 2.2673261561e+00
1.9206889655e-04 2.1353365649e+04 1.5707963268e+00 2.2687508283e+00
1.9222765550e-04 2.1368690502e+04 1.5707963268e+00 2.2701734564e+00
1.9238633349e-04 2.1384031646e+04 1.5707963268e+00 2.2715940425e+00
1.9254493065e-04 2.1399389067e+04 1.5707963268e+00 2.2730125888e+00
1.9270344707e-04 2.1414762747e+04 1.5707963268e+00 2.2744290976e+00
1.9286188288e-04 2.1430152671e+04 1.5707963268e+00 2.2758435711e+00
1.9302023818e-04 2.1445558824e+04 1.5707963268e+00 2.2772560116e+00
1.9317851309e-04 2.1460981188e+04 1.5707963268e+00 2.2786664212e+00
1.9333670772e-04 2.1476419750e+04 1.5707963268e+00 2.2800748023e+00
1.9349482218e-04 2.1491874491e+04 1.5707963268e+00 2.2814811571e+00
1.9365285659e-04 2.1507345397e+04 1.5707963268e+00 2.2828854878e+00
1.9381081105e-04 2.1522832451e+04 1.5707963268e+00 2.2842877967e+00
1.9396868569e-04 2.1538335638e+04 1.5707963268e+00 2.2856880861e+00
1.9412648060e-04 2.1553854941e+04 1.5707963268e+00 2.2870863581e+00
1.9428419592e-04 2.1569390344e+04 1.5707963268e+00 2.2884826151e+00
1.9444183174e-04 2.1584941831e+04 1.5707963268e+00 2.2898768594e+00
1.9459938818e-04 2.1600509387e+04 1.5707963268e+00 2.2912690931e+00
1.9475686535e-04 2.1616092994e+04 1.5707963268e+00 2.2926593187e+00
1.9491426336e-04 2.1631692636e+04 1.5707963268e+00 2.2940475383e+00
1.9507158233e-04 2.1647308298e+04 1.5707963268e+00 2.2954337542e+00
1.9522882237e-04 2.1662939963e+04 1.5707963268e+00 2.2968179687e+00
1.9538598360e-04 2.1678587615e+04 1.5707963268e+00 2.2982001842e+00
1.9554306611e-04 2.1694251238e+04 1.5707963268e+00 2.2995804028e+00
1.9570007003e-04 2.1709930814e+04 1.5707963268e+00 2.3009586269e+00
1.9585699546e-04 2.1725626329e+04 1.5707963268e+00 2.3023348588e+00
1.9601384253e-04 2.1741337766e+04 1.5707963268e+00 2.3037091007e+00
1.9617061133e-04 2.1757065108e+04 1.5707963268e+00 2.3050813550e+00
1.9632730199e-04 2.1772808338e+04 1.5707963268e+00 2.3064516240e+00
1.9648391462e-04 2.1788567441e+04 1.5707963268e+00 2.3078199099e+00
1.9664044932e-04 2.1804342400e+04 1.5707963268e+00 2.3091862151e+00
1.9679690620e-04 2.1820133199e+04 1.5707963268e+00 2.3105505419e+00
1.9695328539e-04 2.1835939821e+04 1.5707963268e+00 2.3119128926e+00
1.9710958699e-04 2.1851762249e+04 1.5707963268e+00 2.3132732695e+00
1.9726581112e-04 2.1867600468e+04 1.5707963268e+00 2.3146316750e+00
1.9742195788e-04 2.1883454460e+04 1.5707963268e+00 2.3159881112e+00
1.9757802739e-04 2.1899324209e+04 1.5707963268e+00 2.3173425807e+00
1.9773401975e-04 2.1915209698e+04 1.5707963268e+00 2.3186950856e+00
1.9788993509e-04 2.1931110912e+04 1.5707963268e+00 2.3200456284e+00
1.9804577351e-04 2.1947027832e+04 1.5707963268e+00 2.3213942113e+00
1.9820153512e-04 2.1962960443e+04 1.5707963268e+00 2.3227408367e+00
1.9835722003e-04 2.1978908728e+04 1.5707963268e+00 2.3240855069e+00
1.9851282837e-04 2.1994872671e+04 1.5707963268e+00 2.3254282243e+00
1.9866836022e-04 2.2010852253e+04 1.5707963268e+00 2.3267689911e+00
1.9882381572e-04 2.2026847460e+04 1.5707963268e+00 2.3281078098e+00
1.9897919497e-04 2.2042858274e+04 1.5707963268e+00 2.3294446827e+00
1.9913449807e-04 2.2058884678e+04 1.5707963268e+00 2.3307796120e+00
1.9928972515e-04 2.2074926655e+04 1.5707963268e+00 2.3321126003e+00
1.9944487631e-04 2.2090984190e+04 1.5707963268e+00 2.3334436497e+00
1.9959995167e-04 2.2107057265e+04 1.5707963268e+00 2.3347727627e+00
1.9975495132e-04 2.2123145862e+04 1.5707963268e+00 2.3360999416e+00
1.9990987540e-04 2.2139249966e+04 1.5707963268e+00 2.3374251888e+00
2.0006472400e-04 2.2155369560e+04 1.5707963268e+00 2.3387485066e+00
2.0021949723e-04 2.2171504626e+04 1.5707963268e+00 2.3400698974e+00
2.0037419522e-04 2.2187655148e+04 1.5707963268e+00 2.3413893635e+00
2.0052881806e-04 2.2203821109e+04 1.5707963268e+00 2.3427069073e+00
2.0068336587e-04 2.2220002492e+04 1.5707963268e+00 2.3440225313e+00
2.0083783876e-04 2.2236199280e+04 1.5707963268e+00 2.3453362376e+00
2.0099223684e-04 2.2252411456e+04 1.5707963268e+00 2.3466480288e+00
2.0114656021e-04 2.2268639003e+04 1.5707963268e+00 2.3479579071e+00
2.0130080900e-04 2.2284881904e+04 1.5707963268e+00 2.3492658750e+00
2.0145498331e-04 2.2301140142e+04 1.5707963268e+00 2.3505719347e+00
2.0160908325e-04 2.2317413701e+04 1.5707963268e+00 2.3518760888e+00
2.0176310893e-04 2.2333702562e+04 1.5707963268e+00 2.3531783396e+00
2.0191706046e-04 2.2350006710e+04 1.5707963268e+00 2.3544786894e+00
2.0207093795e-04 2.2366326126e+04 1.5707963268e+00 2.3557771406e+00
2.0222474151e-04 2.2382660795e+04 1.5707963268e+00 2.3570736956e+00
2.0237847125e-04 2.2399010698e+04 1.5707963268e+00 2.3583683569e+00
2.0253212728e-04 2.2415375819e+04 1.5707963268e+00 2.3596611266e+00
2.0268570970e-04 2.2431756141e+04 1.5707963268e+00 2.3609520074e+00
2.0283921864e-04 2.2448151646e+04 1.5707963268e+00 2.3622410015e+00
2.0299265420e-04 2.2464562318e+04 1.5707963268e+00 2.3635281113e+00
2.0314601648e-04 2.2480988139e+04 1.5707963268e+00 2.3648133393e+00
2.0329930560e-04 2.2497429092e+04 1.5707963268e+00 2.3660966877e+00
2.0345252167e-04 2.2513885160e+04 1.5707963268e+00 2.3673781591e+00
2.0360566479e-04 2.2530356326e+04 1.5707963268e+00 2.3686577558e+00
2.0375873508e-04 2.2546842572e+04 1.5707963268e+00 2.3699354801e+00
2.0391173264e-04 2.2563343882e+04 1.5707963268e+00 2.3712113346e+00
2.0406465759e-04 2.2579860237e+04 1.5707963268e+00 2.3724853215e+00
2.0421751002e-04 2.2596391622e+04 1.5707963268e+00 2.3737574433e+00
2.0437029006e-04 2.2612938018e+04 1.5707963268e+00 2.3750277024e+00
2.0452299781e-04 2.2629499409e+04 1.5707963268e+00 2.3762961012e+00
2.0467563337e-04 2.2646075776e+04 1.5707963268e+00 2.3775626421e+00
2.0482819686e-04 2.2662667104e+04 1.5707963268e+00 2.3788273275e+00
2.0498068839e-04 2.2679273374e+04 1.5707963268e+00 2.3800901597e+00
2.0513310805e-04 2.2695894569e+04 1.5707963268e+00 2.3813511413e+00
2.0528545598e-04 2.2712530673e+04 1.5707963268e+00 2.3826102745e+00
2.0543773226e-04 2.2729181666e+04 1.5707963268e+00 2.3838675619e+00
2.0558993700e-04 2.2745847534e+04 1.5707963268e+00 2.3851230058e+00
2.0574207033e-04 2.2762528257e+04 1.5707963268e+00 2.3863766086e+00
2.0589413234e-04 2.2779223818e+04 1.5707963268e+00 2.3876283727e+00
2.0604612314e-04 2.2795934201e+04 1.5707963268e+00 2.3888783006e+00
2.0619804284e-04 2.2812659388e+04 1.5707963268e+00 2.3901263947e+00
2.0634989155e-04 2.2829399361e+04 1.5707963268e+00 2.3913726573e+00
2.0650166938e-04 2.2846154104e+04 1.5707963268e+00 2.3926170909e+00
2.0665337642e-04 2.2862923598e+04 1.5707963268e+00 2.3938596978e+00
2.0680501280e-04 2.2879707826e+04 1.5707963268e+00 2.3951004806e+00
2.0695657862e-04 2.2896506771e+04 1.5707963268e+00 2.3963394417e+00
2.0710807398e-04 2.2913320416e+04 1.5707963268e+00 2.3975765833e+00
2.0725949899e-04 2.2930148743e+04 1.5707963268e+00 2.3988119080e+00
2.0741085376e-04 2.2946991734e+04 1.5707963268e+00 2.4000454182e+00
2.0756213840e-04 2.2963849372e+04 1.5707963268e+00 2.4012771162e+00
2.0771335301e-04 2.2980721641e+04 1.5707963268e+00 2.4025070046e+00
2.0786449770e-04 2.2997608521e+04 1.5707963268e+00 2.4037350857e+00
2.0801557258e-04 2.3014509996e+04 1.5707963268e+00 2.4049613619e+00
2.0816657775e-04 2.3031426049e+04 1.5707963268e+00 2.4061858357e+00
2.0831751332e-04 2.3048356661e+04 1.5707963268e+00 2.4074085095e+00
2.0846837940e-04 2.3065301816e+04 1.5707963268e+00 2.4086293857e+00
2.0861917609e-04 2.3082261495e+04 1.5707963268e+00 2.4098484667e+00
2.0876990350e-04 2.3099235682e+04 1.5707963268e+00 2.4110657550e+00
2.0892056174e-04 2.3116224359e+04 1.5707963268e+00 2.4122812529e+00
2.0907115090e-04 2.3133227508e+04 1.5707963268e+00 2.4134949629e+00
2.0922167111e-04 2.3150245112e+04 1.5707963268e+00 2.4147068874e+00
2.0937212245e-04 2.3167277153e+04 1.5707963268e+00 2.4159170289e+00
2.0952250505e-04 2.3184323614e+04 1.5707963268e+00 2.4171253897e+00
2.0967281900e-04 2.3201384477e+04 1.5707963268e+00 2.4183319722e+00
2.0982306441e-04 2.3218459725e+04 1.5707963268e+00 2.4195367790e+00
2.0997324139e-04 2.3235549339e+04 1.5707963268e+00 2.4207398124e+00
2.1012335003e-04 2.3252653304e+04 1.5707963268e+00 2.4219410749e+00
2.1027339046e-04 2.3269771600e+04 1.5707963268e+00 2.4231405688e+00
2.1042336276e-04 2.3286904211e+04 1.5707963268e+00 2.4243382966e+00
2.1057326705e-04 2.3304051119e+04 1.5707963268e+00 2.4255342608e+00
2.1072310343e-04 2.3321212306e+04 1.5707963268e+00 2.4267284637e+00
2.1087287201e-04 2.3338387755e+04 1.5707963268e+00 2.4279209078e+00
2.1102257289e-04 2.3355577448e+04 1.5707963268e+00 2.4291115954e+00
2.1117220618e-04 2.3372781367e+04 1.5707963268e+00 2.4303005291e+00
2.1132177198e-04 2.3389999496e+04 1.5707963268e+00 2.4314877112e+00
2.1147127039e-04 2.3407231816e+04 1.5707963268e+00 2.4326731442e+00
2.1162070152e-04 2.3424478310e+04 1.5707963268e+00 2.4338568305e+00
2.1177006547e-04 2.3441738960e+04 1.5707963268e+00 2.4350387725e+00
2.1191936235e-04 2.3459013748e+04 1.5707963268e+00 2.4362189726e+00
2.1206859226e-04 2.3476302658e+04 1.5707963268e+00 2.4373974333e+00
2.1221775531e-04 2.3493605671e+04 1.5707963268e+00 2.4385741570e+00
2.1236685160e-04 2.3510922770e+04 1.5707963268e+00 2.4397491460e+00
2.1251588123e-04 2.3528253937e+04 1.5707963268e+00 2.4409224030e+00
2.1266484430e-04 2.3545599155e+04 1.5707963268e+00 2.4420939302e+00
2.1281374093e-04 2.3562958406e+04 1.5707963268e+00 2.4432637300e+00
2.1296257121e-04 2.3580331672e+04 1.5707963268e+00 2.4444318050e+00
2.1311133525e-04 2.3597718936e+04 1.5707963268e+00 2.4455981575e+00
2.1326003314e-04 2.3615120180e+04 1.5707963268e+00 2.4467627899e+00
2.1340866500e-04 2.3632535386e+04 1.5707963268e+00 2.4479257048e+00
2.1355723093e-04 2.3649964538e+04 1.5707963268e+00 2.4490869044e+00
2.1370573102e-04 2.3667407616e+04 1.5707963268e+00 2.4502463912e+00
2.1385416538e-04 2.3684864605e+04 1.5707963268e+00 2.4514041677e+00
2.1400253412e-04 2.3702335485e+04 1.5707963268e+00 2.4525602362e+00
2.1415083734e-04 2.3719820240e+04 1.5707963268e+00 2.4537145992e+00
2.1429907513e-04 2.3737318851e+04 1.5707963268e+00 2.4548672591e+00
2.1444724761e-04 2.3754831302e+04 1.5707963268e+00 2.4560182183e+00
2.1459535487e-04 2.3772357574e+04 1.5707963268e+00 2.4571674793e+00
2.1474339701e-04 2.3789897650e+04 1.5707963268e+00 2.4583150444e+00
2.1489137414e-04 2.3807451512e+04 1.5707963268e+00 2.4594609160e+00
2.1503928637e-04 2.3825019143e+04 1.5707963268e+00 2.4606050967e+00
2.1518713378e-04 2.3842600524e+04 1.5707963268e+00 2.4617475888e+00
2.1533491648e-04 2.3860195640e+04 1.5707963268e+00 2.4628883947e+00
2.1548263458e-04 2.3877804471e+04 1.5707963268e+00 2.4640275168e+00
2.1563028817e-04 2.3895427000e+04 1.5707963268e+00 2.4651649576e+00
2.1577787736e-04 2.3913063209e+04 1.5707963268e+00 2.4663007195e+00
2.1592540225e-04 2.3930713082e+04 1.5707963268e+00 2.4674348048e+00
2.1607286294e-04 2.3948376599e+04 1.5707963268e+00 2.4685672161e+00
2.1622025952e-04 2.3966053744e+04 1.5707963268e+00 2.4696979556e+00
2.1636759211e-04 2.3983744500e+04 1.5707963268e+00 2.4708270259e+00
2.1651486080e-04 2.4001448847e+04 1.5707963268e+00 2.4719544293e+00
2.1666206569e-04 2.4019166770e+04 1.5707963268e+00 2.4730801683e+00
2.1680920688e-04 2.4036898249e+04 1.5707963268e+00 2.4742042452e+00
2.1695628447e-04 2.4054643268e+04 1.5707963268e+00 2.4753266625e+00
2.1710329857e-04 2.4072401809e+04 1.5707963268e+00 2.4764474225e+00
2.1725024926e-04 2.4090173854e+04 1.5707963268e+00 2.4775665277e+00
2.1739713667e-04 2.4107959386e+04 1.5707963268e+00 2.4786839805e+00
2.1754396087e-04 2.4125758387e+04 1.5707963268e+00 2.4797997833e+00
2.1769072197e-04 2.4143570840e+04 1.5707963268e+00 2.4809139385e+00
2.1783742008e-04 2.4161396726e+04 1.5707963268e+00 2.4820264485e+00
2.1798405529e-04 2.4179236029e+04 1.5707963268e+00 2.4831373157e+00
2.1813062770e-04 2.4197088730e+04 1.5707963268e+00 2.4842465425e+00
2.1827713741e-04 2.4214954812e+04 1.5707963268e+00 2.4853541314e+00
2.1842358452e-04 2.4232834258e+04 1.5707963268e+00 2.4864600846e+00
2.1856996912e-04 2.4250727050e+04 1.5707963268e+00 2.4875644046e+00
2.1871629133e-04 2.4268633170e+04 1.5707963268e+00 2.4886670939e+00
2.1886255122e-04 2.4286552601e+04 1.5707963268e+00 2.4897681547e+00
2.1900874892e-04 2.4304485325e+04 1.5707963268e+00 2.4908675896e+00
2.1915488450e-04 2.4322431324e+04 1.5707963268e+00 2.4919654008e+00
2.1930095808e-04 2.4340390582e+04 1.5707963268e+00 2.4930615908e+00
2.1944696974e-04 2.4358363080e+04 1.5707963268e+00 2.4941561621e+00
2.1959291960e-04 2.4376348801e+04 1.5707963268e+00 2.4952491169e+00
2.1973880774e-04 2.4394347727e+04 1.5707963268e+00 2.4963404576e+00
2.1988463426e-04 2.4412359841e+04 1.5707963268e+00 2.4974301867e+00
2.2003039926e-04 2.4430385126e+04 1.5707963268e+00 2.4985183066e+00
2.2017610285e-04 2.4448423563e+04 1.5707963268e+00 2.4996048196e+00
2.2032174511e-04 2.4466475135e+04 1.5707963268e+00 2.5006897282e+00
2.2046732614e-04 2.4484539825e+04 1.5707963268e+00 2.5017730346e+00
2.2061284604e-04 2.4502617614e+04 1.5707963268e+00 2.5028547413e+00
2.2075830492e-04 2.4520708487e+04 1.5707963268e+00 2.5039348507e+00
2.2090370285e-04 2.4538812424e+04 1.5707963268e+00 2.5050133652e+00
2.2104903995e-04 2.4556929409e+04 1.5707963268e+00 2.5060902871e+00
2.2119431631e-04 2.4575059424e+04 1.5707963268e+00 2.5071656189e+00
2.2133953203e-04 2.4593202452e+04 1.5707963268e+00 2.5082393628e+00
2.2148468719e-04 2.4611358474e+04 1.5707963268e+00 2.5093115213e+00
2.2162978191e-04 2.4629527474e+04 1.5707963268e+00 2.5103820967e+00
2.2177481627e-04 2.4647709435e+04 1.5707963268e+00 2.5114510915e+00
2.2191979037e-04 2.4665904337e+04 1.5707963268e+00 2.5125185080e+00
2.2206470431e-04 2.4684112165e+04 1.5707963268e+00 2.5135843485e+00
2.2220955819e-04 2.4702332900e+04 1.5707963268e+00 2.5146486155e+00
2.2235435209e-04 2.4720566526e+04 1.5707963268e+00 2.5157113113e+00
2.2249908611e-04 2.4738813024e+04 1.5707963268e+00 2.5167724382e+00
2.2264376036e-04 2.4757072378e+04 1.5707963268e+00 2.5178319988e+00
2.2278837492e-04 2.4775344569e+04 1.5707963268e+00 2.5188899952e+00
2.2293292989e-04 2.4793629581e+04 1.5707963268e+00 2.5199464299e+00
2.2307742537e-04 2.4811927395e+04 1.5707963268e+00 2.5210013052e+00
2.2322186145e-04 2.4830237996e+04 1.5707963268e+00 2.5220546235e+00
2.2336623822e-04 2.4848561364e+04 1.5707963268e+00 2.5231063872e+00
2.2351055578e-04 2.4866897483e+04 1.5707963268e+00 2.5241565986e+00
2.2365481423e-04 2.4885246335e+04 1.5707963268e+00 2.5252052600e+00
2.2379901366e-04 2.4903607903e+04 1.5707963268e+00 2.5262523739e+00
2.2394315417e-04 2.4921982170e+04 1.5707963268e+00 2.5272979425e+00
2.2408723584e-04 2.4940369118e+04 1.5707963268e+00 2.5283419683e+00
2.2423125877e-04 2.4958768730e+04 1.5707963268e+00 2.5293844535e+00
2.2437522306e-04 2.4977180988e+04 1.5707963268e+00 2.5304254006e+00
2.2451912881e-04 2.4995605875e+04 1.5707963268e+00 2.5314648119e+00
2.2466297609e-04 2.5014043374e+04 1.5707963268e+00 2.5325026896e+00
2.2480676501e-04 2.5032493467e+04 1.5707963268e+00 2.5335390362e+00
2.2495049567e-04 2.5050956137e+04 1.5707963268e+00 2.5345738541e+00
2.2509416815e-04 2.5069431367e+04 1.5707963268e+00 2.5356071454e+00
2.2523778254e-04 2.5087919139e+04 1.5707963268e+00 2.5366389127e+00
2.2538133895e-04 2.5106419437e+04 1.5707963268e+00 2.5376691582e+00
2.2552483746e-04 2.5124932242e+04 1.5707963268e+00 2.5386978842e+00
2.2566827817e-04 2.5143457537e+04 1.5707963268e+00 2.5397250931e+00
2.2581166116e-04 2.5161995306e+04 1.5707963268e+00 2.5407507873e+00
2.2595498654e-04 2.5180545531e+04 1.5707963268e+00 2.5417749690e+00
2.2609825439e-04 2.5199108195e+04 1.5707963268e+00 2.5427976405e+00
2.2624146481e-04 2.5217683280e+04 1.5707963268e+00 2.5438188043e+00
2.2638461789e-04 2.5236270769e+04 1.5707963268e+00 2.5448384626e+00
2.2652771372e-04 2.5254870645e+04 1.5707963268e+00 2.5458566178e+00
2.2667075239e-04 2.5273482891e+04 1.5707963268e+00 2.5468732722e+00
2.2681373400e-04 2.5292107489e+04 1.5707963268e+00 2.5478884280e+00
2.2695665863e-04 2.5310744423e+04 1.5707963268e+00 2.5489020877e+00
2.2709952638e-04 2.5329393675e+04 1.5707963268e+00 2.5499142535e+00
2.2724233734e-04 2.5348055227e+04 1.5707963268e+00 2.5509249278e+00
2.2738509160e-04 2.5366729064e+04 1.5707963268e+00 2.5519341128e+00
2.2752778925e-04 2.5385415167e+04 1.5707963268e+00 2.5529418109e+00
2.2767043038e-04 2.5404113519e+04 1.5707963268e+00 2.5539480243e+00
2.2781301509e-04 2.5422824104e+04 1.5707963268e+00 2.5549527555e+00
2.2795554346e-04 2.5441546904e+04 1.5707963268e+00 2.5559560066e+00
2.2809801559e-04 2.5460281902e+04 1.5707963268e+00 2.5569577801e+00
2.2824043156e-04 2.5479029080e+04 1.5707963268e+00 2.5579580782e+00
2.2838279147e-04 2.5497788423e+04 1.5707963268e+00 2.5589569031e+00
2.2852509540e-04 2.5516559912e+04 1.5707963268e+00 2.5599542573e+00
2.2866734345e-04 2.5535343531e+04 1.5707963268e+00 2.5609501429e+00
2.2880953571e-04 2.5554139262e+04 1.5707963268e+00 2.5619445623e+00
2.2895167226e-04 2.5572947089e+04 1.5707963268e+00 2.5629375179e+00
2.2909375319e-04 2.5591766994e+04 1.5707963268e+00 2.5639290117e+00
2.2923577861e-04 2.5610598960e+04 1.5707963268e+00 2.5649190463e+00
2.2937774858e-04 2.5629442971e+04 1.5707963268e+00 2.5659076238e+00
2.2951966321e-04 2.5648299009e+04 1.5707963268e+00 2.5668947465e+00
2.2966152258e-04 2.5667167057e+04 1.5707963268e+00 2.5678804167e+00
2.2980332679e-04 2.5686047099e+04 1.5707963268e+00 2.5688646368e+00
2.2994507591e-04 2.5704939117e+04 1.5707963268e+00 2.5698474089e+00
2.3008677005e-04 2.5723843094e+04 1.5707963268e+00 2.5708287353e+00
2.3022840928e-04 2.5742759013e+04 1.5707963268e+00 2.5718086184e+00
2.3036999370e-04 2.5761686858e+04 1.5707963268e+00 2.5727870604e+00
2.3051152340e-04 2.5780626612e+04 1.5707963268e+00 2.5737640635e+00
2.3065299846e-04 2.5799578256e+04 1.5707963268e+00 2.5747396300e+00
2.3079441897e-04 2.5818541776e+04 1.5707963268e+00 2.5757137623e+00
2.3093578502e-04 2.5837517153e+04 1.5707963268e+00 2.5766864625e+00
2.3107709669e-04 2.5856504371e+04 1.5707963268e+00 2.5776577330e+00
2.3121835409e-04 2.5875503413e+04 1.5707963268e+00 2.5786275759e+00
2.3135955728e-04 2.5894514262e+04 1.5707963268e+00 2.5795959936e+00
2.3150070637e-04 2.5913536901e+04 1.5707963268e+00 2.5805629882e+00
2.3164180143e-04 2.5932571313e+04 1.5707963268e+00 2.5815285622e+00
2.3178284255e-04 2.5951617482e+04 1.5707963268e+00 2.5824927176e+00
2.3192382983e-04 2.5970675391e+04 1.5707963268e+00 2.5834554568e+00
2.3206476335e-04 2.5989745022e+04 1.5707963268e+00 2.5844167820e+00
2.3220564319e-04 2.6008826359e+04 1.5707963268e+00 2.5853766954e+00
2.3234646945e-04 2.6027919386e+04 1.5707963268e+00 2.5863351993e+00
2.3248724220e-04 2.6047024085e+04 1.5707963268e+00 2.5872922959e+00
2.3262796154e-04 2.6066140440e+04 1.5707963268e+00 2.5882479876e+00
2.3276862755e-04 2.6085268434e+04 1.5707963268e+00 2.5892022764e+00
2.3290924031e-04 2.6104408051e+04 1.5707963268e+00 2.5901551646e+00
2.3304979992e-04 2.6123559272e+04 1.5707963268e+00 2.5911066545e+00
2.3319030646e-04 2.6142722083e+04 1.5707963268e+00 2.5920567483e+00
2.3333076001e-04 2.6161896466e+04 1.5707963268e+00 2.5930054483e+00
2.3347116067e-04 2.6181082404e+04 1.5707963268e+00 2.5939527566e+00
2.3361150851e-04 2.6200279881e+04 1.5707963268e+00 2.5948986755e+00
2.3375180362e-04 2.6219488880e+04 1.5707963268e+00 2.5958432071e+00
2.3389204609e-04 2.6238709384e+04 1.5707963268e+00 2.5967863538e+00
2.3403223599e-04 2.6257941377e+04 1.5707963268e+00 2.5977281177e+00
2.3417237343e-04 2.6277184843e+04 1.5707963268e+00 2.5986685011e+00
2.3431245848e-04 2.6296439764e+04 1.5707963268e+00 2.5996075061e+00
2.3445249122e-04 2.6315706124e+04 1.5707963268e+00 2.6005451350e+00
2.3459247174e-04 2.6334983907e+04 1.5707963268e+00 2.6014813899e+00
2.3473240013e-04 2.6354273095e+04 1.5707963268e+00 2.6024162731e+00
2.3487227647e-04 2.6373573673e+04 1.5707963268e+00 2.6033497869e+00
2.3501210084e-04 2.6392885624e+04 1.5707963268e+00 2.6042819332e+00
2.3515187333e-04 2.6412208931e+04 1.5707963268e+00 2.6052127145e+00
2.3529159402e-04 2.6431543578e+04 1.5707963268e+00 2.6061421329e+00
2.3543126299e-04 2.6450889548e+04 1.5707963268e+00 2.6070701905e+00
2.3557088033e-04 2.6470246825e+04 1.5707963268e+00 2.6079968895e+00
2.3571044613e-04 2.6489615392e+04 1.5707963268e+00 2.6089222322e+00
2.3584996046e-04 2.6508995233e+04 1.5707963268e+00 2.6098462208e+00
2.3598942341e-04 2.6528386331e+04 1.5707963268e+00 2.6107688574e+00
2.3612883506e-04 2.6547788671e+04 1.5707963268e+00 2.6116901441e+00
2.3626819549e-04 2.6567202235e+04 1.5707963268e+00 2.6126100833e+00
2.3640750479e-04 2.6586627007e+04 1.5707963268e+00 2.6135286770e+00
2.3654676305e-04 2.6606062971e+04 1.5707963268e+00 2.6144459274e+00
2.3668597033e-04 2.6625510111e+04 1.5707963268e+00 2.6153618367e+00
2.3682512673e-04 2.6644968410e+04 1.5707963268e+00 2.6162764071e+00
2.3696423233e-04 2.6664437851e+04 1.5707963268e+00 2.6171896408e+00
2.3710328720e-04 2.6683918419e+04 1.5707963268e+00 2.6181015398e+00
2.3724229144e-04 2.6703410097e+04 1.5707963268e+00 2.6190121064e+00
2.3738124512e-04 2.6722912869e+04 1.5707963268e+00 2.6199213427e+00
2.3752014833e-04 2.6742426719e+04 1.5707963268e+00 2.6208292509e+00
2.3765900115e-04 2.6761951630e+04 1.5707963268e+00 2.6217358332e+00
2.3779780365e-04 2.6781487586e+04 1.5707963268e+00 2.6226410916e+00
2.3793655592e-04 2.6801034571e+04 1.5707963268e+00 2.6235450284e+00
2.3807525804e-04 2.6820592568e+04 1.5707963268e+00 2.6244476457e+00
2.3821391010e-04 2.6840161562e+04 1.5707963268e+00 2.6253489456e+00
2.3835251216e-04 2.6859741536e+04 1.5707963268e+00 2.6262489303e+00
2.3849106433e-04 2.6879332474e+04 1.5707963268e+00 2.6271476019e+00
2.3862956666e-04 2.6898934360e+04 1.5707963268e+00 2.6280449625e+00
2.3876801925e-04 2.6918547178e+04 1.5707963268e+00 2.6289410144e+00
2.3890642218e-04 2.6938170912e+04 1.5707963268e+00 2.6298357595e+00
2.3904477552e-04 2.6957805545e+04 1.5707963268e+00 2.6307292002e+00
2.3918307936e-04 2.6977451061e+04 1.5707963268e+00 2.6316213384e+00
2.3932133378e-04 2.6997107445e+04 1.5707963268e+00 2.6325121763e+00
2.3945953885e-04 2.7016774680e+04 1.5707963268e+00 2.6334017160e+00
2.3959769465e-04 2.7036452750e+04 1.5707963268e+00 2.6342899597e+00
2.3973580128e-04 2.7056141639e+04 1.5707963268e+00 2.6351769095e+00
2.3987385879e-04 2.7075841332e+04 1.5707963268e+00 2.6360625674e+00
2.4001186729e-04 2.7095551812e+04 1.5707963268e+00 2.6369469357e+00
2.4014982683e-04 2.7115273063e+04 1.5707963268e+00 2.6378300163e+00
2.4028773751e-04 2.7135005069e+04 1.5707963268e+00 2.6387118115e+00
2.4042559940e-04 2.7154747814e+04 1.5707963268e+00 2.6395923233e+00
2.4056341258e-04 2.7174501283e+04 1.5707963268e+00 2.6404715538e+00
2.4070117713e-04 2.7194265459e+04 1.5707963268e+00 2.6413495051e+00
2.4083889313e-04 2.7214040326e+04 1.5707963268e+00 2.6422261794e+00
2.4097656066e-04 2.7233825870e+04 1.5707963268e+00 2.6431015787e+00
2.4111417979e-04 2.7253622072e+04 1.5707963268e+00 2.6439757051e+00
2.4125175060e-04 2.7273428919e+04 1.5707963268e+00 2.6448485606e+00
2.4138927317e-04 2.7293246394e+04 1.5707963268e+00 2.6457201475e+00
2.4152674759e-04 2.7313074481e+04 1.5707963268e+00 2.6465904677e+00
2.4166417392e-04 2.7332913164e+04 1.5707963268e+00 2.6474595234e+00
2.4180155224e-04 2.7352762428e+04 1.5707963268e+00 2.6483273167e+00
2.4193888264e-04 2.7372622257e+04 1.5707963268e+00 2.6491938495e+00
2.4207616519e-04 2.7392492634e+04 1.5707963268e+00 2.6500591240e+00
2.4221339996e-04 2.7412373545e+04 1.5707963268e+00 2.6509231423e+00
2.4235058704e-04 2.7432264974e+04 1.5707963268e+00 2.6517859064e+00
2.4248772650e-04 2.7452166904e+04 1.5707963268e+00 2.6526474184e+00
2.4262481842e-04 2.7472079321e+04 1.5707963268e+00 2.6535076804e+00
2.4276186288e-04 2.7492002208e+04 1.5707963268e+00 2.6543666944e+00
2.4289885994e-04 2.7511935549e+04 1.5707963268e+00 2.6552244624e+00
2.4303580970e-04 2.7531879330e+04 1.5707963268e+00 2.6560809866e+00
2.4317271222e-04 2.7551833535e+04 1.5707963268e+00 2.6569362690e+00
2.4330956758e-04 2.7571798147e+04 1.5707963268e+00 2.6577903116e+00
2.4344637585e-04 2.7591773152e+04 1.5707963268e+00 2.6586431165e+00
2.4358313712e-04 2.7611758533e+04 1.5707963268e+00 2.6594946857e+00
2.4371985146e-04 2.7631754276e+04 1.5707963268e+00 2.6603450213e+00
2.4385651895e-04 2.7651760364e+04 1.5707963268e+00 2.6611941254e+00
2.4399313965e-04 2.7671776782e+04 1.5707963268e+00 2.6620419998e+00
2.4412971365e-04 2.7691803515e+04 1.5707963268e+00 2.6628886468e+00
2.4426624103e-04 2.7711840547e+04 1.5707963268e+00 2.6637340683e+00
2.4440272185e-04 2.7731887862e+04 1.5707963268e+00 2.6645782664e+00
2.4453915619e-04 2.7751945446e+04 1.5707963268e+00 2.6654212430e+00
2.4467554413e-04 2.7772013282e+04 1.5707963268e+00 2.6662630002e+00
2.4481188574e-04 2.7792091355e+04 1.5707963268e+00 2.6671035401e+00
2.4494818109e-04 2.7812179651e+04 1.5707963268e+00 2.6679428646e+00
2.4508443027e-04 2.7832278153e+04 1.5707963268e+00 2.6687809757e+00
2.4522063334e-04 2.7852386846e+04 1.5707963268e+00 2.6696178756e+00
2.4535679039e-04 2.7872505714e+04 1.5707963268e+00 2.6704535661e+00
2.4549290147e-04 2.7892634743e+04 1.5707963268e+00 2.6712880493e+00
2.4562896668e-04 2.7912773917e+04 1.5707963268e+00 2.6721213273e+00
2.4576498608e-04 2.7932923221e+04 1.5707963268e+00 2.6729534019e+00
2.4590095974e-04 2.7953082639e+04 1.5707963268e+00 2.6737842752e+00
2.4603688774e-04 2.7973252156e+04 1.5707963268e+00 2.6746139493e+00
2.4617277016e-04 2.7993431758e+04 1.5707963268e+00 2.6754424260e+00
2.4630860707e-04 2.8013621427e+04 1.5707963268e+00 2.6762697074e+00
2.4644439853e-04 2.8033821151e+04 1.5707963268e+00 2.6770957955e+00
2.4658014463e-04 2.8054030912e+04 1.5707963268e+00 2.6779206923e+00
2.4671584543e-04 2.8074250697e+04 1.5707963268e+00 2.6787443998e+00
2.4685150102e-04 2.8094480489e+04 1.5707963268e+00 2.6795669198e+00
2.4698711146e-04 2.8114720275e+04 1.5707963268e+00 2.6803882545e+00
2.4712267682e-04 2.8134970038e+04 1.5707963268e+00 2.6812084058e+00
2.4725819718e-04 2.8155229763e+04 1.5707963268e+00 2.6820273756e+00
2.4739367261e-04 2.8175499436e+04 1.5707963268e+00 2.6828451660e+00
2.4752910318e-04 2.8195779040e+04 1.5707963268e+00 2.6836617789e+00
2.4766448897e-04 2.8216068563e+04 1.5707963268e+00 2.6844772162e+00
2.4779983005e-04 2.8236367987e+04 1.5707963268e+00 2.6852914800e+00
2.4793512648e-04 2.8256677298e+04 1.5707963268e+00 2.6861045722e+00
2.4807037835e-04 2.8276996482e+04 1.5707963268e+00 2.6869164947e+00
2.4820558572e-04 2.8297325523e+04 1.5707963268e+00 2.6877272495e+00
2.4834074866e-04 2.8317664406e+04 1.5707963268e+00 2.6885368386e+00
2.4847586725e-04 2.8338013116e+04 1.5707963268e+00 2.6893452639e+00
2.4861094155e-04 2.8358371638e+04 1.5707963268e+00 2.6901525273e+00
2.4874597165e-04 2.8378739958e+04 1.5707963268e+00 2.6909586309e+00
2.4888095760e-04 2.8399118060e+04 1.5707963268e+00 2.6917635764e+00
2.4901589948e-04 2.8419505930e+04 1.5707963268e+00 2.6925673660e+00
2.4915079736e-04 2.8439903552e+04 1.5707963268e+00 2.6933700014e+00
2.4928565132e-04 2.8460310913e+04 1.5707963268e+00 2.6941714847e+00
2.4942046142e-04 2.8480727996e+04 1.5707963268e+00 2.6949718178e+00
2.4955522773e-04 2.8501154787e+04 1.5707963268e+00 2.6957710026e+00
2.4968995033e-04 2.8521591272e+04 1.5707963268e+00 2.6965690410e+00
2.4982462927e-04 2.8542037435e+04 1.5707963268e+00 2.6973659349e+00
2.4995926465e-04 2.8562493262e+04 1.5707963268e+00 2.6981616863e+00
2.5009385651e-04 2.8582958739e+04 1.5707963268e+00 2.6989562971e+00
2.5022840494e-04 2.8603433849e+04 1.5707963268e+00 2.6997497692e+00
2.5036291000e-04 2.8623918579e+04 1.5707963268e+00 2.7005421045e+00
2.5049737177e-04 2.8644412915e+04 1.5707963268e+00 2.7013333050e+00
2.5063179031e-04 2.8664916840e+04 1.5707963268e+00 2.7021233724e+00
2.5076616569e-04 2.8685430341e+04 1.5707963268e+00 2.7029123088e+00
2.5090049798e-04 2.8705953403e+04 1.5707963268e+00 2.7037001160e+00
2.5103478725e-04 2.8726486012e+04 1.5707963268e+00 2.7044867959e+00
2.5116903357e-04 2.8747028152e+04 1.5707963268e+00 2.7052723504e+00
2.5130323701e-04 2.8767579810e+04 1.5707963268e+00 2.7060567815e+00
2.5143739764e-04 2.8788140970e+04 1.5707963268e+00 2.7068400909e+00
2.5157151552e-04 2.8808711618e+04 1.5707963268e+00 2.7076222807e+00
2.5170559073e-04 2.8829291740e+04 1.5707963268e+00 2.7084033526e+00
2.5183962333e-04 2.8849881321e+04 1.5707963268e+00 2.7091833085e+00
2.5197361339e-04 2.8870480346e+04 1.5707963268e+00 2.7099621504e+00
2.5210756097e-04 2.8891088801e+04 1.5707963268e+00 2.7107398801e+00
2.5224146616e-04 2.8911706672e+04 1.5707963268e+00 2.7115164994e+00
2.5237532901e-04 2.8932333945e+04 1.5707963268e+00 2.7122920103e+00
2.5250914959e-04 2.8952970604e+04 1.5707963268e+00 2.7130664146e+00
2.5264292798e-04 2.8973616635e+04 1.5707963268e+00 2.7138397142e+00
2.5277666423e-04 2.8994272025e+04 1.5707963268e+00 2.7146119109e+00
2.5291035842e-04 2.9014936758e+04 1.5707963268e+00 2.7153830066e+00
2.5304401061e-04 2.9035610820e+04 1.5707963268e+00 2.7161530032e+00
2.5317762087e-04 2.9056294197e+04 1.5707963268e+00 2.7169219025e+00
2.5331118926e-04 2.9076986875e+04 1.5707963268e+00 2.7176897063e+00
2.5344471587e-04 2.9097688840e+04 1.5707963268e+00 2.7184564166e+00
2.5357820074e-04 2.9118400076e+04 1.5707963268e+00 2.7192220351e+00
2.5371164395e-04 2.9139120570e+04 1.5707963268e+00 2.7199865636e+00
2.5384504556e-04 2.9159850308e+04 1.5707963268e+00 2.7207500042e+00
2.5397840565e-04 2.9180589276e+04 1.5707963268e+00 2.7215123584e+00
2.5411172427e-04 2.9201337458e+04 1.5707963268e+00 2.7222736283e+00
2.5424500150e-04 2.9222094842e+04 1.5707963268e+00 2.7230338156e+00
2.5437823739e-04 2.9242861412e+04 1.5707963268e+00 2.7237929222e+00
2.5451143202e-04 2.9263637155e+04 1.5707963268e+00 2.7245509499e+00
2.5464458546e-04 2.9284422057e+04 1.5707963268e+00 2.7253079004e+00
2.5477769776e-04 2.9305216103e+04 1.5707963268e+00 2.7260637758e+00
2.5491076899e-04 2.9326019279e+04 1.5707963268e+00 2.7268185776e+00
2.5504379922e-04 2.9346831572e+04 1.5707963268e+00 2.7275723078e+00
2.5517678852e-04 2.9367652967e+04 1.5707963268e+00 2.7283249682e+00
2.5530973694e-04 2.9388483450e+04 1.5707963268e+00 2.7290765606e+00
2.5544264456e-04 2.9409323008e+04 1.5707963268e+00 2.7298270868e+00
2.5557551144e-04 2.9430171626e+04 1.5707963268e+00 2.7305765485e+00
2.5570833764e-04 2.9451029290e+04 1.5707963268e+00 2.7313249477e+00
2.5584112324e-04 2.9471895986e+04 1.5707963268e+00 2.7320722860e+00
2.5597386828e-04 2.9492771701e+04 1.5707963268e+00 2.7328185654e+00
2.5610657285e-04 2.9513656420e+04 1.5707963268e+00 2.7335637875e+00
2.5623923700e-04 2.9534550130e+04 1.5707963268e+00 2.7343079542e+00
2.5637186079e-04 2.9555452817e+04 1.5707963268e+00 2.7350510672e+00
2.5650444430e-04 2.9576364466e+04 1.5707963268e+00 2.7357931284e+00
2.5663698758e-04 2.9597285064e+04 1.5707963268e+00 2.7365341396e+00
2.5676949071e-04 2.9618214597e+04 1.5707963268e+00 2.7372741024e+00
2.5690195374e-04 2.9639153052e+04 1.5707963268e+00 2.7380130187e+00
2.5703437673e-04 2.9660100414e+04 1.5707963268e+00 2.7387508902e+00
2.5716675976e-04 2.9681056670e+04 1.5707963268e+00 2.7394877188e+00
2.5729910288e-04 2.9702021806e+04 1.5707963268e+00 2.7402235062e+00
2.5743140616e-04 2.9722995808e+04 1.5707963268e+00 2.7409582541e+00
2.5756366966e-04 2.9743978663e+04 1.5707963268e+00 2.7416919644e+00
2.5769589345e-04 2.9764970356e+04 1.5707963268e+00 2.7424246387e+00
2.5782807759e-04 2.9785970875e+04 1.5707963268e+00 2.7431562789e+00
2.5796022214e-04 2.9806980205e+04 1.5707963268e+00 2.7438868866e+00
2.5809232716e-04 2.9827998334e+04 1.5707963268e+00 2.7446164637e+00
2.5822439271e-04 2.9849025246e+04 1.5707963268e+00 2.7453450119e+00
2.5835641887e-04 2.9870060929e+04 1.5707963268e+00 2.7460725329e+00
2.5848840569e-04 2.9891105369e+04 1.5707963268e+00 2.7467990285e+00
2.5862035324e-04 2.9912158553e+04 1.5707963268e+00 2.7475245004e+00
2.5875226157e-04 2.9933220466e+04 1.5707963268e+00 2.7482489504e+00
2.5888413075e-04 2.9954291096e+04 1.5707963268e+00 2.7489723802e+00
2.5901596084e-04 2.9975370429e+04 1.5707963268e+00 2.7496947915e+00
2.5914775190e-04 2.9996458452e+04 1.5707963268e+00 2.7504161860e+00
2.5927950400e-04 3.0017555150e+04 1.5707963268e+00 2.7511365656e+00
2.5941121720e-04 3.0038660511e+04 1.5707963268e+00 2.7518559318e+00
2.5954289155e-04 3.0059774521e+04 1.5707963268e+00 2.7525742865e+00
2.5967452713e-04 3.0080897166e+04 1.5707963268e+00 2.7532916313e+00
2.5980612398e-04 3.0102028434e+04 1.5707963268e+00 2.7540079680e+00
2.5993768218e-04 3.0123168310e+04 1.5707963268e+00 2.7547232982e+00
2.6006920179e-04 3.0144316783e+04 1.5707963268e+00 2.7554376237e+00
2.6020068285e-04 3.0165473837e+04 1.5707963268e+00 2.7561509463e+00
2.6033212545e-04 3.0186639460e+04 1.5707963268e+00 2.7568632675e+00
2.6046352963e-04 3.0207813639e+04 1.5707963268e+00 2.7575745891e+00
2.6059489546e-04 3.0228996359e+04 1.5707963268e+00 2.7582849128e+00
2.6072622299e-04 3.0250187609e+04 1.5707963268e+00 2.7589942403e+00
2.6085751230e-04 3.0271387375e+04 1.5707963268e+00 2.7597025733e+00
2.6098876343e-04 3.0292595643e+04 1.5707963268e+00 2.7604099135e+00
2.6111997646e-04 3.0313812400e+04 1.5707963268e+00 2.7611162625e+00
2.6125115143e-04 3.0335037634e+04 1.5707963268e+00 2.7618216221e+00
2.6138228841e-04 3.0356271330e+04 1.5707963268e+00 2.7625259940e+00
2.6151338747e-04 3.0377513476e+04 1.5707963268e+00 2.7632293797e+00
2.6164444865e-04 3.0398764059e+04 1.5707963268e+00 2.7639317811e+00
2.6177547202e-04 3.0420023065e+04 1.5707963268e+00 2.7646331997e+00
2.6190645765e-04 3.0441290482e+04 1.5707963268e+00 2.7653336373e+00
2.6203740558e-04 3.0462566296e+04 1.5707963268e+00 2.7660330954e+00
2.6216831587e-04 3.0483850494e+04 1.5707963268e+00 2.7667315759e+00
2.6229918860e-04 3.0505143064e+04 1.5707963268e+00 2.7674290803e+00
2.6243002381e-04 3.0526443992e+04 1.5707963268e+00 2.7681256103e+00
2.6256082157e-04 3.0547753264e+04 1.5707963268e+00 2.7688211676e+00
2.6269158193e-04 3.0569070870e+04 1.5707963268e+00 2.7695157537e+00
2.6282230496e-04 3.0590396794e+04 1.5707963268e+00 2.7702093705e+00
2.6295299071e-04 3.0611731024e+04 1.5707963268e+00 2.7709020195e+00
2.6308363924e-04 3.0633073548e+04 1.5707963268e+00 2.7715937023e+00
2.6321425061e-04 3.0654424353e+04 1.5707963268e+00 2.7722844207e+00
2.6334482488e-04 3.0675783425e+04 1.5707963268e+00 2.7729741762e+00
2.6347536211e-04 3.0697150751e+04 1.5707963268e+00 2.7736629706e+00
2.6360586235e-04 3.0718526320e+04 1.5707963268e+00 2.7743508053e+00
2.6373632566e-04 3.0739910117e+04 1.5707963268e+00 2.7750376822e+00
2.6386675210e-04 3.0761302131e+04 1.5707963268e+00 2.7757236027e+00
2.6399714174e-04 3.0782702347e+04 1.5707963268e+00 2.7764085686e+00
2.6412749462e-04 3.0804110755e+04 1.5707963268e+00 2.7770925814e+00
2.6425781080e-04 3.0825527340e+04 1.5707963268e+00 2.7777756428e+00
2.6438809035e-04 3.0846952090e+04 1.5707963268e+00 2.7784577544e+00
2.6451833331e-04 3.0868384993e+04 1.5707963268e+00 2.7791389178e+00
2.6464853976e-04 3.0889826035e+04 1.5707963268e+00 2.7798191347e+00
2.6477870974e-04 3.0911275204e+04 1.5707963268e+00 2.7804984066e+00
2.6490884330e-04 3.0932732488e+04 1.5707963268e+00 2.7811767352e+00
2.6503894052e-04 3.0954197873e+04 1.5707963268e+00 2.7818541220e+00
2.6516900145e-04 3.0975671347e+04 1.5707963268e+00 2.7825305687e+00
2.6529902613e-04 3.0997152897e+04 1.5707963268e+00 2.7832060769e+00
2.6542901464e-04 3.1018642511e+04 1.5707963268e+00 2.7838806481e+00
2.6555896702e-04 3.1040140177e+04 1.5707963268e+00 2.7845542841e+00
2.6568888333e-04 3.1061645881e+04 1.5707963268e+00 2.7852269863e+00
2.6581876363e-04 3.1083159611e+04 1.5707963268e+00 2.7858987563e+00
2.6594860798e-04 3.1104681354e+04 1.5707963268e+00 2.7865695958e+00
2.6607841643e-04 3.1126211099e+04 1.5707963268e+00 2.7872395063e+00
2.6620818904e-04 3.1147748832e+04 1.5707963268e+00 2.7879084895e+00
2.6633792586e-04 3.1169294541e+04 1.5707963268e+00 2.7885765468e+00
2.6646762695e-04 3.1190848214e+04 1.5707963268e+00 2.7892436799e+00
2.6659729237e-04 3.1212409838e+04 1.5707963268e+00 2.7899098904e+00
2.6672692216e-04 3.1233979401e+04 1.5707963268e+00 2.7905751798e+00
2.6685651640e-04 3.1255556890e+04 1.5707963268e+00 2.7912395496e+00
2.6698607513e-04 3.1277142294e+04 1.5707963268e+00 2.7919030016e+00
2.6711559840e-04 3.1298735599e+04 1.5707963268e+00 2.7925655371e+00
2.6724508628e-04 3.1320336793e+04 1.5707963268e+00 2.7932271579e+00
2.6737453882e-04 3.1341945864e+04 1.5707963268e+00 2.7938878654e+00
2.6750395607e-04 3.1363562801e+04 1.5707963268e+00 2.7945476612e+00
2.6763333808e-04 3.1385187589e+04 1.5707963268e+00 2.7952065469e+00
2.6776268493e-04 3.1406820218e+04 1.5707963268e+00 2.7958645240e+00
2.6789199665e-04 3.1428460674e+04 1.5707963268e+00 2.7965215940e+00
2.6802127330e-04 3.1450108947e+04 1.5707963268e+00 2.7971777586e+00
2.6815051494e-04 3.1471765023e+04 1.5707963268e+00 2.7978330192e+00
2.6827972163e-04 3.1493428890e+04 1.5707963268e+00 2.7984873774e+00
2.6840889341e-04 3.1515100536e+04 1.5707963268e+00 2.7991408347e+00
2.6853803034e-04 3.1536779949e+04 1.5707963268e+00 2.7997933927e+00
2.6866713247e-04 3.1558467117e+04 1.5707963268e+00 2.8004450530e+00
2.6879619987e-04 3.1580162028e+04 1.5707963268e+00 2.8010958169e+00
2.6892523258e-04 3.1601864669e+04 1.5707963268e+00 2.8017456861e+00
2.6905423065e-04 3.1623575029e+04 1.5707963268e+00 2.8023946621e+00
2.6918319415e-04 3.1645293095e+04 1.5707963268e+00 2.8030427464e+00
2.6931212312e-04 3.1667018856e+04 1.5707963268e+00 2.8036899406e+00
2.6944101762e-04 3.1688752299e+04 1.5707963268e+00 2.8043362461e+00
2.6956987770e-04 3.1710493413e+04 1.5707963268e+00 2.8049816644e+00
2.6969870342e-04 3.1732242185e+04 1.5707963268e+00 2.8056261971e+00
2.6982749482e-04 3.1753998603e+04 1.5707963268e+00 2.8062698458e+00
2.6995625197e-04 3.1775762656e+04 1.5707963268e+00 2.8069126118e+00
2.7008497491e-04 3.1797534332e+04 1.5707963268e+00 2.8075544967e+00
2.7021366370e-04 3.1819313618e+04 1.5707963268e+00 2.8081955021e+00
2.7034231839e-04 3.1841100503e+04 1.5707963268e+00 2.8088356293e+00
2.7047093904e-04 3.1862894974e+04 1.5707963268e+00 2.8094748799e+00
2.7059952569e-04 3.1884697021e+04 1.5707963268e+00 2.8101132555e+00
2.7072807840e-04 3.1906506631e+04 1.5707963268e+00 2.8107507574e+00
2.7085659722e-04 3.1928323792e+04 1.5707963268e+00 2.8113873872e+00
2.7098508220e-04 3.1950148492e+04 1.5707963268e+00 2.8120231463e+00
2.7111353340e-04 3.1971980720e+04 1.5707963268e+00 2.8126580364e+00
2.7124195087e-04 3.1993820465e+04 1.5707963268e+00 2.8132920587e+00
2.7137033466e-04 3.2015667713e+04 1.5707963268e+00 2.8139252149e+00
2.7149868483e-04 3.2037522454e+04 1.5707963268e+00 2.8145575063e+00
2.7162700141e-04 3.2059384676e+04 1.5707963268e+00 2.8151889345e+00
2.7175528448e-04 3.2081254366e+04 1.5707963268e+00 2.8158195010e+00
2.7188353407e-04 3.2103131514e+04 1.5707963268e+00 2.8164492071e+00
2.7201175024e-04 3.2125016108e+04 1.5707963268e+00 2.8170780544e+00
2.7213993305e-04 3.2146908136e+04 1.5707963268e+00 2.8177060444e+00
2.7226808254e-04 3.2168807586e+04 1.5707963268e+00 2.8183331784e+00
2.7239619876e-04 3.2190714447e+04 1.5707963268e+00 2.8189594580e+00
2.7252428176e-04 3.2212628707e+04 1.5707963268e+00 2.8195848846e+00
2.7265233161e-04 3.2234550355e+04 1.5707963268e+00 2.8202094597e+00
2.7278034834e-04 3.2256479379e+04 1.5707963268e+00 2.8208331847e+00
2.7290833201e-04 3.2278415767e+04 1.5707963268e+00 2.8214560610e+00
2.7303628267e-04 3.2300359509e+04 1.5707963268e+00 2.8220780902e+00
2.7316420037e-04 3.2322310592e+04 1.5707963268e+00 2.8226992736e+00
2.7329208516e-04 3.2344269005e+04 1.5707963268e+00 2.8233196128e+00
2.7341993710e-04 3.2366234737e+04 1.5707963268e+00 2.8239391090e+00
2.7354775622e-04 3.2388207776e+04 1.5707963268e+00 2.8245577638e+00
2.7367554259e-04 3.2410188110e+04 1.5707963268e+00 2.8251755787e+00
2.7380329626e-04 3.2432175729e+04 1.5707963268e+00 2.8257925549e+00
2.7393101726e-04 3.2454170621e+04 1.5707963268e+00 2.8264086941e+00
2.7405870566e-04 3.2476172774e+04 1.5707963268e+00 2.8270239975e+00
2.7418636151e-04 3.2498182178e+04 1.5707963268e+00 2.8276384666e+00
2.7431398484e-04 3.2520198820e+04 1.5707963268e+00 2.8282521029e+00
2.7444157572e-04 3.2542222690e+04 1.5707963268e+00 2.8288649078e+00
2.7456913420e-04 3.2564253776e+04 1.5707963268e+00 2.8294768826e+00
2.7469666031e-04 3.2586292067e+04 1.5707963268e+00 2.8300880288e+00
2.7482415412e-04 3.2608337551e+04 1.5707963268e+00 2.8306983478e+00
2.7495161567e-04 3.2630390218e+04 1.5707963268e+00 2.8313078410e+00
2.7507904502e-04 3.2652450057e+04 1.5707963268e+00 2.8319165098e+00
2.7520644220e-04 3.2674517055e+04 1.5707963268e+00 2.8325243556e+00
2.7533380727e-04 3.2696591201e+04 1.5707963268e+00 2.8331313798e+00
2.7546114028e-04 3.2718672486e+04 1.5707963268e+00 2.8337375839e+00
2.7558844128e-04 3.2740760897e+04 1.5707963268e+00 2.8343429692e+00
2.7571571032e-04 3.2762856423e+04 1.5707963268e+00 2.8349475371e+00
2.7584294744e-04 3.2784959053e+04 1.5707963268e+00 2.8355512890e+00
2.7597015270e-04 3.2807068776e+04 1.5707963268e+00 2.8361542262e+00
2.7609732614e-04 3.2829185581e+04 1.5707963268e+00 2.8367563503e+00
2.7622446782e-04 3.2851309457e+04 1.5707963268e+00 2.8373576625e+00
2.7635157777e-04 3.2873440393e+04 1.5707963268e+00 2.8379581642e+00
2.7647865605e-04 3.2895578377e+04 1.5707963268e+00 2.8385578569e+00
2.7660570271e-04 3.2917723399e+04 1.5707963268e+00 2.8391567419e+00
2.7673271780e-04 3.2939875448e+04 1.5707963268e+00 2.8397548205e+00
2.7685970135e-04 3.2962034513e+04 1.5707963268e+00 2.8403520942e+00
2.7698665343e-04 3.2984200582e+04 1.5707963268e+00 2.8409485643e+00
2.7711357408e-04 3.3006373645e+04 1.5707963268e+00 2.8415442321e+00
2.7724046335e-04 3.3028553691e+04 1.5707963268e+00 2.8421390991e+00
2.7736732128e-04 3.3050740710e+04 1.5707963268e+00 2.8427331667e+00
2.7749414792e-04 3.3072934689e+04 1.5707963268e+00 2.8433264361e+00
2.7762094333e-04 3.3095135618e+04 1.5707963268e+00 2.8439189087e+00
2.7774770754e-04 3.3117343486e+04 1.5707963268e+00 2.8445105859e+00
2.7787444061e-04 3.3139558283e+04 1.5707963268e+00 2.8451014690e+00
2.7800114258e-04 3.3161779998e+04 1.5707963268e+00 2.8456915594e+00
2.7812781350e-04 3.3184008620e+04 1.5707963268e+00 2.8462808585e+00
2.7825445342e-04 3.3206244137e+04 1.5707963268e+00 2.8468693675e+00
2.7838106238e-04 3.3228486540e+04 1.5707963268e+00 2.8474570878e+00
2.7850764043e-04 3.3250735817e+04 1.5707963268e+00 2.8480440208e+00
2.7863418762e-04 3.3272991958e+04 1.5707963268e+00 2.8486301678e+00
2.7876070400e-04 3.3295254952e+04 1.5707963268e+00 2.8492155301e+00
2.7888718961e-04 3.3317524788e+04 1.5707963268e+00 2.8498001091e+00
2.7901364449e-04 3.3339801456e+04 1.5707963268e+00 2.8503839061e+00
2.7914006870e-04 3.3362084945e+04 1.5707963268e+00 2.8509669224e+00
2.7926646228e-04 3.3384375244e+04 1.5707963268e+00 2.8515491594e+00
2.7939282528e-04 3.3406672342e+04 1.5707963268e+00 2.8521306183e+00
2.7951915775e-04 3.3428976230e+04 1.5707963268e+00 2.8527113006e+00
2.7964545972e-04 3.3451286896e+04 1.5707963268e+00 2.8532912074e+00
2.7977173125e-04 3.3473604330e+04 1.5707963268e+00 2.8538703402e+00
2.7989797238e-04 3.3495928521e+04 1.5707963268e+00 2.8544487003e+00
2.8002418316e-04 3.3518259459e+04 1.5707963268e+00 2.8550262889e+00
2.8015036363e-04 3.3540597133e+04 1.5707963268e+00 2.8556031074e+00
2.8027651384e-04 3.3562941532e+04 1.5707963268e+00 2.8561791570e+00
2.8040263384e-04 3.3585292647e+04 1.5707963268e+00 2.8567544392e+00
2.8052872367e-04 3.3607650466e+04 1.5707963268e+00 2.8573289551e+00
2.8065478337e-04 3.3630014979e+04 1.5707963268e+00 2.8579027061e+00
2.8078081300e-04 3.3652386176e+04 1.5707963268e+00 2.8584756935e+00
2.8090681260e-04 3.3674764047e+04 1.5707963268e+00 2.8590479186e+00
2.8103278220e-04 3.3697148580e+04 1.5707963268e+00 2.8596193826e+00
2.8115872187e-04 3.3719539766e+04 1.5707963268e+00 2.8601900869e+00
2.8128463164e-04 3.3741937593e+04 1.5707963268e+00 2.8607600328e+00
2.8141051155e-04 3.3764342053e+04 1.5707963268e+00 2.8613292215e+00
2.8153636166e-04 3.3786753133e+04 1.5707963268e+00 2.8618976544e+00
2.8166218201e-04 3.3809170825e+04 1.5707963268e+00 2.8624653326e+00
2.8178797263e-04 3.3831595117e+04 1.5707963268e+00 2.8630322575e+00
2.8191373359e-04 3.3854026000e+04 1.5707963268e+00 2.8635984304e+00
2.8203946492e-04 3.3876463463e+04 1.5707963268e+00 2.8641638525e+00
2.8216516666e-04 3.3898907495e+04 1.5707963268e+00 2.8647285252e+00
2.8229083886e-04 3.3921358088e+04 1.5707963268e+00 2.8652924496e+00
2.8241648157e-04 3.3943815229e+04 1.5707963268e+00 2.8658556270e+00
2.8254209483e-04 3.3966278910e+04 1.5707963268e+00 2.8664180588e+00
2.8266767868e-04 3.3988749119e+04 1.5707963268e+00 2.8669797461e+00
2.8279323317e-04 3.4011225848e+04 1.5707963268e+00 2.8675406903e+00
2.8291875834e-04 3.4033709084e+04 1.5707963268e+00 2.8681008926e+00
2.8304425423e-04 3.4056198820e+04 1.5707963268e+00 2.8686603542e+00
2.8316972090e-04 3.4078695043e+04 1.5707963268e+00 2.8692190765e+00
2.8329515837e-04 3.4101197745e+04 1.5707963268e+00 2.8697770606e+00
2.8342056671e-04 3.4123706915e+04 1.5707963268e+00 2.8703343078e+00
2.8354594594e-04 3.4146222542e+04 1.5707963268e+00 2.8708908194e+00
2.8367129612e-04 3.4168744618e+04 1.5707963268e+00 2.8714465965e+00
2.8379661728e-04 3.4191273131e+04 1.5707963268e+00 2.8720016405e+00
2.8392190948e-04 3.4213808073e+04 1.5707963268e+00 2.8725559526e+00
2.8404717275e-04 3.4236349432e+04 1.5707963268e+00 2.8731095340e+00
2.8417240714e-04 3.4258897199e+04 1.5707963268e+00 2.8736623860e+00
2.8429761268e-04 3.4281451363e+04 1.5707963268e+00 2.8742145098e+00
2.8442278943e-04 3.4304011916e+04 1.5707963268e+00 2.8747659066e+00
2.8454793743e-04 3.4326578846e+04 1.5707963268e+00 2.8753165776e+00
2.8467305671e-04 3.4349152144e+04 1.5707963268e+00 2.8758665241e+00
2.8479814733e-04 3.4371731801e+04 1.5707963268e+00 2.8764157474e+00
2.8492320932e-04 3.4394317805e+04 1.5707963268e+00 2.8769642485e+00
2.8504824273e-04 3.4416910148e+04 1.5707963268e+00 2.8775120289e+00
2.8517324760e-04 3.4439508819e+04 1.5707963268e+00 2.8780590895e+00
2.8529822397e-04 3.4462113808e+04 1.5707963268e+00 2.8786054318e+00
2.8542317189e-04 3.4484725106e+04 1.5707963268e+00 2.8791510568e+00
2.8554809139e-04 3.4507342703e+04 1.5707963268e+00 2.8796959659e+00
2.8567298252e-04 3.4529966589e+04 1.5707963268e+00 2.8802401602e+00
2.8579784533e-04 3.4552596755e+04 1.5707963268e+00 2.8807836409e+00
2.8592267984e-04 3.4575233190e+04 1.5707963268e+00 2.8813264092e+00
2.8604748611e-04 3.4597875884e+04 1.5707963268e+00 2.8818684664e+00
2.8617226418e-04 3.4620524828e+04 1.5707963268e+00 2.8824098136e+00
2.8629701409e-04 3.4643180013e+04 1.5707963268e+00 2.8829504521e+00
2.8642173588e-04 3.4665841428e+04 1.5707963268e+00 2.8834903829e+00
2.8654642960e-04 3.4688509064e+04 1.5707963268e+00 2.8840296074e+00
2.8667109527e-04 3.4711182912e+04 1.5707963268e+00 2.8845681267e+00
2.8679573296e-04 3.4733862960e+04 1.5707963268e+00 2.8851059420e+00
2.8692034269e-04 3.4756549201e+04 1.5707963268e+00 2.8856430545e+00
2.8704492451e-04 3.4779241624e+04 1.5707963268e+00 2.8861794654e+00
2.8716947845e-04 3.4801940219e+04 1.5707963268e+00 2.8867151758e+00
2.8729400458e-04 3.4824644977e+04 1.5707963268e+00 2.8872501870e+00
2.8741850291e-04 3.4847355889e+04 1.5707963268e+00 2.8877845000e+00
2.8754297350e-04 3.4870072945e+04 1.5707963268e+00 2.8883181162e+00
2.8766741638e-04 3.4892796135e+04 1.5707963268e+00 2.8888510367e+00
2.8779183159e-04 3.4915525450e+04 1.5707963268e+00 2.8893832626e+00
2.8791621919e-04 3.4938260880e+04 1.5707963268e+00 2.8899147951e+00
2.8804057920e-04 3.4961002416e+04 1.5707963268e+00 2.8904456353e+00
2.8816491167e-04 3.4983750048e+04 1.5707963268e+00 2.8909757846e+00
2.8828921663e-04 3.5006503767e+04 1.5707963268e+00 2.8915052439e+00
2.8841349414e-04 3.5029263563e+04 1.5707963268e+00 2.8920340145e+00
2.8853774422e-04 3.5052029427e+04 1.5707963268e+00 2.8925620975e+00
2.8866196693e-04 3.5074801350e+04 1.5707963268e+00 2.8930894942e+00
2.8878616229e-04 3.5097579321e+04 1.5707963268e+00 2.8936162055e+00
2.8891033036e-04 3.5120363333e+04 1.5707963268e+00 2.8941422328e+00
2.8903447116e-04 3.5143153374e+04 1.5707963268e+00 2.8946675771e+00
2.8915858475e-04 3.5165949437e+04 1.5707963268e+00 2.8951922396e+00
2.8928267116e-04 3.5188751511e+04 1.5707963268e+00 2.8957162215e+00
2.8940673043e-04 3.5211559588e+04 1.5707963268e+00 2.8962395238e+00
2.8953076260e-04 3.5234373657e+04 1.5707963268e+00 2.8967621477e+00
2.8965476771e-04 3.5257193710e+04 1.5707963268e+00 2.8972840945e+00
2.8977874580e-04 3.5280019738e+04 1.5707963268e+00 2.8978053651e+00
2.8990269691e-04 3.5302851730e+04 1.5707963268e+00 2.8983259608e+00
2.9002662107e-04 3.5325689679e+04 1.5707963268e+00 2.8988458826e+00
2.9015051834e-04 3.5348533574e+04 1.5707963268e+00 2.8993651318e+00
2.9027438875e-04 3.5371383406e+04 1.5707963268e+00 2.8998837094e+00
2.9039823233e-04 3.5394239167e+04 1.5707963268e+00 2.9004016166e+00
2.9052204913e-04 3.5417100847e+04 1.5707963268e+00 2.9009188544e+00
2.9064583919e-04 3.5439968436e+04 1.5707963268e+00 2.9014354241e+00
2.9076960254e-04 3.5462841927e+04 1.5707963268e+00 2.9019513267e+00
