0.0000000000e+00 1.4989971845e+04 1.5707963268e+00 0.0000000000e+00
2.3151664531e-07 1.4989971845e+04 1.5707963268e+00 2.9585798817e-03
4.6303329062e-07 1.4989986596e+04 1.5707963268e+00 5.9171597633e-03
6.9454960573e-07 1.4990016099e+04 1.5707963268e+00 8.8757338220e-03
9.2606526047e-07 1.4990060354e+04 1.5707963268e+00 1.1834296235e-02
1.1575799246e-06 1.4990119360e+04 1.5707963268e+00 1.4792841178e-02
1.3890932681e-06 1.4990193118e+04 1.5707963268e+00 1.7751362831e-02
1.6206049606e-06 1.4990281628e+04 1.5707963268e+00 2.0709855368e-02
1.8521146721e-06 1.4990384891e+04 1.5707963268e+00 2.3668312969e-02
2.0836220724e-06 1.4990502907e+04 1.5707963268e+00 2.6626729810e-02
2.3151268315e-06 1.4990635676e+04 1.5707963268e+00 2.9585100069e-02
2.5466286191e-06 1.4990783199e+04 1.5707963268e+00 3.2543417924e-02
2.7781271054e-06 1.4990945477e+04 1.5707963268e+00 3.5501677553e-02
3.0096219603e-06 1.4991122511e+04 1.5707963268e+00 3.8459873135e-02
3.2411128537e-06 1.4991314301e+04 1.5707963268e+00 4.1417998849e-02
3.4725994558e-06 1.4991520848e+04 1.5707963268e+00 4.4376048872e-02
3.7040814367e-06 1.4991742153e+04 1.5707963268e+00 4.7334017384e-02
3.9355584664e-06 1.4991978217e+04 1.5707963268e+00 5.0291898566e-02
4.1670302151e-06 1.4992229041e+04 1.5707963268e+00 5.3249686596e-02
4.3984963532e-06 1.4992494626e+04 1.5707963268e+00 5.6207375655e-02
4.6299565509e-06 1.4992774974e+04 1.5707963268e+00 5.9164959924e-02
4.8614104785e-06 1.4993070086e+04 1.5707963268e+00 6.2122433585e-02
5.0928578064e-06 1.4993379963e+04 1.5707963268e+00 6.5079790817e-02
5.3242982052e-06 1.4993704606e+04 1.5707963268e+00 6.8037025805e-02
5.5557313453e-06 1.4994044017e+04 1.5707963268e+00 7.0994132729e-02
5.7871568974e-06 1.4994398199e+04 1.5707963268e+00 7.3951105774e-02
6.0185745322e-06 1.4994767151e+04 1.5707963268e+00 7.6907939123e-02
6.2499839204e-06 1.4995150876e+04 1.5707963268e+00 7.9864626960e-02
6.4813847327e-06 1.4995549376e+04 1.5707963268e+00 8.2821163471e-02
6.7127766403e-06 1.4995962653e+04 1.5707963268e+00 8.5777542840e-02
6.9441593140e-06 1.4996390708e+04 1.5707963268e+00 8.8733759253e-02
7.1755324250e-06 1.4996833544e+04 1.5707963268e+00 9.1689806898e-02
7.4068956444e-06 1.4997291163e+04 1.5707963268e+00 9.4645679961e-02
7.6382486436e-06 1.4997763566e+04 1.5707963268e+00 9.7601372632e-02
7.8695910939e-06 1.4998250756e+04 1.5707963268e+00 1.0055687910e-01
8.1009226667e-06 1.4998752735e+04 1.5707963268e+00 1.0351219355e-01
8.3322430337e-06 1.4999269506e+04 1.5707963268e+00 1.0646731018e-01
8.5635518666e-06 1.4999801071e+04 1.5707963268e+00 1.0942222317e-01
8.7948488372e-06 1.5000347432e+04 1.5707963268e+00 1.1237692673e-01
9.0261336173e-06 1.5000908593e+04 1.5707963268e+00 1.1533141504e-01
9.2574058791e-06 1.5001484554e+04 1.5707963268e+00 1.1828568229e-01
9.4886652947e-06 1.5002075321e+04 1.5707963268e+00 1.2123972268e-01
9.7199115363e-06 1.5002680894e+04 1.5707963268e+00 1.2419353041e-01
9.9511442764e-06 1.5003301277e+04 1.5707963268e+00 1.2714709968e-01
1.0182363187e-05 1.5003936473e+04 1.5707963268e+00 1.3010042467e-01
1.0413567942e-05 1.5004586485e+04 1.5707963268e+00 1.3305349960e-01
1.0644758213e-05 1.5005251316e+04 1.5707963268e+00 1.3600631865e-01
1.0875933674e-05 1.5005930969e+04 1.5707963268e+00 1.3895887604e-01
1.1107093997e-05 1.5006625446e+04 1.5707963268e+00 1.4191116596e-01
1.1338238856e-05 1.5007334753e+04 1.5707963268e+00 1.4486318261e-01
1.1569367924e-05 1.5008058891e+04 1.5707963268e+00 1.4781492020e-01
1.1800480875e-05 1.5008797863e+04 1.5707963268e+00 1.5076637293e-01
1.2031577382e-05 1.5009551675e+04 1.5707963268e+00 1.5371753501e-01
1.2262657120e-05 1.5010320328e+04 1.5707963268e+00 1.5666840066e-01
1.2493719761e-05 1.5011103828e+04 1.5707963268e+00 1.5961896407e-01
1.2724764982e-05 1.5011902176e+04 1.5707963268e+00 1.6256921945e-01
1.2955792454e-05 1.5012715378e+04 1.5707963268e+00 1.6551916102e-01
1.3186801854e-05 1.5013543436e+04 1.5707963268e+00 1.6846878300e-01
1.3417792856e-05 1.5014386355e+04 1.5707963268e+00 1.7141807959e-01
1.3648765135e-05 1.5015244139e+04 1.5707963268e+00 1.7436704501e-01
1.3879718366e-05 1.5016116791e+04 1.5707963268e+00 1.7731567347e-01
1.4110652224e-05 1.5017004316e+04 1.5707963268e+00 1.8026395920e-01
1.4341566385e-05 1.5017906718e+04 1.5707963268e+00 1.8321189641e-01
1.4572460523e-05 1.5018824001e+04 1.5707963268e+00 1.8615947933e-01
1.4803334316e-05 1.5019756170e+04 1.5707963268e+00 1.8910670218e-01
1.5034187438e-05 1.5020703228e+04 1.5707963268e+00 1.9205355918e-01
1.5265019567e-05 1.5021665180e+04 1.5707963268e+00 1.9500004455e-01
1.5495830378e-05 1.5022642030e+04 1.5707963268e+00 1.9794615253e-01
1.5726619548e-05 1.5023633784e+04 1.5707963268e+00 2.0089187734e-01
1.5957386755e-05 1.5024640446e+04 1.5707963268e+00 2.0383721322e-01
1.6188131674e-05 1.5025662020e+04 1.5707963268e+00 2.0678215438e-01
1.6418853984e-05 1.5026698511e+04 1.5707963268e+00 2.0972669508e-01
1.6649553361e-05 1.5027749924e+04 1.5707963268e+00 2.1267082954e-01
1.6880229484e-05 1.5028816263e+04 1.5707963268e+00 2.1561455200e-01
1.7110882030e-05 1.5029897535e+04 1.5707963268e+00 2.1855785669e-01
1.7341510678e-05 1.5030993743e+04 1.5707963268e+00 2.2150073787e-01
1.7572115105e-05 1.5032104894e+04 1.5707963268e+00 2.2444318977e-01
1.7802694991e-05 1.5033230991e+04 1.5707963268e+00 2.2738520663e-01
1.8033250014e-05 1.5034372040e+04 1.5707963268e+00 2.3032678270e-01
1.8263779853e-05 1.5035528047e+04 1.5707963268e+00 2.3326791223e-01
1.8494284188e-05 1.5036699017e+04 1.5707963268e+00 2.3620858947e-01
1.8724762699e-05 1.5037884955e+04 1.5707963268e+00 2.3914880866e-01
1.8955215064e-05 1.5039085867e+04 1.5707963268e+00 2.4208856407e-01
1.9185640965e-05 1.5040301758e+04 1.5707963268e+00 2.4502784995e-01
1.9416040081e-05 1.5041532633e+04 1.5707963268e+00 2.4796666055e-01
1.9646412093e-05 1.5042778500e+04 1.5707963268e+00 2.5090499014e-01
1.9876756682e-05 1.5044039362e+04 1.5707963268e+00 2.5384283297e-01
2.0107073529e-05 1.5045315227e+04 1.5707963268e+00 2.5678018331e-01
2.0337362315e-05 1.5046606099e+04 1.5707963268e+00 2.5971703542e-01
2.0567622723e-05 1.5047911986e+04 1.5707963268e+00 2.6265338358e-01
2.0797854433e-05 1.5049232892e+04 1.5707963268e+00 2.6558922205e-01
2.1028057129e-05 1.5050568824e+04 1.5707963268e+00 2.6852454510e-01
2.1258230492e-05 1.5051919788e+04 1.5707963268e+00 2.7145934702e-01
2.1488374206e-05 1.5053285790e+04 1.5707963268e+00 2.7439362206e-01
2.1718487953e-05 1.5054666836e+04 1.5707963268e+00 2.7732736452e-01
2.1948571417e-05 1.5056062934e+04 1.5707963268e+00 2.8026056868e-01
2.2178624282e-05 1.5057474088e+04 1.5707963268e+00 2.8319322881e-01
2.2408646231e-05 1.5058900306e+04 1.5707963268e+00 2.8612533920e-01
2.2638636949e-05 1.5060341593e+04 1.5707963268e+00 2.8905689415e-01
2.2868596120e-05 1.5061797958e+04 1.5707963268e+00 2.9198788794e-01
2.3098523429e-05 1.5063269405e+04 1.5707963268e+00 2.9491831486e-01
2.3328418562e-05 1.5064755943e+04 1.5707963268e+00 2.9784816921e-01
2.3558281203e-05 1.5066257577e+04 1.5707963268e+00 3.0077744529e-01
2.3788111038e-05 1.5067774314e+04 1.5707963268e+00 3.0370613740e-01
2.4017907755e-05 1.5069306162e+04 1.5707963268e+00 3.0663423983e-01
2.4247671038e-05 1.5070853127e+04 1.5707963268e+00 3.0956174690e-01
2.4477400575e-05 1.5072415216e+04 1.5707963268e+00 3.1248865292e-01
2.4707096053e-05 1.5073992437e+04 1.5707963268e+00 3.1541495219e-01
2.4936757159e-05 1.5075584796e+04 1.5707963268e+00 3.1834063903e-01
2.5166383581e-05 1.5077192300e+04 1.5707963268e+00 3.2126570775e-01
2.5395975007e-05 1.5078814958e+04 1.5707963268e+00 3.2419015267e-01
2.5625531126e-05 1.5080452775e+04 1.5707963268e+00 3.2711396812e-01
2.5855051626e-05 1.5082105760e+04 1.5707963268e+00 3.3003714841e-01
2.6084536196e-05 1.5083773919e+04 1.5707963268e+00 3.3295968788e-01
2.6313984526e-05 1.5085457261e+04 1.5707963268e+00 3.3588158085e-01
2.6543396305e-05 1.5087155793e+04 1.5707963268e+00 3.3880282166e-01
2.6772771225e-05 1.5088869523e+04 1.5707963268e+00 3.4172340464e-01
2.7002108974e-05 1.5090598457e+04 1.5707963268e+00 3.4464332413e-01
2.7231409245e-05 1.5092342605e+04 1.5707963268e+00 3.4756257447e-01
2.7460671728e-05 1.5094101973e+04 1.5707963268e+00 3.5048115000e-01
2.7689896115e-05 1.5095876569e+04 1.5707963268e+00 3.5339904508e-01
2.7919082098e-05 1.5097666402e+04 1.5707963268e+00 3.5631625405e-01
2.8148229369e-05 1.5099471479e+04 1.5707963268e+00 3.5923277127e-01
2.8377337621e-05 1.5101291808e+04 1.5707963268e+00 3.6214859109e-01
2.8606406548e-05 1.5103127398e+04 1.5707963268e+00 3.6506370787e-01
2.8835435842e-05 1.5104978256e+04 1.5707963268e+00 3.6797811597e-01
2.9064425197e-05 1.5106844391e+04 1.5707963268e+00 3.7089180977e-01
2.9293374309e-05 1.5108725811e+04 1.5707963268e+00 3.7380478362e-01
2.9522282870e-05 1.5110622524e+04 1.5707963268e+00 3.7671703191e-01
2.9751150577e-05 1.5112534539e+04 1.5707963268e+00 3.7962854900e-01
2.9979977125e-05 1.5114461863e+04 1.5707963268e+00 3.8253932928e-01
3.0208762210e-05 1.5116404506e+04 1.5707963268e+00 3.8544936713e-01
3.0437505528e-05 1.5118362476e+04 1.5707963268e+00 3.8835865693e-01
3.0666206775e-05 1.5120335781e+04 1.5707963268e+00 3.9126719307e-01
3.0894865649e-05 1.5122324431e+04 1.5707963268e+00 3.9417496994e-01
3.1123481847e-05 1.5124328433e+04 1.5707963268e+00 3.9708198195e-01
3.1352055067e-05 1.5126347797e+04 1.5707963268e+00 3.9998822348e-01
3.1580585008e-05 1.5128382531e+04 1.5707963268e+00 4.0289368894e-01
3.1809071367e-05 1.5130432645e+04 1.5707963268e+00 4.0579837274e-01
3.2037513845e-05 1.5132498147e+04 1.5707963268e+00 4.0870226929e-01
3.2265912141e-05 1.5134579045e+04 1.5707963268e+00 4.1160537300e-01
3.2494265954e-05 1.5136675350e+04 1.5707963268e+00 4.1450767829e-01
3.2722574986e-05 1.5138787070e+04 1.5707963268e+00 4.1740917957e-01
3.2950838937e-05 1.5140914214e+04 1.5707963268e+00 4.2030987128e-01
3.3179057508e-05 1.5143056792e+04 1.5707963268e+00 4.2320974783e-01
3.3407230401e-05 1.5145214812e+04 1.5707963268e+00 4.2610880367e-01
3.3635357319e-05 1.5147388284e+04 1.5707963268e+00 4.2900703323e-01
3.3863437964e-05 1.5149577218e+04 1.5707963268e+00 4.3190443094e-01
3.4091472039e-05 1.5151781622e+04 1.5707963268e+00 4.3480099125e-01
3.4319459248e-05 1.5154001507e+04 1.5707963268e+00 4.3769670861e-01
3.4547399294e-05 1.5156236880e+04 1.5707963268e+00 4.4059157747e-01
3.4775291883e-05 1.5158487754e+04 1.5707963268e+00 4.4348559228e-01
3.5003136718e-05 1.5160754135e+04 1.5707963268e+00 4.4637874750e-01
3.5230933506e-05 1.5163036035e+04 1.5707963268e+00 4.4927103760e-01
3.5458681953e-05 1.5165333464e+04 1.5707963268e+00 4.5216245704e-01
3.5686381764e-05 1.5167646430e+04 1.5707963268e+00 4.5505300029e-01
3.5914032647e-05 1.5169974943e+04 1.5707963268e+00 4.5794266184e-01
3.6141634308e-05 1.5172319014e+04 1.5707963268e+00 4.6083143614e-01
3.6369186456e-05 1.5174678652e+04 1.5707963268e+00 4.6371931770e-01
3.6596688799e-05 1.5177053868e+04 1.5707963268e+00 4.6660630100e-01
3.6824141045e-05 1.5179444671e+04 1.5707963268e+00 4.6949238053e-01
3.7051542904e-05 1.5181851071e+04 1.5707963268e+00 4.7237755078e-01
3.7278894086e-05 1.5184273078e+04 1.5707963268e+00 4.7526180626e-01
3.7506194300e-05 1.5186710703e+04 1.5707963268e+00 4.7814514147e-01
3.7733443258e-05 1.5189163956e+04 1.5707963268e+00 4.8102755093e-01
3.7960640670e-05 1.5191632847e+04 1.5707963268e+00 4.8390902913e-01
3.8187786248e-05 1.5194117385e+04 1.5707963268e+00 4.8678957061e-01
3.8414879705e-05 1.5196617583e+04 1.5707963268e+00 4.8966916989e-01
3.8641920753e-05 1.5199133449e+04 1.5707963268e+00 4.9254782149e-01
3.8868909105e-05 1.5201664994e+04 1.5707963268e+00 4.9542551994e-01
3.9095844476e-05 1.5204212230e+04 1.5707963268e+00 4.9830225977e-01
3.9322726579e-05 1.5206775165e+04 1.5707963268e+00 5.0117803554e-01
3.9549555129e-05 1.5209353812e+04 1.5707963268e+00 5.0405284179e-01
3.9776329842e-05 1.5211948179e+04 1.5707963268e+00 5.0692667306e-01
4.0003050433e-05 1.5214558279e+04 1.5707963268e+00 5.0979952391e-01
4.0229716619e-05 1.5217184122e+04 1.5707963268e+00 5.1267138890e-01
4.0456328116e-05 1.5219825718e+04 1.5707963268e+00 5.1554226260e-01
4.0682884642e-05 1.5222483079e+04 1.5707963268e+00 5.1841213957e-01
4.0909385916e-05 1.5225156214e+04 1.5707963268e+00 5.2128101438e-01
4.1135831654e-05 1.5227845136e+04 1.5707963268e+00 5.2414888162e-01
4.1362221577e-05 1.5230549855e+04 1.5707963268e+00 5.2701573587e-01
4.1588555405e-05 1.5233270381e+04 1.5707963268e+00 5.2988157172e-01
4.1814832856e-05 1.5236006726e+04 1.5707963268e+00 5.3274638376e-01
4.2041053652e-05 1.5238758901e+04 1.5707963268e+00 5.3561016659e-01
4.2267217514e-05 1.5241526917e+04 1.5707963268e+00 5.3847291481e-01
4.2493324164e-05 1.5244310785e+04 1.5707963268e+00 5.4133462304e-01
4.2719373324e-05 1.5247110517e+04 1.5707963268e+00 5.4419528588e-01
4.2945364718e-05 1.5249926123e+04 1.5707963268e+00 5.4705489796e-01
4.3171298068e-05 1.5252757614e+04 1.5707963268e+00 5.4991345390e-01
4.3397173098e-05 1.5255605003e+04 1.5707963268e+00 5.5277094833e-01
4.3622989534e-05 1.5258468300e+04 1.5707963268e+00 5.5562737588e-01
4.3848747100e-05 1.5261347516e+04 1.5707963268e+00 5.5848273120e-01
4.4074445522e-05 1.5264242664e+04 1.5707963268e+00 5.6133700893e-01
4.4300084526e-05 1.5267153754e+04 1.5707963268e+00 5.6419020372e-01
4.4525663840e-05 1.5270080798e+04 1.5707963268e+00 5.6704231022e-01
4.4751183191e-05 1.5273023808e+04 1.5707963268e+00 5.6989332311e-01
4.4976642307e-05 1.5275982795e+04 1.5707963268e+00 5.7274323704e-01
4.5202040916e-05 1.5278957771e+04 1.5707963268e+00 5.7559204669e-01
4.5427378748e-05 1.5281948747e+04 1.5707963268e+00 5.7843974673e-01
4.5652655532e-05 1.5284955735e+04 1.5707963268e+00 5.8128633186e-01
4.5877871000e-05 1.5287978747e+04 1.5707963268e+00 5.8413179676e-01
4.6103024882e-05 1.5291017794e+04 1.5707963268e+00 5.8697613612e-01
4.6328116910e-05 1.5294072888e+04 1.5707963268e+00 5.8981934465e-01
4.6553146815e-05 1.5297144042e+04 1.5707963268e+00 5.9266141705e-01
4.6778114332e-05 1.5300231266e+04 1.5707963268e+00 5.9550234804e-01
4.7003019192e-05 1.5303334574e+04 1.5707963268e+00 5.9834213232e-01
4.7227861131e-05 1.5306453976e+04 1.5707963268e+00 6.0118076464e-01
4.7452639883e-05 1.5309589485e+04 1.5707963268e+00 6.0401823972e-01
4.7677355184e-05 1.5312741112e+04 1.5707963268e+00 6.0685455228e-01
4.7902006769e-05 1.5315908871e+04 1.5707963268e+00 6.0968969709e-01
4.8126594374e-05 1.5319092772e+04 1.5707963268e+00 6.1252366887e-01
4.8351117737e-05 1.5322292828e+04 1.5707963268e+00 6.1535646240e-01
4.8575576597e-05 1.5325509051e+04 1.5707963268e+00 6.1818807241e-01
4.8799970690e-05 1.5328741454e+04 1.5707963268e+00 6.2101849370e-01
4.9024299756e-05 1.5331990048e+04 1.5707963268e+00 6.2384772101e-01
4.9248563536e-05 1.5335254845e+04 1.5707963268e+00 6.2667574914e-01
4.9472761768e-05 1.5338535858e+04 1.5707963268e+00 6.2950257287e-01
4.9696894195e-05 1.5341833100e+04 1.5707963268e+00 6.3232818699e-01
4.9920960557e-05 1.5345146582e+04 1.5707963268e+00 6.3515258629e-01
5.0144960597e-05 1.5348476317e+04 1.5707963268e+00 6.3797576559e-01
5.0368894059e-05 1.5351822317e+04 1.5707963268e+00 6.4079771968e-01
5.0592760684e-05 1.5355184595e+04 1.5707963268e+00 6.4361844339e-01
5.0816560218e-05 1.5358563163e+04 1.5707963268e+00 6.4643793154e-01
5.1040292406e-05 1.5361958034e+04 1.5707963268e+00 6.4925617895e-01
5.1263956992e-05 1.5365369219e+04 1.5707963268e+00 6.5207318048e-01
5.1487553724e-05 1.5368796733e+04 1.5707963268e+00 6.5488893094e-01
5.1711082347e-05 1.5372240586e+04 1.5707963268e+00 6.5770342521e-01
5.1934542610e-05 1.5375700792e+04 1.5707963268e+00 6.6051665812e-01
5.2157934260e-05 1.5379177364e+04 1.5707963268e+00 6.6332862455e-01
5.2381257047e-05 1.5382670314e+04 1.5707963268e+00 6.6613931936e-01
5.2604510719e-05 1.5386179654e+04 1.5707963268e+00 6.6894873743e-01
5.2827695028e-05 1.5389705398e+04 1.5707963268e+00 6.7175687364e-01
5.3050809723e-05 1.5393247557e+04 1.5707963268e+00 6.7456372288e-01
5.3273854556e-05 1.5396806146e+04 1.5707963268e+00 6.7736928005e-01
5.3496829280e-05 1.5400381176e+04 1.5707963268e+00 6.8017354005e-01
5.3719733647e-05 1.5403972661e+04 1.5707963268e+00 6.8297649779e-01
5.3942567412e-05 1.5407580613e+04 1.5707963268e+00 6.8577814819e-01
5.4165330327e-05 1.5411205045e+04 1.5707963268e+00 6.8857848617e-01
5.4388022148e-05 1.5414845969e+04 1.5707963268e+00 6.9137750667e-01
5.4610642631e-05 1.5418503400e+04 1.5707963268e+00 6.9417520462e-01
5.4833191532e-05 1.5422177350e+04 1.5707963268e+00 6.9697157496e-01
5.5055668608e-05 1.5425867831e+04 1.5707963268e+00 6.9976661266e-01
5.5278073617e-05 1.5429574857e+04 1.5707963268e+00 7.0256031267e-01
5.5500406317e-05 1.5433298440e+04 1.5707963268e+00 7.0535266996e-01
5.5722666467e-05 1.5437038594e+04 1.5707963268e+00 7.0814367951e-01
5.5944853827e-05 1.5440795332e+04 1.5707963268e+00 7.1093333629e-01
5.6166968158e-05 1.5444568666e+04 1.5707963268e+00 7.1372163529e-01
5.6389009220e-05 1.5448358610e+04 1.5707963268e+00 7.1650857152e-01
5.6610976777e-05 1.5452165178e+04 1.5707963268e+00 7.1929413997e-01
5.6832870589e-05 1.5455988381e+04 1.5707963268e+00 7.2207833566e-01
5.7054690422e-05 1.5459828233e+04 1.5707963268e+00 7.2486115362e-01
5.7276436038e-05 1.5463684747e+04 1.5707963268e+00 7.2764258885e-01
5.7498107203e-05 1.5467557937e+04 1.5707963268e+00 7.3042263641e-01
5.7719703682e-05 1.5471447815e+04 1.5707963268e+00 7.3320129133e-01
5.7941225241e-05 1.5475354396e+04 1.5707963268e+00 7.3597854866e-01
5.8162671648e-05 1.5479277691e+04 1.5707963268e+00 7.3875440347e-01
5.8384042670e-05 1.5483217714e+04 1.5707963268e+00 7.4152885081e-01
5.8605338076e-05 1.5487174479e+04 1.5707963268e+00 7.4430188576e-01
5.8826557634e-05 1.5491147999e+04 1.5707963268e+00 7.4707350340e-01
5.9047701115e-05 1.5495138287e+04 1.5707963268e+00 7.4984369882e-01
5.9268768289e-05 1.5499145356e+04 1.5707963268e+00 7.5261246712e-01
5.9489758928e-05 1.5503169220e+04 1.5707963268e+00 7.5537980341e-01
5.9710672804e-05 1.5507209891e+04 1.5707963268e+00 7.5814570279e-01
5.9931509689e-05 1.5511267385e+04 1.5707963268e+00 7.6091016039e-01
6.0152269358e-05 1.5515341712e+04 1.5707963268e+00 7.6367317134e-01
6.0372951584e-05 1.5519432888e+04 1.5707963268e+00 7.6643473077e-01
6.0593556143e-05 1.5523540926e+04 1.5707963268e+00 7.6919483384e-01
6.0814082810e-05 1.5527665838e+04 1.5707963268e+00 7.7195347569e-01
6.1034531362e-05 1.5531807639e+04 1.5707963268e+00 7.7471065149e-01
6.1254901577e-05 1.5535966341e+04 1.5707963268e+00 7.7746635641e-01
6.1475193233e-05 1.5540141958e+04 1.5707963268e+00 7.8022058563e-01
6.1695406108e-05 1.5544334504e+04 1.5707963268e+00 7.8297333433e-01
6.1915539982e-05 1.5548543992e+04 1.5707963268e+00 7.8572459771e-01
6.2135594636e-05 1.5552770436e+04 1.5707963268e+00 7.8847437099e-01
6.2355569850e-05 1.5557013848e+04 1.5707963268e+00 7.9122264936e-01
6.2575465407e-05 1.5561274243e+04 1.5707963268e+00 7.9396942805e-01
6.2795281089e-05 1.5565551634e+04 1.5707963268e+00 7.9671470230e-01
6.3015016680e-05 1.5569846035e+04 1.5707963268e+00 7.9945846733e-01
6.3234671964e-05 1.5574157458e+04 1.5707963268e+00 8.0220071841e-01
6.3454246726e-05 1.5578485918e+04 1.5707963268e+00 8.0494145078e-01
6.3673740752e-05 1.5582831428e+04 1.5707963268e+00 8.0768065970e-01
6.3893153828e-05 1.5587194002e+04 1.5707963268e+00 8.1041834047e-01
6.4112485741e-05 1.5591573653e+04 1.5707963268e+00 8.1315448834e-01
6.4331736281e-05 1.5595970394e+04 1.5707963268e+00 8.1588909863e-01
6.4550905235e-05 1.5600384240e+04 1.5707963268e+00 8.1862216662e-01
6.4769992393e-05 1.5604815204e+04 1.5707963268e+00 8.2135368764e-01
6.4988997546e-05 1.5609263299e+04 1.5707963268e+00 8.2408365699e-01
6.5207920485e-05 1.5613728539e+04 1.5707963268e+00 8.2681207000e-01
6.5426761002e-05 1.5618210938e+04 1.5707963268e+00 8.2953892202e-01
6.5645518890e-05 1.5622710508e+04 1.5707963268e+00 8.3226420838e-01
6.5864193942e-05 1.5627227265e+04 1.5707963268e+00 8.3498792444e-01
6.6082785954e-05 1.5631761221e+04 1.5707963268e+00 8.3771006558e-01
6.6301294719e-05 1.5636312390e+04 1.5707963268e+00 8.4043062715e-01
6.6519720035e-05 1.5640880785e+04 1.5707963268e+00 8.4314960455e-01
6.6738061698e-05 1.5645466420e+04 1.5707963268e+00 8.4586699316e-01
6.6956319505e-05 1.5650069309e+04 1.5707963268e+00 8.4858278839e-01
6.7174493255e-05 1.5654689466e+04 1.5707963268e+00 8.5129698565e-01
6.7392582747e-05 1.5659326903e+04 1.5707963268e+00 8.5400958035e-01
6.7610587781e-05 1.5663981635e+04 1.5707963268e+00 8.5672056794e-01
6.7828508158e-05 1.5668653676e+04 1.5707963268e+00 8.5942994384e-01
6.8046343680e-05 1.5673343038e+04 1.5707963268e+00 8.6213770352e-01
6.8264094149e-05 1.5678049735e+04 1.5707963268e+00 8.6484384242e-01
6.8481759368e-05 1.5682773781e+04 1.5707963268e+00 8.6754835601e-01
6.8699339142e-05 1.5687515190e+04 1.5707963268e+00 8.7025123978e-01
6.8916833274e-05 1.5692273975e+04 1.5707963268e+00 8.7295248921e-01
6.9134241572e-05 1.5697050150e+04 1.5707963268e+00 8.7565209981e-01
6.9351563840e-05 1.5701843729e+04 1.5707963268e+00 8.7835006706e-01
6.9568799888e-05 1.5706654724e+04 1.5707963268e+00 8.8104638651e-01
6.9785949522e-05 1.5711483150e+04 1.5707963268e+00 8.8374105366e-01
7.0003012552e-05 1.5716329020e+04 1.5707963268e+00 8.8643406407e-01
7.0219988788e-05 1.5721192348e+04 1.5707963268e+00 8.8912541327e-01
7.0436878040e-05 1.5726073147e+04 1.5707963268e+00 8.9181509683e-01
7.0653680119e-05 1.5730971431e+04 1.5707963268e+00 8.9450311031e-01
7.0870394838e-05 1.5735887214e+04 1.5707963268e+00 8.9718944930e-01
7.1087022010e-05 1.5740820508e+04 1.5707963268e+00 8.9987410936e-01
7.1303561449e-05 1.5745771329e+04 1.5707963268e+00 9.0255708612e-01
7.1520012970e-05 1.5750739688e+04 1.5707963268e+00 9.0523837517e-01
7.1736376387e-05 1.5755725600e+04 1.5707963268e+00 9.0791797213e-01
7.1952651518e-05 1.5760729079e+04 1.5707963268e+00 9.1059587264e-01
7.2168838180e-05 1.5765750137e+04 1.5707963268e+00 9.1327207232e-01
7.2384936191e-05 1.5770788789e+04 1.5707963268e+00 9.1594656684e-01
7.2600945369e-05 1.5775845047e+04 1.5707963268e+00 9.1861935184e-01
7.2816865535e-05 1.5780918926e+04 1.5707963268e+00 9.2129042301e-01
7.3032696509e-05 1.5786010438e+04 1.5707963268e+00 9.2395977602e-01
7.3248438112e-05 1.5791119598e+04 1.5707963268e+00 9.2662740657e-01
7.3464090167e-05 1.5796246419e+04 1.5707963268e+00 9.2929331035e-01
7.3679652497e-05 1.5801390914e+04 1.5707963268e+00 9.3195748309e-01
7.3895124925e-05 1.5806553096e+04 1.5707963268e+00 9.3461992049e-01
7.4110507277e-05 1.5811732980e+04 1.5707963268e+00 9.3728061831e-01
7.4325799379e-05 1.5816930579e+04 1.5707963268e+00 9.3993957227e-01
7.4541001056e-05 1.5822145905e+04 1.5707963268e+00 9.4259677815e-01
7.4756112136e-05 1.5827378973e+04 1.5707963268e+00 9.4525223170e-01
7.4971132447e-05 1.5832629796e+04 1.5707963268e+00 9.4790592870e-01
7.5186061818e-05 1.5837898386e+04 1.5707963268e+00 9.5055786495e-01
7.5400900079e-05 1.5843184759e+04 1.5707963268e+00 9.5320803624e-01
7.5615647061e-05 1.5848488926e+04 1.5707963268e+00 9.5585643838e-01
7.5830302595e-05 1.5853810902e+04 1.5707963268e+00 9.5850306719e-01
7.6044866514e-05 1.5859150699e+04 1.5707963268e+00 9.6114791851e-01
7.6259338651e-05 1.5864508331e+04 1.5707963268e+00 9.6379098819e-01
7.6473718841e-05 1.5869883812e+04 1.5707963268e+00 9.6643227206e-01
7.6688006917e-05 1.5875277153e+04 1.5707963268e+00 9.6907176601e-01
7.6902202717e-05 1.5880688370e+04 1.5707963268e+00 9.7170946590e-01
7.7116306076e-05 1.5886117475e+04 1.5707963268e+00 9.7434536764e-01
7.7330316832e-05 1.5891564480e+04 1.5707963268e+00 9.7697946711e-01
7.7544234824e-05 1.5897029400e+04 1.5707963268e+00 9.7961176023e-01
7.7758059891e-05 1.5902512248e+04 1.5707963268e+00 9.8224224292e-01
7.7971791874e-05 1.5908013037e+04 1.5707963268e+00 9.8487091111e-01
7.8185430612e-05 1.5913531779e+04 1.5707963268e+00 9.8749776076e-01
7.8398975948e-05 1.5919068489e+04 1.5707963268e+00 9.9012278781e-01
7.8612427725e-05 1.5924623179e+04 1.5707963268e+00 9.9274598825e-01
7.8825785787e-05 1.5930195862e+04 1.5707963268e+00 9.9536735803e-01
7.9039049977e-05 1.5935786551e+04 1.5707963268e+00 9.9798689317e-01
7.9252220141e-05 1.5941395260e+04 1.5707963268e+00 1.0006045897e+00
7.9465296125e-05 1.5947022002e+04 1.5707963268e+00 1.0032204435e+00
7.9678277777e-05 1.5952666788e+04 1.5707963268e+00 1.0058344508e+00
7.9891164944e-05 1.5958329634e+04 1.5707963268e+00 1.0084466075e+00
8.0103957475e-05 1.5964010551e+04 1.5707963268e+00 1.0110569096e+00
8.0316655219e-05 1.5969709552e+04 1.5707963268e+00 1.0136653533e+00
8.0529258028e-05 1.5975426650e+04 1.5707963268e+00 1.0162719347e+00
8.0741765753e-05 1.5981161859e+04 1.5707963268e+00 1.0188766497e+00
8.0954178245e-05 1.5986915190e+04 1.5707963268e+00 1.0214794946e+00
8.1166495358e-05 1.5992686658e+04 1.5707963268e+00 1.0240804653e+00
8.1378716947e-05 1.5998476274e+04 1.5707963268e+00 1.0266795581e+00
8.1590842865e-05 1.6004284052e+04 1.5707963268e+00 1.0292767691e+00
8.1802872969e-05 1.6010110005e+04 1.5707963268e+00 1.0318720944e+00
8.2014807115e-05 1.6015954144e+04 1.5707963268e+00 1.0344655302e+00
8.2226645160e-05 1.6021816483e+04 1.5707963268e+00 1.0370570726e+00
8.2438386964e-05 1.6027697035e+04 1.5707963268e+00 1.0396467178e+00
8.2650032385e-05 1.6033595812e+04 1.5707963268e+00 1.0422344621e+00
8.2861581284e-05 1.6039512827e+04 1.5707963268e+00 1.0448203016e+00
8.3073033521e-05 1.6045448092e+04 1.5707963268e+00 1.0474042325e+00
8.3284388959e-05 1.6051401620e+04 1.5707963268e+00 1.0499862511e+00
8.3495647459e-05 1.6057373424e+04 1.5707963268e+00 1.0525663537e+00
8.3706808886e-05 1.6063363515e+04 1.5707963268e+00 1.0551445364e+00
8.3917873105e-05 1.6069371908e+04 1.5707963268e+00 1.0577207956e+00
8.4128839979e-05 1.6075398613e+04 1.5707963268e+00 1.0602951276e+00
8.4339709377e-05 1.6081443644e+04 1.5707963268e+00 1.0628675285e+00
8.4550481165e-05 1.6087507013e+04 1.5707963268e+00 1.0654379948e+00
8.4761155210e-05 1.6093588733e+04 1.5707963268e+00 1.0680065228e+00
8.4971731382e-05 1.6099688815e+04 1.5707963268e+00 1.0705731087e+00
8.5182209551e-05 1.6105807272e+04 1.5707963268e+00 1.0731377490e+00
8.5392589587e-05 1.6111944116e+04 1.5707963268e+00 1.0757004399e+00
8.5602871362e-05 1.6118099360e+04 1.5707963268e+00 1.0782611780e+00
8.5813054747e-05 1.6124273015e+04 1.5707963268e+00 1.0808199594e+00
8.6023139617e-05 1.6130465095e+04 1.5707963268e+00 1.0833767807e+00
8.6233125846e-05 1.6136675610e+04 1.5707963268e+00 1.0859316383e+00
8.6443013308e-05 1.6142904574e+04 1.5707963268e+00 1.0884845285e+00
8.6652801879e-05 1.6149151998e+04 1.5707963268e+00 1.0910354478e+00
8.6862491437e-05 1.6155417894e+04 1.5707963268e+00 1.0935843927e+00
8.7072081858e-05 1.6161702275e+04 1.5707963268e+00 1.0961313596e+00
8.7281573022e-05 1.6168005152e+04 1.5707963268e+00 1.0986763450e+00
8.7490964808e-05 1.6174326537e+04 1.5707963268e+00 1.1012193453e+00
8.7700257096e-05 1.6180666443e+04 1.5707963268e+00 1.1037603571e+00
8.7909449767e-05 1.6187024880e+04 1.5707963268e+00 1.1062993769e+00
8.8118542703e-05 1.6193401862e+04 1.5707963268e+00 1.1088364012e+00
8.8327535788e-05 1.6199797399e+04 1.5707963268e+00 1.1113714266e+00
8.8536428905e-05 1.6206211504e+04 1.5707963268e+00 1.1139044495e+00
8.8745221938e-05 1.6212644188e+04 1.5707963268e+00 1.1164354666e+00
8.8953914774e-05 1.6219095462e+04 1.5707963268e+00 1.1189644745e+00
8.9162507299e-05 1.6225565340e+04 1.5707963268e+00 1.1214914696e+00
8.9370999400e-05 1.6232053831e+04 1.5707963268e+00 1.1240164488e+00
8.9579390965e-05 1.6238560948e+04 1.5707963268e+00 1.1265394084e+00
8.9787681884e-05 1.6245086703e+04 1.5707963268e+00 1.1290603453e+00
8.9995872046e-05 1.6251631106e+04 1.5707963268e+00 1.1315792560e+00
9.0203961342e-05 1.6258194169e+04 1.5707963268e+00 1.1340961372e+00
9.0411949665e-05 1.6264775904e+04 1.5707963268e+00 1.1366109856e+00
9.0619836905e-05 1.6271376322e+04 1.5707963268e+00 1.1391237978e+00
9.0827622958e-05 1.6277995434e+04 1.5707963268e+00 1.1416345705e+00
9.1035307718e-05 1.6284633252e+04 1.5707963268e+00 1.1441433005e+00
9.1242891078e-05 1.6291289787e+04 1.5707963268e+00 1.1466499845e+00
9.1450372937e-05 1.6297965049e+04 1.5707963268e+00 1.1491546193e+00
9.1657753190e-05 1.6304659051e+04 1.5707963268e+00 1.1516572015e+00
9.1865031736e-05 1.6311371803e+04 1.5707963268e+00 1.1541577279e+00
9.2072208473e-05 1.6318103317e+04 1.5707963268e+00 1.1566561954e+00
9.2279283301e-05 1.6324853603e+04 1.5707963268e+00 1.1591526007e+00
9.2486256121e-05 1.6331622672e+04 1.5707963268e+00 1.1616469407e+00
9.2693126833e-05 1.6338410536e+04 1.5707963268e+00 1.1641392120e+00
9.2899895340e-05 1.6345217205e+04 1.5707963268e+00 1.1666294117e+00
9.3106561545e-05 1.6352042690e+04 1.5707963268e+00 1.1691175366e+00
9.3313125352e-05 1.6358887002e+04 1.5707963268e+00 1.1716035834e+00
9.3519586666e-05 1.6365750151e+04 1.5707963268e+00 1.1740875491e+00
9.3725945393e-05 1.6372632149e+04 1.5707963268e+00 1.1765694306e+00
9.3932201439e-05 1.6379533006e+04 1.5707963268e+00 1.1790492247e+00
9.4138354711e-05 1.6386452733e+04 1.5707963268e+00 1.1815269285e+00
9.4344405119e-05 1.6393391340e+04 1.5707963268e+00 1.1840025387e+00
9.4550352571e-05 1.6400348838e+04 1.5707963268e+00 1.1864760525e+00
9.4756196977e-05 1.6407325237e+04 1.5707963268e+00 1.1889474667e+00
9.4961938248e-05 1.6414320547e+04 1.5707963268e+00 1.1914167783e+00
9.5167576296e-05 1.6421334780e+04 1.5707963268e+00 1.1938839843e+00
9.5373111035e-05 1.6428367945e+04 1.5707963268e+00 1.1963490817e+00
9.5578542376e-05 1.6435420053e+04 1.5707963268e+00 1.1988120676e+00
9.5783870235e-05 1.6442491114e+04 1.5707963268e+00 1.2012729389e+00
9.5989094527e-05 1.6449581138e+04 1.5707963268e+00 1.2037316927e+00
9.6194215168e-05 1.6456690135e+04 1.5707963268e+00 1.2061883261e+00
9.6399232075e-05 1.6463818115e+04 1.5707963268e+00 1.2086428361e+00
9.6604145166e-05 1.6470965089e+04 1.5707963268e+00 1.2110952198e+00
9.6808954360e-05 1.6478131067e+04 1.5707963268e+00 1.2135454744e+00
9.7013659576e-05 1.6485316057e+04 1.5707963268e+00 1.2159935969e+00
9.7218260735e-05 1.6492520071e+04 1.5707963268e+00 1.2184395845e+00
9.7422757758e-05 1.6499743118e+04 1.5707963268e+00 1.2208834343e+00
9.7627150568e-05 1.6506985207e+04 1.5707963268e+00 1.2233251435e+00
9.7831439087e-05 1.6514246349e+04 1.5707963268e+00 1.2257647093e+00
9.8035623239e-05 1.6521526554e+04 1.5707963268e+00 1.2282021288e+00
9.8239702948e-05 1.6528825830e+04 1.5707963268e+00 1.2306373993e+00
9.8443678142e-05 1.6536144187e+04 1.5707963268e+00 1.2330705180e+00
9.8647548746e-05 1.6543481636e+04 1.5707963268e+00 1.2355014821e+00
9.8851314687e-05 1.6550838185e+04 1.5707963268e+00 1.2379302888e+00
9.9054975893e-05 1.6558213843e+04 1.5707963268e+00 1.2403569354e+00
9.9258532294e-05 1.6565608621e+04 1.5707963268e+00 1.2427814193e+00
9.9461983820e-05 1.6573022527e+04 1.5707963268e+00 1.2452037376e+00
9.9665330401e-05 1.6580455571e+04 1.5707963268e+00 1.2476238877e+00
9.9868571968e-05 1.6587907762e+04 1.5707963268e+00 1.2500418670e+00
1.0007170846e-04 1.6595379109e+04 1.5707963268e+00 1.2524576726e+00
1.0027473979e-04 1.6602869621e+04 1.5707963268e+00 1.2548713021e+00
1.0047766592e-04 1.6610379307e+04 1.5707963268e+00 1.2572827528e+00
1.0068048677e-04 1.6617908176e+04 1.5707963268e+00 1.2596920219e+00
1.0088320227e-04 1.6625456237e+04 1.5707963268e+00 1.2620991071e+00
1.0108581237e-04 1.6633023499e+04 1.5707963268e+00 1.2645040055e+00
1.0128831700e-04 1.6640609971e+04 1.5707963268e+00 1.2669067147e+00
1.0149071611e-04 1.6648215661e+04 1.5707963268e+00 1.2693072322e+00
1.0169300962e-04 1.6655840578e+04 1.5707963268e+00 1.2717055553e+00
1.0189519747e-04 1.6663484731e+04 1.5707963268e+00 1.2741016815e+00
1.0209727962e-04 1.6671148128e+04 1.5707963268e+00 1.2764956083e+00
1.0229925601e-04 1.6678830777e+04 1.5707963268e+00 1.2788873332e+00
1.0250112656e-04 1.6686532688e+04 1.5707963268e+00 1.2812768538e+00
1.0270289124e-04 1.6694253869e+04 1.5707963268e+00 1.2836641675e+00
1.0290454997e-04 1.6701994327e+04 1.5707963268e+00 1.2860492719e+00
1.0310610271e-04 1.6709754072e+04 1.5707963268e+00 1.2884321645e+00
1.0330754941e-04 1.6717533111e+04 1.5707963268e+00 1.2908128430e+00
1.0350889000e-04 1.6725331452e+04 1.5707963268e+00 1.2931913048e+00
1.0371012445e-04 1.6733149105e+04 1.5707963268e+00 1.2955675477e+00
1.0391125268e-04 1.6740986075e+04 1.5707963268e+00 1.2979415691e+00
1.0411227467e-04 1.6748842373e+04 1.5707963268e+00 1.3003133669e+00
1.0431319034e-04 1.6756718005e+04 1.5707963268e+00 1.3026829385e+00
1.0451399967e-04 1.6764612979e+04 1.5707963268e+00 1.3050502817e+00
1.0471470259e-04 1.6772527304e+04 1.5707963268e+00 1.3074153941e+00
1.0491529906e-04 1.6780460986e+04 1.5707963268e+00 1.3097782735e+00
1.0511578903e-04 1.6788414034e+04 1.5707963268e+00 1.3121389175e+00
1.0531617246e-04 1.6796386455e+04 1.5707963268e+00 1.3144973239e+00
1.0551644930e-04 1.6804378257e+04 1.5707963268e+00 1.3168534903e+00
1.0571661951e-04 1.6812389447e+04 1.5707963268e+00 1.3192074146e+00
1.0591668305e-04 1.6820420033e+04 1.5707963268e+00 1.3215590946e+00
1.0611663986e-04 1.6828470021e+04 1.5707963268e+00 1.3239085279e+00
1.0631648992e-04 1.6836539420e+04 1.5707963268e+00 1.3262557124e+00
1.0651623317e-04 1.6844628236e+04 1.5707963268e+00 1.3286006459e+00
1.0671586959e-04 1.6852736476e+04 1.5707963268e+00 1.3309433263e+00
1.0691539912e-04 1.6860864148e+04 1.5707963268e+00 1.3332837514e+00
1.0711482174e-04 1.6869011259e+04 1.5707963268e+00 1.3356219189e+00
1.0731413740e-04 1.6877177816e+04 1.5707963268e+00 1.3379578269e+00
1.0751334606e-04 1.6885363825e+04 1.5707963268e+00 1.3402914732e+00
1.0771244770e-04 1.6893569294e+04 1.5707963268e+00 1.3426228557e+00
1.0791144227e-04 1.6901794228e+04 1.5707963268e+00 1.3449519724e+00
1.0811032974e-04 1.6910038636e+04 1.5707963268e+00 1.3472788210e+00
1.0830911008e-04 1.6918302523e+04 1.5707963268e+00 1.3496033997e+00
1.0850778325e-04 1.6926585896e+04 1.5707963268e+00 1.3519257064e+00
1.0870634922e-04 1.6934888761e+04 1.5707963268e+00 1.3542457390e+00
1.0890480796e-04 1.6943211126e+04 1.5707963268e+00 1.3565634955e+00
1.0910315944e-04 1.6951552996e+04 1.5707963268e+00 1.3588789740e+00
1.0930140363e-04 1.6959914377e+04 1.5707963268e+00 1.3611921725e+00
1.0949954051e-04 1.6968295277e+04 1.5707963268e+00 1.3635030890e+00
1.0969757003e-04 1.6976695700e+04 1.5707963268e+00 1.3658117216e+00
1.0989549218e-04 1.6985115654e+04 1.5707963268e+00 1.3681180683e+00
1.1009330693e-04 1.6993555144e+04 1.5707963268e+00 1.3704221273e+00
1.1029101425e-04 1.7002014176e+04 1.5707963268e+00 1.3727238966e+00
1.1048861412e-04 1.7010492756e+04 1.5707963268e+00 1.3750233744e+00
1.1068610651e-04 1.7018990891e+04 1.5707963268e+00 1.3773205587e+00
1.1088349140e-04 1.7027508585e+04 1.5707963268e+00 1.3796154478e+00
1.1108076877e-04 1.7036045844e+04 1.5707963268e+00 1.3819080398e+00
1.1127793859e-04 1.7044602674e+04 1.5707963268e+00 1.3841983329e+00
1.1147500084e-04 1.7053179081e+04 1.5707963268e+00 1.3864863252e+00
1.1167195551e-04 1.7061775070e+04 1.5707963268e+00 1.3887720151e+00
1.1186880257e-04 1.7070390647e+04 1.5707963268e+00 1.3910554006e+00
1.1206554201e-04 1.7079025816e+04 1.5707963268e+00 1.3933364801e+00
1.1226217381e-04 1.7087680583e+04 1.5707963268e+00 1.3956152517e+00
1.1245869794e-04 1.7096354954e+04 1.5707963268e+00 1.3978917139e+00
1.1265511439e-04 1.7105048934e+04 1.5707963268e+00 1.4001658648e+00
1.1285142315e-04 1.7113762526e+04 1.5707963268e+00 1.4024377028e+00
1.1304762421e-04 1.7122495738e+04 1.5707963268e+00 1.4047072261e+00
1.1324371754e-04 1.7131248573e+04 1.5707963268e+00 1.4069744332e+00
1.1343970313e-04 1.7140021036e+04 1.5707963268e+00 1.4092393223e+00
1.1363558097e-04 1.7148813133e+04 1.5707963268e+00 1.4115018918e+00
1.1383135106e-04 1.7157624867e+04 1.5707963268e+00 1.4137621402e+00
1.1402701337e-04 1.7166456244e+04 1.5707963268e+00 1.4160200657e+00
1.1422256789e-04 1.7175307268e+04 1.5707963268e+00 1.4182756668e+00
1.1441801463e-04 1.7184177944e+04 1.5707963268e+00 1.4205289419e+00
1.1461335356e-04 1.7193068275e+04 1.5707963268e+00 1.4227798895e+00
1.1480858468e-04 1.7201978267e+04 1.5707963268e+00 1.4250285081e+00
1.1500370798e-04 1.7210907924e+04 1.5707963268e+00 1.4272747960e+00
1.1519872345e-04 1.7219857250e+04 1.5707963268e+00 1.4295187518e+00
1.1539363110e-04 1.7228826249e+04 1.5707963268e+00 1.4317603740e+00
1.1558843090e-04 1.7237814925e+04 1.5707963268e+00 1.4339996610e+00
1.1578312287e-04 1.7246823282e+04 1.5707963268e+00 1.4362366115e+00
1.1597770699e-04 1.7255851325e+04 1.5707963268e+00 1.4384712240e+00
1.1617218326e-04 1.7264899056e+04 1.5707963268e+00 1.4407034970e+00
1.1636655167e-04 1.7273966481e+04 1.5707963268e+00 1.4429334291e+00
1.1656081224e-04 1.7283053601e+04 1.5707963268e+00 1.4451610189e+00
1.1675496495e-04 1.7292160422e+04 1.5707963268e+00 1.4473862650e+00
1.1694900980e-04 1.7301286947e+04 1.5707963268e+00 1.4496091660e+00
1.1714294680e-04 1.7310433179e+04 1.5707963268e+00 1.4518297207e+00
1.1733677595e-04 1.7319599121e+04 1.5707963268e+00 1.4540479276e+00
1.1753049724e-04 1.7328784777e+04 1.5707963268e+00 1.4562637853e+00
1.1772411069e-04 1.7337990151e+04 1.5707963268e+00 1.4584772927e+00
1.1791761629e-04 1.7347215245e+04 1.5707963268e+00 1.4606884483e+00
1.1811101405e-04 1.7356460063e+04 1.5707963268e+00 1.4628972510e+00
1.1830430397e-04 1.7365724608e+04 1.5707963268e+00 1.4651036994e+00
1.1849748605e-04 1.7375008882e+04 1.5707963268e+00 1.4673077922e+00
1.1869056031e-04 1.7384312889e+04 1.5707963268e+00 1.4695095283e+00
1.1888352675e-04 1.7393636631e+04 1.5707963268e+00 1.4717089065e+00
1.1907638538e-04 1.7402980111e+04 1.5707963268e+00 1.4739059254e+00
1.1926913620e-04 1.7412343333e+04 1.5707963268e+00 1.4761005839e+00
1.1946177923e-04 1.7421726297e+04 1.5707963268e+00 1.4782928809e+00
1.1965431447e-04 1.7431129008e+04 1.5707963268e+00 1.4804828152e+00
1.1984674194e-04 1.7440551468e+04 1.5707963268e+00 1.4826703856e+00
1.2003906164e-04 1.7449993678e+04 1.5707963268e+00 1.4848555910e+00
1.2023127358e-04 1.7459455641e+04 1.5707963268e+00 1.4870384303e+00
1.2042337779e-04 1.7468937360e+04 1.5707963268e+00 1.4892189024e+00
1.2061537426e-04 1.7478438836e+04 1.5707963268e+00 1.4913970062e+00
1.2080726302e-04 1.7487960073e+04 1.5707963268e+00 1.4935727406e+00
1.2099904408e-04 1.7497501071e+04 1.5707963268e+00 1.4957461046e+00
1.2119071746e-04 1.7507061832e+04 1.5707963268e+00 1.4979170971e+00
1.2138228316e-04 1.7516642359e+04 1.5707963268e+00 1.5000857171e+00
1.2157374121e-04 1.7526242654e+04 1.5707963268e+00 1.5022519637e+00
1.2176509162e-04 1.7535862717e+04 1.5707963268e+00 1.5044158357e+00
1.2195633441e-04 1.7545502552e+04 1.5707963268e+00 1.5065773322e+00
1.2214746959e-04 1.7555162158e+04 1.5707963268e+00 1.5087364524e+00
1.2233849720e-04 1.7564841539e+04 1.5707963268e+00 1.5108931951e+00
1.2252941724e-04 1.7574540694e+04 1.5707963268e+00 1.5130475595e+00
1.2272022974e-04 1.7584259626e+04 1.5707963268e+00 1.5151995446e+00
1.2291093471e-04 1.7593998336e+04 1.5707963268e+00 1.5173491496e+00
1.2310153219e-04 1.7603756825e+04 1.5707963268e+00 1.5194963736e+00
1.2329202218e-04 1.7613535094e+04 1.5707963268e+00 1.5216412156e+00
1.2348240472e-04 1.7623333144e+04 1.5707963268e+00 1.5237836749e+00
1.2367267983e-04 1.7633150976e+04 1.5707963268e+00 1.5259237506e+00
1.2386284752e-04 1.7642988591e+04 1.5707963268e+00 1.5280614418e+00
1.2405290783e-04 1.7652845990e+04 1.5707963268e+00 1.5301967478e+00
1.2424286079e-04 1.7662723174e+04 1.5707963268e+00 1.5323296678e+00
1.2443270641e-04 1.7672620142e+04 1.5707963268e+00 1.5344602008e+00
1.2462244472e-04 1.7682536897e+04 1.5707963268e+00 1.5365883463e+00
1.2481207576e-04 1.7692473438e+04 1.5707963268e+00 1.5387141034e+00
1.2500159954e-04 1.7702429765e+04 1.5707963268e+00 1.5408374715e+00
1.2519101610e-04 1.7712405880e+04 1.5707963268e+00 1.5429584497e+00
1.2538032546e-04 1.7722401782e+04 1.5707963268e+00 1.5450770373e+00
1.2556952766e-04 1.7732417471e+04 1.5707963268e+00 1.5471932338e+00
1.2575862273e-04 1.7742452948e+04 1.5707963268e+00 1.5493070383e+00
1.2594761069e-04 1.7752508214e+04 1.5707963268e+00 1.5514184502e+00
1.2613649159e-04 1.7762583266e+04 1.5707963268e+00 1.5535274690e+00
1.2632526544e-04 1.7772678107e+04 1.5707963268e+00 1.5556340939e+00
1.2651393228e-04 1.7782792734e+04 1.5707963268e+00 1.5577383243e+00
1.2670249216e-04 1.7792927149e+04 1.5707963268e+00 1.5598401596e+00
1.2689094509e-04 1.7803081351e+04 1.5707963268e+00 1.5619395992e+00
1.2707929111e-04 1.7813255340e+04 1.5707963268e+00 1.5640366426e+00
1.2726753027e-04 1.7823449114e+04 1.5707963268e+00 1.5661312892e+00
1.2745566259e-04 1.7833662674e+04 1.5707963268e+00 1.5682235385e+00
1.2764368812e-04 1.7843896018e+04 1.5707963268e+00 1.5703133898e+00
1.2783160688e-04 1.7854149147e+04 1.5707963268e+00 1.5724008428e+00
1.2801941892e-04 1.7864422059e+04 1.5707963268e+00 1.5744858968e+00
1.2820712428e-04 1.7874714753e+04 1.5707963268e+00 1.5765685514e+00
1.2839472298e-04 1.7885027229e+04 1.5707963268e+00 1.5786488062e+00
1.2858221508e-04 1.7895359485e+04 1.5707963268e+00 1.5807266607e+00
1.2876960061e-04 1.7905711521e+04 1.5707963268e+00 1.5828021143e+00
1.2895687962e-04 1.7916083335e+04 1.5707963268e+00 1.5848751668e+00
1.2914405214e-04 1.7926474926e+04 1.5707963268e+00 1.5869458177e+00
1.2933111821e-04 1.7936886292e+04 1.5707963268e+00 1.5890140665e+00
1.2951807788e-04 1.7947317433e+04 1.5707963268e+00 1.5910799130e+00
1.2970493119e-04 1.7957768347e+04 1.5707963268e+00 1.5931433566e+00
1.2989167818e-04 1.7968239031e+04 1.5707963268e+00 1.5952043972e+00
1.3007831890e-04 1.7978729486e+04 1.5707963268e+00 1.5972630343e+00
1.3026485339e-04 1.7989239708e+04 1.5707963268e+00 1.5993192675e+00
1.3045128170e-04 1.7999769697e+04 1.5707963268e+00 1.6013730967e+00
1.3063760387e-04 1.8010319449e+04 1.5707963268e+00 1.6034245214e+00
1.3082381994e-04 1.8020888965e+04 1.5707963268e+00 1.6054735415e+00
1.3100992997e-04 1.8031478240e+04 1.5707963268e+00 1.6075201565e+00
1.3119593400e-04 1.8042087274e+04 1.5707963268e+00 1.6095643664e+00
1.3138183208e-04 1.8052716064e+04 1.5707963268e+00 1.6116061707e+00
1.3156762426e-04 1.8063364607e+04 1.5707963268e+00 1.6136455694e+00
1.3175331058e-04 1.8074032902e+04 1.5707963268e+00 1.6156825622e+00
1.3193889109e-04 1.8084720947e+04 1.5707963268e+00 1.6177171488e+00
1.3212436586e-04 1.8095428738e+04 1.5707963268e+00 1.6197493291e+00
1.3230973491e-04 1.8106156273e+04 1.5707963268e+00 1.6217791030e+00
1.3249499831e-04 1.8116903550e+04 1.5707963268e+00 1.6238064703e+00
1.3268015611e-04 1.8127670566e+04 1.5707963268e+00 1.6258314308e+00
1.3286520836e-04 1.8138457318e+04 1.5707963268e+00 1.6278539843e+00
1.3305015511e-04 1.8149263803e+04 1.5707963268e+00 1.6298741309e+00
1.3323499641e-04 1.8160090019e+04 1.5707963268e+00 1.6318918704e+00
1.3341973233e-04 1.8170935961e+04 1.5707963268e+00 1.6339072026e+00
1.3360436290e-04 1.8181801629e+04 1.5707963268e+00 1.6359201276e+00
1.3378888819e-04 1.8192687017e+04 1.5707963268e+00 1.6379306452e+00
1.3397330825e-04 1.8203592123e+04 1.5707963268e+00 1.6399387555e+00
1.3415762314e-04 1.8214516944e+04 1.5707963268e+00 1.6419444583e+00
1.3434183291e-04 1.8225461477e+04 1.5707963268e+00 1.6439477537e+00
1.3452593762e-04 1.8236425717e+04 1.5707963268e+00 1.6459486417e+00
1.3470993733e-04 1.8247409661e+04 1.5707963268e+00 1.6479471223e+00
1.3489383209e-04 1.8258413306e+04 1.5707963268e+00 1.6499431954e+00
1.3507762196e-04 1.8269436649e+04 1.5707963268e+00 1.6519368612e+00
1.3526130700e-04 1.8280479684e+04 1.5707963268e+00 1.6539281197e+00
1.3544488727e-04 1.8291542409e+04 1.5707963268e+00 1.6559169709e+00
1.3562836283e-04 1.8302624820e+04 1.5707963268e+00 1.6579034149e+00
1.3581173374e-04 1.8313726912e+04 1.5707963268e+00 1.6598874519e+00
1.3599500006e-04 1.8324848683e+04 1.5707963268e+00 1.6618690819e+00
1.3617816185e-04 1.8335990126e+04 1.5707963268e+00 1.6638483051e+00
1.3636121917e-04 1.8347151239e+04 1.5707963268e+00 1.6658251215e+00
1.3654417208e-04 1.8358332017e+04 1.5707963268e+00 1.6677995313e+00
1.3672702064e-04 1.8369532455e+04 1.5707963268e+00 1.6697715348e+00
1.3690976493e-04 1.8380752550e+04 1.5707963268e+00 1.6717411320e+00
1.3709240500e-04 1.8391992297e+04 1.5707963268e+00 1.6737083231e+00
1.3727494091e-04 1.8403251691e+04 1.5707963268e+00 1.6756731084e+00
1.3745737273e-04 1.8414530728e+04 1.5707963268e+00 1.6776354880e+00
1.3763970052e-04 1.8425829402e+04 1.5707963268e+00 1.6795954622e+00
1.3782192436e-04 1.8437147710e+04 1.5707963268e+00 1.6815530313e+00
1.3800404429e-04 1.8448485646e+04 1.5707963268e+00 1.6835081954e+00
1.3818606040e-04 1.8459843205e+04 1.5707963268e+00 1.6854609548e+00
1.3836797275e-04 1.8471220383e+04 1.5707963268e+00 1.6874113099e+00
1.3854978140e-04 1.8482617174e+04 1.5707963268e+00 1.6893592609e+00
1.3873148642e-04 1.8494033573e+04 1.5707963268e+00 1.6913048081e+00
1.3891308788e-04 1.8505469575e+04 1.5707963268e+00 1.6932479519e+00
1.3909458585e-04 1.8516925175e+04 1.5707963268e+00 1.6951886925e+00
1.3927598039e-04 1.8528400367e+04 1.5707963268e+00 1.6971270303e+00
1.3945727158e-04 1.8539895146e+04 1.5707963268e+00 1.6990629657e+00
1.3963845948e-04 1.8551409506e+04 1.5707963268e+00 1.7009964990e+00
1.3981954417e-04 1.8562943441e+04 1.5707963268e+00 1.7029276307e+00
1.4000052571e-04 1.8574496947e+04 1.5707963268e+00 1.7048563611e+00
1.4018140418e-04 1.8586070018e+04 1.5707963268e+00 1.7067826906e+00
1.4036217964e-04 1.8597662646e+04 1.5707963268e+00 1.7087066197e+00
1.4054285217e-04 1.8609274828e+04 1.5707963268e+00 1.7106281487e+00
1.4072342184e-04 1.8620906556e+04 1.5707963268e+00 1.7125472782e+00
1.4090388873e-04 1.8632557825e+04 1.5707963268e+00 1.7144640086e+00
1.4108425290e-04 1.8644228628e+04 1.5707963268e+00 1.7163783404e+00
1.4126451443e-04 1.8655918960e+04 1.5707963268e+00 1.7182902740e+00
1.4144467340e-04 1.8667628814e+04 1.5707963268e+00 1.7201998100e+00
1.4162472987e-04 1.8679358184e+04 1.5707963268e+00 1.7221069488e+00
1.4180468392e-04 1.8691107064e+04 1.5707963268e+00 1.7240116910e+00
1.4198453563e-04 1.8702875447e+04 1.5707963268e+00 1.7259140371e+00
1.4216428507e-04 1.8714663326e+04 1.5707963268e+00 1.7278139878e+00
1.4234393231e-04 1.8726470695e+04 1.5707963268e+00 1.7297115434e+00
1.4252347744e-04 1.8738297548e+04 1.5707963268e+00 1.7316067047e+00
1.4270292053e-04 1.8750143877e+04 1.5707963268e+00 1.7334994721e+00
1.4288226166e-04 1.8762009676e+04 1.5707963268e+00 1.7353898463e+00
1.4306150090e-04 1.8773894938e+04 1.5707963268e+00 1.7372778280e+00
1.4324063833e-04 1.8785799657e+04 1.5707963268e+00 1.7391634176e+00
1.4341967404e-04 1.8797723824e+04 1.5707963268e+00 1.7410466159e+00
1.4359860809e-04 1.8809667433e+04 1.5707963268e+00 1.7429274235e+00
1.4377744056e-04 1.8821630477e+04 1.5707963268e+00 1.7448058411e+00
1.4395617155e-04 1.8833612948e+04 1.5707963268e+00 1.7466818693e+00
1.4413480112e-04 1.8845614840e+04 1.5707963268e+00 1.7485555089e+00
1.4431332935e-04 1.8857636145e+04 1.5707963268e+00 1.7504267604e+00
1.4449175633e-04 1.8869676855e+04 1.5707963268e+00 1.7522956247e+00
1.4467008213e-04 1.8881736963e+04 1.5707963268e+00 1.7541621024e+00
1.4484830685e-04 1.8893816462e+04 1.5707963268e+00 1.7560261942e+00
1.4502643055e-04 1.8905915343e+04 1.5707963268e+00 1.7578879010e+00
1.4520445332e-04 1.8918033600e+04 1.5707963268e+00 1.7597472235e+00
1.4538237524e-04 1.8930171224e+04 1.5707963268e+00 1.7616041623e+00
1.4556019640e-04 1.8942328207e+04 1.5707963268e+00 1.7634587184e+00
1.4573791687e-04 1.8954504543e+04 1.5707963268e+00 1.7653108925e+00
1.4591553675e-04 1.8966700221e+04 1.5707963268e+00 1.7671606854e+00
1.4609305611e-04 1.8978915236e+04 1.5707963268e+00 1.7690080980e+00
1.4627047503e-04 1.8991149578e+04 1.5707963268e+00 1.7708531309e+00
1.4644779361e-04 1.9003403239e+04 1.5707963268e+00 1.7726957852e+00
1.4662501193e-04 1.9015676212e+04 1.5707963268e+00 1.7745360615e+00
1.4680213006e-04 1.9027968487e+04 1.5707963268e+00 1.7763739609e+00
1.4697914810e-04 1.9040280056e+04 1.5707963268e+00 1.7782094841e+00
1.4715606613e-04 1.9052610912e+04 1.5707963268e+00 1.7800426321e+00
1.4733288424e-04 1.9064961045e+04 1.5707963268e+00 1.7818734057e+00
1.4750960252e-04 1.9077330447e+04 1.5707963268e+00 1.7837018058e+00
1.4768622104e-04 1.9089719109e+04 1.5707963268e+00 1.7855278334e+00
1.4786273990e-04 1.9102127023e+04 1.5707963268e+00 1.7873514894e+00
1.4803915918e-04 1.9114554180e+04 1.5707963268e+00 1.7891727747e+00
1.4821547897e-04 1.9127000571e+04 1.5707963268e+00 1.7909916903e+00
1.4839169936e-04 1.9139466186e+04 1.5707963268e+00 1.7928082371e+00
1.4856782044e-04 1.9151951018e+04 1.5707963268e+00 1.7946224161e+00
1.4874384229e-04 1.9164455057e+04 1.5707963268e+00 1.7964342283e+00
1.4891976501e-04 1.9176978293e+04 1.5707963268e+00 1.7982436747e+00
1.4909558868e-04 1.9189520719e+04 1.5707963268e+00 1.8000507563e+00
1.4927131339e-04 1.9202082324e+04 1.5707963268e+00 1.8018554741e+00
1.4944693923e-04 1.9214663099e+04 1.5707963268e+00 1.8036578291e+00
1.4962246629e-04 1.9227263036e+04 1.5707963268e+00 1.8054578225e+00
1.4979789466e-04 1.9239882123e+04 1.5707963268e+00 1.8072554551e+00
1.4997322443e-04 1.9252520353e+04 1.5707963268e+00 1.8090507281e+00
1.5014845570e-04 1.9265177716e+04 1.5707963268e+00 1.8108436426e+00
1.5032358855e-04 1.9277854201e+04 1.5707963268e+00 1.8126341996e+00
1.5049862307e-04 1.9290549799e+04 1.5707963268e+00 1.8144224002e+00
1.5067355936e-04 1.9303264501e+04 1.5707963268e+00 1.8162082456e+00
1.5084839750e-04 1.9315998297e+04 1.5707963268e+00 1.8179917368e+00
1.5102313760e-04 1.9328751176e+04 1.5707963268e+00 1.8197728750e+00
1.5119777973e-04 1.9341523129e+04 1.5707963268e+00 1.8215516613e+00
1.5137232401e-04 1.9354314146e+04 1.5707963268e+00 1.8233280968e+00
1.5154677051e-04 1.9367124217e+04 1.5707963268e+00 1.8251021827e+00
1.5172111933e-04 1.9379953332e+04 1.5707963268e+00 1.8268739202e+00
1.5189537056e-04 1.9392801480e+04 1.5707963268e+00 1.8286433104e+00
1.5206952431e-04 1.9405668652e+04 1.5707963268e+00 1.8304103546e+00
1.5224358065e-04 1.9418554837e+04 1.5707963268e+00 1.8321750539e+00
1.5241753969e-04 1.9431460024e+04 1.5707963268e+00 1.8339374095e+00
1.5259140152e-04 1.9444384203e+04 1.5707963268e+00 1.8356974226e+00
1.5276516624e-04 1.9457327365e+04 1.5707963268e+00 1.8374550946e+00
1.5293883394e-04 1.9470289498e+04 1.5707963268e+00 1.8392104265e+00
1.5311240471e-04 1.9483270591e+04 1.5707963268e+00 1.8409634197e+00
1.5328587866e-04 1.9496270634e+04 1.5707963268e+00 1.8427140754e+00
1.5345925587e-04 1.9509289617e+04 1.5707963268e+00 1.8444623949e+00
1.5363253644e-04 1.9522327528e+04 1.5707963268e+00 1.8462083795e+00
1.5380572048e-04 1.9535384357e+04 1.5707963268e+00 1.8479520303e+00
1.5397880807e-04 1.9548460093e+04 1.5707963268e+00 1.8496933489e+00
1.5415179931e-04 1.9561554724e+04 1.5707963268e+00 1.8514323364e+00
1.5432469431e-04 1.9574668241e+04 1.5707963268e+00 1.8531689941e+00
1.5449749315e-04 1.9587800631e+04 1.5707963268e+00 1.8549033234e+00
1.5467019593e-04 1.9600951883e+04 1.5707963268e+00 1.8566353257e+00
1.5484280276e-04 1.9614121987e+04 1.5707963268e+00 1.8583650022e+00
1.5501531372e-04 1.9627310932e+04 1.5707963268e+00 1.8600923543e+00
1.5518772892e-04 1.9640518705e+04 1.5707963268e+00 1.8618173834e+00
1.5536004847e-04 1.9653745296e+04 1.5707963268e+00 1.8635400909e+00
1.5553227244e-04 1.9666990692e+04 1.5707963268e+00 1.8652604781e+00
1.5570440095e-04 1.9680254884e+04 1.5707963268e+00 1.8669785465e+00
1.5587643409e-04 1.9693537858e+04 1.5707963268e+00 1.8686942974e+00
1.5604837196e-04 1.9706839604e+04 1.5707963268e+00 1.8704077322e+00
1.5622021467e-04 1.9720160110e+04 1.5707963268e+00 1.8721188524e+00
1.5639196231e-04 1.9733499364e+04 1.5707963268e+00 1.8738276594e+00
1.5656361497e-04 1.9746857355e+04 1.5707963268e+00 1.8755341546e+00
1.5673517277e-04 1.9760234070e+04 1.5707963268e+00 1.8772383395e+00
1.5690663580e-04 1.9773629498e+04 1.5707963268e+00 1.8789402156e+00
1.5707800416e-04 1.9787043626e+04 1.5707963268e+00 1.8806397842e+00
1.5724927795e-04 1.9800476444e+04 1.5707963268e+00 1.8823370469e+00
1.5742045728e-04 1.9813927938e+04 1.5707963268e+00 1.8840320052e+00
1.5759154224e-04 1.9827398097e+04 1.5707963268e+00 1.8857246606e+00
1.5776253294e-04 1.9840886908e+04 1.5707963268e+00 1.8874150144e+00
1.5793342947e-04 1.9854394360e+04 1.5707963268e+00 1.8891030684e+00
1.5810423195e-04 1.9867920440e+04 1.5707963268e+00 1.8907888239e+00
1.5827494046e-04 1.9881465135e+04 1.5707963268e+00 1.8924722826e+00
1.5844555512e-04 1.9895028434e+04 1.5707963268e+00 1.8941534459e+00
1.5861607602e-04 1.9908610324e+04 1.5707963268e+00 1.8958323154e+00
1.5878650327e-04 1.9922210793e+04 1.5707963268e+00 1.8975088926e+00
1.5895683697e-04 1.9935829828e+04 1.5707963268e+00 1.8991831792e+00
1.5912707722e-04 1.9949467416e+04 1.5707963268e+00 1.9008551766e+00
1.5929722413e-04 1.9963123545e+04 1.5707963268e+00 1.9025248865e+00
1.5946727779e-04 1.9976798202e+04 1.5707963268e+00 1.9041923104e+00
1.5963723832e-04 1.9990491375e+04 1.5707963268e+00 1.9058574500e+00
1.5980710582e-04 2.0004203050e+04 1.5707963268e+00 1.9075203068e+00
1.5997688038e-04 2.0017933215e+04 1.5707963268e+00 1.9091808825e+00
1.6014656211e-04 2.0031681857e+04 1.5707963268e+00 1.9108391787e+00
1.6031615113e-04 2.0045448963e+04 1.5707963268e+00 1.9124951969e+00
1.6048564752e-04 2.0059234520e+04 1.5707963268e+00 1.9141489390e+00
1.6065505140e-04 2.0073038515e+04 1.5707963268e+00 1.9158004064e+00
1.6082436287e-04 2.0086860935e+04 1.5707963268e+00 1.9174496008e+00
1.6099358203e-04 2.0100701767e+04 1.5707963268e+00 1.9190965240e+00
1.6116270899e-04 2.0114560997e+04 1.5707963268e+00 1.9207411776e+00
1.6133174386e-04 2.0128438612e+04 1.5707963268e+00 1.9223835632e+00
1.6150068674e-04 2.0142334600e+04 1.5707963268e+00 1.9240236825e+00
1.6166953773e-04 2.0156248946e+04 1.5707963268e+00 1.9256615373e+00
1.6183829694e-04 2.0170181638e+04 1.5707963268e+00 1.9272971292e+00
1.6200696447e-04 2.0184132662e+04 1.5707963268e+00 1.9289304600e+00
1.6217554044e-04 2.0198102004e+04 1.5707963268e+00 1.9305615313e+00
1.6234402494e-04 2.0212089651e+04 1.5707963268e+00 1.9321903449e+00
1.6251241808e-04 2.0226095589e+04 1.5707963268e+00 1.9338169026e+00
1.6268071998e-04 2.0240119805e+04 1.5707963268e+00 1.9354412059e+00
1.6284893073e-04 2.0254162285e+04 1.5707963268e+00 1.9370632568e+00
1.6301705044e-04 2.0268223015e+04 1.5707963268e+00 1.9386830570e+00
1.6318507921e-04 2.0282301982e+04 1.5707963268e+00 1.9403006082e+00
1.6335301717e-04 2.0296399171e+04 1.5707963268e+00 1.9419159122e+00
1.6352086440e-04 2.0310514570e+04 1.5707963268e+00 1.9435289707e+00
1.6368862102e-04 2.0324648163e+04 1.5707963268e+00 1.9451397856e+00
1.6385628714e-04 2.0338799937e+04 1.5707963268e+00 1.9467483586e+00
1.6402386286e-04 2.0352969878e+04 1.5707963268e+00 1.9483546916e+00
1.6419134828e-04 2.0367157973e+04 1.5707963268e+00 1.9499587864e+00
1.6435874353e-04 2.0381364206e+04 1.5707963268e+00 1.9515606447e+00
1.6452604870e-04 2.0395588564e+04 1.5707963268e+00 1.9531602684e+00
1.6469326390e-04 2.0409831032e+04 1.5707963268e+00 1.9547576593e+00
1.6486038924e-04 2.0424091596e+04 1.5707963268e+00 1.9563528192e+00
1.6502742483e-04 2.0438370243e+04 1.5707963268e+00 1.9579457501e+00
1.6519437077e-04 2.0452666958e+04 1.5707963268e+00 1.9595364536e+00
1.6536122718e-04 2.0466981725e+04 1.5707963268e+00 1.9611249318e+00
1.6552799415e-04 2.0481314532e+04 1.5707963268e+00 1.9627111865e+00
1.6569467181e-04 2.0495665363e+04 1.5707963268e+00 1.9642952194e+00
1.6586126026e-04 2.0510034205e+04 1.5707963268e+00 1.9658770326e+00
1.6602775960e-04 2.0524421041e+04 1.5707963268e+00 1.9674566278e+00
1.6619416995e-04 2.0538825859e+04 1.5707963268e+00 1.9690340070e+00
1.6636049141e-04 2.0553248643e+04 1.5707963268e+00 1.9706091721e+00
1.6652672410e-04 2.0567689379e+04 1.5707963268e+00 1.9721821250e+00
1.6669286811e-04 2.0582148051e+04 1.5707963268e+00 1.9737528675e+00
1.6685892357e-04 2.0596624646e+04 1.5707963268e+00 1.9753214017e+00
1.6702489058e-04 2.0611119148e+04 1.5707963268e+00 1.9768877293e+00
1.6719076924e-04 2.0625631543e+04 1.5707963268e+00 1.9784518525e+00
1.6735655968e-04 2.0640161815e+04 1.5707963268e+00 1.9800137730e+00
1.6752226199e-04 2.0654709951e+04 1.5707963268e+00 1.9815734928e+00
1.6768787629e-04 2.0669275934e+04 1.5707963268e+00 1.9831310139e+00
1.6785340268e-04 2.0683859750e+04 1.5707963268e+00 1.9846863382e+00
1.6801884128e-04 2.0698461383e+04 1.5707963268e+00 1.9862394678e+00
1.6818419220e-04 2.0713080820e+04 1.5707963268e+00 1.9877904044e+00
1.6834945554e-04 2.0727718044e+04 1.5707963268e+00 1.9893391503e+00
1.6851463142e-04 2.0742373040e+04 1.5707963268e+00 1.9908857072e+00
1.6867971994e-04 2.0757045794e+04 1.5707963268e+00 1.9924300772e+00
1.6884472122e-04 2.0771736290e+04 1.5707963268e+00 1.9939722623e+00
1.6900963536e-04 2.0786444513e+04 1.5707963268e+00 1.9955122645e+00
1.6917446248e-04 2.0801170447e+04 1.5707963268e+00 1.9970500857e+00
1.6933920269e-04 2.0815914078e+04 1.5707963268e+00 1.9985857281e+00
1.6950385609e-04 2.0830675389e+04 1.5707963268e+00 2.0001191936e+00
1.6966842279e-04 2.0845454365e+04 1.5707963268e+00 2.0016504842e+00
1.6983290292e-04 2.0860250992e+04 1.5707963268e+00 2.0031796019e+00
1.6999729657e-04 2.0875065252e+04 1.5707963268e+00 2.0047065489e+00
1.7016160385e-04 2.0889897132e+04 1.5707963268e+00 2.0062313270e+00
1.7032582489e-04 2.0904746615e+04 1.5707963268e+00 2.0077539385e+00
1.7048995978e-04 2.0919613685e+04 1.5707963268e+00 2.0092743852e+00
1.7065400865e-04 2.0934498328e+04 1.5707963268e+00 2.0107926694e+00
1.7081797159e-04 2.0949400527e+04 1.5707963268e+00 2.0123087929e+00
1.7098184873e-04 2.0964320266e+04 1.5707963268e+00 2.0138227580e+00
1.7114564017e-04 2.0979257530e+04 1.5707963268e+00 2.0153345666e+00
1.7130934602e-04 2.0994212304e+04 1.5707963268e+00 2.0168442209e+00
1.7147296640e-04 2.1009184571e+04 1.5707963268e+00 2.0183517229e+00
1.7163650141e-04 2.1024174315e+04 1.5707963268e+00 2.0198570747e+00
1.7179995116e-04 2.1039181520e+04 1.5707963268e+00 2.0213602784e+00
1.7196331578e-04 2.1054206172e+04 1.5707963268e+00 2.0228613362e+00
1.7212659536e-04 2.1069248252e+04 1.5707963268e+00 2.0243602500e+00
1.7228979002e-04 2.1084307747e+04 1.5707963268e+00 2.0258570221e+00
1.7245289988e-04 2.1099384639e+04 1.5707963268e+00 2.0273516544e+00
1.7261592504e-04 2.1114478913e+04 1.5707963268e+00 2.0288441493e+00
1.7277886561e-04 2.1129590552e+04 1.5707963268e+00 2.0303345087e+00
1.7294172170e-04 2.1144719540e+04 1.5707963268e+00 2.0318227348e+00
1.7310449343e-04 2.1159865862e+04 1.5707963268e+00 2.0333088297e+00
1.7326718091e-04 2.1175029500e+04 1.5707963268e+00 2.0347927956e+00
1.7342978425e-04 2.1190210439e+04 1.5707963268e+00 2.0362746346e+00
1.7359230356e-04 2.1205408663e+04 1.5707963268e+00 2.0377543489e+00
1.7375473896e-04 2.1220624155e+04 1.5707963268e+00 2.0392319406e+00
1.7391709054e-04 2.1235856898e+04 1.5707963268e+00 2.0407074118e+00
1.7407935844e-04 2.1251106878e+04 1.5707963268e+00 2.0421807648e+00
1.7424154275e-04 2.1266374076e+04 1.5707963268e+00 2.0436520017e+00
1.7440364359e-04 2.1281658477e+04 1.5707963268e+00 2.0451211247e+00
1.7456566107e-04 2.1296960064e+04 1.5707963268e+00 2.0465881359e+00
1.7472759530e-04 2.1312278821e+04 1.5707963268e+00 2.0480530375e+00
1.7488944640e-04 2.1327614731e+04 1.5707963268e+00 2.0495158318e+00
1.7505121448e-04 2.1342967778e+04 1.5707963268e+00 2.0509765208e+00
1.7521289964e-04 2.1358337945e+04 1.5707963268e+00 2.0524351069e+00
1.7537450200e-04 2.1373725216e+04 1.5707963268e+00 2.0538915921e+00
1.7553602168e-04 2.1389129574e+04 1.5707963268e+00 2.0553459787e+00
1.7569745877e-04 2.1404551002e+04 1.5707963268e+00 2.0567982690e+00
1.7585881341e-04 2.1419989483e+04 1.5707963268e+00 2.0582484650e+00
1.7602008569e-04 2.1435445001e+04 1.5707963268e+00 2.0596965691e+00
1.7618127573e-04 2.1450917540e+04 1.5707963268e+00 2.0611425835e+00
1.7634238363e-04 2.1466407082e+04 1.5707963268e+00 2.0625865103e+00
1.7650340953e-04 2.1481913610e+04 1.5707963268e+00 2.0640283518e+00
1.7666435352e-04 2.1497437108e+04 1.5707963268e+00 2.0654681103e+00
1.7682521571e-04 2.1512977559e+04 1.5707963268e+00 2.0669057879e+00
1.7698599622e-04 2.1528534946e+04 1.5707963268e+00 2.0683413869e+00
1.7714669517e-04 2.1544109252e+04 1.5707963268e+00 2.0697749096e+00
1.7730731265e-04 2.1559700460e+04 1.5707963268e+00 2.0712063582e+00
1.7746784879e-04 2.1575308554e+04 1.5707963268e+00 2.0726357350e+00
1.7762830370e-04 2.1590933515e+04 1.5707963268e+00 2.0740630421e+00
1.7778867748e-04 2.1606575328e+04 1.5707963268e+00 2.0754882820e+00
1.7794897026e-04 2.1622233975e+04 1.5707963268e+00 2.0769114568e+00
1.7810918213e-04 2.1637909439e+04 1.5707963268e+00 2.0783325687e+00
1.7826931323e-04 2.1653601703e+04 1.5707963268e+00 2.0797516202e+00
1.7842936364e-04 2.1669310750e+04 1.5707963268e+00 2.0811686134e+00
1.7858933350e-04 2.1685036562e+04 1.5707963268e+00 2.0825835506e+00
1.7874922290e-04 2.1700779123e+04 1.5707963268e+00 2.0839964341e+00
1.7890903197e-04 2.1716538416e+04 1.5707963268e+00 2.0854072663e+00
1.7906876081e-04 2.1732314423e+04 1.5707963268e+00 2.0868160493e+00
1.7922840953e-04 2.1748107126e+04 1.5707963268e+00 2.0882227855e+00
1.7938797826e-04 2.1763916509e+04 1.5707963268e+00 2.0896274771e+00
1.7954746709e-04 2.1779742555e+04 1.5707963268e+00 2.0910301266e+00
1.7970687614e-04 2.1795585246e+04 1.5707963268e+00 2.0924307361e+00
1.7986620553e-04 2.1811444564e+04 1.5707963268e+00 2.0938293080e+00
1.8002545536e-04 2.1827320493e+04 1.5707963268e+00 2.0952258445e+00
1.8018462575e-04 2.1843213014e+04 1.5707963268e+00 2.0966203481e+00
1.8034371680e-04 2.1859122112e+04 1.5707963268e+00 2.0980128210e+00
1.8050272864e-04 2.1875047767e+04 1.5707963268e+00 2.0994032655e+00
1.8066166137e-04 2.1890989963e+04 1.5707963268e+00 2.1007916840e+00
1.8082051510e-04 2.1906948683e+04 1.5707963268e+00 2.1021780788e+00
1.8097928994e-04 2.1922923908e+04 1.5707963268e+00 2.1035624522e+00
1.8113798601e-04 2.1938915621e+04 1.5707963268e+00 2.1049448065e+00
1.8129660343e-04 2.1954923805e+04 1.5707963268e+00 2.1063251441e+00
1.8145514229e-04 2.1970948442e+04 1.5707963268e+00 2.1077034673e+00
1.8161360271e-04 2.1986989515e+04 1.5707963268e+00 2.1090797785e+00
1.8177198480e-04 2.2003047006e+04 1.5707963268e+00 2.1104540800e+00
1.8193028869e-04 2.2019120897e+04 1.5707963268e+00 2.1118263741e+00
1.8208851446e-04 2.2035211171e+04 1.5707963268e+00 2.1131966632e+00
1.8224666225e-04 2.2051317810e+04 1.5707963268e+00 2.1145649497e+00
1.8240473215e-04 2.2067440796e+04 1.5707963268e+00 2.1159312359e+00
1.8256272428e-04 2.2083580112e+04 1.5707963268e+00 2.1172955241e+00
1.8272063876e-04 2.2099735740e+04 1.5707963268e+00 2.1186578168e+00
1.8287847569e-04 2.2115907663e+04 1.5707963268e+00 2.1200181162e+00
1.8303623518e-04 2.2132095861e+04 1.5707963268e+00 2.1213764248e+00
1.8319391735e-04 2.2148300319e+04 1.5707963268e+00 2.1227327449e+00
1.8335152231e-04 2.2164521017e+04 1.5707963268e+00 2.1240870788e+00
1.8350905017e-04 2.2180757939e+04 1.5707963268e+00 2.1254394291e+00
1.8366650103e-04 2.2197011066e+04 1.5707963268e+00 2.1267897980e+00
1.8382387502e-04 2.2213280380e+04 1.5707963268e+00 2.1281381878e+00
1.8398117223e-04 2.2229565864e+04 1.5707963268e+00 2.1294846011e+00
1.8413839279e-04 2.2245867500e+04 1.5707963268e+00 2.1308290402e+00
1.8429553680e-04 2.2262185269e+04 1.5707963268e+00 2.1321715074e+00
1.8445260438e-04 2.2278519155e+04 1.5707963268e+00 2.1335120052e+00
1.8460959563e-04 2.2294869138e+04 1.5707963268e+00 2.1348505359e+00
1.8476651067e-04 2.2311235202e+04 1.5707963268e+00 2.1361871019e+00
1.8492334961e-04 2.2327617327e+04 1.5707963268e+00 2.1375217057e+00
1.8508011255e-04 2.2344015497e+04 1.5707963268e+00 2.1388543496e+00
1.8523679962e-04 2.2360429693e+04 1.5707963268e+00 2.1401850360e+00
1.8539341091e-04 2.2376859896e+04 1.5707963268e+00 2.1415137673e+00
1.8554994654e-04 2.2393306090e+04 1.5707963268e+00 2.1428405460e+00
1.8570640662e-04 2.2409768256e+04 1.5707963268e+00 2.1441653743e+00
1.8586279126e-04 2.2426246376e+04 1.5707963268e+00 2.1454882549e+00
1.8601910057e-04 2.2442740432e+04 1.5707963268e+00 2.1468091899e+00
1.8617533467e-04 2.2459250406e+04 1.5707963268e+00 2.1481281820e+00
1.8633149366e-04 2.2475776279e+04 1.5707963268e+00 2.1494452334e+00
1.8648757764e-04 2.2492318034e+04 1.5707963268e+00 2.1507603465e+00
1.8664358675e-04 2.2508875653e+04 1.5707963268e+00 2.1520735239e+00
1.8679952107e-04 2.2525449116e+04 1.5707963268e+00 2.1533847679e+00
1.8695538073e-04 2.2542038407e+04 1.5707963268e+00 2.1546940810e+00
1.8711116583e-04 2.2558643507e+04 1.5707963268e+00 2.1560014655e+00
1.8726687648e-04 2.2575264398e+04 1.5707963268e+00 2.1573069239e+00
1.8742251279e-04 2.2591901062e+04 1.5707963268e+00 2.1586104586e+00
1.8757807488e-04 2.2608553480e+04 1.5707963268e+00 2.1599120720e+00
1.8773356285e-04 2.2625221634e+04 1.5707963268e+00 2.1612117667e+00
1.8788897681e-04 2.2641905506e+04 1.5707963268e+00 2.1625095449e+00
1.8804431687e-04 2.2658605078e+04 1.5707963268e+00 2.1638054091e+00
1.8819958315e-04 2.2675320331e+04 1.5707963268e+00 2.1650993619e+00
1.8835477574e-04 2.2692051247e+04 1.5707963268e+00 2.1663914055e+00
1.8850989477e-04 2.2708797809e+04 1.5707963268e+00 2.1676815424e+00
1.8866494033e-04 2.2725559997e+04 1.5707963268e+00 2.1689697752e+00
1.8881991255e-04 2.2742337793e+04 1.5707963268e+00 2.1702561061e+00
1.8897481152e-04 2.2759131179e+04 1.5707963268e+00 2.1715405377e+00
1.8912963736e-04 2.2775940137e+04 1.5707963268e+00 2.1728230725e+00
1.8928439018e-04 2.2792764649e+04 1.5707963268e+00 2.1741037127e+00
1.8943907008e-04 2.2809604695e+04 1.5707963268e+00 2.1753824610e+00
1.8959367718e-04 2.2826460258e+04 1.5707963268e+00 2.1766593197e+00
1.8974821158e-04 2.2843331319e+04 1.5707963268e+00 2.1779342912e+00
1.8990267339e-04 2.2860217861e+04 1.5707963268e+00 2.1792073781e+00
1.9005706273e-04 2.2877119863e+04 1.5707963268e+00 2.1804785828e+00
1.9021137969e-04 2.2894037309e+04 1.5707963268e+00 2.1817479078e+00
1.9036562440e-04 2.2910970179e+04 1.5707963268e+00 2.1830153554e+00
1.9051979695e-04 2.2927918456e+04 1.5707963268e+00 2.1842809281e+00
1.9067389745e-04 2.2944882121e+04 1.5707963268e+00 2.1855446285e+00
1.9082792602e-04 2.2961861155e+04 1.5707963268e+00 2.1868064589e+00
1.9098188277e-04 2.2978855540e+04 1.5707963268e+00 2.1880664218e+00
1.9113576779e-04 2.2995865257e+04 1.5707963268e+00 2.1893245197e+00
1.9128958120e-04 2.3012890289e+04 1.5707963268e+00 2.1905807550e+00
1.9144332311e-04 2.3029930616e+04 1.5707963268e+00 2.1918351303e+00
1.9159699363e-04 2.3046986220e+04 1.5707963268e+00 2.1930876478e+00
1.9175059285e-04 2.3064057083e+04 1.5707963268e+00 2.1943383102e+00
1.9190412090e-04 2.3081143187e+04 1.5707963268e+00 2.1955871198e+00
1.9205757787e-04 2.3098244511e+04 1.5707963268e+00 2.1968340792e+00
1.9221096388e-04 2.3115361039e+04 1.5707963268e+00 2.1980791908e+00
1.9236427904e-04 2.3132492752e+04 1.5707963268e+00 2.1993224570e+00
1.9251752345e-04 2.3149639631e+04 1.5707963268e+00 2.2005638804e+00
1.9267069721e-04 2.3166801657e+04 1.5707963268e+00 2.2018034634e+00
1.9282380044e-04 2.3183978812e+04 1.5707963268e+00 2.2030412084e+00
1.9297683324e-04 2.3201171078e+04 1.5707963268e+00 2.2042771180e+00
1.9312979573e-04 2.3218378436e+04 1.5707963268e+00 2.2055111945e+00
1.9328268800e-04 2.3235600867e+04 1.5707963268e+00 2.2067434406e+00
1.9343551016e-04 2.3252838353e+04 1.5707963268e+00 2.2079738586e+00
1.9358826233e-04 2.3270090876e+04 1.5707963268e+00 2.2092024510e+00
1.9374094460e-04 2.3287358416e+04 1.5707963268e+00 2.2104292203e+00
1.9389355709e-04 2.3304640955e+04 1.5707963268e+00 2.2116541689e+00
1.9404609990e-04 2.3321938475e+04 1.5707963268e+00 2.2128772994e+00
1.9419857314e-04 2.3339250957e+04 1.5707963268e+00 2.2140986141e+00
1.9435097691e-04 2.3356578382e+04 1.5707963268e+00 2.2153181157e+00
1.9450331132e-04 2.3373920732e+04 1.5707963268e+00 2.2165358065e+00
1.9465557648e-04 2.3391277989e+04 1.5707963268e+00 2.2177516890e+00
1.9480777250e-04 2.3408650133e+04 1.5707963268e+00 2.2189657657e+00
1.9495989947e-04 2.3426037146e+04 1.5707963268e+00 2.2201780390e+00
1.9511195750e-04 2.3443439009e+04 1.5707963268e+00 2.2213885115e+00
1.9526394671e-04 2.3460855704e+04 1.5707963268e+00 2.2225971857e+00
1.9541586720e-04 2.3478287213e+04 1.5707963268e+00 2.2238040639e+00
1.9556771906e-04 2.3495733516e+04 1.5707963268e+00 2.2250091487e+00
1.9571950242e-04 2.3513194595e+04 1.5707963268e+00 2.2262124425e+00
1.9587121737e-04 2.3530670431e+04 1.5707963268e+00 2.2274139479e+00
1.9602286402e-04 2.3548161006e+04 1.5707963268e+00 2.2286136672e+00
1.9617444247e-04 2.3565666301e+04 1.5707963268e+00 2.2298116031e+00
1.9632595283e-04 2.3583186297e+04 1.5707963268e+00 2.2310077579e+00
1.9647739521e-04 2.3600720976e+04 1.5707963268e+00 2.2322021341e+00
1.9662876970e-04 2.3618270319e+04 1.5707963268e+00 2.2333947342e+00
1.9678007642e-04 2.3635834308e+04 1.5707963268e+00 2.2345855607e+00
1.9693131547e-04 2.3653412924e+04 1.5707963268e+00 2.2357746160e+00
1.9708248696e-04 2.3671006147e+04 1.5707963268e+00 2.2369619027e+00
1.9723359098e-04 2.3688613961e+04 1.5707963268e+00 2.2381474232e+00
1.9738462764e-04 2.3706236345e+04 1.5707963268e+00 2.2393311800e+00
1.9753559706e-04 2.3723873282e+04 1.5707963268e+00 2.2405131755e+00
1.9768649932e-04 2.3741524752e+04 1.5707963268e+00 2.2416934123e+00
1.9783733454e-04 2.3759190737e+04 1.5707963268e+00 2.2428718928e+00
1.9798810282e-04 2.3776871218e+04 1.5707963268e+00 2.2440486195e+00
1.9813880427e-04 2.3794566177e+04 1.5707963268e+00 2.2452235949e+00
1.9828943898e-04 2.3812275596e+04 1.5707963268e+00 2.2463968214e+00
1.9844000707e-04 2.3829999454e+04 1.5707963268e+00 2.2475683015e+00
1.9859050863e-04 2.3847737734e+04 1.5707963268e+00 2.2487380378e+00
1.9874094377e-04 2.3865490417e+04 1.5707963268e+00 2.2499060326e+00
1.9889131259e-04 2.3883257485e+04 1.5707963268e+00 2.2510722884e+00
1.9904161519e-04 2.3901038918e+04 1.5707963268e+00 2.2522368078e+00
1.9919185169e-04 2.3918834698e+04 1.5707963268e+00 2.2533995932e+00
1.9934202218e-04 2.3936644807e+04 1.5707963268e+00 2.2545606470e+00
1.9949212676e-04 2.3954469225e+04 1.5707963268e+00 2.2557199718e+00
1.9964216555e-04 2.3972307935e+04 1.5707963268e+00 2.2568775700e+00
1.9979213863e-04 2.3990160917e+04 1.5707963268e+00 2.2580334441e+00
1.9994204612e-04 2.4008028153e+04 1.5707963268e+00 2.2591875965e+00
2.0009188811e-04 2.4025909624e+04 1.5707963268e+00 2.2603400298e+00
2.0024166471e-04 2.4043805312e+04 1.5707963268e+00 2.2614907464e+00
2.0039137602e-04 2.4061715197e+04 1.5707963268e+00 2.2626397488e+00
2.0054102215e-04 2.4079639262e+04 1.5707963268e+00 2.2637870395e+00
2.0069060319e-04 2.4097577487e+04 1.5707963268e+00 2.2649326208e+00
2.0084011925e-04 2.4115529854e+04 1.5707963268e+00 2.2660764953e+00
2.0098957043e-04 2.4133496345e+04 1.5707963268e+00 2.2672186655e+00
2.0113895683e-04 2.4151476940e+04 1.5707963268e+00 2.2683591339e+00
2.0128827856e-04 2.4169471621e+04 1.5707963268e+00 2.2694979028e+00
2.0143753570e-04 2.4187480369e+04 1.5707963268e+00 2.2706349748e+00
2.0158672838e-04 2.4205503167e+04 1.5707963268e+00 2.2717703523e+00
2.0173585668e-04 2.4223539994e+04 1.5707963268e+00 2.2729040378e+00
2.0188492071e-04 2.4241590833e+04 1.5707963268e+00 2.2740360337e+00
2.0203392057e-04 2.4259655665e+04 1.5707963268e+00 2.2751663426e+00
2.0218285636e-04 2.4277734471e+04 1.5707963268e+00 2.2762949669e+00
2.0233172819e-04 2.4295827233e+04 1.5707963268e+00 2.2774219090e+00
2.0248053614e-04 2.4313933932e+04 1.5707963268e+00 2.2785471714e+00
2.0262928033e-04 2.4332054550e+04 1.5707963268e+00 2.2796707567e+00
2.0277796085e-04 2.4350189067e+04 1.5707963268e+00 2.2807926671e+00
2.0292657781e-04 2.4368337465e+04 1.5707963268e+00 2.2819129052e+00
2.0307513130e-04 2.4386499726e+04 1.5707963268e+00 2.2830314735e+00
2.0322362143e-04 2.4404675832e+04 1.5707963268e+00 2.2841483745e+00
2.0337204829e-04 2.4422865762e+04 1.5707963268e+00 2.2852636104e+00
2.0352041199e-04 2.4441069500e+04 1.5707963268e+00 2.2863771839e+00
2.0366871262e-04 2.4459287026e+04 1.5707963268e+00 2.2874890974e+00
2.0381695029e-04 2.4477518321e+04 1.5707963268e+00 2.2885993533e+00
2.0396512509e-04 2.4495763368e+04 1.5707963268e+00 2.2897079542e+00
2.0411323712e-04 2.4514022148e+04 1.5707963268e+00 2.2908149023e+00
2.0426128649e-04 2.4532294641e+04 1.5707963268e+00 2.2919202003e+00
2.0440927329e-04 2.4550580830e+04 1.5707963268e+00 2.2930238505e+00
2.0455719762e-04 2.4568880696e+04 1.5707963268e+00 2.2941258554e+00
2.0470505958e-04 2.4587194220e+04 1.5707963268e+00 2.2952262174e+00
2.0485285927e-04 2.4605521385e+04 1.5707963268e+00 2.2963249390e+00
2.0500059679e-04 2.4623862170e+04 1.5707963268e+00 2.2974220227e+00
2.0514827223e-04 2.4642216559e+04 1.5707963268e+00 2.2985174708e+00
2.0529588571e-04 2.4660584531e+04 1.5707963268e+00 2.2996112859e+00
2.0544343730e-04 2.4678966070e+04 1.5707963268e+00 2.3007034703e+00
2.0559092712e-04 2.4697361156e+04 1.5707963268e+00 2.3017940266e+00
2.0573835525e-04 2.4715769770e+04 1.5707963268e+00 2.3028829571e+00
2.0588572181e-04 2.4734191895e+04 1.5707963268e+00 2.3039702643e+00
2.0603302688e-04 2.4752627512e+04 1.5707963268e+00 2.3050559506e+00
2.0618027057e-04 2.4771076602e+04 1.5707963268e+00 2.3061400185e+00
2.0632745297e-04 2.4789539147e+04 1.5707963268e+00 2.3072224704e+00
2.0647457417e-04 2.4808015128e+04 1.5707963268e+00 2.3083033088e+00
2.0662163429e-04 2.4826504527e+04 1.5707963268e+00 2.3093825360e+00
2.0676863341e-04 2.4845007326e+04 1.5707963268e+00 2.3104601545e+00
2.0691557163e-04 2.4863523505e+04 1.5707963268e+00 2.3115361668e+00
2.0706244904e-04 2.4882053047e+04 1.5707963268e+00 2.3126105752e+00
2.0720926576e-04 2.4900595934e+04 1.5707963268e+00 2.3136833822e+00
2.0735602186e-04 2.4919152146e+04 1.5707963268e+00 2.3147545903e+00
2.0750271746e-04 2.4937721665e+04 1.5707963268e+00 2.3158242018e+00
2.0764935264e-04 2.4956304473e+04 1.5707963268e+00 2.3168922191e+00
2.0779592750e-04 2.4974900552e+04 1.5707963268e+00 2.3179586448e+00
2.0794244214e-04 2.4993509883e+04 1.5707963268e+00 2.3190234811e+00
2.0808889665e-04 2.5012132447e+04 1.5707963268e+00 2.3200867306e+00
2.0823529114e-04 2.5030768227e+04 1.5707963268e+00 2.3211483957e+00
2.0838162569e-04 2.5049417204e+04 1.5707963268e+00 2.3222084787e+00
2.0852790041e-04 2.5068079359e+04 1.5707963268e+00 2.3232669821e+00
2.0867411538e-04 2.5086754675e+04 1.5707963268e+00 2.3243239084e+00
2.0882027070e-04 2.5105443133e+04 1.5707963268e+00 2.3253792598e+00
2.0896636648e-04 2.5124144714e+04 1.5707963268e+00 2.3264330388e+00
2.0911240280e-04 2.5142859400e+04 1.5707963268e+00 2.3274852479e+00
2.0925837976e-04 2.5161587174e+04 1.5707963268e+00 2.3285358895e+00
2.0940429745e-04 2.5180328016e+04 1.5707963268e+00 2.3295849659e+00
2.0955015597e-04 2.5199081908e+04 1.5707963268e+00 2.3306324795e+00
2.0969595542e-04 2.5217848832e+04 1.5707963268e+00 2.3316784328e+00
2.0984169589e-04 2.5236628771e+04 1.5707963268e+00 2.3327228281e+00
2.0998737747e-04 2.5255421704e+04 1.5707963268e+00 2.3337656680e+00
2.1013300026e-04 2.5274227615e+04 1.5707963268e+00 2.3348069546e+00
2.1027856435e-04 2.5293046485e+04 1.5707963268e+00 2.3358466906e+00
2.1042406983e-04 2.5311878296e+04 1.5707963268e+00 2.3368848782e+00
2.1056951681e-04 2.5330723029e+04 1.5707963268e+00 2.3379215198e+00
2.1071490537e-04 2.5349580666e+04 1.5707963268e+00 2.3389566179e+00
2.1086023561e-04 2.5368451190e+04 1.5707963268e+00 2.3399901747e+00
2.1100550763e-04 2.5387334581e+04 1.5707963268e+00 2.3410221929e+00
2.1115072151e-04 2.5406230822e+04 1.5707963268e+00 2.3420526746e+00
2.1129587734e-04 2.5425139895e+04 1.5707963268e+00 2.3430816223e+00
2.1144097523e-04 2.5444061781e+04 1.5707963268e+00 2.3441090384e+00
2.1158601527e-04 2.5462996462e+04 1.5707963268e+00 2.3451349252e+00
2.1173099754e-04 2.5481943920e+04 1.5707963268e+00 2.3461592851e+00
2.1187592214e-04 2.5500904137e+04 1.5707963268e+00 2.3471821206e+00
2.1202078917e-04 2.5519877095e+04 1.5707963268e+00 2.3482034340e+00
2.1216559872e-04 2.5538862776e+04 1.5707963268e+00 2.3492232276e+00
2.1231035087e-04 2.5557861161e+04 1.5707963268e+00 2.3502415039e+00
2.1245504573e-04 2.5576872232e+04 1.5707963268e+00 2.3512582651e+00
2.1259968338e-04 2.5595895972e+04 1.5707963268e+00 2.3522735138e+00
2.1274426391e-04 2.5614932363e+04 1.5707963268e+00 2.3532872522e+00
2.1288878742e-04 2.5633981385e+04 1.5707963268e+00 2.3542994827e+00
2.1303325401e-04 2.5653043022e+04 1.5707963268e+00 2.3553102076e+00
2.1317766375e-04 2.5672117255e+04 1.5707963268e+00 2.3563194294e+00
2.1332201675e-04 2.5691204066e+04 1.5707963268e+00 2.3573271504e+00
2.1346631309e-04 2.5710303437e+04 1.5707963268e+00 2.3583333730e+00
2.1361055287e-04 2.5729415350e+04 1.5707963268e+00 2.3593380994e+00
2.1375473617e-04 2.5748539787e+04 1.5707963268e+00 2.3603413321e+00
2.1389886309e-04 2.5767676731e+04 1.5707963268e+00 2.3613430734e+00
2.1404293372e-04 2.5786826163e+04 1.5707963268e+00 2.3623433257e+00
2.1418694816e-04 2.5805988065e+04 1.5707963268e+00 2.3633420913e+00
2.1433090648e-04 2.5825162419e+04 1.5707963268e+00 2.3643393726e+00
2.1447480878e-04 2.5844349207e+04 1.5707963268e+00 2.3653351718e+00
2.1461865515e-04 2.5863548413e+04 1.5707963268e+00 2.3663294914e+00
2.1476244569e-04 2.5882760016e+04 1.5707963268e+00 2.3673223337e+00
2.1490618048e-04 2.5901984001e+04 1.5707963268e+00 2.3683137010e+00
2.1504985960e-04 2.5921220348e+04 1.5707963268e+00 2.3693035957e+00
2.1519348316e-04 2.5940469040e+04 1.5707963268e+00 2.3702920200e+00
2.1533705125e-04 2.5959730059e+04 1.5707963268e+00 2.3712789764e+00
2.1548056394e-04 2.5979003387e+04 1.5707963268e+00 2.3722644671e+00
2.1562402133e-04 2.5998289007e+04 1.5707963268e+00 2.3732484945e+00
2.1576742352e-04 2.6017586900e+04 1.5707963268e+00 2.3742310610e+00
2.1591077058e-04 2.6036897049e+04 1.5707963268e+00 2.3752121687e+00
2.1605406261e-04 2.6056219436e+04 1.5707963268e+00 2.3761918201e+00
2.1619729970e-04 2.6075554044e+04 1.5707963268e+00 2.3771700175e+00
2.1634048193e-04 2.6094900853e+04 1.5707963268e+00 2.3781467631e+00
2.1648360940e-04 2.6114259848e+04 1.5707963268e+00 2.3791220594e+00
2.1662668219e-04 2.6133631009e+04 1.5707963268e+00 2.3800959086e+00
2.1676970040e-04 2.6153014320e+04 1.5707963268e+00 2.3810683130e+00
2.1691266410e-04 2.6172409763e+04 1.5707963268e+00 2.3820392749e+00
2.1705557339e-04 2.6191817319e+04 1.5707963268e+00 2.3830087967e+00
2.1719842836e-04 2.6211236971e+04 1.5707963268e+00 2.3839768806e+00
2.1734122909e-04 2.6230668702e+04 1.5707963268e+00 2.3849435290e+00
2.1748397568e-04 2.6250112494e+04 1.5707963268e+00 2.3859087441e+00
2.1762666820e-04 2.6269568329e+04 1.5707963268e+00 2.3868725283e+00
2.1776930675e-04 2.6289036189e+04 1.5707963268e+00 2.3878348838e+00
2.1791189142e-04 2.6308516058e+04 1.5707963268e+00 2.3887958129e+00
2.1805442228e-04 2.6328007917e+04 1.5707963268e+00 2.3897553180e+00
2.1819689944e-04 2.6347511749e+04 1.5707963268e+00 2.3907134013e+00
2.1833932297e-04 2.6367027536e+04 1.5707963268e+00 2.3916700651e+00
2.1848169296e-04 2.6386555261e+04 1.5707963268e+00 2.3926253116e+00
2.1862400950e-04 2.6406094906e+04 1.5707963268e+00 2.3935791433e+00
2.1876627268e-04 2.6425646454e+04 1.5707963268e+00 2.3945315622e+00
2.1890848258e-04 2.6445209887e+04 1.5707963268e+00 2.3954825708e+00
2.1905063929e-04 2.6464785187e+04 1.5707963268e+00 2.3964321713e+00
2.1919274290e-04 2.6484372338e+04 1.5707963268e+00 2.3973803660e+00
2.1933479348e-04 2.6503971322e+04 1.5707963268e+00 2.3983271571e+00
2.1947679113e-04 2.6523582120e+04 1.5707963268e+00 2.3992725470e+00
2.1961873594e-04 2.6543204717e+04 1.5707963268e+00 2.4002165378e+00
2.1976062798e-04 2.6562839094e+04 1.5707963268e+00 2.4011591318e+00
2.1990246734e-04 2.6582485234e+04 1.5707963268e+00 2.4021003314e+00
2.2004425412e-04 2.6602143120e+04 1.5707963268e+00 2.4030401387e+00
2.2018598839e-04 2.6621812734e+04 1.5707963268e+00 2.4039785560e+00
2.2032767024e-04 2.6641494059e+04 1.5707963268e+00 2.4049155856e+00
2.2046929975e-04 2.6661187077e+04 1.5707963268e+00 2.4058512297e+00
2.2061087701e-04 2.6680891772e+04 1.5707963268e+00 2.4067854905e+00
2.2075240211e-04 2.6700608125e+04 1.5707963268e+00 2.4077183704e+00
2.2089387512e-04 2.6720336121e+04 1.5707963268e+00 2.4086498716e+00
2.2103529614e-04 2.6740075740e+04 1.5707963268e+00 2.4095799963e+00
2.2117666524e-04 2.6759826967e+04 1.5707963268e+00 2.4105087467e+00
2.2131798252e-04 2.6779589783e+04 1.5707963268e+00 2.4114361250e+00
2.2145924805e-04 2.6799364173e+04 1.5707963268e+00 2.4123621336e+00
2.2160046192e-04 2.6819150117e+04 1.5707963268e+00 2.4132867747e+00
2.2174162422e-04 2.6838947600e+04 1.5707963268e+00 2.4142100504e+00
2.2188273502e-04 2.6858756604e+04 1.5707963268e+00 2.4151319630e+00
2.2202379441e-04 2.6878577111e+04 1.5707963268e+00 2.4160525148e+00
2.2216480247e-04 2.6898409106e+04 1.5707963268e+00 2.4169717079e+00
2.2230575930e-04 2.6918252570e+04 1.5707963268e+00 2.4178895445e+00
2.2244666496e-04 2.6938107486e+04 1.5707963268e+00 2.4188060270e+00
2.2258751954e-04 2.6957973838e+04 1.5707963268e+00 2.4197211575e+00
2.2272832313e-04 2.6977851608e+04 1.5707963268e+00 2.4206349382e+00
2.2286907582e-04 2.6997740779e+04 1.5707963268e+00 2.4215473713e+00
2.2300977767e-04 2.7017641334e+04 1.5707963268e+00 2.4224584590e+00
2.2315042877e-04 2.7037553256e+04 1.5707963268e+00 2.4233682036e+00
2.2329102921e-04 2.7057476529e+04 1.5707963268e+00 2.4242766072e+00
2.2343157907e-04 2.7077411134e+04 1.5707963268e+00 2.4251836721e+00
2.2357207844e-04 2.7097357056e+04 1.5707963268e+00 2.4260894004e+00
2.2371252738e-04 2.7117314276e+04 1.5707963268e+00 2.4269937944e+00
2.2385292598e-04 2.7137282779e+04 1.5707963268e+00 2.4278968561e+00
2.2399327434e-04 2.7157262547e+04 1.5707963268e+00 2.4287985879e+00
2.2413357252e-04 2.7177253563e+04 1.5707963268e+00 2.4296989919e+00
2.2427382061e-04 2.7197255811e+04 1.5707963268e+00 2.4305980703e+00
2.2441401869e-04 2.7217269273e+04 1.5707963268e+00 2.4314958252e+00
2.2455416684e-04 2.7237293933e+04 1.5707963268e+00 2.4323922589e+00
2.2469426514e-04 2.7257329773e+04 1.5707963268e+00 2.4332873736e+00
2.2483431367e-04 2.7277376778e+04 1.5707963268e+00 2.4341811713e+00
2.2497431252e-04 2.7297434929e+04 1.5707963268e+00 2.4350736543e+00
2.2511426177e-04 2.7317504211e+04 1.5707963268e+00 2.4359648247e+00
2.2525416149e-04 2.7337584607e+04 1.5707963268e+00 2.4368546848e+00
2.2539401176e-04 2.7357676099e+04 1.5707963268e+00 2.4377432366e+00
2.2553381267e-04 2.7377778671e+04 1.5707963268e+00 2.4386304824e+00
2.2567356429e-04 2.7397892307e+04 1.5707963268e+00 2.4395164242e+00
2.2581326671e-04 2.7418016989e+04 1.5707963268e+00 2.4404010643e+00
2.2595292001e-04 2.7438152701e+04 1.5707963268e+00 2.4412844049e+00
2.2609252426e-04 2.7458299426e+04 1.5707963268e+00 2.4421664479e+00
2.2623207955e-04 2.7478457147e+04 1.5707963268e+00 2.4430471957e+00
2.2637158595e-04 2.7498625849e+04 1.5707963268e+00 2.4439266503e+00
2.2651104354e-04 2.7518805514e+04 1.5707963268e+00 2.4448048139e+00
2.2665045240e-04 2.7538996125e+04 1.5707963268e+00 2.4456816887e+00
2.2678981262e-04 2.7559197666e+04 1.5707963268e+00 2.4465572767e+00
2.2692912427e-04 2.7579410121e+04 1.5707963268e+00 2.4474315801e+00
2.2706838743e-04 2.7599633473e+04 1.5707963268e+00 2.4483046010e+00
2.2720760217e-04 2.7619867705e+04 1.5707963268e+00 2.4491763416e+00
2.2734676858e-04 2.7640112801e+04 1.5707963268e+00 2.4500468041e+00
2.2748588674e-04 2.7660368744e+04 1.5707963268e+00 2.4509159904e+00
2.2762495672e-04 2.7680635519e+04 1.5707963268e+00 2.4517839028e+00
2.2776397860e-04 2.7700913107e+04 1.5707963268e+00 2.4526505433e+00
2.2790295246e-04 2.7721201494e+04 1.5707963268e+00 2.4535159141e+00
2.2804187837e-04 2.7741500662e+04 1.5707963268e+00 2.4543800173e+00
2.2818075642e-04 2.7761810595e+04 1.5707963268e+00 2.4552428550e+00
2.2831958669e-04 2.7782131276e+04 1.5707963268e+00 2.4561044293e+00
2.2845836924e-04 2.7802462690e+04 1.5707963268e+00 2.4569647423e+00
2.2859710416e-04 2.7822804820e+04 1.5707963268e+00 2.4578237962e+00
2.2873579153e-04 2.7843157650e+04 1.5707963268e+00 2.4586815930e+00
2.2887443141e-04 2.7863521163e+04 1.5707963268e+00 2.4595381347e+00
2.2901302390e-04 2.7883895343e+04 1.5707963268e+00 2.4603934236e+00
2.2915156906e-04 2.7904280173e+04 1.5707963268e+00 2.4612474617e+00
2.2929006697e-04 2.7924675638e+04 1.5707963268e+00 2.4621002511e+00
2.2942851771e-04 2.7945081721e+04 1.5707963268e+00 2.4629517939e+00
2.2956692136e-04 2.7965498406e+04 1.5707963268e+00 2.4638020921e+00
2.2970527798e-04 2.7985925677e+04 1.5707963268e+00 2.4646511478e+00
2.2984358767e-04 2.8006363517e+04 1.5707963268e+00 2.4654989632e+00
2.2998185049e-04 2.8026811911e+04 1.5707963268e+00 2.4663455403e+00
2.3012006651e-04 2.8047270842e+04 1.5707963268e+00 2.4671908812e+00
2.3025823583e-04 2.8067740294e+04 1.5707963268e+00 2.4680349879e+00
2.3039635850e-04 2.8088220251e+04 1.5707963268e+00 2.4688778625e+00
2.3053443461e-04 2.8108710696e+04 1.5707963268e+00 2.4697195071e+00
2.3067246423e-04 2.8129211615e+04 1.5707963268e+00 2.4705599237e+00
2.3081044744e-04 2.8149722990e+04 1.5707963268e+00 2.4713991144e+00
2.3094838431e-04 2.8170244806e+04 1.5707963268e+00 2.4722370813e+00
2.3108627492e-04 2.8190777046e+04 1.5707963268e+00 2.4730738263e+00
2.3122411934e-04 2.8211319695e+04 1.5707963268e+00 2.4739093516e+00
2.3136191765e-04 2.8231872736e+04 1.5707963268e+00 2.4747436593e+00
2.3149966992e-04 2.8252436154e+04 1.5707963268e+00 2.4755767512e+00
2.3163737623e-04 2.8273009933e+04 1.5707963268e+00 2.4764086296e+00
2.3177503664e-04 2.8293594057e+04 1.5707963268e+00 2.4772392964e+00
2.3191265124e-04 2.8314188509e+04 1.5707963268e+00 2.4780687537e+00
2.3205022010e-04 2.8334793274e+04 1.5707963268e+00 2.4788970034e+00
2.3218774330e-04 2.8355408337e+04 1.5707963268e+00 2.4797240477e+00
2.3232522089e-04 2.8376033680e+04 1.5707963268e+00 2.4805498886e+00
2.3246265297e-04 2.8396669289e+04 1.5707963268e+00 2.4813745281e+00
2.3260003961e-04 2.8417315147e+04 1.5707963268e+00 2.4821979681e+00
2.3273738087e-04 2.8437971240e+04 1.5707963268e+00 2.4830202108e+00
2.3287467683e-04 2.8458637550e+04 1.5707963268e+00 2.4838412582e+00
2.3301192757e-04 2.8479314062e+04 1.5707963268e+00 2.4846611122e+00
2.3314913315e-04 2.8500000761e+04 1.5707963268e+00 2.4854797749e+00
2.3328629366e-04 2.8520697630e+04 1.5707963268e+00 2.4862972483e+00
2.3342340915e-04 2.8541404655e+04 1.5707963268e+00 2.4871135343e+00
2.3356047972e-04 2.8562121818e+04 1.5707963268e+00 2.4879286351e+00
2.3369750542e-04 2.8582849106e+04 1.5707963268e+00 2.4887425525e+00
2.3383448633e-04 2.8603586501e+04 1.5707963268e+00 2.4895552887e+00
2.3397142253e-04 2.8624333989e+04 1.5707963268e+00 2.4903668455e+00
2.3410831408e-04 2.8645091553e+04 1.5707963268e+00 2.4911772251e+00
2.3424516106e-04 2.8665859179e+04 1.5707963268e+00 2.4919864293e+00
2.3438196354e-04 2.8686636850e+04 1.5707963268e+00 2.4927944601e+00
2.3451872159e-04 2.8707424552e+04 1.5707963268e+00 2.4936013196e+00
2.3465543529e-04 2.8728222268e+04 1.5707963268e+00 2.4944070097e+00
2.3479210469e-04 2.8749029983e+04 1.5707963268e+00 2.4952115324e+00
2.3492872989e-04 2.8769847681e+04 1.5707963268e+00 2.4960148897e+00
2.3506531094e-04 2.8790675347e+04 1.5707963268e+00 2.4968170836e+00
2.3520184792e-04 2.8811512966e+04 1.5707963268e+00 2.4976181159e+00
2.3533834091e-04 2.8832360523e+04 1.5707963268e+00 2.4984179888e+00
2.3547478996e-04 2.8853218001e+04 1.5707963268e+00 2.4992167041e+00
2.3561119515e-04 2.8874085385e+04 1.5707963268e+00 2.5000142638e+00
2.3574755656e-04 2.8894962660e+04 1.5707963268e+00 2.5008106699e+00
2.3588387425e-04 2.8915849811e+04 1.5707963268e+00 2.5016059243e+00
2.3602014830e-04 2.8936746822e+04 1.5707963268e+00 2.5024000289e+00
2.3615637876e-04 2.8957653678e+04 1.5707963268e+00 2.5031929858e+00
2.3629256573e-04 2.8978570363e+04 1.5707963268e+00 2.5039847969e+00
2.3642870925e-04 2.8999496863e+04 1.5707963268e+00 2.5047754641e+00
2.3656480942e-04 2.9020433162e+04 1.5707963268e+00 2.5055649894e+00
2.3670086628e-04 2.9041379245e+04 1.5707963268e+00 2.5063533746e+00
2.3683687992e-04 2.9062335097e+04 1.5707963268e+00 2.5071406218e+00
2.3697285040e-04 2.9083300701e+04 1.5707963268e+00 2.5079267329e+00
2.3710877780e-04 2.9104276045e+04 1.5707963268e+00 2.5087117097e+00
2.3724466218e-04 2.9125261111e+04 1.5707963268e+00 2.5094955543e+00
2.3738050361e-04 2.9146255885e+04 1.5707963268e+00 2.5102782685e+00
2.3751630216e-04 2.9167260352e+04 1.5707963268e+00 2.5110598543e+00
2.3765205790e-04 2.9188274497e+04 1.5707963268e+00 2.5118403136e+00
2.3778777090e-04 2.9209298304e+04 1.5707963268e+00 2.5126196483e+00
2.3792344123e-04 2.9230331759e+04 1.5707963268e+00 2.5133978603e+00
2.3805906896e-04 2.9251374847e+04 1.5707963268e+00 2.5141749515e+00
2.3819465415e-04 2.9272427552e+04 1.5707963268e+00 2.5149509239e+00
2.3833019687e-04 2.9293489859e+04 1.5707963268e+00 2.5157257793e+00
2.3846569719e-04 2.9314561754e+04 1.5707963268e+00 2.5164995196e+00
2.3860115518e-04 2.9335643222e+04 1.5707963268e+00 2.5172721468e+00
2.3873657091e-04 2.9356734247e+04 1.5707963268e+00 2.5180436628e+00
2.3887194445e-04 2.9377834815e+04 1.5707963268e+00 2.5188140693e+00
2.3900727586e-04 2.9398944910e+04 1.5707963268e+00 2.5195833684e+00
2.3914256521e-04 2.9420064519e+04 1.5707963268e+00 2.5203515619e+00
2.3927781257e-04 2.9441193625e+04 1.5707963268e+00 2.5211186516e+00
2.3941301800e-04 2.9462332215e+04 1.5707963268e+00 2.5218846396e+00
2.3954818158e-04 2.9483480273e+04 1.5707963268e+00 2.5226495275e+00
2.3968330337e-04 2.9504637784e+04 1.5707963268e+00 2.5234133175e+00
2.3981838344e-04 2.9525804734e+04 1.5707963268e+00 2.5241760112e+00
2.3995342185e-04 2.9546981109e+04 1.5707963268e+00 2.5249376106e+00
2.4008841867e-04 2.9568166892e+04 1.5707963268e+00 2.5256981175e+00
2.4022337397e-04 2.9589362070e+04 1.5707963268e+00 2.5264575338e+00
2.4035828781e-04 2.9610566628e+04 1.5707963268e+00 2.5272158614e+00
2.4049316027e-04 2.9631780551e+04 1.5707963268e+00 2.5279731021e+00
2.4062799140e-04 2.9653003824e+04 1.5707963268e+00 2.5287292578e+00
2.4076278128e-04 2.9674236433e+04 1.5707963268e+00 2.5294843304e+00
2.4089752997e-04 2.9695478364e+04 1.5707963268e+00 2.5302383216e+00
2.4103223753e-04 2.9716729600e+04 1.5707963268e+00 2.5309912333e+00
2.4116690403e-04 2.9737990129e+04 1.5707963268e+00 2.5317430674e+00
2.4130152954e-04 2.9759259936e+04 1.5707963268e+00 2.5324938257e+00
2.4143611413e-04 2.9780539005e+04 1.5707963268e+00 2.5332435101e+00
2.4157065785e-04 2.9801827322e+04 1.5707963268e+00 2.5339921224e+00
2.4170516078e-04 2.9823124873e+04 1.5707963268e+00 2.5347396644e+00
2.4183962298e-04 2.9844431644e+04 1.5707963268e+00 2.5354861380e+00
2.4197404451e-04 2.9865747619e+04 1.5707963268e+00 2.5362315449e+00
2.4210842544e-04 2.9887072785e+04 1.5707963268e+00 2.5369758870e+00
2.4224276583e-04 2.9908407127e+04 1.5707963268e+00 2.5377191662e+00
2.4237706576e-04 2.9929750630e+04 1.5707963268e+00 2.5384613842e+00
2.4251132528e-04 2.9951103281e+04 1.5707963268e+00 2.5392025429e+00
2.4264554445e-04 2.9972465064e+04 1.5707963268e+00 2.5399426441e+00
2.4277972335e-04 2.9993835966e+04 1.5707963268e+00 2.5406816895e+00
2.4291386204e-04 3.0015215972e+04 1.5707963268e+00 2.5414196810e+00
2.4304796058e-04 3.0036605068e+04 1.5707963268e+00 2.5421566205e+00
2.4318201904e-04 3.0058003240e+04 1.5707963268e+00 2.5428925096e+00
2.4331603747e-04 3.0079410472e+04 1.5707963268e+00 2.5436273503e+00
2.4345001595e-04 3.0100826752e+04 1.5707963268e+00 2.5443611442e+00
2.4358395454e-04 3.0122252065e+04 1.5707963268e+00 2.5450938932e+00
2.4371785330e-04 3.0143686396e+04 1.5707963268e+00 2.5458255991e+00
2.4385171229e-04 3.0165129731e+04 1.5707963268e+00 2.5465562637e+00
2.4398553158e-04 3.0186582057e+04 1.5707963268e+00 2.5472858887e+00
2.4411931123e-04 3.0208043359e+04 1.5707963268e+00 2.5480144760e+00
2.4425305131e-04 3.0229513623e+04 1.5707963268e+00 2.5487420273e+00
2.4438675187e-04 3.0250992834e+04 1.5707963268e+00 2.5494685444e+00
2.4452041299e-04 3.0272480980e+04 1.5707963268e+00 2.5501940290e+00
2.4465403471e-04 3.0293978045e+04 1.5707963268e+00 2.5509184830e+00
2.4478761712e-04 3.0315484016e+04 1.5707963268e+00 2.5516419080e+00
2.4492116026e-04 3.0336998878e+04 1.5707963268e+00 2.5523643060e+00
2.4505466421e-04 3.0358522618e+04 1.5707963268e+00 2.5530856786e+00
2.4518812902e-04 3.0380055222e+04 1.5707963268e+00 2.5538060275e+00
2.4532155475e-04 3.0401596675e+04 1.5707963268e+00 2.5545253546e+00
2.4545494148e-04 3.0423146964e+04 1.5707963268e+00 2.5552436616e+00
2.4558828925e-04 3.0444706074e+04 1.5707963268e+00 2.5559609503e+00
2.4572159814e-04 3.0466273993e+04 1.5707963268e+00 2.5566772223e+00
2.4585486820e-04 3.0487850706e+04 1.5707963268e+00 2.5573924795e+00
2.4598809949e-04 3.0509436198e+04 1.5707963268e+00 2.5581067236e+00
2.4612129209e-04 3.0531030457e+04 1.5707963268e+00 2.5588199563e+00
2.4625444604e-04 3.0552633469e+04 1.5707963268e+00 2.5595321794e+00
2.4638756141e-04 3.0574245218e+04 1.5707963268e+00 2.5602433946e+00
2.4652063827e-04 3.0595865693e+04 1.5707963268e+00 2.5609536036e+00
2.4665367667e-04 3.0617494879e+04 1.5707963268e+00 2.5616628081e+00
2.4678667667e-04 3.0639132762e+04 1.5707963268e+00 2.5623710100e+00
2.4691963833e-04 3.0660779329e+04 1.5707963268e+00 2.5630782108e+00
2.4705256173e-04 3.0682434566e+04 1.5707963268e+00 2.5637844124e+00
2.4718544690e-04 3.0704098459e+04 1.5707963268e+00 2.5644896164e+00
2.4731829393e-04 3.0725770994e+04 1.5707963268e+00 2.5651938246e+00
2.4745110286e-04 3.0747452158e+04 1.5707963268e+00 2.5658970386e+00
2.4758387376e-04 3.0769141938e+04 1.5707963268e+00 2.5665992602e+00
2.4771660669e-04 3.0790840319e+04 1.5707963268e+00 2.5673004911e+00
2.4784930171e-04 3.0812547288e+04 1.5707963268e+00 2.5680007330e+00
2.4798195887e-04 3.0834262831e+04 1.5707963268e+00 2.5686999875e+00
2.4811457825e-04 3.0855986936e+04 1.5707963268e+00 2.5693982565e+00
2.4824715989e-04 3.0877719588e+04 1.5707963268e+00 2.5700955415e+00
2.4837970386e-04 3.0899460774e+04 1.5707963268e+00 2.5707918443e+00
2.4851221021e-04 3.0921210480e+04 1.5707963268e+00 2.5714871665e+00
2.4864467902e-04 3.0942968693e+04 1.5707963268e+00 2.5721815099e+00
2.4877711033e-04 3.0964735400e+04 1.5707963268e+00 2.5728748761e+00
2.4890950420e-04 3.0986510586e+04 1.5707963268e+00 2.5735672668e+00
2.4904186070e-04 3.1008294240e+04 1.5707963268e+00 2.5742586837e+00
2.4917417989e-04 3.1030086346e+04 1.5707963268e+00 2.5749491285e+00
2.4930646181e-04 3.1051886893e+04 1.5707963268e+00 2.5756386028e+00
2.4943870654e-04 3.1073695866e+04 1.5707963268e+00 2.5763271083e+00
2.4957091413e-04 3.1095513252e+04 1.5707963268e+00 2.5770146467e+00
2.4970308464e-04 3.1117339038e+04 1.5707963268e+00 2.5777012196e+00
2.4983521812e-04 3.1139173210e+04 1.5707963268e+00 2.5783868288e+00
2.4996731465e-04 3.1161015756e+04 1.5707963268e+00 2.5790714757e+00
2.5009937426e-04 3.1182866662e+04 1.5707963268e+00 2.5797551622e+00
2.5023139703e-04 3.1204725915e+04 1.5707963268e+00 2.5804378898e+00
2.5036338301e-04 3.1226593502e+04 1.5707963268e+00 2.5811196603e+00
2.5049533226e-04 3.1248469409e+04 1.5707963268e+00 2.5818004752e+00
2.5062724483e-04 3.1270353623e+04 1.5707963268e+00 2.5824803362e+00
2.5075912079e-04 3.1292246131e+04 1.5707963268e+00 2.5831592450e+00
2.5089096019e-04 3.1314146921e+04 1.5707963268e+00 2.5838372031e+00
2.5102276309e-04 3.1336055978e+04 1.5707963268e+00 2.5845142123e+00
2.5115452954e-04 3.1357973290e+04 1.5707963268e+00 2.5851902741e+00
2.5128625961e-04 3.1379898844e+04 1.5707963268e+00 2.5858653903e+00
2.5141795335e-04 3.1401832626e+04 1.5707963268e+00 2.5865395623e+00
2.5154961082e-04 3.1423774624e+04 1.5707963268e+00 2.5872127919e+00
2.5168123208e-04 3.1445724825e+04 1.5707963268e+00 2.5878850806e+00
2.5181281718e-04 3.1467683215e+04 1.5707963268e+00 2.5885564301e+00
2.5194436618e-04 3.1489649782e+04 1.5707963268e+00 2.5892268420e+00
2.5207587913e-04 3.1511624512e+04 1.5707963268e+00 2.5898963180e+00
2.5220735610e-04 3.1533607394e+04 1.5707963268e+00 2.5905648595e+00
2.5233879714e-04 3.1555598413e+04 1.5707963268e+00 2.5912324683e+00
2.5247020230e-04 3.1577597557e+04 1.5707963268e+00 2.5918991460e+00
2.5260157164e-04 3.1599604813e+04 1.5707963268e+00 2.5925648940e+00
2.5273290522e-04 3.1621620168e+04 1.5707963268e+00 2.5932297142e+00
2.5286420310e-04 3.1643643610e+04 1.5707963268e+00 2.5938936079e+00
2.5299546533e-04 3.1665675126e+04 1.5707963268e+00 2.5945565769e+00
2.5312669196e-04 3.1687714702e+04 1.5707963268e+00 2.5952186228e+00
2.5325788305e-04 3.1709762326e+04 1.5707963268e+00 2.5958797470e+00
2.5338903867e-04 3.1731817985e+04 1.5707963268e+00 2.5965399513e+00
2.5352015885e-04 3.1753881667e+04 1.5707963268e+00 2.5971992372e+00
2.5365124366e-04 3.1775953358e+04 1.5707963268e+00 2.5978576062e+00
2.5378229316e-04 3.1798033047e+04 1.5707963268e+00 2.5985150600e+00
2.5391330740e-04 3.1820120720e+04 1.5707963268e+00 2.5991716001e+00
2.5404428643e-04 3.1842216365e+04 1.5707963268e+00 2.5998272281e+00
2.5417523031e-04 3.1864319969e+04 1.5707963268e+00 2.6004819456e+00
2.5430613910e-04 3.1886431519e+04 1.5707963268e+00 2.6011357542e+00
2.5443701284e-04 3.1908551003e+04 1.5707963268e+00 2.6017886553e+00
2.5456785160e-04 3.1930678409e+04 1.5707963268e+00 2.6024406506e+00
2.5469865543e-04 3.1952813723e+04 1.5707963268e+00 2.6030917417e+00
2.5482942438e-04 3.1974956933e+04 1.5707963268e+00 2.6037419300e+00
2.5496015851e-04 3.1997108027e+04 1.5707963268e+00 2.6043912172e+00
2.5509085787e-04 3.2019266993e+04 1.5707963268e+00 2.6050396047e+00
2.5522152251e-04 3.2041433816e+04 1.5707963268e+00 2.6056870943e+00
2.5535215250e-04 3.2063608487e+04 1.5707963268e+00 2.6063336873e+00
2.5548274788e-04 3.2085790990e+04 1.5707963268e+00 2.6069793853e+00
2.5561330871e-04 3.2107981316e+04 1.5707963268e+00 2.6076241899e+00
2.5574383504e-04 3.2130179450e+04 1.5707963268e+00 2.6082681027e+00
2.5587432693e-04 3.2152385381e+04 1.5707963268e+00 2.6089111250e+00
2.5600478443e-04 3.2174599095e+04 1.5707963268e+00 2.6095532586e+00
2.5613520759e-04 3.2196820582e+04 1.5707963268e+00 2.6101945049e+00
2.5626559646e-04 3.2219049828e+04 1.5707963268e+00 2.6108348654e+00
2.5639595111e-04 3.2241286822e+04 1.5707963268e+00 2.6114743417e+00
2.5652627158e-04 3.2263531550e+04 1.5707963268e+00 2.6121129353e+00
2.5665655793e-04 3.2285784001e+04 1.5707963268e+00 2.6127506477e+00
2.5678681021e-04 3.2308044162e+04 1.5707963268e+00 2.6133874804e+00
2.5691702846e-04 3.2330312022e+04 1.5707963268e+00 2.6140234349e+00
2.5704721276e-04 3.2352587567e+04 1.5707963268e+00 2.6146585129e+00
2.5717736314e-04 3.2374870786e+04 1.5707963268e+00 2.6152927156e+00
2.5730747966e-04 3.2397161667e+04 1.5707963268e+00 2.6159260448e+00
2.5743756238e-04 3.2419460197e+04 1.5707963268e+00 2.6165585018e+00
2.5756761134e-04 3.2441766364e+04 1.5707963268e+00 2.6171900882e+00
2.5769762660e-04 3.2464080156e+04 1.5707963268e+00 2.6178208055e+00
2.5782760821e-04 3.2486401562e+04 1.5707963268e+00 2.6184506552e+00
2.5795755622e-04 3.2508730568e+04 1.5707963268e+00 2.6190796387e+00
2.5808747069e-04 3.2531067164e+04 1.5707963268e+00 2.6197077575e+00
2.5821735166e-04 3.2553411336e+04 1.5707963268e+00 2.6203350133e+00
2.5834719919e-04 3.2575763073e+04 1.5707963268e+00 2.6209614073e+00
2.5847701333e-04 3.2598122363e+04 1.5707963268e+00 2.6215869412e+00
2.5860679414e-04 3.2620489194e+04 1.5707963268e+00 2.6222116163e+00
2.5873654165e-04 3.2642863553e+04 1.5707963268e+00 2.6228354343e+00
2.5886625593e-04 3.2665245430e+04 1.5707963268e+00 2.6234583964e+00
2.5899593703e-04 3.2687634812e+04 1.5707963268e+00 2.6240805043e+00
2.5912558500e-04 3.2710031687e+04 1.5707963268e+00 2.6247017594e+00
2.5925519988e-04 3.2732436043e+04 1.5707963268e+00 2.6253221632e+00
2.5938478173e-04 3.2754847868e+04 1.5707963268e+00 2.6259417170e+00
2.5951433061e-04 3.2777267151e+04 1.5707963268e+00 2.6265604225e+00
2.5964384656e-04 3.2799693879e+04 1.5707963268e+00 2.6271782810e+00
2.5977332963e-04 3.2822128042e+04 1.5707963268e+00 2.6277952940e+00
2.5990277987e-04 3.2844569626e+04 1.5707963268e+00 2.6284114630e+00
2.6003219734e-04 3.2867018621e+04 1.5707963268e+00 2.6290267893e+00
2.6016158208e-04 3.2889475014e+04 1.5707963268e+00 2.6296412746e+00
2.6029093414e-04 3.2911938794e+04 1.5707963268e+00 2.6302549201e+00
2.6042025358e-04 3.2934409949e+04 1.5707963268e+00 2.6308677274e+00
2.6054954045e-04 3.2956888468e+04 1.5707963268e+00 2.6314796979e+00
2.6067879479e-04 3.2979374338e+04 1.5707963268e+00 2.6320908330e+00
2.6080801666e-04 3.3001867548e+04 1.5707963268e+00 2.6327011342e+00
2.6093720611e-04 3.3024368087e+04 1.5707963268e+00 2.6333106028e+00
2.6106636318e-04 3.3046875943e+04 1.5707963268e+00 2.6339192405e+00
2.6119548792e-04 3.3069391103e+04 1.5707963268e+00 2.6345270484e+00
2.6132458039e-04 3.3091913557e+04 1.5707963268e+00 2.6351340282e+00
2.6145364064e-04 3.3114443294e+04 1.5707963268e+00 2.6357401812e+00
2.6158266871e-04 3.3136980300e+04 1.5707963268e+00 2.6363455088e+00
2.6171166465e-04 3.3159524566e+04 1.5707963268e+00 2.6369500124e+00
2.6184062852e-04 3.3182076079e+04 1.5707963268e+00 2.6375536936e+00
2.6196956036e-04 3.3204634828e+04 1.5707963268e+00 2.6381565536e+00
2.6209846022e-04 3.3227200801e+04 1.5707963268e+00 2.6387585939e+00
2.6222732815e-04 3.3249773987e+04 1.5707963268e+00 2.6393598159e+00
2.6235616419e-04 3.3272354375e+04 1.5707963268e+00 2.6399602210e+00
2.6248496841e-04 3.3294941953e+04 1.5707963268e+00 2.6405598107e+00
2.6261374085e-04 3.3317536710e+04 1.5707963268e+00 2.6411585862e+00
2.6274248155e-04 3.3340138634e+04 1.5707963268e+00 2.6417565491e+00
2.6287119056e-04 3.3362747714e+04 1.5707963268e+00 2.6423537007e+00
2.6299986794e-04 3.3385363939e+04 1.5707963268e+00 2.6429500423e+00
2.6312851373e-04 3.3407987297e+04 1.5707963268e+00 2.6435455755e+00
2.6325712798e-04 3.3430617777e+04 1.5707963268e+00 2.6441403016e+00
2.6338571073e-04 3.3453255367e+04 1.5707963268e+00 2.6447342219e+00
2.6351426204e-04 3.3475900057e+04 1.5707963268e+00 2.6453273378e+00
2.6364278196e-04 3.3498551836e+04 1.5707963268e+00 2.6459196509e+00
2.6377127053e-04 3.3521210691e+04 1.5707963268e+00 2.6465111623e+00
2.6389972779e-04 3.3543876612e+04 1.5707963268e+00 2.6471018735e+00
2.6402815381e-04 3.3566549588e+04 1.5707963268e+00 2.6476917858e+00
2.6415654862e-04 3.3589229607e+04 1.5707963268e+00 2.6482809007e+00
2.6428491227e-04 3.3611916658e+04 1.5707963268e+00 2.6488692195e+00
2.6441324481e-04 3.3634610730e+04 1.5707963268e+00 2.6494567436e+00
2.6454154629e-04 3.3657311812e+04 1.5707963268e+00 2.6500434743e+00
2.6466981676e-04 3.3680019893e+04 1.5707963268e+00 2.6506294130e+00
2.6479805625e-04 3.3702734961e+04 1.5707963268e+00 2.6512145610e+00
2.6492626483e-04 3.3725457007e+04 1.5707963268e+00 2.6517989198e+00
2.6505444254e-04 3.3748186018e+04 1.5707963268e+00 2.6523824906e+00
2.6518258941e-04 3.3770921983e+04 1.5707963268e+00 2.6529652748e+00
2.6531070551e-04 3.3793664892e+04 1.5707963268e+00 2.6535472738e+00
2.6543879088e-04 3.3816414734e+04 1.5707963268e+00 2.6541284889e+00
2.6556684555e-04 3.3839171497e+04 1.5707963268e+00 2.6547089215e+00
2.6569486959e-04 3.3861935170e+04 1.5707963268e+00 2.6552885728e+00
2.6582286304e-04 3.3884705744e+04 1.5707963268e+00 2.6558674443e+00
2.6595082594e-04 3.3907483206e+04 1.5707963268e+00 2.6564455373e+00
2.6607875834e-04 3.3930267546e+04 1.5707963268e+00 2.6570228531e+00
2.6620666029e-04 3.3953058753e+04 1.5707963268e+00 2.6575993930e+00
2.6633453182e-04 3.3975856816e+04 1.5707963268e+00 2.6581751583e+00
2.6646237300e-04 3.3998661724e+04 1.5707963268e+00 2.6587501505e+00
2.6659018386e-04 3.4021473467e+04 1.5707963268e+00 2.6593243708e+00
2.6671796446e-04 3.4044292033e+04 1.5707963268e+00 2.6598978205e+00
2.6684571482e-04 3.4067117412e+04 1.5707963268e+00 2.6604705010e+00
2.6697343501e-04 3.4089949593e+04 1.5707963268e+00 2.6610424136e+00
2.6710112507e-04 3.4112788565e+04 1.5707963268e+00 2.6616135595e+00
2.6722878504e-04 3.4135634318e+04 1.5707963268e+00 2.6621839402e+00
2.6735641497e-04 3.4158486841e+04 1.5707963268e+00 2.6627535569e+00
2.6748401491e-04 3.4181346122e+04 1.5707963268e+00 2.6633224109e+00
2.6761158489e-04 3.4204212152e+04 1.5707963268e+00 2.6638905036e+00
2.6773912497e-04 3.4227084919e+04 1.5707963268e+00 2.6644578361e+00
2.6786663519e-04 3.4249964414e+04 1.5707963268e+00 2.6650244100e+00
2.6799411560e-04 3.4272850625e+04 1.5707963268e+00 2.6655902263e+00
2.6812156623e-04 3.4295743541e+04 1.5707963268e+00 2.6661552865e+00
2.6824898714e-04 3.4318643153e+04 1.5707963268e+00 2.6667195918e+00
2.6837637837e-04 3.4341549449e+04 1.5707963268e+00 2.6672831435e+00
2.6850373996e-04 3.4364462420e+04 1.5707963268e+00 2.6678459430e+00
2.6863107197e-04 3.4387382054e+04 1.5707963268e+00 2.6684079914e+00
2.6875837442e-04 3.4410308340e+04 1.5707963268e+00 2.6689692901e+00
2.6888564738e-04 3.4433241269e+04 1.5707963268e+00 2.6695298403e+00
2.6901289088e-04 3.4456180830e+04 1.5707963268e+00 2.6700896434e+00
2.6914010496e-04 3.4479127013e+04 1.5707963268e+00 2.6706487006e+00
2.6926728968e-04 3.4502079806e+04 1.5707963268e+00 2.6712070132e+00
2.6939444507e-04 3.4525039200e+04 1.5707963268e+00 2.6717645825e+00
2.6952157118e-04 3.4548005183e+04 1.5707963268e+00 2.6723214096e+00
2.6964866806e-04 3.4570977747e+04 1.5707963268e+00 2.6728774960e+00
2.6977573574e-04 3.4593956880e+04 1.5707963268e+00 2.6734328429e+00
2.6990277428e-04 3.4616942571e+04 1.5707963268e+00 2.6739874515e+00
2.7002978370e-04 3.4639934812e+04 1.5707963268e+00 2.6745413230e+00
2.7015676407e-04 3.4662933590e+04 1.5707963268e+00 2.6750944588e+00
2.7028371542e-04 3.4685938896e+04 1.5707963268e+00 2.6756468602e+00
2.7041063780e-04 3.4708950720e+04 1.5707963268e+00 2.6761985282e+00
2.7053753125e-04 3.4731969051e+04 1.5707963268e+00 2.6767494643e+00
2.7066439580e-04 3.4754993879e+04 1.5707963268e+00 2.6772996697e+00
2.7079123152e-04 3.4778025194e+04 1.5707963268e+00 2.6778491455e+00
2.7091803843e-04 3.4801062985e+04 1.5707963268e+00 2.6783978931e+00
2.7104481659e-04 3.4824107243e+04 1.5707963268e+00 2.6789459137e+00
2.7117156603e-04 3.4847157956e+04 1.5707963268e+00 2.6794932085e+00
2.7129828680e-04 3.4870215116e+04 1.5707963268e+00 2.6800397788e+00
2.7142497894e-04 3.4893278711e+04 1.5707963268e+00 2.6805856258e+00
2.7155164249e-04 3.4916348732e+04 1.5707963268e+00 2.6811307508e+00
2.7167827750e-04 3.4939425168e+04 1.5707963268e+00 2.6816751549e+00
2.7180488401e-04 3.4962508010e+04 1.5707963268e+00 2.6822188394e+00
2.7193146206e-04 3.4985597246e+04 1.5707963268e+00 2.6827618055e+00
2.7205801170e-04 3.5008692868e+04 1.5707963268e+00 2.6833040545e+00
2.7218453296e-04 3.5031794865e+04 1.5707963268e+00 2.6838455876e+00
2.7231102589e-04 3.5054903227e+04 1.5707963268e+00 2.6843864059e+00
2.7243749054e-04 3.5078017944e+04 1.5707963268e+00 2.6849265108e+00
2.7256392693e-04 3.5101139006e+04 1.5707963268e+00 2.6854659034e+00
2.7269033512e-04 3.5124266403e+04 1.5707963268e+00 2.6860045849e+00
2.7281671515e-04 3.5147400125e+04 1.5707963268e+00 2.6865425566e+00
2.7294306706e-04 3.5170540162e+04 1.5707963268e+00 2.6870798196e+00
2.7306939088e-04 3.5193686503e+04 1.5707963268e+00 2.6876163752e+00
2.7319568668e-04 3.5216839140e+04 1.5707963268e+00 2.6881522246e+00
2.7332195447e-04 3.5239998063e+04 1.5707963268e+00 2.6886873689e+00
2.7344819431e-04 3.5263163260e+04 1.5707963268e+00 2.6892218094e+00
2.7357440624e-04 3.5286334723e+04 1.5707963268e+00 2.6897555473e+00
2.7370059030e-04 3.5309512442e+04 1.5707963268e+00 2.6902885837e+00
2.7382674653e-04 3.5332696406e+04 1.5707963268e+00 2.6908209199e+00
2.7395287497e-04 3.5355886606e+04 1.5707963268e+00 2.6913525570e+00
2.7407897566e-04 3.5379083032e+04 1.5707963268e+00 2.6918834963e+00
2.7420504865e-04 3.5402285675e+04 1.5707963268e+00 2.6924137389e+00
2.7433109397e-04 3.5425494524e+04 1.5707963268e+00 2.6929432859e+00
2.7445711167e-04 3.5448709570e+04 1.5707963268e+00 2.6934721387e+00
2.7458310178e-04 3.5471930803e+04 1.5707963268e+00 2.6940002983e+00
