0.0000000000e+00 1.3659500971e+04 1.5707963268e+00 0.0000000000e+00
2.4981982192e-07 1.3659500971e+04 1.5707963268e+00 -3.2467532468e-03
4.9963964383e-07 1.3659504711e+04 1.5707963268e+00 -6.4935064935e-03
7.4945933908e-07 1.3659512191e+04 1.5707963268e+00 -9.7402579623e-03
9.9927878098e-07 1.3659523411e+04 1.5707963268e+00 -1.2987005875e-02
1.2490978429e-06 1.3659538371e+04 1.5707963268e+00 -1.6233748454e-02
1.4989163981e-06 1.3659557072e+04 1.5707963268e+00 -1.9480483922e-02
1.7487343200e-06 1.3659579513e+04 1.5707963268e+00 -2.2727210499e-02
1.9985514818e-06 1.3659605694e+04 1.5707963268e+00 -2.5973926409e-02
2.2483677570e-06 1.3659635616e+04 1.5707963268e+00 -2.9220629873e-02
2.4981830188e-06 1.3659669279e+04 1.5707963268e+00 -3.2467319112e-02
2.7479971405e-06 1.3659706683e+04 1.5707963268e+00 -3.5713992349e-02
2.9978099955e-06 1.3659747829e+04 1.5707963268e+00 -3.8960647806e-02
3.2476214570e-06 1.3659792717e+04 1.5707963268e+00 -4.2207283703e-02
3.4974313984e-06 1.3659841348e+04 1.5707963268e+00 -4.5453898262e-02
3.7472396929e-06 1.3659893721e+04 1.5707963268e+00 -4.8700489705e-02
3.9970462139e-06 1.3659949837e+04 1.5707963268e+00 -5.1947056252e-02
4.2468508346e-06 1.3660009697e+04 1.5707963268e+00 -5.5193596125e-02
4.4966534284e-06 1.3660073301e+04 1.5707963268e+00 -5.8440107544e-02
4.7464538683e-06 1.3660140651e+04 1.5707963268e+00 -6.1686588730e-02
4.9962520278e-06 1.3660211745e+04 1.5707963268e+00 -6.4933037903e-02
5.2460477801e-06 1.3660286586e+04 1.5707963268e+00 -6.8179453284e-02
5.4958409984e-06 1.3660365173e+04 1.5707963268e+00 -7.1425833092e-02
5.7456315559e-06 1.3660447508e+04 1.5707963268e+00 -7.4672175548e-02
5.9954193258e-06 1.3660533591e+04 1.5707963268e+00 -7.7918478870e-02
6.2452041813e-06 1.3660623423e+04 1.5707963268e+00 -8.1164741279e-02
6.4949859957e-06 1.3660717005e+04 1.5707963268e+00 -8.4410960992e-02
6.7447646421e-06 1.3660814337e+04 1.5707963268e+00 -8.7657136229e-02
6.9945399936e-06 1.3660915421e+04 1.5707963268e+00 -9.0903265208e-02
7.2443119234e-06 1.3661020257e+04 1.5707963268e+00 -9.4149346148e-02
7.4940803046e-06 1.3661128847e+04 1.5707963268e+00 -9.7395377265e-02
7.7438450104e-06 1.3661241191e+04 1.5707963268e+00 -1.0064135678e-01
7.9936059138e-06 1.3661357291e+04 1.5707963268e+00 -1.0388728290e-01
8.2433628880e-06 1.3661477147e+04 1.5707963268e+00 -1.0713315386e-01
8.4931158059e-06 1.3661600760e+04 1.5707963268e+00 -1.1037896786e-01
8.7428645406e-06 1.3661728133e+04 1.5707963268e+00 -1.1362472312e-01
8.9926089652e-06 1.3661859265e+04 1.5707963268e+00 -1.1687041786e-01
9.2423489527e-06 1.3661994158e+04 1.5707963268e+00 -1.2011605029e-01
9.4920843760e-06 1.3662132814e+04 1.5707963268e+00 -1.2336161863e-01
9.7418151081e-06 1.3662275233e+04 1.5707963268e+00 -1.2660712109e-01
9.9915410219e-06 1.3662421417e+04 1.5707963268e+00 -1.2985255588e-01
1.0241261990e-05 1.3662571367e+04 1.5707963268e+00 -1.3309792123e-01
1.0490977886e-05 1.3662725085e+04 1.5707963268e+00 -1.3634321533e-01
1.0740688583e-05 1.3662882571e+04 1.5707963268e+00 -1.3958843641e-01
1.0990393953e-05 1.3663043829e+04 1.5707963268e+00 -1.4283358268e-01
1.1240093869e-05 1.3663208858e+04 1.5707963268e+00 -1.4607865234e-01
1.1489788204e-05 1.3663377661e+04 1.5707963268e+00 -1.4932364362e-01
1.1739476830e-05 1.3663550239e+04 1.5707963268e+00 -1.5256855471e-01
1.1989159621e-05 1.3663726593e+04 1.5707963268e+00 -1.5581338383e-01
1.2238836450e-05 1.3663906726e+04 1.5707963268e+00 -1.5905812919e-01
1.2488507188e-05 1.3664090638e+04 1.5707963268e+00 -1.6230278900e-01
1.2738171709e-05 1.3664278332e+04 1.5707963268e+00 -1.6554736146e-01
1.2987829885e-05 1.3664469810e+04 1.5707963268e+00 -1.6879184479e-01
1.3237481588e-05 1.3664665073e+04 1.5707963268e+00 -1.7203623718e-01
1.3487126693e-05 1.3664864122e+04 1.5707963268e+00 -1.7528053685e-01
1.3736765070e-05 1.3665066961e+04 1.5707963268e+00 -1.7852474201e-01
1.3986396592e-05 1.3665273590e+04 1.5707963268e+00 -1.8176885085e-01
1.4236021133e-05 1.3665484011e+04 1.5707963268e+00 -1.8501286159e-01
1.4485638564e-05 1.3665698227e+04 1.5707963268e+00 -1.8825677241e-01
1.4735248758e-05 1.3665916240e+04 1.5707963268e+00 -1.9150058154e-01
1.4984851587e-05 1.3666138051e+04 1.5707963268e+00 -1.9474428717e-01
1.5234446924e-05 1.3666363662e+04 1.5707963268e+00 -1.9798788751e-01
1.5484034641e-05 1.3666593077e+04 1.5707963268e+00 -2.0123138074e-01
1.5733614610e-05 1.3666826296e+04 1.5707963268e+00 -2.0447476508e-01
1.5983186704e-05 1.3667063322e+04 1.5707963268e+00 -2.0771803873e-01
1.6232750794e-05 1.3667304157e+04 1.5707963268e+00 -2.1096119988e-01
1.6482306753e-05 1.3667548803e+04 1.5707963268e+00 -2.1420424673e-01
1.6731854454e-05 1.3667797263e+04 1.5707963268e+00 -2.1744717747e-01
1.6981393767e-05 1.3668049539e+04 1.5707963268e+00 -2.2068999031e-01
1.7230924566e-05 1.3668305633e+04 1.5707963268e+00 -2.2393268345e-01
1.7480446722e-05 1.3668565548e+04 1.5707963268e+00 -2.2717525506e-01
1.7729960108e-05 1.3668829285e+04 1.5707963268e+00 -2.3041770336e-01
1.7979464594e-05 1.3669096848e+04 1.5707963268e+00 -2.3366002653e-01
1.8228960054e-05 1.3669368240e+04 1.5707963268e+00 -2.3690222276e-01
1.8478446359e-05 1.3669643461e+04 1.5707963268e+00 -2.4014429025e-01
1.8727923381e-05 1.3669922516e+04 1.5707963268e+00 -2.4338622719e-01
1.8977390992e-05 1.3670205406e+04 1.5707963268e+00 -2.4662803177e-01
1.9226849063e-05 1.3670492134e+04 1.5707963268e+00 -2.4986970217e-01
1.9476297466e-05 1.3670782704e+04 1.5707963268e+00 -2.5311123658e-01
1.9725736073e-05 1.3671077117e+04 1.5707963268e+00 -2.5635263320e-01
1.9975164755e-05 1.3671375376e+04 1.5707963268e+00 -2.5959389020e-01
2.0224583384e-05 1.3671677484e+04 1.5707963268e+00 -2.6283500578e-01
2.0473991832e-05 1.3671983444e+04 1.5707963268e+00 -2.6607597811e-01
2.0723389970e-05 1.3672293259e+04 1.5707963268e+00 -2.6931680538e-01
2.0972777670e-05 1.3672606931e+04 1.5707963268e+00 -2.7255748577e-01
2.1222154802e-05 1.3672924464e+04 1.5707963268e+00 -2.7579801747e-01
2.1471521238e-05 1.3673245860e+04 1.5707963268e+00 -2.7903839865e-01
2.1720876850e-05 1.3673571122e+04 1.5707963268e+00 -2.8227862750e-01
2.1970221509e-05 1.3673900254e+04 1.5707963268e+00 -2.8551870218e-01
2.2219555086e-05 1.3674233259e+04 1.5707963268e+00 -2.8875862088e-01
2.2468877451e-05 1.3674570138e+04 1.5707963268e+00 -2.9199838178e-01
2.2718188477e-05 1.3674910897e+04 1.5707963268e+00 -2.9523798305e-01
2.2967488035e-05 1.3675255537e+04 1.5707963268e+00 -2.9847742286e-01
2.3216775994e-05 1.3675604062e+04 1.5707963268e+00 -3.0171669939e-01
2.3466052227e-05 1.3675956476e+04 1.5707963268e+00 -3.0495581081e-01
2.3715316603e-05 1.3676312781e+04 1.5707963268e+00 -3.0819475529e-01
2.3964568995e-05 1.3676672980e+04 1.5707963268e+00 -3.1143353099e-01
2.4213809272e-05 1.3677037078e+04 1.5707963268e+00 -3.1467213610e-01
2.4463037306e-05 1.3677405078e+04 1.5707963268e+00 -3.1791056877e-01
2.4712252967e-05 1.3677776982e+04 1.5707963268e+00 -3.2114882717e-01
2.4961456125e-05 1.3678152794e+04 1.5707963268e+00 -3.2438690946e-01
2.5210646652e-05 1.3678532518e+04 1.5707963268e+00 -3.2762481382e-01
2.5459824418e-05 1.3678916158e+04 1.5707963268e+00 -3.3086253840e-01
2.5708989293e-05 1.3679303716e+04 1.5707963268e+00 -3.3410008136e-01
2.5958141148e-05 1.3679695197e+04 1.5707963268e+00 -3.3733744087e-01
2.6207279852e-05 1.3680090604e+04 1.5707963268e+00 -3.4057461508e-01
2.6456405277e-05 1.3680489940e+04 1.5707963268e+00 -3.4381160215e-01
2.6705517293e-05 1.3680893210e+04 1.5707963268e+00 -3.4704840024e-01
2.6954615769e-05 1.3681300417e+04 1.5707963268e+00 -3.5028500750e-01
2.7203700576e-05 1.3681711565e+04 1.5707963268e+00 -3.5352142209e-01
2.7452771584e-05 1.3682126658e+04 1.5707963268e+00 -3.5675764216e-01
2.7701828663e-05 1.3682545699e+04 1.5707963268e+00 -3.5999366586e-01
2.7950871682e-05 1.3682968692e+04 1.5707963268e+00 -3.6322949134e-01
2.8199900513e-05 1.3683395642e+04 1.5707963268e+00 -3.6646511675e-01
2.8448915023e-05 1.3683826552e+04 1.5707963268e+00 -3.6970054024e-01
2.8697915084e-05 1.3684261426e+04 1.5707963268e+00 -3.7293575996e-01
2.8946900565e-05 1.3684700268e+04 1.5707963268e+00 -3.7617077404e-01
2.9195871335e-05 1.3685143083e+04 1.5707963268e+00 -3.7940558063e-01
2.9444827264e-05 1.3685589874e+04 1.5707963268e+00 -3.8264017788e-01
2.9693768222e-05 1.3686040645e+04 1.5707963268e+00 -3.8587456392e-01
2.9942694077e-05 1.3686495401e+04 1.5707963268e+00 -3.8910873690e-01
3.0191604700e-05 1.3686954146e+04 1.5707963268e+00 -3.9234269494e-01
3.0440499960e-05 1.3687416884e+04 1.5707963268e+00 -3.9557643620e-01
3.0689379725e-05 1.3687883619e+04 1.5707963268e+00 -3.9880995880e-01
3.0938243865e-05 1.3688354356e+04 1.5707963268e+00 -4.0204326087e-01
3.1187092250e-05 1.3688829099e+04 1.5707963268e+00 -4.0527634055e-01
3.1435924747e-05 1.3689307852e+04 1.5707963268e+00 -4.0850919598e-01
3.1684741226e-05 1.3689790619e+04 1.5707963268e+00 -4.1174182527e-01
3.1933541557e-05 1.3690277406e+04 1.5707963268e+00 -4.1497422655e-01
3.2182325607e-05 1.3690768217e+04 1.5707963268e+00 -4.1820639796e-01
3.2431093245e-05 1.3691263055e+04 1.5707963268e+00 -4.2143833762e-01
3.2679844341e-05 1.3691761927e+04 1.5707963268e+00 -4.2467004364e-01
3.2928578763e-05 1.3692264835e+04 1.5707963268e+00 -4.2790151416e-01
3.3177296378e-05 1.3692771786e+04 1.5707963268e+00 -4.3113274729e-01
3.3425997057e-05 1.3693282783e+04 1.5707963268e+00 -4.3436374114e-01
3.3674680667e-05 1.3693797831e+04 1.5707963268e+00 -4.3759449385e-01
3.3923347076e-05 1.3694316935e+04 1.5707963268e+00 -4.4082500351e-01
3.4171996153e-05 1.3694840100e+04 1.5707963268e+00 -4.4405526826e-01
3.4420627766e-05 1.3695367331e+04 1.5707963268e+00 -4.4728528619e-01
3.4669241783e-05 1.3695898632e+04 1.5707963268e+00 -4.5051505541e-01
3.4917838072e-05 1.3696434008e+04 1.5707963268e+00 -4.5374457405e-01
3.5166416501e-05 1.3696973464e+04 1.5707963268e+00 -4.5697384020e-01
3.5414976937e-05 1.3697517006e+04 1.5707963268e+00 -4.6020285197e-01
3.5663519250e-05 1.3698064637e+04 1.5707963268e+00 -4.6343160746e-01
3.5912043306e-05 1.3698616364e+04 1.5707963268e+00 -4.6666010479e-01
3.6160548973e-05 1.3699172191e+04 1.5707963268e+00 -4.6988834203e-01
3.6409036118e-05 1.3699732123e+04 1.5707963268e+00 -4.7311631731e-01
3.6657504610e-05 1.3700296166e+04 1.5707963268e+00 -4.7634402870e-01
3.6905954315e-05 1.3700864324e+04 1.5707963268e+00 -4.7957147432e-01
3.7154385101e-05 1.3701436603e+04 1.5707963268e+00 -4.8279865225e-01
3.7402796836e-05 1.3702013008e+04 1.5707963268e+00 -4.8602556058e-01
3.7651189385e-05 1.3702593544e+04 1.5707963268e+00 -4.8925219741e-01
3.7899562617e-05 1.3703178217e+04 1.5707963268e+00 -4.9247856082e-01
3.8147916399e-05 1.3703767031e+04 1.5707963268e+00 -4.9570464890e-01
3.8396250597e-05 1.3704359993e+04 1.5707963268e+00 -4.9893045974e-01
3.8644565078e-05 1.3704957108e+04 1.5707963268e+00 -5.0215599141e-01
3.8892859710e-05 1.3705558380e+04 1.5707963268e+00 -5.0538124201e-01
3.9141134358e-05 1.3706163817e+04 1.5707963268e+00 -5.0860620960e-01
3.9389388889e-05 1.3706773422e+04 1.5707963268e+00 -5.1183089227e-01
3.9637623171e-05 1.3707387203e+04 1.5707963268e+00 -5.1505528809e-01
3.9885837069e-05 1.3708005163e+04 1.5707963268e+00 -5.1827939515e-01
4.0134030450e-05 1.3708627310e+04 1.5707963268e+00 -5.2150321150e-01
4.0382203180e-05 1.3709253648e+04 1.5707963268e+00 -5.2472673522e-01
4.0630355125e-05 1.3709884184e+04 1.5707963268e+00 -5.2794996438e-01
4.0878486151e-05 1.3710518922e+04 1.5707963268e+00 -5.3117289704e-01
4.1126596125e-05 1.3711157870e+04 1.5707963268e+00 -5.3439553128e-01
4.1374684913e-05 1.3711801032e+04 1.5707963268e+00 -5.3761786515e-01
4.1622752380e-05 1.3712448415e+04 1.5707963268e+00 -5.4083989671e-01
4.1870798392e-05 1.3713100024e+04 1.5707963268e+00 -5.4406162402e-01
4.2118822815e-05 1.3713755865e+04 1.5707963268e+00 -5.4728304515e-01
4.2366825514e-05 1.3714415945e+04 1.5707963268e+00 -5.5050415814e-01
4.2614806355e-05 1.3715080269e+04 1.5707963268e+00 -5.5372496105e-01
4.2862765204e-05 1.3715748843e+04 1.5707963268e+00 -5.5694545193e-01
4.3110701925e-05 1.3716421674e+04 1.5707963268e+00 -5.6016562882e-01
4.3358616385e-05 1.3717098767e+04 1.5707963268e+00 -5.6338548979e-01
4.3606508448e-05 1.3717780129e+04 1.5707963268e+00 -5.6660503286e-01
4.3854377979e-05 1.3718465765e+04 1.5707963268e+00 -5.6982425609e-01
4.4102224843e-05 1.3719155683e+04 1.5707963268e+00 -5.7304315752e-01
4.4350048906e-05 1.3719849888e+04 1.5707963268e+00 -5.7626173518e-01
4.4597850032e-05 1.3720548386e+04 1.5707963268e+00 -5.7947998712e-01
4.4845628086e-05 1.3721251184e+04 1.5707963268e+00 -5.8269791136e-01
4.5093382932e-05 1.3721958289e+04 1.5707963268e+00 -5.8591550594e-01
4.5341114435e-05 1.3722669706e+04 1.5707963268e+00 -5.8913276890e-01
4.5588822460e-05 1.3723385442e+04 1.5707963268e+00 -5.9234969825e-01
4.5836506871e-05 1.3724105504e+04 1.5707963268e+00 -5.9556629204e-01
4.6084167532e-05 1.3724829898e+04 1.5707963268e+00 -5.9878254827e-01
4.6331804308e-05 1.3725558630e+04 1.5707963268e+00 -6.0199846499e-01
4.6579417062e-05 1.3726291708e+04 1.5707963268e+00 -6.0521404019e-01
4.6827005659e-05 1.3727029137e+04 1.5707963268e+00 -6.0842927192e-01
4.7074569962e-05 1.3727770924e+04 1.5707963268e+00 -6.1164415817e-01
4.7322109836e-05 1.3728517077e+04 1.5707963268e+00 -6.1485869697e-01
4.7569625144e-05 1.3729267602e+04 1.5707963268e+00 -6.1807288632e-01
4.7817115749e-05 1.3730022505e+04 1.5707963268e+00 -6.2128672424e-01
4.8064581516e-05 1.3730781794e+04 1.5707963268e+00 -6.2450020874e-01
4.8312022307e-05 1.3731545474e+04 1.5707963268e+00 -6.2771333782e-01
4.8559437987e-05 1.3732313554e+04 1.5707963268e+00 -6.3092610948e-01
4.8806828418e-05 1.3733086040e+04 1.5707963268e+00 -6.3413852172e-01
4.9054193464e-05 1.3733862939e+04 1.5707963268e+00 -6.3735057255e-01
4.9301532988e-05 1.3734644257e+04 1.5707963268e+00 -6.4056225996e-01
4.9548846852e-05 1.3735430003e+04 1.5707963268e+00 -6.4377358194e-01
4.9796134920e-05 1.3736220183e+04 1.5707963268e+00 -6.4698453649e-01
5.0043397054e-05 1.3737014803e+04 1.5707963268e+00 -6.5019512159e-01
5.0290633118e-05 1.3737813872e+04 1.5707963268e+00 -6.5340533524e-01
5.0537842973e-05 1.3738617396e+04 1.5707963268e+00 -6.5661517542e-01
5.0785026482e-05 1.3739425383e+04 1.5707963268e+00 -6.5982464012e-01
5.1032183509e-05 1.3740237839e+04 1.5707963268e+00 -6.6303372731e-01
5.1279313914e-05 1.3741054773e+04 1.5707963268e+00 -6.6624243497e-01
5.1526417561e-05 1.3741876191e+04 1.5707963268e+00 -6.6945076108e-01
5.1773494311e-05 1.3742702101e+04 1.5707963268e+00 -6.7265870361e-01
5.2020544026e-05 1.3743532509e+04 1.5707963268e+00 -6.7586626053e-01
5.2267566569e-05 1.3744367424e+04 1.5707963268e+00 -6.7907342983e-01
5.2514561801e-05 1.3745206854e+04 1.5707963268e+00 -6.8228020945e-01
5.2761529584e-05 1.3746050804e+04 1.5707963268e+00 -6.8548659736e-01
5.3008469780e-05 1.3746899284e+04 1.5707963268e+00 -6.8869259154e-01
5.3255382250e-05 1.3747752300e+04 1.5707963268e+00 -6.9189818993e-01
5.3502266856e-05 1.3748609860e+04 1.5707963268e+00 -6.9510339050e-01
5.3749123458e-05 1.3749471972e+04 1.5707963268e+00 -6.9830819120e-01
5.3995951919e-05 1.3750338644e+04 1.5707963268e+00 -7.0151258998e-01
5.4242752100e-05 1.3751209882e+04 1.5707963268e+00 -7.0471658480e-01
5.4489523861e-05 1.3752085696e+04 1.5707963268e+00 -7.0792017360e-01
5.4736267063e-05 1.3752966092e+04 1.5707963268e+00 -7.1112335432e-01
5.4982981568e-05 1.3753851079e+04 1.5707963268e+00 -7.1432612492e-01
5.5229667236e-05 1.3754740664e+04 1.5707963268e+00 -7.1752848333e-01
5.5476323928e-05 1.3755634856e+04 1.5707963268e+00 -7.2073042748e-01
5.5722951504e-05 1.3756533661e+04 1.5707963268e+00 -7.2393195533e-01
5.5969549825e-05 1.3757437089e+04 1.5707963268e+00 -7.2713306479e-01
5.6216118751e-05 1.3758345147e+04 1.5707963268e+00 -7.3033375380e-01
5.6462658143e-05 1.3759257843e+04 1.5707963268e+00 -7.3353402028e-01
5.6709167860e-05 1.3760175185e+04 1.5707963268e+00 -7.3673386218e-01
5.6955647763e-05 1.3761097182e+04 1.5707963268e+00 -7.3993327739e-01
5.7202097711e-05 1.3762023842e+04 1.5707963268e+00 -7.4313226386e-01
5.7448517566e-05 1.3762955172e+04 1.5707963268e+00 -7.4633081949e-01
5.7694907185e-05 1.3763891181e+04 1.5707963268e+00 -7.4952894221e-01
5.7941266430e-05 1.3764831877e+04 1.5707963268e+00 -7.5272662992e-01
5.8187595159e-05 1.3765777269e+04 1.5707963268e+00 -7.5592388054e-01
5.8433893232e-05 1.3766727364e+04 1.5707963268e+00 -7.5912069197e-01
5.8680160508e-05 1.3767682172e+04 1.5707963268e+00 -7.6231706213e-01
5.8926396848e-05 1.3768641701e+04 1.5707963268e+00 -7.6551298890e-01
5.9172602108e-05 1.3769605958e+04 1.5707963268e+00 -7.6870847021e-01
5.9418776150e-05 1.3770574953e+04 1.5707963268e+00 -7.7190350393e-01
5.9664918832e-05 1.3771548695e+04 1.5707963268e+00 -7.7509808797e-01
5.9911030013e-05 1.3772527191e+04 1.5707963268e+00 -7.7829222023e-01
6.0157109550e-05 1.3773510450e+04 1.5707963268e+00 -7.8148589858e-01
6.0403157305e-05 1.3774498481e+04 1.5707963268e+00 -7.8467912092e-01
6.0649173133e-05 1.3775491292e+04 1.5707963268e+00 -7.8787188514e-01
6.0895156895e-05 1.3776488893e+04 1.5707963268e+00 -7.9106418911e-01
6.1141108449e-05 1.3777491291e+04 1.5707963268e+00 -7.9425603072e-01
6.1387027652e-05 1.3778498497e+04 1.5707963268e+00 -7.9744740785e-01
6.1632914363e-05 1.3779510518e+04 1.5707963268e+00 -8.0063831836e-01
6.1878768440e-05 1.3780527363e+04 1.5707963268e+00 -8.0382876013e-01
6.2124589741e-05 1.3781549041e+04 1.5707963268e+00 -8.0701873103e-01
6.2370378123e-05 1.3782575562e+04 1.5707963268e+00 -8.1020822892e-01
6.2616133445e-05 1.3783606934e+04 1.5707963268e+00 -8.1339725168e-01
6.2861855565e-05 1.3784643166e+04 1.5707963268e+00 -8.1658579715e-01
6.3107544339e-05 1.3785684268e+04 1.5707963268e+00 -8.1977386321e-01
6.3353199625e-05 1.3786730247e+04 1.5707963268e+00 -8.2296144770e-01
6.3598821280e-05 1.3787781114e+04 1.5707963268e+00 -8.2614854848e-01
6.3844409162e-05 1.3788836877e+04 1.5707963268e+00 -8.2933516339e-01
6.4089963129e-05 1.3789897547e+04 1.5707963268e+00 -8.3252129030e-01
6.4335483035e-05 1.3790963131e+04 1.5707963268e+00 -8.3570692703e-01
6.4580968740e-05 1.3792033639e+04 1.5707963268e+00 -8.3889207144e-01
6.4826420099e-05 1.3793109081e+04 1.5707963268e+00 -8.4207672136e-01
6.5071836970e-05 1.3794189465e+04 1.5707963268e+00 -8.4526087464e-01
6.5317219208e-05 1.3795274802e+04 1.5707963268e+00 -8.4844452909e-01
6.5562566672e-05 1.3796365100e+04 1.5707963268e+00 -8.5162768257e-01
6.5807879215e-05 1.3797460369e+04 1.5707963268e+00 -8.5481033288e-01
6.6053156697e-05 1.3798560618e+04 1.5707963268e+00 -8.5799247787e-01
6.6298398971e-05 1.3799665858e+04 1.5707963268e+00 -8.6117411535e-01
6.6543605895e-05 1.3800776097e+04 1.5707963268e+00 -8.6435524314e-01
6.6788777325e-05 1.3801891345e+04 1.5707963268e+00 -8.6753585907e-01
6.7033913116e-05 1.3803011612e+04 1.5707963268e+00 -8.7071596093e-01
6.7279013125e-05 1.3804136908e+04 1.5707963268e+00 -8.7389554656e-01
6.7524077206e-05 1.3805267241e+04 1.5707963268e+00 -8.7707461375e-01
6.7769105216e-05 1.3806402622e+04 1.5707963268e+00 -8.8025316032e-01
6.8014097011e-05 1.3807543061e+04 1.5707963268e+00 -8.8343118406e-01
6.8259052445e-05 1.3808688567e+04 1.5707963268e+00 -8.8660868278e-01
6.8503971373e-05 1.3809839151e+04 1.5707963268e+00 -8.8978565427e-01
6.8748853652e-05 1.3810994821e+04 1.5707963268e+00 -8.9296209633e-01
6.8993699136e-05 1.3812155589e+04 1.5707963268e+00 -8.9613800676e-01
6.9238507680e-05 1.3813321463e+04 1.5707963268e+00 -8.9931338333e-01
6.9483279139e-05 1.3814492455e+04 1.5707963268e+00 -9.0248822384e-01
6.9728013368e-05 1.3815668573e+04 1.5707963268e+00 -9.0566252608e-01
6.9972710221e-05 1.3816849829e+04 1.5707963268e+00 -9.0883628781e-01
7.0217369554e-05 1.3818036231e+04 1.5707963268e+00 -9.1200950682e-01
7.0461991220e-05 1.3819227791e+04 1.5707963268e+00 -9.1518218089e-01
7.0706575075e-05 1.3820424519e+04 1.5707963268e+00 -9.1835430779e-01
7.0951120971e-05 1.3821626424e+04 1.5707963268e+00 -9.2152588528e-01
7.1195628765e-05 1.3822833517e+04 1.5707963268e+00 -9.2469691113e-01
7.1440098309e-05 1.3824045808e+04 1.5707963268e+00 -9.2786738311e-01
7.1684529458e-05 1.3825263308e+04 1.5707963268e+00 -9.3103729897e-01
7.1928922065e-05 1.3826486027e+04 1.5707963268e+00 -9.3420665648e-01
7.2173275985e-05 1.3827713975e+04 1.5707963268e+00 -9.3737545339e-01
7.2417591071e-05 1.3828947162e+04 1.5707963268e+00 -9.4054368744e-01
7.2661867177e-05 1.3830185600e+04 1.5707963268e+00 -9.4371135640e-01
7.2906104156e-05 1.3831429299e+04 1.5707963268e+00 -9.4687845800e-01
7.3150301861e-05 1.3832678269e+04 1.5707963268e+00 -9.5004498999e-01
7.3394460147e-05 1.3833932520e+04 1.5707963268e+00 -9.5321095010e-01
7.3638578866e-05 1.3835192064e+04 1.5707963268e+00 -9.5637633608e-01
7.3882657871e-05 1.3836456911e+04 1.5707963268e+00 -9.5954114567e-01
7.4126697015e-05 1.3837727072e+04 1.5707963268e+00 -9.6270537658e-01
7.4370696152e-05 1.3839002557e+04 1.5707963268e+00 -9.6586902655e-01
7.4614655134e-05 1.3840283378e+04 1.5707963268e+00 -9.6903209330e-01
7.4858573814e-05 1.3841569544e+04 1.5707963268e+00 -9.7219457457e-01
7.5102452044e-05 1.3842861067e+04 1.5707963268e+00 -9.7535646806e-01
7.5346289677e-05 1.3844157959e+04 1.5707963268e+00 -9.7851777149e-01
7.5590086566e-05 1.3845460228e+04 1.5707963268e+00 -9.8167848257e-01
7.5833842563e-05 1.3846767888e+04 1.5707963268e+00 -9.8483859903e-01
7.6077557519e-05 1.3848080947e+04 1.5707963268e+00 -9.8799811856e-01
7.6321231288e-05 1.3849399419e+04 1.5707963268e+00 -9.9115703886e-01
7.6564863722e-05 1.3850723313e+04 1.5707963268e+00 -9.9431535765e-01
7.6808454671e-05 1.3852052641e+04 1.5707963268e+00 -9.9747307262e-01
7.7052003989e-05 1.3853387414e+04 1.5707963268e+00 -1.0006301815e+00
7.7295511526e-05 1.3854727642e+04 1.5707963268e+00 -1.0037866819e+00
7.7538977136e-05 1.3856073338e+04 1.5707963268e+00 -1.0069425715e+00
7.7782400668e-05 1.3857424512e+04 1.5707963268e+00 -1.0100978481e+00
7.8025781976e-05 1.3858781176e+04 1.5707963268e+00 -1.0132525094e+00
7.8269120909e-05 1.3860143341e+04 1.5707963268e+00 -1.0164065529e+00
7.8512417320e-05 1.3861511019e+04 1.5707963268e+00 -1.0195599764e+00
7.8755671060e-05 1.3862884220e+04 1.5707963268e+00 -1.0227127776e+00
7.8998881979e-05 1.3864262956e+04 1.5707963268e+00 -1.0258649541e+00
7.9242049929e-05 1.3865647239e+04 1.5707963268e+00 -1.0290165037e+00
7.9485174761e-05 1.3867037080e+04 1.5707963268e+00 -1.0321674238e+00
7.9728256326e-05 1.3868432491e+04 1.5707963268e+00 -1.0353177124e+00
7.9971294475e-05 1.3869833483e+04 1.5707963268e+00 -1.0384673668e+00
8.0214289057e-05 1.3871240068e+04 1.5707963268e+00 -1.0416163850e+00
8.0457239924e-05 1.3872652257e+04 1.5707963268e+00 -1.0447647644e+00
8.0700146927e-05 1.3874070062e+04 1.5707963268e+00 -1.0479125028e+00
8.0943009915e-05 1.3875493495e+04 1.5707963268e+00 -1.0510595978e+00
8.1185828739e-05 1.3876922568e+04 1.5707963268e+00 -1.0542060470e+00
8.1428603250e-05 1.3878357292e+04 1.5707963268e+00 -1.0573518481e+00
8.1671333297e-05 1.3879797679e+04 1.5707963268e+00 -1.0604969987e+00
8.1914018730e-05 1.3881243741e+04 1.5707963268e+00 -1.0636414964e+00
8.2156659400e-05 1.3882695490e+04 1.5707963268e+00 -1.0667853389e+00
8.2399255156e-05 1.3884152938e+04 1.5707963268e+00 -1.0699285239e+00
8.2641805848e-05 1.3885616097e+04 1.5707963268e+00 -1.0730710489e+00
8.2884311326e-05 1.3887084978e+04 1.5707963268e+00 -1.0762129115e+00
8.3126771439e-05 1.3888559594e+04 1.5707963268e+00 -1.0793541095e+00
8.3369186038e-05 1.3890039958e+04 1.5707963268e+00 -1.0824946403e+00
8.3611554971e-05 1.3891526080e+04 1.5707963268e+00 -1.0856345016e+00
8.3853878088e-05 1.3893017973e+04 1.5707963268e+00 -1.0887736911e+00
8.4096155238e-05 1.3894515650e+04 1.5707963268e+00 -1.0919122062e+00
8.4338386271e-05 1.3896019122e+04 1.5707963268e+00 -1.0950500448e+00
8.4580571035e-05 1.3897528402e+04 1.5707963268e+00 -1.0981872042e+00
8.4822709380e-05 1.3899043502e+04 1.5707963268e+00 -1.1013236822e+00
8.5064801154e-05 1.3900564434e+04 1.5707963268e+00 -1.1044594763e+00
8.5306846207e-05 1.3902091211e+04 1.5707963268e+00 -1.1075945841e+00
8.5548844387e-05 1.3903623846e+04 1.5707963268e+00 -1.1107290032e+00
8.5790795544e-05 1.3905162349e+04 1.5707963268e+00 -1.1138627313e+00
8.6032699524e-05 1.3906706735e+04 1.5707963268e+00 -1.1169957658e+00
8.6274556179e-05 1.3908257016e+04 1.5707963268e+00 -1.1201281043e+00
8.6516365354e-05 1.3909813203e+04 1.5707963268e+00 -1.1232597445e+00
8.6758126900e-05 1.3911375310e+04 1.5707963268e+00 -1.1263906839e+00
8.6999840665e-05 1.3912943350e+04 1.5707963268e+00 -1.1295209200e+00
8.7241506496e-05 1.3914517334e+04 1.5707963268e+00 -1.1326504505e+00
8.7483124243e-05 1.3916097276e+04 1.5707963268e+00 -1.1357792730e+00
8.7724693752e-05 1.3917683188e+04 1.5707963268e+00 -1.1389073848e+00
8.7966214872e-05 1.3919275084e+04 1.5707963268e+00 -1.1420347837e+00
8.8207687452e-05 1.3920872975e+04 1.5707963268e+00 -1.1451614672e+00
8.8449111339e-05 1.3922476875e+04 1.5707963268e+00 -1.1482874328e+00
8.8690486380e-05 1.3924086796e+04 1.5707963268e+00 -1.1514126781e+00
8.8931812424e-05 1.3925702752e+04 1.5707963268e+00 -1.1545372007e+00
8.9173089318e-05 1.3927324755e+04 1.5707963268e+00 -1.1576609980e+00
8.9414316910e-05 1.3928952818e+04 1.5707963268e+00 -1.1607840676e+00
8.9655495047e-05 1.3930586955e+04 1.5707963268e+00 -1.1639064070e+00
8.9896623577e-05 1.3932227178e+04 1.5707963268e+00 -1.1670280138e+00
9.0137702347e-05 1.3933873501e+04 1.5707963268e+00 -1.1701488856e+00
9.0378731205e-05 1.3935525936e+04 1.5707963268e+00 -1.1732690197e+00
9.0619709997e-05 1.3937184496e+04 1.5707963268e+00 -1.1763884139e+00
9.0860638572e-05 1.3938849196e+04 1.5707963268e+00 -1.1795070655e+00
9.1101516775e-05 1.3940520047e+04 1.5707963268e+00 -1.1826249721e+00
9.1342344455e-05 1.3942197064e+04 1.5707963268e+00 -1.1857421312e+00
9.1583121458e-05 1.3943880260e+04 1.5707963268e+00 -1.1888585403e+00
9.1823847631e-05 1.3945569647e+04 1.5707963268e+00 -1.1919741970e+00
9.2064522821e-05 1.3947265240e+04 1.5707963268e+00 -1.1950890987e+00
9.2305146874e-05 1.3948967051e+04 1.5707963268e+00 -1.1982032430e+00
9.2545719638e-05 1.3950675094e+04 1.5707963268e+00 -1.2013166273e+00
9.2786240959e-05 1.3952389383e+04 1.5707963268e+00 -1.2044292491e+00
9.3026710684e-05 1.3954109931e+04 1.5707963268e+00 -1.2075411059e+00
9.3267128659e-05 1.3955836752e+04 1.5707963268e+00 -1.2106521953e+00
9.3507494730e-05 1.3957569858e+04 1.5707963268e+00 -1.2137625147e+00
9.3747808745e-05 1.3959309264e+04 1.5707963268e+00 -1.2168720616e+00
9.3988070550e-05 1.3961054984e+04 1.5707963268e+00 -1.2199808334e+00
9.4228279990e-05 1.3962807031e+04 1.5707963268e+00 -1.2230888277e+00
9.4468436912e-05 1.3964565418e+04 1.5707963268e+00 -1.2261960419e+00
9.4708541163e-05 1.3966330160e+04 1.5707963268e+00 -1.2293024735e+00
9.4948592588e-05 1.3968101270e+04 1.5707963268e+00 -1.2324081200e+00
9.5188591034e-05 1.3969878762e+04 1.5707963268e+00 -1.2355129788e+00
9.5428536346e-05 1.3971662650e+04 1.5707963268e+00 -1.2386170474e+00
9.5668428371e-05 1.3973452947e+04 1.5707963268e+00 -1.2417203232e+00
9.5908266955e-05 1.3975249669e+04 1.5707963268e+00 -1.2448228037e+00
9.6148051942e-05 1.3977052828e+04 1.5707963268e+00 -1.2479244864e+00
9.6387783180e-05 1.3978862438e+04 1.5707963268e+00 -1.2510253687e+00
9.6627460514e-05 1.3980678514e+04 1.5707963268e+00 -1.2541254481e+00
9.6867083789e-05 1.3982501070e+04 1.5707963268e+00 -1.2572247220e+00
9.7106652852e-05 1.3984330119e+04 1.5707963268e+00 -1.2603231878e+00
9.7346167548e-05 1.3986165676e+04 1.5707963268e+00 -1.2634208430e+00
9.7585627722e-05 1.3988007756e+04 1.5707963268e+00 -1.2665176850e+00
9.7825033221e-05 1.3989856371e+04 1.5707963268e+00 -1.2696137112e+00
9.8064383889e-05 1.3991711537e+04 1.5707963268e+00 -1.2727089192e+00
9.8303679572e-05 1.3993573267e+04 1.5707963268e+00 -1.2758033062e+00
9.8542920116e-05 1.3995441576e+04 1.5707963268e+00 -1.2788968698e+00
9.8782105365e-05 1.3997316479e+04 1.5707963268e+00 -1.2819896073e+00
9.9021235165e-05 1.3999197989e+04 1.5707963268e+00 -1.2850815161e+00
9.9260309362e-05 1.4001086121e+04 1.5707963268e+00 -1.2881725938e+00
9.9499327801e-05 1.4002980890e+04 1.5707963268e+00 -1.2912628376e+00
9.9738290326e-05 1.4004882309e+04 1.5707963268e+00 -1.2943522450e+00
9.9977196783e-05 1.4006790394e+04 1.5707963268e+00 -1.2974408134e+00
1.0021604702e-04 1.4008705158e+04 1.5707963268e+00 -1.3005285402e+00
1.0045484087e-04 1.4010626617e+04 1.5707963268e+00 -1.3036154229e+00
1.0069357820e-04 1.4012554785e+04 1.5707963268e+00 -1.3067014587e+00
1.0093225883e-04 1.4014489677e+04 1.5707963268e+00 -1.3097866451e+00
1.0117088263e-04 1.4016431307e+04 1.5707963268e+00 -1.3128709794e+00
1.0140944942e-04 1.4018379690e+04 1.5707963268e+00 -1.3159544592e+00
1.0164795906e-04 1.4020334840e+04 1.5707963268e+00 -1.3190370817e+00
1.0188641140e-04 1.4022296774e+04 1.5707963268e+00 -1.3221188443e+00
1.0212480627e-04 1.4024265504e+04 1.5707963268e+00 -1.3251997444e+00
1.0236314352e-04 1.4026241046e+04 1.5707963268e+00 -1.3282797794e+00
1.0260142300e-04 1.4028223416e+04 1.5707963268e+00 -1.3313589467e+00
1.0283964455e-04 1.4030212627e+04 1.5707963268e+00 -1.3344372436e+00
1.0307780802e-04 1.4032208695e+04 1.5707963268e+00 -1.3375146675e+00
1.0331591325e-04 1.4034211634e+04 1.5707963268e+00 -1.3405912157e+00
1.0355396008e-04 1.4036221460e+04 1.5707963268e+00 -1.3436668857e+00
1.0379194836e-04 1.4038238188e+04 1.5707963268e+00 -1.3467416747e+00
1.0402987794e-04 1.4040261833e+04 1.5707963268e+00 -1.3498155802e+00
1.0426774866e-04 1.4042292410e+04 1.5707963268e+00 -1.3528885994e+00
1.0450556036e-04 1.4044329933e+04 1.5707963268e+00 -1.3559607298e+00
1.0474331289e-04 1.4046374419e+04 1.5707963268e+00 -1.3590319686e+00
1.0498100609e-04 1.4048425882e+04 1.5707963268e+00 -1.3621023132e+00
1.0521863981e-04 1.4050484337e+04 1.5707963268e+00 -1.3651717611e+00
1.0545621389e-04 1.4052549800e+04 1.5707963268e+00 -1.3682403094e+00
1.0569372818e-04 1.4054622286e+04 1.5707963268e+00 -1.3713079555e+00
1.0593118252e-04 1.4056701811e+04 1.5707963268e+00 -1.3743746968e+00
1.0616857675e-04 1.4058788389e+04 1.5707963268e+00 -1.3774405305e+00
1.0640591073e-04 1.4060882036e+04 1.5707963268e+00 -1.3805054541e+00
1.0664318429e-04 1.4062982768e+04 1.5707963268e+00 -1.3835694649e+00
1.0688039728e-04 1.4065090600e+04 1.5707963268e+00 -1.3866325601e+00
1.0711754954e-04 1.4067205547e+04 1.5707963268e+00 -1.3896947370e+00
1.0735464092e-04 1.4069327625e+04 1.5707963268e+00 -1.3927559931e+00
1.0759167126e-04 1.4071456849e+04 1.5707963268e+00 -1.3958163255e+00
1.0782864041e-04 1.4073593235e+04 1.5707963268e+00 -1.3988757317e+00
1.0806554822e-04 1.4075736799e+04 1.5707963268e+00 -1.4019342089e+00
1.0830239451e-04 1.4077887556e+04 1.5707963268e+00 -1.4049917544e+00
1.0853917915e-04 1.4080045523e+04 1.5707963268e+00 -1.4080483655e+00
1.0877590197e-04 1.4082210713e+04 1.5707963268e+00 -1.4111040396e+00
1.0901256282e-04 1.4084383144e+04 1.5707963268e+00 -1.4141587738e+00
1.0924916155e-04 1.4086562831e+04 1.5707963268e+00 -1.4172125656e+00
1.0948569799e-04 1.4088749790e+04 1.5707963268e+00 -1.4202654121e+00
1.0972217199e-04 1.4090944036e+04 1.5707963268e+00 -1.4233173108e+00
1.0995858340e-04 1.4093145586e+04 1.5707963268e+00 -1.4263682588e+00
1.1019493207e-04 1.4095354456e+04 1.5707963268e+00 -1.4294182534e+00
1.1043121782e-04 1.4097570661e+04 1.5707963268e+00 -1.4324672920e+00
1.1066744052e-04 1.4099794217e+04 1.5707963268e+00 -1.4355153718e+00
1.1090360000e-04 1.4102025140e+04 1.5707963268e+00 -1.4385624901e+00
1.1113969611e-04 1.4104263446e+04 1.5707963268e+00 -1.4416086441e+00
1.1137572870e-04 1.4106509152e+04 1.5707963268e+00 -1.4446538311e+00
1.1161169760e-04 1.4108762273e+04 1.5707963268e+00 -1.4476980484e+00
1.1184760267e-04 1.4111022825e+04 1.5707963268e+00 -1.4507412932e+00
1.1208344374e-04 1.4113290825e+04 1.5707963268e+00 -1.4537835629e+00
1.1231922066e-04 1.4115566289e+04 1.5707963268e+00 -1.4568248546e+00
1.1255493328e-04 1.4117849232e+04 1.5707963268e+00 -1.4598651656e+00
1.1279058144e-04 1.4120139672e+04 1.5707963268e+00 -1.4629044932e+00
1.1302616499e-04 1.4122437624e+04 1.5707963268e+00 -1.4659428346e+00
1.1326168377e-04 1.4124743104e+04 1.5707963268e+00 -1.4689801871e+00
1.1349713762e-04 1.4127056130e+04 1.5707963268e+00 -1.4720165478e+00
1.1373252639e-04 1.4129376717e+04 1.5707963268e+00 -1.4750519142e+00
1.1396784992e-04 1.4131704881e+04 1.5707963268e+00 -1.4780862833e+00
1.1420310806e-04 1.4134040639e+04 1.5707963268e+00 -1.4811196524e+00
1.1443830066e-04 1.4136384008e+04 1.5707963268e+00 -1.4841520188e+00
1.1467342755e-04 1.4138735004e+04 1.5707963268e+00 -1.4871833797e+00
1.1490848859e-04 1.4141093643e+04 1.5707963268e+00 -1.4902137323e+00
1.1514348362e-04 1.4143459942e+04 1.5707963268e+00 -1.4932430739e+00
1.1537841247e-04 1.4145833917e+04 1.5707963268e+00 -1.4962714016e+00
1.1561327501e-04 1.4148215585e+04 1.5707963268e+00 -1.4992987127e+00
1.1584807107e-04 1.4150604963e+04 1.5707963268e+00 -1.5023250044e+00
1.1608280050e-04 1.4153002067e+04 1.5707963268e+00 -1.5053502740e+00
1.1631746313e-04 1.4155406914e+04 1.5707963268e+00 -1.5083745186e+00
1.1655205883e-04 1.4157819521e+04 1.5707963268e+00 -1.5113977355e+00
1.1678658743e-04 1.4160239904e+04 1.5707963268e+00 -1.5144199218e+00
1.1702104878e-04 1.4162668079e+04 1.5707963268e+00 -1.5174410748e+00
1.1725544272e-04 1.4165104065e+04 1.5707963268e+00 -1.5204611916e+00
1.1748976910e-04 1.4167547877e+04 1.5707963268e+00 -1.5234802696e+00
1.1772402776e-04 1.4169999532e+04 1.5707963268e+00 -1.5264983058e+00
1.1795821855e-04 1.4172459048e+04 1.5707963268e+00 -1.5295152975e+00
1.1819234132e-04 1.4174926441e+04 1.5707963268e+00 -1.5325312418e+00
1.1842639591e-04 1.4177401728e+04 1.5707963268e+00 -1.5355461361e+00
1.1866038216e-04 1.4179884926e+04 1.5707963268e+00 -1.5385599773e+00
1.1889429992e-04 1.4182376051e+04 1.5707963268e+00 -1.5415727628e+00
1.1912814904e-04 1.4184875122e+04 1.5707963268e+00 -1.5445844898e+00
1.1936192936e-04 1.4187382155e+04 1.5707963268e+00 -1.5475951553e+00
1.1959564073e-04 1.4189897166e+04 1.5707963268e+00 -1.5506047567e+00
1.1982928300e-04 1.4192420174e+04 1.5707963268e+00 -1.5536132910e+00
1.2006285600e-04 1.4194951195e+04 1.5707963268e+00 -1.5566207554e+00
1.2029635959e-04 1.4197490246e+04 1.5707963268e+00 -1.5596271472e+00
1.2052979361e-04 1.4200037345e+04 1.5707963268e+00 -1.5626324635e+00
1.2076315790e-04 1.4202592508e+04 1.5707963268e+00 -1.5656367014e+00
1.2099645232e-04 1.4205155753e+04 1.5707963268e+00 -1.5686398582e+00
1.2122967671e-04 1.4207727097e+04 1.5707963268e+00 -1.5716419310e+00
1.2146283092e-04 1.4210306558e+04 1.5707963268e+00 -1.5746429169e+00
1.2169591479e-04 1.4212894152e+04 1.5707963268e+00 -1.5776428131e+00
1.2192892816e-04 1.4215489897e+04 1.5707963268e+00 -1.5806416169e+00
1.2216187089e-04 1.4218093810e+04 1.5707963268e+00 -1.5836393252e+00
1.2239474282e-04 1.4220705909e+04 1.5707963268e+00 -1.5866359354e+00
1.2262754381e-04 1.4223326211e+04 1.5707963268e+00 -1.5896314445e+00
1.2286027368e-04 1.4225954733e+04 1.5707963268e+00 -1.5926258497e+00
1.2309293230e-04 1.4228591493e+04 1.5707963268e+00 -1.5956191481e+00
1.2332551950e-04 1.4231236509e+04 1.5707963268e+00 -1.5986113370e+00
1.2355803514e-04 1.4233889797e+04 1.5707963268e+00 -1.6016024134e+00
1.2379047906e-04 1.4236551376e+04 1.5707963268e+00 -1.6045923744e+00
1.2402285111e-04 1.4239221263e+04 1.5707963268e+00 -1.6075812173e+00
1.2425515114e-04 1.4241899475e+04 1.5707963268e+00 -1.6105689391e+00
1.2448737899e-04 1.4244586030e+04 1.5707963268e+00 -1.6135555371e+00
1.2471953451e-04 1.4247280946e+04 1.5707963268e+00 -1.6165410082e+00
1.2495161755e-04 1.4249984241e+04 1.5707963268e+00 -1.6195253498e+00
1.2518362796e-04 1.4252695931e+04 1.5707963268e+00 -1.6225085588e+00
1.2541556558e-04 1.4255416035e+04 1.5707963268e+00 -1.6254906325e+00
1.2564743026e-04 1.4258144570e+04 1.5707963268e+00 -1.6284715679e+00
1.2587922185e-04 1.4260881555e+04 1.5707963268e+00 -1.6314513622e+00
1.2611094020e-04 1.4263627007e+04 1.5707963268e+00 -1.6344300124e+00
1.2634258515e-04 1.4266380943e+04 1.5707963268e+00 -1.6374075158e+00
1.2657415656e-04 1.4269143381e+04 1.5707963268e+00 -1.6403838695e+00
1.2680565426e-04 1.4271914341e+04 1.5707963268e+00 -1.6433590705e+00
1.2703707812e-04 1.4274693838e+04 1.5707963268e+00 -1.6463331160e+00
1.2726842797e-04 1.4277481891e+04 1.5707963268e+00 -1.6493060031e+00
1.2749970367e-04 1.4280278519e+04 1.5707963268e+00 -1.6522777289e+00
1.2773090507e-04 1.4283083738e+04 1.5707963268e+00 -1.6552482905e+00
1.2796203201e-04 1.4285897568e+04 1.5707963268e+00 -1.6582176850e+00
1.2819308434e-04 1.4288720025e+04 1.5707963268e+00 -1.6611859095e+00
1.2842406192e-04 1.4291551128e+04 1.5707963268e+00 -1.6641529612e+00
1.2865496458e-04 1.4294390895e+04 1.5707963268e+00 -1.6671188372e+00
1.2888579219e-04 1.4297239344e+04 1.5707963268e+00 -1.6700835345e+00
1.2911654459e-04 1.4300096492e+04 1.5707963268e+00 -1.6730470502e+00
1.2934722162e-04 1.4302962359e+04 1.5707963268e+00 -1.6760093815e+00
1.2957782314e-04 1.4305836963e+04 1.5707963268e+00 -1.6789705254e+00
1.2980834901e-04 1.4308720320e+04 1.5707963268e+00 -1.6819304791e+00
1.3003879906e-04 1.4311612450e+04 1.5707963268e+00 -1.6848892396e+00
1.3026917314e-04 1.4314513371e+04 1.5707963268e+00 -1.6878468040e+00
1.3049947112e-04 1.4317423101e+04 1.5707963268e+00 -1.6908031695e+00
1.3072969283e-04 1.4320341657e+04 1.5707963268e+00 -1.6937583330e+00
1.3095983814e-04 1.4323269059e+04 1.5707963268e+00 -1.6967122918e+00
1.3118990688e-04 1.4326205325e+04 1.5707963268e+00 -1.6996650428e+00
1.3141989891e-04 1.4329150472e+04 1.5707963268e+00 -1.7026165833e+00
1.3164981409e-04 1.4332104520e+04 1.5707963268e+00 -1.7055669102e+00
1.3187965225e-04 1.4335067486e+04 1.5707963268e+00 -1.7085160206e+00
1.3210941326e-04 1.4338039389e+04 1.5707963268e+00 -1.7114639116e+00
1.3233909696e-04 1.4341020247e+04 1.5707963268e+00 -1.7144105804e+00
1.3256870321e-04 1.4344010079e+04 1.5707963268e+00 -1.7173560239e+00
1.3279823185e-04 1.4347008903e+04 1.5707963268e+00 -1.7203002393e+00
1.3302768274e-04 1.4350016737e+04 1.5707963268e+00 -1.7232432237e+00
1.3325705573e-04 1.4353033600e+04 1.5707963268e+00 -1.7261849740e+00
1.3348635067e-04 1.4356059511e+04 1.5707963268e+00 -1.7291254875e+00
1.3371556742e-04 1.4359094487e+04 1.5707963268e+00 -1.7320647611e+00
1.3394470583e-04 1.4362138548e+04 1.5707963268e+00 -1.7350027919e+00
1.3417376574e-04 1.4365191711e+04 1.5707963268e+00 -1.7379395770e+00
1.3440274701e-04 1.4368253996e+04 1.5707963268e+00 -1.7408751135e+00
1.3463164950e-04 1.4371325421e+04 1.5707963268e+00 -1.7438093985e+00
1.3486047305e-04 1.4374406005e+04 1.5707963268e+00 -1.7467424289e+00
1.3508921752e-04 1.4377495765e+04 1.5707963268e+00 -1.7496742020e+00
1.3531788277e-04 1.4380594722e+04 1.5707963268e+00 -1.7526047146e+00
1.3554646864e-04 1.4383702893e+04 1.5707963268e+00 -1.7555339640e+00
1.3577497499e-04 1.4386820296e+04 1.5707963268e+00 -1.7584619471e+00
1.3600340168e-04 1.4389946952e+04 1.5707963268e+00 -1.7613886611e+00
1.3623174855e-04 1.4393082878e+04 1.5707963268e+00 -1.7643141029e+00
1.3646001547e-04 1.4396228093e+04 1.5707963268e+00 -1.7672382697e+00
1.3668820228e-04 1.4399382616e+04 1.5707963268e+00 -1.7701611585e+00
1.3691630883e-04 1.4402546466e+04 1.5707963268e+00 -1.7730827664e+00
1.3714433500e-04 1.4405719661e+04 1.5707963268e+00 -1.7760030904e+00
1.3737228062e-04 1.4408902220e+04 1.5707963268e+00 -1.7789221275e+00
1.3760014556e-04 1.4412094162e+04 1.5707963268e+00 -1.7818398749e+00
1.3782792967e-04 1.4415295505e+04 1.5707963268e+00 -1.7847563296e+00
1.3805563280e-04 1.4418506270e+04 1.5707963268e+00 -1.7876714886e+00
1.3828325481e-04 1.4421726474e+04 1.5707963268e+00 -1.7905853490e+00
1.3851079555e-04 1.4424956136e+04 1.5707963268e+00 -1.7934979079e+00
1.3873825489e-04 1.4428195275e+04 1.5707963268e+00 -1.7964091623e+00
1.3896563268e-04 1.4431443910e+04 1.5707963268e+00 -1.7993191092e+00
1.3919292877e-04 1.4434702060e+04 1.5707963268e+00 -1.8022277457e+00
1.3942014302e-04 1.4437969744e+04 1.5707963268e+00 -1.8051350689e+00
1.3964727528e-04 1.4441246981e+04 1.5707963268e+00 -1.8080410757e+00
1.3987432542e-04 1.4444533789e+04 1.5707963268e+00 -1.8109457634e+00
1.4010129329e-04 1.4447830189e+04 1.5707963268e+00 -1.8138491288e+00
1.4032817875e-04 1.4451136198e+04 1.5707963268e+00 -1.8167511690e+00
1.4055498166e-04 1.4454451835e+04 1.5707963268e+00 -1.8196518811e+00
1.4078170186e-04 1.4457777121e+04 1.5707963268e+00 -1.8225512622e+00
1.4100833923e-04 1.4461112073e+04 1.5707963268e+00 -1.8254493092e+00
1.4123489362e-04 1.4464456711e+04 1.5707963268e+00 -1.8283460193e+00
1.4146136488e-04 1.4467811054e+04 1.5707963268e+00 -1.8312413895e+00
1.4168775288e-04 1.4471175121e+04 1.5707963268e+00 -1.8341354167e+00
1.4191405747e-04 1.4474548931e+04 1.5707963268e+00 -1.8370280981e+00
1.4214027852e-04 1.4477932502e+04 1.5707963268e+00 -1.8399194307e+00
1.4236641588e-04 1.4481325856e+04 1.5707963268e+00 -1.8428094116e+00
1.4259246941e-04 1.4484729009e+04 1.5707963268e+00 -1.8456980377e+00
1.4281843897e-04 1.4488141982e+04 1.5707963268e+00 -1.8485853062e+00
1.4304432442e-04 1.4491564793e+04 1.5707963268e+00 -1.8514712140e+00
1.4327012562e-04 1.4494997463e+04 1.5707963268e+00 -1.8543557583e+00
1.4349584244e-04 1.4498440009e+04 1.5707963268e+00 -1.8572389360e+00
1.4372147472e-04 1.4501892451e+04 1.5707963268e+00 -1.8601207442e+00
1.4394702234e-04 1.4505354809e+04 1.5707963268e+00 -1.8630011799e+00
1.4417248516e-04 1.4508827101e+04 1.5707963268e+00 -1.8658802402e+00
1.4439786302e-04 1.4512309348e+04 1.5707963268e+00 -1.8687579222e+00
1.4462315580e-04 1.4515801567e+04 1.5707963268e+00 -1.8716342228e+00
1.4484836336e-04 1.4519303778e+04 1.5707963268e+00 -1.8745091391e+00
1.4507348556e-04 1.4522816001e+04 1.5707963268e+00 -1.8773826682e+00
1.4529852226e-04 1.4526338254e+04 1.5707963268e+00 -1.8802548070e+00
1.4552347333e-04 1.4529870558e+04 1.5707963268e+00 -1.8831255527e+00
1.4574833862e-04 1.4533412931e+04 1.5707963268e+00 -1.8859949022e+00
1.4597311800e-04 1.4536965392e+04 1.5707963268e+00 -1.8888628526e+00
1.4619781133e-04 1.4540527962e+04 1.5707963268e+00 -1.8917294010e+00
1.4642241848e-04 1.4544100659e+04 1.5707963268e+00 -1.8945945444e+00
1.4664693930e-04 1.4547683502e+04 1.5707963268e+00 -1.8974582798e+00
1.4687137367e-04 1.4551276511e+04 1.5707963268e+00 -1.9003206043e+00
1.4709572145e-04 1.4554879706e+04 1.5707963268e+00 -1.9031815149e+00
1.4731998250e-04 1.4558493105e+04 1.5707963268e+00 -1.9060410087e+00
1.4754415668e-04 1.4562116728e+04 1.5707963268e+00 -1.9088990827e+00
1.4776824387e-04 1.4565750595e+04 1.5707963268e+00 -1.9117557339e+00
1.4799224392e-04 1.4569394724e+04 1.5707963268e+00 -1.9146109594e+00
1.4821615670e-04 1.4573049135e+04 1.5707963268e+00 -1.9174647562e+00
1.4843998208e-04 1.4576713848e+04 1.5707963268e+00 -1.9203171214e+00
1.4866371993e-04 1.4580388882e+04 1.5707963268e+00 -1.9231680521e+00
1.4888737010e-04 1.4584074256e+04 1.5707963268e+00 -1.9260175452e+00
1.4911093247e-04 1.4587769990e+04 1.5707963268e+00 -1.9288655978e+00
1.4933440690e-04 1.4591476103e+04 1.5707963268e+00 -1.9317122069e+00
1.4955779326e-04 1.4595192615e+04 1.5707963268e+00 -1.9345573697e+00
1.4978109142e-04 1.4598919545e+04 1.5707963268e+00 -1.9374010831e+00
1.5000430124e-04 1.4602656912e+04 1.5707963268e+00 -1.9402433443e+00
1.5022742260e-04 1.4606404737e+04 1.5707963268e+00 -1.9430841501e+00
1.5045045535e-04 1.4610163038e+04 1.5707963268e+00 -1.9459234978e+00
1.5067339937e-04 1.4613931835e+04 1.5707963268e+00 -1.9487613843e+00
1.5089625454e-04 1.4617711147e+04 1.5707963268e+00 -1.9515978067e+00
1.5111902070e-04 1.4621500994e+04 1.5707963268e+00 -1.9544327620e+00
1.5134169775e-04 1.4625301395e+04 1.5707963268e+00 -1.9572662473e+00
1.5156428553e-04 1.4629112371e+04 1.5707963268e+00 -1.9600982597e+00
1.5178678394e-04 1.4632933939e+04 1.5707963268e+00 -1.9629287962e+00
1.5200919283e-04 1.4636766121e+04 1.5707963268e+00 -1.9657578538e+00
1.5223151207e-04 1.4640608935e+04 1.5707963268e+00 -1.9685854297e+00
1.5245374154e-04 1.4644462401e+04 1.5707963268e+00 -1.9714115208e+00
1.5267588111e-04 1.4648326538e+04 1.5707963268e+00 -1.9742361242e+00
1.5289793065e-04 1.4652201366e+04 1.5707963268e+00 -1.9770592370e+00
1.5311989003e-04 1.4656086904e+04 1.5707963268e+00 -1.9798808563e+00
1.5334175912e-04 1.4659983173e+04 1.5707963268e+00 -1.9827009791e+00
1.5356353779e-04 1.4663890191e+04 1.5707963268e+00 -1.9855196024e+00
1.5378522592e-04 1.4667807978e+04 1.5707963268e+00 -1.9883367233e+00
1.5400682338e-04 1.4671736554e+04 1.5707963268e+00 -1.9911523389e+00
1.5422833005e-04 1.4675675937e+04 1.5707963268e+00 -1.9939664463e+00
1.5444974579e-04 1.4679626149e+04 1.5707963268e+00 -1.9967790425e+00
1.5467107048e-04 1.4683587207e+04 1.5707963268e+00 -1.9995901246e+00
1.5489230400e-04 1.4687559133e+04 1.5707963268e+00 -2.0023996896e+00
1.5511344622e-04 1.4691541944e+04 1.5707963268e+00 -2.0052077347e+00
1.5533449701e-04 1.4695535662e+04 1.5707963268e+00 -2.0080142568e+00
1.5555545624e-04 1.4699540305e+04 1.5707963268e+00 -2.0108192531e+00
1.5577632381e-04 1.4703555892e+04 1.5707963268e+00 -2.0136227206e+00
1.5599709957e-04 1.4707582445e+04 1.5707963268e+00 -2.0164246565e+00
1.5621778341e-04 1.4711619981e+04 1.5707963268e+00 -2.0192250577e+00
1.5643837520e-04 1.4715668521e+04 1.5707963268e+00 -2.0220239214e+00
1.5665887482e-04 1.4719728085e+04 1.5707963268e+00 -2.0248212446e+00
1.5687928215e-04 1.4723798691e+04 1.5707963268e+00 -2.0276170245e+00
1.5709959706e-04 1.4727880359e+04 1.5707963268e+00 -2.0304112581e+00
1.5731981943e-04 1.4731973109e+04 1.5707963268e+00 -2.0332039424e+00
1.5753994914e-04 1.4736076960e+04 1.5707963268e+00 -2.0359950746e+00
1.5775998607e-04 1.4740191933e+04 1.5707963268e+00 -2.0387846518e+00
1.5797993010e-04 1.4744318046e+04 1.5707963268e+00 -2.0415726711e+00
1.5819978110e-04 1.4748455319e+04 1.5707963268e+00 -2.0443591295e+00
1.5841953895e-04 1.4752603772e+04 1.5707963268e+00 -2.0471440241e+00
1.5863920354e-04 1.4756763424e+04 1.5707963268e+00 -2.0499273520e+00
1.5885877475e-04 1.4760934294e+04 1.5707963268e+00 -2.0527091104e+00
1.5907825244e-04 1.4765116403e+04 1.5707963268e+00 -2.0554892963e+00
1.5929763652e-04 1.4769309770e+04 1.5707963268e+00 -2.0582679068e+00
1.5951692685e-04 1.4773514414e+04 1.5707963268e+00 -2.0610449390e+00
1.5973612332e-04 1.4777730355e+04 1.5707963268e+00 -2.0638203900e+00
1.5995522582e-04 1.4781957612e+04 1.5707963268e+00 -2.0665942570e+00
1.6017423421e-04 1.4786196206e+04 1.5707963268e+00 -2.0693665370e+00
1.6039314839e-04 1.4790446154e+04 1.5707963268e+00 -2.0721372272e+00
1.6061196824e-04 1.4794707478e+04 1.5707963268e+00 -2.0749063246e+00
1.6083069364e-04 1.4798980197e+04 1.5707963268e+00 -2.0776738264e+00
1.6104932447e-04 1.4803264329e+04 1.5707963268e+00 -2.0804397297e+00
1.6126786062e-04 1.4807559895e+04 1.5707963268e+00 -2.0832040316e+00
1.6148630198e-04 1.4811866915e+04 1.5707963268e+00 -2.0859667292e+00
1.6170464843e-04 1.4816185406e+04 1.5707963268e+00 -2.0887278197e+00
1.6192289984e-04 1.4820515390e+04 1.5707963268e+00 -2.0914873001e+00
1.6214105612e-04 1.4824856886e+04 1.5707963268e+00 -2.0942451677e+00
1.6235911714e-04 1.4829209912e+04 1.5707963268e+00 -2.0970014195e+00
1.6257708280e-04 1.4833574489e+04 1.5707963268e+00 -2.0997560526e+00
1.6279495297e-04 1.4837950636e+04 1.5707963268e+00 -2.1025090642e+00
1.6301272754e-04 1.4842338373e+04 1.5707963268e+00 -2.1052604515e+00
1.6323040641e-04 1.4846737718e+04 1.5707963268e+00 -2.1080102115e+00
1.6344798945e-04 1.4851148692e+04 1.5707963268e+00 -2.1107583415e+00
1.6366547657e-04 1.4855571314e+04 1.5707963268e+00 -2.1135048385e+00
1.6388286764e-04 1.4860005604e+04 1.5707963268e+00 -2.1162496997e+00
1.6410016256e-04 1.4864451580e+04 1.5707963268e+00 -2.1189929223e+00
1.6431736121e-04 1.4868909262e+04 1.5707963268e+00 -2.1217345033e+00
1.6453446348e-04 1.4873378669e+04 1.5707963268e+00 -2.1244744401e+00
1.6475146927e-04 1.4877859822e+04 1.5707963268e+00 -2.1272127296e+00
1.6496837846e-04 1.4882352739e+04 1.5707963268e+00 -2.1299493692e+00
1.6518519095e-04 1.4886857440e+04 1.5707963268e+00 -2.1326843558e+00
1.6540190663e-04 1.4891373945e+04 1.5707963268e+00 -2.1354176868e+00
1.6561852538e-04 1.4895902271e+04 1.5707963268e+00 -2.1381493593e+00
1.6583504711e-04 1.4900442440e+04 1.5707963268e+00 -2.1408793704e+00
1.6605147170e-04 1.4904994470e+04 1.5707963268e+00 -2.1436077173e+00
1.6626779904e-04 1.4909558381e+04 1.5707963268e+00 -2.1463343973e+00
1.6648402903e-04 1.4914134191e+04 1.5707963268e+00 -2.1490594074e+00
1.6670016157e-04 1.4918721921e+04 1.5707963268e+00 -2.1517827448e+00
1.6691619654e-04 1.4923321590e+04 1.5707963268e+00 -2.1545044069e+00
1.6713213385e-04 1.4927933217e+04 1.5707963268e+00 -2.1572243906e+00
1.6734797338e-04 1.4932556820e+04 1.5707963268e+00 -2.1599426933e+00
1.6756371503e-04 1.4937192421e+04 1.5707963268e+00 -2.1626593122e+00
1.6777935870e-04 1.4941840037e+04 1.5707963268e+00 -2.1653742443e+00
1.6799490428e-04 1.4946499688e+04 1.5707963268e+00 -2.1680874870e+00
1.6821035167e-04 1.4951171394e+04 1.5707963268e+00 -2.1707990374e+00
1.6842570077e-04 1.4955855173e+04 1.5707963268e+00 -2.1735088928e+00
1.6864095147e-04 1.4960551044e+04 1.5707963268e+00 -2.1762170503e+00
1.6885610368e-04 1.4965259028e+04 1.5707963268e+00 -2.1789235072e+00
1.6907115728e-04 1.4969979143e+04 1.5707963268e+00 -2.1816282607e+00
1.6928611218e-04 1.4974711409e+04 1.5707963268e+00 -2.1843313081e+00
1.6950096828e-04 1.4979455843e+04 1.5707963268e+00 -2.1870326464e+00
1.6971572548e-04 1.4984212467e+04 1.5707963268e+00 -2.1897322730e+00
1.6993038368e-04 1.4988981298e+04 1.5707963268e+00 -2.1924301852e+00
1.7014494277e-04 1.4993762357e+04 1.5707963268e+00 -2.1951263800e+00
1.7035940266e-04 1.4998555661e+04 1.5707963268e+00 -2.1978208549e+00
1.7057376325e-04 1.5003361231e+04 1.5707963268e+00 -2.2005136070e+00
1.7078802444e-04 1.5008179085e+04 1.5707963268e+00 -2.2032046335e+00
1.7100218613e-04 1.5013009242e+04 1.5707963268e+00 -2.2058939318e+00
1.7121624823e-04 1.5017851722e+04 1.5707963268e+00 -2.2085814990e+00
1.7143021064e-04 1.5022706543e+04 1.5707963268e+00 -2.2112673325e+00
1.7164407326e-04 1.5027573724e+04 1.5707963268e+00 -2.2139514295e+00
1.7185783599e-04 1.5032453285e+04 1.5707963268e+00 -2.2166337873e+00
1.7207149874e-04 1.5037345244e+04 1.5707963268e+00 -2.2193144031e+00
1.7228506142e-04 1.5042249621e+04 1.5707963268e+00 -2.2219932742e+00
1.7249852393e-04 1.5047166435e+04 1.5707963268e+00 -2.2246703979e+00
1.7271188617e-04 1.5052095703e+04 1.5707963268e+00 -2.2273457715e+00
1.7292514805e-04 1.5057037446e+04 1.5707963268e+00 -2.2300193922e+00
1.7313830948e-04 1.5061991682e+04 1.5707963268e+00 -2.2326912574e+00
1.7335137037e-04 1.5066958430e+04 1.5707963268e+00 -2.2353613643e+00
1.7356433062e-04 1.5071937709e+04 1.5707963268e+00 -2.2380297103e+00
1.7377719013e-04 1.5076929537e+04 1.5707963268e+00 -2.2406962926e+00
1.7398994883e-04 1.5081933934e+04 1.5707963268e+00 -2.2433611086e+00
1.7420260661e-04 1.5086950919e+04 1.5707963268e+00 -2.2460241555e+00
1.7441516338e-04 1.5091980510e+04 1.5707963268e+00 -2.2486854308e+00
1.7462761906e-04 1.5097022726e+04 1.5707963268e+00 -2.2513449316e+00
1.7483997356e-04 1.5102077585e+04 1.5707963268e+00 -2.2540026554e+00
1.7505222678e-04 1.5107145107e+04 1.5707963268e+00 -2.2566585994e+00
1.7526437864e-04 1.5112225310e+04 1.5707963268e+00 -2.2593127610e+00
1.7547642904e-04 1.5117318213e+04 1.5707963268e+00 -2.2619651375e+00
1.7568837791e-04 1.5122423834e+04 1.5707963268e+00 -2.2646157263e+00
1.7590022515e-04 1.5127542193e+04 1.5707963268e+00 -2.2672645247e+00
1.7611197067e-04 1.5132673307e+04 1.5707963268e+00 -2.2699115301e+00
1.7632361439e-04 1.5137817196e+04 1.5707963268e+00 -2.2725567398e+00
1.7653515623e-04 1.5142973878e+04 1.5707963268e+00 -2.2752001512e+00
1.7674659609e-04 1.5148143371e+04 1.5707963268e+00 -2.2778417616e+00
1.7695793389e-04 1.5153325695e+04 1.5707963268e+00 -2.2804815685e+00
1.7716916955e-04 1.5158520867e+04 1.5707963268e+00 -2.2831195691e+00
1.7738030298e-04 1.5163728906e+04 1.5707963268e+00 -2.2857557610e+00
1.7759133410e-04 1.5168949831e+04 1.5707963268e+00 -2.2883901413e+00
1.7780226282e-04 1.5174183660e+04 1.5707963268e+00 -2.2910227077e+00
1.7801308906e-04 1.5179430411e+04 1.5707963268e+00 -2.2936534573e+00
1.7822381275e-04 1.5184690103e+04 1.5707963268e+00 -2.2962823878e+00
1.7843443379e-04 1.5189962755e+04 1.5707963268e+00 -2.2989094963e+00
1.7864495210e-04 1.5195248384e+04 1.5707963268e+00 -2.3015347804e+00
1.7885536761e-04 1.5200547009e+04 1.5707963268e+00 -2.3041582375e+00
1.7906568024e-04 1.5205858648e+04 1.5707963268e+00 -2.3067798650e+00
1.7927588990e-04 1.5211183319e+04 1.5707963268e+00 -2.3093996602e+00
1.7948599651e-04 1.5216521042e+04 1.5707963268e+00 -2.3120176208e+00
1.7969600000e-04 1.5221871833e+04 1.5707963268e+00 -2.3146337439e+00
1.7990590028e-04 1.5227235712e+04 1.5707963268e+00 -2.3172480272e+00
1.8011569728e-04 1.5232612696e+04 1.5707963268e+00 -2.3198604681e+00
1.8032539093e-04 1.5238002804e+04 1.5707963268e+00 -2.3224710640e+00
1.8053498114e-04 1.5243406053e+04 1.5707963268e+00 -2.3250798123e+00
1.8074446783e-04 1.5248822462e+04 1.5707963268e+00 -2.3276867106e+00
1.8095385093e-04 1.5254252049e+04 1.5707963268e+00 -2.3302917562e+00
1.8116313037e-04 1.5259694831e+04 1.5707963268e+00 -2.3328949468e+00
1.8137230607e-04 1.5265150828e+04 1.5707963268e+00 -2.3354962796e+00
1.8158137796e-04 1.5270620056e+04 1.5707963268e+00 -2.3380957523e+00
1.8179034595e-04 1.5276102535e+04 1.5707963268e+00 -2.3406933623e+00
1.8199920998e-04 1.5281598281e+04 1.5707963268e+00 -2.3432891071e+00
1.8220796998e-04 1.5287107312e+04 1.5707963268e+00 -2.3458829842e+00
1.8241662587e-04 1.5292629648e+04 1.5707963268e+00 -2.3484749911e+00
1.8262517757e-04 1.5298165304e+04 1.5707963268e+00 -2.3510651253e+00
1.8283362502e-04 1.5303714300e+04 1.5707963268e+00 -2.3536533844e+00
1.8304196815e-04 1.5309276653e+04 1.5707963268e+00 -2.3562397658e+00
1.8325020688e-04 1.5314852380e+04 1.5707963268e+00 -2.3588242672e+00
1.8345834115e-04 1.5320441500e+04 1.5707963268e+00 -2.3614068859e+00
1.8366637088e-04 1.5326044030e+04 1.5707963268e+00 -2.3639876196e+00
1.8387429601e-04 1.5331659988e+04 1.5707963268e+00 -2.3665664658e+00
1.8408211647e-04 1.5337289392e+04 1.5707963268e+00 -2.3691434220e+00
1.8428983218e-04 1.5342932258e+04 1.5707963268e+00 -2.3717184859e+00
1.8449744308e-04 1.5348588605e+04 1.5707963268e+00 -2.3742916549e+00
1.8470494911e-04 1.5354258451e+04 1.5707963268e+00 -2.3768629267e+00
1.8491235020e-04 1.5359941812e+04 1.5707963268e+00 -2.3794322988e+00
1.8511964627e-04 1.5365638706e+04 1.5707963268e+00 -2.3819997688e+00
1.8532683727e-04 1.5371349150e+04 1.5707963268e+00 -2.3845653343e+00
1.8553392313e-04 1.5377073163e+04 1.5707963268e+00 -2.3871289929e+00
1.8574090378e-04 1.5382810761e+04 1.5707963268e+00 -2.3896907421e+00
1.8594777917e-04 1.5388561962e+04 1.5707963268e+00 -2.3922505796e+00
1.8615454922e-04 1.5394326783e+04 1.5707963268e+00 -2.3948085031e+00
1.8636121388e-04 1.5400105241e+04 1.5707963268e+00 -2.3973645100e+00
1.8656777308e-04 1.5405897354e+04 1.5707963268e+00 -2.3999185981e+00
1.8677422675e-04 1.5411703138e+04 1.5707963268e+00 -2.4024707649e+00
1.8698057485e-04 1.5417522612e+04 1.5707963268e+00 -2.4050210082e+00
1.8718681730e-04 1.5423355791e+04 1.5707963268e+00 -2.4075693255e+00
1.8739295404e-04 1.5429202694e+04 1.5707963268e+00 -2.4101157145e+00
1.8759898502e-04 1.5435063337e+04 1.5707963268e+00 -2.4126601729e+00
1.8780491018e-04 1.5440937737e+04 1.5707963268e+00 -2.4152026983e+00
1.8801072945e-04 1.5446825912e+04 1.5707963268e+00 -2.4177432884e+00
1.8821644278e-04 1.5452727878e+04 1.5707963268e+00 -2.4202819409e+00
1.8842205012e-04 1.5458643652e+04 1.5707963268e+00 -2.4228186534e+00
1.8862755139e-04 1.5464573251e+04 1.5707963268e+00 -2.4253534236e+00
1.8883294655e-04 1.5470516692e+04 1.5707963268e+00 -2.4278862493e+00
1.8903823554e-04 1.5476473992e+04 1.5707963268e+00 -2.4304171281e+00
1.8924341831e-04 1.5482445167e+04 1.5707963268e+00 -2.4329460577e+00
1.8944849479e-04 1.5488430235e+04 1.5707963268e+00 -2.4354730360e+00
1.8965346493e-04 1.5494429212e+04 1.5707963268e+00 -2.4379980605e+00
1.8985832868e-04 1.5500442114e+04 1.5707963268e+00 -2.4405211290e+00
1.9006308599e-04 1.5506468959e+04 1.5707963268e+00 -2.4430422393e+00
1.9026773680e-04 1.5512509762e+04 1.5707963268e+00 -2.4455613890e+00
1.9047228106e-04 1.5518564541e+04 1.5707963268e+00 -2.4480785761e+00
1.9067671871e-04 1.5524633312e+04 1.5707963268e+00 -2.4505937981e+00
1.9088104971e-04 1.5530716092e+04 1.5707963268e+00 -2.4531070529e+00
1.9108527400e-04 1.5536812896e+04 1.5707963268e+00 -2.4556183382e+00
1.9128939153e-04 1.5542923741e+04 1.5707963268e+00 -2.4581276518e+00
1.9149340226e-04 1.5549048645e+04 1.5707963268e+00 -2.4606349916e+00
1.9169730613e-04 1.5555187622e+04 1.5707963268e+00 -2.4631403552e+00
1.9190110309e-04 1.5561340689e+04 1.5707963268e+00 -2.4656437406e+00
1.9210479309e-04 1.5567507863e+04 1.5707963268e+00 -2.4681451454e+00
1.9230837610e-04 1.5573689159e+04 1.5707963268e+00 -2.4706445676e+00
1.9251185205e-04 1.5579884594e+04 1.5707963268e+00 -2.4731420049e+00
1.9271522090e-04 1.5586094185e+04 1.5707963268e+00 -2.4756374552e+00
1.9291848261e-04 1.5592317946e+04 1.5707963268e+00 -2.4781309163e+00
1.9312163713e-04 1.5598555894e+04 1.5707963268e+00 -2.4806223860e+00
1.9332468442e-04 1.5604808045e+04 1.5707963268e+00 -2.4831118622e+00
1.9352762442e-04 1.5611074416e+04 1.5707963268e+00 -2.4855993428e+00
1.9373045710e-04 1.5617355021e+04 1.5707963268e+00 -2.4880848256e+00
1.9393318240e-04 1.5623649877e+04 1.5707963268e+00 -2.4905683085e+00
1.9413580030e-04 1.5629958999e+04 1.5707963268e+00 -2.4930497893e+00
1.9433831074e-04 1.5636282404e+04 1.5707963268e+00 -2.4955292661e+00
1.9454071368e-04 1.5642620107e+04 1.5707963268e+00 -2.4980067366e+00
1.9474300909e-04 1.5648972124e+04 1.5707963268e+00 -2.5004821987e+00
1.9494519691e-04 1.5655338470e+04 1.5707963268e+00 -2.5029556504e+00
1.9514727711e-04 1.5661719161e+04 1.5707963268e+00 -2.5054270897e+00
1.9534924966e-04 1.5668114213e+04 1.5707963268e+00 -2.5078965143e+00
1.9555111450e-04 1.5674523641e+04 1.5707963268e+00 -2.5103639223e+00
1.9575287160e-04 1.5680947460e+04 1.5707963268e+00 -2.5128293115e+00
1.9595452092e-04 1.5687385686e+04 1.5707963268e+00 -2.5152926801e+00
1.9615606243e-04 1.5693838335e+04 1.5707963268e+00 -2.5177540258e+00
1.9635749608e-04 1.5700305422e+04 1.5707963268e+00 -2.5202133467e+00
1.9655882184e-04 1.5706786961e+04 1.5707963268e+00 -2.5226706407e+00
1.9676003967e-04 1.5713282969e+04 1.5707963268e+00 -2.5251259058e+00
1.9696114954e-04 1.5719793461e+04 1.5707963268e+00 -2.5275791400e+00
1.9716215142e-04 1.5726318451e+04 1.5707963268e+00 -2.5300303414e+00
1.9736304526e-04 1.5732857954e+04 1.5707963268e+00 -2.5324795078e+00
1.9756383103e-04 1.5739411987e+04 1.5707963268e+00 -2.5349266374e+00
1.9776450870e-04 1.5745980563e+04 1.5707963268e+00 -2.5373717281e+00
1.9796507823e-04 1.5752563698e+04 1.5707963268e+00 -2.5398147779e+00
1.9816553960e-04 1.5759161406e+04 1.5707963268e+00 -2.5422557850e+00
1.9836589277e-04 1.5765773704e+04 1.5707963268e+00 -2.5446947473e+00
1.9856613771e-04 1.5772400604e+04 1.5707963268e+00 -2.5471316629e+00
1.9876627439e-04 1.5779042123e+04 1.5707963268e+00 -2.5495665299e+00
1.9896630277e-04 1.5785698275e+04 1.5707963268e+00 -2.5519993463e+00
1.9916622284e-04 1.5792369074e+04 1.5707963268e+00 -2.5544301102e+00
1.9936603455e-04 1.5799054535e+04 1.5707963268e+00 -2.5568588197e+00
1.9956573788e-04 1.5805754674e+04 1.5707963268e+00 -2.5592854728e+00
1.9976533280e-04 1.5812469503e+04 1.5707963268e+00 -2.5617100678e+00
1.9996481928e-04 1.5819199038e+04 1.5707963268e+00 -2.5641326027e+00
2.0016419730e-04 1.5825943294e+04 1.5707963268e+00 -2.5665530755e+00
2.0036346683e-04 1.5832702284e+04 1.5707963268e+00 -2.5689714846e+00
2.0056262784e-04 1.5839476023e+04 1.5707963268e+00 -2.5713878279e+00
2.0076168030e-04 1.5846264526e+04 1.5707963268e+00 -2.5738021036e+00
2.0096062420e-04 1.5853067806e+04 1.5707963268e+00 -2.5762143099e+00
2.0115945951e-04 1.5859885877e+04 1.5707963268e+00 -2.5786244449e+00
2.0135818620e-04 1.5866718754e+04 1.5707963268e+00 -2.5810325068e+00
2.0155680425e-04 1.5873566452e+04 1.5707963268e+00 -2.5834384938e+00
2.0175531364e-04 1.5880428983e+04 1.5707963268e+00 -2.5858424041e+00
2.0195371433e-04 1.5887306362e+04 1.5707963268e+00 -2.5882442359e+00
2.0215200633e-04 1.5894198603e+04 1.5707963268e+00 -2.5906439873e+00
2.0235018959e-04 1.5901105720e+04 1.5707963268e+00 -2.5930416565e+00
2.0254826410e-04 1.5908027726e+04 1.5707963268e+00 -2.5954372419e+00
2.0274622984e-04 1.5914964635e+04 1.5707963268e+00 -2.5978307416e+00
2.0294408679e-04 1.5921916462e+04 1.5707963268e+00 -2.6002221539e+00
2.0314183493e-04 1.5928883219e+04 1.5707963268e+00 -2.6026114770e+00
2.0333947425e-04 1.5935864921e+04 1.5707963268e+00 -2.6049987091e+00
2.0353700471e-04 1.5942861580e+04 1.5707963268e+00 -2.6073838486e+00
2.0373442631e-04 1.5949873211e+04 1.5707963268e+00 -2.6097668937e+00
2.0393173903e-04 1.5956899827e+04 1.5707963268e+00 -2.6121478427e+00
2.0412894286e-04 1.5963941441e+04 1.5707963268e+00 -2.6145266938e+00
2.0432603776e-04 1.5970998067e+04 1.5707963268e+00 -2.6169034454e+00
2.0452302374e-04 1.5978069718e+04 1.5707963268e+00 -2.6192780958e+00
2.0471990077e-04 1.5985156407e+04 1.5707963268e+00 -2.6216506433e+00
2.0491666885e-04 1.5992258147e+04 1.5707963268e+00 -2.6240210862e+00
2.0511332794e-04 1.5999374952e+04 1.5707963268e+00 -2.6263894229e+00
2.0530987806e-04 1.6006506834e+04 1.5707963268e+00 -2.6287556517e+00
2.0550631917e-04 1.6013653807e+04 1.5707963268e+00 -2.6311197710e+00
2.0570265127e-04 1.6020815884e+04 1.5707963268e+00 -2.6334817791e+00
2.0589887435e-04 1.6027993077e+04 1.5707963268e+00 -2.6358416743e+00
2.0609498839e-04 1.6035185400e+04 1.5707963268e+00 -2.6381994552e+00
2.0629099339e-04 1.6042392864e+04 1.5707963268e+00 -2.6405551200e+00
2.0648688933e-04 1.6049615484e+04 1.5707963268e+00 -2.6429086672e+00
2.0668267620e-04 1.6056853271e+04 1.5707963268e+00 -2.6452600951e+00
2.0687835400e-04 1.6064106239e+04 1.5707963268e+00 -2.6476094022e+00
2.0707392271e-04 1.6071374399e+04 1.5707963268e+00 -2.6499565869e+00
2.0726938234e-04 1.6078657765e+04 1.5707963268e+00 -2.6523016477e+00
2.0746473286e-04 1.6085956349e+04 1.5707963268e+00 -2.6546445830e+00
2.0765997428e-04 1.6093270163e+04 1.5707963268e+00 -2.6569853912e+00
2.0785510658e-04 1.6100599220e+04 1.5707963268e+00 -2.6593240708e+00
2.0805012976e-04 1.6107943531e+04 1.5707963268e+00 -2.6616606203e+00
2.0824504382e-04 1.6115303110e+04 1.5707963268e+00 -2.6639950382e+00
2.0843984875e-04 1.6122677968e+04 1.5707963268e+00 -2.6663273229e+00
2.0863454455e-04 1.6130068118e+04 1.5707963268e+00 -2.6686574729e+00
2.0882913120e-04 1.6137473571e+04 1.5707963268e+00 -2.6709854868e+00
2.0902360872e-04 1.6144894339e+04 1.5707963268e+00 -2.6733113631e+00
2.0921797709e-04 1.6152330436e+04 1.5707963268e+00 -2.6756351003e+00
2.0941223631e-04 1.6159781872e+04 1.5707963268e+00 -2.6779566969e+00
2.0960638639e-04 1.6167248659e+04 1.5707963268e+00 -2.6802761516e+00
2.0980042732e-04 1.6174730809e+04 1.5707963268e+00 -2.6825934627e+00
2.0999435909e-04 1.6182228333e+04 1.5707963268e+00 -2.6849086290e+00
2.1018818171e-04 1.6189741245e+04 1.5707963268e+00 -2.6872216490e+00
2.1038189519e-04 1.6197269554e+04 1.5707963268e+00 -2.6895325212e+00
2.1057549951e-04 1.6204813273e+04 1.5707963268e+00 -2.6918412443e+00
2.1076899468e-04 1.6212372413e+04 1.5707963268e+00 -2.6941478169e+00
2.1096238071e-04 1.6219946986e+04 1.5707963268e+00 -2.6964522376e+00
2.1115565759e-04 1.6227537002e+04 1.5707963268e+00 -2.6987545050e+00
2.1134882533e-04 1.6235142474e+04 1.5707963268e+00 -2.7010546177e+00
2.1154188393e-04 1.6242763412e+04 1.5707963268e+00 -2.7033525743e+00
2.1173483340e-04 1.6250399827e+04 1.5707963268e+00 -2.7056483737e+00
2.1192767373e-04 1.6258051732e+04 1.5707963268e+00 -2.7079420143e+00
2.1212040494e-04 1.6265719136e+04 1.5707963268e+00 -2.7102334949e+00
2.1231302703e-04 1.6273402051e+04 1.5707963268e+00 -2.7125228141e+00
2.1250554001e-04 1.6281100488e+04 1.5707963268e+00 -2.7148099706e+00
2.1269794388e-04 1.6288814457e+04 1.5707963268e+00 -2.7170949632e+00
2.1289023865e-04 1.6296543970e+04 1.5707963268e+00 -2.7193777906e+00
2.1308242432e-04 1.6304289037e+04 1.5707963268e+00 -2.7216584514e+00
2.1327450091e-04 1.6312049670e+04 1.5707963268e+00 -2.7239369444e+00
2.1346646842e-04 1.6319825877e+04 1.5707963268e+00 -2.7262132683e+00
2.1365832687e-04 1.6327617671e+04 1.5707963268e+00 -2.7284874219e+00
2.1385007625e-04 1.6335425062e+04 1.5707963268e+00 -2.7307594040e+00
2.1404171659e-04 1.6343248059e+04 1.5707963268e+00 -2.7330292132e+00
2.1423324789e-04 1.6351086675e+04 1.5707963268e+00 -2.7352968485e+00
2.1442467016e-04 1.6358940918e+04 1.5707963268e+00 -2.7375623085e+00
2.1461598342e-04 1.6366810799e+04 1.5707963268e+00 -2.7398255921e+00
2.1480718767e-04 1.6374696328e+04 1.5707963268e+00 -2.7420866981e+00
2.1499828293e-04 1.6382597516e+04 1.5707963268e+00 -2.7443456253e+00
2.1518926921e-04 1.6390514373e+04 1.5707963268e+00 -2.7466023725e+00
2.1538014653e-04 1.6398446908e+04 1.5707963268e+00 -2.7488569386e+00
2.1557091490e-04 1.6406395132e+04 1.5707963268e+00 -2.7511093223e+00
2.1576157434e-04 1.6414359054e+04 1.5707963268e+00 -2.7533595227e+00
2.1595212485e-04 1.6422338684e+04 1.5707963268e+00 -2.7556075385e+00
2.1614256645e-04 1.6430334033e+04 1.5707963268e+00 -2.7578533685e+00
2.1633289917e-04 1.6438345109e+04 1.5707963268e+00 -2.7600970118e+00
2.1652312302e-04 1.6446371923e+04 1.5707963268e+00 -2.7623384672e+00
2.1671323800e-04 1.6454414483e+04 1.5707963268e+00 -2.7645777336e+00
2.1690324415e-04 1.6462472800e+04 1.5707963268e+00 -2.7668148099e+00
2.1709314148e-04 1.6470546883e+04 1.5707963268e+00 -2.7690496951e+00
2.1728293001e-04 1.6478636742e+04 1.5707963268e+00 -2.7712823880e+00
2.1747260976e-04 1.6486742384e+04 1.5707963268e+00 -2.7735128877e+00
2.1766218074e-04 1.6494863821e+04 1.5707963268e+00 -2.7757411930e+00
2.1785164297e-04 1.6503001061e+04 1.5707963268e+00 -2.7779673031e+00
2.1804099649e-04 1.6511154113e+04 1.5707963268e+00 -2.7801912167e+00
2.1823024130e-04 1.6519322987e+04 1.5707963268e+00 -2.7824129330e+00
2.1841937743e-04 1.6527507690e+04 1.5707963268e+00 -2.7846324509e+00
2.1860840490e-04 1.6535708233e+04 1.5707963268e+00 -2.7868497694e+00
2.1879732374e-04 1.6543924624e+04 1.5707963268e+00 -2.7890648875e+00
2.1898613396e-04 1.6552156872e+04 1.5707963268e+00 -2.7912778043e+00
2.1917483559e-04 1.6560404986e+04 1.5707963268e+00 -2.7934885189e+00
2.1936342866e-04 1.6568668974e+04 1.5707963268e+00 -2.7956970302e+00
2.1955191318e-04 1.6576948845e+04 1.5707963268e+00 -2.7979033373e+00
2.1974028919e-04 1.6585244607e+04 1.5707963268e+00 -2.8001074392e+00
2.1992855670e-04 1.6593556269e+04 1.5707963268e+00 -2.8023093352e+00
2.2011671575e-04 1.6601883840e+04 1.5707963268e+00 -2.8045090242e+00
2.2030476636e-04 1.6610227327e+04 1.5707963268e+00 -2.8067065053e+00
2.2049270855e-04 1.6618586739e+04 1.5707963268e+00 -2.8089017777e+00
2.2068054236e-04 1.6626962085e+04 1.5707963268e+00 -2.8110948404e+00
2.2086826781e-04 1.6635353372e+04 1.5707963268e+00 -2.8132856927e+00
2.2105588493e-04 1.6643760608e+04 1.5707963268e+00 -2.8154743336e+00
2.2124339374e-04 1.6652183802e+04 1.5707963268e+00 -2.8176607623e+00
2.2143079429e-04 1.6660622962e+04 1.5707963268e+00 -2.8198449780e+00
2.2161808659e-04 1.6669078094e+04 1.5707963268e+00 -2.8220269798e+00
2.2180527068e-04 1.6677549208e+04 1.5707963268e+00 -2.8242067669e+00
2.2199234658e-04 1.6686036311e+04 1.5707963268e+00 -2.8263843384e+00
2.2217931434e-04 1.6694539410e+04 1.5707963268e+00 -2.8285596937e+00
2.2236617397e-04 1.6703058514e+04 1.5707963268e+00 -2.8307328319e+00
2.2255292551e-04 1.6711593629e+04 1.5707963268e+00 -2.8329037522e+00
2.2273956900e-04 1.6720144764e+04 1.5707963268e+00 -2.8350724539e+00
2.2292610447e-04 1.6728711925e+04 1.5707963268e+00 -2.8372389361e+00
2.2311253194e-04 1.6737295121e+04 1.5707963268e+00 -2.8394031982e+00
2.2329885146e-04 1.6745894357e+04 1.5707963268e+00 -2.8415652395e+00
2.2348506306e-04 1.6754509643e+04 1.5707963268e+00 -2.8437250591e+00
2.2367116677e-04 1.6763140984e+04 1.5707963268e+00 -2.8458826564e+00
2.2385716262e-04 1.6771788388e+04 1.5707963268e+00 -2.8480380306e+00
2.2404305066e-04 1.6780451861e+04 1.5707963268e+00 -2.8501911811e+00
2.2422883092e-04 1.6789131412e+04 1.5707963268e+00 -2.8523421072e+00
2.2441450343e-04 1.6797827046e+04 1.5707963268e+00 -2.8544908082e+00
2.2460006824e-04 1.6806538770e+04 1.5707963268e+00 -2.8566372834e+00
2.2478552538e-04 1.6815266592e+04 1.5707963268e+00 -2.8587815322e+00
2.2497087488e-04 1.6824010518e+04 1.5707963268e+00 -2.8609235540e+00
2.2515611679e-04 1.6832770554e+04 1.5707963268e+00 -2.8630633480e+00
2.2534125114e-04 1.6841546708e+04 1.5707963268e+00 -2.8652009137e+00
2.2552627798e-04 1.6850338985e+04 1.5707963268e+00 -2.8673362505e+00
2.2571119734e-04 1.6859147392e+04 1.5707963268e+00 -2.8694693577e+00
2.2589600926e-04 1.6867971935e+04 1.5707963268e+00 -2.8716002348e+00
2.2608071379e-04 1.6876812621e+04 1.5707963268e+00 -2.8737288812e+00
2.2626531096e-04 1.6885669456e+04 1.5707963268e+00 -2.8758552963e+00
2.2644980082e-04 1.6894542446e+04 1.5707963268e+00 -2.8779794796e+00
2.2663418340e-04 1.6903431596e+04 1.5707963268e+00 -2.8801014304e+00
2.2681845876e-04 1.6912336914e+04 1.5707963268e+00 -2.8822211483e+00
2.2700262692e-04 1.6921258405e+04 1.5707963268e+00 -2.8843386326e+00
2.2718668794e-04 1.6930196075e+04 1.5707963268e+00 -2.8864538830e+00
2.2737064187e-04 1.6939149929e+04 1.5707963268e+00 -2.8885668989e+00
2.2755448873e-04 1.6948119974e+04 1.5707963268e+00 -2.8906776798e+00
2.2773822858e-04 1.6957106215e+04 1.5707963268e+00 -2.8927862251e+00
2.2792186147e-04 1.6966108657e+04 1.5707963268e+00 -2.8948925345e+00
2.2810538743e-04 1.6975127307e+04 1.5707963268e+00 -2.8969966074e+00
2.2828880651e-04 1.6984162169e+04 1.5707963268e+00 -2.8990984433e+00
2.2847211877e-04 1.6993213250e+04 1.5707963268e+00 -2.9011980420e+00
2.2865532423e-04 1.7002280553e+04 1.5707963268e+00 -2.9032954028e+00
2.2883842297e-04 1.7011364086e+04 1.5707963268e+00 -2.9053905253e+00
2.2902141501e-04 1.7020463852e+04 1.5707963268e+00 -2.9074834093e+00
2.2920430041e-04 1.7029579857e+04 1.5707963268e+00 -2.9095740541e+00
2.2938707921e-04 1.7038712106e+04 1.5707963268e+00 -2.9116624595e+00
2.2956975147e-04 1.7047860604e+04 1.5707963268e+00 -2.9137486251e+00
2.2975231723e-04 1.7057025357e+04 1.5707963268e+00 -2.9158325504e+00
2.2993477655e-04 1.7066206367e+04 1.5707963268e+00 -2.9179142351e+00
2.3011712947e-04 1.7075403642e+04 1.5707963268e+00 -2.9199936789e+00
2.3029937604e-04 1.7084617184e+04 1.5707963268e+00 -2.9220708814e+00
2.3048151631e-04 1.7093846999e+04 1.5707963268e+00 -2.9241458422e+00
2.3066355034e-04 1.7103093092e+04 1.5707963268e+00 -2.9262185611e+00
2.3084547818e-04 1.7112355467e+04 1.5707963268e+00 -2.9282890377e+00
2.3102729987e-04 1.7121634128e+04 1.5707963268e+00 -2.9303572718e+00
2.3120901547e-04 1.7130929080e+04 1.5707963268e+00 -2.9324232629e+00
2.3139062504e-04 1.7140240327e+04 1.5707963268e+00 -2.9344870109e+00
2.3157212862e-04 1.7149567873e+04 1.5707963268e+00 -2.9365485155e+00
2.3175352627e-04 1.7158911722e+04 1.5707963268e+00 -2.9386077763e+00
2.3193481805e-04 1.7168271879e+04 1.5707963268e+00 -2.9406647932e+00
2.3211600400e-04 1.7177648348e+04 1.5707963268e+00 -2.9427195660e+00
2.3229708418e-04 1.7187041132e+04 1.5707963268e+00 -2.9447720942e+00
2.3247805865e-04 1.7196450236e+04 1.5707963268e+00 -2.9468223779e+00
2.3265892747e-04 1.7205875662e+04 1.5707963268e+00 -2.9488704166e+00
2.3283969068e-04 1.7215317416e+04 1.5707963268e+00 -2.9509162103e+00
2.3302034835e-04 1.7224775500e+04 1.5707963268e+00 -2.9529597587e+00
2.3320090053e-04 1.7234249918e+04 1.5707963268e+00 -2.9550010617e+00
2.3338134727e-04 1.7243740674e+04 1.5707963268e+00 -2.9570401190e+00
2.3356168865e-04 1.7253247772e+04 1.5707963268e+00 -2.9590769306e+00
2.3374192470e-04 1.7262771213e+04 1.5707963268e+00 -2.9611114962e+00
2.3392205550e-04 1.7272311003e+04 1.5707963268e+00 -2.9631438157e+00
2.3410208110e-04 1.7281867144e+04 1.5707963268e+00 -2.9651738891e+00
2.3428200156e-04 1.7291439640e+04 1.5707963268e+00 -2.9672017161e+00
2.3446181693e-04 1.7301028493e+04 1.5707963268e+00 -2.9692272967e+00
2.3464152728e-04 1.7310633707e+04 1.5707963268e+00 -2.9712506307e+00
2.3482113268e-04 1.7320255284e+04 1.5707963268e+00 -2.9732717181e+00
2.3500063317e-04 1.7329893228e+04 1.5707963268e+00 -2.9752905587e+00
2.3518002882e-04 1.7339547541e+04 1.5707963268e+00 -2.9773071526e+00
2.3535931969e-04 1.7349218226e+04 1.5707963268e+00 -2.9793214996e+00
2.3553850584e-04 1.7358905287e+04 1.5707963268e+00 -2.9813335998e+00
2.3571758733e-04 1.7368608724e+04 1.5707963268e+00 -2.9833434530e+00
2.3589656424e-04 1.7378328542e+04 1.5707963268e+00 -2.9853510592e+00
2.3607543661e-04 1.7388064743e+04 1.5707963268e+00 -2.9873564184e+00
2.3625420451e-04 1.7397817328e+04 1.5707963268e+00 -2.9893595306e+00
2.3643286801e-04 1.7407586301e+04 1.5707963268e+00 -2.9913603958e+00
2.3661142716e-04 1.7417371664e+04 1.5707963268e+00 -2.9933590141e+00
2.3678988204e-04 1.7427173418e+04 1.5707963268e+00 -2.9953553853e+00
2.3696823271e-04 1.7436991567e+04 1.5707963268e+00 -2.9973495096e+00
2.3714647922e-04 1.7446826112e+04 1.5707963268e+00 -2.9993413870e+00
2.3732462166e-04 1.7456677055e+04 1.5707963268e+00 -3.0013310175e+00
2.3750266007e-04 1.7466544398e+04 1.5707963268e+00 -3.0033184013e+00
2.3768059454e-04 1.7476428144e+04 1.5707963268e+00 -3.0053035383e+00
2.3785842512e-04 1.7486328293e+04 1.5707963268e+00 -3.0072864287e+00
2.3803615188e-04 1.7496244848e+04 1.5707963268e+00 -3.0092670725e+00
2.3821377489e-04 1.7506177811e+04 1.5707963268e+00 -3.0112454698e+00
2.3839129421e-04 1.7516127183e+04 1.5707963268e+00 -3.0132216208e+00
2.3856870992e-04 1.7526092965e+04 1.5707963268e+00 -3.0151955256e+00
2.3874602208e-04 1.7536075159e+04 1.5707963268e+00 -3.0171671843e+00
2.3892323075e-04 1.7546073766e+04 1.5707963268e+00 -3.0191365970e+00
2.3910033602e-04 1.7556088789e+04 1.5707963268e+00 -3.0211037639e+00
2.3927733793e-04 1.7566120227e+04 1.5707963268e+00 -3.0230686851e+00
2.3945423658e-04 1.7576168083e+04 1.5707963268e+00 -3.0250313608e+00
2.3963103202e-04 1.7586232357e+04 1.5707963268e+00 -3.0269917913e+00
2.3980772432e-04 1.7596313051e+04 1.5707963268e+00 -3.0289499766e+00
2.3998431356e-04 1.7606410166e+04 1.5707963268e+00 -3.0309059170e+00
2.4016079981e-04 1.7616523701e+04 1.5707963268e+00 -3.0328596127e+00
2.4033718313e-04 1.7626653659e+04 1.5707963268e+00 -3.0348110638e+00
2.4051346360e-04 1.7636800041e+04 1.5707963268e+00 -3.0367602708e+00
2.4068964129e-04 1.7646962846e+04 1.5707963268e+00 -3.0387072336e+00
2.4086571626e-04 1.7657142076e+04 1.5707963268e+00 -3.0406519527e+00
2.4104168861e-04 1.7667337731e+04 1.5707963268e+00 -3.0425944283e+00
2.4121755839e-04 1.7677549811e+04 1.5707963268e+00 -3.0445346606e+00
2.4139332567e-04 1.7687778318e+04 1.5707963268e+00 -3.0464726499e+00
2.4156899054e-04 1.7698023251e+04 1.5707963268e+00 -3.0484083965e+00
2.4174455307e-04 1.7708284612e+04 1.5707963268e+00 -3.0503419007e+00
2.4192001332e-04 1.7718562399e+04 1.5707963268e+00 -3.0522731628e+00
2.4209537137e-04 1.7728856614e+04 1.5707963268e+00 -3.0542021831e+00
2.4227062731e-04 1.7739167256e+04 1.5707963268e+00 -3.0561289620e+00
2.4244578119e-04 1.7749494326e+04 1.5707963268e+00 -3.0580534997e+00
2.4262083310e-04 1.7759837824e+04 1.5707963268e+00 -3.0599757966e+00
2.4279578312e-04 1.7770197749e+04 1.5707963268e+00 -3.0618958531e+00
2.4297063131e-04 1.7780574101e+04 1.5707963268e+00 -3.0638136696e+00
2.4314537775e-04 1.7790966881e+04 1.5707963268e+00 -3.0657292463e+00
2.4332002253e-04 1.7801376088e+04 1.5707963268e+00 -3.0676425837e+00
2.4349456571e-04 1.7811801721e+04 1.5707963268e+00 -3.0695536822e+00
2.4366900738e-04 1.7822243780e+04 1.5707963268e+00 -3.0714625422e+00
2.4384334760e-04 1.7832702265e+04 1.5707963268e+00 -3.0733691640e+00
2.4401758646e-04 1.7843177175e+04 1.5707963268e+00 -3.0752735482e+00
2.4419172404e-04 1.7853668510e+04 1.5707963268e+00 -3.0771756951e+00
2.4436576041e-04 1.7864176269e+04 1.5707963268e+00 -3.0790756052e+00
2.4453969566e-04 1.7874700451e+04 1.5707963268e+00 -3.0809732788e+00
2.4471352985e-04 1.7885241055e+04 1.5707963268e+00 -3.0828687166e+00
2.4488726307e-04 1.7895798081e+04 1.5707963268e+00 -3.0847619189e+00
2.4506089540e-04 1.7906371527e+04 1.5707963268e+00 -3.0866528862e+00
2.4523442692e-04 1.7916961393e+04 1.5707963268e+00 -3.0885416191e+00
2.4540785770e-04 1.7927567678e+04 1.5707963268e+00 -3.0904281179e+00
2.4558118783e-04 1.7938190380e+04 1.5707963268e+00 -3.0923123832e+00
2.4575441739e-04 1.7948829498e+04 1.5707963268e+00 -3.0941944156e+00
2.4592754646e-04 1.7959485031e+04 1.5707963268e+00 -3.0960742154e+00
2.4610057511e-04 1.7970156978e+04 1.5707963268e+00 -3.0979517834e+00
2.4627350343e-04 1.7980845337e+04 1.5707963268e+00 -3.0998271200e+00
2.4644633151e-04 1.7991550107e+04 1.5707963268e+00 -3.1017002257e+00
2.4661905941e-04 1.8002271287e+04 1.5707963268e+00 -3.1035711011e+00
2.4679168723e-04 1.8013008874e+04 1.5707963268e+00 -3.1054397468e+00
2.4696421505e-04 1.8023762867e+04 1.5707963268e+00 -3.1073061634e+00
2.4713664295e-04 1.8034533264e+04 1.5707963268e+00 -3.1091703515e+00
2.4730897100e-04 1.8045320064e+04 1.5707963268e+00 -3.1110323116e+00
2.4748119930e-04 1.8056123265e+04 1.5707963268e+00 -3.1128920443e+00
2.4765332793e-04 1.8066942864e+04 1.5707963268e+00 -3.1147495503e+00
2.4782535697e-04 1.8077778861e+04 1.5707963268e+00 -3.1166048302e+00
2.4799728650e-04 1.8088631252e+04 1.5707963268e+00 -3.1184578847e+00
2.4816911662e-04 1.8099500036e+04 1.5707963268e+00 -3.1203087142e+00
2.4834084739e-04 1.8110385211e+04 1.5707963268e+00 -3.1221573196e+00
2.4851247891e-04 1.8121286774e+04 1.5707963268e+00 -3.1240037015e+00
2.4868401126e-04 1.8132204723e+04 1.5707963268e+00 -3.1258478605e+00
2.4885544453e-04 1.8143139056e+04 1.5707963268e+00 -3.1276897973e+00
2.4902677881e-04 1.8154089770e+04 1.5707963268e+00 -3.1295295126e+00
2.4919801416e-04 1.8165056863e+04 1.5707963268e+00 -3.1313670071e+00
2.4936915070e-04 1.8176040332e+04 1.5707963268e+00 -3.1332022815e+00
2.4954018849e-04 1.8187040175e+04 1.5707963268e+00 -3.1350353365e+00
2.4971112762e-04 1.8198056389e+04 1.5707963268e+00 -3.1368661729e+00
2.4988196819e-04 1.8209088971e+04 1.5707963268e+00 -3.1386947913e+00
2.5005271027e-04 1.8220137919e+04 1.5707963268e+00 -3.1405211925e+00
2.5022335396e-04 1.8231203229e+04 1.5707963268e+00 -3.1423453772e+00
2.5039389934e-04 1.8242284899e+04 1.5707963268e+00 -3.1441673463e+00
2.5056434650e-04 1.8253382926e+04 1.5707963268e+00 -3.1459871004e+00
2.5073469553e-04 1.8264497306e+04 1.5707963268e+00 -3.1478046403e+00
2.5090494651e-04 1.8275628037e+04 1.5707963268e+00 -3.1496199669e+00
2.5107509953e-04 1.8286775116e+04 1.5707963268e+00 -3.1514330809e+00
2.5124515469e-04 1.8297938538e+04 1.5707963268e+00 -3.1532439831e+00
2.5141511206e-04 1.8309118302e+04 1.5707963268e+00 -3.1550526743e+00
2.5158497175e-04 1.8320314402e+04 1.5707963268e+00 -3.1568591554e+00
2.5175473383e-04 1.8331526838e+04 1.5707963268e+00 -3.1586634271e+00
2.5192439839e-04 1.8342755603e+04 1.5707963268e+00 -3.1604654903e+00
2.5209396553e-04 1.8354000696e+04 1.5707963268e+00 -3.1622653458e+00
2.5226343534e-04 1.8365262112e+04 1.5707963268e+00 -3.1640629945e+00
2.5243280790e-04 1.8376539848e+04 1.5707963268e+00 -3.1658584373e+00
2.5260208330e-04 1.8387833901e+04 1.5707963268e+00 -3.1676516749e+00
2.5277126164e-04 1.8399144265e+04 1.5707963268e+00 -3.1694427084e+00
2.5294034301e-04 1.8410470938e+04 1.5707963268e+00 -3.1712315385e+00
2.5310932749e-04 1.8421813916e+04 1.5707963268e+00 -3.1730181662e+00
2.5327821518e-04 1.8433173194e+04 1.5707963268e+00 -3.1748025923e+00
2.5344700617e-04 1.8444548768e+04 1.5707963268e+00 -3.1765848178e+00
2.5361570054e-04 1.8455940636e+04 1.5707963268e+00 -3.1783648436e+00
2.5378429840e-04 1.8467348791e+04 1.5707963268e+00 -3.1801426707e+00
2.5395279983e-04 1.8478773231e+04 1.5707963268e+00 -3.1819182998e+00
2.5412120492e-04 1.8490213950e+04 1.5707963268e+00 -3.1836917321e+00
2.5428951377e-04 1.8501670945e+04 1.5707963268e+00 -3.1854629684e+00
2.5445772647e-04 1.8513144212e+04 1.5707963268e+00 -3.1872320096e+00
2.5462584311e-04 1.8524633745e+04 1.5707963268e+00 -3.1889988569e+00
2.5479386378e-04 1.8536139540e+04 1.5707963268e+00 -3.1907635111e+00
2.5496178858e-04 1.8547661593e+04 1.5707963268e+00 -3.1925259732e+00
2.5512961760e-04 1.8559199898e+04 1.5707963268e+00 -3.1942862442e+00
2.5529735093e-04 1.8570754452e+04 1.5707963268e+00 -3.1960443251e+00
2.5546498866e-04 1.8582325250e+04 1.5707963268e+00 -3.1978002169e+00
2.5563253090e-04 1.8593912287e+04 1.5707963268e+00 -3.1995539207e+00
2.5579997773e-04 1.8605515557e+04 1.5707963268e+00 -3.2013054374e+00
2.5596732924e-04 1.8617135057e+04 1.5707963268e+00 -3.2030547681e+00
2.5613458554e-04 1.8628770780e+04 1.5707963268e+00 -3.2048019138e+00
2.5630174672e-04 1.8640422723e+04 1.5707963268e+00 -3.2065468756e+00
2.5646881286e-04 1.8652090879e+04 1.5707963268e+00 -3.2082896545e+00
2.5663578407e-04 1.8663775244e+04 1.5707963268e+00 -3.2100302516e+00
2.5680266044e-04 1.8675475813e+04 1.5707963268e+00 -3.2117686679e+00
2.5696944206e-04 1.8687192580e+04 1.5707963268e+00 -3.2135049046e+00
2.5713612903e-04 1.8698925540e+04 1.5707963268e+00 -3.2152389626e+00
2.5730272145e-04 1.8710674688e+04 1.5707963268e+00 -3.2169708432e+00
2.5746921941e-04 1.8722440018e+04 1.5707963268e+00 -3.2187005474e+00
2.5763562300e-04 1.8734221524e+04 1.5707963268e+00 -3.2204280763e+00
2.5780193233e-04 1.8746019202e+04 1.5707963268e+00 -3.2221534310e+00
2.5796814749e-04 1.8757833045e+04 1.5707963268e+00 -3.2238766127e+00
2.5813426857e-04 1.8769663048e+04 1.5707963268e+00 -3.2255976224e+00
2.5830029567e-04 1.8781509205e+04 1.5707963268e+00 -3.2273164614e+00
2.5846622889e-04 1.8793371511e+04 1.5707963268e+00 -3.2290331308e+00
2.5863206832e-04 1.8805249959e+04 1.5707963268e+00 -3.2307476316e+00
2.5879781406e-04 1.8817144544e+04 1.5707963268e+00 -3.2324599652e+00
2.5896346621e-04 1.8829055259e+04 1.5707963268e+00 -3.2341701326e+00
2.5912902487e-04 1.8840982100e+04 1.5707963268e+00 -3.2358781350e+00
2.5929449013e-04 1.8852925058e+04 1.5707963268e+00 -3.2375839736e+00
2.5945986209e-04 1.8864884130e+04 1.5707963268e+00 -3.2392876497e+00
2.5962514084e-04 1.8876859308e+04 1.5707963268e+00 -3.2409891643e+00
2.5979032649e-04 1.8888850586e+04 1.5707963268e+00 -3.2426885187e+00
2.5995541914e-04 1.8900857958e+04 1.5707963268e+00 -3.2443857142e+00
2.6012041887e-04 1.8912881417e+04 1.5707963268e+00 -3.2460807518e+00
2.6028532580e-04 1.8924920958e+04 1.5707963268e+00 -3.2477736330e+00
2.6045014001e-04 1.8936976574e+04 1.5707963268e+00 -3.2494643588e+00
2.6061486160e-04 1.8949048258e+04 1.5707963268e+00 -3.2511529306e+00
2.6077949069e-04 1.8961136003e+04 1.5707963268e+00 -3.2528393495e+00
2.6094402735e-04 1.8973239804e+04 1.5707963268e+00 -3.2545236169e+00
2.6110847170e-04 1.8985359653e+04 1.5707963268e+00 -3.2562057340e+00
2.6127282383e-04 1.8997495545e+04 1.5707963268e+00 -3.2578857021e+00
2.6143708384e-04 1.9009647471e+04 1.5707963268e+00 -3.2595635224e+00
2.6160125182e-04 1.9021815425e+04 1.5707963268e+00 -3.2612391963e+00
2.6176532789e-04 1.9033999401e+04 1.5707963268e+00 -3.2629127250e+00
2.6192931214e-04 1.9046199391e+04 1.5707963268e+00 -3.2645841098e+00
2.6209320466e-04 1.9058415389e+04 1.5707963268e+00 -3.2662533520e+00
2.6225700556e-04 1.9070647387e+04 1.5707963268e+00 -3.2679204530e+00
2.6242071494e-04 1.9082895379e+04 1.5707963268e+00 -3.2695854140e+00
2.6258433290e-04 1.9095159357e+04 1.5707963268e+00 -3.2712482364e+00
2.6274785953e-04 1.9107439314e+04 1.5707963268e+00 -3.2729089215e+00
2.6291129495e-04 1.9119735243e+04 1.5707963268e+00 -3.2745674707e+00
2.6307463924e-04 1.9132047136e+04 1.5707963268e+00 -3.2762238852e+00
2.6323789251e-04 1.9144374987e+04 1.5707963268e+00 -3.2778781665e+00
2.6340105486e-04 1.9156718788e+04 1.5707963268e+00 -3.2795303159e+00
2.6356412640e-04 1.9169078531e+04 1.5707963268e+00 -3.2811803348e+00
2.6372710721e-04 1.9181454209e+04 1.5707963268e+00 -3.2828282246e+00
2.6388999741e-04 1.9193845815e+04 1.5707963268e+00 -3.2844739865e+00
2.6405279709e-04 1.9206253340e+04 1.5707963268e+00 -3.2861176221e+00
2.6421550635e-04 1.9218676778e+04 1.5707963268e+00 -3.2877591327e+00
2.6437812530e-04 1.9231116120e+04 1.5707963268e+00 -3.2893985196e+00
2.6454065404e-04 1.9243571359e+04 1.5707963268e+00 -3.2910357844e+00
2.6470309267e-04 1.9256042487e+04 1.5707963268e+00 -3.2926709284e+00
2.6486544129e-04 1.9268529497e+04 1.5707963268e+00 -3.2943039530e+00
2.6502770000e-04 1.9281032379e+04 1.5707963268e+00 -3.2959348597e+00
2.6518986891e-04 1.9293551127e+04 1.5707963268e+00 -3.2975636499e+00
2.6535194811e-04 1.9306085733e+04 1.5707963268e+00 -3.2991903250e+00
2.6551393771e-04 1.9318636188e+04 1.5707963268e+00 -3.3008148864e+00
2.6567583781e-04 1.9331202484e+04 1.5707963268e+00 -3.3024373357e+00
2.6583764851e-04 1.9343784613e+04 1.5707963268e+00 -3.3040576742e+00
2.6599936992e-04 1.9356382567e+04 1.5707963268e+00 -3.3056759035e+00
2.6616100214e-04 1.9368996339e+04 1.5707963268e+00 -3.3072920250e+00
2.6632254526e-04 1.9381625918e+04 1.5707963268e+00 -3.3089060402e+00
2.6648399940e-04 1.9394271298e+04 1.5707963268e+00 -3.3105179505e+00
2.6664536466e-04 1.9406932469e+04 1.5707963268e+00 -3.3121277575e+00
2.6680664113e-04 1.9419609424e+04 1.5707963268e+00 -3.3137354626e+00
2.6696782892e-04 1.9432302154e+04 1.5707963268e+00 -3.3153410674e+00
2.6712892814e-04 1.9445010651e+04 1.5707963268e+00 -3.3169445732e+00
2.6728993888e-04 1.9457734905e+04 1.5707963268e+00 -3.3185459818e+00
2.6745086126e-04 1.9470474908e+04 1.5707963268e+00 -3.3201452945e+00
2.6761169536e-04 1.9483230652e+04 1.5707963268e+00 -3.3217425129e+00
2.6777244131e-04 1.9496002128e+04 1.5707963268e+00 -3.3233376385e+00
2.6793309919e-04 1.9508789328e+04 1.5707963268e+00 -3.3249306729e+00
2.6809366912e-04 1.9521592241e+04 1.5707963268e+00 -3.3265216176e+00
2.6825415119e-04 1.9534410860e+04 1.5707963268e+00 -3.3281104741e+00
2.6841454552e-04 1.9547245176e+04 1.5707963268e+00 -3.3296972440e+00
2.6857485220e-04 1.9560095180e+04 1.5707963268e+00 -3.3312819288e+00
2.6873507133e-04 1.9572960862e+04 1.5707963268e+00 -3.3328645302e+00
2.6889520303e-04 1.9585842214e+04 1.5707963268e+00 -3.3344450497e+00
2.6905524740e-04 1.9598739227e+04 1.5707963268e+00 -3.3360234888e+00
2.6921520453e-04 1.9611651892e+04 1.5707963268e+00 -3.3375998491e+00
2.6937507454e-04 1.9624580199e+04 1.5707963268e+00 -3.3391741323e+00
2.6953485753e-04 1.9637524139e+04 1.5707963268e+00 -3.3407463399e+00
2.6969455360e-04 1.9650483703e+04 1.5707963268e+00 -3.3423164735e+00
2.6985416285e-04 1.9663458882e+04 1.5707963268e+00 -3.3438845347e+00
2.7001368540e-04 1.9676449667e+04 1.5707963268e+00 -3.3454505252e+00
2.7017312134e-04 1.9689456047e+04 1.5707963268e+00 -3.3470144464e+00
2.7033247077e-04 1.9702478014e+04 1.5707963268e+00 -3.3485763002e+00
2.7049173382e-04 1.9715515559e+04 1.5707963268e+00 -3.3501360880e+00
2.7065091057e-04 1.9728568671e+04 1.5707963268e+00 -3.3516938115e+00
2.7081000113e-04 1.9741637341e+04 1.5707963268e+00 -3.3532494724e+00
2.7096900562e-04 1.9754721559e+04 1.5707963268e+00 -3.3548030723e+00
2.7112792412e-04 1.9767821317e+04 1.5707963268e+00 -3.3563546128e+00
2.7128675675e-04 1.9780936604e+04 1.5707963268e+00 -3.3579040955e+00
2.7144550362e-04 1.9794067410e+04 1.5707963268e+00 -3.3594515223e+00
2.7160416482e-04 1.9807213726e+04 1.5707963268e+00 -3.3609968946e+00
2.7176274046e-04 1.9820375543e+04 1.5707963268e+00 -3.3625402142e+00
2.7192123065e-04 1.9833552849e+04 1.5707963268e+00 -3.3640814827e+00
2.7207963549e-04 1.9846745636e+04 1.5707963268e+00 -3.3656207018e+00
2.7223795509e-04 1.9859953893e+04 1.5707963268e+00 -3.3671578733e+00
2.7239618955e-04 1.9873177610e+04 1.5707963268e+00 -3.3686929987e+00
2.7255433898e-04 1.9886416778e+04 1.5707963268e+00 -3.3702260798e+00
2.7271240348e-04 1.9899671386e+04 1.5707963268e+00 -3.3717571183e+00
2.7287038315e-04 1.9912941425e+04 1.5707963268e+00 -3.3732861159e+00
2.7302827811e-04 1.9926226883e+04 1.5707963268e+00 -3.3748130742e+00
2.7318608846e-04 1.9939527752e+04 1.5707963268e+00 -3.3763379951e+00
2.7334381430e-04 1.9952844020e+04 1.5707963268e+00 -3.3778608801e+00
2.7350145574e-04 1.9966175678e+04 1.5707963268e+00 -3.3793817311e+00
2.7365901289e-04 1.9979522716e+04 1.5707963268e+00 -3.3809005498e+00
2.7381648584e-04 1.9992885122e+04 1.5707963268e+00 -3.3824173378e+00
2.7397387471e-04 2.0006262887e+04 1.5707963268e+00 -3.3839320970e+00
2.7413117960e-04 2.0019655999e+04 1.5707963268e+00 -3.3854448291e+00
2.7428840062e-04 2.0033064450e+04 1.5707963268e+00 -3.3869555357e+00
2.7444553787e-04 2.0046488228e+04 1.5707963268e+00 -3.3884642188e+00
2.7460259146e-04 2.0059927323e+04 1.5707963268e+00 -3.3899708799e+00
2.7475956149e-04 2.0073381724e+04 1.5707963268e+00 -3.3914755209e+00
2.7491644807e-04 2.0086851420e+04 1.5707963268e+00 -3.3929781436e+00
2.7507325130e-04 2.0100336402e+04 1.5707963268e+00 -3.3944787497e+00
2.7522997129e-04 2.0113836658e+04 1.5707963268e+00 -3.3959773410e+00
2.7538660816e-04 2.0127352177e+04 1.5707963268e+00 -3.3974739192e+00
2.7554316199e-04 2.0140882949e+04 1.5707963268e+00 -3.3989684862e+00
2.7569963290e-04 2.0154428964e+04 1.5707963268e+00 -3.4004610437e+00
2.7585602100e-04 2.0167990209e+04 1.5707963268e+00 -3.4019515935e+00
2.7601232638e-04 2.0181566676e+04 1.5707963268e+00 -3.4034401374e+00
2.7616854916e-04 2.0195158351e+04 1.5707963268e+00 -3.4049266773e+00
2.7632468944e-04 2.0208765225e+04 1.5707963268e+00 -3.4064112149e+00
2.7648074733e-04 2.0222387287e+04 1.5707963268e+00 -3.4078937520e+00
2.7663672293e-04 2.0236024526e+04 1.5707963268e+00 -3.4093742905e+00
2.7679261636e-04 2.0249676930e+04 1.5707963268e+00 -3.4108528321e+00
2.7694842770e-04 2.0263344489e+04 1.5707963268e+00 -3.4123293787e+00
2.7710415708e-04 2.0277027191e+04 1.5707963268e+00 -3.4138039320e+00
2.7725980460e-04 2.0290725025e+04 1.5707963268e+00 -3.4152764941e+00
2.7741537035e-04 2.0304437981e+04 1.5707963268e+00 -3.4167470666e+00
2.7757085446e-04 2.0318166046e+04 1.5707963268e+00 -3.4182156514e+00
2.7772625703e-04 2.0331909210e+04 1.5707963268e+00 -3.4196822503e+00
2.7788157815e-04 2.0345667462e+04 1.5707963268e+00 -3.4211468652e+00
2.7803681794e-04 2.0359440790e+04 1.5707963268e+00 -3.4226094980e+00
2.7819197651e-04 2.0373229182e+04 1.5707963268e+00 -3.4240701505e+00
2.7834705395e-04 2.0387032628e+04 1.5707963268e+00 -3.4255288245e+00
2.7850205038e-04 2.0400851116e+04 1.5707963268e+00 -3.4269855219e+00
2.7865696590e-04 2.0414684634e+04 1.5707963268e+00 -3.4284402447e+00
2.7881180062e-04 2.0428533171e+04 1.5707963268e+00 -3.4298929945e+00
2.7896655464e-04 2.0442396716e+04 1.5707963268e+00 -3.4313437734e+00
2.7912122807e-04 2.0456275257e+04 1.5707963268e+00 -3.4327925832e+00
2.7927582102e-04 2.0470168782e+04 1.5707963268e+00 -3.4342394257e+00
2.7943033359e-04 2.0484077280e+04 1.5707963268e+00 -3.4356843030e+00
2.7958476588e-04 2.0498000739e+04 1.5707963268e+00 -3.4371272167e+00
2.7973911801e-04 2.0511939147e+04 1.5707963268e+00 -3.4385681689e+00
2.7989339008e-04 2.0525892494e+04 1.5707963268e+00 -3.4400071615e+00
2.8004758220e-04 2.0539860766e+04 1.5707963268e+00 -3.4414441963e+00
2.8020169447e-04 2.0553843952e+04 1.5707963268e+00 -3.4428792752e+00
2.8035572700e-04 2.0567842041e+04 1.5707963268e+00 -3.4443124002e+00
2.8050967989e-04 2.0581855021e+04 1.5707963268e+00 -3.4457435731e+00
2.8066355325e-04 2.0595882879e+04 1.5707963268e+00 -3.4471727959e+00
2.8081734718e-04 2.0609925604e+04 1.5707963268e+00 -3.4486000705e+00
2.8097106180e-04 2.0623983184e+04 1.5707963268e+00 -3.4500253988e+00
2.8112469721e-04 2.0638055607e+04 1.5707963268e+00 -3.4514487827e+00
2.8127825351e-04 2.0652142861e+04 1.5707963268e+00 -3.4528702241e+00
2.8143173081e-04 2.0666244934e+04 1.5707963268e+00 -3.4542897251e+00
2.8158512922e-04 2.0680361814e+04 1.5707963268e+00 -3.4557072875e+00
2.8173844883e-04 2.0694493488e+04 1.5707963268e+00 -3.4571229132e+00
2.8189168977e-04 2.0708639946e+04 1.5707963268e+00 -3.4585366043e+00
2.8204485213e-04 2.0722801174e+04 1.5707963268e+00 -3.4599483625e+00
2.8219793602e-04 2.0736977160e+04 1.5707963268e+00 -3.4613581900e+00
2.8235094154e-04 2.0751167893e+04 1.5707963268e+00 -3.4627660886e+00
2.8250386881e-04 2.0765373359e+04 1.5707963268e+00 -3.4641720603e+00
2.8265671792e-04 2.0779593547e+04 1.5707963268e+00 -3.4655761071e+00
2.8280948899e-04 2.0793828445e+04 1.5707963268e+00 -3.4669782308e+00
2.8296218211e-04 2.0808078040e+04 1.5707963268e+00 -3.4683784336e+00
2.8311479740e-04 2.0822342320e+04 1.5707963268e+00 -3.4697767172e+00
2.8326733496e-04 2.0836621272e+04 1.5707963268e+00 -3.4711730838e+00
2.8341979489e-04 2.0850914884e+04 1.5707963268e+00 -3.4725675353e+00
2.8357217730e-04 2.0865223144e+04 1.5707963268e+00 -3.4739600736e+00
2.8372448231e-04 2.0879546039e+04 1.5707963268e+00 -3.4753507007e+00
2.8387671000e-04 2.0893883557e+04 1.5707963268e+00 -3.4767394187e+00
2.8402886049e-04 2.0908235685e+04 1.5707963268e+00 -3.4781262294e+00
2.8418093389e-04 2.0922602411e+04 1.5707963268e+00 -3.4795111350e+00
2.8433293030e-04 2.0936983722e+04 1.5707963268e+00 -3.4808941373e+00
2.8448484982e-04 2.0951379606e+04 1.5707963268e+00 -3.4822752383e+00
2.8463669256e-04 2.0965790049e+04 1.5707963268e+00 -3.4836544402e+00
2.8478845863e-04 2.0980215040e+04 1.5707963268e+00 -3.4850317448e+00
2.8494014813e-04 2.0994654565e+04 1.5707963268e+00 -3.4864071541e+00
2.8509176116e-04 2.1009108613e+04 1.5707963268e+00 -3.4877806703e+00
2.8524329784e-04 2.1023577169e+04 1.5707963268e+00 -3.4891522951e+00
2.8539475826e-04 2.1038060222e+04 1.5707963268e+00 -3.4905220308e+00
2.8554614254e-04 2.1052557759e+04 1.5707963268e+00 -3.4918898793e+00
2.8569745077e-04 2.1067069767e+04 1.5707963268e+00 -3.4932558425e+00
2.8584868307e-04 2.1081596233e+04 1.5707963268e+00 -3.4946199226e+00
2.8599983954e-04 2.1096137145e+04 1.5707963268e+00 -3.4959821215e+00
2.8615092028e-04 2.1110692489e+04 1.5707963268e+00 -3.4973424413e+00
2.8630192539e-04 2.1125262252e+04 1.5707963268e+00 -3.4987008840e+00
2.8645285499e-04 2.1139846422e+04 1.5707963268e+00 -3.5000574515e+00
2.8660370918e-04 2.1154444986e+04 1.5707963268e+00 -3.5014121461e+00
2.8675448806e-04 2.1169057931e+04 1.5707963268e+00 -3.5027649696e+00
2.8690519174e-04 2.1183685244e+04 1.5707963268e+00 -3.5041159241e+00
2.8705582033e-04 2.1198326911e+04 1.5707963268e+00 -3.5054650116e+00
2.8720637392e-04 2.1212982920e+04 1.5707963268e+00 -3.5068122343e+00
2.8735685262e-04 2.1227653258e+04 1.5707963268e+00 -3.5081575940e+00
2.8750725654e-04 2.1242337912e+04 1.5707963268e+00 -3.5095010930e+00
2.8765758578e-04 2.1257036868e+04 1.5707963268e+00 -3.5108427331e+00
2.8780784045e-04 2.1271750114e+04 1.5707963268e+00 -3.5121825165e+00
2.8795802065e-04 2.1286477636e+04 1.5707963268e+00 -3.5135204453e+00
2.8810812649e-04 2.1301219421e+04 1.5707963268e+00 -3.5148565213e+00
2.8825815807e-04 2.1315975456e+04 1.5707963268e+00 -3.5161907469e+00
2.8840811549e-04 2.1330745728e+04 1.5707963268e+00 -3.5175231239e+00
2.8855799886e-04 2.1345530223e+04 1.5707963268e+00 -3.5188536544e+00
2.8870780829e-04 2.1360328929e+04 1.5707963268e+00 -3.5201823405e+00
2.8885754387e-04 2.1375141832e+04 1.5707963268e+00 -3.5215091843e+00
2.8900720572e-04 2.1389968918e+04 1.5707963268e+00 -3.5228341878e+00
2.8915679393e-04 2.1404810175e+04 1.5707963268e+00 -3.5241573532e+00
2.8930630861e-04 2.1419665589e+04 1.5707963268e+00 -3.5254786823e+00
2.8945574986e-04 2.1434535147e+04 1.5707963268e+00 -3.5267981775e+00
2.8960511780e-04 2.1449418835e+04 1.5707963268e+00 -3.5281158406e+00
2.8975441252e-04 2.1464316640e+04 1.5707963268e+00 -3.5294316738e+00
2.8990363412e-04 2.1479228549e+04 1.5707963268e+00 -3.5307456792e+00
2.9005278271e-04 2.1494154547e+04 1.5707963268e+00 -3.5320578588e+00
2.9020185840e-04 2.1509094623e+04 1.5707963268e+00 -3.5333682147e+00
2.9035086129e-04 2.1524048762e+04 1.5707963268e+00 -3.5346767491e+00
2.9049979147e-04 2.1539016950e+04 1.5707963268e+00 -3.5359834639e+00
2.9064864907e-04 2.1553999175e+04 1.5707963268e+00 -3.5372883613e+00
2.9079743417e-04 2.1568995422e+04 1.5707963268e+00 -3.5385914434e+00
2.9094614688e-04 2.1584005678e+04 1.5707963268e+00 -3.5398927122e+00
2.9109478731e-04 2.1599029930e+04 1.5707963268e+00 -3.5411921699e+00
2.9124335556e-04 2.1614068164e+04 1.5707963268e+00 -3.5424898185e+00
2.9139185173e-04 2.1629120366e+04 1.5707963268e+00 -3.5437856602e+00
2.9154027592e-04 2.1644186523e+04 1.5707963268e+00 -3.5450796970e+00
2.9168862825e-04 2.1659266621e+04 1.5707963268e+00 -3.5463719310e+00
2.9183690881e-04 2.1674360647e+04 1.5707963268e+00 -3.5476623643e+00
2.9198511770e-04 2.1689468586e+04 1.5707963268e+00 -3.5489509991e+00
2.9213325503e-04 2.1704590426e+04 1.5707963268e+00 -3.5502378374e+00
2.9228132090e-04 2.1719726151e+04 1.5707963268e+00 -3.5515228814e+00
2.9242931541e-04 2.1734875750e+04 1.5707963268e+00 -3.5528061331e+00
2.9257723867e-04 2.1750039207e+04 1.5707963268e+00 -3.5540875946e+00
2.9272509078e-04 2.1765216509e+04 1.5707963268e+00 -3.5553672681e+00
2.9287287184e-04 2.1780407643e+04 1.5707963268e+00 -3.5566451557e+00
2.9302058196e-04 2.1795612594e+04 1.5707963268e+00 -3.5579212595e+00
2.9316822123e-04 2.1810831349e+04 1.5707963268e+00 -3.5591955816e+00
2.9331578976e-04 2.1826063894e+04 1.5707963268e+00 -3.5604681241e+00
2.9346328766e-04 2.1841310215e+04 1.5707963268e+00 -3.5617388891e+00
2.9361071502e-04 2.1856570299e+04 1.5707963268e+00 -3.5630078787e+00
2.9375807194e-04 2.1871844130e+04 1.5707963268e+00 -3.5642750951e+00
2.9390535854e-04 2.1887131696e+04 1.5707963268e+00 -3.5655405405e+00
2.9405257490e-04 2.1902432983e+04 1.5707963268e+00 -3.5668042168e+00
2.9419972114e-04 2.1917747976e+04 1.5707963268e+00 -3.5680661262e+00
2.9434679735e-04 2.1933076662e+04 1.5707963268e+00 -3.5693262709e+00
2.9449380364e-04 2.1948419026e+04 1.5707963268e+00 -3.5705846530e+00
2.9464074010e-04 2.1963775056e+04 1.5707963268e+00 -3.5718412746e+00
2.9478760685e-04 2.1979144736e+04 1.5707963268e+00 -3.5730961378e+00
2.9493440398e-04 2.1994528053e+04 1.5707963268e+00 -3.5743492447e+00
2.9508113159e-04 2.2009924992e+04 1.5707963268e+00 -3.5756005976e+00
2.9522778978e-04 2.2025335541e+04 1.5707963268e+00 -3.5768501985e+00
2.9537437866e-04 2.2040759684e+04 1.5707963268e+00 -3.5780980495e+00
2.9552089833e-04 2.2056197408e+04 1.5707963268e+00 -3.5793441528e+00
2.9566734889e-04 2.2071648698e+04 1.5707963268e+00 -3.5805885105e+00
2.9581373044e-04 2.2087113541e+04 1.5707963268e+00 -3.5818311248e+00
2.9596004307e-04 2.2102591922e+04 1.5707963268e+00 -3.5830719977e+00
2.9610628690e-04 2.2118083828e+04 1.5707963268e+00 -3.5843111315e+00
2.9625246203e-04 2.2133589244e+04 1.5707963268e+00 -3.5855485282e+00
2.9639856854e-04 2.2149108156e+04 1.5707963268e+00 -3.5867841901e+00
2.9654460655e-04 2.2164640550e+04 1.5707963268e+00 -3.5880181192e+00
2.9669057616e-04 2.2180186411e+04 1.5707963268e+00 -3.5892503176e+00
2.9683647746e-04 2.2195745727e+04 1.5707963268e+00 -3.5904807876e+00
2.9698231056e-04 2.2211318481e+04 1.5707963268e+00 -3.5917095312e+00
2.9712807556e-04 2.2226904661e+04 1.5707963268e+00 -3.5929365506e+00
2.9727377255e-04 2.2242504252e+04 1.5707963268e+00 -3.5941618480e+00
2.9741940164e-04 2.2258117240e+04 1.5707963268e+00 -3.5953854255e+00
2.9756496292e-04 2.2273743610e+04 1.5707963268e+00 -3.5966072852e+00
2.9771045651e-04 2.2289383349e+04 1.5707963268e+00 -3.5978274293e+00
2.9785588249e-04 2.2305036441e+04 1.5707963268e+00 -3.5990458599e+00
2.9800124097e-04 2.2320702874e+04 1.5707963268e+00 -3.6002625792e+00
2.9814653205e-04 2.2336382632e+04 1.5707963268e+00 -3.6014775893e+00
2.9829175582e-04 2.2352075701e+04 1.5707963268e+00 -3.6026908923e+00
2.9843691239e-04 2.2367782067e+04 1.5707963268e+00 -3.6039024905e+00
2.9858200186e-04 2.2383501716e+04 1.5707963268e+00 -3.6051123860e+00
2.9872702432e-04 2.2399234634e+04 1.5707963268e+00 -3.6063205809e+00
2.9887197988e-04 2.2414980805e+04 1.5707963268e+00 -3.6075270773e+00
2.9901686863e-04 2.2430740216e+04 1.5707963268e+00 -3.6087318775e+00
2.9916169068e-04 2.2446512852e+04 1.5707963268e+00 -3.6099349835e+00
2.9930644612e-04 2.2462298700e+04 1.5707963268e+00 -3.6111363976e+00
2.9945113505e-04 2.2478097744e+04 1.5707963268e+00 -3.6123361218e+00
2.9959575758e-04 2.2493909970e+04 1.5707963268e+00 -3.6135341584e+00
2.9974031379e-04 2.2509735364e+04 1.5707963268e+00 -3.6147305094e+00
2.9988480379e-04 2.2525573911e+04 1.5707963268e+00 -3.6159251771e+00
3.0002922768e-04 2.2541425598e+04 1.5707963268e+00 -3.6171181635e+00
3.0017358556e-04 2.2557290409e+04 1.5707963268e+00 -3.6183094710e+00
3.0031787752e-04 2.2573168330e+04 1.5707963268e+00 -3.6194991015e+00
3.0046210366e-04 2.2589059348e+04 1.5707963268e+00 -3.6206870572e+00
3.0060626408e-04 2.2604963446e+04 1.5707963268e+00 -3.6218733404e+00
3.0075035888e-04 2.2620880612e+04 1.5707963268e+00 -3.6230579531e+00
3.0089438816e-04 2.2636810829e+04 1.5707963268e+00 -3.6242408976e+00
3.0103835202e-04 2.2652754085e+04 1.5707963268e+00 -3.6254221759e+00
3.0118225055e-04 2.2668710365e+04 1.5707963268e+00 -3.6266017903e+00
3.0132608385e-04 2.2684679653e+04 1.5707963268e+00 -3.6277797429e+00
3.0146985202e-04 2.2700661936e+04 1.5707963268e+00 -3.6289560358e+00
3.0161355516e-04 2.2716657199e+04 1.5707963268e+00 -3.6301306712e+00
3.0175719336e-04 2.2732665427e+04 1.5707963268e+00 -3.6313036513e+00
3.0190076672e-04 2.2748686607e+04 1.5707963268e+00 -3.6324749782e+00
3.0204427534e-04 2.2764720723e+04 1.5707963268e+00 -3.6336446541e+00
3.0218771932e-04 2.2780767761e+04 1.5707963268e+00 -3.6348126812e+00
3.0233109875e-04 2.2796827707e+04 1.5707963268e+00 -3.6359790615e+00
3.0247441373e-04 2.2812900545e+04 1.5707963268e+00 -3.6371437973e+00
3.0261766436e-04 2.2828986262e+04 1.5707963268e+00 -3.6383068907e+00
3.0276085073e-04 2.2845084842e+04 1.5707963268e+00 -3.6394683438e+00
3.0290397294e-04 2.2861196272e+04 1.5707963268e+00 -3.6406281589e+00
3.0304703109e-04 2.2877320537e+04 1.5707963268e+00 -3.6417863381e+00
3.0319002528e-04 2.2893457622e+04 1.5707963268e+00 -3.6429428836e+00
3.0333295560e-04 2.2909607512e+04 1.5707963268e+00 -3.6440977974e+00
3.0347582214e-04 2.2925770193e+04 1.5707963268e+00 -3.6452510818e+00
3.0361862501e-04 2.2941945651e+04 1.5707963268e+00 -3.6464027389e+00
3.0376136430e-04 2.2958133870e+04 1.5707963268e+00 -3.6475527709e+00
3.0390404010e-04 2.2974334837e+04 1.5707963268e+00 -3.6487011799e+00
3.0404665251e-04 2.2990548536e+04 1.5707963268e+00 -3.6498479681e+00
3.0418920164e-04 2.3006774953e+04 1.5707963268e+00 -3.6509931377e+00
3.0433168756e-04 2.3023014074e+04 1.5707963268e+00 -3.6521366908e+00
3.0447411039e-04 2.3039265883e+04 1.5707963268e+00 -3.6532786296e+00
3.0461647021e-04 2.3055530367e+04 1.5707963268e+00 -3.6544189561e+00
3.0475876712e-04 2.3071807510e+04 1.5707963268e+00 -3.6555576727e+00
3.0490100121e-04 2.3088097297e+04 1.5707963268e+00 -3.6566947814e+00
3.0504317258e-04 2.3104399715e+04 1.5707963268e+00 -3.6578302844e+00
3.0518528133e-04 2.3120714749e+04 1.5707963268e+00 -3.6589641838e+00
3.0532732756e-04 2.3137042383e+04 1.5707963268e+00 -3.6600964819e+00
3.0546931134e-04 2.3153382604e+04 1.5707963268e+00 -3.6612271807e+00
3.0561123279e-04 2.3169735397e+04 1.5707963268e+00 -3.6623562824e+00
3.0575309199e-04 2.3186100746e+04 1.5707963268e+00 -3.6634837893e+00
3.0589488905e-04 2.3202478638e+04 1.5707963268e+00 -3.6646097033e+00
3.0603662404e-04 2.3218869057e+04 1.5707963268e+00 -3.6657340267e+00
3.0617829708e-04 2.3235271990e+04 1.5707963268e+00 -3.6668567617e+00
3.0631990825e-04 2.3251687420e+04 1.5707963268e+00 -3.6679779103e+00
3.0646145764e-04 2.3268115335e+04 1.5707963268e+00 -3.6690974748e+00
3.0660294536e-04 2.3284555718e+04 1.5707963268e+00 -3.6702154573e+00
3.0674437150e-04 2.3301008555e+04 1.5707963268e+00 -3.6713318600e+00
3.0688573614e-04 2.3317473832e+04 1.5707963268e+00 -3.6724466849e+00
3.0702703938e-04 2.3333951535e+04 1.5707963268e+00 -3.6735599343e+00
3.0716828133e-04 2.3350441647e+04 1.5707963268e+00 -3.6746716103e+00
3.0730946206e-04 2.3366944154e+04 1.5707963268e+00 -3.6757817151e+00
3.0745058167e-04 2.3383459043e+04 1.5707963268e+00 -3.6768902507e+00
3.0759164027e-04 2.3399986298e+04 1.5707963268e+00 -3.6779972195e+00
3.0773263793e-04 2.3416525904e+04 1.5707963268e+00 -3.6791026234e+00
3.0787357476e-04 2.3433077847e+04 1.5707963268e+00 -3.6802064647e+00
3.0801445084e-04 2.3449642112e+04 1.5707963268e+00 -3.6813087455e+00
3.0815526628e-04 2.3466218684e+04 1.5707963268e+00 -3.6824094679e+00
3.0829602115e-04 2.3482807548e+04 1.5707963268e+00 -3.6835086341e+00
3.0843671556e-04 2.3499408691e+04 1.5707963268e+00 -3.6846062463e+00
3.0857734960e-04 2.3516022097e+04 1.5707963268e+00 -3.6857023066e+00
3.0871792336e-04 2.3532647752e+04 1.5707963268e+00 -3.6867968171e+00
3.0885843693e-04 2.3549285640e+04 1.5707963268e+00 -3.6878897799e+00
3.0899889040e-04 2.3565935747e+04 1.5707963268e+00 -3.6889811973e+00
3.0913928387e-04 2.3582598059e+04 1.5707963268e+00 -3.6900710714e+00
3.0927961743e-04 2.3599272560e+04 1.5707963268e+00 -3.6911594043e+00
3.0941989117e-04 2.3615959236e+04 1.5707963268e+00 -3.6922461981e+00
3.0956010518e-04 2.3632658072e+04 1.5707963268e+00 -3.6933314550e+00
3.0970025956e-04 2.3649369054e+04 1.5707963268e+00 -3.6944151772e+00
3.0984035439e-04 2.3666092167e+04 1.5707963268e+00 -3.6954973667e+00
3.0998038977e-04 2.3682827395e+04 1.5707963268e+00 -3.6965780257e+00
3.1012036579e-04 2.3699574725e+04 1.5707963268e+00 -3.6976571564e+00
3.1026028254e-04 2.3716334142e+04 1.5707963268e+00 -3.6987347608e+00
3.1040014011e-04 2.3733105631e+04 1.5707963268e+00 -3.6998108412e+00
3.1053993859e-04 2.3749889176e+04 1.5707963268e+00 -3.7008853996e+00
3.1067967807e-04 2.3766684764e+04 1.5707963268e+00 -3.7019584382e+00
3.1081935865e-04 2.3783492380e+04 1.5707963268e+00 -3.7030299592e+00
3.1095898042e-04 2.3800312009e+04 1.5707963268e+00 -3.7040999646e+00
3.1109854345e-04 2.3817143637e+04 1.5707963268e+00 -3.7051684565e+00
3.1123804786e-04 2.3833987248e+04 1.5707963268e+00 -3.7062354373e+00
3.1137749371e-04 2.3850842827e+04 1.5707963268e+00 -3.7073009088e+00
3.1151688112e-04 2.3867710361e+04 1.5707963268e+00 -3.7083648734e+00
3.1165621016e-04 2.3884589835e+04 1.5707963268e+00 -3.7094273330e+00
3.1179548093e-04 2.3901481233e+04 1.5707963268e+00 -3.7104882899e+00
3.1193469351e-04 2.3918384541e+04 1.5707963268e+00 -3.7115477461e+00
3.1207384800e-04 2.3935299745e+04 1.5707963268e+00 -3.7126057039e+00
3.1221294448e-04 2.3952226829e+04 1.5707963268e+00 -3.7136621652e+00
3.1235198305e-04 2.3969165779e+04 1.5707963268e+00 -3.7147171323e+00
3.1249096380e-04 2.3986116581e+04 1.5707963268e+00 -3.7157706073e+00
3.1262988681e-04 2.4003079219e+04 1.5707963268e+00 -3.7168225922e+00
3.1276875217e-04 2.4020053678e+04 1.5707963268e+00 -3.7178730892e+00
3.1290755997e-04 2.4037039945e+04 1.5707963268e+00 -3.7189221005e+00
3.1304631031e-04 2.4054038004e+04 1.5707963268e+00 -3.7199696281e+00
3.1318500326e-04 2.4071047841e+04 1.5707963268e+00 -3.7210156741e+00
3.1332363892e-04 2.4088069441e+04 1.5707963268e+00 -3.7220602408e+00
3.1346221739e-04 2.4105102790e+04 1.5707963268e+00 -3.7231033301e+00
3.1360073873e-04 2.4122147872e+04 1.5707963268e+00 -3.7241449442e+00
3.1373920305e-04 2.4139204673e+04 1.5707963268e+00 -3.7251850853e+00
3.1387761044e-04 2.4156273178e+04 1.5707963268e+00 -3.7262237553e+00
3.1401596097e-04 2.4173353373e+04 1.5707963268e+00 -3.7272609566e+00
3.1415425475e-04 2.4190445243e+04 1.5707963268e+00 -3.7282966910e+00
3.1429249185e-04 2.4207548773e+04 1.5707963268e+00 -3.7293309609e+00
3.1443067236e-04 2.4224663948e+04 1.5707963268e+00 -3.7303637681e+00
3.1456879638e-04 2.4241790755e+04 1.5707963268e+00 -3.7313951150e+00
3.1470686399e-04 2.4258929178e+04 1.5707963268e+00 -3.7324250036e+00
3.1484487527e-04 2.4276079202e+04 1.5707963268e+00 -3.7334534359e+00
3.1498283032e-04 2.4293240813e+04 1.5707963268e+00 -3.7344804141e+00
3.1512072923e-04 2.4310413997e+04 1.5707963268e+00 -3.7355059403e+00
3.1525857207e-04 2.4327598738e+04 1.5707963268e+00 -3.7365300166e+00
3.1539635894e-04 2.4344795022e+04 1.5707963268e+00 -3.7375526450e+00
3.1553408992e-04 2.4362002835e+04 1.5707963268e+00 -3.7385738278e+00
3.1567176510e-04 2.4379222161e+04 1.5707963268e+00 -3.7395935669e+00
3.1580938456e-04 2.4396452986e+04 1.5707963268e+00 -3.7406118645e+00
3.1594694840e-04 2.4413695296e+04 1.5707963268e+00 -3.7416287227e+00
3.1608445670e-04 2.4430949075e+04 1.5707963268e+00 -3.7426441435e+00
3.1622190955e-04 2.4448214310e+04 1.5707963268e+00 -3.7436581291e+00
3.1635930703e-04 2.4465490985e+04 1.5707963268e+00 -3.7446706816e+00
3.1649664922e-04 2.4482779086e+04 1.5707963268e+00 -3.7456818029e+00
3.1663393622e-04 2.4500078598e+04 1.5707963268e+00 -3.7466914953e+00
3.1677116811e-04 2.4517389507e+04 1.5707963268e+00 -3.7476997608e+00
3.1690834498e-04 2.4534711799e+04 1.5707963268e+00 -3.7487066015e+00
3.1704546691e-04 2.4552045457e+04 1.5707963268e+00 -3.7497120194e+00
3.1718253398e-04 2.4569390469e+04 1.5707963268e+00 -3.7507160167e+00
3.1731954628e-04 2.4586746819e+04 1.5707963268e+00 -3.7517185954e+00
3.1745650391e-04 2.4604114492e+04 1.5707963268e+00 -3.7527197577e+00
3.1759340693e-04 2.4621493475e+04 1.5707963268e+00 -3.7537195055e+00
3.1773025545e-04 2.4638883753e+04 1.5707963268e+00 -3.7547178410e+00
3.1786704953e-04 2.4656285310e+04 1.5707963268e+00 -3.7557147663e+00
3.1800378927e-04 2.4673698133e+04 1.5707963268e+00 -3.7567102833e+00
3.1814047476e-04 2.4691122207e+04 1.5707963268e+00 -3.7577043943e+00
3.1827710607e-04 2.4708557517e+04 1.5707963268e+00 -3.7586971012e+00
3.1841368329e-04 2.4726004049e+04 1.5707963268e+00 -3.7596884061e+00
3.1855020651e-04 2.4743461788e+04 1.5707963268e+00 -3.7606783111e+00
3.1868667580e-04 2.4760930720e+04 1.5707963268e+00 -3.7616668183e+00
3.1882309126e-04 2.4778410830e+04 1.5707963268e+00 -3.7626539297e+00
3.1895945297e-04 2.4795902103e+04 1.5707963268e+00 -3.7636396474e+00
3.1909576101e-04 2.4813404526e+04 1.5707963268e+00 -3.7646239735e+00
3.1923201546e-04 2.4830918084e+04 1.5707963268e+00 -3.7656069099e+00
3.1936821641e-04 2.4848442761e+04 1.5707963268e+00 -3.7665884588e+00
3.1950436394e-04 2.4865978545e+04 1.5707963268e+00 -3.7675686223e+00
3.1964045814e-04 2.4883525419e+04 1.5707963268e+00 -3.7685474023e+00
3.1977649909e-04 2.4901083370e+04 1.5707963268e+00 -3.7695248010e+00
3.1991248687e-04 2.4918652383e+04 1.5707963268e+00 -3.7705008203e+00
3.2004842156e-04 2.4936232444e+04 1.5707963268e+00 -3.7714754624e+00
3.2018430325e-04 2.4953823538e+04 1.5707963268e+00 -3.7724487292e+00
3.2032013202e-04 2.4971425651e+04 1.5707963268e+00 -3.7734206229e+00
3.2045590795e-04 2.4989038768e+04 1.5707963268e+00 -3.7743911455e+00
3.2059163113e-04 2.5006662875e+04 1.5707963268e+00 -3.7753602990e+00
3.2072730164e-04 2.5024297958e+04 1.5707963268e+00 -3.7763280854e+00
3.2086291956e-04 2.5041944001e+04 1.5707963268e+00 -3.7772945069e+00
3.2099848497e-04 2.5059600991e+04 1.5707963268e+00 -3.7782595654e+00
3.2113399795e-04 2.5077268913e+04 1.5707963268e+00 -3.7792232630e+00
3.2126945859e-04 2.5094947753e+04 1.5707963268e+00 -3.7801856017e+00
3.2140486697e-04 2.5112637496e+04 1.5707963268e+00 -3.7811465835e+00
3.2154022316e-04 2.5130338128e+04 1.5707963268e+00 -3.7821062105e+00
3.2167552726e-04 2.5148049635e+04 1.5707963268e+00 -3.7830644848e+00
3.2181077934e-04 2.5165772002e+04 1.5707963268e+00 -3.7840214083e+00
3.2194597949e-04 2.5183505214e+04 1.5707963268e+00 -3.7849769830e+00
3.2208112778e-04 2.5201249258e+04 1.5707963268e+00 -3.7859312111e+00
3.2221622430e-04 2.5219004119e+04 1.5707963268e+00 -3.7868840945e+00
3.2235126912e-04 2.5236769783e+04 1.5707963268e+00 -3.7878356352e+00
3.2248626233e-04 2.5254546234e+04 1.5707963268e+00 -3.7887858353e+00
3.2262120402e-04 2.5272333460e+04 1.5707963268e+00 -3.7897346967e+00
3.2275609425e-04 2.5290131446e+04 1.5707963268e+00 -3.7906822216e+00
3.2289093311e-04 2.5307940177e+04 1.5707963268e+00 -3.7916284119e+00
3.2302572068e-04 2.5325759639e+04 1.5707963268e+00 -3.7925732696e+00
3.2316045704e-04 2.5343589817e+04 1.5707963268e+00 -3.7935167967e+00
3.2329514227e-04 2.5361430698e+04 1.5707963268e+00 -3.7944589953e+00
3.2342977646e-04 2.5379282267e+04 1.5707963268e+00 -3.7953998674e+00
3.2356435967e-04 2.5397144510e+04 1.5707963268e+00 -3.7963394149e+00
3.2369889200e-04 2.5415017413e+04 1.5707963268e+00 -3.7972776399e+00
3.2383337351e-04 2.5432900961e+04 1.5707963268e+00 -3.7982145444e+00
3.2396780430e-04 2.5450795140e+04 1.5707963268e+00 -3.7991501304e+00
3.2410218443e-04 2.5468699935e+04 1.5707963268e+00 -3.8000843998e+00
3.2423651399e-04 2.5486615334e+04 1.5707963268e+00 -3.8010173547e+00
3.2437079306e-04 2.5504541320e+04 1.5707963268e+00 -3.8019489970e+00
3.2450502172e-04 2.5522477881e+04 1.5707963268e+00 -3.8028793288e+00
3.2463920004e-04 2.5540425002e+04 1.5707963268e+00 -3.8038083521e+00
3.2477332811e-04 2.5558382668e+04 1.5707963268e+00 -3.8047360688e+00
3.2490740600e-04 2.5576350866e+04 1.5707963268e+00 -3.8056624810e+00
3.2504143379e-04 2.5594329581e+04 1.5707963268e+00 -3.8065875905e+00
3.2517541156e-04 2.5612318799e+04 1.5707963268e+00 -3.8075113995e+00
3.2530933939e-04 2.5630318506e+04 1.5707963268e+00 -3.8084339099e+00
3.2544321736e-04 2.5648328688e+04 1.5707963268e+00 -3.8093551236e+00
3.2557704554e-04 2.5666349331e+04 1.5707963268e+00 -3.8102750426e+00
3.2571082401e-04 2.5684380420e+04 1.5707963268e+00 -3.8111936690e+00
3.2584455286e-04 2.5702421941e+04 1.5707963268e+00 -3.8121110047e+00
3.2597823215e-04 2.5720473881e+04 1.5707963268e+00 -3.8130270516e+00
3.2611186197e-04 2.5738536225e+04 1.5707963268e+00 -3.8139418118e+00
3.2624544239e-04 2.5756608959e+04 1.5707963268e+00 -3.8148552872e+00
3.2637897350e-04 2.5774692069e+04 1.5707963268e+00 -3.8157674797e+00
3.2651245536e-04 2.5792785540e+04 1.5707963268e+00 -3.8166783915e+00
3.2664588806e-04 2.5810889360e+04 1.5707963268e+00 -3.8175880243e+00
3.2677927167e-04 2.5829003513e+04 1.5707963268e+00 -3.8184963801e+00
3.2691260627e-04 2.5847127986e+04 1.5707963268e+00 -3.8194034611e+00
3.2704589193e-04 2.5865262764e+04 1.5707963268e+00 -3.8203092690e+00
3.2717912874e-04 2.5883407834e+04 1.5707963268e+00 -3.8212138058e+00
3.2731231677e-04 2.5901563182e+04 1.5707963268e+00 -3.8221170735e+00
3.2744545609e-04 2.5919728793e+04 1.5707963268e+00 -3.8230190741e+00
3.2757854679e-04 2.5937904654e+04 1.5707963268e+00 -3.8239198094e+00
3.2771158893e-04 2.5956090750e+04 1.5707963268e+00 -3.8248192816e+00
3.2784458260e-04 2.5974287068e+04 1.5707963268e+00 -3.8257174924e+00
3.2797752787e-04 2.5992493593e+04 1.5707963268e+00 -3.8266144438e+00
3.2811042482e-04 2.6010710312e+04 1.5707963268e+00 -3.8275101378e+00
3.2824327351e-04 2.6028937210e+04 1.5707963268e+00 -3.8284045763e+00
3.2837607404e-04 2.6047174275e+04 1.5707963268e+00 -3.8292977613e+00
3.2850882647e-04 2.6065421491e+04 1.5707963268e+00 -3.8301896946e+00
3.2864153087e-04 2.6083678845e+04 1.5707963268e+00 -3.8310803783e+00
3.2877418733e-04 2.6101946323e+04 1.5707963268e+00 -3.8319698143e+00
3.2890679592e-04 2.6120223910e+04 1.5707963268e+00 -3.8328580044e+00
3.2903935671e-04 2.6138511594e+04 1.5707963268e+00 -3.8337449506e+00
3.2917186979e-04 2.6156809361e+04 1.5707963268e+00 -3.8346306549e+00
3.2930433521e-04 2.6175117195e+04 1.5707963268e+00 -3.8355151191e+00
3.2943675306e-04 2.6193435085e+04 1.5707963268e+00 -3.8363983452e+00
3.2956912342e-04 2.6211763015e+04 1.5707963268e+00 -3.8372803351e+00
3.2970144635e-04 2.6230100971e+04 1.5707963268e+00 -3.8381610907e+00
3.2983372194e-04 2.6248448941e+04 1.5707963268e+00 -3.8390406139e+00
3.2996595025e-04 2.6266806910e+04 1.5707963268e+00 -3.8399189067e+00
3.3009813136e-04 2.6285174864e+04 1.5707963268e+00 -3.8407959710e+00
3.3023026535e-04 2.6303552790e+04 1.5707963268e+00 -3.8416718086e+00
3.3036235228e-04 2.6321940674e+04 1.5707963268e+00 -3.8425464215e+00
3.3049439223e-04 2.6340338502e+04 1.5707963268e+00 -3.8434198116e+00
3.3062638528e-04 2.6358746260e+04 1.5707963268e+00 -3.8442919807e+00
3.3075833150e-04 2.6377163935e+04 1.5707963268e+00 -3.8451629309e+00
3.3089023095e-04 2.6395591512e+04 1.5707963268e+00 -3.8460326639e+00
3.3102208373e-04 2.6414028979e+04 1.5707963268e+00 -3.8469011817e+00
3.3115388989e-04 2.6432476321e+04 1.5707963268e+00 -3.8477684861e+00
3.3128564951e-04 2.6450933524e+04 1.5707963268e+00 -3.8486345792e+00
3.3141736267e-04 2.6469400576e+04 1.5707963268e+00 -3.8494994626e+00
3.3154902943e-04 2.6487877462e+04 1.5707963268e+00 -3.8503631385e+00
3.3168064988e-04 2.6506364168e+04 1.5707963268e+00 -3.8512256085e+00
3.3181222407e-04 2.6524860681e+04 1.5707963268e+00 -3.8520868747e+00
3.3194375209e-04 2.6543366988e+04 1.5707963268e+00 -3.8529469388e+00
3.3207523401e-04 2.6561883074e+04 1.5707963268e+00 -3.8538058028e+00
3.3220666990e-04 2.6580408927e+04 1.5707963268e+00 -3.8546634686e+00
3.3233805983e-04 2.6598944531e+04 1.5707963268e+00 -3.8555199380e+00
3.3246940387e-04 2.6617489875e+04 1.5707963268e+00 -3.8563752129e+00
3.3260070209e-04 2.6636044944e+04 1.5707963268e+00 -3.8572292952e+00
3.3273195458e-04 2.6654609724e+04 1.5707963268e+00 -3.8580821867e+00
3.3286316139e-04 2.6673184203e+04 1.5707963268e+00 -3.8589338893e+00
3.3299432260e-04 2.6691768366e+04 1.5707963268e+00 -3.8597844049e+00
3.3312543828e-04 2.6710362200e+04 1.5707963268e+00 -3.8606337353e+00
3.3325650851e-04 2.6728965692e+04 1.5707963268e+00 -3.8614818824e+00
3.3338753334e-04 2.6747578828e+04 1.5707963268e+00 -3.8623288480e+00
3.3351851287e-04 2.6766201594e+04 1.5707963268e+00 -3.8631746341e+00
3.3364944715e-04 2.6784833977e+04 1.5707963268e+00 -3.8640192424e+00
3.3378033625e-04 2.6803475963e+04 1.5707963268e+00 -3.8648626748e+00
3.3391118026e-04 2.6822127540e+04 1.5707963268e+00 -3.8657049332e+00
3.3404197923e-04 2.6840788693e+04 1.5707963268e+00 -3.8665460193e+00
3.3417273324e-04 2.6859459409e+04 1.5707963268e+00 -3.8673859352e+00
3.3430344235e-04 2.6878139675e+04 1.5707963268e+00 -3.8682246825e+00
3.3443410665e-04 2.6896829477e+04 1.5707963268e+00 -3.8690622631e+00
3.3456472620e-04 2.6915528802e+04 1.5707963268e+00 -3.8698986790e+00
3.3469530106e-04 2.6934237637e+04 1.5707963268e+00 -3.8707339318e+00
3.3482583131e-04 2.6952955968e+04 1.5707963268e+00 -3.8715680235e+00
3.3495631703e-04 2.6971683781e+04 1.5707963268e+00 -3.8724009558e+00
3.3508675827e-04 2.6990421064e+04 1.5707963268e+00 -3.8732327307e+00
3.3521715510e-04 2.7009167802e+04 1.5707963268e+00 -3.8740633498e+00
3.3534750761e-04 2.7027923984e+04 1.5707963268e+00 -3.8748928152e+00
3.3547781585e-04 2.7046689595e+04 1.5707963268e+00 -3.8757211285e+00
3.3560807990e-04 2.7065464621e+04 1.5707963268e+00 -3.8765482916e+00
3.3573829982e-04 2.7084249051e+04 1.5707963268e+00 -3.8773743063e+00
3.3586847569e-04 2.7103042870e+04 1.5707963268e+00 -3.8781991745e+00
3.3599860757e-04 2.7121846065e+04 1.5707963268e+00 -3.8790228978e+00
3.3612869553e-04 2.7140658624e+04 1.5707963268e+00 -3.8798454783e+00
3.3625873964e-04 2.7159480532e+04 1.5707963268e+00 -3.8806669176e+00
3.3638873997e-04 2.7178311776e+04 1.5707963268e+00 -3.8814872176e+00
3.3651869659e-04 2.7197152344e+04 1.5707963268e+00 -3.8823063801e+00
3.3664860956e-04 2.7216002222e+04 1.5707963268e+00 -3.8831244068e+00
3.3677847895e-04 2.7234861396e+04 1.5707963268e+00 -3.8839412996e+00
3.3690830484e-04 2.7253729855e+04 1.5707963268e+00 -3.8847570603e+00
3.3703808729e-04 2.7272607584e+04 1.5707963268e+00 -3.8855716907e+00
3.3716782636e-04 2.7291494570e+04 1.5707963268e+00 -3.8863851925e+00
3.3729752213e-04 2.7310390801e+04 1.5707963268e+00 -3.8871975676e+00
3.3742717466e-04 2.7329296262e+04 1.5707963268e+00 -3.8880088178e+00
3.3755678402e-04 2.7348210942e+04 1.5707963268e+00 -3.8888189448e+00
3.3768635028e-04 2.7367134827e+04 1.5707963268e+00 -3.8896279503e+00
3.3781587351e-04 2.7386067903e+04 1.5707963268e+00 -3.8904358363e+00
3.3794535376e-04 2.7405010158e+04 1.5707963268e+00 -3.8912426045e+00
3.3807479112e-04 2.7423961579e+04 1.5707963268e+00 -3.8920482567e+00
3.3820418564e-04 2.7442922153e+04 1.5707963268e+00 -3.8928527945e+00
3.3833353740e-04 2.7461891866e+04 1.5707963268e+00 -3.8936562199e+00
3.3846284645e-04 2.7480870706e+04 1.5707963268e+00 -3.8944585345e+00
3.3859211287e-04 2.7499858659e+04 1.5707963268e+00 -3.8952597402e+00
3.3872133672e-04 2.7518855713e+04 1.5707963268e+00 -3.8960598387e+00
3.3885051808e-04 2.7537861854e+04 1.5707963268e+00 -3.8968588318e+00
3.3897965699e-04 2.7556877071e+04 1.5707963268e+00 -3.8976567212e+00
3.3910875354e-04 2.7575901348e+04 1.5707963268e+00 -3.8984535087e+00
3.3923780779e-04 2.7594934675e+04 1.5707963268e+00 -3.8992491961e+00
3.3936681980e-04 2.7613977037e+04 1.5707963268e+00 -3.9000437851e+00
3.3949578964e-04 2.7633028423e+04 1.5707963268e+00 -3.9008372774e+00
3.3962471737e-04 2.7652088818e+04 1.5707963268e+00 -3.9016296748e+00
3.3975360307e-04 2.7671158210e+04 1.5707963268e+00 -3.9024209791e+00
3.3988244679e-04 2.7690236587e+04 1.5707963268e+00 -3.9032111921e+00
3.4001124860e-04 2.7709323935e+04 1.5707963268e+00 -3.9040003153e+00
3.4014000857e-04 2.7728420242e+04 1.5707963268e+00 -3.9047883506e+00
3.4026872676e-04 2.7747525494e+04 1.5707963268e+00 -3.9055752998e+00
3.4039740324e-04 2.7766639679e+04 1.5707963268e+00 -3.9063611645e+00
3.4052603807e-04 2.7785762784e+04 1.5707963268e+00 -3.9071459466e+00
3.4065463132e-04 2.7804894797e+04 1.5707963268e+00 -3.9079296476e+00
3.4078318304e-04 2.7824035704e+04 1.5707963268e+00 -3.9087122694e+00
3.4091169332e-04 2.7843185493e+04 1.5707963268e+00 -3.9094938137e+00
3.4104016220e-04 2.7862344151e+04 1.5707963268e+00 -3.9102742822e+00
3.4116858976e-04 2.7881511665e+04 1.5707963268e+00 -3.9110536767e+00
3.4129697606e-04 2.7900688023e+04 1.5707963268e+00 -3.9118319988e+00
3.4142532116e-04 2.7919873211e+04 1.5707963268e+00 -3.9126092502e+00
3.4155362513e-04 2.7939067218e+04 1.5707963268e+00 -3.9133854328e+00
3.4168188803e-04 2.7958270030e+04 1.5707963268e+00 -3.9141605482e+00
3.4181010993e-04 2.7977481635e+04 1.5707963268e+00 -3.9149345980e+00
3.4193829089e-04 2.7996702021e+04 1.5707963268e+00 -3.9157075841e+00
3.4206643096e-04 2.8015931173e+04 1.5707963268e+00 -3.9164795081e+00
3.4219453023e-04 2.8035169081e+04 1.5707963268e+00 -3.9172503717e+00
3.4232258874e-04 2.8054415731e+04 1.5707963268e+00 -3.9180201767e+00
3.4245060657e-04 2.8073671110e+04 1.5707963268e+00 -3.9187889247e+00
3.4257858377e-04 2.8092935207e+04 1.5707963268e+00 -3.9195566174e+00
3.4270652041e-04 2.8112208008e+04 1.5707963268e+00 -3.9203232566e+00
3.4283441656e-04 2.8131489501e+04 1.5707963268e+00 -3.9210888438e+00
3.4296227226e-04 2.8150779674e+04 1.5707963268e+00 -3.9218533809e+00
3.4309008760e-04 2.8170078514e+04 1.5707963268e+00 -3.9226168694e+00
3.4321786263e-04 2.8189386008e+04 1.5707963268e+00 -3.9233793112e+00
3.4334559741e-04 2.8208702143e+04 1.5707963268e+00 -3.9241407077e+00
3.4347329200e-04 2.8228026909e+04 1.5707963268e+00 -3.9249010609e+00
3.4360094647e-04 2.8247360291e+04 1.5707963268e+00 -3.9256603722e+00
3.4372856089e-04 2.8266702278e+04 1.5707963268e+00 -3.9264186435e+00
3.4385613530e-04 2.8286052856e+04 1.5707963268e+00 -3.9271758763e+00
3.4398366978e-04 2.8305412015e+04 1.5707963268e+00 -3.9279320723e+00
3.4411116438e-04 2.8324779740e+04 1.5707963268e+00 -3.9286872333e+00
3.4423861918e-04 2.8344156021e+04 1.5707963268e+00 -3.9294413608e+00
3.4436603422e-04 2.8363540844e+04 1.5707963268e+00 -3.9301944566e+00
3.4449340957e-04 2.8382934197e+04 1.5707963268e+00 -3.9309465223e+00
3.4462074529e-04 2.8402336067e+04 1.5707963268e+00 -3.9316975595e+00
3.4474804145e-04 2.8421746444e+04 1.5707963268e+00 -3.9324475700e+00
3.4487529811e-04 2.8441165313e+04 1.5707963268e+00 -3.9331965553e+00
3.4500251532e-04 2.8460592662e+04 1.5707963268e+00 -3.9339445172e+00
3.4512969315e-04 2.8480028481e+04 1.5707963268e+00 -3.9346914572e+00
3.4525683165e-04 2.8499472755e+04 1.5707963268e+00 -3.9354373771e+00
3.4538393090e-04 2.8518925473e+04 1.5707963268e+00 -3.9361822784e+00
3.4551099094e-04 2.8538386623e+04 1.5707963268e+00 -3.9369261629e+00
3.4563801185e-04 2.8557856192e+04 1.5707963268e+00 -3.9376690321e+00
3.4576499367e-04 2.8577334169e+04 1.5707963268e+00 -3.9384108877e+00
3.4589193648e-04 2.8596820540e+04 1.5707963268e+00 -3.9391517313e+00
3.4601884033e-04 2.8616315294e+04 1.5707963268e+00 -3.9398915646e+00
3.4614570528e-04 2.8635818419e+04 1.5707963268e+00 -3.9406303892e+00
3.4627253140e-04 2.8655329902e+04 1.5707963268e+00 -3.9413682067e+00
3.4639931873e-04 2.8674849731e+04 1.5707963268e+00 -3.9421050187e+00
3.4652606735e-04 2.8694377895e+04 1.5707963268e+00 -3.9428408270e+00
3.4665277731e-04 2.8713914380e+04 1.5707963268e+00 -3.9435756330e+00
3.4677944867e-04 2.8733459175e+04 1.5707963268e+00 -3.9443094385e+00
3.4690608149e-04 2.8753012268e+04 1.5707963268e+00 -3.9450422450e+00
3.4703267583e-04 2.8772573647e+04 1.5707963268e+00 -3.9457740541e+00
3.4715923176e-04 2.8792143299e+04 1.5707963268e+00 -3.9465048675e+00
3.4728574932e-04 2.8811721213e+04 1.5707963268e+00 -3.9472346868e+00
3.4741222858e-04 2.8831307376e+04 1.5707963268e+00 -3.9479635136e+00
3.4753866960e-04 2.8850901777e+04 1.5707963268e+00 -3.9486913494e+00
3.4766507243e-04 2.8870504404e+04 1.5707963268e+00 -3.9494181960e+00
3.4779143714e-04 2.8890115244e+04 1.5707963268e+00 -3.9501440548e+00
3.4791776378e-04 2.8909734285e+04 1.5707963268e+00 -3.9508689276e+00
3.4804405242e-04 2.8929361516e+04 1.5707963268e+00 -3.9515928158e+00
3.4817030311e-04 2.8948996924e+04 1.5707963268e+00 -3.9523157211e+00
3.4829651590e-04 2.8968640499e+04 1.5707963268e+00 -3.9530376451e+00
3.4842269087e-04 2.8988292227e+04 1.5707963268e+00 -3.9537585894e+00
3.4854882806e-04 2.9007952096e+04 1.5707963268e+00 -3.9544785555e+00
3.4867492754e-04 2.9027620096e+04 1.5707963268e+00 -3.9551975450e+00
3.4880098936e-04 2.9047296214e+04 1.5707963268e+00 -3.9559155596e+00
3.4892701357e-04 2.9066980438e+04 1.5707963268e+00 -3.9566326007e+00
3.4905300025e-04 2.9086672756e+04 1.5707963268e+00 -3.9573486701e+00
3.4917894945e-04 2.9106373157e+04 1.5707963268e+00 -3.9580637692e+00
3.4930486121e-04 2.9126081629e+04 1.5707963268e+00 -3.9587778996e+00
3.4943073561e-04 2.9145798159e+04 1.5707963268e+00 -3.9594910629e+00
3.4955657270e-04 2.9165522737e+04 1.5707963268e+00 -3.9602032607e+00
3.4968237253e-04 2.9185255350e+04 1.5707963268e+00 -3.9609144945e+00
3.4980813517e-04 2.9204995987e+04 1.5707963268e+00 -3.9616247660e+00
3.4993386067e-04 2.9224744635e+04 1.5707963268e+00 -3.9623340765e+00
3.5005954908e-04 2.9244501283e+04 1.5707963268e+00 -3.9630424278e+00
3.5018520047e-04 2.9264265920e+04 1.5707963268e+00 -3.9637498214e+00
3.5031081489e-04 2.9284038534e+04 1.5707963268e+00 -3.9644562588e+00
3.5043639240e-04 2.9303819112e+04 1.5707963268e+00 -3.9651617416e+00
3.5056193305e-04 2.9323607644e+04 1.5707963268e+00 -3.9658662713e+00
3.5068743690e-04 2.9343404118e+04 1.5707963268e+00 -3.9665698494e+00
3.5081290401e-04 2.9363208521e+04 1.5707963268e+00 -3.9672724776e+00
3.5093833444e-04 2.9383020843e+04 1.5707963268e+00 -3.9679741574e+00
3.5106372824e-04 2.9402841072e+04 1.5707963268e+00 -3.9686748903e+00
3.5118908546e-04 2.9422669196e+04 1.5707963268e+00 -3.9693746778e+00
3.5131440616e-04 2.9442505204e+04 1.5707963268e+00 -3.9700735215e+00
3.5143969040e-04 2.9462349083e+04 1.5707963268e+00 -3.9707714230e+00
3.5156493824e-04 2.9482200823e+04 1.5707963268e+00 -3.9714683836e+00
3.5169014973e-04 2.9502060412e+04 1.5707963268e+00 -3.9721644051e+00
3.5181532492e-04 2.9521927839e+04 1.5707963268e+00 -3.9728594888e+00
3.5194046387e-04 2.9541803091e+04 1.5707963268e+00 -3.9735536364e+00
3.5206556664e-04 2.9561686158e+04 1.5707963268e+00 -3.9742468493e+00
3.5219063328e-04 2.9581577028e+04 1.5707963268e+00 -3.9749391291e+00
3.5231566385e-04 2.9601475689e+04 1.5707963268e+00 -3.9756304773e+00
3.5244065840e-04 2.9621382130e+04 1.5707963268e+00 -3.9763208954e+00
3.5256561699e-04 2.9641296340e+04 1.5707963268e+00 -3.9770103849e+00
3.5269053967e-04 2.9661218307e+04 1.5707963268e+00 -3.9776989473e+00
3.5281542650e-04 2.9681148020e+04 1.5707963268e+00 -3.9783865841e+00
3.5294027753e-04 2.9701085467e+04 1.5707963268e+00 -3.9790732969e+00
3.5306509282e-04 2.9721030638e+04 1.5707963268e+00 -3.9797590871e+00
3.5318987242e-04 2.9740983519e+04 1.5707963268e+00 -3.9804439563e+00
3.5331461638e-04 2.9760944102e+04 1.5707963268e+00 -3.9811279059e+00
3.5343932476e-04 2.9780912373e+04 1.5707963268e+00 -3.9818109374e+00
3.5356399762e-04 2.9800888321e+04 1.5707963268e+00 -3.9824930524e+00
3.5368863501e-04 2.9820871937e+04 1.5707963268e+00 -3.9831742523e+00
3.5381323698e-04 2.9840863207e+04 1.5707963268e+00 -3.9838545386e+00
3.5393780358e-04 2.9860862121e+04 1.5707963268e+00 -3.9845339129e+00
3.5406233488e-04 2.9880868667e+04 1.5707963268e+00 -3.9852123765e+00
3.5418683092e-04 2.9900882835e+04 1.5707963268e+00 -3.9858899309e+00
3.5431129176e-04 2.9920904613e+04 1.5707963268e+00 -3.9865665778e+00
3.5443571745e-04 2.9940933990e+04 1.5707963268e+00 -3.9872423184e+00
3.5456010805e-04 2.9960970954e+04 1.5707963268e+00 -3.9879171544e+00
3.5468446360e-04 2.9981015495e+04 1.5707963268e+00 -3.9885910871e+00
3.5480878417e-04 3.0001067601e+04 1.5707963268e+00 -3.9892641181e+00
3.5493306980e-04 3.0021127261e+04 1.5707963268e+00 -3.9899362488e+00
3.5505732055e-04 3.0041194465e+04 1.5707963268e+00 -3.9906074807e+00
3.5518153648e-04 3.0061269200e+04 1.5707963268e+00 -3.9912778152e+00
3.5530571762e-04 3.0081351456e+04 1.5707963268e+00 -3.9919472539e+00
3.5542986405e-04 3.0101441221e+04 1.5707963268e+00 -3.9926157981e+00
3.5555397580e-04 3.0121538486e+04 1.5707963268e+00 -3.9932834493e+00
3.5567805294e-04 3.0141643238e+04 1.5707963268e+00 -3.9939502090e+00
3.5580209551e-04 3.0161755466e+04 1.5707963268e+00 -3.9946160787e+00
3.5592610357e-04 3.0181875160e+04 1.5707963268e+00 -3.9952810598e+00
3.5605007717e-04 3.0202002308e+04 1.5707963268e+00 -3.9959451536e+00
3.5617401636e-04 3.0222136900e+04 1.5707963268e+00 -3.9966083618e+00
3.5629792120e-04 3.0242278924e+04 1.5707963268e+00 -3.9972706857e+00
3.5642179173e-04 3.0262428369e+04 1.5707963268e+00 -3.9979321268e+00
3.5654562801e-04 3.0282585226e+04 1.5707963268e+00 -3.9985926864e+00
3.5666943010e-04 3.0302749481e+04 1.5707963268e+00 -3.9992523661e+00
3.5679319803e-04 3.0322921126e+04 1.5707963268e+00 -3.9999111673e+00
3.5691693187e-04 3.0343100148e+04 1.5707963268e+00 -4.0005690914e+00
3.5704063167e-04 3.0363286537e+04 1.5707963268e+00 -4.0012261399e+00
3.5716429747e-04 3.0383480282e+04 1.5707963268e+00 -4.0018823141e+00
3.5728792933e-04 3.0403681372e+04 1.5707963268e+00 -4.0025376155e+00
3.5741152731e-04 3.0423889796e+04 1.5707963268e+00 -4.0031920455e+00
3.5753509144e-04 3.0444105543e+04 1.5707963268e+00 -4.0038456056e+00
3.5765862179e-04 3.0464328603e+04 1.5707963268e+00 -4.0044982971e+00
3.5778211840e-04 3.0484558965e+04 1.5707963268e+00 -4.0051501215e+00
3.5790558132e-04 3.0504796618e+04 1.5707963268e+00 -4.0058010802e+00
3.5802901062e-04 3.0525041551e+04 1.5707963268e+00 -4.0064511746e+00
3.5815240632e-04 3.0545293753e+04 1.5707963268e+00 -4.0071004061e+00
3.5827576850e-04 3.0565553214e+04 1.5707963268e+00 -4.0077487761e+00
3.5839909719e-04 3.0585819923e+04 1.5707963268e+00 -4.0083962861e+00
3.5852239246e-04 3.0606093869e+04 1.5707963268e+00 -4.0090429373e+00
3.5864565434e-04 3.0626375042e+04 1.5707963268e+00 -4.0096887313e+00
3.5876888289e-04 3.0646663430e+04 1.5707963268e+00 -4.0103336695e+00
3.5889207816e-04 3.0666959023e+04 1.5707963268e+00 -4.0109777531e+00
3.5901524020e-04 3.0687261811e+04 1.5707963268e+00 -4.0116209837e+00
3.5913836906e-04 3.0707571783e+04 1.5707963268e+00 -4.0122633626e+00
3.5926146479e-04 3.0727888928e+04 1.5707963268e+00 -4.0129048912e+00
3.5938452744e-04 3.0748213235e+04 1.5707963268e+00 -4.0135455708e+00
3.5950755706e-04 3.0768544694e+04 1.5707963268e+00 -4.0141854030e+00
3.5963055370e-04 3.0788883295e+04 1.5707963268e+00 -4.0148243890e+00
3.5975351741e-04 3.0809229026e+04 1.5707963268e+00 -4.0154625302e+00
3.5987644824e-04 3.0829581878e+04 1.5707963268e+00 -4.0160998280e+00
3.5999934624e-04 3.0849941839e+04 1.5707963268e+00 -4.0167362839e+00
3.6012221145e-04 3.0870308899e+04 1.5707963268e+00 -4.0173718991e+00
3.6024504393e-04 3.0890683048e+04 1.5707963268e+00 -4.0180066750e+00
3.6036784373e-04 3.0911064275e+04 1.5707963268e+00 -4.0186406131e+00
3.6049061089e-04 3.0931452570e+04 1.5707963268e+00 -4.0192737146e+00
3.6061334547e-04 3.0951847922e+04 1.5707963268e+00 -4.0199059809e+00
3.6073604751e-04 3.0972250321e+04 1.5707963268e+00 -4.0205374135e+00
3.6085871706e-04 3.0992659756e+04 1.5707963268e+00 -4.0211680136e+00
3.6098135417e-04 3.1013076216e+04 1.5707963268e+00 -4.0217977827e+00
3.6110395889e-04 3.1033499692e+04 1.5707963268e+00 -4.0224267220e+00
3.6122653127e-04 3.1053930174e+04 1.5707963268e+00 -4.0230548329e+00
3.6134907136e-04 3.1074367649e+04 1.5707963268e+00 -4.0236821169e+00
3.6147157920e-04 3.1094812109e+04 1.5707963268e+00 -4.0243085751e+00
3.6159405485e-04 3.1115263543e+04 1.5707963268e+00 -4.0249342091e+00
3.6171649835e-04 3.1135721941e+04 1.5707963268e+00 -4.0255590200e+00
3.6183890974e-04 3.1156187292e+04 1.5707963268e+00 -4.0261830094e+00
3.6196128909e-04 3.1176659586e+04 1.5707963268e+00 -4.0268061784e+00
3.6208363643e-04 3.1197138812e+04 1.5707963268e+00 -4.0274285285e+00
3.6220595182e-04 3.1217624961e+04 1.5707963268e+00 -4.0280500610e+00
3.6232823529e-04 3.1238118022e+04 1.5707963268e+00 -4.0286707772e+00
3.6245048691e-04 3.1258617984e+04 1.5707963268e+00 -4.0292906785e+00
3.6257270671e-04 3.1279124839e+04 1.5707963268e+00 -4.0299097661e+00
3.6269489475e-04 3.1299638574e+04 1.5707963268e+00 -4.0305280415e+00
3.6281705107e-04 3.1320159181e+04 1.5707963268e+00 -4.0311455059e+00
3.6293917572e-04 3.1340686649e+04 1.5707963268e+00 -4.0317621606e+00
3.6306126875e-04 3.1361220968e+04 1.5707963268e+00 -4.0323780070e+00
3.6318333020e-04 3.1381762127e+04 1.5707963268e+00 -4.0329930465e+00
3.6330536012e-04 3.1402310117e+04 1.5707963268e+00 -4.0336072802e+00
3.6342735856e-04 3.1422864927e+04 1.5707963268e+00 -4.0342207096e+00
3.6354932556e-04 3.1443426548e+04 1.5707963268e+00 -4.0348333359e+00
3.6367126118e-04 3.1463994969e+04 1.5707963268e+00 -4.0354451604e+00
3.6379316546e-04 3.1484570179e+04 1.5707963268e+00 -4.0360561846e+00
3.6391503844e-04 3.1505152170e+04 1.5707963268e+00 -4.0366664096e+00
3.6403688017e-04 3.1525740931e+04 1.5707963268e+00 -4.0372758367e+00
3.6415869070e-04 3.1546336451e+04 1.5707963268e+00 -4.0378844674e+00
3.6428047008e-04 3.1566938721e+04 1.5707963268e+00 -4.0384923028e+00
3.6440221835e-04 3.1587547731e+04 1.5707963268e+00 -4.0390993442e+00
3.6452393556e-04 3.1608163471e+04 1.5707963268e+00 -4.0397055931e+00
3.6464562175e-04 3.1628785931e+04 1.5707963268e+00 -4.0403110506e+00
3.6476727697e-04 3.1649415101e+04 1.5707963268e+00 -4.0409157180e+00
3.6488890127e-04 3.1670050970e+04 1.5707963268e+00 -4.0415195967e+00
3.6501049469e-04 3.1690693530e+04 1.5707963268e+00 -4.0421226880e+00
3.6513205728e-04 3.1711342769e+04 1.5707963268e+00 -4.0427249930e+00
3.6525358908e-04 3.1731998678e+04 1.5707963268e+00 -4.0433265131e+00
3.6537509014e-04 3.1752661248e+04 1.5707963268e+00 -4.0439272496e+00
3.6549656051e-04 3.1773330468e+04 1.5707963268e+00 -4.0445272037e+00
3.6561800023e-04 3.1794006329e+04 1.5707963268e+00 -4.0451263768e+00
3.6573940934e-04 3.1814688820e+04 1.5707963268e+00 -4.0457247701e+00
3.6586078790e-04 3.1835377931e+04 1.5707963268e+00 -4.0463223848e+00
3.6598213594e-04 3.1856073654e+04 1.5707963268e+00 -4.0469192223e+00
3.6610345352e-04 3.1876775978e+04 1.5707963268e+00 -4.0475152838e+00
3.6622474067e-04 3.1897484893e+04 1.5707963268e+00 -4.0481105705e+00
3.6634599745e-04 3.1918200389e+04 1.5707963268e+00 -4.0487050838e+00
3.6646722389e-04 3.1938922458e+04 1.5707963268e+00 -4.0492988249e+00
3.6658842004e-04 3.1959651088e+04 1.5707963268e+00 -4.0498917951e+00
3.6670958596e-04 3.1980386270e+04 1.5707963268e+00 -4.0504839956e+00
3.6683072167e-04 3.2001127995e+04 1.5707963268e+00 -4.0510754276e+00
3.6695182723e-04 3.2021876253e+04 1.5707963268e+00 -4.0516660925e+00
3.6707290268e-04 3.2042631034e+04 1.5707963268e+00 -4.0522559914e+00
3.6719394807e-04 3.2063392328e+04 1.5707963268e+00 -4.0528451257e+00
3.6731496344e-04 3.2084160126e+04 1.5707963268e+00 -4.0534334965e+00
3.6743594883e-04 3.2104934418e+04 1.5707963268e+00 -4.0540211051e+00
3.6755690429e-04 3.2125715194e+04 1.5707963268e+00 -4.0546079528e+00
3.6767782987e-04 3.2146502445e+04 1.5707963268e+00 -4.0551940408e+00
3.6779872560e-04 3.2167296161e+04 1.5707963268e+00 -4.0557793703e+00
3.6791959153e-04 3.2188096333e+04 1.5707963268e+00 -4.0563639426e+00
3.6804042771e-04 3.2208902951e+04 1.5707963268e+00 -4.0569477589e+00
3.6816123417e-04 3.2229716005e+04 1.5707963268e+00 -4.0575308204e+00
3.6828201097e-04 3.2250535487e+04 1.5707963268e+00 -4.0581131284e+00
3.6840275814e-04 3.2271361385e+04 1.5707963268e+00 -4.0586946841e+00
3.6852347574e-04 3.2292193691e+04 1.5707963268e+00 -4.0592754887e+00
3.6864416380e-04 3.2313032396e+04 1.5707963268e+00 -4.0598555434e+00
3.6876482236e-04 3.2333877489e+04 1.5707963268e+00 -4.0604348495e+00
3.6888545148e-04 3.2354728961e+04 1.5707963268e+00 -4.0610134082e+00
3.6900605118e-04 3.2375586804e+04 1.5707963268e+00 -4.0615912207e+00
3.6912662153e-04 3.2396451006e+04 1.5707963268e+00 -4.0621682882e+00
3.6924716255e-04 3.2417321560e+04 1.5707963268e+00 -4.0627446119e+00
3.6936767430e-04 3.2438198455e+04 1.5707963268e+00 -4.0633201930e+00
3.6948815682e-04 3.2459081682e+04 1.5707963268e+00 -4.0638950328e+00
3.6960861014e-04 3.2479971231e+04 1.5707963268e+00 -4.0644691325e+00
3.6972903431e-04 3.2500867094e+04 1.5707963268e+00 -4.0650424932e+00
3.6984942938e-04 3.2521769261e+04 1.5707963268e+00 -4.0656151162e+00
3.6996979539e-04 3.2542677722e+04 1.5707963268e+00 -4.0661870026e+00
3.7009013238e-04 3.2563592469e+04 1.5707963268e+00 -4.0667581537e+00
3.7021044039e-04 3.2584513491e+04 1.5707963268e+00 -4.0673285707e+00
3.7033071946e-04 3.2605440780e+04 1.5707963268e+00 -4.0678982547e+00
3.7045096964e-04 3.2626374326e+04 1.5707963268e+00 -4.0684672069e+00
3.7057119098e-04 3.2647314120e+04 1.5707963268e+00 -4.0690354286e+00
3.7069138350e-04 3.2668260153e+04 1.5707963268e+00 -4.0696029209e+00
3.7081154726e-04 3.2689212415e+04 1.5707963268e+00 -4.0701696850e+00
3.7093168229e-04 3.2710170897e+04 1.5707963268e+00 -4.0707357221e+00
3.7105178864e-04 3.2731135590e+04 1.5707963268e+00 -4.0713010334e+00
3.7117186635e-04 3.2752106485e+04 1.5707963268e+00 -4.0718656201e+00
3.7129191546e-04 3.2773083572e+04 1.5707963268e+00 -4.0724294833e+00
3.7141193602e-04 3.2794066843e+04 1.5707963268e+00 -4.0729926242e+00
3.7153192806e-04 3.2815056287e+04 1.5707963268e+00 -4.0735550440e+00
3.7165189163e-04 3.2836051897e+04 1.5707963268e+00 -4.0741167438e+00
3.7177182677e-04 3.2857053662e+04 1.5707963268e+00 -4.0746777249e+00
3.7189173352e-04 3.2878061574e+04 1.5707963268e+00 -4.0752379884e+00
3.7201161192e-04 3.2899075624e+04 1.5707963268e+00 -4.0757975354e+00
3.7213146201e-04 3.2920095802e+04 1.5707963268e+00 -4.0763563672e+00
3.7225128383e-04 3.2941122099e+04 1.5707963268e+00 -4.0769144849e+00
3.7237107743e-04 3.2962154507e+04 1.5707963268e+00 -4.0774718896e+00
3.7249084285e-04 3.2983193016e+04 1.5707963268e+00 -4.0780285825e+00
3.7261058013e-04 3.3004237616e+04 1.5707963268e+00 -4.0785845648e+00
3.7273028930e-04 3.3025288300e+04 1.5707963268e+00 -4.0791398376e+00
3.7284997041e-04 3.3046345058e+04 1.5707963268e+00 -4.0796944021e+00
3.7296962350e-04 3.3067407881e+04 1.5707963268e+00 -4.0802482594e+00
3.7308924862e-04 3.3088476760e+04 1.5707963268e+00 -4.0808014107e+00
3.7320884579e-04 3.3109551686e+04 1.5707963268e+00 -4.0813538571e+00
3.7332841506e-04 3.3130632651e+04 1.5707963268e+00 -4.0819055998e+00
3.7344795648e-04 3.3151719644e+04 1.5707963268e+00 -4.0824566399e+00
3.7356747008e-04 3.3172812657e+04 1.5707963268e+00 -4.0830069785e+00
3.7368695591e-04 3.3193911682e+04 1.5707963268e+00 -4.0835566168e+00
3.7380641400e-04 3.3215016709e+04 1.5707963268e+00 -4.0841055560e+00
3.7392584439e-04 3.3236127730e+04 1.5707963268e+00 -4.0846537971e+00
3.7404524712e-04 3.3257244735e+04 1.5707963268e+00 -4.0852013413e+00
3.7416462224e-04 3.3278367716e+04 1.5707963268e+00 -4.0857481897e+00
3.7428396979e-04 3.3299496663e+04 1.5707963268e+00 -4.0862943434e+00
3.7440328980e-04 3.3320631569e+04 1.5707963268e+00 -4.0868398037e+00
3.7452258231e-04 3.3341772423e+04 1.5707963268e+00 -4.0873845715e+00
3.7464184736e-04 3.3362919218e+04 1.5707963268e+00 -4.0879286481e+00
3.7476108500e-04 3.3384071944e+04 1.5707963268e+00 -4.0884720345e+00
3.7488029526e-04 3.3405230593e+04 1.5707963268e+00 -4.0890147319e+00
3.7499947819e-04 3.3426395156e+04 1.5707963268e+00 -4.0895567413e+00
3.7511863381e-04 3.3447565625e+04 1.5707963268e+00 -4.0900980640e+00
3.7523776218e-04 3.3468741989e+04 1.5707963268e+00 -4.0906387010e+00
3.7535686333e-04 3.3489924241e+04 1.5707963268e+00 -4.0911786533e+00
3.7547593730e-04 3.3511112372e+04 1.5707963268e+00 -4.0917179223e+00
3.7559498413e-04 3.3532306373e+04 1.5707963268e+00 -4.0922565088e+00
3.7571400385e-04 3.3553506236e+04 1.5707963268e+00 -4.0927944141e+00
3.7583299652e-04 3.3574711952e+04 1.5707963268e+00 -4.0933316393e+00
3.7595196216e-04 3.3595923512e+04 1.5707963268e+00 -4.0938681854e+00
3.7607090082e-04 3.3617140907e+04 1.5707963268e+00 -4.0944040536e+00
3.7618981253e-04 3.3638364129e+04 1.5707963268e+00 -4.0949392449e+00
3.7630869733e-04 3.3659593169e+04 1.5707963268e+00 -4.0954737604e+00
3.7642755527e-04 3.3680828019e+04 1.5707963268e+00 -4.0960076013e+00
3.7654638637e-04 3.3702068670e+04 1.5707963268e+00 -4.0965407686e+00
3.7666519069e-04 3.3723315113e+04 1.5707963268e+00 -4.0970732635e+00
3.7678396826e-04 3.3744567340e+04 1.5707963268e+00 -4.0976050869e+00
3.7690271911e-04 3.3765825342e+04 1.5707963268e+00 -4.0981362401e+00
3.7702144328e-04 3.3787089111e+04 1.5707963268e+00 -4.0986667240e+00
3.7714014082e-04 3.3808358638e+04 1.5707963268e+00 -4.0991965398e+00
3.7725881176e-04 3.3829633915e+04 1.5707963268e+00 -4.0997256885e+00
3.7737745614e-04 3.3850914933e+04 1.5707963268e+00 -4.1002541713e+00
3.7749607399e-04 3.3872201683e+04 1.5707963268e+00 -4.1007819891e+00
3.7761466536e-04 3.3893494158e+04 1.5707963268e+00 -4.1013091432e+00
3.7773323029e-04 3.3914792348e+04 1.5707963268e+00 -4.1018356345e+00
3.7785176881e-04 3.3936096245e+04 1.5707963268e+00 -4.1023614641e+00
3.7797028095e-04 3.3957405841e+04 1.5707963268e+00 -4.1028866331e+00
3.7808876676e-04 3.3978721128e+04 1.5707963268e+00 -4.1034111425e+00
3.7820722628e-04 3.4000042096e+04 1.5707963268e+00 -4.1039349935e+00
3.7832565954e-04 3.4021368737e+04 1.5707963268e+00 -4.1044581871e+00
3.7844406658e-04 3.4042701044e+04 1.5707963268e+00 -4.1049807243e+00
3.7856244744e-04 3.4064039008e+04 1.5707963268e+00 -4.1055026062e+00
3.7868080215e-04 3.4085382620e+04 1.5707963268e+00 -4.1060238339e+00
3.7879913075e-04 3.4106731871e+04 1.5707963268e+00 -4.1065444084e+00
3.7891743329e-04 3.4128086755e+04 1.5707963268e+00 -4.1070643308e+00
3.7903570979e-04 3.4149447261e+04 1.5707963268e+00 -4.1075836021e+00
3.7915396029e-04 3.4170813383e+04 1.5707963268e+00 -4.1081022235e+00
3.7927218484e-04 3.4192185111e+04 1.5707963268e+00 -4.1086201958e+00
3.7939038346e-04 3.4213562438e+04 1.5707963268e+00 -4.1091375202e+00
3.7950855620e-04 3.4234945355e+04 1.5707963268e+00 -4.1096541978e+00
3.7962670309e-04 3.4256333854e+04 1.5707963268e+00 -4.1101702295e+00
3.7974482417e-04 3.4277727926e+04 1.5707963268e+00 -4.1106856165e+00
3.7986291947e-04 3.4299127563e+04 1.5707963268e+00 -4.1112003597e+00
3.7998098904e-04 3.4320532758e+04 1.5707963268e+00 -4.1117144602e+00
3.8009903290e-04 3.4341943502e+04 1.5707963268e+00 -4.1122279190e+00
3.8021705110e-04 3.4363359786e+04 1.5707963268e+00 -4.1127407371e+00
3.8033504368e-04 3.4384781603e+04 1.5707963268e+00 -4.1132529157e+00
3.8045301066e-04 3.4406208944e+04 1.5707963268e+00 -4.1137644557e+00
3.8057095208e-04 3.4427641802e+04 1.5707963268e+00 -4.1142753581e+00
3.8068886799e-04 3.4449080167e+04 1.5707963268e+00 -4.1147856240e+00
3.8080675841e-04 3.4470524033e+04 1.5707963268e+00 -4.1152952545e+00
3.8092462339e-04 3.4491973390e+04 1.5707963268e+00 -4.1158042504e+00
3.8104246296e-04 3.4513428231e+04 1.5707963268e+00 -4.1163126130e+00
3.8116027715e-04 3.4534888547e+04 1.5707963268e+00 -4.1168203430e+00
3.8127806600e-04 3.4556354331e+04 1.5707963268e+00 -4.1173274417e+00
3.8139582955e-04 3.4577825574e+04 1.5707963268e+00 -4.1178339100e+00
3.8151356784e-04 3.4599302269e+04 1.5707963268e+00 -4.1183397489e+00
3.8163128089e-04 3.4620784407e+04 1.5707963268e+00 -4.1188449594e+00
3.8174896875e-04 3.4642271980e+04 1.5707963268e+00 -4.1193495426e+00
3.8186663145e-04 3.4663764980e+04 1.5707963268e+00 -4.1198534995e+00
3.8198426902e-04 3.4685263400e+04 1.5707963268e+00 -4.1203568310e+00
3.8210188151e-04 3.4706767231e+04 1.5707963268e+00 -4.1208595382e+00
3.8221946894e-04 3.4728276465e+04 1.5707963268e+00 -4.1213616220e+00
3.8233703136e-04 3.4749791095e+04 1.5707963268e+00 -4.1218630835e+00
3.8245456879e-04 3.4771311112e+04 1.5707963268e+00 -4.1223639237e+00
3.8257208128e-04 3.4792836508e+04 1.5707963268e+00 -4.1228641436e+00
3.8268956885e-04 3.4814367276e+04 1.5707963268e+00 -4.1233637441e+00
3.8280703155e-04 3.4835903407e+04 1.5707963268e+00 -4.1238627264e+00
3.8292446941e-04 3.4857444894e+04 1.5707963268e+00 -4.1243610912e+00
3.8304188246e-04 3.4878991729e+04 1.5707963268e+00 -4.1248588397e+00
3.8315927074e-04 3.4900543903e+04 1.5707963268e+00 -4.1253559729e+00
3.8327663428e-04 3.4922101410e+04 1.5707963268e+00 -4.1258524917e+00
3.8339397312e-04 3.4943664241e+04 1.5707963268e+00 -4.1263483971e+00
3.8351128730e-04 3.4965232388e+04 1.5707963268e+00 -4.1268436901e+00
3.8362857684e-04 3.4986805843e+04 1.5707963268e+00 -4.1273383717e+00
3.8374584178e-04 3.5008384599e+04 1.5707963268e+00 -4.1278324429e+00
3.8386308216e-04 3.5029968648e+04 1.5707963268e+00 -4.1283259046e+00
3.8398029802e-04 3.5051557982e+04 1.5707963268e+00 -4.1288187578e+00
3.8409748938e-04 3.5073152593e+04 1.5707963268e+00 -4.1293110036e+00
3.8421465628e-04 3.5094752473e+04 1.5707963268e+00 -4.1298026428e+00
3.8433179875e-04 3.5116357616e+04 1.5707963268e+00 -4.1302936764e+00
3.8444891683e-04 3.5137968012e+04 1.5707963268e+00 -4.1307841055e+00
3.8456601056e-04 3.5159583654e+04 1.5707963268e+00 -4.1312739309e+00
3.8468307996e-04 3.5181204535e+04 1.5707963268e+00 -4.1317631537e+00
3.8480012508e-04 3.5202830647e+04 1.5707963268e+00 -4.1322517749e+00
3.8491714594e-04 3.5224461982e+04 1.5707963268e+00 -4.1327397953e+00
3.8503414258e-04 3.5246098532e+04 1.5707963268e+00 -4.1332272159e+00
3.8515111503e-04 3.5267740291e+04 1.5707963268e+00 -4.1337140378e+00
3.8526806333e-04 3.5289387249e+04 1.5707963268e+00 -4.1342002618e+00
3.8538498752e-04 3.5311039399e+04 1.5707963268e+00 -4.1346858890e+00
3.8550188761e-04 3.5332696735e+04 1.5707963268e+00 -4.1351709202e+00
3.8561876366e-04 3.5354359247e+04 1.5707963268e+00 -4.1356553564e+00
3.8573561569e-04 3.5376026930e+04 1.5707963268e+00 -4.1361391987e+00
3.8585244373e-04 3.5397699774e+04 1.5707963268e+00 -4.1366224478e+00
3.8596924782e-04 3.5419377772e+04 1.5707963268e+00 -4.1371051049e+00
3.8608602800e-04 3.5441060918e+04 1.5707963268e+00 -4.1375871708e+00
3.8620278429e-04 3.5462749202e+04 1.5707963268e+00 -4.1380686464e+00
